ISO-10303-21;
HEADER;
FILE_DESCRIPTION (( 'STEP AP203' ),
    '1' );
FILE_NAME ('FlipArm_V2_deposit.STEP',
    '2026-09-18T10:20:33',
    ( '15300530775@163.com' ),
    ( '' ),
    'SwSTEP 2.0',
    'SolidWorks 2026',
    '' );
FILE_SCHEMA (( 'CONFIG_CONTROL_DESIGN' ));
ENDSEC;

DATA;
#1 = ORIENTED_EDGE ( 'NONE', *, *, #8325, .T. ) ;
#2 = DIRECTION ( 'NONE',  ( 0.000000000000000000, 0.000000000000000000, -1.000000000000000000 ) ) ;
#3 =( NAMED_UNIT ( * ) SI_UNIT ( $, .STERADIAN. ) SOLID_ANGLE_UNIT ( ) );
#4 = FACE_OUTER_BOUND ( 'NONE', #1642, .T. ) ;
#5 = COORDINATED_UNIVERSAL_TIME_OFFSET ( 5, 0, .BEHIND. ) ;
#6 = LINE ( 'NONE', #5513, #6835 ) ;
#7 = VECTOR ( 'NONE', #2927, 1000.000000000000000 ) ;
#8 = CARTESIAN_POINT ( 'NONE',  ( 2.348801894056212092, 1.124607701293192985, 0.000000000000000000 ) ) ;
#9 = CC_DESIGN_PERSON_AND_ORGANIZATION_ASSIGNMENT ( #137, #6792, ( #3462 ) ) ;
#10 = ORIENTED_EDGE ( 'NONE', *, *, #3633, .F. ) ;
#11 = VECTOR ( 'NONE', #7208, 1000.000000000000000 ) ;
#12 = EDGE_LOOP ( 'NONE', ( #5157, #1853, #5240, #8072 ) ) ;
#13 = VERTEX_POINT ( 'NONE', #4226 ) ;
#14 = CARTESIAN_POINT ( 'NONE',  ( -28.00000000000000000, 8.000000000000000000, 24.00000000000000000 ) ) ;
#15 = DIRECTION ( 'NONE',  ( -0.000000000000000000, 1.000000000000000000, -0.000000000000000000 ) ) ;
#16 = CARTESIAN_POINT ( 'NONE',  ( 19.14151426980711079, -7.484395069527755240, 0.000000000000000000 ) ) ;
#17 = PLANE ( 'NONE',  #4430 ) ;
#18 = CARTESIAN_POINT ( 'NONE',  ( 10.01810743134690185, 9.782858279599741635, 11.52233131936447386 ) ) ;
#19 = COORDINATED_UNIVERSAL_TIME_OFFSET ( 5, 0, .BEHIND. ) ;
#20 = DATE_AND_TIME ( #10071, #4701 ) ;
#21 = EDGE_CURVE ( 'NONE', #5612, #3112, #8473, .T. ) ;
#22 = ORIENTED_EDGE ( 'NONE', *, *, #3250, .T. ) ;
#23 = CARTESIAN_POINT ( 'NONE',  ( 12.00000000000000000, 12.00000000000000000, 0.000000000000000000 ) ) ;
#24 = VERTEX_POINT ( 'NONE', #918 ) ;
#25 = CARTESIAN_POINT ( 'NONE',  ( 20.00000000000000000, -6.000000000000000152E-06, 10.30000000000000071 ) ) ;
#26 = CARTESIAN_POINT ( 'NONE',  ( 32.69993048876345654, 0.000000000000000000, 3.225083994884873739 ) ) ;
#27 = CARTESIAN_POINT ( 'NONE',  ( 0.000000000000000000, 0.000000000000000000, 28.00000000000000000 ) ) ;
#28 = APPROVAL_DATE_TIME ( #2556, #6194 ) ;
#29 = FACE_OUTER_BOUND ( 'NONE', #5882, .T. ) ;
#30 = EDGE_CURVE ( 'NONE', #2998, #6987, #1783, .T. ) ;
#31 = ORIENTED_EDGE ( 'NONE', *, *, #10570, .T. ) ;
#32 = VERTEX_POINT ( 'NONE', #574 ) ;
#33 = LINE ( 'NONE', #862, #4113 ) ;
#34 = ORIENTED_EDGE ( 'NONE', *, *, #2602, .F. ) ;
#35 = DIRECTION ( 'NONE',  ( -0.000000000000000000, -1.000000000000000000, -0.000000000000000000 ) ) ;
#36 = DIRECTION ( 'NONE',  ( 0.000000000000000000, 0.000000000000000000, -1.000000000000000000 ) ) ;
#37 = CARTESIAN_POINT ( 'NONE',  ( -18.30000000000000071, -6.000000000000000000, -1.200000000000000030E-05 ) ) ;
#38 = CARTESIAN_POINT ( 'NONE',  ( 0.000000000000000000, 0.000000000000000000, -1.200000000000000030E-05 ) ) ;
#39 = CARTESIAN_POINT ( 'NONE',  ( -7.638809204729263058, 0.000000000000000000, 19.95712604296905113 ) ) ;
#40 = ADVANCED_FACE ( 'NONE', ( #5466 ), #3914, .F. ) ;
#41 = ADVANCED_FACE ( 'NONE', ( #8060 ), #10503, .F. ) ;
#42 = DATE_TIME_ROLE ( 'classification_date' ) ;
#43 = DIRECTION ( 'NONE',  ( 1.000000000000000000, 0.000000000000000000, 0.000000000000000000 ) ) ;
#44 = CARTESIAN_POINT ( 'NONE',  ( -21.65666690099451941, -34.44258473825168210, -0.000000000000000000 ) ) ;
#45 = LINE ( 'NONE', #6757, #7459 ) ;
#46 = EDGE_LOOP ( 'NONE', ( #8470, #6089 ) ) ;
#47 = CYLINDRICAL_SURFACE ( 'NONE', #4584, 8.099999999999999645 ) ;
#48 = DIRECTION ( 'NONE',  ( -0.000000000000000000, -0.000000000000000000, 1.000000000000000000 ) ) ;
#49 = EDGE_CURVE ( 'NONE', #3817, #10794, #7272, .T. ) ;
#50 = EDGE_CURVE ( 'NONE', #10323, #9281, #2930, .T. ) ;
#51 = APPROVAL_STATUS ( 'not_yet_approved' ) ;
#52 = CARTESIAN_POINT ( 'NONE',  ( -21.48452350954359247, -0.000000000000000000, 12.85853893179063512 ) ) ;
#53 = APPROVAL_ROLE ( '' ) ;
#54 = CARTESIAN_POINT ( 'NONE',  ( 28.00000000000000000, 0.000000000000000000, 24.00000000000000000 ) ) ;
#55 =( REPRESENTATION_RELATIONSHIP ('NONE','NONE', #1311, #7713 ) REPRESENTATION_RELATIONSHIP_WITH_TRANSFORMATION ( #6994 )SHAPE_REPRESENTATION_RELATIONSHIP( ) );
#56 = ORIENTED_EDGE ( 'NONE', *, *, #7167, .F. ) ;
#57 = ORIENTED_EDGE ( 'NONE', *, *, #8340, .T. ) ;
#58 = CARTESIAN_POINT ( 'NONE',  ( -15.59999999999999964, 72.50000000000000000, -1.200000000000000030E-05 ) ) ;
#59 = DIRECTION ( 'NONE',  ( 0.000000000000000000, 0.000000000000000000, 1.000000000000000000 ) ) ;
#60 = FACE_OUTER_BOUND ( 'NONE', #8218, .T. ) ;
#61 = VECTOR ( 'NONE', #3217, 1000.000000000000000 ) ;
#62 = CARTESIAN_POINT ( 'NONE',  ( -15.59999999999999964, 77.50000000000000000, 0.000000000000000000 ) ) ;
#63 = CARTESIAN_POINT ( 'NONE',  ( 183.0000000000000000, 146.0000000000000000, 83.00000000000000000 ) ) ;
#64 = EDGE_CURVE ( 'NONE', #188, #6830, #565, .T. ) ;
#65 = CALENDAR_DATE ( 2026, 18, 9 ) ;
#66 = APPROVAL_STATUS ( 'not_yet_approved' ) ;
#67 = B_SPLINE_CURVE_WITH_KNOTS ( 'NONE', 3,
 ( #3772, #2021, #10527, #1202, #8704, #7134, #1146, #5375, #1364, #4721, #2958, #4559, #8087, #4501, #6309, #7862, #3668, #7031 ),
 .UNSPECIFIED., .F., .F.,
 ( 4, 2, 2, 2, 2, 2, 2, 2, 4 ),
 ( 0.5000000000000000000, 0.5625000000000000000, 0.6250000000000000000, 0.6875000000000000000, 0.7500000000000000000, 0.8125000000000000000, 0.8750000000000000000, 0.9375000000000000000, 1.000000000000000000 ),
 .UNSPECIFIED. ) ;
#68 = UNCERTAINTY_MEASURE_WITH_UNIT (LENGTH_MEASURE( 1.000000000000000082E-05 ), #7377, 'distance_accuracy_value', 'NONE');
#69 = VECTOR ( 'NONE', #639, 1000.000000000000000 ) ;
#70 = ORIENTED_EDGE ( 'NONE', *, *, #2996, .T. ) ;
#71 = CARTESIAN_POINT ( 'NONE',  ( -9.000000000000000000, 80.49999999999998579, 1.300000000000000044 ) ) ;
#72 = VERTEX_POINT ( 'NONE', #2274 ) ;
#73 = CARTESIAN_POINT ( 'NONE',  ( -27.69999999999999929, -45.00000000000000000, 5.000000000000000000 ) ) ;
#74 = CARTESIAN_POINT ( 'NONE',  ( 32.04287395702759511, 0.000000000000000000, 4.361190795275190268 ) ) ;
#75 = DIRECTION ( 'NONE',  ( 1.000000000000000000, 0.000000000000000000, -0.000000000000000000 ) ) ;
#76 = CARTESIAN_POINT ( 'NONE',  ( 120.5358983867662204, 266.1525218728658615, -20.00000000000000000 ) ) ;
#77 = CC_DESIGN_PERSON_AND_ORGANIZATION_ASSIGNMENT ( #9485, #3355, ( #5529 ) ) ;
#78 = FACE_BOUND ( 'NONE', #2668, .T. ) ;
#79 = PRODUCT_DEFINITION ( 'ๆ', '', #6072, #10465 ) ;
#80 = APPLICATION_PROTOCOL_DEFINITION ( 'international standard', 'config_control_design', 1994, #4775 ) ;
#81 = EDGE_LOOP ( 'NONE', ( #6453, #4813, #8102, #9107 ) ) ;
#82 = AXIS2_PLACEMENT_3D ( 'NONE', #5811, #10635, #3063 ) ;
#83 = ORIENTED_EDGE ( 'NONE', *, *, #5780, .F. ) ;
#84 = LINE ( 'NONE', #3439, #3235 ) ;
#85 = LOCAL_TIME ( 6, 20, 33.00000000000000000, #4686 ) ;
#86 = EDGE_CURVE ( 'NONE', #5900, #3350, #1609, .T. ) ;
#87 = ORIENTED_EDGE ( 'NONE', *, *, #5020, .F. ) ;
#88 = LINE ( 'NONE', #7683, #8097 ) ;
#89 = CYLINDRICAL_SURFACE ( 'NONE', #1367, 1.700000000000000178 ) ;
#90 = CARTESIAN_POINT ( 'NONE',  ( 0.000000000000000000, 149.0000000000000000, 83.00000000000000000 ) ) ;
#91 = VERTEX_POINT ( 'NONE', #6387 ) ;
#92 = LINE ( 'NONE', #1033, #145 ) ;
#93 = CARTESIAN_POINT ( 'NONE',  ( -8.774748043452314405, 0.000000000000000000, 22.70000000000000639 ) ) ;
#94 = ORGANIZATION ( 'NAUO-ORG17', 'UNSPECIFIED', 'UNSPECIFIED' ) ;
#95 = SECURITY_CLASSIFICATION_LEVEL ( 'unclassified' ) ;
#96 = CARTESIAN_POINT ( 'NONE',  ( 3.000000000000000000, 19.50000000000000000, 83.00000000000000000 ) ) ;
#97 = CARTESIAN_POINT ( 'NONE',  ( -19.77491600511588032, -35.70006951123654915, -0.000000000000000000 ) ) ;
#98 = EDGE_CURVE ( 'NONE', #5210, #6397, #420, .T. ) ;
#99 = LINE ( 'NONE', #2682, #7818 ) ;
#100 = CC_DESIGN_SECURITY_CLASSIFICATION ( #10384, ( #6097 ) ) ;
#101 = ORIENTED_EDGE ( 'NONE', *, *, #4137, .T. ) ;
#102 = CARTESIAN_POINT ( 'NONE',  ( -7.515604930472060907, 0.000000000000000000, 3.858485730192894092 ) ) ;
#103 = CARTESIAN_POINT ( 'NONE',  ( 2.534028928176448314, -0.6766222469410452245, -0.000000000000000000 ) ) ;
#104 = VECTOR ( 'NONE', #7144, 1000.000000000000000 ) ;
#105 = PERSON_AND_ORGANIZATION ( #6743, #3319 ) ;
#106 = CARTESIAN_POINT ( 'NONE',  ( -20.44258473825104261, -0.000000000000000000, 10.34333309900522124 ) ) ;
#107 = APPROVAL_DATE_TIME ( #5112, #2028 ) ;
#108 = ORIENTED_EDGE ( 'NONE', *, *, #1739, .F. ) ;
#109 = SECURITY_CLASSIFICATION ( '', '', #4520 ) ;
#110 = CARTESIAN_POINT ( 'NONE',  ( -27.69999999999999929, 0.000000000000000000, -0.000000000000000000 ) ) ;
#111 = EDGE_CURVE ( 'NONE', #7489, #5737, #2493, .T. ) ;
#112 = EDGE_CURVE ( 'NONE', #6667, #7921, #9353, .T. ) ;
#113 = ORIENTED_EDGE ( 'NONE', *, *, #3276, .F. ) ;
#114 = ORIENTED_EDGE ( 'NONE', *, *, #9343, .F. ) ;
#115 = ORIENTED_EDGE ( 'NONE', *, *, #5979, .T. ) ;
#116 = DIRECTION ( 'NONE',  ( 0.000000000000000000, -0.000000000000000000, -1.000000000000000000 ) ) ;
#117 = CARTESIAN_POINT ( 'NONE',  ( 3.000000000000000000, 3.000000000000000000, 58.00000000000000000 ) ) ;
#118 = DIRECTION ( 'NONE',  ( -0.000000000000000000, -0.000000000000000000, 1.000000000000000000 ) ) ;
#119 = CC_DESIGN_SECURITY_CLASSIFICATION ( #5034, ( #5729 ) ) ;
#120 = DIRECTION ( 'NONE',  ( 1.000000000000000000, -0.000000000000000000, 0.000000000000000000 ) ) ;
#121 = CARTESIAN_POINT ( 'NONE',  ( 0.000000000000000000, 0.000000000000000000, 0.000000000000000000 ) ) ;
#122 = AXIS2_PLACEMENT_3D ( 'NONE', #7992, #7263, #8726 ) ;
#123 = APPROVAL_STATUS ( 'not_yet_approved' ) ;
#124 = APPROVAL_DATE_TIME ( #1725, #4460 ) ;
#125 = CARTESIAN_POINT ( 'NONE',  ( 14.00000000000000000, 1.714505518806294638E-15, 12.00000000000000000 ) ) ;
#126 = CC_DESIGN_SECURITY_CLASSIFICATION ( #8922, ( #6803 ) ) ;
#127 = EDGE_CURVE ( 'NONE', #8872, #3746, #4588, .T. ) ;
#128 = ORIENTED_EDGE ( 'NONE', *, *, #3280, .F. ) ;
#129 = CARTESIAN_POINT ( 'NONE',  ( 0.000000000000000000, 0.000000000000000000, 40.00000000000000000 ) ) ;
#130 = EDGE_LOOP ( 'NONE', ( #2515, #3786, #832, #3135 ) ) ;
#131 = DIRECTION ( 'NONE',  ( 1.000000000000000000, 0.000000000000000000, 0.000000000000000000 ) ) ;
#132 = CARTESIAN_POINT ( 'NONE',  ( -11.59999999999999964, 62.50000000000000000, -1.200000000000000030E-05 ) ) ;
#133 = CARTESIAN_POINT ( 'NONE',  ( -28.00000000000000000, 0.000000000000000000, 0.000000000000000000 ) ) ;
#134 = DIRECTION ( 'NONE',  ( 1.000000000000000000, 0.000000000000000000, 0.000000000000000000 ) ) ;
#135 = LOCAL_TIME ( 6, 20, 33.00000000000000000, #3045 ) ;
#136 = CARTESIAN_POINT ( 'NONE',  ( 3.000000000000000000, 19.50000000000000000, 3.000000000000000000 ) ) ;
#137 = PERSON_AND_ORGANIZATION ( #6743, #3319 ) ;
#138 = ORIENTED_EDGE ( 'NONE', *, *, #7858, .F. ) ;
#139 = VECTOR ( 'NONE', #1901, 1000.000000000000000 ) ;
#140 = AXIS2_PLACEMENT_3D ( 'NONE', #8374, #9883, #6598 ) ;
#141 = ADVANCED_FACE ( 'NONE', ( #786 ), #5840, .F. ) ;
#142 = VERTEX_POINT ( 'NONE', #8288 ) ;
#143 = APPROVAL ( #2745, 'UNKNOWN' ) ;
#144 = DIRECTION ( 'NONE',  ( 0.000000000000000000, 0.000000000000000000, -1.000000000000000000 ) ) ;
#145 = VECTOR ( 'NONE', #7631, 1000.000000000000000 ) ;
#146 = CC_DESIGN_PERSON_AND_ORGANIZATION_ASSIGNMENT ( #232, #3579, ( #2095 ) ) ;
#147 = ORIENTED_EDGE ( 'NONE', *, *, #1319, .T. ) ;
#148 = CARTESIAN_POINT ( 'NONE',  ( 150.0000000000000000, 0.000000000000000000, 90.00000000000000000 ) ) ;
#149 = DIRECTION ( 'NONE',  ( 1.000000000000000000, -0.000000000000000000, -0.000000000000000000 ) ) ;
#150 = FACE_BOUND ( 'NONE', #9905, .T. ) ;
#151 = ORIENTED_EDGE ( 'NONE', *, *, #4626, .T. ) ;
#152 = CARTESIAN_POINT ( 'NONE',  ( -9.000000000000000000, 59.50000000000000000, 3.000000000000000000 ) ) ;
#153 = VECTOR ( 'NONE', #4485, 1000.000000000000000 ) ;
#154 = DIRECTION ( 'NONE',  ( -0.000000000000000000, -0.000000000000000000, -1.000000000000000000 ) ) ;
#155 = B_SPLINE_CURVE_WITH_KNOTS ( 'NONE', 3,
 ( #3037, #8945, #1399, #2110, #4750, #8115, #5402, #7269, #2823, #8786, #6174, #1233, #4590, #7949 ),
 .UNSPECIFIED., .F., .F.,
 ( 4, 2, 2, 2, 2, 2, 4 ),
 ( 0.2871120064002115058, 0.3403340048001586293, 0.3669450040001321911, 0.3935560032001057529, 0.4201670024000793147, 0.4467780016000528764, 0.5000000000000000000 ),
 .UNSPECIFIED. ) ;
#156 = AXIS2_PLACEMENT_3D ( 'NONE', #5731, #3206, #4136 ) ;
#157 = SECURITY_CLASSIFICATION_LEVEL ( 'unclassified' ) ;
#158 = AXIS2_PLACEMENT_3D ( 'NONE', #6423, #4008, #5658 ) ;
#159 = VECTOR ( 'NONE', #8327, 1000.000000000000000 ) ;
#160 = CARTESIAN_POINT ( 'NONE',  ( 14.00000000000000000, 0.000000000000000000, 2.000000000000000000 ) ) ;
#161 = CARTESIAN_POINT ( 'NONE',  ( -20.22508399488411612, -35.69993048876346364, 0.000000000000000000 ) ) ;
#162 = AXIS2_PLACEMENT_3D ( 'NONE', #4939, #3888, #8193 ) ;
#163 = AXIS2_PLACEMENT_3D ( 'NONE', #3608, #5982, #8651 ) ;
#164 = ADVANCED_FACE ( 'NONE', ( #738 ), #8388, .F. ) ;
#165 = CARTESIAN_POINT ( 'NONE',  ( -12.00000000000000000, -7.000000000000000000, 15.00000000000000000 ) ) ;
#166 = AXIS2_PLACEMENT_3D ( 'NONE', #1718, #3415, #8333 ) ;
#167 = ORIENTED_EDGE ( 'NONE', *, *, #5630, .F. ) ;
#168 = DIRECTION ( 'NONE',  ( 0.000000000000000000, 0.000000000000000000, 1.000000000000000000 ) ) ;
#169 = DIRECTION ( 'NONE',  ( 0.000000000000000000, 0.000000000000000000, -1.000000000000000000 ) ) ;
#170 = PERSON_AND_ORGANIZATION_ROLE ( 'creator' ) ;
#171 = CARTESIAN_POINT ( 'NONE',  ( 125.4845235095464773, 0.8585389317909373208, -0.000000000000000000 ) ) ;
#172 = EDGE_CURVE ( 'NONE', #8968, #7503, #3884, .T. ) ;
#173 = AXIS2_PLACEMENT_3D ( 'NONE', #6429, #9823, #5614 ) ;
#174 = DIRECTION ( 'NONE',  ( 0.000000000000000000, 0.000000000000000000, 1.000000000000000000 ) ) ;
#175 = ORIENTED_EDGE ( 'NONE', *, *, #983, .F. ) ;
#176 = EDGE_LOOP ( 'NONE', ( #4357, #2121 ) ) ;
#177 = ORIENTED_EDGE ( 'NONE', *, *, #9542, .T. ) ;
#178 = CARTESIAN_POINT ( 'NONE',  ( 0.000000000000000000, 59.50000000000000000, 6.000000000000000000 ) ) ;
#179 = CARTESIAN_POINT ( 'NONE',  ( 21.69999999999999929, -6.000000000000000000, -6.000000000000000152E-06 ) ) ;
#180 = CARTESIAN_POINT ( 'NONE',  ( 2.552147338437895652, 0.5775901837055785748, -0.000000000000000000 ) ) ;
#181 = CARTESIAN_POINT ( 'NONE',  ( 29.29993048876421824, 30.77491600511333658, 0.000000000000000000 ) ) ;
#182 = CALENDAR_DATE ( 2026, 18, 9 ) ;
#183 = ADVANCED_FACE ( 'NONE', ( #6555 ), #8225, .F. ) ;
#184 = DATE_TIME_ROLE ( 'classification_date' ) ;
#185 = ORIENTED_EDGE ( 'NONE', *, *, #6981, .T. ) ;
#186 = LINE ( 'NONE', #5180, #9859 ) ;
#187 = VECTOR ( 'NONE', #6337, 1000.000000000000000 ) ;
#188 = VERTEX_POINT ( 'NONE', #5014 ) ;
#189 = ORIENTED_EDGE ( 'NONE', *, *, #390, .T. ) ;
#190 = FACE_OUTER_BOUND ( 'NONE', #3103, .T. ) ;
#191 = ORIENTED_EDGE ( 'NONE', *, *, #1606, .T. ) ;
#192 = LINE ( 'NONE', #9449, #4404 ) ;
#193 = CARTESIAN_POINT ( 'NONE',  ( -10.65679534101080783, 49.44263793984767830, -0.000000000000000000 ) ) ;
#194 = CARTESIAN_POINT ( 'NONE',  ( 186.0000000000000000, 0.000000000000000000, 83.00000000000000000 ) ) ;
#195 = SHAPE_REPRESENTATION ( 'V2_REF_MG995_envelope', ( #7172 ), #6472 ) ;
#196 = CARTESIAN_POINT ( 'NONE',  ( 123.3435244795093411, 253.2154729155746793, 20.99999999999999645 ) ) ;
#197 = CARTESIAN_POINT ( 'NONE',  ( 7.700000000000000178, 2.081899558550500526E-16, 20.00000000000000000 ) ) ;
#198 = EDGE_CURVE ( 'NONE', #398, #10076, #4086, .T. ) ;
#199 = PERSON_AND_ORGANIZATION ( #6743, #3319 ) ;
#200 = EDGE_CURVE ( 'NONE', #5460, #9455, #6523, .T. ) ;
#201 = VERTEX_POINT ( 'NONE', #2325 ) ;
#202 = ORIENTED_EDGE ( 'NONE', *, *, #5151, .F. ) ;
#203 = DIRECTION ( 'NONE',  ( -0.000000000000000000, -0.000000000000000000, 1.000000000000000000 ) ) ;
#204 = ORIENTED_EDGE ( 'NONE', *, *, #1754, .F. ) ;
#205 = CARTESIAN_POINT ( 'NONE',  ( 5.799999999999999822, 70.00000000000000000, 8.000000000000000000 ) ) ;
#206 = CARTESIAN_POINT ( 'NONE',  ( -12.34333309900690878, 70.44258473825124156, -0.000000000000000000 ) ) ;
#207 = FACE_OUTER_BOUND ( 'NONE', #3799, .T. ) ;
#208 = CARTESIAN_POINT ( 'NONE',  ( 11.93721609031033637, 7.314636773467314335, 8.245133196380873386 ) ) ;
#209 = CYLINDRICAL_SURFACE ( 'NONE', #8236, 1.700000000000000178 ) ;
#210 = PRODUCT_DEFINITION ( 'ๆ', '', #10707, #7026 ) ;
#211 = FACE_OUTER_BOUND ( 'NONE', #967, .T. ) ;
#212 = LINE ( 'NONE', #10146, #3378 ) ;
#213 = CARTESIAN_POINT ( 'NONE',  ( -10.88360175605741631, 8.809597095810328682, 11.70000000000000639 ) ) ;
#214 = ORIENTED_EDGE ( 'NONE', *, *, #3250, .F. ) ;
#215 = CARTESIAN_POINT ( 'NONE',  ( -8.557415261748690938, -0.000000000000000000, 4.656666900994514080 ) ) ;
#216 = CARTESIAN_POINT ( 'NONE',  ( 2.599999999999999645, -0.3449632722246336325, -0.000000000000000000 ) ) ;
#217 = CALENDAR_DATE ( 2026, 18, 9 ) ;
#218 = FACE_OUTER_BOUND ( 'NONE', #6171, .T. ) ;
#219 = CC_DESIGN_DATE_AND_TIME_ASSIGNMENT ( #8999, #9211, ( #7643 ) ) ;
#220 = PRODUCT_RELATED_PRODUCT_CATEGORY ( 'detail', '', ( #1162 ) ) ;
#221 = COORDINATED_UNIVERSAL_TIME_OFFSET ( 5, 0, .BEHIND. ) ;
#222 = DIRECTION ( 'NONE',  ( 0.000000000000000000, 0.000000000000000000, 1.000000000000000000 ) ) ;
#223 = VERTEX_POINT ( 'NONE', #8334 ) ;
#224 = VERTEX_POINT ( 'NONE', #3313 ) ;
#225 = EDGE_CURVE ( 'NONE', #3584, #2618, #3537, .T. ) ;
#226 = EDGE_LOOP ( 'NONE', ( #4108, #5528, #1764, #5941 ) ) ;
#227 = CARTESIAN_POINT ( 'NONE',  ( 31.00000000000000355, -6.000000000000000152E-06, 1.299999999999999600 ) ) ;
#228 = FACE_OUTER_BOUND ( 'NONE', #9382, .T. ) ;
#229 = ORIENTED_EDGE ( 'NONE', *, *, #3930, .T. ) ;
#230 = LINE ( 'NONE', #5888, #8663 ) ;
#231 = CARTESIAN_POINT ( 'NONE',  ( 30.14151426980710724, 29.51560493047243483, 0.000000000000000000 ) ) ;
#232 = PERSON_AND_ORGANIZATION ( #6743, #3319 ) ;
#233 = DATE_AND_TIME ( #7780, #1017 ) ;
#234 = DIRECTION ( 'NONE',  ( -1.000000000000000000, -0.000000000000000000, -0.000000000000000000 ) ) ;
#235 = VERTEX_POINT ( 'NONE', #9222 ) ;
#236 = DIRECTION ( 'NONE',  ( -1.000000000000000000, 0.000000000000000000, -0.000000000000000000 ) ) ;
#237 = ADVANCED_FACE ( 'NONE', ( #7555 ), #17, .F. ) ;
#238 = VERTEX_POINT ( 'NONE', #7330 ) ;
#239 = CYLINDRICAL_SURFACE ( 'NONE', #7744, 16.00000000000001421 ) ;
#240 = CARTESIAN_POINT ( 'NONE',  ( -10.36119079527301423, 47.95712604297133907, 0.000000000000000000 ) ) ;
#241 = CARTESIAN_POINT ( 'NONE',  ( -0.8804363128452402654, 2.463541317978307887, -0.000000000000000000 ) ) ;
#242 = DATE_AND_TIME ( #9513, #5607 ) ;
#243 = PLANE ( 'NONE',  #5244 ) ;
#244 = APPROVAL_STATUS ( 'not_yet_approved' ) ;
#245 = AXIS2_PLACEMENT_3D ( 'NONE', #4767, #9961, #4818 ) ;
#246 = ORIENTED_EDGE ( 'NONE', *, *, #1475, .T. ) ;
#247 = DIRECTION ( 'NONE',  ( 1.000000000000000000, 0.000000000000000000, 0.000000000000000000 ) ) ;
#248 = EDGE_CURVE ( 'NONE', #2374, #5387, #9008, .T. ) ;
#249 = ORIENTED_EDGE ( 'NONE', *, *, #5432, .T. ) ;
#250 = CARTESIAN_POINT ( 'NONE',  ( 134.3000000000000114, 2.081899558550508908E-16, -6.000000000000000152E-06 ) ) ;
#251 = LINE ( 'NONE', #6964, #306 ) ;
#252 = CARTESIAN_POINT ( 'NONE',  ( 24.30000000000000071, -57.00000000000000000, 5.000000000000000000 ) ) ;
#253 = EDGE_CURVE ( 'NONE', #1899, #3938, #8170, .T. ) ;
#254 = AXIS2_PLACEMENT_3D ( 'NONE', #7118, #4542, #247 ) ;
#255 = DIRECTION ( 'NONE',  ( 1.000000000000000000, 0.000000000000000000, 0.000000000000000000 ) ) ;
#256 = AXIS2_PLACEMENT_3D ( 'NONE', #10835, #6010, #2447 ) ;
#257 = CARTESIAN_POINT ( 'NONE',  ( -9.225083994885920902, 29.30006951123578673, 0.000000000000000000 ) ) ;
#258 = CARTESIAN_POINT ( 'NONE',  ( -28.00000000000000000, 0.000000000000000000, 0.000000000000000000 ) ) ;
#259 = CARTESIAN_POINT ( 'NONE',  ( 30.14146106820961535, 32.48452350954386247, -0.000000000000000000 ) ) ;
#260 = DIRECTION ( 'NONE',  ( 0.000000000000000000, 0.000000000000000000, 1.000000000000000000 ) ) ;
#261 = EDGE_CURVE ( 'NONE', #6273, #6828, #3153, .T. ) ;
#262 = ORIENTED_EDGE ( 'NONE', *, *, #2576, .F. ) ;
#263 = FACE_OUTER_BOUND ( 'NONE', #9053, .T. ) ;
#264 = LOCAL_TIME ( 6, 20, 33.00000000000000000, #8437 ) ;
#265 = CARTESIAN_POINT ( 'NONE',  ( 125.7000000000000028, 0.000000000000000000, -6.000000000000000152E-06 ) ) ;
#266 =( REPRESENTATION_RELATIONSHIP ('NONE','NONE', #1311, #3424 ) REPRESENTATION_RELATIONSHIP_WITH_TRANSFORMATION ( #3559 )SHAPE_REPRESENTATION_RELATIONSHIP( ) );
#267 = COORDINATED_UNIVERSAL_TIME_OFFSET ( 5, 0, .BEHIND. ) ;
#268 = DIRECTION ( 'NONE',  ( 1.000000000000000000, 0.000000000000000000, 0.000000000000000000 ) ) ;
#269 = PERSON_AND_ORGANIZATION ( #9259, #2730 ) ;
#270 = CARTESIAN_POINT ( 'NONE',  ( 0.000000000000000000, 0.000000000000000000, 58.00000000000000000 ) ) ;
#271 = CC_DESIGN_APPROVAL ( #9104, ( #6593 ) ) ;
#272 = ORIENTED_EDGE ( 'NONE', *, *, #3184, .T. ) ;
#273 = CC_DESIGN_DATE_AND_TIME_ASSIGNMENT ( #674, #10767, ( #10861 ) ) ;
#274 = VERTEX_POINT ( 'NONE', #4031 ) ;
#275 = CARTESIAN_POINT ( 'NONE',  ( -35.00000000000000000, -70.00000000000000000, 5.000000000000000000 ) ) ;
#276 = CARTESIAN_POINT ( 'NONE',  ( -2.600000000000000089, 3.184081677783117698E-16, -6.000000000000000152E-06 ) ) ;
#277 = PLANE ( 'NONE',  #2612 ) ;
#278 = PRODUCT_DEFINITION_SHAPE ( 'NONE', 'NONE',  #3975 ) ;
#279 = PERSON_AND_ORGANIZATION ( #6743, #3319 ) ;
#280 = CC_DESIGN_APPROVAL ( #4598, ( #1872 ) ) ;
#281 = SECURITY_CLASSIFICATION_LEVEL ( 'unclassified' ) ;
#282 = LINE ( 'NONE', #2759, #873 ) ;
#283 = VERTEX_POINT ( 'NONE', #6892 ) ;
#284 = DIRECTION ( 'NONE',  ( -1.000000000000000000, 0.000000000000000000, -0.000000000000000000 ) ) ;
#285 = CC_DESIGN_APPROVAL ( #756, ( #6794 ) ) ;
#286 = EDGE_CURVE ( 'NONE', #6633, #6691, #8302, .T. ) ;
#287 = ORIENTED_EDGE ( 'NONE', *, *, #1739, .T. ) ;
#288 = VECTOR ( 'NONE', #5318, 1000.000000000000000 ) ;
#289 = DIRECTION ( 'NONE',  ( -0.000000000000000000, -0.000000000000000000, -1.000000000000000000 ) ) ;
#290 = CARTESIAN_POINT ( 'NONE',  ( -7.957126042970158686, 47.63880920472777802, 0.000000000000000000 ) ) ;
#291 = CARTESIAN_POINT ( 'NONE',  ( -1.951082218127032863, 1.724833573237032125, 0.000000000000000000 ) ) ;
#292 = DATE_TIME_ROLE ( 'classification_date' ) ;
#293 = PERSON_AND_ORGANIZATION ( #6743, #3319 ) ;
#294 = FACE_OUTER_BOUND ( 'NONE', #4637, .T. ) ;
#295 = SECURITY_CLASSIFICATION_LEVEL ( 'unclassified' ) ;
#296 = APPROVAL_PERSON_ORGANIZATION ( #6130, #475, #9351 ) ;
#297 = EDGE_CURVE ( 'NONE', #7817, #9955, #10275, .T. ) ;
#298 = VERTEX_POINT ( 'NONE', #5950 ) ;
#299 = DIRECTION ( 'NONE',  ( -0.000000000000000000, -0.000000000000000000, -1.000000000000000000 ) ) ;
#300 = ORIENTED_EDGE ( 'NONE', *, *, #5933, .T. ) ;
#301 = CARTESIAN_POINT ( 'NONE',  ( 135.5573620601498703, -1.656795341010720568, -0.000000000000000000 ) ) ;
#302 = LINE ( 'NONE', #7799, #2597 ) ;
#303 = CARTESIAN_POINT ( 'NONE',  ( 32.36119079527189513, 0.000000000000000000, 19.95712604296984338 ) ) ;
#304 = LOCAL_TIME ( 6, 20, 33.00000000000000000, #2497 ) ;
#305 = DIRECTION ( 'NONE',  ( -0.000000000000000000, -0.000000000000000000, 1.000000000000000000 ) ) ;
#306 = VECTOR ( 'NONE', #10352, 1000.000000000000000 ) ;
#307 = AXIS2_PLACEMENT_3D ( 'NONE', #9201, #1644, #548 ) ;
#308 = EDGE_CURVE ( 'NONE', #3074, #2940, #4947, .T. ) ;
#309 = EDGE_CURVE ( 'NONE', #7487, #4879, #2594, .T. ) ;
#310 = AXIS2_PLACEMENT_3D ( 'NONE', #1100, #3774, #9480 ) ;
#311 = UNCERTAINTY_MEASURE_WITH_UNIT (LENGTH_MEASURE( 1.000000000000000082E-05 ), #6878, 'distance_accuracy_value', 'NONE');
#312 = CARTESIAN_POINT ( 'NONE',  ( 35.60000000000000142, 0.000000000000000000, 6.000000000000000000 ) ) ;
#313 = CARTESIAN_POINT ( 'NONE',  ( 0.000000000000000000, 20.00000000000000000, 0.000000000000000000 ) ) ;
#314 = DIRECTION ( 'NONE',  ( -0.000000000000000000, 1.000000000000000000, 0.000000000000000000 ) ) ;
#315 = CARTESIAN_POINT ( 'NONE',  ( 31.60000000000000142, 67.50000000000000000, -1.200000000000000030E-05 ) ) ;
#316 = VECTOR ( 'NONE', #6689, 1000.000000000000000 ) ;
#317 = VERTEX_POINT ( 'NONE', #4363 ) ;
#318 = CARTESIAN_POINT ( 'NONE',  ( -11.59999999999999964, 77.50000000000000000, 0.000000000000000000 ) ) ;
#319 = AXIS2_PLACEMENT_3D ( 'NONE', #3854, #7212, #10603 ) ;
#320 = CARTESIAN_POINT ( 'NONE',  ( -9.169899438923804880, 10.57920282770153264, 7.859032329756264090 ) ) ;
#321 = DATE_AND_TIME ( #4507, #1180 ) ;
#322 = CARTESIAN_POINT ( 'NONE',  ( -20.22561580490735267, -0.000000000000000000, 13.70000000000000284 ) ) ;
#323 = APPROVAL_STATUS ( 'not_yet_approved' ) ;
#324 = AXIS2_PLACEMENT_3D ( 'NONE', #270, #4242, #7597 ) ;
#325 = ADVANCED_FACE ( 'NONE', ( #8446 ), #5173, .F. ) ;
#326 = AXIS2_PLACEMENT_3D ( 'NONE', #8131, #6567, #8967 ) ;
#327 = EDGE_CURVE ( 'NONE', #2896, #9556, #6002, .T. ) ;
#328 = VECTOR ( 'NONE', #5595, 1000.000000000000000 ) ;
#329 = AXIS2_PLACEMENT_3D ( 'NONE', #4994, #7586, #43 ) ;
#330 = CARTESIAN_POINT ( 'NONE',  ( 31.00000000000000000, 59.50000000000000000, 3.000000000000000000 ) ) ;
#331 = VECTOR ( 'NONE', #6503, 1000.000000000000000 ) ;
#332 = EDGE_LOOP ( 'NONE', ( #3922, #10568, #6291, #5221 ) ) ;
#333 = ORIENTED_EDGE ( 'NONE', *, *, #7356, .T. ) ;
#334 = CARTESIAN_POINT ( 'NONE',  ( 10.50000000000000000, 0.000000000000000000, 16.00000000000000000 ) ) ;
#335 =( NAMED_UNIT ( * ) SI_UNIT ( $, .STERADIAN. ) SOLID_ANGLE_UNIT ( ) );
#336 = LINE ( 'NONE', #1988, #10213 ) ;
#337 = DIRECTION ( 'NONE',  ( 0.000000000000000000, -1.000000000000000000, 0.000000000000000000 ) ) ;
#338 = B_SPLINE_CURVE_WITH_KNOTS ( 'NONE', 3,
 ( #4096, #3267, #8297, #4766, #10838, #9069, #3105, #1522, #8128, #9910, #2338, #1416, #1466, #9738, #531, #3216, #2173, #5581 ),
 .UNSPECIFIED., .F., .F.,
 ( 4, 2, 2, 2, 2, 2, 2, 2, 4 ),
 ( 0.5000000000000000000, 0.5625000000000000000, 0.6250000000000000000, 0.6875000000000000000, 0.7500000000000000000, 0.8125000000000000000, 0.8750000000000000000, 0.9375000000000000000, 1.000000000000000000 ),
 .UNSPECIFIED. ) ;
#339 = APPROVAL_ROLE ( '' ) ;
#340 = CIRCLE ( 'NONE', #7905, 1.700000000000000178 ) ;
#341 = APPROVAL_STATUS ( 'not_yet_approved' ) ;
#342 = APPROVAL ( #8796, 'ๆช' ) ;
#343 = FACE_OUTER_BOUND ( 'NONE', #2621, .T. ) ;
#344 = ORIENTED_EDGE ( 'NONE', *, *, #2060, .F. ) ;
#345 = LINE ( 'NONE', #7947, #8530 ) ;
#346 = VERTEX_POINT ( 'NONE', #6837 ) ;
#347 = VECTOR ( 'NONE', #6454, 1000.000000000000000 ) ;
#348 = ORIENTED_EDGE ( 'NONE', *, *, #9963, .F. ) ;
#349 = DIRECTION ( 'NONE',  ( 0.000000000000000000, 0.000000000000000000, 1.000000000000000000 ) ) ;
#350 = CARTESIAN_POINT ( 'NONE',  ( 29.95702773923763829, -0.000000000000000000, 4.361289099004101999 ) ) ;
#351 = CARTESIAN_POINT ( 'NONE',  ( 10.50000000000000000, -1.300000000000000044, 0.000000000000000000 ) ) ;
#352 = DIRECTION ( 'NONE',  ( 0.000000000000000000, 0.000000000000000000, -1.000000000000000000 ) ) ;
#353 = APPROVAL_DATE_TIME ( #8632, #3771 ) ;
#354 = SHAPE_DEFINITION_REPRESENTATION ( #6858, #8665 ) ;
#355 = DIRECTION ( 'NONE',  ( -0.000000000000000000, -0.000000000000000000, -1.000000000000000000 ) ) ;
#356 = DATE_TIME_ROLE ( 'classification_date' ) ;
#357 = ORIENTED_EDGE ( 'NONE', *, *, #7242, .T. ) ;
#358 = CIRCLE ( 'NONE', #6688, 2.600000000000000089 ) ;
#359 = APPROVAL ( #5303, 'ๆช' ) ;
#360 = VERTEX_POINT ( 'NONE', #1890 ) ;
#361 = CARTESIAN_POINT ( 'NONE',  ( -28.00000000000000000, 8.000000000000000000, 24.00000000000000000 ) ) ;
#362 = EDGE_LOOP ( 'NONE', ( #8577, #4026, #9283, #9605 ) ) ;
#363 = CARTESIAN_POINT ( 'NONE',  ( 122.2999999999999972, 2.081899558550508908E-16, -1.200000000000000030E-05 ) ) ;
#364 = CARTESIAN_POINT ( 'NONE',  ( -18.30000000000000071, -6.225615804907351780, -0.000000000000000000 ) ) ;
#365 = CARTESIAN_POINT ( 'NONE',  ( 0.000000000000000000, 70.00000000000000000, 8.000000000000000000 ) ) ;
#366 = B_SPLINE_CURVE_WITH_KNOTS ( 'NONE', 3,
 ( #4459, #3520, #10265, #171, #1051, #7814, #931, #9376, #6043, #4411, #6153, #8600, #6821, #9539, #882, #3616, #1981, #9427 ),
 .UNSPECIFIED., .F., .F.,
 ( 4, 2, 2, 2, 2, 2, 2, 2, 4 ),
 ( 0.000000000000000000, 0.06250000000000000000, 0.1250000000000000000, 0.1875000000000000000, 0.2500000000000000000, 0.3125000000000000000, 0.3750000000000000000, 0.4375000000000000000, 0.5000000000000000000 ),
 .UNSPECIFIED. ) ;
#367 = AXIS2_PLACEMENT_3D ( 'NONE', #5550, #8929, #8876 ) ;
#368 = EDGE_CURVE ( 'NONE', #4119, #699, #4752, .T. ) ;
#369 = DIRECTION ( 'NONE',  ( 0.000000000000000000, 0.000000000000000000, 1.000000000000000000 ) ) ;
#370 = VECTOR ( 'NONE', #6749, 1000.000000000000000 ) ;
#371 = LINE ( 'NONE', #6918, #7195 ) ;
#372 = ORIENTED_EDGE ( 'NONE', *, *, #3741, .F. ) ;
#373 = FACE_OUTER_BOUND ( 'NONE', #9856, .T. ) ;
#374 = DIRECTION ( 'NONE',  ( 0.000000000000000000, -1.000000000000000000, 0.000000000000000000 ) ) ;
#375 = MANIFOLD_SOLID_BREP ( 'Bearing_retainer_40x24x2', #5814 ) ;
#377 = EDGE_CURVE ( 'NONE', #2913, #1817, #230, .T. ) ;
#376 = EDGE_LOOP ( 'NONE', ( #8815, #7854, #8921, #4867, #1074, #10366, #10674, #4103 ) ) ;
#378 = CARTESIAN_POINT ( 'NONE',  ( 186.0000000000000000, 149.0000000000000000, 3.000000000000000000 ) ) ;
#379 = CARTESIAN_POINT ( 'NONE',  ( -11.94667935274167192, 7.299099505034238433, 8.255229362243065694 ) ) ;
#380 = EDGE_CURVE ( 'NONE', #10249, #9028, #5074, .T. ) ;
#381 = APPROVAL_STATUS ( 'not_yet_approved' ) ;
#382 = AXIS2_PLACEMENT_3D ( 'NONE', #479, #314, #426 ) ;
#383 = DIRECTION ( 'NONE',  ( 0.000000000000000000, 1.000000000000000000, 0.000000000000000000 ) ) ;
#384 = COORDINATED_UNIVERSAL_TIME_OFFSET ( 5, 0, .BEHIND. ) ;
#385 = DIRECTION ( 'NONE',  ( 0.000000000000000000, 0.000000000000000000, -1.000000000000000000 ) ) ;
#386 = EDGE_LOOP ( 'NONE', ( #6783, #5388, #6697, #6333 ) ) ;
#387 = EDGE_LOOP ( 'NONE', ( #2456, #7398, #9922, #7934 ) ) ;
#388 = EDGE_LOOP ( 'NONE', ( #4802, #4877, #7808, #3274 ) ) ;
#390 = EDGE_CURVE ( 'NONE', #7650, #3191, #3417, .T. ) ;
#389 = VERTEX_POINT ( 'NONE', #62 ) ;
#391 = DIRECTION ( 'NONE',  ( -0.000000000000000000, -0.000000000000000000, 1.000000000000000000 ) ) ;
#392 = CARTESIAN_POINT ( 'NONE',  ( 14.00000000000000000, 70.00000000000000000, -1.200000000000000030E-05 ) ) ;
#393 = EDGE_CURVE ( 'NONE', #5928, #7784, #7473, .T. ) ;
#394 = CARTESIAN_POINT ( 'NONE',  ( -20.00000000000000000, -12.00000000000000000, 2.000000000000000000 ) ) ;
#395 = MECHANICAL_CONTEXT ( 'NONE', #8078, 'mechanical' ) ;
#396 = DATE_AND_TIME ( #9552, #1905 ) ;
#397 = LINE ( 'NONE', #2869, #3100 ) ;
#398 = VERTEX_POINT ( 'NONE', #10859 ) ;
#399 = CARTESIAN_POINT ( 'NONE',  ( 12.30000000000000249, 0.000000000000000000, 2.000000000000000000 ) ) ;
#400 = ORIENTED_EDGE ( 'NONE', *, *, #10238, .F. ) ;
#401 = LINE ( 'NONE', #1560, #4747 ) ;
#402 = CARTESIAN_POINT ( 'NONE',  ( 29.30006951123653636, 0.000000000000000000, 2.774916005115878104 ) ) ;
#403 = CARTESIAN_POINT ( 'NONE',  ( -2.599940775706751861, 0.2933012580821827142, 0.000000000000000000 ) ) ;
#404 = EDGE_CURVE ( 'NONE', #9650, #8781, #7904, .T. ) ;
#405 = CARTESIAN_POINT ( 'NONE',  ( 11.63318911631890806, 7.789676559712269466, 9.698957536639019494 ) ) ;
#406 = CARTESIAN_POINT ( 'NONE',  ( -9.000000000000000000, 49.00000000000000000, 5.000000000000000000 ) ) ;
#407 = APPLICATION_PROTOCOL_DEFINITION ( 'international standard', 'config_control_design', 1994, #7287 ) ;
#408 = CARTESIAN_POINT ( 'NONE',  ( 31.60000000000000142, 62.49999999999997868, 4.590597372058685011 ) ) ;
#409 = DATE_TIME_ROLE ( 'creation_date' ) ;
#410 = VERTEX_POINT ( 'NONE', #10048 ) ;
#411 = DIRECTION ( 'NONE',  ( -0.000000000000000000, -0.000000000000000000, 1.000000000000000000 ) ) ;
#412 = ORIENTED_EDGE ( 'NONE', *, *, #5230, .F. ) ;
#413 = CARTESIAN_POINT ( 'NONE',  ( -9.000000000000000000, 59.50000000000000000, 4.700000000000000178 ) ) ;
#414 = CARTESIAN_POINT ( 'NONE',  ( -21.69999999999999929, -6.000000000000000000, -6.000000000000000152E-06 ) ) ;
#415 = DIRECTION ( 'NONE',  ( -0.000000000000000000, -1.000000000000000000, -0.000000000000000000 ) ) ;
#416 = PRODUCT_DEFINITION ( 'ๆ', '', #10346, #2520 ) ;
#417 = ORIENTED_EDGE ( 'NONE', *, *, #4478, .F. ) ;
#418 = VECTOR ( 'NONE', #3763, 1000.000000000000000 ) ;
#419 = FACE_OUTER_BOUND ( 'NONE', #10110, .T. ) ;
#420 = B_SPLINE_CURVE_WITH_KNOTS ( 'NONE', 3,
 ( #5510, #8890, #6224, #10662, #1402, #1340, #9675, #3093, #7753, #4696, #5626, #1032, #10448, #208, #7108, #3556, #9613, #6915, #2051, #8790, #4593, #7952, #405, #2113, #7440, #7392, #9897, #2379, #10006, #5730 ),
 .UNSPECIFIED., .F., .F.,
 ( 4, 2, 2, 2, 2, 2, 2, 2, 2, 2, 2, 2, 2, 2, 4 ),
 ( 0.000000000000000000, 0.0007440102817169829937, 0.001116015422575474111, 0.001488020563433965337, 0.001860025704292456563, 0.002232030845150947788, 0.002604035986009438797, 0.002976041126867930240, 0.003348046267726420382, 0.003720051408584912258, 0.004092056549443403267, 0.004464061690301895577, 0.004836066831160386152, 0.005208071972018878462, 0.005952082253735858745 ),
 .UNSPECIFIED. ) ;
#421 = ORIENTED_EDGE ( 'NONE', *, *, #261, .T. ) ;
#422 = CARTESIAN_POINT ( 'NONE',  ( -8.141461068209627783, 29.51547649045614108, -0.000000000000000000 ) ) ;
#423 = ADVANCED_FACE ( 'NONE', ( #875 ), #3288, .F. ) ;
#424 = AXIS2_PLACEMENT_3D ( 'NONE', #9066, #8235, #7340 ) ;
#425 = ORIENTED_EDGE ( 'NONE', *, *, #6355, .F. ) ;
#426 = DIRECTION ( 'NONE',  ( 0.000000000000000000, -0.000000000000000000, 1.000000000000000000 ) ) ;
#427 = CARTESIAN_POINT ( 'NONE',  ( 0.000000000000000000, 0.000000000000000000, 0.000000000000000000 ) ) ;
#428 = EDGE_LOOP ( 'NONE', ( #583, #3526, #4624, #7339 ) ) ;
#429 = DIRECTION ( 'NONE',  ( -1.000000000000000000, 0.000000000000000000, -0.000000000000000000 ) ) ;
#430 = CARTESIAN_POINT ( 'NONE',  ( 122.5154764904563081, -0.8585389317906795270, -0.000000000000000000 ) ) ;
#431 = SECURITY_CLASSIFICATION_LEVEL ( 'unclassified' ) ;
#432 = AXIS2_PLACEMENT_3D ( 'NONE', #7733, #7783, #236 ) ;
#433 = CARTESIAN_POINT ( 'NONE',  ( 0.000000000000000000, 3.000000000000000000, 149.0000000000000000 ) ) ;
#434 = APPROVAL_STATUS ( 'not_yet_approved' ) ;
#435 = EDGE_CURVE ( 'NONE', #3101, #10632, #816, .T. ) ;
#436 = ORIENTED_EDGE ( 'NONE', *, *, #7584, .T. ) ;
#437 = LINE ( 'NONE', #3782, #3825 ) ;
#438 = VERTEX_POINT ( 'NONE', #7530 ) ;
#439 = LOCAL_TIME ( 6, 20, 33.00000000000000000, #1822 ) ;
#440 = EDGE_LOOP ( 'NONE', ( #9193, #1309, #4732, #1098 ) ) ;
#441 = CYLINDRICAL_SURFACE ( 'NONE', #1951, 1.700000000000000178 ) ;
#442 =( NAMED_UNIT ( * ) SI_UNIT ( $, .STERADIAN. ) SOLID_ANGLE_UNIT ( ) );
#443 = DIRECTION ( 'NONE',  ( -1.000000000000000000, -0.000000000000000000, -0.000000000000000000 ) ) ;
#444 = CARTESIAN_POINT ( 'NONE',  ( 15.70000000000000284, 69.77438419509041978, -0.000000000000000000 ) ) ;
#445 = CALENDAR_DATE ( 2026, 18, 9 ) ;
#446 = ITEM_DEFINED_TRANSFORMATION ( 'NONE', 'NONE', #8068,  #7172 ) ;
#447 = PRODUCT_DEFINITION_SHAPE ( 'NONE', 'NONE',  #10334 ) ;
#448 = APPROVAL_PERSON_ORGANIZATION ( #765, #7955, #3128 ) ;
#449 = EDGE_CURVE ( 'NONE', #1397, #8915, #8317, .T. ) ;
#450 = EDGE_CURVE ( 'NONE', #9403, #8781, #6754, .T. ) ;
#451 = CARTESIAN_POINT ( 'NONE',  ( -0.5999999999999999778, 18.99052395275075256, 4.000000000000000000 ) ) ;
#452 = EDGE_LOOP ( 'NONE', ( #7518, #10498, #5561, #9183 ) ) ;
#453 = ORIENTED_EDGE ( 'NONE', *, *, #21, .F. ) ;
#454 = CARTESIAN_POINT ( 'NONE',  ( -13.55741526174398537, 68.34333309900759446, 0.000000000000000000 ) ) ;
#455 = DIRECTION ( 'NONE',  ( -0.000000000000000000, -0.000000000000000000, -1.000000000000000000 ) ) ;
#456 = CARTESIAN_POINT ( 'NONE',  ( -2.552093532249216423, 0.5780252676397000799, -0.000000000000000000 ) ) ;
#457 = SECURITY_CLASSIFICATION ( '', '', #2115 ) ;
#458 = CARTESIAN_POINT ( 'NONE',  ( 0.000000000000000000, 0.000000000000000000, 0.000000000000000000 ) ) ;
#459 = DIRECTION ( 'NONE',  ( -0.000000000000000000, -0.000000000000000000, -1.000000000000000000 ) ) ;
#460 = DATE_AND_TIME ( #7900, #4850 ) ;
#461 = DIRECTION ( 'NONE',  ( -0.000000000000000000, -0.000000000000000000, 1.000000000000000000 ) ) ;
#462 = COORDINATED_UNIVERSAL_TIME_OFFSET ( 5, 0, .BEHIND. ) ;
#463 = EDGE_CURVE ( 'NONE', #2374, #9207, #1544, .T. ) ;
#464 = CC_DESIGN_APPROVAL ( #8904, ( #3976 ) ) ;
#465 = ORIENTED_EDGE ( 'NONE', *, *, #9213, .T. ) ;
#466 = CARTESIAN_POINT ( 'NONE',  ( -22.00000000000000000, 84.00000000000000000, 0.000000000000000000 ) ) ;
#467 = ORIENTED_EDGE ( 'NONE', *, *, #1721, .F. ) ;
#468 = LINE ( 'NONE', #1415, #1411 ) ;
#469 = LINE ( 'NONE', #3819, #5405 ) ;
#470 = CARTESIAN_POINT ( 'NONE',  ( 15.69999999999999929, 2.081899558550498554E-16, 0.000000000000000000 ) ) ;
#471 = LOCAL_TIME ( 6, 20, 33.00000000000000000, #2139 ) ;
#472 = CARTESIAN_POINT ( 'NONE',  ( 3.000000000000000000, 3.000000000000000000, 83.00000000000000000 ) ) ;
#473 = VERTEX_POINT ( 'NONE', #4893 ) ;
#474 = ORIENTED_EDGE ( 'NONE', *, *, #8273, .T. ) ;
#475 = APPROVAL ( #3647, 'ๆช' ) ;
#476 = DIRECTION ( 'NONE',  ( 0.000000000000000000, 0.000000000000000000, -1.000000000000000000 ) ) ;
#477 = APPLICATION_CONTEXT ( 'configuration controlled 3d designs of mechanical parts and assemblies' ) ;
#478 = ORIENTED_EDGE ( 'NONE', *, *, #2201, .F. ) ;
#479 = CARTESIAN_POINT ( 'NONE',  ( -15.59999999999999964, 77.50000000000000000, -1.200000000000000030E-05 ) ) ;
#480 = SECURITY_CLASSIFICATION ( '', '', #3420 ) ;
#481 = CARTESIAN_POINT ( 'NONE',  ( 9.843673541100125490, 9.955766678045154805, 7.090440972410965159 ) ) ;
#482 = ORIENTED_EDGE ( 'NONE', *, *, #1672, .T. ) ;
#483 = CARTESIAN_POINT ( 'NONE',  ( 20.00000000000000000, -6.000000000000000152E-06, 13.70000000000000107 ) ) ;
#484 = VECTOR ( 'NONE', #2323, 1000.000000000000000 ) ;
#485 = CARTESIAN_POINT ( 'NONE',  ( -10.01759284330493927, 9.783426788352441505, 10.02219807014628827 ) ) ;
#486 = SECURITY_CLASSIFICATION_LEVEL ( 'unclassified' ) ;
#487 = DIRECTION ( 'NONE',  ( -1.000000000000000000, 0.000000000000000000, 0.000000000000000000 ) ) ;
#488 = LOCAL_TIME ( 6, 20, 33.00000000000000000, #10549 ) ;
#489 = PERSON_AND_ORGANIZATION_ROLE ( 'classification_officer' ) ;
#490 = EDGE_CURVE ( 'NONE', #2560, #3112, #1036, .T. ) ;
#491 = ORIENTED_EDGE ( 'NONE', *, *, #8608, .T. ) ;
#492 = VECTOR ( 'NONE', #3899, 1000.000000000000000 ) ;
#493 = CIRCLE ( 'NONE', #7881, 1.700000000000000178 ) ;
#494 = DIRECTION ( 'NONE',  ( 0.000000000000000000, -1.000000000000000000, 0.000000000000000000 ) ) ;
#495 = AXIS2_PLACEMENT_3D ( 'NONE', #7704, #8487, #3352 ) ;
#496 = ORIENTED_EDGE ( 'NONE', *, *, #3861, .F. ) ;
#497 = CIRCLE ( 'NONE', #5772, 1.700000000000000178 ) ;
#498 = EDGE_LOOP ( 'NONE', ( #1004, #5506, #246, #2104 ) ) ;
#499 = CARTESIAN_POINT ( 'NONE',  ( 20.00000000000000000, -12.00000000000000000, 0.000000000000000000 ) ) ;
#500 =( NAMED_UNIT ( * ) PLANE_ANGLE_UNIT ( ) SI_UNIT ( $, .RADIAN. ) );
#501 = CARTESIAN_POINT ( 'NONE',  ( -22.00000000000000000, 8.000000000000000000, 8.000000000000000000 ) ) ;
#502 = CYLINDRICAL_SURFACE ( 'NONE', #319, 5.799999999999999822 ) ;
#503 = EDGE_CURVE ( 'NONE', #1687, #8594, #769, .T. ) ;
#504 =( GEOMETRIC_REPRESENTATION_CONTEXT ( 3 ) GLOBAL_UNCERTAINTY_ASSIGNED_CONTEXT ( ( #9151 ) ) GLOBAL_UNIT_ASSIGNED_CONTEXT ( ( #1549, #10151, #5930 ) ) REPRESENTATION_CONTEXT ( 'NONE', 'WORKASPACE' ) );
#505 = PERSON_AND_ORGANIZATION ( #6743, #3319 ) ;
#506 = AXIS2_PLACEMENT_3D ( 'NONE', #7125, #8750, #8698 ) ;
#507 = DATE_AND_TIME ( #8046, #85 ) ;
#508 = CIRCLE ( 'NONE', #3316, 1.700000000000000178 ) ;
#509 = CARTESIAN_POINT ( 'NONE',  ( -15.59999999999999964, 77.50000000000000000, -1.200000000000000030E-05 ) ) ;
#510 = AXIS2_PLACEMENT_3D ( 'NONE', #1005, #7827, #9391 ) ;
#511 = ORIENTED_EDGE ( 'NONE', *, *, #8325, .F. ) ;
#512 = VECTOR ( 'NONE', #758, 1000.000000000000000 ) ;
#513 = EDGE_LOOP ( 'NONE', ( #7128, #9231, #1334, #6524 ) ) ;
#514 = EDGE_CURVE ( 'NONE', #5747, #8372, #5820, .T. ) ;
#515 = CARTESIAN_POINT ( 'NONE',  ( -12.00000000000000000, -12.00000000000000000, 0.000000000000000000 ) ) ;
#516 = CARTESIAN_POINT ( 'NONE',  ( -0.5999999999999999778, 2.529822128134703529, 16.00000000000000000 ) ) ;
#517 = LINE ( 'NONE', #684, #5954 ) ;
#518 = CARTESIAN_POINT ( 'NONE',  ( 29.34333309900548414, 48.55741526174832501, 0.000000000000000000 ) ) ;
#519 = VECTOR ( 'NONE', #6052, 1000.000000000000000 ) ;
#520 = CARTESIAN_POINT ( 'NONE',  ( 12.00000000000000000, 7.000000000000000000, 13.29999999999999893 ) ) ;
#521 = EDGE_CURVE ( 'NONE', #1994, #5609, #7002, .T. ) ;
#522 = PERSON_AND_ORGANIZATION_ROLE ( 'design_supplier' ) ;
#523 = DIRECTION ( 'NONE',  ( 0.000000000000000000, 0.000000000000000000, -1.000000000000000000 ) ) ;
#524 = DATE_AND_TIME ( #1179, #8231 ) ;
#525 = MANIFOLD_SOLID_BREP ( 'MG995_SUPPLIER_40p5x20x39p5', #9892 ) ;
#526 = AXIS2_PLACEMENT_3D ( 'NONE', #6168, #5806, #1950 ) ;
#527 = ORIENTED_EDGE ( 'NONE', *, *, #2142, .T. ) ;
#528 = DIRECTION ( 'NONE',  ( 1.000000000000000000, 0.000000000000000000, 0.000000000000000000 ) ) ;
#529 = ORIENTED_EDGE ( 'NONE', *, *, #7972, .F. ) ;
#530 = LINE ( 'NONE', #4707, #6679 ) ;
#531 = CARTESIAN_POINT ( 'NONE',  ( -9.858653920126698722, 0.000000000000000000, 22.48432534211531575 ) ) ;
#532 = CARTESIAN_POINT ( 'NONE',  ( -12.00000000000000000, -12.00000000000000000, 20.00000000000000000 ) ) ;
#533 =( NAMED_UNIT ( * ) SI_UNIT ( $, .STERADIAN. ) SOLID_ANGLE_UNIT ( ) );
#534 = EDGE_CURVE ( 'NONE', #10608, #2373, #9847, .T. ) ;
#535 = EDGE_CURVE ( 'NONE', #10190, #9403, #8818, .T. ) ;
#536 = CIRCLE ( 'NONE', #10224, 1.700000000000000178 ) ;
#537 = DIRECTION ( 'NONE',  ( 1.000000000000000000, 0.000000000000000000, 0.000000000000000000 ) ) ;
#538 = ORIENTED_EDGE ( 'NONE', *, *, #4331, .T. ) ;
#539 = DIRECTION ( 'NONE',  ( -1.000000000000000000, -0.000000000000000000, 0.000000000000000000 ) ) ;
#540 = EDGE_LOOP ( 'NONE', ( #4672, #8547, #7622, #589 ) ) ;
#541 = CARTESIAN_POINT ( 'NONE',  ( 183.0000000000000000, 3.000000000000000000, 3.000000000000002665 ) ) ;
#542 = PLANE ( 'NONE',  #6302 ) ;
#543 = CARTESIAN_POINT ( 'NONE',  ( 9.047951289187752266, 10.68348068199795620, 8.769813350790178319 ) ) ;
#544 = ORIENTED_EDGE ( 'NONE', *, *, #6631, .F. ) ;
#545 = DIRECTION ( 'NONE',  ( 0.000000000000000000, 1.000000000000000000, 0.000000000000000000 ) ) ;
#546 = PRODUCT_DEFINITION_SHAPE ( 'NONE', 'NONE',  #10904 ) ;
#547 = PRODUCT_DEFINITION_SHAPE ( 'NONE', 'NONE',  #7687 ) ;
#548 = DIRECTION ( 'NONE',  ( -1.000000000000000000, 0.000000000000000000, 0.000000000000000000 ) ) ;
#549 = CC_DESIGN_PERSON_AND_ORGANIZATION_ASSIGNMENT ( #2980, #10492, ( #10533 ) ) ;
#550 = DATE_TIME_ROLE ( 'classification_date' ) ;
#551 = APPLICATION_CONTEXT ( 'configuration controlled 3d designs of mechanical parts and assemblies' ) ;
#552 = APPROVAL_STATUS ( 'not_yet_approved' ) ;
#553 = AXIS2_PLACEMENT_3D ( 'NONE', #6612, #10828, #2438 ) ;
#554 = DIRECTION ( 'NONE',  ( -0.000000000000000000, -0.000000000000000000, 1.000000000000000000 ) ) ;
#555 = ORIENTED_EDGE ( 'NONE', *, *, #9617, .F. ) ;
#556 = ORIENTED_EDGE ( 'NONE', *, *, #2455, .F. ) ;
#557 = FACE_BOUND ( 'NONE', #3483, .T. ) ;
#558 =( NAMED_UNIT ( * ) PLANE_ANGLE_UNIT ( ) SI_UNIT ( $, .RADIAN. ) );
#559 = CARTESIAN_POINT ( 'NONE',  ( 31.00000000000000000, 81.00000000000000000, 4.700000000000000178 ) ) ;
#560 = CC_DESIGN_PERSON_AND_ORGANIZATION_ASSIGNMENT ( #7171, #10565, ( #1611 ) ) ;
#561 = FACE_OUTER_BOUND ( 'NONE', #7875, .T. ) ;
#562 = CC_DESIGN_PERSON_AND_ORGANIZATION_ASSIGNMENT ( #9678, #522, ( #981 ) ) ;
#563 = CALENDAR_DATE ( 2026, 18, 9 ) ;
#564 = CONTEXT_DEPENDENT_SHAPE_REPRESENTATION ( #10842, #3181 ) ;
#565 = B_SPLINE_CURVE_WITH_KNOTS ( 'NONE', 3,
 ( #10560, #2989, #518, #2877, #9778, #4397, #3040, #3750, #8118, #8950, #9838, #6340, #6282, #5407, #4754, #9726, #1236, #5567 ),
 .UNSPECIFIED., .F., .F.,
 ( 4, 2, 2, 2, 2, 2, 2, 2, 4 ),
 ( 0.5000000000000000000, 0.5625000000000004441, 0.6250000000000008882, 0.6875000000000014433, 0.7500000000000018874, 0.8125000000000013323, 0.8750000000000008882, 0.9375000000000004441, 1.000000000000000000 ),
 .UNSPECIFIED. ) ;
#566 = B_SPLINE_CURVE_WITH_KNOTS ( 'NONE', 3,
 ( #250, #1918, #2011, #5363, #3501, #2624, #3599, #301, #5261, #8745, #3654, #5973, #9358, #10351, #6862, #6138, #4273, #8642 ),
 .UNSPECIFIED., .F., .F.,
 ( 4, 2, 2, 2, 2, 2, 2, 2, 4 ),
 ( 0.5000000000000000000, 0.5625000000000000000, 0.6250000000000000000, 0.6875000000000000000, 0.7500000000000000000, 0.8125000000000000000, 0.8750000000000000000, 0.9375000000000000000, 1.000000000000000000 ),
 .UNSPECIFIED. ) ;
#567 = FACE_OUTER_BOUND ( 'NONE', #1942, .T. ) ;
#568 = EDGE_CURVE ( 'NONE', #2296, #6321, #10760, .T. ) ;
#569 = ORIENTED_EDGE ( 'NONE', *, *, #3784, .T. ) ;
#570 = ORIENTED_EDGE ( 'NONE', *, *, #10277, .F. ) ;
#571 = CARTESIAN_POINT ( 'NONE',  ( -28.00000000000000000, 0.000000000000000000, 24.00000000000000000 ) ) ;
#572 = LINE ( 'NONE', #5565, #10882 ) ;
#573 = DIRECTION ( 'NONE',  ( 0.000000000000000000, 0.000000000000000000, 1.000000000000000000 ) ) ;
#574 = CARTESIAN_POINT ( 'NONE',  ( 0.000000000000000000, 0.000000000000000000, 40.00000000000000000 ) ) ;
#575 = DIRECTION ( 'NONE',  ( -0.000000000000000000, 1.000000000000000000, -0.000000000000000000 ) ) ;
#576 = PERSON_AND_ORGANIZATION ( #6743, #3319 ) ;
#577 = LINE ( 'NONE', #3354, #7525 ) ;
#578 = MECHANICAL_CONTEXT ( 'NONE', #3073, 'mechanical' ) ;
#579 = MANIFOLD_SOLID_BREP ( 'V2_REF_gripper_body', #4423 ) ;
#580 = EDGE_CURVE ( 'NONE', #7600, #10645, #2090, .T. ) ;
#581 = VERTEX_POINT ( 'NONE', #4499 ) ;
#582 = DIRECTION ( 'NONE',  ( -0.000000000000000000, -0.000000000000000000, 1.000000000000000000 ) ) ;
#583 = ORIENTED_EDGE ( 'NONE', *, *, #449, .F. ) ;
#584 = VERTEX_POINT ( 'NONE', #5270 ) ;
#585 = CARTESIAN_POINT ( 'NONE',  ( 31.19999999999999929, 59.50000000000000000, -1.200000000000000030E-05 ) ) ;
#586 = CARTESIAN_POINT ( 'NONE',  ( -20.00000000000000000, -12.00000000000000000, 2.000000000000000000 ) ) ;
#587 = LINE ( 'NONE', #9019, #1832 ) ;
#588 = CARTESIAN_POINT ( 'NONE',  ( 35.00000000000000000, 110.0000000000000000, -28.00000000000000000 ) ) ;
#589 = ORIENTED_EDGE ( 'NONE', *, *, #8081, .F. ) ;
#590 = CARTESIAN_POINT ( 'NONE',  ( -9.225083994884492711, 32.70006951123654204, -0.000000000000000000 ) ) ;
#591 = ORIENTED_EDGE ( 'NONE', *, *, #7993, .F. ) ;
#592 = CARTESIAN_POINT ( 'NONE',  ( -12.00000000000000000, 7.000000000000000000, 3.299999999999999822 ) ) ;
#593 = EDGE_CURVE ( 'NONE', #8281, #3848, #9419, .T. ) ;
#594 = ADVANCED_FACE ( 'NONE', ( #2843 ), #3666, .F. ) ;
#595 = ORIENTED_EDGE ( 'NONE', *, *, #4527, .T. ) ;
#596 = CARTESIAN_POINT ( 'NONE',  ( -10.65666690099488889, 0.000000000000000000, 3.442584738250936471 ) ) ;
#597 = CARTESIAN_POINT ( 'NONE',  ( 0.000000000000000000, 0.000000000000000000, 4.000000000000000000 ) ) ;
#598 = DIRECTION ( 'NONE',  ( 0.000000000000000000, 0.000000000000000000, -1.000000000000000000 ) ) ;
#599 = CIRCLE ( 'NONE', #5505, 1.700000000000000178 ) ;
#600 = ORIENTED_EDGE ( 'NONE', *, *, #10029, .T. ) ;
#601 = LINE ( 'NONE', #6362, #7157 ) ;
#602 = CARTESIAN_POINT ( 'NONE',  ( 32.04297226075981087, 50.36128909900666173, -0.000000000000000000 ) ) ;
#603 = APPROVAL_STATUS ( 'not_yet_approved' ) ;
#604 = B_SPLINE_CURVE_WITH_KNOTS ( 'NONE', 3,
 ( #10748, #9974, #3177, #9030, #2463, #3937, #2405, #8309, #4779, #713, #1477, #9807, #4107, #8139, #4987, #6412, #3279, #809, #4830, #2238, #6530, #7358, #10688, #5701, #5756, #7298, #1533, #3119, #5596, #759 ),
 .UNSPECIFIED., .F., .F.,
 ( 4, 2, 2, 2, 2, 2, 2, 2, 2, 2, 2, 2, 2, 2, 4 ),
 ( 0.000000000000000000, 0.0007440102817169809337, 0.001116015422575471943, 0.001488020563433963168, 0.001860025704292454177, 0.002232030845150945186, 0.002604035986009436629, 0.002976041126867927638, 0.003348046267726418647, 0.003720051408584909656, 0.004092056549443400665, 0.004464061690301892107, 0.004836066831160383550, 0.005208071972018874125, 0.005952082253735857878 ),
 .UNSPECIFIED. ) ;
#605 = CALENDAR_DATE ( 2026, 18, 9 ) ;
#606 = VECTOR ( 'NONE', #1417, 1000.000000000000000 ) ;
#607 = ORIENTED_EDGE ( 'NONE', *, *, #2478, .F. ) ;
#608 = ORIENTED_EDGE ( 'NONE', *, *, #1422, .T. ) ;
#609 = EDGE_CURVE ( 'NONE', #2182, #9735, #4452, .T. ) ;
#610 = FACE_BOUND ( 'NONE', #7550, .T. ) ;
#611 = FACE_OUTER_BOUND ( 'NONE', #7477, .T. ) ;
#612 = ORIENTED_EDGE ( 'NONE', *, *, #3861, .T. ) ;
#613 = DIRECTION ( 'NONE',  ( -1.000000000000000000, 0.000000000000000000, 0.000000000000000000 ) ) ;
#614 = FACE_OUTER_BOUND ( 'NONE', #8210, .T. ) ;
#615 = AXIS2_PLACEMENT_3D ( 'NONE', #5532, #8912, #1855 ) ;
#616 = CARTESIAN_POINT ( 'NONE',  ( 31.60000000000000142, 72.50000000000000000, -1.200000000000000030E-05 ) ) ;
#617 = COORDINATED_UNIVERSAL_TIME_OFFSET ( 5, 0, .BEHIND. ) ;
#618 = COORDINATED_UNIVERSAL_TIME_OFFSET ( 5, 0, .BEHIND. ) ;
#619 = AXIS2_PLACEMENT_3D ( 'NONE', #6088, #3397, #9315 ) ;
#620 = CC_DESIGN_DATE_AND_TIME_ASSIGNMENT ( #9202, #42, ( #6660 ) ) ;
#621 = PLANE ( 'NONE',  #4019 ) ;
#622 = APPROVAL ( #2480, 'ๆช' ) ;
#623 = EDGE_LOOP ( 'NONE', ( #4301, #10433, #9558, #5369 ) ) ;
#624 = ORIENTED_EDGE ( 'NONE', *, *, #5281, .F. ) ;
#625 = ORIENTED_EDGE ( 'NONE', *, *, #6231, .F. ) ;
#626 = CARTESIAN_POINT ( 'NONE',  ( 134.3000000000000114, 2.081899558550508908E-16, -1.200000000000000030E-05 ) ) ;
#627 = CARTESIAN_POINT ( 'NONE',  ( 43.00000000000000000, 0.000000000000000000, 24.00000000000000000 ) ) ;
#628 = FACE_OUTER_BOUND ( 'NONE', #8767, .T. ) ;
#629 = CARTESIAN_POINT ( 'NONE',  ( -10.50000000000000000, 0.000000000000000000, 0.000000000000000000 ) ) ;
#630 = CARTESIAN_POINT ( 'NONE',  ( 255.8000000000000398, 0.000000000000000000, 149.0000000000000000 ) ) ;
#631 = COORDINATED_UNIVERSAL_TIME_OFFSET ( 5, 0, .BEHIND. ) ;
#632 = LOCAL_TIME ( 6, 20, 33.00000000000000000, #4181 ) ;
#633 = DIRECTION ( 'NONE',  ( 0.000000000000000000, -1.000000000000000000, 0.000000000000000000 ) ) ;
#634 = APPLICATION_CONTEXT ( 'configuration controlled 3d designs of mechanical parts and assemblies' ) ;
#635 = PERSON_AND_ORGANIZATION_ROLE ( 'creator' ) ;
#636 = EDGE_CURVE ( 'NONE', #10298, #8506, #1925, .T. ) ;
#637 = PRODUCT_DEFINITION_SHAPE ( 'NONE', 'NONE',  #10914 ) ;
#638 = ORIENTED_EDGE ( 'NONE', *, *, #4876, .F. ) ;
#639 = DIRECTION ( 'NONE',  ( -1.000000000000000000, 0.000000000000000000, 0.000000000000000000 ) ) ;
#640 = CC_DESIGN_APPROVAL ( #7955, ( #9077 ) ) ;
#641 = ORIENTED_EDGE ( 'NONE', *, *, #4150, .T. ) ;
#642 = CARTESIAN_POINT ( 'NONE',  ( 0.000000000000000000, 0.000000000000000000, 58.00000000000000000 ) ) ;
#643 = CARTESIAN_POINT ( 'NONE',  ( -0.5999999999999998668, 9.000000000000000000, 8.300000000000000711 ) ) ;
#644 = FACE_OUTER_BOUND ( 'NONE', #6205, .T. ) ;
#645 = VECTOR ( 'NONE', #9708, 1000.000000000000000 ) ;
#646 = CARTESIAN_POINT ( 'NONE',  ( 69.79999999999999716, 65.00000000000001421, 74.49999999999998579 ) ) ;
#647 = EDGE_LOOP ( 'NONE', ( #8019, #9918 ) ) ;
#648 = CARTESIAN_POINT ( 'NONE',  ( -10.36128909900436668, 32.04297226076172933, -0.000000000000000000 ) ) ;
#649 = EDGE_CURVE ( 'NONE', #5575, #10161, #2792, .T. ) ;
#650 = EDGE_LOOP ( 'NONE', ( #9491, #10121, #6641, #6137 ) ) ;
#651 = SECURITY_CLASSIFICATION ( '', '', #4808 ) ;
#652 = CARTESIAN_POINT ( 'NONE',  ( 6.000000000000000000, 0.000000000000000000, 20.00000000000000000 ) ) ;
#653 = EDGE_LOOP ( 'NONE', ( #344, #5141, #5543, #5972 ) ) ;
#654 = CARTESIAN_POINT ( 'NONE',  ( 13.14146106820873605, 71.48452350954337930, -0.000000000000000000 ) ) ;
#655 = PLANE ( 'NONE',  #7722 ) ;
#656 = CARTESIAN_POINT ( 'NONE',  ( -0.5999999999999998668, 9.000000000000000000, 11.70000000000000107 ) ) ;
#657 = CC_DESIGN_APPROVAL ( #6459, ( #6936 ) ) ;
#658 = ORIENTED_EDGE ( 'NONE', *, *, #8176, .T. ) ;
#659 = DIRECTION ( 'NONE',  ( 0.000000000000000000, 0.000000000000000000, 1.000000000000000000 ) ) ;
#660 = CARTESIAN_POINT ( 'NONE',  ( -10.72380529476361133, 9.000000000000000000, 6.800000000000000711 ) ) ;
#661 = EDGE_CURVE ( 'NONE', #4607, #1587, #9367, .T. ) ;
#662 = ADVANCED_FACE ( 'NONE', ( #211 ), #2735, .T. ) ;
#663 = CALENDAR_DATE ( 2026, 18, 9 ) ;
#664 = CC_DESIGN_APPROVAL ( #2758, ( #3985 ) ) ;
#665 = CARTESIAN_POINT ( 'NONE',  ( -21.69993048876420971, -33.77491600511334724, -0.000000000000000000 ) ) ;
#666 = DIRECTION ( 'NONE',  ( 1.000000000000000000, 0.000000000000000000, 0.000000000000000000 ) ) ;
#667 = CARTESIAN_POINT ( 'NONE',  ( 24.30000000000000071, 45.00000000000000000, 5.000000000000000000 ) ) ;
#668 = ORIENTED_EDGE ( 'NONE', *, *, #3932, .F. ) ;
#669 = DIRECTION ( 'NONE',  ( 0.000000000000000000, 0.000000000000000000, 1.000000000000000000 ) ) ;
#670 = CARTESIAN_POINT ( 'NONE',  ( 32.70000000000000284, 49.00000000000000000, 5.000000000000000000 ) ) ;
#671 = CARTESIAN_POINT ( 'NONE',  ( 20.00000000000000000, 12.00000000000000000, 0.000000000000000000 ) ) ;
#672 = EDGE_CURVE ( 'NONE', #8976, #5429, #6192, .T. ) ;
#673 = EDGE_CURVE ( 'NONE', #2623, #224, #1041, .T. ) ;
#674 = DATE_AND_TIME ( #3956, #2045 ) ;
#675 = ITEM_DEFINED_TRANSFORMATION ( 'NONE', 'NONE', #326,  #7172 ) ;
#676 = CIRCLE ( 'NONE', #1903, 30.00000000000000000 ) ;
#677 = AXIS2_PLACEMENT_3D ( 'NONE', #7526, #2729, #3342 ) ;
#678 = DIRECTION ( 'NONE',  ( 1.000000000000000000, -0.000000000000000000, -0.000000000000000000 ) ) ;
#679 = EDGE_LOOP ( 'NONE', ( #9998, #333, #2857, #10774 ) ) ;
#680 = EDGE_LOOP ( 'NONE', ( #6770, #10822, #6804, #5285 ) ) ;
#681 = EDGE_LOOP ( 'NONE', ( #436, #803, #9098, #1009 ) ) ;
#682 = FACE_OUTER_BOUND ( 'NONE', #387, .T. ) ;
#683 = FACE_OUTER_BOUND ( 'NONE', #3148, .T. ) ;
#684 = CARTESIAN_POINT ( 'NONE',  ( -9.000000000000000000, -1.200000000000000030E-05, 1.300000000000000044 ) ) ;
#685 = CIRCLE ( 'NONE', #4009, 8.099999999999999645 ) ;
#686 = DIRECTION ( 'NONE',  ( 0.000000000000000000, 0.000000000000000000, 1.000000000000000000 ) ) ;
#687 = DIRECTION ( 'NONE',  ( -0.000000000000000000, -1.000000000000000000, -0.000000000000000000 ) ) ;
#688 = PERSON_AND_ORGANIZATION_ROLE ( 'creator' ) ;
#689 = DIRECTION ( 'NONE',  ( 0.000000000000000000, -0.000000000000000000, -1.000000000000000000 ) ) ;
#690 = VECTOR ( 'NONE', #10436, 1000.000000000000000 ) ;
#691 = CC_DESIGN_DATE_AND_TIME_ASSIGNMENT ( #3870, #5571, ( #6808 ) ) ;
#692 = CALENDAR_DATE ( 2026, 18, 9 ) ;
#693 = ORIENTED_EDGE ( 'NONE', *, *, #10641, .T. ) ;
#694 = CIRCLE ( 'NONE', #2258, 1.700000000000000178 ) ;
#695 =( GEOMETRIC_REPRESENTATION_CONTEXT ( 3 ) GLOBAL_UNCERTAINTY_ASSIGNED_CONTEXT ( ( #8479 ) ) GLOBAL_UNIT_ASSIGNED_CONTEXT ( ( #4712, #8805, #533 ) ) REPRESENTATION_CONTEXT ( 'NONE', 'WORKASPACE' ) );
#696 = ORIENTED_EDGE ( 'NONE', *, *, #1787, .F. ) ;
#697 = CARTESIAN_POINT ( 'NONE',  ( -9.000000000000000000, -1.200000000000000030E-05, 3.000000000000000000 ) ) ;
#698 = AXIS2_PLACEMENT_3D ( 'NONE', #997, #5947, #3254 ) ;
#699 = VERTEX_POINT ( 'NONE', #10415 ) ;
#700 = CARTESIAN_POINT ( 'NONE',  ( 0.000000000000000000, 25.00000000000000000, 90.00000000000000000 ) ) ;
#701 = CARTESIAN_POINT ( 'NONE',  ( -20.22508399488546971, -4.299930488764021952, -0.000000000000000000 ) ) ;
#702 = CARTESIAN_POINT ( 'NONE',  ( 0.000000000000000000, 70.00000000000000000, 5.200000000000000178 ) ) ;
#703 = CARTESIAN_POINT ( 'NONE',  ( 35.00000000000000000, 110.0000000000000000, 45.00000000000000000 ) ) ;
#704 = CARTESIAN_POINT ( 'NONE',  ( -0.5999999999999999778, 2.200000000000000178, 12.00000000000000000 ) ) ;
#705 = CC_DESIGN_PERSON_AND_ORGANIZATION_ASSIGNMENT ( #1254, #10399, ( #2389 ) ) ;
#706 = ORIENTED_EDGE ( 'NONE', *, *, #9492, .F. ) ;
#707 = VECTOR ( 'NONE', #10796, 1000.000000000000000 ) ;
#708 = PLANE ( 'NONE',  #3856 ) ;
#709 = ORIENTED_EDGE ( 'NONE', *, *, #1262, .T. ) ;
#710 = CARTESIAN_POINT ( 'NONE',  ( -9.858653920126700498, 0.000000000000000000, 4.484325342115312196 ) ) ;
#711 = ADVANCED_FACE ( 'NONE', ( #1760 ), #8482, .F. ) ;
#712 = CARTESIAN_POINT ( 'NONE',  ( 137.7000000000000171, 0.000000000000000000, 6.000000000000000000 ) ) ;
#713 = CARTESIAN_POINT ( 'NONE',  ( 11.77425630845663029, 7.574553072307678825, 9.066445093151372703 ) ) ;
#714 = VECTOR ( 'NONE', #1676, 1000.000000000000000 ) ;
#715 = ORIENTED_EDGE ( 'NONE', *, *, #4373, .T. ) ;
#716 = CARTESIAN_POINT ( 'NONE',  ( -12.00000000000000000, -7.000000000000000000, 13.29999999999999893 ) ) ;
#717 = PLANE ( 'NONE',  #3123 ) ;
#718 = APPROVAL_STATUS ( 'not_yet_approved' ) ;
#719 = APPROVAL_STATUS ( 'not_yet_approved' ) ;
#720 = AXIS2_PLACEMENT_3D ( 'NONE', #892, #1777, #5885 ) ;
#721 = DIRECTION ( 'NONE',  ( 1.000000000000000000, 0.000000000000000000, 0.000000000000000000 ) ) ;
#722 = CARTESIAN_POINT ( 'NONE',  ( -12.00000000000000000, -7.000000000000000000, 5.000000000000000000 ) ) ;
#723 = ADVANCED_FACE ( 'NONE', ( #4402 ), #3452, .F. ) ;
#724 = CARTESIAN_POINT ( 'NONE',  ( 29.63871090099800654, -0.000000000000000000, 19.95702773923330042 ) ) ;
#725 = VERTEX_POINT ( 'NONE', #10361 ) ;
#726 = FACE_OUTER_BOUND ( 'NONE', #5399, .T. ) ;
#727 = DIRECTION ( 'NONE',  ( 0.000000000000000000, -1.000000000000000000, 0.000000000000000000 ) ) ;
#728 = APPROVAL_STATUS ( 'not_yet_approved' ) ;
#729 = SECURITY_CLASSIFICATION_LEVEL ( 'unclassified' ) ;
#730 = FACE_BOUND ( 'NONE', #6011, .T. ) ;
#731 = EDGE_CURVE ( 'NONE', #9556, #6323, #4341, .T. ) ;
#732 = EDGE_CURVE ( 'NONE', #584, #5644, #1536, .T. ) ;
#733 = EDGE_LOOP ( 'NONE', ( #7069, #6497 ) ) ;
#734 = EDGE_LOOP ( 'NONE', ( #1501, #10285, #9797, #7462, #2508, #83 ) ) ;
#735 = CARTESIAN_POINT ( 'NONE',  ( -1.000000000000000000, 27.50000000000000000, 0.000000000000000000 ) ) ;
#736 = CARTESIAN_POINT ( 'NONE',  ( 22.00000000000000000, 84.00000000000000000, 8.000000000000000000 ) ) ;
#737 = CARTESIAN_POINT ( 'NONE',  ( -35.00000000000000000, -70.00000000000000000, 5.000000000000000000 ) ) ;
#738 = FACE_OUTER_BOUND ( 'NONE', #10243, .T. ) ;
#739 = CARTESIAN_POINT ( 'NONE',  ( 9.290647558218967816, 10.47331327697886749, 9.143416653029152741 ) ) ;
#740 = DATE_TIME_ROLE ( 'classification_date' ) ;
#741 = PERSON_AND_ORGANIZATION_ROLE ( 'design_owner' ) ;
#742 = ADVANCED_FACE ( 'NONE', ( #978 ), #7696, .F. ) ;
#743 = EDGE_LOOP ( 'NONE', ( #2333, #8356, #7873, #8853 ) ) ;
#744 = DIRECTION ( 'NONE',  ( -0.000000000000000000, 1.000000000000000000, -0.000000000000000000 ) ) ;
#745 = EDGE_LOOP ( 'NONE', ( #1660, #5042, #7701, #1108 ) ) ;
#746 = FACE_OUTER_BOUND ( 'NONE', #1168, .T. ) ;
#747 = FACE_OUTER_BOUND ( 'NONE', #5785, .T. ) ;
#748 = LINE ( 'NONE', #4097, #7619 ) ;
#749 = DIRECTION ( 'NONE',  ( 0.000000000000000000, 0.000000000000000000, -1.000000000000000000 ) ) ;
#750 = LINE ( 'NONE', #4714, #2607 ) ;
#751 = EDGE_LOOP ( 'NONE', ( #5475, #6856, #569, #5519 ) ) ;
#752 = DIRECTION ( 'NONE',  ( 1.000000000000000000, -0.000000000000000000, 0.000000000000000000 ) ) ;
#753 = ORIENTED_EDGE ( 'NONE', *, *, #2233, .F. ) ;
#754 = APPROVAL ( #9377, 'UNKNOWN' ) ;
#755 = CARTESIAN_POINT ( 'NONE',  ( 12.34320465898919394, 70.44263793985065547, -0.000000000000000000 ) ) ;
#756 = APPROVAL ( #5394, 'ๆช' ) ;
#757 = EDGE_LOOP ( 'NONE', ( #2073, #7578, #3704, #5898 ) ) ;
#758 = DIRECTION ( 'NONE',  ( 1.000000000000000000, 0.000000000000000000, 0.000000000000000000 ) ) ;
#759 = CARTESIAN_POINT ( 'NONE',  ( 10.72380529476361488, 9.000000000000204281, 11.70000000000065477 ) ) ;
#760 = ORIENTED_EDGE ( 'NONE', *, *, #2676, .T. ) ;
#761 = CARTESIAN_POINT ( 'NONE',  ( 21.69993048876495223, 0.000000000000000000, 12.22508399488808628 ) ) ;
#762 = DIRECTION ( 'NONE',  ( -1.000000000000000000, -0.000000000000000000, -0.000000000000000000 ) ) ;
#763 = CALENDAR_DATE ( 2026, 18, 9 ) ;
#764 = EDGE_CURVE ( 'NONE', #1007, #7846, #9531, .T. ) ;
#765 = PERSON_AND_ORGANIZATION ( #2288, #6952 ) ;
#766 = DESIGN_CONTEXT ( 'detailed design', #7017, 'design' ) ;
#767 = ORIENTED_EDGE ( 'NONE', *, *, #9161, .F. ) ;
#768 = PRODUCT_DEFINITION_SHAPE ( 'NONE', 'NONE',  #79 ) ;
#769 = LINE ( 'NONE', #6704, #2787 ) ;
#770 = PLANE ( 'NONE',  #5233 ) ;
#771 = DIRECTION ( 'NONE',  ( 0.000000000000000000, -0.000000000000000000, 1.000000000000000000 ) ) ;
#772 = ORIENTED_EDGE ( 'NONE', *, *, #10587, .T. ) ;
#773 = FACE_OUTER_BOUND ( 'NONE', #5196, .T. ) ;
#774 = LINE ( 'NONE', #8322, #4172 ) ;
#775 = PERSON_AND_ORGANIZATION_ROLE ( 'classification_officer' ) ;
#776 = VECTOR ( 'NONE', #5423, 1000.000000000000000 ) ;
#777 = ADVANCED_FACE ( 'NONE', ( #1144 ), #7859, .F. ) ;
#778 = CALENDAR_DATE ( 2026, 18, 9 ) ;
#779 = DIRECTION ( 'NONE',  ( 0.000000000000000000, 0.000000000000000000, -1.000000000000000000 ) ) ;
#780 = EDGE_LOOP ( 'NONE', ( #9037, #6656 ) ) ;
#781 = AXIS2_PLACEMENT_3D ( 'NONE', #4391, #965, #1686 ) ;
#782 = ORIENTED_EDGE ( 'NONE', *, *, #4812, .F. ) ;
#783 = CARTESIAN_POINT ( 'NONE',  ( 18.30000000000000071, -34.00000000000000000, -6.000000000000000152E-06 ) ) ;
#784 = DIRECTION ( 'NONE',  ( 1.000000000000000000, 0.000000000000000000, 0.000000000000000000 ) ) ;
#785 = LINE ( 'NONE', #5788, #6478 ) ;
#786 = FACE_OUTER_BOUND ( 'NONE', #226, .T. ) ;
#787 = CARTESIAN_POINT ( 'NONE',  ( 9.756929129572647241, 10.04069481642486572, 8.651627607700786982 ) ) ;
#788 = COORDINATED_UNIVERSAL_TIME_OFFSET ( 5, 0, .BEHIND. ) ;
#789 = EDGE_CURVE ( 'NONE', #9028, #235, #9632, .T. ) ;
#790 = COORDINATED_UNIVERSAL_TIME_OFFSET ( 5, 0, .BEHIND. ) ;
#791 = EDGE_CURVE ( 'NONE', #2535, #2449, #9995, .T. ) ;
#792 = VECTOR ( 'NONE', #8343, 1000.000000000000000 ) ;
#793 = VERTEX_POINT ( 'NONE', #8939 ) ;
#794 = FACE_OUTER_BOUND ( 'NONE', #4220, .T. ) ;
#795 = VERTEX_POINT ( 'NONE', #10439 ) ;
#796 = DIRECTION ( 'NONE',  ( -0.000000000000000000, -0.000000000000000000, -1.000000000000000000 ) ) ;
#797 = CARTESIAN_POINT ( 'NONE',  ( 0.000000000000000000, 57.00000000000000000, 0.000000000000000000 ) ) ;
#798 = DIRECTION ( 'NONE',  ( -1.000000000000000000, 0.000000000000000000, -0.000000000000000000 ) ) ;
#799 = LOCAL_TIME ( 6, 20, 33.00000000000000000, #4632 ) ;
#800 = DIRECTION ( 'NONE',  ( -0.9196152422991569209, -0.3928203229608459579, 0.000000000000000000 ) ) ;
#801 = DIRECTION ( 'NONE',  ( 1.000000000000000000, 0.000000000000000000, 0.000000000000000000 ) ) ;
#802 = EDGE_CURVE ( 'NONE', #5599, #7846, #2921, .T. ) ;
#803 = ORIENTED_EDGE ( 'NONE', *, *, #2661, .T. ) ;
#804 = LOCAL_TIME ( 6, 20, 33.00000000000000000, #3781 ) ;
#805 = ORIENTED_EDGE ( 'NONE', *, *, #1332, .T. ) ;
#806 = DIRECTION ( 'NONE',  ( -1.000000000000000000, -0.000000000000000000, -0.000000000000000000 ) ) ;
#807 = ORIENTED_EDGE ( 'NONE', *, *, #1068, .T. ) ;
#808 = LINE ( 'NONE', #10135, #2619 ) ;
#809 = CARTESIAN_POINT ( 'NONE',  ( 11.90496487544927184, 7.367007609010136626, 10.48855529786681018 ) ) ;
#810 = ORIENTED_EDGE ( 'NONE', *, *, #4569, .T. ) ;
#811 = DIRECTION ( 'NONE',  ( 1.000000000000000000, -0.000000000000000000, -0.000000000000000000 ) ) ;
#812 = LOCAL_TIME ( 6, 20, 33.00000000000000000, #1784 ) ;
#813 = CARTESIAN_POINT ( 'NONE',  ( 2.600000000000000089, 0.000000000000000000, 12.00000000000000000 ) ) ;
#814 = CC_DESIGN_PERSON_AND_ORGANIZATION_ASSIGNMENT ( #2904, #2966, ( #10346 ) ) ;
#815 = DATE_AND_TIME ( #1694, #2657 ) ;
#816 = LINE ( 'NONE', #4168, #6653 ) ;
#817 = LINE ( 'NONE', #10097, #9226 ) ;
#818 = CC_DESIGN_SECURITY_CLASSIFICATION ( #3976, ( #4328 ) ) ;
#819 = FACE_OUTER_BOUND ( 'NONE', #540, .T. ) ;
#820 = ORIENTED_EDGE ( 'NONE', *, *, #3479, .T. ) ;
#821 = CARTESIAN_POINT ( 'NONE',  ( -7.343204658989566092, -0.000000000000000000, 3.442637939848413264 ) ) ;
#822 = LINE ( 'NONE', #3298, #6465 ) ;
#823 = PERSON_AND_ORGANIZATION ( #6743, #3319 ) ;
#824 = CC_DESIGN_APPROVAL ( #6525, ( #6665 ) ) ;
#825 = EDGE_CURVE ( 'NONE', #2284, #8408, #397, .T. ) ;
#826 = CIRCLE ( 'NONE', #1357, 1.700000000000000178 ) ;
#827 = CARTESIAN_POINT ( 'NONE',  ( -21.00000000000000000, 0.000000000000000000, 24.00000000000000000 ) ) ;
#828 =( REPRESENTATION_RELATIONSHIP ('NONE','NONE', #1311, #3424 ) REPRESENTATION_RELATIONSHIP_WITH_TRANSFORMATION ( #5865 )SHAPE_REPRESENTATION_RELATIONSHIP( ) );
#829 = ORIENTED_EDGE ( 'NONE', *, *, #4090, .F. ) ;
#830 = EDGE_LOOP ( 'NONE', ( #6118, #7091, #927, #10149 ) ) ;
#831 = CC_DESIGN_SECURITY_CLASSIFICATION ( #6808, ( #3985 ) ) ;
#832 = ORIENTED_EDGE ( 'NONE', *, *, #1274, .F. ) ;
#833 = ADVANCED_FACE ( 'NONE', ( #2103 ), #3033, .F. ) ;
#834 = ORIENTED_EDGE ( 'NONE', *, *, #5813, .F. ) ;
#835 = CYLINDRICAL_SURFACE ( 'NONE', #8645, 2.600000000000000089 ) ;
#836 = DIRECTION ( 'NONE',  ( 1.000000000000000000, 0.000000000000000000, 0.000000000000000000 ) ) ;
#837 = CARTESIAN_POINT ( 'NONE',  ( 18.95702773923616036, -7.361289099003365699, -0.000000000000000000 ) ) ;
#838 = DIRECTION ( 'NONE',  ( -0.000000000000000000, 1.000000000000000000, 0.000000000000000000 ) ) ;
#839 = CARTESIAN_POINT ( 'NONE',  ( 10.01747428353794866, 9.780869486404816016, 8.486530660924678671 ) ) ;
#840 = DATE_AND_TIME ( #5016, #8208 ) ;
#841 = CIRCLE ( 'NONE', #7872, 1.700000000000000178 ) ;
#842 = APPROVAL_DATE_TIME ( #20, #7547 ) ;
#843 = ORIENTED_EDGE ( 'NONE', *, *, #4354, .F. ) ;
#844 = PERSON ( 'NAUO-PER12', 'UNSPECIFIED', 'UNSPECIFIED', ('UNSPECIFIED'), ('UNSPECIFIED'), ('UNSPECIFIED') ) ;
#845 =( GEOMETRIC_REPRESENTATION_CONTEXT ( 3 ) GLOBAL_UNCERTAINTY_ASSIGNED_CONTEXT ( ( #6703 ) ) GLOBAL_UNIT_ASSIGNED_CONTEXT ( ( #2476, #3295, #3 ) ) REPRESENTATION_CONTEXT ( 'NONE', 'WORKASPACE' ) );
#846 = ORIENTED_EDGE ( 'NONE', *, *, #9682, .F. ) ;
#847 = LINE ( 'NONE', #8456, #7634 ) ;
#848 = VECTOR ( 'NONE', #8132, 1000.000000000000000 ) ;
#849 = ADVANCED_FACE ( 'NONE', ( #1166, #4583, #343 ), #9828, .T. ) ;
#850 = VERTEX_POINT ( 'NONE', #10495 ) ;
#851 = CARTESIAN_POINT ( 'NONE',  ( -1.000000000000000000, 19.50000000000000000, 58.00000000000000000 ) ) ;
#852 = CARTESIAN_POINT ( 'NONE',  ( 32.65679534101004577, -0.000000000000000000, 3.442637939846629802 ) ) ;
#853 = CARTESIAN_POINT ( 'NONE',  ( -10.50000000000000000, -1.300000000000000044, 0.000000000000000000 ) ) ;
#854 = AXIS2_PLACEMENT_3D ( 'NONE', #6165, #10327, #6054 ) ;
#855 = DATE_AND_TIME ( #8511, #8433 ) ;
#856 = DIRECTION ( 'NONE',  ( 0.000000000000000000, 0.000000000000000000, -1.000000000000000000 ) ) ;
#857 = AXIS2_PLACEMENT_3D ( 'NONE', #3491, #6734, #5250 ) ;
#858 = VERTEX_POINT ( 'NONE', #3740 ) ;
#859 = VECTOR ( 'NONE', #7540, 1000.000000000000000 ) ;
#860 = CIRCLE ( 'NONE', #166, 1.700000000000000178 ) ;
#861 = ORIENTED_EDGE ( 'NONE', *, *, #6093, .T. ) ;
#862 = CARTESIAN_POINT ( 'NONE',  ( 35.60000000000000142, 67.50000000000000000, -1.200000000000000030E-05 ) ) ;
#863 = ADVANCED_FACE ( 'NONE', ( #4745, #4522, #3796, #6271, #8111, #567 ), #10656, .F. ) ;
#864 = ORIENTED_EDGE ( 'NONE', *, *, #9590, .T. ) ;
#865 = DIRECTION ( 'NONE',  ( -0.000000000000000000, -0.000000000000000000, 1.000000000000000000 ) ) ;
#866 = CARTESIAN_POINT ( 'NONE',  ( -19.00000000000000000, 9.000000000000000000, 8.300000000000000711 ) ) ;
#867 = APPROVAL_PERSON_ORGANIZATION ( #6177, #359, #9562 ) ;
#868 = EDGE_CURVE ( 'NONE', #389, #5862, #7943, .T. ) ;
#869 = B_SPLINE_CURVE_WITH_KNOTS ( 'NONE', 3,
 ( #2300, #1476, #1749, #10089, #9359, #3502, #7156, #2513, #8471, #4158, #5095, #4334, #7684, #1688, #1028, #9244, #5858, #4223 ),
 .UNSPECIFIED., .F., .F.,
 ( 4, 2, 2, 2, 2, 2, 2, 2, 4 ),
 ( 0.000000000000000000, 0.06250000000000000000, 0.1250000000000000000, 0.1875000000000000000, 0.2500000000000000000, 0.3125000000000000000, 0.3750000000000000000, 0.4375000000000000000, 0.5000000000000000000 ),
 .UNSPECIFIED. ) ;
#870 = EDGE_CURVE ( 'NONE', #6581, #5599, #7886, .T. ) ;
#871 = ORIENTED_EDGE ( 'NONE', *, *, #7043, .F. ) ;
#872 = LINE ( 'NONE', #1643, #2954 ) ;
#873 = VECTOR ( 'NONE', #234, 1000.000000000000000 ) ;
#874 = CARTESIAN_POINT ( 'NONE',  ( -7.299930488763834546, -0.000000000000000000, 20.77491600511498149 ) ) ;
#875 = FACE_OUTER_BOUND ( 'NONE', #3145, .T. ) ;
#876 = CARTESIAN_POINT ( 'NONE',  ( 0.000000000000000000, 0.000000000000000000, 5.000000000000000000 ) ) ;
#877 = LINE ( 'NONE', #5273, #8353 ) ;
#878 = EDGE_LOOP ( 'NONE', ( #3046, #10138, #8546, #2578 ) ) ;
#879 = CARTESIAN_POINT ( 'NONE',  ( -8.141461068210000818, -0.000000000000000000, 4.484523509543861586 ) ) ;
#880 = CARTESIAN_POINT ( 'NONE',  ( -10.50000000000000000, 80.50000000000000000, 0.000000000000000000 ) ) ;
#881 = CALENDAR_DATE ( 2026, 18, 9 ) ;
#882 = CARTESIAN_POINT ( 'NONE',  ( 122.5156049304716674, 0.8584857301873822788, 0.000000000000000000 ) ) ;
#883 = AXIS2_PLACEMENT_3D ( 'NONE', #7327, #3309, #6671 ) ;
#884 = PERSON_AND_ORGANIZATION_ROLE ( 'classification_officer' ) ;
#885 = PLANE ( 'NONE',  #9137 ) ;
#886 = VERTEX_POINT ( 'NONE', #6435 ) ;
#887 = CC_DESIGN_PERSON_AND_ORGANIZATION_ASSIGNMENT ( #9103, #8279, ( #10665 ) ) ;
#888 = CIRCLE ( 'NONE', #7038, 1.700000000000000178 ) ;
#889 = APPROVAL ( #9441, 'ๆช' ) ;
#890 = ORIENTED_EDGE ( 'NONE', *, *, #10429, .F. ) ;
#891 = EDGE_LOOP ( 'NONE', ( #9081, #6159, #6381, #10658 ) ) ;
#892 = CARTESIAN_POINT ( 'NONE',  ( 12.00000000000000000, -12.00000000000000000, 20.00000000000000000 ) ) ;
#893 = CARTESIAN_POINT ( 'NONE',  ( -20.00000000000000000, -6.000000000000000152E-06, 10.30000000000000071 ) ) ;
#894 = CARTESIAN_POINT ( 'NONE',  ( 0.000000000000000000, 0.000000000000000000, 0.000000000000000000 ) ) ;
#895 = CARTESIAN_POINT ( 'NONE',  ( 24.30000000000000071, 45.00000000000000000, 5.000000000000000000 ) ) ;
#896 = CARTESIAN_POINT ( 'NONE',  ( 29.63880920472989899, 29.95712604296879888, 0.000000000000000000 ) ) ;
#897 = APPROVAL_STATUS ( 'not_yet_approved' ) ;
#898 = COORDINATED_UNIVERSAL_TIME_OFFSET ( 5, 0, .BEHIND. ) ;
#899 = ORIENTED_EDGE ( 'NONE', *, *, #9277, .T. ) ;
#900 = EDGE_CURVE ( 'NONE', #3817, #7253, #7218, .T. ) ;
#901 = CLOSED_SHELL ( 'NONE', ( #5307, #6346, #10491, #9390, #1647, #2318, #2746, #3984, #6690, #10703, #4291, #9457, #1468, #6898, #9514, #2399, #237, #9370, #10219, #5643, #3793, #325, #4741, #7059, #6710, #6632, #5895, #7278, #8392, #6853, #2248, #183, #9080, #3210, #4218, #9022, #1333, #6483 ) ) ;
#902 = VERTEX_POINT ( 'NONE', #2153 ) ;
#903 = CARTESIAN_POINT ( 'NONE',  ( 0.000000000000000000, 0.000000000000000000, 4.000000000000000000 ) ) ;
#904 = EDGE_CURVE ( 'NONE', #1450, #2290, #5458, .T. ) ;
#905 = ORIENTED_EDGE ( 'NONE', *, *, #7641, .F. ) ;
#906 = CARTESIAN_POINT ( 'NONE',  ( 43.00000000000000000, 8.000000000000000000, 24.00000000000000000 ) ) ;
#907 = CARTESIAN_POINT ( 'NONE',  ( -9.858538931791278159, 50.48452350954335088, -0.000000000000000000 ) ) ;
#908 = DIRECTION ( 'NONE',  ( 0.000000000000000000, -1.000000000000000000, 0.000000000000000000 ) ) ;
#909 = DATE_AND_TIME ( #5136, #6131 ) ;
#910 = DIRECTION ( 'NONE',  ( 1.000000000000000000, 0.000000000000000000, 0.000000000000000000 ) ) ;
#911 = ORIENTED_EDGE ( 'NONE', *, *, #4950, .T. ) ;
#912 = EDGE_CURVE ( 'NONE', #3896, #8372, #826, .T. ) ;
#913 = VERTEX_POINT ( 'NONE', #451 ) ;
#914 = CARTESIAN_POINT ( 'NONE',  ( -9.000000000000000000, 81.00000000000000000, 1.300000000000000044 ) ) ;
#915 = ORIENTED_EDGE ( 'NONE', *, *, #8401, .F. ) ;
#916 = CARTESIAN_POINT ( 'NONE',  ( -35.00000000000000000, 70.00000000000000000, 5.000000000000000000 ) ) ;
#917 = CARTESIAN_POINT ( 'NONE',  ( -10.50000000000000000, 1.300000000000000044, -0.09997027095160138099 ) ) ;
#918 = CARTESIAN_POINT ( 'NONE',  ( 3.000000000000000000, 27.50000000000000000, 58.00000000000000000 ) ) ;
#919 = CYLINDRICAL_SURFACE ( 'NONE', #6637, 1.700000000000000178 ) ;
#920 = CARTESIAN_POINT ( 'NONE',  ( -8.557415261748692714, -0.000000000000000000, 22.65666690099451586 ) ) ;
#921 = APPROVAL_DATE_TIME ( #4281, #7608 ) ;
#922 = EDGE_CURVE ( 'NONE', #5009, #2797, #8779, .T. ) ;
#923 = ADVANCED_FACE ( 'NONE', ( #8883, #1331, #4183, #730, #9166 ), #3961, .F. ) ;
#924 = DIRECTION ( 'NONE',  ( 0.000000000000000000, 0.000000000000000000, -1.000000000000000000 ) ) ;
#925 = CARTESIAN_POINT ( 'NONE',  ( -18.51567465788468780, -34.85865392012780717, 0.000000000000000000 ) ) ;
#926 = DIRECTION ( 'NONE',  ( -0.000000000000000000, 1.000000000000000000, -0.000000000000000000 ) ) ;
#927 = ORIENTED_EDGE ( 'NONE', *, *, #8248, .F. ) ;
#928 = CARTESIAN_POINT ( 'NONE',  ( -8.141514269807103688, 0.000000000000000000, 1.515604930472429279 ) ) ;
#929 = DIRECTION ( 'NONE',  ( 1.000000000000000000, -0.000000000000000000, -0.000000000000000000 ) ) ;
#930 = APPLICATION_PROTOCOL_DEFINITION ( 'international standard', 'config_control_design', 1994, #7796 ) ;
#931 = CARTESIAN_POINT ( 'NONE',  ( 124.8584857301940900, 1.484395069527666866, 0.000000000000000000 ) ) ;
#932 = APPROVAL_ROLE ( '' ) ;
#933 = ADVANCED_FACE ( 'NONE', ( #7323 ), #9888, .T. ) ;
#934 = PLANE ( 'NONE',  #6781 ) ;
#935 = ORIENTED_EDGE ( 'NONE', *, *, #1374, .F. ) ;
#936 = EDGE_LOOP ( 'NONE', ( #1269, #4259, #527, #6312 ) ) ;
#937 = ORIENTED_EDGE ( 'NONE', *, *, #5003, .T. ) ;
#938 = DIRECTION ( 'NONE',  ( -1.000000000000000000, -0.000000000000000000, -0.000000000000000000 ) ) ;
#939 = DIRECTION ( 'NONE',  ( 1.000000000000000000, 0.000000000000000000, 0.000000000000000000 ) ) ;
#940 = DIRECTION ( 'NONE',  ( 0.000000000000000000, 0.000000000000000000, -1.000000000000000000 ) ) ;
#941 = AXIS2_PLACEMENT_3D ( 'NONE', #27, #9186, #5849 ) ;
#942 = DIRECTION ( 'NONE',  ( -0.000000000000000000, -0.000000000000000000, 1.000000000000000000 ) ) ;
#943 = CARTESIAN_POINT ( 'NONE',  ( 31.44258473825040667, 29.34333309900495834, 0.000000000000000000 ) ) ;
#944 = PERSON_AND_ORGANIZATION ( #6743, #3319 ) ;
#945 = DATE_AND_TIME ( #2757, #3632 ) ;
#946 = CC_DESIGN_PERSON_AND_ORGANIZATION_ASSIGNMENT ( #10755, #4004, ( #6593 ) ) ;
#947 = CC_DESIGN_PERSON_AND_ORGANIZATION_ASSIGNMENT ( #6055, #1893, ( #4328 ) ) ;
#948 = AXIS2_PLACEMENT_3D ( 'NONE', #2297, #2402, #5647 ) ;
#949 = DIRECTION ( 'NONE',  ( 1.000000000000000000, 0.000000000000000000, 0.000000000000000000 ) ) ;
#950 = EDGE_LOOP ( 'NONE', ( #6409, #1638 ) ) ;
#951 = DIRECTION ( 'NONE',  ( 0.000000000000000000, 0.000000000000000000, 1.000000000000000000 ) ) ;
#952 = ORIENTED_EDGE ( 'NONE', *, *, #10371, .F. ) ;
#953 = CARTESIAN_POINT ( 'NONE',  ( 0.000000000000000000, 0.000000000000000000, 90.00000000000000000 ) ) ;
#954 = CARTESIAN_POINT ( 'NONE',  ( 32.65666690099504166, 0.000000000000000000, 2.557415261749591551 ) ) ;
#955 = CARTESIAN_POINT ( 'NONE',  ( 0.000000000000000000, -1.300000000000000044, 0.000000000000000000 ) ) ;
#956 = SHAPE_REPRESENTATION ( 'V2_REF_625ZZ', ( #7172 ), #8058 ) ;
#957 = DIRECTION ( 'NONE',  ( 0.000000000000000000, 0.000000000000000000, 1.000000000000000000 ) ) ;
#958 = AXIS2_PLACEMENT_3D ( 'NONE', #1650, #4996, #3132 ) ;
#959 = LINE ( 'NONE', #9237, #2960 ) ;
#960 = APPROVAL_DATE_TIME ( #7742, #7130 ) ;
#961 = ORIENTED_EDGE ( 'NONE', *, *, #7363, .F. ) ;
#962 = ADVANCED_FACE ( 'NONE', ( #8380 ), #7545, .T. ) ;
#963 = AXIS2_PLACEMENT_3D ( 'NONE', #2301, #4940, #5649 ) ;
#964 = ORIENTED_EDGE ( 'NONE', *, *, #8204, .F. ) ;
#965 = DIRECTION ( 'NONE',  ( 1.000000000000000000, -0.000000000000000000, 0.000000000000000000 ) ) ;
#966 = CC_DESIGN_SECURITY_CLASSIFICATION ( #3597, ( #10902 ) ) ;
#967 = EDGE_LOOP ( 'NONE', ( #5083, #5237, #4416, #10517 ) ) ;
#968 = DIRECTION ( 'NONE',  ( 0.000000000000000000, 1.000000000000000000, 0.000000000000000000 ) ) ;
#969 = CARTESIAN_POINT ( 'NONE',  ( 0.000000000000000000, 0.000000000000000000, 0.000000000000000000 ) ) ;
#970 = CARTESIAN_POINT ( 'NONE',  ( 0.5999999999999999778, 18.99052395275075256, 4.000000000000000000 ) ) ;
#972 = EDGE_CURVE ( 'NONE', #2373, #10608, #1211, .T. ) ;
#971 = ORIENTED_EDGE ( 'NONE', *, *, #8339, .F. ) ;
#973 = DIRECTION ( 'NONE',  ( 1.000000000000000000, 0.000000000000000000, 0.000000000000000000 ) ) ;
#974 = DIRECTION ( 'NONE',  ( -0.000000000000000000, -0.000000000000000000, 1.000000000000000000 ) ) ;
#975 = SECURITY_CLASSIFICATION ( '', '', #9149 ) ;
#976 = PERSON_AND_ORGANIZATION_ROLE ( 'classification_officer' ) ;
#977 = ADVANCED_BREP_SHAPE_REPRESENTATION ( '', ( #525, #7172 ), #6472 ) ;
#978 = FACE_OUTER_BOUND ( 'NONE', #8610, .T. ) ;
#979 = CARTESIAN_POINT ( 'NONE',  ( 35.00000000000000000, -70.00000000000000000, 0.000000000000000000 ) ) ;
#980 = CARTESIAN_POINT ( 'NONE',  ( -11.81331098413178893, 7.513279486513933847, 10.83318915821548956 ) ) ;
#981 = PRODUCT_DEFINITION_FORMATION_WITH_SPECIFIED_SOURCE ( 'ไป', '', #8637, .NOT_KNOWN. ) ;
#983 = EDGE_CURVE ( 'NONE', #2386, #5766, #9105, .T. ) ;
#982 = ORIENTED_EDGE ( 'NONE', *, *, #112, .F. ) ;
#984 = CARTESIAN_POINT ( 'NONE',  ( 255.8000000000000398, 0.000000000000000000, 0.000000000000000000 ) ) ;
#985 = DIRECTION ( 'NONE',  ( 1.000000000000000000, 0.000000000000000000, 0.000000000000000000 ) ) ;
#986 = PERSON_AND_ORGANIZATION_ROLE ( 'creator' ) ;
#987 = CARTESIAN_POINT ( 'NONE',  ( -21.70006951123579242, -0.000000000000000000, 12.22508399488629038 ) ) ;
#988 = CONTEXT_DEPENDENT_SHAPE_REPRESENTATION ( #10082, #2997 ) ;
#989 = LOCAL_TIME ( 6, 20, 33.00000000000000000, #5553 ) ;
#990 = CARTESIAN_POINT ( 'NONE',  ( -7.299999999999998934, 31.00000000000000000, -6.000000000000000152E-06 ) ) ;
#991 = VERTEX_POINT ( 'NONE', #4079 ) ;
#992 = ORIENTED_EDGE ( 'NONE', *, *, #1308, .T. ) ;
#994 = EDGE_CURVE ( 'NONE', #5448, #1861, #7234, .T. ) ;
#993 = ORIENTED_EDGE ( 'NONE', *, *, #10100, .T. ) ;
#995 = LINE ( 'NONE', #7601, #2118 ) ;
#996 = DIRECTION ( 'NONE',  ( 1.000000000000000000, 0.000000000000000000, 0.000000000000000000 ) ) ;
#997 = CARTESIAN_POINT ( 'NONE',  ( -12.00000000000000000, 7.000000000000000000, 15.00000000000000000 ) ) ;
#998 = ADVANCED_FACE ( 'NONE', ( #4851, #5619 ), #621, .F. ) ;
#999 = CC_DESIGN_APPROVAL ( #7130, ( #9988 ) ) ;
#1000 = CARTESIAN_POINT ( 'NONE',  ( 1.634374254348486266, 2.027707120433111410, -0.000000000000000000 ) ) ;
#1001 = CARTESIAN_POINT ( 'NONE',  ( 30.77491600511334013, 29.30006951123578673, 0.000000000000000000 ) ) ;
#1002 = PERSON_AND_ORGANIZATION_ROLE ( 'classification_officer' ) ;
#1003 = PERSON_AND_ORGANIZATION_ROLE ( 'classification_officer' ) ;
#1004 = ORIENTED_EDGE ( 'NONE', *, *, #3578, .F. ) ;
#1005 = CARTESIAN_POINT ( 'NONE',  ( -9.000000000000000000, 31.00000000000000000, -1.200000000000000030E-05 ) ) ;
#1006 = LOCAL_TIME ( 6, 20, 33.00000000000000000, #5472 ) ;
#1007 = VERTEX_POINT ( 'NONE', #2484 ) ;
#1008 = FACE_BOUND ( 'NONE', #6799, .T. ) ;
#1009 = ORIENTED_EDGE ( 'NONE', *, *, #10520, .T. ) ;
#1010 = ORIENTED_EDGE ( 'NONE', *, *, #3741, .T. ) ;
#1011 = DIRECTION ( 'NONE',  ( 0.000000000000000000, 0.000000000000000000, -1.000000000000000000 ) ) ;
#1012 = CARTESIAN_POINT ( 'NONE',  ( -7.299999999999998046, 49.22525195654761632, 0.000000000000000000 ) ) ;
#1013 = FACE_OUTER_BOUND ( 'NONE', #8251, .T. ) ;
#1014 = AXIS2_PLACEMENT_3D ( 'NONE', #9947, #4914, #8116 ) ;
#1015 = CC_DESIGN_PERSON_AND_ORGANIZATION_ASSIGNMENT ( #4834, #2306, ( #6803 ) ) ;
#1016 = PERSON_AND_ORGANIZATION ( #6743, #3319 ) ;
#1017 = LOCAL_TIME ( 6, 20, 33.00000000000000000, #898 ) ;
#1018 = CARTESIAN_POINT ( 'NONE',  ( -24.30000000000000071, 57.00000000000000000, 0.000000000000000000 ) ) ;
#1019 = DATE_AND_TIME ( #5253, #6437 ) ;
#1020 = ORIENTED_EDGE ( 'NONE', *, *, #9554, .F. ) ;
#1021 =( GEOMETRIC_REPRESENTATION_CONTEXT ( 3 ) GLOBAL_UNCERTAINTY_ASSIGNED_CONTEXT ( ( #4257 ) ) GLOBAL_UNIT_ASSIGNED_CONTEXT ( ( #4575, #3734, #335 ) ) REPRESENTATION_CONTEXT ( 'NONE', 'WORKASPACE' ) );
#1022 = CIRCLE ( 'NONE', #307, 1.700000000000007061 ) ;
#1023 = ORIENTED_EDGE ( 'NONE', *, *, #5005, .T. ) ;
#1024 = LINE ( 'NONE', #7747, #10650 ) ;
#1025 = VECTOR ( 'NONE', #2079, 1000.000000000000000 ) ;
#1026 = ORIENTED_EDGE ( 'NONE', *, *, #4937, .T. ) ;
#1027 = CARTESIAN_POINT ( 'NONE',  ( 2.600000000000000089, 0.000000000000000000, -1.200000000000000030E-05 ) ) ;
#1028 = CARTESIAN_POINT ( 'NONE',  ( -19.14151426980784976, 0.000000000000000000, 10.51560493047243305 ) ) ;
#1029 = LINE ( 'NONE', #7520, #2352 ) ;
#1030 = CC_DESIGN_PERSON_AND_ORGANIZATION_ASSIGNMENT ( #8622, #1003, ( #6626 ) ) ;
#1031 = PRODUCT_RELATED_PRODUCT_CATEGORY ( 'detail', '', ( #8637 ) ) ;
#1032 = CARTESIAN_POINT ( 'NONE',  ( 11.87876165948471652, 7.409364245642842128, 7.888093465597637355 ) ) ;
#1033 = CARTESIAN_POINT ( 'NONE',  ( -6.000000000000000000, -1.300000000000000044, -0.09997027095160138099 ) ) ;
#1034 = AXIS2_PLACEMENT_3D ( 'NONE', #4964, #10066, #4132 ) ;
#1035 = AXIS2_PLACEMENT_3D ( 'NONE', #3701, #8687, #4645 ) ;
#1036 = CIRCLE ( 'NONE', #7174, 1.700000000000000178 ) ;
#1037 = DIRECTION ( 'NONE',  ( 0.000000000000000000, 0.000000000000000000, 1.000000000000000000 ) ) ;
#1038 = VECTOR ( 'NONE', #459, 1000.000000000000000 ) ;
#1039 = CALENDAR_DATE ( 2026, 18, 9 ) ;
#1040 = EDGE_CURVE ( 'NONE', #7651, #7466, #10821, .T. ) ;
#1041 = LINE ( 'NONE', #8702, #10039 ) ;
#1042 = LINE ( 'NONE', #5050, #6356 ) ;
#1043 = VECTOR ( 'NONE', #5111, 1000.000000000000000 ) ;
#1044 = CARTESIAN_POINT ( 'NONE',  ( -11.32690702869583532, 8.231531534232544800, 11.52987977232460182 ) ) ;
#1045 = AXIS2_PLACEMENT_3D ( 'NONE', #3489, #10236, #6733 ) ;
#1046 = ORIENTED_EDGE ( 'NONE', *, *, #922, .T. ) ;
#1047 = CARTESIAN_POINT ( 'NONE',  ( -7.343333099005222131, 0.000000000000000000, 2.557415261748959612 ) ) ;
#1048 = DIRECTION ( 'NONE',  ( 0.000000000000000000, 0.000000000000000000, 1.000000000000000000 ) ) ;
#1049 = APPLICATION_CONTEXT ( 'configuration controlled 3d designs of mechanical parts and assemblies' ) ;
#1050 = APPLICATION_PROTOCOL_DEFINITION ( 'international standard', 'config_control_design', 1994, #7856 ) ;
#1051 = CARTESIAN_POINT ( 'NONE',  ( 125.3611907952777784, 1.042873957027442122, 0.000000000000000000 ) ) ;
#1052 = PERSON_AND_ORGANIZATION_ROLE ( 'classification_officer' ) ;
#1053 = EDGE_CURVE ( 'NONE', #7748, #1661, #9996, .T. ) ;
#1054 = VECTOR ( 'NONE', #7045, 1000.000000000000000 ) ;
#1055 = ADVANCED_FACE ( 'NONE', ( #7382 ), #4024, .F. ) ;
#1056 = LINE ( 'NONE', #110, #4385 ) ;
#1057 = EDGE_LOOP ( 'NONE', ( #2061, #4329, #4679, #600 ) ) ;
#1058 = ORIENTED_EDGE ( 'NONE', *, *, #6569, .F. ) ;
#1059 = ORIENTED_EDGE ( 'NONE', *, *, #568, .T. ) ;
#1060 = CARTESIAN_POINT ( 'NONE',  ( 0.000000000000000000, 27.50000000000000000, 0.000000000000000000 ) ) ;
#1061 = DIRECTION ( 'NONE',  ( 0.000000000000000000, 1.000000000000000000, 0.000000000000000000 ) ) ;
#1062 = CARTESIAN_POINT ( 'NONE',  ( 2.082076604084940108, -1.594977014734290321, -0.000000000000000000 ) ) ;
#1063 = CARTESIAN_POINT ( 'NONE',  ( 0.8803804287024865616, 2.463630117896262739, -0.000000000000000000 ) ) ;
#1064 = VECTOR ( 'NONE', #8502, 1000.000000000000000 ) ;
#1065 = DIRECTION ( 'NONE',  ( 1.000000000000000000, 0.000000000000000000, 0.000000000000000000 ) ) ;
#1066 = COORDINATED_UNIVERSAL_TIME_OFFSET ( 5, 0, .BEHIND. ) ;
#1067 = APPROVAL_ROLE ( '' ) ;
#1068 = EDGE_CURVE ( 'NONE', #1873, #8907, #9942, .T. ) ;
#1069 = EDGE_CURVE ( 'NONE', #1397, #5131, #694, .T. ) ;
#1070 = CARTESIAN_POINT ( 'NONE',  ( -27.69999999999999929, -45.00000000000000000, -1.200000000000000030E-05 ) ) ;
#1071 = VECTOR ( 'NONE', #4318, 1000.000000000000000 ) ;
#1072 = ORIENTED_EDGE ( 'NONE', *, *, #7843, .F. ) ;
#1073 = PLANE ( 'NONE',  #4826 ) ;
#1074 = ORIENTED_EDGE ( 'NONE', *, *, #1542, .T. ) ;
#1075 = DIRECTION ( 'NONE',  ( 1.000000000000000000, 0.000000000000000000, 0.000000000000000000 ) ) ;
#1076 = DIRECTION ( 'NONE',  ( 0.000000000000000000, 1.000000000000000000, 0.000000000000000000 ) ) ;
#1077 = LINE ( 'NONE', #7787, #6125 ) ;
#1078 = DATE_AND_TIME ( #7061, #5025 ) ;
#1079 = DIRECTION ( 'NONE',  ( -0.000000000000000000, -0.000000000000000000, -1.000000000000000000 ) ) ;
#1080 = APPROVAL_ROLE ( '' ) ;
#1081 = EDGE_LOOP ( 'NONE', ( #1382, #843, #138, #1802 ) ) ;
#1082 = ADVANCED_FACE ( 'NONE', ( #1657 ), #5006, .F. ) ;
#1083 = ORIENTED_EDGE ( 'NONE', *, *, #5020, .T. ) ;
#1084 = CARTESIAN_POINT ( 'NONE',  ( 0.000000000000000000, 25.00000000000000000, 0.000000000000000000 ) ) ;
#1085 = SECURITY_CLASSIFICATION ( '', '', #6752 ) ;
#1086 = ORIENTED_EDGE ( 'NONE', *, *, #2908, .F. ) ;
#1087 = DIRECTION ( 'NONE',  ( -0.000000000000000000, -0.000000000000000000, 1.000000000000000000 ) ) ;
#1088 = CARTESIAN_POINT ( 'NONE',  ( -18.51567465788469136, -6.858653920127071757, 0.000000000000000000 ) ) ;
#1089 = CARTESIAN_POINT ( 'NONE',  ( 0.000000000000000000, 3.000000000000000000, 149.0000000000000000 ) ) ;
#1090 = VECTOR ( 'NONE', #4859, 1000.000000000000000 ) ;
#1091 = CARTESIAN_POINT ( 'NONE',  ( -7.343333099005669773, 31.44258473825168565, -0.000000000000000000 ) ) ;
#1092 = CC_DESIGN_PERSON_AND_ORGANIZATION_ASSIGNMENT ( #1990, #4631, ( #6794 ) ) ;
#1093 = UNCERTAINTY_MEASURE_WITH_UNIT (LENGTH_MEASURE( 1.000000000000000082E-05 ), #9452, 'distance_accuracy_value', 'NONE');
#1094 = CYLINDRICAL_SURFACE ( 'NONE', #10743, 14.00000000000000000 ) ;
#1095 = DIRECTION ( 'NONE',  ( -1.000000000000000000, -0.000000000000000000, -0.000000000000000000 ) ) ;
#1096 = CARTESIAN_POINT ( 'NONE',  ( 10.50000000000000000, -1.300000000000000044, -0.09997027095160138099 ) ) ;
#1097 = DIRECTION ( 'NONE',  ( -0.000000000000000000, -1.000000000000000000, -0.000000000000000000 ) ) ;
#1098 = ORIENTED_EDGE ( 'NONE', *, *, #1130, .T. ) ;
#1099 = EDGE_LOOP ( 'NONE', ( #10324, #1020 ) ) ;
#1100 = CARTESIAN_POINT ( 'NONE',  ( 0.000000000000000000, 0.000000000000000000, 0.000000000000000000 ) ) ;
#1101 = CARTESIAN_POINT ( 'NONE',  ( 1.313216681092871818, -2.270342840037188559, -0.000000000000000000 ) ) ;
#1102 = ADVANCED_FACE ( 'NONE', ( #5064 ), #885, .T. ) ;
#1103 = PERSON_AND_ORGANIZATION ( #6743, #3319 ) ;
#1104 = DIRECTION ( 'NONE',  ( 0.000000000000000000, 0.000000000000000000, 1.000000000000000000 ) ) ;
#1105 = COORDINATED_UNIVERSAL_TIME_OFFSET ( 5, 0, .BEHIND. ) ;
#1106 = CARTESIAN_POINT ( 'NONE',  ( -28.00000000000000000, 8.000000000000000000, 0.000000000000000000 ) ) ;
#1107 = ORIENTED_EDGE ( 'NONE', *, *, #8402, .F. ) ;
#1108 = ORIENTED_EDGE ( 'NONE', *, *, #802, .T. ) ;
#1109 = FACE_BOUND ( 'NONE', #2750, .T. ) ;
#1110 =( NAMED_UNIT ( * ) PLANE_ANGLE_UNIT ( ) SI_UNIT ( $, .RADIAN. ) );
#1111 = DIRECTION ( 'NONE',  ( -0.000000000000000000, -1.000000000000000000, -0.000000000000000000 ) ) ;
#1112 = FACE_OUTER_BOUND ( 'NONE', #1513, .T. ) ;
#1113 = EDGE_CURVE ( 'NONE', #10350, #886, #5879, .T. ) ;
#1114 = ORIENTED_EDGE ( 'NONE', *, *, #4478, .T. ) ;
#1115 = APPROVAL_ROLE ( '' ) ;
#1116 = CONTEXT_DEPENDENT_SHAPE_REPRESENTATION ( #9645, #4142 ) ;
#1117 = DIRECTION ( 'NONE',  ( 0.000000000000000000, 0.000000000000000000, -1.000000000000000000 ) ) ;
#1118 = PERSON ( 'NAUO-PER6', 'UNSPECIFIED', 'UNSPECIFIED', ('UNSPECIFIED'), ('UNSPECIFIED'), ('UNSPECIFIED') ) ;
#1119 = EDGE_LOOP ( 'NONE', ( #10194, #3717, #3012, #9299 ) ) ;
#1120 = CARTESIAN_POINT ( 'NONE',  ( 31.00000000000000000, -1.200000000000000030E-05, 3.000000000000000000 ) ) ;
#1121 = ORIENTED_EDGE ( 'NONE', *, *, #10575, .F. ) ;
#1122 = PLANE ( 'NONE',  #5272 ) ;
#1123 = CARTESIAN_POINT ( 'NONE',  ( -8.557415261749071078, 47.34333309900549125, 0.000000000000000000 ) ) ;
#1124 = FACE_OUTER_BOUND ( 'NONE', #386, .T. ) ;
#1125 = PERSON_AND_ORGANIZATION ( #6743, #3319 ) ;
#1126 = EDGE_CURVE ( 'NONE', #4514, #2568, #5165, .T. ) ;
#1127 = EDGE_CURVE ( 'NONE', #9518, #1997, #9265, .T. ) ;
#1128 = VECTOR ( 'NONE', #6193, 1000.000000000000000 ) ;
#1129 = CARTESIAN_POINT ( 'NONE',  ( -0.6000001182283757339, 2.529936706146719949, -8.999999999999988370E-06 ) ) ;
#1130 = EDGE_CURVE ( 'NONE', #5835, #5069, #8605, .T. ) ;
#1131 = APPROVAL_DATE_TIME ( #9401, #10263 ) ;
#1132 = CIRCLE ( 'NONE', #2529, 1.700000000000000178 ) ;
#1133 = ORIENTED_EDGE ( 'NONE', *, *, #10887, .T. ) ;
#1134 = CARTESIAN_POINT ( 'NONE',  ( 150.0000000000000000, 0.000000000000000000, 90.00000000000000000 ) ) ;
#1135 = ORIENTED_EDGE ( 'NONE', *, *, #1606, .F. ) ;
#1136 = LINE ( 'NONE', #1027, #6492 ) ;
#1137 = CARTESIAN_POINT ( 'NONE',  ( 10.00000000000000000, 19.50000000000000000, 58.00000000000000000 ) ) ;
#1138 = CARTESIAN_POINT ( 'NONE',  ( 31.00000000000000355, -6.000000000000000152E-06, 19.30000000000000071 ) ) ;
#1139 = ADVANCED_FACE ( 'NONE', ( #4463 ), #5113, .F. ) ;
#1140 = EDGE_CURVE ( 'NONE', #2403, #8405, #1056, .T. ) ;
#1141 = DIRECTION ( 'NONE',  ( -0.000000000000000000, 1.000000000000000000, 0.000000000000000000 ) ) ;
#1142 = CIRCLE ( 'NONE', #619, 1.699999999999998401 ) ;
#1143 = CARTESIAN_POINT ( 'NONE',  ( -10.65666690099477698, 30.55741526174896094, -0.000000000000000000 ) ) ;
#1144 = FACE_OUTER_BOUND ( 'NONE', #8557, .T. ) ;
#1145 = CARTESIAN_POINT ( 'NONE',  ( -18.30000000000000071, -34.00000000000000000, -6.000000000000000152E-06 ) ) ;
#1146 = CARTESIAN_POINT ( 'NONE',  ( 19.14151426980531667, -35.48439506952831124, 0.000000000000000000 ) ) ;
#1147 = ORIENTED_EDGE ( 'NONE', *, *, #7443, .T. ) ;
#1148 = FACE_BOUND ( 'NONE', #4854, .T. ) ;
#1149 = CC_DESIGN_APPROVAL ( #8352, ( #9424 ) ) ;
#1150 = CARTESIAN_POINT ( 'NONE',  ( -9.170466408454513996, 10.57870852589375232, 9.142065046672966488 ) ) ;
#1151 = CC_DESIGN_DATE_AND_TIME_ASSIGNMENT ( #2830, #2616, ( #6086 ) ) ;
#1152 = PERSON_AND_ORGANIZATION ( #6743, #3319 ) ;
#1153 = LINE ( 'NONE', #4508, #4203 ) ;
#1154 = CARTESIAN_POINT ( 'NONE',  ( 31.60000000000000142, 67.50000000000000000, 6.000000000000000000 ) ) ;
#1155 = LOCAL_TIME ( 6, 20, 33.00000000000000000, #7252 ) ;
#1156 = VERTEX_POINT ( 'NONE', #8491 ) ;
#1157 = ORIENTED_EDGE ( 'NONE', *, *, #8784, .T. ) ;
#1158 = LINE ( 'NONE', #10434, #1774 ) ;
#1159 = CARTESIAN_POINT ( 'NONE',  ( 20.85853893179005780, -7.484523509543806519, -0.000000000000000000 ) ) ;
#1160 = CARTESIAN_POINT ( 'NONE',  ( 12.63880920472417557, 68.95712604297266068, 0.000000000000000000 ) ) ;
#1161 = ADVANCED_FACE ( 'NONE', ( #4415, #8543 ), #934, .F. ) ;
#1162 = PRODUCT ( 'V2_REF_gripper_body', 'V2_REF_gripper_body', '', ( #5410 ) ) ;
#1163 = PERSON_AND_ORGANIZATION ( #6743, #3319 ) ;
#1164 = LOCAL_TIME ( 6, 20, 33.00000000000000000, #3257 ) ;
#1165 = DATE_TIME_ROLE ( 'classification_date' ) ;
#1166 = FACE_BOUND ( 'NONE', #10242, .T. ) ;
#1167 = EDGE_CURVE ( 'NONE', #5562, #8770, #9378, .T. ) ;
#1168 = EDGE_LOOP ( 'NONE', ( #2985, #7782, #7175, #4058 ) ) ;
#1169 = DIRECTION ( 'NONE',  ( 0.000000000000000000, 0.000000000000000000, 1.000000000000000000 ) ) ;
#1170 = LOCAL_TIME ( 6, 20, 33.00000000000000000, #10104 ) ;
#1171 = VERTEX_POINT ( 'NONE', #990 ) ;
#1172 = CARTESIAN_POINT ( 'NONE',  ( -14.22508399489131214, 68.30006951123358760, 0.000000000000000000 ) ) ;
#1173 = CARTESIAN_POINT ( 'NONE',  ( 0.000000000000000000, 20.00000000000000000, 58.00000000000000000 ) ) ;
#1174 = CARTESIAN_POINT ( 'NONE',  ( 0.000000000000000000, 27.50000000000000000, 58.00000000000000000 ) ) ;
#1175 = APPROVAL_STATUS ( 'not_yet_approved' ) ;
#1176 = ORIENTED_EDGE ( 'NONE', *, *, #3880, .F. ) ;
#1177 = APPROVAL_STATUS ( 'not_yet_approved' ) ;
#1178 = CARTESIAN_POINT ( 'NONE',  ( 137.0429722607585745, 1.361289099004716840, -0.000000000000000000 ) ) ;
#1179 = CALENDAR_DATE ( 2026, 18, 9 ) ;
#1180 = LOCAL_TIME ( 6, 20, 33.00000000000000000, #1935 ) ;
#1181 = AXIS2_PLACEMENT_3D ( 'NONE', #8280, #7485, #2319 ) ;
#1182 = EDGE_CURVE ( 'NONE', #858, #10733, #2563, .T. ) ;
#1183 = VERTEX_POINT ( 'NONE', #10320 ) ;
#1184 = DIRECTION ( 'NONE',  ( 1.000000000000000000, 0.000000000000000000, 0.000000000000000000 ) ) ;
#1185 =( REPRESENTATION_RELATIONSHIP ('NONE','NONE', #1311, #6875 ) REPRESENTATION_RELATIONSHIP_WITH_TRANSFORMATION ( #9941 )SHAPE_REPRESENTATION_RELATIONSHIP( ) );
#1186 = ORIENTED_EDGE ( 'NONE', *, *, #6822, .F. ) ;
#1187 = CARTESIAN_POINT ( 'NONE',  ( -27.69999999999999929, 57.00000000000000000, 5.000000000000000000 ) ) ;
#1188 = LINE ( 'NONE', #4546, #6814 ) ;
#1189 = DIRECTION ( 'NONE',  ( -0.000000000000000000, -0.000000000000000000, 1.000000000000000000 ) ) ;
#1190 = APPROVAL_PERSON_ORGANIZATION ( #2601, #4450, #1067 ) ;
#1191 = DIRECTION ( 'NONE',  ( -1.000000000000000000, 0.000000000000000000, -0.000000000000000000 ) ) ;
#1192 = AXIS2_PLACEMENT_3D ( 'NONE', #1173, #5464, #9509 ) ;
#1193 = AXIS2_PLACEMENT_3D ( 'NONE', #3402, #2580, #169 ) ;
#1194 = VECTOR ( 'NONE', #5275, 1000.000000000000000 ) ;
#1195 = DESIGN_CONTEXT ( 'detailed design', #3990, 'design' ) ;
#1196 = CARTESIAN_POINT ( 'NONE',  ( -7.343134931576937419, 30.55753025008622359, -0.000000000000000000 ) ) ;
#1197 = EDGE_CURVE ( 'NONE', #10296, #9395, #7816, .T. ) ;
#1198 = ADVANCED_FACE ( 'NONE', ( #6766 ), #4353, .F. ) ;
#1199 = ORIENTED_EDGE ( 'NONE', *, *, #8067, .T. ) ;
#1200 = DIRECTION ( 'NONE',  ( 1.000000000000000000, -0.000000000000000000, -0.000000000000000000 ) ) ;
#1201 = AXIS2_PLACEMENT_3D ( 'NONE', #5330, #2805, #2031 ) ;
#1202 = CARTESIAN_POINT ( 'NONE',  ( 18.51547649045614108, -34.85853893178963148, -0.000000000000000000 ) ) ;
#1203 = CIRCLE ( 'NONE', #8417, 1.700000000000007061 ) ;
#1204 = ORIENTED_EDGE ( 'NONE', *, *, #8316, .T. ) ;
#1205 = CARTESIAN_POINT ( 'NONE',  ( 0.000000000000000000, -11.00000000000000000, 0.000000000000000000 ) ) ;
#1206 = CIRCLE ( 'NONE', #156, 1.700000000000000178 ) ;
#1207 = CARTESIAN_POINT ( 'NONE',  ( 125.6568650684231017, -0.4424697499179515714, -0.000000000000000000 ) ) ;
#1208 = PERSON_AND_ORGANIZATION_ROLE ( 'creator' ) ;
#1209 = CARTESIAN_POINT ( 'NONE',  ( -6.000000000000000000, 0.000000000000000000, 20.00000000000000000 ) ) ;
#1210 = COORDINATED_UNIVERSAL_TIME_OFFSET ( 5, 0, .BEHIND. ) ;
#1211 = CIRCLE ( 'NONE', #1181, 5.799999999999999822 ) ;
#1212 = ORGANIZATION ( 'NAUO-ORG23', 'UNSPECIFIED', 'UNSPECIFIED' ) ;
#1213 = VECTOR ( 'NONE', #9061, 1000.000000000000000 ) ;
#1214 = LINE ( 'NONE', #1268, #104 ) ;
#1215 = CIRCLE ( 'NONE', #698, 1.700000000000000178 ) ;
#1216 = VERTEX_POINT ( 'NONE', #9431 ) ;
#1217 = ORIENTED_EDGE ( 'NONE', *, *, #286, .T. ) ;
#1218 = ORIENTED_EDGE ( 'NONE', *, *, #5201, .F. ) ;
#1219 = DIRECTION ( 'NONE',  ( -0.000000000000000000, 1.000000000000000000, 0.000000000000000000 ) ) ;
#1220 = CARTESIAN_POINT ( 'NONE',  ( 6.000000000000000000, 1.300000000000000044, -0.09997027095160138099 ) ) ;
#1221 = CARTESIAN_POINT ( 'NONE',  ( -9.000000000000000000, -1.200000000000000030E-05, 4.700000000000000178 ) ) ;
#1222 = PERSON_AND_ORGANIZATION_ROLE ( 'creator' ) ;
#1223 = AXIS2_PLACEMENT_3D ( 'NONE', #6357, #476, #2347 ) ;
#1224 = COORDINATED_UNIVERSAL_TIME_OFFSET ( 5, 0, .BEHIND. ) ;
#1225 = CC_DESIGN_PERSON_AND_ORGANIZATION_ASSIGNMENT ( #1289, #5515, ( #6980 ) ) ;
#1226 = DIRECTION ( 'NONE',  ( 0.000000000000000000, 0.000000000000000000, 1.000000000000000000 ) ) ;
#1227 = PRODUCT_RELATED_PRODUCT_CATEGORY ( 'detail', '', ( #6602 ) ) ;
#1228 = ORIENTED_EDGE ( 'NONE', *, *, #1274, .T. ) ;
#1229 = ORIENTED_EDGE ( 'NONE', *, *, #10102, .T. ) ;
#1230 = PLANE ( 'NONE',  #2891 ) ;
#1231 = AXIS2_PLACEMENT_3D ( 'NONE', #851, #5741, #2337 ) ;
#1232 = ORIENTED_EDGE ( 'NONE', *, *, #7507, .T. ) ;
#1233 = CARTESIAN_POINT ( 'NONE',  ( -2.552093532249216423, 0.5780252676397000799, -0.000000000000000000 ) ) ;
#1234 = CARTESIAN_POINT ( 'NONE',  ( -8.141461068209626006, 47.51547649045615174, -0.000000000000000000 ) ) ;
#1235 = DIRECTION ( 'NONE',  ( 0.000000000000000000, 0.000000000000000000, -1.000000000000000000 ) ) ;
#1236 = CARTESIAN_POINT ( 'NONE',  ( 32.69999999999999574, 48.77438419509697098, -0.000000000000000000 ) ) ;
#1237 = DIRECTION ( 'NONE',  ( 1.000000000000000000, 0.000000000000000000, 0.000000000000000000 ) ) ;
#1238 = CALENDAR_DATE ( 2026, 18, 9 ) ;
#1239 = CARTESIAN_POINT ( 'NONE',  ( 27.69999999999999929, 57.00000000000000000, 0.000000000000000000 ) ) ;
#1240 = ADVANCED_BREP_SHAPE_REPRESENTATION ( '', ( #7669, #7172 ), #845 ) ;
#1241 = EDGE_CURVE ( 'NONE', #10608, #6716, #10107, .T. ) ;
#1242 = CALENDAR_DATE ( 2026, 18, 9 ) ;
#1243 = CIRCLE ( 'NONE', #8453, 1.700000000000000178 ) ;
#1244 = PRODUCT ( 'V2_REF_electronics_envelope', 'V2_REF_electronics_envelope', '', ( #3703 ) ) ;
#1245 = ORIENTED_EDGE ( 'NONE', *, *, #9465, .T. ) ;
#1246 = CARTESIAN_POINT ( 'NONE',  ( -20.00000000000000000, 8.000000000000000000, 13.70000000000000107 ) ) ;
#1247 = ORIENTED_EDGE ( 'NONE', *, *, #6756, .F. ) ;
#1248 = CARTESIAN_POINT ( 'NONE',  ( 3.000000000000000000, 146.0000000000000000, 83.00000000000000000 ) ) ;
#1249 = CARTESIAN_POINT ( 'NONE',  ( -15.04287395703200048, 71.36119079527041720, 0.000000000000000000 ) ) ;
#1250 = CARTESIAN_POINT ( 'NONE',  ( -20.00000000000000000, -12.00000000000000000, 0.000000000000000000 ) ) ;
#1251 =( NAMED_UNIT ( * ) SI_UNIT ( $, .STERADIAN. ) SOLID_ANGLE_UNIT ( ) );
#1252 = CARTESIAN_POINT ( 'NONE',  ( -7.299999999999998046, 31.22525195654760921, 0.000000000000000000 ) ) ;
#1253 = EDGE_CURVE ( 'NONE', #858, #5751, #1711, .T. ) ;
#1254 = PERSON_AND_ORGANIZATION ( #6743, #3319 ) ;
#1255 = CARTESIAN_POINT ( 'NONE',  ( -10.04297226076378990, 29.63871090099694428, -0.000000000000000000 ) ) ;
#1256 = VERTEX_POINT ( 'NONE', #8439 ) ;
#1257 = DIRECTION ( 'NONE',  ( 1.000000000000000000, 0.000000000000000000, 0.000000000000000000 ) ) ;
#1258 = LINE ( 'NONE', #315, #9953 ) ;
#1259 = ORIENTED_EDGE ( 'NONE', *, *, #7517, .T. ) ;
#1260 = FACE_BOUND ( 'NONE', #9217, .T. ) ;
#1261 = CARTESIAN_POINT ( 'NONE',  ( -11.87802137661227597, 7.410552828704602746, 9.114979469778596410 ) ) ;
#1262 = EDGE_CURVE ( 'NONE', #9955, #9266, #3407, .T. ) ;
#1263 = EDGE_CURVE ( 'NONE', #1593, #8281, #8666, .T. ) ;
#1264 = CALENDAR_DATE ( 2026, 18, 9 ) ;
#1265 = DIRECTION ( 'NONE',  ( 0.000000000000000000, 1.000000000000000000, 0.000000000000000000 ) ) ;
#1266 = CALENDAR_DATE ( 2026, 18, 9 ) ;
#1267 = ORIENTED_EDGE ( 'NONE', *, *, #9337, .F. ) ;
#1268 = CARTESIAN_POINT ( 'NONE',  ( 31.60000000000000142, 0.000000000000000000, 6.000000000000000000 ) ) ;
#1269 = ORIENTED_EDGE ( 'NONE', *, *, #8875, .T. ) ;
#1270 = ORIENTED_EDGE ( 'NONE', *, *, #10642, .F. ) ;
#1271 = DIRECTION ( 'NONE',  ( -0.000000000000000000, -0.000000000000000000, -1.000000000000000000 ) ) ;
#1272 = CARTESIAN_POINT ( 'NONE',  ( -0.3444314227433193376, -2.599930451346447846, 0.000000000000000000 ) ) ;
#1273 = CARTESIAN_POINT ( 'NONE',  ( -12.30000000000000071, 2.081899558550500526E-16, 2.000000000000000000 ) ) ;
#1274 = EDGE_CURVE ( 'NONE', #9120, #6319, #9794, .T. ) ;
#1275 = COORDINATED_UNIVERSAL_TIME_OFFSET ( 5, 0, .BEHIND. ) ;
#1276 = DATE_TIME_ROLE ( 'classification_date' ) ;
#1277 = DIRECTION ( 'NONE',  ( 0.000000000000000000, 0.000000000000000000, 1.000000000000000000 ) ) ;
#1278 = ORIENTED_EDGE ( 'NONE', *, *, #9629, .F. ) ;
#1279 = CARTESIAN_POINT ( 'NONE',  ( 0.000000000000000000, 0.000000000000000000, 16.00000000000000000 ) ) ;
#1280 = VERTEX_POINT ( 'NONE', #5446 ) ;
#1281 = LINE ( 'NONE', #4638, #7211 ) ;
#1282 = CARTESIAN_POINT ( 'NONE',  ( 29.63880920472810132, 0.000000000000000000, 4.042873957030157506 ) ) ;
#1283 = PLANE ( 'NONE',  #9850 ) ;
#1284 = DIRECTION ( 'NONE',  ( 1.000000000000000000, 0.000000000000000000, 0.000000000000000000 ) ) ;
#1285 = DIRECTION ( 'NONE',  ( -0.000000000000000000, 1.000000000000000000, -0.000000000000000000 ) ) ;
#1286 = PERSON_AND_ORGANIZATION_ROLE ( 'classification_officer' ) ;
#1287 = CARTESIAN_POINT ( 'NONE',  ( 10.00000000000000000, 19.50000000000000000, 3.000000000000016431 ) ) ;
#1288 = APPROVAL ( #9646, 'ๆช' ) ;
#1289 = PERSON_AND_ORGANIZATION ( #6743, #3319 ) ;
#1290 = ORIENTED_EDGE ( 'NONE', *, *, #7571, .F. ) ;
#1291 = CARTESIAN_POINT ( 'NONE',  ( 29.30000000000000071, 49.00000000000000000, 5.000000000000000000 ) ) ;
#1292 = ORIENTED_EDGE ( 'NONE', *, *, #6768, .T. ) ;
#1293 = DIRECTION ( 'NONE',  ( 1.000000000000000000, 0.000000000000000000, 0.000000000000000000 ) ) ;
#1294 = CARTESIAN_POINT ( 'NONE',  ( -20.85848573019289631, -7.484395069527755240, 0.000000000000000000 ) ) ;
#1295 = CARTESIAN_POINT ( 'NONE',  ( -12.00000000000000000, 7.000000000000000000, 16.69999999999999929 ) ) ;
#1296 = ORIENTED_EDGE ( 'NONE', *, *, #490, .T. ) ;
#1297 = AXIS2_PLACEMENT_3D ( 'NONE', #9234, #5903, #10126 ) ;
#1298 = B_SPLINE_CURVE_WITH_KNOTS ( 'NONE', 3,
 ( #3077, #7938, #2863, #7048, #1160, #2976, #2099, #4740, #7095, #7880, #8721, #6212, #2150, #9599, #10488, #3904, #444, #4683 ),
 .UNSPECIFIED., .F., .F.,
 ( 4, 2, 2, 2, 2, 2, 2, 2, 4 ),
 ( 0.5000000000000000000, 0.5625000000000000000, 0.6250000000000000000, 0.6875000000000000000, 0.7500000000000000000, 0.8125000000000000000, 0.8750000000000000000, 0.9375000000000000000, 1.000000000000000000 ),
 .UNSPECIFIED. ) ;
#1299 = CARTESIAN_POINT ( 'NONE',  ( 124.0000000000000000, 0.000000000000000000, 6.000000000000000000 ) ) ;
#1300 = EDGE_CURVE ( 'NONE', #10682, #8594, #6370, .T. ) ;
#1301 = ORIENTED_EDGE ( 'NONE', *, *, #8203, .T. ) ;
#1302 = CARTESIAN_POINT ( 'NONE',  ( 14.00000000000000000, 0.000000000000000000, 2.000000000000000000 ) ) ;
#1303 = VECTOR ( 'NONE', #3499, 1000.000000000000000 ) ;
#1304 = ORIENTED_EDGE ( 'NONE', *, *, #9693, .F. ) ;
#1305 = LINE ( 'NONE', #10362, #5856 ) ;
#1306 = EDGE_CURVE ( 'NONE', #4665, #4790, #8037, .T. ) ;
#1307 = DIRECTION ( 'NONE',  ( -0.000000000000000000, -0.000000000000000000, 1.000000000000000000 ) ) ;
#1308 = EDGE_CURVE ( 'NONE', #7784, #8467, #1318, .T. ) ;
#1309 = ORIENTED_EDGE ( 'NONE', *, *, #6069, .F. ) ;
#1310 = CARTESIAN_POINT ( 'NONE',  ( -10.69999999999999929, 49.00000000000000000, 5.000000000000000000 ) ) ;
#1311 = SHAPE_REPRESENTATION ( 'FlipArm_V2_deposit', ( #3139, #9667, #1388, #8616, #8256, #8957, #3659, #8068, #10025, #326, #2435, #3833, #5241, #6301, #6117, #2088, #3312, #7529, #2785, #4192, #10375, #9486, #5597, #857, #6998, #2259 ), #7889 ) ;
#1312 = CARTESIAN_POINT ( 'NONE',  ( -11.68331879213511648, 7.714078201723205908, 9.617938645161324018 ) ) ;
#1313 = CALENDAR_DATE ( 2026, 18, 9 ) ;
#1314 = CIRCLE ( 'NONE', #963, 1.700000000000000178 ) ;
#1315 = FACE_OUTER_BOUND ( 'NONE', #428, .T. ) ;
#1316 = APPROVAL_DATE_TIME ( #9705, #8093 ) ;
#1317 = VERTEX_POINT ( 'NONE', #4677 ) ;
#1318 = LINE ( 'NONE', #3846, #4673 ) ;
#1319 = EDGE_CURVE ( 'NONE', #2605, #6691, #4571, .T. ) ;
#1320 = ORIENTED_EDGE ( 'NONE', *, *, #3795, .F. ) ;
#1321 = APPROVAL_PERSON_ORGANIZATION ( #6493, #2826, #3142 ) ;
#1322 = ORIENTED_EDGE ( 'NONE', *, *, #1478, .F. ) ;
#1323 = DIRECTION ( 'NONE',  ( 0.000000000000000000, 1.000000000000000000, 0.000000000000000000 ) ) ;
#1324 =( LENGTH_UNIT ( ) NAMED_UNIT ( * ) SI_UNIT ( .MILLI., .METRE. ) );
#1325 = CARTESIAN_POINT ( 'NONE',  ( 22.00000000000000000, 0.000000000000000000, 8.000000000000000000 ) ) ;
#1326 = FACE_OUTER_BOUND ( 'NONE', #7771, .T. ) ;
#1327 = COORDINATED_UNIVERSAL_TIME_OFFSET ( 5, 0, .BEHIND. ) ;
#1328 = APPROVAL_STATUS ( 'not_yet_approved' ) ;
#1329 = PRODUCT ( 'V2_03_bearing_retainer', 'V2_03_bearing_retainer', '', ( #9483 ) ) ;
#1330 = LOCAL_TIME ( 6, 20, 33.00000000000000000, #384 ) ;
#1331 = FACE_BOUND ( 'NONE', #9818, .T. ) ;
#1332 = EDGE_CURVE ( 'NONE', #2648, #7664, #1214, .T. ) ;
#1333 = ADVANCED_FACE ( 'NONE', ( #10428 ), #2971, .F. ) ;
#1334 = ORIENTED_EDGE ( 'NONE', *, *, #4688, .T. ) ;
#1335 = EDGE_LOOP ( 'NONE', ( #300, #2299, #2321, #9476 ) ) ;
#1336 = CARTESIAN_POINT ( 'NONE',  ( -15.65666690099372360, 69.55741526174936951, -0.000000000000000000 ) ) ;
#1337 = CARTESIAN_POINT ( 'NONE',  ( -7.299999999999998934, 49.00000000000000000, -6.000000000000000152E-06 ) ) ;
#1338 = DIRECTION ( 'NONE',  ( 1.000000000000000000, 0.000000000000000000, 0.000000000000000000 ) ) ;
#1339 = APPROVAL_PERSON_ORGANIZATION ( #5569, #10809, #7838 ) ;
#1340 = CARTESIAN_POINT ( 'NONE',  ( 11.45560253456880062, 8.048713274734506484, 7.087104102551561979 ) ) ;
#1341 = DIRECTION ( 'NONE',  ( -0.000000000000000000, -0.000000000000000000, -1.000000000000000000 ) ) ;
#1342 = APPROVAL_ROLE ( '' ) ;
#1343 = LINE ( 'NONE', #9012, #859 ) ;
#1344 = APPROVAL_DATE_TIME ( #6232, #8152 ) ;
#1345 = ORIENTED_EDGE ( 'NONE', *, *, #3673, .T. ) ;
#1346 = APPROVAL_PERSON_ORGANIZATION ( #9826, #3840, #8107 ) ;
#1347 = ORIENTED_EDGE ( 'NONE', *, *, #10843, .T. ) ;
#1348 = DIRECTION ( 'NONE',  ( 0.000000000000000000, -0.000000000000000000, 1.000000000000000000 ) ) ;
#1349 = APPROVAL ( #341, 'UNKNOWN' ) ;
#1350 = ORIENTED_EDGE ( 'NONE', *, *, #6475, .T. ) ;
#1351 = DIRECTION ( 'NONE',  ( -1.000000000000000000, -0.000000000000000000, -0.000000000000000000 ) ) ;
#1352 = DIRECTION ( 'NONE',  ( 0.000000000000000000, -0.000000000000000000, -1.000000000000000000 ) ) ;
#1353 = DIRECTION ( 'NONE',  ( 1.000000000000000000, 0.000000000000000000, -0.000000000000000000 ) ) ;
#1354 = EDGE_LOOP ( 'NONE', ( #3549, #7192 ) ) ;
#1355 = CC_DESIGN_APPROVAL ( #5514, ( #8922 ) ) ;
#1356 = CARTESIAN_POINT ( 'NONE',  ( 24.30000000000000071, -57.00000000000000000, 0.000000000000000000 ) ) ;
#1357 = AXIS2_PLACEMENT_3D ( 'NONE', #9771, #2207, #5396 ) ;
#1358 = CARTESIAN_POINT ( 'NONE',  ( -6.000000000000000000, -1.300000000000000044, 0.000000000000000000 ) ) ;
#1359 = ORIENTED_EDGE ( 'NONE', *, *, #3332, .F. ) ;
#1360 = CC_DESIGN_DATE_AND_TIME_ASSIGNMENT ( #396, #5555, ( #10533 ) ) ;
#1361 = CARTESIAN_POINT ( 'NONE',  ( 18.34320465898919394, -5.557362060151588068, -0.000000000000000000 ) ) ;
#1362 = CC_DESIGN_APPROVAL ( #8152, ( #6808 ) ) ;
#1363 = APPROVAL ( #2053, 'ๆช' ) ;
#1364 = CARTESIAN_POINT ( 'NONE',  ( 19.77491600511588388, -35.69993048876346364, 0.000000000000000000 ) ) ;
#1365 = ORIENTED_EDGE ( 'NONE', *, *, #3849, .F. ) ;
#1366 = CARTESIAN_POINT ( 'NONE',  ( 21.48452350954438472, -0.000000000000000000, 11.14146106821127091 ) ) ;
#1367 = AXIS2_PLACEMENT_3D ( 'NONE', #8579, #5145, #9409 ) ;
#1368 = VECTOR ( 'NONE', #2527, 1000.000000000000000 ) ;
#1369 = CARTESIAN_POINT ( 'NONE',  ( -10.01642623006862465, 9.784631539666259314, 6.978378753637993981 ) ) ;
#1370 = APPROVAL_ROLE ( '' ) ;
#1371 = CC_DESIGN_SECURITY_CLASSIFICATION ( #3821, ( #10895 ) ) ;
#1372 = AXIS2_PLACEMENT_3D ( 'NONE', #10589, #5438, #429 ) ;
#1373 = ADVANCED_BREP_SHAPE_REPRESENTATION ( '', ( #7851, #7172 ), #2959 ) ;
#1374 = EDGE_CURVE ( 'NONE', #10431, #7666, #3023, .T. ) ;
#1375 = DATE_TIME_ROLE ( 'classification_date' ) ;
#1376 = ORIENTED_EDGE ( 'NONE', *, *, #2842, .T. ) ;
#1377 = VERTEX_POINT ( 'NONE', #1154 ) ;
#1378 = ORIENTED_EDGE ( 'NONE', *, *, #7488, .F. ) ;
#1379 = CARTESIAN_POINT ( 'NONE',  ( 2.600000000000000089, 0.000000000000000000, 16.00000000000000000 ) ) ;
#1380 = VECTOR ( 'NONE', #7418, 1000.000000000000000 ) ;
#1381 = ADVANCED_FACE ( 'NONE', ( #9760 ), #2909, .F. ) ;
#1382 = ORIENTED_EDGE ( 'NONE', *, *, #6082, .T. ) ;
#1383 = VECTOR ( 'NONE', #5015, 1000.000000000000000 ) ;
#1384 = VERTEX_POINT ( 'NONE', #9652 ) ;
#1385 = FACE_OUTER_BOUND ( 'NONE', #9668, .T. ) ;
#1386 = LINE ( 'NONE', #7986, #5790 ) ;
#1387 = PLANE ( 'NONE',  #3828 ) ;
#1388 = AXIS2_PLACEMENT_3D ( 'NONE', #10792, #7239, #3269 ) ;
#1389 = DATE_AND_TIME ( #8933, #989 ) ;
#1390 = VECTOR ( 'NONE', #3329, 1000.000000000000000 ) ;
#1391 = EDGE_CURVE ( 'NONE', #5862, #2293, #2145, .T. ) ;
#1392 = AXIS2_PLACEMENT_3D ( 'NONE', #9112, #573, #10720 ) ;
#1393 = CARTESIAN_POINT ( 'NONE',  ( 0.000000000000000000, 20.00000000000000000, 58.00000000000000000 ) ) ;
#1394 = APPROVAL_PERSON_ORGANIZATION ( #1680, #5393, #9348 ) ;
#1395 = VERTEX_POINT ( 'NONE', #2194 ) ;
#1396 = VECTOR ( 'NONE', #10593, 1000.000000000000000 ) ;
#1397 = VERTEX_POINT ( 'NONE', #4510 ) ;
#1398 = ORIENTED_EDGE ( 'NONE', *, *, #10642, .T. ) ;
#1399 = CARTESIAN_POINT ( 'NONE',  ( -1.155218221821713742, 2.347434505214176070, -0.000000000000000000 ) ) ;
#1400 = CARTESIAN_POINT ( 'NONE',  ( 35.00000000000000000, 0.000000000000000000, 4.000000000000000000 ) ) ;
#1401 = DIRECTION ( 'NONE',  ( -1.000000000000000000, -0.000000000000000000, -0.000000000000000000 ) ) ;
#1402 = CARTESIAN_POINT ( 'NONE',  ( 11.32499397577940314, 8.231471694506819148, 6.979938983346807291 ) ) ;
#1403 = VECTOR ( 'NONE', #5530, 1000.000000000000000 ) ;
#1404 = CARTESIAN_POINT ( 'NONE',  ( 10.50000000000000000, -1.300000000000000044, -0.09997027095160138099 ) ) ;
#1405 = CALENDAR_DATE ( 2026, 18, 9 ) ;
#1406 = CARTESIAN_POINT ( 'NONE',  ( 0.000000000000000000, 0.000000000000000000, 4.000000000000000000 ) ) ;
#1407 =( REPRESENTATION_RELATIONSHIP ('NONE','NONE', #1311, #10763 ) REPRESENTATION_RELATIONSHIP_WITH_TRANSFORMATION ( #3617 )SHAPE_REPRESENTATION_RELATIONSHIP( ) );
#1408 = ADVANCED_FACE ( 'NONE', ( #4733 ), #8925, .F. ) ;
#1409 = PERSON_AND_ORGANIZATION ( #6743, #3319 ) ;
#1410 = EDGE_CURVE ( 'NONE', #9671, #7053, #5062, .T. ) ;
#1411 = VECTOR ( 'NONE', #3104, 1000.000000000000000 ) ;
#1412 = ORIENTED_EDGE ( 'NONE', *, *, #10344, .T. ) ;
#1413 = CARTESIAN_POINT ( 'NONE',  ( 31.60000000000000142, 77.50000000000000000, 1.409402627941315211 ) ) ;
#1414 = VERTEX_POINT ( 'NONE', #1379 ) ;
#1415 = CARTESIAN_POINT ( 'NONE',  ( 30.50000000000000000, -10.00000000000000000, 0.000000000000000000 ) ) ;
#1416 = CARTESIAN_POINT ( 'NONE',  ( -10.48452350954348766, -0.000000000000000000, 21.85853893179036689 ) ) ;
#1417 = DIRECTION ( 'NONE',  ( 1.000000000000000000, 0.000000000000000000, 0.000000000000000000 ) ) ;
#1418 = CARTESIAN_POINT ( 'NONE',  ( 35.00000000000000000, 110.0000000000000000, 28.00000000000000000 ) ) ;
#1419 = ORIENTED_EDGE ( 'NONE', *, *, #8910, .T. ) ;
#1420 = VECTOR ( 'NONE', #1828, 1000.000000000000000 ) ;
#1421 = FACE_OUTER_BOUND ( 'NONE', #5225, .T. ) ;
#1422 = EDGE_CURVE ( 'NONE', #3101, #9833, #7524, .T. ) ;
#1423 = ORIENTED_EDGE ( 'NONE', *, *, #9944, .F. ) ;
#1424 = DIRECTION ( 'NONE',  ( 1.000000000000000000, -0.000000000000000000, -0.000000000000000000 ) ) ;
#1425 = ORIENTED_EDGE ( 'NONE', *, *, #2387, .F. ) ;
#1426 = CARTESIAN_POINT ( 'NONE',  ( -10.04287395703110519, 0.000000000000000000, 1.638809204729789970 ) ) ;
#1427 = AXIS2_PLACEMENT_3D ( 'NONE', #9208, #6759, #3565 ) ;
#1428 = CARTESIAN_POINT ( 'NONE',  ( -14.00000000000000000, 9.000000000000000000, 6.800000000000000711 ) ) ;
#1429 = LINE ( 'NONE', #1640, #8183 ) ;
#1430 = ORIENTED_EDGE ( 'NONE', *, *, #1554, .T. ) ;
#1431 = CARTESIAN_POINT ( 'NONE',  ( 21.36119079526788056, 0.000000000000000000, 10.95712604296694437 ) ) ;
#1432 = PRODUCT_DEFINITION_SHAPE ( 'NONE', 'NONE',  #10902 ) ;
#1433 = CARTESIAN_POINT ( 'NONE',  ( 32.36119079527443887, 50.04287395702762353, 0.000000000000000000 ) ) ;
#1434 = APPROVAL_DATE_TIME ( #4890, #8299 ) ;
#1435 = CC_DESIGN_DATE_AND_TIME_ASSIGNMENT ( #6329, #2864, ( #3509 ) ) ;
#1436 = DATE_AND_TIME ( #2357, #3430 ) ;
#1437 = ORIENTED_EDGE ( 'NONE', *, *, #9743, .T. ) ;
#1438 = CARTESIAN_POINT ( 'NONE',  ( -22.00000000000000000, 8.000000000000000000, 0.000000000000000000 ) ) ;
#1439 = ORIENTED_EDGE ( 'NONE', *, *, #5367, .T. ) ;
#1440 = CARTESIAN_POINT ( 'NONE',  ( -10.54980359593110428, 9.207328926581991979, 8.300000000000004263 ) ) ;
#1441 = SHAPE_REPRESENTATION_RELATIONSHIP ( 'NONE' , 'NONE' ,  #5738, #9400 ) ;
#1442 = CARTESIAN_POINT ( 'NONE',  ( 3.000000000000000000, 0.000000000000000000, 3.000000000000000000 ) ) ;
#1443 = DIRECTION ( 'NONE',  ( -0.000000000000000000, -0.000000000000000000, -1.000000000000000000 ) ) ;
#1444 = PERSON_AND_ORGANIZATION_ROLE ( 'design_supplier' ) ;
#1445 = ADVANCED_FACE ( 'NONE', ( #10480 ), #8714, .F. ) ;
#1446 = COORDINATED_UNIVERSAL_TIME_OFFSET ( 5, 0, .BEHIND. ) ;
#1447 = CARTESIAN_POINT ( 'NONE',  ( 2.210066736092913153, 1.378121121058531351, -0.000000000000000000 ) ) ;
#1448 = PRODUCT ( 'FlipArm_V2_deposit', 'FlipArm_V2_deposit', '', ( #10080 ) ) ;
#1449 = ORIENTED_EDGE ( 'NONE', *, *, #8188, .T. ) ;
#1450 = VERTEX_POINT ( 'NONE', #3728 ) ;
#1451 = EDGE_CURVE ( 'NONE', #6498, #2709, #4623, .T. ) ;
#1452 = ORIENTED_EDGE ( 'NONE', *, *, #4067, .F. ) ;
#1453 = DIRECTION ( 'NONE',  ( 0.000000000000000000, -0.000000000000000000, -1.000000000000000000 ) ) ;
#1454 = DIRECTION ( 'NONE',  ( -0.000000000000000000, -0.000000000000000000, -1.000000000000000000 ) ) ;
#1455 = CARTESIAN_POINT ( 'NONE',  ( -9.000000000000000000, -1.200000000000000030E-05, 1.300000000000000044 ) ) ;
#1456 = CARTESIAN_POINT ( 'NONE',  ( 22.00000000000000355, 8.000000000000000000, 24.00000000000000000 ) ) ;
#1457 = CARTESIAN_POINT ( 'NONE',  ( 19.00000000000000000, 2.326828918379970970E-15, 4.000000000000000000 ) ) ;
#1458 = PERSON_AND_ORGANIZATION_ROLE ( 'design_supplier' ) ;
#1459 = CARTESIAN_POINT ( 'NONE',  ( 28.00000000000000000, 0.000000000000000000, 24.00000000000000000 ) ) ;
#1460 = APPROVAL_DATE_TIME ( #3368, #9525 ) ;
#1461 = ORIENTED_EDGE ( 'NONE', *, *, #825, .F. ) ;
#1462 = CARTESIAN_POINT ( 'NONE',  ( -5.799999999999999822, 0.000000000000000000, 2.000000000000000000 ) ) ;
#1463 = EDGE_CURVE ( 'NONE', #6269, #10091, #437, .T. ) ;
#1464 = ORIENTED_EDGE ( 'NONE', *, *, #6147, .T. ) ;
#1465 = CARTESIAN_POINT ( 'NONE',  ( -0.5999999999999999778, 18.99052395275075256, 0.000000000000000000 ) ) ;
#1466 = CARTESIAN_POINT ( 'NONE',  ( -10.36119079527047404, 0.000000000000000000, 22.04287395703121177 ) ) ;
#1467 = LINE ( 'NONE', #4709, #1995 ) ;
#1468 = ADVANCED_FACE ( 'NONE', ( #4789 ), #770, .F. ) ;
#1469 = DIRECTION ( 'NONE',  ( 1.000000000000000000, 0.000000000000000000, 0.000000000000000000 ) ) ;
#1470 = LINE ( 'NONE', #9857, #2252 ) ;
#1471 = ORIENTED_EDGE ( 'NONE', *, *, #6136, .F. ) ;
#1472 = CARTESIAN_POINT ( 'NONE',  ( -27.69999999999999929, -57.00000000000000000, 5.000000000000000000 ) ) ;
#1473 = ORIENTED_EDGE ( 'NONE', *, *, #6093, .F. ) ;
#1474 = CARTESIAN_POINT ( 'NONE',  ( 15.04297226075843419, 71.36128909900689621, -0.000000000000000000 ) ) ;
#1475 = EDGE_CURVE ( 'NONE', #9215, #5650, #3289, .T. ) ;
#1476 = CARTESIAN_POINT ( 'NONE',  ( -19.77474804345268566, 0.000000000000000000, 13.69999999999999751 ) ) ;
#1477 = CARTESIAN_POINT ( 'NONE',  ( 11.81430917424337323, 7.511707916502316174, 9.169615520327001335 ) ) ;
#1478 = EDGE_CURVE ( 'NONE', #10130, #4476, #4117, .T. ) ;
#1479 = VECTOR ( 'NONE', #5743, 1000.000000000000000 ) ;
#1480 = ORIENTED_EDGE ( 'NONE', *, *, #49, .T. ) ;
#1481 = LINE ( 'NONE', #4942, #2772 ) ;
#1482 = DIRECTION ( 'NONE',  ( -0.000000000000000000, -1.000000000000000000, -0.000000000000000000 ) ) ;
#1483 = SHAPE_DEFINITION_REPRESENTATION ( #4849, #6875 ) ;
#1484 = ITEM_DEFINED_TRANSFORMATION ( 'NONE', 'NONE', #5597,  #7172 ) ;
#1485 = CIRCLE ( 'NONE', #6753, 2.600000000000000089 ) ;
#1486 = VERTEX_POINT ( 'NONE', #3948 ) ;
#1487 = ORIENTED_EDGE ( 'NONE', *, *, #10284, .F. ) ;
#1488 = DIRECTION ( 'NONE',  ( -1.000000000000000000, 0.000000000000000000, 0.000000000000000000 ) ) ;
#1489 = FACE_OUTER_BOUND ( 'NONE', #5549, .T. ) ;
#1490 = CC_DESIGN_PERSON_AND_ORGANIZATION_ASSIGNMENT ( #1961, #5306, ( #3985 ) ) ;
#1491 = VERTEX_POINT ( 'NONE', #9204 ) ;
#1492 = CARTESIAN_POINT ( 'NONE',  ( -10.37336209607597226, 9.405379716584157279, 8.336676472900883539 ) ) ;
#1493 =( NAMED_UNIT ( * ) SI_UNIT ( $, .STERADIAN. ) SOLID_ANGLE_UNIT ( ) );
#1494 = AXIS2_PLACEMENT_3D ( 'NONE', #7830, #7103, #10497 ) ;
#1495 = PLANE ( 'NONE',  #7527 ) ;
#1496 = PERSON_AND_ORGANIZATION ( #6743, #3319 ) ;
#1497 = CALENDAR_DATE ( 2026, 18, 9 ) ;
#1498 = AXIS2_PLACEMENT_3D ( 'NONE', #5859, #1750, #9360 ) ;
#1499 = CARTESIAN_POINT ( 'NONE',  ( 0.000000000000000000, 0.000000000000000000, 149.0000000000000000 ) ) ;
#1500 = ORGANIZATION ( 'NAUO-ORG13', 'UNSPECIFIED', 'UNSPECIFIED' ) ;
#1501 = ORIENTED_EDGE ( 'NONE', *, *, #6136, .T. ) ;
#1502 = CC_DESIGN_DATE_AND_TIME_ASSIGNMENT ( #242, #292, ( #10384 ) ) ;
#1503 = EDGE_LOOP ( 'NONE', ( #7589, #4762 ) ) ;
#1504 = CARTESIAN_POINT ( 'NONE',  ( 19.55741526174906753, -32.34333309900549125, 0.000000000000000000 ) ) ;
#1505 = LINE ( 'NONE', #9724, #6629 ) ;
#1506 = DIRECTION ( 'NONE',  ( 0.000000000000000000, -0.000000000000000000, 1.000000000000000000 ) ) ;
#1507 = CARTESIAN_POINT ( 'NONE',  ( -21.00000000000000000, 0.000000000000000000, 0.000000000000000000 ) ) ;
#1508 = CARTESIAN_POINT ( 'NONE',  ( 12.00000000000000000, -7.000000000000000000, 15.00000000000000000 ) ) ;
#1509 = PERSON_AND_ORGANIZATION_ROLE ( 'creator' ) ;
#1510 = CC_DESIGN_SECURITY_CLASSIFICATION ( #4139, ( #10910 ) ) ;
#1511 = LINE ( 'NONE', #10666, #8949 ) ;
#1512 = SECURITY_CLASSIFICATION_LEVEL ( 'unclassified' ) ;
#1513 = EDGE_LOOP ( 'NONE', ( #8187, #6932, #5660, #8516 ) ) ;
#1514 = ADVANCED_BREP_SHAPE_REPRESENTATION ( '', ( #4195, #7172 ), #8058 ) ;
#1515 = EDGE_CURVE ( 'NONE', #5669, #10184, #7424, .T. ) ;
#1516 = PRODUCT_DEFINITION_SHAPE ( 'NONE', 'NONE',  #10915 ) ;
#1517 = VERTEX_POINT ( 'NONE', #8990 ) ;
#1518 = DIRECTION ( 'NONE',  ( -0.000000000000000000, 1.000000000000000000, 0.000000000000000000 ) ) ;
#1519 = CC_DESIGN_APPROVAL ( #5117, ( #79 ) ) ;
#1520 = ORIENTED_EDGE ( 'NONE', *, *, #9751, .T. ) ;
#1521 = DIRECTION ( 'NONE',  ( -1.000000000000000000, 0.000000000000000000, -0.000000000000000000 ) ) ;
#1522 = CARTESIAN_POINT ( 'NONE',  ( -10.65679534101080783, -0.000000000000000000, 20.55736206015248868 ) ) ;
#1523 = CARTESIAN_POINT ( 'NONE',  ( 0.000000000000000000, 67.50000000000000000, 6.000000000000000000 ) ) ;
#1524 = CARTESIAN_POINT ( 'NONE',  ( 35.00000000000000000, 40.00000000000000000, 0.000000000000000000 ) ) ;
#1525 = DIRECTION ( 'NONE',  ( 0.000000000000000000, 1.000000000000000000, 0.000000000000000000 ) ) ;
#1526 = ORIENTED_EDGE ( 'NONE', *, *, #8376, .T. ) ;
#1527 = APPROVAL_PERSON_ORGANIZATION ( #1163, #4179, #339 ) ;
#1528 = ADVANCED_FACE ( 'NONE', ( #7256 ), #6538, .F. ) ;
#1529 = CARTESIAN_POINT ( 'NONE',  ( -12.30000000000000071, 70.00000000000000000, -6.000000000000000152E-06 ) ) ;
#1530 = ORIENTED_EDGE ( 'NONE', *, *, #10721, .T. ) ;
#1531 = CARTESIAN_POINT ( 'NONE',  ( 13.77491600510831482, 71.70006951123355066, -0.000000000000000000 ) ) ;
#1532 = DIRECTION ( 'NONE',  ( 1.000000000000000000, 0.000000000000000000, 0.000000000000000000 ) ) ;
#1533 = CARTESIAN_POINT ( 'NONE',  ( 11.25723435106464976, 8.324008393740475853, 11.56315928611681443 ) ) ;
#1534 = CC_DESIGN_APPROVAL ( #7335, ( #6803 ) ) ;
#1535 = ORIENTED_EDGE ( 'NONE', *, *, #9064, .F. ) ;
#1536 = CIRCLE ( 'NONE', #5736, 1.700000000000000178 ) ;
#1537 = CARTESIAN_POINT ( 'NONE',  ( 0.000000000000000000, 0.000000000000000000, 28.00000000000000000 ) ) ;
#1538 = DIRECTION ( 'NONE',  ( 0.000000000000000000, 0.000000000000000000, -1.000000000000000000 ) ) ;
#1539 = PERSON_AND_ORGANIZATION ( #6743, #3319 ) ;
#1540 = VERTEX_POINT ( 'NONE', #10812 ) ;
#1541 = EDGE_CURVE ( 'NONE', #5118, #725, #9095, .T. ) ;
#1542 = EDGE_CURVE ( 'NONE', #886, #10269, #9931, .T. ) ;
#1543 = LOCAL_TIME ( 6, 20, 33.00000000000000000, #9873 ) ;
#1544 = LINE ( 'NONE', #5768, #7532 ) ;
#1545 = DIRECTION ( 'NONE',  ( 1.000000000000000000, 0.000000000000000000, 0.000000000000000000 ) ) ;
#1546 = CARTESIAN_POINT ( 'NONE',  ( 30.14146106821291582, -0.000000000000000000, 19.51547649045508237 ) ) ;
#1547 = ORIENTED_EDGE ( 'NONE', *, *, #6605, .T. ) ;
#1548 = CARTESIAN_POINT ( 'NONE',  ( -9.028322918593271851, 10.69997127470831622, 10.13622890001263066 ) ) ;
#1549 =( LENGTH_UNIT ( ) NAMED_UNIT ( * ) SI_UNIT ( .MILLI., .METRE. ) );
#1550 = LOCAL_TIME ( 6, 20, 33.00000000000000000, #7336 ) ;
#1551 = DIRECTION ( 'NONE',  ( -0.000000000000000000, 1.000000000000000000, -0.000000000000000000 ) ) ;
#1552 = CALENDAR_DATE ( 2026, 18, 9 ) ;
#1553 = PERSON_AND_ORGANIZATION_ROLE ( 'classification_officer' ) ;
#1554 = EDGE_CURVE ( 'NONE', #6910, #389, #2360, .T. ) ;
#1555 = AXIS2_PLACEMENT_3D ( 'NONE', #10152, #1705, #6819 ) ;
#1556 = DIRECTION ( 'NONE',  ( -0.000000000000000000, -0.000000000000000000, 1.000000000000000000 ) ) ;
#1557 = VECTOR ( 'NONE', #4347, 1000.000000000000000 ) ;
#1558 = VERTEX_POINT ( 'NONE', #7474 ) ;
#1559 = ORIENTED_EDGE ( 'NONE', *, *, #5367, .F. ) ;
#1560 = CARTESIAN_POINT ( 'NONE',  ( 0.000000000000000000, 19.50000000000000000, 3.000000000000000000 ) ) ;
#1561 = CARTESIAN_POINT ( 'NONE',  ( 5.799999999999999822, 7.102951435054647665E-16, 2.000000000000000000 ) ) ;
#1562 = DIRECTION ( 'NONE',  ( -0.000000000000000000, -0.000000000000000000, -1.000000000000000000 ) ) ;
#1563 = VECTOR ( 'NONE', #5171, 1000.000000000000000 ) ;
#1564 = AXIS2_PLACEMENT_3D ( 'NONE', #3492, #856, #1634 ) ;
#1565 = DIRECTION ( 'NONE',  ( 0.000000000000000000, 0.000000000000000000, -1.000000000000000000 ) ) ;
#1566 = LINE ( 'NONE', #4033, #4543 ) ;
#1567 = CALENDAR_DATE ( 2026, 18, 9 ) ;
#1568 = VECTOR ( 'NONE', #5627, 1000.000000000000000 ) ;
#1569 = PERSON_AND_ORGANIZATION_ROLE ( 'creator' ) ;
#1570 = CC_DESIGN_PERSON_AND_ORGANIZATION_ASSIGNMENT ( #7882, #1222, ( #6794 ) ) ;
#1571 = VECTOR ( 'NONE', #4297, 1000.000000000000000 ) ;
#1572 = CC_DESIGN_SECURITY_CLASSIFICATION ( #4904, ( #10916 ) ) ;
#1573 = VECTOR ( 'NONE', #3062, 1000.000000000000000 ) ;
#1574 = ORIENTED_EDGE ( 'NONE', *, *, #10844, .T. ) ;
#1575 = CYLINDRICAL_SURFACE ( 'NONE', #424, 1.700000000000000178 ) ;
#1576 = AXIS2_PLACEMENT_3D ( 'NONE', #7439, #2273, #9948 ) ;
#1577 = ORIENTED_EDGE ( 'NONE', *, *, #10817, .T. ) ;
#1578 = CARTESIAN_POINT ( 'NONE',  ( 19.77491600511334013, 0.000000000000000000, 10.29993048876420936 ) ) ;
#1579 = CARTESIAN_POINT ( 'NONE',  ( -5.799999999999999822, 70.00000000000000000, -1.200000000000000030E-05 ) ) ;
#1580 = DIRECTION ( 'NONE',  ( -1.000000000000000000, 0.000000000000000000, 0.000000000000000000 ) ) ;
#1581 = DIRECTION ( 'NONE',  ( -1.000000000000000000, 0.000000000000000000, 0.000000000000000000 ) ) ;
#1582 = EDGE_CURVE ( 'NONE', #5333, #6550, #5942, .T. ) ;
#1583 = CARTESIAN_POINT ( 'NONE',  ( -10.48439506952757228, 31.85848573019363528, 0.000000000000000000 ) ) ;
#1584 = ORIENTED_EDGE ( 'NONE', *, *, #309, .T. ) ;
#1585 = VECTOR ( 'NONE', #3716, 1000.000000000000000 ) ;
#1586 = FACE_OUTER_BOUND ( 'NONE', #3214, .T. ) ;
#1587 = VERTEX_POINT ( 'NONE', #9878 ) ;
#1588 = CARTESIAN_POINT ( 'NONE',  ( 19.55741526174811185, -4.343333099005882048, 0.000000000000000000 ) ) ;
#1589 = VERTEX_POINT ( 'NONE', #4894 ) ;
#1590 = DIRECTION ( 'NONE',  ( 0.000000000000000000, 0.000000000000000000, 1.000000000000000000 ) ) ;
#1591 = LINE ( 'NONE', #6640, #7642 ) ;
#1592 = VECTOR ( 'NONE', #7504, 1000.000000000000000 ) ;
#1594 = EDGE_CURVE ( 'NONE', #5200, #2036, #8956, .T. ) ;
#1593 = VERTEX_POINT ( 'NONE', #1438 ) ;
#1595 = CARTESIAN_POINT ( 'NONE',  ( 21.04287395702867514, 0.000000000000000000, 13.36119079527264830 ) ) ;
#1596 = EDGE_CURVE ( 'NONE', #4390, #9281, #8150, .T. ) ;
#1597 = CARTESIAN_POINT ( 'NONE',  ( -20.00000000000000000, 12.00000000000000000, 0.000000000000000000 ) ) ;
#1598 = COORDINATED_UNIVERSAL_TIME_OFFSET ( 5, 0, .BEHIND. ) ;
#1599 = VECTOR ( 'NONE', #3965, 1000.000000000000000 ) ;
#1600 = CARTESIAN_POINT ( 'NONE',  ( -20.00000000000000000, -34.00000000000000000, 5.000000000000000000 ) ) ;
#1601 = PLANE ( 'NONE',  #2848 ) ;
#1602 = DIRECTION ( 'NONE',  ( 0.000000000000000000, 1.000000000000000000, 0.000000000000000000 ) ) ;
#1604 = ADVANCED_FACE ( 'NONE', ( #610, #6591 ), #2309, .T. ) ;
#1603 = ORIENTED_EDGE ( 'NONE', *, *, #7033, .T. ) ;
#1605 = PLANE ( 'NONE',  #5103 ) ;
#1606 = EDGE_CURVE ( 'NONE', #8179, #1395, #9984, .T. ) ;
#1607 = DIRECTION ( 'NONE',  ( 0.000000000000000000, 0.000000000000000000, -1.000000000000000000 ) ) ;
#1608 = PERSON_AND_ORGANIZATION ( #6743, #3319 ) ;
#1609 = CIRCLE ( 'NONE', #2481, 1.700000000000000178 ) ;
#1610 = APPROVAL_STATUS ( 'not_yet_approved' ) ;
#1611 = PRODUCT ( 'V2_REF_wheel_D60', 'V2_REF_wheel_D60', '', ( #578 ) ) ;
#1612 = DIRECTION ( 'NONE',  ( 1.000000000000000000, -0.000000000000000000, 0.000000000000000000 ) ) ;
#1613 = CC_DESIGN_APPROVAL ( #7608, ( #4904 ) ) ;
#1614 = APPLICATION_CONTEXT ( 'configuration controlled 3d designs of mechanical parts and assemblies' ) ;
#1615 = ORIENTED_EDGE ( 'NONE', *, *, #2600, .T. ) ;
#1616 = ORIENTED_EDGE ( 'NONE', *, *, #98, .T. ) ;
#1617 = EDGE_LOOP ( 'NONE', ( #4651, #4378, #2430, #5857 ) ) ;
#1618 = CARTESIAN_POINT ( 'NONE',  ( 20.22508399488411968, -32.30006951123654346, 0.000000000000000000 ) ) ;
#1619 = FACE_OUTER_BOUND ( 'NONE', #8440, .T. ) ;
#1620 = DIRECTION ( 'NONE',  ( 1.000000000000000000, -0.000000000000000000, 0.000000000000000000 ) ) ;
#1621 = ADVANCED_FACE ( 'NONE', ( #2251 ), #1601, .F. ) ;
#1622 = CARTESIAN_POINT ( 'NONE',  ( -9.000000000000000000, 49.00000000000000000, -1.200000000000000030E-05 ) ) ;
#1623 = CARTESIAN_POINT ( 'NONE',  ( 18.30000000000000071, -34.00000000000000000, 5.000000000000000000 ) ) ;
#1624 = APPROVAL_ROLE ( '' ) ;
#1625 = PERSON_AND_ORGANIZATION_ROLE ( 'classification_officer' ) ;
#1626 = ORIENTED_EDGE ( 'NONE', *, *, #8339, .T. ) ;
#1627 = DIRECTION ( 'NONE',  ( 0.000000000000000000, -0.000000000000000000, 1.000000000000000000 ) ) ;
#1628 = ORIENTED_EDGE ( 'NONE', *, *, #9752, .T. ) ;
#1629 = LINE ( 'NONE', #8345, #8278 ) ;
#1630 = CARTESIAN_POINT ( 'NONE',  ( 31.22508399488667763, -0.000000000000000000, 1.300069511235792286 ) ) ;
#1631 = CARTESIAN_POINT ( 'NONE',  ( 0.000000000000000000, 0.000000000000000000, 58.00000000000000000 ) ) ;
#1632 = CIRCLE ( 'NONE', #9729, 1.699999999999998401 ) ;
#1633 = PRODUCT_RELATED_PRODUCT_CATEGORY ( 'detail', '', ( #3775 ) ) ;
#1634 = DIRECTION ( 'NONE',  ( -1.000000000000000000, 0.000000000000000000, -0.000000000000000000 ) ) ;
#1635 = ORIENTED_EDGE ( 'NONE', *, *, #1319, .F. ) ;
#1636 = ORIENTED_EDGE ( 'NONE', *, *, #9021, .T. ) ;
#1637 = CARTESIAN_POINT ( 'NONE',  ( 0.000000000000000000, 70.00000000000000000, 0.000000000000000000 ) ) ;
#1638 = ORIENTED_EDGE ( 'NONE', *, *, #1801, .T. ) ;
#1639 = DIRECTION ( 'NONE',  ( 0.000000000000000000, -0.000000000000000000, 1.000000000000000000 ) ) ;
#1640 = CARTESIAN_POINT ( 'NONE',  ( -28.00000000000000000, 0.000000000000000000, 24.00000000000000000 ) ) ;
#1641 = EDGE_CURVE ( 'NONE', #1450, #3330, #6651, .T. ) ;
#1642 = EDGE_LOOP ( 'NONE', ( #6463, #911, #1376, #7416 ) ) ;
#1643 = CARTESIAN_POINT ( 'NONE',  ( 0.000000000000000000, -1.300000000000000044, 16.00000000000000000 ) ) ;
#1644 = DIRECTION ( 'NONE',  ( 0.000000000000000000, 0.000000000000000000, -1.000000000000000000 ) ) ;
#1645 = APPROVAL_STATUS ( 'not_yet_approved' ) ;
#1646 = DESIGN_CONTEXT ( 'detailed design', #10282, 'design' ) ;
#1647 = ADVANCED_FACE ( 'NONE', ( #7371 ), #9251, .F. ) ;
#1648 = DIRECTION ( 'NONE',  ( 1.000000000000000000, 0.000000000000000000, 0.000000000000000000 ) ) ;
#1649 = DIRECTION ( 'NONE',  ( -1.000000000000000000, -0.000000000000000000, 0.000000000000000000 ) ) ;
#1650 = CARTESIAN_POINT ( 'NONE',  ( 35.60000000000000142, 62.50000000000000000, -1.200000000000000030E-05 ) ) ;
#1651 = ORIENTED_EDGE ( 'NONE', *, *, #8376, .F. ) ;
#1652 = DIRECTION ( 'NONE',  ( 0.000000000000000000, 0.000000000000000000, 1.000000000000000000 ) ) ;
#1653 = DIRECTION ( 'NONE',  ( 1.000000000000000000, 0.000000000000000000, 0.000000000000000000 ) ) ;
#1654 = DATE_AND_TIME ( #4180, #5554 ) ;
#1655 = PERSON_AND_ORGANIZATION_ROLE ( 'classification_officer' ) ;
#1656 = EDGE_CURVE ( 'NONE', #1540, #360, #3396, .T. ) ;
#1657 = FACE_OUTER_BOUND ( 'NONE', #8885, .T. ) ;
#1658 = ORIENTED_EDGE ( 'NONE', *, *, #6404, .T. ) ;
#1659 = CIRCLE ( 'NONE', #7813, 2.500000000000000000 ) ;
#1660 = ORIENTED_EDGE ( 'NONE', *, *, #9963, .T. ) ;
#1661 = VERTEX_POINT ( 'NONE', #8483 ) ;
#1662 = CARTESIAN_POINT ( 'NONE',  ( 19.14146106820962245, -32.51547649045614463, -0.000000000000000000 ) ) ;
#1663 = CARTESIAN_POINT ( 'NONE',  ( -10.49999999999999822, 59.50000000000000000, 3.799999999999998490 ) ) ;
#1664 = CARTESIAN_POINT ( 'NONE',  ( -15.59999999999999964, 0.000000000000000000, 6.000000000000000000 ) ) ;
#1665 = CARTESIAN_POINT ( 'NONE',  ( 0.000000000000000000, 70.00000000000000000, 5.200000000000000178 ) ) ;
#1666 = CARTESIAN_POINT ( 'NONE',  ( 12.30000000000000249, 0.000000000000000000, 2.000000000000000000 ) ) ;
#1667 = PERSON_AND_ORGANIZATION_ROLE ( 'classification_officer' ) ;
#1668 = APPROVAL_ROLE ( '' ) ;
#1669 = AXIS2_PLACEMENT_3D ( 'NONE', #903, #951, #5129 ) ;
#1670 = B_SPLINE_CURVE_WITH_KNOTS ( 'NONE', 3,
 ( #9453, #7901, #2717, #5411, #10452, #1178, #7063, #6286, #8633, #4438, #3547, #4596, #7113, #8795, #2934, #9679, #1960, #2116 ),
 .UNSPECIFIED., .F., .F.,
 ( 4, 2, 2, 2, 2, 2, 2, 2, 4 ),
 ( 0.000000000000000000, 0.06250000000000000000, 0.1250000000000000000, 0.1875000000000000000, 0.2500000000000000000, 0.3125000000000000000, 0.3750000000000000000, 0.4375000000000000000, 0.5000000000000000000 ),
 .UNSPECIFIED. ) ;
#1671 = EDGE_CURVE ( 'NONE', #2247, #7158, #4234, .T. ) ;
#1672 = EDGE_CURVE ( 'NONE', #7041, #4960, #5135, .T. ) ;
#1673 = ORIENTED_EDGE ( 'NONE', *, *, #6233, .T. ) ;
#1674 = CARTESIAN_POINT ( 'NONE',  ( 0.5999999999999998668, 9.000000000000000000, 8.500000000000000000 ) ) ;
#1675 = ORIENTED_EDGE ( 'NONE', *, *, #64, .T. ) ;
#1676 = DIRECTION ( 'NONE',  ( -0.000000000000000000, -0.000000000000000000, -1.000000000000000000 ) ) ;
#1677 = CARTESIAN_POINT ( 'NONE',  ( 28.00000000000000000, 0.000000000000000000, 24.00000000000000000 ) ) ;
#1678 = FACE_OUTER_BOUND ( 'NONE', #10685, .T. ) ;
#1679 = CC_DESIGN_SECURITY_CLASSIFICATION ( #8893, ( #10904 ) ) ;
#1680 = PERSON_AND_ORGANIZATION ( #6743, #3319 ) ;
#1681 = FACE_BOUND ( 'NONE', #8718, .T. ) ;
#1682 = ORIENTED_EDGE ( 'NONE', *, *, #9752, .F. ) ;
#1683 = CC_DESIGN_APPROVAL ( #8230, ( #975 ) ) ;
#1684 = CC_DESIGN_PERSON_AND_ORGANIZATION_ASSIGNMENT ( #8955, #9680, ( #3116 ) ) ;
#1685 = ORIENTED_EDGE ( 'NONE', *, *, #7914, .F. ) ;
#1686 = DIRECTION ( 'NONE',  ( 0.000000000000000000, 0.000000000000000000, -1.000000000000000000 ) ) ;
#1687 = VERTEX_POINT ( 'NONE', #6811 ) ;
#1688 = CARTESIAN_POINT ( 'NONE',  ( -18.95702773923594719, -0.000000000000000000, 10.63871090099721783 ) ) ;
#1689 = LINE ( 'NONE', #90, #4312 ) ;
#1690 = ORIENTED_EDGE ( 'NONE', *, *, #7243, .T. ) ;
#1691 = CARTESIAN_POINT ( 'NONE',  ( 14.00000000000000000, 1.714505518806294638E-15, 4.000000000000000000 ) ) ;
#1692 = LOCAL_TIME ( 6, 20, 33.00000000000000000, #8845 ) ;
#1693 = CARTESIAN_POINT ( 'NONE',  ( -7.515604930472060019, 0.000000000000000000, 21.85848573019215024 ) ) ;
#1694 = CALENDAR_DATE ( 2026, 18, 9 ) ;
#1695 = PRODUCT_DEFINITION ( 'ๆ', '', #9117, #4282 ) ;
#1696 = CC_DESIGN_PERSON_AND_ORGANIZATION_ASSIGNMENT ( #2544, #8391, ( #8740 ) ) ;
#1697 = CARTESIAN_POINT ( 'NONE',  ( -19.55736206015264500, -32.34320465898993291, -0.000000000000000000 ) ) ;
#1698 = DIRECTION ( 'NONE',  ( -1.000000000000000000, 0.000000000000000000, 0.000000000000000000 ) ) ;
#1699 = LOCAL_TIME ( 6, 20, 33.00000000000000000, #7606 ) ;
#1700 = AXIS2_PLACEMENT_3D ( 'NONE', #7101, #9719, #4689 ) ;
#1701 = DIRECTION ( 'NONE',  ( 0.000000000000000000, 0.000000000000000000, -1.000000000000000000 ) ) ;
#1702 = VERTEX_POINT ( 'NONE', #2522 ) ;
#1703 = LINE ( 'NONE', #2638, #8462 ) ;
#1704 =( LENGTH_UNIT ( ) NAMED_UNIT ( * ) SI_UNIT ( .MILLI., .METRE. ) );
#1705 = DIRECTION ( 'NONE',  ( 0.000000000000000000, 1.000000000000000000, 0.000000000000000000 ) ) ;
#1706 = EDGE_CURVE ( 'NONE', #4790, #2374, #212, .T. ) ;
#1707 = CALENDAR_DATE ( 2026, 18, 9 ) ;
#1708 = DIRECTION ( 'NONE',  ( -0.000000000000000000, -0.000000000000000000, 1.000000000000000000 ) ) ;
#1709 = APPROVAL_PERSON_ORGANIZATION ( #105, #5459, #4293 ) ;
#1710 = APPROVAL_STATUS ( 'not_yet_approved' ) ;
#1711 = LINE ( 'NONE', #2748, #10678 ) ;
#1712 = VERTEX_POINT ( 'NONE', #670 ) ;
#1713 = CC_DESIGN_APPROVAL ( #4460, ( #6626 ) ) ;
#1714 = ORIENTED_EDGE ( 'NONE', *, *, #3730, .F. ) ;
#1715 = ORIENTED_EDGE ( 'NONE', *, *, #7013, .F. ) ;
#1716 = LINE ( 'NONE', #14, #6499 ) ;
#1717 = FACE_OUTER_BOUND ( 'NONE', #4326, .T. ) ;
#1718 = CARTESIAN_POINT ( 'NONE',  ( -9.000000000000000000, 59.50000000000000000, 3.000000000000000000 ) ) ;
#1719 = DIRECTION ( 'NONE',  ( -0.000000000000000000, -0.000000000000000000, -1.000000000000000000 ) ) ;
#1720 = CARTESIAN_POINT ( 'NONE',  ( 31.85853893179089980, 29.51547649045667043, -0.000000000000000000 ) ) ;
#1721 = EDGE_CURVE ( 'NONE', #6691, #6633, #1632, .T. ) ;
#1722 = AXIS2_PLACEMENT_3D ( 'NONE', #2286, #7283, #3981 ) ;
#1723 = APPROVAL_STATUS ( 'not_yet_approved' ) ;
#1724 = VECTOR ( 'NONE', #6806, 1000.000000000000000 ) ;
#1725 = DATE_AND_TIME ( #6006, #3287 ) ;
#1726 = VERTEX_POINT ( 'NONE', #8424 ) ;
#1727 = CIRCLE ( 'NONE', #10886, 16.00000000000001421 ) ;
#1728 = AXIS2_PLACEMENT_3D ( 'NONE', #1984, #10377, #9591 ) ;
#1729 = CIRCLE ( 'NONE', #5414, 1.700000000000000178 ) ;
#1730 = ORIENTED_EDGE ( 'NONE', *, *, #6617, .F. ) ;
#1731 = PLANE ( 'NONE',  #10467 ) ;
#1732 = AXIS2_PLACEMENT_3D ( 'NONE', #7509, #910, #9399 ) ;
#1733 = ORIENTED_EDGE ( 'NONE', *, *, #7077, .F. ) ;
#1734 = DIRECTION ( 'NONE',  ( -0.000000000000000000, -0.000000000000000000, -1.000000000000000000 ) ) ;
#1735 = DIRECTION ( 'NONE',  ( 0.000000000000000000, -1.000000000000000000, 0.000000000000000000 ) ) ;
#1736 = DIRECTION ( 'NONE',  ( 1.000000000000000000, 0.000000000000000000, 0.000000000000000000 ) ) ;
#1737 = SHAPE_REPRESENTATION ( 'V2_bin_180x143x80', ( #7172 ), #9305 ) ;
#1738 = VECTOR ( 'NONE', #6777, 1000.000000000000000 ) ;
#1739 = EDGE_CURVE ( 'NONE', #6061, #1687, #1042, .T. ) ;
#1740 = EDGE_CURVE ( 'NONE', #7203, #4105, #8678, .T. ) ;
#1741 = DIRECTION ( 'NONE',  ( -0.000000000000000000, -0.000000000000000000, -1.000000000000000000 ) ) ;
#1742 = VERTEX_POINT ( 'NONE', #5983 ) ;
#1743 = VECTOR ( 'NONE', #1590, 1000.000000000000000 ) ;
#1744 = CIRCLE ( 'NONE', #4389, 2.500000000000000000 ) ;
#1745 = B_SPLINE_CURVE_WITH_KNOTS ( 'NONE', 3,
 ( #6833, #6673, #10067, #8386, #5838, #837, #16, #1887, #9438, #4470, #6164, #1159, #7775, #7822, #1945, #6891, #7721, #179 ),
 .UNSPECIFIED., .F., .F.,
 ( 4, 2, 2, 2, 2, 2, 2, 2, 4 ),
 ( 0.5000000000000000000, 0.5625000000000000000, 0.6250000000000000000, 0.6875000000000000000, 0.7500000000000000000, 0.8125000000000000000, 0.8750000000000000000, 0.9375000000000000000, 1.000000000000000000 ),
 .UNSPECIFIED. ) ;
#1746 = EDGE_LOOP ( 'NONE', ( #2465, #34, #7917, #6047 ) ) ;
#1747 = FACE_OUTER_BOUND ( 'NONE', #10528, .T. ) ;
#1748 = ORIENTED_EDGE ( 'NONE', *, *, #5965, .T. ) ;
#1749 = CARTESIAN_POINT ( 'NONE',  ( -19.55741526174779210, -0.000000000000000000, 13.65666690099398828 ) ) ;
#1750 = DIRECTION ( 'NONE',  ( -1.000000000000000000, 0.000000000000000000, 0.000000000000000000 ) ) ;
#1751 = VECTOR ( 'NONE', #5711, 1000.000000000000000 ) ;
#1752 = ORIENTED_EDGE ( 'NONE', *, *, #377, .T. ) ;
#1753 = CARTESIAN_POINT ( 'NONE',  ( 130.0000000000000000, 0.000000000000000000, 0.000000000000000000 ) ) ;
#1754 = EDGE_CURVE ( 'NONE', #8525, #6772, #10261, .T. ) ;
#1755 = VECTOR ( 'NONE', #3789, 1000.000000000000000 ) ;
#1756 = CARTESIAN_POINT ( 'NONE',  ( 0.000000000000000000, 0.000000000000000000, 0.000000000000000000 ) ) ;
#1757 = APPLICATION_CONTEXT ( 'configuration controlled 3d designs of mechanical parts and assemblies' ) ;
#1758 = DATE_TIME_ROLE ( 'classification_date' ) ;
#1759 = DESIGN_CONTEXT ( 'detailed design', #7582, 'design' ) ;
#1760 = FACE_OUTER_BOUND ( 'NONE', #8730, .T. ) ;
#1761 = CYLINDRICAL_SURFACE ( 'NONE', #4465, 2.500000000000000000 ) ;
#1762 = AXIS2_PLACEMENT_3D ( 'NONE', #5520, #3049, #4765 ) ;
#1763 = CARTESIAN_POINT ( 'NONE',  ( -11.77429632712486196, 7.574489190830802521, 10.93343484966565171 ) ) ;
#1764 = ORIENTED_EDGE ( 'NONE', *, *, #172, .T. ) ;
#1765 = CARTESIAN_POINT ( 'NONE',  ( 0.000000000000000000, 0.000000000000000000, 4.000000000000000000 ) ) ;
#1766 = SHAPE_REPRESENTATION_RELATIONSHIP ( 'NONE' , 'NONE' ,  #956, #1514 ) ;
#1767 = FACE_OUTER_BOUND ( 'NONE', #2124, .T. ) ;
#1768 = CC_DESIGN_PERSON_AND_ORGANIZATION_ASSIGNMENT ( #8599, #9320, ( #2747 ) ) ;
#1769 = PERSON_AND_ORGANIZATION_ROLE ( 'creator' ) ;
#1770 = DIRECTION ( 'NONE',  ( -1.000000000000000000, 0.000000000000000000, 0.000000000000000000 ) ) ;
#1771 = APPROVAL_DATE_TIME ( #9323, #754 ) ;
#1772 = DIRECTION ( 'NONE',  ( -0.000000000000000000, 1.000000000000000000, -0.000000000000000000 ) ) ;
#1773 = ORIENTED_EDGE ( 'NONE', *, *, #3464, .F. ) ;
#1774 = VECTOR ( 'NONE', #7092, 1000.000000000000000 ) ;
#1775 = ORIENTED_EDGE ( 'NONE', *, *, #30, .T. ) ;
#1776 = ORIENTED_EDGE ( 'NONE', *, *, #7502, .F. ) ;
#1777 = DIRECTION ( 'NONE',  ( -1.000000000000000000, 0.000000000000000000, 0.000000000000000000 ) ) ;
#1778 = CARTESIAN_POINT ( 'NONE',  ( -20.00000000000000000, -34.00000000000000000, 5.000000000000000000 ) ) ;
#1779 = DIRECTION ( 'NONE',  ( 1.000000000000000000, 0.000000000000000000, 0.000000000000000000 ) ) ;
#1780 = DIRECTION ( 'NONE',  ( 0.000000000000000000, -1.000000000000000000, 0.000000000000000000 ) ) ;
#1781 = CARTESIAN_POINT ( 'NONE',  ( 14.00000000000000000, 1.714505518806294638E-15, 16.00000000000000000 ) ) ;
#1782 = ADVANCED_FACE ( 'NONE', ( #6085 ), #1761, .F. ) ;
#1783 = CIRCLE ( 'NONE', #10596, 1.700000000000000178 ) ;
#1784 = COORDINATED_UNIVERSAL_TIME_OFFSET ( 5, 0, .BEHIND. ) ;
#1785 = ITEM_DEFINED_TRANSFORMATION ( 'NONE', 'NONE', #9667,  #7172 ) ;
#1786 = FACE_OUTER_BOUND ( 'NONE', #936, .T. ) ;
#1787 = EDGE_CURVE ( 'NONE', #2401, #2998, #817, .T. ) ;
#1788 = VECTOR ( 'NONE', #10722, 1000.000000000000000 ) ;
#1789 = ORIENTED_EDGE ( 'NONE', *, *, #200, .F. ) ;
#1790 = CARTESIAN_POINT ( 'NONE',  ( 24.30000000000000071, -57.00000000000000000, 5.000000000000000000 ) ) ;
#1791 = VERTEX_POINT ( 'NONE', #979 ) ;
#1792 = ORIENTED_EDGE ( 'NONE', *, *, #7778, .T. ) ;
#1793 = CARTESIAN_POINT ( 'NONE',  ( -21.69999999999999929, -6.000000000000000000, -1.200000000000000030E-05 ) ) ;
#1794 = CARTESIAN_POINT ( 'NONE',  ( 32.36128909900665462, -0.000000000000000000, 4.042972260759070124 ) ) ;
#1795 = CARTESIAN_POINT ( 'NONE',  ( 35.00000000000000000, 70.00000000000000000, 0.000000000000000000 ) ) ;
#1796 = DIRECTION ( 'NONE',  ( -0.9196152422991569209, -0.3928203229608459579, 0.000000000000000000 ) ) ;
#1797 = DIRECTION ( 'NONE',  ( -0.000000000000000000, -0.000000000000000000, 1.000000000000000000 ) ) ;
#1798 = PERSON_AND_ORGANIZATION_ROLE ( 'design_owner' ) ;
#1799 = VERTEX_POINT ( 'NONE', #4342 ) ;
#1800 = EDGE_CURVE ( 'NONE', #6450, #4094, #4169, .T. ) ;
#1801 = EDGE_CURVE ( 'NONE', #9403, #10190, #3568, .T. ) ;
#1802 = ORIENTED_EDGE ( 'NONE', *, *, #8216, .T. ) ;
#1803 = CARTESIAN_POINT ( 'NONE',  ( 0.000000000000000000, 59.50000000000000000, 0.000000000000000000 ) ) ;
#1804 = ORIENTED_EDGE ( 'NONE', *, *, #9830, .F. ) ;
#1805 = CARTESIAN_POINT ( 'NONE',  ( 12.00000000000000000, -12.00000000000000000, 0.000000000000000000 ) ) ;
#1806 = LINE ( 'NONE', #8357, #8783 ) ;
#1807 = DIRECTION ( 'NONE',  ( -0.000000000000000000, 1.000000000000000000, 0.000000000000000000 ) ) ;
#1808 = EDGE_LOOP ( 'NONE', ( #3372, #3200 ) ) ;
#1809 = DIRECTION ( 'NONE',  ( 1.000000000000000000, 0.000000000000000000, 0.000000000000000000 ) ) ;
#1810 = FACE_OUTER_BOUND ( 'NONE', #9817, .T. ) ;
#1811 = APPROVAL_ROLE ( '' ) ;
#1812 = EDGE_CURVE ( 'NONE', #6276, #6319, #1305, .T. ) ;
#1813 = EDGE_CURVE ( 'NONE', #7819, #9395, #3831, .T. ) ;
#1814 = CARTESIAN_POINT ( 'NONE',  ( 20.00000000000000000, 0.000000000000000000, 58.00000000000000000 ) ) ;
#1815 = DIRECTION ( 'NONE',  ( 0.000000000000000000, 0.000000000000000000, 1.000000000000000000 ) ) ;
#1816 = CARTESIAN_POINT ( 'NONE',  ( -11.91263578868202089, 7.355505887541386123, 9.505990645141926265 ) ) ;
#1817 = VERTEX_POINT ( 'NONE', #5319 ) ;
#1818 = DIRECTION ( 'NONE',  ( 0.000000000000000000, -1.000000000000000000, 0.000000000000000000 ) ) ;
#1819 = CARTESIAN_POINT ( 'NONE',  ( 12.00000000000000000, 12.00000000000000000, 20.00000000000000000 ) ) ;
#1820 = CALENDAR_DATE ( 2026, 18, 9 ) ;
#1821 = CARTESIAN_POINT ( 'NONE',  ( 6.000000000000000000, -1.300000000000000044, 0.000000000000000000 ) ) ;
#1822 = COORDINATED_UNIVERSAL_TIME_OFFSET ( 5, 0, .BEHIND. ) ;
#1823 = CARTESIAN_POINT ( 'NONE',  ( 20.00000000000000000, -1.200000000000000030E-05, 12.00000000000000000 ) ) ;
#1824 = CC_DESIGN_PERSON_AND_ORGANIZATION_ASSIGNMENT ( #4565, #7977, ( #8394 ) ) ;
#1825 = ORIENTED_EDGE ( 'NONE', *, *, #2176, .T. ) ;
#1826 = ORIENTED_EDGE ( 'NONE', *, *, #10047, .T. ) ;
#1827 = ORIENTED_EDGE ( 'NONE', *, *, #514, .T. ) ;
#1828 = DIRECTION ( 'NONE',  ( -0.000000000000000000, -0.000000000000000000, 1.000000000000000000 ) ) ;
#1829 = CYLINDRICAL_SURFACE ( 'NONE', #3640, 1.700000000000000178 ) ;
#1830 = DIRECTION ( 'NONE',  ( 0.000000000000000000, 0.000000000000000000, -1.000000000000000000 ) ) ;
#1831 = ORIENTED_EDGE ( 'NONE', *, *, #2615, .F. ) ;
#1832 = VECTOR ( 'NONE', #3925, 1000.000000000000000 ) ;
#1833 = CARTESIAN_POINT ( 'NONE',  ( 2.348801894056212092, 1.124607701293192985, 0.000000000000000000 ) ) ;
#1834 = CARTESIAN_POINT ( 'NONE',  ( -15.59999999999999964, 62.50000000000000000, -1.200000000000000030E-05 ) ) ;
#1835 = APPROVAL_ROLE ( '' ) ;
#1836 = PERSON_AND_ORGANIZATION ( #6743, #3319 ) ;
#1837 = EDGE_LOOP ( 'NONE', ( #6517, #5297, #8344, #9371 ) ) ;
#1838 = VECTOR ( 'NONE', #5360, 1000.000000000000000 ) ;
#1839 = CARTESIAN_POINT ( 'NONE',  ( -24.30000000000000071, 0.000000000000000000, -0.000000000000000000 ) ) ;
#1840 = CC_DESIGN_DATE_AND_TIME_ASSIGNMENT ( #10451, #6389, ( #457 ) ) ;
#1841 = ORIENTED_EDGE ( 'NONE', *, *, #7843, .T. ) ;
#1842 = FACE_OUTER_BOUND ( 'NONE', #8534, .T. ) ;
#1843 = VERTEX_POINT ( 'NONE', #9696 ) ;
#1844 = LINE ( 'NONE', #1793, #4922 ) ;
#1845 = CARTESIAN_POINT ( 'NONE',  ( -10.69993048876420616, 49.22508399488666697, -0.000000000000000000 ) ) ;
#1846 = CARTESIAN_POINT ( 'NONE',  ( 31.00000000000000000, 59.50000000000000000, 3.000000000000000000 ) ) ;
#1847 = PERSON_AND_ORGANIZATION ( #6743, #3319 ) ;
#1848 = AXIS2_PLACEMENT_3D ( 'NONE', #3996, #9868, #598 ) ;
#1849 = FACE_OUTER_BOUND ( 'NONE', #9786, .T. ) ;
#1850 = EDGE_CURVE ( 'NONE', #7081, #142, #2922, .T. ) ;
#1851 = PERSON_AND_ORGANIZATION_ROLE ( 'classification_officer' ) ;
#1852 = ORIENTED_EDGE ( 'NONE', *, *, #904, .T. ) ;
#1853 = ORIENTED_EDGE ( 'NONE', *, *, #1140, .F. ) ;
#1854 = ORIENTED_EDGE ( 'NONE', *, *, #7695, .F. ) ;
#1855 = DIRECTION ( 'NONE',  ( -1.000000000000000000, 0.000000000000000000, -0.000000000000000000 ) ) ;
#1856 = LOCAL_TIME ( 6, 20, 33.00000000000000000, #1446 ) ;
#1857 = ORIENTED_EDGE ( 'NONE', *, *, #2842, .F. ) ;
#1858 = CARTESIAN_POINT ( 'NONE',  ( -19.00000000000000000, 9.000000000000000000, 11.70000000000000107 ) ) ;
#1859 = LINE ( 'NONE', #5198, #8233 ) ;
#1860 = DIRECTION ( 'NONE',  ( 0.000000000000000000, -1.000000000000000000, 0.000000000000000000 ) ) ;
#1861 = VERTEX_POINT ( 'NONE', #8703 ) ;
#1862 = FACE_OUTER_BOUND ( 'NONE', #3705, .T. ) ;
#1863 = CYLINDRICAL_SURFACE ( 'NONE', #3641, 1.700000000000000178 ) ;
#1864 = EDGE_CURVE ( 'NONE', #6438, #8112, #7971, .T. ) ;
#1865 = SECURITY_CLASSIFICATION ( '', '', #2531 ) ;
#1866 = ORIENTED_EDGE ( 'NONE', *, *, #3332, .T. ) ;
#1867 = CALENDAR_DATE ( 2026, 18, 9 ) ;
#1868 = EDGE_LOOP ( 'NONE', ( #4973, #9997, #2019, #5359 ) ) ;
#1869 = CARTESIAN_POINT ( 'NONE',  ( -14.00000000000000000, 9.000000000000000000, 6.800000000000000711 ) ) ;
#1870 = CARTESIAN_POINT ( 'NONE',  ( -19.55741526174906753, -35.65666690099450875, 0.000000000000000000 ) ) ;
#1871 = CARTESIAN_POINT ( 'NONE',  ( -11.68331879213512003, 7.714078201723205019, 11.11793864516132224 ) ) ;
#1872 = SECURITY_CLASSIFICATION ( '', '', #3042 ) ;
#1873 = VERTEX_POINT ( 'NONE', #7079 ) ;
#1874 = CARTESIAN_POINT ( 'NONE',  ( -27.69999999999999929, 45.00000000000000000, -1.200000000000000030E-05 ) ) ;
#1875 = PLANE ( 'NONE',  #6114 ) ;
#1876 = EDGE_CURVE ( 'NONE', #1450, #7203, #9520, .T. ) ;
#1877 = ADVANCED_FACE ( 'NONE', ( #8023 ), #7860, .F. ) ;
#1878 = PERSON_AND_ORGANIZATION_ROLE ( 'design_owner' ) ;
#1879 = CARTESIAN_POINT ( 'NONE',  ( -20.85853893179025675, -0.000000000000000000, 10.51547649045640220 ) ) ;
#1880 = DATE_TIME_ROLE ( 'classification_date' ) ;
#1881 = LOCAL_TIME ( 6, 20, 33.00000000000000000, #2368 ) ;
#1882 = DIRECTION ( 'NONE',  ( -1.000000000000000000, 0.000000000000000000, 0.000000000000000000 ) ) ;
#1883 = VERTEX_POINT ( 'NONE', #10584 ) ;
#1884 = ORIENTED_EDGE ( 'NONE', *, *, #3344, .T. ) ;
#1885 = ORIENTED_EDGE ( 'NONE', *, *, #1812, .F. ) ;
#1886 = FACE_OUTER_BOUND ( 'NONE', #5194, .T. ) ;
#1887 = CARTESIAN_POINT ( 'NONE',  ( 19.55736206015158629, -7.656795341010619538, -0.000000000000000000 ) ) ;
#1888 = ORIENTED_EDGE ( 'NONE', *, *, #5338, .F. ) ;
#1889 = APPROVAL_PERSON_ORGANIZATION ( #1539, #7130, #7419 ) ;
#1890 = CARTESIAN_POINT ( 'NONE',  ( 27.69999999999999929, -45.00000000000000000, 5.000000000000000000 ) ) ;
#1891 = CARTESIAN_POINT ( 'NONE',  ( 0.000000000000000000, 0.000000000000000000, -1.200000000000000030E-05 ) ) ;
#1892 = VECTOR ( 'NONE', #2042, 1000.000000000000000 ) ;
#1893 = PERSON_AND_ORGANIZATION_ROLE ( 'design_supplier' ) ;
#1894 = CALENDAR_DATE ( 2026, 18, 9 ) ;
#1895 = FACE_OUTER_BOUND ( 'NONE', #7436, .T. ) ;
#1896 = LOCAL_TIME ( 6, 20, 33.00000000000000000, #462 ) ;
#1897 = ORIENTED_EDGE ( 'NONE', *, *, #10887, .F. ) ;
#1898 = FACE_OUTER_BOUND ( 'NONE', #6576, .T. ) ;
#1899 = VERTEX_POINT ( 'NONE', #5374 ) ;
#1900 = LINE ( 'NONE', #10177, #1071 ) ;
#1901 = DIRECTION ( 'NONE',  ( -1.000000000000000000, -0.000000000000000000, -0.000000000000000000 ) ) ;
#1902 = CARTESIAN_POINT ( 'NONE',  ( -0.6000001182283759560, 2.529936706146719949, -8.999999999999988370E-06 ) ) ;
#1903 = AXIS2_PLACEMENT_3D ( 'NONE', #7180, #6351, #3003 ) ;
#1904 = DIRECTION ( 'NONE',  ( 0.000000000000000000, 0.000000000000000000, 1.000000000000000000 ) ) ;
#1905 = LOCAL_TIME ( 6, 20, 33.00000000000000000, #7153 ) ;
#1906 = CARTESIAN_POINT ( 'NONE',  ( 30.00000000000000000, 3.673940397442059178E-15, 28.00000000000000000 ) ) ;
#1907 = AXIS2_PLACEMENT_3D ( 'NONE', #5202, #7580, #4337 ) ;
#1908 = CC_DESIGN_PERSON_AND_ORGANIZATION_ASSIGNMENT ( #10605, #4473, ( #109 ) ) ;
#1909 = PERSON ( 'NAUO-PER4', 'UNSPECIFIED', 'UNSPECIFIED', ('UNSPECIFIED'), ('UNSPECIFIED'), ('UNSPECIFIED') ) ;
#1910 = COORDINATED_UNIVERSAL_TIME_OFFSET ( 5, 0, .BEHIND. ) ;
#1911 = ORIENTED_EDGE ( 'NONE', *, *, #1374, .T. ) ;
#1912 = CIRCLE ( 'NONE', #1193, 1.700000000000000178 ) ;
#1913 = EDGE_LOOP ( 'NONE', ( #5754, #2669, #6758, #4442 ) ) ;
#1914 = LINE ( 'NONE', #466, #8175 ) ;
#1915 = VECTOR ( 'NONE', #3418, 1000.000000000000000 ) ;
#1916 = ADVANCED_FACE ( 'NONE', ( #3667 ), #2183, .T. ) ;
#1917 = EDGE_LOOP ( 'NONE', ( #2912, #8011, #2093, #5447 ) ) ;
#1918 = CARTESIAN_POINT ( 'NONE',  ( 134.2999304887634651, -0.2250839948771370391, 0.000000000000000000 ) ) ;
#1919 = CARTESIAN_POINT ( 'NONE',  ( -21.04297226076384320, -7.361289099003365699, -0.000000000000000000 ) ) ;
#1920 = DIRECTION ( 'NONE',  ( -0.000000000000000000, 1.000000000000000000, 0.000000000000000000 ) ) ;
#1921 = LINE ( 'NONE', #2892, #5938 ) ;
#1922 = AXIS2_PLACEMENT_3D ( 'NONE', #4695, #8286, #1506 ) ;
#1923 = CARTESIAN_POINT ( 'NONE',  ( -15.59999999999999964, 72.50000000000000000, 6.000000000000000000 ) ) ;
#1924 = CC_DESIGN_SECURITY_CLASSIFICATION ( #6660, ( #10915 ) ) ;
#1925 = LINE ( 'NONE', #6971, #6303 ) ;
#1926 = DIRECTION ( 'NONE',  ( 1.000000000000000000, 0.000000000000000000, 0.000000000000000000 ) ) ;
#1927 = VECTOR ( 'NONE', #7646, 1000.000000000000000 ) ;
#1928 = ADVANCED_FACE ( 'NONE', ( #2957 ), #8652, .F. ) ;
#1929 = CARTESIAN_POINT ( 'NONE',  ( 0.5999999999999998668, 9.000000000000000000, 11.70000000000000107 ) ) ;
#1930 = VECTOR ( 'NONE', #2149, 1000.000000000000000 ) ;
#1931 = VERTEX_POINT ( 'NONE', #7918 ) ;
#1932 = LINE ( 'NONE', #4666, #1194 ) ;
#1933 =( LENGTH_UNIT ( ) NAMED_UNIT ( * ) SI_UNIT ( .MILLI., .METRE. ) );
#1934 = CARTESIAN_POINT ( 'NONE',  ( 2.270144640882241216, -1.313331601357424328, 0.000000000000000000 ) ) ;
#1935 = COORDINATED_UNIVERSAL_TIME_OFFSET ( 5, 0, .BEHIND. ) ;
#1936 = CARTESIAN_POINT ( 'NONE',  ( 43.00000000000000000, 8.000000000000000000, 6.000000000000000000 ) ) ;
#1937 = VECTOR ( 'NONE', #9572, 1000.000000000000000 ) ;
#1938 = CARTESIAN_POINT ( 'NONE',  ( -35.00000000000000000, -70.00000000000000000, 5.000000000000000000 ) ) ;
#1939 = ADVANCED_FACE ( 'NONE', ( #373 ), #2793, .F. ) ;
#1940 = EDGE_CURVE ( 'NONE', #6816, #7003, #2992, .T. ) ;
#1941 = VERTEX_POINT ( 'NONE', #6145 ) ;
#1942 = EDGE_LOOP ( 'NONE', ( #9240, #8320, #3586, #9568 ) ) ;
#1943 = CARTESIAN_POINT ( 'NONE',  ( -10.50000000000000000, 1.300000000000000044, 16.00000000000000000 ) ) ;
#1944 =( NAMED_UNIT ( * ) SI_UNIT ( $, .STERADIAN. ) SOLID_ANGLE_UNIT ( ) );
#1945 = CARTESIAN_POINT ( 'NONE',  ( 21.48432534211531575, -6.858653920127071757, 0.000000000000000000 ) ) ;
#1946 = AXIS2_PLACEMENT_3D ( 'NONE', #6844, #9444, #10229 ) ;
#1947 = DIRECTION ( 'NONE',  ( 0.000000000000000000, -0.000000000000000000, -1.000000000000000000 ) ) ;
#1948 = PERSON_AND_ORGANIZATION ( #6743, #3319 ) ;
#1949 = PERSON_AND_ORGANIZATION ( #6743, #3319 ) ;
#1950 = DIRECTION ( 'NONE',  ( 1.000000000000000000, 0.000000000000000000, 0.000000000000000000 ) ) ;
#1951 = AXIS2_PLACEMENT_3D ( 'NONE', #9657, #391, #9596 ) ;
#1952 = EDGE_CURVE ( 'NONE', #3211, #4746, #6870, .T. ) ;
#1953 = ORIENTED_EDGE ( 'NONE', *, *, #6545, .F. ) ;
#1954 = CARTESIAN_POINT ( 'NONE',  ( -22.00000000000000000, 8.000000000000000000, 24.00000000000000000 ) ) ;
#1955 = ORIENTED_EDGE ( 'NONE', *, *, #9975, .T. ) ;
#1956 = CARTESIAN_POINT ( 'NONE',  ( -14.00000000000000000, 0.000000000000000000, 2.000000000000000000 ) ) ;
#1957 = LINE ( 'NONE', #2049, #6280 ) ;
#1958 = CARTESIAN_POINT ( 'NONE',  ( -9.000000000000000000, 81.00000000000000000, 4.700000000000000178 ) ) ;
#1959 = PERSON_AND_ORGANIZATION ( #6743, #3319 ) ;
#1960 = CARTESIAN_POINT ( 'NONE',  ( 134.3000695112365577, 0.2250839948771373999, -0.000000000000000000 ) ) ;
#1961 = PERSON_AND_ORGANIZATION ( #6743, #3319 ) ;
#1962 = CLOSED_SHELL ( 'NONE', ( #4405, #3919, #8326, #8624 ) ) ;
#1963 = VERTEX_POINT ( 'NONE', #6528 ) ;
#1964 = DIRECTION ( 'NONE',  ( 0.000000000000000000, 0.000000000000000000, 1.000000000000000000 ) ) ;
#1965 = CC_DESIGN_DATE_AND_TIME_ASSIGNMENT ( #9812, #7200, ( #8922 ) ) ;
#1966 = APPLICATION_CONTEXT ( 'configuration controlled 3d designs of mechanical parts and assemblies' ) ;
#1967 = EDGE_LOOP ( 'NONE', ( #2302, #2558, #8328, #7570 ) ) ;
#1968 = CARTESIAN_POINT ( 'NONE',  ( -9.000000000000000000, 8.000000000000000000, 21.00000000000000000 ) ) ;
#1969 = FACE_OUTER_BOUND ( 'NONE', #7015, .T. ) ;
#1970 = LINE ( 'NONE', #8856, #776 ) ;
#1971 = CARTESIAN_POINT ( 'NONE',  ( -7.638809204727039059, 32.04287395702854013, 0.000000000000000000 ) ) ;
#1972 = LINE ( 'NONE', #8700, #1585 ) ;
#1973 = DIRECTION ( 'NONE',  ( 0.000000000000000000, 1.000000000000000000, 0.000000000000000000 ) ) ;
#1974 = CARTESIAN_POINT ( 'NONE',  ( 32.04297226075981087, 32.36128909900664752, -0.000000000000000000 ) ) ;
#1975 = EDGE_CURVE ( 'NONE', #6498, #991, #10170, .T. ) ;
#1976 = CARTESIAN_POINT ( 'NONE',  ( 10.72380529476361133, 9.000000000000000000, 6.800000000000000711 ) ) ;
#1977 = ORIENTED_EDGE ( 'NONE', *, *, #225, .T. ) ;
#1978 = FACE_BOUND ( 'NONE', #7146, .T. ) ;
#1979 = CARTESIAN_POINT ( 'NONE',  ( -9.028322918593277180, 10.69997127470831977, 8.636228900012632437 ) ) ;
#1980 = PERSON_AND_ORGANIZATION ( #6743, #3319 ) ;
#1981 = CARTESIAN_POINT ( 'NONE',  ( 122.3000695112365577, 0.2250839948843428584, -0.000000000000000000 ) ) ;
#1982 = EDGE_CURVE ( 'NONE', #9302, #581, #5668, .T. ) ;
#1983 = ITEM_DEFINED_TRANSFORMATION ( 'NONE', 'NONE', #7529,  #7172 ) ;
#1984 = CARTESIAN_POINT ( 'NONE',  ( 6.000000000000000000, 0.000000000000000000, 20.00000000000000000 ) ) ;
#1985 = ORIENTED_EDGE ( 'NONE', *, *, #5164, .F. ) ;
#1986 = ORIENTED_EDGE ( 'NONE', *, *, #10137, .T. ) ;
#1987 = CARTESIAN_POINT ( 'NONE',  ( -8.000000000000000000, 0.000000000000000000, 0.000000000000000000 ) ) ;
#1988 = CARTESIAN_POINT ( 'NONE',  ( 0.5999999999999999778, 0.000000000000000000, 0.000000000000000000 ) ) ;
#1989 = DIRECTION ( 'NONE',  ( 0.000000000000000000, -0.000000000000000000, -1.000000000000000000 ) ) ;
#1990 = PERSON_AND_ORGANIZATION ( #6743, #3319 ) ;
#1991 = ADVANCED_FACE ( 'NONE', ( #5752 ), #10850, .T. ) ;
#1992 = CONTEXT_DEPENDENT_SHAPE_REPRESENTATION ( #9502, #7216 ) ;
#1993 = FACE_OUTER_BOUND ( 'NONE', #3423, .T. ) ;
#1994 = VERTEX_POINT ( 'NONE', #6635 ) ;
#1995 = VECTOR ( 'NONE', #3879, 1000.000000000000000 ) ;
#1996 = FACE_OUTER_BOUND ( 'NONE', #2320, .T. ) ;
#1997 = VERTEX_POINT ( 'NONE', #541 ) ;
#1998 = PLANE ( 'NONE',  #10062 ) ;
#1999 = CARTESIAN_POINT ( 'NONE',  ( 30.77438419509338985, -0.000000000000000000, 4.700000000000000178 ) ) ;
#2000 = CARTESIAN_POINT ( 'NONE',  ( 31.00000000000000000, -1.200000000000000030E-05, 21.00000000000000000 ) ) ;
#2001 = COORDINATED_UNIVERSAL_TIME_OFFSET ( 5, 0, .BEHIND. ) ;
#2002 = APPROVAL_DATE_TIME ( #9618, #10809 ) ;
#2003 = CARTESIAN_POINT ( 'NONE',  ( 0.000000000000000000, 0.000000000000000000, 68.00000000000000000 ) ) ;
#2004 = ADVANCED_FACE ( 'NONE', ( #2235 ), #10033, .F. ) ;
#2005 = PERSON_AND_ORGANIZATION ( #6743, #3319 ) ;
#2006 = EDGE_CURVE ( 'NONE', #850, #3769, #6693, .T. ) ;
#2007 = VECTOR ( 'NONE', #299, 1000.000000000000000 ) ;
#2008 = ORIENTED_EDGE ( 'NONE', *, *, #7790, .T. ) ;
#2009 = CARTESIAN_POINT ( 'NONE',  ( 10.00000000000000000, 27.50000000000000000, 3.000000000000000000 ) ) ;
#2010 = EDGE_LOOP ( 'NONE', ( #8329, #971, #6149, #8383 ) ) ;
#2011 = CARTESIAN_POINT ( 'NONE',  ( 134.3433330990082197, -0.4425847382506304939, -0.000000000000000000 ) ) ;
#2012 = CARTESIAN_POINT ( 'NONE',  ( -19.77491600511407555, -7.700069511235977160, -0.000000000000000000 ) ) ;
#2013 = DIRECTION ( 'NONE',  ( 1.000000000000000000, 0.000000000000000000, 0.000000000000000000 ) ) ;
#2014 = LINE ( 'NONE', #7802, #3485 ) ;
#2015 = EDGE_CURVE ( 'NONE', #9326, #1491, #33, .T. ) ;
#2016 = AXIS2_PLACEMENT_3D ( 'NONE', #9747, #5321, #2184 ) ;
#2017 = LOCAL_TIME ( 6, 20, 33.00000000000000000, #9165 ) ;
#2018 = DIRECTION ( 'NONE',  ( -0.000000000000000000, -0.000000000000000000, -1.000000000000000000 ) ) ;
#2019 = ORIENTED_EDGE ( 'NONE', *, *, #1800, .F. ) ;
#2020 = DIRECTION ( 'NONE',  ( -0.000000000000000000, -0.000000000000000000, -1.000000000000000000 ) ) ;
#2021 = CARTESIAN_POINT ( 'NONE',  ( 18.29993048876420758, -34.22508399488664566, 0.000000000000000000 ) ) ;
#2022 = ORIENTED_EDGE ( 'NONE', *, *, #2949, .F. ) ;
#2023 = DIRECTION ( 'NONE',  ( 0.000000000000000000, 0.000000000000000000, 1.000000000000000000 ) ) ;
#2024 = CC_DESIGN_APPROVAL ( #7210, ( #7643 ) ) ;
#2025 = CARTESIAN_POINT ( 'NONE',  ( -9.119313208099622869, 10.62263300843386737, 7.976430371807635034 ) ) ;
#2026 = PERSON_AND_ORGANIZATION_ROLE ( 'creator' ) ;
#2027 = LINE ( 'NONE', #433, #9670 ) ;
#2028 = APPROVAL ( #5994, 'UNKNOWN' ) ;
#2029 = CC_DESIGN_DATE_AND_TIME_ASSIGNMENT ( #4757, #740, ( #651 ) ) ;
#2030 = DATE_AND_TIME ( #2803, #2032 ) ;
#2031 = DIRECTION ( 'NONE',  ( 1.000000000000000000, 0.000000000000000000, 0.000000000000000000 ) ) ;
#2032 = LOCAL_TIME ( 6, 20, 33.00000000000000000, #1105 ) ;
#2033 = ORIENTED_EDGE ( 'NONE', *, *, #6511, .F. ) ;
#2034 = VERTEX_POINT ( 'NONE', #914 ) ;
#2035 = ADVANCED_FACE ( 'NONE', ( #10244 ), #2670, .T. ) ;
#2036 = VERTEX_POINT ( 'NONE', #5971 ) ;
#2037 = CARTESIAN_POINT ( 'NONE',  ( 21.69999999999999929, -34.00000000000000000, 5.000000000000000000 ) ) ;
#2038 = LINE ( 'NONE', #10383, #5958 ) ;
#2039 = CARTESIAN_POINT ( 'NONE',  ( 7.700000000000000178, 2.081899558550500526E-16, 20.00000000000000000 ) ) ;
#2040 = APPROVAL_DATE_TIME ( #3419, #8904 ) ;
#2041 = CC_DESIGN_APPROVAL ( #4258, ( #3975 ) ) ;
#2042 = DIRECTION ( 'NONE',  ( -0.000000000000000000, -0.000000000000000000, 1.000000000000000000 ) ) ;
#2043 = EDGE_LOOP ( 'NONE', ( #10620, #8293, #6829, #2312 ) ) ;
#2044 = CARTESIAN_POINT ( 'NONE',  ( 0.000000000000000000, 3.000000000000000000, 149.0000000000000000 ) ) ;
#2045 = LOCAL_TIME ( 6, 20, 33.00000000000000000, #7379 ) ;
#2046 = ADVANCED_FACE ( 'NONE', ( #1747 ), #5911, .F. ) ;
#2047 = ORIENTED_EDGE ( 'NONE', *, *, #3067, .F. ) ;
#2048 = CARTESIAN_POINT ( 'NONE',  ( -10.50000000000000000, 59.50000000000000000, 6.000000000000000000 ) ) ;
#2049 = CARTESIAN_POINT ( 'NONE',  ( 186.0000000000000000, 0.000000000000000000, 83.00000000000000000 ) ) ;
#2050 = DIRECTION ( 'NONE',  ( -0.000000000000000000, -0.000000000000000000, -1.000000000000000000 ) ) ;
#2051 = CARTESIAN_POINT ( 'NONE',  ( 11.88038519805911442, 7.406761620341380414, 9.105325610358853794 ) ) ;
#2052 = DIRECTION ( 'NONE',  ( -0.000000000000000000, -0.000000000000000000, -1.000000000000000000 ) ) ;
#2053 = APPROVAL_STATUS ( 'not_yet_approved' ) ;
#2054 = APPROVAL_STATUS ( 'not_yet_approved' ) ;
#2055 = DIRECTION ( 'NONE',  ( -0.000000000000000000, -0.000000000000000000, 1.000000000000000000 ) ) ;
#2056 = APPLICATION_PROTOCOL_DEFINITION ( 'international standard', 'config_control_design', 1994, #1966 ) ;
#2057 = LOCAL_TIME ( 6, 20, 33.00000000000000000, #1598 ) ;
#2058 = EDGE_LOOP ( 'NONE', ( #9031, #478 ) ) ;
#2059 = DIRECTION ( 'NONE',  ( 1.000000000000000000, 0.000000000000000000, -0.000000000000000000 ) ) ;
#2060 = EDGE_CURVE ( 'NONE', #991, #5517, #4221, .T. ) ;
#2061 = ORIENTED_EDGE ( 'NONE', *, *, #10783, .T. ) ;
#2062 = CARTESIAN_POINT ( 'NONE',  ( 31.60000000000000142, 67.50000000000000000, 1.409402627941315211 ) ) ;
#2063 = CARTESIAN_POINT ( 'NONE',  ( 0.000000000000000000, 40.00000000000000000, 0.000000000000000000 ) ) ;
#2064 = DIRECTION ( 'NONE',  ( -0.000000000000000000, -0.000000000000000000, -1.000000000000000000 ) ) ;
#2065 = EDGE_CURVE ( 'NONE', #4610, #2608, #10087, .T. ) ;
#2066 = LOCAL_TIME ( 6, 20, 33.00000000000000000, #5293 ) ;
#2067 = FACE_OUTER_BOUND ( 'NONE', #2763, .T. ) ;
#2068 = AXIS2_PLACEMENT_3D ( 'NONE', #2553, #9185, #5133 ) ;
#2069 = EDGE_LOOP ( 'NONE', ( #4092, #7248, #4050, #9041 ) ) ;
#2070 = AXIS2_PLACEMENT_3D ( 'NONE', #5159, #8537, #985 ) ;
#2071 = ORIENTED_EDGE ( 'NONE', *, *, #3606, .F. ) ;
#2072 = DIRECTION ( 'NONE',  ( 1.000000000000000000, 0.000000000000000000, 0.000000000000000000 ) ) ;
#2073 = ORIENTED_EDGE ( 'NONE', *, *, #10284, .T. ) ;
#2074 = CARTESIAN_POINT ( 'NONE',  ( -12.00000000000000000, 7.000000000000000000, 15.00000000000000000 ) ) ;
#2075 = CARTESIAN_POINT ( 'NONE',  ( 9.119041486028459431, 10.62286516859881225, 9.022699813921626344 ) ) ;
#2076 = ADVANCED_FACE ( 'NONE', ( #8519 ), #5092, .F. ) ;
#2077 = VECTOR ( 'NONE', #6462, 1000.000000000000000 ) ;
#2078 = ORIENTED_EDGE ( 'NONE', *, *, #2167, .F. ) ;
#2079 = DIRECTION ( 'NONE',  ( 0.000000000000000000, 1.000000000000000000, 0.000000000000000000 ) ) ;
#2080 = SHAPE_REPRESENTATION ( 'V2_REF_5mm_shaft', ( #7172 ), #845 ) ;
#2081 = VECTOR ( 'NONE', #8832, 1000.000000000000000 ) ;
#2082 = CARTESIAN_POINT ( 'NONE',  ( 123.7749160051133401, -1.699930488764121561, 0.000000000000000000 ) ) ;
#2083 = PERSON_AND_ORGANIZATION ( #6743, #3319 ) ;
#2084 = LINE ( 'NONE', #10426, #3141 ) ;
#2085 = AXIS2_PLACEMENT_3D ( 'NONE', #6484, #2472, #1545 ) ;
#2086 = DATE_AND_TIME ( #4567, #10321 ) ;
#2087 = VECTOR ( 'NONE', #2644, 1000.000000000000000 ) ;
#2088 = AXIS2_PLACEMENT_3D ( 'NONE', #9020, #7346, #1469 ) ;
#2089 = VECTOR ( 'NONE', #2330, 1000.000000000000000 ) ;
#2090 = CIRCLE ( 'NONE', #2437, 1.699999999999998401 ) ;
#2091 = DIRECTION ( 'NONE',  ( -0.000000000000000000, -0.000000000000000000, 1.000000000000000000 ) ) ;
#2092 = AXIS2_PLACEMENT_3D ( 'NONE', #2492, #118, #7603 ) ;
#2093 = ORIENTED_EDGE ( 'NONE', *, *, #6822, .T. ) ;
#2094 = CC_DESIGN_PERSON_AND_ORGANIZATION_ASSIGNMENT ( #9813, #9092, ( #975 ) ) ;
#2095 = PRODUCT_DEFINITION ( 'ๆ', '', #4328, #3510 ) ;
#2096 = ORIENTED_EDGE ( 'NONE', *, *, #9161, .T. ) ;
#2097 = LINE ( 'NONE', #5449, #2819 ) ;
#2098 = CARTESIAN_POINT ( 'NONE',  ( 1.594878658085105760, -2.081978247435756213, 0.000000000000000000 ) ) ;
#2099 = CARTESIAN_POINT ( 'NONE',  ( 13.14151426979811887, 68.51560493047468015, 0.000000000000000000 ) ) ;
#2100 = CALENDAR_DATE ( 2026, 18, 9 ) ;
#2101 = CIRCLE ( 'NONE', #9500, 1.699999999999998401 ) ;
#2102 = APPROVAL_ROLE ( '' ) ;
#2103 = FACE_OUTER_BOUND ( 'NONE', #8926, .T. ) ;
#2104 = ORIENTED_EDGE ( 'NONE', *, *, #9629, .T. ) ;
#2105 = VERTEX_POINT ( 'NONE', #8468 ) ;
#2106 = DIRECTION ( 'NONE',  ( -1.000000000000000000, 0.000000000000000000, -0.000000000000000000 ) ) ;
#2107 = VECTOR ( 'NONE', #9184, 1000.000000000000000 ) ;
#2108 = EDGE_CURVE ( 'NONE', #3538, #8873, #6860, .T. ) ;
#2109 = ORIENTED_EDGE ( 'NONE', *, *, #7046, .F. ) ;
#2110 = CARTESIAN_POINT ( 'NONE',  ( -1.519536942383790556, 2.115299939237502702, -0.000000000000000000 ) ) ;
#2111 = CARTESIAN_POINT ( 'NONE',  ( 29.51560493047168876, 0.000000000000000000, 2.141514269809643434 ) ) ;
#2112 = DIRECTION ( 'NONE',  ( 0.000000000000000000, 1.000000000000000000, 0.000000000000000000 ) ) ;
#2113 = CARTESIAN_POINT ( 'NONE',  ( 11.51987796860835189, 7.956290687835841702, 9.846496519295632410 ) ) ;
#2114 = LINE ( 'NONE', #9779, #2442 ) ;
#2115 = SECURITY_CLASSIFICATION_LEVEL ( 'unclassified' ) ;
#2116 = CARTESIAN_POINT ( 'NONE',  ( 134.3000000000000114, 2.081899558550508908E-16, -6.000000000000000152E-06 ) ) ;
#2117 = SECURITY_CLASSIFICATION_LEVEL ( 'unclassified' ) ;
#2118 = VECTOR ( 'NONE', #5070, 1000.000000000000000 ) ;
#2119 = ADVANCED_FACE ( 'NONE', ( #8575 ), #7681, .F. ) ;
#2120 = PRODUCT_DEFINITION_SHAPE ( 'NONE', 'NONE',  #10903 ) ;
#2121 = ORIENTED_EDGE ( 'NONE', *, *, #9628, .T. ) ;
#2122 = FACE_BOUND ( 'NONE', #46, .T. ) ;
#2123 = B_SPLINE_CURVE_WITH_KNOTS ( 'NONE', 3,
 ( #8886, #5347, #1336, #4693, #7056, #8731, #7894, #5564, #1172, #3863, #454, #7223, #5463, #3801, #4529, #7161, #9609, #8055 ),
 .UNSPECIFIED., .F., .F.,
 ( 4, 2, 2, 2, 2, 2, 2, 2, 4 ),
 ( 0.5000000000000000000, 0.5625000000000000000, 0.6250000000000000000, 0.6875000000000000000, 0.7500000000000000000, 0.8125000000000000000, 0.8750000000000000000, 0.9375000000000000000, 1.000000000000000000 ),
 .UNSPECIFIED. ) ;
#2124 = EDGE_LOOP ( 'NONE', ( #4736, #4082, #2697, #7599 ) ) ;
#2125 = LINE ( 'NONE', #585, #9869 ) ;
#2126 = CARTESIAN_POINT ( 'NONE',  ( 122.2999999999999972, 2.081899558550508908E-16, -6.000000000000000152E-06 ) ) ;
#2127 = DIRECTION ( 'NONE',  ( -1.000000000000000000, 0.000000000000000000, 0.000000000000000000 ) ) ;
#2128 = ORIENTED_EDGE ( 'NONE', *, *, #1541, .F. ) ;
#2129 = CARTESIAN_POINT ( 'NONE',  ( -21.69999999999999929, -34.00000000000000000, 5.000000000000000000 ) ) ;
#2130 = EDGE_CURVE ( 'NONE', #9758, #10161, #1024, .T. ) ;
#2131 = CARTESIAN_POINT ( 'NONE',  ( -7.515674657884687804, 30.14134607987247705, 0.000000000000000000 ) ) ;
#2132 = ORIENTED_EDGE ( 'NONE', *, *, #7397, .T. ) ;
#2133 = CARTESIAN_POINT ( 'NONE',  ( 32.70000000000000284, 31.00000000000000000, -6.000000000000000152E-06 ) ) ;
#2134 = AXIS2_PLACEMENT_3D ( 'NONE', #1622, #9949, #10116 ) ;
#2135 = CARTESIAN_POINT ( 'NONE',  ( 9.118810940736777226, 10.62306291505445444, 7.977880689636082323 ) ) ;
#2136 = EDGE_LOOP ( 'NONE', ( #8359, #372, #760, #6420 ) ) ;
#2137 = DIRECTION ( 'NONE',  ( 1.000000000000000000, 0.000000000000000000, 0.000000000000000000 ) ) ;
#2138 = CARTESIAN_POINT ( 'NONE',  ( -11.77713143436211318, 7.570080073119065389, 7.573250404111560030 ) ) ;
#2139 = COORDINATED_UNIVERSAL_TIME_OFFSET ( 5, 0, .BEHIND. ) ;
#2140 = CARTESIAN_POINT ( 'NONE',  ( 31.00000000000000000, -6.000000000000000152E-06, 4.699999999999999289 ) ) ;
#2141 = COORDINATED_UNIVERSAL_TIME_OFFSET ( 5, 0, .BEHIND. ) ;
#2142 = EDGE_CURVE ( 'NONE', #9191, #5496, #10133, .T. ) ;
#2143 = EDGE_CURVE ( 'NONE', #2512, #4690, #9236, .T. ) ;
#2144 = ORIENTED_EDGE ( 'NONE', *, *, #580, .F. ) ;
#2145 = LINE ( 'NONE', #8871, #9304 ) ;
#2146 = ORIENTED_EDGE ( 'NONE', *, *, #1515, .T. ) ;
#2147 = ORIENTED_EDGE ( 'NONE', *, *, #868, .F. ) ;
#2148 = CARTESIAN_POINT ( 'NONE',  ( 31.60000000000000142, 0.000000000000000000, 6.000000000000000000 ) ) ;
#2149 = DIRECTION ( 'NONE',  ( 1.000000000000000000, 0.000000000000000000, 0.000000000000000000 ) ) ;
#2150 = CARTESIAN_POINT ( 'NONE',  ( 15.04287395703226338, 68.63880920473022229, 0.000000000000000000 ) ) ;
#2151 = DATE_AND_TIME ( #9717, #4338 ) ;
#2152 = CC_DESIGN_PERSON_AND_ORGANIZATION_ASSIGNMENT ( #7497, #741, ( #3084 ) ) ;
#2153 = CARTESIAN_POINT ( 'NONE',  ( -12.00000000000000000, 7.000000000000000000, 13.29999999999999893 ) ) ;
#2154 = ORIENTED_EDGE ( 'NONE', *, *, #1391, .T. ) ;
#2155 = VERTEX_POINT ( 'NONE', #4271 ) ;
#2156 = EDGE_LOOP ( 'NONE', ( #1603, #2412 ) ) ;
#2157 = DIRECTION ( 'NONE',  ( 0.000000000000000000, 0.000000000000000000, -1.000000000000000000 ) ) ;
#2158 = LINE ( 'NONE', #627, #8047 ) ;
#2159 = CYLINDRICAL_SURFACE ( 'NONE', #10030, 1.700000000000000178 ) ;
#2160 = DIRECTION ( 'NONE',  ( 0.000000000000000000, 0.000000000000000000, -1.000000000000000000 ) ) ;
#2161 = DIRECTION ( 'NONE',  ( 0.000000000000000000, 0.000000000000000000, 1.000000000000000000 ) ) ;
#2162 = PERSON_AND_ORGANIZATION ( #6743, #3319 ) ;
#2163 = CARTESIAN_POINT ( 'NONE',  ( 31.19999999999999929, 80.50000000000000000, 0.000000000000000000 ) ) ;
#2164 =( REPRESENTATION_RELATIONSHIP ('NONE','NONE', #1311, #9987 ) REPRESENTATION_RELATIONSHIP_WITH_TRANSFORMATION ( #7472 )SHAPE_REPRESENTATION_RELATIONSHIP( ) );
#2165 = PERSON_AND_ORGANIZATION ( #6743, #3319 ) ;
#2166 = PRODUCT_RELATED_PRODUCT_CATEGORY ( 'detail', '', ( #1611 ) ) ;
#2167 = EDGE_CURVE ( 'NONE', #10786, #1414, #1485, .T. ) ;
#2168 = VERTEX_POINT ( 'NONE', #9194 ) ;
#2169 = ORIENTED_EDGE ( 'NONE', *, *, #10111, .F. ) ;
#2170 = FACE_OUTER_BOUND ( 'NONE', #4615, .T. ) ;
#2171 = ORIENTED_EDGE ( 'NONE', *, *, #1582, .F. ) ;
#2172 = CARTESIAN_POINT ( 'NONE',  ( 32.70000000000000284, 31.00000000000000000, 5.000000000000000000 ) ) ;
#2173 = CARTESIAN_POINT ( 'NONE',  ( -9.225615804907725703, -0.000000000000000000, 22.70000000000000639 ) ) ;
#2174 = CARTESIAN_POINT ( 'NONE',  ( 0.000000000000000000, 149.0000000000000000, 3.000000000000000000 ) ) ;
#2175 = VERTEX_POINT ( 'NONE', #8355 ) ;
#2176 = EDGE_CURVE ( 'NONE', #7466, #6037, #9241, .T. ) ;
#2177 = AXIS2_PLACEMENT_3D ( 'NONE', #365, #7072, #2127 ) ;
#2178 = LINE ( 'NONE', #4049, #8247 ) ;
#2179 = ORIENTED_EDGE ( 'NONE', *, *, #198, .F. ) ;
#2180 = CYLINDRICAL_SURFACE ( 'NONE', #8270, 1.700000000000007061 ) ;
#2181 = VECTOR ( 'NONE', #9355, 1000.000000000000000 ) ;
#2182 = VERTEX_POINT ( 'NONE', #7764 ) ;
#2183 = PLANE ( 'NONE',  #8147 ) ;
#2184 = DIRECTION ( 'NONE',  ( 0.000000000000000000, -0.000000000000000000, 1.000000000000000000 ) ) ;
#2186 = EDGE_CURVE ( 'NONE', #1702, #4610, #5037, .T. ) ;
#2185 = ORIENTED_EDGE ( 'NONE', *, *, #9940, .F. ) ;
#2187 = CARTESIAN_POINT ( 'NONE',  ( 20.00000000000000000, -6.000000000000000152E-06, 10.30000000000000071 ) ) ;
#2188 = CARTESIAN_POINT ( 'NONE',  ( 122.3433330990052639, -0.4425847382506304939, -0.000000000000000000 ) ) ;
#2189 = MECHANICAL_CONTEXT ( 'NONE', #2518, 'mechanical' ) ;
#2190 = DIRECTION ( 'NONE',  ( 0.000000000000000000, 0.000000000000000000, 1.000000000000000000 ) ) ;
#2191 = CONTEXT_DEPENDENT_SHAPE_REPRESENTATION ( #2164, #4761 ) ;
#2192 = ORIENTED_EDGE ( 'NONE', *, *, #8864, .F. ) ;
#2193 = ORIENTED_EDGE ( 'NONE', *, *, #900, .F. ) ;
#2194 = CARTESIAN_POINT ( 'NONE',  ( 40.00000000000000000, 0.000000000000000000, 0.000000000000000000 ) ) ;
#2195 = ORIENTED_EDGE ( 'NONE', *, *, #6569, .T. ) ;
#2196 = LOCAL_TIME ( 6, 20, 33.00000000000000000, #7262 ) ;
#2198 = EDGE_CURVE ( 'NONE', #1377, #1491, #84, .T. ) ;
#2197 = ORIENTED_EDGE ( 'NONE', *, *, #6204, .T. ) ;
#2199 = CARTESIAN_POINT ( 'NONE',  ( 20.00000000000000000, 20.00000000000000000, 58.00000000000000000 ) ) ;
#2200 = CARTESIAN_POINT ( 'NONE',  ( -11.59999999999999964, 0.000000000000000000, 6.000000000000000000 ) ) ;
#2201 = EDGE_CURVE ( 'NONE', #7653, #6509, #8163, .T. ) ;
#2202 = CARTESIAN_POINT ( 'NONE',  ( -20.00000000000000000, 8.000000000000000000, 10.30000000000000071 ) ) ;
#2203 = MECHANICAL_CONTEXT ( 'NONE', #551, 'mechanical' ) ;
#2204 = DATE_AND_TIME ( #8109, #488 ) ;
#2205 = PRODUCT_DEFINITION_SHAPE ( 'NONE', 'NONE',  #6936 ) ;
#2206 = LOCAL_TIME ( 6, 20, 33.00000000000000000, #10594 ) ;
#2207 = DIRECTION ( 'NONE',  ( 0.000000000000000000, -1.000000000000000000, 0.000000000000000000 ) ) ;
#2208 = ORIENTED_EDGE ( 'NONE', *, *, #10641, .F. ) ;
#2209 = VERTEX_POINT ( 'NONE', #1246 ) ;
#2210 = DIRECTION ( 'NONE',  ( 0.000000000000000000, -0.000000000000000000, 1.000000000000000000 ) ) ;
#2211 = CARTESIAN_POINT ( 'NONE',  ( 0.000000000000000000, 40.00000000000000000, 40.00000000000000000 ) ) ;
#2212 = DIRECTION ( 'NONE',  ( -1.000000000000000000, 0.000000000000000000, 0.000000000000000000 ) ) ;
#2213 = CC_DESIGN_APPROVAL ( #1363, ( #2389 ) ) ;
#2214 = CARTESIAN_POINT ( 'NONE',  ( -14.00000000000000000, 70.00000000000000000, -1.200000000000000030E-05 ) ) ;
#2215 = DIRECTION ( 'NONE',  ( -0.000000000000000000, -1.000000000000000000, -0.000000000000000000 ) ) ;
#2216 = CALENDAR_DATE ( 2026, 18, 9 ) ;
#2217 = LINE ( 'NONE', #4809, #2261 ) ;
#2218 = CALENDAR_DATE ( 2026, 18, 9 ) ;
#2219 = LOCAL_TIME ( 6, 20, 33.00000000000000000, #5058 ) ;
#2220 = VERTEX_POINT ( 'NONE', #1084 ) ;
#2221 = DIRECTION ( 'NONE',  ( 0.000000000000000000, 0.000000000000000000, -1.000000000000000000 ) ) ;
#2222 = ORIENTED_EDGE ( 'NONE', *, *, #2671, .F. ) ;
#2223 = CARTESIAN_POINT ( 'NONE',  ( -7.299999999999998934, 49.00000000000000000, -1.200000000000000030E-05 ) ) ;
#2224 = CARTESIAN_POINT ( 'NONE',  ( -20.44258473825189171, -4.343333099005882048, 0.000000000000000000 ) ) ;
#2225 = DIRECTION ( 'NONE',  ( 0.000000000000000000, -1.000000000000000000, 0.000000000000000000 ) ) ;
#2226 = CC_DESIGN_PERSON_AND_ORGANIZATION_ASSIGNMENT ( #9992, #8158, ( #10861 ) ) ;
#2227 = CARTESIAN_POINT ( 'NONE',  ( 42.00000000000000000, 30.00000000000000000, 74.50000000000000000 ) ) ;
#2228 = ORIENTED_EDGE ( 'NONE', *, *, #7571, .T. ) ;
#2229 = LOCAL_TIME ( 6, 20, 33.00000000000000000, #10531 ) ;
#2230 = DIRECTION ( 'NONE',  ( -1.000000000000000000, 0.000000000000000000, 0.000000000000000000 ) ) ;
#2231 = ORIENTED_EDGE ( 'NONE', *, *, #10609, .T. ) ;
#2232 = CARTESIAN_POINT ( 'NONE',  ( 31.60000000000000142, 62.50000000000000000, -1.200000000000000030E-05 ) ) ;
#2233 = EDGE_CURVE ( 'NONE', #8467, #6828, #2939, .T. ) ;
#2234 = ORIENTED_EDGE ( 'NONE', *, *, #1596, .F. ) ;
#2235 = FACE_OUTER_BOUND ( 'NONE', #9972, .T. ) ;
#2236 = APPROVAL_PERSON_ORGANIZATION ( #2005, #7674, #7114 ) ;
#2237 = CARTESIAN_POINT ( 'NONE',  ( 122.2999999999999972, 2.081899558550508908E-16, 6.000000000000000000 ) ) ;
#2238 = CARTESIAN_POINT ( 'NONE',  ( 11.81583934084839704, 7.509301620396099608, 10.82622392244466170 ) ) ;
#2239 = ORIENTED_EDGE ( 'NONE', *, *, #10830, .T. ) ;
#2240 = CARTESIAN_POINT ( 'NONE',  ( 12.00000000000000000, -7.000000000000000000, 16.69999999999999929 ) ) ;
#2241 = AXIS2_PLACEMENT_3D ( 'NONE', #10446, #10500, #7786 ) ;
#2242 = AXIS2_PLACEMENT_3D ( 'NONE', #7632, #7691, #2630 ) ;
#2243 = CARTESIAN_POINT ( 'NONE',  ( -5.799999999999999822, 70.00000000000000000, 8.000000000000000000 ) ) ;
#2244 = DATE_AND_TIME ( #5490, #471 ) ;
#2245 = CIRCLE ( 'NONE', #8587, 2.500000000000000000 ) ;
#2246 = PERSON_AND_ORGANIZATION_ROLE ( 'classification_officer' ) ;
#2247 = VERTEX_POINT ( 'NONE', #2886 ) ;
#2248 = ADVANCED_FACE ( 'NONE', ( #9569 ), #10512, .F. ) ;
#2249 = VERTEX_POINT ( 'NONE', #1134 ) ;
#2250 = VECTOR ( 'NONE', #10113, 1000.000000000000000 ) ;
#2251 = FACE_OUTER_BOUND ( 'NONE', #6999, .T. ) ;
#2252 = VECTOR ( 'NONE', #4821, 1000.000000000000000 ) ;
#2253 = VECTOR ( 'NONE', #9716, 1000.000000000000000 ) ;
#2254 = VERTEX_POINT ( 'NONE', #9459 ) ;
#2255 = CARTESIAN_POINT ( 'NONE',  ( -9.119313208099621093, 10.62263300843386560, 9.476430371807628816 ) ) ;
#2256 = CARTESIAN_POINT ( 'NONE',  ( 12.30000000000000249, 70.00000000000000000, -6.000000000000000152E-06 ) ) ;
#2257 = PLANE ( 'NONE',  #2768 ) ;
#2258 = AXIS2_PLACEMENT_3D ( 'NONE', #6548, #5721, #5831 ) ;
#2259 = AXIS2_PLACEMENT_3D ( 'NONE', #76, #957, #800 ) ;
#2260 = PERSON_AND_ORGANIZATION_ROLE ( 'creator' ) ;
#2261 = VECTOR ( 'NONE', #4699, 1000.000000000000000 ) ;
#2262 = AXIS2_PLACEMENT_3D ( 'NONE', #4233, #9203, #1648 ) ;
#2263 = CONTEXT_DEPENDENT_SHAPE_REPRESENTATION ( #2311, #8896 ) ;
#2264 = AXIS2_PLACEMENT_3D ( 'NONE', #3039, #1562, #10661 ) ;
#2265 = ADVANCED_FACE ( 'NONE', ( #6292 ), #7960, .F. ) ;
#2266 = ADVANCED_FACE ( 'NONE', ( #2122, #6135, #6235 ), #7907, .F. ) ;
#2267 = CARTESIAN_POINT ( 'NONE',  ( 0.6000001017321888730, 2.529941645714209653, -8.999999999999988370E-06 ) ) ;
#2268 = LOCAL_TIME ( 6, 20, 33.00000000000000000, #7568 ) ;
#2269 = ORIENTED_EDGE ( 'NONE', *, *, #7033, .F. ) ;
#2270 = VERTEX_POINT ( 'NONE', #1291 ) ;
#2271 = CARTESIAN_POINT ( 'NONE',  ( 14.00000000000000000, 0.000000000000000000, 2.000000000000000000 ) ) ;
#2272 = DIRECTION ( 'NONE',  ( 1.000000000000000000, -0.000000000000000000, 0.000000000000000000 ) ) ;
#2273 = DIRECTION ( 'NONE',  ( -1.000000000000000000, 0.000000000000000000, 0.000000000000000000 ) ) ;
#2274 = CARTESIAN_POINT ( 'NONE',  ( -2.600000000000000089, 3.184081677783117698E-16, -6.000000000000000152E-06 ) ) ;
#2275 = AXIS2_PLACEMENT_3D ( 'NONE', #2734, #7803, #10307 ) ;
#2276 = CARTESIAN_POINT ( 'NONE',  ( -10.72380529476374278, 9.000000000000252243, 11.70000000000124984 ) ) ;
#2277 = PERSON_AND_ORGANIZATION ( #6743, #3319 ) ;
#2278 = CARTESIAN_POINT ( 'NONE',  ( 2.500000000000000000, 3.061616997868383141E-16, 5.000000000000000000 ) ) ;
#2279 = COORDINATED_UNIVERSAL_TIME_OFFSET ( 5, 0, .BEHIND. ) ;
#2280 = ADVANCED_FACE ( 'NONE', ( #9623 ), #4650, .T. ) ;
#2281 = EDGE_CURVE ( 'NONE', #438, #9036, #1914, .T. ) ;
#2282 = ORIENTED_EDGE ( 'NONE', *, *, #5281, .T. ) ;
#2283 = CARTESIAN_POINT ( 'NONE',  ( -15.59999999999999964, 72.50000000000000000, -1.200000000000000030E-05 ) ) ;
#2284 = VERTEX_POINT ( 'NONE', #7016 ) ;
#2285 = DIRECTION ( 'NONE',  ( -0.000000000000000000, 1.000000000000000000, 0.000000000000000000 ) ) ;
#2286 = CARTESIAN_POINT ( 'NONE',  ( 24.30000000000000071, 45.00000000000000000, -1.200000000000000030E-05 ) ) ;
#2287 = LINE ( 'NONE', #3165, #1479 ) ;
#2289 = DIRECTION ( 'NONE',  ( 1.000000000000000000, 0.000000000000000000, 0.000000000000000000 ) ) ;
#2288 = PERSON ( 'NAUO-PER19', 'UNSPECIFIED', 'UNSPECIFIED', ('UNSPECIFIED'), ('UNSPECIFIED'), ('UNSPECIFIED') ) ;
#2290 = VERTEX_POINT ( 'NONE', #10349 ) ;
#2291 = VECTOR ( 'NONE', #9723, 1000.000000000000000 ) ;
#2292 = CARTESIAN_POINT ( 'NONE',  ( 0.000000000000000000, 0.000000000000000000, -1.200000000000000030E-05 ) ) ;
#2293 = VERTEX_POINT ( 'NONE', #2832 ) ;
#2294 = PRODUCT_DEFINITION ( 'ๆ', '', #3116, #10143 ) ;
#2295 = DIRECTION ( 'NONE',  ( -0.000000000000000000, -0.000000000000000000, 1.000000000000000000 ) ) ;
#2296 = VERTEX_POINT ( 'NONE', #2009 ) ;
#2297 = CARTESIAN_POINT ( 'NONE',  ( 0.000000000000000000, 0.000000000000000000, 5.000000000000000000 ) ) ;
#2298 = VECTOR ( 'NONE', #2810, 1000.000000000000000 ) ;
#2299 = ORIENTED_EDGE ( 'NONE', *, *, #10057, .T. ) ;
#2300 = CARTESIAN_POINT ( 'NONE',  ( -20.00000000000000000, -6.000000000000000152E-06, 13.70000000000000107 ) ) ;
#2301 = CARTESIAN_POINT ( 'NONE',  ( -9.000000000000000000, 59.50000000000000000, 3.000000000000000000 ) ) ;
#2302 = ORIENTED_EDGE ( 'NONE', *, *, #64, .F. ) ;
#2303 = CARTESIAN_POINT ( 'NONE',  ( -15.70000000000000284, 0.000000000000000000, 0.000000000000000000 ) ) ;
#2304 = PRODUCT_DEFINITION_SHAPE ( 'NONE', 'NONE',  #10908 ) ;
#2305 = CARTESIAN_POINT ( 'NONE',  ( 32.70000000000000284, 49.22525195654805685, 0.000000000000000000 ) ) ;
#2306 = PERSON_AND_ORGANIZATION_ROLE ( 'creator' ) ;
#2307 = CALENDAR_DATE ( 2026, 18, 9 ) ;
#2308 = CC_DESIGN_DATE_AND_TIME_ASSIGNMENT ( #460, #3699, ( #3975 ) ) ;
#2309 = CYLINDRICAL_SURFACE ( 'NONE', #158, 14.00000000000000000 ) ;
#2310 = DIRECTION ( 'NONE',  ( -0.000000000000000000, -0.000000000000000000, 1.000000000000000000 ) ) ;
#2311 =( REPRESENTATION_RELATIONSHIP ('NONE','NONE', #1311, #1737 ) REPRESENTATION_RELATIONSHIP_WITH_TRANSFORMATION ( #446 )SHAPE_REPRESENTATION_RELATIONSHIP( ) );
#2312 = ORIENTED_EDGE ( 'NONE', *, *, #5201, .T. ) ;
#2313 = DIRECTION ( 'NONE',  ( 0.000000000000000000, 0.000000000000000000, 1.000000000000000000 ) ) ;
#2314 = CARTESIAN_POINT ( 'NONE',  ( 0.000000000000000000, 0.000000000000000000, 0.000000000000000000 ) ) ;
#2315 = EDGE_CURVE ( 'NONE', #7948, #9758, #3815, .T. ) ;
#2316 = APPROVAL_DATE_TIME ( #6432, #8769 ) ;
#2317 = PERSON_AND_ORGANIZATION_ROLE ( 'classification_officer' ) ;
#2318 = ADVANCED_FACE ( 'NONE', ( #2722 ), #8742, .F. ) ;
#2319 = DIRECTION ( 'NONE',  ( 1.000000000000000000, 0.000000000000000000, 0.000000000000000000 ) ) ;
#2320 = EDGE_LOOP ( 'NONE', ( #9699, #1775, #8053, #8455, #175, #4052 ) ) ;
#2321 = ORIENTED_EDGE ( 'NONE', *, *, #1672, .F. ) ;
#2322 = DIRECTION ( 'NONE',  ( 0.000000000000000000, 0.000000000000000000, 1.000000000000000000 ) ) ;
#2323 = DIRECTION ( 'NONE',  ( 1.000000000000000000, -0.000000000000000000, 0.000000000000000000 ) ) ;
#2324 = DIRECTION ( 'NONE',  ( -0.000000000000000000, 1.000000000000000000, 0.000000000000000000 ) ) ;
#2325 = CARTESIAN_POINT ( 'NONE',  ( -28.00000000000000000, 0.000000000000000000, 24.00000000000000000 ) ) ;
#2326 = CARTESIAN_POINT ( 'NONE',  ( -21.00000000000000000, 0.000000000000000000, 0.000000000000000000 ) ) ;
#2327 = ADVANCED_FACE ( 'NONE', ( #8639 ), #4444, .T. ) ;
#2328 = EDGE_LOOP ( 'NONE', ( #5544, #8850 ) ) ;
#2329 = APPROVAL_STATUS ( 'not_yet_approved' ) ;
#2330 = DIRECTION ( 'NONE',  ( 1.000000000000000000, 0.000000000000000000, -0.000000000000000000 ) ) ;
#2331 = APPROVAL_STATUS ( 'not_yet_approved' ) ;
#2332 = ORIENTED_EDGE ( 'NONE', *, *, #10575, .T. ) ;
#2333 = ORIENTED_EDGE ( 'NONE', *, *, #9957, .T. ) ;
#2334 = ORIENTED_EDGE ( 'NONE', *, *, #3497, .F. ) ;
#2335 = FACE_OUTER_BOUND ( 'NONE', #6948, .T. ) ;
#2336 = ORIENTED_EDGE ( 'NONE', *, *, #1410, .T. ) ;
#2337 = DIRECTION ( 'NONE',  ( 0.000000000000000000, -0.000000000000000000, 1.000000000000000000 ) ) ;
#2338 = CARTESIAN_POINT ( 'NONE',  ( -10.65666690099488711, 0.000000000000000000, 21.44258473825094313 ) ) ;
#2339 = DIRECTION ( 'NONE',  ( 1.000000000000000000, 0.000000000000000000, 0.000000000000000000 ) ) ;
#2340 = CARTESIAN_POINT ( 'NONE',  ( 35.00000000000000000, 39.99999999999999289, 25.99999999999999645 ) ) ;
#2341 = EDGE_LOOP ( 'NONE', ( #612, #2806, #5608, #9352 ) ) ;
#2342 = EDGE_CURVE ( 'NONE', #9362, #793, #5309, .T. ) ;
#2343 = EDGE_CURVE ( 'NONE', #7820, #2401, #3650, .T. ) ;
#2344 = DIRECTION ( 'NONE',  ( -0.000000000000000000, -0.000000000000000000, -1.000000000000000000 ) ) ;
#2345 = ADVANCED_FACE ( 'NONE', ( #3706 ), #7067, .F. ) ;
#2346 = ORIENTED_EDGE ( 'NONE', *, *, #7745, .T. ) ;
#2347 = DIRECTION ( 'NONE',  ( -1.000000000000000000, 0.000000000000000000, 0.000000000000000000 ) ) ;
#2348 = ORIENTED_EDGE ( 'NONE', *, *, #7925, .F. ) ;
#2349 = CARTESIAN_POINT ( 'NONE',  ( 18.51560493047243128, -5.141514269807109017, 0.000000000000000000 ) ) ;
#2350 = CARTESIAN_POINT ( 'NONE',  ( -27.69999999999999929, 57.00000000000000000, 5.000000000000000000 ) ) ;
#2351 = CARTESIAN_POINT ( 'NONE',  ( 10.72380529476361488, 9.000000000000204281, 11.70000000000065477 ) ) ;
#2352 = VECTOR ( 'NONE', #4396, 1000.000000000000000 ) ;
#2353 = VERTEX_POINT ( 'NONE', #4040 ) ;
#2354 = DIRECTION ( 'NONE',  ( 0.000000000000000000, 0.000000000000000000, -1.000000000000000000 ) ) ;
#2355 = PLANE ( 'NONE',  #5759 ) ;
#2356 = PERSON_AND_ORGANIZATION_ROLE ( 'creator' ) ;
#2357 = CALENDAR_DATE ( 2026, 18, 9 ) ;
#2358 = VECTOR ( 'NONE', #6074, 1000.000000000000000 ) ;
#2359 = CARTESIAN_POINT ( 'NONE',  ( -18.51547649045613753, -33.14146106821036852, -0.000000000000000000 ) ) ;
#2360 = LINE ( 'NONE', #8269, #10728 ) ;
#2361 = CARTESIAN_POINT ( 'NONE',  ( 30.77491600511332948, 0.000000000000000000, 19.29993048876421113 ) ) ;
#2362 = ORIENTED_EDGE ( 'NONE', *, *, #3479, .F. ) ;
#2363 = CARTESIAN_POINT ( 'NONE',  ( 27.69999999999999929, -57.00000000000000000, -1.200000000000000030E-05 ) ) ;
#2364 = VECTOR ( 'NONE', #3692, 1000.000000000000000 ) ;
#2365 = CC_DESIGN_DATE_AND_TIME_ASSIGNMENT ( #1436, #5606, ( #975 ) ) ;
#2366 = FACE_OUTER_BOUND ( 'NONE', #6190, .T. ) ;
#2367 = CC_DESIGN_PERSON_AND_ORGANIZATION_ASSIGNMENT ( #5110, #8488, ( #3775 ) ) ;
#2368 = COORDINATED_UNIVERSAL_TIME_OFFSET ( 5, 0, .BEHIND. ) ;
#2369 = CONTEXT_DEPENDENT_SHAPE_REPRESENTATION ( #8153, #9785 ) ;
#2370 = DIRECTION ( 'NONE',  ( 0.000000000000000000, 1.000000000000000000, 0.000000000000000000 ) ) ;
#2371 = DIRECTION ( 'NONE',  ( -0.000000000000000000, -0.000000000000000000, 1.000000000000000000 ) ) ;
#2372 = EDGE_CURVE ( 'NONE', #3186, #9639, #9734, .T. ) ;
#2373 = VERTEX_POINT ( 'NONE', #1462 ) ;
#2374 = VERTEX_POINT ( 'NONE', #9787 ) ;
#2375 = VERTEX_POINT ( 'NONE', #3161 ) ;
#2376 = DIRECTION ( 'NONE',  ( 0.000000000000000000, 0.000000000000000000, 1.000000000000000000 ) ) ;
#2377 = LINE ( 'NONE', #10558, #5218 ) ;
#2378 = LINE ( 'NONE', #7329, #8899 ) ;
#2379 = CARTESIAN_POINT ( 'NONE',  ( 11.04041184224593763, 8.612030553185554993, 10.16769485529068717 ) ) ;
#2380 = CARTESIAN_POINT ( 'NONE',  ( 9.119041486028454102, 10.62286516859881047, 10.52269981392162101 ) ) ;
#2381 = PERSON_AND_ORGANIZATION ( #6743, #3319 ) ;
#2382 = EDGE_CURVE ( 'NONE', #3074, #3247, #10273, .T. ) ;
#2383 = CALENDAR_DATE ( 2026, 18, 9 ) ;
#2384 = ADVANCED_FACE ( 'NONE', ( #5683 ), #8898, .F. ) ;
#2385 = PRODUCT ( 'V2_02_bearing_tower', 'V2_02_bearing_tower', '', ( #2189 ) ) ;
#2386 = VERTEX_POINT ( 'NONE', #8124 ) ;
#2387 = EDGE_CURVE ( 'NONE', #8221, #2449, #4924, .T. ) ;
#2388 = DIRECTION ( 'NONE',  ( -1.000000000000000000, 0.000000000000000000, 0.000000000000000000 ) ) ;
#2389 = PRODUCT_DEFINITION_FORMATION_WITH_SPECIFIED_SOURCE ( 'ไป', '', #7217, .NOT_KNOWN. ) ;
#2390 = ORIENTED_EDGE ( 'NONE', *, *, #8310, .F. ) ;
#2391 = CARTESIAN_POINT ( 'NONE',  ( 18.29993048876495010, -0.000000000000000000, 12.22508399488808628 ) ) ;
#2392 = CARTESIAN_POINT ( 'NONE',  ( -21.69999999999999929, -6.000000000000000000, -6.000000000000000152E-06 ) ) ;
#2393 = PLANE ( 'NONE',  #245 ) ;
#2394 = DIRECTION ( 'NONE',  ( 0.000000000000000000, 0.000000000000000000, -1.000000000000000000 ) ) ;
#2395 = CARTESIAN_POINT ( 'NONE',  ( 31.60000000000000142, -1.200000000000000030E-05, 4.590597372058685011 ) ) ;
#2396 = ORIENTED_EDGE ( 'NONE', *, *, #4540, .F. ) ;
#2397 = LOCAL_TIME ( 6, 20, 33.00000000000000000, #4956 ) ;
#2398 = DIRECTION ( 'NONE',  ( -1.000000000000000000, 0.000000000000000000, -0.000000000000000000 ) ) ;
#2399 = ADVANCED_FACE ( 'NONE', ( #2170 ), #8961, .F. ) ;
#2400 = EDGE_CURVE ( 'NONE', #5644, #584, #3404, .T. ) ;
#2401 = VERTEX_POINT ( 'NONE', #1413 ) ;
#2402 = DIRECTION ( 'NONE',  ( -0.000000000000000000, -0.000000000000000000, -1.000000000000000000 ) ) ;
#2403 = VERTEX_POINT ( 'NONE', #4705 ) ;
#2404 = LINE ( 'NONE', #3226, #328 ) ;
#2405 = CARTESIAN_POINT ( 'NONE',  ( 11.51689599024726007, 7.960616816174120203, 8.650113106382692152 ) ) ;
#2406 = LOCAL_TIME ( 6, 20, 33.00000000000000000, #3548 ) ;
#2407 = ORIENTED_EDGE ( 'NONE', *, *, #9543, .F. ) ;
#2408 = DIRECTION ( 'NONE',  ( -0.000000000000000000, 1.000000000000000000, 0.000000000000000000 ) ) ;
#2409 = CARTESIAN_POINT ( 'NONE',  ( 29.63871090099589978, 50.04297226076237592, -0.000000000000000000 ) ) ;
#2410 = PERSON_AND_ORGANIZATION_ROLE ( 'design_owner' ) ;
#2411 = DATE_AND_TIME ( #6587, #10037 ) ;
#2412 = ORIENTED_EDGE ( 'NONE', *, *, #5699, .T. ) ;
#2413 = LOCAL_TIME ( 6, 20, 33.00000000000000000, #9620 ) ;
#2414 = EDGE_CURVE ( 'NONE', #6730, #7664, #8071, .T. ) ;
#2415 = DIRECTION ( 'NONE',  ( 1.000000000000000000, -0.000000000000000000, -0.000000000000000000 ) ) ;
#2416 = CARTESIAN_POINT ( 'NONE',  ( -6.000000000000000000, 0.000000000000000000, 0.000000000000000000 ) ) ;
#2417 = CARTESIAN_POINT ( 'NONE',  ( -2.600000000000000089, 3.184081677783117698E-16, -1.200000000000000030E-05 ) ) ;
#2418 = CIRCLE ( 'NONE', #10711, 1.699999999999998401 ) ;
#2419 = ORIENTED_EDGE ( 'NONE', *, *, #8125, .F. ) ;
#2420 = CARTESIAN_POINT ( 'NONE',  ( -9.362270370375766149, 10.40952242769113667, 10.95686943361594423 ) ) ;
#2421 = CC_DESIGN_SECURITY_CLASSIFICATION ( #10533, ( #10897 ) ) ;
#2422 = AXIS2_PLACEMENT_3D ( 'NONE', #10692, #4885, #5100 ) ;
#2423 = CARTESIAN_POINT ( 'NONE',  ( 20.00000000000000000, 8.000000000000000000, 13.70000000000000107 ) ) ;
#2424 = APPROVAL_ROLE ( '' ) ;
#2425 = DATE_AND_TIME ( #8215, #8184 ) ;
#2426 =( GEOMETRIC_REPRESENTATION_CONTEXT ( 3 ) GLOBAL_UNCERTAINTY_ASSIGNED_CONTEXT ( ( #4066 ) ) GLOBAL_UNIT_ASSIGNED_CONTEXT ( ( #6051, #4469, #10382 ) ) REPRESENTATION_CONTEXT ( 'NONE', 'WORKASPACE' ) );
#2427 = DIRECTION ( 'NONE',  ( -1.000000000000000000, 0.000000000000000000, 0.000000000000000000 ) ) ;
#2428 = VECTOR ( 'NONE', #8759, 1000.000000000000000 ) ;
#2429 = CC_DESIGN_PERSON_AND_ORGANIZATION_ASSIGNMENT ( #10695, #9091, ( #9000 ) ) ;
#2430 = ORIENTED_EDGE ( 'NONE', *, *, #8889, .T. ) ;
#2431 = EDGE_LOOP ( 'NONE', ( #6250, #3731, #4359, #1977 ) ) ;
#2432 = FACE_OUTER_BOUND ( 'NONE', #6336, .T. ) ;
#2433 = FACE_BOUND ( 'NONE', #5067, .T. ) ;
#2434 = PLANE ( 'NONE',  #10042 ) ;
#2435 = AXIS2_PLACEMENT_3D ( 'NONE', #2340, #5691, #9964 ) ;
#2436 = VECTOR ( 'NONE', #8647, 1000.000000000000000 ) ;
#2437 = AXIS2_PLACEMENT_3D ( 'NONE', #160, #2633, #6034 ) ;
#2438 = DIRECTION ( 'NONE',  ( 0.000000000000000000, 0.000000000000000000, -1.000000000000000000 ) ) ;
#2439 = DIRECTION ( 'NONE',  ( 0.000000000000000000, 0.000000000000000000, -1.000000000000000000 ) ) ;
#2440 = APPROVAL_DATE_TIME ( #8336, #5117 ) ;
#2441 = SHAPE_REPRESENTATION ( 'V2_REF_gripper_body', ( #7172 ), #695 ) ;
#2442 = VECTOR ( 'NONE', #2215, 1000.000000000000000 ) ;
#2443 = CALENDAR_DATE ( 2026, 18, 9 ) ;
#2444 = AXIS2_PLACEMENT_3D ( 'NONE', #10800, #1532, #3995 ) ;
#2445 = EDGE_CURVE ( 'NONE', #3498, #9706, #10787, .T. ) ;
#2446 = EDGE_LOOP ( 'NONE', ( #7309, #6263, #3797, #3979 ) ) ;
#2447 = DIRECTION ( 'NONE',  ( -1.000000000000000000, 0.000000000000000000, -0.000000000000000000 ) ) ;
#2448 = VECTOR ( 'NONE', #6223, 1000.000000000000000 ) ;
#2449 = VERTEX_POINT ( 'NONE', #8294 ) ;
#2450 = LINE ( 'NONE', #3215, #2107 ) ;
#2451 = CARTESIAN_POINT ( 'NONE',  ( -8.557362060153382188, 50.65679534101006709, -0.000000000000000000 ) ) ;
#2452 = CARTESIAN_POINT ( 'NONE',  ( 6.000000000000000000, 0.000000000000000000, 0.000000000000000000 ) ) ;
#2453 = CARTESIAN_POINT ( 'NONE',  ( 86.99999999999998579, 35.00000000000000000, -45.00000000000000000 ) ) ;
#2454 = LINE ( 'NONE', #7676, #4895 ) ;
#2455 = EDGE_CURVE ( 'NONE', #4247, #9362, #1659, .T. ) ;
#2456 = ORIENTED_EDGE ( 'NONE', *, *, #3079, .T. ) ;
#2457 = AXIS2_PLACEMENT_3D ( 'NONE', #9715, #3903, #3853 ) ;
#2458 = CARTESIAN_POINT ( 'NONE',  ( 10.72380529476361133, 9.000000000000000000, 6.800000000000000711 ) ) ;
#2459 = ORIENTED_EDGE ( 'NONE', *, *, #7305, .F. ) ;
#2460 = DIRECTION ( 'NONE',  ( 1.000000000000000000, 0.000000000000000000, 0.000000000000000000 ) ) ;
#2461 = ORIENTED_EDGE ( 'NONE', *, *, #9262, .F. ) ;
#2462 = CARTESIAN_POINT ( 'NONE',  ( 0.000000000000000000, 0.000000000000000000, 40.00000000000000000 ) ) ;
#2463 = CARTESIAN_POINT ( 'NONE',  ( 11.32499397577940314, 8.231471694506819148, 8.479938983346805514 ) ) ;
#2464 = VECTOR ( 'NONE', #1087, 1000.000000000000000 ) ;
#2465 = ORIENTED_EDGE ( 'NONE', *, *, #7397, .F. ) ;
#2466 = DIRECTION ( 'NONE',  ( 0.000000000000000000, -0.000000000000000000, -1.000000000000000000 ) ) ;
#2467 = DIRECTION ( 'NONE',  ( 0.000000000000000000, 0.000000000000000000, -1.000000000000000000 ) ) ;
#2468 = ADVANCED_FACE ( 'NONE', ( #2335 ), #5636, .T. ) ;
#2469 = COORDINATED_UNIVERSAL_TIME_OFFSET ( 5, 0, .BEHIND. ) ;
#2470 = CIRCLE ( 'NONE', #10757, 1.700000000000000178 ) ;
#2471 = DIRECTION ( 'NONE',  ( -0.000000000000000000, -1.000000000000000000, -0.000000000000000000 ) ) ;
#2472 = DIRECTION ( 'NONE',  ( 0.000000000000000000, 0.000000000000000000, 1.000000000000000000 ) ) ;
#2473 = LINE ( 'NONE', #8370, #9770 ) ;
#2474 = ORIENTED_EDGE ( 'NONE', *, *, #1813, .T. ) ;
#2475 = CARTESIAN_POINT ( 'NONE',  ( -9.291956110314004036, 10.47215736457432023, 10.85867387745195778 ) ) ;
#2476 =( LENGTH_UNIT ( ) NAMED_UNIT ( * ) SI_UNIT ( .MILLI., .METRE. ) );
#2477 = CARTESIAN_POINT ( 'NONE',  ( -2.081978247435513296, -1.594878658085206125, 0.000000000000000000 ) ) ;
#2478 = EDGE_CURVE ( 'NONE', #3008, #4126, #7233, .T. ) ;
#2479 = ADVANCED_FACE ( 'NONE', ( #6451 ), #9849, .F. ) ;
#2480 = APPROVAL_STATUS ( 'not_yet_approved' ) ;
#2481 = AXIS2_PLACEMENT_3D ( 'NONE', #7226, #10614, #2160 ) ;
#2482 = SECURITY_CLASSIFICATION_LEVEL ( 'unclassified' ) ;
#2483 = PRODUCT_DEFINITION_SHAPE ( 'NONE', 'NONE',  #9988 ) ;
#2484 = CARTESIAN_POINT ( 'NONE',  ( 20.00000000000000000, 20.00000000000000000, 0.000000000000000000 ) ) ;
#2485 = ORIENTED_EDGE ( 'NONE', *, *, #3068, .T. ) ;
#2486 = ORIENTED_EDGE ( 'NONE', *, *, #327, .F. ) ;
#2487 = ORIENTED_EDGE ( 'NONE', *, *, #7231, .T. ) ;
#2488 = AXIS2_PLACEMENT_3D ( 'NONE', #3969, #6674, #5675 ) ;
#2489 = ORIENTED_EDGE ( 'NONE', *, *, #3497, .T. ) ;
#2490 = LINE ( 'NONE', #735, #5803 ) ;
#2491 = DIRECTION ( 'NONE',  ( -0.000000000000000000, -0.000000000000000000, 1.000000000000000000 ) ) ;
#2492 = CARTESIAN_POINT ( 'NONE',  ( 124.0000000000000000, 0.000000000000000000, -1.200000000000000030E-05 ) ) ;
#2493 = LINE ( 'NONE', #9113, #3532 ) ;
#2494 = CARTESIAN_POINT ( 'NONE',  ( 9.047951289187748714, 10.68348068199795442, 10.26981335079017477 ) ) ;
#2495 = PERSON_AND_ORGANIZATION_ROLE ( 'creator' ) ;
#2496 = CC_DESIGN_PERSON_AND_ORGANIZATION_ASSIGNMENT ( #10389, #6270, ( #9468 ) ) ;
#2497 = COORDINATED_UNIVERSAL_TIME_OFFSET ( 5, 0, .BEHIND. ) ;
#2498 = VERTEX_POINT ( 'NONE', #8178 ) ;
#2499 = DIRECTION ( 'NONE',  ( 1.000000000000000000, 0.000000000000000000, 0.000000000000000000 ) ) ;
#2500 = EDGE_LOOP ( 'NONE', ( #8562, #8801, #715, #2195 ) ) ;
#2501 = CARTESIAN_POINT ( 'NONE',  ( 18.34320465898844077, -0.000000000000000000, 11.55736206015660983 ) ) ;
#2502 = CARTESIAN_POINT ( 'NONE',  ( -9.225083994884492711, 50.70006951123654915, -0.000000000000000000 ) ) ;
#2503 = DIRECTION ( 'NONE',  ( -0.000000000000000000, -0.000000000000000000, 1.000000000000000000 ) ) ;
#2504 = PERSON_AND_ORGANIZATION_ROLE ( 'design_owner' ) ;
#2505 = CC_DESIGN_PERSON_AND_ORGANIZATION_ASSIGNMENT ( #6678, #10782, ( #10707 ) ) ;
#2506 = FACE_OUTER_BOUND ( 'NONE', #130, .T. ) ;
#2507 = CC_DESIGN_PERSON_AND_ORGANIZATION_ASSIGNMENT ( #7274, #1509, ( #79 ) ) ;
#2508 = ORIENTED_EDGE ( 'NONE', *, *, #7043, .T. ) ;
#2509 = ORIENTED_EDGE ( 'NONE', *, *, #5192, .F. ) ;
#2510 = CARTESIAN_POINT ( 'NONE',  ( 28.00000000000000000, 0.000000000000000000, 24.00000000000000000 ) ) ;
#2511 = ADVANCED_FACE ( 'NONE', ( #3978 ), #1575, .F. ) ;
#2512 = VERTEX_POINT ( 'NONE', #6516 ) ;
#2513 = CARTESIAN_POINT ( 'NONE',  ( -18.34320465898919394, -0.000000000000000000, 12.44263793984841193 ) ) ;
#2514 = CARTESIAN_POINT ( 'NONE',  ( 0.000000000000000000, 0.000000000000000000, 20.00000000000000000 ) ) ;
#2515 = ORIENTED_EDGE ( 'NONE', *, *, #10387, .F. ) ;
#2516 = CARTESIAN_POINT ( 'NONE',  ( -10.50000000000000000, 59.50000000000000000, -1.200000000000000030E-05 ) ) ;
#2517 = DIRECTION ( 'NONE',  ( 0.000000000000000000, 0.000000000000000000, 1.000000000000000000 ) ) ;
#2518 = APPLICATION_CONTEXT ( 'configuration controlled 3d designs of mechanical parts and assemblies' ) ;
#2519 = COORDINATED_UNIVERSAL_TIME_OFFSET ( 5, 0, .BEHIND. ) ;
#2520 = DESIGN_CONTEXT ( 'detailed design', #7796, 'design' ) ;
#2521 = CARTESIAN_POINT ( 'NONE',  ( -9.000000000000000000, -1.200000000000000030E-05, 19.30000000000000071 ) ) ;
#2522 = CARTESIAN_POINT ( 'NONE',  ( 24.30000000000000071, 57.00000000000000000, 0.000000000000000000 ) ) ;
#2523 = EDGE_CURVE ( 'NONE', #9580, #473, #9907, .T. ) ;
#2524 = CARTESIAN_POINT ( 'NONE',  ( 31.60000000000000142, 72.49999999999998579, 1.409402627941314767 ) ) ;
#2525 = VERTEX_POINT ( 'NONE', #7176 ) ;
#2526 = CARTESIAN_POINT ( 'NONE',  ( -8.557362060151588068, -0.000000000000000000, 1.343204658989192612 ) ) ;
#2527 = DIRECTION ( 'NONE',  ( -1.000000000000000000, 0.000000000000000000, 0.000000000000000000 ) ) ;
#2528 = APPROVAL_DATE_TIME ( #9426, #2894 ) ;
#2529 = AXIS2_PLACEMENT_3D ( 'NONE', #9301, #1807, #8580 ) ;
#2530 = DIRECTION ( 'NONE',  ( -0.000000000000000000, -1.000000000000000000, -0.000000000000000000 ) ) ;
#2531 = SECURITY_CLASSIFICATION_LEVEL ( 'unclassified' ) ;
#2532 = DIRECTION ( 'NONE',  ( -1.000000000000000000, 0.000000000000000000, -0.000000000000000000 ) ) ;
#2533 = EDGE_CURVE ( 'NONE', #5069, #10298, #10569, .T. ) ;
#2534 = EDGE_CURVE ( 'NONE', #5724, #9028, #5161, .T. ) ;
#2535 = VERTEX_POINT ( 'NONE', #71 ) ;
#2536 = EDGE_LOOP ( 'NONE', ( #2831, #3064, #4208, #7244 ) ) ;
#2537 = ORIENTED_EDGE ( 'NONE', *, *, #2143, .T. ) ;
#2538 = ORIENTED_EDGE ( 'NONE', *, *, #3594, .F. ) ;
#2539 = FACE_OUTER_BOUND ( 'NONE', #6358, .T. ) ;
#2540 = PLANE ( 'NONE',  #8774 ) ;
#2541 = CARTESIAN_POINT ( 'NONE',  ( 0.000000000000000000, 0.000000000000000000, 6.000000000000000000 ) ) ;
#2542 = DIRECTION ( 'NONE',  ( 0.000000000000000000, 0.000000000000000000, -1.000000000000000000 ) ) ;
#2543 = CARTESIAN_POINT ( 'NONE',  ( 10.72380529476361133, 9.000000000000000000, 8.300000000000000711 ) ) ;
#2544 = PERSON_AND_ORGANIZATION ( #6743, #3319 ) ;
#2545 = APPROVAL_ROLE ( '' ) ;
#2546 = AXIS2_PLACEMENT_3D ( 'NONE', #10701, #1602, #771 ) ;
#2547 = EDGE_LOOP ( 'NONE', ( #7257, #2926, #7743, #10405 ) ) ;
#2548 = ADVANCED_FACE ( 'NONE', ( #5024 ), #1731, .F. ) ;
#2549 = ORIENTED_EDGE ( 'NONE', *, *, #10278, .F. ) ;
#2550 = CARTESIAN_POINT ( 'NONE',  ( -21.69999999999999929, -6.000000000000000000, 5.000000000000000000 ) ) ;
#2551 = ORIENTED_EDGE ( 'NONE', *, *, #9356, .F. ) ;
#2552 = FACE_BOUND ( 'NONE', #10472, .T. ) ;
#2553 = CARTESIAN_POINT ( 'NONE',  ( 0.000000000000000000, 0.000000000000000000, 0.000000000000000000 ) ) ;
#2554 = PLANE ( 'NONE',  #8962 ) ;
#2555 = LOCAL_TIME ( 6, 20, 33.00000000000000000, #10870 ) ;
#2556 = DATE_AND_TIME ( #4212, #2268 ) ;
#2557 = DIRECTION ( 'NONE',  ( 0.000000000000000000, 0.000000000000000000, -1.000000000000000000 ) ) ;
#2558 = ORIENTED_EDGE ( 'NONE', *, *, #9693, .T. ) ;
#2559 = CC_DESIGN_SECURITY_CLASSIFICATION ( #1865, ( #10906 ) ) ;
#2560 = VERTEX_POINT ( 'NONE', #2550 ) ;
#2561 = CC_DESIGN_PERSON_AND_ORGANIZATION_ASSIGNMENT ( #9428, #1052, ( #1865 ) ) ;
#2562 = DIRECTION ( 'NONE',  ( -1.000000000000000000, 0.000000000000000000, -0.000000000000000000 ) ) ;
#2563 = CIRCLE ( 'NONE', #5893, 14.00000000000000000 ) ;
#2564 = PRODUCT_DEFINITION ( 'ๆ', '', #2747, #5267 ) ;
#2565 = ORIENTED_EDGE ( 'NONE', *, *, #4664, .F. ) ;
#2566 = CARTESIAN_POINT ( 'NONE',  ( -12.30000000000000071, 70.22525195654419861, 0.000000000000000000 ) ) ;
#2567 = CARTESIAN_POINT ( 'NONE',  ( 24.30000000000000071, 45.00000000000000000, 5.000000000000000000 ) ) ;
#2568 = VERTEX_POINT ( 'NONE', #3262 ) ;
#2569 = CARTESIAN_POINT ( 'NONE',  ( 31.60000000000000142, 67.50000000000000000, -1.200000000000000030E-05 ) ) ;
#2570 = APPROVAL_PERSON_ORGANIZATION ( #6677, #3175, #8290 ) ;
#2571 = DIRECTION ( 'NONE',  ( -1.000000000000000000, 0.000000000000000000, 0.000000000000000000 ) ) ;
#2572 = COORDINATED_UNIVERSAL_TIME_OFFSET ( 5, 0, .BEHIND. ) ;
#2573 = CARTESIAN_POINT ( 'NONE',  ( -20.85853893179037755, -32.51547649045614463, -0.000000000000000000 ) ) ;
#2574 = DIRECTION ( 'NONE',  ( 1.000000000000000000, 0.000000000000000000, 0.000000000000000000 ) ) ;
#2575 = CC_DESIGN_SECURITY_CLASSIFICATION ( #6966, ( #2747 ) ) ;
#2576 = EDGE_CURVE ( 'NONE', #1558, #5139, #5897, .T. ) ;
#2577 = CARTESIAN_POINT ( 'NONE',  ( -18.30000000000000071, -6.000000000000000000, 5.000000000000000000 ) ) ;
#2578 = ORIENTED_EDGE ( 'NONE', *, *, #7481, .T. ) ;
#2579 = DIRECTION ( 'NONE',  ( 0.000000000000000000, -0.000000000000000000, 1.000000000000000000 ) ) ;
#2580 = DIRECTION ( 'NONE',  ( 1.000000000000000000, 0.000000000000000000, 0.000000000000000000 ) ) ;
#2581 = PERSON_AND_ORGANIZATION ( #6743, #3319 ) ;
#2582 = CARTESIAN_POINT ( 'NONE',  ( -20.22508399488666697, 0.000000000000000000, 10.29993048876420936 ) ) ;
#2583 = LOCAL_TIME ( 6, 20, 33.00000000000000000, #4784 ) ;
#2584 = EDGE_CURVE ( 'NONE', #2105, #9712, #5957, .T. ) ;
#2585 = CALENDAR_DATE ( 2026, 18, 9 ) ;
#2586 = DIRECTION ( 'NONE',  ( -0.000000000000000000, 1.000000000000000000, -0.000000000000000000 ) ) ;
#2587 = ORIENTED_EDGE ( 'NONE', *, *, #7445, .T. ) ;
#2588 = CC_DESIGN_SECURITY_CLASSIFICATION ( #480, ( #10893 ) ) ;
#2589 = EDGE_LOOP ( 'NONE', ( #8928, #5119, #4621, #9876 ) ) ;
#2590 = ORIENTED_EDGE ( 'NONE', *, *, #636, .T. ) ;
#2591 = CARTESIAN_POINT ( 'NONE',  ( 10.00000000000000000, 27.50000000000000000, 0.000000000000000000 ) ) ;
#2592 = FACE_BOUND ( 'NONE', #6786, .T. ) ;
#2593 = DIRECTION ( 'NONE',  ( 0.000000000000000000, 0.000000000000000000, 1.000000000000000000 ) ) ;
#2594 = LINE ( 'NONE', #3473, #10604 ) ;
#2595 = CARTESIAN_POINT ( 'NONE',  ( 29.34333309900548414, 30.55741526174831790, -0.000000000000000000 ) ) ;
#2596 = ADVANCED_FACE ( 'NONE', ( #8505, #9282, #1842 ), #7611, .F. ) ;
#2597 = VECTOR ( 'NONE', #5477, 1000.000000000000000 ) ;
#2598 = CALENDAR_DATE ( 2026, 18, 9 ) ;
#2599 = AXIS2_PLACEMENT_3D ( 'NONE', #8157, #727, #1607 ) ;
#2600 = EDGE_CURVE ( 'NONE', #1817, #4336, #847, .T. ) ;
#2601 = PERSON_AND_ORGANIZATION ( #9540, #6448 ) ;
#2602 = EDGE_CURVE ( 'NONE', #10249, #5944, #4484, .T. ) ;
#2603 = ORIENTED_EDGE ( 'NONE', *, *, #8125, .T. ) ;
#2604 = VECTOR ( 'NONE', #4781, 1000.000000000000000 ) ;
#2605 = VERTEX_POINT ( 'NONE', #2606 ) ;
#2606 = CARTESIAN_POINT ( 'NONE',  ( -15.69999999999999929, 70.00000000000000000, -6.000000000000000152E-06 ) ) ;
#2607 = VECTOR ( 'NONE', #2344, 1000.000000000000000 ) ;
#2608 = VERTEX_POINT ( 'NONE', #6784 ) ;
#2609 = DIRECTION ( 'NONE',  ( -0.000000000000000000, -0.000000000000000000, 1.000000000000000000 ) ) ;
#2610 = DIRECTION ( 'NONE',  ( -1.000000000000000000, 0.000000000000000000, -0.000000000000000000 ) ) ;
#2611 = LINE ( 'NONE', #3327, #8701 ) ;
#2612 = AXIS2_PLACEMENT_3D ( 'NONE', #1834, #6109, #1947 ) ;
#2613 = APPROVAL_STATUS ( 'not_yet_approved' ) ;
#2614 = LINE ( 'NONE', #197, #316 ) ;
#2615 = EDGE_CURVE ( 'NONE', #9458, #2777, #6620, .T. ) ;
#2616 = DATE_TIME_ROLE ( 'classification_date' ) ;
#2617 = EDGE_CURVE ( 'NONE', #4129, #3707, #10655, .T. ) ;
#2618 = VERTEX_POINT ( 'NONE', #5797 ) ;
#2619 = VECTOR ( 'NONE', #865, 1000.000000000000000 ) ;
#2620 = VECTOR ( 'NONE', #2050, 1000.000000000000000 ) ;
#2621 = EDGE_LOOP ( 'NONE', ( #4186, #608, #7032, #10216, #7682, #8414, #2078, #10407 ) ) ;
#2622 = DIRECTION ( 'NONE',  ( -0.000000000000000000, -0.000000000000000000, 1.000000000000000000 ) ) ;
#2623 = VERTEX_POINT ( 'NONE', #23 ) ;
#2624 = CARTESIAN_POINT ( 'NONE',  ( 134.9570277392412549, -1.361289099004650893, -0.000000000000000000 ) ) ;
#2625 = FACE_OUTER_BOUND ( 'NONE', #2536, .T. ) ;
#2626 = DIRECTION ( 'NONE',  ( 0.000000000000000000, 0.000000000000000000, 1.000000000000000000 ) ) ;
#2627 = VERTEX_POINT ( 'NONE', #1790 ) ;
#2628 = FACE_OUTER_BOUND ( 'NONE', #6946, .T. ) ;
#2629 = AXIS2_PLACEMENT_3D ( 'NONE', #4774, #4878, #2398 ) ;
#2630 = DIRECTION ( 'NONE',  ( 0.000000000000000000, 0.000000000000000000, -1.000000000000000000 ) ) ;
#2631 = CC_DESIGN_DATE_AND_TIME_ASSIGNMENT ( #4945, #6070, ( #9988 ) ) ;
#2632 = APPROVAL_ROLE ( '' ) ;
#2633 = DIRECTION ( 'NONE',  ( 0.000000000000000000, 0.000000000000000000, 1.000000000000000000 ) ) ;
#2634 = CARTESIAN_POINT ( 'NONE',  ( -14.00000000000000000, 70.00000000000000000, 8.000000000000000000 ) ) ;
#2635 = AXIS2_PLACEMENT_3D ( 'NONE', #4209, #7450, #1521 ) ;
#2636 = CARTESIAN_POINT ( 'NONE',  ( 30.77438419509338985, -0.000000000000000000, 22.70000000000000639 ) ) ;
#2637 = ORIENTED_EDGE ( 'NONE', *, *, #3264, .F. ) ;
#2638 = CARTESIAN_POINT ( 'NONE',  ( -10.00000000000000000, -10.00000000000000000, 39.50000000000000000 ) ) ;
#2639 = LINE ( 'NONE', #10208, #5053 ) ;
#2640 = APPROVAL_DATE_TIME ( #1654, #9578 ) ;
#2641 = PLANE ( 'NONE',  #3495 ) ;
#2642 = CIRCLE ( 'NONE', #4577, 1.700000000000000178 ) ;
#2643 = CC_DESIGN_PERSON_AND_ORGANIZATION_ASSIGNMENT ( #7111, #4536, ( #3975 ) ) ;
#2644 = DIRECTION ( 'NONE',  ( 0.000000000000000000, 1.000000000000000000, 0.000000000000000000 ) ) ;
#2645 = EDGE_LOOP ( 'NONE', ( #5906, #5884, #3843, #4479 ) ) ;
#2646 = EDGE_LOOP ( 'NONE', ( #10086, #6220 ) ) ;
#2647 = ADVANCED_FACE ( 'NONE', ( #3373 ), #7448, .F. ) ;
#2648 = VERTEX_POINT ( 'NONE', #7667 ) ;
#2649 = DIRECTION ( 'NONE',  ( -0.000000000000000000, -1.000000000000000000, -0.000000000000000000 ) ) ;
#2650 = LINE ( 'NONE', #10221, #10014 ) ;
#2651 = CARTESIAN_POINT ( 'NONE',  ( 5.799999999999999822, 70.00000000000000000, 5.200000000000000178 ) ) ;
#2652 = ORIENTED_EDGE ( 'NONE', *, *, #5003, .F. ) ;
#2653 = CARTESIAN_POINT ( 'NONE',  ( 2.600000000000000533, 0.2934883227063208588, -0.000000000000000000 ) ) ;
#2654 = LINE ( 'NONE', #63, #1915 ) ;
#2655 = APPROVAL_DATE_TIME ( #4366, #889 ) ;
#2656 = APPROVAL_DATE_TIME ( #10169, #4450 ) ;
#2657 = LOCAL_TIME ( 6, 20, 33.00000000000000000, #2469 ) ;
#2658 = DIRECTION ( 'NONE',  ( -1.000000000000000000, -0.000000000000000000, -0.000000000000000000 ) ) ;
#2659 = ORIENTED_EDGE ( 'NONE', *, *, #3220, .T. ) ;
#2660 = CARTESIAN_POINT ( 'NONE',  ( -11.59999999999999964, 72.50000000000000000, -1.200000000000000030E-05 ) ) ;
#2661 = EDGE_CURVE ( 'NONE', #32, #13, #10075, .T. ) ;
#2662 = ORIENTED_EDGE ( 'NONE', *, *, #3583, .F. ) ;
#2663 = FACE_BOUND ( 'NONE', #2156, .T. ) ;
#2664 = DIRECTION ( 'NONE',  ( 0.000000000000000000, -0.000000000000000000, -1.000000000000000000 ) ) ;
#2665 = LINE ( 'NONE', #6014, #2700 ) ;
#2666 = DIRECTION ( 'NONE',  ( 1.000000000000000000, 0.000000000000000000, 0.000000000000000000 ) ) ;
#2667 = PERSON_AND_ORGANIZATION ( #6743, #3319 ) ;
#2668 = EDGE_LOOP ( 'NONE', ( #4573, #3468 ) ) ;
#2669 = ORIENTED_EDGE ( 'NONE', *, *, #9252, .T. ) ;
#2670 = PLANE ( 'NONE',  #10304 ) ;
#2671 = EDGE_CURVE ( 'NONE', #7921, #6667, #4655, .T. ) ;
#2672 = ORIENTED_EDGE ( 'NONE', *, *, #9195, .T. ) ;
#2673 = LINE ( 'NONE', #8695, #2464 ) ;
#2674 = LINE ( 'NONE', #3386, #8765 ) ;
#2675 = DIRECTION ( 'NONE',  ( -1.000000000000000000, 0.000000000000000000, 0.000000000000000000 ) ) ;
#2676 = EDGE_CURVE ( 'NONE', #7220, #274, #10232, .T. ) ;
#2677 = ORIENTED_EDGE ( 'NONE', *, *, #5780, .T. ) ;
#2678 = DIRECTION ( 'NONE',  ( -0.000000000000000000, -0.000000000000000000, -1.000000000000000000 ) ) ;
#2679 = CARTESIAN_POINT ( 'NONE',  ( 12.30000000000000249, 70.00000000000000000, 8.000000000000000000 ) ) ;
#2680 = DIRECTION ( 'NONE',  ( -0.000000000000000000, 1.000000000000000000, -0.000000000000000000 ) ) ;
#2681 = CARTESIAN_POINT ( 'NONE',  ( -18.95712604296983628, -35.36119079527190223, 0.000000000000000000 ) ) ;
#2682 = CARTESIAN_POINT ( 'NONE',  ( 0.5999999999999997558, 2.529822128134703085, -1.200000000000000030E-05 ) ) ;
#2683 = EDGE_CURVE ( 'NONE', #6531, #7158, #6933, .T. ) ;
#2684 = ORIENTED_EDGE ( 'NONE', *, *, #3146, .T. ) ;
#2685 = CYLINDRICAL_SURFACE ( 'NONE', #5583, 2.500000000000000000 ) ;
#2686 =( NAMED_UNIT ( * ) PLANE_ANGLE_UNIT ( ) SI_UNIT ( $, .RADIAN. ) );
#2687 = DIRECTION ( 'NONE',  ( 0.000000000000000000, 0.000000000000000000, 1.000000000000000000 ) ) ;
#2688 = PERSON_AND_ORGANIZATION ( #6743, #3319 ) ;
#2689 = DIRECTION ( 'NONE',  ( 0.000000000000000000, 0.000000000000000000, 1.000000000000000000 ) ) ;
#2690 = B_SPLINE_CURVE_WITH_KNOTS ( 'NONE', 3,
 ( #7750, #2566, #206, #3554, #9300, #3443, #4986, #2727, #10192, #4274, #6077, #5974, #1249, #3762, #7122, #4493, #7964, #10460 ),
 .UNSPECIFIED., .F., .F.,
 ( 4, 2, 2, 2, 2, 2, 2, 2, 4 ),
 ( 0.000000000000000000, 0.06250000000000002776, 0.1250000000000000555, 0.1875000000000000833, 0.2500000000000001110, 0.3125000000000001110, 0.3750000000000001665, 0.4375000000000002220, 0.5000000000000000000 ),
 .UNSPECIFIED. ) ;
#2691 = APPROVAL_DATE_TIME ( #10106, #143 ) ;
#2692 = DIRECTION ( 'NONE',  ( -0.000000000000000000, -1.000000000000000000, -0.000000000000000000 ) ) ;
#2693 = ORIENTED_EDGE ( 'NONE', *, *, #5828, .F. ) ;
#2694 = CC_DESIGN_DATE_AND_TIME_ASSIGNMENT ( #3463, #4241, ( #9962 ) ) ;
#2695 = APPROVAL ( #9046, 'ๆช' ) ;
#2696 = VERTEX_POINT ( 'NONE', #4093 ) ;
#2697 = ORIENTED_EDGE ( 'NONE', *, *, #3079, .F. ) ;
#2698 = DIRECTION ( 'NONE',  ( 1.000000000000000000, 0.000000000000000000, 0.000000000000000000 ) ) ;
#2699 = CARTESIAN_POINT ( 'NONE',  ( -10.50000000000000000, 0.000000000000000000, -0.000000000000000000 ) ) ;
#2700 = VECTOR ( 'NONE', #10291, 1000.000000000000000 ) ;
#2701 = CARTESIAN_POINT ( 'NONE',  ( -35.00000000000000000, 70.00000000000000000, 5.000000000000000000 ) ) ;
#2702 = FACE_OUTER_BOUND ( 'NONE', #10598, .T. ) ;
#2703 = APPROVAL_DATE_TIME ( #6894, #7411 ) ;
#2704 = ITEM_DEFINED_TRANSFORMATION ( 'NONE', 'NONE', #1388,  #7172 ) ;
#2705 = ORIENTED_EDGE ( 'NONE', *, *, #7639, .T. ) ;
#2706 = ADVANCED_FACE ( 'NONE', ( #794 ), #10889, .T. ) ;
#2707 = VECTOR ( 'NONE', #4763, 1000.000000000000000 ) ;
#2708 = FACE_OUTER_BOUND ( 'NONE', #623, .T. ) ;
#2709 = VERTEX_POINT ( 'NONE', #6172 ) ;
#2710 = CARTESIAN_POINT ( 'NONE',  ( 31.00000000000000000, 80.49999999999998579, 4.700000000000000178 ) ) ;
#2711 = ORIENTED_EDGE ( 'NONE', *, *, #3712, .F. ) ;
#2712 = DIRECTION ( 'NONE',  ( -0.000000000000000000, 1.000000000000000000, -0.000000000000000000 ) ) ;
#2713 = DIRECTION ( 'NONE',  ( -0.000000000000000000, -0.000000000000000000, -1.000000000000000000 ) ) ;
#2714 = DIRECTION ( 'NONE',  ( 0.000000000000000000, 0.000000000000000000, -1.000000000000000000 ) ) ;
#2715 = DIRECTION ( 'NONE',  ( 0.000000000000000000, 0.000000000000000000, 1.000000000000000000 ) ) ;
#2716 = AXIS2_PLACEMENT_3D ( 'NONE', #1120, #2762, #8626 ) ;
#2717 = CARTESIAN_POINT ( 'NONE',  ( 137.6566669009919792, 0.4425847382503730332, -0.000000000000000000 ) ) ;
#2718 = PERSON_AND_ORGANIZATION_ROLE ( 'design_supplier' ) ;
#2719 = ORIENTED_EDGE ( 'NONE', *, *, #4091, .T. ) ;
#2720 = EDGE_CURVE ( 'NONE', #1593, #4790, #10336, .T. ) ;
#2721 = ORIENTED_EDGE ( 'NONE', *, *, #9492, .T. ) ;
#2722 = FACE_OUTER_BOUND ( 'NONE', #1913, .T. ) ;
#2723 = APPROVAL_PERSON_ORGANIZATION ( #4022, #5264, #5004 ) ;
#2724 = APPLICATION_CONTEXT ( 'configuration controlled 3d designs of mechanical parts and assemblies' ) ;
#2725 = ORIENTED_EDGE ( 'NONE', *, *, #4950, .F. ) ;
#2726 = LINE ( 'NONE', #6800, #7024 ) ;
#2727 = CARTESIAN_POINT ( 'NONE',  ( -13.55736206016057999, 71.65679534101306558, -0.000000000000000000 ) ) ;
#2728 = CARTESIAN_POINT ( 'NONE',  ( -20.00000000000000000, 8.000000000000000000, 12.00000000000000000 ) ) ;
#2729 = DIRECTION ( 'NONE',  ( -0.000000000000000000, -0.000000000000000000, -1.000000000000000000 ) ) ;
#2730 = ORGANIZATION ( 'NAUO-ORG16', 'UNSPECIFIED', 'UNSPECIFIED' ) ;
#2731 = ADVANCED_FACE ( 'NONE', ( #3585 ), #7000, .F. ) ;
#2732 = ADVANCED_FACE ( 'NONE', ( #6119, #5298 ), #1073, .T. ) ;
#2733 = UNCERTAINTY_MEASURE_WITH_UNIT (LENGTH_MEASURE( 1.000000000000000082E-05 ), #1933, 'distance_accuracy_value', 'NONE');
#2734 = CARTESIAN_POINT ( 'NONE',  ( 43.00000000000000000, 0.000000000000000000, 24.00000000000000000 ) ) ;
#2735 = CYLINDRICAL_SURFACE ( 'NONE', #10554, 2.500000000000000000 ) ;
#2736 = CARTESIAN_POINT ( 'NONE',  ( -18.30000000000000071, -34.22561580490662436, -0.000000000000000000 ) ) ;
#2737 = CARTESIAN_POINT ( 'NONE',  ( -11.46082835472130235, 8.043006970812543344, 11.42245056356683186 ) ) ;
#2738 = CC_DESIGN_APPROVAL ( #9866, ( #651 ) ) ;
#2739 = ORIENTED_EDGE ( 'NONE', *, *, #6242, .F. ) ;
#2740 = DIRECTION ( 'NONE',  ( -1.000000000000000000, 0.000000000000000000, 0.000000000000000000 ) ) ;
#2741 =( NAMED_UNIT ( * ) PLANE_ANGLE_UNIT ( ) SI_UNIT ( $, .RADIAN. ) );
#2742 = DIRECTION ( 'NONE',  ( 0.000000000000000000, 0.000000000000000000, -1.000000000000000000 ) ) ;
#2743 = APPROVAL_ROLE ( '' ) ;
#2744 = DIRECTION ( 'NONE',  ( -1.000000000000000000, 0.000000000000000000, 0.000000000000000000 ) ) ;
#2745 = APPROVAL_STATUS ( 'not_yet_approved' ) ;
#2746 = ADVANCED_FACE ( 'NONE', ( #190 ), #6947, .F. ) ;
#2747 = PRODUCT_DEFINITION_FORMATION_WITH_SPECIFIED_SOURCE ( 'ไป', '', #5816, .NOT_KNOWN. ) ;
#2748 = CARTESIAN_POINT ( 'NONE',  ( 0.000000000000000000, -11.00000000000000000, 6.000000000000000000 ) ) ;
#2749 = ORIENTED_EDGE ( 'NONE', *, *, #7099, .T. ) ;
#2750 = EDGE_LOOP ( 'NONE', ( #3441, #905 ) ) ;
#2751 = PLANE ( 'NONE',  #8105 ) ;
#2752 = FACE_OUTER_BOUND ( 'NONE', #5996, .T. ) ;
#2753 = DIRECTION ( 'NONE',  ( -0.000000000000000000, 1.000000000000000000, 0.000000000000000000 ) ) ;
#2754 = LOCAL_TIME ( 6, 20, 33.00000000000000000, #8092 ) ;
#2755 = DIRECTION ( 'NONE',  ( -0.000000000000000000, -1.000000000000000000, -0.000000000000000000 ) ) ;
#2756 = PERSON_AND_ORGANIZATION ( #6743, #3319 ) ;
#2757 = CALENDAR_DATE ( 2026, 18, 9 ) ;
#2758 = APPROVAL ( #8634, 'ๆช' ) ;
#2759 = CARTESIAN_POINT ( 'NONE',  ( -28.00000000000000000, 8.000000000000000000, 0.000000000000000000 ) ) ;
#2760 = APPROVAL_PERSON_ORGANIZATION ( #8066, #342, #7230 ) ;
#2761 = ORIENTED_EDGE ( 'NONE', *, *, #10172, .F. ) ;
#2762 = DIRECTION ( 'NONE',  ( -0.000000000000000000, 1.000000000000000000, -0.000000000000000000 ) ) ;
#2763 = EDGE_LOOP ( 'NONE', ( #10759, #10577, #5437, #2071 ) ) ;
#2764 = LINE ( 'NONE', #953, #10578 ) ;
#2765 = CARTESIAN_POINT ( 'NONE',  ( 0.000000000000000000, 0.000000000000000000, 58.00000000000000000 ) ) ;
#2766 = DIRECTION ( 'NONE',  ( 0.000000000000000000, 0.000000000000000000, 1.000000000000000000 ) ) ;
#2767 = VECTOR ( 'NONE', #2610, 1000.000000000000000 ) ;
#2768 = AXIS2_PLACEMENT_3D ( 'NONE', #616, #7428, #4846 ) ;
#2769 = APPLICATION_PROTOCOL_DEFINITION ( 'international standard', 'config_control_design', 1994, #6160 ) ;
#2770 = LOCAL_TIME ( 6, 20, 33.00000000000000000, #7941 ) ;
#2771 = CARTESIAN_POINT ( 'NONE',  ( 183.0000000000000000, 146.0000000000000000, 83.00000000000000000 ) ) ;
#2772 = VECTOR ( 'NONE', #545, 1000.000000000000000 ) ;
#2773 = PERSON_AND_ORGANIZATION ( #6743, #3319 ) ;
#2774 = ADVANCED_FACE ( 'NONE', ( #8681 ), #2872, .F. ) ;
#2775 = AXIS2_PLACEMENT_3D ( 'NONE', #10761, #9819, #10646 ) ;
#2776 = VECTOR ( 'NONE', #2530, 1000.000000000000000 ) ;
#2777 = VERTEX_POINT ( 'NONE', #9606 ) ;
#2778 = CARTESIAN_POINT ( 'NONE',  ( 0.000000000000000000, 0.000000000000000000, 4.000000000000000000 ) ) ;
#2779 = VECTOR ( 'NONE', #10386, 1000.000000000000000 ) ;
#2780 = ORIENTED_EDGE ( 'NONE', *, *, #9799, .T. ) ;
#2781 = CARTESIAN_POINT ( 'NONE',  ( 22.00000000000000355, 8.000000000000000000, 0.000000000000000000 ) ) ;
#2782 = CARTESIAN_POINT ( 'NONE',  ( 31.60000000000000142, 62.49999999999997868, 1.409402627941314767 ) ) ;
#2783 = CARTESIAN_POINT ( 'NONE',  ( 31.19999999999999929, 80.50000000000000000, 4.688194301613412662 ) ) ;
#2784 = ADVANCED_FACE ( 'NONE', ( #5400 ), #1230, .F. ) ;
#2785 = AXIS2_PLACEMENT_3D ( 'NONE', #9073, #8300, #4873 ) ;
#2786 = AXIS2_PLACEMENT_3D ( 'NONE', #8228, #10105, #5678 ) ;
#2787 = VECTOR ( 'NONE', #10096, 1000.000000000000000 ) ;
#2788 = FACE_OUTER_BOUND ( 'NONE', #8234, .T. ) ;
#2789 = VECTOR ( 'NONE', #5566, 1000.000000000000000 ) ;
#2790 = CARTESIAN_POINT ( 'NONE',  ( -7.300000000000000711, 30.77438419509310563, -0.000000000000000000 ) ) ;
#2791 = ORGANIZATION ( 'NAUO-ORG22', 'UNSPECIFIED', 'UNSPECIFIED' ) ;
#2792 = LINE ( 'NONE', #5104, #6290 ) ;
#2793 = PLANE ( 'NONE',  #10347 ) ;
#2794 = CIRCLE ( 'NONE', #4730, 1.700000000000000178 ) ;
#2795 = CARTESIAN_POINT ( 'NONE',  ( 31.60000000000000142, 72.50000000000000000, -1.200000000000000030E-05 ) ) ;
#2796 = AXIS2_PLACEMENT_3D ( 'NONE', #652, #4051, #7407 ) ;
#2798 = ADVANCED_FACE ( 'NONE', ( #1996 ), #3539, .F. ) ;
#2797 = VERTEX_POINT ( 'NONE', #5344 ) ;
#2799 = CARTESIAN_POINT ( 'NONE',  ( 31.00000000000000000, -1.200000000000000030E-05, 21.00000000000000000 ) ) ;
#2800 = CARTESIAN_POINT ( 'NONE',  ( 123.5573620601527693, -1.656795341010720346, -0.000000000000000000 ) ) ;
#2801 = APPROVAL_DATE_TIME ( #4619, #4920 ) ;
#2802 = CARTESIAN_POINT ( 'NONE',  ( 40.00000000000000000, 40.00000000000000000, 0.000000000000000000 ) ) ;
#2803 = CALENDAR_DATE ( 2026, 18, 9 ) ;
#2804 = VECTOR ( 'NONE', #10408, 1000.000000000000000 ) ;
#2805 = DIRECTION ( 'NONE',  ( 0.000000000000000000, 0.000000000000000000, 1.000000000000000000 ) ) ;
#2806 = ORIENTED_EDGE ( 'NONE', *, *, #6032, .T. ) ;
#2807 = PERSON ( 'NAUO-PER13', 'UNSPECIFIED', 'UNSPECIFIED', ('UNSPECIFIED'), ('UNSPECIFIED'), ('UNSPECIFIED') ) ;
#2809 = ADVANCED_FACE ( 'NONE', ( #8728 ), #4586, .F. ) ;
#2808 = ORIENTED_EDGE ( 'NONE', *, *, #3719, .F. ) ;
#2810 = DIRECTION ( 'NONE',  ( -0.000000000000000000, -1.000000000000000000, -0.000000000000000000 ) ) ;
#2811 = DIRECTION ( 'NONE',  ( 0.000000000000000000, 0.000000000000000000, -1.000000000000000000 ) ) ;
#2812 = LINE ( 'NONE', #3684, #1054 ) ;
#2813 = EDGE_CURVE ( 'NONE', #6009, #8281, #345, .T. ) ;
#2814 = VECTOR ( 'NONE', #3027, 1000.000000000000000 ) ;
#2815 = CARTESIAN_POINT ( 'NONE',  ( 32.65686506842306613, 30.55753025008935353, -0.000000000000000000 ) ) ;
#2816 = CALENDAR_DATE ( 2026, 18, 9 ) ;
#2817 = ORIENTED_EDGE ( 'NONE', *, *, #6812, .F. ) ;
#2818 = PLANE ( 'NONE',  #3860 ) ;
#2819 = VECTOR ( 'NONE', #1271, 1000.000000000000000 ) ;
#2820 = ORIENTED_EDGE ( 'NONE', *, *, #5018, .F. ) ;
#2821 = DIRECTION ( 'NONE',  ( 1.000000000000000000, 0.000000000000000000, -0.000000000000000000 ) ) ;
#2822 = VERTEX_POINT ( 'NONE', #2710 ) ;
#2823 = CARTESIAN_POINT ( 'NONE',  ( -2.209866293823954386, 1.378406442902269768, 0.000000000000000000 ) ) ;
#2824 = CARTESIAN_POINT ( 'NONE',  ( 29.34333309900548414, 0.000000000000000000, 3.442584738250930698 ) ) ;
#2825 = LINE ( 'NONE', #9611, #7189 ) ;
#2826 = APPROVAL ( #8324, 'UNKNOWN' ) ;
#2827 = MECHANICAL_CONTEXT ( 'NONE', #6160, 'mechanical' ) ;
#2828 = APPROVAL_DATE_TIME ( #6285, #9660 ) ;
#2829 = DIRECTION ( 'NONE',  ( -1.000000000000000000, 0.000000000000000000, 0.000000000000000000 ) ) ;
#2830 = DATE_AND_TIME ( #763, #7679 ) ;
#2831 = ORIENTED_EDGE ( 'NONE', *, *, #111, .T. ) ;
#2832 = CARTESIAN_POINT ( 'NONE',  ( -11.59999999999999964, 77.50000000000000000, 6.000000000000000000 ) ) ;
#2833 = ORIENTED_EDGE ( 'NONE', *, *, #7443, .F. ) ;
#2834 = DIRECTION ( 'NONE',  ( 1.000000000000000000, -0.000000000000000000, -0.000000000000000000 ) ) ;
#2835 = CARTESIAN_POINT ( 'NONE',  ( 8.660254037844389075, 11.00000000000000000, 12.00000000000000000 ) ) ;
#2836 = DIRECTION ( 'NONE',  ( -1.000000000000000000, 0.000000000000000000, 0.000000000000000000 ) ) ;
#2837 = CC_DESIGN_DATE_AND_TIME_ASSIGNMENT ( #10438, #1165, ( #9468 ) ) ;
#2838 = CC_DESIGN_DATE_AND_TIME_ASSIGNMENT ( #5125, #7558, ( #10156 ) ) ;
#2839 = CARTESIAN_POINT ( 'NONE',  ( 0.000000000000000000, 70.00000000000000000, 0.000000000000000000 ) ) ;
#2840 = UNCERTAINTY_MEASURE_WITH_UNIT (LENGTH_MEASURE( 1.000000000000000082E-05 ), #5775, 'distance_accuracy_value', 'NONE');
#2841 = CARTESIAN_POINT ( 'NONE',  ( -10.48452350954359780, 30.14146106820973614, -0.000000000000000000 ) ) ;
#2842 = EDGE_CURVE ( 'NONE', #7600, #5587, #6062, .T. ) ;
#2843 = FACE_OUTER_BOUND ( 'NONE', #1335, .T. ) ;
#2844 = CARTESIAN_POINT ( 'NONE',  ( 32.36119079527443887, 32.04287395702761643, 0.000000000000000000 ) ) ;
#2845 = FACE_OUTER_BOUND ( 'NONE', #680, .T. ) ;
#2846 = VERTEX_POINT ( 'NONE', #2924 ) ;
#2847 = CARTESIAN_POINT ( 'NONE',  ( 20.22525195654657182, 0.000000000000000000, 13.69999999999999751 ) ) ;
#2848 = AXIS2_PLACEMENT_3D ( 'NONE', #5610, #1488, #10860 ) ;
#2849 = CARTESIAN_POINT ( 'NONE',  ( -10.72380529476374100, 9.000000000000252243, 10.20000000000124984 ) ) ;
#2850 = PERSON_AND_ORGANIZATION ( #6743, #3319 ) ;
#2851 = PLANE ( 'NONE',  #9846 ) ;
#2852 = B_SPLINE_CURVE_WITH_KNOTS ( 'NONE', 3,
 ( #6241, #1252, #1091, #4449, #1971, #4609, #9023, #5526, #6405, #590, #5585, #7347, #10628, #648, #1583, #8244, #5642, #4875 ),
 .UNSPECIFIED., .F., .F.,
 ( 4, 2, 2, 2, 2, 2, 2, 2, 4 ),
 ( 0.000000000000000000, 0.06250000000000000000, 0.1250000000000000000, 0.1875000000000000000, 0.2500000000000000000, 0.3125000000000000000, 0.3750000000000000000, 0.4375000000000000000, 0.5000000000000000000 ),
 .UNSPECIFIED. ) ;
#2853 = CALENDAR_DATE ( 2026, 18, 9 ) ;
#2854 = ADVANCED_FACE ( 'NONE', ( #7054 ), #10443, .T. ) ;
#2855 = ADVANCED_FACE ( 'NONE', ( #5461, #1008, #4375, #1898 ), #5243, .F. ) ;
#2856 = DIRECTION ( 'NONE',  ( 1.000000000000000000, 0.000000000000000000, 0.000000000000000000 ) ) ;
#2857 = ORIENTED_EDGE ( 'NONE', *, *, #5527, .T. ) ;
#2858 = ORIENTED_EDGE ( 'NONE', *, *, #6335, .F. ) ;
#2859 = ORIENTED_EDGE ( 'NONE', *, *, #8797, .F. ) ;
#2860 = FACE_OUTER_BOUND ( 'NONE', #9002, .T. ) ;
#2861 = DIRECTION ( 'NONE',  ( 0.000000000000000000, 0.000000000000000000, 1.000000000000000000 ) ) ;
#2862 = CARTESIAN_POINT ( 'NONE',  ( 31.19999999999999929, 59.50000000000000000, -1.200000000000000030E-05 ) ) ;
#2863 = CARTESIAN_POINT ( 'NONE',  ( 12.34333309900628173, 69.55741526174936951, -0.000000000000000000 ) ) ;
#2864 = DATE_TIME_ROLE ( 'creation_date' ) ;
#2865 = SECURITY_CLASSIFICATION_LEVEL ( 'unclassified' ) ;
#2866 =( REPRESENTATION_RELATIONSHIP ('NONE','NONE', #1311, #195 ) REPRESENTATION_RELATIONSHIP_WITH_TRANSFORMATION ( #8920 )SHAPE_REPRESENTATION_RELATIONSHIP( ) );
#2867 = EDGE_CURVE ( 'NONE', #6578, #10184, #2473, .T. ) ;
#2868 = EDGE_CURVE ( 'NONE', #9833, #7762, #9063, .T. ) ;
#2869 = CARTESIAN_POINT ( 'NONE',  ( 0.000000000000000000, 40.00000000000000000, 40.00000000000000000 ) ) ;
#2870 = ORIENTED_EDGE ( 'NONE', *, *, #7243, .F. ) ;
#2871 = AXIS2_PLACEMENT_3D ( 'NONE', #702, #4044, #1580 ) ;
#2872 = PLANE ( 'NONE',  #7285 ) ;
#2873 = VERTEX_POINT ( 'NONE', #7533 ) ;
#2874 = DIRECTION ( 'NONE',  ( -0.000000000000000000, -1.000000000000000000, -0.000000000000000000 ) ) ;
#2875 = LINE ( 'NONE', #9610, #139 ) ;
#2876 = CARTESIAN_POINT ( 'NONE',  ( -15.59999999999999964, 62.50000000000000000, -1.200000000000000030E-05 ) ) ;
#2877 = CARTESIAN_POINT ( 'NONE',  ( 29.51547649045613753, 48.14146106821037563, -0.000000000000000000 ) ) ;
#2878 = DIRECTION ( 'NONE',  ( -0.000000000000000000, -0.000000000000000000, 1.000000000000000000 ) ) ;
#2879 = COORDINATED_UNIVERSAL_TIME_OFFSET ( 5, 0, .BEHIND. ) ;
#2880 = CALENDAR_DATE ( 2026, 18, 9 ) ;
#2881 = LINE ( 'NONE', #10506, #153 ) ;
#2882 = PERSON_AND_ORGANIZATION ( #6743, #3319 ) ;
#2883 = AXIS2_PLACEMENT_3D ( 'NONE', #6961, #6182, #8008 ) ;
#2884 = ADVANCED_FACE ( 'NONE', ( #819 ), #3238, .F. ) ;
#2885 = VERTEX_POINT ( 'NONE', #9155 ) ;
#2886 = CARTESIAN_POINT ( 'NONE',  ( -12.00000000000000000, -7.000000000000000000, 16.69999999999999929 ) ) ;
#2887 = ORIENTED_EDGE ( 'NONE', *, *, #2108, .F. ) ;
#2888 = DIRECTION ( 'NONE',  ( 0.000000000000000000, 0.000000000000000000, 1.000000000000000000 ) ) ;
#2889 = LINE ( 'NONE', #4447, #4703 ) ;
#2890 = CARTESIAN_POINT ( 'NONE',  ( -20.00000000000000000, -12.00000000000000000, 0.000000000000000000 ) ) ;
#2891 = AXIS2_PLACEMENT_3D ( 'NONE', #8782, #4477, #9557 ) ;
#2892 = CARTESIAN_POINT ( 'NONE',  ( 12.00000000000000000, 12.00000000000000000, 20.00000000000000000 ) ) ;
#2893 = APPROVAL_PERSON_ORGANIZATION ( #6663, #7210, #6547 ) ;
#2894 = APPROVAL ( #5991, 'ๆช' ) ;
#2895 = CARTESIAN_POINT ( 'NONE',  ( -24.30000000000000071, -45.00000000000000000, -1.200000000000000030E-05 ) ) ;
#2896 = VERTEX_POINT ( 'NONE', #667 ) ;
#2897 = CARTESIAN_POINT ( 'NONE',  ( 29.63871090099589978, 32.04297226076236882, -0.000000000000000000 ) ) ;
#2898 = CARTESIAN_POINT ( 'NONE',  ( 9.756929129572649018, 10.04069481642486927, 7.151627607700788758 ) ) ;
#2899 = ORIENTED_EDGE ( 'NONE', *, *, #6887, .T. ) ;
#2900 = DIRECTION ( 'NONE',  ( -0.000000000000000000, -0.000000000000000000, 1.000000000000000000 ) ) ;
#2901 = PRODUCT_DEFINITION_SHAPE ( 'NONE', 'NONE',  #210 ) ;
#2902 = APPROVAL_PERSON_ORGANIZATION ( #3286, #6796, #7086 ) ;
#2903 = CARTESIAN_POINT ( 'NONE',  ( -9.000000000000000000, 8.000000000000000000, 19.30000000000000071 ) ) ;
#2904 = PERSON_AND_ORGANIZATION ( #6743, #3319 ) ;
#2905 = CARTESIAN_POINT ( 'NONE',  ( 27.69999999999999929, 45.00000000000000000, 5.000000000000000000 ) ) ;
#2906 = VERTEX_POINT ( 'NONE', #10862 ) ;
#2907 = SECURITY_CLASSIFICATION_LEVEL ( 'unclassified' ) ;
#2908 = EDGE_CURVE ( 'NONE', #8382, #5900, #7374, .T. ) ;
#2909 = CYLINDRICAL_SURFACE ( 'NONE', #1728, 1.700000000000000178 ) ;
#2910 = LOCAL_TIME ( 6, 20, 33.00000000000000000, #19 ) ;
#2911 = ORIENTED_EDGE ( 'NONE', *, *, #4769, .T. ) ;
#2912 = ORIENTED_EDGE ( 'NONE', *, *, #450, .F. ) ;
#2913 = VERTEX_POINT ( 'NONE', #4012 ) ;
#2914 = DIRECTION ( 'NONE',  ( -1.000000000000000000, 0.000000000000000000, -0.000000000000000000 ) ) ;
#2915 = CARTESIAN_POINT ( 'NONE',  ( -1.594977014734535459, -2.082076604084840188, -0.000000000000000000 ) ) ;
#2916 = DIRECTION ( 'NONE',  ( 0.000000000000000000, 0.000000000000000000, 1.000000000000000000 ) ) ;
#2917 = EDGE_CURVE ( 'NONE', #2373, #7906, #5771, .T. ) ;
#2918 = DATE_TIME_ROLE ( 'creation_date' ) ;
#2919 = LOCAL_TIME ( 6, 20, 33.00000000000000000, #7825 ) ;
#2920 = DATE_AND_TIME ( #9602, #799 ) ;
#2921 = LINE ( 'NONE', #1393, #7853 ) ;
#2922 = B_SPLINE_CURVE_WITH_KNOTS ( 'NONE', 3,
 ( #2133, #6359, #6308, #10525, #2844, #1974, #5483, #7193, #9581, #8813, #9746, #259, #4453, #2897, #3718, #4500, #6247, #4613 ),
 .UNSPECIFIED., .F., .F.,
 ( 4, 2, 2, 2, 2, 2, 2, 2, 4 ),
 ( 0.000000000000000000, 0.06250000000000000000, 0.1250000000000000000, 0.1875000000000000000, 0.2500000000000000000, 0.3125000000000000000, 0.3750000000000000000, 0.4375000000000000000, 0.5000000000000000000 ),
 .UNSPECIFIED. ) ;
#2923 = ORIENTED_EDGE ( 'NONE', *, *, #3606, .T. ) ;
#2924 = CARTESIAN_POINT ( 'NONE',  ( 7.700000000000000178, 2.081899558550500526E-16, 0.000000000000000000 ) ) ;
#2925 = LOCAL_TIME ( 6, 20, 33.00000000000000000, #8867 ) ;
#2926 = ORIENTED_EDGE ( 'NONE', *, *, #49, .F. ) ;
#2927 = DIRECTION ( 'NONE',  ( -0.000000000000000000, -1.000000000000000000, -0.000000000000000000 ) ) ;
#2928 = CARTESIAN_POINT ( 'NONE',  ( -7.300000000000000711, 48.77438419509385170, -0.000000000000000000 ) ) ;
#2929 = CARTESIAN_POINT ( 'NONE',  ( -10.50000000000000000, 59.50000000000000000, -1.200000000000000030E-05 ) ) ;
#2930 = LINE ( 'NONE', #458, #8654 ) ;
#2931 = LINE ( 'NONE', #8951, #10022 ) ;
#2932 = EDGE_CURVE ( 'NONE', #4336, #1384, #5822, .T. ) ;
#2933 = COORDINATED_UNIVERSAL_TIME_OFFSET ( 5, 0, .BEHIND. ) ;
#2934 = CARTESIAN_POINT ( 'NONE',  ( 134.5156049304716817, 0.8584857301873821678, 0.000000000000000000 ) ) ;
#2935 = APPROVAL_DATE_TIME ( #524, #7674 ) ;
#2936 = EDGE_LOOP ( 'NONE', ( #6942, #1245, #993, #7893 ) ) ;
#2937 = APPROVAL_PERSON_ORGANIZATION ( #4969, #9525, #5733 ) ;
#2938 = VERTEX_POINT ( 'NONE', #4170 ) ;
#2939 = LINE ( 'NONE', #3758, #2358 ) ;
#2940 = VERTEX_POINT ( 'NONE', #10892 ) ;
#2941 = LINE ( 'NONE', #2223, #5090 ) ;
#2942 = CARTESIAN_POINT ( 'NONE',  ( -18.63871090099669203, -7.042972260763523451, -0.000000000000000000 ) ) ;
#2943 = CARTESIAN_POINT ( 'NONE',  ( 0.000000000000000000, 146.0000000000000000, 3.000000000000000000 ) ) ;
#2944 = LOCAL_TIME ( 6, 20, 33.00000000000000000, #10010 ) ;
#2946 = ADVANCED_BREP_SHAPE_REPRESENTATION ( '', ( #375, #7172 ), #5586 ) ;
#2945 =( LENGTH_UNIT ( ) NAMED_UNIT ( * ) SI_UNIT ( .MILLI., .METRE. ) );
#2947 = ORIENTED_EDGE ( 'NONE', *, *, #10693, .F. ) ;
#2948 = ADVANCED_FACE ( 'NONE', ( #3290 ), #5659, .F. ) ;
#2949 = EDGE_CURVE ( 'NONE', #72, #10786, #10762, .T. ) ;
#2950 = DIRECTION ( 'NONE',  ( -1.000000000000000000, 0.000000000000000000, 0.000000000000000000 ) ) ;
#2951 = VECTOR ( 'NONE', #3038, 1000.000000000000000 ) ;
#2952 = CIRCLE ( 'NONE', #5235, 1.700000000000007061 ) ;
#2953 = EDGE_LOOP ( 'NONE', ( #8428, #1789, #1690, #10217, #9943, #3381 ) ) ;
#2954 = VECTOR ( 'NONE', #6805, 1000.000000000000000 ) ;
#2955 = FACE_OUTER_BOUND ( 'NONE', #10160, .T. ) ;
#2956 = ORIENTED_EDGE ( 'NONE', *, *, #9010, .F. ) ;
#2957 = FACE_OUTER_BOUND ( 'NONE', #1617, .T. ) ;
#2958 = CARTESIAN_POINT ( 'NONE',  ( 20.44258473825093247, -35.65666690099450875, 0.000000000000000000 ) ) ;
#2959 =( GEOMETRIC_REPRESENTATION_CONTEXT ( 3 ) GLOBAL_UNCERTAINTY_ASSIGNED_CONTEXT ( ( #8267 ) ) GLOBAL_UNIT_ASSIGNED_CONTEXT ( ( #9437, #1110, #1944 ) ) REPRESENTATION_CONTEXT ( 'NONE', 'WORKASPACE' ) );
#2960 = VECTOR ( 'NONE', #4323, 1000.000000000000000 ) ;
#2961 = ORIENTED_EDGE ( 'NONE', *, *, #9343, .T. ) ;
#2962 = LINE ( 'NONE', #1205, #10540 ) ;
#2963 = VECTOR ( 'NONE', #2052, 1000.000000000000000 ) ;
#2964 = CARTESIAN_POINT ( 'NONE',  ( -9.119842274437596430, 10.62218046192215759, 9.025160391743369814 ) ) ;
#2965 = CC_DESIGN_DATE_AND_TIME_ASSIGNMENT ( #8030, #3183, ( #10599 ) ) ;
#2966 = PERSON_AND_ORGANIZATION_ROLE ( 'design_supplier' ) ;
#2967 = CARTESIAN_POINT ( 'NONE',  ( -20.00000000000000000, -6.000000000000000152E-06, 13.70000000000000107 ) ) ;
#2968 = SECURITY_CLASSIFICATION_LEVEL ( 'unclassified' ) ;
#2969 = VECTOR ( 'NONE', #2993, 1000.000000000000000 ) ;
#2970 = EDGE_LOOP ( 'NONE', ( #8397, #3934, #214, #1359 ) ) ;
#2971 = CYLINDRICAL_SURFACE ( 'NONE', #5022, 1.700000000000000178 ) ;
#2972 = ORIENTED_EDGE ( 'NONE', *, *, #503, .T. ) ;
#2973 = ORIENTED_EDGE ( 'NONE', *, *, #5764, .F. ) ;
#2974 = LINE ( 'NONE', #4515, #6510 ) ;
#2975 = DIRECTION ( 'NONE',  ( -1.000000000000000000, 0.000000000000000000, 0.000000000000000000 ) ) ;
#2976 = CARTESIAN_POINT ( 'NONE',  ( 12.95702773924156759, 68.63871090099310379, -0.000000000000000000 ) ) ;
#2977 = CC_DESIGN_PERSON_AND_ORGANIZATION_ASSIGNMENT ( #1959, #6126, ( #10384 ) ) ;
#2978 = APPROVAL_DATE_TIME ( #7152, #9928 ) ;
#2979 = AXIS2_PLACEMENT_3D ( 'NONE', #10630, #3009, #3222 ) ;
#2980 = PERSON_AND_ORGANIZATION ( #8338, #5222 ) ;
#2981 = DIRECTION ( 'NONE',  ( -1.000000000000000000, -0.000000000000000000, -0.000000000000000000 ) ) ;
#2982 = ADVANCED_FACE ( 'NONE', ( #3349 ), #4118, .F. ) ;
#2983 = EDGE_LOOP ( 'NONE', ( #4315, #5078, #658, #10348, #5130, #412, #8545, #6476, #8611, #4589, #1682 ) ) ;
#2984 = AXIS2_PLACEMENT_3D ( 'NONE', #1968, #9408, #9522 ) ;
#2985 = ORIENTED_EDGE ( 'NONE', *, *, #261, .F. ) ;
#2986 = CARTESIAN_POINT ( 'NONE',  ( 20.00000000000000000, -12.00000000000000000, 0.000000000000000000 ) ) ;
#2987 = CARTESIAN_POINT ( 'NONE',  ( 27.69999999999999929, 45.00000000000000000, -1.200000000000000030E-05 ) ) ;
#2988 = LINE ( 'NONE', #9836, #4908 ) ;
#2989 = CARTESIAN_POINT ( 'NONE',  ( 29.29993048876420403, 48.77491600511334013, -0.000000000000000000 ) ) ;
#2990 = CARTESIAN_POINT ( 'NONE',  ( -15.69999999999999929, 0.000000000000000000, 2.000000000000000000 ) ) ;
#2991 = APPROVAL_ROLE ( '' ) ;
#2992 = CIRCLE ( 'NONE', #5692, 1.700000000000000178 ) ;
#2993 = DIRECTION ( 'NONE',  ( -0.000000000000000000, -0.000000000000000000, -1.000000000000000000 ) ) ;
#2994 = COORDINATED_UNIVERSAL_TIME_OFFSET ( 5, 0, .BEHIND. ) ;
#2995 = AXIS2_PLACEMENT_3D ( 'NONE', #10272, #9269, #2698 ) ;
#2996 = EDGE_CURVE ( 'NONE', #10794, #3538, #9040, .T. ) ;
#2997 = PRODUCT_DEFINITION_SHAPE ( 'NONE', 'NONE',  #10905 ) ;
#2998 = VERTEX_POINT ( 'NONE', #2524 ) ;
#2999 = CARTESIAN_POINT ( 'NONE',  ( -27.69999999999999929, -57.00000000000000000, 5.000000000000000000 ) ) ;
#3000 = ORIENTED_EDGE ( 'NONE', *, *, #6855, .T. ) ;
#3001 = ORIENTED_EDGE ( 'NONE', *, *, #4057, .T. ) ;
#3002 = FACE_OUTER_BOUND ( 'NONE', #3622, .T. ) ;
#3003 = DIRECTION ( 'NONE',  ( 1.000000000000000000, 0.000000000000000000, 0.000000000000000000 ) ) ;
#3004 = CARTESIAN_POINT ( 'NONE',  ( -7.299999999999998934, 31.00000000000000000, 5.000000000000000000 ) ) ;
#3005 = DIRECTION ( 'NONE',  ( -0.000000000000000000, -0.000000000000000000, -1.000000000000000000 ) ) ;
#3006 = CLOSED_SHELL ( 'NONE', ( #1445, #7383, #9430, #3646, #9214, #6201, #1604, #933, #8938, #8198, #10309, #2596, #9228, #3890, #5839, #7857, #5060, #4495, #998, #5329, #8756, #8362 ) ) ;
#3007 = ORIENTED_EDGE ( 'NONE', *, *, #10137, .F. ) ;
#3008 = VERTEX_POINT ( 'NONE', #8838 ) ;
#3009 = DIRECTION ( 'NONE',  ( 0.000000000000000000, 1.000000000000000000, 0.000000000000000000 ) ) ;
#3010 = ADVANCED_FACE ( 'NONE', ( #1489 ), #8209, .T. ) ;
#3011 = ADVANCED_FACE ( 'NONE', ( #611 ), #3950, .F. ) ;
#3012 = ORIENTED_EDGE ( 'NONE', *, *, #1754, .T. ) ;
#3013 = DIRECTION ( 'NONE',  ( -0.000000000000000000, 1.000000000000000000, -0.000000000000000000 ) ) ;
#3014 = FACE_OUTER_BOUND ( 'NONE', #5910, .T. ) ;
#3015 = ORIENTED_EDGE ( 'NONE', *, *, #5802, .F. ) ;
#3016 = CARTESIAN_POINT ( 'NONE',  ( 24.30000000000000071, -45.00000000000000000, -1.200000000000000030E-05 ) ) ;
#3017 = CARTESIAN_POINT ( 'NONE',  ( -10.54980359593110606, 9.207328926581988426, 6.800000000000001599 ) ) ;
#3018 = CALENDAR_DATE ( 2026, 18, 9 ) ;
#3019 = CARTESIAN_POINT ( 'NONE',  ( 150.0000000000000000, 25.00000000000000000, 90.00000000000000000 ) ) ;
#3020 = APPROVAL_DATE_TIME ( #5443, #10072 ) ;
#3021 = ORIENTED_EDGE ( 'NONE', *, *, #6368, .T. ) ;
#3022 = EDGE_CURVE ( 'NONE', #8382, #4157, #9571, .T. ) ;
#3023 = LINE ( 'NONE', #6320, #9258 ) ;
#3024 = VERTEX_POINT ( 'NONE', #8592 ) ;
#3025 = AXIS2_PLACEMENT_3D ( 'NONE', #4285, #3562, #9368 ) ;
#3026 = EDGE_LOOP ( 'NONE', ( #8135, #6295, #9405, #10556 ) ) ;
#3027 = DIRECTION ( 'NONE',  ( 1.000000000000000000, 0.000000000000000000, 0.000000000000000000 ) ) ;
#3028 = DIRECTION ( 'NONE',  ( 0.000000000000000000, -1.000000000000000000, 0.000000000000000000 ) ) ;
#3029 = DIRECTION ( 'NONE',  ( 0.000000000000000000, 0.000000000000000000, 1.000000000000000000 ) ) ;
#3030 = PERSON_AND_ORGANIZATION ( #6743, #3319 ) ;
#3031 = SECURITY_CLASSIFICATION_LEVEL ( 'unclassified' ) ;
#3032 = CC_DESIGN_PERSON_AND_ORGANIZATION_ASSIGNMENT ( #6029, #5102, ( #4904 ) ) ;
#3033 = PLANE ( 'NONE',  #6259 ) ;
#3034 = CC_DESIGN_PERSON_AND_ORGANIZATION_ASSIGNMENT ( #3791, #10437, ( #3509 ) ) ;
#3035 = ORIENTED_EDGE ( 'NONE', *, *, #3944, .T. ) ;
#3036 = ORIENTED_EDGE ( 'NONE', *, *, #6969, .T. ) ;
#3037 = CARTESIAN_POINT ( 'NONE',  ( -0.6000001182283757339, 2.529936706146719949, -8.999999999999988370E-06 ) ) ;
#3038 = DIRECTION ( 'NONE',  ( -1.000000000000000000, -0.000000000000000000, -0.000000000000000000 ) ) ;
#3039 = CARTESIAN_POINT ( 'NONE',  ( -6.000000000000000000, 0.000000000000000000, 20.00000000000000000 ) ) ;
#3040 = CARTESIAN_POINT ( 'NONE',  ( 30.14151426980530957, 47.51560493047168166, 0.000000000000000000 ) ) ;
#3041 = LINE ( 'NONE', #6388, #3652 ) ;
#3042 = SECURITY_CLASSIFICATION_LEVEL ( 'unclassified' ) ;
#3043 = CARTESIAN_POINT ( 'NONE',  ( 20.00000000000000000, -6.000000000000000152E-06, 13.70000000000000107 ) ) ;
#3044 = EDGE_CURVE ( 'NONE', #6772, #699, #99, .T. ) ;
#3045 = COORDINATED_UNIVERSAL_TIME_OFFSET ( 5, 0, .BEHIND. ) ;
#3046 = ORIENTED_EDGE ( 'NONE', *, *, #764, .T. ) ;
#3047 = DIRECTION ( 'NONE',  ( 0.000000000000000000, -0.000000000000000000, -1.000000000000000000 ) ) ;
#3048 = ORIENTED_EDGE ( 'NONE', *, *, #2382, .F. ) ;
#3049 = DIRECTION ( 'NONE',  ( 0.000000000000000000, 0.000000000000000000, -1.000000000000000000 ) ) ;
#3050 = DIRECTION ( 'NONE',  ( 1.000000000000000000, 0.000000000000000000, 0.000000000000000000 ) ) ;
#3051 = DIRECTION ( 'NONE',  ( -0.000000000000000000, -0.000000000000000000, 1.000000000000000000 ) ) ;
#3052 = DIRECTION ( 'NONE',  ( 0.000000000000000000, -1.000000000000000000, 0.000000000000000000 ) ) ;
#3053 = ORIENTED_EDGE ( 'NONE', *, *, #1864, .F. ) ;
#3054 = VECTOR ( 'NONE', #9688, 1000.000000000000000 ) ;
#3055 = CARTESIAN_POINT ( 'NONE',  ( 12.00000000000000000, 7.000000000000000000, 6.700000000000000178 ) ) ;
#3056 = ADVANCED_FACE ( 'NONE', ( #3455 ), #4406, .F. ) ;
#3057 = EDGE_LOOP ( 'NONE', ( #3469, #8628, #4268, #8986 ) ) ;
#3058 = LINE ( 'NONE', #3170, #707 ) ;
#3059 = AXIS2_PLACEMENT_3D ( 'NONE', #2510, #6742, #3334 ) ;
#3060 = ORIENTED_EDGE ( 'NONE', *, *, #2600, .F. ) ;
#3061 = CARTESIAN_POINT ( 'NONE',  ( 19.14146106821058879, -4.515476490455744063, -0.000000000000000000 ) ) ;
#3062 = DIRECTION ( 'NONE',  ( 1.000000000000000000, -0.000000000000000000, -0.000000000000000000 ) ) ;
#3063 = DIRECTION ( 'NONE',  ( -1.000000000000000000, 0.000000000000000000, -0.000000000000000000 ) ) ;
#3064 = ORIENTED_EDGE ( 'NONE', *, *, #9805, .T. ) ;
#3065 = LINE ( 'NONE', #10804, #9655 ) ;
#3066 = LINE ( 'NONE', #9811, #6984 ) ;
#3067 = EDGE_CURVE ( 'NONE', #7513, #2168, #7047, .T. ) ;
#3068 = EDGE_CURVE ( 'NONE', #8682, #8507, #1142, .T. ) ;
#3069 = PERSON_AND_ORGANIZATION ( #6743, #3319 ) ;
#3070 = DATE_AND_TIME ( #5709, #1155 ) ;
#3071 = DIRECTION ( 'NONE',  ( -0.000000000000000000, -0.000000000000000000, -1.000000000000000000 ) ) ;
#3072 = ORGANIZATION ( 'NAUO-ORG12', 'UNSPECIFIED', 'UNSPECIFIED' ) ;
#3073 = APPLICATION_CONTEXT ( 'configuration controlled 3d designs of mechanical parts and assemblies' ) ;
#3074 = VERTEX_POINT ( 'NONE', #1929 ) ;
#3075 = CARTESIAN_POINT ( 'NONE',  ( -10.72380529476361133, 9.000000000000000000, 8.300000000000000711 ) ) ;
#3076 = CARTESIAN_POINT ( 'NONE',  ( 35.60000000000000142, 0.000000000000000000, 6.000000000000000000 ) ) ;
#3077 = CARTESIAN_POINT ( 'NONE',  ( 12.30000000000000249, 70.00000000000000000, -6.000000000000000152E-06 ) ) ;
#3078 = PERSON ( 'NAUO-PER23', 'UNSPECIFIED', 'UNSPECIFIED', ('UNSPECIFIED'), ('UNSPECIFIED'), ('UNSPECIFIED') ) ;
#3079 = EDGE_CURVE ( 'NONE', #6009, #201, #877, .T. ) ;
#3080 = ADVANCED_FACE ( 'NONE', ( #6874 ), #4235, .F. ) ;
#3081 = PERSON_AND_ORGANIZATION ( #6743, #3319 ) ;
#3082 = VERTEX_POINT ( 'NONE', #10257 ) ;
#3083 = APPROVAL_DATE_TIME ( #2425, #5264 ) ;
#3084 = PRODUCT ( 'V2_REF_chassis_255p8x149', 'V2_REF_chassis_255p8x149', '', ( #4200 ) ) ;
#3085 = DATE_AND_TIME ( #1039, #8079 ) ;
#3086 = CARTESIAN_POINT ( 'NONE',  ( 0.000000000000000000, 20.00000000000000000, 58.00000000000000000 ) ) ;
#3087 = ORIENTED_EDGE ( 'NONE', *, *, #2868, .F. ) ;
#3088 = EDGE_LOOP ( 'NONE', ( #8808, #1897 ) ) ;
#3089 = CARTESIAN_POINT ( 'NONE',  ( 0.000000000000000000, 14.00000000000000000, 4.000000000000000000 ) ) ;
#3090 = DIRECTION ( 'NONE',  ( 0.000000000000000000, 0.000000000000000000, -1.000000000000000000 ) ) ;
#3091 = FACE_OUTER_BOUND ( 'NONE', #3108, .T. ) ;
#3092 = LOCAL_TIME ( 6, 20, 33.00000000000000000, #5677 ) ;
#3093 = CARTESIAN_POINT ( 'NONE',  ( 11.63116903760836074, 7.792703007474884203, 7.297940933140290909 ) ) ;
#3094 = CARTESIAN_POINT ( 'NONE',  ( -6.000000000000000000, 0.000000000000000000, 0.000000000000000000 ) ) ;
#3095 = SHAPE_DEFINITION_REPRESENTATION ( #768, #2441 ) ;
#3096 = LINE ( 'NONE', #9261, #2089 ) ;
#3097 = CC_DESIGN_DATE_AND_TIME_ASSIGNMENT ( #8660, #5381, ( #5179 ) ) ;
#3098 = PERSON_AND_ORGANIZATION ( #6743, #3319 ) ;
#3099 = APPROVAL_PERSON_ORGANIZATION ( #10868, #8769, #10652 ) ;
#3100 = VECTOR ( 'NONE', #8049, 1000.000000000000000 ) ;
#3101 = VERTEX_POINT ( 'NONE', #6036 ) ;
#3102 = CARTESIAN_POINT ( 'NONE',  ( 31.60000000000000142, 77.50000000000000000, -1.200000000000000030E-05 ) ) ;
#3103 = EDGE_LOOP ( 'NONE', ( #6349, #7385, #2228, #8145 ) ) ;
#3104 = DIRECTION ( 'NONE',  ( 0.000000000000000000, 1.000000000000000000, 0.000000000000000000 ) ) ;
#3105 = CARTESIAN_POINT ( 'NONE',  ( -10.48439506952756339, 0.000000000000000000, 20.14151426980620840 ) ) ;
#3106 = DIRECTION ( 'NONE',  ( 1.000000000000000000, -0.000000000000000000, -0.000000000000000000 ) ) ;
#3107 = DIRECTION ( 'NONE',  ( 0.000000000000000000, 1.000000000000000000, 0.000000000000000000 ) ) ;
#3108 = EDGE_LOOP ( 'NONE', ( #3920, #9809, #9366, #2711 ) ) ;
#3109 = CC_DESIGN_APPROVAL ( #8299, ( #8572 ) ) ;
#3110 = CARTESIAN_POINT ( 'NONE',  ( -4.299999999999999822, 2.081899558550500526E-16, 20.00000000000000000 ) ) ;
#3111 = EDGE_CURVE ( 'NONE', #223, #5496, #45, .T. ) ;
#3112 = VERTEX_POINT ( 'NONE', #2577 ) ;
#3113 = LINE ( 'NONE', #9025, #7735 ) ;
#3114 = ORIENTED_EDGE ( 'NONE', *, *, #10844, .F. ) ;
#3115 = CARTESIAN_POINT ( 'NONE',  ( 12.30000000000000249, 70.00000000000000000, -6.000000000000000152E-06 ) ) ;
#3116 = PRODUCT_DEFINITION_FORMATION_WITH_SPECIFIED_SOURCE ( 'ไป', '', #1244, .NOT_KNOWN. ) ;
#3117 = EDGE_CURVE ( 'NONE', #9156, #1799, #5925, .T. ) ;
#3118 = CARTESIAN_POINT ( 'NONE',  ( 43.00000000000000000, 0.000000000000000000, 0.000000000000000000 ) ) ;
#3119 = CARTESIAN_POINT ( 'NONE',  ( 11.04041184224593941, 8.612030553185553217, 11.66769485529068540 ) ) ;
#3120 = ORIENTED_EDGE ( 'NONE', *, *, #7801, .F. ) ;
#3121 = LINE ( 'NONE', #5600, #8241 ) ;
#3122 = VECTOR ( 'NONE', #9397, 1000.000000000000000 ) ;
#3123 = AXIS2_PLACEMENT_3D ( 'NONE', #5705, #7250, #10753 ) ;
#3124 = EDGE_CURVE ( 'NONE', #9445, #2998, #9421, .T. ) ;
#3125 = CARTESIAN_POINT ( 'NONE',  ( -21.00000000000000000, 0.000000000000000000, 24.00000000000000000 ) ) ;
#3126 = PERSON_AND_ORGANIZATION ( #6743, #3319 ) ;
#3127 = AXIS2_PLACEMENT_3D ( 'NONE', #8583, #2678, #1809 ) ;
#3128 = APPROVAL_ROLE ( '' ) ;
#3129 = DIRECTION ( 'NONE',  ( -0.000000000000000000, -0.000000000000000000, -1.000000000000000000 ) ) ;
#3130 = AXIS2_PLACEMENT_3D ( 'NONE', #10401, #355, #2829 ) ;
#3131 = EDGE_CURVE ( 'NONE', #7948, #5575, #1258, .T. ) ;
#3132 = DIRECTION ( 'NONE',  ( 0.000000000000000000, 0.000000000000000000, -1.000000000000000000 ) ) ;
#3133 = ORIENTED_EDGE ( 'NONE', *, *, #2523, .F. ) ;
#3134 = AXIS2_PLACEMENT_3D ( 'NONE', #7166, #575, #7227 ) ;
#3135 = ORIENTED_EDGE ( 'NONE', *, *, #10509, .F. ) ;
#3136 = CARTESIAN_POINT ( 'NONE',  ( -9.511937134729810950, 10.27294094237714717, 11.13224288223542402 ) ) ;
#3137 =( NAMED_UNIT ( * ) PLANE_ANGLE_UNIT ( ) SI_UNIT ( $, .RADIAN. ) );
#3138 = DIRECTION ( 'NONE',  ( -0.000000000000000000, -0.000000000000000000, -1.000000000000000000 ) ) ;
#3139 = AXIS2_PLACEMENT_3D ( 'NONE', #9689, #2715, #3328 ) ;
#3140 = PERSON_AND_ORGANIZATION_ROLE ( 'design_owner' ) ;
#3141 = VECTOR ( 'NONE', #5441, 1000.000000000000000 ) ;
#3142 = APPROVAL_ROLE ( '' ) ;
#3143 = CIRCLE ( 'NONE', #10205, 1.700000000000000178 ) ;
#3144 = DIRECTION ( 'NONE',  ( 0.000000000000000000, -0.000000000000000000, 1.000000000000000000 ) ) ;
#3145 = EDGE_LOOP ( 'NONE', ( #3048, #1365, #1866, #4800 ) ) ;
#3146 = EDGE_CURVE ( 'NONE', #6397, #5210, #6634, .T. ) ;
#3147 = ADVANCED_FACE ( 'NONE', ( #3014 ), #8913, .F. ) ;
#3148 = EDGE_LOOP ( 'NONE', ( #3221, #4360, #3426, #1378, #2749, #6859 ) ) ;
#3149 = EDGE_LOOP ( 'NONE', ( #6307, #7313, #7832, #8635 ) ) ;
#3150 = CARTESIAN_POINT ( 'NONE',  ( 0.000000000000000000, 0.000000000000000000, 0.000000000000000000 ) ) ;
#3151 = FACE_OUTER_BOUND ( 'NONE', #7268, .T. ) ;
#3152 = LINE ( 'NONE', #8057, #331 ) ;
#3153 = LINE ( 'NONE', #1507, #1090 ) ;
#3154 = VECTOR ( 'NONE', #4682, 1000.000000000000000 ) ;
#3155 = CARTESIAN_POINT ( 'NONE',  ( 0.000000000000000000, 0.000000000000000000, 0.000000000000000000 ) ) ;
#3156 = PERSON_AND_ORGANIZATION ( #6743, #3319 ) ;
#3157 = LINE ( 'NONE', #6344, #1213 ) ;
#3158 = APPROVAL_DATE_TIME ( #4810, #3630 ) ;
#3159 = CIRCLE ( 'NONE', #9506, 8.000000000000000000 ) ;
#3160 = ORIENTED_EDGE ( 'NONE', *, *, #5527, .F. ) ;
#3161 = CARTESIAN_POINT ( 'NONE',  ( 186.0000000000000000, 149.0000000000000000, 0.000000000000000000 ) ) ;
#3162 = ORIENTED_EDGE ( 'NONE', *, *, #8176, .F. ) ;
#3163 = CARTESIAN_POINT ( 'NONE',  ( 18.95712604297132842, 0.000000000000000000, 10.63880920472698577 ) ) ;
#3164 = CARTESIAN_POINT ( 'NONE',  ( -18.95702773923594719, -4.638710900997030429, -0.000000000000000000 ) ) ;
#3165 = CARTESIAN_POINT ( 'NONE',  ( -30.00000000000000000, 0.000000000000000000, 28.00000000000000000 ) ) ;
#3166 = DIRECTION ( 'NONE',  ( 0.5000000000000001110, 0.8660254037844385966, 0.000000000000000000 ) ) ;
#3167 = AXIS2_PLACEMENT_3D ( 'NONE', #5497, #1219, #3733 ) ;
#3168 = LINE ( 'NONE', #2395, #5415 ) ;
#3169 = ORIENTED_EDGE ( 'NONE', *, *, #2534, .F. ) ;
#3170 = CARTESIAN_POINT ( 'NONE',  ( 24.30000000000000071, -45.00000000000000000, 5.000000000000000000 ) ) ;
#3171 = ORIENTED_EDGE ( 'NONE', *, *, #5471, .F. ) ;
#3172 = APPROVAL ( #4759, 'ๆช' ) ;
#3173 = CARTESIAN_POINT ( 'NONE',  ( -10.36119079527047404, 0.000000000000000000, 4.042873957031213550 ) ) ;
#3174 = AXIS2_PLACEMENT_3D ( 'NONE', #8211, #3902, #669 ) ;
#3175 = APPROVAL ( #5628, 'ๆช' ) ;
#3176 = PLANE ( 'NONE',  #2444 ) ;
#3177 = CARTESIAN_POINT ( 'NONE',  ( 11.03830473322971883, 8.614725053397680909, 8.331724570723052281 ) ) ;
#3178 = EDGE_LOOP ( 'NONE', ( #9167, #4302, #5694, #9848 ) ) ;
#3179 = CLOSED_SHELL ( 'NONE', ( #742, #1082, #3808, #4675, #41, #7994, #8045, #2266, #8287, #6008, #2119, #6169, #5140, #4731, #2855, #3676, #8690, #8513, #2046, #7902, #6711, #7384, #6701 ) ) ;
#3180 = CARTESIAN_POINT ( 'NONE',  ( 21.65679534101155568, -0.000000000000000000, 12.44263793984301714 ) ) ;
#3181 = PRODUCT_DEFINITION_SHAPE ( 'NONE', 'NONE',  #10901 ) ;
#3182 = CARTESIAN_POINT ( 'NONE',  ( -0.5999999999999998668, 9.000000000000000000, 8.500000000000000000 ) ) ;
#3183 = DATE_TIME_ROLE ( 'creation_date' ) ;
#3184 = EDGE_CURVE ( 'NONE', #913, #5091, #5484, .T. ) ;
#3185 = CALENDAR_DATE ( 2026, 18, 9 ) ;
#3186 = VERTEX_POINT ( 'NONE', #427 ) ;
#3187 = VECTOR ( 'NONE', #6053, 1000.000000000000000 ) ;
#3188 = CARTESIAN_POINT ( 'NONE',  ( 10.00000000000000000, 27.50000000000000000, 58.00000000000000000 ) ) ;
#3189 = DIRECTION ( 'NONE',  ( 0.000000000000000000, -1.000000000000000000, 0.000000000000000000 ) ) ;
#3190 = DIRECTION ( 'NONE',  ( 0.000000000000000000, -0.000000000000000000, -1.000000000000000000 ) ) ;
#3191 = VERTEX_POINT ( 'NONE', #10419 ) ;
#3192 = CARTESIAN_POINT ( 'NONE',  ( -7.299999999999998934, 49.00000000000000000, -6.000000000000000152E-06 ) ) ;
#3193 =( NAMED_UNIT ( * ) SI_UNIT ( $, .STERADIAN. ) SOLID_ANGLE_UNIT ( ) );
#3194 = LINE ( 'NONE', #3955, #5406 ) ;
#3195 = PERSON_AND_ORGANIZATION ( #6743, #3319 ) ;
#3196 = EDGE_CURVE ( 'NONE', #2525, #9761, #67, .T. ) ;
#3197 = CONTEXT_DEPENDENT_SHAPE_REPRESENTATION ( #4978, #1432 ) ;
#3198 = DIRECTION ( 'NONE',  ( 0.000000000000000000, -0.000000000000000000, 1.000000000000000000 ) ) ;
#3199 = ORIENTED_EDGE ( 'NONE', *, *, #5665, .T. ) ;
#3200 = ORIENTED_EDGE ( 'NONE', *, *, #9262, .T. ) ;
#3201 = EDGE_LOOP ( 'NONE', ( #425, #7970 ) ) ;
#3202 = DIRECTION ( 'NONE',  ( -1.000000000000000000, 0.000000000000000000, -0.000000000000000000 ) ) ;
#3203 = FACE_OUTER_BOUND ( 'NONE', #650, .T. ) ;
#3204 = CARTESIAN_POINT ( 'NONE',  ( 0.5999999999999998668, 9.000000000000000000, 8.500000000000000000 ) ) ;
#3205 = DIRECTION ( 'NONE',  ( 1.000000000000000000, 0.000000000000000000, 0.000000000000000000 ) ) ;
#3206 = DIRECTION ( 'NONE',  ( 1.000000000000000000, 0.000000000000000000, 0.000000000000000000 ) ) ;
#3207 = APPROVAL_DATE_TIME ( #8227, #3175 ) ;
#3208 = ADVANCED_FACE ( 'NONE', ( #2845 ), #6195, .F. ) ;
#3209 = APPLICATION_PROTOCOL_DEFINITION ( 'international standard', 'config_control_design', 1994, #8363 ) ;
#3210 = ADVANCED_FACE ( 'NONE', ( #3227 ), #6580, .F. ) ;
#3211 = VERTEX_POINT ( 'NONE', #4883 ) ;
#3212 = ORIENTED_EDGE ( 'NONE', *, *, #503, .F. ) ;
#3213 = CARTESIAN_POINT ( 'NONE',  ( 31.19999999999999929, 80.50000000000000000, -1.200000000000000030E-05 ) ) ;
#3214 = EDGE_LOOP ( 'NONE', ( #128, #2179, #4467, #3525 ) ) ;
#3215 = CARTESIAN_POINT ( 'NONE',  ( -28.00000000000000000, 0.000000000000000000, 0.000000000000000000 ) ) ;
#3216 = CARTESIAN_POINT ( 'NONE',  ( -9.442469749914609523, -0.000000000000000000, 22.65686506842306969 ) ) ;
#3217 = DIRECTION ( 'NONE',  ( -0.000000000000000000, -0.000000000000000000, -1.000000000000000000 ) ) ;
#3218 = DIRECTION ( 'NONE',  ( 1.000000000000000000, 0.000000000000000000, 0.000000000000000000 ) ) ;
#3219 = CARTESIAN_POINT ( 'NONE',  ( -10.00000000000000000, 10.00000000000000000, 39.50000000000000000 ) ) ;
#3220 = EDGE_CURVE ( 'NONE', #10794, #2696, #7415, .T. ) ;
#3221 = ORIENTED_EDGE ( 'NONE', *, *, #1641, .T. ) ;
#3222 = DIRECTION ( 'NONE',  ( 0.000000000000000000, -0.000000000000000000, 1.000000000000000000 ) ) ;
#3223 = ORIENTED_EDGE ( 'NONE', *, *, #4568, .F. ) ;
#3224 = CARTESIAN_POINT ( 'NONE',  ( 15.65666690099372360, 70.44258473825063049, -0.000000000000000000 ) ) ;
#3225 = EDGE_LOOP ( 'NONE', ( #7117, #2859, #7188, #7449 ) ) ;
#3226 = CARTESIAN_POINT ( 'NONE',  ( 0.000000000000000000, 11.00000000000000000, 0.000000000000000000 ) ) ;
#3227 = FACE_OUTER_BOUND ( 'NONE', #9880, .T. ) ;
#3228 = AXIS2_PLACEMENT_3D ( 'NONE', #9854, #5640, #1353 ) ;
#3229 = VERTEX_POINT ( 'NONE', #10853 ) ;
#3230 = DIRECTION ( 'NONE',  ( 0.000000000000000000, -0.000000000000000000, 1.000000000000000000 ) ) ;
#3231 = CARTESIAN_POINT ( 'NONE',  ( 31.85848573019543650, 50.48439506952831834, 0.000000000000000000 ) ) ;
#3232 = CALENDAR_DATE ( 2026, 18, 9 ) ;
#3233 = CC_DESIGN_PERSON_AND_ORGANIZATION_ASSIGNMENT ( #10294, #6905, ( #9988 ) ) ;
#3234 = COORDINATED_UNIVERSAL_TIME_OFFSET ( 5, 0, .BEHIND. ) ;
#3235 = VECTOR ( 'NONE', #10188, 1000.000000000000000 ) ;
#3236 = CARTESIAN_POINT ( 'NONE',  ( -20.22508399488411968, -32.29993048876347217, -0.000000000000000000 ) ) ;
#3237 = CARTESIAN_POINT ( 'NONE',  ( 20.00000000000000000, 0.000000000000000000, 58.00000000000000000 ) ) ;
#3238 = CYLINDRICAL_SURFACE ( 'NONE', #4299, 5.799999999999999822 ) ;
#3239 = ORIENTED_EDGE ( 'NONE', *, *, #7924, .F. ) ;
#3240 = CARTESIAN_POINT ( 'NONE',  ( -9.119842274437594654, 10.62218046192215226, 10.52516039174336804 ) ) ;
#3241 = VECTOR ( 'NONE', #2310, 1000.000000000000000 ) ;
#3242 = DIRECTION ( 'NONE',  ( -1.000000000000000000, 0.000000000000000000, -0.000000000000000000 ) ) ;
#3243 = SECURITY_CLASSIFICATION_LEVEL ( 'unclassified' ) ;
#3244 = EDGE_CURVE ( 'NONE', #201, #3848, #1429, .T. ) ;
#3245 = CARTESIAN_POINT ( 'NONE',  ( 2.408589353751582784, 0.9896632826438699349, -0.000000000000000000 ) ) ;
#3246 = APPROVAL_PERSON_ORGANIZATION ( #9485, #2028, #932 ) ;
#3247 = VERTEX_POINT ( 'NONE', #2351 ) ;
#3248 = VERTEX_POINT ( 'NONE', #656 ) ;
#3249 = VERTEX_POINT ( 'NONE', #9140 ) ;
#3250 = EDGE_CURVE ( 'NONE', #1256, #3247, #604, .T. ) ;
#3251 = ORIENTED_EDGE ( 'NONE', *, *, #2533, .F. ) ;
#3252 = CARTESIAN_POINT ( 'NONE',  ( 21.69999999999999929, -34.00000000000000000, -6.000000000000000152E-06 ) ) ;
#3253 = CARTESIAN_POINT ( 'NONE',  ( 0.000000000000000000, 57.00000000000000000, 0.000000000000000000 ) ) ;
#3254 = DIRECTION ( 'NONE',  ( 0.000000000000000000, 0.000000000000000000, -1.000000000000000000 ) ) ;
#3255 = DIRECTION ( 'NONE',  ( 1.000000000000000000, 0.000000000000000000, 0.000000000000000000 ) ) ;
#3256 = LINE ( 'NONE', #9274, #4013 ) ;
#3257 = COORDINATED_UNIVERSAL_TIME_OFFSET ( 5, 0, .BEHIND. ) ;
#3258 = ORGANIZATION ( 'NAUO-ORG20', 'UNSPECIFIED', 'UNSPECIFIED' ) ;
#3259 = APPROVAL_DATE_TIME ( #8393, #8711 ) ;
#3260 = VECTOR ( 'NONE', #8766, 1000.000000000000000 ) ;
#3261 = ORIENTED_EDGE ( 'NONE', *, *, #2006, .T. ) ;
#3262 = CARTESIAN_POINT ( 'NONE',  ( 31.00000000000000000, 81.00000000000000000, 1.300000000000000044 ) ) ;
#3263 = LOCAL_TIME ( 6, 20, 33.00000000000000000, #4437 ) ;
#3264 = EDGE_CURVE ( 'NONE', #8148, #3371, #3421, .T. ) ;
#3265 = ORIENTED_EDGE ( 'NONE', *, *, #5269, .T. ) ;
#3266 = CARTESIAN_POINT ( 'NONE',  ( -1.000000000000000000, 19.50000000000000000, 0.000000000000000000 ) ) ;
#3267 = CARTESIAN_POINT ( 'NONE',  ( -9.225083994885922678, 0.000000000000000000, 19.29993048876420403 ) ) ;
#3268 = CARTESIAN_POINT ( 'NONE',  ( 0.000000000000000000, 3.000000000000000000, 149.0000000000000000 ) ) ;
#3269 = DIRECTION ( 'NONE',  ( 1.000000000000000000, 0.000000000000000000, 0.000000000000000000 ) ) ;
#3270 = DIRECTION ( 'NONE',  ( -0.000000000000000000, 1.000000000000000000, -0.000000000000000000 ) ) ;
#3271 = EDGE_LOOP ( 'NONE', ( #7207, #1841, #5809, #1852 ) ) ;
#3272 = CC_DESIGN_APPROVAL ( #7264, ( #10861 ) ) ;
#3273 = FACE_BOUND ( 'NONE', #3669, .T. ) ;
#3274 = ORIENTED_EDGE ( 'NONE', *, *, #5813, .T. ) ;
#3275 = CARTESIAN_POINT ( 'NONE',  ( -10.48439506952756517, 0.000000000000000000, 2.141514269806949589 ) ) ;
#3276 = EDGE_CURVE ( 'NONE', #8494, #5536, #1314, .T. ) ;
#3277 = EDGE_LOOP ( 'NONE', ( #7434, #5094, #31, #9504 ) ) ;
#3278 = CARTESIAN_POINT ( 'NONE',  ( -21.00000000000000000, 81.00000000000000000, 6.000000000000000000 ) ) ;
#3279 = CARTESIAN_POINT ( 'NONE',  ( 11.93795499826097739, 7.313427394620801714, 10.24662375167233108 ) ) ;
#3280 = EDGE_CURVE ( 'NONE', #10076, #5099, #1591, .T. ) ;
#3281 = CC_DESIGN_APPROVAL ( #4920, ( #8394 ) ) ;
#3282 = ORIENTED_EDGE ( 'NONE', *, *, #3196, .T. ) ;
#3283 = VECTOR ( 'NONE', #2981, 1000.000000000000000 ) ;
#3284 = DIRECTION ( 'NONE',  ( 1.000000000000000000, 0.000000000000000000, 0.000000000000000000 ) ) ;
#3285 = CARTESIAN_POINT ( 'NONE',  ( 30.55741526174906753, 50.65666690099451586, 0.000000000000000000 ) ) ;
#3286 = PERSON_AND_ORGANIZATION ( #10084, #5370 ) ;
#3287 = LOCAL_TIME ( 6, 20, 33.00000000000000000, #7663 ) ;
#3288 = CYLINDRICAL_SURFACE ( 'NONE', #10028, 1.700000000000000178 ) ;
#3289 = LINE ( 'NONE', #8318, #492 ) ;
#3290 = FACE_OUTER_BOUND ( 'NONE', #5220, .T. ) ;
#3291 = AXIS2_PLACEMENT_3D ( 'NONE', #8902, #5639, #1352 ) ;
#3292 = CC_DESIGN_PERSON_AND_ORGANIZATION_ASSIGNMENT ( #6508, #635, ( #210 ) ) ;
#3293 = ORIENTED_EDGE ( 'NONE', *, *, #5908, .T. ) ;
#3294 = CARTESIAN_POINT ( 'NONE',  ( 0.000000000000000000, 0.000000000000000000, 0.000000000000000000 ) ) ;
#3295 =( NAMED_UNIT ( * ) PLANE_ANGLE_UNIT ( ) SI_UNIT ( $, .RADIAN. ) );
#3296 = APPROVAL_PERSON_ORGANIZATION ( #8934, #9999, #7097 ) ;
#3297 = VECTOR ( 'NONE', #4456, 1000.000000000000000 ) ;
#3298 = CARTESIAN_POINT ( 'NONE',  ( -11.59999999999999964, 77.50000000000000000, -1.200000000000000030E-05 ) ) ;
#3299 = APPLICATION_PROTOCOL_DEFINITION ( 'international standard', 'config_control_design', 1994, #477 ) ;
#3300 = VECTOR ( 'NONE', #10049, 1000.000000000000000 ) ;
#3301 = VECTOR ( 'NONE', #5989, 1000.000000000000000 ) ;
#3302 = CARTESIAN_POINT ( 'NONE',  ( 1.850048096021194244, 1.832503310753067938, 0.000000000000000000 ) ) ;
#3303 = VECTOR ( 'NONE', #6940, 1000.000000000000000 ) ;
#3304 = VERTEX_POINT ( 'NONE', #9198 ) ;
#3305 = CC_DESIGN_DATE_AND_TIME_ASSIGNMENT ( #8174, #4089, ( #1695 ) ) ;
#3306 = PRODUCT_RELATED_PRODUCT_CATEGORY ( 'detail', '', ( #7217 ) ) ;
#3307 = ORIENTED_EDGE ( 'NONE', *, *, #6004, .T. ) ;
#3308 = ORIENTED_EDGE ( 'NONE', *, *, #6231, .T. ) ;
#3309 = DIRECTION ( 'NONE',  ( 0.000000000000000000, 0.000000000000000000, 1.000000000000000000 ) ) ;
#3310 = CARTESIAN_POINT ( 'NONE',  ( 14.00000000000000000, 1.714505518806294638E-15, 6.000000000000000000 ) ) ;
#3311 = DIRECTION ( 'NONE',  ( 1.000000000000000000, 0.000000000000000000, 0.000000000000000000 ) ) ;
#3312 = AXIS2_PLACEMENT_3D ( 'NONE', #4098, #9128, #4819 ) ;
#3313 = CARTESIAN_POINT ( 'NONE',  ( -12.00000000000000000, 12.00000000000000000, 0.000000000000000000 ) ) ;
#3314 = CARTESIAN_POINT ( 'NONE',  ( 9.840129390273625987, 9.961135384681570670, 11.41787171665996325 ) ) ;
#3315 = CALENDAR_DATE ( 2026, 18, 9 ) ;
#3316 = AXIS2_PLACEMENT_3D ( 'NONE', #3204, #6554, #8117 ) ;
#3317 = APPROVAL_STATUS ( 'not_yet_approved' ) ;
#3318 = ADVANCED_FACE ( 'NONE', ( #10036, #8194, #8255, #4056 ), #10801, .F. ) ;
#3319 = ORGANIZATION ( 'ๆช', 'ๆช', '' ) ;
#3320 = CIRCLE ( 'NONE', #5949, 2.600000000000000089 ) ;
#3321 = ORIENTED_EDGE ( 'NONE', *, *, #7318, .F. ) ;
#3322 = CARTESIAN_POINT ( 'NONE',  ( 0.000000000000000000, 0.000000000000000000, 0.000000000000000000 ) ) ;
#3323 = CIRCLE ( 'NONE', #7014, 1.700000000000000178 ) ;
#3324 = EDGE_LOOP ( 'NONE', ( #4270, #5274, #9135, #10764 ) ) ;
#3325 = CARTESIAN_POINT ( 'NONE',  ( 19.77438419509190837, -0.000000000000000000, 13.70000000000000284 ) ) ;
#3326 = CARTESIAN_POINT ( 'NONE',  ( -7.299999999999998934, 49.00000000000000000, -6.000000000000000152E-06 ) ) ;
#3327 = CARTESIAN_POINT ( 'NONE',  ( -6.000000000000000000, 1.300000000000000044, -0.09997027095160138099 ) ) ;
#3328 = DIRECTION ( 'NONE',  ( 1.000000000000000000, 0.000000000000000000, 0.000000000000000000 ) ) ;
#3329 = DIRECTION ( 'NONE',  ( 1.000000000000000000, 0.000000000000000000, 0.000000000000000000 ) ) ;
#3330 = VERTEX_POINT ( 'NONE', #970 ) ;
#3331 = VECTOR ( 'NONE', #8521, 1000.000000000000000 ) ;
#3332 = EDGE_CURVE ( 'NONE', #2940, #1256, #8644, .T. ) ;
#3333 = ORIENTED_EDGE ( 'NONE', *, *, #3633, .T. ) ;
#3334 = DIRECTION ( 'NONE',  ( 0.000000000000000000, 0.000000000000000000, 1.000000000000000000 ) ) ;
#3335 = PERSON ( 'NAUO-PER7', 'UNSPECIFIED', 'UNSPECIFIED', ('UNSPECIFIED'), ('UNSPECIFIED'), ('UNSPECIFIED') ) ;
#3336 = ORIENTED_EDGE ( 'NONE', *, *, #10541, .T. ) ;
#3337 = DIRECTION ( 'NONE',  ( 0.000000000000000000, 1.000000000000000000, 0.000000000000000000 ) ) ;
#3338 = DIRECTION ( 'NONE',  ( 0.000000000000000000, 0.000000000000000000, -1.000000000000000000 ) ) ;
#3339 = AXIS2_PLACEMENT_3D ( 'NONE', #1956, #4379, #1075 ) ;
#3340 = ORIENTED_EDGE ( 'NONE', *, *, #5431, .T. ) ;
#3341 = DIRECTION ( 'NONE',  ( 1.000000000000000000, -0.000000000000000000, -0.000000000000000000 ) ) ;
#3342 = DIRECTION ( 'NONE',  ( -1.000000000000000000, 0.000000000000000000, 0.000000000000000000 ) ) ;
#3343 = PERSON_AND_ORGANIZATION_ROLE ( 'classification_officer' ) ;
#3344 = EDGE_CURVE ( 'NONE', #9761, #6509, #7627, .T. ) ;
#3345 = ADVANCED_FACE ( 'NONE', ( #10193, #4224, #6078 ), #6025, .F. ) ;
#3346 = VECTOR ( 'NONE', #6162, 1000.000000000000000 ) ;
#3347 = DIRECTION ( 'NONE',  ( 0.000000000000000000, 0.000000000000000000, 1.000000000000000000 ) ) ;
#3348 = CARTESIAN_POINT ( 'NONE',  ( 0.000000000000000000, 0.000000000000000000, 4.000000000000000000 ) ) ;
#3349 = FACE_OUTER_BOUND ( 'NONE', #6461, .T. ) ;
#3350 = VERTEX_POINT ( 'NONE', #10303 ) ;
#3351 = FACE_OUTER_BOUND ( 'NONE', #4561, .T. ) ;
#3352 = DIRECTION ( 'NONE',  ( 0.000000000000000000, 0.000000000000000000, -1.000000000000000000 ) ) ;
#3353 = COORDINATED_UNIVERSAL_TIME_OFFSET ( 5, 0, .BEHIND. ) ;
#3354 = CARTESIAN_POINT ( 'NONE',  ( 8.099999999999999645, 70.00000000000000000, 5.200000000000000178 ) ) ;
#3355 = PERSON_AND_ORGANIZATION_ROLE ( 'classification_officer' ) ;
#3356 = EDGE_CURVE ( 'NONE', #3680, #4336, #9410, .T. ) ;
#3357 = CARTESIAN_POINT ( 'NONE',  ( 0.8803804287024865616, 2.463630117896262739, -0.000000000000000000 ) ) ;
#3358 = ORIENTED_EDGE ( 'NONE', *, *, #8553, .F. ) ;
#3359 = VERTEX_POINT ( 'NONE', #7685 ) ;
#3360 = ORIENTED_EDGE ( 'NONE', *, *, #9118, .T. ) ;
#3361 = ORIENTED_EDGE ( 'NONE', *, *, #4839, .F. ) ;
#3362 = CARTESIAN_POINT ( 'NONE',  ( 24.30000000000000071, 45.00000000000000000, -1.200000000000000030E-05 ) ) ;
#3363 = CARTESIAN_POINT ( 'NONE',  ( -10.69999999999999929, 31.00000000000000000, -6.000000000000000152E-06 ) ) ;
#3364 = DIRECTION ( 'NONE',  ( 0.000000000000000000, -0.000000000000000000, -1.000000000000000000 ) ) ;
#3365 = CARTESIAN_POINT ( 'NONE',  ( -24.30000000000000071, -57.00000000000000000, -1.200000000000000030E-05 ) ) ;
#3366 = CARTESIAN_POINT ( 'NONE',  ( 9.118810940736773674, 10.62306291505445799, 9.477880689636080547 ) ) ;
#3367 = PERSON_AND_ORGANIZATION ( #6743, #3319 ) ;
#3368 = DATE_AND_TIME ( #692, #3467 ) ;
#3369 = CC_DESIGN_PERSON_AND_ORGANIZATION_ASSIGNMENT ( #7769, #6714, ( #8893 ) ) ;
#3370 = CC_DESIGN_PERSON_AND_ORGANIZATION_ASSIGNMENT ( #2688, #1878, ( #5816 ) ) ;
#3371 = VERTEX_POINT ( 'NONE', #5040 ) ;
#3372 = ORIENTED_EDGE ( 'NONE', *, *, #9496, .T. ) ;
#3373 = FACE_OUTER_BOUND ( 'NONE', #6183, .T. ) ;
#3374 = ORIENTED_EDGE ( 'NONE', *, *, #5828, .T. ) ;
#3375 = PLANE ( 'NONE',  #2635 ) ;
#3376 = FACE_OUTER_BOUND ( 'NONE', #9745, .T. ) ;
#3377 = DIRECTION ( 'NONE',  ( 0.000000000000000000, -0.000000000000000000, -1.000000000000000000 ) ) ;
#3378 = VECTOR ( 'NONE', #1926, 1000.000000000000000 ) ;
#3379 = DIRECTION ( 'NONE',  ( 0.000000000000000000, 0.000000000000000000, 1.000000000000000000 ) ) ;
#3380 = DIRECTION ( 'NONE',  ( -0.000000000000000000, -0.000000000000000000, 1.000000000000000000 ) ) ;
#3381 = ORIENTED_EDGE ( 'NONE', *, *, #1182, .T. ) ;
#3382 = ADVANCED_FACE ( 'NONE', ( #4275 ), #3444, .F. ) ;
#3383 = ORIENTED_EDGE ( 'NONE', *, *, #10081, .F. ) ;
#3384 = DIRECTION ( 'NONE',  ( -0.000000000000000000, -0.000000000000000000, 1.000000000000000000 ) ) ;
#3385 = EDGE_LOOP ( 'NONE', ( #4869, #1046, #3997, #807 ) ) ;
#3386 = CARTESIAN_POINT ( 'NONE',  ( -12.00000000000000000, -7.000000000000000000, 3.299999999999999822 ) ) ;
#3387 = DIRECTION ( 'NONE',  ( 0.000000000000000000, 0.000000000000000000, 1.000000000000000000 ) ) ;
#3389 = ADVANCED_FACE ( 'NONE', ( #150, #6864 ), #7577, .T. ) ;
#3388 = ORIENTED_EDGE ( 'NONE', *, *, #4150, .F. ) ;
#3390 = DIRECTION ( 'NONE',  ( 1.000000000000000000, 0.000000000000000000, 0.000000000000000000 ) ) ;
#3391 = FACE_OUTER_BOUND ( 'NONE', #7178, .T. ) ;
#3392 = DATE_TIME_ROLE ( 'classification_date' ) ;
#3393 = AXIS2_PLACEMENT_3D ( 'NONE', #6400, #8129, #2339 ) ;
#3394 = CARTESIAN_POINT ( 'NONE',  ( -19.77491600511588032, -32.30006951123654346, 0.000000000000000000 ) ) ;
#3395 = B_SPLINE_CURVE_WITH_KNOTS ( 'NONE', 3,
 ( #4408, #4288, #215, #879, #7640, #4237, #102, #821, #5212, #6925, #1047, #8429, #7702, #10207, #928, #2526, #8595, #5986 ),
 .UNSPECIFIED., .F., .F.,
 ( 4, 2, 2, 2, 2, 2, 2, 2, 4 ),
 ( 0.000000000000000000, 0.06249999999999986122, 0.1249999999999997224, 0.1874999999999997502, 0.2499999999999997780, 0.3124999999999997780, 0.3749999999999998335, 0.4374999999999998890, 0.5000000000000000000 ),
 .UNSPECIFIED. ) ;
#3396 = LINE ( 'NONE', #3512, #7068 ) ;
#3397 = DIRECTION ( 'NONE',  ( 0.000000000000000000, 0.000000000000000000, -1.000000000000000000 ) ) ;
#3399 = EDGE_CURVE ( 'NONE', #8656, #7489, #1689, .T. ) ;
#3398 = ORIENTED_EDGE ( 'NONE', *, *, #2683, .T. ) ;
#3400 = CARTESIAN_POINT ( 'NONE',  ( 5.799999999999999822, 7.102951435054647665E-16, 0.000000000000000000 ) ) ;
#3401 = EDGE_CURVE ( 'NONE', #7935, #2209, #9071, .T. ) ;
#3402 = CARTESIAN_POINT ( 'NONE',  ( -12.00000000000000000, -7.000000000000000000, 15.00000000000000000 ) ) ;
#3403 = APPROVAL_DATE_TIME ( #4410, #622 ) ;
#3404 = CIRCLE ( 'NONE', #7987, 1.700000000000000178 ) ;
#3405 = DIRECTION ( 'NONE',  ( 1.000000000000000000, 0.000000000000000000, 0.000000000000000000 ) ) ;
#3406 = COORDINATED_UNIVERSAL_TIME_OFFSET ( 5, 0, .BEHIND. ) ;
#3407 = LINE ( 'NONE', #1938, #3604 ) ;
#3408 = ORIENTED_EDGE ( 'NONE', *, *, #9279, .T. ) ;
#3409 = VECTOR ( 'NONE', #10471, 1000.000000000000000 ) ;
#3410 = ORIENTED_EDGE ( 'NONE', *, *, #2523, .T. ) ;
#3412 = ADVANCED_FACE ( 'NONE', ( #207 ), #6696, .F. ) ;
#3411 = ORIENTED_EDGE ( 'NONE', *, *, #1300, .F. ) ;
#3413 = DIRECTION ( 'NONE',  ( 0.000000000000000000, 0.000000000000000000, 1.000000000000000000 ) ) ;
#3414 = CARTESIAN_POINT ( 'NONE',  ( -15.59999999999999964, 67.50000000000000000, 0.000000000000000000 ) ) ;
#3415 = DIRECTION ( 'NONE',  ( 0.000000000000000000, -1.000000000000000000, 0.000000000000000000 ) ) ;
#3416 = EDGE_CURVE ( 'NONE', #3359, #3330, #9463, .T. ) ;
#3417 = LINE ( 'NONE', #6776, #7542 ) ;
#3418 = DIRECTION ( 'NONE',  ( -0.000000000000000000, -0.000000000000000000, -1.000000000000000000 ) ) ;
#3419 = DATE_AND_TIME ( #65, #1699 ) ;
#3420 = SECURITY_CLASSIFICATION_LEVEL ( 'unclassified' ) ;
#3421 = CIRCLE ( 'NONE', #1848, 1.700000000000000178 ) ;
#3422 = CC_DESIGN_APPROVAL ( #2826, ( #3597 ) ) ;
#3423 = EDGE_LOOP ( 'NONE', ( #348, #4025, #4244, #4713 ) ) ;
#3424 = SHAPE_REPRESENTATION ( 'V2_REF_gripper_finger', ( #7172 ), #8422 ) ;
#3425 = CARTESIAN_POINT ( 'NONE',  ( -15.59999999999999964, 67.50000000000000000, -1.200000000000000030E-05 ) ) ;
#3426 = ORIENTED_EDGE ( 'NONE', *, *, #10784, .F. ) ;
#3427 = DIRECTION ( 'NONE',  ( 0.000000000000000000, 0.000000000000000000, -1.000000000000000000 ) ) ;
#3428 = CARTESIAN_POINT ( 'NONE',  ( -9.442584738250030085, 50.65666690099504876, 0.000000000000000000 ) ) ;
#3429 = DIRECTION ( 'NONE',  ( -1.000000000000000000, 0.000000000000000000, -0.000000000000000000 ) ) ;
#3430 = LOCAL_TIME ( 6, 20, 33.00000000000000000, #6535 ) ;
#3431 = CC_DESIGN_PERSON_AND_ORGANIZATION_ASSIGNMENT ( #7926, #9703, ( #8572 ) ) ;
#3432 = PERSON_AND_ORGANIZATION ( #6743, #3319 ) ;
#3433 = APPLICATION_CONTEXT ( 'configuration controlled 3d designs of mechanical parts and assemblies' ) ;
#3434 = CARTESIAN_POINT ( 'NONE',  ( 43.00000000000000000, 0.000000000000000000, 24.00000000000000000 ) ) ;
#3435 = PERSON_AND_ORGANIZATION ( #6743, #3319 ) ;
#3436 = ORIENTED_EDGE ( 'NONE', *, *, #4015, .T. ) ;
#3437 = PLANE ( 'NONE',  #10186 ) ;
#3438 = EDGE_LOOP ( 'NONE', ( #6196, #10814 ) ) ;
#3439 = CARTESIAN_POINT ( 'NONE',  ( 0.000000000000000000, 67.50000000000000000, 6.000000000000000000 ) ) ;
#3440 = VECTOR ( 'NONE', #2532, 1000.000000000000000 ) ;
#3441 = ORIENTED_EDGE ( 'NONE', *, *, #2683, .F. ) ;
#3442 = CARTESIAN_POINT ( 'NONE',  ( 2.600000000000000089, 0.000000000000000000, -6.000000000000000152E-06 ) ) ;
#3443 = CARTESIAN_POINT ( 'NONE',  ( -12.95702773924156759, 71.36128909900689621, -0.000000000000000000 ) ) ;
#3444 = PLANE ( 'NONE',  #1498 ) ;
#3445 = ADVANCED_FACE ( 'NONE', ( #6913 ), #5096, .F. ) ;
#3446 = DIRECTION ( 'NONE',  ( 0.000000000000000000, 0.000000000000000000, -1.000000000000000000 ) ) ;
#3447 = PLANE ( 'NONE',  #1907 ) ;
#3448 = CC_DESIGN_APPROVAL ( #889, ( #10156 ) ) ;
#3449 = CARTESIAN_POINT ( 'NONE',  ( -7.343333099005748821, 0.000000000000000000, 20.55741526174842804 ) ) ;
#3450 = CALENDAR_DATE ( 2026, 18, 9 ) ;
#3451 = EDGE_CURVE ( 'NONE', #6509, #7653, #599, .T. ) ;
#3452 = PLANE ( 'NONE',  #5385 ) ;
#3453 = DIRECTION ( 'NONE',  ( 1.000000000000000000, 0.000000000000000000, 0.000000000000000000 ) ) ;
#3454 = CC_DESIGN_APPROVAL ( #4179, ( #109 ) ) ;
#3455 = FACE_OUTER_BOUND ( 'NONE', #6305, .T. ) ;
#3456 = EDGE_LOOP ( 'NONE', ( #8668, #177 ) ) ;
#3457 = CARTESIAN_POINT ( 'NONE',  ( -12.00000000000000000, -12.00000000000000000, 20.00000000000000000 ) ) ;
#3458 = SHAPE_REPRESENTATION_RELATIONSHIP ( 'NONE' , 'NONE' ,  #2080, #1240 ) ;
#3459 = CARTESIAN_POINT ( 'NONE',  ( 0.6767371672055961795, -2.533830729021501416, 0.000000000000000000 ) ) ;
#3460 = APPROVAL_ROLE ( '' ) ;
#3461 = CARTESIAN_POINT ( 'NONE',  ( 0.000000000000000000, 0.000000000000000000, 58.00000000000000000 ) ) ;
#3462 = PRODUCT_DEFINITION_FORMATION_WITH_SPECIFIED_SOURCE ( 'ไป', '', #9000, .NOT_KNOWN. ) ;
#3463 = DATE_AND_TIME ( #8601, #439 ) ;
#3464 = EDGE_CURVE ( 'NONE', #6549, #2896, #10136, .T. ) ;
#3465 = DIRECTION ( 'NONE',  ( -1.000000000000000000, 0.000000000000000000, 0.000000000000000000 ) ) ;
#3466 = ORIENTED_EDGE ( 'NONE', *, *, #3712, .T. ) ;
#3467 = LOCAL_TIME ( 6, 20, 33.00000000000000000, #790 ) ;
#3468 = ORIENTED_EDGE ( 'NONE', *, *, #8712, .T. ) ;
#3469 = ORIENTED_EDGE ( 'NONE', *, *, #4373, .F. ) ;
#3470 = PLANE ( 'NONE',  #9877 ) ;
#3471 = CARTESIAN_POINT ( 'NONE',  ( 31.00000000000000000, -1.200000000000000030E-05, 3.000000000000000000 ) ) ;
#3472 = CARTESIAN_POINT ( 'NONE',  ( 0.000000000000000000, 0.000000000000000000, 0.000000000000000000 ) ) ;
#3473 = CARTESIAN_POINT ( 'NONE',  ( -15.59999999999999964, 72.50000000000000000, -1.200000000000000030E-05 ) ) ;
#3474 = CARTESIAN_POINT ( 'NONE',  ( -10.72380529476374100, 9.000000000000252243, 10.20000000000124984 ) ) ;
#3475 = AXIS2_PLACEMENT_3D ( 'NONE', #2765, #6950, #6123 ) ;
#3476 = APPROVAL_ROLE ( '' ) ;
#3477 = AXIS2_PLACEMENT_3D ( 'NONE', #472, #255, #6189 ) ;
#3478 = SECURITY_CLASSIFICATION_LEVEL ( 'unclassified' ) ;
#3479 = EDGE_CURVE ( 'NONE', #6104, #2535, #1132, .T. ) ;
#3480 = EDGE_CURVE ( 'NONE', #5751, #7844, #1029, .T. ) ;
#3481 = DIRECTION ( 'NONE',  ( -0.000000000000000000, 1.000000000000000000, 0.000000000000000000 ) ) ;
#3482 = EDGE_CURVE ( 'NONE', #6830, #1712, #7751, .T. ) ;
#3483 = EDGE_LOOP ( 'NONE', ( #8089, #4719 ) ) ;
#3484 = DIRECTION ( 'NONE',  ( 0.000000000000000000, 0.000000000000000000, 1.000000000000000000 ) ) ;
#3485 = VECTOR ( 'NONE', #3005, 1000.000000000000000 ) ;
#3486 = ORIENTED_EDGE ( 'NONE', *, *, #297, .T. ) ;
#3487 = FACE_BOUND ( 'NONE', #733, .T. ) ;
#3488 = CARTESIAN_POINT ( 'NONE',  ( 32.36119079527189513, 0.000000000000000000, 1.957126042969841162 ) ) ;
#3489 = CARTESIAN_POINT ( 'NONE',  ( -20.00000000000000000, -34.00000000000000000, -1.200000000000000030E-05 ) ) ;
#3490 = AXIS2_PLACEMENT_3D ( 'NONE', #1891, #8619, #1065 ) ;
#3491 = CARTESIAN_POINT ( 'NONE',  ( 123.3435244795093411, 253.2154729155746793, -25.00000000000000000 ) ) ;
#3492 = CARTESIAN_POINT ( 'NONE',  ( 0.000000000000000000, 0.000000000000000000, 0.000000000000000000 ) ) ;
#3493 = PERSON_AND_ORGANIZATION ( #6743, #3319 ) ;
#3494 = ORIENTED_EDGE ( 'NONE', *, *, #10750, .T. ) ;
#3495 = AXIS2_PLACEMENT_3D ( 'NONE', #6929, #1770, #1104 ) ;
#3496 = VECTOR ( 'NONE', #6871, 1000.000000000000000 ) ;
#3497 = EDGE_CURVE ( 'NONE', #317, #3552, #4547, .T. ) ;
#3498 = VERTEX_POINT ( 'NONE', #2783 ) ;
#3499 = DIRECTION ( 'NONE',  ( 1.000000000000000000, -0.000000000000000000, 0.000000000000000000 ) ) ;
#3500 = VERTEX_POINT ( 'NONE', #470 ) ;
#3501 = CARTESIAN_POINT ( 'NONE',  ( 134.6388092047245095, -1.042873957029619714, 0.000000000000000000 ) ) ;
#3502 = CARTESIAN_POINT ( 'NONE',  ( -18.63871090099695493, -0.000000000000000000, 13.04297226076415939 ) ) ;
#3503 = DIRECTION ( 'NONE',  ( -0.000000000000000000, -0.000000000000000000, 1.000000000000000000 ) ) ;
#3504 = ORIENTED_EDGE ( 'NONE', *, *, #10144, .F. ) ;
#3505 = DIRECTION ( 'NONE',  ( -0.000000000000000000, -0.000000000000000000, 1.000000000000000000 ) ) ;
#3506 = AXIS2_PLACEMENT_3D ( 'NONE', #9860, #6526, #5590 ) ;
#3507 = DIRECTION ( 'NONE',  ( 1.000000000000000000, 0.000000000000000000, 0.000000000000000000 ) ) ;
#3508 = CC_DESIGN_DATE_AND_TIME_ASSIGNMENT ( #9981, #8146, ( #9077 ) ) ;
#3509 = PRODUCT_DEFINITION ( 'ๆ', '', #6794, #9470 ) ;
#3510 = DESIGN_CONTEXT ( 'detailed design', #1614, 'design' ) ;
#3511 = DIRECTION ( 'NONE',  ( 0.000000000000000000, -0.000000000000000000, 1.000000000000000000 ) ) ;
#3512 = CARTESIAN_POINT ( 'NONE',  ( 27.69999999999999929, -57.00000000000000000, 5.000000000000000000 ) ) ;
#3513 = CIRCLE ( 'NONE', #4217, 1.700000000000000178 ) ;
#3514 = CARTESIAN_POINT ( 'NONE',  ( -11.04168123444022420, 8.610387747206914355, 8.332736012061415565 ) ) ;
#3515 = ORIENTED_EDGE ( 'NONE', *, *, #6495, .T. ) ;
#3516 = CARTESIAN_POINT ( 'NONE',  ( 0.5999999999999997558, 2.529822128134703085, 12.00000000000000000 ) ) ;
#3517 = CARTESIAN_POINT ( 'NONE',  ( 0.3444314227433183939, -2.600069548653550555, -0.000000000000000000 ) ) ;
#3518 = EDGE_CURVE ( 'NONE', #8976, #9181, #6965, .T. ) ;
#3519 = APPROVAL_ROLE ( '' ) ;
#3520 = CARTESIAN_POINT ( 'NONE',  ( 125.7000000000000028, 0.2252519565404662583, 0.000000000000000000 ) ) ;
#3521 = B_SPLINE_CURVE_WITH_KNOTS ( 'NONE', 3,
 ( #5602, #2305, #8983, #7468, #1433, #602, #3231, #8199, #5817, #10694, #3285, #6584, #9979, #2409, #10043, #3941, #5760, #9145 ),
 .UNSPECIFIED., .F., .F.,
 ( 4, 2, 2, 2, 2, 2, 2, 2, 4 ),
 ( 0.000000000000000000, 0.06250000000000000000, 0.1250000000000000000, 0.1875000000000000000, 0.2500000000000000000, 0.3125000000000000000, 0.3750000000000000000, 0.4375000000000000000, 0.5000000000000000000 ),
 .UNSPECIFIED. ) ;
#3522 = SECURITY_CLASSIFICATION_LEVEL ( 'unclassified' ) ;
#3523 = CARTESIAN_POINT ( 'NONE',  ( 5.799999999999999822, 7.102951435054647665E-16, 2.000000000000000000 ) ) ;
#3524 = ORIENTED_EDGE ( 'NONE', *, *, #7778, .F. ) ;
#3525 = ORIENTED_EDGE ( 'NONE', *, *, #3673, .F. ) ;
#3526 = ORIENTED_EDGE ( 'NONE', *, *, #8137, .F. ) ;
#3527 = LINE ( 'NONE', #178, #7752 ) ;
#3528 = LINE ( 'NONE', #2862, #519 ) ;
#3529 = CARTESIAN_POINT ( 'NONE',  ( 1.850048096021194244, 1.832503310753067938, 0.000000000000000000 ) ) ;
#3530 = CARTESIAN_POINT ( 'NONE',  ( 32.70000000000000284, 31.00000000000000000, -6.000000000000000152E-06 ) ) ;
#3531 = EDGE_CURVE ( 'NONE', #238, #7717, #5522, .T. ) ;
#3532 = VECTOR ( 'NONE', #10068, 1000.000000000000000 ) ;
#3533 = PERSON_AND_ORGANIZATION ( #6743, #3319 ) ;
#3534 = ITEM_DEFINED_TRANSFORMATION ( 'NONE', 'NONE', #8616,  #7172 ) ;
#3535 = EDGE_LOOP ( 'NONE', ( #10740, #9086, #6467, #8638 ) ) ;
#3536 = DIRECTION ( 'NONE',  ( -0.000000000000000000, -0.000000000000000000, -1.000000000000000000 ) ) ;
#3537 = CIRCLE ( 'NONE', #2488, 1.700000000000000178 ) ;
#3538 = VERTEX_POINT ( 'NONE', #3601 ) ;
#3539 = PLANE ( 'NONE',  #1494 ) ;
#3540 = EDGE_LOOP ( 'NONE', ( #1345, #7794, #9908, #7299 ) ) ;
#3541 = ORIENTED_EDGE ( 'NONE', *, *, #7828, .T. ) ;
#3542 = DIRECTION ( 'NONE',  ( 0.000000000000000000, 0.000000000000000000, 1.000000000000000000 ) ) ;
#3543 = FACE_OUTER_BOUND ( 'NONE', #878, .T. ) ;
#3544 = FACE_OUTER_BOUND ( 'NONE', #8992, .T. ) ;
#3545 = EDGE_CURVE ( 'NONE', #3211, #8682, #6140, .T. ) ;
#3546 = EDGE_CURVE ( 'NONE', #7820, #9445, #1970, .T. ) ;
#3547 = CARTESIAN_POINT ( 'NONE',  ( 135.5574152617489290, 1.656666900993485569, 0.000000000000000000 ) ) ;
#3548 = COORDINATED_UNIVERSAL_TIME_OFFSET ( 5, 0, .BEHIND. ) ;
#3549 = ORIENTED_EDGE ( 'NONE', *, *, #9130, .T. ) ;
#3550 = ORIENTED_EDGE ( 'NONE', *, *, #673, .F. ) ;
#3551 = CARTESIAN_POINT ( 'NONE',  ( -0.5999999999999999778, 0.000000000000000000, 0.000000000000000000 ) ) ;
#3552 = VERTEX_POINT ( 'NONE', #1250 ) ;
#3553 = CARTESIAN_POINT ( 'NONE',  ( -0.5999999999999999778, 13.98713694792469120, 0.000000000000000000 ) ) ;
#3554 = CARTESIAN_POINT ( 'NONE',  ( -12.51547649045471466, 70.85853893179005070, -0.000000000000000000 ) ) ;
#3555 = CARTESIAN_POINT ( 'NONE',  ( 32.70000000000000284, 49.00000000000000000, -1.200000000000000030E-05 ) ) ;
#3556 = CARTESIAN_POINT ( 'NONE',  ( 11.94632831415376373, 7.299673962712883046, 8.619969120032207499 ) ) ;
#3557 = EDGE_CURVE ( 'NONE', #4157, #8382, #7185, .T. ) ;
#3558 = FACE_OUTER_BOUND ( 'NONE', #891, .T. ) ;
#3559 = ITEM_DEFINED_TRANSFORMATION ( 'NONE', 'NONE', #857,  #7172 ) ;
#3560 = PLANE ( 'NONE',  #9681 ) ;
#3561 = CARTESIAN_POINT ( 'NONE',  ( 125.7000000000000028, 0.000000000000000000, -1.200000000000000030E-05 ) ) ;
#3562 = DIRECTION ( 'NONE',  ( 0.000000000000000000, 0.000000000000000000, 1.000000000000000000 ) ) ;
#3563 = CARTESIAN_POINT ( 'NONE',  ( -11.33007903152183360, 8.227199449369724249, 8.472143258695723489 ) ) ;
#3564 = ORIENTED_EDGE ( 'NONE', *, *, #3146, .F. ) ;
#3565 = DIRECTION ( 'NONE',  ( 1.000000000000000000, 0.000000000000000000, 0.000000000000000000 ) ) ;
#3566 = CARTESIAN_POINT ( 'NONE',  ( 2.600000000000000089, 0.000000000000000000, -6.000000000000000152E-06 ) ) ;
#3567 = CC_DESIGN_PERSON_AND_ORGANIZATION_ASSIGNMENT ( #9454, #1798, ( #10493 ) ) ;
#3568 = B_SPLINE_CURVE_WITH_KNOTS ( 'NONE', 3,
 ( #6921, #7587, #44, #7759, #5105, #9313, #9420, #10311, #161, #97, #1870, #6872, #2681, #6035, #925, #5207, #2736, #1145 ),
 .UNSPECIFIED., .F., .F.,
 ( 4, 2, 2, 2, 2, 2, 2, 2, 4 ),
 ( 0.5000000000000000000, 0.5625000000000000000, 0.6250000000000000000, 0.6875000000000000000, 0.7500000000000000000, 0.8125000000000000000, 0.8750000000000000000, 0.9375000000000000000, 1.000000000000000000 ),
 .UNSPECIFIED. ) ;
#3569 = SHAPE_DEFINITION_REPRESENTATION ( #4060, #956 ) ;
#3570 = CARTESIAN_POINT ( 'NONE',  ( 0.000000000000000000, 0.000000000000000000, 149.0000000000000000 ) ) ;
#3571 = CARTESIAN_POINT ( 'NONE',  ( 0.000000000000000000, 0.000000000000000000, 6.000000000000000000 ) ) ;
#3572 = ORIENTED_EDGE ( 'NONE', *, *, #2661, .F. ) ;
#3573 = ORIENTED_EDGE ( 'NONE', *, *, #6284, .T. ) ;
#3574 = LINE ( 'NONE', #6938, #10585 ) ;
#3575 = CARTESIAN_POINT ( 'NONE',  ( 3.000000000000000000, 3.000000000000000000, 83.00000000000000000 ) ) ;
#3576 = AXIS2_PLACEMENT_3D ( 'NONE', #9574, #1189, #2013 ) ;
#3577 = CARTESIAN_POINT ( 'NONE',  ( 32.48432534211531930, 30.14134607986934711, 0.000000000000000000 ) ) ;
#3578 = EDGE_CURVE ( 'NONE', #4600, #10431, #10574, .T. ) ;
#3579 = PERSON_AND_ORGANIZATION_ROLE ( 'creator' ) ;
#3580 = COORDINATED_UNIVERSAL_TIME_OFFSET ( 5, 0, .BEHIND. ) ;
#3581 = AXIS2_PLACEMENT_3D ( 'NONE', #4601, #411, #7795 ) ;
#3582 = CARTESIAN_POINT ( 'NONE',  ( -12.00000000000000000, -7.000000000000000000, 3.299999999999999822 ) ) ;
#3583 = EDGE_CURVE ( 'NONE', #10808, #91, #7965, .T. ) ;
#3584 = VERTEX_POINT ( 'NONE', #3004 ) ;
#3585 = FACE_OUTER_BOUND ( 'NONE', #10123, .T. ) ;
#3586 = ORIENTED_EDGE ( 'NONE', *, *, #2615, .T. ) ;
#3587 = CARTESIAN_POINT ( 'NONE',  ( -15.59999999999999964, 77.50000000000000000, 6.000000000000000000 ) ) ;
#3588 = CARTESIAN_POINT ( 'NONE',  ( -9.442637939846992623, 47.34320465898992580, -0.000000000000000000 ) ) ;
#3589 = CARTESIAN_POINT ( 'NONE',  ( -2.130340194382252417, 1.498434379583922782, -0.000000000000000000 ) ) ;
#3590 = DATE_AND_TIME ( #7788, #3263 ) ;
#3591 = VECTOR ( 'NONE', #1307, 1000.000000000000000 ) ;
#3592 = CARTESIAN_POINT ( 'NONE',  ( 0.000000000000000000, 0.000000000000000000, -1.200000000000000030E-05 ) ) ;
#3593 = CALENDAR_DATE ( 2026, 18, 9 ) ;
#3594 = EDGE_CURVE ( 'NONE', #7489, #8003, #9739, .T. ) ;
#3595 = ORIENTED_EDGE ( 'NONE', *, *, #4078, .T. ) ;
#3596 = DIRECTION ( 'NONE',  ( -0.000000000000000000, -1.000000000000000000, -0.000000000000000000 ) ) ;
#3597 = SECURITY_CLASSIFICATION ( '', '', #2482 ) ;
#3598 = ORIENTED_EDGE ( 'NONE', *, *, #8875, .F. ) ;
#3599 = CARTESIAN_POINT ( 'NONE',  ( 135.1415142698088800, -1.484395069527666422, 0.000000000000000000 ) ) ;
#3600 = CARTESIAN_POINT ( 'NONE',  ( 35.60000000000000142, 77.50000000000000000, 6.000000000000000000 ) ) ;
#3601 = CARTESIAN_POINT ( 'NONE',  ( -15.59999999999999964, 62.50000000000000000, 0.000000000000000000 ) ) ;
#3602 = CARTESIAN_POINT ( 'NONE',  ( -14.00000000000000000, 9.000000000000000000, 8.500000000000000000 ) ) ;
#3603 = CC_DESIGN_APPROVAL ( #6796, ( #4139 ) ) ;
#3604 = VECTOR ( 'NONE', #5282, 1000.000000000000000 ) ;
#3605 = CARTESIAN_POINT ( 'NONE',  ( -12.30000000000000071, 2.081899558550500526E-16, 0.000000000000000000 ) ) ;
#3606 = EDGE_CURVE ( 'NONE', #8452, #5482, #10463, .T. ) ;
#3607 = EDGE_CURVE ( 'NONE', #2627, #1540, #4494, .T. ) ;
#3608 = CARTESIAN_POINT ( 'NONE',  ( -14.00000000000000000, 0.000000000000000000, 2.000000000000000000 ) ) ;
#3609 = DIRECTION ( 'NONE',  ( 0.000000000000000000, 0.000000000000000000, -1.000000000000000000 ) ) ;
#3610 = CARTESIAN_POINT ( 'NONE',  ( -11.87802137661227775, 7.410552828704601858, 10.61497946977859463 ) ) ;
#3611 = LOCAL_TIME ( 6, 20, 33.00000000000000000, #7333 ) ;
#3612 = ORIENTED_EDGE ( 'NONE', *, *, #8528, .F. ) ;
#3613 = FACE_BOUND ( 'NONE', #2058, .T. ) ;
#3614 = CARTESIAN_POINT ( 'NONE',  ( -9.047801468925145585, 10.68361031932444760, 8.769664941663275926 ) ) ;
#3615 = CALENDAR_DATE ( 2026, 18, 9 ) ;
#3616 = CARTESIAN_POINT ( 'NONE',  ( 122.3432046589899187, 0.4426379398539286858, -0.000000000000000000 ) ) ;
#3617 = ITEM_DEFINED_TRANSFORMATION ( 'NONE', 'NONE', #3312,  #7172 ) ;
#3618 = LOCAL_TIME ( 6, 20, 33.00000000000000000, #5339 ) ;
#3619 = DIRECTION ( 'NONE',  ( -0.000000000000000000, -0.000000000000000000, -1.000000000000000000 ) ) ;
#3620 = CC_DESIGN_DATE_AND_TIME_ASSIGNMENT ( #2920, #1276, ( #9424 ) ) ;
#3621 = VERTEX_POINT ( 'NONE', #1295 ) ;
#3622 = EDGE_LOOP ( 'NONE', ( #10233, #7572, #1259, #1320 ) ) ;
#3623 = DIRECTION ( 'NONE',  ( -0.000000000000000000, -0.000000000000000000, 1.000000000000000000 ) ) ;
#3624 = CARTESIAN_POINT ( 'NONE',  ( -19.00000000000000000, 9.000000000000000000, 11.70000000000000107 ) ) ;
#3625 = CARTESIAN_POINT ( 'NONE',  ( 183.0000000000000000, 146.0000000000000000, 3.000000000000002665 ) ) ;
#3626 = APPROVAL_PERSON_ORGANIZATION ( #9753, #10457, #6364 ) ;
#3627 = FACE_OUTER_BOUND ( 'NONE', #4445, .T. ) ;
#3628 = PERSON_AND_ORGANIZATION_ROLE ( 'creator' ) ;
#3629 = APPLICATION_CONTEXT ( 'configuration controlled 3d designs of mechanical parts and assemblies' ) ;
#3630 = APPROVAL ( #2331, 'ๆช' ) ;
#3631 = LINE ( 'NONE', #4429, #1064 ) ;
#3632 = LOCAL_TIME ( 6, 20, 33.00000000000000000, #7728 ) ;
#3633 = EDGE_CURVE ( 'NONE', #1156, #6321, #4654, .T. ) ;
#3634 = ORIENTED_EDGE ( 'NONE', *, *, #10441, .F. ) ;
#3635 = DIRECTION ( 'NONE',  ( -0.000000000000000000, 0.000000000000000000, 1.000000000000000000 ) ) ;
#3636 = EDGE_LOOP ( 'NONE', ( #7018, #1461, #7689, #6848 ) ) ;
#3637 = DIRECTION ( 'NONE',  ( 0.000000000000000000, 1.000000000000000000, 0.000000000000000000 ) ) ;
#3638 = CARTESIAN_POINT ( 'NONE',  ( -7.515674657884689580, 48.14134607987174519, 0.000000000000000000 ) ) ;
#3639 = LINE ( 'NONE', #6176, #5257 ) ;
#3640 = AXIS2_PLACEMENT_3D ( 'NONE', #3471, #15, #4304 ) ;
#3641 = AXIS2_PLACEMENT_3D ( 'NONE', #10253, #8527, #1037 ) ;
#3642 = PERSON_AND_ORGANIZATION_ROLE ( 'design_supplier' ) ;
#3643 = APPROVAL_STATUS ( 'not_yet_approved' ) ;
#3644 = FACE_BOUND ( 'NONE', #10854, .T. ) ;
#3645 = CIRCLE ( 'NONE', #3822, 30.00000000000000000 ) ;
#3646 = ADVANCED_FACE ( 'NONE', ( #3710 ), #6188, .F. ) ;
#3647 = APPROVAL_STATUS ( 'not_yet_approved' ) ;
#3648 = CIRCLE ( 'NONE', #8948, 14.00000000000000000 ) ;
#3649 = VERTEX_POINT ( 'NONE', #5365 ) ;
#3650 = LINE ( 'NONE', #10406, #1838 ) ;
#3651 = ORIENTED_EDGE ( 'NONE', *, *, #5630, .T. ) ;
#3652 = VECTOR ( 'NONE', #687, 1000.000000000000000 ) ;
#3653 = ORIENTED_EDGE ( 'NONE', *, *, #7507, .F. ) ;
#3654 = CARTESIAN_POINT ( 'NONE',  ( 136.4425847382504742, -1.656666900993888580, 0.000000000000000000 ) ) ;
#3655 = CARTESIAN_POINT ( 'NONE',  ( 0.000000000000000000, 25.00000000000000000, 0.000000000000000000 ) ) ;
#3656 = DIRECTION ( 'NONE',  ( 1.000000000000000000, 0.000000000000000000, 0.000000000000000000 ) ) ;
#3657 = VECTOR ( 'NONE', #5769, 1000.000000000000000 ) ;
#3658 = VECTOR ( 'NONE', #5995, 1000.000000000000000 ) ;
#3659 = AXIS2_PLACEMENT_3D ( 'NONE', #2453, #9187, #5584 ) ;
#3660 = AXIS2_PLACEMENT_3D ( 'NONE', #5570, #461, #4758 ) ;
#3661 = FACE_BOUND ( 'NONE', #8195, .T. ) ;
#3662 = EDGE_CURVE ( 'NONE', #3371, #8148, #10643, .T. ) ;
#3663 = VECTOR ( 'NONE', #8550, 1000.000000000000000 ) ;
#3664 = CARTESIAN_POINT ( 'NONE',  ( -10.36119079527047226, 29.95712604296879533, 0.000000000000000000 ) ) ;
#3665 = CC_DESIGN_SECURITY_CLASSIFICATION ( #7538, ( #10914 ) ) ;
#3666 = CYLINDRICAL_SURFACE ( 'NONE', #163, 1.699999999999998401 ) ;
#3667 = FACE_OUTER_BOUND ( 'NONE', #7055, .T. ) ;
#3668 = CARTESIAN_POINT ( 'NONE',  ( 21.69999999999999574, -34.22561580490662436, -0.000000000000000000 ) ) ;
#3669 = EDGE_LOOP ( 'NONE', ( #4130, #5657 ) ) ;
#3670 = CARTESIAN_POINT ( 'NONE',  ( -15.59999999999999964, 0.000000000000000000, -0.000000000000000000 ) ) ;
#3671 = CARTESIAN_POINT ( 'NONE',  ( -10.37396001519468314, 9.404709442637161132, 10.16344665213695109 ) ) ;
#3672 = ADVANCED_FACE ( 'NONE', ( #7284 ), #3982, .F. ) ;
#3673 = EDGE_CURVE ( 'NONE', #5099, #8054, #587, .T. ) ;
#3674 = DATE_AND_TIME ( #6199, #7861 ) ;
#3675 = LINE ( 'NONE', #8031, #8959 ) ;
#3676 = ADVANCED_FACE ( 'NONE', ( #10839 ), #9911, .F. ) ;
#3677 = APPROVAL_STATUS ( 'not_yet_approved' ) ;
#3678 = VECTOR ( 'NONE', #6963, 1000.000000000000000 ) ;
#3679 = DIRECTION ( 'NONE',  ( 0.000000000000000000, 0.000000000000000000, 1.000000000000000000 ) ) ;
#3680 = VERTEX_POINT ( 'NONE', #3268 ) ;
#3681 = EDGE_LOOP ( 'NONE', ( #9710, #4245 ) ) ;
#3682 = ORIENTED_EDGE ( 'NONE', *, *, #9146, .F. ) ;
#3683 = CARTESIAN_POINT ( 'NONE',  ( 21.69999999999999929, -6.000000000000000000, -6.000000000000000152E-06 ) ) ;
#3684 = CARTESIAN_POINT ( 'NONE',  ( 20.00000000000000000, 0.000000000000000000, 0.000000000000000000 ) ) ;
#3685 = AXIS2_PLACEMENT_3D ( 'NONE', #3150, #6501, #10003 ) ;
#3686 = FACE_BOUND ( 'NONE', #1503, .T. ) ;
#3687 = APPROVAL_DATE_TIME ( #8833, #8432 ) ;
#3688 = APPROVAL_ROLE ( '' ) ;
#3689 = DIRECTION ( 'NONE',  ( -0.000000000000000000, -0.000000000000000000, -1.000000000000000000 ) ) ;
#3690 = VECTOR ( 'NONE', #5872, 1000.000000000000000 ) ;
#3691 = ORIENTED_EDGE ( 'NONE', *, *, #86, .T. ) ;
#3692 = DIRECTION ( 'NONE',  ( -0.000000000000000000, -0.000000000000000000, -1.000000000000000000 ) ) ;
#3693 = ORIENTED_EDGE ( 'NONE', *, *, #5894, .T. ) ;
#3694 = LINE ( 'NONE', #9559, #187 ) ;
#3695 = DIRECTION ( 'NONE',  ( 1.000000000000000000, 0.000000000000000000, 0.000000000000000000 ) ) ;
#3696 = FACE_OUTER_BOUND ( 'NONE', #4173, .T. ) ;
#3697 = CARTESIAN_POINT ( 'NONE',  ( 20.00000000000000000, 20.00000000000000000, 58.00000000000000000 ) ) ;
#3698 = PERSON_AND_ORGANIZATION_ROLE ( 'creator' ) ;
#3699 = DATE_TIME_ROLE ( 'creation_date' ) ;
#3700 = ORGANIZATION ( 'NAUO-ORG24', 'UNSPECIFIED', 'UNSPECIFIED' ) ;
#3701 = CARTESIAN_POINT ( 'NONE',  ( 0.000000000000000000, 0.000000000000000000, 5.000000000000000000 ) ) ;
#3702 = CC_DESIGN_PERSON_AND_ORGANIZATION_ASSIGNMENT ( #2581, #1769, ( #2747 ) ) ;
#3703 = MECHANICAL_CONTEXT ( 'NONE', #1966, 'mechanical' ) ;
#3704 = ORIENTED_EDGE ( 'NONE', *, *, #8729, .T. ) ;
#3705 = EDGE_LOOP ( 'NONE', ( #8442, #417, #7124, #3398 ) ) ;
#3706 = FACE_OUTER_BOUND ( 'NONE', #7946, .T. ) ;
#3707 = VERTEX_POINT ( 'NONE', #7345 ) ;
#3708 = DIRECTION ( 'NONE',  ( 0.000000000000000000, 0.000000000000000000, 1.000000000000000000 ) ) ;
#3709 = CARTESIAN_POINT ( 'NONE',  ( 35.60000000000000142, 62.50000000000000000, -8.271806125530276749E-22 ) ) ;
#3710 = FACE_OUTER_BOUND ( 'NONE', #830, .T. ) ;
#3711 = PLANE ( 'NONE',  #6120 ) ;
#3712 = EDGE_CURVE ( 'NONE', #6578, #9507, #9793, .T. ) ;
#3713 = EDGE_LOOP ( 'NONE', ( #4205, #9171, #10600, #10394 ) ) ;
#3714 = PERSON ( 'NAUO-PER10', 'UNSPECIFIED', 'UNSPECIFIED', ('UNSPECIFIED'), ('UNSPECIFIED'), ('UNSPECIFIED') ) ;
#3715 = UNCERTAINTY_MEASURE_WITH_UNIT (LENGTH_MEASURE( 1.000000000000000082E-05 ), #1704, 'distance_accuracy_value', 'NONE');
#3716 = DIRECTION ( 'NONE',  ( -0.000000000000000000, -0.000000000000000000, -1.000000000000000000 ) ) ;
#3717 = ORIENTED_EDGE ( 'NONE', *, *, #5489, .T. ) ;
#3718 = CARTESIAN_POINT ( 'NONE',  ( 29.51560493047243128, 31.85848573019363528, 0.000000000000000000 ) ) ;
#3719 = EDGE_CURVE ( 'NONE', #9326, #7948, #748, .T. ) ;
#3720 = DIRECTION ( 'NONE',  ( 0.000000000000000000, -0.000000000000000000, -1.000000000000000000 ) ) ;
#3721 = ORIENTED_EDGE ( 'NONE', *, *, #5500, .F. ) ;
#3722 = CARTESIAN_POINT ( 'NONE',  ( -27.69999999999999929, 57.00000000000000000, -1.200000000000000030E-05 ) ) ;
#3723 = AXIS2_PLACEMENT_3D ( 'NONE', #10202, #8589, #2574 ) ;
#3724 = CARTESIAN_POINT ( 'NONE',  ( -11.81690003789738519, 7.507626993145152916, 7.676942079461834822 ) ) ;
#3725 = APPLICATION_PROTOCOL_DEFINITION ( 'international standard', 'config_control_design', 1994, #10423 ) ;
#3726 = CYLINDRICAL_SURFACE ( 'NONE', #8617, 1.700000000000000178 ) ;
#3727 = APPROVAL_DATE_TIME ( #2086, #6796 ) ;
#3728 = CARTESIAN_POINT ( 'NONE',  ( 0.5999999999999999778, 13.98713694792469120, 4.000000000000000000 ) ) ;
#3729 = ADVANCED_FACE ( 'NONE', ( #644, #7403 ), #10791, .F. ) ;
#3730 = EDGE_CURVE ( 'NONE', #7053, #6422, #2287, .T. ) ;
#3731 = ORIENTED_EDGE ( 'NONE', *, *, #8809, .F. ) ;
#3732 = VERTEX_POINT ( 'NONE', #532 ) ;
#3733 = DIRECTION ( 'NONE',  ( 0.000000000000000000, 0.000000000000000000, 1.000000000000000000 ) ) ;
#3734 =( NAMED_UNIT ( * ) PLANE_ANGLE_UNIT ( ) SI_UNIT ( $, .RADIAN. ) );
#3735 = FACE_OUTER_BOUND ( 'NONE', #10657, .T. ) ;
#3736 = CARTESIAN_POINT ( 'NONE',  ( -1.000000000000000000, 27.50000000000000000, 58.00000000000000000 ) ) ;
#3737 = APPROVAL_ROLE ( '' ) ;
#3738 = APPROVAL_DATE_TIME ( #4580, #8352 ) ;
#3739 = EDGE_LOOP ( 'NONE', ( #167, #4938, #8074, #6740 ) ) ;
#3740 = CARTESIAN_POINT ( 'NONE',  ( 8.660254037844389075, -11.00000000000000000, 6.000000000000000000 ) ) ;
#3741 = EDGE_CURVE ( 'NONE', #7220, #6910, #1467, .T. ) ;
#3742 = EDGE_CURVE ( 'NONE', #7817, #4014, #8966, .T. ) ;
#3743 = ORIENTED_EDGE ( 'NONE', *, *, #1197, .T. ) ;
#3744 = CIRCLE ( 'NONE', #5153, 1.700000000000000178 ) ;
#3745 = CARTESIAN_POINT ( 'NONE',  ( -9.000000000000000000, 49.00000000000000000, -1.200000000000000030E-05 ) ) ;
#3746 = VERTEX_POINT ( 'NONE', #6566 ) ;
#3747 = DIRECTION ( 'NONE',  ( -1.000000000000000000, -0.000000000000000000, 0.000000000000000000 ) ) ;
#3748 = CARTESIAN_POINT ( 'NONE',  ( -7.638710900995580921, 47.95702773923795803, -0.000000000000000000 ) ) ;
#3749 = LINE ( 'NONE', #2876, #6840 ) ;
#3750 = CARTESIAN_POINT ( 'NONE',  ( 30.55736206015338752, 47.34320465898994712, -0.000000000000000000 ) ) ;
#3751 = DIRECTION ( 'NONE',  ( 1.000000000000000000, -0.000000000000000000, -0.000000000000000000 ) ) ;
#3752 = APPLICATION_PROTOCOL_DEFINITION ( 'international standard', 'config_control_design', 1994, #5881 ) ;
#3753 = DIRECTION ( 'NONE',  ( 0.000000000000000000, 0.000000000000000000, 1.000000000000000000 ) ) ;
#3754 = APPROVAL_STATUS ( 'not_yet_approved' ) ;
#3755 = VECTOR ( 'NONE', #744, 1000.000000000000000 ) ;
#3756 = ORIENTED_EDGE ( 'NONE', *, *, #10758, .T. ) ;
#3757 = EDGE_LOOP ( 'NONE', ( #10715, #3408, #7620, #2565 ) ) ;
#3758 = CARTESIAN_POINT ( 'NONE',  ( -21.00000000000000000, 0.000000000000000000, 24.00000000000000000 ) ) ;
#3759 = CC_DESIGN_PERSON_AND_ORGANIZATION_ASSIGNMENT ( #1409, #6287, ( #3116 ) ) ;
#3760 = EDGE_LOOP ( 'NONE', ( #2231, #3358, #10888, #8191 ) ) ;
#3761 = CARTESIAN_POINT ( 'NONE',  ( 12.30000000000000249, 0.000000000000000000, 0.000000000000000000 ) ) ;
#3762 = CARTESIAN_POINT ( 'NONE',  ( -15.36128909900226169, 71.04297226076383254, -0.000000000000000000 ) ) ;
#3763 = DIRECTION ( 'NONE',  ( 1.000000000000000000, 0.000000000000000000, 0.000000000000000000 ) ) ;
#3764 = VECTOR ( 'NONE', #926, 1000.000000000000000 ) ;
#3765 = ORIENTED_EDGE ( 'NONE', *, *, #3399, .F. ) ;
#3766 = DIRECTION ( 'NONE',  ( 0.000000000000000000, 0.000000000000000000, -1.000000000000000000 ) ) ;
#3767 = APPROVAL_PERSON_ORGANIZATION ( #7769, #9043, #53 ) ;
#3768 = DIRECTION ( 'NONE',  ( -0.000000000000000000, -0.000000000000000000, 1.000000000000000000 ) ) ;
#3769 = VERTEX_POINT ( 'NONE', #9070 ) ;
#3770 = CARTESIAN_POINT ( 'NONE',  ( 0.000000000000000000, 0.000000000000000000, 4.000000000000000000 ) ) ;
#3771 = APPROVAL ( #1175, 'ๆช' ) ;
#3772 = CARTESIAN_POINT ( 'NONE',  ( 18.30000000000000071, -34.00000000000000000, -6.000000000000000152E-06 ) ) ;
#3773 = ORIENTED_EDGE ( 'NONE', *, *, #5670, .T. ) ;
#3774 = DIRECTION ( 'NONE',  ( 0.000000000000000000, 0.000000000000000000, 1.000000000000000000 ) ) ;
#3775 = PRODUCT ( 'V2_REF_625ZZ', 'V2_REF_625ZZ', '', ( #4239 ) ) ;
#3776 = LOCAL_TIME ( 6, 20, 33.00000000000000000, #1210 ) ;
#3777 = CARTESIAN_POINT ( 'NONE',  ( 124.2250839948866883, -1.700069511235892339, -0.000000000000000000 ) ) ;
#3778 = COORDINATED_UNIVERSAL_TIME_OFFSET ( 5, 0, .BEHIND. ) ;
#3779 = DIRECTION ( 'NONE',  ( -0.000000000000000000, -0.000000000000000000, -1.000000000000000000 ) ) ;
#3780 = EDGE_CURVE ( 'NONE', #2696, #7253, #9126, .T. ) ;
#3781 = COORDINATED_UNIVERSAL_TIME_OFFSET ( 5, 0, .BEHIND. ) ;
#3782 = CARTESIAN_POINT ( 'NONE',  ( 35.60000000000000142, 77.50000000000000000, -1.200000000000000030E-05 ) ) ;
#3783 = APPROVAL_PERSON_ORGANIZATION ( #6226, #1363, #8793 ) ;
#3784 = EDGE_CURVE ( 'NONE', #7081, #5609, #6624, .T. ) ;
#3785 = ORIENTED_EDGE ( 'NONE', *, *, #1515, .F. ) ;
#3786 = ORIENTED_EDGE ( 'NONE', *, *, #1812, .T. ) ;
#3787 = LINE ( 'NONE', #7147, #2298 ) ;
#3788 =( NAMED_UNIT ( * ) PLANE_ANGLE_UNIT ( ) SI_UNIT ( $, .RADIAN. ) );
#3789 = DIRECTION ( 'NONE',  ( 1.000000000000000000, 0.000000000000000000, 0.000000000000000000 ) ) ;
#3790 = CARTESIAN_POINT ( 'NONE',  ( 31.19999999999999929, 0.000000000000000000, 0.000000000000000000 ) ) ;
#3791 = PERSON_AND_ORGANIZATION ( #6743, #3319 ) ;
#3792 = CC_DESIGN_APPROVAL ( #3840, ( #7135 ) ) ;
#3793 = ADVANCED_FACE ( 'NONE', ( #5801 ), #2393, .F. ) ;
#3794 = APPROVAL_DATE_TIME ( #6378, #3974 ) ;
#3795 = EDGE_CURVE ( 'NONE', #4960, #7041, #6382, .T. ) ;
#3796 = FACE_BOUND ( 'NONE', #8752, .T. ) ;
#3797 = ORIENTED_EDGE ( 'NONE', *, *, #7630, .T. ) ;
#3798 = CC_DESIGN_APPROVAL ( #5459, ( #416 ) ) ;
#3799 = EDGE_LOOP ( 'NONE', ( #2193, #4749, #9026, #7342 ) ) ;
#3800 = AXIS2_PLACEMENT_3D ( 'NONE', #10607, #3906, #4633 ) ;
#3801 = CARTESIAN_POINT ( 'NONE',  ( -12.63871090099948091, 68.95702773923107998, -0.000000000000000000 ) ) ;
#3802 = CYLINDRICAL_SURFACE ( 'NONE', #1014, 1.700000000000000178 ) ;
#3803 = CARTESIAN_POINT ( 'NONE',  ( 0.5999999999999998668, 9.000000000000000000, 6.800000000000000711 ) ) ;
#3804 = DIRECTION ( 'NONE',  ( 1.000000000000000000, 0.000000000000000000, 0.000000000000000000 ) ) ;
#3805 = DIRECTION ( 'NONE',  ( 0.000000000000000000, 0.000000000000000000, -1.000000000000000000 ) ) ;
#3806 = PERSON_AND_ORGANIZATION ( #6743, #3319 ) ;
#3807 = CARTESIAN_POINT ( 'NONE',  ( -21.69999999999999929, -34.00000000000000000, -6.000000000000000152E-06 ) ) ;
#3808 = ADVANCED_FACE ( 'NONE', ( #8182 ), #8240, .F. ) ;
#3809 = SHAPE_DEFINITION_REPRESENTATION ( #8817, #9924 ) ;
#3810 = EDGE_CURVE ( 'NONE', #8907, #10076, #10021, .T. ) ;
#3811 = SECURITY_CLASSIFICATION ( '', '', #3478 ) ;
#3812 = EDGE_CURVE ( 'NONE', #8770, #8826, #2665, .T. ) ;
#3813 = VECTOR ( 'NONE', #7451, 1000.000000000000000 ) ;
#3814 = ORIENTED_EDGE ( 'NONE', *, *, #1876, .T. ) ;
#3815 = LINE ( 'NONE', #10299, #4993 ) ;
#3816 = ORIENTED_EDGE ( 'NONE', *, *, #8810, .F. ) ;
#3817 = VERTEX_POINT ( 'NONE', #8347 ) ;
#3818 = CARTESIAN_POINT ( 'NONE',  ( 18.30000000000000071, -6.000000000000000000, 5.000000000000000000 ) ) ;
#3819 = CARTESIAN_POINT ( 'NONE',  ( 20.00000000000000000, 0.000000000000000000, 58.00000000000000000 ) ) ;
#3820 = DIRECTION ( 'NONE',  ( -0.000000000000000000, -0.000000000000000000, 1.000000000000000000 ) ) ;
#3821 = SECURITY_CLASSIFICATION ( '', '', #4426 ) ;
#3822 = AXIS2_PLACEMENT_3D ( 'NONE', #1537, #659, #6415 ) ;
#3823 = SHAPE_REPRESENTATION_RELATIONSHIP ( 'NONE' , 'NONE' ,  #9987, #5442 ) ;
#3824 = CARTESIAN_POINT ( 'NONE',  ( -8.557362060151589844, -0.000000000000000000, 19.34320465898919750 ) ) ;
#3825 = VECTOR ( 'NONE', #5712, 1000.000000000000000 ) ;
#3826 = AXIS2_PLACEMENT_3D ( 'NONE', #6751, #4279, #2571 ) ;
#3827 = ORIENTED_EDGE ( 'NONE', *, *, #5294, .F. ) ;
#3828 = AXIS2_PLACEMENT_3D ( 'NONE', #6328, #337, #1989 ) ;
#3829 = PLANE ( 'NONE',  #2629 ) ;
#3830 = EDGE_LOOP ( 'NONE', ( #2144, #2725 ) ) ;
#3831 = LINE ( 'NONE', #10469, #1128 ) ;
#3832 = CARTESIAN_POINT ( 'NONE',  ( 10.01747428353794689, 9.780869486404817792, 6.986530660924680447 ) ) ;
#3833 = AXIS2_PLACEMENT_3D ( 'NONE', #588, #3983, #6402 ) ;
#3834 = AXIS2_PLACEMENT_3D ( 'NONE', #8404, #3380, #4979 ) ;
#3835 = EDGE_LOOP ( 'NONE', ( #3162, #9762, #2780, #6638 ) ) ;
#3836 = LINE ( 'NONE', #8657, #3297 ) ;
#3837 = CARTESIAN_POINT ( 'NONE',  ( -11.90332728759990211, 7.369655839099087835, 8.997107807596941953 ) ) ;
#3838 = COORDINATED_UNIVERSAL_TIME_OFFSET ( 5, 0, .BEHIND. ) ;
#3839 = LINE ( 'NONE', #6254, #1396 ) ;
#3840 = APPROVAL ( #728, 'ๆช' ) ;
#3841 = SECURITY_CLASSIFICATION_LEVEL ( 'unclassified' ) ;
#3842 = CC_DESIGN_APPROVAL ( #359, ( #10384 ) ) ;
#3843 = ORIENTED_EDGE ( 'NONE', *, *, #10013, .T. ) ;
#3844 = AXIS2_PLACEMENT_3D ( 'NONE', #7037, #9647, #487 ) ;
#3845 = EDGE_LOOP ( 'NONE', ( #3383, #3374, #1296, #453 ) ) ;
#3846 = CARTESIAN_POINT ( 'NONE',  ( -21.00000000000000000, 0.000000000000000000, 24.00000000000000000 ) ) ;
#3847 = AXIS2_PLACEMENT_3D ( 'NONE', #6386, #9777, #2212 ) ;
#3848 = VERTEX_POINT ( 'NONE', #133 ) ;
#3849 = EDGE_CURVE ( 'NONE', #2940, #3074, #9227, .T. ) ;
#3850 = APPLICATION_CONTEXT ( 'configuration controlled 3d designs of mechanical parts and assemblies' ) ;
#3851 = ORIENTED_EDGE ( 'NONE', *, *, #3264, .T. ) ;
#3852 = LINE ( 'NONE', #6264, #11 ) ;
#3853 = DIRECTION ( 'NONE',  ( 0.000000000000000000, 0.000000000000000000, 1.000000000000000000 ) ) ;
#3854 = CARTESIAN_POINT ( 'NONE',  ( 0.000000000000000000, 70.00000000000000000, -1.200000000000000030E-05 ) ) ;
#3855 = COORDINATED_UNIVERSAL_TIME_OFFSET ( 5, 0, .BEHIND. ) ;
#3856 = AXIS2_PLACEMENT_3D ( 'NONE', #2232, #8190, #8083 ) ;
#3857 = SECURITY_CLASSIFICATION_LEVEL ( 'unclassified' ) ;
#3858 = CARTESIAN_POINT ( 'NONE',  ( -11.59999999999999964, 67.50000000000000000, -1.200000000000000030E-05 ) ) ;
#3859 = ORIENTED_EDGE ( 'NONE', *, *, #1478, .T. ) ;
#3860 = AXIS2_PLACEMENT_3D ( 'NONE', #6945, #752, #1117 ) ;
#3861 = EDGE_CURVE ( 'NONE', #725, #5495, #2611, .T. ) ;
#3862 = ORIENTED_EDGE ( 'NONE', *, *, #4568, .T. ) ;
#3863 = CARTESIAN_POINT ( 'NONE',  ( -13.77491600510868430, 68.29993048876644934, -0.000000000000000000 ) ) ;
#3864 = CARTESIAN_POINT ( 'NONE',  ( 183.0000000000000000, 3.000000000000000000, 83.00000000000000000 ) ) ;
#3865 = DIRECTION ( 'NONE',  ( -0.000000000000000000, -0.000000000000000000, -1.000000000000000000 ) ) ;
#3866 = CARTESIAN_POINT ( 'NONE',  ( 0.000000000000000000, 67.50000000000000000, 0.000000000000000000 ) ) ;
#3867 = CARTESIAN_POINT ( 'NONE',  ( -15.59999999999999964, 72.50000000000000000, 0.000000000000000000 ) ) ;
#3868 = MECHANICAL_CONTEXT ( 'NONE', #7287, 'mechanical' ) ;
#3869 = CYLINDRICAL_SURFACE ( 'NONE', #5598, 1.700000000000007061 ) ;
#3870 = DATE_AND_TIME ( #7903, #2413 ) ;
#3871 = VECTOR ( 'NONE', #8222, 1000.000000000000000 ) ;
#3872 = PRODUCT_DEFINITION_SHAPE ( 'NONE', 'NONE',  #3509 ) ;
#3873 = ORIENTED_EDGE ( 'NONE', *, *, #609, .F. ) ;
#3874 = DIRECTION ( 'NONE',  ( -1.000000000000000000, 0.000000000000000000, -0.000000000000000000 ) ) ;
#3875 = EDGE_CURVE ( 'NONE', #6319, #9580, #4283, .T. ) ;
#3876 = ORIENTED_EDGE ( 'NONE', *, *, #5431, .F. ) ;
#3877 = CARTESIAN_POINT ( 'NONE',  ( -10.50000000000000000, 59.50000000000000000, -1.200000000000000030E-05 ) ) ;
#3878 = CARTESIAN_POINT ( 'NONE',  ( -18.63880920472979597, -4.957126042968710067, 0.000000000000000000 ) ) ;
#3879 = DIRECTION ( 'NONE',  ( 0.000000000000000000, 1.000000000000000000, 0.000000000000000000 ) ) ;
#3880 = EDGE_CURVE ( 'NONE', #3938, #5118, #6686, .T. ) ;
#3881 = DIRECTION ( 'NONE',  ( 0.000000000000000000, 0.000000000000000000, 1.000000000000000000 ) ) ;
#3882 = ORIENTED_EDGE ( 'NONE', *, *, #2108, .T. ) ;
#3883 = FACE_OUTER_BOUND ( 'NONE', #4433, .T. ) ;
#3884 = CIRCLE ( 'NONE', #553, 1.700000000000000178 ) ;
#3885 = LINE ( 'NONE', #5750, #7544 ) ;
#3886 = ORIENTED_EDGE ( 'NONE', *, *, #4267, .T. ) ;
#3887 = CARTESIAN_POINT ( 'NONE',  ( 12.51560493047243305, 70.85848573019067942, 0.000000000000000000 ) ) ;
#3888 = DIRECTION ( 'NONE',  ( 1.000000000000000000, -0.000000000000000000, 0.000000000000000000 ) ) ;
#3889 = CARTESIAN_POINT ( 'NONE',  ( 9.028379520031954542, 10.69992351637305461, 8.635056883210507905 ) ) ;
#3890 = ADVANCED_FACE ( 'NONE', ( #1678 ), #8400, .T. ) ;
#3891 = ORIENTED_EDGE ( 'NONE', *, *, #7318, .T. ) ;
#3892 = CYLINDRICAL_SURFACE ( 'NONE', #8768, 1.700000000000000178 ) ;
#3893 = CARTESIAN_POINT ( 'NONE',  ( 0.000000000000000000, 0.000000000000000000, 0.000000000000000000 ) ) ;
#3894 = CALENDAR_DATE ( 2026, 18, 9 ) ;
#3895 = DATE_AND_TIME ( #2307, #10673 ) ;
#3896 = VERTEX_POINT ( 'NONE', #7567 ) ;
#3897 = ORIENTED_EDGE ( 'NONE', *, *, #3932, .T. ) ;
#3898 = ORIENTED_EDGE ( 'NONE', *, *, #5445, .F. ) ;
#3899 = DIRECTION ( 'NONE',  ( -1.000000000000000000, -0.000000000000000000, -0.000000000000000000 ) ) ;
#3900 = PRODUCT_RELATED_PRODUCT_CATEGORY ( 'detail', '', ( #2385 ) ) ;
#3901 = ORIENTED_EDGE ( 'NONE', *, *, #7151, .T. ) ;
#3902 = DIRECTION ( 'NONE',  ( -0.000000000000000000, 1.000000000000000000, -0.000000000000000000 ) ) ;
#3903 = DIRECTION ( 'NONE',  ( -1.000000000000000000, 0.000000000000000000, 0.000000000000000000 ) ) ;
#3904 = CARTESIAN_POINT ( 'NONE',  ( 15.65686506842306791, 69.55753025008354484, -0.000000000000000000 ) ) ;
#3905 = DATE_AND_TIME ( #563, #8561 ) ;
#3906 = DIRECTION ( 'NONE',  ( 0.000000000000000000, -1.000000000000000000, 0.000000000000000000 ) ) ;
#3907 = ORIENTED_EDGE ( 'NONE', *, *, #9600, .F. ) ;
#3908 = ADVANCED_FACE ( 'NONE', ( #10079 ), #6789, .T. ) ;
#3909 = ORIENTED_EDGE ( 'NONE', *, *, #8576, .T. ) ;
#3910 = EDGE_LOOP ( 'NONE', ( #4080, #6795 ) ) ;
#3911 = CARTESIAN_POINT ( 'NONE',  ( 0.000000000000000000, 1.300000000000000044, 16.00000000000000000 ) ) ;
#3912 = DIRECTION ( 'NONE',  ( 1.000000000000000000, 0.000000000000000000, 0.000000000000000000 ) ) ;
#3913 = CARTESIAN_POINT ( 'NONE',  ( 0.000000000000000000, 0.000000000000000000, 58.00000000000000000 ) ) ;
#3914 = PLANE ( 'NONE',  #9533 ) ;
#3915 = CARTESIAN_POINT ( 'NONE',  ( 118.3810499613777267, 11.00000000000000000, 6.000000000000000000 ) ) ;
#3916 = APPROVAL_STATUS ( 'not_yet_approved' ) ;
#3917 = CARTESIAN_POINT ( 'NONE',  ( 20.00000000000000000, 0.000000000000000000, 0.000000000000000000 ) ) ;
#3918 = PERSON_AND_ORGANIZATION_ROLE ( 'classification_officer' ) ;
#3919 = ADVANCED_FACE ( 'NONE', ( #1013 ), #4320, .T. ) ;
#3920 = ORIENTED_EDGE ( 'NONE', *, *, #2867, .T. ) ;
#3921 = CARTESIAN_POINT ( 'NONE',  ( -10.50000000000000000, 80.50000000000000000, -1.200000000000000030E-05 ) ) ;
#3922 = ORIENTED_EDGE ( 'NONE', *, *, #10239, .F. ) ;
#3923 = CARTESIAN_POINT ( 'NONE',  ( 0.000000000000000000, 70.00000000000000000, 5.200000000000000178 ) ) ;
#3924 = CARTESIAN_POINT ( 'NONE',  ( -20.85853893178941831, -4.515476490455744063, -0.000000000000000000 ) ) ;
#3925 = DIRECTION ( 'NONE',  ( 1.000000000000000000, 0.000000000000000000, 0.000000000000000000 ) ) ;
#3926 = CARTESIAN_POINT ( 'NONE',  ( 35.00000000000000000, 110.0000000000000000, -26.00000000000000000 ) ) ;
#3927 = VECTOR ( 'NONE', #7238, 1000.000000000000000 ) ;
#3928 = DIRECTION ( 'NONE',  ( 1.000000000000000000, 0.000000000000000000, 0.000000000000000000 ) ) ;
#3929 = ORIENTED_EDGE ( 'NONE', *, *, #3557, .F. ) ;
#3930 = EDGE_CURVE ( 'NONE', #1414, #3649, #4811, .T. ) ;
#3931 = LINE ( 'NONE', #9968, #7372 ) ;
#3932 = EDGE_CURVE ( 'NONE', #2618, #3584, #6033, .T. ) ;
#3933 = VECTOR ( 'NONE', #7623, 1000.000000000000000 ) ;
#3934 = ORIENTED_EDGE ( 'NONE', *, *, #2382, .T. ) ;
#3935 = CARTESIAN_POINT ( 'NONE',  ( -10.04297226076378813, -0.000000000000000000, 4.361289099003047731 ) ) ;
#3936 = DIRECTION ( 'NONE',  ( 0.000000000000000000, -1.000000000000000000, 0.000000000000000000 ) ) ;
#3937 = CARTESIAN_POINT ( 'NONE',  ( 11.45560253456880062, 8.048713274734506484, 8.587104102551560203 ) ) ;
#3938 = VERTEX_POINT ( 'NONE', #853 ) ;
#3939 = DIRECTION ( 'NONE',  ( 1.000000000000000000, -0.000000000000000000, -0.000000000000000000 ) ) ;
#3940 = B_SPLINE_CURVE_WITH_KNOTS ( 'NONE', 3,
 ( #25, #1578, #9017, #9124, #3163, #5799, #9909, #2501, #8398, #2391, #9068, #6564, #4147, #6731, #5847, #10483, #3325, #10837 ),
 .UNSPECIFIED., .F., .F.,
 ( 4, 2, 2, 2, 2, 2, 2, 2, 4 ),
 ( 0.5000000000000000000, 0.5625000000000000000, 0.6250000000000000000, 0.6875000000000000000, 0.7500000000000000000, 0.8125000000000000000, 0.8750000000000000000, 0.9375000000000000000, 1.000000000000000000 ),
 .UNSPECIFIED. ) ;
#3941 = CARTESIAN_POINT ( 'NONE',  ( 29.34320465898919750, 49.44263793984767830, -0.000000000000000000 ) ) ;
#3942 = CALENDAR_DATE ( 2026, 18, 9 ) ;
#3943 = APPROVAL_ROLE ( '' ) ;
#3944 = EDGE_CURVE ( 'NONE', #2568, #4801, #3744, .T. ) ;
#3945 = EDGE_CURVE ( 'NONE', #7503, #8968, #9402, .T. ) ;
#3946 = ORIENTED_EDGE ( 'NONE', *, *, #10344, .F. ) ;
#3947 = ORIENTED_EDGE ( 'NONE', *, *, #6958, .F. ) ;
#3948 = CARTESIAN_POINT ( 'NONE',  ( 12.00000000000000000, 7.000000000000000000, 3.299999999999999822 ) ) ;
#3949 = MANIFOLD_SOLID_BREP ( 'V2_REF_electronics_envelope', #5291 ) ;
#3950 = PLANE ( 'NONE',  #6401 ) ;
#3951 = LOCAL_TIME ( 6, 20, 33.00000000000000000, #6601 ) ;
#3952 = EDGE_LOOP ( 'NONE', ( #6218, #4041, #5524, #5871 ) ) ;
#3953 = CARTESIAN_POINT ( 'NONE',  ( -9.511878329221135075, 10.27300072430434952, 8.867760934432130426 ) ) ;
#3954 = CARTESIAN_POINT ( 'NONE',  ( 0.000000000000000000, 80.50000000000000000, 6.000000000000000000 ) ) ;
#3955 = CARTESIAN_POINT ( 'NONE',  ( 4.299999999999999822, 0.000000000000000000, 20.00000000000000000 ) ) ;
#3956 = CALENDAR_DATE ( 2026, 18, 9 ) ;
#3957 = CALENDAR_DATE ( 2026, 18, 9 ) ;
#3958 = PRODUCT_DEFINITION_SHAPE ( 'NONE', 'NONE',  #10907 ) ;
#3959 = ADVANCED_FACE ( 'NONE', ( #7739 ), #7616, .F. ) ;
#3960 = CC_DESIGN_APPROVAL ( #8093, ( #4843 ) ) ;
#3961 = PLANE ( 'NONE',  #4162 ) ;
#3962 = AXIS2_PLACEMENT_3D ( 'NONE', #6884, #7714, #174 ) ;
#3963 = ORIENTED_EDGE ( 'NONE', *, *, #2617, .F. ) ;
#3964 = VERTEX_POINT ( 'NONE', #194 ) ;
#3965 = DIRECTION ( 'NONE',  ( 0.000000000000000000, 1.000000000000000000, 0.000000000000000000 ) ) ;
#3966 = CARTESIAN_POINT ( 'NONE',  ( 31.00000000000000000, -1.200000000000000030E-05, 4.700000000000000178 ) ) ;
#3967 = CYLINDRICAL_SURFACE ( 'NONE', #2264, 1.700000000000000178 ) ;
#3968 = APPROVAL_PERSON_ORGANIZATION ( #5792, #5594, #1624 ) ;
#3969 = CARTESIAN_POINT ( 'NONE',  ( -9.000000000000000000, 31.00000000000000000, 5.000000000000000000 ) ) ;
#3970 = DIRECTION ( 'NONE',  ( -0.000000000000000000, -0.000000000000000000, 1.000000000000000000 ) ) ;
#3971 = APPROVAL_ROLE ( '' ) ;
#3972 = FACE_OUTER_BOUND ( 'NONE', #5166, .T. ) ;
#3973 = PERSON_AND_ORGANIZATION ( #6743, #3319 ) ;
#3974 = APPROVAL ( #6167, 'UNKNOWN' ) ;
#3975 = PRODUCT_DEFINITION ( 'ๆ', '', #981, #5371 ) ;
#3976 = SECURITY_CLASSIFICATION ( '', '', #10168 ) ;
#3977 = ORIENTED_EDGE ( 'NONE', *, *, #5500, .T. ) ;
#3978 = FACE_OUTER_BOUND ( 'NONE', #2970, .T. ) ;
#3979 = ORIENTED_EDGE ( 'NONE', *, *, #5068, .F. ) ;
#3980 = CARTESIAN_POINT ( 'NONE',  ( -21.00000000000000000, 0.000000000000000000, 6.000000000000000000 ) ) ;
#3981 = DIRECTION ( 'NONE',  ( 0.000000000000000000, 0.000000000000000000, 1.000000000000000000 ) ) ;
#3982 = CYLINDRICAL_SURFACE ( 'NONE', #9757, 1.700000000000000178 ) ;
#3983 = DIRECTION ( 'NONE',  ( 0.000000000000000000, 0.000000000000000000, 1.000000000000000000 ) ) ;
#3984 = ADVANCED_FACE ( 'NONE', ( #3544 ), #9398, .F. ) ;
#3985 = PRODUCT_DEFINITION_FORMATION_WITH_SPECIFIED_SOURCE ( 'ไป', '', #10493, .NOT_KNOWN. ) ;
#3986 = LINE ( 'NONE', #10741, #9837 ) ;
#3987 = ORIENTED_EDGE ( 'NONE', *, *, #4616, .F. ) ;
#3988 = AXIS2_PLACEMENT_3D ( 'NONE', #10712, #5782, #6496 ) ;
#3989 = CARTESIAN_POINT ( 'NONE',  ( 0.000000000000000000, 0.000000000000000000, 4.000000000000000000 ) ) ;
#3990 = APPLICATION_CONTEXT ( 'configuration controlled 3d designs of mechanical parts and assemblies' ) ;
#3991 = EDGE_LOOP ( 'NONE', ( #4735, #4680, #9803, #2761 ) ) ;
#3992 = CARTESIAN_POINT ( 'NONE',  ( 19.77491600511452674, -4.299930488764021952, -0.000000000000000000 ) ) ;
#3993 = ORGANIZATION ( 'NAUO-ORG2', 'UNSPECIFIED', 'UNSPECIFIED' ) ;
#3994 = ADVANCED_BREP_SHAPE_REPRESENTATION ( '', ( #3949, #7172 ), #2426 ) ;
#3995 = DIRECTION ( 'NONE',  ( 0.000000000000000000, 0.000000000000000000, -1.000000000000000000 ) ) ;
#3996 = CARTESIAN_POINT ( 'NONE',  ( 20.00000000000000000, 8.000000000000000000, 12.00000000000000000 ) ) ;
#3998 = ADVANCED_FACE ( 'NONE', ( #8461 ), #2554, .F. ) ;
#3997 = ORIENTED_EDGE ( 'NONE', *, *, #9617, .T. ) ;
#3999 = DIRECTION ( 'NONE',  ( 0.000000000000000000, 0.000000000000000000, 1.000000000000000000 ) ) ;
#4000 = AXIS2_PLACEMENT_3D ( 'NONE', #1137, #9573, #5364 ) ;
#4001 = DIRECTION ( 'NONE',  ( 1.000000000000000000, 0.000000000000000000, 0.000000000000000000 ) ) ;
#4002 = CALENDAR_DATE ( 2026, 18, 9 ) ;
#4003 = CIRCLE ( 'NONE', #10713, 1.700000000000000178 ) ;
#4004 = PERSON_AND_ORGANIZATION_ROLE ( 'classification_officer' ) ;
#4005 = ORIENTED_EDGE ( 'NONE', *, *, #6557, .F. ) ;
#4006 = ORIENTED_EDGE ( 'NONE', *, *, #2198, .T. ) ;
#4007 = CARTESIAN_POINT ( 'NONE',  ( -21.69999999999999929, -34.00000000000000000, -6.000000000000000152E-06 ) ) ;
#4008 = DIRECTION ( 'NONE',  ( -0.000000000000000000, -0.000000000000000000, -1.000000000000000000 ) ) ;
#4009 = AXIS2_PLACEMENT_3D ( 'NONE', #2839, #369, #8807 ) ;
#4010 = AXIS2_PLACEMENT_3D ( 'NONE', #1600, #9983, #721 ) ;
#4011 = MANIFOLD_SOLID_BREP ( 'Gripper_adapter_M3_14x10_NOT_SG90_DIRECT', #6873 ) ;
#4012 = CARTESIAN_POINT ( 'NONE',  ( 255.8000000000000398, 3.000000000000000000, 149.0000000000000000 ) ) ;
#4013 = VECTOR ( 'NONE', #10829, 1000.000000000000000 ) ;
#4015 = EDGE_CURVE ( 'NONE', #8873, #3817, #6851, .T. ) ;
#4014 = VERTEX_POINT ( 'NONE', #1795 ) ;
#4016 = CARTESIAN_POINT ( 'NONE',  ( -9.028254920067322331, 10.70002864950650334, 9.864488971337449286 ) ) ;
#4017 = EDGE_CURVE ( 'NONE', #8467, #283, #7163, .T. ) ;
#4018 = LINE ( 'NONE', #4075, #9295 ) ;
#4019 = AXIS2_PLACEMENT_3D ( 'NONE', #9001, #1612, #779 ) ;
#4020 = APPLICATION_PROTOCOL_DEFINITION ( 'international standard', 'config_control_design', 1994, #551 ) ;
#4021 = AXIS2_PLACEMENT_3D ( 'NONE', #7275, #523, #6445 ) ;
#4022 = PERSON_AND_ORGANIZATION ( #9795, #6586 ) ;
#4023 = AXIS2_PLACEMENT_3D ( 'NONE', #4976, #908, #3377 ) ;
#4024 = PLANE ( 'NONE',  #9640 ) ;
#4025 = ORIENTED_EDGE ( 'NONE', *, *, #764, .F. ) ;
#4026 = ORIENTED_EDGE ( 'NONE', *, *, #253, .T. ) ;
#4027 = CARTESIAN_POINT ( 'NONE',  ( 21.04297226076214145, -32.63871090099495120, -0.000000000000000000 ) ) ;
#4028 = DIRECTION ( 'NONE',  ( 1.000000000000000000, 0.000000000000000000, 0.000000000000000000 ) ) ;
#4029 = PLANE ( 'NONE',  #1922 ) ;
#4030 = ADVANCED_FACE ( 'NONE', ( #6124 ), #1283, .F. ) ;
#4031 = CARTESIAN_POINT ( 'NONE',  ( -11.59999999999999964, 72.50000000000000000, 6.000000000000000000 ) ) ;
#4032 = AXIS2_PLACEMENT_3D ( 'NONE', #392, #9658, #5451 ) ;
#4033 = CARTESIAN_POINT ( 'NONE',  ( -27.69999999999999929, -57.00000000000000000, -1.200000000000000030E-05 ) ) ;
#4034 = EDGE_LOOP ( 'NONE', ( #556, #767 ) ) ;
#4035 = CALENDAR_DATE ( 2026, 18, 9 ) ;
#4036 = FACE_OUTER_BOUND ( 'NONE', #3845, .T. ) ;
#4037 = PERSON_AND_ORGANIZATION ( #6743, #3319 ) ;
#4038 = VECTOR ( 'NONE', #8238, 1000.000000000000000 ) ;
#4039 = ORIENTED_EDGE ( 'NONE', *, *, #8528, .T. ) ;
#4040 = CARTESIAN_POINT ( 'NONE',  ( 0.5999999999999999778, 13.98713694792469120, 0.000000000000000000 ) ) ;
#4041 = ORIENTED_EDGE ( 'NONE', *, *, #8402, .T. ) ;
#4042 = DIRECTION ( 'NONE',  ( -0.000000000000000000, -0.000000000000000000, -1.000000000000000000 ) ) ;
#4043 = CARTESIAN_POINT ( 'NONE',  ( -21.48439506952756872, -5.141514269807109017, 0.000000000000000000 ) ) ;
#4044 = DIRECTION ( 'NONE',  ( 0.000000000000000000, 0.000000000000000000, -1.000000000000000000 ) ) ;
#4045 = APPROVAL ( #5205, 'UNKNOWN' ) ;
#4046 = CC_DESIGN_PERSON_AND_ORGANIZATION_ASSIGNMENT ( #6778, #8554, ( #5538 ) ) ;
#4047 = DIRECTION ( 'NONE',  ( 1.000000000000000000, 0.000000000000000000, 0.000000000000000000 ) ) ;
#4048 = AXIS2_PLACEMENT_3D ( 'NONE', #2271, #10718, #5836 ) ;
#4049 = CARTESIAN_POINT ( 'NONE',  ( 255.8000000000000398, 0.000000000000000000, 149.0000000000000000 ) ) ;
#4050 = ORIENTED_EDGE ( 'NONE', *, *, #9530, .F. ) ;
#4051 = DIRECTION ( 'NONE',  ( -0.000000000000000000, -0.000000000000000000, -1.000000000000000000 ) ) ;
#4052 = ORIENTED_EDGE ( 'NONE', *, *, #4425, .F. ) ;
#4053 = CARTESIAN_POINT ( 'NONE',  ( 12.95712604296800485, 71.36119079527043141, 0.000000000000000000 ) ) ;
#4054 = EDGE_LOOP ( 'NONE', ( #10730, #4729, #7908, #4941 ) ) ;
#4055 = DIRECTION ( 'NONE',  ( 0.000000000000000000, 0.000000000000000000, 1.000000000000000000 ) ) ;
#4056 = FACE_BOUND ( 'NONE', #3830, .T. ) ;
#4057 = EDGE_CURVE ( 'NONE', #3538, #4126, #3749, .T. ) ;
#4058 = ORIENTED_EDGE ( 'NONE', *, *, #7730, .F. ) ;
#4059 = CARTESIAN_POINT ( 'NONE',  ( 20.85853893178856922, -0.000000000000000000, 13.48452350954491585 ) ) ;
#4060 = PRODUCT_DEFINITION_SHAPE ( 'NONE', 'NONE',  #416 ) ;
#4061 = CARTESIAN_POINT ( 'NONE',  ( 31.00000000000000355, -6.000000000000000152E-06, 19.30000000000000071 ) ) ;
#4062 = APPROVAL_STATUS ( 'not_yet_approved' ) ;
#4063 = LOCAL_TIME ( 6, 20, 33.00000000000000000, #2572 ) ;
#4064 = APPROVAL_DATE_TIME ( #3895, #7955 ) ;
#4065 = ORIENTED_EDGE ( 'NONE', *, *, #8188, .F. ) ;
#4066 = UNCERTAINTY_MEASURE_WITH_UNIT (LENGTH_MEASURE( 1.000000000000000082E-05 ), #6051, 'distance_accuracy_value', 'NONE');
#4067 = EDGE_CURVE ( 'NONE', #5107, #6633, #2825, .T. ) ;
#4068 = AXIS2_PLACEMENT_3D ( 'NONE', #9386, #4307, #5123 ) ;
#4069 = CARTESIAN_POINT ( 'NONE',  ( -18.95702773923785500, -32.63871090099495120, -0.000000000000000000 ) ) ;
#4070 = B_SPLINE_CURVE_WITH_KNOTS ( 'NONE', 3,
 ( #483, #2847, #8312, #4059, #1595, #7362, #4109, #3180, #761, #7249, #5758, #1366, #1431, #9871, #6582, #6532, #4724, #2187 ),
 .UNSPECIFIED., .F., .F.,
 ( 4, 2, 2, 2, 2, 2, 2, 2, 4 ),
 ( 0.000000000000000000, 0.06250000000000000000, 0.1250000000000000000, 0.1875000000000000000, 0.2500000000000000000, 0.3125000000000000000, 0.3750000000000000000, 0.4375000000000000000, 0.5000000000000000000 ),
 .UNSPECIFIED. ) ;
#4071 = DIRECTION ( 'NONE',  ( 0.000000000000000000, -0.000000000000000000, -1.000000000000000000 ) ) ;
#4072 = CARTESIAN_POINT ( 'NONE',  ( 29.51560493047168521, 0.000000000000000000, 20.14151426980890136 ) ) ;
#4073 = EDGE_LOOP ( 'NONE', ( #6020, #8395, #7400, #5912 ) ) ;
#4074 = CARTESIAN_POINT ( 'NONE',  ( -9.843211314629879638, 9.958146480581250515, 11.42020408556253130 ) ) ;
#4075 = CARTESIAN_POINT ( 'NONE',  ( -15.59999999999999964, 0.000000000000000000, 6.000000000000000000 ) ) ;
#4076 = COORDINATED_UNIVERSAL_TIME_OFFSET ( 5, 0, .BEHIND. ) ;
#4077 = DATE_AND_TIME ( #4797, #2017 ) ;
#4078 = EDGE_CURVE ( 'NONE', #2249, #6450, #4640, .T. ) ;
#4079 = CARTESIAN_POINT ( 'NONE',  ( 18.30000000000000071, -6.000000000000000000, -6.000000000000000152E-06 ) ) ;
#4080 = ORIENTED_EDGE ( 'NONE', *, *, #6914, .F. ) ;
#4081 = VERTEX_POINT ( 'NONE', #1958 ) ;
#4082 = ORIENTED_EDGE ( 'NONE', *, *, #3244, .F. ) ;
#4083 = CARTESIAN_POINT ( 'NONE',  ( -21.00000000000000000, 81.00000000000000000, 0.000000000000000000 ) ) ;
#4084 = DIRECTION ( 'NONE',  ( -0.000000000000000000, 1.000000000000000000, -0.000000000000000000 ) ) ;
#4085 = LINE ( 'NONE', #7271, #7897 ) ;
#4086 = LINE ( 'NONE', #9058, #5993 ) ;
#4087 = CARTESIAN_POINT ( 'NONE',  ( 31.60000000000000142, 77.50000000000000000, 6.000000000000000000 ) ) ;
#4088 = CALENDAR_DATE ( 2026, 18, 9 ) ;
#4089 = DATE_TIME_ROLE ( 'creation_date' ) ;
#4090 = EDGE_CURVE ( 'NONE', #2254, #5562, #7835, .T. ) ;
#4091 = EDGE_CURVE ( 'NONE', #2296, #7666, #1077, .T. ) ;
#4092 = ORIENTED_EDGE ( 'NONE', *, *, #2932, .T. ) ;
#4093 = CARTESIAN_POINT ( 'NONE',  ( -15.59999999999999964, 67.50000000000000000, 6.000000000000000000 ) ) ;
#4094 = VERTEX_POINT ( 'NONE', #7999 ) ;
#4095 = FACE_BOUND ( 'NONE', #3149, .T. ) ;
#4096 = CARTESIAN_POINT ( 'NONE',  ( -9.000000000000000000, -6.000000000000000152E-06, 19.30000000000000071 ) ) ;
#4097 = CARTESIAN_POINT ( 'NONE',  ( 0.000000000000000000, 67.50000000000000000, 0.000000000000000000 ) ) ;
#4098 = CARTESIAN_POINT ( 'NONE',  ( 35.00000000000000000, 110.0000000000000000, -16.00000000000000000 ) ) ;
#4099 = CARTESIAN_POINT ( 'NONE',  ( 2.500000000000000000, 3.061616997868383141E-16, 0.000000000000000000 ) ) ;
#4100 = ORIENTED_EDGE ( 'NONE', *, *, #6032, .F. ) ;
#4101 = CC_DESIGN_PERSON_AND_ORGANIZATION_ASSIGNMENT ( #3069, #8264, ( #6803 ) ) ;
#4102 = CARTESIAN_POINT ( 'NONE',  ( -2.600000000000000089, 3.184081677783117698E-16, 12.00000000000000000 ) ) ;
#4103 = ORIENTED_EDGE ( 'NONE', *, *, #1706, .F. ) ;
#4104 = CARTESIAN_POINT ( 'NONE',  ( -10.36128909900315520, -0.000000000000000000, 1.957027739235946306 ) ) ;
#4105 = VERTEX_POINT ( 'NONE', #5302 ) ;
#4106 = LINE ( 'NONE', #8978, #1743 ) ;
#4107 = CARTESIAN_POINT ( 'NONE',  ( 11.90340548161031364, 7.369530314402258142, 9.503034309753191522 ) ) ;
#4108 = ORIENTED_EDGE ( 'NONE', *, *, #4889, .F. ) ;
#4109 = CARTESIAN_POINT ( 'NONE',  ( 21.48439506952681555, 0.000000000000000000, 12.85848573019829111 ) ) ;
#4110 = CARTESIAN_POINT ( 'NONE',  ( 183.0000000000000000, 0.000000000000000000, 3.000000000000000000 ) ) ;
#4111 = APPROVAL_DATE_TIME ( #8314, #475 ) ;
#4112 = COORDINATED_UNIVERSAL_TIME_OFFSET ( 5, 0, .BEHIND. ) ;
#4113 = VECTOR ( 'NONE', #2622, 1000.000000000000000 ) ;
#4114 = APPROVAL ( #1328, 'UNKNOWN' ) ;
#4115 = CC_DESIGN_PERSON_AND_ORGANIZATION_ASSIGNMENT ( #3156, #7394, ( #651 ) ) ;
#4116 = DIRECTION ( 'NONE',  ( -0.000000000000000000, 1.000000000000000000, -0.000000000000000000 ) ) ;
#4117 = LINE ( 'NONE', #4949, #3300 ) ;
#4118 = PLANE ( 'NONE',  #958 ) ;
#4119 = VERTEX_POINT ( 'NONE', #10559 ) ;
#4120 = FACE_BOUND ( 'NONE', #3277, .T. ) ;
#4121 = AXIS2_PLACEMENT_3D ( 'NONE', #9230, #3484, #4972 ) ;
#4122 = DIRECTION ( 'NONE',  ( -0.000000000000000000, -0.000000000000000000, 1.000000000000000000 ) ) ;
#4123 = EDGE_CURVE ( 'NONE', #4864, #72, #8048, .T. ) ;
#4124 = APPLICATION_PROTOCOL_DEFINITION ( 'international standard', 'config_control_design', 1994, #10282 ) ;
#4125 = SECURITY_CLASSIFICATION_LEVEL ( 'unclassified' ) ;
#4126 = VERTEX_POINT ( 'NONE', #8788 ) ;
#4127 = CARTESIAN_POINT ( 'NONE',  ( 35.60000000000000142, 72.50000000000000000, -1.200000000000000030E-05 ) ) ;
#4128 = LOCAL_TIME ( 6, 20, 33.00000000000000000, #618 ) ;
#4129 = VERTEX_POINT ( 'NONE', #3803 ) ;
#4130 = ORIENTED_EDGE ( 'NONE', *, *, #8449, .T. ) ;
#4131 = DIRECTION ( 'NONE',  ( 0.000000000000000000, -0.000000000000000000, 1.000000000000000000 ) ) ;
#4132 = DIRECTION ( 'NONE',  ( 0.000000000000000000, 0.000000000000000000, 1.000000000000000000 ) ) ;
#4133 = CYLINDRICAL_SURFACE ( 'NONE', #10561, 1.700000000000000178 ) ;
#4134 = MANIFOLD_SOLID_BREP ( 'Wheel_width28_PLACEHOLDER', #1962 ) ;
#4135 = CARTESIAN_POINT ( 'NONE',  ( -12.00000000000000000, 7.000000000000000000, 15.00000000000000000 ) ) ;
#4136 = DIRECTION ( 'NONE',  ( 0.000000000000000000, 0.000000000000000000, -1.000000000000000000 ) ) ;
#4137 = EDGE_CURVE ( 'NONE', #1931, #1183, #3639, .T. ) ;
#4138 = PERSON_AND_ORGANIZATION ( #6743, #3319 ) ;
#4139 = SECURITY_CLASSIFICATION ( '', '', #2968 ) ;
#4140 = COORDINATED_UNIVERSAL_TIME_OFFSET ( 5, 0, .BEHIND. ) ;
#4141 = VECTOR ( 'NONE', #6826, 1000.000000000000000 ) ;
#4142 = PRODUCT_DEFINITION_SHAPE ( 'NONE', 'NONE',  #10893 ) ;
#4143 = EDGE_LOOP ( 'NONE', ( #9683, #1520, #6866, #9109, #6369, #3814, #9168, #3293 ) ) ;
#4144 = DIRECTION ( 'NONE',  ( -1.000000000000000000, -0.000000000000000000, -0.000000000000000000 ) ) ;
#4145 = APPROVAL_PERSON_ORGANIZATION ( #2381, #7213, #5732 ) ;
#4146 = ORIENTED_EDGE ( 'NONE', *, *, #6744, .T. ) ;
#4147 = CARTESIAN_POINT ( 'NONE',  ( 18.63880920472916003, 0.000000000000000000, 13.04287395703121177 ) ) ;
#4148 = CARTESIAN_POINT ( 'NONE',  ( 3.000000000000000000, 3.000000000000000000, 83.00000000000000000 ) ) ;
#4149 = DIRECTION ( 'NONE',  ( 0.000000000000000000, 0.000000000000000000, 1.000000000000000000 ) ) ;
#4150 = EDGE_CURVE ( 'NONE', #9545, #5255, #5428, .T. ) ;
#4151 = ADVANCED_FACE ( 'NONE', ( #1124 ), #4482, .F. ) ;
#4152 = FACE_OUTER_BOUND ( 'NONE', #1081, .T. ) ;
#4153 = VERTEX_POINT ( 'NONE', #1174 ) ;
#4154 = CC_DESIGN_SECURITY_CLASSIFICATION ( #109, ( #6794 ) ) ;
#4155 = ORIENTED_EDGE ( 'NONE', *, *, #4825, .F. ) ;
#4156 = CARTESIAN_POINT ( 'NONE',  ( 14.00000000000000000, 70.00000000000000000, -1.200000000000000030E-05 ) ) ;
#4157 = VERTEX_POINT ( 'NONE', #4531 ) ;
#4158 = CARTESIAN_POINT ( 'NONE',  ( -18.29993048876421113, -0.000000000000000000, 11.77491600511370429 ) ) ;
#4159 = DIRECTION ( 'NONE',  ( -0.000000000000000000, -0.000000000000000000, 1.000000000000000000 ) ) ;
#4160 = LOCAL_TIME ( 6, 20, 33.00000000000000000, #8514 ) ;
#4161 = VERTEX_POINT ( 'NONE', #351 ) ;
#4162 = AXIS2_PLACEMENT_3D ( 'NONE', #827, #10871, #3144 ) ;
#4163 = FACE_OUTER_BOUND ( 'NONE', #7422, .T. ) ;
#4164 = ADVANCED_FACE ( 'NONE', ( #3696 ), #7058, .F. ) ;
#4165 = LINE ( 'NONE', #6028, #10017 ) ;
#4166 = APPROVAL_ROLE ( '' ) ;
#4167 = LOCAL_TIME ( 6, 20, 33.00000000000000000, #4254 ) ;
#4168 = CARTESIAN_POINT ( 'NONE',  ( -0.5999999999999999778, 2.200000000000000178, 16.00000000000000000 ) ) ;
#4169 = LINE ( 'NONE', #10256, #10640 ) ;
#4170 = CARTESIAN_POINT ( 'NONE',  ( -8.000000000000000000, 0.000000000000000000, 5.000000000000000000 ) ) ;
#4171 = AXIS2_PLACEMENT_3D ( 'NONE', #5673, #8223, #4028 ) ;
#4172 = VECTOR ( 'NONE', #4122, 1000.000000000000000 ) ;
#4173 = EDGE_LOOP ( 'NONE', ( #6161, #10824, #87, #3987 ) ) ;
#4174 = PLANE ( 'NONE',  #8995 ) ;
#4175 = CC_DESIGN_PERSON_AND_ORGANIZATION_ASSIGNMENT ( #6702, #3343, ( #7538 ) ) ;
#4176 = CC_DESIGN_APPROVAL ( #3974, ( #9468 ) ) ;
#4177 = CIRCLE ( 'NONE', #8410, 1.700000000000000178 ) ;
#4178 = CARTESIAN_POINT ( 'NONE',  ( 30.50000000000000000, -10.00000000000000000, 0.000000000000000000 ) ) ;
#4179 = APPROVAL ( #8880, 'ๆช' ) ;
#4180 = CALENDAR_DATE ( 2026, 18, 9 ) ;
#4181 = COORDINATED_UNIVERSAL_TIME_OFFSET ( 5, 0, .BEHIND. ) ;
#4182 = VECTOR ( 'NONE', #1079, 1000.000000000000000 ) ;
#4183 = FACE_BOUND ( 'NONE', #2328, .T. ) ;
#4184 = AXIS2_PLACEMENT_3D ( 'NONE', #5663, #3138, #6490 ) ;
#4185 = EDGE_CURVE ( 'NONE', #7962, #2885, #8073, .T. ) ;
#4186 = ORIENTED_EDGE ( 'NONE', *, *, #435, .F. ) ;
#4187 = ORIENTED_EDGE ( 'NONE', *, *, #1554, .F. ) ;
#4188 = ORIENTED_EDGE ( 'NONE', *, *, #3416, .T. ) ;
#4189 = CARTESIAN_POINT ( 'NONE',  ( 18.34320465898919394, -33.55736206015234302, -0.000000000000000000 ) ) ;
#4190 = CARTESIAN_POINT ( 'NONE',  ( -27.69999999999999929, -45.00000000000000000, 5.000000000000000000 ) ) ;
#4191 = CARTESIAN_POINT ( 'NONE',  ( 0.000000000000000000, 0.000000000000000000, 16.00000000000000000 ) ) ;
#4192 = AXIS2_PLACEMENT_3D ( 'NONE', #703, #749, #7453 ) ;
#4193 = AXIS2_PLACEMENT_3D ( 'NONE', #7414, #8308, #10035 ) ;
#4194 = VECTOR ( 'NONE', #2371, 1000.000000000000000 ) ;
#4195 = MANIFOLD_SOLID_BREP ( 'Purchased_625ZZ_5x16x5_NOT_PRINT', #7579 ) ;
#4196 = DIRECTION ( 'NONE',  ( 0.000000000000000000, -0.000000000000000000, 1.000000000000000000 ) ) ;
#4197 = LINE ( 'NONE', #4967, #1383 ) ;
#4198 = PERSON_AND_ORGANIZATION_ROLE ( 'creator' ) ;
#4199 = VECTOR ( 'NONE', #5509, 1000.000000000000000 ) ;
#4200 = MECHANICAL_CONTEXT ( 'NONE', #3433, 'mechanical' ) ;
#4201 = ORIENTED_EDGE ( 'NONE', *, *, #4702, .F. ) ;
#4202 = CC_DESIGN_APPROVAL ( #5393, ( #6097 ) ) ;
#4203 = VECTOR ( 'NONE', #7867, 1000.000000000000000 ) ;
#4204 = ADVANCED_FACE ( 'NONE', ( #5625 ), #3967, .F. ) ;
#4205 = ORIENTED_EDGE ( 'NONE', *, *, #5558, .F. ) ;
#4206 = DIRECTION ( 'NONE',  ( -0.000000000000000000, 1.000000000000000000, 0.000000000000000000 ) ) ;
#4207 = AXIS2_PLACEMENT_3D ( 'NONE', #1325, #2975, #6326 ) ;
#4208 = ORIENTED_EDGE ( 'NONE', *, *, #10478, .T. ) ;
#4209 = CARTESIAN_POINT ( 'NONE',  ( 0.000000000000000000, 0.000000000000000000, 0.000000000000000000 ) ) ;
#4210 = CARTESIAN_POINT ( 'NONE',  ( 0.000000000000000000, 0.000000000000000000, 0.000000000000000000 ) ) ;
#4211 = DIRECTION ( 'NONE',  ( 0.000000000000000000, 1.000000000000000000, 0.000000000000000000 ) ) ;
#4212 = CALENDAR_DATE ( 2026, 18, 9 ) ;
#4213 =( REPRESENTATION_RELATIONSHIP ('NONE','NONE', #1311, #7713 ) REPRESENTATION_RELATIONSHIP_WITH_TRANSFORMATION ( #2704 )SHAPE_REPRESENTATION_RELATIONSHIP( ) );
#4214 = FACE_BOUND ( 'NONE', #8582, .T. ) ;
#4215 = ORIENTED_EDGE ( 'NONE', *, *, #10172, .T. ) ;
#4216 = MANIFOLD_SOLID_BREP ( 'V2_REF_gripper_finger', #6698 ) ;
#4217 = AXIS2_PLACEMENT_3D ( 'NONE', #7798, #6023, #8578 ) ;
#4218 = ADVANCED_FACE ( 'NONE', ( #628 ), #2159, .F. ) ;
#4219 = EDGE_CURVE ( 'NONE', #2353, #8154, #2378, .T. ) ;
#4220 = EDGE_LOOP ( 'NONE', ( #3333, #8680, #3007, #3634, #7291, #7624, #8960, #2677 ) ) ;
#4221 = LINE ( 'NONE', #9406, #5341 ) ;
#4222 = EDGE_LOOP ( 'NONE', ( #8096, #9740, #6960, #10803, #6745, #4287 ) ) ;
#4223 = CARTESIAN_POINT ( 'NONE',  ( -20.00000000000000000, -6.000000000000000152E-06, 10.30000000000000071 ) ) ;
#4224 = FACE_BOUND ( 'NONE', #1099, .T. ) ;
#4225 = VECTOR ( 'NONE', #2712, 1000.000000000000000 ) ;
#4226 = CARTESIAN_POINT ( 'NONE',  ( 40.00000000000000000, 0.000000000000000000, 40.00000000000000000 ) ) ;
#4227 = DIRECTION ( 'NONE',  ( 0.000000000000000000, -1.000000000000000000, 0.000000000000000000 ) ) ;
#4228 = DIRECTION ( 'NONE',  ( -0.000000000000000000, -0.000000000000000000, 1.000000000000000000 ) ) ;
#4229 = COORDINATED_UNIVERSAL_TIME_OFFSET ( 5, 0, .BEHIND. ) ;
#4230 = CIRCLE ( 'NONE', #1427, 8.000000000000000000 ) ;
#4231 = EDGE_CURVE ( 'NONE', #2535, #2034, #9007, .T. ) ;
#4232 = EDGE_CURVE ( 'NONE', #2906, #5669, #3152, .T. ) ;
#4233 = CARTESIAN_POINT ( 'NONE',  ( 31.00000000000000000, 31.00000000000000000, 5.000000000000000000 ) ) ;
#4234 = LINE ( 'NONE', #7531, #9916 ) ;
#4235 = PLANE ( 'NONE',  #6760 ) ;
#4236 = ORIENTED_EDGE ( 'NONE', *, *, #7939, .F. ) ;
#4237 = CARTESIAN_POINT ( 'NONE',  ( -7.638710900996052544, -0.000000000000000000, 4.042972260762891956 ) ) ;
#4238 = DIRECTION ( 'NONE',  ( 0.000000000000000000, 0.000000000000000000, -1.000000000000000000 ) ) ;
#4239 = MECHANICAL_CONTEXT ( 'NONE', #1049, 'mechanical' ) ;
#4240 = CARTESIAN_POINT ( 'NONE',  ( -21.04287395703121177, 0.000000000000000000, 10.63880920472952596 ) ) ;
#4241 = DATE_TIME_ROLE ( 'classification_date' ) ;
#4242 = DIRECTION ( 'NONE',  ( 1.000000000000000000, 0.000000000000000000, 0.000000000000000000 ) ) ;
#4243 = CC_DESIGN_DATE_AND_TIME_ASSIGNMENT ( #1019, #4386, ( #6665 ) ) ;
#4244 = ORIENTED_EDGE ( 'NONE', *, *, #4660, .F. ) ;
#4245 = ORIENTED_EDGE ( 'NONE', *, *, #1069, .T. ) ;
#4246 = ORIENTED_EDGE ( 'NONE', *, *, #10046, .F. ) ;
#4247 = VERTEX_POINT ( 'NONE', #4915 ) ;
#4248 = DIRECTION ( 'NONE',  ( -1.000000000000000000, 0.000000000000000000, 0.000000000000000000 ) ) ;
#4249 = DIRECTION ( 'NONE',  ( 0.000000000000000000, 0.000000000000000000, 1.000000000000000000 ) ) ;
#4250 = LINE ( 'NONE', #1664, #3663 ) ;
#4251 = CARTESIAN_POINT ( 'NONE',  ( -19.00000000000000000, 0.000000000000000000, 4.000000000000000000 ) ) ;
#4252 = DIRECTION ( 'NONE',  ( 1.000000000000000000, 0.000000000000000000, 0.000000000000000000 ) ) ;
#4253 = COORDINATED_UNIVERSAL_TIME_OFFSET ( 5, 0, .BEHIND. ) ;
#4254 = COORDINATED_UNIVERSAL_TIME_OFFSET ( 5, 0, .BEHIND. ) ;
#4255 = ORIENTED_EDGE ( 'NONE', *, *, #2201, .T. ) ;
#4256 = PERSON ( 'NAUO-PER20', 'UNSPECIFIED', 'UNSPECIFIED', ('UNSPECIFIED'), ('UNSPECIFIED'), ('UNSPECIFIED') ) ;
#4257 = UNCERTAINTY_MEASURE_WITH_UNIT (LENGTH_MEASURE( 1.000000000000000082E-05 ), #4575, 'distance_accuracy_value', 'NONE');
#4258 = APPROVAL ( #3643, 'ๆช' ) ;
#4259 = ORIENTED_EDGE ( 'NONE', *, *, #10817, .F. ) ;
#4260 = DIRECTION ( 'NONE',  ( 0.000000000000000000, 0.000000000000000000, 1.000000000000000000 ) ) ;
#4261 = ORIENTED_EDGE ( 'NONE', *, *, #2478, .T. ) ;
#4262 = PLANE ( 'NONE',  #7919 ) ;
#4263 = CARTESIAN_POINT ( 'NONE',  ( 31.44258473824912414, -0.000000000000000000, 4.656666900995570124 ) ) ;
#4264 = DIRECTION ( 'NONE',  ( 0.000000000000000000, 0.000000000000000000, 1.000000000000000000 ) ) ;
#4265 = PERSON_AND_ORGANIZATION_ROLE ( 'creator' ) ;
#4266 = PLANE ( 'NONE',  #1732 ) ;
#4267 = EDGE_CURVE ( 'NONE', #410, #10323, #9896, .T. ) ;
#4268 = ORIENTED_EDGE ( 'NONE', *, *, #5952, .T. ) ;
#4269 = MANIFOLD_SOLID_BREP ( 'V2_REF_block40', #7396 ) ;
#4270 = ORIENTED_EDGE ( 'NONE', *, *, #9694, .T. ) ;
#4271 = CARTESIAN_POINT ( 'NONE',  ( -9.000000000000000000, -6.000000000000000152E-06, 22.70000000000000284 ) ) ;
#4272 = EDGE_LOOP ( 'NONE', ( #2461, #7413, #5054, #8098 ) ) ;
#4273 = CARTESIAN_POINT ( 'NONE',  ( 137.6999999999999886, -0.2256158049110661423, -0.000000000000000000 ) ) ;
#4274 = CARTESIAN_POINT ( 'NONE',  ( -14.22508399489168873, 71.70006951123355066, -0.000000000000000000 ) ) ;
#4275 = FACE_OUTER_BOUND ( 'NONE', #8559, .T. ) ;
#4276 = B_SPLINE_CURVE_WITH_KNOTS ( 'NONE', 3,
 ( #414, #8746, #10515, #8803, #5422, #1919, #1294, #8855, #4653, #2012, #5262, #8013, #8643, #2942, #1088, #6139, #364, #9523 ),
 .UNSPECIFIED., .F., .F.,
 ( 4, 2, 2, 2, 2, 2, 2, 2, 4 ),
 ( 0.5000000000000000000, 0.5625000000000000000, 0.6250000000000000000, 0.6875000000000000000, 0.7500000000000000000, 0.8125000000000000000, 0.8750000000000000000, 0.9375000000000000000, 1.000000000000000000 ),
 .UNSPECIFIED. ) ;
#4277 = DIRECTION ( 'NONE',  ( 0.000000000000000000, -1.000000000000000000, 0.000000000000000000 ) ) ;
#4278 = DIRECTION ( 'NONE',  ( 0.000000000000000000, 0.000000000000000000, -1.000000000000000000 ) ) ;
#4279 = DIRECTION ( 'NONE',  ( -0.000000000000000000, -0.000000000000000000, -1.000000000000000000 ) ) ;
#4280 = EDGE_CURVE ( 'NONE', #1799, #5575, #3143, .T. ) ;
#4281 = DATE_AND_TIME ( #8364, #6343 ) ;
#4282 = DESIGN_CONTEXT ( 'detailed design', #8363, 'design' ) ;
#4283 = CIRCLE ( 'NONE', #5681, 1.700000000000000178 ) ;
#4284 = CARTESIAN_POINT ( 'NONE',  ( 27.69999999999999929, 45.00000000000000000, 5.000000000000000000 ) ) ;
#4285 = CARTESIAN_POINT ( 'NONE',  ( 0.000000000000000000, 0.000000000000000000, 12.00000000000000000 ) ) ;
#4286 = CARTESIAN_POINT ( 'NONE',  ( 29.29993048876346151, -0.000000000000000000, 21.22508399488412678 ) ) ;
#4287 = ORIENTED_EDGE ( 'NONE', *, *, #4769, .F. ) ;
#4288 = CARTESIAN_POINT ( 'NONE',  ( -8.774748043452314405, 0.000000000000000000, 4.699999999999999289 ) ) ;
#4289 = SHAPE_REPRESENTATION_RELATIONSHIP ( 'NONE' , 'NONE' ,  #8851, #9937 ) ;
#4290 = DIRECTION ( 'NONE',  ( -1.000000000000000000, 0.000000000000000000, 0.000000000000000000 ) ) ;
#4291 = ADVANCED_FACE ( 'NONE', ( #8947 ), #4029, .F. ) ;
#4292 = EDGE_CURVE ( 'NONE', #6438, #10802, #4857, .T. ) ;
#4293 = APPROVAL_ROLE ( '' ) ;
#4294 = VECTOR ( 'NONE', #6348, 1000.000000000000000 ) ;
#4295 = CARTESIAN_POINT ( 'NONE',  ( 0.000000000000000000, 0.000000000000000000, 68.00000000000000000 ) ) ;
#4296 = APPROVAL_DATE_TIME ( #10319, #9043 ) ;
#4297 = DIRECTION ( 'NONE',  ( -0.000000000000000000, -1.000000000000000000, -0.000000000000000000 ) ) ;
#4298 = EDGE_LOOP ( 'NONE', ( #4776, #5834 ) ) ;
#4299 = AXIS2_PLACEMENT_3D ( 'NONE', #7475, #6592, #8319 ) ;
#4300 = EDGE_LOOP ( 'NONE', ( #5703, #6395 ) ) ;
#4301 = ORIENTED_EDGE ( 'NONE', *, *, #380, .F. ) ;
#4302 = ORIENTED_EDGE ( 'NONE', *, *, #6649, .F. ) ;
#4303 = CARTESIAN_POINT ( 'NONE',  ( 27.69999999999999929, 57.00000000000000000, 5.000000000000000000 ) ) ;
#4304 = DIRECTION ( 'NONE',  ( 0.000000000000000000, 0.000000000000000000, 1.000000000000000000 ) ) ;
#4305 = FACE_OUTER_BOUND ( 'NONE', #7890, .T. ) ;
#4306 = ORIENTED_EDGE ( 'NONE', *, *, #3719, .T. ) ;
#4307 = DIRECTION ( 'NONE',  ( 0.000000000000000000, 0.000000000000000000, -1.000000000000000000 ) ) ;
#4308 = LINE ( 'NONE', #6003, #9481 ) ;
#4309 = EDGE_CURVE ( 'NONE', #9302, #8494, #517, .T. ) ;
#4310 = PERSON_AND_ORGANIZATION ( #6743, #3319 ) ;
#4311 = COORDINATED_UNIVERSAL_TIME_OFFSET ( 5, 0, .BEHIND. ) ;
#4312 = VECTOR ( 'NONE', #10248, 1000.000000000000000 ) ;
#4313 = APPROVAL_PERSON_ORGANIZATION ( #10212, #143, #8490 ) ;
#4314 = CARTESIAN_POINT ( 'NONE',  ( 24.30000000000000071, 57.00000000000000000, 5.000000000000000000 ) ) ;
#4315 = ORIENTED_EDGE ( 'NONE', *, *, #2142, .F. ) ;
#4316 = DIRECTION ( 'NONE',  ( 0.000000000000000000, -0.000000000000000000, -1.000000000000000000 ) ) ;
#4317 = ORIENTED_EDGE ( 'NONE', *, *, #5398, .F. ) ;
#4318 = DIRECTION ( 'NONE',  ( -0.000000000000000000, -0.000000000000000000, 1.000000000000000000 ) ) ;
#4319 = CARTESIAN_POINT ( 'NONE',  ( -10.36128909900436668, 50.04297226076172933, -0.000000000000000000 ) ) ;
#4320 = CYLINDRICAL_SURFACE ( 'NONE', #941, 30.00000000000000000 ) ;
#4321 = CC_DESIGN_SECURITY_CLASSIFICATION ( #6593, ( #10912 ) ) ;
#4322 = DIRECTION ( 'NONE',  ( -0.9196152422991569209, -0.3928203229608459579, 0.000000000000000000 ) ) ;
#4323 = DIRECTION ( 'NONE',  ( -0.000000000000000000, 1.000000000000000000, -0.000000000000000000 ) ) ;
#4324 = PRODUCT_RELATED_PRODUCT_CATEGORY ( 'detail', '', ( #5816 ) ) ;
#4325 = APPROVAL_ROLE ( '' ) ;
#4326 = EDGE_LOOP ( 'NONE', ( #3169, #6500, #7349, #10542, #9067, #5260, #7629, #9123 ) ) ;
#4327 = B_SPLINE_CURVE_WITH_KNOTS ( 'NONE', 3,
 ( #6659, #7479, #10866, #10054, #2477, #5827, #9209, #5874, #7765, #3517, #3459, #1101, #5932, #6879, #1934, #103, #216, #3566 ),
 .UNSPECIFIED., .F., .F.,
 ( 4, 2, 2, 2, 2, 2, 2, 2, 4 ),
 ( 0.5000000000000000000, 0.5625000000000000000, 0.6250000000000000000, 0.6875000000000000000, 0.7500000000000000000, 0.8125000000000000000, 0.8750000000000000000, 0.9375000000000000000, 1.000000000000000000 ),
 .UNSPECIFIED. ) ;
#4328 = PRODUCT_DEFINITION_FORMATION_WITH_SPECIFIED_SOURCE ( 'ไป', '', #5538, .NOT_KNOWN. ) ;
#4329 = ORIENTED_EDGE ( 'NONE', *, *, #2186, .T. ) ;
#4330 = CARTESIAN_POINT ( 'NONE',  ( 0.000000000000000000, 45.00000000000000000, 0.000000000000000000 ) ) ;
#4331 = EDGE_CURVE ( 'NONE', #9266, #7308, #8888, .T. ) ;
#4332 = ORIENTED_EDGE ( 'NONE', *, *, #4992, .F. ) ;
#4333 = DIRECTION ( 'NONE',  ( -0.000000000000000000, -0.000000000000000000, 1.000000000000000000 ) ) ;
#4334 = CARTESIAN_POINT ( 'NONE',  ( -18.51547649045614108, -0.000000000000000000, 11.14146106821000437 ) ) ;
#4335 = DIRECTION ( 'NONE',  ( -0.000000000000000000, -0.000000000000000000, -1.000000000000000000 ) ) ;
#4336 = VERTEX_POINT ( 'NONE', #4753 ) ;
#4337 = DIRECTION ( 'NONE',  ( 0.000000000000000000, -0.000000000000000000, 1.000000000000000000 ) ) ;
#4338 = LOCAL_TIME ( 6, 20, 33.00000000000000000, #6992 ) ;
#4339 = CARTESIAN_POINT ( 'NONE',  ( 40.00000000000000000, 0.000000000000000000, 0.000000000000000000 ) ) ;
#4340 = COORDINATED_UNIVERSAL_TIME_OFFSET ( 5, 0, .BEHIND. ) ;
#4341 = LINE ( 'NONE', #4284, #5035 ) ;
#4342 = CARTESIAN_POINT ( 'NONE',  ( 31.60000000000000142, 67.50000000000000000, 4.590597372058685011 ) ) ;
#4343 = CC_DESIGN_APPROVAL ( #6046, ( #10346 ) ) ;
#4344 = EDGE_CURVE ( 'NONE', #3707, #4129, #508, .T. ) ;
#4345 = CARTESIAN_POINT ( 'NONE',  ( -11.81690003789738164, 7.507626993145152028, 9.176942079461829493 ) ) ;
#4346 = ORIENTED_EDGE ( 'NONE', *, *, #8878, .T. ) ;
#4347 = DIRECTION ( 'NONE',  ( 0.000000000000000000, 1.000000000000000000, 0.000000000000000000 ) ) ;
#4348 = CARTESIAN_POINT ( 'NONE',  ( -6.000000000000000000, 0.000000000000000000, 20.00000000000000000 ) ) ;
#4349 = APPROVAL_DATE_TIME ( #5160, #5459 ) ;
#4350 = CARTESIAN_POINT ( 'NONE',  ( -20.00000000000000000, -6.000000000000000152E-06, 10.30000000000000071 ) ) ;
#4351 = APPROVAL_PERSON_ORGANIZATION ( #4921, #8711, #1668 ) ;
#4352 = CONTEXT_DEPENDENT_SHAPE_REPRESENTATION ( #1185, #2120 ) ;
#4353 = PLANE ( 'NONE',  #3962 ) ;
#4354 = EDGE_CURVE ( 'NONE', #3732, #7819, #4085, .T. ) ;
#4355 = ADVANCED_FACE ( 'NONE', ( #3091 ), #6441, .F. ) ;
#4356 = ORIENTED_EDGE ( 'NONE', *, *, #2130, .T. ) ;
#4357 = ORIENTED_EDGE ( 'NONE', *, *, #8248, .T. ) ;
#4358 = APPROVAL_PERSON_ORGANIZATION ( #10389, #3974, #8723 ) ;
#4359 = ORIENTED_EDGE ( 'NONE', *, *, #5151, .T. ) ;
#4360 = ORIENTED_EDGE ( 'NONE', *, *, #3416, .F. ) ;
#4361 = DIRECTION ( 'NONE',  ( 1.000000000000000000, 0.000000000000000000, 0.000000000000000000 ) ) ;
#4362 = CARTESIAN_POINT ( 'NONE',  ( -12.00000000000000000, -7.000000000000000000, 15.00000000000000000 ) ) ;
#4363 = CARTESIAN_POINT ( 'NONE',  ( -20.00000000000000000, 12.00000000000000000, 0.000000000000000000 ) ) ;
#4364 = CARTESIAN_POINT ( 'NONE',  ( 0.000000000000000000, 20.00000000000000000, 0.000000000000000000 ) ) ;
#4365 = VECTOR ( 'NONE', #4604, 1000.000000000000000 ) ;
#4366 = DATE_AND_TIME ( #182, #812 ) ;
#4367 = AXIS2_PLACEMENT_3D ( 'NONE', #7365, #4001, #2467 ) ;
#4368 = PERSON_AND_ORGANIZATION_ROLE ( 'classification_officer' ) ;
#4369 = EDGE_LOOP ( 'NONE', ( #4884, #3862 ) ) ;
#4370 = AXIS2_PLACEMENT_3D ( 'NONE', #4832, #8142, #8916 ) ;
#4371 = LINE ( 'NONE', #10283, #8973 ) ;
#4372 = VECTOR ( 'NONE', #4084, 1000.000000000000000 ) ;
#4373 = EDGE_CURVE ( 'NONE', #2498, #7716, #2988, .T. ) ;
#4374 = EDGE_LOOP ( 'NONE', ( #7254, #2858, #10331, #3907, #272, #9354 ) ) ;
#4375 = FACE_BOUND ( 'NONE', #8694, .T. ) ;
#4376 = VECTOR ( 'NONE', #537, 1000.000000000000000 ) ;
#4377 = ORIENTED_EDGE ( 'NONE', *, *, #7012, .F. ) ;
#4378 = ORIENTED_EDGE ( 'NONE', *, *, #4461, .F. ) ;
#4379 = DIRECTION ( 'NONE',  ( 0.000000000000000000, 0.000000000000000000, 1.000000000000000000 ) ) ;
#4380 = CARTESIAN_POINT ( 'NONE',  ( 12.00000000000000000, -12.00000000000000000, 20.00000000000000000 ) ) ;
#4381 = DIRECTION ( 'NONE',  ( 0.000000000000000000, 0.000000000000000000, 1.000000000000000000 ) ) ;
#4382 = AXIS2_PLACEMENT_3D ( 'NONE', #406, #2161, #4697 ) ;
#4383 = PERSON_AND_ORGANIZATION_ROLE ( 'creator' ) ;
#4384 = CYLINDRICAL_SURFACE ( 'NONE', #7709, 1.700000000000000178 ) ;
#4385 = VECTOR ( 'NONE', #2692, 1000.000000000000000 ) ;
#4386 = DATE_TIME_ROLE ( 'creation_date' ) ;
#4387 = EDGE_LOOP ( 'NONE', ( #4692, #10206 ) ) ;
#4388 = VECTOR ( 'NONE', #7626, 1000.000000000000000 ) ;
#4389 = AXIS2_PLACEMENT_3D ( 'NONE', #7554, #2593, #1779 ) ;
#4390 = VERTEX_POINT ( 'NONE', #7225 ) ;
#4391 = CARTESIAN_POINT ( 'NONE',  ( -11.59999999999999964, 72.50000000000000000, -1.200000000000000030E-05 ) ) ;
#4392 = CC_DESIGN_PERSON_AND_ORGANIZATION_ASSIGNMENT ( #10425, #7812, ( #1329 ) ) ;
#4393 = ORIENTED_EDGE ( 'NONE', *, *, #8553, .T. ) ;
#4394 = DIRECTION ( 'NONE',  ( -0.000000000000000000, -0.000000000000000000, 1.000000000000000000 ) ) ;
#4395 = DIRECTION ( 'NONE',  ( 0.000000000000000000, 0.000000000000000000, -1.000000000000000000 ) ) ;
#4396 = DIRECTION ( 'NONE',  ( -0.000000000000000000, -0.000000000000000000, -1.000000000000000000 ) ) ;
#4397 = CARTESIAN_POINT ( 'NONE',  ( 29.95702773923838080, 47.63871090099440408, -0.000000000000000000 ) ) ;
#4398 = VECTOR ( 'NONE', #9503, 1000.000000000000000 ) ;
#4399 = FACE_OUTER_BOUND ( 'NONE', #8943, .T. ) ;
#4400 = DATE_AND_TIME ( #10044, #5948 ) ;
#4401 = UNCERTAINTY_MEASURE_WITH_UNIT (LENGTH_MEASURE( 1.000000000000000082E-05 ), #1324, 'distance_accuracy_value', 'NONE');
#4402 = FACE_OUTER_BOUND ( 'NONE', #7773, .T. ) ;
#4403 = DIRECTION ( 'NONE',  ( 0.000000000000000000, -1.000000000000000000, 0.000000000000000000 ) ) ;
#4404 = VECTOR ( 'NONE', #5960, 1000.000000000000000 ) ;
#4405 = ADVANCED_FACE ( 'NONE', ( #9725 ), #10613, .T. ) ;
#4406 = CYLINDRICAL_SURFACE ( 'NONE', #10833, 1.700000000000000178 ) ;
#4407 = EDGE_LOOP ( 'NONE', ( #2147, #4187, #1199, #10799 ) ) ;
#4408 = CARTESIAN_POINT ( 'NONE',  ( -9.000000000000000000, -6.000000000000000152E-06, 4.699999999999999289 ) ) ;
#4409 = DIRECTION ( 'NONE',  ( 1.000000000000000000, 0.000000000000000000, -0.000000000000000000 ) ) ;
#4410 = DATE_AND_TIME ( #5829, #4685 ) ;
#4411 = CARTESIAN_POINT ( 'NONE',  ( 123.7749160051136244, 1.700069511235893005, -0.000000000000000000 ) ) ;
#4412 = CIRCLE ( 'NONE', #5098, 1.700000000000000178 ) ;
#4413 = ADVANCED_FACE ( 'NONE', ( #5072 ), #2434, .T. ) ;
#4414 = CONTEXT_DEPENDENT_SHAPE_REPRESENTATION ( #9148, #10590 ) ;
#4415 = FACE_BOUND ( 'NONE', #3456, .T. ) ;
#4416 = ORIENTED_EDGE ( 'NONE', *, *, #10555, .T. ) ;
#4417 = EDGE_LOOP ( 'NONE', ( #1204, #9085, #3653, #8038 ) ) ;
#4418 = ORIENTED_EDGE ( 'NONE', *, *, #10115, .T. ) ;
#4419 = CARTESIAN_POINT ( 'NONE',  ( -10.00000000000000000, -10.00000000000000000, 39.50000000000000000 ) ) ;
#4420 = CARTESIAN_POINT ( 'NONE',  ( 2.600000000000000089, 0.000000000000000000, -6.000000000000000152E-06 ) ) ;
#4421 = CARTESIAN_POINT ( 'NONE',  ( 2.130521333856785660, 1.498155055651988254, 0.000000000000000000 ) ) ;
#4422 = LINE ( 'NONE', #7777, #8597 ) ;
#4423 = CLOSED_SHELL ( 'NONE', ( #1139, #2948, #711, #10424, #10440, #5211 ) ) ;
#4424 = SECURITY_CLASSIFICATION_LEVEL ( 'unclassified' ) ;
#4425 = EDGE_CURVE ( 'NONE', #9445, #2386, #6721, .T. ) ;
#4426 = SECURITY_CLASSIFICATION_LEVEL ( 'unclassified' ) ;
#4427 = ORIENTED_EDGE ( 'NONE', *, *, #2233, .T. ) ;
#4428 = APPLICATION_CONTEXT ( 'configuration controlled 3d designs of mechanical parts and assemblies' ) ;
#4429 = CARTESIAN_POINT ( 'NONE',  ( 35.00000000000000000, -70.00000000000000000, 5.000000000000000000 ) ) ;
#4430 = AXIS2_PLACEMENT_3D ( 'NONE', #3365, #6722, #2542 ) ;
#4431 = EDGE_LOOP ( 'NONE', ( #4997, #10458, #1854, #6561 ) ) ;
#4432 = DIRECTION ( 'NONE',  ( 0.000000000000000000, -0.000000000000000000, -1.000000000000000000 ) ) ;
#4433 = EDGE_LOOP ( 'NONE', ( #1547, #1559, #9065, #5959 ) ) ;
#4434 = CARTESIAN_POINT ( 'NONE',  ( 40.00000000000000000, 0.000000000000000000, 40.00000000000000000 ) ) ;
#4435 = CARTESIAN_POINT ( 'NONE',  ( -10.69999999999999929, 49.00000000000000000, -6.000000000000000152E-06 ) ) ;
#4436 = DIRECTION ( 'NONE',  ( 1.000000000000000000, 0.000000000000000000, 0.000000000000000000 ) ) ;
#4437 = COORDINATED_UNIVERSAL_TIME_OFFSET ( 5, 0, .BEHIND. ) ;
#4438 = CARTESIAN_POINT ( 'NONE',  ( 135.7749160051166939, 1.700069511235890785, -0.000000000000000000 ) ) ;
#4439 = ADVANCED_FACE ( 'NONE', ( #60 ), #6610, .T. ) ;
#4440 = COORDINATED_UNIVERSAL_TIME_OFFSET ( 5, 0, .BEHIND. ) ;
#4441 = ADVANCED_FACE ( 'NONE', ( #6775, #6001, #5887 ), #10827, .F. ) ;
#4442 = ORIENTED_EDGE ( 'NONE', *, *, #3784, .F. ) ;
#4443 = ORIENTED_EDGE ( 'NONE', *, *, #1656, .T. ) ;
#4444 = PLANE ( 'NONE',  #10823 ) ;
#4445 = EDGE_LOOP ( 'NONE', ( #982, #2222 ) ) ;
#4446 = CARTESIAN_POINT ( 'NONE',  ( 6.000000000000000000, 0.000000000000000000, 16.00000000000000000 ) ) ;
#4447 = CARTESIAN_POINT ( 'NONE',  ( 10.50000000000000000, 0.000000000000000000, 0.000000000000000000 ) ) ;
#4448 = CARTESIAN_POINT ( 'NONE',  ( 31.22508399488667763, -0.000000000000000000, 19.30006951123579739 ) ) ;
#4449 = CARTESIAN_POINT ( 'NONE',  ( -7.515476490455951009, 31.85853893178962437, -0.000000000000000000 ) ) ;
#4450 = APPROVAL ( #66, 'UNKNOWN' ) ;
#4451 = DIRECTION ( 'NONE',  ( 0.000000000000000000, 1.000000000000000000, 0.000000000000000000 ) ) ;
#4452 = LINE ( 'NONE', #1869, #3496 ) ;
#4453 = CARTESIAN_POINT ( 'NONE',  ( 29.95712604296984338, 32.36119079527190223, 0.000000000000000000 ) ) ;
#4454 = CARTESIAN_POINT ( 'NONE',  ( 30.55753025008650781, -0.000000000000000000, 22.65686506842306969 ) ) ;
#4455 = ORIENTED_EDGE ( 'NONE', *, *, #9554, .T. ) ;
#4456 = DIRECTION ( 'NONE',  ( 0.000000000000000000, 1.000000000000000000, 0.000000000000000000 ) ) ;
#4457 = LINE ( 'NONE', #5276, #3301 ) ;
#4458 = APPROVAL_ROLE ( '' ) ;
#4459 = CARTESIAN_POINT ( 'NONE',  ( 125.7000000000000028, 0.000000000000000000, -6.000000000000000152E-06 ) ) ;
#4460 = APPROVAL ( #8501, 'UNKNOWN' ) ;
#4461 = EDGE_CURVE ( 'NONE', #902, #3621, #1215, .T. ) ;
#4462 = DATE_AND_TIME ( #8033, #804 ) ;
#4463 = FACE_OUTER_BOUND ( 'NONE', #745, .T. ) ;
#4464 = ORIENTED_EDGE ( 'NONE', *, *, #2060, .T. ) ;
#4465 = AXIS2_PLACEMENT_3D ( 'NONE', #876, #8532, #6755 ) ;
#4466 = EDGE_CURVE ( 'NONE', #1726, #8494, #860, .T. ) ;
#4467 = ORIENTED_EDGE ( 'NONE', *, *, #5547, .F. ) ;
#4468 = DIRECTION ( 'NONE',  ( 0.000000000000000000, 1.000000000000000000, 0.000000000000000000 ) ) ;
#4469 =( NAMED_UNIT ( * ) PLANE_ANGLE_UNIT ( ) SI_UNIT ( $, .RADIAN. ) );
#4470 = CARTESIAN_POINT ( 'NONE',  ( 20.22508399488592090, -7.700069511235977160, -0.000000000000000000 ) ) ;
#4471 = AXIS2_PLACEMENT_3D ( 'NONE', #5134, #7506, #8565 ) ;
#4472 = LINE ( 'NONE', #5290, #5065 ) ;
#4473 = PERSON_AND_ORGANIZATION_ROLE ( 'classification_officer' ) ;
#4474 = AXIS2_PLACEMENT_3D ( 'NONE', #4156, #3384, #9297 ) ;
#4475 = CARTESIAN_POINT ( 'NONE',  ( 0.000000000000000000, 0.000000000000000000, 0.000000000000000000 ) ) ;
#4476 = VERTEX_POINT ( 'NONE', #10005 ) ;
#4477 = DIRECTION ( 'NONE',  ( 0.000000000000000000, -1.000000000000000000, 0.000000000000000000 ) ) ;
#4478 = EDGE_CURVE ( 'NONE', #7132, #2247, #7727, .T. ) ;
#4479 = ORIENTED_EDGE ( 'NONE', *, *, #2400, .T. ) ;
#4480 = CARTESIAN_POINT ( 'NONE',  ( 0.000000000000000000, 0.000000000000000000, 4.000000000000000000 ) ) ;
#4481 = CARTESIAN_POINT ( 'NONE',  ( -10.48452350954359247, 48.14146106820974325, -0.000000000000000000 ) ) ;
#4482 = CYLINDRICAL_SURFACE ( 'NONE', #4552, 1.700000000000000178 ) ;
#4483 = COORDINATED_UNIVERSAL_TIME_OFFSET ( 5, 0, .BEHIND. ) ;
#4484 = CIRCLE ( 'NONE', #1669, 19.00000000000000000 ) ;
#4485 = DIRECTION ( 'NONE',  ( -1.000000000000000000, 0.000000000000000000, 0.000000000000000000 ) ) ;
#4486 = CALENDAR_DATE ( 2026, 18, 9 ) ;
#4487 = ORIENTED_EDGE ( 'NONE', *, *, #1127, .T. ) ;
#4488 = CARTESIAN_POINT ( 'NONE',  ( 2.500000000000000000, 3.061616997868383141E-16, 5.000000000000000000 ) ) ;
#4489 = LOCAL_TIME ( 6, 20, 33.00000000000000000, #10266 ) ;
#4490 = EDGE_CURVE ( 'NONE', #4879, #5862, #4250, .T. ) ;
#4491 = VERTEX_POINT ( 'NONE', #2651 ) ;
#4492 = CARTESIAN_POINT ( 'NONE',  ( -10.50000000000000000, 1.300000000000000044, -0.09997027095160138099 ) ) ;
#4493 = CARTESIAN_POINT ( 'NONE',  ( -15.65679534101080783, 70.44263793985066968, -0.000000000000000000 ) ) ;
#4494 = LINE ( 'NONE', #252, #6560 ) ;
#4495 = ADVANCED_FACE ( 'NONE', ( #4305 ), #10114, .F. ) ;
#4496 = FACE_OUTER_BOUND ( 'NONE', #2010, .T. ) ;
#4497 = LOCAL_TIME ( 6, 20, 33.00000000000000000, #9035 ) ;
#4498 = CARTESIAN_POINT ( 'NONE',  ( -10.70006951123578887, 30.77491600511332948, 0.000000000000000000 ) ) ;
#4499 = CARTESIAN_POINT ( 'NONE',  ( -9.000000000000000000, -6.000000000000000152E-06, 4.699999999999999289 ) ) ;
#4500 = CARTESIAN_POINT ( 'NONE',  ( 29.34320465898919750, 31.44263793984766764, -0.000000000000000000 ) ) ;
#4501 = CARTESIAN_POINT ( 'NONE',  ( 21.36128909900410733, -35.04297226076236882, -0.000000000000000000 ) ) ;
#4502 = EDGE_CURVE ( 'NONE', #3621, #8968, #785, .T. ) ;
#4503 = LOCAL_TIME ( 6, 20, 33.00000000000000000, #2933 ) ;
#4504 = ORIENTED_EDGE ( 'NONE', *, *, #6158, .T. ) ;
#4505 = LINE ( 'NONE', #10421, #2428 ) ;
#4506 = CARTESIAN_POINT ( 'NONE',  ( -11.91263578868202266, 7.355505887541386123, 8.005990645141931594 ) ) ;
#4507 = CALENDAR_DATE ( 2026, 18, 9 ) ;
#4508 = CARTESIAN_POINT ( 'NONE',  ( 28.00000000000000000, 0.000000000000000000, 0.000000000000000000 ) ) ;
#4509 = LOCAL_TIME ( 6, 20, 33.00000000000000000, #3855 ) ;
#4510 = CARTESIAN_POINT ( 'NONE',  ( -12.00000000000000000, 7.000000000000000000, 6.700000000000000178 ) ) ;
#4511 = ORIENTED_EDGE ( 'NONE', *, *, #6368, .F. ) ;
#4512 = CC_DESIGN_PERSON_AND_ORGANIZATION_ASSIGNMENT ( #269, #8664, ( #4843 ) ) ;
#4513 = CC_DESIGN_PERSON_AND_ORGANIZATION_ASSIGNMENT ( #4906, #8277, ( #6936 ) ) ;
#4514 = VERTEX_POINT ( 'NONE', #10164 ) ;
#4515 = CARTESIAN_POINT ( 'NONE',  ( -35.00000000000000000, -70.00000000000000000, 0.000000000000000000 ) ) ;
#4516 = PLANE ( 'NONE',  #9475 ) ;
#4517 = CARTESIAN_POINT ( 'NONE',  ( -2.081978247435513296, -1.594878658085206125, 0.000000000000000000 ) ) ;
#4518 = CC_DESIGN_APPROVAL ( #5850, ( #5560 ) ) ;
#4519 = LINE ( 'NONE', #394, #5238 ) ;
#4520 = SECURITY_CLASSIFICATION_LEVEL ( 'unclassified' ) ;
#4521 = ORIENTED_EDGE ( 'NONE', *, *, #6855, .F. ) ;
#4522 = FACE_BOUND ( 'NONE', #4723, .T. ) ;
#4523 = APPROVAL_PERSON_ORGANIZATION ( #6391, #7547, #5793 ) ;
#4524 = ORIENTED_EDGE ( 'NONE', *, *, #3730, .T. ) ;
#4525 = DIRECTION ( 'NONE',  ( -1.000000000000000000, 0.000000000000000000, 0.000000000000000000 ) ) ;
#4526 = EDGE_LOOP ( 'NONE', ( #10524, #4557, #5038, #1715 ) ) ;
#4527 = EDGE_CURVE ( 'NONE', #793, #8205, #1744, .T. ) ;
#4528 = ORIENTED_EDGE ( 'NONE', *, *, #3662, .F. ) ;
#4529 = CARTESIAN_POINT ( 'NONE',  ( -12.51567465788468958, 69.14134607987428183, 0.000000000000000000 ) ) ;
#4530 = CARTESIAN_POINT ( 'NONE',  ( 43.00000000000000000, 8.000000000000000000, 24.00000000000000000 ) ) ;
#4531 = CARTESIAN_POINT ( 'NONE',  ( 31.00000000000000000, -6.000000000000000152E-06, 22.70000000000000284 ) ) ;
#4532 = VECTOR ( 'NONE', #6239, 1000.000000000000000 ) ;
#4533 = AXIS2_PLACEMENT_3D ( 'NONE', #9100, #1551, #4901 ) ;
#4534 = CARTESIAN_POINT ( 'NONE',  ( -9.000000000000000000, 81.00000000000000000, 3.000000000000000000 ) ) ;
#4535 = APPROVAL_ROLE ( '' ) ;
#4536 = PERSON_AND_ORGANIZATION_ROLE ( 'creator' ) ;
#4537 = CYLINDRICAL_SURFACE ( 'NONE', #3130, 14.00000000000000000 ) ;
#4538 = VECTOR ( 'NONE', #10251, 1000.000000000000000 ) ;
#4539 = CALENDAR_DATE ( 2026, 18, 9 ) ;
#4540 = EDGE_CURVE ( 'NONE', #10733, #6037, #7364, .T. ) ;
#4541 = ORIENTED_EDGE ( 'NONE', *, *, #2198, .F. ) ;
#4542 = DIRECTION ( 'NONE',  ( 0.000000000000000000, 0.000000000000000000, 1.000000000000000000 ) ) ;
#4543 = VECTOR ( 'NONE', #3970, 1000.000000000000000 ) ;
#4544 = EDGE_LOOP ( 'NONE', ( #10717, #10552, #7510, #8237, #2549, #10876, #5977, #2509 ) ) ;
#4545 = DIRECTION ( 'NONE',  ( -0.000000000000000000, -0.000000000000000000, -1.000000000000000000 ) ) ;
#4546 = CARTESIAN_POINT ( 'NONE',  ( 3.000000000000000000, 3.000000000000000000, 83.00000000000000000 ) ) ;
#4547 = LINE ( 'NONE', #2890, #6919 ) ;
#4548 = AXIS2_PLACEMENT_3D ( 'NONE', #4909, #9049, #2427 ) ;
#4549 = LOCAL_TIME ( 6, 20, 33.00000000000000000, #2519 ) ;
#4550 = VECTOR ( 'NONE', #9867, 1000.000000000000000 ) ;
#4551 = DIRECTION ( 'NONE',  ( 1.000000000000000000, -0.000000000000000000, -0.000000000000000000 ) ) ;
#4552 = AXIS2_PLACEMENT_3D ( 'NONE', #2000, #10501, #8733 ) ;
#4553 = ORIENTED_EDGE ( 'NONE', *, *, #3464, .T. ) ;
#4554 = ADVANCED_FACE ( 'NONE', ( #4965 ), #4133, .F. ) ;
#4555 = EDGE_CURVE ( 'NONE', #7906, #6716, #9144, .T. ) ;
#4556 = FACE_OUTER_BOUND ( 'NONE', #6741, .T. ) ;
#4557 = ORIENTED_EDGE ( 'NONE', *, *, #7982, .F. ) ;
#4558 = DIRECTION ( 'NONE',  ( 0.000000000000000000, 0.000000000000000000, -1.000000000000000000 ) ) ;
#4559 = CARTESIAN_POINT ( 'NONE',  ( 20.85853893179037755, -35.48452350954386958, -0.000000000000000000 ) ) ;
#4560 = CIRCLE ( 'NONE', #1223, 5.799999999999999822 ) ;
#4561 = EDGE_LOOP ( 'NONE', ( #10454, #2096, #7222, #10751 ) ) ;
#4562 = CARTESIAN_POINT ( 'NONE',  ( 10.00000000000000000, 0.000000000000000000, 3.000000000000000000 ) ) ;
#4563 = CARTESIAN_POINT ( 'NONE',  ( -10.72380529476374100, 9.000000000000252243, 10.20000000000124984 ) ) ;
#4564 =( REPRESENTATION_RELATIONSHIP ('NONE','NONE', #1311, #2441 ) REPRESENTATION_RELATIONSHIP_WITH_TRANSFORMATION ( #1484 )SHAPE_REPRESENTATION_RELATIONSHIP( ) );
#4565 = PERSON_AND_ORGANIZATION ( #6743, #3319 ) ;
#4566 = LINE ( 'NONE', #7085, #6473 ) ;
#4567 = CALENDAR_DATE ( 2026, 18, 9 ) ;
#4568 = EDGE_CURVE ( 'NONE', #991, #6498, #1745, .T. ) ;
#4569 = EDGE_CURVE ( 'NONE', #3769, #9580, #3528, .T. ) ;
#4570 = VECTOR ( 'NONE', #2834, 1000.000000000000000 ) ;
#4571 = LINE ( 'NONE', #8099, #8375 ) ;
#4572 = VERTEX_POINT ( 'NONE', #3575 ) ;
#4573 = ORIENTED_EDGE ( 'NONE', *, *, #10417, .T. ) ;
#4574 = LINE ( 'NONE', #275, #2814 ) ;
#4575 =( LENGTH_UNIT ( ) NAMED_UNIT ( * ) SI_UNIT ( .MILLI., .METRE. ) );
#4576 = LINE ( 'NONE', #6210, #6133 ) ;
#4577 = AXIS2_PLACEMENT_3D ( 'NONE', #4913, #9172, #2322 ) ;
#4578 = DIRECTION ( 'NONE',  ( -0.000000000000000000, 1.000000000000000000, -0.000000000000000000 ) ) ;
#4579 = DATE_TIME_ROLE ( 'classification_date' ) ;
#4580 = DATE_AND_TIME ( #5395, #6943 ) ;
#4581 = PRODUCT ( 'V2_06_horn_coupler', 'V2_06_horn_coupler', '', ( #9661 ) ) ;
#4582 = CC_DESIGN_DATE_AND_TIME_ASSIGNMENT ( #8847, #409, ( #2294 ) ) ;
#4583 = FACE_BOUND ( 'NONE', #7736, .T. ) ;
#4584 = AXIS2_PLACEMENT_3D ( 'NONE', #9423, #5108, #2740 ) ;
#4585 = ORIENTED_EDGE ( 'NONE', *, *, #5488, .F. ) ;
#4586 = PLANE ( 'NONE',  #10306 ) ;
#4587 = ORIENTED_EDGE ( 'NONE', *, *, #4123, .F. ) ;
#4588 = CIRCLE ( 'NONE', #8825, 2.500000000000000000 ) ;
#4589 = ORIENTED_EDGE ( 'NONE', *, *, #7729, .F. ) ;
#4590 = CARTESIAN_POINT ( 'NONE',  ( -2.599940775706751861, 0.2933012580821827142, 0.000000000000000000 ) ) ;
#4591 = CARTESIAN_POINT ( 'NONE',  ( -10.70006951123578887, 48.77491600511331882, 0.000000000000000000 ) ) ;
#4592 = DIRECTION ( 'NONE',  ( -1.000000000000000000, -0.000000000000000000, -0.000000000000000000 ) ) ;
#4593 = CARTESIAN_POINT ( 'NONE',  ( 11.77675979958275931, 7.570663098460284068, 9.427707309048980022 ) ) ;
#4594 = FACE_OUTER_BOUND ( 'NONE', #4899, .T. ) ;
#4595 = PERSON_AND_ORGANIZATION ( #6743, #3319 ) ;
#4596 = CARTESIAN_POINT ( 'NONE',  ( 135.1414610682097930, 1.484523509544901421, -0.000000000000000000 ) ) ;
#4597 = APPROVAL_DATE_TIME ( #7276, #342 ) ;
#4598 = APPROVAL ( #1177, 'ๆช' ) ;
#4599 = AXIS2_PLACEMENT_3D ( 'NONE', #6504, #9175, #10880 ) ;
#4600 = VERTEX_POINT ( 'NONE', #3625 ) ;
#4601 = CARTESIAN_POINT ( 'NONE',  ( -20.00000000000000000, -34.00000000000000000, -1.200000000000000030E-05 ) ) ;
#4602 = ORIENTED_EDGE ( 'NONE', *, *, #5356, .T. ) ;
#4603 = CARTESIAN_POINT ( 'NONE',  ( -14.00000000000000000, 0.000000000000000000, 2.000000000000000000 ) ) ;
#4604 = DIRECTION ( 'NONE',  ( -0.000000000000000000, -0.000000000000000000, -1.000000000000000000 ) ) ;
#4605 = CARTESIAN_POINT ( 'NONE',  ( 31.44263793984766764, -0.000000000000000000, 19.34320465898919750 ) ) ;
#4606 =( LENGTH_UNIT ( ) NAMED_UNIT ( * ) SI_UNIT ( .MILLI., .METRE. ) );
#4607 = VERTEX_POINT ( 'NONE', #10326 ) ;
#4608 = EDGE_CURVE ( 'NONE', #72, #5448, #6736, .T. ) ;
#4609 = CARTESIAN_POINT ( 'NONE',  ( -7.957027739238696107, 32.36128909900572381, -0.000000000000000000 ) ) ;
#4610 = VERTEX_POINT ( 'NONE', #10274 ) ;
#4611 = DIRECTION ( 'NONE',  ( 0.000000000000000000, -1.000000000000000000, 0.000000000000000000 ) ) ;
#4612 = EDGE_LOOP ( 'NONE', ( #8070, #3282 ) ) ;
#4613 = CARTESIAN_POINT ( 'NONE',  ( 29.30000000000000071, 31.00000000000000000, -6.000000000000000152E-06 ) ) ;
#4614 = CARTESIAN_POINT ( 'NONE',  ( 9.361280813272383483, 10.41041303537513585, 7.544422475208893530 ) ) ;
#4616 = EDGE_CURVE ( 'NONE', #8221, #850, #5288, .T. ) ;
#4615 = EDGE_LOOP ( 'NONE', ( #9814, #262, #8574, #1574 ) ) ;
#4617 = DIRECTION ( 'NONE',  ( 0.000000000000000000, 0.000000000000000000, 1.000000000000000000 ) ) ;
#4618 = CARTESIAN_POINT ( 'NONE',  ( -9.843211314629879638, 9.958146480581250515, 9.920204085562533081 ) ) ;
#4619 = DATE_AND_TIME ( #1264, #9280 ) ;
#4620 = LINE ( 'NONE', #3019, #8970 ) ;
#4621 = ORIENTED_EDGE ( 'NONE', *, *, #10478, .F. ) ;
#4622 = SHAPE_REPRESENTATION ( 'V2_02_bearing_tower', ( #7172 ), #6111 ) ;
#4623 = LINE ( 'NONE', #7089, #10535 ) ;
#4624 = ORIENTED_EDGE ( 'NONE', *, *, #5068, .T. ) ;
#4626 = EDGE_CURVE ( 'NONE', #2353, #699, #336, .T. ) ;
#4625 = ORIENTED_EDGE ( 'NONE', *, *, #7521, .T. ) ;
#4627 = CARTESIAN_POINT ( 'NONE',  ( 6.000000000000000000, 1.300000000000000044, 0.000000000000000000 ) ) ;
#4628 = LINE ( 'NONE', #10649, #1930 ) ;
#4629 = ADVANCED_FACE ( 'NONE', ( #228 ), #10487, .F. ) ;
#4630 = LINE ( 'NONE', #3790, #10368 ) ;
#4631 = PERSON_AND_ORGANIZATION_ROLE ( 'design_supplier' ) ;
#4632 = COORDINATED_UNIVERSAL_TIME_OFFSET ( 5, 0, .BEHIND. ) ;
#4633 = DIRECTION ( 'NONE',  ( 0.000000000000000000, -0.000000000000000000, -1.000000000000000000 ) ) ;
#4634 = ORIENTED_EDGE ( 'NONE', *, *, #7143, .F. ) ;
#4635 = AXIS2_PLACEMENT_3D ( 'NONE', #5962, #1736, #2714 ) ;
#4636 = CARTESIAN_POINT ( 'NONE',  ( -15.59999999999999964, 0.000000000000000000, -0.000000000000000000 ) ) ;
#4637 = EDGE_LOOP ( 'NONE', ( #2870, #890, #10032, #1628 ) ) ;
#4638 = CARTESIAN_POINT ( 'NONE',  ( -27.69999999999999929, 0.000000000000000000, -0.000000000000000000 ) ) ;
#4639 = DIRECTION ( 'NONE',  ( 0.000000000000000000, 0.000000000000000000, 1.000000000000000000 ) ) ;
#4640 = LINE ( 'NONE', #8631, #2620 ) ;
#4641 = EDGE_CURVE ( 'NONE', #5599, #410, #2038, .T. ) ;
#4642 = DIRECTION ( 'NONE',  ( 0.000000000000000000, -1.000000000000000000, 0.000000000000000000 ) ) ;
#4643 = DIRECTION ( 'NONE',  ( 0.000000000000000000, 0.000000000000000000, -1.000000000000000000 ) ) ;
#4644 = APPLICATION_PROTOCOL_DEFINITION ( 'international standard', 'config_control_design', 1994, #5605 ) ;
#4645 = DIRECTION ( 'NONE',  ( 1.000000000000000000, 0.000000000000000000, 0.000000000000000000 ) ) ;
#4646 = PERSON ( 'NAUO-PER24', 'UNSPECIFIED', 'UNSPECIFIED', ('UNSPECIFIED'), ('UNSPECIFIED'), ('UNSPECIFIED') ) ;
#4647 = DATE_AND_TIME ( #4539, #1896 ) ;
#4648 = VECTOR ( 'NONE', #5845, 1000.000000000000000 ) ;
#4649 = ORIENTED_EDGE ( 'NONE', *, *, #672, .T. ) ;
#4650 = CYLINDRICAL_SURFACE ( 'NONE', #2883, 19.00000000000000000 ) ;
#4651 = ORIENTED_EDGE ( 'NONE', *, *, #4502, .F. ) ;
#4652 = CARTESIAN_POINT ( 'NONE',  ( 12.00000000000000000, -12.00000000000000000, 20.00000000000000000 ) ) ;
#4653 = CARTESIAN_POINT ( 'NONE',  ( -20.22508399488592090, -7.699930488764023195, 0.000000000000000000 ) ) ;
#4654 = LINE ( 'NONE', #10353, #8341 ) ;
#4655 = CIRCLE ( 'NONE', #4121, 8.099999999999999645 ) ;
#4656 = CC_DESIGN_PERSON_AND_ORGANIZATION_ASSIGNMENT ( #7320, #6546, ( #5729 ) ) ;
#4657 = CYLINDRICAL_SURFACE ( 'NONE', #5063, 1.700000000000000178 ) ;
#4658 = CC_DESIGN_SECURITY_CLASSIFICATION ( #10665, ( #10899 ) ) ;
#4659 = CARTESIAN_POINT ( 'NONE',  ( -8.774916005114079098, 29.29993048876420403, -0.000000000000000000 ) ) ;
#4660 = EDGE_CURVE ( 'NONE', #9281, #1007, #2812, .T. ) ;
#4661 = EDGE_LOOP ( 'NONE', ( #1350, #3053, #5420, #8625 ) ) ;
#4662 = DIRECTION ( 'NONE',  ( -0.000000000000000000, -0.000000000000000000, -1.000000000000000000 ) ) ;
#4663 = CARTESIAN_POINT ( 'NONE',  ( 10.55101976734915148, 9.205879817082850636, 10.19999999999998153 ) ) ;
#4664 = EDGE_CURVE ( 'NONE', #6667, #4690, #4576, .T. ) ;
#4665 = VERTEX_POINT ( 'NONE', #8772 ) ;
#4666 = CARTESIAN_POINT ( 'NONE',  ( -1.000000000000000000, 19.50000000000000000, 58.00000000000000000 ) ) ;
#4667 = PRODUCT ( 'V2_05_wrist_adapter', 'V2_05_wrist_adapter', '', ( #395 ) ) ;
#4668 = ORGANIZATION ( 'NAUO-ORG14', 'UNSPECIFIED', 'UNSPECIFIED' ) ;
#4669 = CARTESIAN_POINT ( 'NONE',  ( -11.94584366002182740, 7.300467076545174017, 8.631649655577877667 ) ) ;
#4670 = APPROVAL_ROLE ( '' ) ;
#4671 = CARTESIAN_POINT ( 'NONE',  ( -0.5999999999999999778, 18.99052395275075256, 4.000000000000000000 ) ) ;
#4672 = ORIENTED_EDGE ( 'NONE', *, *, #1241, .F. ) ;
#4673 = VECTOR ( 'NONE', #5386, 1000.000000000000000 ) ;
#4674 = PERSON_AND_ORGANIZATION ( #5690, #7476 ) ;
#4675 = ADVANCED_FACE ( 'NONE', ( #7937 ), #6265, .F. ) ;
#4676 = EDGE_LOOP ( 'NONE', ( #2485, #7232 ) ) ;
#4677 = CARTESIAN_POINT ( 'NONE',  ( 10.50000000000000000, -1.300000000000000044, 16.00000000000000000 ) ) ;
#4678 = LOCAL_TIME ( 6, 20, 33.00000000000000000, #8736 ) ;
#4679 = ORIENTED_EDGE ( 'NONE', *, *, #2065, .T. ) ;
#4680 = ORIENTED_EDGE ( 'NONE', *, *, #1475, .F. ) ;
#4681 = FACE_OUTER_BOUND ( 'NONE', #9893, .T. ) ;
#4682 = DIRECTION ( 'NONE',  ( 0.000000000000000000, -1.000000000000000000, 0.000000000000000000 ) ) ;
#4683 = CARTESIAN_POINT ( 'NONE',  ( 15.69999999999999929, 70.00000000000000000, -6.000000000000000152E-06 ) ) ;
#4684 = DATE_AND_TIME ( #7989, #4509 ) ;
#4685 = LOCAL_TIME ( 6, 20, 33.00000000000000000, #5214 ) ;
#4686 = COORDINATED_UNIVERSAL_TIME_OFFSET ( 5, 0, .BEHIND. ) ;
#4687 = ADVANCED_FACE ( 'NONE', ( #3735 ), #7094, .F. ) ;
#4688 = EDGE_CURVE ( 'NONE', #3304, #9706, #9764, .T. ) ;
#4689 = DIRECTION ( 'NONE',  ( 0.000000000000000000, 0.000000000000000000, 1.000000000000000000 ) ) ;
#4690 = VERTEX_POINT ( 'NONE', #4792 ) ;
#4691 = CC_DESIGN_SECURITY_CLASSIFICATION ( #6086, ( #3462 ) ) ;
#4692 = ORIENTED_EDGE ( 'NONE', *, *, #1594, .T. ) ;
#4693 = CARTESIAN_POINT ( 'NONE',  ( -15.48452350954464762, 69.14146106820932403, -0.000000000000000000 ) ) ;
#4694 = LINE ( 'NONE', #7390, #7154 ) ;
#4695 = CARTESIAN_POINT ( 'NONE',  ( -35.00000000000000000, -70.00000000000000000, 5.000000000000000000 ) ) ;
#4696 = CARTESIAN_POINT ( 'NONE',  ( 11.77425630845663029, 7.574553072307678825, 7.566445093151377144 ) ) ;
#4697 = DIRECTION ( 'NONE',  ( 1.000000000000000000, 0.000000000000000000, 0.000000000000000000 ) ) ;
#4698 = PERSON_AND_ORGANIZATION_ROLE ( 'creator' ) ;
#4699 = DIRECTION ( 'NONE',  ( 0.000000000000000000, -1.000000000000000000, 0.000000000000000000 ) ) ;
#4700 = APPLICATION_PROTOCOL_DEFINITION ( 'international standard', 'config_control_design', 1994, #4428 ) ;
#4701 = LOCAL_TIME ( 6, 20, 33.00000000000000000, #9013 ) ;
#4702 = EDGE_CURVE ( 'NONE', #2709, #5517, #5436, .T. ) ;
#4703 = VECTOR ( 'NONE', #10573, 1000.000000000000000 ) ;
#4704 = ORIENTED_EDGE ( 'NONE', *, *, #10489, .T. ) ;
#4705 = CARTESIAN_POINT ( 'NONE',  ( -27.69999999999999929, 57.00000000000000000, 0.000000000000000000 ) ) ;
#4706 = ORIENTED_EDGE ( 'NONE', *, *, #4756, .T. ) ;
#4707 = CARTESIAN_POINT ( 'NONE',  ( 0.000000000000000000, 62.50000000000000000, 6.000000000000000000 ) ) ;
#4708 = CARTESIAN_POINT ( 'NONE',  ( 28.00000000000000000, 8.000000000000000000, 0.000000000000000000 ) ) ;
#4709 = CARTESIAN_POINT ( 'NONE',  ( -11.59999999999999964, 0.000000000000000000, -0.000000000000000000 ) ) ;
#4710 = LOCAL_TIME ( 6, 20, 33.00000000000000000, #3580 ) ;
#4711 = AXIS2_PLACEMENT_3D ( 'NONE', #7922, #2023, #6976 ) ;
#4712 =( LENGTH_UNIT ( ) NAMED_UNIT ( * ) SI_UNIT ( .MILLI., .METRE. ) );
#4713 = ORIENTED_EDGE ( 'NONE', *, *, #50, .F. ) ;
#4714 = CARTESIAN_POINT ( 'NONE',  ( -20.00000000000000000, -12.00000000000000000, 2.000000000000000000 ) ) ;
#4715 = VECTOR ( 'NONE', #9482, 1000.000000000000000 ) ;
#4716 = CIRCLE ( 'NONE', #9664, 1.700000000000000178 ) ;
#4717 = CC_DESIGN_PERSON_AND_ORGANIZATION_ASSIGNMENT ( #2667, #6017, ( #6665 ) ) ;
#4718 = FACE_OUTER_BOUND ( 'NONE', #9327, .T. ) ;
#4719 = ORIENTED_EDGE ( 'NONE', *, *, #7766, .T. ) ;
#4720 = CARTESIAN_POINT ( 'NONE',  ( 12.30006951123579562, 70.22508399488370401, 0.000000000000000000 ) ) ;
#4721 = CARTESIAN_POINT ( 'NONE',  ( 20.22508399488411968, -35.70006951123654915, -0.000000000000000000 ) ) ;
#4722 = CIRCLE ( 'NONE', #2786, 1.700000000000000178 ) ;
#4723 = EDGE_LOOP ( 'NONE', ( #5832, #7375, #4006, #5245 ) ) ;
#4724 = CARTESIAN_POINT ( 'NONE',  ( 20.22508399488666697, -0.000000000000000000, 10.30006951123579206 ) ) ;
#4725 = CARTESIAN_POINT ( 'NONE',  ( -11.93695299064316373, 7.315065345002940589, 8.757164273855202907 ) ) ;
#4726 = APPROVAL_ROLE ( '' ) ;
#4727 = CONTEXT_DEPENDENT_SHAPE_REPRESENTATION ( #10631, #9701 ) ;
#4728 = CC_DESIGN_APPROVAL ( #6194, ( #7687 ) ) ;
#4729 = ORIENTED_EDGE ( 'NONE', *, *, #390, .F. ) ;
#4730 = AXIS2_PLACEMENT_3D ( 'NONE', #1209, #2190, #9704 ) ;
#4731 = ADVANCED_FACE ( 'NONE', ( #614 ), #10705, .F. ) ;
#4732 = ORIENTED_EDGE ( 'NONE', *, *, #5226, .T. ) ;
#4733 = FACE_OUTER_BOUND ( 'NONE', #4073, .T. ) ;
#4734 = VECTOR ( 'NONE', #8104, 1000.000000000000000 ) ;
#4735 = ORIENTED_EDGE ( 'NONE', *, *, #7445, .F. ) ;
#4736 = ORIENTED_EDGE ( 'NONE', *, *, #593, .T. ) ;
#4737 = CYLINDRICAL_SURFACE ( 'NONE', #3174, 1.700000000000000178 ) ;
#4738 =( NAMED_UNIT ( * ) PLANE_ANGLE_UNIT ( ) SI_UNIT ( $, .RADIAN. ) );
#4739 = CARTESIAN_POINT ( 'NONE',  ( 0.000000000000000000, 62.50000000000000000, 0.000000000000000000 ) ) ;
#4740 = CARTESIAN_POINT ( 'NONE',  ( 13.55736206016057466, 68.34320465898694863, -0.000000000000000000 ) ) ;
#4741 = ADVANCED_FACE ( 'NONE', ( #7209 ), #8930, .F. ) ;
#4742 = DATE_TIME_ROLE ( 'creation_date' ) ;
#4743 = AXIS2_PLACEMENT_3D ( 'NONE', #3923, #7070, #8854 ) ;
#4744 = CONTEXT_DEPENDENT_SHAPE_REPRESENTATION ( #55, #5455 ) ;
#4745 = FACE_BOUND ( 'NONE', #10636, .T. ) ;
#4746 = VERTEX_POINT ( 'NONE', #2256 ) ;
#4747 = VECTOR ( 'NONE', #4131, 1000.000000000000000 ) ;
#4748 = ORIENTED_EDGE ( 'NONE', *, *, #4660, .T. ) ;
#4749 = ORIENTED_EDGE ( 'NONE', *, *, #4015, .F. ) ;
#4750 = CARTESIAN_POINT ( 'NONE',  ( -1.634255756361377543, 2.027746979026365359, 0.000000000000000000 ) ) ;
#4751 = DIRECTION ( 'NONE',  ( -1.000000000000000000, -0.000000000000000000, -0.000000000000000000 ) ) ;
#4752 = B_SPLINE_CURVE_WITH_KNOTS ( 'NONE', 3,
 ( #7724, #2653, #180, #5231, #1833, #9273, #4421, #8551, #3529, #1000, #8618, #9333, #1063, #7776 ),
 .UNSPECIFIED., .F., .F.,
 ( 4, 2, 2, 2, 2, 2, 4 ),
 ( 0.000000000000000000, 0.05322997919402821382, 0.07984496879104228950, 0.1064599583880563721, 0.1330749479850704686, 0.1596899375820845512, 0.2129199167761126610 ),
 .UNSPECIFIED. ) ;
#4753 = CARTESIAN_POINT ( 'NONE',  ( 0.000000000000000000, 3.000000000000000000, 0.000000000000000000 ) ) ;
#4754 = CARTESIAN_POINT ( 'NONE',  ( 32.48432534211531220, 48.14134607986859038, 0.000000000000000000 ) ) ;
#4755 = CYLINDRICAL_SURFACE ( 'NONE', #3134, 1.700000000000000178 ) ;
#4756 = EDGE_CURVE ( 'NONE', #9758, #10130, #10602, .T. ) ;
#4757 = DATE_AND_TIME ( #4035, #10683 ) ;
#4758 = DIRECTION ( 'NONE',  ( 1.000000000000000000, 0.000000000000000000, 0.000000000000000000 ) ) ;
#4759 = APPROVAL_STATUS ( 'not_yet_approved' ) ;
#4760 = VECTOR ( 'NONE', #2, 1000.000000000000000 ) ;
#4761 = PRODUCT_DEFINITION_SHAPE ( 'NONE', 'NONE',  #10912 ) ;
#4762 = ORIENTED_EDGE ( 'NONE', *, *, #7184, .F. ) ;
#4763 = DIRECTION ( 'NONE',  ( 1.000000000000000000, 0.000000000000000000, 0.000000000000000000 ) ) ;
#4764 = ORIENTED_EDGE ( 'NONE', *, *, #6909, .T. ) ;
#4765 = DIRECTION ( 'NONE',  ( -1.000000000000000000, 0.000000000000000000, -0.000000000000000000 ) ) ;
#4766 = CARTESIAN_POINT ( 'NONE',  ( -9.858538931789095017, -0.000000000000000000, 19.51547649045560817 ) ) ;
#4767 = CARTESIAN_POINT ( 'NONE',  ( 27.69999999999999929, 45.00000000000000000, -1.200000000000000030E-05 ) ) ;
#4768 = DIRECTION ( 'NONE',  ( -1.000000000000000000, 0.000000000000000000, 0.000000000000000000 ) ) ;
#4769 = EDGE_CURVE ( 'NONE', #7664, #10091, #4628, .T. ) ;
#4770 = EDGE_CURVE ( 'NONE', #8283, #6935, #1386, .T. ) ;
#4771 = FACE_OUTER_BOUND ( 'NONE', #9982, .T. ) ;
#4772 = AXIS2_PLACEMENT_3D ( 'NONE', #1665, #4966, #3255 ) ;
#4773 = EDGE_LOOP ( 'NONE', ( #3223, #4464, #9906, #5896 ) ) ;
#4774 = CARTESIAN_POINT ( 'NONE',  ( 0.000000000000000000, 0.000000000000000000, 0.000000000000000000 ) ) ;
#4775 = APPLICATION_CONTEXT ( 'configuration controlled 3d designs of mechanical parts and assemblies' ) ;
#4776 = ORIENTED_EDGE ( 'NONE', *, *, #8809, .T. ) ;
#4777 = CARTESIAN_POINT ( 'NONE',  ( 18.30006951123579384, -5.774916005113895245, -0.000000000000000000 ) ) ;
#4778 = CARTESIAN_POINT ( 'NONE',  ( 3.000000000000000000, 146.0000000000000000, 83.00000000000000000 ) ) ;
#4779 = CARTESIAN_POINT ( 'NONE',  ( 11.68311043139274830, 7.714395407957674422, 8.881677801039298714 ) ) ;
#4780 = ORIENTED_EDGE ( 'NONE', *, *, #10570, .F. ) ;
#4781 = DIRECTION ( 'NONE',  ( -0.000000000000000000, -0.000000000000000000, 1.000000000000000000 ) ) ;
#4782 = CARTESIAN_POINT ( 'NONE',  ( 31.19999999999999929, 59.50000000000000000, -1.200000000000000030E-05 ) ) ;
#4783 = CC_DESIGN_DATE_AND_TIME_ASSIGNMENT ( #233, #7883, ( #3821 ) ) ;
#4784 = COORDINATED_UNIVERSAL_TIME_OFFSET ( 5, 0, .BEHIND. ) ;
#4785 = PERSON ( 'NAUO-PER17', 'UNSPECIFIED', 'UNSPECIFIED', ('UNSPECIFIED'), ('UNSPECIFIED'), ('UNSPECIFIED') ) ;
#4786 = ITEM_DEFINED_TRANSFORMATION ( 'NONE', 'NONE', #4192,  #7172 ) ;
#4787 = ORIENTED_EDGE ( 'NONE', *, *, #8937, .F. ) ;
#4788 = ORIENTED_EDGE ( 'NONE', *, *, #5398, .T. ) ;
#4789 = FACE_OUTER_BOUND ( 'NONE', #7066, .T. ) ;
#4790 = VERTEX_POINT ( 'NONE', #501 ) ;
#4791 = FACE_OUTER_BOUND ( 'NONE', #1837, .T. ) ;
#4792 = CARTESIAN_POINT ( 'NONE',  ( -8.099999999999999645, 70.00000000000000000, 0.000000000000000000 ) ) ;
#4793 = CC_DESIGN_DATE_AND_TIME_ASSIGNMENT ( #5176, #8556, ( #6626 ) ) ;
#4794 = DIRECTION ( 'NONE',  ( 0.000000000000000000, 0.000000000000000000, -1.000000000000000000 ) ) ;
#4795 = CC_DESIGN_PERSON_AND_ORGANIZATION_ASSIGNMENT ( #5409, #5350, ( #7217 ) ) ;
#4796 = PERSON_AND_ORGANIZATION ( #6743, #3319 ) ;
#4797 = CALENDAR_DATE ( 2026, 18, 9 ) ;
#4798 = CARTESIAN_POINT ( 'NONE',  ( 118.3810499613777267, 11.00000000000000000, 6.000000000000000000 ) ) ;
#4799 = EDGE_CURVE ( 'NONE', #2293, #274, #5498, .T. ) ;
#4800 = ORIENTED_EDGE ( 'NONE', *, *, #7658, .F. ) ;
#4801 = VERTEX_POINT ( 'NONE', #559 ) ;
#4802 = ORIENTED_EDGE ( 'NONE', *, *, #7595, .T. ) ;
#4803 = DIRECTION ( 'NONE',  ( -1.000000000000000000, -0.000000000000000000, -0.000000000000000000 ) ) ;
#4804 = CARTESIAN_POINT ( 'NONE',  ( 0.000000000000000000, 72.50000000000000000, 0.000000000000000000 ) ) ;
#4805 = DIRECTION ( 'NONE',  ( -0.000000000000000000, -0.000000000000000000, 1.000000000000000000 ) ) ;
#4806 = DIRECTION ( 'NONE',  ( 0.000000000000000000, 0.000000000000000000, -1.000000000000000000 ) ) ;
#4807 = CARTESIAN_POINT ( 'NONE',  ( -24.30000000000000071, 45.00000000000000000, 5.000000000000000000 ) ) ;
#4808 = SECURITY_CLASSIFICATION_LEVEL ( 'unclassified' ) ;
#4809 = CARTESIAN_POINT ( 'NONE',  ( -0.5999999999999999778, 0.000000000000000000, 0.000000000000000000 ) ) ;
#4810 = DATE_AND_TIME ( #2383, #8931 ) ;
#4811 = CIRCLE ( 'NONE', #9939, 2.600000000000000089 ) ;
#4812 = EDGE_CURVE ( 'NONE', #1491, #4476, #8877, .T. ) ;
#4813 = ORIENTED_EDGE ( 'NONE', *, *, #1787, .T. ) ;
#4814 = DIRECTION ( 'NONE',  ( 0.000000000000000000, -1.000000000000000000, 0.000000000000000000 ) ) ;
#4815 = ORIENTED_EDGE ( 'NONE', *, *, #5251, .F. ) ;
#4816 = DIRECTION ( 'NONE',  ( -0.000000000000000000, -0.000000000000000000, -1.000000000000000000 ) ) ;
#4817 = DIRECTION ( 'NONE',  ( -0.000000000000000000, -0.000000000000000000, 1.000000000000000000 ) ) ;
#4818 = DIRECTION ( 'NONE',  ( 0.000000000000000000, 0.000000000000000000, -1.000000000000000000 ) ) ;
#4819 = DIRECTION ( 'NONE',  ( 0.5000000000000001110, 0.8660254037844385966, 0.000000000000000000 ) ) ;
#4820 = AXIS2_PLACEMENT_3D ( 'NONE', #9684, #8852, #8800 ) ;
#4821 = DIRECTION ( 'NONE',  ( 1.000000000000000000, -0.000000000000000000, -0.000000000000000000 ) ) ;
#4822 = ORIENTED_EDGE ( 'NONE', *, *, #5824, .T. ) ;
#4823 = FACE_OUTER_BOUND ( 'NONE', #5812, .T. ) ;
#4824 = ADVANCED_FACE ( 'NONE', ( #8041 ), #5551, .F. ) ;
#4825 = EDGE_CURVE ( 'NONE', #8976, #9518, #8994, .T. ) ;
#4826 = AXIS2_PLACEMENT_3D ( 'NONE', #10392, #1169, #2821 ) ;
#4827 = VERTEX_POINT ( 'NONE', #6083 ) ;
#4828 = CARTESIAN_POINT ( 'NONE',  ( 14.44263793983941824, 71.65679534101303716, -0.000000000000000000 ) ) ;
#4829 = FACE_OUTER_BOUND ( 'NONE', #8911, .T. ) ;
#4830 = CARTESIAN_POINT ( 'NONE',  ( 11.88038519805911619, 7.406761620341381303, 10.60532561035885202 ) ) ;
#4831 = ORIENTED_EDGE ( 'NONE', *, *, #10356, .F. ) ;
#4832 = CARTESIAN_POINT ( 'NONE',  ( -10.00000000000000000, -10.00000000000000000, 39.50000000000000000 ) ) ;
#4833 = CARTESIAN_POINT ( 'NONE',  ( -9.000000000000000000, 59.50000000000000000, 1.300000000000000044 ) ) ;
#4834 = PERSON_AND_ORGANIZATION ( #6743, #3319 ) ;
#4835 = VECTOR ( 'NONE', #5146, 1000.000000000000000 ) ;
#4836 = VECTOR ( 'NONE', #8134, 1000.000000000000000 ) ;
#4837 = CALENDAR_DATE ( 2026, 18, 9 ) ;
#4838 = ORIENTED_EDGE ( 'NONE', *, *, #8576, .F. ) ;
#4839 = EDGE_CURVE ( 'NONE', #4014, #3249, #6245, .T. ) ;
#4840 = CARTESIAN_POINT ( 'NONE',  ( -21.48439506952756872, -33.14151426980636472, 0.000000000000000000 ) ) ;
#4841 = CARTESIAN_POINT ( 'NONE',  ( 0.5999999999999999778, 0.000000000000000000, 4.000000000000000000 ) ) ;
#4842 = CARTESIAN_POINT ( 'NONE',  ( 31.00000000000000000, -1.200000000000000030E-05, 19.30000000000000071 ) ) ;
#4843 = SECURITY_CLASSIFICATION ( '', '', #2907 ) ;
#4844 = ORIENTED_EDGE ( 'NONE', *, *, #377, .F. ) ;
#4845 = CARTESIAN_POINT ( 'NONE',  ( 40.00000000000000000, 40.00000000000000000, 40.00000000000000000 ) ) ;
#4846 = DIRECTION ( 'NONE',  ( 0.000000000000000000, 0.000000000000000000, 1.000000000000000000 ) ) ;
#4847 = APPROVAL_STATUS ( 'not_yet_approved' ) ;
#4848 = DATE_AND_TIME ( #7322, #2555 ) ;
#4849 = PRODUCT_DEFINITION_SHAPE ( 'NONE', 'NONE',  #5179 ) ;
#4850 = LOCAL_TIME ( 6, 20, 33.00000000000000000, #8892 ) ;
#4851 = FACE_BOUND ( 'NONE', #2646, .T. ) ;
#4852 = CC_DESIGN_DATE_AND_TIME_ASSIGNMENT ( #8450, #5953, ( #2095 ) ) ;
#4853 = ORIENTED_EDGE ( 'NONE', *, *, #10680, .F. ) ;
#4854 = EDGE_LOOP ( 'NONE', ( #4377, #4815, #3721, #1058 ) ) ;
#4855 = CARTESIAN_POINT ( 'NONE',  ( 18.30006951123579384, -33.77491600511334724, -0.000000000000000000 ) ) ;
#4856 = LINE ( 'NONE', #9006, #8585 ) ;
#4857 = LINE ( 'NONE', #8224, #10378 ) ;
#4858 = CC_DESIGN_APPROVAL ( #7411, ( #2095 ) ) ;
#4859 = DIRECTION ( 'NONE',  ( -0.000000000000000000, -1.000000000000000000, -0.000000000000000000 ) ) ;
#4860 = CARTESIAN_POINT ( 'NONE',  ( -6.000000000000000000, 0.000000000000000000, 20.00000000000000000 ) ) ;
#4861 = APPROVAL_ROLE ( '' ) ;
#4862 = DIRECTION ( 'NONE',  ( 1.000000000000000000, 0.000000000000000000, 0.000000000000000000 ) ) ;
#4863 = APPROVAL_STATUS ( 'not_yet_approved' ) ;
#4864 = VERTEX_POINT ( 'NONE', #6191 ) ;
#4865 = LOCAL_TIME ( 6, 20, 33.00000000000000000, #6166 ) ;
#4866 = ADVANCED_FACE ( 'NONE', ( #6970, #10414 ), #1094, .T. ) ;
#4867 = ORIENTED_EDGE ( 'NONE', *, *, #6299, .F. ) ;
#4868 = DIRECTION ( 'NONE',  ( -0.000000000000000000, -0.000000000000000000, 1.000000000000000000 ) ) ;
#4869 = ORIENTED_EDGE ( 'NONE', *, *, #6294, .T. ) ;
#4870 = DIRECTION ( 'NONE',  ( -0.000000000000000000, 1.000000000000000000, 0.000000000000000000 ) ) ;
#4871 = LINE ( 'NONE', #10790, #7699 ) ;
#4872 = CARTESIAN_POINT ( 'NONE',  ( 32.70000000000000284, 31.00000000000000000, -1.200000000000000030E-05 ) ) ;
#4873 = DIRECTION ( 'NONE',  ( 0.5000000000000001110, 0.8660254037844385966, 0.000000000000000000 ) ) ;
#4874 = APPROVAL_PERSON_ORGANIZATION ( #8984, #8299, #1370 ) ;
#4875 = CARTESIAN_POINT ( 'NONE',  ( -10.69999999999999929, 31.00000000000000000, -6.000000000000000152E-06 ) ) ;
#4876 = EDGE_CURVE ( 'NONE', #1558, #8506, #7969, .T. ) ;
#4877 = ORIENTED_EDGE ( 'NONE', *, *, #3531, .F. ) ;
#4878 = DIRECTION ( 'NONE',  ( 0.000000000000000000, 0.000000000000000000, -1.000000000000000000 ) ) ;
#4879 = VERTEX_POINT ( 'NONE', #1923 ) ;
#4880 = CARTESIAN_POINT ( 'NONE',  ( -10.70006951123579597, -0.000000000000000000, 3.225083994886819738 ) ) ;
#4881 = LOCAL_TIME ( 6, 20, 33.00000000000000000, #2994 ) ;
#4882 = DIRECTION ( 'NONE',  ( 1.000000000000000000, 0.000000000000000000, 0.000000000000000000 ) ) ;
#4883 = CARTESIAN_POINT ( 'NONE',  ( 15.69999999999999929, 70.00000000000000000, -6.000000000000000152E-06 ) ) ;
#4884 = ORIENTED_EDGE ( 'NONE', *, *, #1975, .T. ) ;
#4885 = DIRECTION ( 'NONE',  ( 0.000000000000000000, 1.000000000000000000, 0.000000000000000000 ) ) ;
#4886 = VECTOR ( 'NONE', #2713, 1000.000000000000000 ) ;
#4887 = VECTOR ( 'NONE', #762, 1000.000000000000000 ) ;
#4888 = LINE ( 'NONE', #4110, #1380 ) ;
#4889 = EDGE_CURVE ( 'NONE', #3621, #902, #3323, .T. ) ;
#4890 = DATE_AND_TIME ( #663, #6266 ) ;
#4891 = SECURITY_CLASSIFICATION_LEVEL ( 'unclassified' ) ;
#4892 = ORIENTED_EDGE ( 'NONE', *, *, #393, .F. ) ;
#4893 = CARTESIAN_POINT ( 'NONE',  ( 31.19999999999999929, 80.50000000000000000, 1.311805698386587116 ) ) ;
#4894 = CARTESIAN_POINT ( 'NONE',  ( 8.660254037844389075, 11.00000000000000000, 0.000000000000000000 ) ) ;
#4895 = VECTOR ( 'NONE', #1741, 1000.000000000000000 ) ;
#4896 = DIRECTION ( 'NONE',  ( -0.000000000000000000, 1.000000000000000000, -0.000000000000000000 ) ) ;
#4897 = VECTOR ( 'NONE', #4252, 1000.000000000000000 ) ;
#4898 = PERSON ( 'NAUO-PER25', 'UNSPECIFIED', 'UNSPECIFIED', ('UNSPECIFIED'), ('UNSPECIFIED'), ('UNSPECIFIED') ) ;
#4899 = EDGE_LOOP ( 'NONE', ( #7120, #2269, #6896, #4528 ) ) ;
#4900 = DIRECTION ( 'NONE',  ( 0.000000000000000000, 0.000000000000000000, -1.000000000000000000 ) ) ;
#4901 = DIRECTION ( 'NONE',  ( 0.000000000000000000, 0.000000000000000000, 1.000000000000000000 ) ) ;
#4902 = VECTOR ( 'NONE', #9039, 1000.000000000000000 ) ;
#4903 = EDGE_CURVE ( 'NONE', #10788, #1171, #10432, .T. ) ;
#4904 = SECURITY_CLASSIFICATION ( '', '', #157 ) ;
#4905 = ADVANCED_FACE ( 'NONE', ( #4556 ), #8859, .F. ) ;
#4906 = PERSON_AND_ORGANIZATION ( #6743, #3319 ) ;
#4907 = VECTOR ( 'NONE', #6639, 1000.000000000000000 ) ;
#4908 = VECTOR ( 'NONE', #6339, 1000.000000000000000 ) ;
#4909 = CARTESIAN_POINT ( 'NONE',  ( 0.000000000000000000, 0.000000000000000000, 12.00000000000000000 ) ) ;
#4910 = ORIENTED_EDGE ( 'NONE', *, *, #297, .F. ) ;
#4911 = ORIENTED_EDGE ( 'NONE', *, *, #6214, .F. ) ;
#4912 = ORIENTED_EDGE ( 'NONE', *, *, #8748, .T. ) ;
#4913 = CARTESIAN_POINT ( 'NONE',  ( 31.00000000000000000, 80.49999999999998579, 3.000000000000000000 ) ) ;
#4914 = DIRECTION ( 'NONE',  ( 1.000000000000000000, -0.000000000000000000, -0.000000000000000000 ) ) ;
#4915 = CARTESIAN_POINT ( 'NONE',  ( -2.500000000000000000, 0.000000000000000000, 5.000000000000000000 ) ) ;
#4916 = DIRECTION ( 'NONE',  ( 1.000000000000000000, -0.000000000000000000, -0.000000000000000000 ) ) ;
#4917 = VECTOR ( 'NONE', #4934, 1000.000000000000000 ) ;
#4918 = CARTESIAN_POINT ( 'NONE',  ( 9.361280813272388812, 10.41041303537513585, 9.044422475208895307 ) ) ;
#4919 = COORDINATED_UNIVERSAL_TIME_OFFSET ( 5, 0, .BEHIND. ) ;
#4920 = APPROVAL ( #6315, 'ๆช' ) ;
#4921 = PERSON_AND_ORGANIZATION ( #6743, #3319 ) ;
#4922 = VECTOR ( 'NONE', #2609, 1000.000000000000000 ) ;
#4923 = EDGE_LOOP ( 'NONE', ( #4039, #9759, #6185, #1 ) ) ;
#4924 = LINE ( 'NONE', #3921, #6392 ) ;
#4925 = ORIENTED_EDGE ( 'NONE', *, *, #8937, .T. ) ;
#4926 = CARTESIAN_POINT ( 'NONE',  ( 0.000000000000000000, 0.000000000000000000, 83.00000000000000000 ) ) ;
#4927 = LINE ( 'NONE', #6519, #3813 ) ;
#4928 = CARTESIAN_POINT ( 'NONE',  ( -10.00000000000000000, 10.00000000000000000, 39.50000000000000000 ) ) ;
#4929 = CARTESIAN_POINT ( 'NONE',  ( 213.0000000000000000, 30.00000000000000000, -102.5000000000000000 ) ) ;
#4930 = VECTOR ( 'NONE', #3637, 1000.000000000000000 ) ;
#4931 = FACE_BOUND ( 'NONE', #1354, .T. ) ;
#4932 = CC_DESIGN_PERSON_AND_ORGANIZATION_ASSIGNMENT ( #3806, #4698, ( #981 ) ) ;
#4933 = EDGE_LOOP ( 'NONE', ( #6421, #3015, #3816, #1530 ) ) ;
#4934 = DIRECTION ( 'NONE',  ( -0.000000000000000000, 1.000000000000000000, -0.000000000000000000 ) ) ;
#4935 = ORIENTED_EDGE ( 'NONE', *, *, #5908, .F. ) ;
#4936 = CARTESIAN_POINT ( 'NONE',  ( 20.44263793984915978, -4.343204658989381350, -0.000000000000000000 ) ) ;
#4937 = EDGE_CURVE ( 'NONE', #10091, #5766, #9634, .T. ) ;
#4938 = ORIENTED_EDGE ( 'NONE', *, *, #10239, .T. ) ;
#4939 = CARTESIAN_POINT ( 'NONE',  ( -6.000000000000000000, -1.300000000000000044, -0.09997027095160138099 ) ) ;
#4940 = DIRECTION ( 'NONE',  ( 0.000000000000000000, -1.000000000000000000, 0.000000000000000000 ) ) ;
#4941 = ORIENTED_EDGE ( 'NONE', *, *, #9162, .T. ) ;
#4942 = CARTESIAN_POINT ( 'NONE',  ( 0.5999999999999999778, 2.200000000000000178, 16.00000000000000000 ) ) ;
#4943 = PRODUCT_DEFINITION_SHAPE ( 'NONE', 'NONE',  #10894 ) ;
#4944 = CARTESIAN_POINT ( 'NONE',  ( -10.88523795150425677, 8.807647513432989683, 6.800000000000000711 ) ) ;
#4945 = DATE_AND_TIME ( #4486, #2406 ) ;
#4946 = COORDINATED_UNIVERSAL_TIME_OFFSET ( 5, 0, .BEHIND. ) ;
#4947 = CIRCLE ( 'NONE', #10250, 1.700000000000000178 ) ;
#4948 = DIRECTION ( 'NONE',  ( 0.000000000000000000, 1.000000000000000000, 0.000000000000000000 ) ) ;
#4949 = CARTESIAN_POINT ( 'NONE',  ( 35.60000000000000142, 62.50000000000000000, -1.200000000000000030E-05 ) ) ;
#4950 = EDGE_CURVE ( 'NONE', #10645, #7600, #2101, .T. ) ;
#4951 = CARTESIAN_POINT ( 'NONE',  ( -5.799999999999999822, 0.000000000000000000, 2.000000000000000000 ) ) ;
#4952 = ORIENTED_EDGE ( 'NONE', *, *, #2867, .F. ) ;
#4953 = CARTESIAN_POINT ( 'NONE',  ( -9.593126758156664380, 10.19730458965381104, 8.788598955132503221 ) ) ;
#4954 =( NAMED_UNIT ( * ) PLANE_ANGLE_UNIT ( ) SI_UNIT ( $, .RADIAN. ) );
#4955 = FACE_BOUND ( 'NONE', #6988, .T. ) ;
#4956 = COORDINATED_UNIVERSAL_TIME_OFFSET ( 5, 0, .BEHIND. ) ;
#4957 = CARTESIAN_POINT ( 'NONE',  ( -10.00000000000000000, 10.00000000000000000, 39.50000000000000000 ) ) ;
#4958 = EDGE_CURVE ( 'NONE', #4514, #2822, #340, .T. ) ;
#4959 = ADVANCED_FACE ( 'NONE', ( #2955 ), #3560, .T. ) ;
#4960 = VERTEX_POINT ( 'NONE', #3605 ) ;
#4961 = ORIENTED_EDGE ( 'NONE', *, *, #2671, .T. ) ;
#4962 = EDGE_LOOP ( 'NONE', ( #10288, #668 ) ) ;
#4963 = CARTESIAN_POINT ( 'NONE',  ( 0.000000000000000000, 0.000000000000000000, -1.200000000000000030E-05 ) ) ;
#4964 = CARTESIAN_POINT ( 'NONE',  ( -9.000000000000000000, -1.200000000000000030E-05, 3.000000000000000000 ) ) ;
#4965 = FACE_OUTER_BOUND ( 'NONE', #2645, .T. ) ;
#4966 = DIRECTION ( 'NONE',  ( 0.000000000000000000, 0.000000000000000000, 1.000000000000000000 ) ) ;
#4967 = CARTESIAN_POINT ( 'NONE',  ( -0.5999999999999999778, 13.98713694792469120, 16.00000000000000000 ) ) ;
#4968 = APPLICATION_PROTOCOL_DEFINITION ( 'international standard', 'config_control_design', 1994, #8927 ) ;
#4969 = PERSON_AND_ORGANIZATION ( #6743, #3319 ) ;
#4970 = EDGE_CURVE ( 'NONE', #4153, #6372, #371, .T. ) ;
#4971 = ORIENTED_EDGE ( 'NONE', *, *, #172, .F. ) ;
#4972 = DIRECTION ( 'NONE',  ( 1.000000000000000000, 0.000000000000000000, 0.000000000000000000 ) ) ;
#4973 = ORIENTED_EDGE ( 'NONE', *, *, #7595, .F. ) ;
#4974 = LINE ( 'NONE', #10019, #714 ) ;
#4975 = CARTESIAN_POINT ( 'NONE',  ( 31.00000000000000355, -6.000000000000000152E-06, 1.299999999999999600 ) ) ;
#4976 = CARTESIAN_POINT ( 'NONE',  ( -20.00000000000000000, 12.00000000000000000, 2.000000000000000000 ) ) ;
#4977 = CARTESIAN_POINT ( 'NONE',  ( 213.0000000000000000, 30.00000000000000000, 74.50000000000000000 ) ) ;
#4978 =( REPRESENTATION_RELATIONSHIP ('NONE','NONE', #1311, #4622 ) REPRESENTATION_RELATIONSHIP_WITH_TRANSFORMATION ( #7381 )SHAPE_REPRESENTATION_RELATIONSHIP( ) );
#4979 = DIRECTION ( 'NONE',  ( 1.000000000000000000, 0.000000000000000000, 0.000000000000000000 ) ) ;
#4980 = EDGE_LOOP ( 'NONE', ( #1651, #8165, #5427, #3873 ) ) ;
#4981 = EDGE_LOOP ( 'NONE', ( #2551, #8758, #3573, #5308 ) ) ;
#4982 = CC_DESIGN_PERSON_AND_ORGANIZATION_ASSIGNMENT ( #4674, #7202, ( #9967 ) ) ;
#4983 = CARTESIAN_POINT ( 'NONE',  ( 0.000000000000000000, 0.000000000000000000, 16.00000000000000000 ) ) ;
#4984 = CC_DESIGN_DATE_AND_TIME_ASSIGNMENT ( #1389, #4742, ( #6936 ) ) ;
#4985 = EDGE_LOOP ( 'NONE', ( #9635, #2817, #8839, #9072 ) ) ;
#4986 = CARTESIAN_POINT ( 'NONE',  ( -13.14151426979812065, 71.48439506952533407, 0.000000000000000000 ) ) ;
#4987 = CARTESIAN_POINT ( 'NONE',  ( 11.94592245563050525, 7.300338131588374857, 9.870962191954024689 ) ) ;
#4988 = VECTOR ( 'NONE', #3051, 1000.000000000000000 ) ;
#4989 = ORIENTED_EDGE ( 'NONE', *, *, #731, .F. ) ;
#4990 = CARTESIAN_POINT ( 'NONE',  ( -6.000000000000000000, 0.000000000000000000, 0.000000000000000000 ) ) ;
#4991 = PLANE ( 'NONE',  #2242 ) ;
#4992 = EDGE_CURVE ( 'NONE', #8863, #298, #1972, .T. ) ;
#4993 = VECTOR ( 'NONE', #3596, 1000.000000000000000 ) ;
#4994 = CARTESIAN_POINT ( 'NONE',  ( 0.000000000000000000, 0.000000000000000000, 2.000000000000000000 ) ) ;
#4995 = DIRECTION ( 'NONE',  ( -1.000000000000000000, 0.000000000000000000, -0.000000000000000000 ) ) ;
#4996 = DIRECTION ( 'NONE',  ( 1.000000000000000000, -0.000000000000000000, 0.000000000000000000 ) ) ;
#4997 = ORIENTED_EDGE ( 'NONE', *, *, #5164, .T. ) ;
#4998 = DIRECTION ( 'NONE',  ( -0.000000000000000000, -0.000000000000000000, -1.000000000000000000 ) ) ;
#4999 =( NAMED_UNIT ( * ) SI_UNIT ( $, .STERADIAN. ) SOLID_ANGLE_UNIT ( ) );
#5000 = AXIS2_PLACEMENT_3D ( 'NONE', #3322, #6682, #284 ) ;
#5001 = DIRECTION ( 'NONE',  ( -0.000000000000000000, -0.000000000000000000, 1.000000000000000000 ) ) ;
#5002 = PERSON_AND_ORGANIZATION ( #6743, #3319 ) ;
#5003 = EDGE_CURVE ( 'NONE', #9038, #2209, #10466, .T. ) ;
#5004 = APPROVAL_ROLE ( '' ) ;
#5005 = EDGE_CURVE ( 'NONE', #5482, #8452, #4560, .T. ) ;
#5006 = CYLINDRICAL_SURFACE ( 'NONE', #7718, 1.700000000000000178 ) ;
#5007 = CC_DESIGN_APPROVAL ( #9043, ( #8893 ) ) ;
#5008 = ORIENTED_EDGE ( 'NONE', *, *, #6147, .F. ) ;
#5009 = VERTEX_POINT ( 'NONE', #9744 ) ;
#5010 = ORIENTED_EDGE ( 'NONE', *, *, #8810, .T. ) ;
#5011 = CARTESIAN_POINT ( 'NONE',  ( 18.63871090099589978, -32.95702773923764539, -0.000000000000000000 ) ) ;
#5012 = DIRECTION ( 'NONE',  ( 0.000000000000000000, 0.000000000000000000, -1.000000000000000000 ) ) ;
#5013 = DIRECTION ( 'NONE',  ( -1.000000000000000000, 0.000000000000000000, 0.000000000000000000 ) ) ;
#5014 = CARTESIAN_POINT ( 'NONE',  ( 29.30000000000000071, 49.00000000000000000, -6.000000000000000152E-06 ) ) ;
#5015 = DIRECTION ( 'NONE',  ( -0.000000000000000000, -0.000000000000000000, -1.000000000000000000 ) ) ;
#5016 = CALENDAR_DATE ( 2026, 18, 9 ) ;
#5017 = LOCAL_TIME ( 6, 20, 33.00000000000000000, #2141 ) ;
#5018 = EDGE_CURVE ( 'NONE', #360, #7959, #3058, .T. ) ;
#5019 = DATE_AND_TIME ( #9062, #2944 ) ;
#5020 = EDGE_CURVE ( 'NONE', #850, #1726, #3931, .T. ) ;
#5021 = ADVANCED_FACE ( 'NONE', ( #9134 ), #7241, .F. ) ;
#5022 = AXIS2_PLACEMENT_3D ( 'NONE', #5494, #7205, #7932 ) ;
#5023 = ORIENTED_EDGE ( 'NONE', *, *, #10587, .F. ) ;
#5024 = FACE_OUTER_BOUND ( 'NONE', #2547, .T. ) ;
#5025 = LOCAL_TIME ( 6, 20, 33.00000000000000000, #4483 ) ;
#5026 = ORIENTED_EDGE ( 'NONE', *, *, #309, .F. ) ;
#5027 = LINE ( 'NONE', #700, #6857 ) ;
#5028 = CARTESIAN_POINT ( 'NONE',  ( -24.30000000000000071, -57.00000000000000000, 5.000000000000000000 ) ) ;
#5029 = DIRECTION ( 'NONE',  ( 1.000000000000000000, 0.000000000000000000, -0.000000000000000000 ) ) ;
#5030 = PLANE ( 'NONE',  #8776 ) ;
#5031 = ADVANCED_FACE ( 'NONE', ( #1586 ), #3829, .T. ) ;
#5032 = EDGE_CURVE ( 'NONE', #6371, #795, #7191, .T. ) ;
#5033 = EDGE_LOOP ( 'NONE', ( #2474, #6962, #1107, #10702 ) ) ;
#5034 = SECURITY_CLASSIFICATION ( '', '', #5719 ) ;
#5035 = VECTOR ( 'NONE', #1973, 1000.000000000000000 ) ;
#5036 = ORIENTED_EDGE ( 'NONE', *, *, #10693, .T. ) ;
#5037 = LINE ( 'NONE', #8409, #3933 ) ;
#5038 = ORIENTED_EDGE ( 'NONE', *, *, #10830, .F. ) ;
#5039 = PLANE ( 'NONE',  #5778 ) ;
#5040 = CARTESIAN_POINT ( 'NONE',  ( 20.00000000000000000, 8.000000000000000000, 10.30000000000000071 ) ) ;
#5041 = CC_DESIGN_APPROVAL ( #10457, ( #10599 ) ) ;
#5042 = ORIENTED_EDGE ( 'NONE', *, *, #4267, .F. ) ;
#5043 = CARTESIAN_POINT ( 'NONE',  ( -35.00000000000000000, -70.00000000000000000, 0.000000000000000000 ) ) ;
#5044 = CARTESIAN_POINT ( 'NONE',  ( -7.343204658989564315, -0.000000000000000000, 21.44263793984915623 ) ) ;
#5045 = CC_DESIGN_PERSON_AND_ORGANIZATION_ASSIGNMENT ( #3493, #1851, ( #6086 ) ) ;
#5046 = CONTEXT_DEPENDENT_SHAPE_REPRESENTATION ( #4564, #637 ) ;
#5047 = SECURITY_CLASSIFICATION ( '', '', #1512 ) ;
#5048 = PERSON ( 'NAUO-PER8', 'UNSPECIFIED', 'UNSPECIFIED', ('UNSPECIFIED'), ('UNSPECIFIED'), ('UNSPECIFIED') ) ;
#5049 = CARTESIAN_POINT ( 'NONE',  ( -21.00000000000000000, 8.000000000000000000, 24.00000000000000000 ) ) ;
#5050 = CARTESIAN_POINT ( 'NONE',  ( 35.00000000000000000, 14.00000000000000000, 4.000000000000000000 ) ) ;
#5051 = CARTESIAN_POINT ( 'NONE',  ( 29.63880920472810132, 0.000000000000000000, 22.04287395703016372 ) ) ;
#5052 = VECTOR ( 'NONE', #6187, 1000.000000000000000 ) ;
#5053 = VECTOR ( 'NONE', #48, 1000.000000000000000 ) ;
#5054 = ORIENTED_EDGE ( 'NONE', *, *, #127, .T. ) ;
#5055 = CARTESIAN_POINT ( 'NONE',  ( 31.60000000000000142, 77.50000000000000000, 4.590597372058685011 ) ) ;
#5056 = VECTOR ( 'NONE', #10473, 1000.000000000000000 ) ;
#5057 = LINE ( 'NONE', #8431, #1368 ) ;
#5058 = COORDINATED_UNIVERSAL_TIME_OFFSET ( 5, 0, .BEHIND. ) ;
#5059 = CARTESIAN_POINT ( 'NONE',  ( 0.000000000000000000, 0.000000000000000000, 0.000000000000000000 ) ) ;
#5060 = ADVANCED_FACE ( 'NONE', ( #4823 ), #2180, .F. ) ;
#5061 = DATE_TIME_ROLE ( 'classification_date' ) ;
#5062 = CIRCLE ( 'NONE', #5937, 30.00000000000000000 ) ;
#5063 = AXIS2_PLACEMENT_3D ( 'NONE', #3602, #4551, #9528 ) ;
#5064 = FACE_OUTER_BOUND ( 'NONE', #7353, .T. ) ;
#5065 = VECTOR ( 'NONE', #5174, 1000.000000000000000 ) ;
#5066 = ORIENTED_EDGE ( 'NONE', *, *, #3875, .T. ) ;
#5067 = EDGE_LOOP ( 'NONE', ( #9157, #10313, #6261, #7145 ) ) ;
#5068 = EDGE_CURVE ( 'NONE', #5131, #1486, #8250, .T. ) ;
#5069 = VERTEX_POINT ( 'NONE', #1472 ) ;
#5070 = DIRECTION ( 'NONE',  ( -0.000000000000000000, -0.000000000000000000, 1.000000000000000000 ) ) ;
#5071 = LINE ( 'NONE', #10878, #10364 ) ;
#5072 = FACE_OUTER_BOUND ( 'NONE', #10797, .T. ) ;
#5073 = CIRCLE ( 'NONE', #4193, 14.00000000000000000 ) ;
#5074 = LINE ( 'NONE', #4251, #8436 ) ;
#5075 = CARTESIAN_POINT ( 'NONE',  ( 32.69999999999999574, 30.77438419509625334, 0.000000000000000000 ) ) ;
#5076 = APPROVAL_ROLE ( '' ) ;
#5077 = APPROVAL_DATE_TIME ( #10119, #9999 ) ;
#5078 = ORIENTED_EDGE ( 'NONE', *, *, #6112, .T. ) ;
#5079 = EDGE_LOOP ( 'NONE', ( #10455, #2390 ) ) ;
#5080 = DIRECTION ( 'NONE',  ( -0.000000000000000000, -0.000000000000000000, 1.000000000000000000 ) ) ;
#5081 = VECTOR ( 'NONE', #1111, 1000.000000000000000 ) ;
#5082 = EDGE_CURVE ( 'NONE', #3707, #6397, #7352, .T. ) ;
#5083 = ORIENTED_EDGE ( 'NONE', *, *, #8743, .F. ) ;
#5084 = DIRECTION ( 'NONE',  ( 1.000000000000000000, 0.000000000000000000, 0.000000000000000000 ) ) ;
#5085 = CARTESIAN_POINT ( 'NONE',  ( -7.957027739238696107, 50.36128909900571671, -0.000000000000000000 ) ) ;
#5086 = DIRECTION ( 'NONE',  ( 0.000000000000000000, -1.000000000000000000, 0.000000000000000000 ) ) ;
#5087 = CARTESIAN_POINT ( 'NONE',  ( 35.00000000000000000, 110.0000000000000000, 49.00000000000000000 ) ) ;
#5088 = FACE_BOUND ( 'NONE', #3681, .T. ) ;
#5089 = ORIENTED_EDGE ( 'NONE', *, *, #4688, .F. ) ;
#5090 = VECTOR ( 'NONE', #8964, 1000.000000000000000 ) ;
#5091 = VERTEX_POINT ( 'NONE', #9802 ) ;
#5092 = PLANE ( 'NONE',  #781 ) ;
#5093 = EDGE_CURVE ( 'NONE', #3938, #346, #3113, .T. ) ;
#5094 = ORIENTED_EDGE ( 'NONE', *, *, #3812, .T. ) ;
#5095 = CARTESIAN_POINT ( 'NONE',  ( -18.34333309900548770, 0.000000000000000000, 11.55741526174869271 ) ) ;
#5096 = PLANE ( 'NONE',  #5860 ) ;
#5097 = EDGE_CURVE ( 'NONE', #725, #1899, #3885, .T. ) ;
#5098 = AXIS2_PLACEMENT_3D ( 'NONE', #5170, #3413, #4361 ) ;
#5099 = VERTEX_POINT ( 'NONE', #8909 ) ;
#5100 = DIRECTION ( 'NONE',  ( 0.000000000000000000, -0.000000000000000000, 1.000000000000000000 ) ) ;
#5101 = DIRECTION ( 'NONE',  ( 1.000000000000000000, 0.000000000000000000, -0.000000000000000000 ) ) ;
#5102 = PERSON_AND_ORGANIZATION_ROLE ( 'classification_officer' ) ;
#5103 = AXIS2_PLACEMENT_3D ( 'NONE', #8155, #613, #2313 ) ;
#5104 = CARTESIAN_POINT ( 'NONE',  ( 31.60000000000000142, -1.200000000000000030E-05, 1.409402627941315211 ) ) ;
#5105 = CARTESIAN_POINT ( 'NONE',  ( -21.36119079527264830, -35.04287395702866803, 0.000000000000000000 ) ) ;
#5106 = CARTESIAN_POINT ( 'NONE',  ( 31.60000000000000142, -1.200000000000000030E-05, 4.590597372058685011 ) ) ;
#5107 = VERTEX_POINT ( 'NONE', #1529 ) ;
#5108 = DIRECTION ( 'NONE',  ( 0.000000000000000000, 0.000000000000000000, -1.000000000000000000 ) ) ;
#5109 = PLANE ( 'NONE',  #495 ) ;
#5110 = PERSON_AND_ORGANIZATION ( #6743, #3319 ) ;
#5111 = DIRECTION ( 'NONE',  ( 1.000000000000000000, 0.000000000000000000, 0.000000000000000000 ) ) ;
#5112 = DATE_AND_TIME ( #5877, #632 ) ;
#5113 = PLANE ( 'NONE',  #324 ) ;
#5114 =( REPRESENTATION_RELATIONSHIP ('NONE','NONE', #1311, #8665 ) REPRESENTATION_RELATIONSHIP_WITH_TRANSFORMATION ( #7528 )SHAPE_REPRESENTATION_RELATIONSHIP( ) );
#5115 = ORIENTED_EDGE ( 'NONE', *, *, #9213, .F. ) ;
#5116 = CC_DESIGN_DATE_AND_TIME_ASSIGNMENT ( #6883, #8378, ( #8893 ) ) ;
#5117 = APPROVAL ( #3916, 'ๆช' ) ;
#5118 = VERTEX_POINT ( 'NONE', #1358 ) ;
#5119 = ORIENTED_EDGE ( 'NONE', *, *, #6957, .F. ) ;
#5120 = LINE ( 'NONE', #4419, #7030 ) ;
#5121 = DIRECTION ( 'NONE',  ( 0.000000000000000000, 0.000000000000000000, 1.000000000000000000 ) ) ;
#5122 = DIRECTION ( 'NONE',  ( -0.000000000000000000, -0.000000000000000000, 1.000000000000000000 ) ) ;
#5123 = DIRECTION ( 'NONE',  ( -1.000000000000000000, 0.000000000000000000, 0.000000000000000000 ) ) ;
#5124 = CARTESIAN_POINT ( 'NONE',  ( -12.00000000000000000, -12.00000000000000000, 0.000000000000000000 ) ) ;
#5125 = DATE_AND_TIME ( #2598, #6785 ) ;
#5126 = ADVANCED_FACE ( 'NONE', ( #4718 ), #708, .F. ) ;
#5127 = DIRECTION ( 'NONE',  ( 0.000000000000000000, 0.000000000000000000, 1.000000000000000000 ) ) ;
#5128 = ORIENTED_EDGE ( 'NONE', *, *, #5230, .T. ) ;
#5129 = DIRECTION ( 'NONE',  ( 1.000000000000000000, 0.000000000000000000, 0.000000000000000000 ) ) ;
#5130 = ORIENTED_EDGE ( 'NONE', *, *, #4626, .F. ) ;
#5131 = VERTEX_POINT ( 'NONE', #592 ) ;
#5132 = CARTESIAN_POINT ( 'NONE',  ( 19.00000000000000000, 2.326828918379970970E-15, 4.000000000000000000 ) ) ;
#5133 = DIRECTION ( 'NONE',  ( 1.000000000000000000, 0.000000000000000000, -0.000000000000000000 ) ) ;
#5134 = CARTESIAN_POINT ( 'NONE',  ( 0.5999999999999998668, 9.000000000000000000, 10.00000000000000000 ) ) ;
#5135 = CIRCLE ( 'NONE', #7961, 1.700000000000000178 ) ;
#5136 = CALENDAR_DATE ( 2026, 18, 9 ) ;
#5137 = FACE_OUTER_BOUND ( 'NONE', #751, .T. ) ;
#5138 = APPROVAL_ROLE ( '' ) ;
#5139 = VERTEX_POINT ( 'NONE', #7294 ) ;
#5140 = ADVANCED_FACE ( 'NONE', ( #10684 ), #6466, .F. ) ;
#5141 = ORIENTED_EDGE ( 'NONE', *, *, #1975, .F. ) ;
#5142 = CARTESIAN_POINT ( 'NONE',  ( 0.000000000000000000, 0.000000000000000000, 0.000000000000000000 ) ) ;
#5143 = ORIENTED_EDGE ( 'NONE', *, *, #10115, .F. ) ;
#5144 = LINE ( 'NONE', #4492, #3678 ) ;
#5145 = DIRECTION ( 'NONE',  ( -0.000000000000000000, 1.000000000000000000, -0.000000000000000000 ) ) ;
#5146 = DIRECTION ( 'NONE',  ( 1.000000000000000000, -0.000000000000000000, -0.000000000000000000 ) ) ;
#5147 = ORIENTED_EDGE ( 'NONE', *, *, #636, .F. ) ;
#5148 = LINE ( 'NONE', #10139, #4538 ) ;
#5149 = CARTESIAN_POINT ( 'NONE',  ( -14.00000000000000000, 70.00000000000000000, -1.200000000000000030E-05 ) ) ;
#5150 = ADVANCED_FACE ( 'NONE', ( #8975 ), #5645, .F. ) ;
#5151 = EDGE_CURVE ( 'NONE', #1171, #3584, #6997, .T. ) ;
#5152 = DESIGN_CONTEXT ( 'detailed design', #9288, 'design' ) ;
#5153 = AXIS2_PLACEMENT_3D ( 'NONE', #8510, #4211, #4381 ) ;
#5154 = DIRECTION ( 'NONE',  ( 0.000000000000000000, 0.000000000000000000, -1.000000000000000000 ) ) ;
#5155 = DIRECTION ( 'NONE',  ( -0.000000000000000000, -0.000000000000000000, -1.000000000000000000 ) ) ;
#5156 = CARTESIAN_POINT ( 'NONE',  ( 29.51547649045614463, -0.000000000000000000, 21.85853893179037755 ) ) ;
#5157 = ORIENTED_EDGE ( 'NONE', *, *, #5952, .F. ) ;
#5158 = DIRECTION ( 'NONE',  ( 0.000000000000000000, -0.000000000000000000, -1.000000000000000000 ) ) ;
#5159 = CARTESIAN_POINT ( 'NONE',  ( -14.00000000000000000, 0.000000000000000000, 2.000000000000000000 ) ) ;
#5160 = DATE_AND_TIME ( #1820, #9993 ) ;
#5161 = CIRCLE ( 'NONE', #9411, 19.00000000000000000 ) ;
#5162 = DIRECTION ( 'NONE',  ( 0.000000000000000000, 0.000000000000000000, 1.000000000000000000 ) ) ;
#5163 = CALENDAR_DATE ( 2026, 18, 9 ) ;
#5164 = EDGE_CURVE ( 'NONE', #3552, #6073, #4371, .T. ) ;
#5165 = LINE ( 'NONE', #10267, #8421 ) ;
#5166 = EDGE_LOOP ( 'NONE', ( #7104, #7945, #8607, #8307 ) ) ;
#5167 = VECTOR ( 'NONE', #10098, 1000.000000000000000 ) ;
#5168 = EDGE_LOOP ( 'NONE', ( #638, #3827, #249, #2590 ) ) ;
#5169 = EDGE_LOOP ( 'NONE', ( #6628, #5635, #4393, #421, #753, #5725 ) ) ;
#5170 = CARTESIAN_POINT ( 'NONE',  ( 31.00000000000000000, 31.00000000000000000, 5.000000000000000000 ) ) ;
#5171 = DIRECTION ( 'NONE',  ( 1.000000000000000000, -0.000000000000000000, -0.000000000000000000 ) ) ;
#5172 = DIRECTION ( 'NONE',  ( -1.000000000000000000, 0.000000000000000000, -0.000000000000000000 ) ) ;
#5173 = PLANE ( 'NONE',  #9363 ) ;
#5174 = DIRECTION ( 'NONE',  ( -0.000000000000000000, -0.000000000000000000, 1.000000000000000000 ) ) ;
#5175 = PERSON_AND_ORGANIZATION ( #6743, #3319 ) ;
#5176 = DATE_AND_TIME ( #8677, #8763 ) ;
#5177 = ORIENTED_EDGE ( 'NONE', *, *, #10412, .T. ) ;
#5178 = CC_DESIGN_SECURITY_CLASSIFICATION ( #9962, ( #10905 ) ) ;
#5179 = PRODUCT_DEFINITION ( 'ๆ', '', #8394, #8367 ) ;
#5180 = CARTESIAN_POINT ( 'NONE',  ( -27.69999999999999929, 45.00000000000000000, 5.000000000000000000 ) ) ;
#5181 = EDGE_LOOP ( 'NONE', ( #10187, #5023, #5284, #7190 ) ) ;
#5182 = DIRECTION ( 'NONE',  ( 1.000000000000000000, 0.000000000000000000, 0.000000000000000000 ) ) ;
#5183 = EDGE_LOOP ( 'NONE', ( #5036, #6063, #6022, #2419 ) ) ;
#5184 = DIRECTION ( 'NONE',  ( 0.000000000000000000, -1.000000000000000000, 0.000000000000000000 ) ) ;
#5185 = CARTESIAN_POINT ( 'NONE',  ( 32.48439506952831124, 0.000000000000000000, 3.858485730194677110 ) ) ;
#5186 = CARTESIAN_POINT ( 'NONE',  ( 0.000000000000000000, 0.000000000000000000, 16.00000000000000000 ) ) ;
#5187 = CARTESIAN_POINT ( 'NONE',  ( -12.00000000000000000, -7.000000000000000000, 5.000000000000000000 ) ) ;
#5188 = APPROVAL_STATUS ( 'not_yet_approved' ) ;
#5189 = FACE_OUTER_BOUND ( 'NONE', #2069, .T. ) ;
#5190 = COORDINATED_UNIVERSAL_TIME_OFFSET ( 5, 0, .BEHIND. ) ;
#5191 = EDGE_LOOP ( 'NONE', ( #6487, #9344, #4487, #10015, #8259, #1911, #7732, #6899 ) ) ;
#5192 = EDGE_CURVE ( 'NONE', #10269, #5387, #282, .T. ) ;
#5193 = APPROVAL_PERSON_ORGANIZATION ( #9728, #9660, #1342 ) ;
#5194 = EDGE_LOOP ( 'NONE', ( #4356, #7065, #6406, #9945, #1322, #9733 ) ) ;
#5195 = CARTESIAN_POINT ( 'NONE',  ( 0.000000000000000000, 62.50000000000000000, 0.000000000000000000 ) ) ;
#5196 = EDGE_LOOP ( 'NONE', ( #10873, #3361, #9891, #1730 ) ) ;
#5197 = CARTESIAN_POINT ( 'NONE',  ( -24.30000000000000071, -57.00000000000000711, -8.271806125530276749E-22 ) ) ;
#5198 = CARTESIAN_POINT ( 'NONE',  ( 35.60000000000000142, 0.000000000000000000, 0.000000000000000000 ) ) ;
#5199 = DIRECTION ( 'NONE',  ( 1.000000000000000000, -0.000000000000000000, 0.000000000000000000 ) ) ;
#5201 = EDGE_CURVE ( 'NONE', #6323, #6549, #9555, .T. ) ;
#5200 = VERTEX_POINT ( 'NONE', #3582 ) ;
#5202 = CARTESIAN_POINT ( 'NONE',  ( -27.69999999999999929, 57.00000000000000000, -1.200000000000000030E-05 ) ) ;
#5203 = APPROVAL_PERSON_ORGANIZATION ( #505, #756, #3737 ) ;
#5204 = CYLINDRICAL_SURFACE ( 'NONE', #3826, 8.000000000000000000 ) ;
#5205 = APPROVAL_STATUS ( 'not_yet_approved' ) ;
#5206 = DIRECTION ( 'NONE',  ( 0.000000000000000000, 1.000000000000000000, 0.000000000000000000 ) ) ;
#5207 = CARTESIAN_POINT ( 'NONE',  ( -18.34313493157694097, -34.44246974991349930, -0.000000000000000000 ) ) ;
#5208 = LOCAL_TIME ( 6, 20, 33.00000000000000000, #3778 ) ;
#5209 = CARTESIAN_POINT ( 'NONE',  ( -11.94667935274166837, 7.299099505034237545, 9.755229362243063918 ) ) ;
#5211 = ADVANCED_FACE ( 'NONE', ( #1993 ), #7781, .T. ) ;
#5210 = VERTEX_POINT ( 'NONE', #2458 ) ;
#5212 = CARTESIAN_POINT ( 'NONE',  ( -7.300069511236165098, 0.000000000000000000, 3.225083994885764582 ) ) ;
#5213 = CARTESIAN_POINT ( 'NONE',  ( 0.000000000000000000, 77.50000000000000000, 0.000000000000000000 ) ) ;
#5214 = COORDINATED_UNIVERSAL_TIME_OFFSET ( 5, 0, .BEHIND. ) ;
#5215 = CARTESIAN_POINT ( 'NONE',  ( -21.65666690099477876, 0.000000000000000000, 12.44258473825066957 ) ) ;
#5216 = APPROVAL_PERSON_ORGANIZATION ( #1949, #7199, #2545 ) ;
#5217 = CALENDAR_DATE ( 2026, 18, 9 ) ;
#5218 = VECTOR ( 'NONE', #5624, 1000.000000000000000 ) ;
#5219 = CARTESIAN_POINT ( 'NONE',  ( -27.69999999999999929, -57.00000000000000000, 5.000000000000000000 ) ) ;
#5220 = EDGE_LOOP ( 'NONE', ( #8457, #2234, #7575, #3886 ) ) ;
#5221 = ORIENTED_EDGE ( 'NONE', *, *, #6968, .T. ) ;
#5222 = ORGANIZATION ( 'NAUO-ORG5', 'UNSPECIFIED', 'UNSPECIFIED' ) ;
#5223 = VECTOR ( 'NONE', #2900, 1000.000000000000000 ) ;
#5224 = ORIENTED_EDGE ( 'NONE', *, *, #2015, .T. ) ;
#5226 = EDGE_CURVE ( 'NONE', #5139, #5835, #7665, .T. ) ;
#5225 = EDGE_LOOP ( 'NONE', ( #9832, #6108, #2659, #10539 ) ) ;
#5227 = CARTESIAN_POINT ( 'NONE',  ( 31.60000000000000142, 62.50000000000000000, -1.200000000000000030E-05 ) ) ;
#5228 = DIRECTION ( 'NONE',  ( 1.000000000000000000, -0.000000000000000000, -0.000000000000000000 ) ) ;
#5229 = CARTESIAN_POINT ( 'NONE',  ( -1.313163450857918635, -2.270214330881944687, 0.000000000000000000 ) ) ;
#5230 = EDGE_CURVE ( 'NONE', #1589, #2353, #8627, .T. ) ;
#5231 = CARTESIAN_POINT ( 'NONE',  ( 2.408589353751582784, 0.9896632826438699349, -0.000000000000000000 ) ) ;
#5232 = LINE ( 'NONE', #5951, #1738 ) ;
#5233 = AXIS2_PLACEMENT_3D ( 'NONE', #5821, #3189, #4071 ) ;
#5234 = PERSON_AND_ORGANIZATION_ROLE ( 'creator' ) ;
#5235 = AXIS2_PLACEMENT_3D ( 'NONE', #10262, #2742, #4290 ) ;
#5236 = CONTEXT_DEPENDENT_SHAPE_REPRESENTATION ( #4213, #4943 ) ;
#5237 = ORIENTED_EDGE ( 'NONE', *, *, #9496, .F. ) ;
#5238 = VECTOR ( 'NONE', #5392, 1000.000000000000000 ) ;
#5239 = DIRECTION ( 'NONE',  ( -1.000000000000000000, 0.000000000000000000, 0.000000000000000000 ) ) ;
#5240 = ORIENTED_EDGE ( 'NONE', *, *, #7023, .T. ) ;
#5241 = AXIS2_PLACEMENT_3D ( 'NONE', #1418, #2394, #4768 ) ;
#5242 = ORIENTED_EDGE ( 'NONE', *, *, #4461, .T. ) ;
#5243 = PLANE ( 'NONE',  #432 ) ;
#5244 = AXIS2_PLACEMENT_3D ( 'NONE', #5470, #3753, #5252 ) ;
#5245 = ORIENTED_EDGE ( 'NONE', *, *, #4812, .T. ) ;
#5246 = DIRECTION ( 'NONE',  ( -1.000000000000000000, 0.000000000000000000, 0.000000000000000000 ) ) ;
#5247 = CARTESIAN_POINT ( 'NONE',  ( 30.55741526174577771, -0.000000000000000000, 1.343333099006538855 ) ) ;
#5248 = CARTESIAN_POINT ( 'NONE',  ( -21.00000000000000000, 0.000000000000000000, 24.00000000000000000 ) ) ;
#5249 = PRODUCT_RELATED_PRODUCT_CATEGORY ( 'detail', '', ( #3084 ) ) ;
#5250 = DIRECTION ( 'NONE',  ( -0.9196152422991569209, -0.3928203229608459579, 0.000000000000000000 ) ) ;
#5251 = EDGE_CURVE ( 'NONE', #9736, #1216, #186, .T. ) ;
#5252 = DIRECTION ( 'NONE',  ( 1.000000000000000000, 0.000000000000000000, -0.000000000000000000 ) ) ;
#5253 = CALENDAR_DATE ( 2026, 18, 9 ) ;
#5254 = APPROVAL_PERSON_ORGANIZATION ( #6702, #6597, #2632 ) ;
#5255 = VERTEX_POINT ( 'NONE', #4102 ) ;
#5256 = VECTOR ( 'NONE', #10747, 1000.000000000000000 ) ;
#5257 = VECTOR ( 'NONE', #4592, 1000.000000000000000 ) ;
#5258 = VERTEX_POINT ( 'NONE', #10031 ) ;
#5259 = DIRECTION ( 'NONE',  ( -1.000000000000000000, -0.000000000000000000, -0.000000000000000000 ) ) ;
#5260 = ORIENTED_EDGE ( 'NONE', *, *, #10784, .T. ) ;
#5261 = CARTESIAN_POINT ( 'NONE',  ( 135.7749160051163244, -1.699930488764123337, 0.000000000000000000 ) ) ;
#5262 = CARTESIAN_POINT ( 'NONE',  ( -19.55741526174874423, -7.656666900994569147, 0.000000000000000000 ) ) ;
#5263 = DIRECTION ( 'NONE',  ( 1.000000000000000000, 0.000000000000000000, 0.000000000000000000 ) ) ;
#5264 = APPROVAL ( #10653, 'UNKNOWN' ) ;
#5265 = CC_DESIGN_PERSON_AND_ORGANIZATION_ASSIGNMENT ( #2277, #2495, ( #10334 ) ) ;
#5266 = DIRECTION ( 'NONE',  ( -0.000000000000000000, -0.000000000000000000, -1.000000000000000000 ) ) ;
#5267 = DESIGN_CONTEXT ( 'detailed design', #477, 'design' ) ;
#5268 = DIRECTION ( 'NONE',  ( -1.000000000000000000, 0.000000000000000000, 0.000000000000000000 ) ) ;
#5269 = EDGE_CURVE ( 'NONE', #9455, #10733, #10848, .T. ) ;
#5270 = CARTESIAN_POINT ( 'NONE',  ( 12.00000000000000000, -7.000000000000000000, 6.700000000000000178 ) ) ;
#5271 = DIRECTION ( 'NONE',  ( -0.000000000000000000, -0.000000000000000000, -1.000000000000000000 ) ) ;
#5272 = AXIS2_PLACEMENT_3D ( 'NONE', #6900, #131, #3427 ) ;
#5273 = CARTESIAN_POINT ( 'NONE',  ( -28.00000000000000000, 0.000000000000000000, 24.00000000000000000 ) ) ;
#5274 = ORIENTED_EDGE ( 'NONE', *, *, #1542, .F. ) ;
#5275 = DIRECTION ( 'NONE',  ( 1.000000000000000000, 0.000000000000000000, 0.000000000000000000 ) ) ;
#5276 = CARTESIAN_POINT ( 'NONE',  ( -12.00000000000000000, 12.00000000000000000, 20.00000000000000000 ) ) ;
#5277 = DATE_TIME_ROLE ( 'classification_date' ) ;
#5278 = CARTESIAN_POINT ( 'NONE',  ( -27.69999999999999929, -57.00000000000000000, -1.200000000000000030E-05 ) ) ;
#5279 = VECTOR ( 'NONE', #7655, 1000.000000000000000 ) ;
#5280 = DATE_AND_TIME ( #9541, #2206 ) ;
#5281 = EDGE_CURVE ( 'NONE', #91, #6104, #536, .T. ) ;
#5282 = DIRECTION ( 'NONE',  ( -0.000000000000000000, -1.000000000000000000, -0.000000000000000000 ) ) ;
#5283 = EDGE_LOOP ( 'NONE', ( #1480, #70, #3882, #3436 ) ) ;
#5284 = ORIENTED_EDGE ( 'NONE', *, *, #5032, .F. ) ;
#5285 = ORIENTED_EDGE ( 'NONE', *, *, #9010, .T. ) ;
#5286 = CARTESIAN_POINT ( 'NONE',  ( 10.72380529476361488, 9.000000000000204281, 10.20000000000065477 ) ) ;
#5287 = SHAPE_REPRESENTATION_RELATIONSHIP ( 'NONE' , 'NONE' ,  #7713, #8478 ) ;
#5288 = LINE ( 'NONE', #2699, #5081 ) ;
#5289 = ORIENTED_EDGE ( 'NONE', *, *, #4219, .T. ) ;
#5290 = CARTESIAN_POINT ( 'NONE',  ( -10.69999999999999929, 31.00000000000000000, -1.200000000000000030E-05 ) ) ;
#5291 = CLOSED_SHELL ( 'NONE', ( #5867, #3147, #4687, #2647, #2345, #2854 ) ) ;
#5292 = PERSON_AND_ORGANIZATION_ROLE ( 'design_owner' ) ;
#5293 = COORDINATED_UNIVERSAL_TIME_OFFSET ( 5, 0, .BEHIND. ) ;
#5294 = EDGE_CURVE ( 'NONE', #5462, #1558, #5296, .T. ) ;
#5295 = ADVANCED_FACE ( 'NONE', ( #2708 ), #6895, .T. ) ;
#5296 = LINE ( 'NONE', #1839, #8980 ) ;
#5297 = ORIENTED_EDGE ( 'NONE', *, *, #649, .T. ) ;
#5298 = FACE_BOUND ( 'NONE', #4034, .T. ) ;
#5299 = ORIENTED_EDGE ( 'NONE', *, *, #1721, .T. ) ;
#5300 = CARTESIAN_POINT ( 'NONE',  ( 31.00000000000000000, 8.000000000000000000, 19.30000000000000071 ) ) ;
#5301 = CARTESIAN_POINT ( 'NONE',  ( 30.55753025008650781, -0.000000000000000000, 4.656865068423062581 ) ) ;
#5302 = CARTESIAN_POINT ( 'NONE',  ( -14.00000000000000000, 0.000000000000000000, 4.000000000000000000 ) ) ;
#5303 = APPROVAL_STATUS ( 'not_yet_approved' ) ;
#5304 = LINE ( 'NONE', #9515, #10365 ) ;
#5305 = ADVANCED_BREP_SHAPE_REPRESENTATION ( '', ( #7596, #7172 ), #9305 ) ;
#5306 = PERSON_AND_ORGANIZATION_ROLE ( 'design_supplier' ) ;
#5307 = ADVANCED_FACE ( 'NONE', ( #1895 ), #8304, .F. ) ;
#5308 = ORIENTED_EDGE ( 'NONE', *, *, #5018, .T. ) ;
#5309 = LINE ( 'NONE', #4488, #2007 ) ;
#5310 = AXIS2_PLACEMENT_3D ( 'NONE', #3348, #5155, #6705 ) ;
#5311 = EDGE_LOOP ( 'NONE', ( #6018, #2833, #1953, #538 ) ) ;
#5312 = LINE ( 'NONE', #1805, #2804 ) ;
#5313 = CARTESIAN_POINT ( 'NONE',  ( -10.00000000000000000, 10.00000000000000000, 0.000000000000000000 ) ) ;
#5314 = CARTESIAN_POINT ( 'NONE',  ( 32.48452350954386247, -0.000000000000000000, 20.14146106820963666 ) ) ;
#5315 = CARTESIAN_POINT ( 'NONE',  ( 0.000000000000000000, 0.000000000000000000, 0.000000000000000000 ) ) ;
#5316 = PRODUCT_RELATED_PRODUCT_CATEGORY ( 'detail', '', ( #5634 ) ) ;
#5317 = DIRECTION ( 'NONE',  ( 0.000000000000000000, 0.000000000000000000, -1.000000000000000000 ) ) ;
#5318 = DIRECTION ( 'NONE',  ( -1.000000000000000000, -0.000000000000000000, -0.000000000000000000 ) ) ;
#5319 = CARTESIAN_POINT ( 'NONE',  ( 255.8000000000000398, 3.000000000000000000, 0.000000000000000000 ) ) ;
#5320 = B_SPLINE_CURVE_WITH_KNOTS ( 'NONE', 3,
 ( #6175, #6278, #5247, #7950, #6901, #10340, #2111, #6222, #402, #6065, #2824, #8841, #1282, #350, #9560, #5301, #1999, #10396 ),
 .UNSPECIFIED., .F., .F.,
 ( 4, 2, 2, 2, 2, 2, 2, 2, 4 ),
 ( 0.5000000000000003331, 0.5625000000000003331, 0.6250000000000002220, 0.6875000000000002220, 0.7500000000000002220, 0.8125000000000001110, 0.8750000000000001110, 0.9375000000000000000, 1.000000000000000000 ),
 .UNSPECIFIED. ) ;
#5321 = DIRECTION ( 'NONE',  ( 0.000000000000000000, 1.000000000000000000, 0.000000000000000000 ) ) ;
#5322 = ORIENTED_EDGE ( 'NONE', *, *, #8481, .T. ) ;
#5323 = CYLINDRICAL_SURFACE ( 'NONE', #9829, 1.700000000000000178 ) ;
#5324 = CARTESIAN_POINT ( 'NONE',  ( -10.88360175605741631, 8.809597095810334011, 10.20000000000000462 ) ) ;
#5325 =( REPRESENTATION_RELATIONSHIP ('NONE','NONE', #1311, #7713 ) REPRESENTATION_RELATIONSHIP_WITH_TRANSFORMATION ( #8834 )SHAPE_REPRESENTATION_RELATIONSHIP( ) );
#5326 = DATE_AND_TIME ( #8820, #5208 ) ;
#5327 = CARTESIAN_POINT ( 'NONE',  ( 30.00000000000000000, 3.673940397442059178E-15, 28.00000000000000000 ) ) ;
#5328 = PERSON_AND_ORGANIZATION ( #4785, #94 ) ;
#5329 = ADVANCED_FACE ( 'NONE', ( #3273, #1786 ), #8558, .F. ) ;
#5330 = CARTESIAN_POINT ( 'NONE',  ( 0.000000000000000000, 0.000000000000000000, 16.00000000000000000 ) ) ;
#5331 = ORIENTED_EDGE ( 'NONE', *, *, #8910, .F. ) ;
#5332 = ORIENTED_EDGE ( 'NONE', *, *, #6019, .T. ) ;
#5333 = VERTEX_POINT ( 'NONE', #8623 ) ;
#5334 = LINE ( 'NONE', #334, #3346 ) ;
#5335 = CARTESIAN_POINT ( 'NONE',  ( -2.270342840037289811, -1.313216681092628013, -0.000000000000000000 ) ) ;
#5336 = AXIS2_PLACEMENT_3D ( 'NONE', #7673, #4149, #75 ) ;
#5337 = CARTESIAN_POINT ( 'NONE',  ( 0.000000000000000000, -57.00000000000000000, -0.000000000000000000 ) ) ;
#5338 = EDGE_CURVE ( 'NONE', #2175, #7817, #3631, .T. ) ;
#5339 = COORDINATED_UNIVERSAL_TIME_OFFSET ( 5, 0, .BEHIND. ) ;
#5340 = COORDINATED_UNIVERSAL_TIME_OFFSET ( 5, 0, .BEHIND. ) ;
#5341 = VECTOR ( 'NONE', #5855, 1000.000000000000000 ) ;
#5342 = DIRECTION ( 'NONE',  ( -0.000000000000000000, 1.000000000000000000, 0.000000000000000000 ) ) ;
#5343 = ORIENTED_EDGE ( 'NONE', *, *, #3480, .F. ) ;
#5344 = CARTESIAN_POINT ( 'NONE',  ( 30.50000000000000000, -10.00000000000000000, 39.50000000000000000 ) ) ;
#5345 = EDGE_LOOP ( 'NONE', ( #1157, #2537 ) ) ;
#5346 = EDGE_LOOP ( 'NONE', ( #1473, #147, #9433, #1452 ) ) ;
#5347 = CARTESIAN_POINT ( 'NONE',  ( -15.70006951123579420, 69.77491600511629599, 0.000000000000000000 ) ) ;
#5348 = DIRECTION ( 'NONE',  ( 1.000000000000000000, 0.000000000000000000, 0.000000000000000000 ) ) ;
#5349 = CARTESIAN_POINT ( 'NONE',  ( -1.155218221821713742, 2.347434505214176070, -0.000000000000000000 ) ) ;
#5350 = PERSON_AND_ORGANIZATION_ROLE ( 'design_owner' ) ;
#5351 = ADVANCED_FACE ( 'NONE', ( #8679 ), #2818, .F. ) ;
#5352 = EDGE_CURVE ( 'NONE', #1899, #6383, #5144, .T. ) ;
#5353 = VECTOR ( 'NONE', #4896, 1000.000000000000000 ) ;
#5354 = SHAPE_DEFINITION_REPRESENTATION ( #278, #3424 ) ;
#5355 = CARTESIAN_POINT ( 'NONE',  ( 43.00000000000000000, 81.00000000000000000, 0.000000000000000000 ) ) ;
#5356 = EDGE_CURVE ( 'NONE', #2249, #1931, #7847, .T. ) ;
#5357 = APPROVAL_STATUS ( 'not_yet_approved' ) ;
#5358 = VERTEX_POINT ( 'NONE', #10301 ) ;
#5359 = ORIENTED_EDGE ( 'NONE', *, *, #8608, .F. ) ;
#5360 = DIRECTION ( 'NONE',  ( -0.000000000000000000, -0.000000000000000000, 1.000000000000000000 ) ) ;
#5361 = ORGANIZATION ( 'NAUO-ORG11', 'UNSPECIFIED', 'UNSPECIFIED' ) ;
#5362 = ORIENTED_EDGE ( 'NONE', *, *, #5802, .T. ) ;
#5363 = CARTESIAN_POINT ( 'NONE',  ( 134.5154764904533806, -0.8585389317906795270, -0.000000000000000000 ) ) ;
#5364 = DIRECTION ( 'NONE',  ( 0.000000000000000000, 0.000000000000000000, 1.000000000000000000 ) ) ;
#5365 = CARTESIAN_POINT ( 'NONE',  ( 0.5999999999999999778, 2.529822128134703529, 16.00000000000000000 ) ) ;
#5366 = EDGE_CURVE ( 'NONE', #7513, #3248, #6186, .T. ) ;
#5367 = EDGE_CURVE ( 'NONE', #32, #8179, #10246, .T. ) ;
#5368 = PLANE ( 'NONE',  #3477 ) ;
#5369 = ORIENTED_EDGE ( 'NONE', *, *, #2534, .T. ) ;
#5370 = ORGANIZATION ( 'NAUO-ORG18', 'UNSPECIFIED', 'UNSPECIFIED' ) ;
#5371 = DESIGN_CONTEXT ( 'detailed design', #5881, 'design' ) ;
#5372 = CARTESIAN_POINT ( 'NONE',  ( 0.000000000000000000, 0.000000000000000000, 16.00000000000000000 ) ) ;
#5373 = EDGE_LOOP ( 'NONE', ( #1412, #4704 ) ) ;
#5374 = CARTESIAN_POINT ( 'NONE',  ( -10.50000000000000000, 1.300000000000000044, 0.000000000000000000 ) ) ;
#5375 = CARTESIAN_POINT ( 'NONE',  ( 19.55736206015338752, -35.65679534101005288, -0.000000000000000000 ) ) ;
#5376 = CC_DESIGN_APPROVAL ( #7213, ( #10334 ) ) ;
#5377 = EDGE_LOOP ( 'NONE', ( #6668, #2169, #3612, #1135 ) ) ;
#5378 = DIRECTION ( 'NONE',  ( 0.000000000000000000, 0.000000000000000000, 1.000000000000000000 ) ) ;
#5379 = CARTESIAN_POINT ( 'NONE',  ( 125.0428739570325121, -1.361190795270670106, 0.000000000000000000 ) ) ;
#5380 = CC_DESIGN_PERSON_AND_ORGANIZATION_ASSIGNMENT ( #2165, #7958, ( #2294 ) ) ;
#5381 = DATE_TIME_ROLE ( 'creation_date' ) ;
#5382 = CARTESIAN_POINT ( 'NONE',  ( -0.5999999999999998668, 2.529822128134703529, 12.00000000000000000 ) ) ;
#5383 = COORDINATED_UNIVERSAL_TIME_OFFSET ( 5, 0, .BEHIND. ) ;
#5384 = APPROVAL_PERSON_ORGANIZATION ( #1496, #6459, #7429 ) ;
#5385 = AXIS2_PLACEMENT_3D ( 'NONE', #7805, #924, #10201 ) ;
#5386 = DIRECTION ( 'NONE',  ( -0.000000000000000000, -1.000000000000000000, -0.000000000000000000 ) ) ;
#5387 = VERTEX_POINT ( 'NONE', #2781 ) ;
#5388 = ORIENTED_EDGE ( 'NONE', *, *, #2908, .T. ) ;
#5389 = LINE ( 'NONE', #7044, #7561 ) ;
#5390 = DIRECTION ( 'NONE',  ( 0.000000000000000000, 0.000000000000000000, -1.000000000000000000 ) ) ;
#5391 = LOCAL_TIME ( 6, 20, 33.00000000000000000, #4440 ) ;
#5392 = DIRECTION ( 'NONE',  ( -0.000000000000000000, -1.000000000000000000, -0.000000000000000000 ) ) ;
#5393 = APPROVAL ( #5188, 'ๆช' ) ;
#5394 = APPROVAL_STATUS ( 'not_yet_approved' ) ;
#5395 = CALENDAR_DATE ( 2026, 18, 9 ) ;
#5396 = DIRECTION ( 'NONE',  ( 0.000000000000000000, 0.000000000000000000, -1.000000000000000000 ) ) ;
#5397 = APPROVAL_PERSON_ORGANIZATION ( #8622, #4460, #6842 ) ;
#5398 = EDGE_CURVE ( 'NONE', #8372, #3896, #7204, .T. ) ;
#5399 = EDGE_LOOP ( 'NONE', ( #5579, #829, #8351, #4443 ) ) ;
#5400 = FACE_OUTER_BOUND ( 'NONE', #6906, .T. ) ;
#5401 = ORIENTED_EDGE ( 'NONE', *, *, #5534, .F. ) ;
#5402 = CARTESIAN_POINT ( 'NONE',  ( -1.951082218127032863, 1.724833573237032125, 0.000000000000000000 ) ) ;
#5403 = CARTESIAN_POINT ( 'NONE',  ( -10.04297226076124794, 47.63871090099441830, -0.000000000000000000 ) ) ;
#5404 = CARTESIAN_POINT ( 'NONE',  ( -1.519536942383790556, 2.115299939237502702, -0.000000000000000000 ) ) ;
#5405 = VECTOR ( 'NONE', #10409, 1000.000000000000000 ) ;
#5406 = VECTOR ( 'NONE', #1443, 1000.000000000000000 ) ;
#5407 = CARTESIAN_POINT ( 'NONE',  ( 32.36128909900664752, 47.95702773924019624, -0.000000000000000000 ) ) ;
#5408 = LINE ( 'NONE', #10663, #5940 ) ;
#5409 = PERSON_AND_ORGANIZATION ( #6743, #3319 ) ;
#5410 = MECHANICAL_CONTEXT ( 'NONE', #5605, 'mechanical' ) ;
#5411 = CARTESIAN_POINT ( 'NONE',  ( 137.4845235095464488, 0.8585389317909376539, -0.000000000000000000 ) ) ;
#5412 = AXIS2_PLACEMENT_3D ( 'NONE', #5187, #3341, #6699 ) ;
#5413 = PERSON_AND_ORGANIZATION ( #6743, #3319 ) ;
#5414 = AXIS2_PLACEMENT_3D ( 'NONE', #1778, #5121, #939 ) ;
#5415 = VECTOR ( 'NONE', #3270, 1000.000000000000000 ) ;
#5416 = EDGE_CURVE ( 'NONE', #5671, #2105, #566, .T. ) ;
#5417 = ORIENTED_EDGE ( 'NONE', *, *, #10721, .F. ) ;
#5418 = DIRECTION ( 'NONE',  ( 0.000000000000000000, 0.000000000000000000, -1.000000000000000000 ) ) ;
#5419 = AXIS2_PLACEMENT_3D ( 'NONE', #6267, #3029, #6376 ) ;
#5420 = ORIENTED_EDGE ( 'NONE', *, *, #6944, .F. ) ;
#5421 = CARTESIAN_POINT ( 'NONE',  ( -18.30000000000000071, -6.000000000000000000, -6.000000000000000152E-06 ) ) ;
#5422 = CARTESIAN_POINT ( 'NONE',  ( -21.36119079527042075, -7.042873957030895582, 0.000000000000000000 ) ) ;
#5423 = DIRECTION ( 'NONE',  ( -0.000000000000000000, -1.000000000000000000, -0.000000000000000000 ) ) ;
#5424 = AXIS2_PLACEMENT_3D ( 'NONE', #10318, #2744, #2689 ) ;
#5425 = VECTOR ( 'NONE', #2415, 1000.000000000000000 ) ;
#5426 = LINE ( 'NONE', #9691, #10027 ) ;
#5427 = ORIENTED_EDGE ( 'NONE', *, *, #8449, .F. ) ;
#5428 = CIRCLE ( 'NONE', #8621, 2.600000000000000089 ) ;
#5429 = VERTEX_POINT ( 'NONE', #7019 ) ;
#5430 = CARTESIAN_POINT ( 'NONE',  ( -12.00000000000000000, 7.000000000000000000, 15.00000000000000000 ) ) ;
#5431 = EDGE_CURVE ( 'NONE', #9395, #2623, #5312, .T. ) ;
#5432 = EDGE_CURVE ( 'NONE', #5462, #10298, #2726, .T. ) ;
#5433 = ORIENTED_EDGE ( 'NONE', *, *, #7585, .T. ) ;
#5434 = CARTESIAN_POINT ( 'NONE',  ( -9.000000000000000000, 49.00000000000000000, 5.000000000000000000 ) ) ;
#5435 = CARTESIAN_POINT ( 'NONE',  ( 9.509326000432830384, 10.27740646207855768, 9.641216089630352926 ) ) ;
#5436 = CIRCLE ( 'NONE', #10567, 1.700000000000000178 ) ;
#5437 = ORIENTED_EDGE ( 'NONE', *, *, #9146, .T. ) ;
#5438 = DIRECTION ( 'NONE',  ( 0.000000000000000000, 0.000000000000000000, -1.000000000000000000 ) ) ;
#5439 = CARTESIAN_POINT ( 'NONE',  ( 125.3612890990017092, -1.042972260763601611, -0.000000000000000000 ) ) ;
#5440 = PERSON_AND_ORGANIZATION_ROLE ( 'creator' ) ;
#5441 = DIRECTION ( 'NONE',  ( -0.000000000000000000, -0.000000000000000000, -1.000000000000000000 ) ) ;
#5442 = ADVANCED_BREP_SHAPE_REPRESENTATION ( '', ( #7734, #7172 ), #6648 ) ;
#5443 = DATE_AND_TIME ( #2853, #8544 ) ;
#5444 = AXIS2_PLACEMENT_3D ( 'NONE', #4603, #4545, #7282 ) ;
#5445 = EDGE_CURVE ( 'NONE', #10802, #317, #88, .T. ) ;
#5446 = CARTESIAN_POINT ( 'NONE',  ( 134.3000000000000114, 2.081899558550508908E-16, 6.000000000000000000 ) ) ;
#5447 = ORIENTED_EDGE ( 'NONE', *, *, #404, .T. ) ;
#5448 = VERTEX_POINT ( 'NONE', #3442 ) ;
#5449 = CARTESIAN_POINT ( 'NONE',  ( 186.0000000000000000, 0.000000000000000000, 3.000000000000000000 ) ) ;
#5450 = APPROVAL_DATE_TIME ( #3590, #1363 ) ;
#5451 = DIRECTION ( 'NONE',  ( 1.000000000000000000, 0.000000000000000000, 0.000000000000000000 ) ) ;
#5452 = AXIS2_PLACEMENT_3D ( 'NONE', #3089, #9005, #1453 ) ;
#5453 = CARTESIAN_POINT ( 'NONE',  ( 31.60000000000000142, 62.50000000000000000, 6.000000000000000000 ) ) ;
#5454 = APPLICATION_PROTOCOL_DEFINITION ( 'international standard', 'config_control_design', 1994, #9772 ) ;
#5455 = PRODUCT_DEFINITION_SHAPE ( 'NONE', 'NONE',  #10897 ) ;
#5456 = SHAPE_REPRESENTATION ( 'V2_05_wrist_adapter', ( #7172 ), #7183 ) ;
#5457 = CC_DESIGN_DATE_AND_TIME_ASSIGNMENT ( #6765, #1880, ( #1865 ) ) ;
#5458 = LINE ( 'NONE', #9665, #6087 ) ;
#5459 = APPROVAL ( #51, 'ๆช' ) ;
#5460 = VERTEX_POINT ( 'NONE', #6911 ) ;
#5461 = FACE_BOUND ( 'NONE', #4676, .T. ) ;
#5462 = VERTEX_POINT ( 'NONE', #5197 ) ;
#5463 = CARTESIAN_POINT ( 'NONE',  ( -12.95712604296626047, 68.63880920473465608, 0.000000000000000000 ) ) ;
#5464 = DIRECTION ( 'NONE',  ( 0.000000000000000000, -1.000000000000000000, 0.000000000000000000 ) ) ;
#5465 = DIRECTION ( 'NONE',  ( 0.000000000000000000, 0.000000000000000000, 1.000000000000000000 ) ) ;
#5466 = FACE_OUTER_BOUND ( 'NONE', #10773, .T. ) ;
#5467 = DIRECTION ( 'NONE',  ( -1.000000000000000000, -0.000000000000000000, -0.000000000000000000 ) ) ;
#5468 = PERSON_AND_ORGANIZATION ( #6743, #3319 ) ;
#5469 = LOCAL_TIME ( 6, 20, 33.00000000000000000, #4229 ) ;
#5470 = CARTESIAN_POINT ( 'NONE',  ( 0.000000000000000000, 0.000000000000000000, 68.00000000000000000 ) ) ;
#5471 = EDGE_CURVE ( 'NONE', #10184, #5998, #10191, .T. ) ;
#5472 = COORDINATED_UNIVERSAL_TIME_OFFSET ( 5, 0, .BEHIND. ) ;
#5473 = EDGE_LOOP ( 'NONE', ( #4787, #8744, #696, #4005 ) ) ;
#5474 = DIRECTION ( 'NONE',  ( 0.000000000000000000, -0.000000000000000000, -1.000000000000000000 ) ) ;
#5475 = ORIENTED_EDGE ( 'NONE', *, *, #9252, .F. ) ;
#5476 = CARTESIAN_POINT ( 'NONE',  ( 10.50000000000000000, 1.300000000000000044, 16.00000000000000000 ) ) ;
#5477 = DIRECTION ( 'NONE',  ( -0.000000000000000000, -1.000000000000000000, -0.000000000000000000 ) ) ;
#5478 = CARTESIAN_POINT ( 'NONE',  ( 32.65679534101004577, -0.000000000000000000, 21.44263793984737632 ) ) ;
#5479 = CARTESIAN_POINT ( 'NONE',  ( -2.600000000000000089, 3.184081677783117698E-16, -1.200000000000000030E-05 ) ) ;
#5480 = EDGE_CURVE ( 'NONE', #9229, #6323, #2673, .T. ) ;
#5481 = CARTESIAN_POINT ( 'NONE',  ( -7.957126042969631108, 29.63880920472832159, 0.000000000000000000 ) ) ;
#5482 = VERTEX_POINT ( 'NONE', #205 ) ;
#5483 = CARTESIAN_POINT ( 'NONE',  ( 31.85848573019543650, 32.48439506952830413, 0.000000000000000000 ) ) ;
#5484 = LINE ( 'NONE', #7247, #3409 ) ;
#5485 = ORIENTED_EDGE ( 'NONE', *, *, #9130, .F. ) ;
#5486 = DIRECTION ( 'NONE',  ( -0.000000000000000000, -1.000000000000000000, -0.000000000000000000 ) ) ;
#5487 = CARTESIAN_POINT ( 'NONE',  ( -11.81331098413178893, 7.513279486513934735, 9.333189158215489556 ) ) ;
#5488 = EDGE_CURVE ( 'NONE', #473, #4514, #3513, .T. ) ;
#5489 = EDGE_CURVE ( 'NONE', #4119, #8525, #1136, .T. ) ;
#5490 = CALENDAR_DATE ( 2026, 18, 9 ) ;
#5491 = CARTESIAN_POINT ( 'NONE',  ( 29.30000000000000071, 49.00000000000000000, -1.200000000000000030E-05 ) ) ;
#5492 = CONTEXT_DEPENDENT_SHAPE_REPRESENTATION ( #1407, #2304 ) ;
#5493 = EDGE_LOOP ( 'NONE', ( #2047, #9196, #2109, #6707 ) ) ;
#5494 = CARTESIAN_POINT ( 'NONE',  ( 20.00000000000000000, -6.000000000000000000, -1.200000000000000030E-05 ) ) ;
#5495 = VERTEX_POINT ( 'NONE', #7749 ) ;
#5496 = VERTEX_POINT ( 'NONE', #3553 ) ;
#5497 = CARTESIAN_POINT ( 'NONE',  ( 31.00000000000000000, 77.49999999999998579, 3.000000000000000000 ) ) ;
#5498 = LINE ( 'NONE', #2200, #9324 ) ;
#5499 = CARTESIAN_POINT ( 'NONE',  ( -35.00000000000000000, 70.00000000000000000, 5.000000000000000000 ) ) ;
#5500 = EDGE_CURVE ( 'NONE', #10846, #9736, #6076, .T. ) ;
#5501 = APPLICATION_PROTOCOL_DEFINITION ( 'international standard', 'config_control_design', 1994, #8078 ) ;
#5502 = SECURITY_CLASSIFICATION_LEVEL ( 'unclassified' ) ;
#5503 = DIRECTION ( 'NONE',  ( 0.000000000000000000, 0.000000000000000000, -1.000000000000000000 ) ) ;
#5504 = ORIENTED_EDGE ( 'NONE', *, *, #3812, .F. ) ;
#5505 = AXIS2_PLACEMENT_3D ( 'NONE', #6747, #2626, #5263 ) ;
#5506 = ORIENTED_EDGE ( 'NONE', *, *, #7790, .F. ) ;
#5507 = LINE ( 'NONE', #515, #7 ) ;
#5508 = CARTESIAN_POINT ( 'NONE',  ( 0.000000000000000000, 14.00000000000000000, 4.000000000000000000 ) ) ;
#5509 = DIRECTION ( 'NONE',  ( -0.000000000000000000, -0.000000000000000000, -1.000000000000000000 ) ) ;
#5510 = CARTESIAN_POINT ( 'NONE',  ( 10.72380529476361133, 9.000000000000000000, 6.800000000000000711 ) ) ;
#5511 = LINE ( 'NONE', #7273, #9308 ) ;
#5512 = DATE_AND_TIME ( #2216, #7311 ) ;
#5513 = CARTESIAN_POINT ( 'NONE',  ( -10.69999999999999929, 49.00000000000000000, -1.200000000000000030E-05 ) ) ;
#5514 = APPROVAL ( #718, 'ๆช' ) ;
#5515 = PERSON_AND_ORGANIZATION_ROLE ( 'classification_officer' ) ;
#5516 = AXIS2_PLACEMENT_3D ( 'NONE', #5518, #1518, #1348 ) ;
#5517 = VERTEX_POINT ( 'NONE', #3818 ) ;
#5518 = CARTESIAN_POINT ( 'NONE',  ( -27.69999999999999929, -45.00000000000000000, -1.200000000000000030E-05 ) ) ;
#5519 = ORIENTED_EDGE ( 'NONE', *, *, #6355, .T. ) ;
#5520 = CARTESIAN_POINT ( 'NONE',  ( 0.000000000000000000, 0.000000000000000000, 39.50000000000000000 ) ) ;
#5521 = FACE_OUTER_BOUND ( 'NONE', #3636, .T. ) ;
#5522 = LINE ( 'NONE', #8697, #6739 ) ;
#5523 = VECTOR ( 'NONE', #6706, 1000.000000000000000 ) ;
#5524 = ORIENTED_EDGE ( 'NONE', *, *, #5689, .T. ) ;
#5525 = EDGE_CURVE ( 'NONE', #4476, #7974, #530, .T. ) ;
#5526 = CARTESIAN_POINT ( 'NONE',  ( -8.557362060153382188, 32.65679534101005288, -0.000000000000000000 ) ) ;
#5527 = EDGE_CURVE ( 'NONE', #9246, #10287, #2125, .T. ) ;
#5528 = ORIENTED_EDGE ( 'NONE', *, *, #4502, .T. ) ;
#5529 = SECURITY_CLASSIFICATION ( '', '', #4125 ) ;
#5530 = DIRECTION ( 'NONE',  ( 1.000000000000000000, -0.000000000000000000, -0.000000000000000000 ) ) ;
#5531 = EDGE_LOOP ( 'NONE', ( #3901, #8021, #6683, #114 ) ) ;
#5532 = CARTESIAN_POINT ( 'NONE',  ( 0.000000000000000000, 0.000000000000000000, 149.0000000000000000 ) ) ;
#5533 = ORIENTED_EDGE ( 'NONE', *, *, #8748, .F. ) ;
#5534 = EDGE_CURVE ( 'NONE', #5737, #9748, #6296, .T. ) ;
#5535 = CARTESIAN_POINT ( 'NONE',  ( 10.55017837208570874, 9.206882368080758994, 6.800000000000003375 ) ) ;
#5536 = VERTEX_POINT ( 'NONE', #413 ) ;
#5537 = PLANE ( 'NONE',  #4370 ) ;
#5538 = PRODUCT ( 'V2_07_servo_stand', 'V2_07_servo_stand', '', ( #7726 ) ) ;
#5539 = CC_DESIGN_SECURITY_CLASSIFICATION ( #4843, ( #10908 ) ) ;
#5540 = CARTESIAN_POINT ( 'NONE',  ( -11.32690702869582822, 8.231531534232543024, 10.02987977232460004 ) ) ;
#5541 = APPROVAL_DATE_TIME ( #6480, #10457 ) ;
#5542 = CARTESIAN_POINT ( 'NONE',  ( 28.00000000000000000, 0.000000000000000000, 0.000000000000000000 ) ) ;
#5543 = ORIENTED_EDGE ( 'NONE', *, *, #1451, .T. ) ;
#5544 = ORIENTED_EDGE ( 'NONE', *, *, #3557, .T. ) ;
#5545 = DIRECTION ( 'NONE',  ( 0.000000000000000000, 0.000000000000000000, -1.000000000000000000 ) ) ;
#5546 = APPROVAL_PERSON_ORGANIZATION ( #5175, #889, #1835 ) ;
#5547 = EDGE_CURVE ( 'NONE', #8054, #398, #468, .T. ) ;
#5548 = ORIENTED_EDGE ( 'NONE', *, *, #4889, .T. ) ;
#5549 = EDGE_LOOP ( 'NONE', ( #10258, #10588, #6876, #2719, #1247, #10058 ) ) ;
#5550 = CARTESIAN_POINT ( 'NONE',  ( 255.8000000000000398, 0.000000000000000000, 149.0000000000000000 ) ) ;
#5551 = PLANE ( 'NONE',  #173 ) ;
#5552 = LINE ( 'NONE', #5499, #690 ) ;
#5553 = COORDINATED_UNIVERSAL_TIME_OFFSET ( 5, 0, .BEHIND. ) ;
#5554 = LOCAL_TIME ( 6, 20, 33.00000000000000000, #3353 ) ;
#5555 = DATE_TIME_ROLE ( 'classification_date' ) ;
#5556 = DIRECTION ( 'NONE',  ( 0.000000000000000000, -0.000000000000000000, 1.000000000000000000 ) ) ;
#5557 = ADVANCED_FACE ( 'NONE', ( #3002 ), #9625, .F. ) ;
#5558 = EDGE_CURVE ( 'NONE', #10808, #6101, #8012, .T. ) ;
#5559 = ORIENTED_EDGE ( 'NONE', *, *, #9279, .F. ) ;
#5560 = SECURITY_CLASSIFICATION ( '', '', #431 ) ;
#5561 = ORIENTED_EDGE ( 'NONE', *, *, #98, .F. ) ;
#5562 = VERTEX_POINT ( 'NONE', #9791 ) ;
#5563 = VECTOR ( 'NONE', #6380, 1000.000000000000000 ) ;
#5564 = CARTESIAN_POINT ( 'NONE',  ( -14.44263793983979838, 68.34320465898694863, -0.000000000000000000 ) ) ;
#5565 = CARTESIAN_POINT ( 'NONE',  ( 12.30000000000000249, 70.00000000000000000, -1.200000000000000030E-05 ) ) ;
#5566 = DIRECTION ( 'NONE',  ( -0.000000000000000000, 1.000000000000000000, -0.000000000000000000 ) ) ;
#5567 = CARTESIAN_POINT ( 'NONE',  ( 32.70000000000000284, 49.00000000000000000, -6.000000000000000152E-06 ) ) ;
#5568 = LINE ( 'NONE', #2990, #1568 ) ;
#5569 = PERSON_AND_ORGANIZATION ( #6743, #3319 ) ;
#5570 = CARTESIAN_POINT ( 'NONE',  ( -20.00000000000000000, -6.000000000000000000, -1.200000000000000030E-05 ) ) ;
#5571 = DATE_TIME_ROLE ( 'classification_date' ) ;
#5572 = CC_DESIGN_SECURITY_CLASSIFICATION ( #6626, ( #10894 ) ) ;
#5573 = PERSON ( 'NAUO-PER22', 'UNSPECIFIED', 'UNSPECIFIED', ('UNSPECIFIED'), ('UNSPECIFIED'), ('UNSPECIFIED') ) ;
#5574 = VECTOR ( 'NONE', #6746, 1000.000000000000000 ) ;
#5575 = VERTEX_POINT ( 'NONE', #2062 ) ;
#5576 = DIRECTION ( 'NONE',  ( -0.000000000000000000, -0.000000000000000000, 1.000000000000000000 ) ) ;
#5577 = CIRCLE ( 'NONE', #10538, 1.700000000000000178 ) ;
#5578 = CC_DESIGN_PERSON_AND_ORGANIZATION_ASSIGNMENT ( #8934, #8777, ( #3821 ) ) ;
#5579 = ORIENTED_EDGE ( 'NONE', *, *, #6284, .F. ) ;
#5580 = PLANE ( 'NONE',  #9690 ) ;
#5581 = CARTESIAN_POINT ( 'NONE',  ( -9.000000000000000000, -6.000000000000000152E-06, 22.70000000000000284 ) ) ;
#5582 = DIRECTION ( 'NONE',  ( 0.000000000000000000, -0.000000000000000000, -1.000000000000000000 ) ) ;
#5583 = AXIS2_PLACEMENT_3D ( 'NONE', #5929, #6708, #9318 ) ;
#5584 = DIRECTION ( 'NONE',  ( 1.000000000000000000, 0.000000000000000000, 0.000000000000000000 ) ) ;
#5585 = CARTESIAN_POINT ( 'NONE',  ( -9.442584738250030085, 32.65666690099504166, 0.000000000000000000 ) ) ;
#5586 =( GEOMETRIC_REPRESENTATION_CONTEXT ( 3 ) GLOBAL_UNCERTAINTY_ASSIGNED_CONTEXT ( ( #9339 ) ) GLOBAL_UNIT_ASSIGNED_CONTEXT ( ( #7315, #3137, #6489 ) ) REPRESENTATION_CONTEXT ( 'NONE', 'WORKASPACE' ) );
#5587 = VERTEX_POINT ( 'NONE', #3761 ) ;
#5588 = VECTOR ( 'NONE', #7791, 1000.000000000000000 ) ;
#5589 = CIRCLE ( 'NONE', #9842, 1.700000000000000178 ) ;
#5590 = DIRECTION ( 'NONE',  ( 0.000000000000000000, 0.000000000000000000, -1.000000000000000000 ) ) ;
#5591 = ORIENTED_EDGE ( 'NONE', *, *, #1126, .T. ) ;
#5592 = CC_DESIGN_PERSON_AND_ORGANIZATION_ASSIGNMENT ( #9952, #1569, ( #1695 ) ) ;
#5593 = CARTESIAN_POINT ( 'NONE',  ( 20.22508399488547326, -4.300069511235978581, 0.000000000000000000 ) ) ;
#5594 = APPROVAL ( #9177, 'ๆช' ) ;
#5595 = DIRECTION ( 'NONE',  ( -1.000000000000000000, -0.000000000000000000, -0.000000000000000000 ) ) ;
#5596 = CARTESIAN_POINT ( 'NONE',  ( 10.88457178719637142, 8.808441270803237799, 11.70000000000002238 ) ) ;
#5597 = AXIS2_PLACEMENT_3D ( 'NONE', #7740, #7675, #4322 ) ;
#5598 = AXIS2_PLACEMENT_3D ( 'NONE', #7229, #8173, #10617 ) ;
#5599 = VERTEX_POINT ( 'NONE', #10572 ) ;
#5600 = CARTESIAN_POINT ( 'NONE',  ( -9.000000000000000000, -1.200000000000000030E-05, 4.700000000000000178 ) ) ;
#5601 = AXIS2_PLACEMENT_3D ( 'NONE', #9271, #8445, #3364 ) ;
#5602 = CARTESIAN_POINT ( 'NONE',  ( 32.70000000000000284, 49.00000000000000000, -6.000000000000000152E-06 ) ) ;
#5603 = PERSON_AND_ORGANIZATION ( #6743, #3319 ) ;
#5604 = EDGE_CURVE ( 'NONE', #9016, #10846, #6350, .T. ) ;
#5605 = APPLICATION_CONTEXT ( 'configuration controlled 3d designs of mechanical parts and assemblies' ) ;
#5606 = DATE_TIME_ROLE ( 'classification_date' ) ;
#5607 = LOCAL_TIME ( 6, 20, 33.00000000000000000, #2001 ) ;
#5608 = ORIENTED_EDGE ( 'NONE', *, *, #5352, .F. ) ;
#5609 = VERTEX_POINT ( 'NONE', #2172 ) ;
#5610 = CARTESIAN_POINT ( 'NONE',  ( 35.00000000000000000, 0.000000000000000000, 4.000000000000000000 ) ) ;
#5611 = AXIS2_PLACEMENT_3D ( 'NONE', #1220, #2753, #6107 ) ;
#5612 = VERTEX_POINT ( 'NONE', #5421 ) ;
#5613 = CARTESIAN_POINT ( 'NONE',  ( -10.55156718449564224, 9.205227550983524409, 11.70000000000000107 ) ) ;
#5614 = DIRECTION ( 'NONE',  ( 0.000000000000000000, 0.000000000000000000, 1.000000000000000000 ) ) ;
#5615 = DIRECTION ( 'NONE',  ( -0.000000000000000000, -0.000000000000000000, 1.000000000000000000 ) ) ;
#5616 = PERSON_AND_ORGANIZATION ( #6743, #3319 ) ;
#5617 = ADVANCED_FACE ( 'NONE', ( #8802 ), #7236, .F. ) ;
#5618 = SECURITY_CLASSIFICATION_LEVEL ( 'unclassified' ) ;
#5619 = FACE_OUTER_BOUND ( 'NONE', #9654, .T. ) ;
#5620 = ORIENTED_EDGE ( 'NONE', *, *, #5445, .T. ) ;
#5621 = AXIS2_PLACEMENT_3D ( 'NONE', #4480, #289, #6849 ) ;
#5622 = ORIENTED_EDGE ( 'NONE', *, *, #4017, .T. ) ;
#5623 = CARTESIAN_POINT ( 'NONE',  ( 18.95712604296983628, -32.63880920472809777, 0.000000000000000000 ) ) ;
#5624 = DIRECTION ( 'NONE',  ( -1.000000000000000000, -0.000000000000000000, 0.000000000000000000 ) ) ;
#5625 = FACE_OUTER_BOUND ( 'NONE', #4417, .T. ) ;
#5626 = CARTESIAN_POINT ( 'NONE',  ( 11.81430917424337501, 7.511707916502317062, 7.669615520327004887 ) ) ;
#5627 = DIRECTION ( 'NONE',  ( -0.000000000000000000, -0.000000000000000000, -1.000000000000000000 ) ) ;
#5628 = APPROVAL_STATUS ( 'not_yet_approved' ) ;
#5629 = PLANE ( 'NONE',  #5899 ) ;
#5630 = EDGE_CURVE ( 'NONE', #1843, #2938, #3159, .T. ) ;
#5631 = DATE_TIME_ROLE ( 'creation_date' ) ;
#5632 = EDGE_CURVE ( 'NONE', #10132, #9721, #10675, .T. ) ;
#5633 = AXIS2_PLACEMENT_3D ( 'NONE', #9547, #7877, #7821 ) ;
#5634 = PRODUCT ( 'V2_04_arm_plate', 'V2_04_arm_plate', '', ( #2203 ) ) ;
#5635 = ORIENTED_EDGE ( 'NONE', *, *, #5734, .F. ) ;
#5636 = CYLINDRICAL_SURFACE ( 'NONE', #6211, 19.00000000000000000 ) ;
#5637 = ORIENTED_EDGE ( 'NONE', *, *, #8140, .F. ) ;
#5638 = CARTESIAN_POINT ( 'NONE',  ( 134.3000000000000114, 2.081899558550508908E-16, -6.000000000000000152E-06 ) ) ;
#5639 = DIRECTION ( 'NONE',  ( 0.000000000000000000, -1.000000000000000000, 0.000000000000000000 ) ) ;
#5640 = DIRECTION ( 'NONE',  ( 0.000000000000000000, 0.000000000000000000, 1.000000000000000000 ) ) ;
#5641 = CARTESIAN_POINT ( 'NONE',  ( 35.00000000000000000, 110.0000000000000000, 26.00000000000000000 ) ) ;
#5642 = CARTESIAN_POINT ( 'NONE',  ( -10.69993048876420616, 31.22508399488667052, -0.000000000000000000 ) ) ;
#5643 = ADVANCED_FACE ( 'NONE', ( #10623 ), #5580, .F. ) ;
#5644 = VERTEX_POINT ( 'NONE', #6398 ) ;
#5645 = CYLINDRICAL_SURFACE ( 'NONE', #2796, 1.700000000000000178 ) ;
#5646 = ORIENTED_EDGE ( 'NONE', *, *, #10430, .T. ) ;
#5647 = DIRECTION ( 'NONE',  ( -1.000000000000000000, 0.000000000000000000, 0.000000000000000000 ) ) ;
#5648 = CARTESIAN_POINT ( 'NONE',  ( -35.00000000000000000, -70.00000000000000000, 0.000000000000000000 ) ) ;
#5649 = DIRECTION ( 'NONE',  ( 0.000000000000000000, 0.000000000000000000, -1.000000000000000000 ) ) ;
#5650 = VERTEX_POINT ( 'NONE', #1248 ) ;
#5651 = FACE_OUTER_BOUND ( 'NONE', #4981, .T. ) ;
#5652 = LINE ( 'NONE', #3893, #9122 ) ;
#5653 = APPROVAL_DATE_TIME ( #7251, #7335 ) ;
#5654 = CC_DESIGN_DATE_AND_TIME_ASSIGNMENT ( #815, #3392, ( #4904 ) ) ;
#5655 = PRODUCT_RELATED_PRODUCT_CATEGORY ( 'detail', '', ( #4581 ) ) ;
#5656 = CONTEXT_DEPENDENT_SHAPE_REPRESENTATION ( #2866, #6514 ) ;
#5657 = ORIENTED_EDGE ( 'NONE', *, *, #10771, .T. ) ;
#5658 = DIRECTION ( 'NONE',  ( -1.000000000000000000, 0.000000000000000000, 0.000000000000000000 ) ) ;
#5659 = PLANE ( 'NONE',  #2546 ) ;
#5660 = ORIENTED_EDGE ( 'NONE', *, *, #9079, .T. ) ;
#5661 = FACE_BOUND ( 'NONE', #4298, .T. ) ;
#5662 = SHAPE_REPRESENTATION_RELATIONSHIP ( 'NONE' , 'NONE' ,  #6875, #2946 ) ;
#5663 = CARTESIAN_POINT ( 'NONE',  ( 14.00000000000000000, 0.000000000000000000, 2.000000000000000000 ) ) ;
#5664 = SHAPE_DEFINITION_REPRESENTATION ( #8006, #5456 ) ;
#5665 = EDGE_CURVE ( 'NONE', #6647, #6816, #2941, .T. ) ;
#5666 = APPROVAL_DATE_TIME ( #6434, #2826 ) ;
#5667 = CARTESIAN_POINT ( 'NONE',  ( 1.519706945644463181, 2.115203106444731418, 0.000000000000000000 ) ) ;
#5668 = B_SPLINE_CURVE_WITH_KNOTS ( 'NONE', 3,
 ( #10633, #5698, #7354, #10746, #1426, #4104, #3275, #9027, #7461, #4880, #596, #6468, #3173, #3935, #710, #7410, #10798, #9864 ),
 .UNSPECIFIED., .F., .F.,
 ( 4, 2, 2, 2, 2, 2, 2, 2, 4 ),
 ( 0.5000000000000000000, 0.5625000000000000000, 0.6249999999999998890, 0.6874999999999998890, 0.7499999999999997780, 0.8124999999999997780, 0.8749999999999997780, 0.9374999999999998890, 1.000000000000000000 ),
 .UNSPECIFIED. ) ;
#5669 = VERTEX_POINT ( 'NONE', #5476 ) ;
#5670 = EDGE_CURVE ( 'NONE', #4491, #7996, #9334, .T. ) ;
#5671 = VERTEX_POINT ( 'NONE', #5638 ) ;
#5672 = LINE ( 'NONE', #626, #3871 ) ;
#5673 = CARTESIAN_POINT ( 'NONE',  ( 6.000000000000000000, 0.000000000000000000, 20.00000000000000000 ) ) ;
#5674 = CARTESIAN_POINT ( 'NONE',  ( 31.00000000000000000, 67.49999999999998579, 3.000000000000000000 ) ) ;
#5675 = DIRECTION ( 'NONE',  ( 1.000000000000000000, 0.000000000000000000, 0.000000000000000000 ) ) ;
#5676 = CARTESIAN_POINT ( 'NONE',  ( 10.55017837208570519, 9.206882368080758994, 8.299999999999998934 ) ) ;
#5677 = COORDINATED_UNIVERSAL_TIME_OFFSET ( 5, 0, .BEHIND. ) ;
#5678 = DIRECTION ( 'NONE',  ( 1.000000000000000000, 0.000000000000000000, 0.000000000000000000 ) ) ;
#5679 =( REPRESENTATION_RELATIONSHIP ('NONE','NONE', #1311, #6875 ) REPRESENTATION_RELATIONSHIP_WITH_TRANSFORMATION ( #7543 )SHAPE_REPRESENTATION_RELATIONSHIP( ) );
#5680 = PERSON_AND_ORGANIZATION ( #6743, #3319 ) ;
#5681 = AXIS2_PLACEMENT_3D ( 'NONE', #1846, #5086, #10011 ) ;
#5682 = ORIENTED_EDGE ( 'NONE', *, *, #6494, .F. ) ;
#5683 = FACE_OUTER_BOUND ( 'NONE', #9722, .T. ) ;
#5684 = EDGE_CURVE ( 'NONE', #5517, #2709, #7912, .T. ) ;
#5685 = ORIENTED_EDGE ( 'NONE', *, *, #7641, .T. ) ;
#5686 = FACE_BOUND ( 'NONE', #10338, .T. ) ;
#5687 = LINE ( 'NONE', #1579, #6449 ) ;
#5688 = DIRECTION ( 'NONE',  ( 0.000000000000000000, 0.000000000000000000, -1.000000000000000000 ) ) ;
#5689 = EDGE_CURVE ( 'NONE', #10296, #8283, #6238, .T. ) ;
#5691 = DIRECTION ( 'NONE',  ( 0.000000000000000000, 0.000000000000000000, -1.000000000000000000 ) ) ;
#5690 = PERSON ( 'NAUO-PER15', 'UNSPECIFIED', 'UNSPECIFIED', ('UNSPECIFIED'), ('UNSPECIFIED'), ('UNSPECIFIED') ) ;
#5692 = AXIS2_PLACEMENT_3D ( 'NONE', #5434, #6972, #1257 ) ;
#5693 = CARTESIAN_POINT ( 'NONE',  ( -11.59999999999999964, 62.50000000000000000, -8.271806125530276749E-22 ) ) ;
#5694 = ORIENTED_EDGE ( 'NONE', *, *, #8243, .T. ) ;
#5695 = CARTESIAN_POINT ( 'NONE',  ( -20.00000000000000000, -1.200000000000000030E-05, 13.70000000000000107 ) ) ;
#5696 = VECTOR ( 'NONE', #9986, 1000.000000000000000 ) ;
#5697 = ORIENTED_EDGE ( 'NONE', *, *, #7292, .F. ) ;
#5698 = CARTESIAN_POINT ( 'NONE',  ( -9.225083994885922678, 0.000000000000000000, 1.299930488764205805 ) ) ;
#5699 = EDGE_CURVE ( 'NONE', #9296, #9434, #3940, .T. ) ;
#5700 = CARTESIAN_POINT ( 'NONE',  ( 0.000000000000000000, 0.000000000000000000, 0.000000000000000000 ) ) ;
#5701 = CARTESIAN_POINT ( 'NONE',  ( 11.51987796860835367, 7.956290687835843478, 11.34649651929563596 ) ) ;
#5702 = ADVANCED_FACE ( 'NONE', ( #8296 ), #7565, .T. ) ;
#5703 = ORIENTED_EDGE ( 'NONE', *, *, #6094, .F. ) ;
#5704 = CARTESIAN_POINT ( 'NONE',  ( -19.00000000000000000, 9.000000000000000000, 10.00000000000000000 ) ) ;
#5705 = CARTESIAN_POINT ( 'NONE',  ( 35.60000000000000142, 72.50000000000000000, -1.200000000000000030E-05 ) ) ;
#5706 = APPROVAL_DATE_TIME ( #7306, #5514 ) ;
#5707 = VECTOR ( 'NONE', #3503, 1000.000000000000000 ) ;
#5708 = ORGANIZATION ( 'NAUO-ORG6', 'UNSPECIFIED', 'UNSPECIFIED' ) ;
#5709 = CALENDAR_DATE ( 2026, 18, 9 ) ;
#5710 = ORIENTED_EDGE ( 'NONE', *, *, #308, .T. ) ;
#5711 = DIRECTION ( 'NONE',  ( -1.000000000000000000, -0.000000000000000000, -0.000000000000000000 ) ) ;
#5712 = DIRECTION ( 'NONE',  ( -0.000000000000000000, -0.000000000000000000, 1.000000000000000000 ) ) ;
#5713 = CARTESIAN_POINT ( 'NONE',  ( 30.55741526174577771, -0.000000000000000000, 19.34333309900654285 ) ) ;
#5714 = CC_DESIGN_APPROVAL ( #6934, ( #6236 ) ) ;
#5715 = CC_DESIGN_PERSON_AND_ORGANIZATION_ASSIGNMENT ( #2083, #9538, ( #5560 ) ) ;
#5716 = ORIENTED_EDGE ( 'NONE', *, *, #2533, .T. ) ;
#5717 = DIRECTION ( 'NONE',  ( 1.000000000000000000, -0.000000000000000000, 0.000000000000000000 ) ) ;
#5718 = CYLINDRICAL_SURFACE ( 'NONE', #4533, 1.700000000000000178 ) ;
#5719 = SECURITY_CLASSIFICATION_LEVEL ( 'unclassified' ) ;
#5720 = APPROVAL_PERSON_ORGANIZATION ( #3367, #9242, #6113 ) ;
#5721 = DIRECTION ( 'NONE',  ( 1.000000000000000000, 0.000000000000000000, 0.000000000000000000 ) ) ;
#5722 = ORIENTED_EDGE ( 'NONE', *, *, #10412, .F. ) ;
#5723 = CC_DESIGN_PERSON_AND_ORGANIZATION_ASSIGNMENT ( #3432, #3642, ( #6097 ) ) ;
#5724 = VERTEX_POINT ( 'NONE', #1465 ) ;
#5725 = ORIENTED_EDGE ( 'NONE', *, *, #1308, .F. ) ;
#5726 = CARTESIAN_POINT ( 'NONE',  ( 35.60000000000000142, 77.50000000000000000, 0.000000000000000000 ) ) ;
#5727 = LINE ( 'NONE', #3864, #6099 ) ;
#5728 = CARTESIAN_POINT ( 'NONE',  ( -20.00000000000000000, -6.000000000000000000, -1.200000000000000030E-05 ) ) ;
#5729 = PRODUCT_DEFINITION_FORMATION_WITH_SPECIFIED_SOURCE ( 'ไป', '', #4667, .NOT_KNOWN. ) ;
#5730 = CARTESIAN_POINT ( 'NONE',  ( 10.72380529476361488, 9.000000000000204281, 10.20000000000065477 ) ) ;
#5731 = CARTESIAN_POINT ( 'NONE',  ( 12.00000000000000000, 7.000000000000000000, 5.000000000000000000 ) ) ;
#5732 = APPROVAL_ROLE ( '' ) ;
#5733 = APPROVAL_ROLE ( '' ) ;
#5734 = EDGE_CURVE ( 'NONE', #3024, #5891, #6684, .T. ) ;
#5735 = APPROVAL_PERSON_ORGANIZATION ( #6180, #10263, #4325 ) ;
#5736 = AXIS2_PLACEMENT_3D ( 'NONE', #7635, #6144, #5154 ) ;
#5737 = VERTEX_POINT ( 'NONE', #4926 ) ;
#5738 = SHAPE_REPRESENTATION ( 'V2_01_base', ( #7172 ), #6288 ) ;
#5739 = CARTESIAN_POINT ( 'NONE',  ( 0.000000000000000000, 62.50000000000000000, 6.000000000000000000 ) ) ;
#5740 = ORIENTED_EDGE ( 'NONE', *, *, #1656, .F. ) ;
#5741 = DIRECTION ( 'NONE',  ( -0.000000000000000000, 1.000000000000000000, 0.000000000000000000 ) ) ;
#5742 = PLANE ( 'NONE',  #3291 ) ;
#5743 = DIRECTION ( 'NONE',  ( -0.000000000000000000, -0.000000000000000000, -1.000000000000000000 ) ) ;
#5744 = DIRECTION ( 'NONE',  ( 0.000000000000000000, 0.000000000000000000, -1.000000000000000000 ) ) ;
#5745 = LOCAL_TIME ( 6, 20, 33.00000000000000000, #8291 ) ;
#5746 = FACE_OUTER_BOUND ( 'NONE', #2983, .T. ) ;
#5747 = VERTEX_POINT ( 'NONE', #10124 ) ;
#5748 = ADVANCED_FACE ( 'NONE', ( #746, #10077, #6518, #4095, #5686, #2552 ), #3375, .T. ) ;
#5749 = AXIS2_PLACEMENT_3D ( 'NONE', #6440, #9056, #3912 ) ;
#5750 = CARTESIAN_POINT ( 'NONE',  ( 0.000000000000000000, 1.300000000000000044, 0.000000000000000000 ) ) ;
#5751 = VERTEX_POINT ( 'NONE', #10734 ) ;
#5752 = FACE_OUTER_BOUND ( 'NONE', #3739, .T. ) ;
#5753 = CC_DESIGN_APPROVAL ( #9999, ( #3821 ) ) ;
#5754 = ORIENTED_EDGE ( 'NONE', *, *, #7766, .F. ) ;
#5755 = DIRECTION ( 'NONE',  ( -0.000000000000000000, -1.000000000000000000, -0.000000000000000000 ) ) ;
#5756 = CARTESIAN_POINT ( 'NONE',  ( 11.45770097412407829, 8.045736335212733792, 11.41094936464103959 ) ) ;
#5757 = EDGE_LOOP ( 'NONE', ( #6048, #5773, #8897, #4935 ) ) ;
#5758 = CARTESIAN_POINT ( 'NONE',  ( 21.65666690099398650, 0.000000000000000000, 11.55741526174742262 ) ) ;
#5759 = AXIS2_PLACEMENT_3D ( 'NONE', #4782, #8091, #6479 ) ;
#5760 = CARTESIAN_POINT ( 'NONE',  ( 29.30006951123579739, 49.22508399488666697, -0.000000000000000000 ) ) ;
#5761 = APPLICATION_PROTOCOL_DEFINITION ( 'international standard', 'config_control_design', 1994, #9288 ) ;
#5762 = VECTOR ( 'NONE', #9584, 1000.000000000000000 ) ;
#5763 = COORDINATED_UNIVERSAL_TIME_OFFSET ( 5, 0, .BEHIND. ) ;
#5764 = EDGE_CURVE ( 'NONE', #7784, #5891, #7343, .T. ) ;
#5765 = EDGE_CURVE ( 'NONE', #1963, #4153, #9232, .T. ) ;
#5766 = VERTEX_POINT ( 'NONE', #7401 ) ;
#5767 = VECTOR ( 'NONE', #9270, 1000.000000000000000 ) ;
#5768 = CARTESIAN_POINT ( 'NONE',  ( 22.00000000000000000, 0.000000000000000000, 8.000000000000000000 ) ) ;
#5769 = DIRECTION ( 'NONE',  ( 0.000000000000000000, 1.000000000000000000, -0.000000000000000000 ) ) ;
#5770 = CIRCLE ( 'NONE', #1035, 2.500000000000000000 ) ;
#5771 = LINE ( 'NONE', #4951, #5696 ) ;
#5772 = AXIS2_PLACEMENT_3D ( 'NONE', #9727, #8061, #3805 ) ;
#5773 = ORIENTED_EDGE ( 'NONE', *, *, #1422, .F. ) ;
#5774 = CARTESIAN_POINT ( 'NONE',  ( -10.37396001519468491, 9.404709442637157579, 11.66344665213694931 ) ) ;
#5775 =( LENGTH_UNIT ( ) NAMED_UNIT ( * ) SI_UNIT ( .MILLI., .METRE. ) );
#5776 = CARTESIAN_POINT ( 'NONE',  ( 0.5999999999999999778, 13.98713694792468587, 12.00000000000000000 ) ) ;
#5777 = APPROVAL_STATUS ( 'not_yet_approved' ) ;
#5778 = AXIS2_PLACEMENT_3D ( 'NONE', #6695, #4395, #6801 ) ;
#5779 = DATE_TIME_ROLE ( 'classification_date' ) ;
#5780 = EDGE_CURVE ( 'NONE', #8272, #1156, #6622, .T. ) ;
#5781 = AXIS2_PLACEMENT_3D ( 'NONE', #3472, #10879, #3311 ) ;
#5782 = DIRECTION ( 'NONE',  ( -0.000000000000000000, -0.000000000000000000, -1.000000000000000000 ) ) ;
#5783 = ORIENTED_EDGE ( 'NONE', *, *, #2676, .F. ) ;
#5784 = ORIENTED_EDGE ( 'NONE', *, *, #4137, .F. ) ;
#5785 = EDGE_LOOP ( 'NONE', ( #4511, #9216, #7090, #4553 ) ) ;
#5786 = CARTESIAN_POINT ( 'NONE',  ( 20.44263793984736211, -32.34320465898993291, -0.000000000000000000 ) ) ;
#5787 = LINE ( 'NONE', #4190, #10546 ) ;
#5788 = CARTESIAN_POINT ( 'NONE',  ( -12.00000000000000000, 7.000000000000000000, 16.69999999999999929 ) ) ;
#5789 = DIRECTION ( 'NONE',  ( -1.000000000000000000, -0.000000000000000000, -0.000000000000000000 ) ) ;
#5790 = VECTOR ( 'NONE', #443, 1000.000000000000000 ) ;
#5791 = CARTESIAN_POINT ( 'NONE',  ( 9.843673541100129043, 9.955766678045158358, 8.590440972410966936 ) ) ;
#5792 = PERSON_AND_ORGANIZATION ( #6743, #3319 ) ;
#5793 = APPROVAL_ROLE ( '' ) ;
#5794 = PRODUCT_RELATED_PRODUCT_CATEGORY ( 'detail', '', ( #4667 ) ) ;
#5795 = AXIS2_PLACEMENT_3D ( 'NONE', #9396, #6122, #3542 ) ;
#5796 = ORIENTED_EDGE ( 'NONE', *, *, #4958, .T. ) ;
#5797 = CARTESIAN_POINT ( 'NONE',  ( -10.69999999999999929, 31.00000000000000000, 5.000000000000000000 ) ) ;
#5798 = ORIENTED_EDGE ( 'NONE', *, *, #10209, .T. ) ;
#5799 = CARTESIAN_POINT ( 'NONE',  ( 18.63871090099441830, -0.000000000000000000, 10.95702773923875206 ) ) ;
#5800 = CARTESIAN_POINT ( 'NONE',  ( 31.44263793984766764, -0.000000000000000000, 1.343204658989192612 ) ) ;
#5801 = FACE_OUTER_BOUND ( 'NONE', #10018, .T. ) ;
#5802 = EDGE_CURVE ( 'NONE', #4665, #9036, #4974, .T. ) ;
#5803 = VECTOR ( 'NONE', #4803, 1000.000000000000000 ) ;
#5804 = CARTESIAN_POINT ( 'NONE',  ( 12.00000000000000000, 7.000000000000000000, 16.69999999999999929 ) ) ;
#5805 = ORIENTED_EDGE ( 'NONE', *, *, #6649, .T. ) ;
#5806 = DIRECTION ( 'NONE',  ( 0.000000000000000000, 0.000000000000000000, 1.000000000000000000 ) ) ;
#5807 = ORIENTED_EDGE ( 'NONE', *, *, #2176, .F. ) ;
#5808 = CARTESIAN_POINT ( 'NONE',  ( 0.000000000000000000, 11.00000000000000000, 6.000000000000000000 ) ) ;
#5809 = ORIENTED_EDGE ( 'NONE', *, *, #1876, .F. ) ;
#5810 = PLANE ( 'NONE',  #162 ) ;
#5811 = CARTESIAN_POINT ( 'NONE',  ( 0.000000000000000000, 0.000000000000000000, 2.000000000000000000 ) ) ;
#5813 = EDGE_CURVE ( 'NONE', #1183, #2220, #5027, .T. ) ;
#5812 = EDGE_LOOP ( 'NONE', ( #4911, #5485, #9954, #8828 ) ) ;
#5814 = CLOSED_SHELL ( 'NONE', ( #6157, #594, #8609, #3318, #8997, #8538, #9666, #1198, #3959, #2884, #5557, #8032 ) ) ;
#5815 = CARTESIAN_POINT ( 'NONE',  ( -11.59999999999999964, 72.50000000000001421, -8.271806125530276749E-22 ) ) ;
#5816 = PRODUCT ( 'V2_REF_5mm_shaft', 'V2_REF_5mm_shaft', '', ( #10055 ) ) ;
#5817 = CARTESIAN_POINT ( 'NONE',  ( 31.22508399488411612, 50.69993048876346364, 0.000000000000000000 ) ) ;
#5818 = COORDINATED_UNIVERSAL_TIME_OFFSET ( 5, 0, .BEHIND. ) ;
#5819 = VECTOR ( 'NONE', #10223, 1000.000000000000000 ) ;
#5820 = LINE ( 'NONE', #2521, #6836 ) ;
#5821 = CARTESIAN_POINT ( 'NONE',  ( -35.00000000000000000, 70.00000000000000000, 5.000000000000000000 ) ) ;
#5822 = LINE ( 'NONE', #9206, #5523 ) ;
#5824 = EDGE_CURVE ( 'NONE', #3848, #9656, #2450, .T. ) ;
#5823 = VERTEX_POINT ( 'NONE', #10789 ) ;
#5825 = FACE_BOUND ( 'NONE', #3026, .T. ) ;
#5826 = EDGE_CURVE ( 'NONE', #6694, #9478, #1629, .T. ) ;
#5827 = CARTESIAN_POINT ( 'NONE',  ( -1.594977014734535459, -2.082076604084840188, -0.000000000000000000 ) ) ;
#5828 = EDGE_CURVE ( 'NONE', #7719, #2560, #1844, .T. ) ;
#5829 = CALENDAR_DATE ( 2026, 18, 9 ) ;
#5830 = ITEM_DEFINED_TRANSFORMATION ( 'NONE', 'NONE', #10025,  #7172 ) ;
#5831 = DIRECTION ( 'NONE',  ( 0.000000000000000000, 0.000000000000000000, -1.000000000000000000 ) ) ;
#5832 = ORIENTED_EDGE ( 'NONE', *, *, #5525, .T. ) ;
#5833 = ORIENTED_EDGE ( 'NONE', *, *, #4555, .T. ) ;
#5834 = ORIENTED_EDGE ( 'NONE', *, *, #4903, .T. ) ;
#5835 = VERTEX_POINT ( 'NONE', #73 ) ;
#5836 = DIRECTION ( 'NONE',  ( -1.000000000000000000, 0.000000000000000000, 0.000000000000000000 ) ) ;
#5837 = DIRECTION ( 'NONE',  ( 0.000000000000000000, 1.000000000000000000, -0.000000000000000000 ) ) ;
#5838 = CARTESIAN_POINT ( 'NONE',  ( 18.63880920472957925, -7.042873957030895582, 0.000000000000000000 ) ) ;
#5839 = ADVANCED_FACE ( 'NONE', ( #7671 ), #239, .T. ) ;
#5840 = CYLINDRICAL_SURFACE ( 'NONE', #9180, 1.700000000000000178 ) ;
#5841 = DIRECTION ( 'NONE',  ( -1.000000000000000000, 0.000000000000000000, 0.000000000000000000 ) ) ;
#5842 = DATE_AND_TIME ( #3315, #1164 ) ;
#5843 = CALENDAR_DATE ( 2026, 18, 9 ) ;
#5844 = ORIENTED_EDGE ( 'NONE', *, *, #9050, .F. ) ;
#5845 = DIRECTION ( 'NONE',  ( -1.000000000000000000, 0.000000000000000000, -0.000000000000000000 ) ) ;
#5846 = ORIENTED_EDGE ( 'NONE', *, *, #4231, .F. ) ;
#5847 = CARTESIAN_POINT ( 'NONE',  ( 19.14134607987366721, 0.000000000000000000, 13.48432534211531397 ) ) ;
#5848 = DIRECTION ( 'NONE',  ( -0.000000000000000000, -0.000000000000000000, -1.000000000000000000 ) ) ;
#5849 = DIRECTION ( 'NONE',  ( -1.000000000000000000, 0.000000000000000000, 0.000000000000000000 ) ) ;
#5850 = APPROVAL ( #7866, 'ๆช' ) ;
#5851 = PERSON_AND_ORGANIZATION ( #6743, #3319 ) ;
#5852 = DIRECTION ( 'NONE',  ( 0.000000000000000000, 0.000000000000000000, 1.000000000000000000 ) ) ;
#5853 = ORIENTED_EDGE ( 'NONE', *, *, #6310, .F. ) ;
#5854 = ORIENTED_EDGE ( 'NONE', *, *, #7939, .T. ) ;
#5855 = DIRECTION ( 'NONE',  ( -0.000000000000000000, -0.000000000000000000, 1.000000000000000000 ) ) ;
#5856 = VECTOR ( 'NONE', #3013, 1000.000000000000000 ) ;
#5857 = ORIENTED_EDGE ( 'NONE', *, *, #3945, .T. ) ;
#5858 = CARTESIAN_POINT ( 'NONE',  ( -19.77491600511333658, -0.000000000000000000, 10.30006951123579206 ) ) ;
#5859 = CARTESIAN_POINT ( 'NONE',  ( 30.50000000000000000, -10.00000000000000000, 39.50000000000000000 ) ) ;
#5860 = AXIS2_PLACEMENT_3D ( 'NONE', #917, #1920, #10090 ) ;
#5861 = ADVANCED_FACE ( 'NONE', ( #10339 ), #9508, .F. ) ;
#5862 = VERTEX_POINT ( 'NONE', #3587 ) ;
#5863 = CARTESIAN_POINT ( 'NONE',  ( 0.000000000000000000, -1.300000000000000044, 16.00000000000000000 ) ) ;
#5864 = CARTESIAN_POINT ( 'NONE',  ( -7.957126042969157709, 0.000000000000000000, 22.36119079527084352 ) ) ;
#5865 = ITEM_DEFINED_TRANSFORMATION ( 'NONE', 'NONE', #6998,  #7172 ) ;
#5866 = VECTOR ( 'NONE', #806, 1000.000000000000000 ) ;
#5867 = ADVANCED_FACE ( 'NONE', ( #7737 ), #1122, .F. ) ;
#5868 = CARTESIAN_POINT ( 'NONE',  ( -18.30000000000000071, -33.77474804345194315, 0.000000000000000000 ) ) ;
#5869 = DIRECTION ( 'NONE',  ( 0.000000000000000000, 1.000000000000000000, 0.000000000000000000 ) ) ;
#5870 = CARTESIAN_POINT ( 'NONE',  ( -11.90332728759990921, 7.369655839099086947, 10.49710780759694018 ) ) ;
#5871 = ORIENTED_EDGE ( 'NONE', *, *, #4770, .T. ) ;
#5872 = DIRECTION ( 'NONE',  ( -0.000000000000000000, -0.000000000000000000, 1.000000000000000000 ) ) ;
#5873 = AXIS2_PLACEMENT_3D ( 'NONE', #1674, #10175, #10016 ) ;
#5874 = CARTESIAN_POINT ( 'NONE',  ( -0.6767903974405510281, -2.533959238176743956, -0.000000000000000000 ) ) ;
#5875 = SHAPE_DEFINITION_REPRESENTATION ( #6331, #2080 ) ;
#5876 = CARTESIAN_POINT ( 'NONE',  ( -35.00000000000000000, -70.00000000000000000, 5.000000000000000000 ) ) ;
#5877 = CALENDAR_DATE ( 2026, 18, 9 ) ;
#5878 = EDGE_CURVE ( 'NONE', #7253, #3008, #192, .T. ) ;
#5879 = LINE ( 'NONE', #54, #2087 ) ;
#5880 = CC_DESIGN_SECURITY_CLASSIFICATION ( #8536, ( #10901 ) ) ;
#5881 = APPLICATION_CONTEXT ( 'configuration controlled 3d designs of mechanical parts and assemblies' ) ;
#5882 = EDGE_LOOP ( 'NONE', ( #1423, #2739, #1884, #10063 ) ) ;
#5883 = ORIENTED_EDGE ( 'NONE', *, *, #10092, .T. ) ;
#5884 = ORIENTED_EDGE ( 'NONE', *, *, #1594, .F. ) ;
#5885 = DIRECTION ( 'NONE',  ( 0.000000000000000000, 0.000000000000000000, 1.000000000000000000 ) ) ;
#5886 = CARTESIAN_POINT ( 'NONE',  ( 0.000000000000000000, 0.000000000000000000, 0.000000000000000000 ) ) ;
#5887 = FACE_OUTER_BOUND ( 'NONE', #3760, .T. ) ;
#5888 = CARTESIAN_POINT ( 'NONE',  ( 255.8000000000000398, 3.000000000000000000, 149.0000000000000000 ) ) ;
#5889 = CARTESIAN_POINT ( 'NONE',  ( 3.000000000000000000, 27.50000000000000000, 3.000000000000000000 ) ) ;
#5890 = PERSON_AND_ORGANIZATION ( #6743, #3319 ) ;
#5891 = VERTEX_POINT ( 'NONE', #6890 ) ;
#5892 = SHAPE_DEFINITION_REPRESENTATION ( #9887, #8789 ) ;
#5893 = AXIS2_PLACEMENT_3D ( 'NONE', #3571, #6931, #6100 ) ;
#5894 = EDGE_CURVE ( 'NONE', #1183, #238, #2764, .T. ) ;
#5895 = ADVANCED_FACE ( 'NONE', ( #8629 ), #6949, .F. ) ;
#5896 = ORIENTED_EDGE ( 'NONE', *, *, #1451, .F. ) ;
#5897 = LINE ( 'NONE', #6729, #4648 ) ;
#5898 = ORIENTED_EDGE ( 'NONE', *, *, #6031, .T. ) ;
#5899 = AXIS2_PLACEMENT_3D ( 'NONE', #9730, #633, #689 ) ;
#5900 = VERTEX_POINT ( 'NONE', #5300 ) ;
#5901 = CARTESIAN_POINT ( 'NONE',  ( 30.50000000000000000, -10.00000000000000000, 39.50000000000000000 ) ) ;
#5902 = CARTESIAN_POINT ( 'NONE',  ( -7.515476490455951009, 49.85853893178961727, -0.000000000000000000 ) ) ;
#5903 = DIRECTION ( 'NONE',  ( 0.000000000000000000, 0.000000000000000000, 1.000000000000000000 ) ) ;
#5904 = COORDINATED_UNIVERSAL_TIME_OFFSET ( 5, 0, .BEHIND. ) ;
#5905 = DIRECTION ( 'NONE',  ( 0.000000000000000000, 1.000000000000000000, 0.000000000000000000 ) ) ;
#5906 = ORIENTED_EDGE ( 'NONE', *, *, #8923, .F. ) ;
#5907 = CC_DESIGN_APPROVAL ( #8769, ( #5729 ) ) ;
#5908 = EDGE_CURVE ( 'NONE', #4105, #5091, #8636, .T. ) ;
#5909 = B_SPLINE_CURVE_WITH_KNOTS ( 'NONE', 3,
 ( #3252, #9894, #6439, #8167, #9219, #4027, #6608, #5786, #1618, #7389, #1504, #1662, #5623, #5011, #8384, #4189, #4855, #783 ),
 .UNSPECIFIED., .F., .F.,
 ( 4, 2, 2, 2, 2, 2, 2, 2, 4 ),
 ( 0.000000000000000000, 0.06250000000000000000, 0.1250000000000000000, 0.1875000000000000000, 0.2500000000000000000, 0.3125000000000000000, 0.3750000000000000000, 0.4375000000000000000, 0.5000000000000000000 ),
 .UNSPECIFIED. ) ;
#5910 = EDGE_LOOP ( 'NONE', ( #491, #9521, #5331, #7983 ) ) ;
#5911 = CYLINDRICAL_SURFACE ( 'NONE', #4474, 1.699999999999998401 ) ;
#5912 = ORIENTED_EDGE ( 'NONE', *, *, #6004, .F. ) ;
#5913 = FACE_OUTER_BOUND ( 'NONE', #6985, .T. ) ;
#5914 = DIRECTION ( 'NONE',  ( -0.000000000000000000, -1.000000000000000000, -0.000000000000000000 ) ) ;
#5915 = APPROVAL_PERSON_ORGANIZATION ( #1103, #5850, #10475 ) ;
#5916 = CARTESIAN_POINT ( 'NONE',  ( 31.00000000000000000, 72.49999999999998579, 3.000000000000000000 ) ) ;
#5917 = PLANE ( 'NONE',  #10012 ) ;
#5918 = LINE ( 'NONE', #9307, #6643 ) ;
#5919 = CALENDAR_DATE ( 2026, 18, 9 ) ;
#5920 = CC_DESIGN_PERSON_AND_ORGANIZATION_ASSIGNMENT ( #6615, #6115, ( #9117 ) ) ;
#5921 = CC_DESIGN_APPROVAL ( #9178, ( #1695 ) ) ;
#5922 = PRODUCT_DEFINITION ( 'ๆ', '', #2389, #6030 ) ;
#5923 = CARTESIAN_POINT ( 'NONE',  ( -21.04287395703016728, -32.63880920472809777, 0.000000000000000000 ) ) ;
#5924 = DIRECTION ( 'NONE',  ( 0.000000000000000000, 0.000000000000000000, -1.000000000000000000 ) ) ;
#5925 = LINE ( 'NONE', #5106, #3764 ) ;
#5926 = VECTOR ( 'NONE', #7505, 1000.000000000000000 ) ;
#5927 = CIRCLE ( 'NONE', #7164, 1.700000000000000178 ) ;
#5928 = VERTEX_POINT ( 'NONE', #906 ) ;
#5929 = CARTESIAN_POINT ( 'NONE',  ( 0.000000000000000000, 0.000000000000000000, 5.000000000000000000 ) ) ;
#5930 =( NAMED_UNIT ( * ) SI_UNIT ( $, .STERADIAN. ) SOLID_ANGLE_UNIT ( ) );
#5931 = VECTOR ( 'NONE', #8415, 1000.000000000000000 ) ;
#5932 = CARTESIAN_POINT ( 'NONE',  ( 1.594878658085105760, -2.081978247435756213, 0.000000000000000000 ) ) ;
#5933 = EDGE_CURVE ( 'NONE', #5258, #7984, #9697, .T. ) ;
#5934 = DATE_AND_TIME ( #1707, #8214 ) ;
#5935 = CARTESIAN_POINT ( 'NONE',  ( -20.85865392012706820, 0.000000000000000000, 13.48432534211531397 ) ) ;
#5936 = CONTEXT_DEPENDENT_SHAPE_REPRESENTATION ( #5679, #546 ) ;
#5937 = AXIS2_PLACEMENT_3D ( 'NONE', #6983, #3679, #2856 ) ;
#5938 = VECTOR ( 'NONE', #5266, 1000.000000000000000 ) ;
#5939 = CARTESIAN_POINT ( 'NONE',  ( 0.000000000000000000, 3.000000000000000000, 3.000000000000000000 ) ) ;
#5940 = VECTOR ( 'NONE', #5467, 1000.000000000000000 ) ;
#5941 = ORIENTED_EDGE ( 'NONE', *, *, #8889, .F. ) ;
#5942 = CIRCLE ( 'NONE', #2085, 8.000000000000000000 ) ;
#5943 = ORIENTED_EDGE ( 'NONE', *, *, #4490, .T. ) ;
#5944 = VERTEX_POINT ( 'NONE', #5132 ) ;
#5945 = FACE_BOUND ( 'NONE', #780, .T. ) ;
#5946 = DIRECTION ( 'NONE',  ( 0.000000000000000000, 0.000000000000000000, 1.000000000000000000 ) ) ;
#5947 = DIRECTION ( 'NONE',  ( 1.000000000000000000, 0.000000000000000000, 0.000000000000000000 ) ) ;
#5948 = LOCAL_TIME ( 6, 20, 33.00000000000000000, #4340 ) ;
#5949 = AXIS2_PLACEMENT_3D ( 'NONE', #6411, #4055, #4882 ) ;
#5950 = CARTESIAN_POINT ( 'NONE',  ( -4.299999999999999822, 2.081899558550500526E-16, 0.000000000000000000 ) ) ;
#5951 = CARTESIAN_POINT ( 'NONE',  ( 0.000000000000000000, 0.000000000000000000, 4.000000000000000000 ) ) ;
#5952 = EDGE_CURVE ( 'NONE', #8405, #1216, #10289, .T. ) ;
#5953 = DATE_TIME_ROLE ( 'creation_date' ) ;
#5954 = VECTOR ( 'NONE', #7391, 1000.000000000000000 ) ;
#5955 = PERSON_AND_ORGANIZATION ( #6743, #3319 ) ;
#5956 = ORIENTED_EDGE ( 'NONE', *, *, #248, .T. ) ;
#5957 = LINE ( 'NONE', #9342, #6042 ) ;
#5958 = VECTOR ( 'NONE', #9494, 1000.000000000000000 ) ;
#5959 = ORIENTED_EDGE ( 'NONE', *, *, #825, .T. ) ;
#5960 = DIRECTION ( 'NONE',  ( 0.000000000000000000, -1.000000000000000000, 0.000000000000000000 ) ) ;
#5961 = CARTESIAN_POINT ( 'NONE',  ( 0.000000000000000000, 11.00000000000000000, 6.000000000000000000 ) ) ;
#5962 = CARTESIAN_POINT ( 'NONE',  ( 12.00000000000000000, 7.000000000000000000, 15.00000000000000000 ) ) ;
#5963 = DIRECTION ( 'NONE',  ( 0.000000000000000000, 0.000000000000000000, 1.000000000000000000 ) ) ;
#5964 = EDGE_CURVE ( 'NONE', #13, #6694, #7833, .T. ) ;
#5965 = EDGE_CURVE ( 'NONE', #2797, #8054, #7004, .T. ) ;
#5966 = LINE ( 'NONE', #10083, #6289 ) ;
#5967 = COORDINATED_UNIVERSAL_TIME_OFFSET ( 5, 0, .BEHIND. ) ;
#5968 = ORIENTED_EDGE ( 'NONE', *, *, #5558, .T. ) ;
#5969 = VECTOR ( 'NONE', #9959, 1000.000000000000000 ) ;
#5970 = ORIENTED_EDGE ( 'NONE', *, *, #6968, .F. ) ;
#5971 = CARTESIAN_POINT ( 'NONE',  ( -12.00000000000000000, -7.000000000000000000, 6.700000000000000178 ) ) ;
#5972 = ORIENTED_EDGE ( 'NONE', *, *, #4702, .T. ) ;
#5973 = CARTESIAN_POINT ( 'NONE',  ( 136.8585389317908607, -1.484523509544498410, -0.000000000000000000 ) ) ;
#5974 = CARTESIAN_POINT ( 'NONE',  ( -14.85853893179126928, 71.48452350954335088, -0.000000000000000000 ) ) ;
#5975 = CARTESIAN_POINT ( 'NONE',  ( 21.69999999999999929, -34.00000000000000000, -1.200000000000000030E-05 ) ) ;
#5976 = CIRCLE ( 'NONE', #8987, 1.700000000000000178 ) ;
#5977 = ORIENTED_EDGE ( 'NONE', *, *, #9616, .F. ) ;
#5978 = CYLINDRICAL_SURFACE ( 'NONE', #9469, 2.600000000000000089 ) ;
#5979 = EDGE_CURVE ( 'NONE', #4157, #3350, #8508, .T. ) ;
#5980 = CARTESIAN_POINT ( 'NONE',  ( -7.957027739236473884, -0.000000000000000000, 19.63871090099669559 ) ) ;
#5981 = CONTEXT_DEPENDENT_SHAPE_REPRESENTATION ( #5114, #9088 ) ;
#5982 = DIRECTION ( 'NONE',  ( -0.000000000000000000, -0.000000000000000000, -1.000000000000000000 ) ) ;
#5983 = CARTESIAN_POINT ( 'NONE',  ( 183.0000000000000000, 3.000000000000000000, 83.00000000000000000 ) ) ;
#5984 = CARTESIAN_POINT ( 'NONE',  ( -11.46349721022023083, 8.039232687730912374, 8.579762322145247921 ) ) ;
#5985 = ORIENTED_EDGE ( 'NONE', *, *, #10092, .F. ) ;
#5986 = CARTESIAN_POINT ( 'NONE',  ( -9.000000000000000000, -6.000000000000000152E-06, 1.299999999999999600 ) ) ;
#5987 =( NAMED_UNIT ( * ) PLANE_ANGLE_UNIT ( ) SI_UNIT ( $, .RADIAN. ) );
#5988 = ADVANCED_FACE ( 'NONE', ( #8459 ), #4262, .F. ) ;
#5989 = DIRECTION ( 'NONE',  ( -0.000000000000000000, -0.000000000000000000, -1.000000000000000000 ) ) ;
#5990 = CC_DESIGN_PERSON_AND_ORGANIZATION_ASSIGNMENT ( #8998, #1444, ( #7135 ) ) ;
#5991 = APPROVAL_STATUS ( 'not_yet_approved' ) ;
#5992 = DIRECTION ( 'NONE',  ( 0.000000000000000000, 0.000000000000000000, 1.000000000000000000 ) ) ;
#5993 = VECTOR ( 'NONE', #5789, 1000.000000000000000 ) ;
#5994 = APPROVAL_STATUS ( 'not_yet_approved' ) ;
#5995 = DIRECTION ( 'NONE',  ( 1.000000000000000000, -0.000000000000000000, 0.000000000000000000 ) ) ;
#5996 = EDGE_LOOP ( 'NONE', ( #7457, #3963, #9422, #3564 ) ) ;
#5997 = ORIENTED_EDGE ( 'NONE', *, *, #21, .T. ) ;
#5998 = VERTEX_POINT ( 'NONE', #6787 ) ;
#5999 = DIRECTION ( 'NONE',  ( -1.000000000000000000, 0.000000000000000000, 0.000000000000000000 ) ) ;
#6000 = DIRECTION ( 'NONE',  ( 1.000000000000000000, 0.000000000000000000, 0.000000000000000000 ) ) ;
#6001 = FACE_BOUND ( 'NONE', #7361, .T. ) ;
#6002 = LINE ( 'NONE', #895, #5819 ) ;
#6003 = CARTESIAN_POINT ( 'NONE',  ( 14.00000000000000000, 1.714505518806294638E-15, 16.00000000000000000 ) ) ;
#6004 = EDGE_CURVE ( 'NONE', #5448, #1414, #1900, .T. ) ;
#6005 = CALENDAR_DATE ( 2026, 18, 9 ) ;
#6006 = CALENDAR_DATE ( 2026, 18, 9 ) ;
#6007 = DIRECTION ( 'NONE',  ( -0.000000000000000000, -1.000000000000000000, -0.000000000000000000 ) ) ;
#6008 = ADVANCED_FACE ( 'NONE', ( #3487, #2663, #8563 ), #1998, .F. ) ;
#6009 = VERTEX_POINT ( 'NONE', #9775 ) ;
#6010 = DIRECTION ( 'NONE',  ( 0.000000000000000000, 0.000000000000000000, -1.000000000000000000 ) ) ;
#6011 = EDGE_LOOP ( 'NONE', ( #4146, #8812 ) ) ;
#6012 = CARTESIAN_POINT ( 'NONE',  ( -27.69999999999999929, 45.00000000000000000, -1.200000000000000030E-05 ) ) ;
#6013 = CARTESIAN_POINT ( 'NONE',  ( 31.22525195654806041, 0.000000000000000000, 4.699999999999999289 ) ) ;
#6014 = CARTESIAN_POINT ( 'NONE',  ( 24.30000000000000071, 0.000000000000000000, 0.000000000000000000 ) ) ;
#6015 =( NAMED_UNIT ( * ) PLANE_ANGLE_UNIT ( ) SI_UNIT ( $, .RADIAN. ) );
#6016 = CYLINDRICAL_SURFACE ( 'NONE', #10548, 1.700000000000000178 ) ;
#6017 = PERSON_AND_ORGANIZATION_ROLE ( 'creator' ) ;
#6018 = ORIENTED_EDGE ( 'NONE', *, *, #6617, .T. ) ;
#6019 = EDGE_CURVE ( 'NONE', #9246, #9120, #1243, .T. ) ;
#6020 = ORIENTED_EDGE ( 'NONE', *, *, #4608, .F. ) ;
#6021 = DIRECTION ( 'NONE',  ( 1.000000000000000000, -0.000000000000000000, 0.000000000000000000 ) ) ;
#6022 = ORIENTED_EDGE ( 'NONE', *, *, #9277, .F. ) ;
#6023 = DIRECTION ( 'NONE',  ( -0.000000000000000000, 1.000000000000000000, 0.000000000000000000 ) ) ;
#6024 = CARTESIAN_POINT ( 'NONE',  ( 27.69999999999999929, 0.000000000000000000, 0.000000000000000000 ) ) ;
#6025 = PLANE ( 'NONE',  #6227 ) ;
#6026 = ORIENTED_EDGE ( 'NONE', *, *, #4280, .T. ) ;
#6027 = FACE_OUTER_BOUND ( 'NONE', #8715, .T. ) ;
#6028 = CARTESIAN_POINT ( 'NONE',  ( 0.000000000000000000, 0.000000000000000000, 0.000000000000000000 ) ) ;
#6029 = PERSON_AND_ORGANIZATION ( #4646, #3700 ) ;
#6030 = DESIGN_CONTEXT ( 'detailed design', #1757, 'design' ) ;
#6031 = EDGE_CURVE ( 'NONE', #2498, #9016, #3694, .T. ) ;
#6032 = EDGE_CURVE ( 'NONE', #5495, #6383, #6384, .T. ) ;
#6033 = CIRCLE ( 'NONE', #1297, 1.700000000000000178 ) ;
#6034 = DIRECTION ( 'NONE',  ( 1.000000000000000000, 0.000000000000000000, 0.000000000000000000 ) ) ;
#6035 = CARTESIAN_POINT ( 'NONE',  ( -18.63871090099590333, -35.04297226076236882, -0.000000000000000000 ) ) ;
#6036 = CARTESIAN_POINT ( 'NONE',  ( -0.5999999999999999778, 13.98713694792469120, 16.00000000000000000 ) ) ;
#6037 = VERTEX_POINT ( 'NONE', #10557 ) ;
#6038 = LINE ( 'NONE', #8486, #3690 ) ;
#6039 =( NAMED_UNIT ( * ) SI_UNIT ( $, .STERADIAN. ) SOLID_ANGLE_UNIT ( ) );
#6040 = DIRECTION ( 'NONE',  ( 0.000000000000000000, -1.000000000000000000, 0.000000000000000000 ) ) ;
#6041 = DATE_AND_TIME ( #6712, #2219 ) ;
#6042 = VECTOR ( 'NONE', #5080, 1000.000000000000000 ) ;
#6043 = CARTESIAN_POINT ( 'NONE',  ( 124.2250839948863330, 1.699930488764121561, 0.000000000000000000 ) ) ;
#6044 = APPROVAL_ROLE ( '' ) ;
#6045 = CARTESIAN_POINT ( 'NONE',  ( -0.5999999999999999778, 2.200000000000000178, -0.09997027095160138099 ) ) ;
#6046 = APPROVAL ( #381, 'ๆช' ) ;
#6047 = ORIENTED_EDGE ( 'NONE', *, *, #789, .T. ) ;
#6048 = ORIENTED_EDGE ( 'NONE', *, *, #7521, .F. ) ;
#6049 = ORIENTED_EDGE ( 'NONE', *, *, #8216, .F. ) ;
#6050 = DIRECTION ( 'NONE',  ( 0.000000000000000000, -1.000000000000000000, 0.000000000000000000 ) ) ;
#6051 =( LENGTH_UNIT ( ) NAMED_UNIT ( * ) SI_UNIT ( .MILLI., .METRE. ) );
#6052 = DIRECTION ( 'NONE',  ( -0.000000000000000000, -0.000000000000000000, 1.000000000000000000 ) ) ;
#6053 = DIRECTION ( 'NONE',  ( -1.000000000000000000, -0.000000000000000000, -0.000000000000000000 ) ) ;
#6054 = DIRECTION ( 'NONE',  ( -1.000000000000000000, 0.000000000000000000, -0.000000000000000000 ) ) ;
#6055 = PERSON_AND_ORGANIZATION ( #6743, #3319 ) ;
#6056 = DATE_AND_TIME ( #6780, #2066 ) ;
#6057 = ORGANIZATION ( 'NAUO-ORG8', 'UNSPECIFIED', 'UNSPECIFIED' ) ;
#6058 = CC_DESIGN_DATE_AND_TIME_ASSIGNMENT ( #945, #9338, ( #3811 ) ) ;
#6059 = DIRECTION ( 'NONE',  ( 0.000000000000000000, 0.000000000000000000, -1.000000000000000000 ) ) ;
#6060 = CC_DESIGN_PERSON_AND_ORGANIZATION_ASSIGNMENT ( #4595, #10505, ( #8637 ) ) ;
#6061 = VERTEX_POINT ( 'NONE', #10499 ) ;
#6062 = LINE ( 'NONE', #399, #2364 ) ;
#6063 = ORIENTED_EDGE ( 'NONE', *, *, #9064, .T. ) ;
#6064 = CARTESIAN_POINT ( 'NONE',  ( 130.0000000000000000, 0.000000000000000000, 6.000000000000000000 ) ) ;
#6065 = CARTESIAN_POINT ( 'NONE',  ( 29.29993048876346151, -0.000000000000000000, 3.225083994884121008 ) ) ;
#6066 = CARTESIAN_POINT ( 'NONE',  ( -1.634255756361377543, 2.027746979026365359, 0.000000000000000000 ) ) ;
#6067 = LOCAL_TIME ( 6, 20, 33.00000000000000000, #10155 ) ;
#6068 = LINE ( 'NONE', #10293, #4182 ) ;
#6069 = EDGE_CURVE ( 'NONE', #5139, #4827, #1281, .T. ) ;
#6070 = DATE_TIME_ROLE ( 'creation_date' ) ;
#6071 = EDGE_LOOP ( 'NONE', ( #4332, #4455, #7772, #961 ) ) ;
#6072 = PRODUCT_DEFINITION_FORMATION_WITH_SPECIFIED_SOURCE ( 'ไป', '', #1162, .NOT_KNOWN. ) ;
#6073 = VERTEX_POINT ( 'NONE', #2986 ) ;
#6074 = DIRECTION ( 'NONE',  ( -0.000000000000000000, -0.000000000000000000, -1.000000000000000000 ) ) ;
#6075 = ORIENTED_EDGE ( 'NONE', *, *, #7654, .T. ) ;
#6076 = LINE ( 'NONE', #1187, #10056 ) ;
#6077 = CARTESIAN_POINT ( 'NONE',  ( -14.44258473825003897, 71.65666690099503455, 0.000000000000000000 ) ) ;
#6078 = FACE_BOUND ( 'NONE', #9014, .T. ) ;
#6079 = CC_DESIGN_APPROVAL ( #622, ( #2564 ) ) ;
#6080 = DIRECTION ( 'NONE',  ( 0.000000000000000000, 1.000000000000000000, 0.000000000000000000 ) ) ;
#6081 = EDGE_CURVE ( 'NONE', #10645, #3500, #7997, .T. ) ;
#6082 = EDGE_CURVE ( 'NONE', #224, #7819, #5507, .T. ) ;
#6083 = CARTESIAN_POINT ( 'NONE',  ( -27.69999999999999929, -57.00000000000000000, 0.000000000000000000 ) ) ;
#6084 = DIRECTION ( 'NONE',  ( 0.000000000000000000, 0.000000000000000000, 1.000000000000000000 ) ) ;
#6085 = FACE_OUTER_BOUND ( 'NONE', #3535, .T. ) ;
#6086 = SECURITY_CLASSIFICATION ( '', '', #295 ) ;
#6087 = VECTOR ( 'NONE', #1277, 1000.000000000000000 ) ;
#6088 = CARTESIAN_POINT ( 'NONE',  ( 14.00000000000000000, 70.00000000000000000, 8.000000000000000000 ) ) ;
#6089 = ORIENTED_EDGE ( 'NONE', *, *, #3401, .T. ) ;
#6090 = DIRECTION ( 'NONE',  ( -0.000000000000000000, 1.000000000000000000, -0.000000000000000000 ) ) ;
#6091 = CARTESIAN_POINT ( 'NONE',  ( 40.00000000000000000, 0.000000000000000000, 40.00000000000000000 ) ) ;
#6092 =( REPRESENTATION_RELATIONSHIP ('NONE','NONE', #1311, #10763 ) REPRESENTATION_RELATIONSHIP_WITH_TRANSFORMATION ( #1983 )SHAPE_REPRESENTATION_RELATIONSHIP( ) );
#6093 = EDGE_CURVE ( 'NONE', #2605, #5107, #2123, .T. ) ;
#6094 = EDGE_CURVE ( 'NONE', #3112, #2560, #2470, .T. ) ;
#6095 = DATE_AND_TIME ( #1313, #7686 ) ;
#6096 = CARTESIAN_POINT ( 'NONE',  ( -21.36128909900304862, -0.000000000000000000, 10.95702773923621010 ) ) ;
#6097 = PRODUCT_DEFINITION_FORMATION_WITH_SPECIFIED_SOURCE ( 'ไป', '', #1448, .NOT_KNOWN. ) ;
#6098 = DATE_AND_TIME ( #9263, #8724 ) ;
#6099 = VECTOR ( 'NONE', #1454, 1000.000000000000000 ) ;
#6100 = DIRECTION ( 'NONE',  ( -1.000000000000000000, 1.776356839400250465E-15, 0.000000000000000000 ) ) ;
#6101 = VERTEX_POINT ( 'NONE', #2048 ) ;
#6102 = CARTESIAN_POINT ( 'NONE',  ( 0.000000000000000000, 0.000000000000000000, 16.00000000000000000 ) ) ;
#6103 = AXIS2_PLACEMENT_3D ( 'NONE', #4990, #8360, #3390 ) ;
#6104 = VERTEX_POINT ( 'NONE', #6277 ) ;
#6105 = DIRECTION ( 'NONE',  ( 0.000000000000000000, 0.000000000000000000, 1.000000000000000000 ) ) ;
#6106 = DIRECTION ( 'NONE',  ( 0.000000000000000000, -0.000000000000000000, 1.000000000000000000 ) ) ;
#6107 = DIRECTION ( 'NONE',  ( 0.000000000000000000, -0.000000000000000000, 1.000000000000000000 ) ) ;
#6108 = ORIENTED_EDGE ( 'NONE', *, *, #2996, .F. ) ;
#6109 = DIRECTION ( 'NONE',  ( 0.000000000000000000, -1.000000000000000000, 0.000000000000000000 ) ) ;
#6110 = VECTOR ( 'NONE', #1649, 1000.000000000000000 ) ;
#6111 =( GEOMETRIC_REPRESENTATION_CONTEXT ( 3 ) GLOBAL_UNCERTAINTY_ASSIGNED_CONTEXT ( ( #6588 ) ) GLOBAL_UNIT_ASSIGNED_CONTEXT ( ( #9714, #4738, #3193 ) ) REPRESENTATION_CONTEXT ( 'NONE', 'WORKASPACE' ) );
#6112 = EDGE_CURVE ( 'NONE', #9191, #5823, #155, .T. ) ;
#6113 = APPROVAL_ROLE ( '' ) ;
#6114 = AXIS2_PLACEMENT_3D ( 'NONE', #8659, #1048, #4409 ) ;
#6115 = PERSON_AND_ORGANIZATION_ROLE ( 'creator' ) ;
#6116 = DIRECTION ( 'NONE',  ( -1.000000000000000000, 0.000000000000000000, -0.000000000000000000 ) ) ;
#6117 = AXIS2_PLACEMENT_3D ( 'NONE', #5641, #5744, #1581 ) ;
#6118 = ORIENTED_EDGE ( 'NONE', *, *, #5416, .F. ) ;
#6119 = FACE_OUTER_BOUND ( 'NONE', #9341, .T. ) ;
#6120 = AXIS2_PLACEMENT_3D ( 'NONE', #10579, #1141, #10519 ) ;
#6121 = ORIENTED_EDGE ( 'NONE', *, *, #2372, .F. ) ;
#6122 = DIRECTION ( 'NONE',  ( -1.000000000000000000, 0.000000000000000000, 0.000000000000000000 ) ) ;
#6123 = DIRECTION ( 'NONE',  ( -1.000000000000000000, 0.000000000000000000, -0.000000000000000000 ) ) ;
#6124 = FACE_OUTER_BOUND ( 'NONE', #4985, .T. ) ;
#6125 = VECTOR ( 'NONE', #7006, 1000.000000000000000 ) ;
#6126 = PERSON_AND_ORGANIZATION_ROLE ( 'classification_officer' ) ;
#6127 = CC_DESIGN_PERSON_AND_ORGANIZATION_ASSIGNMENT ( #3286, #2246, ( #4139 ) ) ;
#6128 = CARTESIAN_POINT ( 'NONE',  ( 31.19999999999999929, 59.50000000000000000, 4.688194301613412662 ) ) ;
#6129 = CC_DESIGN_PERSON_AND_ORGANIZATION_ASSIGNMENT ( #10818, #2260, ( #7135 ) ) ;
#6130 = PERSON_AND_ORGANIZATION ( #6743, #3319 ) ;
#6131 = LOCAL_TIME ( 6, 20, 33.00000000000000000, #5904 ) ;
#6132 = AXIS2_PLACEMENT_3D ( 'NONE', #5278, #10154, #5162 ) ;
#6133 = VECTOR ( 'NONE', #5390, 1000.000000000000000 ) ;
#6134 = ORIENTED_EDGE ( 'NONE', *, *, #4309, .T. ) ;
#6135 = FACE_BOUND ( 'NONE', #7613, .T. ) ;
#6136 = EDGE_CURVE ( 'NONE', #8272, #1963, #401, .T. ) ;
#6137 = ORIENTED_EDGE ( 'NONE', *, *, #7924, .T. ) ;
#6138 = CARTESIAN_POINT ( 'NONE',  ( 137.6568650684230875, -0.4424697499179515714, -0.000000000000000000 ) ) ;
#6139 = CARTESIAN_POINT ( 'NONE',  ( -18.34313493157694097, -6.442469749914236488, -0.000000000000000000 ) ) ;
#6140 = LINE ( 'NONE', #9627, #6202 ) ;
#6141 = VECTOR ( 'NONE', #7179, 1000.000000000000000 ) ;
#6142 = CARTESIAN_POINT ( 'NONE',  ( 15.69999999999999929, 70.00000000000000000, 8.000000000000000000 ) ) ;
#6143 = CARTESIAN_POINT ( 'NONE',  ( -7.299999999999998934, 31.00000000000000000, -6.000000000000000152E-06 ) ) ;
#6144 = DIRECTION ( 'NONE',  ( 1.000000000000000000, 0.000000000000000000, 0.000000000000000000 ) ) ;
#6145 = CARTESIAN_POINT ( 'NONE',  ( -10.69999999999999929, 49.00000000000000000, -6.000000000000000152E-06 ) ) ;
#6146 = CIRCLE ( 'NONE', #883, 16.00000000000001421 ) ;
#6147 = EDGE_CURVE ( 'NONE', #5751, #7466, #6146, .T. ) ;
#6148 = CARTESIAN_POINT ( 'NONE',  ( 9.047774080068554881, 10.68363060322405289, 8.231058013007709562 ) ) ;
#6149 = ORIENTED_EDGE ( 'NONE', *, *, #609, .T. ) ;
#6150 = LINE ( 'NONE', #378, #5056 ) ;
#6151 = CARTESIAN_POINT ( 'NONE',  ( -9.511937134729814503, 10.27294094237714717, 9.632242882235434678 ) ) ;
#6152 = COORDINATED_UNIVERSAL_TIME_OFFSET ( 5, 0, .BEHIND. ) ;
#6153 = CARTESIAN_POINT ( 'NONE',  ( 123.5574152617459305, 1.656666900993485791, 0.000000000000000000 ) ) ;
#6154 = VECTOR ( 'NONE', #4468, 1000.000000000000000 ) ;
#6155 = ITEM_DEFINED_TRANSFORMATION ( 'NONE', 'NONE', #2785,  #7172 ) ;
#6156 = CARTESIAN_POINT ( 'NONE',  ( -22.00000000000000000, 0.000000000000000000, 8.000000000000000000 ) ) ;
#6157 = ADVANCED_FACE ( 'NONE', ( #2432 ), #9110, .F. ) ;
#6158 = EDGE_CURVE ( 'NONE', #2822, #3498, #2642, .T. ) ;
#6159 = ORIENTED_EDGE ( 'NONE', *, *, #1241, .T. ) ;
#6160 = APPLICATION_CONTEXT ( 'configuration controlled 3d designs of mechanical parts and assemblies' ) ;
#6161 = ORIENTED_EDGE ( 'NONE', *, *, #2387, .T. ) ;
#6162 = DIRECTION ( 'NONE',  ( 0.000000000000000000, 1.000000000000000000, -0.000000000000000000 ) ) ;
#6163 = CYLINDRICAL_SURFACE ( 'NONE', #7708, 1.700000000000000178 ) ;
#6164 = CARTESIAN_POINT ( 'NONE',  ( 20.44258473825125577, -7.656666900994569147, 0.000000000000000000 ) ) ;
#6165 = CARTESIAN_POINT ( 'NONE',  ( 0.000000000000000000, 0.000000000000000000, 4.000000000000000000 ) ) ;
#6166 = COORDINATED_UNIVERSAL_TIME_OFFSET ( 5, 0, .BEHIND. ) ;
#6167 = APPROVAL_STATUS ( 'not_yet_approved' ) ;
#6168 = CARTESIAN_POINT ( 'NONE',  ( 0.000000000000000000, 0.000000000000000000, 0.000000000000000000 ) ) ;
#6169 = ADVANCED_FACE ( 'NONE', ( #682 ), #8284, .F. ) ;
#6170 = EDGE_CURVE ( 'NONE', #6321, #6372, #2490, .T. ) ;
#6171 = EDGE_LOOP ( 'NONE', ( #2705, #9255, #1888, #1147 ) ) ;
#6172 = CARTESIAN_POINT ( 'NONE',  ( 21.69999999999999929, -6.000000000000000000, 5.000000000000000000 ) ) ;
#6173 = EDGE_LOOP ( 'NONE', ( #5322, #3120, #7486, #9890 ) ) ;
#6174 = CARTESIAN_POINT ( 'NONE',  ( -2.408641179952662359, 0.9895630205432096593, 0.000000000000000000 ) ) ;
#6175 = CARTESIAN_POINT ( 'NONE',  ( 31.00000000000000355, -6.000000000000000152E-06, 1.299999999999999600 ) ) ;
#6176 = CARTESIAN_POINT ( 'NONE',  ( 0.000000000000000000, 25.00000000000000000, 90.00000000000000000 ) ) ;
#6177 = PERSON_AND_ORGANIZATION ( #6743, #3319 ) ;
#6178 = CALENDAR_DATE ( 2026, 18, 9 ) ;
#6179 = LINE ( 'NONE', #9564, #8069 ) ;
#6180 = PERSON_AND_ORGANIZATION ( #6743, #3319 ) ;
#6181 = ORIENTED_EDGE ( 'NONE', *, *, #4958, .F. ) ;
#6182 = DIRECTION ( 'NONE',  ( -0.000000000000000000, -0.000000000000000000, -1.000000000000000000 ) ) ;
#6183 = EDGE_LOOP ( 'NONE', ( #9379, #834, #5784, #864 ) ) ;
#6184 = CC_DESIGN_PERSON_AND_ORGANIZATION_ASSIGNMENT ( #5413, #8739, ( #1244 ) ) ;
#6185 = ORIENTED_EDGE ( 'NONE', *, *, #5964, .F. ) ;
#6186 = LINE ( 'NONE', #1858, #4570 ) ;
#6187 = DIRECTION ( 'NONE',  ( -1.000000000000000000, -0.000000000000000000, -0.000000000000000000 ) ) ;
#6188 = CYLINDRICAL_SURFACE ( 'NONE', #3576, 1.700000000000007061 ) ;
#6189 = DIRECTION ( 'NONE',  ( 0.000000000000000000, 0.000000000000000000, -1.000000000000000000 ) ) ;
#6190 = EDGE_LOOP ( 'NONE', ( #7368, #10581, #3360, #4317 ) ) ;
#6191 = CARTESIAN_POINT ( 'NONE',  ( -0.6000001182283759560, 2.529936706146719949, -8.999999999999988370E-06 ) ) ;
#6192 = LINE ( 'NONE', #96, #8604 ) ;
#6193 = DIRECTION ( 'NONE',  ( 1.000000000000000000, 0.000000000000000000, 0.000000000000000000 ) ) ;
#6194 = APPROVAL ( #2613, 'ๆช' ) ;
#6195 = PLANE ( 'NONE',  #6575 ) ;
#6196 = ORIENTED_EDGE ( 'NONE', *, *, #8653, .T. ) ;
#6197 = DIRECTION ( 'NONE',  ( 1.000000000000000000, 0.000000000000000000, 0.000000000000000000 ) ) ;
#6198 = CARTESIAN_POINT ( 'NONE',  ( -9.361408682914859725, 10.41030262302256482, 7.544205745375569094 ) ) ;
#6199 = CALENDAR_DATE ( 2026, 18, 9 ) ;
#6200 = DIRECTION ( 'NONE',  ( -0.000000000000000000, -0.000000000000000000, -1.000000000000000000 ) ) ;
#6201 = ADVANCED_FACE ( 'NONE', ( #9834 ), #835, .F. ) ;
#6202 = VECTOR ( 'NONE', #3820, 1000.000000000000000 ) ;
#6203 = DIRECTION ( 'NONE',  ( 1.000000000000000000, -0.000000000000000000, -0.000000000000000000 ) ) ;
#6204 = EDGE_CURVE ( 'NONE', #3082, #6422, #10230, .T. ) ;
#6205 = EDGE_LOOP ( 'NONE', ( #5970, #2171 ) ) ;
#6206 = PERSON ( 'NAUO-PER14', 'UNSPECIFIED', 'UNSPECIFIED', ('UNSPECIFIED'), ('UNSPECIFIED'), ('UNSPECIFIED') ) ;
#6207 = ORIENTED_EDGE ( 'NONE', *, *, #8260, .T. ) ;
#6208 = ORIENTED_EDGE ( 'NONE', *, *, #4770, .F. ) ;
#6209 = CARTESIAN_POINT ( 'NONE',  ( 20.00000000000000000, 12.00000000000000000, 2.000000000000000000 ) ) ;
#6210 = CARTESIAN_POINT ( 'NONE',  ( -8.099999999999999645, 70.00000000000000000, 5.200000000000000178 ) ) ;
#6211 = AXIS2_PLACEMENT_3D ( 'NONE', #9015, #10621, #2388 ) ;
#6212 = CARTESIAN_POINT ( 'NONE',  ( 14.85853893179036689, 68.51547649045612332, -0.000000000000000000 ) ) ;
#6213 = APPROVAL_STATUS ( 'not_yet_approved' ) ;
#6214 = EDGE_CURVE ( 'NONE', #5671, #1280, #5672, .T. ) ;
#6215 = APPROVAL_STATUS ( 'not_yet_approved' ) ;
#6216 = VECTOR ( 'NONE', #2499, 1000.000000000000000 ) ;
#6217 = CARTESIAN_POINT ( 'NONE',  ( 0.000000000000000000, 0.000000000000000000, 6.000000000000000000 ) ) ;
#6218 = ORIENTED_EDGE ( 'NONE', *, *, #7858, .T. ) ;
#6219 = DIRECTION ( 'NONE',  ( 1.000000000000000000, 0.000000000000000000, 0.000000000000000000 ) ) ;
#6220 = ORIENTED_EDGE ( 'NONE', *, *, #4344, .T. ) ;
#6221 = CARTESIAN_POINT ( 'NONE',  ( 31.00000000000000000, 59.50000000000000000, 3.000000000000000000 ) ) ;
#6222 = CARTESIAN_POINT ( 'NONE',  ( 29.34320465898994001, -0.000000000000000000, 2.557362060149046545 ) ) ;
#6223 = DIRECTION ( 'NONE',  ( 0.000000000000000000, 1.000000000000000000, 0.000000000000000000 ) ) ;
#6224 = CARTESIAN_POINT ( 'NONE',  ( 11.03830473322971528, 8.614725053397682686, 6.831724570723054946 ) ) ;
#6225 = LINE ( 'NONE', #8891, #6995 ) ;
#6226 = PERSON_AND_ORGANIZATION ( #6743, #3319 ) ;
#6227 = AXIS2_PLACEMENT_3D ( 'NONE', #2514, #8523, #8472 ) ;
#6228 = COORDINATED_UNIVERSAL_TIME_OFFSET ( 5, 0, .BEHIND. ) ;
#6229 = CC_DESIGN_APPROVAL ( #5264, ( #8536 ) ) ;
#6230 = CARTESIAN_POINT ( 'NONE',  ( 22.00000000000000000, 84.00000000000000000, 8.000000000000000000 ) ) ;
#6231 = EDGE_CURVE ( 'NONE', #1712, #2270, #5976, .T. ) ;
#6232 = DATE_AND_TIME ( #2218, #9648 ) ;
#6233 = EDGE_CURVE ( 'NONE', #9639, #1687, #10776, .T. ) ;
#6234 = ORIENTED_EDGE ( 'NONE', *, *, #8108, .T. ) ;
#6235 = FACE_OUTER_BOUND ( 'NONE', #376, .T. ) ;
#6236 = SECURITY_CLASSIFICATION ( '', '', #9589 ) ;
#6237 = ORIENTED_EDGE ( 'NONE', *, *, #6158, .F. ) ;
#6238 = LINE ( 'NONE', #4652, #5969 ) ;
#6239 = DIRECTION ( 'NONE',  ( -0.000000000000000000, -0.000000000000000000, -1.000000000000000000 ) ) ;
#6240 = CARTESIAN_POINT ( 'NONE',  ( 31.00000000000000000, -6.000000000000000152E-06, 22.70000000000000284 ) ) ;
#6241 = CARTESIAN_POINT ( 'NONE',  ( -7.299999999999998934, 31.00000000000000000, -6.000000000000000152E-06 ) ) ;
#6242 = EDGE_CURVE ( 'NONE', #9761, #2525, #5909, .T. ) ;
#6243 = LOCAL_TIME ( 6, 20, 33.00000000000000000, #8002 ) ;
#6244 = DESIGN_CONTEXT ( 'detailed design', #4775, 'design' ) ;
#6245 = LINE ( 'NONE', #8649, #6675 ) ;
#6246 = ORIENTED_EDGE ( 'NONE', *, *, #6082, .F. ) ;
#6247 = CARTESIAN_POINT ( 'NONE',  ( 29.30006951123579739, 31.22508399488667052, -0.000000000000000000 ) ) ;
#6248 = CARTESIAN_POINT ( 'NONE',  ( 10.37234568834891668, 9.406446595082069706, 10.16287729469196321 ) ) ;
#6249 = APPROVAL_PERSON_ORGANIZATION ( #7096, #9928, #1115 ) ;
#6250 = ORIENTED_EDGE ( 'NONE', *, *, #7828, .F. ) ;
#6251 = FACE_OUTER_BOUND ( 'NONE', #10566, .T. ) ;
#6252 = CARTESIAN_POINT ( 'NONE',  ( -9.291948759307684824, 10.47216675020139931, 7.641253131056851444 ) ) ;
#6253 = APPLICATION_PROTOCOL_DEFINITION ( 'international standard', 'config_control_design', 1994, #3850 ) ;
#6254 = CARTESIAN_POINT ( 'NONE',  ( 30.50000000000000000, -10.00000000000000000, 39.50000000000000000 ) ) ;
#6255 = CC_DESIGN_DATE_AND_TIME_ASSIGNMENT ( #4462, #10374, ( #6236 ) ) ;
#6256 = CC_DESIGN_PERSON_AND_ORGANIZATION_ASSIGNMENT ( #279, #3628, ( #8569 ) ) ;
#6257 = CALENDAR_DATE ( 2026, 18, 9 ) ;
#6258 = APPROVAL_PERSON_ORGANIZATION ( #1948, #8432, #8675 ) ;
#6259 = AXIS2_PLACEMENT_3D ( 'NONE', #10551, #5342, #5556 ) ;
#6260 = DIRECTION ( 'NONE',  ( 0.000000000000000000, -1.000000000000000000, 0.000000000000000000 ) ) ;
#6261 = ORIENTED_EDGE ( 'NONE', *, *, #649, .F. ) ;
#6262 = ADVANCED_FACE ( 'NONE', ( #6552 ), #9946, .F. ) ;
#6263 = ORIENTED_EDGE ( 'NONE', *, *, #449, .T. ) ;
#6264 = CARTESIAN_POINT ( 'NONE',  ( -24.30000000000000071, 45.00000000000000000, 5.000000000000000000 ) ) ;
#6265 = CYLINDRICAL_SURFACE ( 'NONE', #4032, 1.699999999999998401 ) ;
#6266 = LOCAL_TIME ( 6, 20, 33.00000000000000000, #8918 ) ;
#6267 = CARTESIAN_POINT ( 'NONE',  ( 0.000000000000000000, 70.00000000000000000, 5.200000000000000178 ) ) ;
#6268 = CALENDAR_DATE ( 2026, 18, 9 ) ;
#6269 = VERTEX_POINT ( 'NONE', #5726 ) ;
#6270 = PERSON_AND_ORGANIZATION_ROLE ( 'classification_officer' ) ;
#6271 = FACE_BOUND ( 'NONE', #9595, .T. ) ;
#6272 = CC_DESIGN_APPROVAL ( #3630, ( #10707 ) ) ;
#6273 = VERTEX_POINT ( 'NONE', #4083 ) ;
#6274 = CARTESIAN_POINT ( 'NONE',  ( 0.000000000000000000, 0.000000000000000000, 0.000000000000000000 ) ) ;
#6275 = ADVANCED_FACE ( 'NONE', ( #7437 ), #3470, .F. ) ;
#6276 = VERTEX_POINT ( 'NONE', #227 ) ;
#6277 = CARTESIAN_POINT ( 'NONE',  ( -9.000000000000000000, 80.49999999999998579, 4.700000000000000178 ) ) ;
#6278 = CARTESIAN_POINT ( 'NONE',  ( 30.77491600511332948, 0.000000000000000000, 1.299930488764205805 ) ) ;
#6279 = DIRECTION ( 'NONE',  ( -1.000000000000000000, 0.000000000000000000, 0.000000000000000000 ) ) ;
#6280 = VECTOR ( 'NONE', #1076, 1000.000000000000000 ) ;
#6281 = CIRCLE ( 'NONE', #2599, 1.700000000000000178 ) ;
#6282 = CARTESIAN_POINT ( 'NONE',  ( 32.04287395702761643, 47.63880920472556113, 0.000000000000000000 ) ) ;
#6283 = DIRECTION ( 'NONE',  ( 0.000000000000000000, 0.000000000000000000, -1.000000000000000000 ) ) ;
#6284 = EDGE_CURVE ( 'NONE', #5562, #360, #995, .T. ) ;
#6285 = DATE_AND_TIME ( #1238, #4503 ) ;
#6286 = CARTESIAN_POINT ( 'NONE',  ( 136.4426379398502718, 1.656795341010720568, -0.000000000000000000 ) ) ;
#6287 = PERSON_AND_ORGANIZATION_ROLE ( 'creator' ) ;
#6288 =( GEOMETRIC_REPRESENTATION_CONTEXT ( 3 ) GLOBAL_UNCERTAINTY_ASSIGNED_CONTEXT ( ( #10810 ) ) GLOBAL_UNIT_ASSIGNED_CONTEXT ( ( #6428, #500, #442 ) ) REPRESENTATION_CONTEXT ( 'NONE', 'WORKASPACE' ) );
#6289 = VECTOR ( 'NONE', #9350, 1000.000000000000000 ) ;
#6290 = VECTOR ( 'NONE', #7028, 1000.000000000000000 ) ;
#6291 = ORIENTED_EDGE ( 'NONE', *, *, #10297, .T. ) ;
#6292 = FACE_OUTER_BOUND ( 'NONE', #5191, .T. ) ;
#6293 = VECTOR ( 'NONE', #2878, 1000.000000000000000 ) ;
#6294 = EDGE_CURVE ( 'NONE', #8907, #5009, #5120, .T. ) ;
#6295 = ORIENTED_EDGE ( 'NONE', *, *, #6069, .T. ) ;
#6296 = LINE ( 'NONE', #10459, #6141 ) ;
#6297 = LINE ( 'NONE', #2063, #10385 ) ;
#6298 = CARTESIAN_POINT ( 'NONE',  ( -10.50000000000000000, -1.200000000000000030E-05, 3.799999999999998046 ) ) ;
#6299 = EDGE_CURVE ( 'NONE', #886, #6009, #1716, .T. ) ;
#6300 = SHAPE_REPRESENTATION_RELATIONSHIP ( 'NONE' , 'NONE' ,  #195, #977 ) ;
#6301 = AXIS2_PLACEMENT_3D ( 'NONE', #3926, #10679, #2289 ) ;
#6302 = AXIS2_PLACEMENT_3D ( 'NONE', #2462, #8086, #1639 ) ;
#6303 = VECTOR ( 'NONE', #5206, 1000.000000000000000 ) ;
#6304 = DIRECTION ( 'NONE',  ( 1.000000000000000000, -0.000000000000000000, 0.000000000000000000 ) ) ;
#6305 = EDGE_LOOP ( 'NONE', ( #9695, #8799, #5685, #2185 ) ) ;
#6306 = DIRECTION ( 'NONE',  ( -1.000000000000000000, -0.000000000000000000, -0.000000000000000000 ) ) ;
#6307 = ORIENTED_EDGE ( 'NONE', *, *, #8275, .T. ) ;
#6308 = CARTESIAN_POINT ( 'NONE',  ( 32.65666690099504876, 31.44258473825040667, -0.000000000000000000 ) ) ;
#6309 = CARTESIAN_POINT ( 'NONE',  ( 21.48432534211531575, -34.85865392012780717, 0.000000000000000000 ) ) ;
#6310 = EDGE_CURVE ( 'NONE', #10287, #6101, #3527, .T. ) ;
#6311 = VECTOR ( 'NONE', #4611, 1000.000000000000000 ) ;
#6312 = ORIENTED_EDGE ( 'NONE', *, *, #3111, .F. ) ;
#6313 = LINE ( 'NONE', #4562, #5762 ) ;
#6314 = CARTESIAN_POINT ( 'NONE',  ( -11.77429632712486196, 7.574489190830806074, 9.433434849665658817 ) ) ;
#6315 = APPROVAL_STATUS ( 'not_yet_approved' ) ;
#6316 = DIRECTION ( 'NONE',  ( 0.000000000000000000, 0.000000000000000000, -1.000000000000000000 ) ) ;
#6317 = APPROVAL_STATUS ( 'not_yet_approved' ) ;
#6318 = AXIS2_PLACEMENT_3D ( 'NONE', #7785, #5084, #1011 ) ;
#6319 = VERTEX_POINT ( 'NONE', #6773 ) ;
#6320 = CARTESIAN_POINT ( 'NONE',  ( 3.000000000000000000, 0.000000000000000000, 3.000000000000000000 ) ) ;
#6321 = VERTEX_POINT ( 'NONE', #2591 ) ;
#6322 = CC_DESIGN_PERSON_AND_ORGANIZATION_ASSIGNMENT ( #10639, #6419, ( #8922 ) ) ;
#6323 = VERTEX_POINT ( 'NONE', #4303 ) ;
#6324 = DIRECTION ( 'NONE',  ( 1.000000000000000000, 0.000000000000000000, 0.000000000000000000 ) ) ;
#6325 = SHAPE_REPRESENTATION_RELATIONSHIP ( 'NONE' , 'NONE' ,  #1737, #5305 ) ;
#6326 = DIRECTION ( 'NONE',  ( 0.000000000000000000, 0.000000000000000000, 1.000000000000000000 ) ) ;
#6327 = AXIS2_PLACEMENT_3D ( 'NONE', #10877, #10659, #3202 ) ;
#6328 = CARTESIAN_POINT ( 'NONE',  ( -21.00000000000000000, 8.000000000000000000, 24.00000000000000000 ) ) ;
#6329 = DATE_AND_TIME ( #2100, #4865 ) ;
#6330 = PERSON_AND_ORGANIZATION ( #1118, #5708 ) ;
#6331 = PRODUCT_DEFINITION_SHAPE ( 'NONE', 'NONE',  #2564 ) ;
#6332 = DIRECTION ( 'NONE',  ( 1.000000000000000000, 0.000000000000000000, 0.000000000000000000 ) ) ;
#6333 = ORIENTED_EDGE ( 'NONE', *, *, #5979, .F. ) ;
#6334 = ORIENTED_EDGE ( 'NONE', *, *, #8401, .T. ) ;
#6335 = EDGE_CURVE ( 'NONE', #4864, #10632, #9436, .T. ) ;
#6336 = EDGE_LOOP ( 'NONE', ( #8870, #6771, #7995, #1857 ) ) ;
#6337 = DIRECTION ( 'NONE',  ( 0.000000000000000000, 1.000000000000000000, 0.000000000000000000 ) ) ;
#6338 = DIRECTION ( 'NONE',  ( -0.000000000000000000, -0.000000000000000000, 1.000000000000000000 ) ) ;
#6339 = DIRECTION ( 'NONE',  ( -0.000000000000000000, -0.000000000000000000, 1.000000000000000000 ) ) ;
#6340 = CARTESIAN_POINT ( 'NONE',  ( 31.85853893179089980, 47.51547649045667043, -0.000000000000000000 ) ) ;
#6341 = CARTESIAN_POINT ( 'NONE',  ( -12.00000000000000000, -7.000000000000000000, 5.000000000000000000 ) ) ;
#6342 = APPROVAL_DATE_TIME ( #7168, #4598 ) ;
#6343 = LOCAL_TIME ( 6, 20, 33.00000000000000000, #5818 ) ;
#6344 = CARTESIAN_POINT ( 'NONE',  ( 24.30000000000000071, -45.00000000000000000, -1.200000000000000030E-05 ) ) ;
#6345 = APPROVAL_DATE_TIME ( #10453, #3172 ) ;
#6346 = ADVANCED_FACE ( 'NONE', ( #7552 ), #8613, .F. ) ;
#6347 = ORIENTED_EDGE ( 'NONE', *, *, #3607, .F. ) ;
#6348 = DIRECTION ( 'NONE',  ( 1.000000000000000000, 0.000000000000000000, 0.000000000000000000 ) ) ;
#6349 = ORIENTED_EDGE ( 'NONE', *, *, #10489, .F. ) ;
#6350 = LINE ( 'NONE', #7121, #8447 ) ;
#6351 = DIRECTION ( 'NONE',  ( 0.000000000000000000, 0.000000000000000000, 1.000000000000000000 ) ) ;
#6352 = CARTESIAN_POINT ( 'NONE',  ( 32.70006951123652783, -0.000000000000000000, 20.77491600511587322 ) ) ;
#6353 = PERSON ( 'NAUO-PER3', 'UNSPECIFIED', 'UNSPECIFIED', ('UNSPECIFIED'), ('UNSPECIFIED'), ('UNSPECIFIED') ) ;
#6354 = LINE ( 'NONE', #7075, #2436 ) ;
#6355 = EDGE_CURVE ( 'NONE', #5609, #1994, #4412, .T. ) ;
#6356 = VECTOR ( 'NONE', #5271, 1000.000000000000000 ) ;
#6357 = CARTESIAN_POINT ( 'NONE',  ( 0.000000000000000000, 70.00000000000000000, 8.000000000000000000 ) ) ;
#6358 = EDGE_LOOP ( 'NONE', ( #3340, #5533, #10481, #3743 ) ) ;
#6359 = CARTESIAN_POINT ( 'NONE',  ( 32.70000000000000284, 31.22525195654805330, 0.000000000000000000 ) ) ;
#6360 = CARTESIAN_POINT ( 'NONE',  ( 9.511064628574489532, 10.27374944521859312, 7.368648734014357160 ) ) ;
#6361 = ORIENTED_EDGE ( 'NONE', *, *, #4309, .F. ) ;
#6362 = CARTESIAN_POINT ( 'NONE',  ( -10.50000000000000000, -1.200000000000000030E-05, 2.200000000000002398 ) ) ;
#6363 = CARTESIAN_POINT ( 'NONE',  ( -9.841304759421173998, 9.959976315290019144, 7.081349739459778192 ) ) ;
#6364 = APPROVAL_ROLE ( '' ) ;
#6365 = CARTESIAN_POINT ( 'NONE',  ( -12.00000000000000000, 7.000000000000000000, 5.000000000000000000 ) ) ;
#6366 = DATE_TIME_ROLE ( 'classification_date' ) ;
#6367 = ADVANCED_FACE ( 'NONE', ( #1886 ), #8495, .F. ) ;
#6368 = EDGE_CURVE ( 'NONE', #4610, #2896, #6831, .T. ) ;
#6369 = ORIENTED_EDGE ( 'NONE', *, *, #1641, .F. ) ;
#6370 = LINE ( 'NONE', #10597, #8201 ) ;
#6371 = VERTEX_POINT ( 'NONE', #10220 ) ;
#6372 = VERTEX_POINT ( 'NONE', #1060 ) ;
#6373 = CARTESIAN_POINT ( 'NONE',  ( 24.30000000000000071, 57.00000000000000000, 5.000000000000000000 ) ) ;
#6374 =( NAMED_UNIT ( * ) SI_UNIT ( $, .STERADIAN. ) SOLID_ANGLE_UNIT ( ) );
#6375 = CARTESIAN_POINT ( 'NONE',  ( 150.0000000000000000, 0.000000000000000000, 90.00000000000000000 ) ) ;
#6376 = DIRECTION ( 'NONE',  ( 1.000000000000000000, 0.000000000000000000, -0.000000000000000000 ) ) ;
#6377 = DATE_AND_TIME ( #7261, #6433 ) ;
#6378 = DATE_AND_TIME ( #9663, #2770 ) ;
#6379 = CC_DESIGN_DATE_AND_TIME_ASSIGNMENT ( #507, #9048, ( #10665 ) ) ;
#6380 = DIRECTION ( 'NONE',  ( -0.000000000000000000, -0.000000000000000000, 1.000000000000000000 ) ) ;
#6381 = ORIENTED_EDGE ( 'NONE', *, *, #4555, .F. ) ;
#6382 = CIRCLE ( 'NONE', #3393, 1.700000000000000178 ) ;
#6383 = VERTEX_POINT ( 'NONE', #1943 ) ;
#6384 = LINE ( 'NONE', #3911, #9517 ) ;
#6385 = DIRECTION ( 'NONE',  ( 1.000000000000000000, -0.000000000000000000, 0.000000000000000000 ) ) ;
#6386 = CARTESIAN_POINT ( 'NONE',  ( 0.000000000000000000, 0.000000000000000000, 28.00000000000000000 ) ) ;
#6387 = CARTESIAN_POINT ( 'NONE',  ( -10.50000000000000000, 80.50000000000000000, 3.799999999999998046 ) ) ;
#6388 = CARTESIAN_POINT ( 'NONE',  ( 0.000000000000000000, 0.000000000000000000, 0.000000000000000000 ) ) ;
#6389 = DATE_TIME_ROLE ( 'classification_date' ) ;
#6390 = LINE ( 'NONE', #1406, #2776 ) ;
#6391 = PERSON_AND_ORGANIZATION ( #6743, #3319 ) ;
#6392 = VECTOR ( 'NONE', #5576, 1000.000000000000000 ) ;
#6393 = CC_DESIGN_PERSON_AND_ORGANIZATION_ASSIGNMENT ( #5680, #1625, ( #5047 ) ) ;
#6394 = CC_DESIGN_DATE_AND_TIME_ASSIGNMENT ( #5842, #10009, ( #10334 ) ) ;
#6395 = ORIENTED_EDGE ( 'NONE', *, *, #490, .F. ) ;
#6396 = DIRECTION ( 'NONE',  ( 0.000000000000000000, 0.000000000000000000, 1.000000000000000000 ) ) ;
#6397 = VERTEX_POINT ( 'NONE', #5286 ) ;
#6398 = CARTESIAN_POINT ( 'NONE',  ( 12.00000000000000000, -7.000000000000000000, 3.299999999999999822 ) ) ;
#6399 = CARTESIAN_POINT ( 'NONE',  ( -18.30000000000000071, -34.00000000000000000, -6.000000000000000152E-06 ) ) ;
#6400 = CARTESIAN_POINT ( 'NONE',  ( -14.00000000000000000, 0.000000000000000000, 0.000000000000000000 ) ) ;
#6401 = AXIS2_PLACEMENT_3D ( 'NONE', #6486, #6539, #9879 ) ;
#6402 = DIRECTION ( 'NONE',  ( 1.000000000000000000, 0.000000000000000000, 0.000000000000000000 ) ) ;
#6403 = ORIENTED_EDGE ( 'NONE', *, *, #4185, .T. ) ;
#6404 = EDGE_CURVE ( 'NONE', #10632, #10786, #358, .T. ) ;
#6405 = CARTESIAN_POINT ( 'NONE',  ( -8.774916005115503737, 32.69993048876346364, 0.000000000000000000 ) ) ;
#6406 = ORIENTED_EDGE ( 'NONE', *, *, #6511, .T. ) ;
#6407 = CC_DESIGN_APPROVAL ( #4114, ( #10665 ) ) ;
#6408 = DIRECTION ( 'NONE',  ( 1.000000000000000000, 0.000000000000000000, 0.000000000000000000 ) ) ;
#6409 = ORIENTED_EDGE ( 'NONE', *, *, #535, .T. ) ;
#6410 = CARTESIAN_POINT ( 'NONE',  ( 21.69999999999999929, -6.000000000000000000, -6.000000000000000152E-06 ) ) ;
#6411 = CARTESIAN_POINT ( 'NONE',  ( 0.000000000000000000, 0.000000000000000000, 12.00000000000000000 ) ) ;
#6412 = CARTESIAN_POINT ( 'NONE',  ( 11.94632831415376728, 7.299673962712884823, 10.11996912003220572 ) ) ;
#6414 = EDGE_CURVE ( 'NONE', #1883, #2375, #3574, .T. ) ;
#6413 = ORIENTED_EDGE ( 'NONE', *, *, #9328, .T. ) ;
#6415 = DIRECTION ( 'NONE',  ( 1.000000000000000000, 0.000000000000000000, 0.000000000000000000 ) ) ;
#6416 = PRODUCT_DEFINITION_SHAPE ( 'NONE', 'NONE',  #10909 ) ;
#6417 = CC_DESIGN_SECURITY_CLASSIFICATION ( #975, ( #10913 ) ) ;
#6418 = PLANE ( 'NONE',  #8407 ) ;
#6419 = PERSON_AND_ORGANIZATION_ROLE ( 'classification_officer' ) ;
#6420 = ORIENTED_EDGE ( 'NONE', *, *, #4799, .F. ) ;
#6421 = ORIENTED_EDGE ( 'NONE', *, *, #2281, .T. ) ;
#6422 = VERTEX_POINT ( 'NONE', #10162 ) ;
#6423 = CARTESIAN_POINT ( 'NONE',  ( 0.000000000000000000, 0.000000000000000000, 12.00000000000000000 ) ) ;
#6424 = APPROVAL_PERSON_ORGANIZATION ( #293, #4258, #10563 ) ;
#6426 = ADVANCED_FACE ( 'NONE', ( #8548 ), #2751, .F. ) ;
#6425 = ORIENTED_EDGE ( 'NONE', *, *, #6019, .F. ) ;
#6427 = CARTESIAN_POINT ( 'NONE',  ( -9.592487695948898718, 10.19791902210260304, 11.21088649228975775 ) ) ;
#6428 =( LENGTH_UNIT ( ) NAMED_UNIT ( * ) SI_UNIT ( .MILLI., .METRE. ) );
#6429 = CARTESIAN_POINT ( 'NONE',  ( -10.50000000000000000, -1.300000000000000044, -0.09997027095160138099 ) ) ;
#6430 = ADVANCED_FACE ( 'NONE', ( #1109, #5945, #6719, #9493, #2539 ), #9330, .F. ) ;
#6431 = CARTESIAN_POINT ( 'NONE',  ( -2.500000000000000000, 0.000000000000000000, 68.00000000000000000 ) ) ;
#6432 = DATE_AND_TIME ( #1552, #6611 ) ;
#6433 = LOCAL_TIME ( 6, 20, 33.00000000000000000, #9101 ) ;
#6434 = DATE_AND_TIME ( #3957, #2196 ) ;
#6435 = CARTESIAN_POINT ( 'NONE',  ( 28.00000000000000000, 8.000000000000000000, 24.00000000000000000 ) ) ;
#6436 = VERTEX_POINT ( 'NONE', #10601 ) ;
#6437 = LOCAL_TIME ( 6, 20, 33.00000000000000000, #1910 ) ;
#6438 = VERTEX_POINT ( 'NONE', #6209 ) ;
#6439 = CARTESIAN_POINT ( 'NONE',  ( 21.65666690099451941, -33.55741526174832501, -0.000000000000000000 ) ) ;
#6440 = CARTESIAN_POINT ( 'NONE',  ( 20.00000000000000000, -34.00000000000000000, -1.200000000000000030E-05 ) ) ;
#6441 = PLANE ( 'NONE',  #1576 ) ;
#6442 = DIRECTION ( 'NONE',  ( -0.000000000000000000, -0.000000000000000000, 1.000000000000000000 ) ) ;
#6443 = DIRECTION ( 'NONE',  ( 0.000000000000000000, 0.000000000000000000, 1.000000000000000000 ) ) ;
#6444 = COORDINATED_UNIVERSAL_TIME_OFFSET ( 5, 0, .BEHIND. ) ;
#6445 = DIRECTION ( 'NONE',  ( -1.000000000000000000, 0.000000000000000000, 0.000000000000000000 ) ) ;
#6446 =( REPRESENTATION_RELATIONSHIP ('NONE','NONE', #1311, #9924 ) REPRESENTATION_RELATIONSHIP_WITH_TRANSFORMATION ( #7051 )SHAPE_REPRESENTATION_RELATIONSHIP( ) );
#6447 = COORDINATED_UNIVERSAL_TIME_OFFSET ( 5, 0, .BEHIND. ) ;
#6448 = ORGANIZATION ( 'NAUO-ORG1', 'UNSPECIFIED', 'UNSPECIFIED' ) ;
#6449 = VECTOR ( 'NONE', #4817, 1000.000000000000000 ) ;
#6450 = VERTEX_POINT ( 'NONE', #10543 ) ;
#6451 = FACE_OUTER_BOUND ( 'NONE', #9773, .T. ) ;
#6452 = VECTOR ( 'NONE', #929, 1000.000000000000000 ) ;
#6453 = ORIENTED_EDGE ( 'NONE', *, *, #2343, .T. ) ;
#6454 = DIRECTION ( 'NONE',  ( -0.000000000000000000, -0.000000000000000000, 1.000000000000000000 ) ) ;
#6455 = CARTESIAN_POINT ( 'NONE',  ( -21.04287395703108743, -4.638809204729581026, 0.000000000000000000 ) ) ;
#6456 = DIRECTION ( 'NONE',  ( -1.000000000000000000, 0.000000000000000000, -0.000000000000000000 ) ) ;
#6457 = CC_DESIGN_DATE_AND_TIME_ASSIGNMENT ( #2030, #8869, ( #4843 ) ) ;
#6458 = AXIS2_PLACEMENT_3D ( 'NONE', #3016, #2408, #3230 ) ;
#6459 = APPROVAL ( #4847, 'ๆช' ) ;
#6460 = DIRECTION ( 'NONE',  ( 1.000000000000000000, 0.000000000000000000, 0.000000000000000000 ) ) ;
#6461 = EDGE_LOOP ( 'NONE', ( #10245, #4246, #3859, #782 ) ) ;
#6462 = DIRECTION ( 'NONE',  ( -0.000000000000000000, -1.000000000000000000, -0.000000000000000000 ) ) ;
#6463 = ORIENTED_EDGE ( 'NONE', *, *, #6081, .F. ) ;
#6464 = AXIS2_PLACEMENT_3D ( 'NONE', #9798, #3928, #8971 ) ;
#6465 = VECTOR ( 'NONE', #5001, 1000.000000000000000 ) ;
#6466 = PLANE ( 'NONE',  #3506 ) ;
#6467 = ORIENTED_EDGE ( 'NONE', *, *, #6969, .F. ) ;
#6468 = CARTESIAN_POINT ( 'NONE',  ( -10.48452350954348766, -0.000000000000000000, 3.858538931790370885 ) ) ;
#6469 = EDGE_LOOP ( 'NONE', ( #5343, #8669, #1804, #2899 ) ) ;
#6470 = FACE_OUTER_BOUND ( 'NONE', #5169, .T. ) ;
#6471 = CARTESIAN_POINT ( 'NONE',  ( 31.00000000000000000, 49.00000000000000000, -1.200000000000000030E-05 ) ) ;
#6472 =( GEOMETRIC_REPRESENTATION_CONTEXT ( 3 ) GLOBAL_UNCERTAINTY_ASSIGNED_CONTEXT ( ( #7694 ) ) GLOBAL_UNIT_ASSIGNED_CONTEXT ( ( #4606, #10260, #8015 ) ) REPRESENTATION_CONTEXT ( 'NONE', 'WORKASPACE' ) );
#6473 = VECTOR ( 'NONE', #6200, 1000.000000000000000 ) ;
#6474 = VECTOR ( 'NONE', #6537, 1000.000000000000000 ) ;
#6475 = EDGE_CURVE ( 'NONE', #6073, #8112, #8719, .T. ) ;
#6476 = ORIENTED_EDGE ( 'NONE', *, *, #7231, .F. ) ;
#6477 = CARTESIAN_POINT ( 'NONE',  ( 10.00000000000000000, 19.50000000000000000, 58.00000000000000000 ) ) ;
#6478 = VECTOR ( 'NONE', #9174, 1000.000000000000000 ) ;
#6479 = DIRECTION ( 'NONE',  ( 0.000000000000000000, 0.000000000000000000, -1.000000000000000000 ) ) ;
#6480 = DATE_AND_TIME ( #8144, #1543 ) ;
#6481 = CONTEXT_DEPENDENT_SHAPE_REPRESENTATION ( #6666, #8110 ) ;
#6482 = ORIENTED_EDGE ( 'NONE', *, *, #10691, .F. ) ;
#6483 = ADVANCED_FACE ( 'NONE', ( #7985 ), #441, .F. ) ;
#6484 = CARTESIAN_POINT ( 'NONE',  ( 0.000000000000000000, 0.000000000000000000, 0.000000000000000000 ) ) ;
#6485 = AXIS2_PLACEMENT_3D ( 'NONE', #6375, #7316, #7259 ) ;
#6486 = CARTESIAN_POINT ( 'NONE',  ( 31.60000000000000142, 72.50000000000000000, -1.200000000000000030E-05 ) ) ;
#6487 = ORIENTED_EDGE ( 'NONE', *, *, #3518, .F. ) ;
#6488 = CARTESIAN_POINT ( 'NONE',  ( -9.841304759421175774, 9.959976315290019144, 8.581349739459774639 ) ) ;
#6489 =( NAMED_UNIT ( * ) SI_UNIT ( $, .STERADIAN. ) SOLID_ANGLE_UNIT ( ) );
#6490 = DIRECTION ( 'NONE',  ( -1.000000000000000000, 0.000000000000000000, 0.000000000000000000 ) ) ;
#6491 = DATE_AND_TIME ( #8213, #2397 ) ;
#6492 = VECTOR ( 'NONE', #4394, 1000.000000000000000 ) ;
#6493 = PERSON_AND_ORGANIZATION ( #3714, #10315 ) ;
#6494 = EDGE_CURVE ( 'NONE', #1317, #5669, #5334, .T. ) ;
#6495 = EDGE_CURVE ( 'NONE', #9394, #8221, #10485, .T. ) ;
#6496 = DIRECTION ( 'NONE',  ( -1.000000000000000000, 0.000000000000000000, 0.000000000000000000 ) ) ;
#6497 = ORIENTED_EDGE ( 'NONE', *, *, #9543, .T. ) ;
#6498 = VERTEX_POINT ( 'NONE', #3683 ) ;
#6499 = VECTOR ( 'NONE', #938, 1000.000000000000000 ) ;
#6500 = ORIENTED_EDGE ( 'NONE', *, *, #9416, .T. ) ;
#6501 = DIRECTION ( 'NONE',  ( 0.000000000000000000, 0.000000000000000000, 1.000000000000000000 ) ) ;
#6502 = FACE_BOUND ( 'NONE', #9592, .T. ) ;
#6503 = DIRECTION ( 'NONE',  ( -0.000000000000000000, -0.000000000000000000, 1.000000000000000000 ) ) ;
#6504 = CARTESIAN_POINT ( 'NONE',  ( 0.000000000000000000, 0.000000000000000000, 12.00000000000000000 ) ) ;
#6505 = DIRECTION ( 'NONE',  ( 0.000000000000000000, 0.000000000000000000, 1.000000000000000000 ) ) ;
#6506 = APPLICATION_PROTOCOL_DEFINITION ( 'international standard', 'config_control_design', 1994, #8650 ) ;
#6507 = CARTESIAN_POINT ( 'NONE',  ( 14.00000000000000000, 1.714505518806294638E-15, 12.00000000000000000 ) ) ;
#6508 = PERSON_AND_ORGANIZATION ( #6743, #3319 ) ;
#6509 = VERTEX_POINT ( 'NONE', #2037 ) ;
#6510 = VECTOR ( 'NONE', #6324, 1000.000000000000000 ) ;
#6511 = EDGE_CURVE ( 'NONE', #9156, #7974, #7936, .T. ) ;
#6512 = EDGE_CURVE ( 'NONE', #10074, #6073, #5389, .T. ) ;
#6513 = CLOSED_SHELL ( 'NONE', ( #8517, #4151, #10770, #10045, #9093, #2731, #6426, #8454, #3011, #5126, #5748, #7916, #9767, #923, #4905, #723, #863, #4441, #4164, #164, #5351, #7219, #8824, #2548, #3412, #7824, #8101, #8691, #8390, #2798, #6680, #833, #2982, #6367, #6275, #1877, #2076, #2479, #10706, #2384, #6923, #8130 ) ) ;
#6514 = PRODUCT_DEFINITION_SHAPE ( 'NONE', 'NONE',  #10913 ) ;
#6515 = ORIENTED_EDGE ( 'NONE', *, *, #10509, .T. ) ;
#6516 = CARTESIAN_POINT ( 'NONE',  ( 8.099999999999999645, 70.00000000000000000, 0.000000000000000000 ) ) ;
#6517 = ORIENTED_EDGE ( 'NONE', *, *, #3131, .T. ) ;
#6518 = FACE_BOUND ( 'NONE', #5283, .T. ) ;
#6519 = CARTESIAN_POINT ( 'NONE',  ( -10.50000000000000000, 0.000000000000000000, 6.000000000000000000 ) ) ;
#6520 = CARTESIAN_POINT ( 'NONE',  ( -12.00000000000000000, 7.000000000000000000, 5.000000000000000000 ) ) ;
#6521 = DIRECTION ( 'NONE',  ( 0.000000000000000000, 0.000000000000000000, 1.000000000000000000 ) ) ;
#6522 = LINE ( 'NONE', #8301, #848 ) ;
#6523 = CIRCLE ( 'NONE', #4599, 14.00000000000000000 ) ;
#6524 = ORIENTED_EDGE ( 'NONE', *, *, #7098, .T. ) ;
#6525 = APPROVAL ( #10183, 'ๆช' ) ;
#6526 = DIRECTION ( 'NONE',  ( 1.000000000000000000, 0.000000000000000000, 0.000000000000000000 ) ) ;
#6527 = ORIENTED_EDGE ( 'NONE', *, *, #5632, .F. ) ;
#6528 = CARTESIAN_POINT ( 'NONE',  ( 0.000000000000000000, 19.50000000000000000, 58.00000000000000000 ) ) ;
#6529 = CARTESIAN_POINT ( 'NONE',  ( 21.69999999999999929, -34.00000000000000000, -6.000000000000000152E-06 ) ) ;
#6530 = CARTESIAN_POINT ( 'NONE',  ( 11.77675979958275754, 7.570663098460283180, 10.92770730904898002 ) ) ;
#6531 = VERTEX_POINT ( 'NONE', #8771 ) ;
#6532 = CARTESIAN_POINT ( 'NONE',  ( 20.44263793985065192, -0.000000000000000000, 10.34320465898919217 ) ) ;
#6533 = CARTESIAN_POINT ( 'NONE',  ( -11.33007903152183538, 8.227199449369724249, 6.972143258695725265 ) ) ;
#6534 = APPLICATION_PROTOCOL_DEFINITION ( 'international standard', 'config_control_design', 1994, #2518 ) ;
#6535 = COORDINATED_UNIVERSAL_TIME_OFFSET ( 5, 0, .BEHIND. ) ;
#6536 = CC_DESIGN_PERSON_AND_ORGANIZATION_ASSIGNMENT ( #1125, #3698, ( #5922 ) ) ;
#6537 = DIRECTION ( 'NONE',  ( 0.000000000000000000, 0.000000000000000000, -1.000000000000000000 ) ) ;
#6538 = PLANE ( 'NONE',  #2775 ) ;
#6539 = DIRECTION ( 'NONE',  ( -1.000000000000000000, 0.000000000000000000, 0.000000000000000000 ) ) ;
#6540 = VECTOR ( 'NONE', #8207, 1000.000000000000000 ) ;
#6541 = ORIENTED_EDGE ( 'NONE', *, *, #8081, .T. ) ;
#6542 = FACE_BOUND ( 'NONE', #4369, .T. ) ;
#6543 = SHAPE_REPRESENTATION_RELATIONSHIP ( 'NONE' , 'NONE' ,  #4622, #10462 ) ;
#6544 = DIRECTION ( 'NONE',  ( 0.000000000000000000, 0.000000000000000000, -1.000000000000000000 ) ) ;
#6545 = EDGE_CURVE ( 'NONE', #9266, #2175, #4574, .T. ) ;
#6546 = PERSON_AND_ORGANIZATION_ROLE ( 'design_supplier' ) ;
#6547 = APPROVAL_ROLE ( '' ) ;
#6548 = CARTESIAN_POINT ( 'NONE',  ( -12.00000000000000000, 7.000000000000000000, 5.000000000000000000 ) ) ;
#6549 = VERTEX_POINT ( 'NONE', #6373 ) ;
#6550 = VERTEX_POINT ( 'NONE', #1987 ) ;
#6551 = ORIENTED_EDGE ( 'NONE', *, *, #7143, .T. ) ;
#6552 = FACE_OUTER_BOUND ( 'NONE', #6573, .T. ) ;
#6553 = DIRECTION ( 'NONE',  ( -0.000000000000000000, -0.000000000000000000, -1.000000000000000000 ) ) ;
#6554 = DIRECTION ( 'NONE',  ( 1.000000000000000000, -0.000000000000000000, 0.000000000000000000 ) ) ;
#6555 = FACE_OUTER_BOUND ( 'NONE', #6861, .T. ) ;
#6556 = CARTESIAN_POINT ( 'NONE',  ( 9.352038589846049632, 10.41947306943599116, 10.96610112301624618 ) ) ;
#6557 = EDGE_CURVE ( 'NONE', #6730, #2401, #10404, .T. ) ;
#6558 = MECHANICAL_CONTEXT ( 'NONE', #8650, 'mechanical' ) ;
#6559 = DATE_AND_TIME ( #5843, #304 ) ;
#6560 = VECTOR ( 'NONE', #3656, 1000.000000000000000 ) ;
#6561 = ORIENTED_EDGE ( 'NONE', *, *, #8848, .T. ) ;
#6562 = CARTESIAN_POINT ( 'NONE',  ( 0.000000000000000000, 0.000000000000000000, 5.000000000000000000 ) ) ;
#6563 = ORIENTED_EDGE ( 'NONE', *, *, #5547, .T. ) ;
#6564 = CARTESIAN_POINT ( 'NONE',  ( 18.51547649045640753, -0.000000000000000000, 12.85853893179063867 ) ) ;
#6565 = CARTESIAN_POINT ( 'NONE',  ( -18.30000000000000426, -5.774748043452314405, 0.000000000000000000 ) ) ;
#6566 = CARTESIAN_POINT ( 'NONE',  ( -2.500000000000000000, 0.000000000000000000, 0.000000000000000000 ) ) ;
#6567 = DIRECTION ( 'NONE',  ( 0.000000000000000000, 0.000000000000000000, 1.000000000000000000 ) ) ;
#6568 = EDGE_CURVE ( 'NONE', #9434, #8148, #1158, .T. ) ;
#6569 = EDGE_CURVE ( 'NONE', #7716, #10846, #3852, .T. ) ;
#6570 = AXIS2_PLACEMENT_3D ( 'NONE', #9519, #7845, #1184 ) ;
#6571 = DIRECTION ( 'NONE',  ( 1.000000000000000000, -0.000000000000000000, -0.000000000000000000 ) ) ;
#6572 = EDGE_CURVE ( 'NONE', #3964, #1883, #2097, .T. ) ;
#6573 = EDGE_LOOP ( 'NONE', ( #2972, #3411, #1776, #287 ) ) ;
#6574 = CARTESIAN_POINT ( 'NONE',  ( 136.0000000000000000, 0.000000000000000000, -1.200000000000000030E-05 ) ) ;
#6575 = AXIS2_PLACEMENT_3D ( 'NONE', #7920, #374, #3720 ) ;
#6576 = EDGE_LOOP ( 'NONE', ( #10513, #6589, #8705, #5010 ) ) ;
#6577 = CARTESIAN_POINT ( 'NONE',  ( 14.85848573020187935, 71.48439506952531985, 0.000000000000000000 ) ) ;
#6578 = VERTEX_POINT ( 'NONE', #4627 ) ;
#6579 = CARTESIAN_POINT ( 'NONE',  ( -0.5999999999999998668, 9.000000000000000000, 6.800000000000000711 ) ) ;
#6580 = CYLINDRICAL_SURFACE ( 'NONE', #7991, 1.700000000000000178 ) ;
#6581 = VERTEX_POINT ( 'NONE', #2199 ) ;
#6582 = CARTESIAN_POINT ( 'NONE',  ( 20.85848573019066876, 0.000000000000000000, 10.51560493047243128 ) ) ;
#6583 = ADVANCED_FACE ( 'NONE', ( #2860 ), #10381, .F. ) ;
#6584 = CARTESIAN_POINT ( 'NONE',  ( 30.14146106820961535, 50.48452350954386247, -0.000000000000000000 ) ) ;
#6585 = PERSON_AND_ORGANIZATION ( #6743, #3319 ) ;
#6586 = ORGANIZATION ( 'NAUO-ORG9', 'UNSPECIFIED', 'UNSPECIFIED' ) ;
#6587 = CALENDAR_DATE ( 2026, 18, 9 ) ;
#6588 = UNCERTAINTY_MEASURE_WITH_UNIT (LENGTH_MEASURE( 1.000000000000000082E-05 ), #9714, 'distance_accuracy_value', 'NONE');
#6589 = ORIENTED_EDGE ( 'NONE', *, *, #1706, .T. ) ;
#6590 = DIRECTION ( 'NONE',  ( 1.000000000000000000, -0.000000000000000000, -0.000000000000000000 ) ) ;
#6591 = FACE_OUTER_BOUND ( 'NONE', #9293, .T. ) ;
#6592 = DIRECTION ( 'NONE',  ( -0.000000000000000000, -0.000000000000000000, -1.000000000000000000 ) ) ;
#6593 = SECURITY_CLASSIFICATION ( '', '', #10858 ) ;
#6594 = EDGE_LOOP ( 'NONE', ( #9490, #2348, #6075, #5716 ) ) ;
#6595 = CARTESIAN_POINT ( 'NONE',  ( -9.047843225473618745, 10.68357329672709000, 9.730474509234987579 ) ) ;
#6596 = SHAPE_REPRESENTATION_RELATIONSHIP ( 'NONE' , 'NONE' ,  #5456, #7022 ) ;
#6597 = APPROVAL ( #8265, 'UNKNOWN' ) ;
#6598 = DIRECTION ( 'NONE',  ( 1.000000000000000000, 0.000000000000000000, 0.000000000000000000 ) ) ;
#6599 = CC_DESIGN_PERSON_AND_ORGANIZATION_ASSIGNMENT ( #3081, #8323, ( #5729 ) ) ;
#6600 = APPROVAL_DATE_TIME ( #3905, #3840 ) ;
#6601 = COORDINATED_UNIVERSAL_TIME_OFFSET ( 5, 0, .BEHIND. ) ;
#6602 = PRODUCT ( 'V2_REF_MG995_envelope', 'V2_REF_MG995_envelope', '', ( #6558 ) ) ;
#6603 = CC_DESIGN_SECURITY_CLASSIFICATION ( #457, ( #981 ) ) ;
#6604 = DIRECTION ( 'NONE',  ( 0.000000000000000000, 0.000000000000000000, 1.000000000000000000 ) ) ;
#6605 = EDGE_CURVE ( 'NONE', #8408, #8179, #3787, .T. ) ;
#6606 = ORIENTED_EDGE ( 'NONE', *, *, #4664, .T. ) ;
#6607 = ORIENTED_EDGE ( 'NONE', *, *, #10102, .F. ) ;
#6608 = CARTESIAN_POINT ( 'NONE',  ( 20.85848573019395147, -32.51560493047170297, 0.000000000000000000 ) ) ;
#6609 = CARTESIAN_POINT ( 'NONE',  ( -2.600000000000000089, 3.184081677783117698E-16, 16.00000000000000000 ) ) ;
#6610 = CYLINDRICAL_SURFACE ( 'NONE', #9316, 14.00000000000000000 ) ;
#6611 = LOCAL_TIME ( 6, 20, 33.00000000000000000, #617 ) ;
#6612 = CARTESIAN_POINT ( 'NONE',  ( 12.00000000000000000, 7.000000000000000000, 15.00000000000000000 ) ) ;
#6613 = FACE_OUTER_BOUND ( 'NONE', #6071, .T. ) ;
#6614 = CALENDAR_DATE ( 2026, 18, 9 ) ;
#6615 = PERSON_AND_ORGANIZATION ( #6743, #3319 ) ;
#6616 = LOCAL_TIME ( 6, 20, 33.00000000000000000, #3838 ) ;
#6617 = EDGE_CURVE ( 'NONE', #7308, #1791, #2974, .T. ) ;
#6618 = AXIS2_PLACEMENT_3D ( 'NONE', #6217, #5503, #9604 ) ;
#6619 = EDGE_LOOP ( 'NONE', ( #6607, #10875 ) ) ;
#6620 = LINE ( 'NONE', #7563, #792 ) ;
#6621 = ORIENTED_EDGE ( 'NONE', *, *, #111, .F. ) ;
#6622 = LINE ( 'NONE', #3266, #4038 ) ;
#6623 = CARTESIAN_POINT ( 'NONE',  ( 31.85848573019362817, 0.000000000000000000, 1.515604930472430167 ) ) ;
#6624 = LINE ( 'NONE', #4872, #4988 ) ;
#6625 = DIRECTION ( 'NONE',  ( 0.000000000000000000, 0.000000000000000000, 1.000000000000000000 ) ) ;
#6626 = SECURITY_CLASSIFICATION ( '', '', #281 ) ;
#6627 = CARTESIAN_POINT ( 'NONE',  ( 31.00000000000000000, -1.200000000000000030E-05, 3.000000000000000000 ) ) ;
#6628 = ORIENTED_EDGE ( 'NONE', *, *, #5764, .T. ) ;
#6629 = VECTOR ( 'NONE', #4751, 1000.000000000000000 ) ;
#6630 = DIRECTION ( 'NONE',  ( -0.000000000000000000, -0.000000000000000000, 1.000000000000000000 ) ) ;
#6631 = EDGE_CURVE ( 'NONE', #7974, #1377, #9713, .T. ) ;
#6632 = ADVANCED_FACE ( 'NONE', ( #4681 ), #8040, .F. ) ;
#6633 = VERTEX_POINT ( 'NONE', #10815 ) ;
#6634 = B_SPLINE_CURVE_WITH_KNOTS ( 'NONE', 3,
 ( #7080, #4663, #6248, #8862, #10586, #5435, #9698, #9582, #2075, #543, #3889, #7194, #6148, #2135, #9638, #8814, #4614, #6360, #9534, #2898, #481, #3832, #7973, #8755, #5535, #1976 ),
 .UNSPECIFIED., .F., .F.,
 ( 4, 2, 2, 2, 2, 2, 2, 2, 2, 2, 2, 2, 4 ),
 ( 0.005952082253735858745, 0.006751715355029122567, 0.007551348456322386389, 0.008350981557615650211, 0.008750798108262278219, 0.009150614658908907961, 0.009550431209555537704, 0.009950247760202163977, 0.01035006431084879372, 0.01074988086149542346, 0.01114969741214205320, 0.01154951396278868295, 0.01234914706408193896 ),
 .UNSPECIFIED. ) ;
#6635 = CARTESIAN_POINT ( 'NONE',  ( 29.30000000000000071, 31.00000000000000000, 5.000000000000000000 ) ) ;
#6636 = APPROVAL_PERSON_ORGANIZATION ( #2980, #1349, #3688 ) ;
#6637 = AXIS2_PLACEMENT_3D ( 'NONE', #9200, #811, #4278 ) ;
#6638 = ORIENTED_EDGE ( 'NONE', *, *, #5489, .F. ) ;
#6639 = DIRECTION ( 'NONE',  ( -1.000000000000000000, -0.000000000000000000, -0.000000000000000000 ) ) ;
#6640 = CARTESIAN_POINT ( 'NONE',  ( -10.00000000000000000, -10.00000000000000000, 0.000000000000000000 ) ) ;
#6641 = ORIENTED_EDGE ( 'NONE', *, *, #1262, .F. ) ;
#6642 = CARTESIAN_POINT ( 'NONE',  ( 31.19999999999999929, -1.200000000000000030E-05, 4.688194301613412662 ) ) ;
#6643 = VECTOR ( 'NONE', #4228, 1000.000000000000000 ) ;
#6644 = DIRECTION ( 'NONE',  ( 0.000000000000000000, 0.000000000000000000, 1.000000000000000000 ) ) ;
#6645 = CIRCLE ( 'NONE', #4382, 1.700000000000000178 ) ;
#6646 = APPROVAL_DATE_TIME ( #8095, #9104 ) ;
#6647 = VERTEX_POINT ( 'NONE', #3192 ) ;
#6648 =( GEOMETRIC_REPRESENTATION_CONTEXT ( 3 ) GLOBAL_UNCERTAINTY_ASSIGNED_CONTEXT ( ( #6917 ) ) GLOBAL_UNIT_ASSIGNED_CONTEXT ( ( #2945, #5987, #10576 ) ) REPRESENTATION_CONTEXT ( 'NONE', 'WORKASPACE' ) );
#6649 = EDGE_CURVE ( 'NONE', #2168, #7513, #7869, .T. ) ;
#6650 = DIRECTION ( 'NONE',  ( -0.000000000000000000, -0.000000000000000000, -1.000000000000000000 ) ) ;
#6651 = LINE ( 'NONE', #4841, #6540 ) ;
#6652 = VECTOR ( 'NONE', #8186, 1000.000000000000000 ) ;
#6653 = VECTOR ( 'NONE', #2471, 1000.000000000000000 ) ;
#6654 = DIRECTION ( 'NONE',  ( 1.000000000000000000, 0.000000000000000000, 0.000000000000000000 ) ) ;
#6655 = AXIS2_PLACEMENT_3D ( 'NONE', #2929, #6279, #5465 ) ;
#6656 = ORIENTED_EDGE ( 'NONE', *, *, #7630, .F. ) ;
#6657 = FACE_BOUND ( 'NONE', #4612, .T. ) ;
#6658 =( NAMED_UNIT ( * ) PLANE_ANGLE_UNIT ( ) SI_UNIT ( $, .RADIAN. ) );
#6659 = CARTESIAN_POINT ( 'NONE',  ( -2.600000000000000089, 3.184081677783117698E-16, -6.000000000000000152E-06 ) ) ;
#6660 = SECURITY_CLASSIFICATION ( '', '', #95 ) ;
#6661 = COORDINATED_UNIVERSAL_TIME_OFFSET ( 5, 0, .BEHIND. ) ;
#6662 = VECTOR ( 'NONE', #35, 1000.000000000000000 ) ;
#6663 = PERSON_AND_ORGANIZATION ( #5048, #6057 ) ;
#6664 = CARTESIAN_POINT ( 'NONE',  ( 2.552147338437895652, 0.5775901837055785748, -0.000000000000000000 ) ) ;
#6665 = PRODUCT_DEFINITION ( 'ๆ', '', #3985, #6244 ) ;
#6666 =( REPRESENTATION_RELATIONSHIP ('NONE','NONE', #1311, #8851 ) REPRESENTATION_RELATIONSHIP_WITH_TRANSFORMATION ( #4786 )SHAPE_REPRESENTATION_RELATIONSHIP( ) );
#6667 = VERTEX_POINT ( 'NONE', #9158 ) ;
#6668 = ORIENTED_EDGE ( 'NONE', *, *, #6605, .F. ) ;
#6669 = ORIENTED_EDGE ( 'NONE', *, *, #3945, .F. ) ;
#6670 = ORIENTED_EDGE ( 'NONE', *, *, #8480, .T. ) ;
#6671 = DIRECTION ( 'NONE',  ( 1.000000000000000000, 0.000000000000000000, 0.000000000000000000 ) ) ;
#6672 = LINE ( 'NONE', #8496, #4372 ) ;
#6673 = CARTESIAN_POINT ( 'NONE',  ( 18.29993048876421113, -6.225083994886105643, 0.000000000000000000 ) ) ;
#6674 = DIRECTION ( 'NONE',  ( 0.000000000000000000, 0.000000000000000000, 1.000000000000000000 ) ) ;
#6675 = VECTOR ( 'NONE', #6306, 1000.000000000000000 ) ;
#6676 = CARTESIAN_POINT ( 'NONE',  ( 10.55101976734915326, 9.205879817082850636, 11.69999999999997975 ) ) ;
#6677 = PERSON_AND_ORGANIZATION ( #6743, #3319 ) ;
#6678 = PERSON_AND_ORGANIZATION ( #6743, #3319 ) ;
#6679 = VECTOR ( 'NONE', #7963, 1000.000000000000000 ) ;
#6680 = ADVANCED_FACE ( 'NONE', ( #4791 ), #1605, .F. ) ;
#6681 = ORIENTED_EDGE ( 'NONE', *, *, #6782, .T. ) ;
#6682 = DIRECTION ( 'NONE',  ( 0.000000000000000000, 0.000000000000000000, -1.000000000000000000 ) ) ;
#6683 = ORIENTED_EDGE ( 'NONE', *, *, #7430, .F. ) ;
#6684 = LINE ( 'NONE', #3980, #1592 ) ;
#6685 = CARTESIAN_POINT ( 'NONE',  ( -8.141514269805311343, 50.48439506952831834, 0.000000000000000000 ) ) ;
#6686 = LINE ( 'NONE', #955, #10120 ) ;
#6687 = APPLICATION_PROTOCOL_DEFINITION ( 'international standard', 'config_control_design', 1994, #7942 ) ;
#6688 = AXIS2_PLACEMENT_3D ( 'NONE', #8670, #7774, #7720 ) ;
#6689 = DIRECTION ( 'NONE',  ( -0.000000000000000000, -0.000000000000000000, -1.000000000000000000 ) ) ;
#6690 = ADVANCED_FACE ( 'NONE', ( #6542, #8321, #557, #10704, #773, #5825, #7258, #4120, #9881, #10864, #9934, #6657, #5661 ), #9099, .T. ) ;
#6691 = VERTEX_POINT ( 'NONE', #10765 ) ;
#6692 = ORIENTED_EDGE ( 'NONE', *, *, #7967, .F. ) ;
#6693 = LINE ( 'NONE', #1803, #10128 ) ;
#6694 = VERTEX_POINT ( 'NONE', #4845 ) ;
#6695 = CARTESIAN_POINT ( 'NONE',  ( 0.000000000000000000, 0.000000000000000000, 83.00000000000000000 ) ) ;
#6696 = PLANE ( 'NONE',  #10295 ) ;
#6697 = ORIENTED_EDGE ( 'NONE', *, *, #8203, .F. ) ;
#6698 = CLOSED_SHELL ( 'NONE', ( #1528, #5021, #1621, #6262, #7789, #4413 ) ) ;
#6699 = DIRECTION ( 'NONE',  ( 0.000000000000000000, 0.000000000000000000, -1.000000000000000000 ) ) ;
#6700 = CARTESIAN_POINT ( 'NONE',  ( -24.30000000000000071, -45.00000000000000000, 5.000000000000000000 ) ) ;
#6701 = ADVANCED_FACE ( 'NONE', ( #1385 ), #4737, .F. ) ;
#6702 = PERSON_AND_ORGANIZATION ( #5573, #2791 ) ;
#6703 = UNCERTAINTY_MEASURE_WITH_UNIT (LENGTH_MEASURE( 1.000000000000000082E-05 ), #2476, 'distance_accuracy_value', 'NONE');
#6704 = CARTESIAN_POINT ( 'NONE',  ( 0.000000000000000000, 14.00000000000000000, 0.000000000000000000 ) ) ;
#6705 = DIRECTION ( 'NONE',  ( 1.000000000000000000, 0.000000000000000000, 0.000000000000000000 ) ) ;
#6706 = DIRECTION ( 'NONE',  ( -0.000000000000000000, -1.000000000000000000, -0.000000000000000000 ) ) ;
#6707 = ORIENTED_EDGE ( 'NONE', *, *, #8243, .F. ) ;
#6708 = DIRECTION ( 'NONE',  ( -0.000000000000000000, -0.000000000000000000, -1.000000000000000000 ) ) ;
#6709 = CARTESIAN_POINT ( 'NONE',  ( 31.00000000000000000, 8.000000000000000000, 21.00000000000000000 ) ) ;
#6710 = ADVANCED_FACE ( 'NONE', ( #726 ), #7376, .F. ) ;
#6711 = ADVANCED_FACE ( 'NONE', ( #8274 ), #47, .F. ) ;
#6712 = CALENDAR_DATE ( 2026, 18, 9 ) ;
#6713 = CYLINDRICAL_SURFACE ( 'NONE', #3660, 1.700000000000000178 ) ;
#6714 = PERSON_AND_ORGANIZATION_ROLE ( 'classification_officer' ) ;
#6715 = CARTESIAN_POINT ( 'NONE',  ( 2.600000000000000089, 0.000000000000000000, -6.000000000000000152E-06 ) ) ;
#6716 = VERTEX_POINT ( 'NONE', #3400 ) ;
#6717 = ORIENTED_EDGE ( 'NONE', *, *, #4219, .F. ) ;
#6718 = ORIENTED_EDGE ( 'NONE', *, *, #4292, .F. ) ;
#6719 = FACE_BOUND ( 'NONE', #8944, .T. ) ;
#6720 = LINE ( 'NONE', #117, #2250 ) ;
#6721 = LINE ( 'NONE', #7492, #9489 ) ;
#6722 = DIRECTION ( 'NONE',  ( 1.000000000000000000, -0.000000000000000000, 0.000000000000000000 ) ) ;
#6723 = CARTESIAN_POINT ( 'NONE',  ( 9.170132238024915949, 10.57899323120674140, 9.358776623762611990 ) ) ;
#6724 = CALENDAR_DATE ( 2026, 18, 9 ) ;
#6725 = CC_DESIGN_PERSON_AND_ORGANIZATION_ASSIGNMENT ( #4022, #1553, ( #8536 ) ) ;
#6726 = PERSON_AND_ORGANIZATION_ROLE ( 'classification_officer' ) ;
#6727 = ORIENTED_EDGE ( 'NONE', *, *, #3545, .T. ) ;
#6728 = ORIENTED_EDGE ( 'NONE', *, *, #3356, .F. ) ;
#6729 = CARTESIAN_POINT ( 'NONE',  ( 0.000000000000000000, -45.00000000000000000, -0.000000000000000000 ) ) ;
#6730 = VERTEX_POINT ( 'NONE', #5055 ) ;
#6731 = CARTESIAN_POINT ( 'NONE',  ( 18.95702773923658668, -0.000000000000000000, 13.36128909900305395 ) ) ;
#6732 = CARTESIAN_POINT ( 'NONE',  ( -8.000000000000000000, 0.000000000000000000, 5.000000000000000000 ) ) ;
#6733 = DIRECTION ( 'NONE',  ( 1.000000000000000000, 0.000000000000000000, 0.000000000000000000 ) ) ;
#6734 = DIRECTION ( 'NONE',  ( 0.000000000000000000, 0.000000000000000000, 1.000000000000000000 ) ) ;
#6735 = CC_DESIGN_DATE_AND_TIME_ASSIGNMENT ( #6056, #184, ( #480 ) ) ;
#6736 = B_SPLINE_CURVE_WITH_KNOTS ( 'NONE', 3,
 ( #276, #10435, #8720, #5335, #4517, #2915, #5229, #8615, #1272, #8671, #6990, #9598, #2098, #1062, #6939, #9549, #7879, #4420 ),
 .UNSPECIFIED., .F., .F.,
 ( 4, 2, 2, 2, 2, 2, 2, 2, 4 ),
 ( 0.5000000000000000000, 0.5625000000000000000, 0.6250000000000000000, 0.6875000000000000000, 0.7500000000000000000, 0.8125000000000000000, 0.8750000000000000000, 0.9375000000000000000, 1.000000000000000000 ),
 .UNSPECIFIED. ) ;
#6737 = LINE ( 'NONE', #3434, #8603 ) ;
#6738 = CC_DESIGN_PERSON_AND_ORGANIZATION_ASSIGNMENT ( #5890, #1002, ( #10156 ) ) ;
#6739 = VECTOR ( 'NONE', #2064, 1000.000000000000000 ) ;
#6740 = ORIENTED_EDGE ( 'NONE', *, *, #10297, .F. ) ;
#6741 = EDGE_LOOP ( 'NONE', ( #1398, #7159, #7638, #1831, #10215, #9535 ) ) ;
#6742 = DIRECTION ( 'NONE',  ( -1.000000000000000000, 0.000000000000000000, 0.000000000000000000 ) ) ;
#6743 = PERSON ( 'ๆช', 'ๆช', 'ๆช', ('ๆช'), ('ๆช'), ('ๆช') ) ;
#6744 = EDGE_CURVE ( 'NONE', #581, #9302, #3395, .T. ) ;
#6745 = ORIENTED_EDGE ( 'NONE', *, *, #1463, .T. ) ;
#6746 = DIRECTION ( 'NONE',  ( 0.000000000000000000, 1.000000000000000000, 0.000000000000000000 ) ) ;
#6747 = CARTESIAN_POINT ( 'NONE',  ( 20.00000000000000000, -34.00000000000000000, 5.000000000000000000 ) ) ;
#6748 = AXIS2_PLACEMENT_3D ( 'NONE', #1631, #9286, #3429 ) ;
#6749 = DIRECTION ( 'NONE',  ( -0.000000000000000000, -0.000000000000000000, 1.000000000000000000 ) ) ;
#6750 = DIRECTION ( 'NONE',  ( 0.000000000000000000, 0.000000000000000000, 1.000000000000000000 ) ) ;
#6751 = CARTESIAN_POINT ( 'NONE',  ( 0.000000000000000000, 0.000000000000000000, 5.000000000000000000 ) ) ;
#6752 = SECURITY_CLASSIFICATION_LEVEL ( 'unclassified' ) ;
#6753 = AXIS2_PLACEMENT_3D ( 'NONE', #4983, #6797, #2460 ) ;
#6754 = LINE ( 'NONE', #8368, #4194 ) ;
#6755 = DIRECTION ( 'NONE',  ( -1.000000000000000000, 0.000000000000000000, 0.000000000000000000 ) ) ;
#6756 = EDGE_CURVE ( 'NONE', #24, #7666, #7763, .T. ) ;
#6757 = CARTESIAN_POINT ( 'NONE',  ( -0.5999999999999997558, 13.98713694792468942, 12.00000000000000000 ) ) ;
#6758 = ORIENTED_EDGE ( 'NONE', *, *, #521, .T. ) ;
#6759 = DIRECTION ( 'NONE',  ( 0.000000000000000000, 0.000000000000000000, 1.000000000000000000 ) ) ;
#6760 = AXIS2_PLACEMENT_3D ( 'NONE', #7807, #7588, #260 ) ;
#6761 = CC_DESIGN_SECURITY_CLASSIFICATION ( #9424, ( #10898 ) ) ;
#6762 = DIRECTION ( 'NONE',  ( -1.000000000000000000, 0.000000000000000000, -0.000000000000000000 ) ) ;
#6763 = APPROVAL_ROLE ( '' ) ;
#6764 = CARTESIAN_POINT ( 'NONE',  ( 3.000000000000000000, 3.000000000000000000, 3.000000000000002665 ) ) ;
#6765 = DATE_AND_TIME ( #5163, #8734 ) ;
#6766 = FACE_OUTER_BOUND ( 'NONE', #4661, .T. ) ;
#6767 = APPROVAL_PERSON_ORGANIZATION ( #6330, #8352, #2102 ) ;
#6768 = EDGE_CURVE ( 'NONE', #2938, #1843, #4230, .T. ) ;
#6769 = ADVANCED_FACE ( 'NONE', ( #10150 ), #4174, .F. ) ;
#6770 = ORIENTED_EDGE ( 'NONE', *, *, #198, .T. ) ;
#6771 = ORIENTED_EDGE ( 'NONE', *, *, #6081, .T. ) ;
#6772 = VERTEX_POINT ( 'NONE', #3516 ) ;
#6773 = CARTESIAN_POINT ( 'NONE',  ( 31.00000000000000000, 59.50000000000000000, 1.300000000000000044 ) ) ;
#6774 = CARTESIAN_POINT ( 'NONE',  ( -0.5999999999999998668, 9.000000000000000000, 8.500000000000000000 ) ) ;
#6775 = FACE_BOUND ( 'NONE', #7562, .T. ) ;
#6776 = CARTESIAN_POINT ( 'NONE',  ( 255.8000000000000398, 0.000000000000000000, 149.0000000000000000 ) ) ;
#6777 = DIRECTION ( 'NONE',  ( -0.000000000000000000, -0.000000000000000000, -1.000000000000000000 ) ) ;
#6778 = PERSON_AND_ORGANIZATION ( #6743, #3319 ) ;
#6779 = LOCAL_TIME ( 6, 20, 33.00000000000000000, #3234 ) ;
#6780 = CALENDAR_DATE ( 2026, 18, 9 ) ;
#6781 = AXIS2_PLACEMENT_3D ( 'NONE', #6045, #3465, #222 ) ;
#6782 = EDGE_CURVE ( 'NONE', #4801, #2568, #888, .T. ) ;
#6783 = ORIENTED_EDGE ( 'NONE', *, *, #3022, .F. ) ;
#6784 = CARTESIAN_POINT ( 'NONE',  ( 27.69999999999999929, 45.00000000000000000, -8.271806125530276749E-22 ) ) ;
#6785 = LOCAL_TIME ( 6, 20, 33.00000000000000000, #8500 ) ;
#6786 = EDGE_LOOP ( 'NONE', ( #693, #3466, #2961, #5883 ) ) ;
#6787 = CARTESIAN_POINT ( 'NONE',  ( 6.000000000000000000, -1.300000000000000044, 16.00000000000000000 ) ) ;
#6788 = CARTESIAN_POINT ( 'NONE',  ( -10.04287395702989549, 50.36119079527254883, 0.000000000000000000 ) ) ;
#6789 = PLANE ( 'NONE',  #6748 ) ;
#6790 = APPLICATION_PROTOCOL_DEFINITION ( 'international standard', 'config_control_design', 1994, #9861 ) ;
#6791 = LINE ( 'NONE', #10182, #1390 ) ;
#6792 = PERSON_AND_ORGANIZATION_ROLE ( 'creator' ) ;
#6793 = ORIENTED_EDGE ( 'NONE', *, *, #5093, .T. ) ;
#6794 = PRODUCT_DEFINITION_FORMATION_WITH_SPECIFIED_SOURCE ( 'ไป', '', #4581, .NOT_KNOWN. ) ;
#6795 = ORIENTED_EDGE ( 'NONE', *, *, #127, .F. ) ;
#6796 = APPROVAL ( #3677, 'UNKNOWN' ) ;
#6797 = DIRECTION ( 'NONE',  ( 0.000000000000000000, 0.000000000000000000, 1.000000000000000000 ) ) ;
#6798 = CC_DESIGN_DATE_AND_TIME_ASSIGNMENT ( #6041, #8377, ( #6966 ) ) ;
#6799 = EDGE_LOOP ( 'NONE', ( #1217, #5299 ) ) ;
#6800 = CARTESIAN_POINT ( 'NONE',  ( -24.30000000000000071, -57.00000000000000000, -1.200000000000000030E-05 ) ) ;
#6801 = DIRECTION ( 'NONE',  ( -1.000000000000000000, 0.000000000000000000, -0.000000000000000000 ) ) ;
#6802 = CARTESIAN_POINT ( 'NONE',  ( 0.5999999999999999778, 18.99052395275075256, 4.000000000000000000 ) ) ;
#6803 = PRODUCT_DEFINITION_FORMATION_WITH_SPECIFIED_SOURCE ( 'ไป', '', #2385, .NOT_KNOWN. ) ;
#6804 = ORIENTED_EDGE ( 'NONE', *, *, #1068, .F. ) ;
#6805 = DIRECTION ( 'NONE',  ( 1.000000000000000000, 0.000000000000000000, -0.000000000000000000 ) ) ;
#6806 = DIRECTION ( 'NONE',  ( -0.000000000000000000, -0.000000000000000000, 1.000000000000000000 ) ) ;
#6807 = PERSON_AND_ORGANIZATION_ROLE ( 'classification_officer' ) ;
#6808 = SECURITY_CLASSIFICATION ( '', '', #8689 ) ;
#6809 = DESIGN_CONTEXT ( 'detailed design', #9861, 'design' ) ;
#6810 = DIRECTION ( 'NONE',  ( -0.000000000000000000, -0.000000000000000000, 1.000000000000000000 ) ) ;
#6811 = CARTESIAN_POINT ( 'NONE',  ( 35.00000000000000000, 14.00000000000000000, 0.000000000000000000 ) ) ;
#6812 = EDGE_CURVE ( 'NONE', #5009, #5099, #1703, .T. ) ;
#6813 = CARTESIAN_POINT ( 'NONE',  ( -10.88523795150426032, 8.807647513432991460, 8.300000000000004263 ) ) ;
#6814 = VECTOR ( 'NONE', #3050, 1000.000000000000000 ) ;
#6815 = VECTOR ( 'NONE', #305, 1000.000000000000000 ) ;
#6816 = VERTEX_POINT ( 'NONE', #10259 ) ;
#6817 = DIRECTION ( 'NONE',  ( 0.000000000000000000, 1.000000000000000000, 0.000000000000000000 ) ) ;
#6818 = AXIS2_PLACEMENT_3D ( 'NONE', #1765, #168, #7536 ) ;
#6819 = DIRECTION ( 'NONE',  ( 0.000000000000000000, 0.000000000000000000, 1.000000000000000000 ) ) ;
#6820 = PERSON_AND_ORGANIZATION ( #6743, #3319 ) ;
#6821 = CARTESIAN_POINT ( 'NONE',  ( 122.9571260429652142, 1.361190795265180498, 0.000000000000000000 ) ) ;
#6822 = EDGE_CURVE ( 'NONE', #10190, #9650, #6038, .T. ) ;
#6823 = CALENDAR_DATE ( 2026, 18, 9 ) ;
#6824 = VECTOR ( 'NONE', #5837, 1000.000000000000000 ) ;
#6825 = CIRCLE ( 'NONE', #9132, 1.699999999999998401 ) ;
#6826 = DIRECTION ( 'NONE',  ( -0.000000000000000000, -0.000000000000000000, -1.000000000000000000 ) ) ;
#6827 = VECTOR ( 'NONE', #4578, 1000.000000000000000 ) ;
#6828 = VERTEX_POINT ( 'NONE', #8373 ) ;
#6829 = ORIENTED_EDGE ( 'NONE', *, *, #5480, .T. ) ;
#6830 = VERTEX_POINT ( 'NONE', #9256 ) ;
#6831 = LINE ( 'NONE', #3362, #1420 ) ;
#6832 = CARTESIAN_POINT ( 'NONE',  ( -35.00000000000000000, -70.00000000000000000, 5.000000000000000000 ) ) ;
#6833 = CARTESIAN_POINT ( 'NONE',  ( 18.30000000000000071, -6.000000000000000000, -6.000000000000000152E-06 ) ) ;
#6834 = AXIS2_PLACEMENT_3D ( 'NONE', #8242, #3881, #4047 ) ;
#6835 = VECTOR ( 'NONE', #1708, 1000.000000000000000 ) ;
#6836 = VECTOR ( 'NONE', #4116, 1000.000000000000000 ) ;
#6837 = CARTESIAN_POINT ( 'NONE',  ( -10.50000000000000000, -1.300000000000000044, 16.00000000000000000 ) ) ;
#6838 = CARTESIAN_POINT ( 'NONE',  ( 29.95702773923585127, 29.63871090099695138, -0.000000000000000000 ) ) ;
#6839 = APPLICATION_PROTOCOL_DEFINITION ( 'international standard', 'config_control_design', 1994, #1614 ) ;
#6840 = VECTOR ( 'NONE', #9561, 1000.000000000000000 ) ;
#6841 = EDGE_CURVE ( 'NONE', #5944, #3330, #9882, .T. ) ;
#6842 = APPROVAL_ROLE ( '' ) ;
#6843 = ADVANCED_FACE ( 'NONE', ( #3351 ), #2685, .F. ) ;
#6844 = CARTESIAN_POINT ( 'NONE',  ( 0.000000000000000000, 0.000000000000000000, 4.000000000000000000 ) ) ;
#6845 = EDGE_LOOP ( 'NONE', ( #6334, #3898, #6718, #8311 ) ) ;
#6846 = DIRECTION ( 'NONE',  ( 0.000000000000000000, -1.000000000000000000, 0.000000000000000000 ) ) ;
#6847 = VECTOR ( 'NONE', #3768, 1000.000000000000000 ) ;
#6848 = ORIENTED_EDGE ( 'NONE', *, *, #5826, .T. ) ;
#6849 = DIRECTION ( 'NONE',  ( 1.000000000000000000, 0.000000000000000000, 0.000000000000000000 ) ) ;
#6850 = CARTESIAN_POINT ( 'NONE',  ( 32.04297226076235461, -0.000000000000000000, 1.638710900995895781 ) ) ;
#6851 = LINE ( 'NONE', #8842, #8427 ) ;
#6852 = CARTESIAN_POINT ( 'NONE',  ( -22.00000000000000000, 84.00000000000000000, 0.000000000000000000 ) ) ;
#6853 = ADVANCED_FACE ( 'NONE', ( #9372 ), #10101, .F. ) ;
#6854 = CALENDAR_DATE ( 2026, 18, 9 ) ;
#6855 = EDGE_CURVE ( 'NONE', #3191, #1817, #8535, .T. ) ;
#6856 = ORIENTED_EDGE ( 'NONE', *, *, #1850, .F. ) ;
#6857 = VECTOR ( 'NONE', #4042, 1000.000000000000000 ) ;
#6858 = PRODUCT_DEFINITION_SHAPE ( 'NONE', 'NONE',  #5922 ) ;
#6859 = ORIENTED_EDGE ( 'NONE', *, *, #904, .F. ) ;
#6860 = LINE ( 'NONE', #5195, #1303 ) ;
#6861 = EDGE_LOOP ( 'NONE', ( #10834, #3946, #3199, #8989 ) ) ;
#6862 = CARTESIAN_POINT ( 'NONE',  ( 137.4843253421153406, -0.8586539201233609475, 0.000000000000000000 ) ) ;
#6863 = DIRECTION ( 'NONE',  ( 1.000000000000000000, -0.000000000000000000, -0.000000000000000000 ) ) ;
#6864 = FACE_OUTER_BOUND ( 'NONE', #3271, .T. ) ;
#6865 = VECTOR ( 'NONE', #1323, 1000.000000000000000 ) ;
#6866 = ORIENTED_EDGE ( 'NONE', *, *, #2602, .T. ) ;
#6867 = LINE ( 'NONE', #6642, #9127 ) ;
#6868 = LINE ( 'NONE', #8584, #1724 ) ;
#6869 = CC_DESIGN_PERSON_AND_ORGANIZATION_ASSIGNMENT ( #10317, #5440, ( #10346 ) ) ;
#6870 = B_SPLINE_CURVE_WITH_KNOTS ( 'NONE', 3,
 ( #7133, #9532, #3224, #9136, #8192, #1474, #6577, #4828, #9082, #1531, #8136, #654, #4053, #8977, #3887, #755, #4720, #3115 ),
 .UNSPECIFIED., .F., .F.,
 ( 4, 2, 2, 2, 2, 2, 2, 2, 4 ),
 ( 0.000000000000000000, 0.06250000000000015266, 0.1250000000000001110, 0.1875000000000000833, 0.2500000000000000555, 0.3125000000000000555, 0.3750000000000000000, 0.4375000000000000000, 0.5000000000000000000 ),
 .UNSPECIFIED. ) ;
#6871 = DIRECTION ( 'NONE',  ( 1.000000000000000000, -0.000000000000000000, -0.000000000000000000 ) ) ;
#6872 = CARTESIAN_POINT ( 'NONE',  ( -19.14146106820962245, -35.48452350954386958, -0.000000000000000000 ) ) ;
#6873 = CLOSED_SHELL ( 'NONE', ( #3056, #3672, #141, #7373, #5150, #4204, #3345, #8688, #8958, #6769, #6430, #40, #7712, #1381, #4554, #1928, #9553, #7255 ) ) ;
#6874 = FACE_OUTER_BOUND ( 'NONE', #2589, .T. ) ;
#6875 = SHAPE_REPRESENTATION ( 'V2_03_bearing_retainer', ( #7172 ), #5586 ) ;
#6876 = ORIENTED_EDGE ( 'NONE', *, *, #568, .F. ) ;
#6877 = CARTESIAN_POINT ( 'NONE',  ( 31.00000000000000000, 81.00000000000000000, 3.000000000000000000 ) ) ;
#6878 =( LENGTH_UNIT ( ) NAMED_UNIT ( * ) SI_UNIT ( .MILLI., .METRE. ) );
#6879 = CARTESIAN_POINT ( 'NONE',  ( 2.082076604084940108, -1.594977014734290321, -0.000000000000000000 ) ) ;
#6880 = PERSON_AND_ORGANIZATION ( #6743, #3319 ) ;
#6881 = CARTESIAN_POINT ( 'NONE',  ( 43.00000000000000000, 0.000000000000000000, 0.000000000000000000 ) ) ;
#6882 = CC_DESIGN_PERSON_AND_ORGANIZATION_ASSIGNMENT ( #9780, #1286, ( #1872 ) ) ;
#6883 = DATE_AND_TIME ( #6823, #264 ) ;
#6884 = CARTESIAN_POINT ( 'NONE',  ( 20.00000000000000000, -12.00000000000000000, 2.000000000000000000 ) ) ;
#6885 = ORIENTED_EDGE ( 'NONE', *, *, #868, .T. ) ;
#6886 = EDGE_LOOP ( 'NONE', ( #4822, #1267, #2192, #9821 ) ) ;
#6887 = EDGE_CURVE ( 'NONE', #9608, #7844, #2962, .T. ) ;
#6888 = ORIENTED_EDGE ( 'NONE', *, *, #7290, .T. ) ;
#6889 = DIRECTION ( 'NONE',  ( 0.000000000000000000, 0.000000000000000000, 1.000000000000000000 ) ) ;
#6890 = CARTESIAN_POINT ( 'NONE',  ( -21.00000000000000000, 8.000000000000000000, 5.999999999999998224 ) ) ;
#6891 = CARTESIAN_POINT ( 'NONE',  ( 21.65686506842306969, -6.442469749914236488, -0.000000000000000000 ) ) ;
#6892 = CARTESIAN_POINT ( 'NONE',  ( 43.00000000000000000, 0.000000000000000000, 24.00000000000000000 ) ) ;
#6893 = CARTESIAN_POINT ( 'NONE',  ( 32.04287395702814223, 29.63880920472608693, 0.000000000000000000 ) ) ;
#6894 = DATE_AND_TIME ( #6005, #9612 ) ;
#6895 = CYLINDRICAL_SURFACE ( 'NONE', #1946, 19.00000000000000000 ) ;
#6896 = ORIENTED_EDGE ( 'NONE', *, *, #6568, .T. ) ;
#6897 = CARTESIAN_POINT ( 'NONE',  ( 40.00000000000000000, 0.000000000000000000, 40.00000000000000000 ) ) ;
#6898 = ADVANCED_FACE ( 'NONE', ( #7809, #7864, #3613, #7034, #7082, #8816, #1978, #8706, #1148, #7197, #9700, #1260, #263 ), #10367, .F. ) ;
#6899 = ORIENTED_EDGE ( 'NONE', *, *, #6909, .F. ) ;
#6900 = CARTESIAN_POINT ( 'NONE',  ( 0.000000000000000000, 0.000000000000000000, 90.00000000000000000 ) ) ;
#6901 = CARTESIAN_POINT ( 'NONE',  ( 29.95712604296720016, 0.000000000000000000, 1.638809204732967650 ) ) ;
#6902 = DIRECTION ( 'NONE',  ( 0.000000000000000000, 0.000000000000000000, -1.000000000000000000 ) ) ;
#6903 = DIRECTION ( 'NONE',  ( 1.000000000000000000, 0.000000000000000000, 0.000000000000000000 ) ) ;
#6904 = DIRECTION ( 'NONE',  ( -0.000000000000000000, -0.000000000000000000, 1.000000000000000000 ) ) ;
#6905 = PERSON_AND_ORGANIZATION_ROLE ( 'creator' ) ;
#6906 = EDGE_LOOP ( 'NONE', ( #6793, #3891, #8141, #1176 ) ) ;
#6907 = ORIENTED_EDGE ( 'NONE', *, *, #2315, .T. ) ;
#6908 = DIRECTION ( 'NONE',  ( 0.000000000000000000, 0.000000000000000000, 1.000000000000000000 ) ) ;
#6909 = EDGE_CURVE ( 'NONE', #9181, #2296, #6313, .T. ) ;
#6910 = VERTEX_POINT ( 'NONE', #318 ) ;
#6911 = CARTESIAN_POINT ( 'NONE',  ( -14.00000000000000000, 0.000000000000000000, 12.00000000000000000 ) ) ;
#6912 = DIRECTION ( 'NONE',  ( 1.000000000000000000, 0.000000000000000000, 0.000000000000000000 ) ) ;
#6913 = FACE_OUTER_BOUND ( 'NONE', #2341, .T. ) ;
#6914 = EDGE_CURVE ( 'NONE', #3746, #8872, #6986, .T. ) ;
#6915 = CARTESIAN_POINT ( 'NONE',  ( 11.90496487544927362, 7.367007609010137514, 8.988555297866811955 ) ) ;
#6916 = CYLINDRICAL_SURFACE ( 'NONE', #677, 5.799999999999999822 ) ;
#6917 = UNCERTAINTY_MEASURE_WITH_UNIT (LENGTH_MEASURE( 1.000000000000000082E-05 ), #2945, 'distance_accuracy_value', 'NONE');
#6918 = CARTESIAN_POINT ( 'NONE',  ( 0.000000000000000000, 27.50000000000000000, 3.000000000000000000 ) ) ;
#6919 = VECTOR ( 'NONE', #415, 1000.000000000000000 ) ;
#6920 = DIRECTION ( 'NONE',  ( -1.000000000000000000, 0.000000000000000000, 0.000000000000000000 ) ) ;
#6921 = CARTESIAN_POINT ( 'NONE',  ( -21.69999999999999929, -34.00000000000000000, -6.000000000000000152E-06 ) ) ;
#6922 = CARTESIAN_POINT ( 'NONE',  ( -10.72380529476361133, 9.000000000000000000, 8.300000000000000711 ) ) ;
#6923 = ADVANCED_FACE ( 'NONE', ( #6251 ), #5323, .F. ) ;
#6924 = ORIENTED_EDGE ( 'NONE', *, *, #1332, .F. ) ;
#6925 = CARTESIAN_POINT ( 'NONE',  ( -7.299930488763834546, -0.000000000000000000, 2.774916005114234530 ) ) ;
#6926 = LINE ( 'NONE', #5213, #9477 ) ;
#6927 = DATE_AND_TIME ( #3615, #2229 ) ;
#6928 = VECTOR ( 'NONE', #582, 1000.000000000000000 ) ;
#6929 = CARTESIAN_POINT ( 'NONE',  ( 35.00000000000000000, -70.00000000000000000, 5.000000000000000000 ) ) ;
#6930 = CALENDAR_DATE ( 2026, 18, 9 ) ;
#6931 = DIRECTION ( 'NONE',  ( -0.000000000000000000, -0.000000000000000000, 1.000000000000000000 ) ) ;
#6932 = ORIENTED_EDGE ( 'NONE', *, *, #5032, .T. ) ;
#6933 = CIRCLE ( 'NONE', #9587, 1.700000000000000178 ) ;
#6934 = APPROVAL ( #434, 'UNKNOWN' ) ;
#6935 = VERTEX_POINT ( 'NONE', #9642 ) ;
#6936 = PRODUCT_DEFINITION ( 'ๆ', '', #7135, #1646 ) ;
#6937 = ORIENTED_EDGE ( 'NONE', *, *, #1952, .F. ) ;
#6938 = CARTESIAN_POINT ( 'NONE',  ( 186.0000000000000000, 0.000000000000000000, 0.000000000000000000 ) ) ;
#6939 = CARTESIAN_POINT ( 'NONE',  ( 2.270144640882241216, -1.313331601357424328, 0.000000000000000000 ) ) ;
#6940 = DIRECTION ( 'NONE',  ( -0.000000000000000000, 1.000000000000000000, -0.000000000000000000 ) ) ;
#6941 = APPROVAL_DATE_TIME ( #10279, #9242 ) ;
#6942 = ORIENTED_EDGE ( 'NONE', *, *, #4641, .T. ) ;
#6943 = LOCAL_TIME ( 6, 20, 33.00000000000000000, #1224 ) ;
#6944 = EDGE_CURVE ( 'NONE', #10074, #6438, #3836, .T. ) ;
#6945 = CARTESIAN_POINT ( 'NONE',  ( 31.19999999999999929, 59.50000000000000000, -1.200000000000000030E-05 ) ) ;
#6946 = EDGE_LOOP ( 'NONE', ( #2022, #4587, #9570, #1658 ) ) ;
#6947 = CYLINDRICAL_SURFACE ( 'NONE', #9593, 1.700000000000000178 ) ;
#6948 = EDGE_LOOP ( 'NONE', ( #7793, #2132, #6413, #4188 ) ) ;
#6949 = PLANE ( 'NONE',  #5795 ) ;
#6950 = DIRECTION ( 'NONE',  ( 0.000000000000000000, 0.000000000000000000, -1.000000000000000000 ) ) ;
#6951 = CARTESIAN_POINT ( 'NONE',  ( -2.209866293823954386, 1.378406442902269768, 0.000000000000000000 ) ) ;
#6952 = ORGANIZATION ( 'NAUO-ORG19', 'UNSPECIFIED', 'UNSPECIFIED' ) ;
#6953 = CALENDAR_DATE ( 2026, 18, 9 ) ;
#6954 = DIRECTION ( 'NONE',  ( -0.000000000000000000, -0.000000000000000000, 1.000000000000000000 ) ) ;
#6955 = VECTOR ( 'NONE', #3619, 1000.000000000000000 ) ;
#6956 = DATE_AND_TIME ( #3593, #5391 ) ;
#6957 = EDGE_CURVE ( 'NONE', #8656, #2375, #6150, .T. ) ;
#6958 = EDGE_CURVE ( 'NONE', #6772, #8154, #8865, .T. ) ;
#6959 = CC_DESIGN_SECURITY_CLASSIFICATION ( #10156, ( #8740 ) ) ;
#6960 = ORIENTED_EDGE ( 'NONE', *, *, #2343, .F. ) ;
#6961 = CARTESIAN_POINT ( 'NONE',  ( 0.000000000000000000, 0.000000000000000000, 4.000000000000000000 ) ) ;
#6962 = ORIENTED_EDGE ( 'NONE', *, *, #1197, .F. ) ;
#6963 = DIRECTION ( 'NONE',  ( -0.000000000000000000, -0.000000000000000000, 1.000000000000000000 ) ) ;
#6964 = CARTESIAN_POINT ( 'NONE',  ( -10.50000000000000000, 0.000000000000000000, 16.00000000000000000 ) ) ;
#6965 = LINE ( 'NONE', #7021, #418 ) ;
#6966 = SECURITY_CLASSIFICATION ( '', '', #7645 ) ;
#6967 = FACE_OUTER_BOUND ( 'NONE', #4222, .T. ) ;
#6968 = EDGE_CURVE ( 'NONE', #6550, #5333, #9298, .T. ) ;
#6969 = EDGE_CURVE ( 'NONE', #8205, #793, #2245, .T. ) ;
#6970 = FACE_OUTER_BOUND ( 'NONE', #5757, .T. ) ;
#6971 = CARTESIAN_POINT ( 'NONE',  ( -24.30000000000000071, -57.00000000000000000, 5.000000000000000000 ) ) ;
#6972 = DIRECTION ( 'NONE',  ( 0.000000000000000000, 0.000000000000000000, 1.000000000000000000 ) ) ;
#6973 = CC_DESIGN_APPROVAL ( #10263, ( #3462 ) ) ;
#6974 = DIRECTION ( 'NONE',  ( 1.000000000000000000, -0.000000000000000000, -0.000000000000000000 ) ) ;
#6975 = ORIENTED_EDGE ( 'NONE', *, *, #661, .T. ) ;
#6976 = DIRECTION ( 'NONE',  ( 1.000000000000000000, 0.000000000000000000, 0.000000000000000000 ) ) ;
#6977 = CARTESIAN_POINT ( 'NONE',  ( -9.291956110314004036, 10.47215736457431845, 9.358673877451961332 ) ) ;
#6978 = APPROVAL_DATE_TIME ( #5326, #1288 ) ;
#6979 = PLANE ( 'NONE',  #6132 ) ;
#6980 = SECURITY_CLASSIFICATION ( '', '', #2117 ) ;
#6981 = EDGE_CURVE ( 'NONE', #389, #7487, #10529, .T. ) ;
#6982 = VECTOR ( 'NONE', #7602, 1000.000000000000000 ) ;
#6983 = CARTESIAN_POINT ( 'NONE',  ( 0.000000000000000000, 0.000000000000000000, 28.00000000000000000 ) ) ;
#6984 = VECTOR ( 'NONE', #10638, 1000.000000000000000 ) ;
#6985 = EDGE_LOOP ( 'NONE', ( #6361, #9429, #7465, #113 ) ) ;
#6986 = CIRCLE ( 'NONE', #4711, 2.500000000000000000 ) ;
#6987 = VERTEX_POINT ( 'NONE', #9536 ) ;
#6988 = EDGE_LOOP ( 'NONE', ( #1826, #861 ) ) ;
#6989 = CARTESIAN_POINT ( 'NONE',  ( 31.60000000000000142, 62.50000000000000000, -1.200000000000000030E-05 ) ) ;
#6990 = CARTESIAN_POINT ( 'NONE',  ( 0.6767371672055961795, -2.533830729021501416, 0.000000000000000000 ) ) ;
#6991 = CARTESIAN_POINT ( 'NONE',  ( 29.30000000000000071, 31.00000000000000000, -6.000000000000000152E-06 ) ) ;
#6992 = COORDINATED_UNIVERSAL_TIME_OFFSET ( 5, 0, .BEHIND. ) ;
#6993 = CIRCLE ( 'NONE', #7892, 19.00000000000000000 ) ;
#6994 = ITEM_DEFINED_TRANSFORMATION ( 'NONE', 'NONE', #8957,  #7172 ) ;
#6995 = VECTOR ( 'NONE', #10504, 1000.000000000000000 ) ;
#6996 = PRODUCT_RELATED_PRODUCT_CATEGORY ( 'detail', '', ( #1329 ) ) ;
#6997 = LINE ( 'NONE', #10333, #10050 ) ;
#6998 = AXIS2_PLACEMENT_3D ( 'NONE', #196, #3379, #1796 ) ;
#6999 = EDGE_LOOP ( 'NONE', ( #1673, #108, #10174, #772 ) ) ;
#7000 = CYLINDRICAL_SURFACE ( 'NONE', #2716, 1.700000000000000178 ) ;
#7001 = CIRCLE ( 'NONE', #7186, 2.500000000000000000 ) ;
#7002 = CIRCLE ( 'NONE', #2262, 1.700000000000000178 ) ;
#7003 = VERTEX_POINT ( 'NONE', #1310 ) ;
#7004 = LINE ( 'NONE', #5901, #7387 ) ;
#7005 = CARTESIAN_POINT ( 'NONE',  ( -8.774916005115880324, 47.29993048876346506, -0.000000000000000000 ) ) ;
#7006 = DIRECTION ( 'NONE',  ( -1.000000000000000000, 0.000000000000000000, 0.000000000000000000 ) ) ;
#7007 = DATE_AND_TIME ( #8686, #7011 ) ;
#7008 = COORDINATED_UNIVERSAL_TIME_OFFSET ( 5, 0, .BEHIND. ) ;
#7009 = FACE_OUTER_BOUND ( 'NONE', #1808, .T. ) ;
#7010 = CALENDAR_DATE ( 2026, 18, 9 ) ;
#7011 = LOCAL_TIME ( 6, 20, 33.00000000000000000, #2879 ) ;
#7012 = EDGE_CURVE ( 'NONE', #1216, #7716, #4505, .T. ) ;
#7013 = EDGE_CURVE ( 'NONE', #1963, #5429, #1932, .T. ) ;
#7014 = AXIS2_PLACEMENT_3D ( 'NONE', #5430, #2072, #5317 ) ;
#7015 = EDGE_LOOP ( 'NONE', ( #4764, #1059, #10, #871 ) ) ;
#7016 = CARTESIAN_POINT ( 'NONE',  ( 0.000000000000000000, 40.00000000000000000, 40.00000000000000000 ) ) ;
#7017 = APPLICATION_CONTEXT ( 'configuration controlled 3d designs of mechanical parts and assemblies' ) ;
#7018 = ORIENTED_EDGE ( 'NONE', *, *, #10111, .T. ) ;
#7019 = CARTESIAN_POINT ( 'NONE',  ( 3.000000000000000000, 19.50000000000000000, 58.00000000000000000 ) ) ;
#7020 = DIRECTION ( 'NONE',  ( -1.000000000000000000, -0.000000000000000000, -0.000000000000000000 ) ) ;
#7021 = CARTESIAN_POINT ( 'NONE',  ( 0.000000000000000000, 19.50000000000000000, 3.000000000000000000 ) ) ;
#7022 = ADVANCED_BREP_SHAPE_REPRESENTATION ( '', ( #4011, #7172 ), #7183 ) ;
#7023 = EDGE_CURVE ( 'NONE', #2403, #9736, #8028, .T. ) ;
#7024 = VECTOR ( 'NONE', #4333, 1000.000000000000000 ) ;
#7025 = DIRECTION ( 'NONE',  ( 0.000000000000000000, 0.000000000000000000, 1.000000000000000000 ) ) ;
#7026 = DESIGN_CONTEXT ( 'detailed design', #3629, 'design' ) ;
#7027 = DIRECTION ( 'NONE',  ( -0.000000000000000000, 1.000000000000000000, 0.000000000000000000 ) ) ;
#7028 = DIRECTION ( 'NONE',  ( 0.000000000000000000, -1.000000000000000000, 0.000000000000000000 ) ) ;
#7029 = DIRECTION ( 'NONE',  ( -1.000000000000000000, 0.000000000000000000, -0.000000000000000000 ) ) ;
#7030 = VECTOR ( 'NONE', #2649, 1000.000000000000000 ) ;
#7031 = CARTESIAN_POINT ( 'NONE',  ( 21.69999999999999929, -34.00000000000000000, -6.000000000000000152E-06 ) ) ;
#7033 = EDGE_CURVE ( 'NONE', #9434, #9296, #4070, .T. ) ;
#7032 = ORIENTED_EDGE ( 'NONE', *, *, #2868, .T. ) ;
#7034 = FACE_BOUND ( 'NONE', #4300, .T. ) ;
#7035 = CARTESIAN_POINT ( 'NONE',  ( -9.362270370375764372, 10.40952242769113489, 9.456869433615946008 ) ) ;
#7036 = APPROVAL_DATE_TIME ( #6927, #6046 ) ;
#7037 = CARTESIAN_POINT ( 'NONE',  ( 136.0000000000000000, 0.000000000000000000, 6.000000000000000000 ) ) ;
#7038 = AXIS2_PLACEMENT_3D ( 'NONE', #6877, #6817, #1652 ) ;
#7039 = DATE_AND_TIME ( #6257, #5017 ) ;
#7040 = CARTESIAN_POINT ( 'NONE',  ( -14.00000000000000000, 9.000000000000000000, 8.500000000000000000 ) ) ;
#7041 = VERTEX_POINT ( 'NONE', #2303 ) ;
#7043 = EDGE_CURVE ( 'NONE', #9181, #1156, #9810, .T. ) ;
#7042 = EDGE_LOOP ( 'NONE', ( #2486, #1773, #1218, #4989 ) ) ;
#7044 = CARTESIAN_POINT ( 'NONE',  ( 20.00000000000000000, -12.00000000000000000, 2.000000000000000000 ) ) ;
#7045 = DIRECTION ( 'NONE',  ( 0.000000000000000000, 1.000000000000000000, 0.000000000000000000 ) ) ;
#7046 = EDGE_CURVE ( 'NONE', #10231, #3248, #4177, .T. ) ;
#7047 = B_SPLINE_CURVE_WITH_KNOTS ( 'NONE', 3,
 ( #10204, #213, #9369, #1044, #2737, #8533, #1871, #1763, #980, #3610, #5870, #10312, #9253, #5209, #1816, #4345, #7698, #9474, #8426, #5984, #3563, #3514, #6813, #6922 ),
 .UNSPECIFIED., .F., .F.,
 ( 4, 2, 2, 2, 2, 2, 2, 2, 2, 2, 2, 4 ),
 ( 0.006426364726469357275, 0.007171634124655618808, 0.007916903522841880342, 0.008289538221935011109, 0.008662172921028141875, 0.009034807620121272642, 0.009407442319214403409, 0.01015271171740067015, 0.01052534641649380438, 0.01089798111558693688, 0.01164325051377320709, 0.01238851991195947556 ),
 .UNSPECIFIED. ) ;
#7048 = CARTESIAN_POINT ( 'NONE',  ( 12.51547649045534705, 69.14146106820930981, -0.000000000000000000 ) ) ;
#7049 = CLOSED_SHELL ( 'NONE', ( #2511, #10619, #1408, #8857, #3389, #4439, #2468, #2280, #5295, #2327, #10872, #4866, #849, #7319, #10629, #1161, #4355, #4629, #1939, #5988, #4824, #3445, #9731, #2784, #7115, #423 ) ) ;
#7050 = APPROVAL_DATE_TIME ( #4684, #4179 ) ;
#7051 = ITEM_DEFINED_TRANSFORMATION ( 'NONE', 'NONE', #3659,  #7172 ) ;
#7052 = CARTESIAN_POINT ( 'NONE',  ( 0.000000000000000000, 0.000000000000000000, 16.00000000000000000 ) ) ;
#7053 = VERTEX_POINT ( 'NONE', #9977 ) ;
#7054 = FACE_OUTER_BOUND ( 'NONE', #1868, .T. ) ;
#7055 = EDGE_LOOP ( 'NONE', ( #10085, #3060, #4521, #7295 ) ) ;
#7056 = CARTESIAN_POINT ( 'NONE',  ( -15.36119079527556153, 68.95712604297240489, 0.000000000000000000 ) ) ;
#7057 = CARTESIAN_POINT ( 'NONE',  ( 6.000000000000000000, 0.000000000000000000, 0.000000000000000000 ) ) ;
#7058 = PLANE ( 'NONE',  #6655 ) ;
#7059 = ADVANCED_FACE ( 'NONE', ( #5651 ), #8261, .F. ) ;
#7060 = CARTESIAN_POINT ( 'NONE',  ( -14.00000000000000000, 0.000000000000000000, 16.00000000000000000 ) ) ;
#7061 = CALENDAR_DATE ( 2026, 18, 9 ) ;
#7062 = PERSON_AND_ORGANIZATION_ROLE ( 'classification_officer' ) ;
#7063 = CARTESIAN_POINT ( 'NONE',  ( 136.8584857301911200, 1.484395069527666866, 0.000000000000000000 ) ) ;
#7064 = APPROVAL_ROLE ( '' ) ;
#7065 = ORIENTED_EDGE ( 'NONE', *, *, #7456, .T. ) ;
#7066 = EDGE_LOOP ( 'NONE', ( #10442, #3239, #4910, #9741 ) ) ;
#7067 = PLANE ( 'NONE',  #7628 ) ;
#7068 = VECTOR ( 'NONE', #5869, 1000.000000000000000 ) ;
#7069 = ORIENTED_EDGE ( 'NONE', *, *, #9914, .T. ) ;
#7070 = DIRECTION ( 'NONE',  ( -0.000000000000000000, -0.000000000000000000, -1.000000000000000000 ) ) ;
#7071 = CARTESIAN_POINT ( 'NONE',  ( 20.00000000000000000, -12.00000000000000000, 2.000000000000000000 ) ) ;
#7072 = DIRECTION ( 'NONE',  ( 0.000000000000000000, 0.000000000000000000, -1.000000000000000000 ) ) ;
#7073 = CC_DESIGN_DATE_AND_TIME_ASSIGNMENT ( #4077, #5779, ( #8536 ) ) ;
#7074 = CC_DESIGN_PERSON_AND_ORGANIZATION_ASSIGNMENT ( #2162, #10616, ( #2389 ) ) ;
#7075 = CARTESIAN_POINT ( 'NONE',  ( 35.60000000000000142, 0.000000000000000000, 0.000000000000000000 ) ) ;
#7076 = DIRECTION ( 'NONE',  ( 0.000000000000000000, -0.000000000000000000, 1.000000000000000000 ) ) ;
#7077 = EDGE_CURVE ( 'NONE', #2449, #1726, #601, .T. ) ;
#7078 = ORIENTED_EDGE ( 'NONE', *, *, #8590, .F. ) ;
#7079 = CARTESIAN_POINT ( 'NONE',  ( 30.50000000000000000, 10.00000000000000000, 39.50000000000000000 ) ) ;
#7080 = CARTESIAN_POINT ( 'NONE',  ( 10.72380529476361488, 9.000000000000204281, 10.20000000000065477 ) ) ;
#7081 = VERTEX_POINT ( 'NONE', #9749 ) ;
#7082 = FACE_BOUND ( 'NONE', #7522, .T. ) ;
#7083 = CARTESIAN_POINT ( 'NONE',  ( -11.68622841836827497, 7.709669415052520236, 7.387083654392811560 ) ) ;
#7084 = COORDINATED_UNIVERSAL_TIME_OFFSET ( 5, 0, .BEHIND. ) ;
#7085 = CARTESIAN_POINT ( 'NONE',  ( 43.00000000000000000, 81.00000000000000000, 6.000000000000000000 ) ) ;
#7086 = APPROVAL_ROLE ( '' ) ;
#7087 = VECTOR ( 'NONE', #5914, 1000.000000000000000 ) ;
#7088 = ADVANCED_FACE ( 'NONE', ( #9143 ), #5537, .F. ) ;
#7089 = CARTESIAN_POINT ( 'NONE',  ( 21.69999999999999929, -6.000000000000000000, -1.200000000000000030E-05 ) ) ;
#7090 = ORIENTED_EDGE ( 'NONE', *, *, #9404, .T. ) ;
#7091 = ORIENTED_EDGE ( 'NONE', *, *, #6214, .T. ) ;
#7092 = DIRECTION ( 'NONE',  ( -0.000000000000000000, 1.000000000000000000, -0.000000000000000000 ) ) ;
#7093 = CARTESIAN_POINT ( 'NONE',  ( -14.00000000000000000, 9.000000000000000000, 8.500000000000000000 ) ) ;
#7094 = PLANE ( 'NONE',  #6485 ) ;
#7095 = CARTESIAN_POINT ( 'NONE',  ( 13.77491600510868786, 68.30006951123358760, 0.000000000000000000 ) ) ;
#7096 = PERSON_AND_ORGANIZATION ( #6743, #3319 ) ;
#7097 = APPROVAL_ROLE ( '' ) ;
#7098 = EDGE_CURVE ( 'NONE', #9706, #10287, #3065, .T. ) ;
#7099 = EDGE_CURVE ( 'NONE', #3649, #2290, #1481, .T. ) ;
#7100 = AXIS2_PLACEMENT_3D ( 'NONE', #1279, #7312, #6654 ) ;
#7101 = CARTESIAN_POINT ( 'NONE',  ( -9.000000000000000000, 80.49999999999998579, 3.000000000000000000 ) ) ;
#7102 = ORIENTED_EDGE ( 'NONE', *, *, #9799, .F. ) ;
#7103 = DIRECTION ( 'NONE',  ( 0.000000000000000000, -1.000000000000000000, 0.000000000000000000 ) ) ;
#7104 = ORIENTED_EDGE ( 'NONE', *, *, #8340, .F. ) ;
#7105 = DIRECTION ( 'NONE',  ( 0.000000000000000000, 1.000000000000000000, 0.000000000000000000 ) ) ;
#7106 = CARTESIAN_POINT ( 'NONE',  ( -7.343134931576937419, 48.55753025008697676, -0.000000000000000000 ) ) ;
#7107 = CARTESIAN_POINT ( 'NONE',  ( 0.000000000000000000, 0.000000000000000000, 12.00000000000000000 ) ) ;
#7108 = CARTESIAN_POINT ( 'NONE',  ( 11.94592245563050525, 7.300338131588374857, 8.370962191954024689 ) ) ;
#7109 = DIRECTION ( 'NONE',  ( -0.000000000000000000, -0.000000000000000000, -1.000000000000000000 ) ) ;
#7110 = VECTOR ( 'NONE', #4335, 1000.000000000000000 ) ;
#7111 = PERSON_AND_ORGANIZATION ( #6743, #3319 ) ;
#7112 = CC_DESIGN_APPROVAL ( #2028, ( #5529 ) ) ;
#7113 = CARTESIAN_POINT ( 'NONE',  ( 134.9571260429673032, 1.361190795270272424, 0.000000000000000000 ) ) ;
#7114 = APPROVAL_ROLE ( '' ) ;
#7115 = ADVANCED_FACE ( 'NONE', ( #9923 ), #3892, .F. ) ;
#7116 = PRODUCT_DEFINITION_SHAPE ( 'NONE', 'NONE',  #2095 ) ;
#7117 = ORIENTED_EDGE ( 'NONE', *, *, #1463, .F. ) ;
#7118 = CARTESIAN_POINT ( 'NONE',  ( 20.00000000000000000, -34.00000000000000000, 5.000000000000000000 ) ) ;
#7119 = CC_DESIGN_SECURITY_CLASSIFICATION ( #9967, ( #10907 ) ) ;
#7120 = ORIENTED_EDGE ( 'NONE', *, *, #7585, .F. ) ;
#7121 = CARTESIAN_POINT ( 'NONE',  ( -24.30000000000000071, 57.00000000000000000, -1.200000000000000030E-05 ) ) ;
#7122 = CARTESIAN_POINT ( 'NONE',  ( -15.48439506952757050, 70.85848573019067942, 0.000000000000000000 ) ) ;
#7123 = DIRECTION ( 'NONE',  ( -0.000000000000000000, -0.000000000000000000, 1.000000000000000000 ) ) ;
#7124 = ORIENTED_EDGE ( 'NONE', *, *, #9940, .T. ) ;
#7125 = CARTESIAN_POINT ( 'NONE',  ( 0.000000000000000000, 70.00000000000000000, -1.200000000000000030E-05 ) ) ;
#7126 = ORIENTED_EDGE ( 'NONE', *, *, #3545, .F. ) ;
#7127 = CC_DESIGN_APPROVAL ( #9660, ( #981 ) ) ;
#7128 = ORIENTED_EDGE ( 'NONE', *, *, #6310, .T. ) ;
#7129 = CC_DESIGN_DATE_AND_TIME_ASSIGNMENT ( #2411, #8420, ( #7538 ) ) ;
#7130 = APPROVAL ( #4062, 'ๆช' ) ;
#7131 = DIRECTION ( 'NONE',  ( 0.000000000000000000, 0.000000000000000000, 1.000000000000000000 ) ) ;
#7132 = VERTEX_POINT ( 'NONE', #716 ) ;
#7133 = CARTESIAN_POINT ( 'NONE',  ( 15.69999999999999929, 70.00000000000000000, -6.000000000000000152E-06 ) ) ;
#7134 = CARTESIAN_POINT ( 'NONE',  ( 18.95702773923838080, -35.36128909900560302, -0.000000000000000000 ) ) ;
#7135 = PRODUCT_DEFINITION_FORMATION_WITH_SPECIFIED_SOURCE ( 'ไป', '', #5634, .NOT_KNOWN. ) ;
#7136 = ORIENTED_EDGE ( 'NONE', *, *, #6981, .F. ) ;
#7137 = CARTESIAN_POINT ( 'NONE',  ( 0.000000000000000000, 0.000000000000000000, 0.000000000000000000 ) ) ;
#7138 = CARTESIAN_POINT ( 'NONE',  ( 122.6388092047274654, -1.042873957029619714, 0.000000000000000000 ) ) ;
#7139 = SECURITY_CLASSIFICATION_LEVEL ( 'unclassified' ) ;
#7140 = LINE ( 'NONE', #5491, #7541 ) ;
#7141 = APPROVAL_DATE_TIME ( #8713, #6934 ) ;
#7142 = CC_DESIGN_APPROVAL ( #475, ( #6086 ) ) ;
#7143 = EDGE_CURVE ( 'NONE', #7053, #9671, #3645, .T. ) ;
#7144 = DIRECTION ( 'NONE',  ( 0.000000000000000000, 1.000000000000000000, 0.000000000000000000 ) ) ;
#7145 = ORIENTED_EDGE ( 'NONE', *, *, #4280, .F. ) ;
#7146 = EDGE_LOOP ( 'NONE', ( #8039, #1290 ) ) ;
#7147 = CARTESIAN_POINT ( 'NONE',  ( 0.000000000000000000, 0.000000000000000000, 0.000000000000000000 ) ) ;
#7148 = DIRECTION ( 'NONE',  ( 0.000000000000000000, 0.000000000000000000, 1.000000000000000000 ) ) ;
#7149 = CC_DESIGN_APPROVAL ( #9525, ( #5047 ) ) ;
#7150 = LINE ( 'NONE', #1221, #6827 ) ;
#7151 = EDGE_CURVE ( 'NONE', #9507, #5998, #7417, .T. ) ;
#7152 = DATE_AND_TIME ( #445, #2919 ) ;
#7153 = COORDINATED_UNIVERSAL_TIME_OFFSET ( 5, 0, .BEHIND. ) ;
#7154 = VECTOR ( 'NONE', #7162, 1000.000000000000000 ) ;
#7155 = CARTESIAN_POINT ( 'NONE',  ( -10.00000000000000000, -10.00000000000000000, 39.50000000000000000 ) ) ;
#7156 = CARTESIAN_POINT ( 'NONE',  ( -18.51560493047243128, 0.000000000000000000, 12.85848573019289454 ) ) ;
#7157 = VECTOR ( 'NONE', #9032, 1000.000000000000000 ) ;
#7158 = VERTEX_POINT ( 'NONE', #2240 ) ;
#7159 = ORIENTED_EDGE ( 'NONE', *, *, #9903, .T. ) ;
#7160 = AXIS2_PLACEMENT_3D ( 'NONE', #7871, #8827, #10537 ) ;
#7161 = CARTESIAN_POINT ( 'NONE',  ( -12.34313493157694097, 69.55753025008442592, -0.000000000000000000 ) ) ;
#7162 = DIRECTION ( 'NONE',  ( 0.000000000000000000, 1.000000000000000000, 0.000000000000000000 ) ) ;
#7163 = LINE ( 'NONE', #5248, #10732 ) ;
#7164 = AXIS2_PLACEMENT_3D ( 'NONE', #3182, #9925, #6644 ) ;
#7165 = DIRECTION ( 'NONE',  ( 0.000000000000000000, -0.000000000000000000, -1.000000000000000000 ) ) ;
#7166 = CARTESIAN_POINT ( 'NONE',  ( 20.00000000000000000, -1.200000000000000030E-05, 12.00000000000000000 ) ) ;
#7167 = EDGE_CURVE ( 'NONE', #6104, #4081, #3121, .T. ) ;
#7168 = DATE_AND_TIME ( #8794, #4678 ) ;
#7169 = CARTESIAN_POINT ( 'NONE',  ( -9.000000000000000000, -6.000000000000000152E-06, 1.299999999999999600 ) ) ;
#7170 = AXIS2_PLACEMENT_3D ( 'NONE', #1874, #1818, #5158 ) ;
#7171 = PERSON_AND_ORGANIZATION ( #6743, #3319 ) ;
#7172 = AXIS2_PLACEMENT_3D ( 'NONE', #8549, #2861, #996 ) ;
#7173 = AXIS2_PLACEMENT_3D ( 'NONE', #3592, #6954, #10343 ) ;
#7174 = AXIS2_PLACEMENT_3D ( 'NONE', #7370, #3347, #10145 ) ;
#7175 = ORIENTED_EDGE ( 'NONE', *, *, #9903, .F. ) ;
#7176 = CARTESIAN_POINT ( 'NONE',  ( 18.30000000000000071, -34.00000000000000000, -6.000000000000000152E-06 ) ) ;
#7177 = CIRCLE ( 'NONE', #10550, 1.700000000000000178 ) ;
#7178 = EDGE_LOOP ( 'NONE', ( #400, #1827, #9243, #8016 ) ) ;
#7179 = DIRECTION ( 'NONE',  ( -0.000000000000000000, -0.000000000000000000, -1.000000000000000000 ) ) ;
#7180 = CARTESIAN_POINT ( 'NONE',  ( 0.000000000000000000, 0.000000000000000000, 0.000000000000000000 ) ) ;
#7181 = CARTESIAN_POINT ( 'NONE',  ( 32.48439506952831834, 0.000000000000000000, 21.85848573019393370 ) ) ;
#7182 = ADVANCED_FACE ( 'NONE', ( #10752 ), #8982, .F. ) ;
#7183 =( GEOMETRIC_REPRESENTATION_CONTEXT ( 3 ) GLOBAL_UNCERTAINTY_ASSIGNED_CONTEXT ( ( #2840 ) ) GLOBAL_UNIT_ASSIGNED_CONTEXT ( ( #5775, #4954, #9159 ) ) REPRESENTATION_CONTEXT ( 'NONE', 'WORKASPACE' ) );
#7184 = EDGE_CURVE ( 'NONE', #7996, #4491, #7703, .T. ) ;
#7185 = B_SPLINE_CURVE_WITH_KNOTS ( 'NONE', 3,
 ( #6240, #8014, #7800, #7911, #9524, #8747, #7181, #5478, #7849, #6352, #8804, #5314, #303, #10461, #10516, #4605, #4448, #1138 ),
 .UNSPECIFIED., .F., .F.,
 ( 4, 2, 2, 2, 2, 2, 2, 2, 4 ),
 ( -3.330669073875469621E-16, 0.06249999999999975020, 0.1249999999999998335, 0.1874999999999999167, 0.2500000000000000000, 0.3125000000000001110, 0.3750000000000001665, 0.4375000000000002220, 0.5000000000000003331 ),
 .UNSPECIFIED. ) ;
#7186 = AXIS2_PLACEMENT_3D ( 'NONE', #4295, #7706, #268 ) ;
#7187 = CARTESIAN_POINT ( 'NONE',  ( -9.000000000000000000, -6.000000000000000152E-06, 19.30000000000000071 ) ) ;
#7188 = ORIENTED_EDGE ( 'NONE', *, *, #983, .T. ) ;
#7189 = VECTOR ( 'NONE', #10447, 1000.000000000000000 ) ;
#7190 = ORIENTED_EDGE ( 'NONE', *, *, #7801, .T. ) ;
#7191 = LINE ( 'NONE', #3989, #4836 ) ;
#7192 = ORIENTED_EDGE ( 'NONE', *, *, #5416, .T. ) ;
#7193 = CARTESIAN_POINT ( 'NONE',  ( 31.44263793984587707, 32.65679534101005288, -0.000000000000000000 ) ) ;
#7194 = CARTESIAN_POINT ( 'NONE',  ( 9.028198879604028448, 10.70007593451009953, 8.366875471380069484 ) ) ;
#7195 = VECTOR ( 'NONE', #9529, 1000.000000000000000 ) ;
#7196 = ORIENTED_EDGE ( 'NONE', *, *, #4185, .F. ) ;
#7197 = FACE_BOUND ( 'NONE', #9583, .T. ) ;
#7198 = CARTESIAN_POINT ( 'NONE',  ( -11.46349721022022905, 8.039232687730914151, 7.079762322145246145 ) ) ;
#7199 = APPROVAL ( #7607, 'ๆช' ) ;
#7200 = DATE_TIME_ROLE ( 'classification_date' ) ;
#7201 = CARTESIAN_POINT ( 'NONE',  ( 35.00000000000000000, 0.000000000000000000, 0.000000000000000000 ) ) ;
#7202 = PERSON_AND_ORGANIZATION_ROLE ( 'classification_officer' ) ;
#7203 = VERTEX_POINT ( 'NONE', #1691 ) ;
#7204 = CIRCLE ( 'NONE', #2984, 1.700000000000000178 ) ;
#7205 = DIRECTION ( 'NONE',  ( -0.000000000000000000, -0.000000000000000000, 1.000000000000000000 ) ) ;
#7206 = ORIENTED_EDGE ( 'NONE', *, *, #3482, .T. ) ;
#7207 = ORIENTED_EDGE ( 'NONE', *, *, #9479, .F. ) ;
#7208 = DIRECTION ( 'NONE',  ( 0.000000000000000000, 1.000000000000000000, 0.000000000000000000 ) ) ;
#7209 = FACE_OUTER_BOUND ( 'NONE', #9076, .T. ) ;
#7210 = APPROVAL ( #1610, 'UNKNOWN' ) ;
#7211 = VECTOR ( 'NONE', #2874, 1000.000000000000000 ) ;
#7212 = DIRECTION ( 'NONE',  ( -0.000000000000000000, -0.000000000000000000, 1.000000000000000000 ) ) ;
#7213 = APPROVAL ( #7496, 'ๆช' ) ;
#7214 = PERSON_AND_ORGANIZATION ( #6743, #3319 ) ;
#7215 = APPROVAL_DATE_TIME ( #2204, #1349 ) ;
#7216 = PRODUCT_DEFINITION_SHAPE ( 'NONE', 'NONE',  #10895 ) ;
#7217 = PRODUCT ( 'V2_REF_block40', 'V2_REF_block40', '', ( #2827 ) ) ;
#7218 = LINE ( 'NONE', #3858, #5563 ) ;
#7219 = ADVANCED_FACE ( 'NONE', ( #9413 ), #5917, .F. ) ;
#7220 = VERTEX_POINT ( 'NONE', #5815 ) ;
#7221 = AXIS2_PLACEMENT_3D ( 'NONE', #2214, #6442, #1284 ) ;
#7222 = ORIENTED_EDGE ( 'NONE', *, *, #7560, .T. ) ;
#7223 = CARTESIAN_POINT ( 'NONE',  ( -13.14146106821471349, 68.51547649045403432, -0.000000000000000000 ) ) ;
#7224 = DIRECTION ( 'NONE',  ( -0.000000000000000000, -0.000000000000000000, -1.000000000000000000 ) ) ;
#7225 = CARTESIAN_POINT ( 'NONE',  ( 20.00000000000000000, 0.000000000000000000, 58.00000000000000000 ) ) ;
#7226 = CARTESIAN_POINT ( 'NONE',  ( 31.00000000000000000, 8.000000000000000000, 21.00000000000000000 ) ) ;
#7227 = DIRECTION ( 'NONE',  ( 0.000000000000000000, 0.000000000000000000, 1.000000000000000000 ) ) ;
#7228 = APPROVAL_STATUS ( 'not_yet_approved' ) ;
#7229 = CARTESIAN_POINT ( 'NONE',  ( 124.0000000000000000, 0.000000000000000000, -1.200000000000000030E-05 ) ) ;
#7230 = APPROVAL_ROLE ( '' ) ;
#7231 = EDGE_CURVE ( 'NONE', #7844, #7651, #1727, .T. ) ;
#7232 = ORIENTED_EDGE ( 'NONE', *, *, #9417, .T. ) ;
#7233 = LINE ( 'NONE', #5739, #69 ) ;
#7234 = B_SPLINE_CURVE_WITH_KNOTS ( 'NONE', 3,
 ( #6715, #10772, #6664, #3245, #8, #1447, #7433, #8217, #3302, #9212, #5667, #10059, #3357, #2267 ),
 .UNSPECIFIED., .F., .F.,
 ( 4, 2, 2, 2, 2, 2, 4 ),
 ( 0.000000000000000000, 0.05322997919402821382, 0.07984496879104228950, 0.1064599583880563721, 0.1330749479850704686, 0.1596899375820845512, 0.2129199167761126610 ),
 .UNSPECIFIED. ) ;
#7235 = ORIENTED_EDGE ( 'NONE', *, *, #5093, .F. ) ;
#7236 = PLANE ( 'NONE',  #1762 ) ;
#7237 = CARTESIAN_POINT ( 'NONE',  ( -19.14151426980785331, -4.515604930472245648, 0.000000000000000000 ) ) ;
#7238 = DIRECTION ( 'NONE',  ( -0.000000000000000000, -0.000000000000000000, -1.000000000000000000 ) ) ;
#7239 = DIRECTION ( 'NONE',  ( 0.000000000000000000, 0.000000000000000000, 1.000000000000000000 ) ) ;
#7240 = LINE ( 'NONE', #10845, #6652 ) ;
#7241 = PLANE ( 'NONE',  #2979 ) ;
#7242 = EDGE_CURVE ( 'NONE', #2034, #4081, #7874, .T. ) ;
#7243 = EDGE_CURVE ( 'NONE', #5460, #9435, #5148, .T. ) ;
#7244 = ORIENTED_EDGE ( 'NONE', *, *, #3399, .T. ) ;
#7245 = CARTESIAN_POINT ( 'NONE',  ( 21.36119079527021114, -4.957126042968710067, 0.000000000000000000 ) ) ;
#7246 = LINE ( 'NONE', #1428, #1573 ) ;
#7247 = CARTESIAN_POINT ( 'NONE',  ( -0.5999999999999999778, 0.000000000000000000, 4.000000000000000000 ) ) ;
#7248 = ORIENTED_EDGE ( 'NONE', *, *, #9162, .F. ) ;
#7249 = CARTESIAN_POINT ( 'NONE',  ( 21.70006951123505345, -0.000000000000000000, 11.77491600511191550 ) ) ;
#7250 = DIRECTION ( 'NONE',  ( 1.000000000000000000, -0.000000000000000000, 0.000000000000000000 ) ) ;
#7251 = DATE_AND_TIME ( #3894, #2754 ) ;
#7252 = COORDINATED_UNIVERSAL_TIME_OFFSET ( 5, 0, .BEHIND. ) ;
#7253 = VERTEX_POINT ( 'NONE', #8526 ) ;
#7254 = ORIENTED_EDGE ( 'NONE', *, *, #435, .T. ) ;
#7255 = ADVANCED_FACE ( 'NONE', ( #1862 ), #919, .F. ) ;
#7256 = FACE_OUTER_BOUND ( 'NONE', #6173, .T. ) ;
#7257 = ORIENTED_EDGE ( 'NONE', *, *, #3220, .F. ) ;
#7258 = FACE_BOUND ( 'NONE', #1057, .T. ) ;
#7259 = DIRECTION ( 'NONE',  ( 0.000000000000000000, 0.000000000000000000, 1.000000000000000000 ) ) ;
#7260 = CARTESIAN_POINT ( 'NONE',  ( 8.099999999999999645, 70.00000000000000000, 5.200000000000000178 ) ) ;
#7261 = CALENDAR_DATE ( 2026, 18, 9 ) ;
#7262 = COORDINATED_UNIVERSAL_TIME_OFFSET ( 5, 0, .BEHIND. ) ;
#7263 = DIRECTION ( 'NONE',  ( 0.000000000000000000, 0.000000000000000000, 1.000000000000000000 ) ) ;
#7264 = APPROVAL ( #5777, 'ๆช' ) ;
#7265 = PERSON ( 'NAUO-PER2', 'UNSPECIFIED', 'UNSPECIFIED', ('UNSPECIFIED'), ('UNSPECIFIED'), ('UNSPECIFIED') ) ;
#7266 = ORIENTED_EDGE ( 'NONE', *, *, #10507, .T. ) ;
#7267 = AXIS2_PLACEMENT_3D ( 'NONE', #8298, #2225, #5582 ) ;
#7268 = EDGE_LOOP ( 'NONE', ( #9051, #10271, #4255, #9268 ) ) ;
#7269 = CARTESIAN_POINT ( 'NONE',  ( -2.130340194382252417, 1.498434379583922782, -0.000000000000000000 ) ) ;
#7270 = LINE ( 'NONE', #1400, #9119 ) ;
#7271 = CARTESIAN_POINT ( 'NONE',  ( -12.00000000000000000, -12.00000000000000000, 20.00000000000000000 ) ) ;
#7272 = LINE ( 'NONE', #3866, #7931 ) ;
#7273 = CARTESIAN_POINT ( 'NONE',  ( 0.5999999999999999778, 2.529822128134703085, -1.200000000000000030E-05 ) ) ;
#7274 = PERSON_AND_ORGANIZATION ( #6743, #3319 ) ;
#7275 = CARTESIAN_POINT ( 'NONE',  ( 14.00000000000000000, 70.00000000000000000, 8.000000000000000000 ) ) ;
#7276 = DATE_AND_TIME ( #1242, #1006 ) ;
#7277 = AXIS2_PLACEMENT_3D ( 'NONE', #697, #7399, #6396 ) ;
#7278 = ADVANCED_FACE ( 'NONE', ( #6027 ), #3447, .F. ) ;
#7279 = ORIENTED_EDGE ( 'NONE', *, *, #1127, .F. ) ;
#7280 = CARTESIAN_POINT ( 'NONE',  ( 0.000000000000000000, 0.000000000000000000, 0.000000000000000000 ) ) ;
#7281 = ORIENTED_EDGE ( 'NONE', *, *, #4616, .T. ) ;
#7282 = DIRECTION ( 'NONE',  ( -1.000000000000000000, 0.000000000000000000, 0.000000000000000000 ) ) ;
#7283 = DIRECTION ( 'NONE',  ( -1.000000000000000000, 0.000000000000000000, 0.000000000000000000 ) ) ;
#7284 = FACE_OUTER_BOUND ( 'NONE', #2446, .T. ) ;
#7285 = AXIS2_PLACEMENT_3D ( 'NONE', #2044, #9446, #4432 ) ;
#7286 = DIRECTION ( 'NONE',  ( 0.000000000000000000, 0.000000000000000000, 1.000000000000000000 ) ) ;
#7287 = APPLICATION_CONTEXT ( 'configuration controlled 3d designs of mechanical parts and assemblies' ) ;
#7288 = DIRECTION ( 'NONE',  ( 0.000000000000000000, 0.000000000000000000, 1.000000000000000000 ) ) ;
#7289 = B_SPLINE_CURVE_WITH_KNOTS ( 'NONE', 3,
 ( #4435, #4591, #7834, #4481, #240, #5403, #8684, #3588, #8787, #7005, #1123, #1234, #290, #3748, #3638, #7106, #2928, #1337 ),
 .UNSPECIFIED., .F., .F.,
 ( 4, 2, 2, 2, 2, 2, 2, 2, 4 ),
 ( 0.5000000000000000000, 0.5625000000000000000, 0.6250000000000000000, 0.6875000000000000000, 0.7500000000000000000, 0.8125000000000000000, 0.8750000000000000000, 0.9375000000000000000, 1.000000000000000000 ),
 .UNSPECIFIED. ) ;
#7290 = EDGE_CURVE ( 'NONE', #5536, #10808, #4003, .T. ) ;
#7291 = ORIENTED_EDGE ( 'NONE', *, *, #6414, .F. ) ;
#7292 = EDGE_CURVE ( 'NONE', #1799, #1377, #10093, .T. ) ;
#7293 = CC_DESIGN_SECURITY_CLASSIFICATION ( #7643, ( #10900 ) ) ;
#7294 = CARTESIAN_POINT ( 'NONE',  ( -27.69999999999999929, -45.00000000000000000, 0.000000000000000000 ) ) ;
#7295 = ORIENTED_EDGE ( 'NONE', *, *, #8065, .F. ) ;
#7296 = CARTESIAN_POINT ( 'NONE',  ( 18.30000000000000071, -6.000000000000000000, -6.000000000000000152E-06 ) ) ;
#7297 = DIRECTION ( 'NONE',  ( 0.000000000000000000, -0.000000000000000000, -1.000000000000000000 ) ) ;
#7298 = CARTESIAN_POINT ( 'NONE',  ( 11.32625336758537671, 8.229749050941169486, 11.51924676303362638 ) ) ;
#7299 = ORIENTED_EDGE ( 'NONE', *, *, #6812, .T. ) ;
#7300 = DIRECTION ( 'NONE',  ( -0.000000000000000000, 1.000000000000000000, -0.000000000000000000 ) ) ;
#7301 = PRODUCT_DEFINITION_SHAPE ( 'NONE', 'NONE',  #10896 ) ;
#7302 = ORGANIZATION ( 'NAUO-ORG21', 'UNSPECIFIED', 'UNSPECIFIED' ) ;
#7303 = DIRECTION ( 'NONE',  ( 1.000000000000000000, -0.000000000000000000, 0.000000000000000000 ) ) ;
#7304 = EDGE_CURVE ( 'NONE', #5118, #1517, #92, .T. ) ;
#7305 = EDGE_CURVE ( 'NONE', #5998, #1317, #872, .T. ) ;
#7306 = DATE_AND_TIME ( #3942, #2583 ) ;
#7307 = APPROVAL_DATE_TIME ( #3070, #8230 ) ;
#7308 = VERTEX_POINT ( 'NONE', #5043 ) ;
#7309 = ORIENTED_EDGE ( 'NONE', *, *, #1069, .F. ) ;
#7310 = CARTESIAN_POINT ( 'NONE',  ( 0.000000000000000000, 1.300000000000000044, 16.00000000000000000 ) ) ;
#7311 = LOCAL_TIME ( 6, 20, 33.00000000000000000, #6228 ) ;
#7312 = DIRECTION ( 'NONE',  ( 0.000000000000000000, 0.000000000000000000, 1.000000000000000000 ) ) ;
#7313 = ORIENTED_EDGE ( 'NONE', *, *, #3546, .T. ) ;
#7314 = CARTESIAN_POINT ( 'NONE',  ( -9.170466408454513996, 10.57870852589375055, 10.64206504667296649 ) ) ;
#7315 =( LENGTH_UNIT ( ) NAMED_UNIT ( * ) SI_UNIT ( .MILLI., .METRE. ) );
#7316 = DIRECTION ( 'NONE',  ( -1.000000000000000000, 0.000000000000000000, 0.000000000000000000 ) ) ;
#7317 = LINE ( 'NONE', #9044, #8419 ) ;
#7318 = EDGE_CURVE ( 'NONE', #346, #1517, #10855, .T. ) ;
#7319 = ADVANCED_FACE ( 'NONE', ( #2628 ), #5978, .F. ) ;
#7320 = PERSON_AND_ORGANIZATION ( #6743, #3319 ) ;
#7321 = CC_DESIGN_APPROVAL ( #2894, ( #6966 ) ) ;
#7322 = CALENDAR_DATE ( 2026, 18, 9 ) ;
#7323 = FACE_OUTER_BOUND ( 'NONE', #2953, .T. ) ;
#7324 = ORIENTED_EDGE ( 'NONE', *, *, #10441, .T. ) ;
#7325 = CC_DESIGN_SECURITY_CLASSIFICATION ( #8572, ( #8394 ) ) ;
#7326 = ORIENTED_EDGE ( 'NONE', *, *, #6944, .T. ) ;
#7327 = CARTESIAN_POINT ( 'NONE',  ( 130.0000000000000000, 0.000000000000000000, 6.000000000000000000 ) ) ;
#7328 = LINE ( 'NONE', #3966, #8406 ) ;
#7329 = CARTESIAN_POINT ( 'NONE',  ( 0.5999999999999997558, 13.98713694792468942, 12.00000000000000000 ) ) ;
#7330 = CARTESIAN_POINT ( 'NONE',  ( 0.000000000000000000, 0.000000000000000000, 90.00000000000000000 ) ) ;
#7331 = VECTOR ( 'NONE', #6604, 1000.000000000000000 ) ;
#7332 = CARTESIAN_POINT ( 'NONE',  ( 9.028198879604028448, 10.70007593451009598, 9.866875471380067708 ) ) ;
#7333 = COORDINATED_UNIVERSAL_TIME_OFFSET ( 5, 0, .BEHIND. ) ;
#7334 = CARTESIAN_POINT ( 'NONE',  ( 31.60000000000000142, 72.50000000000000000, 0.000000000000000000 ) ) ;
#7335 = APPROVAL ( #10806, 'ๆช' ) ;
#7336 = COORDINATED_UNIVERSAL_TIME_OFFSET ( 5, 0, .BEHIND. ) ;
#7337 = APPROVAL_PERSON_ORGANIZATION ( #10618, #3172, #7064 ) ;
#7338 = CIRCLE ( 'NONE', #2241, 14.00000000000000000 ) ;
#7339 = ORIENTED_EDGE ( 'NONE', *, *, #8416, .T. ) ;
#7340 = DIRECTION ( 'NONE',  ( 0.000000000000000000, 0.000000000000000000, -1.000000000000000000 ) ) ;
#7341 = CIRCLE ( 'NONE', #4367, 1.700000000000000178 ) ;
#7342 = ORIENTED_EDGE ( 'NONE', *, *, #5878, .F. ) ;
#7343 = LINE ( 'NONE', #8180, #9164 ) ;
#7344 = PLANE ( 'NONE',  #1722 ) ;
#7345 = CARTESIAN_POINT ( 'NONE',  ( 0.5999999999999998668, 9.000000000000000000, 10.20000000000000107 ) ) ;
#7346 = DIRECTION ( 'NONE',  ( 0.000000000000000000, 0.000000000000000000, 1.000000000000000000 ) ) ;
#7347 = CARTESIAN_POINT ( 'NONE',  ( -9.858538931791278159, 32.48452350954332957, -0.000000000000000000 ) ) ;
#7348 = CC_DESIGN_PERSON_AND_ORGANIZATION_ASSIGNMENT ( #9115, #1458, ( #6072 ) ) ;
#7349 = ORIENTED_EDGE ( 'NONE', *, *, #4123, .T. ) ;
#7350 = AXIS2_PLACEMENT_3D ( 'NONE', #7741, #2666, #2557 ) ;
#7351 = VECTOR ( 'NONE', #7109, 1000.000000000000000 ) ;
#7352 = LINE ( 'NONE', #9917, #8798 ) ;
#7353 = EDGE_LOOP ( 'NONE', ( #9142, #4853, #3336, #2008 ) ) ;
#7354 = CARTESIAN_POINT ( 'NONE',  ( -9.442584738252207899, -0.000000000000000000, 1.343333099006011500 ) ) ;
#7355 = AXIS2_PLACEMENT_3D ( 'NONE', #722, #666, #8369 ) ;
#7356 = EDGE_CURVE ( 'NONE', #3498, #9246, #6867, .T. ) ;
#7357 = LINE ( 'NONE', #5648, #10038 ) ;
#7358 = CARTESIAN_POINT ( 'NONE',  ( 11.68536191144594838, 7.710987493569489537, 11.11449162743906705 ) ) ;
#7359 = APPROVAL_PERSON_ORGANIZATION ( #10095, #9927, #1811 ) ;
#7360 = VECTOR ( 'NONE', #149, 1000.000000000000000 ) ;
#7361 = EDGE_LOOP ( 'NONE', ( #4065, #9865 ) ) ;
#7362 = CARTESIAN_POINT ( 'NONE',  ( 21.36128909900559592, -0.000000000000000000, 13.04297226076161920 ) ) ;
#7363 = EDGE_CURVE ( 'NONE', #298, #2873, #10189, .T. ) ;
#7364 = CIRCLE ( 'NONE', #8262, 14.00000000000000000 ) ;
#7365 = CARTESIAN_POINT ( 'NONE',  ( 12.00000000000000000, 7.000000000000000000, 5.000000000000000000 ) ) ;
#7366 = APPROVAL_ROLE ( '' ) ;
#7367 = APPROVAL_STATUS ( 'not_yet_approved' ) ;
#7368 = ORIENTED_EDGE ( 'NONE', *, *, #514, .F. ) ;
#7369 = ORIENTED_EDGE ( 'NONE', *, *, #8878, .F. ) ;
#7370 = CARTESIAN_POINT ( 'NONE',  ( -20.00000000000000000, -6.000000000000000000, 5.000000000000000000 ) ) ;
#7371 = FACE_OUTER_BOUND ( 'NONE', #1967, .T. ) ;
#7372 = VECTOR ( 'NONE', #2295, 1000.000000000000000 ) ;
#7373 = ADVANCED_FACE ( 'NONE', ( #4163 ), #7523, .F. ) ;
#7374 = LINE ( 'NONE', #4842, #5353 ) ;
#7375 = ORIENTED_EDGE ( 'NONE', *, *, #6631, .T. ) ;
#7376 = PLANE ( 'NONE',  #9349 ) ;
#7377 =( LENGTH_UNIT ( ) NAMED_UNIT ( * ) SI_UNIT ( .MILLI., .METRE. ) );
#7378 = CYLINDRICAL_SURFACE ( 'NONE', #4184, 1.699999999999998401 ) ;
#7379 = COORDINATED_UNIVERSAL_TIME_OFFSET ( 5, 0, .BEHIND. ) ;
#7380 = VECTOR ( 'NONE', #9852, 1000.000000000000000 ) ;
#7381 = ITEM_DEFINED_TRANSFORMATION ( 'NONE', 'NONE', #2435,  #7172 ) ;
#7382 = FACE_OUTER_BOUND ( 'NONE', #4054, .T. ) ;
#7383 = ADVANCED_FACE ( 'NONE', ( #9247 ), #8119, .F. ) ;
#7384 = ADVANCED_FACE ( 'NONE', ( #4594 ), #4755, .F. ) ;
#7385 = ORIENTED_EDGE ( 'NONE', *, *, #9361, .T. ) ;
#7386 = ORIENTED_EDGE ( 'NONE', *, *, #2006, .F. ) ;
#7387 = VECTOR ( 'NONE', #10395, 1000.000000000000000 ) ;
#7388 = ORIENTED_EDGE ( 'NONE', *, *, #4903, .F. ) ;
#7389 = CARTESIAN_POINT ( 'NONE',  ( 19.77491600511588032, -32.29993048876347217, -0.000000000000000000 ) ) ;
#7390 = CARTESIAN_POINT ( 'NONE',  ( 183.0000000000000000, 3.000000000000000000, 83.00000000000000000 ) ) ;
#7391 = DIRECTION ( 'NONE',  ( -0.000000000000000000, 1.000000000000000000, -0.000000000000000000 ) ) ;
#7392 = CARTESIAN_POINT ( 'NONE',  ( 11.32625336758537848, 8.229749050941169486, 10.01924676303362993 ) ) ;
#7393 = CARTESIAN_POINT ( 'NONE',  ( 9.509326000432832160, 10.27740646207855590, 11.14121608963035470 ) ) ;
#7394 = PERSON_AND_ORGANIZATION_ROLE ( 'classification_officer' ) ;
#7395 = SHAPE_DEFINITION_REPRESENTATION ( #2901, #7713 ) ;
#7396 = CLOSED_SHELL ( 'NONE', ( #8823, #9874, #2809, #10252, #3998, #2035 ) ) ;
#7397 = EDGE_CURVE ( 'NONE', #5944, #235, #8792, .T. ) ;
#7398 = ORIENTED_EDGE ( 'NONE', *, *, #8864, .T. ) ;
#7399 = DIRECTION ( 'NONE',  ( -0.000000000000000000, 1.000000000000000000, -0.000000000000000000 ) ) ;
#7400 = ORIENTED_EDGE ( 'NONE', *, *, #2167, .T. ) ;
#7401 = CARTESIAN_POINT ( 'NONE',  ( 35.60000000000000142, 72.50000000000000000, 6.000000000000000000 ) ) ;
#7402 = CARTESIAN_POINT ( 'NONE',  ( -21.65679534101080606, -5.557362060151588068, -0.000000000000000000 ) ) ;
#7403 = FACE_BOUND ( 'NONE', #10026, .T. ) ;
#7404 = PLANE ( 'NONE',  #10196 ) ;
#7405 = VECTOR ( 'NONE', #4806, 1000.000000000000000 ) ;
#7406 = ORIENTED_EDGE ( 'NONE', *, *, #791, .T. ) ;
#7407 = DIRECTION ( 'NONE',  ( -1.000000000000000000, 0.000000000000000000, 0.000000000000000000 ) ) ;
#7408 = ORIENTED_EDGE ( 'NONE', *, *, #7167, .T. ) ;
#7409 = CC_DESIGN_DATE_AND_TIME_ASSIGNMENT ( #5280, #6366, ( #9967 ) ) ;
#7410 = CARTESIAN_POINT ( 'NONE',  ( -9.442469749914611299, -0.000000000000000000, 4.656865068423062581 ) ) ;
#7411 = APPROVAL ( #123, 'ๆช' ) ;
#7412 = ADVANCED_BREP_SHAPE_REPRESENTATION ( '', ( #579, #7172 ), #695 ) ;
#7413 = ORIENTED_EDGE ( 'NONE', *, *, #8743, .T. ) ;
#7414 = CARTESIAN_POINT ( 'NONE',  ( 0.000000000000000000, 0.000000000000000000, 0.000000000000000000 ) ) ;
#7415 = LINE ( 'NONE', #8979, #9418 ) ;
#7416 = ORIENTED_EDGE ( 'NONE', *, *, #8712, .F. ) ;
#7417 = LINE ( 'NONE', #9087, #2604 ) ;
#7418 = DIRECTION ( 'NONE',  ( 0.000000000000000000, 1.000000000000000000, 0.000000000000000000 ) ) ;
#7419 = APPROVAL_ROLE ( '' ) ;
#7420 = EDGE_CURVE ( 'NONE', #2036, #5200, #7177, .T. ) ;
#7421 = DATE_AND_TIME ( #3185, #8189 ) ;
#7422 = EDGE_LOOP ( 'NONE', ( #9607, #8829, #7564, #10270 ) ) ;
#7423 = CARTESIAN_POINT ( 'NONE',  ( -19.14151426980605564, -32.51560493047170297, 0.000000000000000000 ) ) ;
#7424 = LINE ( 'NONE', #7310, #6110 ) ;
#7425 = CARTESIAN_POINT ( 'NONE',  ( 29.34320465898994001, -0.000000000000000000, 20.55736206014979928 ) ) ;
#7426 = ORIENTED_EDGE ( 'NONE', *, *, #4466, .T. ) ;
#7427 = CARTESIAN_POINT ( 'NONE',  ( -10.01759284330493927, 9.783426788352441505, 11.52219807014628472 ) ) ;
#7428 = DIRECTION ( 'NONE',  ( -1.000000000000000000, 0.000000000000000000, 0.000000000000000000 ) ) ;
#7429 = APPROVAL_ROLE ( '' ) ;
#7430 = EDGE_CURVE ( 'NONE', #4161, #1317, #8001, .T. ) ;
#7431 = APPROVAL_ROLE ( '' ) ;
#7432 = ORIENTED_EDGE ( 'NONE', *, *, #9530, .T. ) ;
#7433 = CARTESIAN_POINT ( 'NONE',  ( 2.130521333856785660, 1.498155055651988254, 0.000000000000000000 ) ) ;
#7434 = ORIENTED_EDGE ( 'NONE', *, *, #1167, .T. ) ;
#7435 = ORIENTED_EDGE ( 'NONE', *, *, #9914, .F. ) ;
#7436 = EDGE_LOOP ( 'NONE', ( #7388, #3541, #3897, #202 ) ) ;
#7437 = FACE_OUTER_BOUND ( 'NONE', #7610, .T. ) ;
#7438 = LINE ( 'NONE', #3253, #5767 ) ;
#7439 = CARTESIAN_POINT ( 'NONE',  ( 6.000000000000000000, -1.300000000000000044, -0.09997027095160138099 ) ) ;
#7440 = CARTESIAN_POINT ( 'NONE',  ( 11.45770097412407651, 8.045736335212735568, 9.910949364641039594 ) ) ;
#7441 = DIRECTION ( 'NONE',  ( 1.000000000000000000, 0.000000000000000000, 0.000000000000000000 ) ) ;
#7442 = CALENDAR_DATE ( 2026, 18, 9 ) ;
#7443 = EDGE_CURVE ( 'NONE', #2175, #1791, #7898, .T. ) ;
#7444 = CALENDAR_DATE ( 2026, 18, 9 ) ;
#7445 = EDGE_CURVE ( 'NONE', #5650, #4572, #2114, .T. ) ;
#7446 = AXIS2_PLACEMENT_3D ( 'NONE', #10736, #8077, #7452 ) ;
#7447 = ORIENTED_EDGE ( 'NONE', *, *, #6494, .T. ) ;
#7448 = PLANE ( 'NONE',  #8716 ) ;
#7449 = ORIENTED_EDGE ( 'NONE', *, *, #4937, .F. ) ;
#7450 = DIRECTION ( 'NONE',  ( 0.000000000000000000, 0.000000000000000000, -1.000000000000000000 ) ) ;
#7451 = DIRECTION ( 'NONE',  ( 0.000000000000000000, 1.000000000000000000, 0.000000000000000000 ) ) ;
#7452 = DIRECTION ( 'NONE',  ( 0.000000000000000000, 0.000000000000000000, -1.000000000000000000 ) ) ;
#7453 = DIRECTION ( 'NONE',  ( -1.000000000000000000, 0.000000000000000000, 0.000000000000000000 ) ) ;
#7454 = VECTOR ( 'NONE', #7573, 1000.000000000000000 ) ;
#7455 = CARTESIAN_POINT ( 'NONE',  ( -28.00000000000000000, 0.000000000000000000, 24.00000000000000000 ) ) ;
#7456 = EDGE_CURVE ( 'NONE', #10161, #9156, #497, .T. ) ;
#7457 = ORIENTED_EDGE ( 'NONE', *, *, #5082, .F. ) ;
#7458 = DIRECTION ( 'NONE',  ( 0.000000000000000000, 1.000000000000000000, 0.000000000000000000 ) ) ;
#7459 = VECTOR ( 'NONE', #10147, 1000.000000000000000 ) ;
#7460 = ORIENTED_EDGE ( 'NONE', *, *, #3067, .T. ) ;
#7461 = CARTESIAN_POINT ( 'NONE',  ( -10.69993048876420794, 0.000000000000000000, 2.774916005113179818 ) ) ;
#7462 = ORIENTED_EDGE ( 'NONE', *, *, #3518, .T. ) ;
#7463 = LINE ( 'NONE', #3278, #4907 ) ;
#7464 = DIRECTION ( 'NONE',  ( -0.000000000000000000, -1.000000000000000000, -0.000000000000000000 ) ) ;
#7465 = ORIENTED_EDGE ( 'NONE', *, *, #7972, .T. ) ;
#7466 = VERTEX_POINT ( 'NONE', #3915 ) ;
#7467 = DIRECTION ( 'NONE',  ( 0.000000000000000000, 0.000000000000000000, -1.000000000000000000 ) ) ;
#7468 = CARTESIAN_POINT ( 'NONE',  ( 32.48452350954332957, 49.85853893179090335, -0.000000000000000000 ) ) ;
#7469 = SHAPE_DEFINITION_REPRESENTATION ( #2483, #5738 ) ;
#7470 = ORIENTED_EDGE ( 'NONE', *, *, #9975, .F. ) ;
#7471 = CC_DESIGN_DATE_AND_TIME_ASSIGNMENT ( #321, #5277, ( #5560 ) ) ;
#7472 = ITEM_DEFINED_TRANSFORMATION ( 'NONE', 'NONE', #10375,  #7172 ) ;
#7473 = LINE ( 'NONE', #5049, #1751 ) ;
#7474 = CARTESIAN_POINT ( 'NONE',  ( -24.30000000000000071, -45.00000000000000000, 0.000000000000000000 ) ) ;
#7475 = CARTESIAN_POINT ( 'NONE',  ( 0.000000000000000000, 0.000000000000000000, 2.000000000000000000 ) ) ;
#7476 = ORGANIZATION ( 'NAUO-ORG15', 'UNSPECIFIED', 'UNSPECIFIED' ) ;
#7477 = EDGE_LOOP ( 'NONE', ( #7078, #4925, #10088, #6924 ) ) ;
#7478 = CARTESIAN_POINT ( 'NONE',  ( -9.291948759307684824, 10.47216675020139931, 9.141253131056851444 ) ) ;
#7479 = CARTESIAN_POINT ( 'NONE',  ( -2.600069548653550999, -0.3444314227433182829, 0.000000000000000000 ) ) ;
#7480 = APPROVAL_DATE_TIME ( #6491, #6459 ) ;
#7481 = EDGE_CURVE ( 'NONE', #6581, #1007, #10562, .T. ) ;
#7482 = APPROVAL_DATE_TIME ( #4848, #7210 ) ;
#7483 = PRODUCT_DEFINITION_SHAPE ( 'NONE', 'NONE',  #10898 ) ;
#7484 = APPROVAL_PERSON_ORGANIZATION ( #10664, #9866, #3971 ) ;
#7485 = DIRECTION ( 'NONE',  ( 0.000000000000000000, 0.000000000000000000, 1.000000000000000000 ) ) ;
#7486 = ORIENTED_EDGE ( 'NONE', *, *, #9291, .F. ) ;
#7487 = VERTEX_POINT ( 'NONE', #3867 ) ;
#7488 = EDGE_CURVE ( 'NONE', #3649, #1861, #5511, .T. ) ;
#7489 = VERTEX_POINT ( 'NONE', #9677 ) ;
#7490 = CARTESIAN_POINT ( 'NONE',  ( 31.00000000000000000, 49.00000000000000000, 5.000000000000000000 ) ) ;
#7491 = DIRECTION ( 'NONE',  ( -1.000000000000000000, 0.000000000000000000, 0.000000000000000000 ) ) ;
#7492 = CARTESIAN_POINT ( 'NONE',  ( 0.000000000000000000, 72.50000000000000000, 0.000000000000000000 ) ) ;
#7493 = LOCAL_TIME ( 6, 20, 33.00000000000000000, #6661 ) ;
#7494 = CARTESIAN_POINT ( 'NONE',  ( 0.000000000000000000, 0.000000000000000000, 0.000000000000000000 ) ) ;
#7495 = CARTESIAN_POINT ( 'NONE',  ( 9.028379520031956318, 10.69992351637305283, 10.13505688321050791 ) ) ;
#7496 = APPROVAL_STATUS ( 'not_yet_approved' ) ;
#7497 = PERSON_AND_ORGANIZATION ( #6743, #3319 ) ;
#7498 = APPROVAL_PERSON_ORGANIZATION ( #3435, #6525, #5138 ) ;
#7499 = VECTOR ( 'NONE', #6332, 1000.000000000000000 ) ;
#7500 = ORIENTED_EDGE ( 'NONE', *, *, #4799, .T. ) ;
#7501 = CARTESIAN_POINT ( 'NONE',  ( 12.00000000000000000, -7.000000000000000000, 15.00000000000000000 ) ) ;
#7502 = EDGE_CURVE ( 'NONE', #6061, #10682, #5408, .T. ) ;
#7503 = VERTEX_POINT ( 'NONE', #520 ) ;
#7504 = DIRECTION ( 'NONE',  ( -0.000000000000000000, -1.000000000000000000, -0.000000000000000000 ) ) ;
#7505 = DIRECTION ( 'NONE',  ( -0.000000000000000000, -0.000000000000000000, -1.000000000000000000 ) ) ;
#7506 = DIRECTION ( 'NONE',  ( 1.000000000000000000, -0.000000000000000000, 0.000000000000000000 ) ) ;
#7507 = EDGE_CURVE ( 'NONE', #2873, #298, #5589, .T. ) ;
#7508 = CC_DESIGN_APPROVAL ( #3172, ( #6980 ) ) ;
#7509 = CARTESIAN_POINT ( 'NONE',  ( -12.00000000000000000, -12.00000000000000000, 20.00000000000000000 ) ) ;
#7510 = ORIENTED_EDGE ( 'NONE', *, *, #593, .F. ) ;
#7511 = VECTOR ( 'NONE', #9346, 1000.000000000000000 ) ;
#7512 = CIRCLE ( 'NONE', #140, 5.799999999999999822 ) ;
#7513 = VERTEX_POINT ( 'NONE', #2276 ) ;
#7514 = DIRECTION ( 'NONE',  ( 1.000000000000000000, 0.000000000000000000, 0.000000000000000000 ) ) ;
#7515 = LOCAL_TIME ( 6, 20, 33.00000000000000000, #5340 ) ;
#7516 = VECTOR ( 'NONE', #7467, 1000.000000000000000 ) ;
#7517 = EDGE_CURVE ( 'NONE', #5258, #7041, #5568, .T. ) ;
#7518 = ORIENTED_EDGE ( 'NONE', *, *, #4344, .F. ) ;
#7519 = FACE_BOUND ( 'NONE', #3991, .T. ) ;
#7520 = CARTESIAN_POINT ( 'NONE',  ( 118.3810499613777267, -11.00000000000000000, 6.000000000000000000 ) ) ;
#7521 = EDGE_CURVE ( 'NONE', #9833, #4105, #9009, .T. ) ;
#7522 = EDGE_LOOP ( 'NONE', ( #625, #1685 ) ) ;
#7523 = CYLINDRICAL_SURFACE ( 'NONE', #5412, 1.700000000000000178 ) ;
#7524 = CIRCLE ( 'NONE', #1201, 14.00000000000000000 ) ;
#7525 = VECTOR ( 'NONE', #8894, 1000.000000000000000 ) ;
#7526 = CARTESIAN_POINT ( 'NONE',  ( 0.000000000000000000, 0.000000000000000000, 2.000000000000000000 ) ) ;
#7527 = AXIS2_PLACEMENT_3D ( 'NONE', #2314, #6544, #3242 ) ;
#7528 = ITEM_DEFINED_TRANSFORMATION ( 'NONE', 'NONE', #2259,  #7172 ) ;
#7529 = AXIS2_PLACEMENT_3D ( 'NONE', #10739, #8185, #3166 ) ;
#7530 = CARTESIAN_POINT ( 'NONE',  ( 22.00000000000000000, 84.00000000000000000, 0.000000000000000000 ) ) ;
#7531 = CARTESIAN_POINT ( 'NONE',  ( -12.00000000000000000, -7.000000000000000000, 16.69999999999999929 ) ) ;
#7532 = VECTOR ( 'NONE', #4948, 1000.000000000000000 ) ;
#7533 = CARTESIAN_POINT ( 'NONE',  ( -7.700000000000000178, 0.000000000000000000, 0.000000000000000000 ) ) ;
#7534 = CC_DESIGN_DATE_AND_TIME_ASSIGNMENT ( #4647, #356, ( #6980 ) ) ;
#7535 = ORIENTED_EDGE ( 'NONE', *, *, #3131, .F. ) ;
#7536 = DIRECTION ( 'NONE',  ( 1.000000000000000000, 0.000000000000000000, 0.000000000000000000 ) ) ;
#7537 = CARTESIAN_POINT ( 'NONE',  ( -5.799999999999999822, 70.00000000000000000, 5.200000000000000178 ) ) ;
#7538 = SECURITY_CLASSIFICATION ( '', '', #4891 ) ;
#7539 = APPROVAL_DATE_TIME ( #5934, #7264 ) ;
#7540 = DIRECTION ( 'NONE',  ( -0.000000000000000000, -0.000000000000000000, 1.000000000000000000 ) ) ;
#7541 = VECTOR ( 'NONE', #10532, 1000.000000000000000 ) ;
#7542 = VECTOR ( 'NONE', #6650, 1000.000000000000000 ) ;
#7543 = ITEM_DEFINED_TRANSFORMATION ( 'NONE', 'NONE', #5241,  #7172 ) ;
#7544 = VECTOR ( 'NONE', #539, 1000.000000000000000 ) ;
#7545 = CYLINDRICAL_SURFACE ( 'NONE', #3988, 2.500000000000000000 ) ;
#7546 = ORIENTED_EDGE ( 'NONE', *, *, #10843, .F. ) ;
#7547 = APPROVAL ( #9843, 'ๆช' ) ;
#7548 = CC_DESIGN_DATE_AND_TIME_ASSIGNMENT ( #9899, #8172, ( #79 ) ) ;
#7549 = ADVANCED_BREP_SHAPE_REPRESENTATION ( '', ( #4269, #7172 ), #8602 ) ;
#7550 = EDGE_LOOP ( 'NONE', ( #1616, #2684 ) ) ;
#7551 = ORIENTED_EDGE ( 'NONE', *, *, #6495, .F. ) ;
#7552 = FACE_OUTER_BOUND ( 'NONE', #4773, .T. ) ;
#7553 = CARTESIAN_POINT ( 'NONE',  ( -24.30000000000000071, 57.00000000000000000, 5.000000000000000000 ) ) ;
#7554 = CARTESIAN_POINT ( 'NONE',  ( 0.000000000000000000, 0.000000000000000000, 0.000000000000000000 ) ) ;
#7555 = FACE_OUTER_BOUND ( 'NONE', #5168, .T. ) ;
#7556 = AXIS2_PLACEMENT_3D ( 'NONE', #7909, #2888, #1293 ) ;
#7557 = CARTESIAN_POINT ( 'NONE',  ( 10.72380529476361488, 9.000000000000204281, 11.70000000000065477 ) ) ;
#7558 = DATE_TIME_ROLE ( 'classification_date' ) ;
#7559 = APPROVAL_DATE_TIME ( #6559, #9178 ) ;
#7560 = EDGE_CURVE ( 'NONE', #4247, #8205, #8844, .T. ) ;
#7561 = VECTOR ( 'NONE', #8830, 1000.000000000000000 ) ;
#7562 = EDGE_LOOP ( 'NONE', ( #10052, #7980 ) ) ;
#7563 = CARTESIAN_POINT ( 'NONE',  ( 43.00000000000000000, 0.000000000000000000, 6.000000000000000000 ) ) ;
#7564 = ORIENTED_EDGE ( 'NONE', *, *, #732, .T. ) ;
#7565 = PLANE ( 'NONE',  #1231 ) ;
#7566 = LINE ( 'NONE', #6732, #10185 ) ;
#7567 = CARTESIAN_POINT ( 'NONE',  ( -9.000000000000000000, 8.000000000000000000, 22.70000000000000284 ) ) ;
#7568 = COORDINATED_UNIVERSAL_TIME_OFFSET ( 5, 0, .BEHIND. ) ;
#7569 = FACE_BOUND ( 'NONE', #8942, .T. ) ;
#7570 = ORIENTED_EDGE ( 'NONE', *, *, #3482, .F. ) ;
#7571 = EDGE_CURVE ( 'NONE', #7003, #6816, #6645, .T. ) ;
#7572 = ORIENTED_EDGE ( 'NONE', *, *, #8310, .T. ) ;
#7573 = DIRECTION ( 'NONE',  ( 1.000000000000000000, -0.000000000000000000, 0.000000000000000000 ) ) ;
#7574 = APPROVAL_PERSON_ORGANIZATION ( #10198, #4045, #9415 ) ;
#7575 = ORIENTED_EDGE ( 'NONE', *, *, #9465, .F. ) ;
#7576 = LINE ( 'NONE', #10302, #6662 ) ;
#7577 = CYLINDRICAL_SURFACE ( 'NONE', #10482, 14.00000000000000000 ) ;
#7578 = ORIENTED_EDGE ( 'NONE', *, *, #1140, .T. ) ;
#7579 = CLOSED_SHELL ( 'NONE', ( #1782, #1991, #2732, #3729, #8539, #6843 ) ) ;
#7580 = DIRECTION ( 'NONE',  ( -0.000000000000000000, 1.000000000000000000, 0.000000000000000000 ) ) ;
#7581 = CARTESIAN_POINT ( 'NONE',  ( -8.141461068210002594, -0.000000000000000000, 22.48452350954385892 ) ) ;
#7582 = APPLICATION_CONTEXT ( 'configuration controlled 3d designs of mechanical parts and assemblies' ) ;
#7583 = APPROVAL_STATUS ( 'not_yet_approved' ) ;
#7584 = EDGE_CURVE ( 'NONE', #2284, #32, #6225, .T. ) ;
#7585 = EDGE_CURVE ( 'NONE', #9296, #3371, #2931, .T. ) ;
#7586 = DIRECTION ( 'NONE',  ( 0.000000000000000000, 0.000000000000000000, 1.000000000000000000 ) ) ;
#7587 = CARTESIAN_POINT ( 'NONE',  ( -21.70006951123578887, -34.22508399488664566, 0.000000000000000000 ) ) ;
#7588 = DIRECTION ( 'NONE',  ( -1.000000000000000000, 0.000000000000000000, 0.000000000000000000 ) ) ;
#7589 = ORIENTED_EDGE ( 'NONE', *, *, #5670, .F. ) ;
#7590 = CARTESIAN_POINT ( 'NONE',  ( 3.000000000000000000, 27.50000000000000000, 83.00000000000000000 ) ) ;
#7591 = CARTESIAN_POINT ( 'NONE',  ( -19.00000000000000000, 9.000000000000000000, 8.300000000000000711 ) ) ;
#7592 = PERSON_AND_ORGANIZATION_ROLE ( 'classification_officer' ) ;
#7593 = CARTESIAN_POINT ( 'NONE',  ( -21.48439506952757228, 0.000000000000000000, 11.14151426980747850 ) ) ;
#7594 = ITEM_DEFINED_TRANSFORMATION ( 'NONE', 'NONE', #6117,  #7172 ) ;
#7595 = EDGE_CURVE ( 'NONE', #2220, #7717, #3041, .T. ) ;
#7596 = MANIFOLD_SOLID_BREP ( 'Servo_stand_relief_W8_H58', #8292 ) ;
#7597 = DIRECTION ( 'NONE',  ( 0.000000000000000000, 0.000000000000000000, -1.000000000000000000 ) ) ;
#7598 = ORIENTED_EDGE ( 'NONE', *, *, #5005, .F. ) ;
#7599 = ORIENTED_EDGE ( 'NONE', *, *, #2813, .T. ) ;
#7600 = VERTEX_POINT ( 'NONE', #1666 ) ;
#7601 = CARTESIAN_POINT ( 'NONE',  ( 27.69999999999999929, -45.00000000000000000, -1.200000000000000030E-05 ) ) ;
#7602 = DIRECTION ( 'NONE',  ( -0.000000000000000000, -0.000000000000000000, -1.000000000000000000 ) ) ;
#7603 = DIRECTION ( 'NONE',  ( 1.000000000000000000, 0.000000000000000000, 0.000000000000000000 ) ) ;
#7604 = DIRECTION ( 'NONE',  ( -0.000000000000000000, -0.000000000000000000, -1.000000000000000000 ) ) ;
#7605 = CARTESIAN_POINT ( 'NONE',  ( 32.36128909900611461, 29.95702773923966333, -0.000000000000000000 ) ) ;
#7606 = COORDINATED_UNIVERSAL_TIME_OFFSET ( 5, 0, .BEHIND. ) ;
#7607 = APPROVAL_STATUS ( 'not_yet_approved' ) ;
#7608 = APPROVAL ( #7583, 'UNKNOWN' ) ;
#7609 = CC_DESIGN_PERSON_AND_ORGANIZATION_ASSIGNMENT ( #2756, #4198, ( #4328 ) ) ;
#7610 = EDGE_LOOP ( 'NONE', ( #5026, #7136, #6885, #8052 ) ) ;
#7611 = PLANE ( 'NONE',  #256 ) ;
#7612 = MANIFOLD_SOLID_BREP ( 'Clamp_crossbolt_M3', #3006 ) ;
#7613 = EDGE_LOOP ( 'NONE', ( #3851, #8441 ) ) ;
#7614 = CARTESIAN_POINT ( 'NONE',  ( 6.000000000000000000, -1.300000000000000044, -0.09997027095160138099 ) ) ;
#7615 = CARTESIAN_POINT ( 'NONE',  ( 31.85853893179215746, -0.000000000000000000, 4.484523509542805542 ) ) ;
#7616 = PLANE ( 'NONE',  #4023 ) ;
#7617 = CARTESIAN_POINT ( 'NONE',  ( 35.00000000000000000, 39.99999999999999289, 48.00000000000000000 ) ) ;
#7618 = PLANE ( 'NONE',  #7350 ) ;
#7619 = VECTOR ( 'NONE', #6456, 1000.000000000000000 ) ;
#7620 = ORIENTED_EDGE ( 'NONE', *, *, #8784, .F. ) ;
#7621 = EDGE_CURVE ( 'NONE', #3101, #5091, #4197, .T. ) ;
#7622 = ORIENTED_EDGE ( 'NONE', *, *, #2917, .T. ) ;
#7623 = DIRECTION ( 'NONE',  ( -0.000000000000000000, -1.000000000000000000, -0.000000000000000000 ) ) ;
#7624 = ORIENTED_EDGE ( 'NONE', *, *, #9957, .F. ) ;
#7625 = CARTESIAN_POINT ( 'NONE',  ( 0.000000000000000000, 0.000000000000000000, 40.00000000000000000 ) ) ;
#7626 = DIRECTION ( 'NONE',  ( -0.000000000000000000, -1.000000000000000000, -0.000000000000000000 ) ) ;
#7627 = LINE ( 'NONE', #5975, #5707 ) ;
#7628 = AXIS2_PLACEMENT_3D ( 'NONE', #10456, #5418, #3874 ) ;
#7630 = EDGE_CURVE ( 'NONE', #8915, #1486, #1206, .T. ) ;
#7629 = ORIENTED_EDGE ( 'NONE', *, *, #9328, .F. ) ;
#7631 = DIRECTION ( 'NONE',  ( -0.000000000000000000, -0.000000000000000000, 1.000000000000000000 ) ) ;
#7632 = CARTESIAN_POINT ( 'NONE',  ( -20.00000000000000000, -12.00000000000000000, 2.000000000000000000 ) ) ;
#7633 = CONTEXT_DEPENDENT_SHAPE_REPRESENTATION ( #266, #1516 ) ;
#7634 = VECTOR ( 'NONE', #4144, 1000.000000000000000 ) ;
#7635 = CARTESIAN_POINT ( 'NONE',  ( 12.00000000000000000, -7.000000000000000000, 5.000000000000000000 ) ) ;
#7636 = CARTESIAN_POINT ( 'NONE',  ( -14.00000000000000000, 0.000000000000000000, 0.000000000000000000 ) ) ;
#7637 = CARTESIAN_POINT ( 'NONE',  ( 31.00000000000000000, -6.000000000000000152E-06, 22.70000000000000284 ) ) ;
#7639 = EDGE_CURVE ( 'NONE', #1791, #4014, #9059, .T. ) ;
#7638 = ORIENTED_EDGE ( 'NONE', *, *, #9567, .F. ) ;
#7640 = CARTESIAN_POINT ( 'NONE',  ( -7.957126042969687063, 0.000000000000000000, 4.361190795271370213 ) ) ;
#7641 = EDGE_CURVE ( 'NONE', #7158, #6531, #8954, .T. ) ;
#7642 = VECTOR ( 'NONE', #7464, 1000.000000000000000 ) ;
#7643 = SECURITY_CLASSIFICATION ( '', '', #5618 ) ;
#7644 = LINE ( 'NONE', #7591, #6452 ) ;
#7645 = SECURITY_CLASSIFICATION_LEVEL ( 'unclassified' ) ;
#7646 = DIRECTION ( 'NONE',  ( -0.000000000000000000, -1.000000000000000000, -0.000000000000000000 ) ) ;
#7647 = SECURITY_CLASSIFICATION_LEVEL ( 'unclassified' ) ;
#7648 = DIRECTION ( 'NONE',  ( 0.000000000000000000, 0.000000000000000000, 1.000000000000000000 ) ) ;
#7649 = APPROVAL_PERSON_ORGANIZATION ( #5328, #6934, #9649 ) ;
#7650 = VERTEX_POINT ( 'NONE', #630 ) ;
#7651 = VERTEX_POINT ( 'NONE', #9114 ) ;
#7652 = ORIENTED_EDGE ( 'NONE', *, *, #6112, .F. ) ;
#7654 = EDGE_CURVE ( 'NONE', #4827, #5069, #1566, .T. ) ;
#7653 = VERTEX_POINT ( 'NONE', #1623 ) ;
#7655 = DIRECTION ( 'NONE',  ( -0.000000000000000000, -0.000000000000000000, 1.000000000000000000 ) ) ;
#7656 = LINE ( 'NONE', #10826, #6824 ) ;
#7657 = DIRECTION ( 'NONE',  ( -1.000000000000000000, -1.776356839400250465E-15, 0.000000000000000000 ) ) ;
#7658 = EDGE_CURVE ( 'NONE', #3247, #1256, #9052, .T. ) ;
#7659 = CARTESIAN_POINT ( 'NONE',  ( 0.5999999999999998668, 9.000000000000000000, 10.00000000000000000 ) ) ;
#7660 = LINE ( 'NONE', #121, #2779 ) ;
#7661 = COORDINATED_UNIVERSAL_TIME_OFFSET ( 5, 0, .BEHIND. ) ;
#7662 = LOCAL_TIME ( 6, 20, 33.00000000000000000, #6444 ) ;
#7663 = COORDINATED_UNIVERSAL_TIME_OFFSET ( 5, 0, .BEHIND. ) ;
#7664 = VERTEX_POINT ( 'NONE', #4087 ) ;
#7665 = LINE ( 'NONE', #1070, #4398 ) ;
#7666 = VERTEX_POINT ( 'NONE', #5889 ) ;
#7667 = CARTESIAN_POINT ( 'NONE',  ( 31.60000000000000142, 72.50000000000000000, 6.000000000000000000 ) ) ;
#7668 = LOCAL_TIME ( 6, 20, 33.00000000000000000, #4253 ) ;
#7669 = MANIFOLD_SOLID_BREP ( 'Purchased_steel_shaft_D5_L68_NOT_PRINT', #10418 ) ;
#7670 = ORIENTED_EDGE ( 'NONE', *, *, #534, .F. ) ;
#7671 = FACE_OUTER_BOUND ( 'NONE', #10511, .T. ) ;
#7672 = CARTESIAN_POINT ( 'NONE',  ( -10.69999999999999929, 49.00000000000000000, -6.000000000000000152E-06 ) ) ;
#7673 = CARTESIAN_POINT ( 'NONE',  ( 0.000000000000000000, 0.000000000000000000, 12.00000000000000000 ) ) ;
#7674 = APPROVAL ( #3754, 'ๆช' ) ;
#7675 = DIRECTION ( 'NONE',  ( 0.000000000000000000, 0.000000000000000000, 1.000000000000000000 ) ) ;
#7676 = CARTESIAN_POINT ( 'NONE',  ( 30.50000000000000000, 10.00000000000000000, 39.50000000000000000 ) ) ;
#7677 = CALENDAR_DATE ( 2026, 18, 9 ) ;
#7678 = ORIENTED_EDGE ( 'NONE', *, *, #1800, .T. ) ;
#7679 = LOCAL_TIME ( 6, 20, 33.00000000000000000, #5967 ) ;
#7680 = ORIENTED_EDGE ( 'NONE', *, *, #3607, .T. ) ;
#7681 = PLANE ( 'NONE',  #3059 ) ;
#7682 = ORIENTED_EDGE ( 'NONE', *, *, #7099, .F. ) ;
#7683 = CARTESIAN_POINT ( 'NONE',  ( -20.00000000000000000, 12.00000000000000000, 2.000000000000000000 ) ) ;
#7684 = CARTESIAN_POINT ( 'NONE',  ( -18.63880920472979241, 0.000000000000000000, 10.95712604296852177 ) ) ;
#7685 = CARTESIAN_POINT ( 'NONE',  ( 0.5999999999999999778, 18.99052395275075256, 0.000000000000000000 ) ) ;
#7686 = LOCAL_TIME ( 6, 20, 33.00000000000000000, #6152 ) ;
#7687 = PRODUCT_DEFINITION ( 'ๆ', '', #6097, #6809 ) ;
#7688 = B_SPLINE_CURVE_WITH_KNOTS ( 'NONE', 3,
 ( #10020, #6013, #4263, #7615, #74, #1794, #5185, #852, #26, #8509, #954, #7738, #3488, #6850, #6623, #5800, #1630, #4975 ),
 .UNSPECIFIED., .F., .F.,
 ( 4, 2, 2, 2, 2, 2, 2, 2, 4 ),
 ( -3.330669073875469621E-16, 0.06249999999999975020, 0.1249999999999998335, 0.1874999999999999167, 0.2500000000000000000, 0.3125000000000001110, 0.3750000000000001665, 0.4375000000000002220, 0.5000000000000003331 ),
 .UNSPECIFIED. ) ;
#7689 = ORIENTED_EDGE ( 'NONE', *, *, #10520, .F. ) ;
#7690 = DIRECTION ( 'NONE',  ( 0.000000000000000000, 0.000000000000000000, 1.000000000000000000 ) ) ;
#7691 = DIRECTION ( 'NONE',  ( 1.000000000000000000, 0.000000000000000000, 0.000000000000000000 ) ) ;
#7692 = CONTEXT_DEPENDENT_SHAPE_REPRESENTATION ( #828, #10769 ) ;
#7693 = CC_DESIGN_APPROVAL ( #342, ( #2294 ) ) ;
#7694 = UNCERTAINTY_MEASURE_WITH_UNIT (LENGTH_MEASURE( 1.000000000000000082E-05 ), #4606, 'distance_accuracy_value', 'NONE');
#7695 = EDGE_CURVE ( 'NONE', #10268, #10074, #3256, .T. ) ;
#7696 = CYLINDRICAL_SURFACE ( 'NONE', #8573, 1.700000000000000178 ) ;
#7697 = DIRECTION ( 'NONE',  ( 0.000000000000000000, 1.000000000000000000, 0.000000000000000000 ) ) ;
#7698 = CARTESIAN_POINT ( 'NONE',  ( -11.77713143436211141, 7.570080073119063613, 9.073250404111556477 ) ) ;
#7699 = VECTOR ( 'NONE', #9792, 1000.000000000000000 ) ;
#7700 = VECTOR ( 'NONE', #5615, 1000.000000000000000 ) ;
#7701 = ORIENTED_EDGE ( 'NONE', *, *, #4641, .F. ) ;
#7702 = CARTESIAN_POINT ( 'NONE',  ( -7.638809204729263058, 0.000000000000000000, 1.957126042969049795 ) ) ;
#7703 = CIRCLE ( 'NONE', #3127, 5.799999999999999822 ) ;
#7704 = CARTESIAN_POINT ( 'NONE',  ( -28.00000000000000000, 0.000000000000000000, 24.00000000000000000 ) ) ;
#7705 = PERSON_AND_ORGANIZATION ( #6743, #3319 ) ;
#7706 = DIRECTION ( 'NONE',  ( 0.000000000000000000, 0.000000000000000000, 1.000000000000000000 ) ) ;
#7707 = COORDINATED_UNIVERSAL_TIME_OFFSET ( 5, 0, .BEHIND. ) ;
#7708 = AXIS2_PLACEMENT_3D ( 'NONE', #7093, #5228, #2811 ) ;
#7709 = AXIS2_PLACEMENT_3D ( 'NONE', #6627, #8512, #5852 ) ;
#7710 = VECTOR ( 'NONE', #6810, 1000.000000000000000 ) ;
#7711 = MANIFOLD_SOLID_BREP ( 'Coupler_clamp_M3', #7049 ) ;
#7712 = ADVANCED_FACE ( 'NONE', ( #6613 ), #10881, .F. ) ;
#7713 = SHAPE_REPRESENTATION ( 'V2_REF_wheel_D60', ( #7172 ), #1021 ) ;
#7714 = DIRECTION ( 'NONE',  ( -1.000000000000000000, 0.000000000000000000, 0.000000000000000000 ) ) ;
#7715 = AXIS2_PLACEMENT_3D ( 'NONE', #9614, #3751, #352 ) ;
#7716 = VERTEX_POINT ( 'NONE', #4807 ) ;
#7717 = VERTEX_POINT ( 'NONE', #9223 ) ;
#7718 = AXIS2_PLACEMENT_3D ( 'NONE', #1823, #1772, #7648 ) ;
#7719 = VERTEX_POINT ( 'NONE', #8171 ) ;
#7720 = DIRECTION ( 'NONE',  ( 1.000000000000000000, 0.000000000000000000, 0.000000000000000000 ) ) ;
#7721 = CARTESIAN_POINT ( 'NONE',  ( 21.69999999999999574, -6.225615804907351780, -0.000000000000000000 ) ) ;
#7722 = AXIS2_PLACEMENT_3D ( 'NONE', #4778, #3936, #7297 ) ;
#7723 = AXIS2_PLACEMENT_3D ( 'NONE', #1814, #6920, #6084 ) ;
#7724 = CARTESIAN_POINT ( 'NONE',  ( 2.600000000000000089, 0.000000000000000000, -6.000000000000000152E-06 ) ) ;
#7725 = FACE_OUTER_BOUND ( 'NONE', #10468, .T. ) ;
#7726 = MECHANICAL_CONTEXT ( 'NONE', #9565, 'mechanical' ) ;
#7727 = CIRCLE ( 'NONE', #8791, 1.700000000000000178 ) ;
#7728 = COORDINATED_UNIVERSAL_TIME_OFFSET ( 5, 0, .BEHIND. ) ;
#7729 = EDGE_CURVE ( 'NONE', #9435, #9608, #8249, .T. ) ;
#7730 = EDGE_CURVE ( 'NONE', #6828, #9460, #9898, .T. ) ;
#7731 = CARTESIAN_POINT ( 'NONE',  ( -0.5999999999999999778, 2.200000000000000178, -0.09997027095160138099 ) ) ;
#7732 = ORIENTED_EDGE ( 'NONE', *, *, #4091, .F. ) ;
#7733 = CARTESIAN_POINT ( 'NONE',  ( 0.000000000000000000, 0.000000000000000000, 8.000000000000000000 ) ) ;
#7734 = MANIFOLD_SOLID_BREP ( 'Servo_foot_M3', #6513 ) ;
#7735 = VECTOR ( 'NONE', #10744, 1000.000000000000000 ) ;
#7736 = EDGE_LOOP ( 'NONE', ( #3171, #3785, #5682, #2459 ) ) ;
#7737 = FACE_OUTER_BOUND ( 'NONE', #388, .T. ) ;
#7738 = CARTESIAN_POINT ( 'NONE',  ( 32.48452350954332246, -0.000000000000000000, 2.141461068209105978 ) ) ;
#7739 = FACE_OUTER_BOUND ( 'NONE', #6845, .T. ) ;
#7740 = CARTESIAN_POINT ( 'NONE',  ( 105.2679491933831315, 235.7076581445770387, -29.00000000000000000 ) ) ;
#7741 = CARTESIAN_POINT ( 'NONE',  ( 0.000000000000000000, 0.000000000000000000, 149.0000000000000000 ) ) ;
#7742 = DATE_AND_TIME ( #3018, #8754 ) ;
#7743 = ORIENTED_EDGE ( 'NONE', *, *, #900, .T. ) ;
#7744 = AXIS2_PLACEMENT_3D ( 'NONE', #6064, #1734, #5246 ) ;
#7745 = EDGE_CURVE ( 'NONE', #8272, #9748, #7660, .T. ) ;
#7746 = ORIENTED_EDGE ( 'NONE', *, *, #5684, .F. ) ;
#7747 = CARTESIAN_POINT ( 'NONE',  ( 31.60000000000000142, 62.50000000000000000, -1.200000000000000030E-05 ) ) ;
#7748 = VERTEX_POINT ( 'NONE', #3474 ) ;
#7749 = CARTESIAN_POINT ( 'NONE',  ( -6.000000000000000000, 1.300000000000000044, 16.00000000000000000 ) ) ;
#7750 = CARTESIAN_POINT ( 'NONE',  ( -12.30000000000000071, 70.00000000000000000, -6.000000000000000152E-06 ) ) ;
#7751 = LINE ( 'NONE', #3555, #10819 ) ;
#7752 = VECTOR ( 'NONE', #5999, 1000.000000000000000 ) ;
#7753 = CARTESIAN_POINT ( 'NONE',  ( 11.68311043139274830, 7.714395407957672646, 7.381677801039299602 ) ) ;
#7754 = DIRECTION ( 'NONE',  ( 1.000000000000000000, 0.000000000000000000, 0.000000000000000000 ) ) ;
#7755 = APPROVAL_DATE_TIME ( #3085, #6597 ) ;
#7756 = CC_DESIGN_PERSON_AND_ORGANIZATION_ASSIGNMENT ( #10198, #6807, ( #1085 ) ) ;
#7757 = CC_DESIGN_PERSON_AND_ORGANIZATION_ASSIGNMENT ( #4310, #1667, ( #3976 ) ) ;
#7758 = CARTESIAN_POINT ( 'NONE',  ( -20.00000000000000000, -1.200000000000000030E-05, 12.00000000000000000 ) ) ;
#7759 = CARTESIAN_POINT ( 'NONE',  ( -21.48452350954385537, -34.85853893178963148, -0.000000000000000000 ) ) ;
#7760 = AXIS2_PLACEMENT_3D ( 'NONE', #10779, #838, #4196 ) ;
#7761 = DIRECTION ( 'NONE',  ( 0.000000000000000000, 0.000000000000000000, -1.000000000000000000 ) ) ;
#7762 = VERTEX_POINT ( 'NONE', #1781 ) ;
#7763 = LINE ( 'NONE', #7590, #4760 ) ;
#7764 = CARTESIAN_POINT ( 'NONE',  ( -10.72380529476361133, 9.000000000000000000, 6.800000000000000711 ) ) ;
#7765 = CARTESIAN_POINT ( 'NONE',  ( -0.3444314227433193376, -2.599930451346447846, 0.000000000000000000 ) ) ;
#7766 = EDGE_CURVE ( 'NONE', #142, #7081, #10255, .T. ) ;
#7767 = DATE_TIME_ROLE ( 'creation_date' ) ;
#7768 = FACE_OUTER_BOUND ( 'NONE', #440, .T. ) ;
#7769 = PERSON_AND_ORGANIZATION ( #844, #3072 ) ;
#7770 = CARTESIAN_POINT ( 'NONE',  ( 0.000000000000000000, -45.00000000000000000, -0.000000000000000000 ) ) ;
#7771 = EDGE_LOOP ( 'NONE', ( #3773, #5798, #7598, #3682 ) ) ;
#7772 = ORIENTED_EDGE ( 'NONE', *, *, #9292, .T. ) ;
#7773 = EDGE_LOOP ( 'NONE', ( #992, #5622, #1636, #9054 ) ) ;
#7774 = DIRECTION ( 'NONE',  ( 0.000000000000000000, 0.000000000000000000, 1.000000000000000000 ) ) ;
#7775 = CARTESIAN_POINT ( 'NONE',  ( 21.04287395703095598, -7.361190795270736942, 0.000000000000000000 ) ) ;
#7776 = CARTESIAN_POINT ( 'NONE',  ( 0.6000001017321888730, 2.529941645714209653, -8.999999999999988370E-06 ) ) ;
#7777 = CARTESIAN_POINT ( 'NONE',  ( -12.00000000000000000, -12.00000000000000000, 20.00000000000000000 ) ) ;
#7778 = EDGE_CURVE ( 'NONE', #2822, #4801, #8448, .T. ) ;
#7779 = SHAPE_DEFINITION_REPRESENTATION ( #447, #195 ) ;
#7780 = CALENDAR_DATE ( 2026, 18, 9 ) ;
#7781 = PLANE ( 'NONE',  #8438 ) ;
#7782 = ORIENTED_EDGE ( 'NONE', *, *, #10609, .F. ) ;
#7783 = DIRECTION ( 'NONE',  ( 0.000000000000000000, 0.000000000000000000, -1.000000000000000000 ) ) ;
#7784 = VERTEX_POINT ( 'NONE', #10276 ) ;
#7785 = CARTESIAN_POINT ( 'NONE',  ( 0.000000000000000000, 0.000000000000000000, 3.000000000000000000 ) ) ;
#7786 = DIRECTION ( 'NONE',  ( 1.000000000000000000, 0.000000000000000000, 0.000000000000000000 ) ) ;
#7787 = CARTESIAN_POINT ( 'NONE',  ( 0.000000000000000000, 27.50000000000000000, 3.000000000000000000 ) ) ;
#7788 = CALENDAR_DATE ( 2026, 18, 9 ) ;
#7789 = ADVANCED_FACE ( 'NONE', ( #1112 ), #9335, .F. ) ;
#7790 = EDGE_CURVE ( 'NONE', #9215, #4600, #2654, .T. ) ;
#7791 = DIRECTION ( 'NONE',  ( -0.000000000000000000, -0.000000000000000000, -1.000000000000000000 ) ) ;
#7792 = MECHANICAL_CONTEXT ( 'NONE', #2724, 'mechanical' ) ;
#7793 = ORIENTED_EDGE ( 'NONE', *, *, #6841, .F. ) ;
#7794 = ORIENTED_EDGE ( 'NONE', *, *, #5965, .F. ) ;
#7795 = DIRECTION ( 'NONE',  ( 1.000000000000000000, 0.000000000000000000, 0.000000000000000000 ) ) ;
#7796 = APPLICATION_CONTEXT ( 'configuration controlled 3d designs of mechanical parts and assemblies' ) ;
#7797 = ORIENTED_EDGE ( 'NONE', *, *, #1126, .F. ) ;
#7798 = CARTESIAN_POINT ( 'NONE',  ( 31.00000000000000000, 80.49999999999998579, 3.000000000000000000 ) ) ;
#7799 = CARTESIAN_POINT ( 'NONE',  ( 0.000000000000000000, 0.000000000000000000, 0.000000000000000000 ) ) ;
#7800 = CARTESIAN_POINT ( 'NONE',  ( 31.44258473824912414, -0.000000000000000000, 22.65666690099557457 ) ) ;
#7801 = EDGE_CURVE ( 'NONE', #6371, #3186, #5232, .T. ) ;
#7802 = CARTESIAN_POINT ( 'NONE',  ( 2.500000000000000000, 3.061616997868383141E-16, 68.00000000000000000 ) ) ;
#7803 = DIRECTION ( 'NONE',  ( -1.000000000000000000, 0.000000000000000000, 0.000000000000000000 ) ) ;
#7804 = VECTOR ( 'NONE', #2836, 1000.000000000000000 ) ;
#7805 = CARTESIAN_POINT ( 'NONE',  ( 0.000000000000000000, 0.000000000000000000, 24.00000000000000000 ) ) ;
#7806 = DIRECTION ( 'NONE',  ( 1.000000000000000000, -0.000000000000000000, 0.000000000000000000 ) ) ;
#7807 = CARTESIAN_POINT ( 'NONE',  ( 186.0000000000000000, 0.000000000000000000, 3.000000000000000000 ) ) ;
#7808 = ORIENTED_EDGE ( 'NONE', *, *, #5894, .F. ) ;
#7809 = FACE_BOUND ( 'NONE', #4962, .T. ) ;
#7810 = CARTESIAN_POINT ( 'NONE',  ( -10.72380529476361133, 9.000000000000000000, 6.800000000000000711 ) ) ;
#7811 = PRODUCT_RELATED_PRODUCT_CATEGORY ( 'detail', '', ( #10493 ) ) ;
#7812 = PERSON_AND_ORGANIZATION_ROLE ( 'design_owner' ) ;
#7813 = AXIS2_PLACEMENT_3D ( 'NONE', #6562, #10731, #9956 ) ;
#7814 = CARTESIAN_POINT ( 'NONE',  ( 125.0429722607564429, 1.361289099006829373, -0.000000000000000000 ) ) ;
#7815 = CONTEXT_DEPENDENT_SHAPE_REPRESENTATION ( #6092, #6416 ) ;
#7816 = LINE ( 'NONE', #10214, #4141 ) ;
#7817 = VERTEX_POINT ( 'NONE', #10167 ) ;
#7818 = VECTOR ( 'NONE', #1701, 1000.000000000000000 ) ;
#7819 = VERTEX_POINT ( 'NONE', #5124 ) ;
#7820 = VERTEX_POINT ( 'NONE', #8499 ) ;
#7821 = DIRECTION ( 'NONE',  ( 0.000000000000000000, -0.000000000000000000, -1.000000000000000000 ) ) ;
#7822 = CARTESIAN_POINT ( 'NONE',  ( 21.36128909900331507, -7.042972260763523451, -0.000000000000000000 ) ) ;
#7823 = CYLINDRICAL_SURFACE ( 'NONE', #3490, 2.600000000000000089 ) ;
#7824 = ADVANCED_FACE ( 'NONE', ( #7725 ), #277, .F. ) ;
#7825 = COORDINATED_UNIVERSAL_TIME_OFFSET ( 5, 0, .BEHIND. ) ;
#7826 = LOCAL_TIME ( 6, 20, 33.00000000000000000, #7707 ) ;
#7827 = DIRECTION ( 'NONE',  ( -0.000000000000000000, -0.000000000000000000, 1.000000000000000000 ) ) ;
#7828 = EDGE_CURVE ( 'NONE', #10788, #2618, #4472, .T. ) ;
#7829 = EDGE_LOOP ( 'NONE', ( #8330, #1675 ) ) ;
#7830 = CARTESIAN_POINT ( 'NONE',  ( 31.60000000000000142, 72.50000000000000000, -1.200000000000000030E-05 ) ) ;
#7831 = MANIFOLD_SOLID_BREP ( 'Support_and_servo_mount_M3_clearance', #901 ) ;
#7832 = ORIENTED_EDGE ( 'NONE', *, *, #4425, .T. ) ;
#7833 = LINE ( 'NONE', #4434, #4930 ) ;
#7834 = CARTESIAN_POINT ( 'NONE',  ( -10.65666690099477876, 48.55741526174896450, -0.000000000000000000 ) ) ;
#7835 = LINE ( 'NONE', #9510, #2448 ) ;
#7836 = APPROVAL_PERSON_ORGANIZATION ( #269, #8093, #9756 ) ;
#7837 = SECURITY_CLASSIFICATION_LEVEL ( 'unclassified' ) ;
#7838 = APPROVAL_ROLE ( '' ) ;
#7839 = CYLINDRICAL_SURFACE ( 'NONE', #7173, 2.600000000000000089 ) ;
#7840 = AXIS2_PLACEMENT_3D ( 'NONE', #330, #494, #5545 ) ;
#7841 = COORDINATED_UNIVERSAL_TIME_OFFSET ( 5, 0, .BEHIND. ) ;
#7842 = LOCAL_TIME ( 6, 20, 33.00000000000000000, #7008 ) ;
#7843 = EDGE_CURVE ( 'NONE', #7762, #7203, #4308, .T. ) ;
#7844 = VERTEX_POINT ( 'NONE', #8552 ) ;
#7845 = DIRECTION ( 'NONE',  ( -0.000000000000000000, -0.000000000000000000, 1.000000000000000000 ) ) ;
#7846 = VERTEX_POINT ( 'NONE', #4364 ) ;
#7847 = LINE ( 'NONE', #148, #10749 ) ;
#7848 = CARTESIAN_POINT ( 'NONE',  ( -12.30000000000000071, 2.081899558550500526E-16, 2.000000000000000000 ) ) ;
#7849 = CARTESIAN_POINT ( 'NONE',  ( 32.69993048876345654, 0.000000000000000000, 21.22508399488413389 ) ) ;
#7850 = APPROVAL_PERSON_ORGANIZATION ( #9276, #8904, #5076 ) ;
#7851 = MANIFOLD_SOLID_BREP ( 'V2_REF_chassis_255p8x149', #8474 ) ;
#7852 = CARTESIAN_POINT ( 'NONE',  ( 186.0000000000000000, 149.0000000000000000, 83.00000000000000000 ) ) ;
#7853 = VECTOR ( 'NONE', #3689, 1000.000000000000000 ) ;
#7854 = ORIENTED_EDGE ( 'NONE', *, *, #1263, .T. ) ;
#7855 = CARTESIAN_POINT ( 'NONE',  ( -8.557415261749063973, 29.34333309900547704, 0.000000000000000000 ) ) ;
#7856 = APPLICATION_CONTEXT ( 'configuration controlled 3d designs of mechanical parts and assemblies' ) ;
#7857 = ADVANCED_FACE ( 'NONE', ( #2702 ), #7823, .F. ) ;
#7858 = EDGE_CURVE ( 'NONE', #6935, #3732, #4422, .T. ) ;
#7859 = PLANE ( 'NONE',  #3800 ) ;
#7860 = PLANE ( 'NONE',  #382 ) ;
#7861 = LOCAL_TIME ( 6, 20, 33.00000000000000000, #7084 ) ;
#7862 = CARTESIAN_POINT ( 'NONE',  ( 21.65686506842306969, -34.44246974991349930, -0.000000000000000000 ) ) ;
#7863 = EDGE_LOOP ( 'NONE', ( #9511, #8981 ) ) ;
#7864 = FACE_BOUND ( 'NONE', #8133, .T. ) ;
#7865 = CARTESIAN_POINT ( 'NONE',  ( -11.63433600334116846, 7.787970427872258128, 7.302702401752442007 ) ) ;
#7866 = APPROVAL_STATUS ( 'not_yet_approved' ) ;
#7867 = DIRECTION ( 'NONE',  ( 0.000000000000000000, 1.000000000000000000, 0.000000000000000000 ) ) ;
#7868 = APPROVAL_PERSON_ORGANIZATION ( #3973, #9178, #9116 ) ;
#7869 = B_SPLINE_CURVE_WITH_KNOTS ( 'NONE', 3,
 ( #3075, #1440, #1492, #9990, #6488, #4953, #3953, #10648, #7478, #9822, #2255, #6595, #4016, #1548, #8103, #3240, #7314, #2475, #2420, #3136, #6427, #4074, #7427, #5774, #5613, #8993 ),
 .UNSPECIFIED., .F., .F.,
 ( 4, 2, 2, 2, 2, 2, 2, 2, 2, 2, 2, 2, 4 ),
 ( 0.000000000000000000, 0.0008032955908086748635, 0.001606591181617349727, 0.002008238977021684340, 0.002409886772426018519, 0.002811534567830353566, 0.003213182363234687745, 0.003614830158639022791, 0.004016477954043356537, 0.004418125749447691583, 0.004819773544852025762, 0.005623069135660691518, 0.006426364726469357275 ),
 .UNSPECIFIED. ) ;
#7870 = CIRCLE ( 'NONE', #9294, 1.700000000000000178 ) ;
#7871 = CARTESIAN_POINT ( 'NONE',  ( 0.000000000000000000, 0.000000000000000000, -1.200000000000000030E-05 ) ) ;
#7872 = AXIS2_PLACEMENT_3D ( 'NONE', #4348, #2687, #10103 ) ;
#7873 = ORIENTED_EDGE ( 'NONE', *, *, #9805, .F. ) ;
#7874 = CIRCLE ( 'NONE', #8941, 1.700000000000000178 ) ;
#7875 = EDGE_LOOP ( 'NONE', ( #5844, #2973, #4892, #5646 ) ) ;
#7876 = ORIENTED_EDGE ( 'NONE', *, *, #3849, .T. ) ;
#7877 = DIRECTION ( 'NONE',  ( 0.000000000000000000, -1.000000000000000000, 0.000000000000000000 ) ) ;
#7878 = SHAPE_REPRESENTATION_RELATIONSHIP ( 'NONE' , 'NONE' ,  #8789, #1373 ) ;
#7879 = CARTESIAN_POINT ( 'NONE',  ( 2.599999999999999645, -0.3449632722246336325, -0.000000000000000000 ) ) ;
#7880 = CARTESIAN_POINT ( 'NONE',  ( 14.22508399489131214, 68.29993048876643513, -0.000000000000000000 ) ) ;
#7881 = AXIS2_PLACEMENT_3D ( 'NONE', #6774, #7491, #59 ) ;
#7882 = PERSON_AND_ORGANIZATION ( #6743, #3319 ) ;
#7883 = DATE_TIME_ROLE ( 'classification_date' ) ;
#7884 = AXIS2_PLACEMENT_3D ( 'NONE', #1508, #7441, #2439 ) ;
#7885 = CC_DESIGN_DATE_AND_TIME_ASSIGNMENT ( #6098, #5061, ( #5529 ) ) ;
#7886 = LINE ( 'NONE', #3086, #3283 ) ;
#7887 = CC_DESIGN_DATE_AND_TIME_ASSIGNMENT ( #1078, #10450, ( #5922 ) ) ;
#7888 = ORIENTED_EDGE ( 'NONE', *, *, #994, .F. ) ;
#7889 =( GEOMETRIC_REPRESENTATION_CONTEXT ( 3 ) GLOBAL_UNCERTAINTY_ASSIGNED_CONTEXT ( ( #1093 ) ) GLOBAL_UNIT_ASSIGNED_CONTEXT ( ( #9452, #6015, #10292 ) ) REPRESENTATION_CONTEXT ( 'NONE', 'WORKASPACE' ) );
#7890 = EDGE_LOOP ( 'NONE', ( #6527, #706, #6975, #9933 ) ) ;
#7891 = DIRECTION ( 'NONE',  ( 0.000000000000000000, 0.000000000000000000, 1.000000000000000000 ) ) ;
#7892 = AXIS2_PLACEMENT_3D ( 'NONE', #5059, #8063, #4862 ) ;
#7893 = ORIENTED_EDGE ( 'NONE', *, *, #870, .T. ) ;
#7894 = CARTESIAN_POINT ( 'NONE',  ( -14.85848573020151342, 68.51560493047469436, 0.000000000000000000 ) ) ;
#7895 = PLANE ( 'NONE',  #3475 ) ;
#7896 = CARTESIAN_POINT ( 'NONE',  ( -10.00000000000000000, -10.00000000000000000, 39.50000000000000000 ) ) ;
#7897 = VECTOR ( 'NONE', #3865, 1000.000000000000000 ) ;
#7898 = LINE ( 'NONE', #10615, #7351 ) ;
#7899 = COORDINATED_UNIVERSAL_TIME_OFFSET ( 5, 0, .BEHIND. ) ;
#7900 = CALENDAR_DATE ( 2026, 18, 9 ) ;
#7901 = CARTESIAN_POINT ( 'NONE',  ( 137.7000000000000171, 0.2252519565404662583, 0.000000000000000000 ) ) ;
#7902 = ADVANCED_FACE ( 'NONE', ( #3627, #3686 ), #8106, .F. ) ;
#7903 = CALENDAR_DATE ( 2026, 18, 9 ) ;
#7904 = CIRCLE ( 'NONE', #4010, 1.700000000000000178 ) ;
#7905 = AXIS2_PLACEMENT_3D ( 'NONE', #7915, #7027, #10523 ) ;
#7906 = VERTEX_POINT ( 'NONE', #9766 ) ;
#7907 = PLANE ( 'NONE',  #9765 ) ;
#7908 = ORIENTED_EDGE ( 'NONE', *, *, #10750, .F. ) ;
#7909 = CARTESIAN_POINT ( 'NONE',  ( 20.00000000000000000, -6.000000000000000000, 5.000000000000000000 ) ) ;
#7910 = LINE ( 'NONE', #3655, #5052 ) ;
#7911 = CARTESIAN_POINT ( 'NONE',  ( 31.85853893179215746, -0.000000000000000000, 22.48452350954280732 ) ) ;
#7912 = CIRCLE ( 'NONE', #7556, 1.700000000000000178 ) ;
#7913 = CARTESIAN_POINT ( 'NONE',  ( 24.30000000000000071, -45.00000000000000000, 0.000000000000000000 ) ) ;
#7914 = EDGE_CURVE ( 'NONE', #2270, #1712, #4716, .T. ) ;
#7915 = CARTESIAN_POINT ( 'NONE',  ( 31.00000000000000000, 80.49999999999998579, 3.000000000000000000 ) ) ;
#7916 = ADVANCED_FACE ( 'NONE', ( #8043, #9659, #561 ), #1387, .F. ) ;
#7917 = ORIENTED_EDGE ( 'NONE', *, *, #380, .T. ) ;
#7918 = CARTESIAN_POINT ( 'NONE',  ( 150.0000000000000000, 25.00000000000000000, 90.00000000000000000 ) ) ;
#7919 = AXIS2_PLACEMENT_3D ( 'NONE', #7614, #5184, #10234 ) ;
#7920 = CARTESIAN_POINT ( 'NONE',  ( -10.00000000000000000, 10.00000000000000000, 39.50000000000000000 ) ) ;
#7921 = VERTEX_POINT ( 'NONE', #7260 ) ;
#7922 = CARTESIAN_POINT ( 'NONE',  ( 0.000000000000000000, 0.000000000000000000, 0.000000000000000000 ) ) ;
#7923 = CARTESIAN_POINT ( 'NONE',  ( -11.46082835472130235, 8.043006970812543344, 9.922450563566831860 ) ) ;
#7924 = EDGE_CURVE ( 'NONE', #9955, #3249, #5552, .T. ) ;
#7925 = EDGE_CURVE ( 'NONE', #4827, #5462, #10651, .T. ) ;
#7926 = PERSON_AND_ORGANIZATION ( #6743, #3319 ) ;
#7927 = CARTESIAN_POINT ( 'NONE',  ( 8.660254037844389075, -11.00000000000000000, 0.000000000000000000 ) ) ;
#7928 = AXIS2_PLACEMENT_3D ( 'NONE', #3294, #10053, #9042 ) ;
#7929 = APPROVAL_ROLE ( '' ) ;
#7930 = MANIFOLD_SOLID_BREP ( 'Foot_M3_through', #3179 ) ;
#7931 = VECTOR ( 'NONE', #8000, 1000.000000000000000 ) ;
#7932 = DIRECTION ( 'NONE',  ( 1.000000000000000000, 0.000000000000000000, 0.000000000000000000 ) ) ;
#7933 = ORIENTED_EDGE ( 'NONE', *, *, #7304, .T. ) ;
#7934 = ORIENTED_EDGE ( 'NONE', *, *, #6299, .T. ) ;
#7935 = VERTEX_POINT ( 'NONE', #2202 ) ;
#7936 = LINE ( 'NONE', #6989, #8282 ) ;
#7937 = FACE_OUTER_BOUND ( 'NONE', #8411, .T. ) ;
#7938 = CARTESIAN_POINT ( 'NONE',  ( 12.29993048876420936, 69.77491600511629599, 0.000000000000000000 ) ) ;
#7939 = EDGE_CURVE ( 'NONE', #4746, #3211, #1298, .T. ) ;
#7940 = SHAPE_DEFINITION_REPRESENTATION ( #3872, #8851 ) ;
#7941 = COORDINATED_UNIVERSAL_TIME_OFFSET ( 5, 0, .BEHIND. ) ;
#7942 = APPLICATION_CONTEXT ( 'configuration controlled 3d designs of mechanical parts and assemblies' ) ;
#7943 = LINE ( 'NONE', #509, #1892 ) ;
#7944 = ADVANCED_BREP_SHAPE_REPRESENTATION ( '', ( #7612, #7172 ), #8245 ) ;
#7945 = ORIENTED_EDGE ( 'NONE', *, *, #5632, .T. ) ;
#7946 = EDGE_LOOP ( 'NONE', ( #3693, #1419, #4602, #101 ) ) ;
#7947 = CARTESIAN_POINT ( 'NONE',  ( -28.00000000000000000, 8.000000000000000000, 24.00000000000000000 ) ) ;
#7948 = VERTEX_POINT ( 'NONE', #8773 ) ;
#7949 = CARTESIAN_POINT ( 'NONE',  ( -2.600000000000000089, 3.184081677783117698E-16, -6.000000000000000152E-06 ) ) ;
#7950 = CARTESIAN_POINT ( 'NONE',  ( 30.14146106821291582, -0.000000000000000000, 1.515476490455083480 ) ) ;
#7951 = DIRECTION ( 'NONE',  ( 1.000000000000000000, 0.000000000000000000, 0.000000000000000000 ) ) ;
#7952 = CARTESIAN_POINT ( 'NONE',  ( 11.68536191144595193, 7.710987493569490425, 9.614491627439070598 ) ) ;
#7953 = CARTESIAN_POINT ( 'NONE',  ( -2.500000000000000000, 0.000000000000000000, 5.000000000000000000 ) ) ;
#7954 = DATE_TIME_ROLE ( 'classification_date' ) ;
#7955 = APPROVAL ( #719, 'UNKNOWN' ) ;
#7956 = DIRECTION ( 'NONE',  ( 1.000000000000000000, 0.000000000000000000, 0.000000000000000000 ) ) ;
#7957 = CC_DESIGN_DATE_AND_TIME_ASSIGNMENT ( #9210, #7767, ( #2564 ) ) ;
#7958 = PERSON_AND_ORGANIZATION_ROLE ( 'creator' ) ;
#7959 = VERTEX_POINT ( 'NONE', #9550 ) ;
#7960 = PLANE ( 'NONE',  #4820 ) ;
#7961 = AXIS2_PLACEMENT_3D ( 'NONE', #7636, #1815, #3453 ) ;
#7962 = VERTEX_POINT ( 'NONE', #2039 ) ;
#7963 = DIRECTION ( 'NONE',  ( -1.000000000000000000, 0.000000000000000000, 0.000000000000000000 ) ) ;
#7964 = CARTESIAN_POINT ( 'NONE',  ( -15.69993048876420616, 70.22508399488370401, 0.000000000000000000 ) ) ;
#7965 = LINE ( 'NONE', #6298, #3054 ) ;
#7966 = CARTESIAN_POINT ( 'NONE',  ( -8.774916005114079098, -0.000000000000000000, 19.30006951123579739 ) ) ;
#7967 = EDGE_CURVE ( 'NONE', #10802, #10268, #4519, .T. ) ;
#7968 = EDGE_LOOP ( 'NONE', ( #3515, #7281, #3261, #8295 ) ) ;
#7969 = LINE ( 'NONE', #2895, #6847 ) ;
#7970 = ORIENTED_EDGE ( 'NONE', *, *, #521, .F. ) ;
#7971 = LINE ( 'NONE', #8861, #8991 ) ;
#7972 = EDGE_CURVE ( 'NONE', #581, #5536, #7150, .T. ) ;
#7973 = CARTESIAN_POINT ( 'NONE',  ( 10.10522701328291184, 9.690252514121260319, 6.943211237761942378 ) ) ;
#7974 = VERTEX_POINT ( 'NONE', #5453 ) ;
#7975 = CARTESIAN_POINT ( 'NONE',  ( 0.5999999999999999778, 2.200000000000000178, 12.00000000000000000 ) ) ;
#7976 = CARTESIAN_POINT ( 'NONE',  ( -9.028254920067322331, 10.70002864950650157, 8.364488971337445733 ) ) ;
#7977 = PERSON_AND_ORGANIZATION_ROLE ( 'design_supplier' ) ;
#7978 = FACE_OUTER_BOUND ( 'NONE', #4431, .T. ) ;
#7979 = VECTOR ( 'NONE', #10677, 1000.000000000000000 ) ;
#7980 = ORIENTED_EDGE ( 'NONE', *, *, #3944, .F. ) ;
#7981 = DIRECTION ( 'NONE',  ( 1.000000000000000000, 0.000000000000000000, 0.000000000000000000 ) ) ;
#7982 = EDGE_CURVE ( 'NONE', #24, #4153, #7988, .T. ) ;
#7983 = ORIENTED_EDGE ( 'NONE', *, *, #3531, .T. ) ;
#7984 = VERTEX_POINT ( 'NONE', #1273 ) ;
#7985 = FACE_OUTER_BOUND ( 'NONE', #2431, .T. ) ;
#7986 = CARTESIAN_POINT ( 'NONE',  ( -12.00000000000000000, 12.00000000000000000, 20.00000000000000000 ) ) ;
#7987 = AXIS2_PLACEMENT_3D ( 'NONE', #10672, #528, #2221 ) ;
#7988 = LINE ( 'NONE', #3736, #2081 ) ;
#7989 = CALENDAR_DATE ( 2026, 18, 9 ) ;
#7990 = PERSON_AND_ORGANIZATION_ROLE ( 'classification_officer' ) ;
#7991 = AXIS2_PLACEMENT_3D ( 'NONE', #6471, #9921, #8358 ) ;
#7992 = CARTESIAN_POINT ( 'NONE',  ( 0.000000000000000000, 0.000000000000000000, 0.000000000000000000 ) ) ;
#7993 = EDGE_CURVE ( 'NONE', #3769, #9394, #4630, .T. ) ;
#7994 = ADVANCED_FACE ( 'NONE', ( #1326 ), #502, .F. ) ;
#7995 = ORIENTED_EDGE ( 'NONE', *, *, #10417, .F. ) ;
#7996 = VERTEX_POINT ( 'NONE', #7537 ) ;
#7997 = LINE ( 'NONE', #9672, #2291 ) ;
#7998 = CARTESIAN_POINT ( 'NONE',  ( 14.00000000000000000, 0.000000000000000000, 0.000000000000000000 ) ) ;
#7999 = CARTESIAN_POINT ( 'NONE',  ( 150.0000000000000000, 25.00000000000000000, 0.000000000000000000 ) ) ;
#8000 = DIRECTION ( 'NONE',  ( -1.000000000000000000, 0.000000000000000000, -0.000000000000000000 ) ) ;
#8001 = LINE ( 'NONE', #1404, #6293 ) ;
#8002 = COORDINATED_UNIVERSAL_TIME_OFFSET ( 5, 0, .BEHIND. ) ;
#8003 = VERTEX_POINT ( 'NONE', #9548 ) ;
#8004 = CARTESIAN_POINT ( 'NONE',  ( 31.00000000000000000, 59.50000000000000000, 4.700000000000000178 ) ) ;
#8005 = CALENDAR_DATE ( 2026, 18, 9 ) ;
#8006 = PRODUCT_DEFINITION_SHAPE ( 'NONE', 'NONE',  #8569 ) ;
#8007 = ORIENTED_EDGE ( 'NONE', *, *, #3068, .F. ) ;
#8008 = DIRECTION ( 'NONE',  ( -1.000000000000000000, 0.000000000000000000, 0.000000000000000000 ) ) ;
#8009 = CC_DESIGN_APPROVAL ( #754, ( #1865 ) ) ;
#8010 = CC_DESIGN_PERSON_AND_ORGANIZATION_ASSIGNMENT ( #1980, #1208, ( #8394 ) ) ;
#8011 = ORIENTED_EDGE ( 'NONE', *, *, #535, .F. ) ;
#8012 = LINE ( 'NONE', #3877, #7380 ) ;
#8013 = CARTESIAN_POINT ( 'NONE',  ( -19.14146106820994575, -7.484523509543806519, -0.000000000000000000 ) ) ;
#8014 = CARTESIAN_POINT ( 'NONE',  ( 31.22525195654806041, 0.000000000000000000, 22.70000000000000284 ) ) ;
#8015 =( NAMED_UNIT ( * ) SI_UNIT ( $, .STERADIAN. ) SOLID_ANGLE_UNIT ( ) );
#8016 = ORIENTED_EDGE ( 'NONE', *, *, #9118, .F. ) ;
#8017 = PLANE ( 'NONE',  #9653 ) ;
#8018 = LOCAL_TIME ( 6, 20, 33.00000000000000000, #4919 ) ;
#8019 = ORIENTED_EDGE ( 'NONE', *, *, #2400, .F. ) ;
#8020 = CARTESIAN_POINT ( 'NONE',  ( 3.000000000000000000, 3.000000000000000000, 83.00000000000000000 ) ) ;
#8021 = ORIENTED_EDGE ( 'NONE', *, *, #7305, .T. ) ;
#8022 = CC_DESIGN_DATE_AND_TIME_ASSIGNMENT ( #10727, #5631, ( #210 ) ) ;
#8023 = FACE_OUTER_BOUND ( 'NONE', #4407, .T. ) ;
#8024 = PRODUCT_RELATED_PRODUCT_CATEGORY ( 'detail', '', ( #1448 ) ) ;
#8025 = DIRECTION ( 'NONE',  ( -0.000000000000000000, -0.000000000000000000, 1.000000000000000000 ) ) ;
#8026 = APPROVAL_PERSON_ORGANIZATION ( #3195, #7264, #3460 ) ;
#8027 = EDGE_LOOP ( 'NONE', ( #5559, #4961, #6606, #9870 ) ) ;
#8028 = LINE ( 'NONE', #3722, #5223 ) ;
#8029 = CARTESIAN_POINT ( 'NONE',  ( 123.1415142698059100, -1.484395069527666422, 0.000000000000000000 ) ) ;
#8030 = DATE_AND_TIME ( #3232, #2057 ) ;
#8031 = CARTESIAN_POINT ( 'NONE',  ( 22.00000000000000000, 0.000000000000000000, 0.000000000000000000 ) ) ;
#8032 = ADVANCED_FACE ( 'NONE', ( #4 ), #7378, .F. ) ;
#8033 = CALENDAR_DATE ( 2026, 18, 9 ) ;
#8034 = APPROVAL_PERSON_ORGANIZATION ( #1152, #6046, #2743 ) ;
#8035 = AXIS2_PLACEMENT_3D ( 'NONE', #7052, #1226, #8836 ) ;
#8036 = VERTEX_POINT ( 'NONE', #6431 ) ;
#8037 = LINE ( 'NONE', #6156, #3260 ) ;
#8038 = ORIENTED_EDGE ( 'NONE', *, *, #9292, .F. ) ;
#8039 = ORIENTED_EDGE ( 'NONE', *, *, #1940, .F. ) ;
#8040 = PLANE ( 'NONE',  #5633 ) ;
#8041 = FACE_OUTER_BOUND ( 'NONE', #8646, .T. ) ;
#8042 = LOCAL_TIME ( 6, 20, 33.00000000000000000, #4311 ) ;
#8043 = FACE_BOUND ( 'NONE', #10595, .T. ) ;
#8044 = APPLICATION_PROTOCOL_DEFINITION ( 'international standard', 'config_control_design', 1994, #3990 ) ;
#8045 = ADVANCED_FACE ( 'NONE', ( #8212, #4955, #10816, #9825 ), #1495, .T. ) ;
#8046 = CALENDAR_DATE ( 2026, 18, 9 ) ;
#8047 = VECTOR ( 'NONE', #6553, 1000.000000000000000 ) ;
#8048 = B_SPLINE_CURVE_WITH_KNOTS ( 'NONE', 3,
 ( #1902, #241, #5349, #5404, #6066, #9451, #291, #3589, #6951, #10341, #9674, #456, #403, #10397 ),
 .UNSPECIFIED., .F., .F.,
 ( 4, 2, 2, 2, 2, 2, 4 ),
 ( 0.2871120064002115058, 0.3403340048001586293, 0.3669450040001321911, 0.3935560032001057529, 0.4201670024000793147, 0.4467780016000528764, 0.5000000000000000000 ),
 .UNSPECIFIED. ) ;
#8049 = DIRECTION ( 'NONE',  ( -0.000000000000000000, -0.000000000000000000, -1.000000000000000000 ) ) ;
#8050 = ORGANIZATION ( 'NAUO-ORG3', 'UNSPECIFIED', 'UNSPECIFIED' ) ;
#8051 = VECTOR ( 'NONE', #10195, 1000.000000000000000 ) ;
#8052 = ORIENTED_EDGE ( 'NONE', *, *, #4490, .F. ) ;
#8053 = ORIENTED_EDGE ( 'NONE', *, *, #8590, .T. ) ;
#8054 = VERTEX_POINT ( 'NONE', #4178 ) ;
#8055 = CARTESIAN_POINT ( 'NONE',  ( -12.30000000000000071, 70.00000000000000000, -6.000000000000000152E-06 ) ) ;
#8056 = DIRECTION ( 'NONE',  ( -0.000000000000000000, -0.000000000000000000, 1.000000000000000000 ) ) ;
#8057 = CARTESIAN_POINT ( 'NONE',  ( 10.50000000000000000, 1.300000000000000044, -0.09997027095160138099 ) ) ;
#8058 =( GEOMETRIC_REPRESENTATION_CONTEXT ( 3 ) GLOBAL_UNCERTAINTY_ASSIGNED_CONTEXT ( ( #4401 ) ) GLOBAL_UNIT_ASSIGNED_CONTEXT ( ( #1324, #3788, #6374 ) ) REPRESENTATION_CONTEXT ( 'NONE', 'WORKASPACE' ) );
#8059 = CIRCLE ( 'NONE', #1555, 1.700000000000000178 ) ;
#8060 = FACE_OUTER_BOUND ( 'NONE', #5346, .T. ) ;
#8061 = DIRECTION ( 'NONE',  ( 0.000000000000000000, -1.000000000000000000, 0.000000000000000000 ) ) ;
#8062 = DATE_AND_TIME ( #2880, #6243 ) ;
#8063 = DIRECTION ( 'NONE',  ( 0.000000000000000000, 0.000000000000000000, 1.000000000000000000 ) ) ;
#8064 = VECTOR ( 'NONE', #1341, 1000.000000000000000 ) ;
#8065 = EDGE_CURVE ( 'NONE', #1384, #3191, #7317, .T. ) ;
#8066 = PERSON_AND_ORGANIZATION ( #6743, #3319 ) ;
#8067 = EDGE_CURVE ( 'NONE', #6910, #2293, #822, .T. ) ;
#8068 = AXIS2_PLACEMENT_3D ( 'NONE', #646, #3107, #10627 ) ;
#8069 = VECTOR ( 'NONE', #2055, 1000.000000000000000 ) ;
#8070 = ORIENTED_EDGE ( 'NONE', *, *, #6242, .T. ) ;
#8071 = LINE ( 'NONE', #3102, #6928 ) ;
#8072 = ORIENTED_EDGE ( 'NONE', *, *, #5251, .T. ) ;
#8073 = CIRCLE ( 'NONE', #1392, 1.700000000000000178 ) ;
#8074 = ORIENTED_EDGE ( 'NONE', *, *, #1582, .T. ) ;
#8075 = CARTESIAN_POINT ( 'NONE',  ( 24.30000000000000071, 57.00000000000000000, -1.200000000000000030E-05 ) ) ;
#8076 = CARTESIAN_POINT ( 'NONE',  ( -18.30000000000000071, -6.000000000000000000, -6.000000000000000152E-06 ) ) ;
#8077 = DIRECTION ( 'NONE',  ( 0.000000000000000000, -1.000000000000000000, 0.000000000000000000 ) ) ;
#8078 = APPLICATION_CONTEXT ( 'configuration controlled 3d designs of mechanical parts and assemblies' ) ;
#8079 = LOCAL_TIME ( 6, 20, 33.00000000000000000, #5763 ) ;
#8080 = LINE ( 'NONE', #7455, #4376 ) ;
#8081 = EDGE_CURVE ( 'NONE', #6716, #7906, #7512, .T. ) ;
#8082 = VECTOR ( 'NONE', #8811, 1000.000000000000000 ) ;
#8083 = DIRECTION ( 'NONE',  ( 0.000000000000000000, 0.000000000000000000, 1.000000000000000000 ) ) ;
#8084 = ORIENTED_EDGE ( 'NONE', *, *, #7292, .T. ) ;
#8085 = CARTESIAN_POINT ( 'NONE',  ( 18.63871090099681993, -4.957027739236157693, -0.000000000000000000 ) ) ;
#8086 = DIRECTION ( 'NONE',  ( 0.000000000000000000, 1.000000000000000000, 0.000000000000000000 ) ) ;
#8087 = CARTESIAN_POINT ( 'NONE',  ( 21.04287395703016728, -35.36119079527190223, 0.000000000000000000 ) ) ;
#8088 = VECTOR ( 'NONE', #3536, 1000.000000000000000 ) ;
#8089 = ORIENTED_EDGE ( 'NONE', *, *, #1850, .T. ) ;
#8090 = DIRECTION ( 'NONE',  ( 0.000000000000000000, -1.000000000000000000, 0.000000000000000000 ) ) ;
#8091 = DIRECTION ( 'NONE',  ( 1.000000000000000000, -0.000000000000000000, 0.000000000000000000 ) ) ;
#8092 = COORDINATED_UNIVERSAL_TIME_OFFSET ( 5, 0, .BEHIND. ) ;
#8093 = APPROVAL ( #323, 'UNKNOWN' ) ;
#8094 = CC_DESIGN_PERSON_AND_ORGANIZATION_ASSIGNMENT ( #5616, #3140, ( #5634 ) ) ;
#8095 = DATE_AND_TIME ( #4837, #6779 ) ;
#8096 = ORIENTED_EDGE ( 'NONE', *, *, #2414, .F. ) ;
#8097 = VECTOR ( 'NONE', #9461, 1000.000000000000000 ) ;
#8098 = ORIENTED_EDGE ( 'NONE', *, *, #10555, .F. ) ;
#8099 = CARTESIAN_POINT ( 'NONE',  ( -15.69999999999999929, 70.00000000000000000, -1.200000000000000030E-05 ) ) ;
#8100 = ORIENTED_EDGE ( 'NONE', *, *, #7730, .T. ) ;
#8101 = ADVANCED_FACE ( 'NONE', ( #8996 ), #2257, .F. ) ;
#8102 = ORIENTED_EDGE ( 'NONE', *, *, #3124, .F. ) ;
#8103 = CARTESIAN_POINT ( 'NONE',  ( -9.047801468925145585, 10.68361031932444760, 10.26966494166327415 ) ) ;
#8104 = DIRECTION ( 'NONE',  ( 1.000000000000000000, -0.000000000000000000, 0.000000000000000000 ) ) ;
#8105 = AXIS2_PLACEMENT_3D ( 'NONE', #10112, #8443, #6105 ) ;
#8106 = PLANE ( 'NONE',  #5419 ) ;
#8107 = APPROVAL_ROLE ( '' ) ;
#8108 = EDGE_CURVE ( 'NONE', #9394, #473, #9160, .T. ) ;
#8109 = CALENDAR_DATE ( 2026, 18, 9 ) ;
#8110 = PRODUCT_DEFINITION_SHAPE ( 'NONE', 'NONE',  #10911 ) ;
#8111 = FACE_BOUND ( 'NONE', #513, .T. ) ;
#8112 = VERTEX_POINT ( 'NONE', #671 ) ;
#8113 = EDGE_CURVE ( 'NONE', #4126, #2696, #4018, .T. ) ;
#8114 = VERTEX_POINT ( 'NONE', #10766 ) ;
#8115 = CARTESIAN_POINT ( 'NONE',  ( -1.850251865230340353, 1.832291515499593126, -0.000000000000000000 ) ) ;
#8116 = DIRECTION ( 'NONE',  ( 0.000000000000000000, 0.000000000000000000, -1.000000000000000000 ) ) ;
#8117 = DIRECTION ( 'NONE',  ( 0.000000000000000000, 0.000000000000000000, -1.000000000000000000 ) ) ;
#8118 = CARTESIAN_POINT ( 'NONE',  ( 30.77491600511513425, 47.30006951123652215, 0.000000000000000000 ) ) ;
#8119 = CYLINDRICAL_SURFACE ( 'NONE', #7715, 1.700000000000000178 ) ;
#8120 = PERSON_AND_ORGANIZATION_ROLE ( 'design_owner' ) ;
#8121 = CARTESIAN_POINT ( 'NONE',  ( 12.00000000000000000, -12.00000000000000000, 0.000000000000000000 ) ) ;
#8122 = APPLICATION_PROTOCOL_DEFINITION ( 'international standard', 'config_control_design', 1994, #3073 ) ;
#8123 = ORIENTED_EDGE ( 'NONE', *, *, #7023, .F. ) ;
#8124 = CARTESIAN_POINT ( 'NONE',  ( 35.60000000000000142, 72.50000000000001421, -8.271806125530276749E-22 ) ) ;
#8125 = EDGE_CURVE ( 'NONE', #2885, #8114, #3194, .T. ) ;
#8126 = EDGE_LOOP ( 'NONE', ( #1535, #6403, #2603, #5722 ) ) ;
#8127 = DIRECTION ( 'NONE',  ( 0.000000000000000000, -0.000000000000000000, 1.000000000000000000 ) ) ;
#8128 = CARTESIAN_POINT ( 'NONE',  ( -10.69993048876420616, 0.000000000000000000, 20.77491600511318026 ) ) ;
#8129 = DIRECTION ( 'NONE',  ( 0.000000000000000000, 0.000000000000000000, 1.000000000000000000 ) ) ;
#8130 = ADVANCED_FACE ( 'NONE', ( #2366 ), #5718, .F. ) ;
#8131 = CARTESIAN_POINT ( 'NONE',  ( 35.00000000000000000, 39.99999999999999289, -26.00000000000000000 ) ) ;
#8132 = DIRECTION ( 'NONE',  ( -1.000000000000000000, -0.000000000000000000, -0.000000000000000000 ) ) ;
#8133 = EDGE_LOOP ( 'NONE', ( #4201, #7746 ) ) ;
#8134 = DIRECTION ( 'NONE',  ( 1.000000000000000000, 0.000000000000000000, 0.000000000000000000 ) ) ;
#8135 = ORIENTED_EDGE ( 'NONE', *, *, #2576, .T. ) ;
#8136 = CARTESIAN_POINT ( 'NONE',  ( 13.55741526174995926, 71.65666690099503455, 0.000000000000000000 ) ) ;
#8137 = EDGE_CURVE ( 'NONE', #5131, #1397, #8936, .T. ) ;
#8138 = CARTESIAN_POINT ( 'NONE',  ( -14.00000000000000000, 0.000000000000000000, 16.00000000000000000 ) ) ;
#8139 = CARTESIAN_POINT ( 'NONE',  ( 11.93721609031033459, 7.314636773467316111, 9.745133196380875162 ) ) ;
#8140 = EDGE_CURVE ( 'NONE', #2209, #7935, #6281, .T. ) ;
#8141 = ORIENTED_EDGE ( 'NONE', *, *, #7304, .F. ) ;
#8142 = DIRECTION ( 'NONE',  ( 0.000000000000000000, 1.000000000000000000, 0.000000000000000000 ) ) ;
#8143 = LINE ( 'NONE', #1597, #4887 ) ;
#8144 = CALENDAR_DATE ( 2026, 18, 9 ) ;
#8145 = ORIENTED_EDGE ( 'NONE', *, *, #5665, .F. ) ;
#8146 = DATE_TIME_ROLE ( 'classification_date' ) ;
#8147 = AXIS2_PLACEMENT_3D ( 'NONE', #8753, #9636, #7029 ) ;
#8148 = VERTEX_POINT ( 'NONE', #2423 ) ;
#8149 = ORIENTED_EDGE ( 'NONE', *, *, #8273, .F. ) ;
#8150 = LINE ( 'NONE', #3237, #9845 ) ;
#8151 = DIRECTION ( 'NONE',  ( 0.000000000000000000, -1.000000000000000000, 0.000000000000000000 ) ) ;
#8152 = APPROVAL ( #5357, 'ๆช' ) ;
#8153 =( REPRESENTATION_RELATIONSHIP ('NONE','NONE', #1311, #5738 ) REPRESENTATION_RELATIONSHIP_WITH_TRANSFORMATION ( #5830 )SHAPE_REPRESENTATION_RELATIONSHIP( ) );
#8154 = VERTEX_POINT ( 'NONE', #5776 ) ;
#8155 = CARTESIAN_POINT ( 'NONE',  ( 31.60000000000000142, 62.50000000000000000, -1.200000000000000030E-05 ) ) ;
#8156 = CARTESIAN_POINT ( 'NONE',  ( 20.00000000000000000, -6.000000000000000000, 5.000000000000000000 ) ) ;
#8157 = CARTESIAN_POINT ( 'NONE',  ( -20.00000000000000000, 8.000000000000000000, 12.00000000000000000 ) ) ;
#8158 = PERSON_AND_ORGANIZATION_ROLE ( 'classification_officer' ) ;
#8159 = VECTOR ( 'NONE', #3387, 1000.000000000000000 ) ;
#8160 = COORDINATED_UNIVERSAL_TIME_OFFSET ( 5, 0, .BEHIND. ) ;
#8161 = CARTESIAN_POINT ( 'NONE',  ( -14.00000000000000000, 9.000000000000000000, 10.20000000000000107 ) ) ;
#8162 = ORIENTED_EDGE ( 'NONE', *, *, #3401, .F. ) ;
#8163 = CIRCLE ( 'NONE', #254, 1.700000000000000178 ) ;
#8164 = EDGE_CURVE ( 'NONE', #91, #3304, #774, .T. ) ;
#8165 = ORIENTED_EDGE ( 'NONE', *, *, #1053, .T. ) ;
#8166 = ORIENTED_EDGE ( 'NONE', *, *, #9743, .F. ) ;
#8167 = CARTESIAN_POINT ( 'NONE',  ( 21.48452350954385537, -33.14146106821036852, -0.000000000000000000 ) ) ;
#8168 = FACE_OUTER_BOUND ( 'NONE', #5493, .T. ) ;
#8169 = DIRECTION ( 'NONE',  ( 0.000000000000000000, 0.000000000000000000, 1.000000000000000000 ) ) ;
#8170 = LINE ( 'NONE', #629, #1788 ) ;
#8171 = CARTESIAN_POINT ( 'NONE',  ( -21.69999999999999929, -6.000000000000000000, -6.000000000000000152E-06 ) ) ;
#8172 = DATE_TIME_ROLE ( 'creation_date' ) ;
#8173 = DIRECTION ( 'NONE',  ( -0.000000000000000000, -0.000000000000000000, 1.000000000000000000 ) ) ;
#8174 = DATE_AND_TIME ( #9225, #1550 ) ;
#8175 = VECTOR ( 'NONE', #5259, 1000.000000000000000 ) ;
#8176 = EDGE_CURVE ( 'NONE', #5823, #4119, #4327, .T. ) ;
#8177 = ORIENTED_EDGE ( 'NONE', *, *, #1952, .T. ) ;
#8178 = CARTESIAN_POINT ( 'NONE',  ( -24.30000000000000071, 45.00000000000000000, -8.271806125530276749E-22 ) ) ;
#8179 = VERTEX_POINT ( 'NONE', #9257 ) ;
#8180 = CARTESIAN_POINT ( 'NONE',  ( -21.00000000000000000, 8.000000000000000000, 24.00000000000000000 ) ) ;
#8181 = CARTESIAN_POINT ( 'NONE',  ( -18.51547649045600252, -5.141461068210320562, -0.000000000000000000 ) ) ;
#8182 = FACE_OUTER_BOUND ( 'NONE', #3757, .T. ) ;
#8183 = VECTOR ( 'NONE', #9084, 1000.000000000000000 ) ;
#8184 = LOCAL_TIME ( 6, 20, 33.00000000000000000, #8160 ) ;
#8185 = DIRECTION ( 'NONE',  ( 0.000000000000000000, 0.000000000000000000, -1.000000000000000000 ) ) ;
#8186 = DIRECTION ( 'NONE',  ( 1.000000000000000000, 0.000000000000000000, 0.000000000000000000 ) ) ;
#8187 = ORIENTED_EDGE ( 'NONE', *, *, #9291, .T. ) ;
#8188 = EDGE_CURVE ( 'NONE', #4081, #2034, #8059, .T. ) ;
#8189 = LOCAL_TIME ( 6, 20, 33.00000000000000000, #4946 ) ;
#8190 = DIRECTION ( 'NONE',  ( -1.000000000000000000, 0.000000000000000000, 0.000000000000000000 ) ) ;
#8191 = ORIENTED_EDGE ( 'NONE', *, *, #9567, .T. ) ;
#8192 = CARTESIAN_POINT ( 'NONE',  ( 15.36119079527582620, 71.04287395702736774, 0.000000000000000000 ) ) ;
#8193 = DIRECTION ( 'NONE',  ( 0.000000000000000000, 0.000000000000000000, -1.000000000000000000 ) ) ;
#8194 = FACE_BOUND ( 'NONE', #9958, .T. ) ;
#8195 = EDGE_LOOP ( 'NONE', ( #899, #5177 ) ) ;
#8196 = DIRECTION ( 'NONE',  ( -1.000000000000000000, 0.000000000000000000, 0.000000000000000000 ) ) ;
#8197 = PRODUCT_DEFINITION_SHAPE ( 'NONE', 'NONE',  #6665 ) ;
#8198 = ADVANCED_FACE ( 'NONE', ( #8614 ), #4516, .F. ) ;
#8199 = CARTESIAN_POINT ( 'NONE',  ( 31.44263793984587707, 50.65679534101006709, -0.000000000000000000 ) ) ;
#8200 = APPLICATION_PROTOCOL_DEFINITION ( 'international standard', 'config_control_design', 1994, #634 ) ;
#8201 = VECTOR ( 'NONE', #9544, 1000.000000000000000 ) ;
#8202 = PERSON ( 'NAUO-PER21', 'UNSPECIFIED', 'UNSPECIFIED', ('UNSPECIFIED'), ('UNSPECIFIED'), ('UNSPECIFIED') ) ;
#8203 = EDGE_CURVE ( 'NONE', #3350, #5900, #5577, .T. ) ;
#8204 = EDGE_CURVE ( 'NONE', #2254, #1540, #2639, .T. ) ;
#8205 = VERTEX_POINT ( 'NONE', #9319 ) ;
#8206 = CARTESIAN_POINT ( 'NONE',  ( -21.65679534101080606, -33.55736206015234302, -0.000000000000000000 ) ) ;
#8207 = DIRECTION ( 'NONE',  ( 0.000000000000000000, 1.000000000000000000, -0.000000000000000000 ) ) ;
#8208 = LOCAL_TIME ( 6, 20, 33.00000000000000000, #9224 ) ;
#8209 = PLANE ( 'NONE',  #9239 ) ;
#8210 = EDGE_LOOP ( 'NONE', ( #9170, #5956, #8485, #5417 ) ) ;
#8211 = CARTESIAN_POINT ( 'NONE',  ( -20.00000000000000000, -1.200000000000000030E-05, 12.00000000000000000 ) ) ;
#8212 = FACE_BOUND ( 'NONE', #5345, .T. ) ;
#8213 = CALENDAR_DATE ( 2026, 18, 9 ) ;
#8214 = LOCAL_TIME ( 6, 20, 33.00000000000000000, #5 ) ;
#8215 = CALENDAR_DATE ( 2026, 18, 9 ) ;
#8216 = EDGE_CURVE ( 'NONE', #6935, #224, #4457, .T. ) ;
#8217 = CARTESIAN_POINT ( 'NONE',  ( 1.951074882875576399, 1.724777374260472396, -0.000000000000000000 ) ) ;
#8218 = EDGE_LOOP ( 'NONE', ( #1072, #3087, #4625, #10521 ) ) ;
#8219 = APPROVAL_PERSON_ORGANIZATION ( #2850, #1288, #4670 ) ;
#8220 = B_SPLINE_CURVE_WITH_KNOTS ( 'NONE', 3,
 ( #8076, #6565, #10735, #8181, #3878, #3164, #7237, #10624, #8239, #701, #2224, #3924, #6455, #9018, #4043, #7402, #9960, #2392 ),
 .UNSPECIFIED., .F., .F.,
 ( 4, 2, 2, 2, 2, 2, 2, 2, 4 ),
 ( 0.000000000000000000, 0.06250000000000000000, 0.1250000000000000000, 0.1875000000000000000, 0.2500000000000000000, 0.3125000000000000000, 0.3750000000000000000, 0.4375000000000000000, 0.5000000000000000000 ),
 .UNSPECIFIED. ) ;
#8221 = VERTEX_POINT ( 'NONE', #880 ) ;
#8222 = DIRECTION ( 'NONE',  ( -0.000000000000000000, -0.000000000000000000, 1.000000000000000000 ) ) ;
#8223 = DIRECTION ( 'NONE',  ( 0.000000000000000000, 0.000000000000000000, 1.000000000000000000 ) ) ;
#8224 = CARTESIAN_POINT ( 'NONE',  ( -20.00000000000000000, 12.00000000000000000, 2.000000000000000000 ) ) ;
#8225 = CYLINDRICAL_SURFACE ( 'NONE', #2134, 1.700000000000000178 ) ;
#8226 = DIRECTION ( 'NONE',  ( 1.000000000000000000, 0.000000000000000000, 0.000000000000000000 ) ) ;
#8227 = DATE_AND_TIME ( #9011, #3092 ) ;
#8228 = CARTESIAN_POINT ( 'NONE',  ( 6.000000000000000000, 0.000000000000000000, 0.000000000000000000 ) ) ;
#8229 = DATE_TIME_ROLE ( 'classification_date' ) ;
#8230 = APPROVAL ( #552, 'UNKNOWN' ) ;
#8231 = LOCAL_TIME ( 6, 20, 33.00000000000000000, #10508 ) ;
#8232 = CC_DESIGN_PERSON_AND_ORGANIZATION_ASSIGNMENT ( #6880, #986, ( #2564 ) ) ;
#8233 = VECTOR ( 'NONE', #3337, 1000.000000000000000 ) ;
#8234 = EDGE_LOOP ( 'NONE', ( #6246, #3550, #3876, #9685 ) ) ;
#8235 = DIRECTION ( 'NONE',  ( 1.000000000000000000, -0.000000000000000000, -0.000000000000000000 ) ) ;
#8236 = AXIS2_PLACEMENT_3D ( 'NONE', #5149, #974, #3507 ) ;
#8237 = ORIENTED_EDGE ( 'NONE', *, *, #1263, .F. ) ;
#8238 = DIRECTION ( 'NONE',  ( 1.000000000000000000, 0.000000000000000000, 0.000000000000000000 ) ) ;
#8239 = CARTESIAN_POINT ( 'NONE',  ( -19.77491600511452674, -4.300069511235978581, 0.000000000000000000 ) ) ;
#8240 = CYLINDRICAL_SURFACE ( 'NONE', #2871, 8.099999999999999645 ) ;
#8241 = VECTOR ( 'NONE', #7300, 1000.000000000000000 ) ;
#8242 = CARTESIAN_POINT ( 'NONE',  ( 0.000000000000000000, 0.000000000000000000, 0.000000000000000000 ) ) ;
#8243 = EDGE_CURVE ( 'NONE', #2168, #10231, #7644, .T. ) ;
#8244 = CARTESIAN_POINT ( 'NONE',  ( -10.65679534101080783, 31.44263793984766764, -0.000000000000000000 ) ) ;
#8245 =( GEOMETRIC_REPRESENTATION_CONTEXT ( 3 ) GLOBAL_UNCERTAINTY_ASSIGNED_CONTEXT ( ( #3715 ) ) GLOBAL_UNIT_ASSIGNED_CONTEXT ( ( #1704, #6658, #4999 ) ) REPRESENTATION_CONTEXT ( 'NONE', 'WORKASPACE' ) );
#8246 = ORIENTED_EDGE ( 'NONE', *, *, #9356, .T. ) ;
#8247 = VECTOR ( 'NONE', #1525, 1000.000000000000000 ) ;
#8248 = EDGE_CURVE ( 'NONE', #9712, #1280, #2952, .T. ) ;
#8249 = CIRCLE ( 'NONE', #10726, 14.00000000000000000 ) ;
#8250 = LINE ( 'NONE', #9078, #1403 ) ;
#8251 = EDGE_LOOP ( 'NONE', ( #5115, #4634, #4524, #1229 ) ) ;
#8252 = CARTESIAN_POINT ( 'NONE',  ( 18.95712604296891968, -4.638809204729581026, 0.000000000000000000 ) ) ;
#8253 = VECTOR ( 'NONE', #3129, 1000.000000000000000 ) ;
#8254 = CARTESIAN_POINT ( 'NONE',  ( 0.000000000000000000, 0.000000000000000000, 83.00000000000000000 ) ) ;
#8255 = FACE_BOUND ( 'NONE', #5079, .T. ) ;
#8256 = AXIS2_PLACEMENT_3D ( 'NONE', #4929, #9912, #8348 ) ;
#8257 = CIRCLE ( 'NONE', #3844, 1.700000000000007061 ) ;
#8258 = VECTOR ( 'NONE', #10310, 1000.000000000000000 ) ;
#8260 = EDGE_CURVE ( 'NONE', #2247, #7132, #1912, .T. ) ;
#8259 = ORIENTED_EDGE ( 'NONE', *, *, #3578, .T. ) ;
#8261 = PLANE ( 'NONE',  #6458 ) ;
#8262 = AXIS2_PLACEMENT_3D ( 'NONE', #2541, #5122, #7657 ) ;
#8263 = FACE_OUTER_BOUND ( 'NONE', #8727, .T. ) ;
#8264 = PERSON_AND_ORGANIZATION_ROLE ( 'design_supplier' ) ;
#8265 = APPROVAL_STATUS ( 'not_yet_approved' ) ;
#8266 = ORIENTED_EDGE ( 'NONE', *, *, #253, .F. ) ;
#8267 = UNCERTAINTY_MEASURE_WITH_UNIT (LENGTH_MEASURE( 1.000000000000000082E-05 ), #9437, 'distance_accuracy_value', 'NONE');
#8268 = CARTESIAN_POINT ( 'NONE',  ( -18.34333309900548770, -33.55741526174832501, -0.000000000000000000 ) ) ;
#8269 = CARTESIAN_POINT ( 'NONE',  ( 0.000000000000000000, 77.50000000000000000, 0.000000000000000000 ) ) ;
#8270 = AXIS2_PLACEMENT_3D ( 'NONE', #6574, #10582, #6408 ) ;
#8271 = CARTESIAN_POINT ( 'NONE',  ( 29.95712604296772952, 0.000000000000000000, 19.63880920473243918 ) ) ;
#8273 = EDGE_CURVE ( 'NONE', #274, #4879, #5057, .T. ) ;
#8272 = VERTEX_POINT ( 'NONE', #10316 ) ;
#8274 = FACE_OUTER_BOUND ( 'NONE', #8027, .T. ) ;
#8275 = EDGE_CURVE ( 'NONE', #6269, #7820, #6926, .T. ) ;
#8276 = CARTESIAN_POINT ( 'NONE',  ( -12.00000000000000000, 7.000000000000000000, 5.000000000000000000 ) ) ;
#8277 = PERSON_AND_ORGANIZATION_ROLE ( 'creator' ) ;
#8278 = VECTOR ( 'NONE', #796, 1000.000000000000000 ) ;
#8279 = PERSON_AND_ORGANIZATION_ROLE ( 'classification_officer' ) ;
#8280 = CARTESIAN_POINT ( 'NONE',  ( 0.000000000000000000, 0.000000000000000000, 2.000000000000000000 ) ) ;
#8281 = VERTEX_POINT ( 'NONE', #9374 ) ;
#8282 = VECTOR ( 'NONE', #3623, 1000.000000000000000 ) ;
#8283 = VERTEX_POINT ( 'NONE', #1819 ) ;
#8284 = PLANE ( 'NONE',  #6327 ) ;
#8285 = PLANE ( 'NONE',  #10357 ) ;
#8286 = DIRECTION ( 'NONE',  ( 0.000000000000000000, 1.000000000000000000, 0.000000000000000000 ) ) ;
#8287 = ADVANCED_FACE ( 'NONE', ( #1767 ), #5109, .F. ) ;
#8288 = CARTESIAN_POINT ( 'NONE',  ( 29.30000000000000071, 31.00000000000000000, -6.000000000000000152E-06 ) ) ;
#8289 = CARTESIAN_POINT ( 'NONE',  ( 10.37022664714423037, 9.408763276675834675, 8.337751006154990208 ) ) ;
#8290 = APPROVAL_ROLE ( '' ) ;
#8291 = COORDINATED_UNIVERSAL_TIME_OFFSET ( 5, 0, .BEHIND. ) ;
#8292 = CLOSED_SHELL ( 'NONE', ( #5861, #2706, #8676, #2265, #7182, #3080, #777, #4959, #1102, #9901, #9971, #3908, #5702, #10171, #3010 ) ) ;
#8293 = ORIENTED_EDGE ( 'NONE', *, *, #10783, .F. ) ;
#8294 = CARTESIAN_POINT ( 'NONE',  ( -10.50000000000000000, 80.50000000000000000, 2.200000000000002398 ) ) ;
#8295 = ORIENTED_EDGE ( 'NONE', *, *, #7993, .T. ) ;
#8296 = FACE_OUTER_BOUND ( 'NONE', #734, .T. ) ;
#8297 = CARTESIAN_POINT ( 'NONE',  ( -9.442584738252207899, -0.000000000000000000, 19.34333309900601705 ) ) ;
#8298 = CARTESIAN_POINT ( 'NONE',  ( -22.00000000000000000, 84.00000000000000000, 8.000000000000000000 ) ) ;
#8299 = APPROVAL ( #603, 'ๆช' ) ;
#8300 = DIRECTION ( 'NONE',  ( 0.000000000000000000, 0.000000000000000000, 1.000000000000000000 ) ) ;
#8301 = CARTESIAN_POINT ( 'NONE',  ( -22.00000000000000000, 84.00000000000000000, 8.000000000000000000 ) ) ;
#8302 = CIRCLE ( 'NONE', #4068, 1.699999999999998401 ) ;
#8303 = ORIENTED_EDGE ( 'NONE', *, *, #3780, .T. ) ;
#8304 = CYLINDRICAL_SURFACE ( 'NONE', #510, 1.700000000000000178 ) ;
#8305 = ORIENTED_EDGE ( 'NONE', *, *, #673, .T. ) ;
#8306 = CARTESIAN_POINT ( 'NONE',  ( 21.65666690099438441, -5.557415261748373858, -0.000000000000000000 ) ) ;
#8307 = ORIENTED_EDGE ( 'NONE', *, *, #661, .F. ) ;
#8308 = DIRECTION ( 'NONE',  ( 0.000000000000000000, 0.000000000000000000, 1.000000000000000000 ) ) ;
#8309 = CARTESIAN_POINT ( 'NONE',  ( 11.63116903760836074, 7.792703007474886867, 8.797940933140290909 ) ) ;
#8310 = EDGE_CURVE ( 'NONE', #7984, #5258, #10358, .T. ) ;
#8311 = ORIENTED_EDGE ( 'NONE', *, *, #1864, .T. ) ;
#8312 = CARTESIAN_POINT ( 'NONE',  ( 20.44258473825274791, -0.000000000000000000, 13.65666690099345892 ) ) ;
#8313 = FACE_OUTER_BOUND ( 'NONE', #3225, .T. ) ;
#8314 = DATE_AND_TIME ( #7010, #10518 ) ;
#8315 = APPROVAL_ROLE ( '' ) ;
#8316 = EDGE_CURVE ( 'NONE', #6436, #8863, #841, .T. ) ;
#8317 = LINE ( 'NONE', #9094, #5425 ) ;
#8318 = CARTESIAN_POINT ( 'NONE',  ( 3.000000000000000000, 146.0000000000000000, 83.00000000000000000 ) ) ;
#8319 = DIRECTION ( 'NONE',  ( -1.000000000000000000, 0.000000000000000000, 0.000000000000000000 ) ) ;
#8320 = ORIENTED_EDGE ( 'NONE', *, *, #9050, .T. ) ;
#8321 = FACE_BOUND ( 'NONE', #7863, .T. ) ;
#8322 = CARTESIAN_POINT ( 'NONE',  ( -10.50000000000000000, 80.50000000000000000, -1.200000000000000030E-05 ) ) ;
#8323 = PERSON_AND_ORGANIZATION_ROLE ( 'creator' ) ;
#8324 = APPROVAL_STATUS ( 'not_yet_approved' ) ;
#8325 = EDGE_CURVE ( 'NONE', #13, #1395, #9425, .T. ) ;
#8326 = ADVANCED_FACE ( 'NONE', ( #8598 ), #1875, .T. ) ;
#8327 = DIRECTION ( 'NONE',  ( -1.000000000000000000, -0.000000000000000000, -0.000000000000000000 ) ) ;
#8328 = ORIENTED_EDGE ( 'NONE', *, *, #7914, .T. ) ;
#8329 = ORIENTED_EDGE ( 'NONE', *, *, #1053, .F. ) ;
#8330 = ORIENTED_EDGE ( 'NONE', *, *, #8466, .T. ) ;
#8331 = CARTESIAN_POINT ( 'NONE',  ( 35.00000000000000000, 0.000000000000000000, 0.000000000000000000 ) ) ;
#8332 = FACE_OUTER_BOUND ( 'NONE', #10756, .T. ) ;
#8333 = DIRECTION ( 'NONE',  ( 0.000000000000000000, 0.000000000000000000, -1.000000000000000000 ) ) ;
#8334 = CARTESIAN_POINT ( 'NONE',  ( -0.5999999999999999778, 13.98713694792468587, 12.00000000000000000 ) ) ;
#8335 = CARTESIAN_POINT ( 'NONE',  ( 35.00000000000000000, -70.00000000000000000, 0.000000000000000000 ) ) ;
#8336 = DATE_AND_TIME ( #6614, #7662 ) ;
#8337 = PERSON_AND_ORGANIZATION ( #6743, #3319 ) ;
#8338 = PERSON ( 'NAUO-PER5', 'UNSPECIFIED', 'UNSPECIFIED', ('UNSPECIFIED'), ('UNSPECIFIED'), ('UNSPECIFIED') ) ;
#8339 = EDGE_CURVE ( 'NONE', #2182, #7748, #10785, .T. ) ;
#8340 = EDGE_CURVE ( 'NONE', #10132, #4607, #8673, .T. ) ;
#8341 = VECTOR ( 'NONE', #10410, 1000.000000000000000 ) ;
#8342 = ORIENTED_EDGE ( 'NONE', *, *, #10387, .T. ) ;
#8343 = DIRECTION ( 'NONE',  ( 0.000000000000000000, 1.000000000000000000, 0.000000000000000000 ) ) ;
#8344 = ORIENTED_EDGE ( 'NONE', *, *, #2130, .F. ) ;
#8345 = CARTESIAN_POINT ( 'NONE',  ( 40.00000000000000000, 40.00000000000000000, 40.00000000000000000 ) ) ;
#8346 = LINE ( 'NONE', #4148, #5926 ) ;
#8347 = CARTESIAN_POINT ( 'NONE',  ( -11.59999999999999964, 67.50000000000000000, 0.000000000000000000 ) ) ;
#8348 = DIRECTION ( 'NONE',  ( 1.000000000000000000, 0.000000000000000000, 0.000000000000000000 ) ) ;
#8349 = VECTOR ( 'NONE', #4868, 1000.000000000000000 ) ;
#8350 = CARTESIAN_POINT ( 'NONE',  ( -20.00000000000000000, -6.000000000000000152E-06, 13.70000000000000107 ) ) ;
#8351 = ORIENTED_EDGE ( 'NONE', *, *, #8204, .T. ) ;
#8352 = APPROVAL ( #6215, 'UNKNOWN' ) ;
#8353 = VECTOR ( 'NONE', #1097, 1000.000000000000000 ) ;
#8354 = ORIENTED_EDGE ( 'NONE', *, *, #7967, .T. ) ;
#8355 = CARTESIAN_POINT ( 'NONE',  ( 35.00000000000000000, -70.00000000000000000, 5.000000000000000000 ) ) ;
#8356 = ORIENTED_EDGE ( 'NONE', *, *, #6572, .F. ) ;
#8357 = CARTESIAN_POINT ( 'NONE',  ( 0.000000000000000000, 0.000000000000000000, 0.000000000000000000 ) ) ;
#8358 = DIRECTION ( 'NONE',  ( 1.000000000000000000, 0.000000000000000000, 0.000000000000000000 ) ) ;
#8359 = ORIENTED_EDGE ( 'NONE', *, *, #8067, .F. ) ;
#8360 = DIRECTION ( 'NONE',  ( 0.000000000000000000, 0.000000000000000000, 1.000000000000000000 ) ) ;
#8361 = CARTESIAN_POINT ( 'NONE',  ( 0.000000000000000000, 14.00000000000000000, 0.000000000000000000 ) ) ;
#8362 = ADVANCED_FACE ( 'NONE', ( #2752 ), #6163, .F. ) ;
#8363 = APPLICATION_CONTEXT ( 'configuration controlled 3d designs of mechanical parts and assemblies' ) ;
#8364 = CALENDAR_DATE ( 2026, 18, 9 ) ;
#8365 = CC_DESIGN_PERSON_AND_ORGANIZATION_ASSIGNMENT ( #8337, #9179, ( #10707 ) ) ;
#8366 = CC_DESIGN_PERSON_AND_ORGANIZATION_ASSIGNMENT ( #5851, #4265, ( #7687 ) ) ;
#8367 = DESIGN_CONTEXT ( 'detailed design', #3850, 'design' ) ;
#8368 = CARTESIAN_POINT ( 'NONE',  ( -21.69999999999999929, -34.00000000000000000, -1.200000000000000030E-05 ) ) ;
#8369 = DIRECTION ( 'NONE',  ( 0.000000000000000000, 0.000000000000000000, -1.000000000000000000 ) ) ;
#8370 = CARTESIAN_POINT ( 'NONE',  ( 6.000000000000000000, 1.300000000000000044, -0.09997027095160138099 ) ) ;
#8371 = CC_DESIGN_APPROVAL ( #10072, ( #9967 ) ) ;
#8372 = VERTEX_POINT ( 'NONE', #2903 ) ;
#8373 = CARTESIAN_POINT ( 'NONE',  ( -21.00000000000000000, 0.000000000000000000, 0.000000000000000000 ) ) ;
#8374 = CARTESIAN_POINT ( 'NONE',  ( 0.000000000000000000, 0.000000000000000000, 0.000000000000000000 ) ) ;
#8375 = VECTOR ( 'NONE', #554, 1000.000000000000000 ) ;
#8376 = EDGE_CURVE ( 'NONE', #7748, #2182, #10644, .T. ) ;
#8377 = DATE_TIME_ROLE ( 'classification_date' ) ;
#8378 = DATE_TIME_ROLE ( 'classification_date' ) ;
#8379 = LOCAL_TIME ( 6, 20, 33.00000000000000000, #7899 ) ;
#8380 = FACE_OUTER_BOUND ( 'NONE', #4272, .T. ) ;
#8381 = ORIENTED_EDGE ( 'NONE', *, *, #7658, .T. ) ;
#8382 = VERTEX_POINT ( 'NONE', #4061 ) ;
#8383 = ORIENTED_EDGE ( 'NONE', *, *, #10771, .F. ) ;
#8384 = CARTESIAN_POINT ( 'NONE',  ( 18.51560493047243483, -33.14151426980636472, 0.000000000000000000 ) ) ;
#8385 = CARTESIAN_POINT ( 'NONE',  ( 0.000000000000000000, 0.000000000000000000, 12.00000000000000000 ) ) ;
#8386 = CARTESIAN_POINT ( 'NONE',  ( 18.51547649045573962, -6.858538931789229132, -0.000000000000000000 ) ) ;
#8387 = APPROVAL_PERSON_ORGANIZATION ( #823, #2894, #9260 ) ;
#8388 = PLANE ( 'NONE',  #7760 ) ;
#8389 = CARTESIAN_POINT ( 'NONE',  ( 9.590710974038341163, 10.19958241540039801, 8.790803639638935962 ) ) ;
#8390 = ADVANCED_FACE ( 'NONE', ( #8313 ), #717, .F. ) ;
#8391 = PERSON_AND_ORGANIZATION_ROLE ( 'design_supplier' ) ;
#8392 = ADVANCED_FACE ( 'NONE', ( #10857 ), #6418, .F. ) ;
#8393 = DATE_AND_TIME ( #7444, #5745 ) ;
#8394 = PRODUCT_DEFINITION_FORMATION_WITH_SPECIFIED_SOURCE ( 'ไป', '', #1329, .NOT_KNOWN. ) ;
#8395 = ORIENTED_EDGE ( 'NONE', *, *, #2949, .T. ) ;
#8396 = CARTESIAN_POINT ( 'NONE',  ( 0.000000000000000000, 0.000000000000000000, 0.000000000000000000 ) ) ;
#8397 = ORIENTED_EDGE ( 'NONE', *, *, #308, .F. ) ;
#8398 = CARTESIAN_POINT ( 'NONE',  ( 18.30006951123504777, 0.000000000000000000, 11.77491600511191550 ) ) ;
#8399 = CARTESIAN_POINT ( 'NONE',  ( -8.774916005115503737, 50.69993048876346364, 0.000000000000000000 ) ) ;
#8400 = PLANE ( 'NONE',  #5336 ) ;
#8401 = EDGE_CURVE ( 'NONE', #8112, #317, #8143, .T. ) ;
#8402 = EDGE_CURVE ( 'NONE', #3732, #10296, #3066, .T. ) ;
#8403 = APPROVAL_PERSON_ORGANIZATION ( #4037, #3630, #9902 ) ;
#8404 = CARTESIAN_POINT ( 'NONE',  ( 20.00000000000000000, -34.00000000000000000, -1.200000000000000030E-05 ) ) ;
#8405 = VERTEX_POINT ( 'NONE', #9090 ) ;
#8406 = VECTOR ( 'NONE', #10612, 1000.000000000000000 ) ;
#8407 = AXIS2_PLACEMENT_3D ( 'NONE', #10805, #7303, #1538 ) ;
#8408 = VERTEX_POINT ( 'NONE', #9872 ) ;
#8409 = CARTESIAN_POINT ( 'NONE',  ( 24.30000000000000071, 0.000000000000000000, 0.000000000000000000 ) ) ;
#8410 = AXIS2_PLACEMENT_3D ( 'NONE', #10637, #8196, #3999 ) ;
#8411 = EDGE_LOOP ( 'NONE', ( #4236, #7266, #8007, #7126 ) ) ;
#8412 = CARTESIAN_POINT ( 'NONE',  ( -12.00000000000000000, -7.000000000000000000, 13.29999999999999893 ) ) ;
#8413 = CARTESIAN_POINT ( 'NONE',  ( -11.59999999999999964, 62.50000000000000000, -1.200000000000000030E-05 ) ) ;
#8414 = ORIENTED_EDGE ( 'NONE', *, *, #3930, .F. ) ;
#8415 = DIRECTION ( 'NONE',  ( -0.000000000000000000, -0.000000000000000000, 1.000000000000000000 ) ) ;
#8416 = EDGE_CURVE ( 'NONE', #1486, #8915, #7341, .T. ) ;
#8417 = AXIS2_PLACEMENT_3D ( 'NONE', #1299, #10411, #2950 ) ;
#8418 = CARTESIAN_POINT ( 'NONE',  ( -7.300069511236165098, 0.000000000000000000, 21.22508399488502207 ) ) ;
#8419 = VECTOR ( 'NONE', #1653, 1000.000000000000000 ) ;
#8420 = DATE_TIME_ROLE ( 'classification_date' ) ;
#8421 = VECTOR ( 'NONE', #2586, 1000.000000000000000 ) ;
#8422 =( GEOMETRIC_REPRESENTATION_CONTEXT ( 3 ) GLOBAL_UNCERTAINTY_ASSIGNED_CONTEXT ( ( #311 ) ) GLOBAL_UNIT_ASSIGNED_CONTEXT ( ( #6878, #2686, #6039 ) ) REPRESENTATION_CONTEXT ( 'NONE', 'WORKASPACE' ) );
#8423 = DIRECTION ( 'NONE',  ( 0.000000000000000000, 0.000000000000000000, -1.000000000000000000 ) ) ;
#8424 = CARTESIAN_POINT ( 'NONE',  ( -10.49999999999999822, 59.50000000000000000, 2.200000000000001510 ) ) ;
#8425 = VECTOR ( 'NONE', #8762, 1000.000000000000000 ) ;
#8426 = CARTESIAN_POINT ( 'NONE',  ( -11.63433600334116846, 7.787970427872258128, 8.802702401752442896 ) ) ;
#8427 = VECTOR ( 'NONE', #2112, 1000.000000000000000 ) ;
#8428 = ORIENTED_EDGE ( 'NONE', *, *, #5269, .F. ) ;
#8429 = CARTESIAN_POINT ( 'NONE',  ( -7.515476490456402203, -0.000000000000000000, 2.141461068209736585 ) ) ;
#8430 = CC_DESIGN_PERSON_AND_ORGANIZATION_ASSIGNMENT ( #5328, #489, ( #6236 ) ) ;
#8431 = CARTESIAN_POINT ( 'NONE',  ( 0.000000000000000000, 72.50000000000000000, 6.000000000000000000 ) ) ;
#8432 = APPROVAL ( #6213, 'ๆช' ) ;
#8433 = LOCAL_TIME ( 6, 20, 33.00000000000000000, #9287 ) ;
#8434 = APPLICATION_PROTOCOL_DEFINITION ( 'international standard', 'config_control_design', 1994, #1049 ) ;
#8435 = LINE ( 'NONE', #3570, #1927 ) ;
#8436 = VECTOR ( 'NONE', #7604, 1000.000000000000000 ) ;
#8437 = COORDINATED_UNIVERSAL_TIME_OFFSET ( 5, 0, .BEHIND. ) ;
#8438 = AXIS2_PLACEMENT_3D ( 'NONE', #4475, #6059, #6116 ) ;
#8439 = CARTESIAN_POINT ( 'NONE',  ( 10.72380529476361133, 9.000000000000000000, 8.300000000000000711 ) ) ;
#8440 = EDGE_LOOP ( 'NONE', ( #1885, #9004, #6515, #6425, #10863, #6237, #1792, #6681, #7797, #4585, #3133, #10522 ) ) ;
#8441 = ORIENTED_EDGE ( 'NONE', *, *, #3662, .T. ) ;
#8442 = ORIENTED_EDGE ( 'NONE', *, *, #1671, .F. ) ;
#8443 = DIRECTION ( 'NONE',  ( -1.000000000000000000, 0.000000000000000000, 0.000000000000000000 ) ) ;
#8444 = CYLINDRICAL_SURFACE ( 'NONE', #1034, 1.700000000000000178 ) ;
#8445 = DIRECTION ( 'NONE',  ( 0.000000000000000000, -1.000000000000000000, 0.000000000000000000 ) ) ;
#8446 = FACE_OUTER_BOUND ( 'NONE', #9641, .T. ) ;
#8447 = VECTOR ( 'NONE', #9737, 1000.000000000000000 ) ;
#8448 = LINE ( 'NONE', #9498, #3303 ) ;
#8449 = EDGE_CURVE ( 'NONE', #9735, #1661, #5927, .T. ) ;
#8450 = DATE_AND_TIME ( #8620, #2910 ) ;
#8451 = APPROVAL_STATUS ( 'not_yet_approved' ) ;
#8452 = VERTEX_POINT ( 'NONE', #2243 ) ;
#8453 = AXIS2_PLACEMENT_3D ( 'NONE', #6221, #10445, #2157 ) ;
#8454 = ADVANCED_FACE ( 'NONE', ( #8263 ), #2355, .F. ) ;
#8455 = ORIENTED_EDGE ( 'NONE', *, *, #9195, .F. ) ;
#8456 = CARTESIAN_POINT ( 'NONE',  ( 0.000000000000000000, 3.000000000000000000, 0.000000000000000000 ) ) ;
#8457 = ORIENTED_EDGE ( 'NONE', *, *, #50, .T. ) ;
#8458 = ORIENTED_EDGE ( 'NONE', *, *, #3276, .T. ) ;
#8459 = FACE_OUTER_BOUND ( 'NONE', #5531, .T. ) ;
#8460 = PLANE ( 'NONE',  #2068 ) ;
#8461 = FACE_OUTER_BOUND ( 'NONE', #681, .T. ) ;
#8462 = VECTOR ( 'NONE', #4998, 1000.000000000000000 ) ;
#8463 = FACE_BOUND ( 'NONE', #4387, .T. ) ;
#8464 = ORIENTED_EDGE ( 'NONE', *, *, #791, .F. ) ;
#8465 = EDGE_CURVE ( 'NONE', #1997, #4600, #4888, .T. ) ;
#8466 = EDGE_CURVE ( 'NONE', #6830, #188, #3521, .T. ) ;
#8467 = VERTEX_POINT ( 'NONE', #3125 ) ;
#8468 = CARTESIAN_POINT ( 'NONE',  ( 137.7000000000000171, 0.000000000000000000, -6.000000000000000152E-06 ) ) ;
#8469 = APPROVAL_PERSON_ORGANIZATION ( #6029, #7608, #4166 ) ;
#8470 = ORIENTED_EDGE ( 'NONE', *, *, #8140, .T. ) ;
#8471 = CARTESIAN_POINT ( 'NONE',  ( -18.30006951123579384, 0.000000000000000000, 12.22508399488629394 ) ) ;
#8472 = DIRECTION ( 'NONE',  ( -1.000000000000000000, 0.000000000000000000, -0.000000000000000000 ) ) ;
#8473 = LINE ( 'NONE', #37, #370 ) ;
#8474 = CLOSED_SHELL ( 'NONE', ( #8988, #1055, #6583, #2774, #2004, #1916 ) ) ;
#8475 = DIRECTION ( 'NONE',  ( 0.000000000000000000, 1.000000000000000000, 0.000000000000000000 ) ) ;
#8476 = CARTESIAN_POINT ( 'NONE',  ( -9.000000000000000000, -6.000000000000000152E-06, 22.70000000000000284 ) ) ;
#8477 = DATE_AND_TIME ( #5919, #4063 ) ;
#8478 = ADVANCED_BREP_SHAPE_REPRESENTATION ( '', ( #4134, #7172 ), #1021 ) ;
#8479 = UNCERTAINTY_MEASURE_WITH_UNIT (LENGTH_MEASURE( 1.000000000000000082E-05 ), #4712, 'distance_accuracy_value', 'NONE');
#8480 = EDGE_CURVE ( 'NONE', #1587, #9721, #1022, .T. ) ;
#8481 = EDGE_CURVE ( 'NONE', #8594, #3186, #5652, .T. ) ;
#8482 = PLANE ( 'NONE',  #7723 ) ;
#8483 = CARTESIAN_POINT ( 'NONE',  ( -0.5999999999999998668, 9.000000000000000000, 10.20000000000000107 ) ) ;
#8484 = CARTESIAN_POINT ( 'NONE',  ( 29.95702773923763829, -0.000000000000000000, 22.36128909900410378 ) ) ;
#8485 = ORIENTED_EDGE ( 'NONE', *, *, #9616, .T. ) ;
#8486 = CARTESIAN_POINT ( 'NONE',  ( -18.30000000000000071, -34.00000000000000000, -1.200000000000000030E-05 ) ) ;
#8487 = DIRECTION ( 'NONE',  ( 1.000000000000000000, 0.000000000000000000, 0.000000000000000000 ) ) ;
#8488 = PERSON_AND_ORGANIZATION_ROLE ( 'design_owner' ) ;
#8489 = CARTESIAN_POINT ( 'NONE',  ( 0.000000000000000000, 0.000000000000000000, 16.00000000000000000 ) ) ;
#8490 = APPROVAL_ROLE ( '' ) ;
#8491 = CARTESIAN_POINT ( 'NONE',  ( 10.00000000000000000, 19.50000000000000000, 0.000000000000000000 ) ) ;
#8492 = CC_DESIGN_DATE_AND_TIME_ASSIGNMENT ( #2244, #550, ( #8572 ) ) ;
#8493 = ORIENTED_EDGE ( 'NONE', *, *, #1040, .F. ) ;
#8494 = VERTEX_POINT ( 'NONE', #4833 ) ;
#8495 = PLANE ( 'NONE',  #9169 ) ;
#8496 = CARTESIAN_POINT ( 'NONE',  ( -20.00000000000000000, -1.200000000000000030E-05, 10.30000000000000071 ) ) ;
#8497 = CARTESIAN_POINT ( 'NONE',  ( -12.00000000000000000, -7.000000000000000000, 5.000000000000000000 ) ) ;
#8498 = DIRECTION ( 'NONE',  ( 0.000000000000000000, 0.000000000000000000, -1.000000000000000000 ) ) ;
#8499 = CARTESIAN_POINT ( 'NONE',  ( 31.60000000000000142, 77.50000000000000000, 0.000000000000000000 ) ) ;
#8500 = COORDINATED_UNIVERSAL_TIME_OFFSET ( 5, 0, .BEHIND. ) ;
#8501 = APPROVAL_STATUS ( 'not_yet_approved' ) ;
#8502 = DIRECTION ( 'NONE',  ( 0.000000000000000000, 1.000000000000000000, 0.000000000000000000 ) ) ;
#8503 = CC_DESIGN_PERSON_AND_ORGANIZATION_ASSIGNMENT ( #10237, #2504, ( #1448 ) ) ;
#8504 = ORIENTED_EDGE ( 'NONE', *, *, #6568, .F. ) ;
#8505 = FACE_BOUND ( 'NONE', #10851, .T. ) ;
#8506 = VERTEX_POINT ( 'NONE', #6700 ) ;
#8507 = VERTEX_POINT ( 'NONE', #2679 ) ;
#8508 = LINE ( 'NONE', #9284, #4225 ) ;
#8509 = CARTESIAN_POINT ( 'NONE',  ( 32.70006951123653494, -0.000000000000000000, 2.774916005115124484 ) ) ;
#8510 = CARTESIAN_POINT ( 'NONE',  ( 31.00000000000000000, 81.00000000000000000, 3.000000000000000000 ) ) ;
#8511 = CALENDAR_DATE ( 2026, 18, 9 ) ;
#8512 = DIRECTION ( 'NONE',  ( -0.000000000000000000, 1.000000000000000000, -0.000000000000000000 ) ) ;
#8513 = ADVANCED_FACE ( 'NONE', ( #1810 ), #209, .F. ) ;
#8514 = COORDINATED_UNIVERSAL_TIME_OFFSET ( 5, 0, .BEHIND. ) ;
#8515 = VECTOR ( 'NONE', #8903, 1000.000000000000000 ) ;
#8516 = ORIENTED_EDGE ( 'NONE', *, *, #7502, .T. ) ;
#8517 = ADVANCED_FACE ( 'NONE', ( #3391 ), #1863, .F. ) ;
#8518 = ORIENTED_EDGE ( 'NONE', *, *, #1596, .T. ) ;
#8519 = FACE_OUTER_BOUND ( 'NONE', #2136, .T. ) ;
#8520 = ORIENTED_EDGE ( 'NONE', *, *, #1040, .T. ) ;
#8521 = DIRECTION ( 'NONE',  ( 0.000000000000000000, -1.000000000000000000, 0.000000000000000000 ) ) ;
#8522 = LINE ( 'NONE', #969, #4388 ) ;
#8523 = DIRECTION ( 'NONE',  ( 0.000000000000000000, 0.000000000000000000, -1.000000000000000000 ) ) ;
#8524 = AXIS2_PLACEMENT_3D ( 'NONE', #2283, #4814, #3047 ) ;
#8525 = VERTEX_POINT ( 'NONE', #813 ) ;
#8526 = CARTESIAN_POINT ( 'NONE',  ( -11.59999999999999964, 67.50000000000000000, 6.000000000000000000 ) ) ;
#8527 = DIRECTION ( 'NONE',  ( -0.000000000000000000, 1.000000000000000000, -0.000000000000000000 ) ) ;
#8528 = EDGE_CURVE ( 'NONE', #1395, #9478, #9466, .T. ) ;
#8529 = APPROVAL_DATE_TIME ( #4400, #9927 ) ;
#8530 = VECTOR ( 'NONE', #10286, 1000.000000000000000 ) ;
#8531 = DIRECTION ( 'NONE',  ( -1.000000000000000000, 0.000000000000000000, 0.000000000000000000 ) ) ;
#8532 = DIRECTION ( 'NONE',  ( -0.000000000000000000, -0.000000000000000000, -1.000000000000000000 ) ) ;
#8533 = CARTESIAN_POINT ( 'NONE',  ( -11.63076285169010582, 7.793297916477738951, 11.20256825068237916 ) ) ;
#8534 = EDGE_LOOP ( 'NONE', ( #1464, #1825, #2396, #8874, #10580 ) ) ;
#8535 = LINE ( 'NONE', #984, #1557 ) ;
#8536 = SECURITY_CLASSIFICATION ( '', '', #729 ) ;
#8537 = DIRECTION ( 'NONE',  ( 0.000000000000000000, 0.000000000000000000, 1.000000000000000000 ) ) ;
#8538 = ADVANCED_FACE ( 'NONE', ( #4399 ), #4991, .F. ) ;
#8539 = ADVANCED_FACE ( 'NONE', ( #10305 ), #5204, .T. ) ;
#8540 = APPROVAL_STATUS ( 'not_yet_approved' ) ;
#8541 = CARTESIAN_POINT ( 'NONE',  ( -21.65679534101080961, -0.000000000000000000, 11.55736206015121326 ) ) ;
#8542 = ITEM_DEFINED_TRANSFORMATION ( 'NONE', 'NONE', #6301,  #7172 ) ;
#8543 = FACE_OUTER_BOUND ( 'NONE', #4374, .T. ) ;
#8544 = LOCAL_TIME ( 6, 20, 33.00000000000000000, #10427 ) ;
#8545 = ORIENTED_EDGE ( 'NONE', *, *, #9820, .F. ) ;
#8546 = ORIENTED_EDGE ( 'NONE', *, *, #870, .F. ) ;
#8547 = ORIENTED_EDGE ( 'NONE', *, *, #534, .T. ) ;
#8548 = FACE_OUTER_BOUND ( 'NONE', #3713, .T. ) ;
#8549 = CARTESIAN_POINT ( 'NONE',  ( 0.000000000000000000, 0.000000000000000000, 0.000000000000000000 ) ) ;
#8550 = DIRECTION ( 'NONE',  ( 0.000000000000000000, 1.000000000000000000, 0.000000000000000000 ) ) ;
#8551 = CARTESIAN_POINT ( 'NONE',  ( 1.951074882875576399, 1.724777374260472396, -0.000000000000000000 ) ) ;
#8552 = CARTESIAN_POINT ( 'NONE',  ( 118.3810499613777267, -11.00000000000000000, 0.000000000000000000 ) ) ;
#8553 = EDGE_CURVE ( 'NONE', #3024, #6273, #10140, .T. ) ;
#8554 = PERSON_AND_ORGANIZATION_ROLE ( 'design_owner' ) ;
#8555 = APPROVAL_PERSON_ORGANIZATION ( #9615, #3771, #4535 ) ;
#8556 = DATE_TIME_ROLE ( 'classification_date' ) ;
#8557 = EDGE_LOOP ( 'NONE', ( #7324, #2538, #3765, #9969 ) ) ;
#8558 = PLANE ( 'NONE',  #10393 ) ;
#8559 = EDGE_LOOP ( 'NONE', ( #6563, #2956, #555, #1748 ) ) ;
#8560 = DIRECTION ( 'NONE',  ( 0.000000000000000000, 0.000000000000000000, -1.000000000000000000 ) ) ;
#8561 = LOCAL_TIME ( 6, 20, 33.00000000000000000, #4076 ) ;
#8562 = ORIENTED_EDGE ( 'NONE', *, *, #5604, .F. ) ;
#8563 = FACE_OUTER_BOUND ( 'NONE', #6886, .T. ) ;
#8564 = CARTESIAN_POINT ( 'NONE',  ( -10.48439506952757228, 49.85848573019364238, 0.000000000000000000 ) ) ;
#8565 = DIRECTION ( 'NONE',  ( 0.000000000000000000, 0.000000000000000000, -1.000000000000000000 ) ) ;
#8566 = APPROVAL_DATE_TIME ( #909, #5393 ) ;
#8567 = CC_DESIGN_DATE_AND_TIME_ASSIGNMENT ( #7039, #10696, ( #4139 ) ) ;
#8568 = DIRECTION ( 'NONE',  ( 0.000000000000000000, 0.000000000000000000, -1.000000000000000000 ) ) ;
#8569 = PRODUCT_DEFINITION ( 'ๆ', '', #5729, #1195 ) ;
#8570 = APPROVAL_DATE_TIME ( #10241, #6525 ) ;
#8571 = ORIENTED_EDGE ( 'NONE', *, *, #7481, .F. ) ;
#8572 = SECURITY_CLASSIFICATION ( '', '', #7139 ) ;
#8573 = AXIS2_PLACEMENT_3D ( 'NONE', #7758, #2680, #9472 ) ;
#8574 = ORIENTED_EDGE ( 'NONE', *, *, #4876, .T. ) ;
#8575 = FACE_OUTER_BOUND ( 'NONE', #3324, .T. ) ;
#8576 = EDGE_CURVE ( 'NONE', #8826, #2627, #5918, .T. ) ;
#8577 = ORIENTED_EDGE ( 'NONE', *, *, #5097, .T. ) ;
#8578 = DIRECTION ( 'NONE',  ( 0.000000000000000000, 0.000000000000000000, 1.000000000000000000 ) ) ;
#8579 = CARTESIAN_POINT ( 'NONE',  ( -9.000000000000000000, -1.200000000000000030E-05, 3.000000000000000000 ) ) ;
#8580 = DIRECTION ( 'NONE',  ( 0.000000000000000000, 0.000000000000000000, 1.000000000000000000 ) ) ;
#8581 = CC_DESIGN_APPROVAL ( #8711, ( #9117 ) ) ;
#8582 = EDGE_LOOP ( 'NONE', ( #5833, #6541 ) ) ;
#8583 = CARTESIAN_POINT ( 'NONE',  ( 0.000000000000000000, 70.00000000000000000, 5.200000000000000178 ) ) ;
#8584 = CARTESIAN_POINT ( 'NONE',  ( 31.60000000000000142, 72.50000000000000000, -1.200000000000000030E-05 ) ) ;
#8585 = VECTOR ( 'NONE', #7224, 1000.000000000000000 ) ;
#8586 = CC_DESIGN_APPROVAL ( #1349, ( #10533 ) ) ;
#8587 = AXIS2_PLACEMENT_3D ( 'NONE', #7137, #5378, #2137 ) ;
#8588 = CARTESIAN_POINT ( 'NONE',  ( 0.000000000000000000, 0.000000000000000000, 68.00000000000000000 ) ) ;
#8589 = DIRECTION ( 'NONE',  ( -0.000000000000000000, -0.000000000000000000, 1.000000000000000000 ) ) ;
#8590 = EDGE_CURVE ( 'NONE', #6987, #2648, #6868, .T. ) ;
#8591 = AXIS2_PLACEMENT_3D ( 'NONE', #7040, #6203, #385 ) ;
#8592 = CARTESIAN_POINT ( 'NONE',  ( -21.00000000000000000, 81.00000000000000000, 6.000000000000000000 ) ) ;
#8593 = VECTOR ( 'NONE', #6080, 1000.000000000000000 ) ;
#8594 = VERTEX_POINT ( 'NONE', #8361 ) ;
#8595 = CARTESIAN_POINT ( 'NONE',  ( -8.774916005114079098, 0.000000000000000000, 1.300069511235792508 ) ) ;
#8596 = SHAPE_REPRESENTATION_RELATIONSHIP ( 'NONE' , 'NONE' ,  #3424, #10714 ) ;
#8597 = VECTOR ( 'NONE', #2755, 1000.000000000000000 ) ;
#8598 = FACE_OUTER_BOUND ( 'NONE', #8837, .T. ) ;
#8599 = PERSON_AND_ORGANIZATION ( #6743, #3319 ) ;
#8600 = CARTESIAN_POINT ( 'NONE',  ( 123.1414610682127631, 1.484523509544901643, -0.000000000000000000 ) ) ;
#8601 = CALENDAR_DATE ( 2026, 18, 9 ) ;
#8602 =( GEOMETRIC_REPRESENTATION_CONTEXT ( 3 ) GLOBAL_UNCERTAINTY_ASSIGNED_CONTEXT ( ( #2733 ) ) GLOBAL_UNIT_ASSIGNED_CONTEXT ( ( #1933, #2741, #1251 ) ) REPRESENTATION_CONTEXT ( 'NONE', 'WORKASPACE' ) );
#8603 = VECTOR ( 'NONE', #5905, 1000.000000000000000 ) ;
#8604 = VECTOR ( 'NONE', #3511, 1000.000000000000000 ) ;
#8605 = LINE ( 'NONE', #5219, #1571 ) ;
#8606 = VECTOR ( 'NONE', #10449, 1000.000000000000000 ) ;
#8607 = ORIENTED_EDGE ( 'NONE', *, *, #8480, .F. ) ;
#8608 = EDGE_CURVE ( 'NONE', #7717, #6450, #4165, .T. ) ;
#8609 = ADVANCED_FACE ( 'NONE', ( #3558 ), #6916, .F. ) ;
#8610 = EDGE_LOOP ( 'NONE', ( #2407, #3756, #5637, #2652 ) ) ;
#8611 = ORIENTED_EDGE ( 'NONE', *, *, #6887, .F. ) ;
#8612 = ORIENTED_EDGE ( 'NONE', *, *, #10144, .T. ) ;
#8613 = CYLINDRICAL_SURFACE ( 'NONE', #2995, 1.700000000000000178 ) ;
#8614 = FACE_OUTER_BOUND ( 'NONE', #6469, .T. ) ;
#8615 = CARTESIAN_POINT ( 'NONE',  ( -0.6767903974405510281, -2.533959238176743956, -0.000000000000000000 ) ) ;
#8616 = AXIS2_PLACEMENT_3D ( 'NONE', #2227, #6625, #6460 ) ;
#8617 = AXIS2_PLACEMENT_3D ( 'NONE', #6365, #8710, #6316 ) ;
#8618 = CARTESIAN_POINT ( 'NONE',  ( 1.519706945644463181, 2.115203106444731418, 0.000000000000000000 ) ) ;
#8619 = DIRECTION ( 'NONE',  ( -0.000000000000000000, -0.000000000000000000, 1.000000000000000000 ) ) ;
#8620 = CALENDAR_DATE ( 2026, 18, 9 ) ;
#8621 = AXIS2_PLACEMENT_3D ( 'NONE', #7107, #2766, #8685 ) ;
#8622 = PERSON_AND_ORGANIZATION ( #7265, #3993 ) ;
#8623 = CARTESIAN_POINT ( 'NONE',  ( 8.000000000000000000, 9.797174393178825657E-16, 0.000000000000000000 ) ) ;
#8624 = ADVANCED_FACE ( 'NONE', ( #10094 ), #3437, .F. ) ;
#8625 = ORIENTED_EDGE ( 'NONE', *, *, #6512, .T. ) ;
#8626 = DIRECTION ( 'NONE',  ( 0.000000000000000000, 0.000000000000000000, 1.000000000000000000 ) ) ;
#8627 = CIRCLE ( 'NONE', #526, 14.00000000000000000 ) ;
#8628 = ORIENTED_EDGE ( 'NONE', *, *, #8729, .F. ) ;
#8629 = FACE_OUTER_BOUND ( 'NONE', #12, .T. ) ;
#8630 = LINE ( 'NONE', #4530, #4886 ) ;
#8631 = CARTESIAN_POINT ( 'NONE',  ( 150.0000000000000000, 0.000000000000000000, 90.00000000000000000 ) ) ;
#8632 = DATE_AND_TIME ( #6953, #8379 ) ;
#8633 = CARTESIAN_POINT ( 'NONE',  ( 136.2250839948833345, 1.699930488764123337, 0.000000000000000000 ) ) ;
#8634 = APPROVAL_STATUS ( 'not_yet_approved' ) ;
#8635 = ORIENTED_EDGE ( 'NONE', *, *, #8797, .T. ) ;
#8636 = CIRCLE ( 'NONE', #5621, 14.00000000000000000 ) ;
#8637 = PRODUCT ( 'V2_REF_gripper_finger', 'V2_REF_gripper_finger', '', ( #3868 ) ) ;
#8638 = ORIENTED_EDGE ( 'NONE', *, *, #7560, .F. ) ;
#8639 = FACE_OUTER_BOUND ( 'NONE', #4143, .T. ) ;
#8640 = CC_DESIGN_PERSON_AND_ORGANIZATION_ASSIGNMENT ( #9566, #2718, ( #3462 ) ) ;
#8641 = ORIENTED_EDGE ( 'NONE', *, *, #8108, .F. ) ;
#8642 = CARTESIAN_POINT ( 'NONE',  ( 137.7000000000000171, 0.000000000000000000, -6.000000000000000152E-06 ) ) ;
#8643 = CARTESIAN_POINT ( 'NONE',  ( -18.95712604296905113, -7.361190795270736942, 0.000000000000000000 ) ) ;
#8644 = LINE ( 'NONE', #866, #4835 ) ;
#8645 = AXIS2_PLACEMENT_3D ( 'NONE', #4963, #10825, #9055 ) ;
#8646 = EDGE_LOOP ( 'NONE', ( #9915, #8612, #7235, #8266 ) ) ;
#8647 = DIRECTION ( 'NONE',  ( 0.000000000000000000, 1.000000000000000000, 0.000000000000000000 ) ) ;
#8648 = AXIS2_PLACEMENT_3D ( 'NONE', #2074, #1200, #4558 ) ;
#8649 = CARTESIAN_POINT ( 'NONE',  ( -35.00000000000000000, 70.00000000000000000, 0.000000000000000000 ) ) ;
#8650 = APPLICATION_CONTEXT ( 'configuration controlled 3d designs of mechanical parts and assemblies' ) ;
#8651 = DIRECTION ( 'NONE',  ( -1.000000000000000000, 0.000000000000000000, 0.000000000000000000 ) ) ;
#8652 = CYLINDRICAL_SURFACE ( 'NONE', #8648, 1.700000000000000178 ) ;
#8653 = EDGE_CURVE ( 'NONE', #2155, #5747, #9844, .T. ) ;
#8654 = VECTOR ( 'NONE', #3804, 1000.000000000000000 ) ;
#8655 = CARTESIAN_POINT ( 'NONE',  ( 30.14134607987218928, 0.000000000000000000, 22.48432534211531930 ) ) ;
#8656 = VERTEX_POINT ( 'NONE', #7852 ) ;
#8657 = CARTESIAN_POINT ( 'NONE',  ( 20.00000000000000000, -12.00000000000000000, 2.000000000000000000 ) ) ;
#8658 = ORGANIZATION ( 'NAUO-ORG25', 'UNSPECIFIED', 'UNSPECIFIED' ) ;
#8659 = CARTESIAN_POINT ( 'NONE',  ( 0.000000000000000000, 0.000000000000000000, 28.00000000000000000 ) ) ;
#8660 = DATE_AND_TIME ( #217, #2925 ) ;
#8661 = CARTESIAN_POINT ( 'NONE',  ( -21.04297226076289107, -0.000000000000000000, 13.36128909900357442 ) ) ;
#8662 = EDGE_CURVE ( 'NONE', #5823, #5255, #10355, .T. ) ;
#8663 = VECTOR ( 'NONE', #1719, 1000.000000000000000 ) ;
#8664 = PERSON_AND_ORGANIZATION_ROLE ( 'classification_officer' ) ;
#8665 = SHAPE_REPRESENTATION ( 'V2_REF_block40', ( #7172 ), #8602 ) ;
#8666 = LINE ( 'NONE', #1106, #645 ) ;
#8667 = ORIENTED_EDGE ( 'NONE', *, *, #731, .T. ) ;
#8668 = ORIENTED_EDGE ( 'NONE', *, *, #7046, .T. ) ;
#8669 = ORIENTED_EDGE ( 'NONE', *, *, #1253, .F. ) ;
#8670 = CARTESIAN_POINT ( 'NONE',  ( 0.000000000000000000, 0.000000000000000000, 16.00000000000000000 ) ) ;
#8671 = CARTESIAN_POINT ( 'NONE',  ( 0.3444314227433183939, -2.600069548653550555, -0.000000000000000000 ) ) ;
#8672 = ORIENTED_EDGE ( 'NONE', *, *, #10507, .F. ) ;
#8673 = B_SPLINE_CURVE_WITH_KNOTS ( 'NONE', 3,
 ( #8917, #9585, #2188, #430, #7138, #9702, #8029, #2800, #2082, #3777, #10474, #10530, #5379, #5439, #8760, #1207, #9537, #265 ),
 .UNSPECIFIED., .F., .F.,
 ( 4, 2, 2, 2, 2, 2, 2, 2, 4 ),
 ( 0.5000000000000000000, 0.5625000000000000000, 0.6250000000000000000, 0.6875000000000000000, 0.7500000000000000000, 0.8125000000000000000, 0.8750000000000000000, 0.9375000000000000000, 1.000000000000000000 ),
 .UNSPECIFIED. ) ;
#8674 = CARTESIAN_POINT ( 'NONE',  ( 30.55736206015159340, 29.34320465898919750, -0.000000000000000000 ) ) ;
#8675 = APPROVAL_ROLE ( '' ) ;
#8676 = ADVANCED_FACE ( 'NONE', ( #419 ), #5368, .T. ) ;
#8677 = CALENDAR_DATE ( 2026, 18, 9 ) ;
#8678 = CIRCLE ( 'NONE', #5310, 14.00000000000000000 ) ;
#8679 = FACE_OUTER_BOUND ( 'NONE', #679, .T. ) ;
#8680 = ORIENTED_EDGE ( 'NONE', *, *, #6170, .T. ) ;
#8681 = FACE_OUTER_BOUND ( 'NONE', #8741, .T. ) ;
#8682 = VERTEX_POINT ( 'NONE', #6142 ) ;
#8683 = DIRECTION ( 'NONE',  ( -0.000000000000000000, -0.000000000000000000, 1.000000000000000000 ) ) ;
#8684 = CARTESIAN_POINT ( 'NONE',  ( -9.858485730194315622, 47.51560493047169587, 0.000000000000000000 ) ) ;
#8685 = DIRECTION ( 'NONE',  ( 1.000000000000000000, 0.000000000000000000, 0.000000000000000000 ) ) ;
#8686 = CALENDAR_DATE ( 2026, 18, 9 ) ;
#8687 = DIRECTION ( 'NONE',  ( 0.000000000000000000, 0.000000000000000000, 1.000000000000000000 ) ) ;
#8688 = ADVANCED_FACE ( 'NONE', ( #9631, #2788, #3661 ), #8017, .T. ) ;
#8689 = SECURITY_CLASSIFICATION_LEVEL ( 'unclassified' ) ;
#8690 = ADVANCED_FACE ( 'NONE', ( #2067 ), #8858, .F. ) ;
#8691 = ADVANCED_FACE ( 'NONE', ( #6967 ), #3711, .F. ) ;
#8692 = ORIENTED_EDGE ( 'NONE', *, *, #4231, .T. ) ;
#8693 = DIRECTION ( 'NONE',  ( 0.000000000000000000, -1.000000000000000000, 0.000000000000000000 ) ) ;
#8694 = EDGE_LOOP ( 'NONE', ( #1023, #2923 ) ) ;
#8695 = CARTESIAN_POINT ( 'NONE',  ( 27.69999999999999929, 57.00000000000000000, -1.200000000000000030E-05 ) ) ;
#8696 = PLANE ( 'NONE',  #4000 ) ;
#8697 = CARTESIAN_POINT ( 'NONE',  ( 0.000000000000000000, 0.000000000000000000, 90.00000000000000000 ) ) ;
#8698 = DIRECTION ( 'NONE',  ( 1.000000000000000000, 0.000000000000000000, 0.000000000000000000 ) ) ;
#8699 = CC_DESIGN_PERSON_AND_ORGANIZATION_ASSIGNMENT ( #2601, #6726, ( #480 ) ) ;
#8700 = CARTESIAN_POINT ( 'NONE',  ( -4.299999999999999822, 2.081899558550500526E-16, 20.00000000000000000 ) ) ;
#8701 = VECTOR ( 'NONE', #2503, 1000.000000000000000 ) ;
#8702 = CARTESIAN_POINT ( 'NONE',  ( -12.00000000000000000, 12.00000000000000000, 0.000000000000000000 ) ) ;
#8703 = CARTESIAN_POINT ( 'NONE',  ( 0.6000001017321888730, 2.529941645714209653, -8.999999999999988370E-06 ) ) ;
#8704 = CARTESIAN_POINT ( 'NONE',  ( 18.63880920472735525, -35.04287395702866803, 0.000000000000000000 ) ) ;
#8705 = ORIENTED_EDGE ( 'NONE', *, *, #463, .T. ) ;
#8706 = FACE_BOUND ( 'NONE', #3088, .T. ) ;
#8707 = CARTESIAN_POINT ( 'NONE',  ( -11.63076285169010404, 7.793297916477738951, 9.702568250682380935 ) ) ;
#8708 = DATE_TIME_ROLE ( 'creation_date' ) ;
#8709 = AXIS2_PLACEMENT_3D ( 'NONE', #1637, #6908, #7514 ) ;
#8710 = DIRECTION ( 'NONE',  ( 1.000000000000000000, -0.000000000000000000, -0.000000000000000000 ) ) ;
#8711 = APPROVAL ( #10832, 'ๆช' ) ;
#8712 = EDGE_CURVE ( 'NONE', #3500, #5587, #6825, .T. ) ;
#8713 = DATE_AND_TIME ( #10479, #3776 ) ;
#8714 = CYLINDRICAL_SURFACE ( 'NONE', #8591, 1.700000000000000178 ) ;
#8715 = EDGE_LOOP ( 'NONE', ( #8123, #1487, #9709, #3977 ) ) ;
#8716 = AXIS2_PLACEMENT_3D ( 'NONE', #9182, #6846, #4316 ) ;
#8717 = EDGE_CURVE ( 'NONE', #9721, #1587, #1203, .T. ) ;
#8718 = EDGE_LOOP ( 'NONE', ( #482, #10742 ) ) ;
#8719 = LINE ( 'NONE', #499, #6865 ) ;
#8720 = CARTESIAN_POINT ( 'NONE',  ( -2.533830729021401940, -0.6767371672058377641, -0.000000000000000000 ) ) ;
#8721 = CARTESIAN_POINT ( 'NONE',  ( 14.44258473825094136, 68.34333309900550546, 0.000000000000000000 ) ) ;
#8722 = DATE_AND_TIME ( #6268, #3618 ) ;
#8723 = APPROVAL_ROLE ( '' ) ;
#8724 = LOCAL_TIME ( 6, 20, 33.00000000000000000, #221 ) ;
#8725 =( REPRESENTATION_RELATIONSHIP ('NONE','NONE', #1311, #2080 ) REPRESENTATION_RELATIONSHIP_WITH_TRANSFORMATION ( #8764 )SHAPE_REPRESENTATION_RELATIONSHIP( ) );
#8726 = DIRECTION ( 'NONE',  ( 1.000000000000000000, 0.000000000000000000, 0.000000000000000000 ) ) ;
#8727 = EDGE_LOOP ( 'NONE', ( #810, #3410, #8641, #591 ) ) ;
#8728 = FACE_OUTER_BOUND ( 'NONE', #4923, .T. ) ;
#8729 = EDGE_CURVE ( 'NONE', #8405, #2498, #5426, .T. ) ;
#8730 = EDGE_LOOP ( 'NONE', ( #4748, #8571, #10159, #8518 ) ) ;
#8731 = CARTESIAN_POINT ( 'NONE',  ( -15.04297226075870242, 68.63871090099335959, -0.000000000000000000 ) ) ;
#8732 = CARTESIAN_POINT ( 'NONE',  ( 3.000000000000000000, 146.0000000000000000, 3.000000000000000000 ) ) ;
#8733 = DIRECTION ( 'NONE',  ( 0.000000000000000000, 0.000000000000000000, 1.000000000000000000 ) ) ;
#8734 = LOCAL_TIME ( 6, 20, 33.00000000000000000, #3406 ) ;
#8735 = APPLICATION_PROTOCOL_DEFINITION ( 'international standard', 'config_control_design', 1994, #1757 ) ;
#8736 = COORDINATED_UNIVERSAL_TIME_OFFSET ( 5, 0, .BEHIND. ) ;
#8737 = LINE ( 'NONE', #1906, #5588 ) ;
#8738 = PERSON ( 'NAUO-PER11', 'UNSPECIFIED', 'UNSPECIFIED', ('UNSPECIFIED'), ('UNSPECIFIED'), ('UNSPECIFIED') ) ;
#8739 = PERSON_AND_ORGANIZATION_ROLE ( 'design_owner' ) ;
#8740 = PRODUCT_DEFINITION_FORMATION_WITH_SPECIFIED_SOURCE ( 'ไป', '', #6602, .NOT_KNOWN. ) ;
#8741 = EDGE_LOOP ( 'NONE', ( #1615, #6728, #846, #1752 ) ) ;
#8742 = CYLINDRICAL_SURFACE ( 'NONE', #6570, 1.700000000000000178 ) ;
#8743 = EDGE_CURVE ( 'NONE', #3229, #8872, #2014, .T. ) ;
#8744 = ORIENTED_EDGE ( 'NONE', *, *, #30, .F. ) ;
#8745 = CARTESIAN_POINT ( 'NONE',  ( 136.2250839948836756, -1.700069511235890563, -0.000000000000000000 ) ) ;
#8746 = CARTESIAN_POINT ( 'NONE',  ( -21.70006951123579242, -6.225083994886105643, 0.000000000000000000 ) ) ;
#8747 = CARTESIAN_POINT ( 'NONE',  ( 32.36128909900612172, -0.000000000000000000, 22.04297226075960126 ) ) ;
#8748 = EDGE_CURVE ( 'NONE', #8283, #2623, #1921, .T. ) ;
#8749 = CC_DESIGN_APPROVAL ( #9578, ( #2747 ) ) ;
#8750 = DIRECTION ( 'NONE',  ( -0.000000000000000000, -0.000000000000000000, 1.000000000000000000 ) ) ;
#8751 = CARTESIAN_POINT ( 'NONE',  ( -9.858485730192521501, 29.51560493047243128, 0.000000000000000000 ) ) ;
#8752 = EDGE_LOOP ( 'NONE', ( #2672, #805, #2911, #1026 ) ) ;
#8753 = CARTESIAN_POINT ( 'NONE',  ( 0.000000000000000000, 0.000000000000000000, 0.000000000000000000 ) ) ;
#8754 = LOCAL_TIME ( 6, 20, 33.00000000000000000, #9980 ) ;
#8755 = CARTESIAN_POINT ( 'NONE',  ( 10.37022664714423570, 9.408763276675836451, 6.837751006154996425 ) ) ;
#8756 = ADVANCED_FACE ( 'NONE', ( #4496 ), #4657, .F. ) ;
#8757 = VECTOR ( 'NONE', #678, 1000.000000000000000 ) ;
#8758 = ORIENTED_EDGE ( 'NONE', *, *, #1167, .F. ) ;
#8759 = DIRECTION ( 'NONE',  ( 1.000000000000000000, 0.000000000000000000, 0.000000000000000000 ) ) ;
#8760 = CARTESIAN_POINT ( 'NONE',  ( 125.4843253421153122, -0.8586539201233609475, 0.000000000000000000 ) ) ;
#8761 = PERSON_AND_ORGANIZATION ( #6743, #3319 ) ;
#8762 = DIRECTION ( 'NONE',  ( -0.000000000000000000, -0.000000000000000000, -1.000000000000000000 ) ) ;
#8763 = LOCAL_TIME ( 6, 20, 33.00000000000000000, #9278 ) ;
#8764 = ITEM_DEFINED_TRANSFORMATION ( 'NONE', 'NONE', #2088,  #7172 ) ;
#8765 = VECTOR ( 'NONE', #6863, 1000.000000000000000 ) ;
#8766 = DIRECTION ( 'NONE',  ( -0.000000000000000000, -1.000000000000000000, -0.000000000000000000 ) ) ;
#8767 = EDGE_LOOP ( 'NONE', ( #2693, #570, #5997, #10109 ) ) ;
#8768 = AXIS2_PLACEMENT_3D ( 'NONE', #5704, #3939, #2354 ) ;
#8769 = APPROVAL ( #9163, 'ๆช' ) ;
#8770 = VERTEX_POINT ( 'NONE', #7913 ) ;
#8771 = CARTESIAN_POINT ( 'NONE',  ( 12.00000000000000000, -7.000000000000000000, 13.29999999999999893 ) ) ;
#8772 = CARTESIAN_POINT ( 'NONE',  ( -22.00000000000000000, 84.00000000000000000, 8.000000000000000000 ) ) ;
#8773 = CARTESIAN_POINT ( 'NONE',  ( 31.60000000000000142, 67.50000000000000000, 0.000000000000000000 ) ) ;
#8774 = AXIS2_PLACEMENT_3D ( 'NONE', #5886, #5946, #9331 ) ;
#8775 = APPROVAL_DATE_TIME ( #9499, #756 ) ;
#8776 = AXIS2_PLACEMENT_3D ( 'NONE', #9189, #8568, #9788 ) ;
#8777 = PERSON_AND_ORGANIZATION_ROLE ( 'classification_officer' ) ;
#8778 = AXIS2_PLACEMENT_3D ( 'NONE', #4860, #10780, #5841 ) ;
#8779 = LINE ( 'NONE', #7155, #7499 ) ;
#8780 = VECTOR ( 'NONE', #1556, 1000.000000000000000 ) ;
#8781 = VERTEX_POINT ( 'NONE', #2129 ) ;
#8782 = CARTESIAN_POINT ( 'NONE',  ( -10.50000000000000000, -1.300000000000000044, -0.09997027095160138099 ) ) ;
#8783 = VECTOR ( 'NONE', #6912, 1000.000000000000000 ) ;
#8784 = EDGE_CURVE ( 'NONE', #4690, #2512, #685, .T. ) ;
#8785 = ORIENTED_EDGE ( 'NONE', *, *, #3117, .T. ) ;
#8786 = CARTESIAN_POINT ( 'NONE',  ( -2.348712715335543599, 1.124693889828766391, -0.000000000000000000 ) ) ;
#8787 = CARTESIAN_POINT ( 'NONE',  ( -9.225083994884121452, 47.30006951123653636, 0.000000000000000000 ) ) ;
#8788 = CARTESIAN_POINT ( 'NONE',  ( -15.59999999999999964, 62.50000000000000000, 6.000000000000000000 ) ) ;
#8789 = SHAPE_REPRESENTATION ( 'V2_REF_chassis_255p8x149', ( #7172 ), #2959 ) ;
#8790 = CARTESIAN_POINT ( 'NONE',  ( 11.81583934084839349, 7.509301620396097832, 9.326223922444665249 ) ) ;
#8791 = AXIS2_PLACEMENT_3D ( 'NONE', #4362, #9385, #1830 ) ;
#8792 = LINE ( 'NONE', #1457, #8064 ) ;
#8793 = APPROVAL_ROLE ( '' ) ;
#8794 = CALENDAR_DATE ( 2026, 18, 9 ) ;
#8795 = CARTESIAN_POINT ( 'NONE',  ( 134.6387109009984613, 1.042972260763998849, -0.000000000000000000 ) ) ;
#8796 = APPROVAL_STATUS ( 'not_yet_approved' ) ;
#8797 = EDGE_CURVE ( 'NONE', #2386, #6269, #6354, .T. ) ;
#8798 = VECTOR ( 'NONE', #1424, 1000.000000000000000 ) ;
#8799 = ORIENTED_EDGE ( 'NONE', *, *, #1671, .T. ) ;
#8800 = DIRECTION ( 'NONE',  ( -1.000000000000000000, 0.000000000000000000, -0.000000000000000000 ) ) ;
#8801 = ORIENTED_EDGE ( 'NONE', *, *, #6031, .F. ) ;
#8802 = FACE_OUTER_BOUND ( 'NONE', #3385, .T. ) ;
#8803 = CARTESIAN_POINT ( 'NONE',  ( -21.48452350954424972, -6.858538931789229132, -0.000000000000000000 ) ) ;
#8804 = CARTESIAN_POINT ( 'NONE',  ( 32.65666690099450875, 0.000000000000000000, 20.55741526174906397 ) ) ;
#8805 =( NAMED_UNIT ( * ) PLANE_ANGLE_UNIT ( ) SI_UNIT ( $, .RADIAN. ) );
#8806 = VECTOR ( 'NONE', #4870, 1000.000000000000000 ) ;
#8807 = DIRECTION ( 'NONE',  ( 1.000000000000000000, 0.000000000000000000, 0.000000000000000000 ) ) ;
#8808 = ORIENTED_EDGE ( 'NONE', *, *, #404, .F. ) ;
#8809 = EDGE_CURVE ( 'NONE', #1171, #10788, #2852, .T. ) ;
#8810 = EDGE_CURVE ( 'NONE', #9207, #4665, #6522, .T. ) ;
#8811 = DIRECTION ( 'NONE',  ( 0.000000000000000000, -1.000000000000000000, 0.000000000000000000 ) ) ;
#8812 = ORIENTED_EDGE ( 'NONE', *, *, #1982, .T. ) ;
#8813 = CARTESIAN_POINT ( 'NONE',  ( 30.77491600511588032, 32.70006951123654204, -0.000000000000000000 ) ) ;
#8814 = CARTESIAN_POINT ( 'NONE',  ( 9.290647558218967816, 10.47331327697886394, 7.643416653029154517 ) ) ;
#8815 = ORIENTED_EDGE ( 'NONE', *, *, #2720, .F. ) ;
#8816 = FACE_BOUND ( 'NONE', #3201, .T. ) ;
#8817 = PRODUCT_DEFINITION_SHAPE ( 'NONE', 'NONE',  #2294 ) ;
#8818 = B_SPLINE_CURVE_WITH_KNOTS ( 'NONE', 3,
 ( #9930, #5868, #8268, #2359, #9250, #4069, #7423, #1697, #3394, #3236, #10811, #2573, #5923, #9312, #4840, #8206, #665, #4007 ),
 .UNSPECIFIED., .F., .F.,
 ( 4, 2, 2, 2, 2, 2, 2, 2, 4 ),
 ( 0.000000000000000000, 0.06250000000000000000, 0.1250000000000000000, 0.1875000000000000000, 0.2500000000000000000, 0.3125000000000000000, 0.3750000000000000000, 0.4375000000000000000, 0.5000000000000000000 ),
 .UNSPECIFIED. ) ;
#8819 = CARTESIAN_POINT ( 'NONE',  ( -11.03982175519196751, 8.612738812327586757, 10.16766443662072206 ) ) ;
#8820 = CALENDAR_DATE ( 2026, 18, 9 ) ;
#8821 = DIRECTION ( 'NONE',  ( -1.000000000000000000, -0.000000000000000000, -0.000000000000000000 ) ) ;
#8822 = CONTEXT_DEPENDENT_SHAPE_REPRESENTATION ( #8725, #3958 ) ;
#8823 = ADVANCED_FACE ( 'NONE', ( #3883 ), #8906, .F. ) ;
#8824 = ADVANCED_FACE ( 'NONE', ( #1421 ), #7404, .F. ) ;
#8825 = AXIS2_PLACEMENT_3D ( 'NONE', #7494, #686, #3205 ) ;
#8826 = VERTEX_POINT ( 'NONE', #1356 ) ;
#8827 = DIRECTION ( 'NONE',  ( -0.000000000000000000, -0.000000000000000000, 1.000000000000000000 ) ) ;
#8828 = ORIENTED_EDGE ( 'NONE', *, *, #9628, .F. ) ;
#8829 = ORIENTED_EDGE ( 'NONE', *, *, #8923, .T. ) ;
#8830 = DIRECTION ( 'NONE',  ( -0.000000000000000000, -0.000000000000000000, -1.000000000000000000 ) ) ;
#8831 = DIRECTION ( 'NONE',  ( 0.000000000000000000, -1.000000000000000000, 0.000000000000000000 ) ) ;
#8832 = DIRECTION ( 'NONE',  ( -1.000000000000000000, -0.000000000000000000, -0.000000000000000000 ) ) ;
#8833 = DATE_AND_TIME ( #2816, #10165 ) ;
#8834 = ITEM_DEFINED_TRANSFORMATION ( 'NONE', 'NONE', #8256,  #7172 ) ;
#8835 = CC_DESIGN_PERSON_AND_ORGANIZATION_ASSIGNMENT ( #9586, #2026, ( #5179 ) ) ;
#8836 = DIRECTION ( 'NONE',  ( 1.000000000000000000, 0.000000000000000000, -0.000000000000000000 ) ) ;
#8837 = EDGE_LOOP ( 'NONE', ( #6551, #2336 ) ) ;
#8838 = CARTESIAN_POINT ( 'NONE',  ( -11.59999999999999964, 62.50000000000000000, 6.000000000000000000 ) ) ;
#8839 = ORIENTED_EDGE ( 'NONE', *, *, #6294, .F. ) ;
#8840 = DIRECTION ( 'NONE',  ( 1.000000000000000000, 0.000000000000000000, 0.000000000000000000 ) ) ;
#8841 = CARTESIAN_POINT ( 'NONE',  ( 29.51547649045614463, -0.000000000000000000, 3.858538931790375770 ) ) ;
#8842 = CARTESIAN_POINT ( 'NONE',  ( -11.59999999999999964, 0.000000000000000000, -0.000000000000000000 ) ) ;
#8843 = CARTESIAN_POINT ( 'NONE',  ( -12.00000000000000000, 12.00000000000000000, 20.00000000000000000 ) ) ;
#8844 = LINE ( 'NONE', #7953, #8606 ) ;
#8845 = COORDINATED_UNIVERSAL_TIME_OFFSET ( 5, 0, .BEHIND. ) ;
#8846 = FACE_OUTER_BOUND ( 'NONE', #3835, .T. ) ;
#8847 = DATE_AND_TIME ( #10667, #4881 ) ;
#8848 = EDGE_CURVE ( 'NONE', #10268, #3552, #750, .T. ) ;
#8849 = CC_DESIGN_DATE_AND_TIME_ASSIGNMENT ( #855, #9235, ( #7687 ) ) ;
#8850 = ORIENTED_EDGE ( 'NONE', *, *, #3022, .T. ) ;
#8851 = SHAPE_REPRESENTATION ( 'V2_06_horn_coupler', ( #7172 ), #504 ) ;
#8852 = DIRECTION ( 'NONE',  ( 0.000000000000000000, 0.000000000000000000, -1.000000000000000000 ) ) ;
#8853 = ORIENTED_EDGE ( 'NONE', *, *, #5534, .T. ) ;
#8854 = DIRECTION ( 'NONE',  ( 1.000000000000000000, 0.000000000000000000, 0.000000000000000000 ) ) ;
#8855 = CARTESIAN_POINT ( 'NONE',  ( -20.44263793984841016, -7.656795341010619538, -0.000000000000000000 ) ) ;
#8856 = CARTESIAN_POINT ( 'NONE',  ( 31.60000000000000142, 0.000000000000000000, 0.000000000000000000 ) ) ;
#8857 = ADVANCED_FACE ( 'NONE', ( #4771 ), #9965, .F. ) ;
#8858 = CYLINDRICAL_SURFACE ( 'NONE', #506, 5.799999999999999822 ) ;
#8859 = PLANE ( 'NONE',  #2275 ) ;
#8860 = ORIENTED_EDGE ( 'NONE', *, *, #10758, .F. ) ;
#8861 = CARTESIAN_POINT ( 'NONE',  ( 20.00000000000000000, 12.00000000000000000, 2.000000000000000000 ) ) ;
#8862 = CARTESIAN_POINT ( 'NONE',  ( 10.01810743134690718, 9.782858279599741635, 10.02233131936447741 ) ) ;
#8864 = EDGE_CURVE ( 'NONE', #201, #10350, #8080, .T. ) ;
#8863 = VERTEX_POINT ( 'NONE', #3110 ) ;
#8865 = LINE ( 'NONE', #7975, #1025 ) ;
#8866 = CARTESIAN_POINT ( 'NONE',  ( -10.37336209607597404, 9.405379716584157279, 6.836676472900883539 ) ) ;
#8867 = COORDINATED_UNIVERSAL_TIME_OFFSET ( 5, 0, .BEHIND. ) ;
#8868 = LINE ( 'NONE', #4671, #8425 ) ;
#8869 = DATE_TIME_ROLE ( 'classification_date' ) ;
#8870 = ORIENTED_EDGE ( 'NONE', *, *, #580, .T. ) ;
#8871 = CARTESIAN_POINT ( 'NONE',  ( 0.000000000000000000, 77.50000000000000000, 6.000000000000000000 ) ) ;
#8872 = VERTEX_POINT ( 'NONE', #4099 ) ;
#8873 = VERTEX_POINT ( 'NONE', #5693 ) ;
#8875 = EDGE_CURVE ( 'NONE', #223, #9545, #9075, .T. ) ;
#8874 = ORIENTED_EDGE ( 'NONE', *, *, #1182, .F. ) ;
#8876 = DIRECTION ( 'NONE',  ( 0.000000000000000000, 0.000000000000000000, 1.000000000000000000 ) ) ;
#8877 = LINE ( 'NONE', #3076, #3154 ) ;
#8878 = EDGE_CURVE ( 'NONE', #7650, #2913, #2178, .T. ) ;
#8879 = DIRECTION ( 'NONE',  ( 0.000000000000000000, 1.000000000000000000, 0.000000000000000000 ) ) ;
#8880 = APPROVAL_STATUS ( 'not_yet_approved' ) ;
#8881 = CONTEXT_DEPENDENT_SHAPE_REPRESENTATION ( #6446, #7483 ) ;
#8882 = VECTOR ( 'NONE', #9393, 1000.000000000000000 ) ;
#8883 = FACE_BOUND ( 'NONE', #3438, .T. ) ;
#8884 = ORIENTED_EDGE ( 'NONE', *, *, #4292, .T. ) ;
#8885 = EDGE_LOOP ( 'NONE', ( #10836, #5433, #2637, #8504 ) ) ;
#8886 = CARTESIAN_POINT ( 'NONE',  ( -15.69999999999999929, 70.00000000000000000, -6.000000000000000152E-06 ) ) ;
#8887 = LINE ( 'NONE', #4804, #484 ) ;
#8888 = LINE ( 'NONE', #737, #9676 ) ;
#8889 = EDGE_CURVE ( 'NONE', #902, #7503, #1470, .T. ) ;
#8890 = CARTESIAN_POINT ( 'NONE',  ( 10.88535465464668484, 8.807508457680029323, 6.800000000000002487 ) ) ;
#8891 = CARTESIAN_POINT ( 'NONE',  ( 0.000000000000000000, 0.000000000000000000, 40.00000000000000000 ) ) ;
#8892 = COORDINATED_UNIVERSAL_TIME_OFFSET ( 5, 0, .BEHIND. ) ;
#8893 = SECURITY_CLASSIFICATION ( '', '', #3522 ) ;
#8894 = DIRECTION ( 'NONE',  ( 0.000000000000000000, 0.000000000000000000, -1.000000000000000000 ) ) ;
#8895 = APPROVAL_ROLE ( '' ) ;
#8896 = PRODUCT_DEFINITION_SHAPE ( 'NONE', 'NONE',  #10899 ) ;
#8897 = ORIENTED_EDGE ( 'NONE', *, *, #7621, .T. ) ;
#8898 = CYLINDRICAL_SURFACE ( 'NONE', #7277, 1.700000000000000178 ) ;
#8899 = VECTOR ( 'NONE', #8169, 1000.000000000000000 ) ;
#8900 = ORIENTED_EDGE ( 'NONE', *, *, #10680, .T. ) ;
#8901 = CARTESIAN_POINT ( 'NONE',  ( 0.000000000000000000, 0.000000000000000000, 5.000000000000000000 ) ) ;
#8902 = CARTESIAN_POINT ( 'NONE',  ( 0.000000000000000000, 40.00000000000000000, 40.00000000000000000 ) ) ;
#8903 = DIRECTION ( 'NONE',  ( -0.000000000000000000, -0.000000000000000000, -1.000000000000000000 ) ) ;
#8904 = APPROVAL ( #1723, 'ๆช' ) ;
#8905 = ORIENTED_EDGE ( 'NONE', *, *, #1801, .F. ) ;
#8906 = PLANE ( 'NONE',  #6464 ) ;
#8907 = VERTEX_POINT ( 'NONE', #3219 ) ;
#8908 = CC_DESIGN_SECURITY_CLASSIFICATION ( #651, ( #6072 ) ) ;
#8909 = CARTESIAN_POINT ( 'NONE',  ( -10.00000000000000000, -10.00000000000000000, 0.000000000000000000 ) ) ;
#8910 = EDGE_CURVE ( 'NONE', #238, #2249, #7240, .T. ) ;
#8911 = EDGE_LOOP ( 'NONE', ( #7933, #1437, #496, #2128 ) ) ;
#8912 = DIRECTION ( 'NONE',  ( 0.000000000000000000, 0.000000000000000000, -1.000000000000000000 ) ) ;
#8913 = PLANE ( 'NONE',  #2016 ) ;
#8914 = CC_DESIGN_APPROVAL ( #9242, ( #4328 ) ) ;
#8915 = VERTEX_POINT ( 'NONE', #3055 ) ;
#8916 = DIRECTION ( 'NONE',  ( 0.000000000000000000, -0.000000000000000000, 1.000000000000000000 ) ) ;
#8917 = CARTESIAN_POINT ( 'NONE',  ( 122.2999999999999972, 2.081899558550508908E-16, -6.000000000000000152E-06 ) ) ;
#8918 = COORDINATED_UNIVERSAL_TIME_OFFSET ( 5, 0, .BEHIND. ) ;
#8919 = CARTESIAN_POINT ( 'NONE',  ( -20.00000000000000000, -12.00000000000000000, 2.000000000000000000 ) ) ;
#8920 = ITEM_DEFINED_TRANSFORMATION ( 'NONE', 'NONE', #9486,  #7172 ) ;
#8921 = ORIENTED_EDGE ( 'NONE', *, *, #2813, .F. ) ;
#8922 = SECURITY_CLASSIFICATION ( '', '', #486 ) ;
#8923 = EDGE_CURVE ( 'NONE', #2036, #584, #3986, .T. ) ;
#8924 = ORIENTED_EDGE ( 'NONE', *, *, #8481, .F. ) ;
#8925 = CYLINDRICAL_SURFACE ( 'NONE', #7160, 2.600000000000000089 ) ;
#8926 = EDGE_LOOP ( 'NONE', ( #5697, #6026, #7535, #2808, #5224, #4541 ) ) ;
#8927 = APPLICATION_CONTEXT ( 'configuration controlled 3d designs of mechanical parts and assemblies' ) ;
#8928 = ORIENTED_EDGE ( 'NONE', *, *, #6414, .T. ) ;
#8929 = DIRECTION ( 'NONE',  ( -1.000000000000000000, 0.000000000000000000, 0.000000000000000000 ) ) ;
#8930 = PLANE ( 'NONE',  #2457 ) ;
#8931 = LOCAL_TIME ( 6, 20, 33.00000000000000000, #4140 ) ;
#8932 = DIRECTION ( 'NONE',  ( 1.000000000000000000, 0.000000000000000000, 0.000000000000000000 ) ) ;
#8933 = CALENDAR_DATE ( 2026, 18, 9 ) ;
#8934 = PERSON_AND_ORGANIZATION ( #6353, #8050 ) ;
#8935 = CIRCLE ( 'NONE', #4171, 1.700000000000000178 ) ;
#8936 = CIRCLE ( 'NONE', #10890, 1.700000000000000178 ) ;
#8937 = EDGE_CURVE ( 'NONE', #6987, #6730, #3168, .T. ) ;
#8938 = ADVANCED_FACE ( 'NONE', ( #5746, #9129, #4931 ), #9742, .T. ) ;
#8939 = CARTESIAN_POINT ( 'NONE',  ( 2.500000000000000000, 3.061616997868383141E-16, 0.000000000000000000 ) ) ;
#8940 = ORGANIZATION ( 'NAUO-ORG4', 'UNSPECIFIED', 'UNSPECIFIED' ) ;
#8941 = AXIS2_PLACEMENT_3D ( 'NONE', #4534, #8475, #7690 ) ;
#8942 = EDGE_LOOP ( 'NONE', ( #5242, #5548 ) ) ;
#8943 = EDGE_LOOP ( 'NONE', ( #2489, #10040, #6692, #5620 ) ) ;
#8944 = EDGE_LOOP ( 'NONE', ( #6669, #4971 ) ) ;
#8945 = CARTESIAN_POINT ( 'NONE',  ( -0.8804363128452402654, 2.463541317978307887, -0.000000000000000000 ) ) ;
#8946 = LINE ( 'NONE', #2987, #10536 ) ;
#8947 = FACE_OUTER_BOUND ( 'NONE', #5311, .T. ) ;
#8948 = AXIS2_PLACEMENT_3D ( 'NONE', #8385, #4249, #836 ) ;
#8949 = VECTOR ( 'NONE', #9900, 1000.000000000000000 ) ;
#8950 = CARTESIAN_POINT ( 'NONE',  ( 31.22508399488487285, 47.29993048876347927, -0.000000000000000000 ) ) ;
#8951 = CARTESIAN_POINT ( 'NONE',  ( 20.00000000000000000, -1.200000000000000030E-05, 10.30000000000000071 ) ) ;
#8952 = APPROVAL_DATE_TIME ( #8062, #4258 ) ;
#8953 = FACE_OUTER_BOUND ( 'NONE', #6594, .T. ) ;
#8954 = CIRCLE ( 'NONE', #7884, 1.700000000000000178 ) ;
#8955 = PERSON_AND_ORGANIZATION ( #6743, #3319 ) ;
#8956 = CIRCLE ( 'NONE', #7355, 1.700000000000000178 ) ;
#8957 = AXIS2_PLACEMENT_3D ( 'NONE', #4977, #7286, #3218 ) ;
#8958 = ADVANCED_FACE ( 'NONE', ( #10024, #5088, #7569, #8463, #4152 ), #4266, .F. ) ;
#8959 = VECTOR ( 'NONE', #383, 1000.000000000000000 ) ;
#8960 = ORIENTED_EDGE ( 'NONE', *, *, #7745, .F. ) ;
#8961 = PLANE ( 'NONE',  #5516 ) ;
#8962 = AXIS2_PLACEMENT_3D ( 'NONE', #9347, #6902, #798 ) ;
#8963 = ORIENTED_EDGE ( 'NONE', *, *, #10046, .T. ) ;
#8964 = DIRECTION ( 'NONE',  ( -0.000000000000000000, -0.000000000000000000, 1.000000000000000000 ) ) ;
#8965 = LINE ( 'NONE', #9125, #7511 ) ;
#8966 = LINE ( 'NONE', #10625, #61 ) ;
#8967 = DIRECTION ( 'NONE',  ( 1.000000000000000000, 0.000000000000000000, 0.000000000000000000 ) ) ;
#8968 = VERTEX_POINT ( 'NONE', #5804 ) ;
#8969 = APPROVAL_PERSON_ORGANIZATION ( #1847, #6194, #10180 ) ;
#8970 = VECTOR ( 'NONE', #3779, 1000.000000000000000 ) ;
#8971 = DIRECTION ( 'NONE',  ( 0.000000000000000000, 0.000000000000000000, -1.000000000000000000 ) ) ;
#8972 = ORIENTED_EDGE ( 'NONE', *, *, #7695, .T. ) ;
#8973 = VECTOR ( 'NONE', #949, 1000.000000000000000 ) ;
#8974 = CC_DESIGN_PERSON_AND_ORGANIZATION_ASSIGNMENT ( #7705, #170, ( #416 ) ) ;
#8975 = FACE_OUTER_BOUND ( 'NONE', #5183, .T. ) ;
#8976 = VERTEX_POINT ( 'NONE', #136 ) ;
#8977 = CARTESIAN_POINT ( 'NONE',  ( 12.63871090099773831, 71.04297226076383254, -0.000000000000000000 ) ) ;
#8978 = CARTESIAN_POINT ( 'NONE',  ( 8.660254037844389075, -11.00000000000000000, 12.00000000000000000 ) ) ;
#8979 = CARTESIAN_POINT ( 'NONE',  ( -15.59999999999999964, 67.50000000000000000, -1.200000000000000030E-05 ) ) ;
#8980 = VECTOR ( 'NONE', #7458, 1000.000000000000000 ) ;
#8981 = ORIENTED_EDGE ( 'NONE', *, *, #10081, .T. ) ;
#8982 = PLANE ( 'NONE',  #2422 ) ;
#8983 = CARTESIAN_POINT ( 'NONE',  ( 32.65666690099504876, 49.44258473825041733, -0.000000000000000000 ) ) ;
#8984 = PERSON_AND_ORGANIZATION ( #6743, #3319 ) ;
#8985 = SECURITY_CLASSIFICATION_LEVEL ( 'unclassified' ) ;
#8986 = ORIENTED_EDGE ( 'NONE', *, *, #7012, .T. ) ;
#8987 = AXIS2_PLACEMENT_3D ( 'NONE', #7490, #2376, #10065 ) ;
#8988 = ADVANCED_FACE ( 'NONE', ( #5189 ), #7618, .F. ) ;
#8989 = ORIENTED_EDGE ( 'NONE', *, *, #1940, .T. ) ;
#8990 = CARTESIAN_POINT ( 'NONE',  ( -6.000000000000000000, -1.300000000000000044, 16.00000000000000000 ) ) ;
#8991 = VECTOR ( 'NONE', #2020, 1000.000000000000000 ) ;
#8992 = EDGE_LOOP ( 'NONE', ( #8905, #9275, #1133, #1186 ) ) ;
#8993 = CARTESIAN_POINT ( 'NONE',  ( -10.72380529476374278, 9.000000000000252243, 11.70000000000124984 ) ) ;
#8994 = LINE ( 'NONE', #1442, #8082 ) ;
#8995 = AXIS2_PLACEMENT_3D ( 'NONE', #3457, #10314, #2579 ) ;
#8996 = FACE_OUTER_BOUND ( 'NONE', #81, .T. ) ;
#8997 = ADVANCED_FACE ( 'NONE', ( #1681, #1849, #4214, #78 ), #5030, .T. ) ;
#8998 = PERSON_AND_ORGANIZATION ( #6743, #3319 ) ;
#8999 = DATE_AND_TIME ( #10710, #3951 ) ;
#9000 = PRODUCT ( 'V2_01_base', 'V2_01_base', '', ( #10592 ) ) ;
#9001 = CARTESIAN_POINT ( 'NONE',  ( 0.5999999999999999778, 2.200000000000000178, -0.09997027095160138099 ) ) ;
#9002 = EDGE_LOOP ( 'NONE', ( #3000, #4844, #7369, #189 ) ) ;
#9003 = ORIENTED_EDGE ( 'NONE', *, *, #8466, .F. ) ;
#9004 = ORIENTED_EDGE ( 'NONE', *, *, #10370, .F. ) ;
#9005 = DIRECTION ( 'NONE',  ( 0.000000000000000000, -1.000000000000000000, 0.000000000000000000 ) ) ;
#9006 = CARTESIAN_POINT ( 'NONE',  ( -2.500000000000000000, 0.000000000000000000, 68.00000000000000000 ) ) ;
#9007 = LINE ( 'NONE', #1455, #2789 ) ;
#9008 = LINE ( 'NONE', #1456, #7405 ) ;
#9009 = LINE ( 'NONE', #7060, #1038 ) ;
#9010 = EDGE_CURVE ( 'NONE', #1873, #398, #2454, .T. ) ;
#9011 = CALENDAR_DATE ( 2026, 18, 9 ) ;
#9012 = CARTESIAN_POINT ( 'NONE',  ( 24.30000000000000071, 57.00000000000000000, -1.200000000000000030E-05 ) ) ;
#9013 = COORDINATED_UNIVERSAL_TIME_OFFSET ( 5, 0, .BEHIND. ) ;
#9014 = EDGE_LOOP ( 'NONE', ( #2947, #7196 ) ) ;
#9015 = CARTESIAN_POINT ( 'NONE',  ( 0.000000000000000000, 0.000000000000000000, 4.000000000000000000 ) ) ;
#9016 = VERTEX_POINT ( 'NONE', #1018 ) ;
#9017 = CARTESIAN_POINT ( 'NONE',  ( 19.55741526174896094, -0.000000000000000000, 10.34333309900522124 ) ) ;
#9018 = CARTESIAN_POINT ( 'NONE',  ( -21.36128909900317652, -4.957027739236157693, -0.000000000000000000 ) ) ;
#9019 = CARTESIAN_POINT ( 'NONE',  ( -10.00000000000000000, -10.00000000000000000, 0.000000000000000000 ) ) ;
#9020 = CARTESIAN_POINT ( 'NONE',  ( 35.00000000000000000, 110.0000000000000000, -27.00000000000000000 ) ) ;
#9021 = EDGE_CURVE ( 'NONE', #283, #5928, #6737, .T. ) ;
#9022 = ADVANCED_FACE ( 'NONE', ( #29 ), #9290, .F. ) ;
#9023 = CARTESIAN_POINT ( 'NONE',  ( -8.141514269805311343, 32.48439506952830413, 0.000000000000000000 ) ) ;
#9024 = EDGE_LOOP ( 'NONE', ( #9789, #9150, #10379, #5362 ) ) ;
#9025 = CARTESIAN_POINT ( 'NONE',  ( -10.50000000000000000, -1.300000000000000044, -0.09997027095160138099 ) ) ;
#9026 = ORIENTED_EDGE ( 'NONE', *, *, #10356, .T. ) ;
#9027 = CARTESIAN_POINT ( 'NONE',  ( -10.65679534101080961, -0.000000000000000000, 2.557362060151740835 ) ) ;
#9028 = VERTEX_POINT ( 'NONE', #10129 ) ;
#9029 = LINE ( 'NONE', #10852, #5256 ) ;
#9030 = CARTESIAN_POINT ( 'NONE',  ( 11.25500529808220485, 8.327020506907691910, 8.435553284710737287 ) ) ;
#9031 = ORIENTED_EDGE ( 'NONE', *, *, #3451, .F. ) ;
#9032 = DIRECTION ( 'NONE',  ( 0.000000000000000000, -1.000000000000000000, 0.000000000000000000 ) ) ;
#9033 = CARTESIAN_POINT ( 'NONE',  ( -11.04168123444021887, 8.610387747206912579, 6.832736012061417341 ) ) ;
#9034 = PERSON_AND_ORGANIZATION ( #6743, #3319 ) ;
#9035 = COORDINATED_UNIVERSAL_TIME_OFFSET ( 5, 0, .BEHIND. ) ;
#9036 = VERTEX_POINT ( 'NONE', #6852 ) ;
#9037 = ORIENTED_EDGE ( 'NONE', *, *, #8416, .F. ) ;
#9038 = VERTEX_POINT ( 'NONE', #8350 ) ;
#9039 = DIRECTION ( 'NONE',  ( 1.000000000000000000, 0.000000000000000000, 0.000000000000000000 ) ) ;
#9040 = LINE ( 'NONE', #4636, #5167 ) ;
#9041 = ORIENTED_EDGE ( 'NONE', *, *, #3356, .T. ) ;
#9042 = DIRECTION ( 'NONE',  ( -1.000000000000000000, 0.000000000000000000, -0.000000000000000000 ) ) ;
#9043 = APPROVAL ( #1710, 'UNKNOWN' ) ;
#9044 = CARTESIAN_POINT ( 'NONE',  ( 0.000000000000000000, 0.000000000000000000, 0.000000000000000000 ) ) ;
#9045 = CC_DESIGN_PERSON_AND_ORGANIZATION_ASSIGNMENT ( #1016, #4383, ( #6097 ) ) ;
#9046 = APPROVAL_STATUS ( 'not_yet_approved' ) ;
#9047 = AXIS2_PLACEMENT_3D ( 'NONE', #2728, #1860, #36 ) ;
#9048 = DATE_TIME_ROLE ( 'classification_date' ) ;
#9049 = DIRECTION ( 'NONE',  ( -0.000000000000000000, -0.000000000000000000, -1.000000000000000000 ) ) ;
#9050 = EDGE_CURVE ( 'NONE', #5891, #9458, #6791, .T. ) ;
#9051 = ORIENTED_EDGE ( 'NONE', *, *, #3196, .F. ) ;
#9052 = B_SPLINE_CURVE_WITH_KNOTS ( 'NONE', 3,
 ( #7557, #6676, #10069, #18, #3314, #7393, #6556, #9950, #2380, #2494, #7495, #7332, #10723, #3366, #6723, #739, #4918, #10117, #8389, #787, #5791, #839, #9176, #8289, #5676, #2543 ),
 .UNSPECIFIED., .F., .F.,
 ( 4, 2, 2, 2, 2, 2, 2, 2, 2, 2, 2, 2, 4 ),
 ( 0.005952082253735857878, 0.006751715355029116496, 0.007551348456322374246, 0.008350981557615632864, 0.008750798108262262606, 0.009150614658908894083, 0.009550431209555523826, 0.009950247760202153569, 0.01035006431084878505, 0.01074988086149541652, 0.01114969741214204627, 0.01154951396278867601, 0.01234914706408193723 ),
 .UNSPECIFIED. ) ;
#9053 = EDGE_LOOP ( 'NONE', ( #709, #10484, #9851, #3486 ) ) ;
#9054 = ORIENTED_EDGE ( 'NONE', *, *, #393, .T. ) ;
#9055 = DIRECTION ( 'NONE',  ( 1.000000000000000000, 0.000000000000000000, 0.000000000000000000 ) ) ;
#9056 = DIRECTION ( 'NONE',  ( -0.000000000000000000, -0.000000000000000000, 1.000000000000000000 ) ) ;
#9057 = DIRECTION ( 'NONE',  ( 0.000000000000000000, 0.000000000000000000, 1.000000000000000000 ) ) ;
#9058 = CARTESIAN_POINT ( 'NONE',  ( -10.00000000000000000, 10.00000000000000000, 0.000000000000000000 ) ) ;
#9059 = LINE ( 'NONE', #8335, #9133 ) ;
#9060 = PERSON_AND_ORGANIZATION_ROLE ( 'design_owner' ) ;
#9061 = DIRECTION ( 'NONE',  ( -0.000000000000000000, -0.000000000000000000, 1.000000000000000000 ) ) ;
#9062 = CALENDAR_DATE ( 2026, 18, 9 ) ;
#9063 = CIRCLE ( 'NONE', #7100, 14.00000000000000000 ) ;
#9064 = EDGE_CURVE ( 'NONE', #7962, #2846, #2614, .T. ) ;
#9065 = ORIENTED_EDGE ( 'NONE', *, *, #7584, .F. ) ;
#9066 = CARTESIAN_POINT ( 'NONE',  ( -19.00000000000000000, 9.000000000000000000, 10.00000000000000000 ) ) ;
#9067 = ORIENTED_EDGE ( 'NONE', *, *, #994, .T. ) ;
#9068 = CARTESIAN_POINT ( 'NONE',  ( 18.34333309900522480, 0.000000000000000000, 12.44258473825066780 ) ) ;
#9069 = CARTESIAN_POINT ( 'NONE',  ( -10.36128909900368456, -0.000000000000000000, 19.95702773923647655 ) ) ;
#9070 = CARTESIAN_POINT ( 'NONE',  ( 31.19999999999999929, 59.50000000000000000, -8.271806125530276749E-22 ) ) ;
#9071 = CIRCLE ( 'NONE', #9047, 1.700000000000000178 ) ;
#9072 = ORIENTED_EDGE ( 'NONE', *, *, #3810, .T. ) ;
#9073 = CARTESIAN_POINT ( 'NONE',  ( 100.0000000000000142, 222.5833024919770082, -10.00000000000000000 ) ) ;
#9074 = ORIENTED_EDGE ( 'NONE', *, *, #9590, .F. ) ;
#9075 = LINE ( 'NONE', #704, #2077 ) ;
#9076 = EDGE_LOOP ( 'NONE', ( #4838, #5504, #8246, #1955 ) ) ;
#9077 = SECURITY_CLASSIFICATION ( '', '', #8985 ) ;
#9078 = CARTESIAN_POINT ( 'NONE',  ( -12.00000000000000000, 7.000000000000000000, 3.299999999999999822 ) ) ;
#9079 = EDGE_CURVE ( 'NONE', #795, #6061, #5966, .T. ) ;
#9080 = ADVANCED_FACE ( 'NONE', ( #5137 ), #6016, .F. ) ;
#9081 = ORIENTED_EDGE ( 'NONE', *, *, #972, .T. ) ;
#9082 = CARTESIAN_POINT ( 'NONE',  ( 14.22508399489168340, 71.69993048876642661, 0.000000000000000000 ) ) ;
#9083 = CARTESIAN_POINT ( 'NONE',  ( 31.60000000000000142, 62.50000000000000000, 0.000000000000000000 ) ) ;
#9084 = DIRECTION ( 'NONE',  ( -0.000000000000000000, -0.000000000000000000, -1.000000000000000000 ) ) ;
#9085 = ORIENTED_EDGE ( 'NONE', *, *, #4992, .T. ) ;
#9086 = ORIENTED_EDGE ( 'NONE', *, *, #2342, .T. ) ;
#9087 = CARTESIAN_POINT ( 'NONE',  ( 6.000000000000000000, -1.300000000000000044, -0.09997027095160138099 ) ) ;
#9088 = PRODUCT_DEFINITION_SHAPE ( 'NONE', 'NONE',  #10917 ) ;
#9089 = APPROVAL_PERSON_ORGANIZATION ( #9563, #4598, #2991 ) ;
#9090 = CARTESIAN_POINT ( 'NONE',  ( -27.69999999999999929, 45.00000000000000000, 0.000000000000000000 ) ) ;
#9091 = PERSON_AND_ORGANIZATION_ROLE ( 'design_owner' ) ;
#9092 = PERSON_AND_ORGANIZATION_ROLE ( 'classification_officer' ) ;
#9093 = ADVANCED_FACE ( 'NONE', ( #2506 ), #4384, .F. ) ;
#9094 = CARTESIAN_POINT ( 'NONE',  ( -12.00000000000000000, 7.000000000000000000, 6.700000000000000178 ) ) ;
#9095 = LINE ( 'NONE', #2416, #3657 ) ;
#9096 = CC_DESIGN_APPROVAL ( #9928, ( #8569 ) ) ;
#9097 = CARTESIAN_POINT ( 'NONE',  ( -1.000000000000000000, 27.50000000000000000, 58.00000000000000000 ) ) ;
#9098 = ORIENTED_EDGE ( 'NONE', *, *, #5964, .T. ) ;
#9099 = PLANE ( 'NONE',  #7928 ) ;
#9100 = CARTESIAN_POINT ( 'NONE',  ( -9.000000000000000000, -1.200000000000000030E-05, 21.00000000000000000 ) ) ;
#9101 = COORDINATED_UNIVERSAL_TIME_OFFSET ( 5, 0, .BEHIND. ) ;
#9102 = APPROVAL_PERSON_ORGANIZATION ( #8761, #4920, #4458 ) ;
#9103 = PERSON_AND_ORGANIZATION ( #3335, #10840 ) ;
#9104 = APPROVAL ( #7367, 'UNKNOWN' ) ;
#9105 = LINE ( 'NONE', #4127, #8780 ) ;
#9106 = CC_DESIGN_PERSON_AND_ORGANIZATION_ASSIGNMENT ( #3030, #5292, ( #4667 ) ) ;
#9107 = ORIENTED_EDGE ( 'NONE', *, *, #3546, .F. ) ;
#9108 = CC_DESIGN_APPROVAL ( #7547, ( #210 ) ) ;
#9109 = ORIENTED_EDGE ( 'NONE', *, *, #6841, .T. ) ;
#9110 = CYLINDRICAL_SURFACE ( 'NONE', #4048, 1.699999999999998401 ) ;
#9111 = LINE ( 'NONE', #10719, #10008 ) ;
#9112 = CARTESIAN_POINT ( 'NONE',  ( 6.000000000000000000, 0.000000000000000000, 20.00000000000000000 ) ) ;
#9113 = CARTESIAN_POINT ( 'NONE',  ( 0.000000000000000000, 0.000000000000000000, 83.00000000000000000 ) ) ;
#9114 = CARTESIAN_POINT ( 'NONE',  ( 118.3810499613777267, 11.00000000000000000, 0.000000000000000000 ) ) ;
#9115 = PERSON_AND_ORGANIZATION ( #6743, #3319 ) ;
#9116 = APPROVAL_ROLE ( '' ) ;
#9117 = PRODUCT_DEFINITION_FORMATION_WITH_SPECIFIED_SOURCE ( 'ไป', '', #3084, .NOT_KNOWN. ) ;
#9118 = EDGE_CURVE ( 'NONE', #2155, #3896, #959, .T. ) ;
#9119 = VECTOR ( 'NONE', #455, 1000.000000000000000 ) ;
#9120 = VERTEX_POINT ( 'NONE', #8004 ) ;
#9121 = CARTESIAN_POINT ( 'NONE',  ( 31.19999999999999929, -1.200000000000000030E-05, 1.311805698386587116 ) ) ;
#9122 = VECTOR ( 'NONE', #1482, 1000.000000000000000 ) ;
#9123 = ORIENTED_EDGE ( 'NONE', *, *, #789, .F. ) ;
#9124 = CARTESIAN_POINT ( 'NONE',  ( 19.14146106820973614, -0.000000000000000000, 10.51547649045640043 ) ) ;
#9125 = CARTESIAN_POINT ( 'NONE',  ( -22.00000000000000000, 0.000000000000000000, 0.000000000000000000 ) ) ;
#9126 = LINE ( 'NONE', #1523, #606 ) ;
#9127 = VECTOR ( 'NONE', #10041, 1000.000000000000000 ) ;
#9128 = DIRECTION ( 'NONE',  ( 0.000000000000000000, 0.000000000000000000, 1.000000000000000000 ) ) ;
#9129 = FACE_BOUND ( 'NONE', #9392, .T. ) ;
#9130 = EDGE_CURVE ( 'NONE', #2105, #5671, #1670, .T. ) ;
#9131 = ORIENTED_EDGE ( 'NONE', *, *, #972, .F. ) ;
#9132 = AXIS2_PLACEMENT_3D ( 'NONE', #10464, #7025, #9575 ) ;
#9133 = VECTOR ( 'NONE', #10007, 1000.000000000000000 ) ;
#9134 = FACE_OUTER_BOUND ( 'NONE', #5181, .T. ) ;
#9135 = ORIENTED_EDGE ( 'NONE', *, *, #1113, .F. ) ;
#9136 = CARTESIAN_POINT ( 'NONE',  ( 15.48452350954465118, 70.85853893179071861, -0.000000000000000000 ) ) ;
#9137 = AXIS2_PLACEMENT_3D ( 'NONE', #9325, #1882, #10158 ) ;
#9138 = ORIENTED_EDGE ( 'NONE', *, *, #9417, .F. ) ;
#9139 = DIRECTION ( 'NONE',  ( 1.000000000000000000, 0.000000000000000000, 0.000000000000000000 ) ) ;
#9140 = CARTESIAN_POINT ( 'NONE',  ( -35.00000000000000000, 70.00000000000000000, 0.000000000000000000 ) ) ;
#9141 = ORIENTED_EDGE ( 'NONE', *, *, #7363, .T. ) ;
#9142 = ORIENTED_EDGE ( 'NONE', *, *, #8465, .F. ) ;
#9143 = FACE_OUTER_BOUND ( 'NONE', #3540, .T. ) ;
#9144 = CIRCLE ( 'NONE', #5781, 5.799999999999999822 ) ;
#9145 = CARTESIAN_POINT ( 'NONE',  ( 29.30000000000000071, 49.00000000000000000, -6.000000000000000152E-06 ) ) ;
#9146 = EDGE_CURVE ( 'NONE', #4491, #5482, #5304, .T. ) ;
#9147 = APPROVAL_STATUS ( 'not_yet_approved' ) ;
#9148 =( REPRESENTATION_RELATIONSHIP ('NONE','NONE', #1311, #956 ) REPRESENTATION_RELATIONSHIP_WITH_TRANSFORMATION ( #7594 )SHAPE_REPRESENTATION_RELATIONSHIP( ) );
#9149 = SECURITY_CLASSIFICATION_LEVEL ( 'unclassified' ) ;
#9150 = ORIENTED_EDGE ( 'NONE', *, *, #2720, .T. ) ;
#9151 = UNCERTAINTY_MEASURE_WITH_UNIT (LENGTH_MEASURE( 1.000000000000000082E-05 ), #1549, 'distance_accuracy_value', 'NONE');
#9152 = CARTESIAN_POINT ( 'NONE',  ( -19.00000000000000000, 9.000000000000000000, 10.00000000000000000 ) ) ;
#9153 = CARTESIAN_POINT ( 'NONE',  ( 0.000000000000000000, 0.000000000000000000, 0.000000000000000000 ) ) ;
#9154 = VECTOR ( 'NONE', #2658, 1000.000000000000000 ) ;
#9155 = CARTESIAN_POINT ( 'NONE',  ( 4.299999999999999822, 0.000000000000000000, 20.00000000000000000 ) ) ;
#9156 = VERTEX_POINT ( 'NONE', #408 ) ;
#9157 = ORIENTED_EDGE ( 'NONE', *, *, #3117, .F. ) ;
#9158 = CARTESIAN_POINT ( 'NONE',  ( -8.099999999999999645, 70.00000000000000000, 5.200000000000000178 ) ) ;
#9159 =( NAMED_UNIT ( * ) SI_UNIT ( $, .STERADIAN. ) SOLID_ANGLE_UNIT ( ) );
#9160 = LINE ( 'NONE', #9991, #7700 ) ;
#9161 = EDGE_CURVE ( 'NONE', #9362, #4247, #5770, .T. ) ;
#9162 = EDGE_CURVE ( 'NONE', #5358, #1384, #6068, .T. ) ;
#9163 = APPROVAL_STATUS ( 'not_yet_approved' ) ;
#9164 = VECTOR ( 'NONE', #4816, 1000.000000000000000 ) ;
#9165 = COORDINATED_UNIVERSAL_TIME_OFFSET ( 5, 0, .BEHIND. ) ;
#9166 = FACE_OUTER_BOUND ( 'NONE', #10610, .T. ) ;
#9167 = ORIENTED_EDGE ( 'NONE', *, *, #5366, .F. ) ;
#9168 = ORIENTED_EDGE ( 'NONE', *, *, #1740, .T. ) ;
#9169 = AXIS2_PLACEMENT_3D ( 'NONE', #5227, #6050, #116 ) ;
#9170 = ORIENTED_EDGE ( 'NONE', *, *, #463, .F. ) ;
#9171 = ORIENTED_EDGE ( 'NONE', *, *, #3583, .T. ) ;
#9172 = DIRECTION ( 'NONE',  ( -0.000000000000000000, 1.000000000000000000, 0.000000000000000000 ) ) ;
#9173 = DIRECTION ( 'NONE',  ( -1.000000000000000000, -0.000000000000000000, -0.000000000000000000 ) ) ;
#9174 = DIRECTION ( 'NONE',  ( 1.000000000000000000, -0.000000000000000000, -0.000000000000000000 ) ) ;
#9175 = DIRECTION ( 'NONE',  ( 0.000000000000000000, 0.000000000000000000, 1.000000000000000000 ) ) ;
#9176 = CARTESIAN_POINT ( 'NONE',  ( 10.10522701328291006, 9.690252514121260319, 8.443211237761941490 ) ) ;
#9177 = APPROVAL_STATUS ( 'not_yet_approved' ) ;
#9178 = APPROVAL ( #3317, 'ๆช' ) ;
#9179 = PERSON_AND_ORGANIZATION_ROLE ( 'design_supplier' ) ;
#9180 = AXIS2_PLACEMENT_3D ( 'NONE', #4135, #4916, #1565 ) ;
#9181 = VERTEX_POINT ( 'NONE', #1287 ) ;
#9182 = CARTESIAN_POINT ( 'NONE',  ( 0.000000000000000000, 25.00000000000000000, 90.00000000000000000 ) ) ;
#9183 = ORIENTED_EDGE ( 'NONE', *, *, #9885, .F. ) ;
#9184 = DIRECTION ( 'NONE',  ( 1.000000000000000000, 0.000000000000000000, 0.000000000000000000 ) ) ;
#9185 = DIRECTION ( 'NONE',  ( 0.000000000000000000, 0.000000000000000000, 1.000000000000000000 ) ) ;
#9186 = DIRECTION ( 'NONE',  ( -0.000000000000000000, -0.000000000000000000, -1.000000000000000000 ) ) ;
#9187 = DIRECTION ( 'NONE',  ( 0.000000000000000000, 0.000000000000000000, 1.000000000000000000 ) ) ;
#9188 = CC_DESIGN_DATE_AND_TIME_ASSIGNMENT ( #5019, #8229, ( #5047 ) ) ;
#9189 = CARTESIAN_POINT ( 'NONE',  ( 0.000000000000000000, 0.000000000000000000, 0.000000000000000000 ) ) ;
#9190 = CC_DESIGN_PERSON_AND_ORGANIZATION_ASSIGNMENT ( #9840, #9060, ( #6602 ) ) ;
#9191 = VERTEX_POINT ( 'NONE', #1129 ) ;
#9192 = DIRECTION ( 'NONE',  ( 0.000000000000000000, 0.000000000000000000, 1.000000000000000000 ) ) ;
#9193 = ORIENTED_EDGE ( 'NONE', *, *, #7654, .F. ) ;
#9194 = CARTESIAN_POINT ( 'NONE',  ( -10.72380529476361133, 9.000000000000000000, 8.300000000000000711 ) ) ;
#9195 = EDGE_CURVE ( 'NONE', #5766, #2648, #2881, .T. ) ;
#9196 = ORIENTED_EDGE ( 'NONE', *, *, #5366, .T. ) ;
#9197 = LINE ( 'NONE', #8254, #512 ) ;
#9198 = CARTESIAN_POINT ( 'NONE',  ( -10.50000000000000000, 80.50000000000000000, 6.000000000000000000 ) ) ;
#9199 = VERTEX_POINT ( 'NONE', #5355 ) ;
#9200 = CARTESIAN_POINT ( 'NONE',  ( -12.00000000000000000, -7.000000000000000000, 15.00000000000000000 ) ) ;
#9201 = CARTESIAN_POINT ( 'NONE',  ( 124.0000000000000000, 0.000000000000000000, 6.000000000000000000 ) ) ;
#9202 = DATE_AND_TIME ( #1867, #4549 ) ;
#9203 = DIRECTION ( 'NONE',  ( 0.000000000000000000, 0.000000000000000000, 1.000000000000000000 ) ) ;
#9204 = CARTESIAN_POINT ( 'NONE',  ( 35.60000000000000142, 67.50000000000000000, 6.000000000000000000 ) ) ;
#9205 = ADVANCED_FACE ( 'NONE', ( #7009 ), #243, .T. ) ;
#9206 = CARTESIAN_POINT ( 'NONE',  ( 0.000000000000000000, 0.000000000000000000, 0.000000000000000000 ) ) ;
#9207 = VERTEX_POINT ( 'NONE', #6230 ) ;
#9208 = CARTESIAN_POINT ( 'NONE',  ( 0.000000000000000000, 0.000000000000000000, 5.000000000000000000 ) ) ;
#9209 = CARTESIAN_POINT ( 'NONE',  ( -1.313163450857918635, -2.270214330881944687, 0.000000000000000000 ) ) ;
#9210 = DATE_AND_TIME ( #10210, #7493 ) ;
#9211 = DATE_TIME_ROLE ( 'classification_date' ) ;
#9212 = CARTESIAN_POINT ( 'NONE',  ( 1.634374254348486266, 2.027707120433111410, -0.000000000000000000 ) ) ;
#9213 = EDGE_CURVE ( 'NONE', #9671, #3082, #8737, .T. ) ;
#9214 = ADVANCED_FACE ( 'NONE', ( #8846 ), #7839, .F. ) ;
#9215 = VERTEX_POINT ( 'NONE', #2771 ) ;
#9216 = ORIENTED_EDGE ( 'NONE', *, *, #2186, .F. ) ;
#9217 = EDGE_LOOP ( 'NONE', ( #3251, #9966, #3114, #5147 ) ) ;
#9218 = ORIENTED_EDGE ( 'NONE', *, *, #10429, .T. ) ;
#9219 = CARTESIAN_POINT ( 'NONE',  ( 21.36119079527211895, -32.95712604297081327, 0.000000000000000000 ) ) ;
#9220 = LINE ( 'NONE', #736, #6982 ) ;
#9221 = DIRECTION ( 'NONE',  ( 1.000000000000000000, -0.000000000000000000, -0.000000000000000000 ) ) ;
#9222 = CARTESIAN_POINT ( 'NONE',  ( 19.00000000000000000, 2.326828918379970970E-15, 0.000000000000000000 ) ) ;
#9223 = CARTESIAN_POINT ( 'NONE',  ( 0.000000000000000000, 0.000000000000000000, 0.000000000000000000 ) ) ;
#9224 = COORDINATED_UNIVERSAL_TIME_OFFSET ( 5, 0, .BEHIND. ) ;
#9225 = CALENDAR_DATE ( 2026, 18, 9 ) ;
#9226 = VECTOR ( 'NONE', #4403, 1000.000000000000000 ) ;
#9227 = CIRCLE ( 'NONE', #4471, 1.700000000000000178 ) ;
#9228 = ADVANCED_FACE ( 'NONE', ( #294, #3644 ), #4537, .T. ) ;
#9229 = VERTEX_POINT ( 'NONE', #1239 ) ;
#9230 = CARTESIAN_POINT ( 'NONE',  ( 0.000000000000000000, 70.00000000000000000, 5.200000000000000178 ) ) ;
#9231 = ORIENTED_EDGE ( 'NONE', *, *, #10226, .T. ) ;
#9232 = LINE ( 'NONE', #642, #8806 ) ;
#9233 = LINE ( 'NONE', #132, #3122 ) ;
#9234 = CARTESIAN_POINT ( 'NONE',  ( -9.000000000000000000, 31.00000000000000000, 5.000000000000000000 ) ) ;
#9235 = DATE_TIME_ROLE ( 'creation_date' ) ;
#9236 = CIRCLE ( 'NONE', #8709, 8.099999999999999645 ) ;
#9237 = CARTESIAN_POINT ( 'NONE',  ( -9.000000000000000000, -1.200000000000000030E-05, 22.70000000000000284 ) ) ;
#9238 = ORIENTED_EDGE ( 'NONE', *, *, #7290, .F. ) ;
#9239 = AXIS2_PLACEMENT_3D ( 'NONE', #9097, #8151, #3190 ) ;
#9240 = ORIENTED_EDGE ( 'NONE', *, *, #5734, .T. ) ;
#9241 = LINE ( 'NONE', #5808, #5866 ) ;
#9242 = APPROVAL ( #897, 'ๆช' ) ;
#9243 = ORIENTED_EDGE ( 'NONE', *, *, #912, .F. ) ;
#9244 = CARTESIAN_POINT ( 'NONE',  ( -19.55736206015084022, -0.000000000000000000, 10.34320465898919217 ) ) ;
#9245 = DIRECTION ( 'NONE',  ( -0.000000000000000000, -0.000000000000000000, -1.000000000000000000 ) ) ;
#9246 = VERTEX_POINT ( 'NONE', #6128 ) ;
#9247 = FACE_OUTER_BOUND ( 'NONE', #4980, .T. ) ;
#9248 = CARTESIAN_POINT ( 'NONE',  ( -7.638710900996578346, -0.000000000000000000, 22.04297226076342042 ) ) ;
#9249 = CC_DESIGN_APPROVAL ( #143, ( #9962 ) ) ;
#9250 = CARTESIAN_POINT ( 'NONE',  ( -18.63880920472788816, -32.95712604297081327, 0.000000000000000000 ) ) ;
#9251 = CYLINDRICAL_SURFACE ( 'NONE', #3723, 1.700000000000000178 ) ;
#9252 = EDGE_CURVE ( 'NONE', #142, #1994, #6179, .T. ) ;
#9253 = CARTESIAN_POINT ( 'NONE',  ( -11.94584366002183273, 7.300467076545174905, 10.13164965557787767 ) ) ;
#9254 = CC_DESIGN_SECURITY_CLASSIFICATION ( #9077, ( #10911 ) ) ;
#9255 = ORIENTED_EDGE ( 'NONE', *, *, #3742, .F. ) ;
#9256 = CARTESIAN_POINT ( 'NONE',  ( 32.70000000000000284, 49.00000000000000000, -6.000000000000000152E-06 ) ) ;
#9257 = CARTESIAN_POINT ( 'NONE',  ( 0.000000000000000000, 0.000000000000000000, 0.000000000000000000 ) ) ;
#9258 = VECTOR ( 'NONE', #6260, 1000.000000000000000 ) ;
#9259 = PERSON ( 'NAUO-PER16', 'UNSPECIFIED', 'UNSPECIFIED', ('UNSPECIFIED'), ('UNSPECIFIED'), ('UNSPECIFIED') ) ;
#9260 = APPROVAL_ROLE ( '' ) ;
#9261 = CARTESIAN_POINT ( 'NONE',  ( 0.000000000000000000, -1.300000000000000044, 0.000000000000000000 ) ) ;
#9262 = EDGE_CURVE ( 'NONE', #3229, #8036, #9487, .T. ) ;
#9263 = CALENDAR_DATE ( 2026, 18, 9 ) ;
#9264 = CC_DESIGN_APPROVAL ( #3175, ( #6072 ) ) ;
#9265 = LINE ( 'NONE', #5939, #3658 ) ;
#9266 = VERTEX_POINT ( 'NONE', #5876 ) ;
#9267 = ORIENTED_EDGE ( 'NONE', *, *, #2065, .F. ) ;
#9268 = ORIENTED_EDGE ( 'NONE', *, *, #3344, .F. ) ;
#9269 = DIRECTION ( 'NONE',  ( -0.000000000000000000, -0.000000000000000000, 1.000000000000000000 ) ) ;
#9270 = DIRECTION ( 'NONE',  ( -1.000000000000000000, 0.000000000000000000, -0.000000000000000000 ) ) ;
#9271 = CARTESIAN_POINT ( 'NONE',  ( -21.00000000000000000, 81.00000000000000000, 6.000000000000000000 ) ) ;
#9272 = CC_DESIGN_APPROVAL ( #2695, ( #5034 ) ) ;
#9273 = CARTESIAN_POINT ( 'NONE',  ( 2.210066736092913153, 1.378121121058531351, -0.000000000000000000 ) ) ;
#9274 = CARTESIAN_POINT ( 'NONE',  ( -20.00000000000000000, -12.00000000000000000, 2.000000000000000000 ) ) ;
#9275 = ORIENTED_EDGE ( 'NONE', *, *, #450, .T. ) ;
#9276 = PERSON_AND_ORGANIZATION ( #6743, #3319 ) ;
#9277 = EDGE_CURVE ( 'NONE', #8114, #2846, #4722, .T. ) ;
#9278 = COORDINATED_UNIVERSAL_TIME_OFFSET ( 5, 0, .BEHIND. ) ;
#9279 = EDGE_CURVE ( 'NONE', #7921, #2512, #577, .T. ) ;
#9280 = LOCAL_TIME ( 6, 20, 33.00000000000000000, #267 ) ;
#9281 = VERTEX_POINT ( 'NONE', #3917 ) ;
#9282 = FACE_BOUND ( 'NONE', #176, .T. ) ;
#9283 = ORIENTED_EDGE ( 'NONE', *, *, #3880, .T. ) ;
#9284 = CARTESIAN_POINT ( 'NONE',  ( 31.00000000000000000, -1.200000000000000030E-05, 22.70000000000000284 ) ) ;
#9285 = FACE_OUTER_BOUND ( 'NONE', #3910, .T. ) ;
#9286 = DIRECTION ( 'NONE',  ( 0.000000000000000000, 0.000000000000000000, -1.000000000000000000 ) ) ;
#9287 = COORDINATED_UNIVERSAL_TIME_OFFSET ( 5, 0, .BEHIND. ) ;
#9288 = APPLICATION_CONTEXT ( 'configuration controlled 3d designs of mechanical parts and assemblies' ) ;
#9289 = CC_DESIGN_APPROVAL ( #7674, ( #3116 ) ) ;
#9290 = CYLINDRICAL_SURFACE ( 'NONE', #3834, 1.700000000000000178 ) ;
#9291 = EDGE_CURVE ( 'NONE', #10682, #6371, #6390, .T. ) ;
#9292 = EDGE_CURVE ( 'NONE', #6436, #2873, #1511, .T. ) ;
#9293 = EDGE_LOOP ( 'NONE', ( #7546, #3265, #10583, #4418, #5128, #5289 ) ) ;
#9294 = AXIS2_PLACEMENT_3D ( 'NONE', #7057, #4639, #3695 ) ;
#9295 = VECTOR ( 'NONE', #9936, 1000.000000000000000 ) ;
#9296 = VERTEX_POINT ( 'NONE', #10564 ) ;
#9297 = DIRECTION ( 'NONE',  ( 1.000000000000000000, 0.000000000000000000, 0.000000000000000000 ) ) ;
#9298 = CIRCLE ( 'NONE', #310, 8.000000000000000000 ) ;
#9299 = ORIENTED_EDGE ( 'NONE', *, *, #3044, .T. ) ;
#9300 = CARTESIAN_POINT ( 'NONE',  ( -12.63880920472417735, 71.04287395702736774, 0.000000000000000000 ) ) ;
#9301 = CARTESIAN_POINT ( 'NONE',  ( -9.000000000000000000, 80.49999999999998579, 3.000000000000000000 ) ) ;
#9302 = VERTEX_POINT ( 'NONE', #7169 ) ;
#9303 = DIRECTION ( 'NONE',  ( 0.000000000000000000, -1.000000000000000000, 0.000000000000000000 ) ) ;
#9304 = VECTOR ( 'NONE', #7981, 1000.000000000000000 ) ;
#9305 =( GEOMETRIC_REPRESENTATION_CONTEXT ( 3 ) GLOBAL_UNCERTAINTY_ASSIGNED_CONTEXT ( ( #68 ) ) GLOBAL_UNIT_ASSIGNED_CONTEXT ( ( #7377, #558, #1493 ) ) REPRESENTATION_CONTEXT ( 'NONE', 'WORKASPACE' ) );
#9306 = AXIS2_PLACEMENT_3D ( 'NONE', #2003, #9619, #7956 ) ;
#9307 = CARTESIAN_POINT ( 'NONE',  ( 24.30000000000000071, -57.00000000000000000, -1.200000000000000030E-05 ) ) ;
#9308 = VECTOR ( 'NONE', #6283, 1000.000000000000000 ) ;
#9309 = CC_DESIGN_PERSON_AND_ORGANIZATION_ASSIGNMENT ( #5603, #2410, ( #2385 ) ) ;
#9310 = APPROVAL_DATE_TIME ( #8477, #4045 ) ;
#9311 = CC_DESIGN_APPROVAL ( #9927, ( #6660 ) ) ;
#9312 = CARTESIAN_POINT ( 'NONE',  ( -21.36128909900410378, -32.95702773923764539, -0.000000000000000000 ) ) ;
#9313 = CARTESIAN_POINT ( 'NONE',  ( -21.04297226076161564, -35.36128909900560302, -0.000000000000000000 ) ) ;
#9314 = CIRCLE ( 'NONE', #10729, 19.00000000000000000 ) ;
#9315 = DIRECTION ( 'NONE',  ( -1.000000000000000000, 0.000000000000000000, 0.000000000000000000 ) ) ;
#9316 = AXIS2_PLACEMENT_3D ( 'NONE', #4191, #10222, #5013 ) ;
#9317 = ORIENTED_EDGE ( 'NONE', *, *, #4017, .F. ) ;
#9318 = DIRECTION ( 'NONE',  ( -1.000000000000000000, 0.000000000000000000, 0.000000000000000000 ) ) ;
#9319 = CARTESIAN_POINT ( 'NONE',  ( -2.500000000000000000, 0.000000000000000000, 0.000000000000000000 ) ) ;
#9320 = PERSON_AND_ORGANIZATION_ROLE ( 'design_supplier' ) ;
#9321 = CARTESIAN_POINT ( 'NONE',  ( -20.44246974991423471, -0.000000000000000000, 13.65686506842306436 ) ) ;
#9322 = CC_DESIGN_PERSON_AND_ORGANIZATION_ASSIGNMENT ( #4138, #8120, ( #1162 ) ) ;
#9323 = DATE_AND_TIME ( #2585, #6067 ) ;
#9324 = VECTOR ( 'NONE', #3028, 1000.000000000000000 ) ;
#9325 = CARTESIAN_POINT ( 'NONE',  ( 183.0000000000000000, 3.000000000000000000, 83.00000000000000000 ) ) ;
#9326 = VERTEX_POINT ( 'NONE', #10725 ) ;
#9327 = EDGE_LOOP ( 'NONE', ( #2033, #8785, #8084, #544 ) ) ;
#9328 = EDGE_CURVE ( 'NONE', #235, #3359, #6993, .T. ) ;
#9329 = ORIENTED_EDGE ( 'NONE', *, *, #8164, .F. ) ;
#9330 = PLANE ( 'NONE',  #720 ) ;
#9331 = DIRECTION ( 'NONE',  ( 1.000000000000000000, 0.000000000000000000, -0.000000000000000000 ) ) ;
#9332 = DIRECTION ( 'NONE',  ( 0.000000000000000000, 0.000000000000000000, -1.000000000000000000 ) ) ;
#9333 = CARTESIAN_POINT ( 'NONE',  ( 1.155213855929388300, 2.347373307994384373, -0.000000000000000000 ) ) ;
#9334 = CIRCLE ( 'NONE', #4743, 5.799999999999999822 ) ;
#9335 = PLANE ( 'NONE',  #854 ) ;
#9336 = DATE_AND_TIME ( #6724, #10510 ) ;
#9337 = EDGE_CURVE ( 'NONE', #10350, #9656, #9782, .T. ) ;
#9338 = DATE_TIME_ROLE ( 'classification_date' ) ;
#9339 = UNCERTAINTY_MEASURE_WITH_UNIT (LENGTH_MEASURE( 1.000000000000000082E-05 ), #7315, 'distance_accuracy_value', 'NONE');
#9340 = VECTOR ( 'NONE', #8683, 1000.000000000000000 ) ;
#9341 = EDGE_LOOP ( 'NONE', ( #1292, #3651 ) ) ;
#9342 = CARTESIAN_POINT ( 'NONE',  ( 137.7000000000000171, 0.000000000000000000, -1.200000000000000030E-05 ) ) ;
#9343 = EDGE_CURVE ( 'NONE', #9507, #4161, #3096, .T. ) ;
#9344 = ORIENTED_EDGE ( 'NONE', *, *, #4825, .T. ) ;
#9345 = DIRECTION ( 'NONE',  ( -0.000000000000000000, -1.000000000000000000, -0.000000000000000000 ) ) ;
#9346 = DIRECTION ( 'NONE',  ( -0.000000000000000000, -1.000000000000000000, -0.000000000000000000 ) ) ;
#9347 = CARTESIAN_POINT ( 'NONE',  ( 0.000000000000000000, 0.000000000000000000, 40.00000000000000000 ) ) ;
#9348 = APPROVAL_ROLE ( '' ) ;
#9349 = AXIS2_PLACEMENT_3D ( 'NONE', #2363, #5717, #4900 ) ;
#9350 = DIRECTION ( 'NONE',  ( 0.000000000000000000, 1.000000000000000000, 0.000000000000000000 ) ) ;
#9351 = APPROVAL_ROLE ( '' ) ;
#9352 = ORIENTED_EDGE ( 'NONE', *, *, #5097, .F. ) ;
#9353 = CIRCLE ( 'NONE', #4772, 8.099999999999999645 ) ;
#9354 = ORIENTED_EDGE ( 'NONE', *, *, #7621, .F. ) ;
#9355 = DIRECTION ( 'NONE',  ( 0.000000000000000000, 1.000000000000000000, 0.000000000000000000 ) ) ;
#9356 = EDGE_CURVE ( 'NONE', #8770, #7959, #3157, .T. ) ;
#9357 = ORIENTED_EDGE ( 'NONE', *, *, #4970, .F. ) ;
#9358 = CARTESIAN_POINT ( 'NONE',  ( 137.0428739570325263, -1.361190795270670106, 0.000000000000000000 ) ) ;
#9359 = CARTESIAN_POINT ( 'NONE',  ( -18.95712604296878467, 0.000000000000000000, 13.36119079527010101 ) ) ;
#9360 = DIRECTION ( 'NONE',  ( 0.000000000000000000, 0.000000000000000000, 1.000000000000000000 ) ) ;
#9361 = EDGE_CURVE ( 'NONE', #1941, #7003, #6, .T. ) ;
#9362 = VERTEX_POINT ( 'NONE', #2278 ) ;
#9363 = AXIS2_PLACEMENT_3D ( 'NONE', #10166, #1780, #9439 ) ;
#9364 = DIRECTION ( 'NONE',  ( 0.000000000000000000, 0.000000000000000000, -1.000000000000000000 ) ) ;
#9365 = CARTESIAN_POINT ( 'NONE',  ( -8.141514269807105464, 0.000000000000000000, 19.51560493047243838 ) ) ;
#9366 = ORIENTED_EDGE ( 'NONE', *, *, #7151, .F. ) ;
#9367 = LINE ( 'NONE', #3561, #7710 ) ;
#9368 = DIRECTION ( 'NONE',  ( 1.000000000000000000, 0.000000000000000000, 0.000000000000000000 ) ) ;
#9369 = CARTESIAN_POINT ( 'NONE',  ( -11.03982175519196929, 8.612738812327586757, 11.66766443662072206 ) ) ;
#9370 = ADVANCED_FACE ( 'NONE', ( #8953 ), #5629, .F. ) ;
#9371 = ORIENTED_EDGE ( 'NONE', *, *, #2315, .F. ) ;
#9372 = FACE_OUTER_BOUND ( 'NONE', #3057, .T. ) ;
#9373 = SHAPE_REPRESENTATION_RELATIONSHIP ( 'NONE' , 'NONE' ,  #2441, #7412 ) ;
#9374 = CARTESIAN_POINT ( 'NONE',  ( -28.00000000000000000, 8.000000000000000000, 0.000000000000000000 ) ) ;
#9375 = COORDINATED_UNIVERSAL_TIME_OFFSET ( 5, 0, .BEHIND. ) ;
#9376 = CARTESIAN_POINT ( 'NONE',  ( 124.4426379398472022, 1.656795341010720346, -0.000000000000000000 ) ) ;
#9377 = APPROVAL_STATUS ( 'not_yet_approved' ) ;
#9378 = LINE ( 'NONE', #7770, #3440 ) ;
#9379 = ORIENTED_EDGE ( 'NONE', *, *, #10157, .T. ) ;
#9380 = CC_DESIGN_DATE_AND_TIME_ASSIGNMENT ( #9336, #10118, ( #3976 ) ) ;
#9381 = ORIENTED_EDGE ( 'NONE', *, *, #3594, .T. ) ;
#9382 = EDGE_LOOP ( 'NONE', ( #9755, #2146, #4952, #2208 ) ) ;
#9383 = CARTESIAN_POINT ( 'NONE',  ( -0.5999999999999999778, 2.529822128134703085, -1.200000000000000030E-05 ) ) ;
#9384 = FACE_BOUND ( 'NONE', #5473, .T. ) ;
#9385 = DIRECTION ( 'NONE',  ( 1.000000000000000000, 0.000000000000000000, 0.000000000000000000 ) ) ;
#9386 = CARTESIAN_POINT ( 'NONE',  ( -14.00000000000000000, 70.00000000000000000, 8.000000000000000000 ) ) ;
#9387 = CARTESIAN_POINT ( 'NONE',  ( 29.51547649045614108, 30.14146106821037918, -0.000000000000000000 ) ) ;
#9388 = CALENDAR_DATE ( 2026, 18, 9 ) ;
#9389 = CALENDAR_DATE ( 2026, 18, 9 ) ;
#9390 = ADVANCED_FACE ( 'NONE', ( #4036 ), #6713, .F. ) ;
#9391 = DIRECTION ( 'NONE',  ( 1.000000000000000000, 0.000000000000000000, 0.000000000000000000 ) ) ;
#9392 = EDGE_LOOP ( 'NONE', ( #2721, #57 ) ) ;
#9393 = DIRECTION ( 'NONE',  ( -0.000000000000000000, -0.000000000000000000, 1.000000000000000000 ) ) ;
#9394 = VERTEX_POINT ( 'NONE', #2163 ) ;
#9395 = VERTEX_POINT ( 'NONE', #8121 ) ;
#9396 = CARTESIAN_POINT ( 'NONE',  ( -27.69999999999999929, 45.00000000000000000, -1.200000000000000030E-05 ) ) ;
#9397 = DIRECTION ( 'NONE',  ( -0.000000000000000000, -0.000000000000000000, 1.000000000000000000 ) ) ;
#9398 = CYLINDRICAL_SURFACE ( 'NONE', #1045, 1.700000000000000178 ) ;
#9399 = DIRECTION ( 'NONE',  ( 0.000000000000000000, 0.000000000000000000, -1.000000000000000000 ) ) ;
#9400 = ADVANCED_BREP_SHAPE_REPRESENTATION ( '', ( #7831, #7172 ), #6288 ) ;
#9401 = DATE_AND_TIME ( #7677, #9637 ) ;
#9402 = CIRCLE ( 'NONE', #4635, 1.700000000000000178 ) ;
#9403 = VERTEX_POINT ( 'NONE', #3807 ) ;
#9404 = EDGE_CURVE ( 'NONE', #1702, #6549, #1343, .T. ) ;
#9405 = ORIENTED_EDGE ( 'NONE', *, *, #7925, .T. ) ;
#9406 = CARTESIAN_POINT ( 'NONE',  ( 18.30000000000000071, -6.000000000000000000, -1.200000000000000030E-05 ) ) ;
#9407 = ORIENTED_EDGE ( 'NONE', *, *, #5878, .T. ) ;
#9408 = DIRECTION ( 'NONE',  ( 0.000000000000000000, -1.000000000000000000, 0.000000000000000000 ) ) ;
#9409 = DIRECTION ( 'NONE',  ( 0.000000000000000000, 0.000000000000000000, 1.000000000000000000 ) ) ;
#9410 = LINE ( 'NONE', #1089, #7110 ) ;
#9411 = AXIS2_PLACEMENT_3D ( 'NONE', #8396, #4260, #10122 ) ;
#9412 = EDGE_LOOP ( 'NONE', ( #10849, #465, #2197, #1714 ) ) ;
#9413 = FACE_OUTER_BOUND ( 'NONE', #10099, .T. ) ;
#9414 = CARTESIAN_POINT ( 'NONE',  ( -21.00000000000000000, 81.00000000000000000, 6.000000000000000000 ) ) ;
#9415 = APPROVAL_ROLE ( '' ) ;
#9416 = EDGE_CURVE ( 'NONE', #5724, #4864, #2217, .T. ) ;
#9417 = EDGE_CURVE ( 'NONE', #8507, #8682, #10376, .T. ) ;
#9418 = VECTOR ( 'NONE', #4159, 1000.000000000000000 ) ;
#9419 = LINE ( 'NONE', #258, #8258 ) ;
#9420 = CARTESIAN_POINT ( 'NONE',  ( -20.85848573019468688, -35.48439506952831124, 0.000000000000000000 ) ) ;
#9421 = LINE ( 'NONE', #2795, #3591 ) ;
#9422 = ORIENTED_EDGE ( 'NONE', *, *, #9885, .T. ) ;
#9423 = CARTESIAN_POINT ( 'NONE',  ( 0.000000000000000000, 70.00000000000000000, 5.200000000000000178 ) ) ;
#9424 = SECURITY_CLASSIFICATION ( '', '', #2865 ) ;
#9425 = LINE ( 'NONE', #6091, #4715 ) ;
#9426 = DATE_AND_TIME ( #881, #1170 ) ;
#9427 = CARTESIAN_POINT ( 'NONE',  ( 122.2999999999999972, 2.081899558550508908E-16, -6.000000000000000152E-06 ) ) ;
#9428 = PERSON_AND_ORGANIZATION ( #6206, #4668 ) ;
#9429 = ORIENTED_EDGE ( 'NONE', *, *, #6744, .F. ) ;
#9430 = ADVANCED_FACE ( 'NONE', ( #3972 ), #3869, .F. ) ;
#9431 = CARTESIAN_POINT ( 'NONE',  ( -27.69999999999999929, 45.00000000000000000, 5.000000000000000000 ) ) ;
#9432 = APPROVAL_PERSON_ORGANIZATION ( #10755, #9104, #8315 ) ;
#9433 = ORIENTED_EDGE ( 'NONE', *, *, #286, .F. ) ;
#9434 = VERTEX_POINT ( 'NONE', #3043 ) ;
#9435 = VERTEX_POINT ( 'NONE', #9841 ) ;
#9436 = LINE ( 'NONE', #9383, #5279 ) ;
#9437 =( LENGTH_UNIT ( ) NAMED_UNIT ( * ) SI_UNIT ( .MILLI., .METRE. ) );
#9438 = CARTESIAN_POINT ( 'NONE',  ( 19.77491600511407910, -7.699930488764023195, 0.000000000000000000 ) ) ;
#9439 = DIRECTION ( 'NONE',  ( 0.000000000000000000, -0.000000000000000000, -1.000000000000000000 ) ) ;
#9440 = DIRECTION ( 'NONE',  ( -0.000000000000000000, -0.000000000000000000, -1.000000000000000000 ) ) ;
#9441 = APPROVAL_STATUS ( 'not_yet_approved' ) ;
#9442 = APPROVAL_PERSON_ORGANIZATION ( #576, #5117, #4861 ) ;
#9443 = PRODUCT_RELATED_PRODUCT_CATEGORY ( 'detail', '', ( #9000 ) ) ;
#9444 = DIRECTION ( 'NONE',  ( -0.000000000000000000, -0.000000000000000000, -1.000000000000000000 ) ) ;
#9445 = VERTEX_POINT ( 'NONE', #7334 ) ;
#9446 = DIRECTION ( 'NONE',  ( 0.000000000000000000, -1.000000000000000000, 0.000000000000000000 ) ) ;
#9447 = APPROVAL_PERSON_ORGANIZATION ( #6820, #622, #3519 ) ;
#9448 = ORIENTED_EDGE ( 'NONE', *, *, #8662, .F. ) ;
#9449 = CARTESIAN_POINT ( 'NONE',  ( -11.59999999999999964, 0.000000000000000000, 6.000000000000000000 ) ) ;
#9450 = FACE_OUTER_BOUND ( 'NONE', #2936, .T. ) ;
#9451 = CARTESIAN_POINT ( 'NONE',  ( -1.850251865230340353, 1.832291515499593126, -0.000000000000000000 ) ) ;
#9452 =( LENGTH_UNIT ( ) NAMED_UNIT ( * ) SI_UNIT ( .MILLI., .METRE. ) );
#9453 = CARTESIAN_POINT ( 'NONE',  ( 137.7000000000000171, 0.000000000000000000, -6.000000000000000152E-06 ) ) ;
#9454 = PERSON_AND_ORGANIZATION ( #6743, #3319 ) ;
#9455 = VERTEX_POINT ( 'NONE', #6507 ) ;
#9456 = APPROVAL_PERSON_ORGANIZATION ( #3126, #7335, #4726 ) ;
#9457 = ADVANCED_FACE ( 'NONE', ( #218 ), #2641, .F. ) ;
#9458 = VERTEX_POINT ( 'NONE', #1936 ) ;
#9459 = CARTESIAN_POINT ( 'NONE',  ( 27.69999999999999929, -57.00000000000000711, -8.271806125530276749E-22 ) ) ;
#9460 = VERTEX_POINT ( 'NONE', #6881 ) ;
#9461 = DIRECTION ( 'NONE',  ( -0.000000000000000000, -0.000000000000000000, -1.000000000000000000 ) ) ;
#9462 = LINE ( 'NONE', #8412, #7360 ) ;
#9463 = LINE ( 'NONE', #6802, #8159 ) ;
#9464 = CC_DESIGN_SECURITY_CLASSIFICATION ( #5047, ( #10707 ) ) ;
#9465 = EDGE_CURVE ( 'NONE', #410, #4390, #10373, .T. ) ;
#9466 = LINE ( 'NONE', #4339, #8593 ) ;
#9467 = AXIS2_PLACEMENT_3D ( 'NONE', #10777, #2272, #3090 ) ;
#9468 = SECURITY_CLASSIFICATION ( '', '', #3031 ) ;
#9469 = AXIS2_PLACEMENT_3D ( 'NONE', #38, #3505, #3284 ) ;
#9470 = DESIGN_CONTEXT ( 'detailed design', #9711, 'design' ) ;
#9471 = DIRECTION ( 'NONE',  ( 1.000000000000000000, 0.000000000000000000, 0.000000000000000000 ) ) ;
#9472 = DIRECTION ( 'NONE',  ( 0.000000000000000000, 0.000000000000000000, 1.000000000000000000 ) ) ;
#9473 = DIRECTION ( 'NONE',  ( 1.000000000000000000, -0.000000000000000000, -0.000000000000000000 ) ) ;
#9474 = CARTESIAN_POINT ( 'NONE',  ( -11.68622841836827320, 7.709669415052518460, 8.887083654392810672 ) ) ;
#9475 = AXIS2_PLACEMENT_3D ( 'NONE', #10486, #1061, #6106 ) ;
#9476 = ORIENTED_EDGE ( 'NONE', *, *, #7517, .F. ) ;
#9477 = VECTOR ( 'NONE', #6762, 1000.000000000000000 ) ;
#9479 = EDGE_CURVE ( 'NONE', #7762, #2290, #10203, .T. ) ;
#9478 = VERTEX_POINT ( 'NONE', #2802 ) ;
#9480 = DIRECTION ( 'NONE',  ( 1.000000000000000000, 0.000000000000000000, 0.000000000000000000 ) ) ;
#9481 = VECTOR ( 'NONE', #9440, 1000.000000000000000 ) ;
#9482 = DIRECTION ( 'NONE',  ( -0.000000000000000000, -0.000000000000000000, -1.000000000000000000 ) ) ;
#9483 = MECHANICAL_CONTEXT ( 'NONE', #10423, 'mechanical' ) ;
#9484 = CARTESIAN_POINT ( 'NONE',  ( -21.36119079527136932, 0.000000000000000000, 13.04287395703068952 ) ) ;
#9485 = PERSON_AND_ORGANIZATION ( #8738, #5361 ) ;
#9486 = AXIS2_PLACEMENT_3D ( 'NONE', #5087, #1904, #6903 ) ;
#9487 = CIRCLE ( 'NONE', #9306, 2.500000000000000000 ) ;
#9488 = DIRECTION ( 'NONE',  ( 1.000000000000000000, 0.000000000000000000, 0.000000000000000000 ) ) ;
#9489 = VECTOR ( 'NONE', #1620, 1000.000000000000000 ) ;
#9490 = ORIENTED_EDGE ( 'NONE', *, *, #5432, .F. ) ;
#9492 = EDGE_CURVE ( 'NONE', #4607, #10132, #366, .T. ) ;
#9491 = ORIENTED_EDGE ( 'NONE', *, *, #9707, .T. ) ;
#9493 = FACE_BOUND ( 'NONE', #647, .T. ) ;
#9494 = DIRECTION ( 'NONE',  ( -0.000000000000000000, -1.000000000000000000, -0.000000000000000000 ) ) ;
#9495 = CC_DESIGN_APPROVAL ( #6597, ( #7538 ) ) ;
#9496 = EDGE_CURVE ( 'NONE', #8036, #3229, #7001, .T. ) ;
#9497 = CIRCLE ( 'NONE', #5424, 1.700000000000000178 ) ;
#9498 = CARTESIAN_POINT ( 'NONE',  ( 31.00000000000000000, -1.200000000000000030E-05, 4.700000000000000178 ) ) ;
#9499 = DATE_AND_TIME ( #9551, #9808 ) ;
#9500 = AXIS2_PLACEMENT_3D ( 'NONE', #1302, #7131, #9471 ) ;
#9501 = PERSON_AND_ORGANIZATION_ROLE ( 'design_supplier' ) ;
#9502 =( REPRESENTATION_RELATIONSHIP ('NONE','NONE', #1311, #7713 ) REPRESENTATION_RELATIONSHIP_WITH_TRANSFORMATION ( #3534 )SHAPE_REPRESENTATION_RELATIONSHIP( ) );
#9503 = DIRECTION ( 'NONE',  ( -0.000000000000000000, -0.000000000000000000, 1.000000000000000000 ) ) ;
#9504 = ORIENTED_EDGE ( 'NONE', *, *, #4090, .T. ) ;
#9505 = DIRECTION ( 'NONE',  ( -0.000000000000000000, -0.000000000000000000, 1.000000000000000000 ) ) ;
#9506 = AXIS2_PLACEMENT_3D ( 'NONE', #8901, #3708, #10514 ) ;
#9507 = VERTEX_POINT ( 'NONE', #1821 ) ;
#9508 = PLANE ( 'NONE',  #6318 ) ;
#9509 = DIRECTION ( 'NONE',  ( 0.000000000000000000, -0.000000000000000000, -1.000000000000000000 ) ) ;
#9510 = CARTESIAN_POINT ( 'NONE',  ( 27.69999999999999929, 0.000000000000000000, 0.000000000000000000 ) ) ;
#9511 = ORIENTED_EDGE ( 'NONE', *, *, #10277, .T. ) ;
#9512 = CC_DESIGN_DATE_AND_TIME_ASSIGNMENT ( #10768, #9886, ( #3597 ) ) ;
#9513 = CALENDAR_DATE ( 2026, 18, 9 ) ;
#9514 = ADVANCED_FACE ( 'NONE', ( #7768 ), #6979, .F. ) ;
#9515 = CARTESIAN_POINT ( 'NONE',  ( 5.799999999999999822, 70.00000000000000000, -1.200000000000000030E-05 ) ) ;
#9516 = PERSON_AND_ORGANIZATION_ROLE ( 'creator' ) ;
#9517 = VECTOR ( 'NONE', #3747, 1000.000000000000000 ) ;
#9518 = VERTEX_POINT ( 'NONE', #6764 ) ;
#9519 = CARTESIAN_POINT ( 'NONE',  ( 31.00000000000000000, 31.00000000000000000, -1.200000000000000030E-05 ) ) ;
#9520 = CIRCLE ( 'NONE', #9904, 14.00000000000000000 ) ;
#9521 = ORIENTED_EDGE ( 'NONE', *, *, #4078, .F. ) ;
#9522 = DIRECTION ( 'NONE',  ( 0.000000000000000000, 0.000000000000000000, -1.000000000000000000 ) ) ;
#9523 = CARTESIAN_POINT ( 'NONE',  ( -18.30000000000000071, -6.000000000000000000, -6.000000000000000152E-06 ) ) ;
#9524 = CARTESIAN_POINT ( 'NONE',  ( 32.04287395702812091, 0.000000000000000000, 22.36119079527466269 ) ) ;
#9525 = APPROVAL ( #4863, 'ๆช' ) ;
#9526 = VECTOR ( 'NONE', #2914, 1000.000000000000000 ) ;
#9527 = CC_DESIGN_PERSON_AND_ORGANIZATION_ASSIGNMENT ( #5468, #7062, ( #457 ) ) ;
#9528 = DIRECTION ( 'NONE',  ( 0.000000000000000000, 0.000000000000000000, -1.000000000000000000 ) ) ;
#9529 = DIRECTION ( 'NONE',  ( 0.000000000000000000, 0.000000000000000000, -1.000000000000000000 ) ) ;
#9530 = EDGE_CURVE ( 'NONE', #3680, #5358, #8435, .T. ) ;
#9531 = LINE ( 'NONE', #313, #288 ) ;
#9532 = CARTESIAN_POINT ( 'NONE',  ( 15.70000000000000284, 70.22525195654509389, 0.000000000000000000 ) ) ;
#9533 = AXIS2_PLACEMENT_3D ( 'NONE', #8843, #4642, #7165 ) ;
#9534 = CARTESIAN_POINT ( 'NONE',  ( 9.590710974038342940, 10.19958241540039268, 7.290803639638933298 ) ) ;
#9535 = ORIENTED_EDGE ( 'NONE', *, *, #9021, .F. ) ;
#9536 = CARTESIAN_POINT ( 'NONE',  ( 31.60000000000000142, 72.49999999999998579, 4.590597372058685011 ) ) ;
#9537 = CARTESIAN_POINT ( 'NONE',  ( 125.7000000000000028, -0.2256158049110661423, -0.000000000000000000 ) ) ;
#9538 = PERSON_AND_ORGANIZATION_ROLE ( 'classification_officer' ) ;
#9539 = CARTESIAN_POINT ( 'NONE',  ( 122.6387109010005219, 1.042972260769090553, -0.000000000000000000 ) ) ;
#9540 = PERSON ( 'NAUO-PER1', 'UNSPECIFIED', 'UNSPECIFIED', ('UNSPECIFIED'), ('UNSPECIFIED'), ('UNSPECIFIED') ) ;
#9541 = CALENDAR_DATE ( 2026, 18, 9 ) ;
#9542 = EDGE_CURVE ( 'NONE', #3248, #10231, #9497, .T. ) ;
#9543 = EDGE_CURVE ( 'NONE', #10716, #9038, #10626, .T. ) ;
#9544 = DIRECTION ( 'NONE',  ( -0.000000000000000000, -0.000000000000000000, -1.000000000000000000 ) ) ;
#9545 = VERTEX_POINT ( 'NONE', #5382 ) ;
#9546 = ORIENTED_EDGE ( 'NONE', *, *, #200, .T. ) ;
#9547 = CARTESIAN_POINT ( 'NONE',  ( 24.30000000000000071, -57.00000000000000000, -1.200000000000000030E-05 ) ) ;
#9548 = CARTESIAN_POINT ( 'NONE',  ( 0.000000000000000000, 149.0000000000000000, 0.000000000000000000 ) ) ;
#9549 = CARTESIAN_POINT ( 'NONE',  ( 2.534028928176448314, -0.6766222469410452245, -0.000000000000000000 ) ) ;
#9550 = CARTESIAN_POINT ( 'NONE',  ( 24.30000000000000071, -45.00000000000000000, 5.000000000000000000 ) ) ;
#9551 = CALENDAR_DATE ( 2026, 18, 9 ) ;
#9552 = CALENDAR_DATE ( 2026, 18, 9 ) ;
#9553 = ADVANCED_FACE ( 'NONE', ( #1315 ), #3726, .F. ) ;
#9554 = EDGE_CURVE ( 'NONE', #8863, #6436, #2794, .T. ) ;
#9555 = LINE ( 'NONE', #4314, #9154 ) ;
#9556 = VERTEX_POINT ( 'NONE', #2905 ) ;
#9557 = DIRECTION ( 'NONE',  ( 0.000000000000000000, -0.000000000000000000, -1.000000000000000000 ) ) ;
#9558 = ORIENTED_EDGE ( 'NONE', *, *, #9600, .T. ) ;
#9559 = CARTESIAN_POINT ( 'NONE',  ( -24.30000000000000071, 0.000000000000000000, -0.000000000000000000 ) ) ;
#9560 = CARTESIAN_POINT ( 'NONE',  ( 30.14134607987218928, 0.000000000000000000, 4.484325342115312196 ) ) ;
#9561 = DIRECTION ( 'NONE',  ( -0.000000000000000000, -0.000000000000000000, 1.000000000000000000 ) ) ;
#9562 = APPROVAL_ROLE ( '' ) ;
#9563 = PERSON_AND_ORGANIZATION ( #6743, #3319 ) ;
#9564 = CARTESIAN_POINT ( 'NONE',  ( 29.30000000000000071, 31.00000000000000000, -1.200000000000000030E-05 ) ) ;
#9565 = APPLICATION_CONTEXT ( 'configuration controlled 3d designs of mechanical parts and assemblies' ) ;
#9566 = PERSON_AND_ORGANIZATION ( #6743, #3319 ) ;
#9567 = EDGE_CURVE ( 'NONE', #2777, #9199, #4566, .T. ) ;
#9568 = ORIENTED_EDGE ( 'NONE', *, *, #9831, .T. ) ;
#9569 = FACE_OUTER_BOUND ( 'NONE', #1917, .T. ) ;
#9570 = ORIENTED_EDGE ( 'NONE', *, *, #6335, .T. ) ;
#9571 = B_SPLINE_CURVE_WITH_KNOTS ( 'NONE', 3,
 ( #9932, #2361, #5713, #1546, #8271, #724, #4072, #7425, #10813, #4286, #10363, #5156, #5051, #8484, #8655, #4454, #2636, #7637 ),
 .UNSPECIFIED., .F., .F.,
 ( 4, 2, 2, 2, 2, 2, 2, 2, 4 ),
 ( 0.5000000000000003331, 0.5625000000000003331, 0.6250000000000002220, 0.6875000000000002220, 0.7500000000000002220, 0.8125000000000001110, 0.8750000000000001110, 0.9375000000000000000, 1.000000000000000000 ),
 .UNSPECIFIED. ) ;
#9572 = DIRECTION ( 'NONE',  ( -0.000000000000000000, -0.000000000000000000, -1.000000000000000000 ) ) ;
#9573 = DIRECTION ( 'NONE',  ( -1.000000000000000000, 0.000000000000000000, 0.000000000000000000 ) ) ;
#9574 = CARTESIAN_POINT ( 'NONE',  ( 136.0000000000000000, 0.000000000000000000, -1.200000000000000030E-05 ) ) ;
#9575 = DIRECTION ( 'NONE',  ( 1.000000000000000000, 0.000000000000000000, 0.000000000000000000 ) ) ;
#9576 = ORIENTED_EDGE ( 'NONE', *, *, #6475, .F. ) ;
#9577 = CC_DESIGN_PERSON_AND_ORGANIZATION_ASSIGNMENT ( #10095, #976, ( #6660 ) ) ;
#9578 = APPROVAL ( #8540, 'ๆช' ) ;
#9579 = CARTESIAN_POINT ( 'NONE',  ( -10.69999999999999929, 31.00000000000000000, -6.000000000000000152E-06 ) ) ;
#9580 = VERTEX_POINT ( 'NONE', #10477 ) ;
#9581 = CARTESIAN_POINT ( 'NONE',  ( 31.22508399488411612, 32.69993048876346364, 0.000000000000000000 ) ) ;
#9582 = CARTESIAN_POINT ( 'NONE',  ( 9.170033982407343132, 10.57908256746159381, 9.141141200381477816 ) ) ;
#9583 = EDGE_LOOP ( 'NONE', ( #6347, #7470, #2820, #5740 ) ) ;
#9584 = DIRECTION ( 'NONE',  ( 0.000000000000000000, 1.000000000000000000, 0.000000000000000000 ) ) ;
#9585 = CARTESIAN_POINT ( 'NONE',  ( 122.2999304887634509, -0.2250839948843424976, 0.000000000000000000 ) ) ;
#9586 = PERSON_AND_ORGANIZATION ( #6743, #3319 ) ;
#9587 = AXIS2_PLACEMENT_3D ( 'NONE', #7501, #5182, #8560 ) ;
#9588 = DIRECTION ( 'NONE',  ( 0.000000000000000000, -0.000000000000000000, 1.000000000000000000 ) ) ;
#9589 = SECURITY_CLASSIFICATION_LEVEL ( 'unclassified' ) ;
#9590 = EDGE_CURVE ( 'NONE', #1931, #4094, #4620, .T. ) ;
#9591 = DIRECTION ( 'NONE',  ( -1.000000000000000000, 0.000000000000000000, 0.000000000000000000 ) ) ;
#9592 = EDGE_LOOP ( 'NONE', ( #7876, #5710 ) ) ;
#9593 = AXIS2_PLACEMENT_3D ( 'NONE', #3745, #9505, #6219 ) ;
#9594 = CC_DESIGN_SECURITY_CLASSIFICATION ( #5529, ( #10903 ) ) ;
#9595 = EDGE_LOOP ( 'NONE', ( #4261, #10698, #8303, #9407 ) ) ;
#9596 = DIRECTION ( 'NONE',  ( 1.000000000000000000, 0.000000000000000000, 0.000000000000000000 ) ) ;
#9597 = SHAPE_REPRESENTATION_RELATIONSHIP ( 'NONE' , 'NONE' ,  #9924, #3994 ) ;
#9598 = CARTESIAN_POINT ( 'NONE',  ( 1.313216681092871818, -2.270342840037188559, -0.000000000000000000 ) ) ;
#9599 = CARTESIAN_POINT ( 'NONE',  ( 15.36128909900199169, 68.95702773923554219, -0.000000000000000000 ) ) ;
#9600 = EDGE_CURVE ( 'NONE', #913, #5724, #8868, .T. ) ;
#9601 = PERSON_AND_ORGANIZATION_ROLE ( 'design_owner' ) ;
#9602 = CALENDAR_DATE ( 2026, 18, 9 ) ;
#9603 = APPROVAL_PERSON_ORGANIZATION ( #9813, #8230, #3943 ) ;
#9604 = DIRECTION ( 'NONE',  ( -1.000000000000000000, 0.000000000000000000, -0.000000000000000000 ) ) ;
#9605 = ORIENTED_EDGE ( 'NONE', *, *, #1541, .T. ) ;
#9606 = CARTESIAN_POINT ( 'NONE',  ( 43.00000000000000000, 81.00000000000000000, 6.000000000000000000 ) ) ;
#9607 = ORIENTED_EDGE ( 'NONE', *, *, #7420, .F. ) ;
#9608 = VERTEX_POINT ( 'NONE', #7927 ) ;
#9609 = CARTESIAN_POINT ( 'NONE',  ( -12.30000000000000426, 69.77438419509134349, -0.000000000000000000 ) ) ;
#9610 = CARTESIAN_POINT ( 'NONE',  ( 0.000000000000000000, 149.0000000000000000, 0.000000000000000000 ) ) ;
#9611 = CARTESIAN_POINT ( 'NONE',  ( -12.30000000000000071, 70.00000000000000000, -1.200000000000000030E-05 ) ) ;
#9612 = LOCAL_TIME ( 6, 20, 33.00000000000000000, #1066 ) ;
#9613 = CARTESIAN_POINT ( 'NONE',  ( 11.93795499826097561, 7.313427394620799937, 8.746623751672332858 ) ) ;
#9614 = CARTESIAN_POINT ( 'NONE',  ( -14.00000000000000000, 9.000000000000000000, 8.500000000000000000 ) ) ;
#9615 = PERSON_AND_ORGANIZATION ( #6743, #3319 ) ;
#9616 = EDGE_CURVE ( 'NONE', #5387, #438, #3675, .T. ) ;
#9617 = EDGE_CURVE ( 'NONE', #2797, #1873, #3839, .T. ) ;
#9618 = DATE_AND_TIME ( #6178, #7842 ) ;
#9619 = DIRECTION ( 'NONE',  ( 0.000000000000000000, 0.000000000000000000, 1.000000000000000000 ) ) ;
#9620 = COORDINATED_UNIVERSAL_TIME_OFFSET ( 5, 0, .BEHIND. ) ;
#9621 = CC_DESIGN_APPROVAL ( #10809, ( #457 ) ) ;
#9622 = VERTEX_POINT ( 'NONE', #2140 ) ;
#9623 = FACE_OUTER_BOUND ( 'NONE', #1746, .T. ) ;
#9624 = ORIENTED_EDGE ( 'NONE', *, *, #10370, .T. ) ;
#9625 = CYLINDRICAL_SURFACE ( 'NONE', #5444, 1.699999999999998401 ) ;
#9626 = LINE ( 'NONE', #7848, #4365 ) ;
#9627 = CARTESIAN_POINT ( 'NONE',  ( 15.69999999999999929, 70.00000000000000000, -1.200000000000000030E-05 ) ) ;
#9628 = EDGE_CURVE ( 'NONE', #1280, #9712, #8257, .T. ) ;
#9629 = EDGE_CURVE ( 'NONE', #5650, #10431, #2084, .T. ) ;
#9630 = APPROVAL_PERSON_ORGANIZATION ( #4796, #2695, #2424 ) ;
#9631 = FACE_BOUND ( 'NONE', #10699, .T. ) ;
#9632 = CIRCLE ( 'NONE', #122, 19.00000000000000000 ) ;
#9633 = ORIENTED_EDGE ( 'NONE', *, *, #3044, .F. ) ;
#9634 = LINE ( 'NONE', #312, #6311 ) ;
#9635 = ORIENTED_EDGE ( 'NONE', *, *, #3280, .T. ) ;
#9636 = DIRECTION ( 'NONE',  ( 0.000000000000000000, 0.000000000000000000, -1.000000000000000000 ) ) ;
#9637 = LOCAL_TIME ( 6, 20, 33.00000000000000000, #7841 ) ;
#9638 = CARTESIAN_POINT ( 'NONE',  ( 9.170132238024914173, 10.57899323120674140, 7.858776623762611990 ) ) ;
#9639 = VERTEX_POINT ( 'NONE', #7201 ) ;
#9640 = AXIS2_PLACEMENT_3D ( 'NONE', #1499, #2370, #3198 ) ;
#9641 = EDGE_LOOP ( 'NONE', ( #1121, #9267, #3021, #10002 ) ) ;
#9642 = CARTESIAN_POINT ( 'NONE',  ( -12.00000000000000000, 12.00000000000000000, 20.00000000000000000 ) ) ;
#9643 = CARTESIAN_POINT ( 'NONE',  ( -9.592487695948896942, 10.19791902210260481, 9.710886492289755978 ) ) ;
#9644 = CC_DESIGN_PERSON_AND_ORGANIZATION_ASSIGNMENT ( #9034, #2356, ( #10599 ) ) ;
#9645 =( REPRESENTATION_RELATIONSHIP ('NONE','NONE', #1311, #8789 ) REPRESENTATION_RELATIONSHIP_WITH_TRANSFORMATION ( #1785 )SHAPE_REPRESENTATION_RELATIONSHIP( ) );
#9646 = APPROVAL_STATUS ( 'not_yet_approved' ) ;
#9647 = DIRECTION ( 'NONE',  ( 0.000000000000000000, 0.000000000000000000, -1.000000000000000000 ) ) ;
#9648 = LOCAL_TIME ( 6, 20, 33.00000000000000000, #6447 ) ;
#9649 = APPROVAL_ROLE ( '' ) ;
#9650 = VERTEX_POINT ( 'NONE', #9754 ) ;
#9651 = AXIS2_PLACEMENT_3D ( 'NONE', #5961, #1735, #2664 ) ;
#9652 = CARTESIAN_POINT ( 'NONE',  ( 0.000000000000000000, 0.000000000000000000, 0.000000000000000000 ) ) ;
#9653 = AXIS2_PLACEMENT_3D ( 'NONE', #5315, #3766, #1191 ) ;
#9654 = EDGE_LOOP ( 'NONE', ( #151, #9633, #10496, #6717 ) ) ;
#9655 = VECTOR ( 'NONE', #8090, 1000.000000000000000 ) ;
#9656 = VERTEX_POINT ( 'NONE', #5542 ) ;
#9657 = CARTESIAN_POINT ( 'NONE',  ( -9.000000000000000000, 31.00000000000000000, -1.200000000000000030E-05 ) ) ;
#9658 = DIRECTION ( 'NONE',  ( -0.000000000000000000, -0.000000000000000000, 1.000000000000000000 ) ) ;
#9659 = FACE_BOUND ( 'NONE', #10176, .T. ) ;
#9660 = APPROVAL ( #2054, 'ๆช' ) ;
#9661 = MECHANICAL_CONTEXT ( 'NONE', #9772, 'mechanical' ) ;
#9662 = AXIS2_PLACEMENT_3D ( 'NONE', #2292, #10681, #10793 ) ;
#9663 = CALENDAR_DATE ( 2026, 18, 9 ) ;
#9664 = AXIS2_PLACEMENT_3D ( 'NONE', #10545, #2916, #8932 ) ;
#9665 = CARTESIAN_POINT ( 'NONE',  ( 0.5999999999999999778, 13.98713694792469120, 16.00000000000000000 ) ) ;
#9666 = ADVANCED_FACE ( 'NONE', ( #7978 ), #2851, .F. ) ;
#9667 = AXIS2_PLACEMENT_3D ( 'NONE', #10023, #6521, #10841 ) ;
#9668 = EDGE_LOOP ( 'NONE', ( #8860, #7435, #937, #8162 ) ) ;
#9669 = DIRECTION ( 'NONE',  ( 0.000000000000000000, 0.000000000000000000, -1.000000000000000000 ) ) ;
#9670 = VECTOR ( 'NONE', #8821, 1000.000000000000000 ) ;
#9671 = VERTEX_POINT ( 'NONE', #5327 ) ;
#9672 = CARTESIAN_POINT ( 'NONE',  ( 15.69999999999999929, 2.081899558550498554E-16, 2.000000000000000000 ) ) ;
#9673 = DIRECTION ( 'NONE',  ( 0.000000000000000000, 0.000000000000000000, 1.000000000000000000 ) ) ;
#9674 = CARTESIAN_POINT ( 'NONE',  ( -2.408641179952662359, 0.9895630205432096593, 0.000000000000000000 ) ) ;
#9675 = CARTESIAN_POINT ( 'NONE',  ( 11.51689599024726007, 7.960616816174120203, 7.150113106382693040 ) ) ;
#9676 = VECTOR ( 'NONE', #10778, 1000.000000000000000 ) ;
#9677 = CARTESIAN_POINT ( 'NONE',  ( 0.000000000000000000, 149.0000000000000000, 83.00000000000000000 ) ) ;
#9678 = PERSON_AND_ORGANIZATION ( #6743, #3319 ) ;
#9679 = CARTESIAN_POINT ( 'NONE',  ( 134.3432046589899471, 0.4426379398539287413, -0.000000000000000000 ) ) ;
#9680 = PERSON_AND_ORGANIZATION_ROLE ( 'design_supplier' ) ;
#9681 = AXIS2_PLACEMENT_3D ( 'NONE', #8020, #4451, #7076 ) ;
#9682 = EDGE_CURVE ( 'NONE', #2913, #3680, #2027, .T. ) ;
#9683 = ORIENTED_EDGE ( 'NONE', *, *, #3184, .F. ) ;
#9684 = CARTESIAN_POINT ( 'NONE',  ( 0.000000000000000000, 0.000000000000000000, 3.000000000000000000 ) ) ;
#9685 = ORIENTED_EDGE ( 'NONE', *, *, #1813, .F. ) ;
#9686 = DIRECTION ( 'NONE',  ( -0.000000000000000000, -0.000000000000000000, 1.000000000000000000 ) ) ;
#9687 = LINE ( 'NONE', #2835, #4532 ) ;
#9688 = DIRECTION ( 'NONE',  ( -0.000000000000000000, 1.000000000000000000, -0.000000000000000000 ) ) ;
#9689 = CARTESIAN_POINT ( 'NONE',  ( 0.000000000000000000, 0.000000000000000000, 0.000000000000000000 ) ) ;
#9690 = AXIS2_PLACEMENT_3D ( 'NONE', #8075, #2285, #8127 ) ;
#9691 = CARTESIAN_POINT ( 'NONE',  ( 0.000000000000000000, 45.00000000000000000, 0.000000000000000000 ) ) ;
#9692 = CARTESIAN_POINT ( 'NONE',  ( -9.442637939848786743, 29.34320465898919750, -0.000000000000000000 ) ) ;
#9693 = EDGE_CURVE ( 'NONE', #188, #2270, #7140, .T. ) ;
#9694 = EDGE_CURVE ( 'NONE', #9656, #10269, #1153, .T. ) ;
#9695 = ORIENTED_EDGE ( 'NONE', *, *, #8260, .F. ) ;
#9696 = CARTESIAN_POINT ( 'NONE',  ( 8.000000000000000000, 9.797174393178825657E-16, 5.000000000000000000 ) ) ;
#9697 = CIRCLE ( 'NONE', #3339, 1.700000000000000178 ) ;
#9698 = CARTESIAN_POINT ( 'NONE',  ( 9.352038589846046079, 10.41947306943599294, 9.466101123016242624 ) ) ;
#9699 = ORIENTED_EDGE ( 'NONE', *, *, #3124, .T. ) ;
#9700 = FACE_BOUND ( 'NONE', #7042, .T. ) ;
#9701 = PRODUCT_DEFINITION_SHAPE ( 'NONE', 'NONE',  #10910 ) ;
#9702 = CARTESIAN_POINT ( 'NONE',  ( 122.9570277392382707, -1.361289099004650893, -0.000000000000000000 ) ) ;
#9703 = PERSON_AND_ORGANIZATION_ROLE ( 'classification_officer' ) ;
#9704 = DIRECTION ( 'NONE',  ( 1.000000000000000000, 0.000000000000000000, 0.000000000000000000 ) ) ;
#9705 = DATE_AND_TIME ( #1266, #1330 ) ;
#9706 = VERTEX_POINT ( 'NONE', #9920 ) ;
#9707 = EDGE_CURVE ( 'NONE', #3249, #7308, #7357, .T. ) ;
#9708 = DIRECTION ( 'NONE',  ( -1.000000000000000000, -0.000000000000000000, -0.000000000000000000 ) ) ;
#9709 = ORIENTED_EDGE ( 'NONE', *, *, #5604, .T. ) ;
#9710 = ORIENTED_EDGE ( 'NONE', *, *, #8137, .T. ) ;
#9711 = APPLICATION_CONTEXT ( 'configuration controlled 3d designs of mechanical parts and assemblies' ) ;
#9712 = VERTEX_POINT ( 'NONE', #712 ) ;
#9713 = LINE ( 'NONE', #2148, #6154 ) ;
#9714 =( LENGTH_UNIT ( ) NAMED_UNIT ( * ) SI_UNIT ( .MILLI., .METRE. ) );
#9715 = CARTESIAN_POINT ( 'NONE',  ( 24.30000000000000071, -57.00000000000000000, -1.200000000000000030E-05 ) ) ;
#9716 = DIRECTION ( 'NONE',  ( 1.000000000000000000, -0.000000000000000000, 0.000000000000000000 ) ) ;
#9717 = CALENDAR_DATE ( 2026, 18, 9 ) ;
#9718 = CC_DESIGN_DATE_AND_TIME_ASSIGNMENT ( #10142, #1758, ( #1085 ) ) ;
#9719 = DIRECTION ( 'NONE',  ( -0.000000000000000000, 1.000000000000000000, 0.000000000000000000 ) ) ;
#9720 = PRODUCT_RELATED_PRODUCT_CATEGORY ( 'detail', '', ( #5538 ) ) ;
#9721 = VERTEX_POINT ( 'NONE', #2237 ) ;
#9722 = EDGE_LOOP ( 'NONE', ( #5846, #2362, #7408, #1449 ) ) ;
#9723 = DIRECTION ( 'NONE',  ( -0.000000000000000000, -0.000000000000000000, -1.000000000000000000 ) ) ;
#9724 = CARTESIAN_POINT ( 'NONE',  ( -21.00000000000000000, 81.00000000000000000, 0.000000000000000000 ) ) ;
#9725 = FACE_OUTER_BOUND ( 'NONE', #9412, .T. ) ;
#9726 = CARTESIAN_POINT ( 'NONE',  ( 32.65686506842305903, 48.55753025009011026, -0.000000000000000000 ) ) ;
#9727 = CARTESIAN_POINT ( 'NONE',  ( 31.00000000000000000, 62.49999999999997868, 3.000000000000000000 ) ) ;
#9728 = PERSON_AND_ORGANIZATION ( #6743, #3319 ) ;
#9729 = AXIS2_PLACEMENT_3D ( 'NONE', #2634, #5924, #1698 ) ;
#9730 = CARTESIAN_POINT ( 'NONE',  ( -27.69999999999999929, -57.00000000000000000, -1.200000000000000030E-05 ) ) ;
#9731 = ADVANCED_FACE ( 'NONE', ( #4829 ), #5810, .F. ) ;
#9732 = APPLICATION_PROTOCOL_DEFINITION ( 'international standard', 'config_control_design', 1994, #3629 ) ;
#9733 = ORIENTED_EDGE ( 'NONE', *, *, #4756, .F. ) ;
#9734 = LINE ( 'NONE', #7280, #2707 ) ;
#9735 = VERTEX_POINT ( 'NONE', #6579 ) ;
#9736 = VERTEX_POINT ( 'NONE', #2350 ) ;
#9737 = DIRECTION ( 'NONE',  ( -0.000000000000000000, -0.000000000000000000, 1.000000000000000000 ) ) ;
#9738 = CARTESIAN_POINT ( 'NONE',  ( -10.04297226076378635, -0.000000000000000000, 22.36128909900304862 ) ) ;
#9739 = LINE ( 'NONE', #2174, #8515 ) ;
#9740 = ORIENTED_EDGE ( 'NONE', *, *, #6557, .T. ) ;
#9741 = ORIENTED_EDGE ( 'NONE', *, *, #3742, .T. ) ;
#9742 = PLANE ( 'NONE',  #1564 ) ;
#9743 = EDGE_CURVE ( 'NONE', #1517, #5495, #9029, .T. ) ;
#9744 = CARTESIAN_POINT ( 'NONE',  ( -10.00000000000000000, -10.00000000000000000, 39.50000000000000000 ) ) ;
#9745 = EDGE_LOOP ( 'NONE', ( #8493, #10745, #5143, #5807 ) ) ;
#9746 = CARTESIAN_POINT ( 'NONE',  ( 30.55741526174906753, 32.65666690099450875, 0.000000000000000000 ) ) ;
#9747 = CARTESIAN_POINT ( 'NONE',  ( 0.000000000000000000, 0.000000000000000000, 90.00000000000000000 ) ) ;
#9748 = VERTEX_POINT ( 'NONE', #5700 ) ;
#9749 = CARTESIAN_POINT ( 'NONE',  ( 32.70000000000000284, 31.00000000000000000, -6.000000000000000152E-06 ) ) ;
#9750 = CARTESIAN_POINT ( 'NONE',  ( -9.047843225473620521, 10.68357329672708644, 8.230474509234989355 ) ) ;
#9751 = EDGE_CURVE ( 'NONE', #913, #10249, #9314, .T. ) ;
#9752 = EDGE_CURVE ( 'NONE', #5496, #9435, #5073, .T. ) ;
#9753 = PERSON_AND_ORGANIZATION ( #6743, #3319 ) ;
#9754 = CARTESIAN_POINT ( 'NONE',  ( -18.30000000000000071, -34.00000000000000000, 5.000000000000000000 ) ) ;
#9755 = ORIENTED_EDGE ( 'NONE', *, *, #4232, .T. ) ;
#9756 = APPROVAL_ROLE ( '' ) ;
#9757 = AXIS2_PLACEMENT_3D ( 'NONE', #6520, #3106, #5688 ) ;
#9758 = VERTEX_POINT ( 'NONE', #9083 ) ;
#9759 = ORIENTED_EDGE ( 'NONE', *, *, #5826, .F. ) ;
#9760 = FACE_OUTER_BOUND ( 'NONE', #8126, .T. ) ;
#9761 = VERTEX_POINT ( 'NONE', #6529 ) ;
#9762 = ORIENTED_EDGE ( 'NONE', *, *, #8662, .T. ) ;
#9763 = CARTESIAN_POINT ( 'NONE',  ( 0.000000000000000000, 80.50000000000000000, 0.000000000000000000 ) ) ;
#9764 = LINE ( 'NONE', #3954, #1755 ) ;
#9765 = AXIS2_PLACEMENT_3D ( 'NONE', #361, #8693, #5474 ) ;
#9766 = CARTESIAN_POINT ( 'NONE',  ( -5.799999999999999822, 0.000000000000000000, 0.000000000000000000 ) ) ;
#9767 = ADVANCED_FACE ( 'NONE', ( #6470 ), #3176, .F. ) ;
#9768 = APPROVAL_DATE_TIME ( #9884, #2695 ) ;
#9769 = CONTEXT_DEPENDENT_SHAPE_REPRESENTATION ( #5325, #7301 ) ;
#9770 = VECTOR ( 'NONE', #10051, 1000.000000000000000 ) ;
#9771 = CARTESIAN_POINT ( 'NONE',  ( -9.000000000000000000, 8.000000000000000000, 21.00000000000000000 ) ) ;
#9772 = APPLICATION_CONTEXT ( 'configuration controlled 3d designs of mechanical parts and assemblies' ) ;
#9773 = EDGE_LOOP ( 'NONE', ( #5783, #6482, #1584, #8149 ) ) ;
#9774 = ORIENTED_EDGE ( 'NONE', *, *, #4569, .F. ) ;
#9775 = CARTESIAN_POINT ( 'NONE',  ( -28.00000000000000000, 8.000000000000000000, 24.00000000000000000 ) ) ;
#9776 = CYLINDRICAL_SURFACE ( 'NONE', #5749, 1.700000000000000178 ) ;
#9777 = DIRECTION ( 'NONE',  ( -0.000000000000000000, -0.000000000000000000, -1.000000000000000000 ) ) ;
#9778 = CARTESIAN_POINT ( 'NONE',  ( 29.63880920472734459, 47.95712604297133197, 0.000000000000000000 ) ) ;
#9779 = CARTESIAN_POINT ( 'NONE',  ( 3.000000000000000000, 3.000000000000000000, 83.00000000000000000 ) ) ;
#9780 = PERSON_AND_ORGANIZATION ( #6743, #3319 ) ;
#9781 = APPROVAL_PERSON_ORGANIZATION ( #9103, #4114, #7431 ) ;
#9782 = LINE ( 'NONE', #1459, #2969 ) ;
#9783 = CC_DESIGN_PERSON_AND_ORGANIZATION_ASSIGNMENT ( #3098, #3918, ( #6808 ) ) ;
#9784 = SHAPE_DEFINITION_REPRESENTATION ( #8197, #1737 ) ;
#9785 = PRODUCT_DEFINITION_SHAPE ( 'NONE', 'NONE',  #10900 ) ;
#9786 = EDGE_LOOP ( 'NONE', ( #2334, #915, #9576, #1985 ) ) ;
#9787 = CARTESIAN_POINT ( 'NONE',  ( 22.00000000000000000, 7.999999999999996447, 8.000000000000000000 ) ) ;
#9788 = DIRECTION ( 'NONE',  ( -1.000000000000000000, 0.000000000000000000, -0.000000000000000000 ) ) ;
#9789 = ORIENTED_EDGE ( 'NONE', *, *, #10278, .T. ) ;
#9790 = ORIENTED_EDGE ( 'NONE', *, *, #6233, .F. ) ;
#9791 = CARTESIAN_POINT ( 'NONE',  ( 27.69999999999999929, -45.00000000000000000, 0.000000000000000000 ) ) ;
#9792 = DIRECTION ( 'NONE',  ( -0.000000000000000000, -0.000000000000000000, -1.000000000000000000 ) ) ;
#9793 = LINE ( 'NONE', #2452, #7979 ) ;
#9794 = CIRCLE ( 'NONE', #7840, 1.700000000000000178 ) ;
#9796 = SHAPE_REPRESENTATION_RELATIONSHIP ( 'NONE' , 'NONE' ,  #8665, #7549 ) ;
#9795 = PERSON ( 'NAUO-PER9', 'UNSPECIFIED', 'UNSPECIFIED', ('UNSPECIFIED'), ('UNSPECIFIED'), ('UNSPECIFIED') ) ;
#9797 = ORIENTED_EDGE ( 'NONE', *, *, #672, .F. ) ;
#9798 = CARTESIAN_POINT ( 'NONE',  ( 0.000000000000000000, 0.000000000000000000, 40.00000000000000000 ) ) ;
#9799 = EDGE_CURVE ( 'NONE', #5255, #8525, #3320, .T. ) ;
#9800 = ORIENTED_EDGE ( 'NONE', *, *, #10371, .T. ) ;
#9801 = CC_DESIGN_APPROVAL ( #3771, ( #5922 ) ) ;
#9802 = CARTESIAN_POINT ( 'NONE',  ( -0.5999999999999999778, 13.98713694792469120, 4.000000000000000000 ) ) ;
#9803 = ORIENTED_EDGE ( 'NONE', *, *, #10541, .F. ) ;
#9804 = CARTESIAN_POINT ( 'NONE',  ( 21.69999999999999574, -5.774748043452314405, 0.000000000000000000 ) ) ;
#9805 = EDGE_CURVE ( 'NONE', #5737, #3964, #9197, .T. ) ;
#9806 = FACE_OUTER_BOUND ( 'NONE', #498, .T. ) ;
#9807 = CARTESIAN_POINT ( 'NONE',  ( 11.87876165948471829, 7.409364245642842128, 9.388093465597638243 ) ) ;
#9808 = LOCAL_TIME ( 6, 20, 33.00000000000000000, #1275 ) ;
#9809 = ORIENTED_EDGE ( 'NONE', *, *, #5471, .T. ) ;
#9810 = LINE ( 'NONE', #6477, #7516 ) ;
#9811 = CARTESIAN_POINT ( 'NONE',  ( -12.00000000000000000, -12.00000000000000000, 20.00000000000000000 ) ) ;
#9812 = DATE_AND_TIME ( #4002, #6616 ) ;
#9813 = PERSON_AND_ORGANIZATION ( #8202, #7302 ) ;
#9814 = ORIENTED_EDGE ( 'NONE', *, *, #5226, .F. ) ;
#9815 = CC_DESIGN_SECURITY_CLASSIFICATION ( #5560, ( #10346 ) ) ;
#9816 = B_SPLINE_CURVE_WITH_KNOTS ( 'NONE', 3,
 ( #3326, #1012, #10078, #5902, #10178, #5085, #6685, #2451, #8399, #2502, #3428, #907, #6788, #4319, #8564, #193, #1845, #7672 ),
 .UNSPECIFIED., .F., .F.,
 ( 4, 2, 2, 2, 2, 2, 2, 2, 4 ),
 ( 0.000000000000000000, 0.06250000000000000000, 0.1250000000000000000, 0.1875000000000000000, 0.2500000000000000000, 0.3125000000000000000, 0.3750000000000000000, 0.4375000000000000000, 0.5000000000000000000 ),
 .UNSPECIFIED. ) ;
#9817 = EDGE_LOOP ( 'NONE', ( #1635, #9862, #9929, #467 ) ) ;
#9818 = EDGE_LOOP ( 'NONE', ( #9624, #8342 ) ) ;
#9819 = DIRECTION ( 'NONE',  ( 1.000000000000000000, 0.000000000000000000, 0.000000000000000000 ) ) ;
#9820 = EDGE_CURVE ( 'NONE', #7651, #1589, #2404, .T. ) ;
#9821 = ORIENTED_EDGE ( 'NONE', *, *, #3244, .T. ) ;
#9822 = CARTESIAN_POINT ( 'NONE',  ( -9.169899438923808432, 10.57920282770153264, 9.359032329756258761 ) ) ;
#9823 = DIRECTION ( 'NONE',  ( -1.000000000000000000, 0.000000000000000000, 0.000000000000000000 ) ) ;
#9824 = CC_DESIGN_SECURITY_CLASSIFICATION ( #3811, ( #9117 ) ) ;
#9825 = FACE_BOUND ( 'NONE', #10891, .T. ) ;
#9826 = PERSON_AND_ORGANIZATION ( #6743, #3319 ) ;
#9827 = VECTOR ( 'NONE', #154, 1000.000000000000000 ) ;
#9828 = PLANE ( 'NONE',  #8035 ) ;
#9829 = AXIS2_PLACEMENT_3D ( 'NONE', #2799, #6090, #4617 ) ;
#9830 = EDGE_CURVE ( 'NONE', #9608, #858, #4106, .T. ) ;
#9831 = EDGE_CURVE ( 'NONE', #2777, #3024, #7463, .T. ) ;
#9832 = ORIENTED_EDGE ( 'NONE', *, *, #4057, .F. ) ;
#9833 = VERTEX_POINT ( 'NONE', #8138 ) ;
#9834 = FACE_OUTER_BOUND ( 'NONE', #1119, .T. ) ;
#9835 = LINE ( 'NONE', #2211, #2951 ) ;
#9836 = CARTESIAN_POINT ( 'NONE',  ( -24.30000000000000071, 45.00000000000000000, -1.200000000000000030E-05 ) ) ;
#9837 = VECTOR ( 'NONE', #6571, 1000.000000000000000 ) ;
#9838 = CARTESIAN_POINT ( 'NONE',  ( 31.44258473825039957, 47.34333309900496545, 0.000000000000000000 ) ) ;
#9839 = DIRECTION ( 'NONE',  ( 1.000000000000000000, 0.000000000000000000, 0.000000000000000000 ) ) ;
#9840 = PERSON_AND_ORGANIZATION ( #6743, #3319 ) ;
#9841 = CARTESIAN_POINT ( 'NONE',  ( -14.00000000000000000, 0.000000000000000000, 0.000000000000000000 ) ) ;
#9842 = AXIS2_PLACEMENT_3D ( 'NONE', #3094, #6443, #9839 ) ;
#9843 = APPROVAL_STATUS ( 'not_yet_approved' ) ;
#9844 = B_SPLINE_CURVE_WITH_KNOTS ( 'NONE', 3,
 ( #8476, #93, #920, #7581, #5864, #9248, #1693, #5044, #8418, #874, #3449, #10197, #39, #5980, #9365, #3824, #7966, #7187 ),
 .UNSPECIFIED., .F., .F.,
 ( 4, 2, 2, 2, 2, 2, 2, 2, 4 ),
 ( 0.000000000000000000, 0.06250000000000000000, 0.1250000000000000000, 0.1875000000000000000, 0.2500000000000000000, 0.3125000000000000000, 0.3750000000000000000, 0.4375000000000000000, 0.5000000000000000000 ),
 .UNSPECIFIED. ) ;
#9845 = VECTOR ( 'NONE', #3071, 1000.000000000000000 ) ;
#9846 = AXIS2_PLACEMENT_3D ( 'NONE', #8919, #1265, #9588 ) ;
#9847 = CIRCLE ( 'NONE', #329, 5.799999999999999822 ) ;
#9848 = ORIENTED_EDGE ( 'NONE', *, *, #9542, .F. ) ;
#9849 = PLANE ( 'NONE',  #8524 ) ;
#9850 = AXIS2_PLACEMENT_3D ( 'NONE', #7896, #4436, #1235 ) ;
#9851 = ORIENTED_EDGE ( 'NONE', *, *, #5338, .T. ) ;
#9852 = DIRECTION ( 'NONE',  ( -0.000000000000000000, -0.000000000000000000, 1.000000000000000000 ) ) ;
#9853 = CARTESIAN_POINT ( 'NONE',  ( -19.00000000000000000, 0.000000000000000000, 4.000000000000000000 ) ) ;
#9854 = CARTESIAN_POINT ( 'NONE',  ( 0.000000000000000000, 0.000000000000000000, 0.000000000000000000 ) ) ;
#9855 = DIRECTION ( 'NONE',  ( 1.000000000000000000, 0.000000000000000000, 0.000000000000000000 ) ) ;
#9856 = EDGE_LOOP ( 'NONE', ( #10218, #7447, #10380, #5985 ) ) ;
#9857 = CARTESIAN_POINT ( 'NONE',  ( -12.00000000000000000, 7.000000000000000000, 13.29999999999999893 ) ) ;
#9858 = ORIENTED_EDGE ( 'NONE', *, *, #86, .F. ) ;
#9859 = VECTOR ( 'NONE', #6007, 1000.000000000000000 ) ;
#9860 = CARTESIAN_POINT ( 'NONE',  ( -22.00000000000000000, 0.000000000000000000, 8.000000000000000000 ) ) ;
#9861 = APPLICATION_CONTEXT ( 'configuration controlled 3d designs of mechanical parts and assemblies' ) ;
#9862 = ORIENTED_EDGE ( 'NONE', *, *, #10047, .F. ) ;
#9863 = CC_DESIGN_PERSON_AND_ORGANIZATION_ASSIGNMENT ( #6663, #1655, ( #7643 ) ) ;
#9864 = CARTESIAN_POINT ( 'NONE',  ( -9.000000000000000000, -6.000000000000000152E-06, 4.699999999999999289 ) ) ;
#9865 = ORIENTED_EDGE ( 'NONE', *, *, #7242, .F. ) ;
#9866 = APPROVAL ( #2329, 'ๆช' ) ;
#9867 = DIRECTION ( 'NONE',  ( 0.000000000000000000, 1.000000000000000000, 0.000000000000000000 ) ) ;
#9868 = DIRECTION ( 'NONE',  ( 0.000000000000000000, -1.000000000000000000, 0.000000000000000000 ) ) ;
#9869 = VECTOR ( 'NONE', #9686, 1000.000000000000000 ) ;
#9870 = ORIENTED_EDGE ( 'NONE', *, *, #2143, .F. ) ;
#9871 = CARTESIAN_POINT ( 'NONE',  ( 21.04297226076638339, -0.000000000000000000, 10.63871090099879879 ) ) ;
#9872 = CARTESIAN_POINT ( 'NONE',  ( 0.000000000000000000, 40.00000000000000000, 0.000000000000000000 ) ) ;
#9873 = COORDINATED_UNIVERSAL_TIME_OFFSET ( 5, 0, .BEHIND. ) ;
#9874 = ADVANCED_FACE ( 'NONE', ( #10634 ), #542, .F. ) ;
#9875 = PERSON_AND_ORGANIZATION_ROLE ( 'classification_officer' ) ;
#9876 = ORIENTED_EDGE ( 'NONE', *, *, #6572, .T. ) ;
#9877 = AXIS2_PLACEMENT_3D ( 'NONE', #58, #4248, #6889 ) ;
#9878 = CARTESIAN_POINT ( 'NONE',  ( 125.7000000000000028, 0.000000000000000000, 6.000000000000000000 ) ) ;
#9879 = DIRECTION ( 'NONE',  ( 0.000000000000000000, 0.000000000000000000, 1.000000000000000000 ) ) ;
#9880 = EDGE_LOOP ( 'NONE', ( #1304, #9003, #7206, #3308 ) ) ;
#9881 = FACE_BOUND ( 'NONE', #757, .T. ) ;
#9882 = CIRCLE ( 'NONE', #6818, 19.00000000000000000 ) ;
#9883 = DIRECTION ( 'NONE',  ( 0.000000000000000000, 0.000000000000000000, 1.000000000000000000 ) ) ;
#9884 = DATE_AND_TIME ( #9938, #1881 ) ;
#9885 = EDGE_CURVE ( 'NONE', #4129, #5210, #7246, .T. ) ;
#9886 = DATE_TIME_ROLE ( 'classification_date' ) ;
#9887 = PRODUCT_DEFINITION_SHAPE ( 'NONE', 'NONE',  #1695 ) ;
#9888 = CYLINDRICAL_SURFACE ( 'NONE', #4548, 14.00000000000000000 ) ;
#9889 = CC_DESIGN_APPROVAL ( #4045, ( #1085 ) ) ;
#9890 = ORIENTED_EDGE ( 'NONE', *, *, #1300, .T. ) ;
#9891 = ORIENTED_EDGE ( 'NONE', *, *, #7639, .F. ) ;
#9892 = CLOSED_SHELL ( 'NONE', ( #4030, #7088, #3382, #3208, #5617, #5031 ) ) ;
#9893 = EDGE_LOOP ( 'NONE', ( #964, #4780, #3909, #7680 ) ) ;
#9894 = CARTESIAN_POINT ( 'NONE',  ( 21.70000000000000284, -33.77474804345194315, 0.000000000000000000 ) ) ;
#9895 = CARTESIAN_POINT ( 'NONE',  ( 15.69999999999999929, 2.081899558550498554E-16, 2.000000000000000000 ) ) ;
#9896 = LINE ( 'NONE', #3913, #4199 ) ;
#9897 = CARTESIAN_POINT ( 'NONE',  ( 11.25723435106464798, 8.324008393740474077, 10.06315928611680910 ) ) ;
#9898 = LINE ( 'NONE', #2326, #4897 ) ;
#9899 = DATE_AND_TIME ( #4088, #10856 ) ;
#9900 = DIRECTION ( 'NONE',  ( -0.000000000000000000, -0.000000000000000000, -1.000000000000000000 ) ) ;
#9901 = ADVANCED_FACE ( 'NONE', ( #9806 ), #655, .T. ) ;
#9902 = APPROVAL_ROLE ( '' ) ;
#9903 = EDGE_CURVE ( 'NONE', #9460, #9199, #10687, .T. ) ;
#9904 = AXIS2_PLACEMENT_3D ( 'NONE', #3770, #4662, #10416 ) ;
#9905 = EDGE_LOOP ( 'NONE', ( #22, #8381 ) ) ;
#9906 = ORIENTED_EDGE ( 'NONE', *, *, #5684, .T. ) ;
#9907 = LINE ( 'NONE', #9121, #3755 ) ;
#9908 = ORIENTED_EDGE ( 'NONE', *, *, #922, .F. ) ;
#9909 = CARTESIAN_POINT ( 'NONE',  ( 18.51560493047318801, 0.000000000000000000, 11.14151426980208015 ) ) ;
#9910 = CARTESIAN_POINT ( 'NONE',  ( -10.70006951123579064, -0.000000000000000000, 21.22508399488681974 ) ) ;
#9911 = PLANE ( 'NONE',  #7267 ) ;
#9912 = DIRECTION ( 'NONE',  ( 0.000000000000000000, 0.000000000000000000, 1.000000000000000000 ) ) ;
#9913 = CARTESIAN_POINT ( 'NONE',  ( -15.59999999999999964, 62.50000000000000000, -1.200000000000000030E-05 ) ) ;
#9914 = EDGE_CURVE ( 'NONE', #9038, #10716, #869, .T. ) ;
#9915 = ORIENTED_EDGE ( 'NONE', *, *, #5352, .T. ) ;
#9916 = VECTOR ( 'NONE', #9473, 1000.000000000000000 ) ;
#9917 = CARTESIAN_POINT ( 'NONE',  ( -14.00000000000000000, 9.000000000000000000, 10.20000000000000107 ) ) ;
#9918 = ORIENTED_EDGE ( 'NONE', *, *, #732, .F. ) ;
#9919 = CARTESIAN_POINT ( 'NONE',  ( 21.48452350954398682, -5.141461068210320562, -0.000000000000000000 ) ) ;
#9920 = CARTESIAN_POINT ( 'NONE',  ( 31.19999999999999929, 80.50000000000000000, 6.000000000000000000 ) ) ;
#9921 = DIRECTION ( 'NONE',  ( -0.000000000000000000, -0.000000000000000000, 1.000000000000000000 ) ) ;
#9922 = ORIENTED_EDGE ( 'NONE', *, *, #1113, .T. ) ;
#9923 = FACE_OUTER_BOUND ( 'NONE', #3178, .T. ) ;
#9924 = SHAPE_REPRESENTATION ( 'V2_REF_electronics_envelope', ( #7172 ), #2426 ) ;
#9925 = DIRECTION ( 'NONE',  ( -1.000000000000000000, 0.000000000000000000, 0.000000000000000000 ) ) ;
#9926 = SHAPE_DEFINITION_REPRESENTATION ( #10670, #4622 ) ;
#9927 = APPROVAL ( #1645, 'UNKNOWN' ) ;
#9928 = APPROVAL ( #10490, 'ๆช' ) ;
#9929 = ORIENTED_EDGE ( 'NONE', *, *, #4067, .T. ) ;
#9930 = CARTESIAN_POINT ( 'NONE',  ( -18.30000000000000071, -34.00000000000000000, -6.000000000000000152E-06 ) ) ;
#9931 = LINE ( 'NONE', #10700, #8253 ) ;
#9932 = CARTESIAN_POINT ( 'NONE',  ( 31.00000000000000355, -6.000000000000000152E-06, 19.30000000000000071 ) ) ;
#9933 = ORIENTED_EDGE ( 'NONE', *, *, #8717, .F. ) ;
#9934 = FACE_BOUND ( 'NONE', #7829, .T. ) ;
#9935 = SHAPE_REPRESENTATION_RELATIONSHIP ( 'NONE' , 'NONE' ,  #10763, #7944 ) ;
#9936 = DIRECTION ( 'NONE',  ( 0.000000000000000000, 1.000000000000000000, 0.000000000000000000 ) ) ;
#9937 = ADVANCED_BREP_SHAPE_REPRESENTATION ( '', ( #7711, #7172 ), #504 ) ;
#9938 = CALENDAR_DATE ( 2026, 18, 9 ) ;
#9939 = AXIS2_PLACEMENT_3D ( 'NONE', #5186, #4264, #10179 ) ;
#9940 = EDGE_CURVE ( 'NONE', #7132, #6531, #9462, .T. ) ;
#9941 = ITEM_DEFINED_TRANSFORMATION ( 'NONE', 'NONE', #3833,  #7172 ) ;
#9942 = LINE ( 'NONE', #4957, #159 ) ;
#9943 = ORIENTED_EDGE ( 'NONE', *, *, #9830, .T. ) ;
#9944 = EDGE_CURVE ( 'NONE', #2525, #7653, #808, .T. ) ;
#9945 = ORIENTED_EDGE ( 'NONE', *, *, #5525, .F. ) ;
#9946 = PLANE ( 'NONE',  #5452 ) ;
#9947 = CARTESIAN_POINT ( 'NONE',  ( -19.00000000000000000, 9.000000000000000000, 10.00000000000000000 ) ) ;
#9948 = DIRECTION ( 'NONE',  ( 0.000000000000000000, 0.000000000000000000, 1.000000000000000000 ) ) ;
#9949 = DIRECTION ( 'NONE',  ( -0.000000000000000000, -0.000000000000000000, 1.000000000000000000 ) ) ;
#9950 = CARTESIAN_POINT ( 'NONE',  ( 9.170033982407341355, 10.57908256746159203, 10.64114120038147249 ) ) ;
#9951 = APPLICATION_PROTOCOL_DEFINITION ( 'international standard', 'config_control_design', 1994, #7017 ) ;
#9952 = PERSON_AND_ORGANIZATION ( #6743, #3319 ) ;
#9953 = VECTOR ( 'NONE', #8025, 1000.000000000000000 ) ;
#9954 = ORIENTED_EDGE ( 'NONE', *, *, #2584, .T. ) ;
#9955 = VERTEX_POINT ( 'NONE', #916 ) ;
#9956 = DIRECTION ( 'NONE',  ( 1.000000000000000000, 0.000000000000000000, 0.000000000000000000 ) ) ;
#9957 = EDGE_CURVE ( 'NONE', #9748, #1883, #1806, .T. ) ;
#9958 = EDGE_LOOP ( 'NONE', ( #9131, #7670 ) ) ;
#9959 = DIRECTION ( 'NONE',  ( 0.000000000000000000, 1.000000000000000000, 0.000000000000000000 ) ) ;
#9960 = CARTESIAN_POINT ( 'NONE',  ( -21.69993048876420971, -5.774916005113895245, -0.000000000000000000 ) ) ;
#9961 = DIRECTION ( 'NONE',  ( 1.000000000000000000, -0.000000000000000000, 0.000000000000000000 ) ) ;
#9962 = SECURITY_CLASSIFICATION ( '', '', #7647 ) ;
#9963 = EDGE_CURVE ( 'NONE', #7846, #10323, #8522, .T. ) ;
#9964 = DIRECTION ( 'NONE',  ( -1.000000000000000000, 0.000000000000000000, 0.000000000000000000 ) ) ;
#9965 = CYLINDRICAL_SURFACE ( 'NONE', #9662, 2.600000000000000089 ) ;
#9966 = ORIENTED_EDGE ( 'NONE', *, *, #1130, .F. ) ;
#9967 = SECURITY_CLASSIFICATION ( '', '', #3841 ) ;
#9968 = CARTESIAN_POINT ( 'NONE',  ( -10.50000000000000000, 59.50000000000000000, -1.200000000000000030E-05 ) ) ;
#9969 = ORIENTED_EDGE ( 'NONE', *, *, #6957, .T. ) ;
#9970 = CARTESIAN_POINT ( 'NONE',  ( 21.04297226076405281, -4.638710900997030429, -0.000000000000000000 ) ) ;
#9971 = ADVANCED_FACE ( 'NONE', ( #2625, #7519 ), #5039, .F. ) ;
#9972 = EDGE_LOOP ( 'NONE', ( #7432, #3494, #4346, #10690 ) ) ;
#9973 = DIRECTION ( 'NONE',  ( 0.000000000000000000, 0.000000000000000000, 1.000000000000000000 ) ) ;
#9974 = CARTESIAN_POINT ( 'NONE',  ( 10.88535465464668306, 8.807508457680029323, 8.300000000000000711 ) ) ;
#9975 = EDGE_CURVE ( 'NONE', #7959, #2627, #7576, .T. ) ;
#9976 = ORIENTED_EDGE ( 'NONE', *, *, #5356, .F. ) ;
#9977 = CARTESIAN_POINT ( 'NONE',  ( -30.00000000000000000, 0.000000000000000000, 28.00000000000000000 ) ) ;
#9978 = CC_DESIGN_SECURITY_CLASSIFICATION ( #1872, ( #2389 ) ) ;
#9979 = CARTESIAN_POINT ( 'NONE',  ( 29.95712604296984338, 50.36119079527190223, 0.000000000000000000 ) ) ;
#9980 = COORDINATED_UNIVERSAL_TIME_OFFSET ( 5, 0, .BEHIND. ) ;
#9981 = DATE_AND_TIME ( #605, #4497 ) ;
#9982 = EDGE_LOOP ( 'NONE', ( #7888, #3307, #229, #10281 ) ) ;
#9983 = DIRECTION ( 'NONE',  ( 0.000000000000000000, 0.000000000000000000, 1.000000000000000000 ) ) ;
#9984 = LINE ( 'NONE', #9153, #4902 ) ;
#9985 = CC_DESIGN_APPROVAL ( #8432, ( #3509 ) ) ;
#9986 = DIRECTION ( 'NONE',  ( -0.000000000000000000, -0.000000000000000000, -1.000000000000000000 ) ) ;
#9987 = SHAPE_REPRESENTATION ( 'V2_07_servo_stand', ( #7172 ), #6648 ) ;
#9988 = PRODUCT_DEFINITION ( 'ๆ', '', #3462, #1759 ) ;
#9989 = EDGE_LOOP ( 'NONE', ( #191, #511, #3572, #1439 ) ) ;
#9990 = CARTESIAN_POINT ( 'NONE',  ( -10.01642623006862109, 9.784631539666255762, 8.478378753637999310 ) ) ;
#9991 = CARTESIAN_POINT ( 'NONE',  ( 31.19999999999999929, 80.50000000000000000, -1.200000000000000030E-05 ) ) ;
#9992 = PERSON_AND_ORGANIZATION ( #6743, #3319 ) ;
#9993 = LOCAL_TIME ( 6, 20, 33.00000000000000000, #9375 ) ;
#9994 = APPROVAL_DATE_TIME ( #10820, #4114 ) ;
#9995 = CIRCLE ( 'NONE', #1700, 1.700000000000000178 ) ;
#9996 = LINE ( 'NONE', #8161, #8757 ) ;
#9997 = ORIENTED_EDGE ( 'NONE', *, *, #10157, .F. ) ;
#9998 = ORIENTED_EDGE ( 'NONE', *, *, #2445, .F. ) ;
#9999 = APPROVAL ( #8451, 'UNKNOWN' ) ;
#10000 = LOCAL_TIME ( 6, 20, 33.00000000000000000, #2279 ) ;
#10001 = CC_DESIGN_PERSON_AND_ORGANIZATION_ASSIGNMENT ( #10070, #688, ( #6072 ) ) ;
#10002 = ORIENTED_EDGE ( 'NONE', *, *, #327, .T. ) ;
#10003 = DIRECTION ( 'NONE',  ( 1.000000000000000000, 0.000000000000000000, 0.000000000000000000 ) ) ;
#10004 = CARTESIAN_POINT ( 'NONE',  ( -20.00000000000000000, 12.00000000000000000, 2.000000000000000000 ) ) ;
#10005 = CARTESIAN_POINT ( 'NONE',  ( 35.60000000000000142, 62.50000000000000000, 6.000000000000000000 ) ) ;
#10006 = CARTESIAN_POINT ( 'NONE',  ( 10.88457178719636786, 8.808441270803237799, 10.20000000000001883 ) ) ;
#10007 = DIRECTION ( 'NONE',  ( 0.000000000000000000, 1.000000000000000000, 0.000000000000000000 ) ) ;
#10008 = VECTOR ( 'NONE', #6385, 1000.000000000000000 ) ;
#10009 = DATE_TIME_ROLE ( 'creation_date' ) ;
#10010 = COORDINATED_UNIVERSAL_TIME_OFFSET ( 5, 0, .BEHIND. ) ;
#10011 = DIRECTION ( 'NONE',  ( 0.000000000000000000, 0.000000000000000000, -1.000000000000000000 ) ) ;
#10012 = AXIS2_PLACEMENT_3D ( 'NONE', #2516, #9303, #2466 ) ;
#10013 = EDGE_CURVE ( 'NONE', #5200, #5644, #2674, .T. ) ;
#10014 = VECTOR ( 'NONE', #784, 1000.000000000000000 ) ;
#10015 = ORIENTED_EDGE ( 'NONE', *, *, #8465, .T. ) ;
#10016 = DIRECTION ( 'NONE',  ( 0.000000000000000000, 0.000000000000000000, -1.000000000000000000 ) ) ;
#10017 = VECTOR ( 'NONE', #7754, 1000.000000000000000 ) ;
#10018 = EDGE_LOOP ( 'NONE', ( #10571, #10391, #2332, #8667 ) ) ;
#10019 = CARTESIAN_POINT ( 'NONE',  ( -22.00000000000000000, 84.00000000000000000, 8.000000000000000000 ) ) ;
#10020 = CARTESIAN_POINT ( 'NONE',  ( 31.00000000000000000, -6.000000000000000152E-06, 4.699999999999999289 ) ) ;
#10021 = LINE ( 'NONE', #4928, #3927 ) ;
#10022 = VECTOR ( 'NONE', #1285, 1000.000000000000000 ) ;
#10023 = CARTESIAN_POINT ( 'NONE',  ( 0.000000000000000000, 32.00000000000000000, -74.50000000000000000 ) ) ;
#10024 = FACE_BOUND ( 'NONE', #10622, .T. ) ;
#10025 = AXIS2_PLACEMENT_3D ( 'NONE', #1524, #3052, #9855 ) ;
#10026 = EDGE_LOOP ( 'NONE', ( #3036, #595 ) ) ;
#10027 = VECTOR ( 'NONE', #6304, 1000.000000000000000 ) ;
#10028 = AXIS2_PLACEMENT_3D ( 'NONE', #9152, #6590, #8423 ) ;
#10029 = EDGE_CURVE ( 'NONE', #2608, #9229, #10247, .T. ) ;
#10030 = AXIS2_PLACEMENT_3D ( 'NONE', #5728, #4805, #1338 ) ;
#10031 = CARTESIAN_POINT ( 'NONE',  ( -15.70000000000000284, 0.000000000000000000, 2.000000000000000000 ) ) ;
#10032 = ORIENTED_EDGE ( 'NONE', *, *, #3111, .T. ) ;
#10033 = PLANE ( 'NONE',  #615 ) ;
#10034 = ORIENTED_EDGE ( 'NONE', *, *, #10691, .T. ) ;
#10035 = DIRECTION ( 'NONE',  ( 1.000000000000000000, 0.000000000000000000, 0.000000000000000000 ) ) ;
#10036 = FACE_OUTER_BOUND ( 'NONE', #10060, .T. ) ;
#10037 = LOCAL_TIME ( 6, 20, 33.00000000000000000, #10807 ) ;
#10038 = VECTOR ( 'NONE', #5755, 1000.000000000000000 ) ;
#10039 = VECTOR ( 'NONE', #1095, 1000.000000000000000 ) ;
#10040 = ORIENTED_EDGE ( 'NONE', *, *, #8848, .F. ) ;
#10041 = DIRECTION ( 'NONE',  ( 0.000000000000000000, -1.000000000000000000, 0.000000000000000000 ) ) ;
#10042 = AXIS2_PLACEMENT_3D ( 'NONE', #894, #9332, #5172 ) ;
#10043 = CARTESIAN_POINT ( 'NONE',  ( 29.51560493047243128, 49.85848573019363528, 0.000000000000000000 ) ) ;
#10044 = CALENDAR_DATE ( 2026, 18, 9 ) ;
#10045 = ADVANCED_FACE ( 'NONE', ( #5913 ), #89, .F. ) ;
#10046 = EDGE_CURVE ( 'NONE', #10130, #9326, #1859, .T. ) ;
#10047 = EDGE_CURVE ( 'NONE', #5107, #2605, #2690, .T. ) ;
#10048 = CARTESIAN_POINT ( 'NONE',  ( 0.000000000000000000, 0.000000000000000000, 58.00000000000000000 ) ) ;
#10049 = DIRECTION ( 'NONE',  ( -0.000000000000000000, -0.000000000000000000, 1.000000000000000000 ) ) ;
#10050 = VECTOR ( 'NONE', #6630, 1000.000000000000000 ) ;
#10051 = DIRECTION ( 'NONE',  ( -0.000000000000000000, -0.000000000000000000, 1.000000000000000000 ) ) ;
#10052 = ORIENTED_EDGE ( 'NONE', *, *, #6782, .F. ) ;
#10053 = DIRECTION ( 'NONE',  ( 0.000000000000000000, 0.000000000000000000, -1.000000000000000000 ) ) ;
#10054 = CARTESIAN_POINT ( 'NONE',  ( -2.270342840037289811, -1.313216681092628013, -0.000000000000000000 ) ) ;
#10055 = MECHANICAL_CONTEXT ( 'NONE', #7856, 'mechanical' ) ;
#10056 = VECTOR ( 'NONE', #1351, 1000.000000000000000 ) ;
#10057 = EDGE_CURVE ( 'NONE', #7984, #4960, #9626, .T. ) ;
#10058 = ORIENTED_EDGE ( 'NONE', *, *, #7982, .T. ) ;
#10059 = CARTESIAN_POINT ( 'NONE',  ( 1.155213855929388300, 2.347373307994384373, -0.000000000000000000 ) ) ;
#10060 = EDGE_LOOP ( 'NONE', ( #8354, #8972, #7326, #8884 ) ) ;
#10061 = ORIENTED_EDGE ( 'NONE', *, *, #2445, .T. ) ;
#10062 = AXIS2_PLACEMENT_3D ( 'NONE', #571, #7105, #2210 ) ;
#10063 = ORIENTED_EDGE ( 'NONE', *, *, #3451, .T. ) ;
#10064 = ORIENTED_EDGE ( 'NONE', *, *, #5765, .F. ) ;
#10065 = DIRECTION ( 'NONE',  ( 1.000000000000000000, 0.000000000000000000, 0.000000000000000000 ) ) ;
#10066 = DIRECTION ( 'NONE',  ( -0.000000000000000000, 1.000000000000000000, -0.000000000000000000 ) ) ;
#10067 = CARTESIAN_POINT ( 'NONE',  ( 18.34333309900587849, -6.442584738252077337, -0.000000000000000000 ) ) ;
#10068 = DIRECTION ( 'NONE',  ( -0.000000000000000000, -1.000000000000000000, -0.000000000000000000 ) ) ;
#10069 = CARTESIAN_POINT ( 'NONE',  ( 10.37234568834891668, 9.406446595082066153, 11.66287729469195966 ) ) ;
#10070 = PERSON_AND_ORGANIZATION ( #6743, #3319 ) ;
#10071 = CALENDAR_DATE ( 2026, 18, 9 ) ;
#10072 = APPROVAL ( #6317, 'UNKNOWN' ) ;
#10073 = CC_DESIGN_PERSON_AND_ORGANIZATION_ASSIGNMENT ( #1608, #775, ( #5034 ) ) ;
#10074 = VERTEX_POINT ( 'NONE', #7071 ) ;
#10075 = LINE ( 'NONE', #129, #6216 ) ;
#10076 = VERTEX_POINT ( 'NONE', #5313 ) ;
#10077 = FACE_BOUND ( 'NONE', #7968, .T. ) ;
#10078 = CARTESIAN_POINT ( 'NONE',  ( -7.343333099005669773, 49.44258473825168920, -0.000000000000000000 ) ) ;
#10079 = FACE_OUTER_BOUND ( 'NONE', #4526, .T. ) ;
#10080 = MECHANICAL_CONTEXT ( 'NONE', #7942, 'mechanical' ) ;
#10081 = EDGE_CURVE ( 'NONE', #7719, #5612, #4276, .T. ) ;
#10082 =( REPRESENTATION_RELATIONSHIP ('NONE','NONE', #1311, #956 ) REPRESENTATION_RELATIONSHIP_WITH_TRANSFORMATION ( #8542 )SHAPE_REPRESENTATION_RELATIONSHIP( ) );
#10083 = CARTESIAN_POINT ( 'NONE',  ( 35.00000000000000000, 0.000000000000000000, 4.000000000000000000 ) ) ;
#10084 = PERSON ( 'NAUO-PER18', 'UNSPECIFIED', 'UNSPECIFIED', ('UNSPECIFIED'), ('UNSPECIFIED'), ('UNSPECIFIED') ) ;
#10085 = ORIENTED_EDGE ( 'NONE', *, *, #2932, .F. ) ;
#10086 = ORIENTED_EDGE ( 'NONE', *, *, #2617, .T. ) ;
#10087 = LINE ( 'NONE', #4330, #7454 ) ;
#10088 = ORIENTED_EDGE ( 'NONE', *, *, #2414, .T. ) ;
#10089 = CARTESIAN_POINT ( 'NONE',  ( -19.14146106821090143, -0.000000000000000000, 13.48452350954438650 ) ) ;
#10090 = DIRECTION ( 'NONE',  ( 0.000000000000000000, -0.000000000000000000, 1.000000000000000000 ) ) ;
#10092 = EDGE_CURVE ( 'NONE', #4161, #2906, #2889, .T. ) ;
#10091 = VERTEX_POINT ( 'NONE', #3600 ) ;
#10093 = LINE ( 'NONE', #2569, #5931 ) ;
#10094 = FACE_OUTER_BOUND ( 'NONE', #6619, .T. ) ;
#10095 = PERSON_AND_ORGANIZATION ( #3078, #1212 ) ;
#10096 = DIRECTION ( 'NONE',  ( -1.000000000000000000, -0.000000000000000000, -0.000000000000000000 ) ) ;
#10097 = CARTESIAN_POINT ( 'NONE',  ( 31.60000000000000142, -1.200000000000000030E-05, 1.409402627941315211 ) ) ;
#10098 = DIRECTION ( 'NONE',  ( -0.000000000000000000, -1.000000000000000000, -0.000000000000000000 ) ) ;
#10100 = EDGE_CURVE ( 'NONE', #4390, #6581, #469, .T. ) ;
#10099 = EDGE_LOOP ( 'NONE', ( #3160, #5332, #1228, #5066, #9774, #7386, #1083, #7426, #8458, #6888, #5968, #5853 ) ) ;
#10101 = PLANE ( 'NONE',  #7170 ) ;
#10102 = EDGE_CURVE ( 'NONE', #6422, #3082, #676, .T. ) ;
#10103 = DIRECTION ( 'NONE',  ( 1.000000000000000000, 0.000000000000000000, 0.000000000000000000 ) ) ;
#10104 = COORDINATED_UNIVERSAL_TIME_OFFSET ( 5, 0, .BEHIND. ) ;
#10105 = DIRECTION ( 'NONE',  ( 0.000000000000000000, 0.000000000000000000, 1.000000000000000000 ) ) ;
#10106 = DATE_AND_TIME ( #5217, #4489 ) ;
#10107 = LINE ( 'NONE', #3523, #6955 ) ;
#10108 = ORIENTED_EDGE ( 'NONE', *, *, #912, .T. ) ;
#10109 = ORIENTED_EDGE ( 'NONE', *, *, #6094, .T. ) ;
#10111 = EDGE_CURVE ( 'NONE', #9478, #8408, #6297, .T. ) ;
#10110 = EDGE_LOOP ( 'NONE', ( #4155, #4649, #2239, #10300, #935, #1278, #2587, #9800 ) ) ;
#10112 = CARTESIAN_POINT ( 'NONE',  ( -10.50000000000000000, 59.50000000000000000, -1.200000000000000030E-05 ) ) ;
#10113 = DIRECTION ( 'NONE',  ( -0.000000000000000000, 1.000000000000000000, 0.000000000000000000 ) ) ;
#10114 = CYLINDRICAL_SURFACE ( 'NONE', #2092, 1.700000000000007061 ) ;
#10115 = EDGE_CURVE ( 'NONE', #6037, #1589, #9687, .T. ) ;
#10116 = DIRECTION ( 'NONE',  ( 1.000000000000000000, 0.000000000000000000, 0.000000000000000000 ) ) ;
#10117 = CARTESIAN_POINT ( 'NONE',  ( 9.511064628574491309, 10.27374944521859668, 8.868648734014357160 ) ) ;
#10118 = DATE_TIME_ROLE ( 'classification_date' ) ;
#10119 = DATE_AND_TIME ( #10330, #4710 ) ;
#10120 = VECTOR ( 'NONE', #5029, 1000.000000000000000 ) ;
#10121 = ORIENTED_EDGE ( 'NONE', *, *, #4331, .F. ) ;
#10122 = DIRECTION ( 'NONE',  ( 1.000000000000000000, 0.000000000000000000, 0.000000000000000000 ) ) ;
#10123 = EDGE_LOOP ( 'NONE', ( #6181, #5591, #3035, #3524 ) ) ;
#10124 = CARTESIAN_POINT ( 'NONE',  ( -9.000000000000000000, -6.000000000000000152E-06, 19.30000000000000071 ) ) ;
#10125 = CARTESIAN_POINT ( 'NONE',  ( 31.19999999999999929, 59.50000000000000000, 6.000000000000000000 ) ) ;
#10126 = DIRECTION ( 'NONE',  ( 1.000000000000000000, 0.000000000000000000, 0.000000000000000000 ) ) ;
#10127 = CC_DESIGN_PERSON_AND_ORGANIZATION_ASSIGNMENT ( #2773, #9516, ( #3985 ) ) ;
#10128 = VECTOR ( 'NONE', #6021, 1000.000000000000000 ) ;
#10129 = CARTESIAN_POINT ( 'NONE',  ( -19.00000000000000000, 0.000000000000000000, 0.000000000000000000 ) ) ;
#10130 = VERTEX_POINT ( 'NONE', #3709 ) ;
#10131 = VECTOR ( 'NONE', #3635, 1000.000000000000000 ) ;
#10132 = VERTEX_POINT ( 'NONE', #2126 ) ;
#10133 = LINE ( 'NONE', #3551, #2181 ) ;
#10134 = ORIENTED_EDGE ( 'NONE', *, *, #4466, .F. ) ;
#10135 = CARTESIAN_POINT ( 'NONE',  ( 18.30000000000000071, -34.00000000000000000, -1.200000000000000030E-05 ) ) ;
#10136 = LINE ( 'NONE', #2567, #7087 ) ;
#10137 = EDGE_CURVE ( 'NONE', #8003, #6372, #302, .T. ) ;
#10138 = ORIENTED_EDGE ( 'NONE', *, *, #802, .F. ) ;
#10139 = CARTESIAN_POINT ( 'NONE',  ( -14.00000000000000000, 0.000000000000000000, 12.00000000000000000 ) ) ;
#10140 = LINE ( 'NONE', #9414, #9827 ) ;
#10141 = LINE ( 'NONE', #797, #2767 ) ;
#10142 = DATE_AND_TIME ( #3450, #5469 ) ;
#10143 = DESIGN_CONTEXT ( 'detailed design', #4428, 'design' ) ;
#10144 = EDGE_CURVE ( 'NONE', #6383, #346, #251, .T. ) ;
#10145 = DIRECTION ( 'NONE',  ( 1.000000000000000000, 0.000000000000000000, 0.000000000000000000 ) ) ;
#10146 = CARTESIAN_POINT ( 'NONE',  ( -28.00000000000000000, 8.000000000000000000, 8.000000000000000000 ) ) ;
#10147 = DIRECTION ( 'NONE',  ( -0.000000000000000000, -0.000000000000000000, -1.000000000000000000 ) ) ;
#10148 = APPROVAL_PERSON_ORGANIZATION ( #4674, #10072, #7929 ) ;
#10149 = ORIENTED_EDGE ( 'NONE', *, *, #2584, .F. ) ;
#10150 = FACE_OUTER_BOUND ( 'NONE', #5033, .T. ) ;
#10151 =( NAMED_UNIT ( * ) PLANE_ANGLE_UNIT ( ) SI_UNIT ( $, .RADIAN. ) );
#10152 = CARTESIAN_POINT ( 'NONE',  ( -9.000000000000000000, 81.00000000000000000, 3.000000000000000000 ) ) ;
#10153 = PERSON_AND_ORGANIZATION ( #6743, #3319 ) ;
#10154 = DIRECTION ( 'NONE',  ( -1.000000000000000000, 0.000000000000000000, 0.000000000000000000 ) ) ;
#10155 = COORDINATED_UNIVERSAL_TIME_OFFSET ( 5, 0, .BEHIND. ) ;
#10156 = SECURITY_CLASSIFICATION ( '', '', #4424 ) ;
#10157 = EDGE_CURVE ( 'NONE', #4094, #2220, #7910, .T. ) ;
#10158 = DIRECTION ( 'NONE',  ( 0.000000000000000000, 0.000000000000000000, 1.000000000000000000 ) ) ;
#10159 = ORIENTED_EDGE ( 'NONE', *, *, #10100, .F. ) ;
#10160 = EDGE_LOOP ( 'NONE', ( #7279, #952, #4215, #8900 ) ) ;
#10161 = VERTEX_POINT ( 'NONE', #2782 ) ;
#10162 = CARTESIAN_POINT ( 'NONE',  ( -30.00000000000000000, 0.000000000000000000, 0.000000000000000000 ) ) ;
#10163 = FACE_BOUND ( 'NONE', #362, .T. ) ;
#10164 = CARTESIAN_POINT ( 'NONE',  ( 31.00000000000000000, 80.49999999999998579, 1.300000000000000044 ) ) ;
#10165 = LOCAL_TIME ( 6, 20, 33.00000000000000000, #1327 ) ;
#10166 = CARTESIAN_POINT ( 'NONE',  ( 24.30000000000000071, 45.00000000000000000, -1.200000000000000030E-05 ) ) ;
#10167 = CARTESIAN_POINT ( 'NONE',  ( 35.00000000000000000, 70.00000000000000000, 5.000000000000000000 ) ) ;
#10168 = SECURITY_CLASSIFICATION_LEVEL ( 'unclassified' ) ;
#10169 = DATE_AND_TIME ( #1894, #8042 ) ;
#10171 = ADVANCED_FACE ( 'NONE', ( #1969 ), #8696, .T. ) ;
#10170 = B_SPLINE_CURVE_WITH_KNOTS ( 'NONE', 3,
 ( #6410, #9804, #8306, #9919, #7245, #9970, #10686, #4936, #5593, #3992, #1588, #3061, #8252, #8085, #2349, #1361, #4777, #7296 ),
 .UNSPECIFIED., .F., .F.,
 ( 4, 2, 2, 2, 2, 2, 2, 2, 4 ),
 ( 0.000000000000000000, 0.06250000000000000000, 0.1250000000000000000, 0.1875000000000000000, 0.2500000000000000000, 0.3125000000000000000, 0.3750000000000000000, 0.4375000000000000000, 0.5000000000000000000 ),
 .UNSPECIFIED. ) ;
#10172 = EDGE_CURVE ( 'NONE', #4572, #1742, #1188, .T. ) ;
#10173 = APPROVAL_PERSON_ORGANIZATION ( #199, #2758, #1080 ) ;
#10174 = ORIENTED_EDGE ( 'NONE', *, *, #9079, .F. ) ;
#10175 = DIRECTION ( 'NONE',  ( 1.000000000000000000, -0.000000000000000000, 0.000000000000000000 ) ) ;
#10176 = EDGE_LOOP ( 'NONE', ( #1301, #3691 ) ) ;
#10177 = CARTESIAN_POINT ( 'NONE',  ( 2.600000000000000089, 0.000000000000000000, -1.200000000000000030E-05 ) ) ;
#10178 = CARTESIAN_POINT ( 'NONE',  ( -7.638809204727039059, 50.04287395702854724, 0.000000000000000000 ) ) ;
#10179 = DIRECTION ( 'NONE',  ( 1.000000000000000000, 0.000000000000000000, 0.000000000000000000 ) ) ;
#10180 = APPROVAL_ROLE ( '' ) ;
#10181 = CC_DESIGN_APPROVAL ( #7199, ( #3811 ) ) ;
#10182 = CARTESIAN_POINT ( 'NONE',  ( -21.00000000000000000, 8.000000000000000000, 5.999999999999998224 ) ) ;
#10183 = APPROVAL_STATUS ( 'not_yet_approved' ) ;
#10184 = VERTEX_POINT ( 'NONE', #10676 ) ;
#10185 = VECTOR ( 'NONE', #5848, 1000.000000000000000 ) ;
#10186 = AXIS2_PLACEMENT_3D ( 'NONE', #1756, #2517, #5101 ) ;
#10187 = ORIENTED_EDGE ( 'NONE', *, *, #2372, .T. ) ;
#10188 = DIRECTION ( 'NONE',  ( 1.000000000000000000, 0.000000000000000000, 0.000000000000000000 ) ) ;
#10189 = CIRCLE ( 'NONE', #6103, 1.700000000000000178 ) ;
#10190 = VERTEX_POINT ( 'NONE', #6399 ) ;
#10191 = LINE ( 'NONE', #4446, #3331 ) ;
#10192 = CARTESIAN_POINT ( 'NONE',  ( -13.77491600510831482, 71.69993048876644082, 0.000000000000000000 ) ) ;
#10193 = FACE_OUTER_BOUND ( 'NONE', #3952, .T. ) ;
#10194 = ORIENTED_EDGE ( 'NONE', *, *, #368, .F. ) ;
#10195 = DIRECTION ( 'NONE',  ( 1.000000000000000000, 0.000000000000000000, -0.000000000000000000 ) ) ;
#10196 = AXIS2_PLACEMENT_3D ( 'NONE', #9913, #2230, #7288 ) ;
#10197 = CARTESIAN_POINT ( 'NONE',  ( -7.515476490455877290, -0.000000000000000000, 20.14146106821026194 ) ) ;
#10198 = PERSON_AND_ORGANIZATION ( #4898, #8658 ) ;
#10199 = CC_DESIGN_PERSON_AND_ORGANIZATION_ASSIGNMENT ( #5955, #4368, ( #3811 ) ) ;
#10200 = CC_DESIGN_DATE_AND_TIME_ASSIGNMENT ( #2151, #2918, ( #8569 ) ) ;
#10201 = DIRECTION ( 'NONE',  ( -1.000000000000000000, 0.000000000000000000, -0.000000000000000000 ) ) ;
#10202 = CARTESIAN_POINT ( 'NONE',  ( 31.00000000000000000, 49.00000000000000000, -1.200000000000000030E-05 ) ) ;
#10203 = CIRCLE ( 'NONE', #10553, 14.00000000000000000 ) ;
#10204 = CARTESIAN_POINT ( 'NONE',  ( -10.72380529476374278, 9.000000000000252243, 11.70000000000124984 ) ) ;
#10205 = AXIS2_PLACEMENT_3D ( 'NONE', #5674, #2324, #9057 ) ;
#10206 = ORIENTED_EDGE ( 'NONE', *, *, #7420, .T. ) ;
#10207 = CARTESIAN_POINT ( 'NONE',  ( -7.957027739236473884, -0.000000000000000000, 1.638710900996687148 ) ) ;
#10208 = CARTESIAN_POINT ( 'NONE',  ( 27.69999999999999929, -57.00000000000000000, -1.200000000000000030E-05 ) ) ;
#10209 = EDGE_CURVE ( 'NONE', #7996, #8452, #5687, .T. ) ;
#10210 = CALENDAR_DATE ( 2026, 18, 9 ) ;
#10211 = CARTESIAN_POINT ( 'NONE',  ( -21.69993048876420971, 0.000000000000000000, 11.77491600511370606 ) ) ;
#10212 = PERSON_AND_ORGANIZATION ( #2807, #1500 ) ;
#10213 = VECTOR ( 'NONE', #8831, 1000.000000000000000 ) ;
#10214 = CARTESIAN_POINT ( 'NONE',  ( 12.00000000000000000, -12.00000000000000000, 20.00000000000000000 ) ) ;
#10215 = ORIENTED_EDGE ( 'NONE', *, *, #10430, .F. ) ;
#10216 = ORIENTED_EDGE ( 'NONE', *, *, #9479, .T. ) ;
#10217 = ORIENTED_EDGE ( 'NONE', *, *, #7729, .T. ) ;
#10218 = ORIENTED_EDGE ( 'NONE', *, *, #7430, .T. ) ;
#10219 = ADVANCED_FACE ( 'NONE', ( #747 ), #7344, .F. ) ;
#10220 = CARTESIAN_POINT ( 'NONE',  ( 0.000000000000000000, 0.000000000000000000, 4.000000000000000000 ) ) ;
#10221 = CARTESIAN_POINT ( 'NONE',  ( 0.000000000000000000, 0.000000000000000000, 149.0000000000000000 ) ) ;
#10222 = DIRECTION ( 'NONE',  ( -0.000000000000000000, -0.000000000000000000, -1.000000000000000000 ) ) ;
#10223 = DIRECTION ( 'NONE',  ( 1.000000000000000000, 0.000000000000000000, 0.000000000000000000 ) ) ;
#10224 = AXIS2_PLACEMENT_3D ( 'NONE', #10390, #3481, #9192 ) ;
#10225 = CARTESIAN_POINT ( 'NONE',  ( 31.22508399488667408, 29.29993048876421113, -0.000000000000000000 ) ) ;
#10226 = EDGE_CURVE ( 'NONE', #6101, #3304, #4927, .T. ) ;
#10227 = APPLICATION_PROTOCOL_DEFINITION ( 'international standard', 'config_control_design', 1994, #9565 ) ;
#10228 = DATE_AND_TIME ( #9389, #4167 ) ;
#10229 = DIRECTION ( 'NONE',  ( -1.000000000000000000, 0.000000000000000000, 0.000000000000000000 ) ) ;
#10230 = CIRCLE ( 'NONE', #3685, 30.00000000000000000 ) ;
#10231 = VERTEX_POINT ( 'NONE', #643 ) ;
#10232 = LINE ( 'NONE', #2660, #8882 ) ;
#10233 = ORIENTED_EDGE ( 'NONE', *, *, #10057, .F. ) ;
#10234 = DIRECTION ( 'NONE',  ( 0.000000000000000000, -0.000000000000000000, -1.000000000000000000 ) ) ;
#10235 = PLANE ( 'NONE',  #9651 ) ;
#10236 = DIRECTION ( 'NONE',  ( -0.000000000000000000, -0.000000000000000000, 1.000000000000000000 ) ) ;
#10237 = PERSON_AND_ORGANIZATION ( #6743, #3319 ) ;
#10238 = EDGE_CURVE ( 'NONE', #5747, #2155, #338, .T. ) ;
#10239 = EDGE_CURVE ( 'NONE', #1843, #5333, #4871, .T. ) ;
#10240 = CARTESIAN_POINT ( 'NONE',  ( 31.00000000000000000, 31.00000000000000000, -1.200000000000000030E-05 ) ) ;
#10241 = DATE_AND_TIME ( #6854, #4160 ) ;
#10242 = EDGE_LOOP ( 'NONE', ( #3504, #4100, #8166, #3321 ) ) ;
#10243 = EDGE_LOOP ( 'NONE', ( #6234, #10775, #5796, #4504, #10061, #5089, #9329, #2282, #820, #7406, #1425, #7551 ) ) ;
#10244 = FACE_OUTER_BOUND ( 'NONE', #5377, .T. ) ;
#10245 = ORIENTED_EDGE ( 'NONE', *, *, #2015, .F. ) ;
#10246 = LINE ( 'NONE', #7625, #1937 ) ;
#10247 = LINE ( 'NONE', #6024, #5574 ) ;
#10248 = DIRECTION ( 'NONE',  ( -1.000000000000000000, -0.000000000000000000, -0.000000000000000000 ) ) ;
#10249 = VERTEX_POINT ( 'NONE', #9853 ) ;
#10250 = AXIS2_PLACEMENT_3D ( 'NONE', #7659, #120, #8498 ) ;
#10251 = DIRECTION ( 'NONE',  ( -0.000000000000000000, -0.000000000000000000, -1.000000000000000000 ) ) ;
#10252 = ADVANCED_FACE ( 'NONE', ( #5521 ), #5742, .F. ) ;
#10253 = CARTESIAN_POINT ( 'NONE',  ( -9.000000000000000000, -1.200000000000000030E-05, 21.00000000000000000 ) ) ;
#10254 = DIRECTION ( 'NONE',  ( -0.000000000000000000, -0.000000000000000000, -1.000000000000000000 ) ) ;
#10255 = B_SPLINE_CURVE_WITH_KNOTS ( 'NONE', 3,
 ( #6991, #181, #2595, #9387, #896, #6838, #231, #8674, #1001, #10225, #943, #1720, #6893, #7605, #3577, #2815, #5075, #3530 ),
 .UNSPECIFIED., .F., .F.,
 ( 4, 2, 2, 2, 2, 2, 2, 2, 4 ),
 ( 0.5000000000000000000, 0.5624999999999995559, 0.6249999999999991118, 0.6874999999999985567, 0.7499999999999981126, 0.8124999999999985567, 0.8749999999999991118, 0.9374999999999995559, 1.000000000000000000 ),
 .UNSPECIFIED. ) ;
#10256 = CARTESIAN_POINT ( 'NONE',  ( 150.0000000000000000, 0.000000000000000000, 0.000000000000000000 ) ) ;
#10257 = CARTESIAN_POINT ( 'NONE',  ( 30.00000000000000000, 3.673940397442059178E-15, 0.000000000000000000 ) ) ;
#10258 = ORIENTED_EDGE ( 'NONE', *, *, #4970, .T. ) ;
#10259 = CARTESIAN_POINT ( 'NONE',  ( -7.299999999999998934, 49.00000000000000000, 5.000000000000000000 ) ) ;
#10260 =( NAMED_UNIT ( * ) PLANE_ANGLE_UNIT ( ) SI_UNIT ( $, .RADIAN. ) );
#10261 = CIRCLE ( 'NONE', #3025, 2.600000000000000089 ) ;
#10262 = CARTESIAN_POINT ( 'NONE',  ( 136.0000000000000000, 0.000000000000000000, 6.000000000000000000 ) ) ;
#10263 = APPROVAL ( #244, 'ๆช' ) ;
#10264 = SHAPE_DEFINITION_REPRESENTATION ( #2205, #10763 ) ;
#10265 = CARTESIAN_POINT ( 'NONE',  ( 125.6566669009919508, 0.4425847382503730332, -0.000000000000000000 ) ) ;
#10266 = COORDINATED_UNIVERSAL_TIME_OFFSET ( 5, 0, .BEHIND. ) ;
#10267 = CARTESIAN_POINT ( 'NONE',  ( 31.00000000000000000, -1.200000000000000030E-05, 1.300000000000000044 ) ) ;
#10268 = VERTEX_POINT ( 'NONE', #586 ) ;
#10269 = VERTEX_POINT ( 'NONE', #4708 ) ;
#10270 = ORIENTED_EDGE ( 'NONE', *, *, #10013, .F. ) ;
#10271 = ORIENTED_EDGE ( 'NONE', *, *, #9944, .T. ) ;
#10272 = CARTESIAN_POINT ( 'NONE',  ( 20.00000000000000000, -6.000000000000000000, -1.200000000000000030E-05 ) ) ;
#10273 = LINE ( 'NONE', #3624, #1563 ) ;
#10274 = CARTESIAN_POINT ( 'NONE',  ( 24.30000000000000071, 45.00000000000000000, 0.000000000000000000 ) ) ;
#10275 = LINE ( 'NONE', #2701, #3187 ) ;
#10276 = CARTESIAN_POINT ( 'NONE',  ( -21.00000000000000000, 8.000000000000000000, 24.00000000000000000 ) ) ;
#10277 = EDGE_CURVE ( 'NONE', #5612, #7719, #8220, .T. ) ;
#10278 = EDGE_CURVE ( 'NONE', #9036, #1593, #8965, .T. ) ;
#10279 = DATE_AND_TIME ( #9388, #7668 ) ;
#10280 = APPROVAL_DATE_TIME ( #10228, #7199 ) ;
#10281 = ORIENTED_EDGE ( 'NONE', *, *, #7488, .T. ) ;
#10282 = APPLICATION_CONTEXT ( 'configuration controlled 3d designs of mechanical parts and assemblies' ) ;
#10283 = CARTESIAN_POINT ( 'NONE',  ( -20.00000000000000000, -12.00000000000000000, 0.000000000000000000 ) ) ;
#10284 = EDGE_CURVE ( 'NONE', #9016, #2403, #10141, .T. ) ;
#10285 = ORIENTED_EDGE ( 'NONE', *, *, #7013, .T. ) ;
#10286 = DIRECTION ( 'NONE',  ( -0.000000000000000000, -0.000000000000000000, -1.000000000000000000 ) ) ;
#10287 = VERTEX_POINT ( 'NONE', #10125 ) ;
#10288 = ORIENTED_EDGE ( 'NONE', *, *, #225, .F. ) ;
#10289 = LINE ( 'NONE', #6012, #9340 ) ;
#10290 = PLANE ( 'NONE',  #1192 ) ;
#10291 = DIRECTION ( 'NONE',  ( -0.000000000000000000, -1.000000000000000000, -0.000000000000000000 ) ) ;
#10292 =( NAMED_UNIT ( * ) SI_UNIT ( $, .STERADIAN. ) SOLID_ANGLE_UNIT ( ) );
#10293 = CARTESIAN_POINT ( 'NONE',  ( 0.000000000000000000, 0.000000000000000000, 149.0000000000000000 ) ) ;
#10294 = PERSON_AND_ORGANIZATION ( #6743, #3319 ) ;
#10295 = AXIS2_PLACEMENT_3D ( 'NONE', #8413, #5199, #3338 ) ;
#10296 = VERTEX_POINT ( 'NONE', #4380 ) ;
#10297 = EDGE_CURVE ( 'NONE', #2938, #6550, #7566, .T. ) ;
#10298 = VERTEX_POINT ( 'NONE', #5028 ) ;
#10299 = CARTESIAN_POINT ( 'NONE',  ( 31.60000000000000142, 0.000000000000000000, 0.000000000000000000 ) ) ;
#10300 = ORIENTED_EDGE ( 'NONE', *, *, #6756, .T. ) ;
#10301 = CARTESIAN_POINT ( 'NONE',  ( 0.000000000000000000, 0.000000000000000000, 149.0000000000000000 ) ) ;
#10302 = CARTESIAN_POINT ( 'NONE',  ( 24.30000000000000071, -57.00000000000000000, 5.000000000000000000 ) ) ;
#10303 = CARTESIAN_POINT ( 'NONE',  ( 31.00000000000000000, 8.000000000000000000, 22.70000000000000284 ) ) ;
#10304 = AXIS2_PLACEMENT_3D ( 'NONE', #5142, #144, #2562 ) ;
#10305 = FACE_OUTER_BOUND ( 'NONE', #332, .T. ) ;
#10306 = AXIS2_PLACEMENT_3D ( 'NONE', #6897, #4525, #7891 ) ;
#10307 = DIRECTION ( 'NONE',  ( 0.000000000000000000, 0.000000000000000000, 1.000000000000000000 ) ) ;
#10308 = ADVANCED_FACE ( 'NONE', ( #9285 ), #8460, .F. ) ;
#10309 = ADVANCED_FACE ( 'NONE', ( #3376 ), #10235, .F. ) ;
#10310 = DIRECTION ( 'NONE',  ( -0.000000000000000000, -1.000000000000000000, -0.000000000000000000 ) ) ;
#10311 = CARTESIAN_POINT ( 'NONE',  ( -20.44263793984662314, -35.65679534101005288, -0.000000000000000000 ) ) ;
#10312 = CARTESIAN_POINT ( 'NONE',  ( -11.93695299064316551, 7.315065345002939701, 10.25716427385520113 ) ) ;
#10313 = ORIENTED_EDGE ( 'NONE', *, *, #7456, .F. ) ;
#10314 = DIRECTION ( 'NONE',  ( 0.000000000000000000, 1.000000000000000000, 0.000000000000000000 ) ) ;
#10315 = ORGANIZATION ( 'NAUO-ORG10', 'UNSPECIFIED', 'UNSPECIFIED' ) ;
#10316 = CARTESIAN_POINT ( 'NONE',  ( 0.000000000000000000, 19.50000000000000000, 0.000000000000000000 ) ) ;
#10317 = PERSON_AND_ORGANIZATION ( #6743, #3319 ) ;
#10318 = CARTESIAN_POINT ( 'NONE',  ( -0.5999999999999998668, 9.000000000000000000, 10.00000000000000000 ) ) ;
#10319 = DATE_AND_TIME ( #6930, #7826 ) ;
#10320 = CARTESIAN_POINT ( 'NONE',  ( 0.000000000000000000, 25.00000000000000000, 90.00000000000000000 ) ) ;
#10321 = LOCAL_TIME ( 6, 20, 33.00000000000000000, #5383 ) ;
#10322 = PRODUCT_RELATED_PRODUCT_CATEGORY ( 'detail', '', ( #1244 ) ) ;
#10323 = VERTEX_POINT ( 'NONE', #4210 ) ;
#10324 = ORIENTED_EDGE ( 'NONE', *, *, #8316, .F. ) ;
#10325 = DIRECTION ( 'NONE',  ( 0.000000000000000000, 1.000000000000000000, 0.000000000000000000 ) ) ;
#10326 = CARTESIAN_POINT ( 'NONE',  ( 125.7000000000000028, 0.000000000000000000, -6.000000000000000152E-06 ) ) ;
#10327 = DIRECTION ( 'NONE',  ( 0.000000000000000000, 0.000000000000000000, -1.000000000000000000 ) ) ;
#10328 = APPROVAL_DATE_TIME ( #840, #5594 ) ;
#10329 = CC_DESIGN_APPROVAL ( #5594, ( #8740 ) ) ;
#10330 = CALENDAR_DATE ( 2026, 18, 9 ) ;
#10331 = ORIENTED_EDGE ( 'NONE', *, *, #9416, .F. ) ;
#10332 = CC_DESIGN_PERSON_AND_ORGANIZATION_ASSIGNMENT ( #6493, #2317, ( #3597 ) ) ;
#10333 = CARTESIAN_POINT ( 'NONE',  ( -7.299999999999998934, 31.00000000000000000, -1.200000000000000030E-05 ) ) ;
#10334 = PRODUCT_DEFINITION ( 'ๆ', '', #8740, #766 ) ;
#10335 = ORIENTED_EDGE ( 'NONE', *, *, #1982, .F. ) ;
#10336 = LINE ( 'NONE', #1954, #10131 ) ;
#10337 = APPROVAL_PERSON_ORGANIZATION ( #10153, #9578, #6763 ) ;
#10338 = EDGE_LOOP ( 'NONE', ( #4306, #6907, #4706, #8963 ) ) ;
#10339 = FACE_OUTER_BOUND ( 'NONE', #10420, .T. ) ;
#10340 = CARTESIAN_POINT ( 'NONE',  ( 29.63871090099853589, -0.000000000000000000, 1.957027739232769292 ) ) ;
#10341 = CARTESIAN_POINT ( 'NONE',  ( -2.348712715335543599, 1.124693889828766391, -0.000000000000000000 ) ) ;
#10342 = SHAPE_DEFINITION_REPRESENTATION ( #547, #1311 ) ;
#10343 = DIRECTION ( 'NONE',  ( 1.000000000000000000, 0.000000000000000000, 0.000000000000000000 ) ) ;
#10344 = EDGE_CURVE ( 'NONE', #6647, #1941, #9816, .T. ) ;
#10345 = APPROVAL_DATE_TIME ( #6956, #2758 ) ;
#10346 = PRODUCT_DEFINITION_FORMATION_WITH_SPECIFIED_SOURCE ( 'ไป', '', #3775, .NOT_KNOWN. ) ;
#10347 = AXIS2_PLACEMENT_3D ( 'NONE', #1096, #7806, #3609 ) ;
#10348 = ORIENTED_EDGE ( 'NONE', *, *, #368, .T. ) ;
#10349 = CARTESIAN_POINT ( 'NONE',  ( 0.5999999999999999778, 13.98713694792469120, 16.00000000000000000 ) ) ;
#10350 = VERTEX_POINT ( 'NONE', #1677 ) ;
#10351 = CARTESIAN_POINT ( 'NONE',  ( 137.3612890990017377, -1.042972260763601611, -0.000000000000000000 ) ) ;
#10352 = DIRECTION ( 'NONE',  ( 0.000000000000000000, -1.000000000000000000, 0.000000000000000000 ) ) ;
#10353 = CARTESIAN_POINT ( 'NONE',  ( 10.00000000000000000, 19.50000000000000000, 0.000000000000000000 ) ) ;
#10354 = CC_DESIGN_APPROVAL ( #4450, ( #480 ) ) ;
#10355 = LINE ( 'NONE', #5479, #6815 ) ;
#10356 = EDGE_CURVE ( 'NONE', #8873, #3008, #9233, .T. ) ;
#10357 = AXIS2_PLACEMENT_3D ( 'NONE', #6832, #6000, #5012 ) ;
#10358 = CIRCLE ( 'NONE', #2070, 1.700000000000000178 ) ;
#10359 = VECTOR ( 'NONE', #5486, 1000.000000000000000 ) ;
#10360 = CARTESIAN_POINT ( 'NONE',  ( -7.638710900996104947, 29.95702773923742157, -0.000000000000000000 ) ) ;
#10361 = CARTESIAN_POINT ( 'NONE',  ( -6.000000000000000000, 1.300000000000000044, 0.000000000000000000 ) ) ;
#10362 = CARTESIAN_POINT ( 'NONE',  ( 31.00000000000000000, -1.200000000000000030E-05, 1.300000000000000044 ) ) ;
#10363 = CARTESIAN_POINT ( 'NONE',  ( 29.34333309900548414, 0.000000000000000000, 21.44258473825093603 ) ) ;
#10364 = VECTOR ( 'NONE', #2491, 1000.000000000000000 ) ;
#10365 = VECTOR ( 'NONE', #6904, 1000.000000000000000 ) ;
#10366 = ORIENTED_EDGE ( 'NONE', *, *, #5192, .T. ) ;
#10367 = PLANE ( 'NONE',  #1372 ) ;
#10368 = VECTOR ( 'NONE', #8879, 1000.000000000000000 ) ;
#10369 = CARTESIAN_POINT ( 'NONE',  ( -10.55156718449564224, 9.205227550983527962, 10.20000000000000462 ) ) ;
#10370 = EDGE_CURVE ( 'NONE', #9622, #6276, #7688, .T. ) ;
#10371 = EDGE_CURVE ( 'NONE', #4572, #9518, #8346, .T. ) ;
#10372 = APPROVAL_DATE_TIME ( #3674, #5850 ) ;
#10373 = LINE ( 'NONE', #3461, #1043 ) ;
#10374 = DATE_TIME_ROLE ( 'classification_date' ) ;
#10375 = AXIS2_PLACEMENT_3D ( 'NONE', #7617, #5963, #134 ) ;
#10376 = CIRCLE ( 'NONE', #4021, 1.699999999999998401 ) ;
#10377 = DIRECTION ( 'NONE',  ( -0.000000000000000000, -0.000000000000000000, -1.000000000000000000 ) ) ;
#10378 = VECTOR ( 'NONE', #1401, 1000.000000000000000 ) ;
#10379 = ORIENTED_EDGE ( 'NONE', *, *, #1306, .F. ) ;
#10380 = ORIENTED_EDGE ( 'NONE', *, *, #4232, .F. ) ;
#10381 = PLANE ( 'NONE',  #367 ) ;
#10382 =( NAMED_UNIT ( * ) SI_UNIT ( $, .STERADIAN. ) SOLID_ANGLE_UNIT ( ) );
#10383 = CARTESIAN_POINT ( 'NONE',  ( 0.000000000000000000, 0.000000000000000000, 58.00000000000000000 ) ) ;
#10384 = SECURITY_CLASSIFICATION ( '', '', #7837 ) ;
#10385 = VECTOR ( 'NONE', #7020, 1000.000000000000000 ) ;
#10386 = DIRECTION ( 'NONE',  ( -0.000000000000000000, -1.000000000000000000, -0.000000000000000000 ) ) ;
#10387 = EDGE_CURVE ( 'NONE', #6276, #9622, #5320, .T. ) ;
#10388 = APPLICATION_PROTOCOL_DEFINITION ( 'international standard', 'config_control_design', 1994, #9711 ) ;
#10389 = PERSON_AND_ORGANIZATION ( #1909, #8940 ) ;
#10390 = CARTESIAN_POINT ( 'NONE',  ( -9.000000000000000000, 80.49999999999998579, 3.000000000000000000 ) ) ;
#10391 = ORIENTED_EDGE ( 'NONE', *, *, #10029, .F. ) ;
#10392 = CARTESIAN_POINT ( 'NONE',  ( 0.000000000000000000, 0.000000000000000000, 5.000000000000000000 ) ) ;
#10393 = AXIS2_PLACEMENT_3D ( 'NONE', #7731, #5239, #5127 ) ;
#10394 = ORIENTED_EDGE ( 'NONE', *, *, #10226, .F. ) ;
#10395 = DIRECTION ( 'NONE',  ( -0.000000000000000000, -0.000000000000000000, -1.000000000000000000 ) ) ;
#10396 = CARTESIAN_POINT ( 'NONE',  ( 31.00000000000000000, -6.000000000000000152E-06, 4.699999999999999289 ) ) ;
#10397 = CARTESIAN_POINT ( 'NONE',  ( -2.600000000000000089, 3.184081677783117698E-16, -6.000000000000000152E-06 ) ) ;
#10398 = APPROVAL_DATE_TIME ( #7007, #359 ) ;
#10399 = PERSON_AND_ORGANIZATION_ROLE ( 'creator' ) ;
#10400 = CC_DESIGN_PERSON_AND_ORGANIZATION_ASSIGNMENT ( #765, #9875, ( #9077 ) ) ;
#10401 = CARTESIAN_POINT ( 'NONE',  ( 0.000000000000000000, 0.000000000000000000, 12.00000000000000000 ) ) ;
#10402 = CC_DESIGN_DATE_AND_TIME_ASSIGNMENT ( #6377, #10709, ( #5034 ) ) ;
#10403 = APPLICATION_PROTOCOL_DEFINITION ( 'international standard', 'config_control_design', 1994, #2724 ) ;
#10404 = CIRCLE ( 'NONE', #3167, 1.700000000000000178 ) ;
#10405 = ORIENTED_EDGE ( 'NONE', *, *, #3780, .F. ) ;
#10406 = CARTESIAN_POINT ( 'NONE',  ( 31.60000000000000142, 77.50000000000000000, -1.200000000000000030E-05 ) ) ;
#10407 = ORIENTED_EDGE ( 'NONE', *, *, #6404, .F. ) ;
#10408 = DIRECTION ( 'NONE',  ( 0.000000000000000000, 1.000000000000000000, 0.000000000000000000 ) ) ;
#10409 = DIRECTION ( 'NONE',  ( 0.000000000000000000, 1.000000000000000000, 0.000000000000000000 ) ) ;
#10410 = DIRECTION ( 'NONE',  ( 0.000000000000000000, 1.000000000000000000, 0.000000000000000000 ) ) ;
#10411 = DIRECTION ( 'NONE',  ( 0.000000000000000000, 0.000000000000000000, -1.000000000000000000 ) ) ;
#10412 = EDGE_CURVE ( 'NONE', #2846, #8114, #7870, .T. ) ;
#10413 = CC_DESIGN_SECURITY_CLASSIFICATION ( #1085, ( #10917 ) ) ;
#10414 = FACE_BOUND ( 'NONE', #10444, .T. ) ;
#10415 = CARTESIAN_POINT ( 'NONE',  ( 0.6000001017321888730, 2.529941645714209653, -8.999999999999988370E-06 ) ) ;
#10416 = DIRECTION ( 'NONE',  ( 1.000000000000000000, 0.000000000000000000, 0.000000000000000000 ) ) ;
#10417 = EDGE_CURVE ( 'NONE', #5587, #3500, #2418, .T. ) ;
#10418 = CLOSED_SHELL ( 'NONE', ( #962, #662, #9205, #10308 ) ) ;
#10419 = CARTESIAN_POINT ( 'NONE',  ( 255.8000000000000398, 0.000000000000000000, 0.000000000000000000 ) ) ;
#10420 = EDGE_LOOP ( 'NONE', ( #1471, #2346, #5401, #6621, #9381, #1986, #9357, #10064 ) ) ;
#10421 = CARTESIAN_POINT ( 'NONE',  ( -27.69999999999999929, 45.00000000000000000, 5.000000000000000000 ) ) ;
#10422 = CARTESIAN_POINT ( 'NONE',  ( -9.593126758156662603, 10.19730458965381281, 7.288598955132498780 ) ) ;
#10423 = APPLICATION_CONTEXT ( 'configuration controlled 3d designs of mechanical parts and assemblies' ) ;
#10424 = ADVANCED_FACE ( 'NONE', ( #3543 ), #10290, .F. ) ;
#10425 = PERSON_AND_ORGANIZATION ( #6743, #3319 ) ;
#10426 = CARTESIAN_POINT ( 'NONE',  ( 3.000000000000000000, 146.0000000000000000, 83.00000000000000000 ) ) ;
#10427 = COORDINATED_UNIVERSAL_TIME_OFFSET ( 5, 0, .BEHIND. ) ;
#10428 = FACE_OUTER_BOUND ( 'NONE', #653, .T. ) ;
#10429 = EDGE_CURVE ( 'NONE', #223, #5460, #7338, .T. ) ;
#10430 = EDGE_CURVE ( 'NONE', #5928, #9458, #8630, .T. ) ;
#10431 = VERTEX_POINT ( 'NONE', #8732 ) ;
#10432 = B_SPLINE_CURVE_WITH_KNOTS ( 'NONE', 3,
 ( #9579, #4498, #1143, #2841, #3664, #1255, #8751, #9692, #257, #4659, #7855, #422, #5481, #10360, #2131, #1196, #2790, #6143 ),
 .UNSPECIFIED., .F., .F.,
 ( 4, 2, 2, 2, 2, 2, 2, 2, 4 ),
 ( 0.5000000000000000000, 0.5624999999999998890, 0.6249999999999997780, 0.6874999999999997780, 0.7499999999999996669, 0.8124999999999995559, 0.8749999999999995559, 0.9374999999999997780, 1.000000000000000000 ),
 .UNSPECIFIED. ) ;
#10433 = ORIENTED_EDGE ( 'NONE', *, *, #9751, .F. ) ;
#10434 = CARTESIAN_POINT ( 'NONE',  ( 20.00000000000000000, -1.200000000000000030E-05, 13.70000000000000107 ) ) ;
#10435 = CARTESIAN_POINT ( 'NONE',  ( -2.600069548653550999, -0.3444314227433182829, 0.000000000000000000 ) ) ;
#10436 = DIRECTION ( 'NONE',  ( -0.000000000000000000, -0.000000000000000000, -1.000000000000000000 ) ) ;
#10437 = PERSON_AND_ORGANIZATION_ROLE ( 'creator' ) ;
#10438 = DATE_AND_TIME ( #10606, #7515 ) ;
#10439 = CARTESIAN_POINT ( 'NONE',  ( 35.00000000000000000, 0.000000000000000000, 4.000000000000000000 ) ) ;
#10440 = ADVANCED_FACE ( 'NONE', ( #9450 ), #7895, .F. ) ;
#10441 = EDGE_CURVE ( 'NONE', #2375, #8003, #2875, .T. ) ;
#10442 = ORIENTED_EDGE ( 'NONE', *, *, #4839, .T. ) ;
#10443 = PLANE ( 'NONE',  #10476 ) ;
#10444 = EDGE_LOOP ( 'NONE', ( #5805, #7460 ) ) ;
#10445 = DIRECTION ( 'NONE',  ( 0.000000000000000000, -1.000000000000000000, 0.000000000000000000 ) ) ;
#10446 = CARTESIAN_POINT ( 'NONE',  ( 0.000000000000000000, 0.000000000000000000, 12.00000000000000000 ) ) ;
#10447 = DIRECTION ( 'NONE',  ( -0.000000000000000000, -0.000000000000000000, 1.000000000000000000 ) ) ;
#10448 = CARTESIAN_POINT ( 'NONE',  ( 11.90340548161031542, 7.369530314402258142, 8.003034309753193298 ) ) ;
#10449 = DIRECTION ( 'NONE',  ( -0.000000000000000000, -0.000000000000000000, -1.000000000000000000 ) ) ;
#10450 = DATE_TIME_ROLE ( 'creation_date' ) ;
#10451 = DATE_AND_TIME ( #1405, #1692 ) ;
#10452 = CARTESIAN_POINT ( 'NONE',  ( 137.3611907952756610, 1.042873957029554211, 0.000000000000000000 ) ) ;
#10453 = DATE_AND_TIME ( #8005, #135 ) ;
#10454 = ORIENTED_EDGE ( 'NONE', *, *, #2342, .F. ) ;
#10455 = ORIENTED_EDGE ( 'NONE', *, *, #5933, .F. ) ;
#10456 = CARTESIAN_POINT ( 'NONE',  ( 0.000000000000000000, 0.000000000000000000, 90.00000000000000000 ) ) ;
#10457 = APPROVAL ( #9147, 'ๆช' ) ;
#10458 = ORIENTED_EDGE ( 'NONE', *, *, #6512, .F. ) ;
#10459 = CARTESIAN_POINT ( 'NONE',  ( 0.000000000000000000, 0.000000000000000000, 3.000000000000000000 ) ) ;
#10460 = CARTESIAN_POINT ( 'NONE',  ( -15.69999999999999929, 70.00000000000000000, -6.000000000000000152E-06 ) ) ;
#10461 = CARTESIAN_POINT ( 'NONE',  ( 32.04297226076235461, -0.000000000000000000, 19.63871090099589978 ) ) ;
#10462 = ADVANCED_BREP_SHAPE_REPRESENTATION ( '', ( #7930, #7172 ), #6111 ) ;
#10463 = CIRCLE ( 'NONE', #2177, 5.799999999999999822 ) ;
#10464 = CARTESIAN_POINT ( 'NONE',  ( 14.00000000000000000, 0.000000000000000000, 0.000000000000000000 ) ) ;
#10465 = DESIGN_CONTEXT ( 'detailed design', #8927, 'design' ) ;
#10466 = LINE ( 'NONE', #5695, #4917 ) ;
#10467 = AXIS2_PLACEMENT_3D ( 'NONE', #3425, #4206, #1627 ) ;
#10468 = EDGE_LOOP ( 'NONE', ( #4831, #2887, #3001, #607 ) ) ;
#10469 = CARTESIAN_POINT ( 'NONE',  ( -12.00000000000000000, -12.00000000000000000, 0.000000000000000000 ) ) ;
#10470 = CC_DESIGN_DATE_AND_TIME_ASSIGNMENT ( #5512, #7954, ( #1872 ) ) ;
#10471 = DIRECTION ( 'NONE',  ( 0.000000000000000000, -1.000000000000000000, 0.000000000000000000 ) ) ;
#10472 = EDGE_LOOP ( 'NONE', ( #1430, #185, #10034, #1010 ) ) ;
#10473 = DIRECTION ( 'NONE',  ( -0.000000000000000000, -0.000000000000000000, -1.000000000000000000 ) ) ;
#10474 = CARTESIAN_POINT ( 'NONE',  ( 124.4425847382483568, -1.656666900995989788, 0.000000000000000000 ) ) ;
#10475 = APPROVAL_ROLE ( '' ) ;
#10476 = AXIS2_PLACEMENT_3D ( 'NONE', #6274, #9669, #2106 ) ;
#10477 = CARTESIAN_POINT ( 'NONE',  ( 31.19999999999999929, 59.50000000000000000, 1.311805698386586894 ) ) ;
#10478 = EDGE_CURVE ( 'NONE', #3964, #8656, #1957, .T. ) ;
#10479 = CALENDAR_DATE ( 2026, 18, 9 ) ;
#10480 = FACE_OUTER_BOUND ( 'NONE', #452, .T. ) ;
#10481 = ORIENTED_EDGE ( 'NONE', *, *, #5689, .F. ) ;
#10482 = AXIS2_PLACEMENT_3D ( 'NONE', #6102, #9245, #2675 ) ;
#10483 = CARTESIAN_POINT ( 'NONE',  ( 19.55753025008501567, -0.000000000000000000, 13.65686506842306436 ) ) ;
#10484 = ORIENTED_EDGE ( 'NONE', *, *, #6545, .T. ) ;
#10485 = LINE ( 'NONE', #9763, #9526 ) ;
#10486 = CARTESIAN_POINT ( 'NONE',  ( 0.000000000000000000, -11.00000000000000000, 6.000000000000000000 ) ) ;
#10487 = PLANE ( 'NONE',  #5611 ) ;
#10488 = CARTESIAN_POINT ( 'NONE',  ( 15.48432534211531220, 69.14134607987517711, 0.000000000000000000 ) ) ;
#10489 = EDGE_CURVE ( 'NONE', #1941, #6647, #7289, .T. ) ;
#10490 = APPROVAL_STATUS ( 'not_yet_approved' ) ;
#10491 = ADVANCED_FACE ( 'NONE', ( #3151 ), #9776, .F. ) ;
#10492 = PERSON_AND_ORGANIZATION_ROLE ( 'classification_officer' ) ;
#10493 = PRODUCT ( 'V2_bin_180x143x80', 'V2_bin_180x143x80', '', ( #7792 ) ) ;
#10494 = CC_DESIGN_SECURITY_CLASSIFICATION ( #6236, ( #10909 ) ) ;
#10495 = CARTESIAN_POINT ( 'NONE',  ( -10.50000000000000000, 59.50000000000000000, 0.000000000000000000 ) ) ;
#10496 = ORIENTED_EDGE ( 'NONE', *, *, #6958, .T. ) ;
#10497 = DIRECTION ( 'NONE',  ( 0.000000000000000000, -0.000000000000000000, -1.000000000000000000 ) ) ;
#10498 = ORIENTED_EDGE ( 'NONE', *, *, #5082, .T. ) ;
#10499 = CARTESIAN_POINT ( 'NONE',  ( 35.00000000000000000, 14.00000000000000000, 4.000000000000000000 ) ) ;
#10500 = DIRECTION ( 'NONE',  ( 0.000000000000000000, 0.000000000000000000, 1.000000000000000000 ) ) ;
#10501 = DIRECTION ( 'NONE',  ( -0.000000000000000000, 1.000000000000000000, -0.000000000000000000 ) ) ;
#10502 = APPROVAL_PERSON_ORGANIZATION ( #944, #7411, #3476 ) ;
#10503 = CYLINDRICAL_SURFACE ( 'NONE', #7221, 1.700000000000000178 ) ;
#10504 = DIRECTION ( 'NONE',  ( -0.000000000000000000, -1.000000000000000000, -0.000000000000000000 ) ) ;
#10505 = PERSON_AND_ORGANIZATION_ROLE ( 'design_owner' ) ;
#10506 = CARTESIAN_POINT ( 'NONE',  ( 0.000000000000000000, 72.50000000000000000, 6.000000000000000000 ) ) ;
#10507 = EDGE_CURVE ( 'NONE', #4746, #8507, #572, .T. ) ;
#10508 = COORDINATED_UNIVERSAL_TIME_OFFSET ( 5, 0, .BEHIND. ) ;
#10509 = EDGE_CURVE ( 'NONE', #9622, #9120, #7328, .T. ) ;
#10510 = LOCAL_TIME ( 6, 20, 33.00000000000000000, #7661 ) ;
#10511 = EDGE_LOOP ( 'NONE', ( #5008, #10647, #2487, #8520 ) ) ;
#10512 = CYLINDRICAL_SURFACE ( 'NONE', #3581, 1.700000000000000178 ) ;
#10513 = ORIENTED_EDGE ( 'NONE', *, *, #1306, .T. ) ;
#10514 = DIRECTION ( 'NONE',  ( 1.000000000000000000, 0.000000000000000000, 0.000000000000000000 ) ) ;
#10515 = CARTESIAN_POINT ( 'NONE',  ( -21.65666690099413216, -6.442584738252077337, -0.000000000000000000 ) ) ;
#10516 = CARTESIAN_POINT ( 'NONE',  ( 31.85848573019362817, 0.000000000000000000, 19.51560493047243838 ) ) ;
#10517 = ORIENTED_EDGE ( 'NONE', *, *, #6914, .T. ) ;
#10518 = LOCAL_TIME ( 6, 20, 33.00000000000000000, #5190 ) ;
#10519 = DIRECTION ( 'NONE',  ( 0.000000000000000000, -0.000000000000000000, 1.000000000000000000 ) ) ;
#10520 = EDGE_CURVE ( 'NONE', #6694, #2284, #9835, .T. ) ;
#10521 = ORIENTED_EDGE ( 'NONE', *, *, #1740, .F. ) ;
#10522 = ORIENTED_EDGE ( 'NONE', *, *, #3875, .F. ) ;
#10523 = DIRECTION ( 'NONE',  ( 0.000000000000000000, 0.000000000000000000, 1.000000000000000000 ) ) ;
#10524 = ORIENTED_EDGE ( 'NONE', *, *, #5765, .T. ) ;
#10525 = CARTESIAN_POINT ( 'NONE',  ( 32.48452350954332957, 31.85853893179089269, -0.000000000000000000 ) ) ;
#10526 = APPROVAL_PERSON_ORGANIZATION ( #2882, #8152, #8895 ) ;
#10527 = CARTESIAN_POINT ( 'NONE',  ( 18.34333309900548770, -34.44258473825168210, -0.000000000000000000 ) ) ;
#10528 = EDGE_LOOP ( 'NONE', ( #8672, #6937, #6727, #9138 ) ) ;
#10529 = LINE ( 'NONE', #3670, #10359 ) ;
#10530 = CARTESIAN_POINT ( 'NONE',  ( 124.8585389317929923, -1.484523509542397424, -0.000000000000000000 ) ) ;
#10531 = COORDINATED_UNIVERSAL_TIME_OFFSET ( 5, 0, .BEHIND. ) ;
#10532 = DIRECTION ( 'NONE',  ( -0.000000000000000000, -0.000000000000000000, 1.000000000000000000 ) ) ;
#10533 = SECURITY_CLASSIFICATION ( '', '', #3857 ) ;
#10534 = CC_DESIGN_PERSON_AND_ORGANIZATION_ASSIGNMENT ( #7214, #9601, ( #4581 ) ) ;
#10535 = VECTOR ( 'NONE', #2091, 1000.000000000000000 ) ;
#10536 = VECTOR ( 'NONE', #8056, 1000.000000000000000 ) ;
#10537 = DIRECTION ( 'NONE',  ( 1.000000000000000000, 0.000000000000000000, 0.000000000000000000 ) ) ;
#10538 = AXIS2_PLACEMENT_3D ( 'NONE', #6709, #6040, #4238 ) ;
#10539 = ORIENTED_EDGE ( 'NONE', *, *, #8113, .F. ) ;
#10540 = VECTOR ( 'NONE', #6197, 1000.000000000000000 ) ;
#10541 = EDGE_CURVE ( 'NONE', #1742, #9215, #4694, .T. ) ;
#10542 = ORIENTED_EDGE ( 'NONE', *, *, #4608, .T. ) ;
#10543 = CARTESIAN_POINT ( 'NONE',  ( 150.0000000000000000, 0.000000000000000000, 0.000000000000000000 ) ) ;
#10544 = DIRECTION ( 'NONE',  ( 1.000000000000000000, 0.000000000000000000, 0.000000000000000000 ) ) ;
#10545 = CARTESIAN_POINT ( 'NONE',  ( 31.00000000000000000, 49.00000000000000000, 5.000000000000000000 ) ) ;
#10546 = VECTOR ( 'NONE', #9173, 1000.000000000000000 ) ;
#10547 = SHAPE_DEFINITION_REPRESENTATION ( #7116, #9987 ) ;
#10548 = AXIS2_PLACEMENT_3D ( 'NONE', #10240, #1797, #801 ) ;
#10549 = COORDINATED_UNIVERSAL_TIME_OFFSET ( 5, 0, .BEHIND. ) ;
#10550 = AXIS2_PLACEMENT_3D ( 'NONE', #6341, #1237, #4643 ) ;
#10551 = CARTESIAN_POINT ( 'NONE',  ( 31.60000000000000142, 67.50000000000000000, -1.200000000000000030E-05 ) ) ;
#10552 = ORIENTED_EDGE ( 'NONE', *, *, #5824, .F. ) ;
#10553 = AXIS2_PLACEMENT_3D ( 'NONE', #8489, #5992, #3405 ) ;
#10554 = AXIS2_PLACEMENT_3D ( 'NONE', #8588, #10254, #8531 ) ;
#10555 = EDGE_CURVE ( 'NONE', #8036, #3746, #4856, .T. ) ;
#10556 = ORIENTED_EDGE ( 'NONE', *, *, #5294, .T. ) ;
#10557 = CARTESIAN_POINT ( 'NONE',  ( 8.660254037844389075, 11.00000000000000000, 6.000000000000000000 ) ) ;
#10558 = CARTESIAN_POINT ( 'NONE',  ( 0.000000000000000000, 1.300000000000000044, 0.000000000000000000 ) ) ;
#10559 = CARTESIAN_POINT ( 'NONE',  ( 2.600000000000000089, 0.000000000000000000, -6.000000000000000152E-06 ) ) ;
#10560 = CARTESIAN_POINT ( 'NONE',  ( 29.30000000000000071, 49.00000000000000000, -6.000000000000000152E-06 ) ) ;
#10561 = AXIS2_PLACEMENT_3D ( 'NONE', #8497, #9221, #940 ) ;
#10562 = LINE ( 'NONE', #3697, #2963 ) ;
#10563 = APPROVAL_ROLE ( '' ) ;
#10564 = CARTESIAN_POINT ( 'NONE',  ( 20.00000000000000000, -6.000000000000000152E-06, 10.30000000000000071 ) ) ;
#10565 = PERSON_AND_ORGANIZATION_ROLE ( 'design_owner' ) ;
#10566 = EDGE_LOOP ( 'NONE', ( #1086, #3929, #115, #9858 ) ) ;
#10567 = AXIS2_PLACEMENT_3D ( 'NONE', #8156, #7148, #10544 ) ;
#10568 = ORIENTED_EDGE ( 'NONE', *, *, #6768, .F. ) ;
#10569 = LINE ( 'NONE', #2999, #4294 ) ;
#10570 = EDGE_CURVE ( 'NONE', #8826, #2254, #9111, .T. ) ;
#10571 = ORIENTED_EDGE ( 'NONE', *, *, #5480, .F. ) ;
#10572 = CARTESIAN_POINT ( 'NONE',  ( 0.000000000000000000, 20.00000000000000000, 58.00000000000000000 ) ) ;
#10573 = DIRECTION ( 'NONE',  ( 0.000000000000000000, 1.000000000000000000, -0.000000000000000000 ) ) ;
#10574 = LINE ( 'NONE', #2943, #7804 ) ;
#10575 = EDGE_CURVE ( 'NONE', #2608, #9556, #8946, .T. ) ;
#10576 =( NAMED_UNIT ( * ) SI_UNIT ( $, .STERADIAN. ) SOLID_ANGLE_UNIT ( ) );
#10577 = ORIENTED_EDGE ( 'NONE', *, *, #7184, .T. ) ;
#10578 = VECTOR ( 'NONE', #9345, 1000.000000000000000 ) ;
#10579 = CARTESIAN_POINT ( 'NONE',  ( 31.60000000000000142, 77.50000000000000000, -1.200000000000000030E-05 ) ) ;
#10580 = ORIENTED_EDGE ( 'NONE', *, *, #1253, .T. ) ;
#10581 = ORIENTED_EDGE ( 'NONE', *, *, #8653, .F. ) ;
#10582 = DIRECTION ( 'NONE',  ( -0.000000000000000000, -0.000000000000000000, 1.000000000000000000 ) ) ;
#10583 = ORIENTED_EDGE ( 'NONE', *, *, #4540, .T. ) ;
#10584 = CARTESIAN_POINT ( 'NONE',  ( 186.0000000000000000, 0.000000000000000000, 0.000000000000000000 ) ) ;
#10585 = VECTOR ( 'NONE', #10325, 1000.000000000000000 ) ;
#10586 = CARTESIAN_POINT ( 'NONE',  ( 9.840129390273620658, 9.961135384681568894, 9.917871716659957926 ) ) ;
#10587 = EDGE_CURVE ( 'NONE', #795, #9639, #7270, .T. ) ;
#10588 = ORIENTED_EDGE ( 'NONE', *, *, #6170, .F. ) ;
#10589 = CARTESIAN_POINT ( 'NONE',  ( 0.000000000000000000, 0.000000000000000000, 5.000000000000000000 ) ) ;
#10590 = PRODUCT_DEFINITION_SHAPE ( 'NONE', 'NONE',  #10906 ) ;
#10591 = CARTESIAN_POINT ( 'NONE',  ( -9.511878329221133299, 10.27300072430434952, 7.367760934432131315 ) ) ;
#10592 = MECHANICAL_CONTEXT ( 'NONE', #634, 'mechanical' ) ;
#10593 = DIRECTION ( 'NONE',  ( 0.000000000000000000, 1.000000000000000000, 0.000000000000000000 ) ) ;
#10594 = COORDINATED_UNIVERSAL_TIME_OFFSET ( 5, 0, .BEHIND. ) ;
#10595 = EDGE_LOOP ( 'NONE', ( #10108, #4788 ) ) ;
#10596 = AXIS2_PLACEMENT_3D ( 'NONE', #5916, #4277, #3446 ) ;
#10597 = CARTESIAN_POINT ( 'NONE',  ( 0.000000000000000000, 14.00000000000000000, 4.000000000000000000 ) ) ;
#10598 = EDGE_LOOP ( 'NONE', ( #9448, #7652, #1577, #641 ) ) ;
#10599 = PRODUCT_DEFINITION ( 'ๆ', '', #6803, #5152 ) ;
#10600 = ORIENTED_EDGE ( 'NONE', *, *, #8164, .T. ) ;
#10601 = CARTESIAN_POINT ( 'NONE',  ( -7.700000000000000178, 0.000000000000000000, 20.00000000000000000 ) ) ;
#10602 = LINE ( 'NONE', #4739, #4734 ) ;
#10603 = DIRECTION ( 'NONE',  ( 1.000000000000000000, 0.000000000000000000, 0.000000000000000000 ) ) ;
#10604 = VECTOR ( 'NONE', #942, 1000.000000000000000 ) ;
#10605 = PERSON_AND_ORGANIZATION ( #6743, #3319 ) ;
#10606 = CALENDAR_DATE ( 2026, 18, 9 ) ;
#10607 = CARTESIAN_POINT ( 'NONE',  ( 0.000000000000000000, 149.0000000000000000, 3.000000000000000000 ) ) ;
#10608 = VERTEX_POINT ( 'NONE', #1561 ) ;
#10609 = EDGE_CURVE ( 'NONE', #9199, #6273, #1505, .T. ) ;
#10610 = EDGE_LOOP ( 'NONE', ( #4427, #8100, #1270, #9317 ) ) ;
#10611 = CARTESIAN_POINT ( 'NONE',  ( -20.00000000000000000, -6.000000000000000000, 5.000000000000000000 ) ) ;
#10612 = DIRECTION ( 'NONE',  ( -0.000000000000000000, 1.000000000000000000, -0.000000000000000000 ) ) ;
#10613 = CYLINDRICAL_SURFACE ( 'NONE', #3847, 30.00000000000000000 ) ;
#10614 = DIRECTION ( 'NONE',  ( 0.000000000000000000, -1.000000000000000000, 0.000000000000000000 ) ) ;
#10615 = CARTESIAN_POINT ( 'NONE',  ( 35.00000000000000000, -70.00000000000000000, 5.000000000000000000 ) ) ;
#10616 = PERSON_AND_ORGANIZATION_ROLE ( 'design_supplier' ) ;
#10617 = DIRECTION ( 'NONE',  ( 1.000000000000000000, 0.000000000000000000, 0.000000000000000000 ) ) ;
#10618 = PERSON_AND_ORGANIZATION ( #6743, #3319 ) ;
#10619 = ADVANCED_FACE ( 'NONE', ( #8168 ), #3802, .F. ) ;
#10620 = ORIENTED_EDGE ( 'NONE', *, *, #9404, .F. ) ;
#10621 = DIRECTION ( 'NONE',  ( -0.000000000000000000, -0.000000000000000000, -1.000000000000000000 ) ) ;
#10622 = EDGE_LOOP ( 'NONE', ( #1114, #6207 ) ) ;
#10623 = FACE_OUTER_BOUND ( 'NONE', #2043, .T. ) ;
#10624 = CARTESIAN_POINT ( 'NONE',  ( -19.55736206015084377, -4.343204658989381350, -0.000000000000000000 ) ) ;
#10625 = CARTESIAN_POINT ( 'NONE',  ( 35.00000000000000000, 70.00000000000000000, 5.000000000000000000 ) ) ;
#10626 = B_SPLINE_CURVE_WITH_KNOTS ( 'NONE', 3,
 ( #4350, #2582, #106, #1879, #4240, #6096, #7593, #8541, #10211, #987, #5215, #52, #9484, #8661, #5935, #9321, #322, #2967 ),
 .UNSPECIFIED., .F., .F.,
 ( 4, 2, 2, 2, 2, 2, 2, 2, 4 ),
 ( 0.5000000000000000000, 0.5625000000000000000, 0.6250000000000000000, 0.6875000000000000000, 0.7500000000000000000, 0.8125000000000000000, 0.8750000000000000000, 0.9375000000000000000, 1.000000000000000000 ),
 .UNSPECIFIED. ) ;
#10627 = DIRECTION ( 'NONE',  ( 1.000000000000000000, 0.000000000000000000, 0.000000000000000000 ) ) ;
#10628 = CARTESIAN_POINT ( 'NONE',  ( -10.04287395702989549, 32.36119079527254172, 0.000000000000000000 ) ) ;
#10629 = ADVANCED_FACE ( 'NONE', ( #6502, #683 ), #10660, .F. ) ;
#10630 = CARTESIAN_POINT ( 'NONE',  ( 0.000000000000000000, 0.000000000000000000, 4.000000000000000000 ) ) ;
#10631 =( REPRESENTATION_RELATIONSHIP ('NONE','NONE', #1311, #5456 ) REPRESENTATION_RELATIONSHIP_WITH_TRANSFORMATION ( #6155 )SHAPE_REPRESENTATION_RELATIONSHIP( ) );
#10632 = VERTEX_POINT ( 'NONE', #516 ) ;
#10633 = CARTESIAN_POINT ( 'NONE',  ( -9.000000000000000000, -6.000000000000000152E-06, 1.299999999999999600 ) ) ;
#10634 = FACE_OUTER_BOUND ( 'NONE', #9989, .T. ) ;
#10635 = DIRECTION ( 'NONE',  ( 0.000000000000000000, 0.000000000000000000, -1.000000000000000000 ) ) ;
#10636 = EDGE_LOOP ( 'NONE', ( #474, #5943, #2154, #7500 ) ) ;
#10637 = CARTESIAN_POINT ( 'NONE',  ( -0.5999999999999998668, 9.000000000000000000, 10.00000000000000000 ) ) ;
#10638 = DIRECTION ( 'NONE',  ( 1.000000000000000000, 0.000000000000000000, 0.000000000000000000 ) ) ;
#10639 = PERSON_AND_ORGANIZATION ( #6743, #3319 ) ;
#10640 = VECTOR ( 'NONE', #7697, 1000.000000000000000 ) ;
#10641 = EDGE_CURVE ( 'NONE', #2906, #6578, #2377, .T. ) ;
#10642 = EDGE_CURVE ( 'NONE', #283, #9460, #2158, .T. ) ;
#10643 = CIRCLE ( 'NONE', #7446, 1.700000000000000178 ) ;
#10644 = B_SPLINE_CURVE_WITH_KNOTS ( 'NONE', 3,
 ( #4563, #5324, #8819, #5540, #7923, #8707, #1312, #6314, #5487, #1261, #3837, #4725, #4669, #379, #4506, #3724, #2138, #7083, #7865, #7198, #6533, #9033, #4944, #660 ),
 .UNSPECIFIED., .F., .F.,
 ( 4, 2, 2, 2, 2, 2, 2, 2, 2, 2, 2, 4 ),
 ( 0.006426364726469360744, 0.007171634124655619676, 0.007916903522841878607, 0.008289538221935009374, 0.008662172921028141875, 0.009034807620121272642, 0.009407442319214403409, 0.01015271171740066841, 0.01052534641649380438, 0.01089798111558693688, 0.01164325051377321056, 0.01238851991195948424 ),
 .UNSPECIFIED. ) ;
#10645 = VERTEX_POINT ( 'NONE', #9895 ) ;
#10646 = DIRECTION ( 'NONE',  ( 0.000000000000000000, 0.000000000000000000, -1.000000000000000000 ) ) ;
#10647 = ORIENTED_EDGE ( 'NONE', *, *, #3480, .T. ) ;
#10648 = CARTESIAN_POINT ( 'NONE',  ( -9.361408682914866830, 10.41030262302256482, 9.044205745375567318 ) ) ;
#10649 = CARTESIAN_POINT ( 'NONE',  ( 0.000000000000000000, 77.50000000000000000, 6.000000000000000000 ) ) ;
#10650 = VECTOR ( 'NONE', #203, 1000.000000000000000 ) ;
#10651 = LINE ( 'NONE', #5337, #2253 ) ;
#10652 = APPROVAL_ROLE ( '' ) ;
#10653 = APPROVAL_STATUS ( 'not_yet_approved' ) ;
#10654 = CC_DESIGN_PERSON_AND_ORGANIZATION_ASSIGNMENT ( #6330, #7990, ( #9424 ) ) ;
#10655 = CIRCLE ( 'NONE', #5873, 1.700000000000000178 ) ;
#10656 = PLANE ( 'NONE',  #6618 ) ;
#10657 = EDGE_LOOP ( 'NONE', ( #7678, #9074, #9976, #3595 ) ) ;
#10658 = ORIENTED_EDGE ( 'NONE', *, *, #2917, .F. ) ;
#10659 = DIRECTION ( 'NONE',  ( 0.000000000000000000, 0.000000000000000000, -1.000000000000000000 ) ) ;
#10660 = PLANE ( 'NONE',  #9467 ) ;
#10661 = DIRECTION ( 'NONE',  ( -1.000000000000000000, 0.000000000000000000, 0.000000000000000000 ) ) ;
#10662 = CARTESIAN_POINT ( 'NONE',  ( 11.25500529808220485, 8.327020506907690134, 6.935553284710733735 ) ) ;
#10663 = CARTESIAN_POINT ( 'NONE',  ( 0.000000000000000000, 14.00000000000000000, 4.000000000000000000 ) ) ;
#10664 = PERSON_AND_ORGANIZATION ( #6743, #3319 ) ;
#10665 = SECURITY_CLASSIFICATION ( '', '', #5502 ) ;
#10666 = CARTESIAN_POINT ( 'NONE',  ( -7.700000000000000178, 0.000000000000000000, 20.00000000000000000 ) ) ;
#10667 = CALENDAR_DATE ( 2026, 18, 9 ) ;
#10668 = CC_DESIGN_PERSON_AND_ORGANIZATION_ASSIGNMENT ( #1836, #9501, ( #9117 ) ) ;
#10669 = CC_DESIGN_PERSON_AND_ORGANIZATION_ASSIGNMENT ( #3533, #5234, ( #8740 ) ) ;
#10670 = PRODUCT_DEFINITION_SHAPE ( 'NONE', 'NONE',  #10599 ) ;
#10671 = ORIENTED_EDGE ( 'NONE', *, *, #8717, .T. ) ;
#10672 = CARTESIAN_POINT ( 'NONE',  ( 12.00000000000000000, -7.000000000000000000, 5.000000000000000000 ) ) ;
#10673 = LOCAL_TIME ( 6, 20, 33.00000000000000000, #4112 ) ;
#10674 = ORIENTED_EDGE ( 'NONE', *, *, #248, .F. ) ;
#10675 = LINE ( 'NONE', #363, #347 ) ;
#10676 = CARTESIAN_POINT ( 'NONE',  ( 6.000000000000000000, 1.300000000000000044, 16.00000000000000000 ) ) ;
#10677 = DIRECTION ( 'NONE',  ( 0.000000000000000000, -1.000000000000000000, 0.000000000000000000 ) ) ;
#10678 = VECTOR ( 'NONE', #9488, 1000.000000000000000 ) ;
#10679 = DIRECTION ( 'NONE',  ( 0.000000000000000000, 0.000000000000000000, 1.000000000000000000 ) ) ;
#10680 = EDGE_CURVE ( 'NONE', #1742, #1997, #5727, .T. ) ;
#10681 = DIRECTION ( 'NONE',  ( -0.000000000000000000, -0.000000000000000000, 1.000000000000000000 ) ) ;
#10682 = VERTEX_POINT ( 'NONE', #5508 ) ;
#10683 = LOCAL_TIME ( 6, 20, 33.00000000000000000, #631 ) ;
#10684 = FACE_OUTER_BOUND ( 'NONE', #9024, .T. ) ;
#10685 = EDGE_LOOP ( 'NONE', ( #3598, #9218, #9546, #1347, #3947, #204, #7102, #3388 ) ) ;
#10686 = CARTESIAN_POINT ( 'NONE',  ( 20.85848573019215024, -4.515604930472245648, 0.000000000000000000 ) ) ;
#10687 = LINE ( 'NONE', #3118, #4550 ) ;
#10688 = CARTESIAN_POINT ( 'NONE',  ( 11.63318911631890806, 7.789676559712269466, 11.19895753663901772 ) ) ;
#10689 = CC_DESIGN_SECURITY_CLASSIFICATION ( #10861, ( #7135 ) ) ;
#10691 = EDGE_CURVE ( 'NONE', #7487, #7220, #8887, .T. ) ;
#10690 = ORIENTED_EDGE ( 'NONE', *, *, #9682, .T. ) ;
#10692 = CARTESIAN_POINT ( 'NONE',  ( 0.000000000000000000, 0.000000000000000000, 3.000000000000000000 ) ) ;
#10693 = EDGE_CURVE ( 'NONE', #2885, #7962, #8935, .T. ) ;
#10694 = CARTESIAN_POINT ( 'NONE',  ( 30.77491600511588032, 50.70006951123654204, -0.000000000000000000 ) ) ;
#10695 = PERSON_AND_ORGANIZATION ( #6743, #3319 ) ;
#10696 = DATE_TIME_ROLE ( 'classification_date' ) ;
#10697 = CC_DESIGN_APPROVAL ( #1288, ( #5179 ) ) ;
#10698 = ORIENTED_EDGE ( 'NONE', *, *, #8113, .T. ) ;
#10699 = EDGE_LOOP ( 'NONE', ( #1232, #9141 ) ) ;
#10700 = CARTESIAN_POINT ( 'NONE',  ( 28.00000000000000000, 8.000000000000000000, 24.00000000000000000 ) ) ;
#10701 = CARTESIAN_POINT ( 'NONE',  ( 0.000000000000000000, 0.000000000000000000, 58.00000000000000000 ) ) ;
#10703 = ADVANCED_FACE ( 'NONE', ( #3203 ), #8285, .F. ) ;
#10702 = ORIENTED_EDGE ( 'NONE', *, *, #4354, .T. ) ;
#10704 = FACE_BOUND ( 'NONE', #950, .T. ) ;
#10705 = PLANE ( 'NONE',  #4207 ) ;
#10706 = ADVANCED_FACE ( 'NONE', ( #1619, #2433, #9384 ), #1829, .F. ) ;
#10707 = PRODUCT_DEFINITION_FORMATION_WITH_SPECIFIED_SOURCE ( 'ไป', '', #1611, .NOT_KNOWN. ) ;
#10708 = DIRECTION ( 'NONE',  ( 1.000000000000000000, 0.000000000000000000, 0.000000000000000000 ) ) ;
#10709 = DATE_TIME_ROLE ( 'classification_date' ) ;
#10710 = CALENDAR_DATE ( 2026, 18, 9 ) ;
#10711 = AXIS2_PLACEMENT_3D ( 'NONE', #7998, #9673, #5348 ) ;
#10712 = CARTESIAN_POINT ( 'NONE',  ( 0.000000000000000000, 0.000000000000000000, 68.00000000000000000 ) ) ;
#10713 = AXIS2_PLACEMENT_3D ( 'NONE', #152, #4227, #9364 ) ;
#10714 = ADVANCED_BREP_SHAPE_REPRESENTATION ( '', ( #4216, #7172 ), #8422 ) ;
#10715 = ORIENTED_EDGE ( 'NONE', *, *, #112, .T. ) ;
#10716 = VERTEX_POINT ( 'NONE', #893 ) ;
#10717 = ORIENTED_EDGE ( 'NONE', *, *, #9694, .F. ) ;
#10718 = DIRECTION ( 'NONE',  ( -0.000000000000000000, -0.000000000000000000, -1.000000000000000000 ) ) ;
#10719 = CARTESIAN_POINT ( 'NONE',  ( 0.000000000000000000, -57.00000000000000000, -0.000000000000000000 ) ) ;
#10720 = DIRECTION ( 'NONE',  ( 1.000000000000000000, 0.000000000000000000, 0.000000000000000000 ) ) ;
#10721 = EDGE_CURVE ( 'NONE', #9207, #438, #9220, .T. ) ;
#10722 = DIRECTION ( 'NONE',  ( 0.000000000000000000, -1.000000000000000000, 0.000000000000000000 ) ) ;
#10723 = CARTESIAN_POINT ( 'NONE',  ( 9.047774080068554881, 10.68363060322405289, 9.731058013007706009 ) ) ;
#10724 = DATE_AND_TIME ( #1567, #3611 ) ;
#10725 = CARTESIAN_POINT ( 'NONE',  ( 35.60000000000000142, 67.50000000000000000, 0.000000000000000000 ) ) ;
#10726 = AXIS2_PLACEMENT_3D ( 'NONE', #3155, #6505, #8226 ) ;
#10727 = DATE_AND_TIME ( #2443, #10000 ) ;
#10728 = VECTOR ( 'NONE', #4995, 1000.000000000000000 ) ;
#10729 = AXIS2_PLACEMENT_3D ( 'NONE', #597, #9973, #9139 ) ;
#10730 = ORIENTED_EDGE ( 'NONE', *, *, #8065, .T. ) ;
#10731 = DIRECTION ( 'NONE',  ( 0.000000000000000000, 0.000000000000000000, 1.000000000000000000 ) ) ;
#10732 = VECTOR ( 'NONE', #7951, 1000.000000000000000 ) ;
#10733 = VERTEX_POINT ( 'NONE', #3310 ) ;
#10734 = CARTESIAN_POINT ( 'NONE',  ( 118.3810499613777267, -11.00000000000000000, 6.000000000000000000 ) ) ;
#10735 = CARTESIAN_POINT ( 'NONE',  ( -18.34333309900561915, -5.557415261748373858, -0.000000000000000000 ) ) ;
#10736 = CARTESIAN_POINT ( 'NONE',  ( 20.00000000000000000, 8.000000000000000000, 12.00000000000000000 ) ) ;
#10737 = CC_DESIGN_PERSON_AND_ORGANIZATION_ASSIGNMENT ( #10212, #884, ( #9962 ) ) ;
#10738 = CC_DESIGN_PERSON_AND_ORGANIZATION_ASSIGNMENT ( #5002, #7592, ( #6966 ) ) ;
#10739 = CARTESIAN_POINT ( 'NONE',  ( 35.00000000000000000, 110.0000000000000000, 16.00000000000000000 ) ) ;
#10740 = ORIENTED_EDGE ( 'NONE', *, *, #2455, .T. ) ;
#10741 = CARTESIAN_POINT ( 'NONE',  ( -12.00000000000000000, -7.000000000000000000, 6.700000000000000178 ) ) ;
#10742 = ORIENTED_EDGE ( 'NONE', *, *, #3795, .T. ) ;
#10743 = AXIS2_PLACEMENT_3D ( 'NONE', #5372, #2018, #5268 ) ;
#10744 = DIRECTION ( 'NONE',  ( -0.000000000000000000, -0.000000000000000000, 1.000000000000000000 ) ) ;
#10745 = ORIENTED_EDGE ( 'NONE', *, *, #9820, .T. ) ;
#10746 = CARTESIAN_POINT ( 'NONE',  ( -9.858538931789095017, -0.000000000000000000, 1.515476490455610392 ) ) ;
#10747 = DIRECTION ( 'NONE',  ( 0.000000000000000000, 1.000000000000000000, -0.000000000000000000 ) ) ;
#10748 = CARTESIAN_POINT ( 'NONE',  ( 10.72380529476361133, 9.000000000000000000, 8.300000000000000711 ) ) ;
#10749 = VECTOR ( 'NONE', #968, 1000.000000000000000 ) ;
#10750 = EDGE_CURVE ( 'NONE', #5358, #7650, #2650, .T. ) ;
#10751 = ORIENTED_EDGE ( 'NONE', *, *, #4527, .F. ) ;
#10752 = FACE_OUTER_BOUND ( 'NONE', #743, .T. ) ;
#10753 = DIRECTION ( 'NONE',  ( 0.000000000000000000, 0.000000000000000000, -1.000000000000000000 ) ) ;
#10754 = APPLICATION_PROTOCOL_DEFINITION ( 'international standard', 'config_control_design', 1994, #7582 ) ;
#10755 = PERSON_AND_ORGANIZATION ( #4256, #3258 ) ;
#10756 = EDGE_LOOP ( 'NONE', ( #10335, #6134, #10134, #1733, #8464, #8692, #357, #56, #624, #2662, #9238, #529 ) ) ;
#10757 = AXIS2_PLACEMENT_3D ( 'NONE', #10611, #349, #8840 ) ;
#10758 = EDGE_CURVE ( 'NONE', #10716, #7935, #6672, .T. ) ;
#10759 = ORIENTED_EDGE ( 'NONE', *, *, #10209, .F. ) ;
#10760 = LINE ( 'NONE', #3188, #6474 ) ;
#10761 = CARTESIAN_POINT ( 'NONE',  ( 0.000000000000000000, 0.000000000000000000, 4.000000000000000000 ) ) ;
#10762 = LINE ( 'NONE', #2417, #3241 ) ;
#10763 = SHAPE_REPRESENTATION ( 'V2_04_arm_plate', ( #7172 ), #8245 ) ;
#10764 = ORIENTED_EDGE ( 'NONE', *, *, #9337, .T. ) ;
#10765 = CARTESIAN_POINT ( 'NONE',  ( -15.70000000000000284, 70.00000000000000000, 8.000000000000000000 ) ) ;
#10766 = CARTESIAN_POINT ( 'NONE',  ( 4.299999999999999822, 0.000000000000000000, 0.000000000000000000 ) ) ;
#10767 = DATE_TIME_ROLE ( 'classification_date' ) ;
#10768 = DATE_AND_TIME ( #778, #4128 ) ;
#10769 = PRODUCT_DEFINITION_SHAPE ( 'NONE', 'NONE',  #10916 ) ;
#10770 = ADVANCED_FACE ( 'NONE', ( #8332 ), #8444, .F. ) ;
#10771 = EDGE_CURVE ( 'NONE', #1661, #9735, #493, .T. ) ;
#10772 = CARTESIAN_POINT ( 'NONE',  ( 2.600000000000000533, 0.2934883227063208588, -0.000000000000000000 ) ) ;
#10773 = EDGE_LOOP ( 'NONE', ( #8305, #6049, #6208, #4912 ) ) ;
#10774 = ORIENTED_EDGE ( 'NONE', *, *, #7098, .F. ) ;
#10775 = ORIENTED_EDGE ( 'NONE', *, *, #5488, .T. ) ;
#10776 = LINE ( 'NONE', #8331, #1599 ) ;
#10777 = CARTESIAN_POINT ( 'NONE',  ( 0.5999999999999999778, 2.200000000000000178, -0.09997027095160138099 ) ) ;
#10778 = DIRECTION ( 'NONE',  ( -0.000000000000000000, -0.000000000000000000, -1.000000000000000000 ) ) ;
#10779 = CARTESIAN_POINT ( 'NONE',  ( -10.50000000000000000, 80.50000000000000000, -1.200000000000000030E-05 ) ) ;
#10780 = DIRECTION ( 'NONE',  ( -0.000000000000000000, -0.000000000000000000, -1.000000000000000000 ) ) ;
#10781 = APPROVAL_DATE_TIME ( #10724, #9866 ) ;
#10782 = PERSON_AND_ORGANIZATION_ROLE ( 'creator' ) ;
#10783 = EDGE_CURVE ( 'NONE', #9229, #1702, #7438, .T. ) ;
#10784 = EDGE_CURVE ( 'NONE', #1861, #3359, #7656, .T. ) ;
#10785 = B_SPLINE_CURVE_WITH_KNOTS ( 'NONE', 3,
 ( #7810, #3017, #8866, #1369, #6363, #10422, #10591, #6198, #6252, #320, #2025, #9750, #7976, #1979, #3614, #2964, #1150, #6977, #7035, #6151, #9643, #4618, #485, #3671, #10369, #2849 ),
 .UNSPECIFIED., .F., .F.,
 ( 4, 2, 2, 2, 2, 2, 2, 2, 2, 2, 2, 2, 4 ),
 ( 0.000000000000000000, 0.0008032955908086675994, 0.001606591181617335199, 0.002008238977021670896, 0.002409886772426007243, 0.002811534567830342723, 0.003213182363234679071, 0.003614830158639014551, 0.004016477954043350465, 0.004418125749447687246, 0.004819773544852022293, 0.005623069135660691518, 0.006426364726469360744 ),
 .UNSPECIFIED. ) ;
#10786 = VERTEX_POINT ( 'NONE', #6609 ) ;
#10787 = LINE ( 'NONE', #3213, #8349 ) ;
#10788 = VERTEX_POINT ( 'NONE', #3363 ) ;
#10789 = CARTESIAN_POINT ( 'NONE',  ( -2.600000000000000089, 3.184081677783117698E-16, -6.000000000000000152E-06 ) ) ;
#10790 = CARTESIAN_POINT ( 'NONE',  ( 8.000000000000000000, 9.797174393178825657E-16, 5.000000000000000000 ) ) ;
#10791 = PLANE ( 'NONE',  #3228 ) ;
#10792 = CARTESIAN_POINT ( 'NONE',  ( 42.00000000000000000, 30.00000000000000000, -102.5000000000000000 ) ) ;
#10793 = DIRECTION ( 'NONE',  ( 1.000000000000000000, 0.000000000000000000, 0.000000000000000000 ) ) ;
#10794 = VERTEX_POINT ( 'NONE', #3414 ) ;
#10795 = CC_DESIGN_DATE_AND_TIME_ASSIGNMENT ( #6095, #8708, ( #416 ) ) ;
#10796 = DIRECTION ( 'NONE',  ( -1.000000000000000000, -0.000000000000000000, -0.000000000000000000 ) ) ;
#10797 = EDGE_LOOP ( 'NONE', ( #8924, #3212, #9790, #6121 ) ) ;
#10798 = CARTESIAN_POINT ( 'NONE',  ( -9.225615804907725703, 0.000000000000000000, 4.700000000000001066 ) ) ;
#10799 = ORIENTED_EDGE ( 'NONE', *, *, #1391, .F. ) ;
#10800 = CARTESIAN_POINT ( 'NONE',  ( -21.00000000000000000, 0.000000000000000000, 24.00000000000000000 ) ) ;
#10801 = PLANE ( 'NONE',  #82 ) ;
#10802 = VERTEX_POINT ( 'NONE', #10004 ) ;
#10803 = ORIENTED_EDGE ( 'NONE', *, *, #8275, .F. ) ;
#10804 = CARTESIAN_POINT ( 'NONE',  ( 31.19999999999999929, 0.000000000000000000, 6.000000000000000000 ) ) ;
#10805 = CARTESIAN_POINT ( 'NONE',  ( -24.30000000000000071, 45.00000000000000000, -1.200000000000000030E-05 ) ) ;
#10806 = APPROVAL_STATUS ( 'not_yet_approved' ) ;
#10807 = COORDINATED_UNIVERSAL_TIME_OFFSET ( 5, 0, .BEHIND. ) ;
#10808 = VERTEX_POINT ( 'NONE', #1663 ) ;
#10809 = APPROVAL ( #7228, 'ๆช' ) ;
#10810 = UNCERTAINTY_MEASURE_WITH_UNIT (LENGTH_MEASURE( 1.000000000000000082E-05 ), #6428, 'distance_accuracy_value', 'NONE');
#10811 = CARTESIAN_POINT ( 'NONE',  ( -20.44258473825093247, -32.34333309900549125, 0.000000000000000000 ) ) ;
#10812 = CARTESIAN_POINT ( 'NONE',  ( 27.69999999999999929, -57.00000000000000000, 5.000000000000000000 ) ) ;
#10813 = CARTESIAN_POINT ( 'NONE',  ( 29.30006951123653636, 0.000000000000000000, 20.77491600511588032 ) ) ;
#10814 = ORIENTED_EDGE ( 'NONE', *, *, #10238, .T. ) ;
#10815 = CARTESIAN_POINT ( 'NONE',  ( -12.30000000000000071, 70.00000000000000000, 8.000000000000000000 ) ) ;
#10816 = FACE_OUTER_BOUND ( 'NONE', #4544, .T. ) ;
#10817 = EDGE_CURVE ( 'NONE', #9191, #9545, #5071, .T. ) ;
#10818 = PERSON_AND_ORGANIZATION ( #6743, #3319 ) ;
#10819 = VECTOR ( 'NONE', #7123, 1000.000000000000000 ) ;
#10820 = DATE_AND_TIME ( #1497, #1856 ) ;
#10821 = LINE ( 'NONE', #4798, #7331 ) ;
#10822 = ORIENTED_EDGE ( 'NONE', *, *, #3810, .F. ) ;
#10823 = AXIS2_PLACEMENT_3D ( 'NONE', #2778, #1964, #2059 ) ;
#10824 = ORIENTED_EDGE ( 'NONE', *, *, #7077, .T. ) ;
#10825 = DIRECTION ( 'NONE',  ( -0.000000000000000000, -0.000000000000000000, 1.000000000000000000 ) ) ;
#10826 = CARTESIAN_POINT ( 'NONE',  ( 0.5999999999999999778, 0.000000000000000000, 0.000000000000000000 ) ) ;
#10827 = PLANE ( 'NONE',  #5601 ) ;
#10828 = DIRECTION ( 'NONE',  ( 1.000000000000000000, 0.000000000000000000, 0.000000000000000000 ) ) ;
#10829 = DIRECTION ( 'NONE',  ( 1.000000000000000000, 0.000000000000000000, 0.000000000000000000 ) ) ;
#10830 = EDGE_CURVE ( 'NONE', #5429, #24, #6720, .T. ) ;
#10831 = DATE_AND_TIME ( #7442, #8018 ) ;
#10832 = APPROVAL_STATUS ( 'not_yet_approved' ) ;
#10833 = AXIS2_PLACEMENT_3D ( 'NONE', #165, #6974, #7761 ) ;
#10834 = ORIENTED_EDGE ( 'NONE', *, *, #9361, .F. ) ;
#10835 = CARTESIAN_POINT ( 'NONE',  ( 0.000000000000000000, 0.000000000000000000, 6.000000000000000000 ) ) ;
#10836 = ORIENTED_EDGE ( 'NONE', *, *, #5699, .F. ) ;
#10837 = CARTESIAN_POINT ( 'NONE',  ( 20.00000000000000000, -6.000000000000000152E-06, 13.70000000000000107 ) ) ;
#10838 = CARTESIAN_POINT ( 'NONE',  ( -10.04287395703057939, 0.000000000000000000, 19.63880920472926306 ) ) ;
#10839 = FACE_OUTER_BOUND ( 'NONE', #4933, .T. ) ;
#10840 = ORGANIZATION ( 'NAUO-ORG7', 'UNSPECIFIED', 'UNSPECIFIED' ) ;
#10841 = DIRECTION ( 'NONE',  ( 1.000000000000000000, 0.000000000000000000, 0.000000000000000000 ) ) ;
#10842 =( REPRESENTATION_RELATIONSHIP ('NONE','NONE', #1311, #4622 ) REPRESENTATION_RELATIONSHIP_WITH_TRANSFORMATION ( #675 )SHAPE_REPRESENTATION_RELATIONSHIP( ) );
#10843 = EDGE_CURVE ( 'NONE', #9455, #8154, #3648, .T. ) ;
#10844 = EDGE_CURVE ( 'NONE', #8506, #5835, #5787, .T. ) ;
#10845 = CARTESIAN_POINT ( 'NONE',  ( 0.000000000000000000, 0.000000000000000000, 90.00000000000000000 ) ) ;
#10846 = VERTEX_POINT ( 'NONE', #7553 ) ;
#10847 = APPROVAL_PERSON_ORGANIZATION ( #9428, #754, #6044 ) ;
#10848 = LINE ( 'NONE', #125, #8088 ) ;
#10849 = ORIENTED_EDGE ( 'NONE', *, *, #1410, .F. ) ;
#10850 = CYLINDRICAL_SURFACE ( 'NONE', #948, 8.000000000000000000 ) ;
#10851 = EDGE_LOOP ( 'NONE', ( #6670, #10671 ) ) ;
#10852 = CARTESIAN_POINT ( 'NONE',  ( -6.000000000000000000, 0.000000000000000000, 16.00000000000000000 ) ) ;
#10853 = CARTESIAN_POINT ( 'NONE',  ( 2.500000000000000000, 3.061616997868383141E-16, 68.00000000000000000 ) ) ;
#10854 = EDGE_LOOP ( 'NONE', ( #1626, #1526 ) ) ;
#10855 = LINE ( 'NONE', #5863, #8051 ) ;
#10856 = LOCAL_TIME ( 6, 20, 33.00000000000000000, #788 ) ;
#10857 = FACE_OUTER_BOUND ( 'NONE', #2500, .T. ) ;
#10858 = SECURITY_CLASSIFICATION_LEVEL ( 'unclassified' ) ;
#10859 = CARTESIAN_POINT ( 'NONE',  ( 30.50000000000000000, 10.00000000000000000, 0.000000000000000000 ) ) ;
#10860 = DIRECTION ( 'NONE',  ( 0.000000000000000000, 0.000000000000000000, 1.000000000000000000 ) ) ;
#10861 = SECURITY_CLASSIFICATION ( '', '', #3243 ) ;
#10862 = CARTESIAN_POINT ( 'NONE',  ( 10.50000000000000000, 1.300000000000000044, 0.000000000000000000 ) ) ;
#10863 = ORIENTED_EDGE ( 'NONE', *, *, #7356, .F. ) ;
#10864 = FACE_BOUND ( 'NONE', #5373, .T. ) ;
#10865 = CC_DESIGN_DATE_AND_TIME_ASSIGNMENT ( #7421, #1375, ( #6593 ) ) ;
#10866 = CARTESIAN_POINT ( 'NONE',  ( -2.533830729021401940, -0.6767371672058377641, -0.000000000000000000 ) ) ;
#10867 = CC_DESIGN_DATE_AND_TIME_ASSIGNMENT ( #8722, #4579, ( #109 ) ) ;
#10868 = PERSON_AND_ORGANIZATION ( #6743, #3319 ) ;
#10869 = APPROVAL_PERSON_ORGANIZATION ( #6585, #5514, #7366 ) ;
#10870 = COORDINATED_UNIVERSAL_TIME_OFFSET ( 5, 0, .BEHIND. ) ;
#10871 = DIRECTION ( 'NONE',  ( 0.000000000000000000, 1.000000000000000000, 0.000000000000000000 ) ) ;
#10872 = ADVANCED_FACE ( 'NONE', ( #10163, #2592, #1717 ), #2540, .F. ) ;
#10873 = ORIENTED_EDGE ( 'NONE', *, *, #9707, .F. ) ;
#10874 = CC_DESIGN_SECURITY_CLASSIFICATION ( #6980, ( #3116 ) ) ;
#10875 = ORIENTED_EDGE ( 'NONE', *, *, #6204, .F. ) ;
#10876 = ORIENTED_EDGE ( 'NONE', *, *, #2281, .F. ) ;
#10877 = CARTESIAN_POINT ( 'NONE',  ( 0.000000000000000000, 0.000000000000000000, 24.00000000000000000 ) ) ;
#10878 = CARTESIAN_POINT ( 'NONE',  ( -0.5999999999999997558, 2.529822128134703085, -1.200000000000000030E-05 ) ) ;
#10879 = DIRECTION ( 'NONE',  ( 0.000000000000000000, 0.000000000000000000, 1.000000000000000000 ) ) ;
#10880 = DIRECTION ( 'NONE',  ( 1.000000000000000000, 0.000000000000000000, 0.000000000000000000 ) ) ;
#10881 = CYLINDRICAL_SURFACE ( 'NONE', #8778, 1.700000000000000178 ) ;
#10882 = VECTOR ( 'NONE', #6338, 1000.000000000000000 ) ;
#10883 = APPROVAL_DATE_TIME ( #10831, #7213 ) ;
#10884 = APPLICATION_PROTOCOL_DEFINITION ( 'international standard', 'config_control_design', 1994, #3433 ) ;
#10885 = CC_DESIGN_SECURITY_CLASSIFICATION ( #9468, ( #10896 ) ) ;
#10886 = AXIS2_PLACEMENT_3D ( 'NONE', #1753, #6750, #973 ) ;
#10887 = EDGE_CURVE ( 'NONE', #8781, #9650, #1729, .T. ) ;
#10888 = ORIENTED_EDGE ( 'NONE', *, *, #9831, .F. ) ;
#10889 = PLANE ( 'NONE',  #5000 ) ;
#10890 = AXIS2_PLACEMENT_3D ( 'NONE', #8276, #10708, #4794 ) ;
#10891 = EDGE_LOOP ( 'NONE', ( #8177, #5854 ) ) ;
#10892 = CARTESIAN_POINT ( 'NONE',  ( 0.5999999999999998668, 9.000000000000000000, 8.300000000000000711 ) ) ;
#10893 = NEXT_ASSEMBLY_USAGE_OCCURRENCE ( 'NAUO1', ' ', ' ', #7687, #1695, $ ) ;
#10894 = NEXT_ASSEMBLY_USAGE_OCCURRENCE ( 'NAUO2', ' ', ' ', #7687, #210, $ ) ;
#10895 = NEXT_ASSEMBLY_USAGE_OCCURRENCE ( 'NAUO3', ' ', ' ', #7687, #210, $ ) ;
#10896 = NEXT_ASSEMBLY_USAGE_OCCURRENCE ( 'NAUO4', ' ', ' ', #7687, #210, $ ) ;
#10897 = NEXT_ASSEMBLY_USAGE_OCCURRENCE ( 'NAUO5', ' ', ' ', #7687, #210, $ ) ;
#10898 = NEXT_ASSEMBLY_USAGE_OCCURRENCE ( 'NAUO6', ' ', ' ', #7687, #2294, $ ) ;
#10899 = NEXT_ASSEMBLY_USAGE_OCCURRENCE ( 'NAUO7', ' ', ' ', #7687, #6665, $ ) ;
#10900 = NEXT_ASSEMBLY_USAGE_OCCURRENCE ( 'NAUO8', ' ', ' ', #7687, #9988, $ ) ;
#10901 = NEXT_ASSEMBLY_USAGE_OCCURRENCE ( 'NAUO9', ' ', ' ', #7687, #10599, $ ) ;
#10902 = NEXT_ASSEMBLY_USAGE_OCCURRENCE ( 'NAUO10', ' ', ' ', #7687, #10599, $ ) ;
#10903 = NEXT_ASSEMBLY_USAGE_OCCURRENCE ( 'NAUO11', ' ', ' ', #7687, #5179, $ ) ;
#10904 = NEXT_ASSEMBLY_USAGE_OCCURRENCE ( 'NAUO12', ' ', ' ', #7687, #5179, $ ) ;
#10905 = NEXT_ASSEMBLY_USAGE_OCCURRENCE ( 'NAUO13', ' ', ' ', #7687, #416, $ ) ;
#10906 = NEXT_ASSEMBLY_USAGE_OCCURRENCE ( 'NAUO14', ' ', ' ', #7687, #416, $ ) ;
#10907 = NEXT_ASSEMBLY_USAGE_OCCURRENCE ( 'NAUO15', ' ', ' ', #7687, #2564, $ ) ;
#10908 = NEXT_ASSEMBLY_USAGE_OCCURRENCE ( 'NAUO16', ' ', ' ', #7687, #6936, $ ) ;
#10909 = NEXT_ASSEMBLY_USAGE_OCCURRENCE ( 'NAUO17', ' ', ' ', #7687, #6936, $ ) ;
#10910 = NEXT_ASSEMBLY_USAGE_OCCURRENCE ( 'NAUO18', ' ', ' ', #7687, #8569, $ ) ;
#10911 = NEXT_ASSEMBLY_USAGE_OCCURRENCE ( 'NAUO19', ' ', ' ', #7687, #3509, $ ) ;
#10912 = NEXT_ASSEMBLY_USAGE_OCCURRENCE ( 'NAUO20', ' ', ' ', #7687, #2095, $ ) ;
#10913 = NEXT_ASSEMBLY_USAGE_OCCURRENCE ( 'NAUO21', ' ', ' ', #7687, #10334, $ ) ;
#10914 = NEXT_ASSEMBLY_USAGE_OCCURRENCE ( 'NAUO22', ' ', ' ', #7687, #79, $ ) ;
#10915 = NEXT_ASSEMBLY_USAGE_OCCURRENCE ( 'NAUO23', ' ', ' ', #7687, #3975, $ ) ;
#10916 = NEXT_ASSEMBLY_USAGE_OCCURRENCE ( 'NAUO24', ' ', ' ', #7687, #3975, $ ) ;
#10917 = NEXT_ASSEMBLY_USAGE_OCCURRENCE ( 'NAUO25', ' ', ' ', #7687, #5922, $ ) ;
ENDSEC;
END-ISO-10303-21;
