ISO-10303-21;
HEADER;
FILE_DESCRIPTION (( 'STEP AP203' ),
    '1' );
FILE_NAME ('FlipArm_V2_raised.STEP',
    '2026-09-18T10:20:19',
    ( '15300530775@163.com' ),
    ( '' ),
    'SwSTEP 2.0',
    'SolidWorks 2026',
    '' );
FILE_SCHEMA (( 'CONFIG_CONTROL_DESIGN' ));
ENDSEC;

DATA;
#1 = CARTESIAN_POINT ( 'NONE',  ( 0.000000000000000000, 67.50000000000000000, 0.000000000000000000 ) ) ;
#2 = FACE_BOUND ( 'NONE', #3557, .T. ) ;
#3 = CIRCLE ( 'NONE', #7021, 1.700000000000000178 ) ;
#4 = APPROVAL_ROLE ( '' ) ;
#5 =( REPRESENTATION_RELATIONSHIP ('NONE','NONE', #403, #2380 ) REPRESENTATION_RELATIONSHIP_WITH_TRANSFORMATION ( #9560 )SHAPE_REPRESENTATION_RELATIONSHIP( ) );
#6 = FACE_BOUND ( 'NONE', #6564, .T. ) ;
#7 = CARTESIAN_POINT ( 'NONE',  ( 10.72380529476361488, 9.000000000000204281, 10.20000000000065477 ) ) ;
#8 = VECTOR ( 'NONE', #6917, 1000.000000000000000 ) ;
#9 = CC_DESIGN_PERSON_AND_ORGANIZATION_ASSIGNMENT ( #4891, #10630, ( #8315 ) ) ;
#10 = APPROVAL_ROLE ( '' ) ;
#11 = ORIENTED_EDGE ( 'NONE', *, *, #10242, .T. ) ;
#12 = CARTESIAN_POINT ( 'NONE',  ( 124.0000000000000000, 0.000000000000000000, -1.200000000000000030E-05 ) ) ;
#13 = PLANE ( 'NONE',  #3550 ) ;
#14 = CARTESIAN_POINT ( 'NONE',  ( -21.65679534101080961, -0.000000000000000000, 11.55736206015121326 ) ) ;
#15 = DIRECTION ( 'NONE',  ( -0.000000000000000000, -0.000000000000000000, 1.000000000000000000 ) ) ;
#16 = APPROVAL ( #2366, 'ๆช' ) ;
#17 = VECTOR ( 'NONE', #9935, 1000.000000000000000 ) ;
#18 = EDGE_LOOP ( 'NONE', ( #4250, #8557, #7625, #7793 ) ) ;
#19 = CARTESIAN_POINT ( 'NONE',  ( 150.0000000000000000, 0.000000000000000000, 90.00000000000000000 ) ) ;
#20 = VERTEX_POINT ( 'NONE', #6384 ) ;
#21 = PLANE ( 'NONE',  #4185 ) ;
#22 = DIRECTION ( 'NONE',  ( 1.000000000000000000, -0.000000000000000000, -0.000000000000000000 ) ) ;
#23 = ORIENTED_EDGE ( 'NONE', *, *, #5039, .T. ) ;
#24 = CARTESIAN_POINT ( 'NONE',  ( 20.00000000000000000, -12.00000000000000000, 0.000000000000000000 ) ) ;
#25 = CARTESIAN_POINT ( 'NONE',  ( 31.00000000000000000, -1.200000000000000030E-05, 4.700000000000000178 ) ) ;
#26 = ADVANCED_FACE ( 'NONE', ( #4656, #5357 ), #5577, .F. ) ;
#27 = ORIENTED_EDGE ( 'NONE', *, *, #3405, .T. ) ;
#28 = COORDINATED_UNIVERSAL_TIME_OFFSET ( 5, 0, .BEHIND. ) ;
#29 = VERTEX_POINT ( 'NONE', #7880 ) ;
#30 = CARTESIAN_POINT ( 'NONE',  ( 32.04297226076235461, -0.000000000000000000, 1.638710900995895781 ) ) ;
#31 = CONTEXT_DEPENDENT_SHAPE_REPRESENTATION ( #8436, #8878 ) ;
#32 = EDGE_LOOP ( 'NONE', ( #2562, #7705, #6897, #139 ) ) ;
#33 = CARTESIAN_POINT ( 'NONE',  ( 0.000000000000000000, 70.00000000000000000, 5.200000000000000178 ) ) ;
#34 = VERTEX_POINT ( 'NONE', #1412 ) ;
#35 = DIRECTION ( 'NONE',  ( 1.000000000000000000, -0.000000000000000000, 0.000000000000000000 ) ) ;
#36 = CARTESIAN_POINT ( 'NONE',  ( 28.00000000000000000, 0.000000000000000000, 0.000000000000000000 ) ) ;
#37 = CARTESIAN_POINT ( 'NONE',  ( 0.000000000000000000, 0.000000000000000000, 16.00000000000000000 ) ) ;
#38 = CARTESIAN_POINT ( 'NONE',  ( 3.000000000000000000, 27.50000000000000000, 83.00000000000000000 ) ) ;
#39 = EDGE_CURVE ( 'NONE', #5220, #3514, #5414, .T. ) ;
#40 = EDGE_CURVE ( 'NONE', #10512, #3022, #6223, .T. ) ;
#41 = DIRECTION ( 'NONE',  ( 1.000000000000000000, 0.000000000000000000, 0.000000000000000000 ) ) ;
#42 = DATE_TIME_ROLE ( 'classification_date' ) ;
#43 = LINE ( 'NONE', #2654, #7716 ) ;
#44 = ORIENTED_EDGE ( 'NONE', *, *, #4964, .T. ) ;
#45 = ORIENTED_EDGE ( 'NONE', *, *, #8087, .F. ) ;
#46 = DIRECTION ( 'NONE',  ( 0.000000000000000000, 0.000000000000000000, 1.000000000000000000 ) ) ;
#47 = APPROVAL_ROLE ( '' ) ;
#48 = CARTESIAN_POINT ( 'NONE',  ( -7.299999999999998934, 31.00000000000000000, -1.200000000000000030E-05 ) ) ;
#49 = DIRECTION ( 'NONE',  ( -0.000000000000000000, -0.000000000000000000, -1.000000000000000000 ) ) ;
#50 = DIRECTION ( 'NONE',  ( 0.000000000000000000, 0.000000000000000000, -1.000000000000000000 ) ) ;
#51 = DIRECTION ( 'NONE',  ( -1.000000000000000000, 0.000000000000000000, -0.000000000000000000 ) ) ;
#52 = EDGE_CURVE ( 'NONE', #7867, #8850, #8892, .T. ) ;
#53 = EDGE_CURVE ( 'NONE', #10310, #5770, #1618, .T. ) ;
#54 = PERSON_AND_ORGANIZATION_ROLE ( 'design_owner' ) ;
#55 = SHAPE_REPRESENTATION ( 'V2_07_servo_stand', ( #2087 ), #7668 ) ;
#56 = APPROVAL_ROLE ( '' ) ;
#57 = DIRECTION ( 'NONE',  ( 0.000000000000000000, 0.000000000000000000, -1.000000000000000000 ) ) ;
#58 = CARTESIAN_POINT ( 'NONE',  ( 10.01810743134690718, 9.782858279599741635, 10.02233131936447741 ) ) ;
#59 = DATE_TIME_ROLE ( 'classification_date' ) ;
#60 = ORIENTED_EDGE ( 'NONE', *, *, #9950, .F. ) ;
#61 = CARTESIAN_POINT ( 'NONE',  ( 0.000000000000000000, 59.50000000000000000, 0.000000000000000000 ) ) ;
#62 = CYLINDRICAL_SURFACE ( 'NONE', #3907, 1.699999999999998401 ) ;
#63 = AXIS2_PLACEMENT_3D ( 'NONE', #10017, #7511, #9863 ) ;
#64 = LINE ( 'NONE', #8546, #3390 ) ;
#65 = SECURITY_CLASSIFICATION ( '', '', #9874 ) ;
#66 = FACE_OUTER_BOUND ( 'NONE', #5216, .T. ) ;
#67 = EDGE_CURVE ( 'NONE', #1524, #6892, #367, .T. ) ;
#68 = UNCERTAINTY_MEASURE_WITH_UNIT (LENGTH_MEASURE( 1.000000000000000082E-05 ), #797, 'distance_accuracy_value', 'NONE');
#69 = VECTOR ( 'NONE', #391, 1000.000000000000000 ) ;
#70 = CARTESIAN_POINT ( 'NONE',  ( -10.55156718449564224, 9.205227550983524409, 11.70000000000000107 ) ) ;
#71 = VERTEX_POINT ( 'NONE', #625 ) ;
#72 = DIRECTION ( 'NONE',  ( 0.000000000000000000, 0.000000000000000000, -1.000000000000000000 ) ) ;
#73 = ORIENTED_EDGE ( 'NONE', *, *, #8652, .T. ) ;
#74 = DIRECTION ( 'NONE',  ( 0.000000000000000000, 0.000000000000000000, 1.000000000000000000 ) ) ;
#75 = CARTESIAN_POINT ( 'NONE',  ( -35.00000000000000000, 70.00000000000000000, 5.000000000000000000 ) ) ;
#76 = EDGE_LOOP ( 'NONE', ( #9998, #8467, #1518, #6989 ) ) ;
#77 = CARTESIAN_POINT ( 'NONE',  ( 40.00000000000000000, 0.000000000000000000, 40.00000000000000000 ) ) ;
#78 = AXIS2_PLACEMENT_3D ( 'NONE', #2039, #5390, #4583 ) ;
#79 = PRODUCT_RELATED_PRODUCT_CATEGORY ( 'detail', '', ( #9852 ) ) ;
#80 = CARTESIAN_POINT ( 'NONE',  ( 0.000000000000000000, 0.000000000000000000, 58.00000000000000000 ) ) ;
#81 = APPROVAL_ROLE ( '' ) ;
#82 = VERTEX_POINT ( 'NONE', #4867 ) ;
#83 =( NAMED_UNIT ( * ) PLANE_ANGLE_UNIT ( ) SI_UNIT ( $, .RADIAN. ) );
#84 = DATE_AND_TIME ( #5853, #5197 ) ;
#85 = VECTOR ( 'NONE', #6137, 1000.000000000000000 ) ;
#86 = VERTEX_POINT ( 'NONE', #8256 ) ;
#87 = CARTESIAN_POINT ( 'NONE',  ( 0.000000000000000000, 14.00000000000000000, 4.000000000000000000 ) ) ;
#88 = CONTEXT_DEPENDENT_SHAPE_REPRESENTATION ( #7727, #2892 ) ;
#89 = EDGE_CURVE ( 'NONE', #9051, #8011, #7407, .T. ) ;
#90 = APPROVAL_PERSON_ORGANIZATION ( #6480, #8985, #1549 ) ;
#91 = ORIENTED_EDGE ( 'NONE', *, *, #3767, .T. ) ;
#92 = DIRECTION ( 'NONE',  ( -0.000000000000000000, -0.000000000000000000, 1.000000000000000000 ) ) ;
#93 = DIRECTION ( 'NONE',  ( -0.000000000000000000, -0.000000000000000000, -1.000000000000000000 ) ) ;
#94 = CARTESIAN_POINT ( 'NONE',  ( -12.30000000000000071, 70.00000000000000000, 8.000000000000000000 ) ) ;
#95 = LINE ( 'NONE', #1809, #1508 ) ;
#96 = EDGE_CURVE ( 'NONE', #7910, #2962, #9886, .T. ) ;
#97 = CARTESIAN_POINT ( 'NONE',  ( -12.00000000000000000, 12.00000000000000000, 20.00000000000000000 ) ) ;
#98 = ORIENTED_EDGE ( 'NONE', *, *, #9259, .T. ) ;
#99 = CC_DESIGN_APPROVAL ( #2662, ( #2040 ) ) ;
#100 = PERSON_AND_ORGANIZATION ( #10500, #8573 ) ;
#101 = DESIGN_CONTEXT ( 'detailed design', #5630, 'design' ) ;
#102 = CARTESIAN_POINT ( 'NONE',  ( 6.000000000000000000, 0.000000000000000000, 20.00000000000000000 ) ) ;
#103 = VERTEX_POINT ( 'NONE', #9992 ) ;
#104 = ORIENTED_EDGE ( 'NONE', *, *, #4781, .T. ) ;
#105 = DIRECTION ( 'NONE',  ( -0.000000000000000000, -0.000000000000000000, 1.000000000000000000 ) ) ;
#106 = ADVANCED_FACE ( 'NONE', ( #3114, #4921 ), #2444, .F. ) ;
#107 = CARTESIAN_POINT ( 'NONE',  ( -10.70006951123578887, 30.77491600511332948, 0.000000000000000000 ) ) ;
#108 = PLANE ( 'NONE',  #10455 ) ;
#109 = CARTESIAN_POINT ( 'NONE',  ( -35.00000000000000000, -70.00000000000000000, 5.000000000000000000 ) ) ;
#110 = LOCAL_TIME ( 6, 20, 19.00000000000000000, #511 ) ;
#111 = LINE ( 'NONE', #3481, #1504 ) ;
#112 = VECTOR ( 'NONE', #10075, 1000.000000000000000 ) ;
#113 = PERSON ( 'NAUO-PER20', 'UNSPECIFIED', 'UNSPECIFIED', ('UNSPECIFIED'), ('UNSPECIFIED'), ('UNSPECIFIED') ) ;
#114 = CIRCLE ( 'NONE', #465, 1.700000000000000178 ) ;
#115 = ORIENTED_EDGE ( 'NONE', *, *, #3767, .F. ) ;
#116 = PERSON_AND_ORGANIZATION ( #10500, #8573 ) ;
#117 = DATE_AND_TIME ( #7643, #307 ) ;
#118 = CARTESIAN_POINT ( 'NONE',  ( 0.000000000000000000, 20.00000000000000000, 58.00000000000000000 ) ) ;
#119 = CARTESIAN_POINT ( 'NONE',  ( 9.119041486028459431, 10.62286516859881225, 9.022699813921626344 ) ) ;
#120 = APPROVAL_DATE_TIME ( #1064, #6936 ) ;
#121 = ADVANCED_FACE ( 'NONE', ( #8199 ), #3213, .F. ) ;
#122 = EDGE_CURVE ( 'NONE', #7180, #10609, #675, .T. ) ;
#123 = VERTEX_POINT ( 'NONE', #3322 ) ;
#124 = CARTESIAN_POINT ( 'NONE',  ( -10.00000000000000000, 10.00000000000000000, 39.50000000000000000 ) ) ;
#125 = CIRCLE ( 'NONE', #4541, 1.700000000000000178 ) ;
#126 = CARTESIAN_POINT ( 'NONE',  ( 8.660254037844389075, 11.00000000000000000, 12.00000000000000000 ) ) ;
#127 = DIRECTION ( 'NONE',  ( 0.000000000000000000, -1.000000000000000000, 0.000000000000000000 ) ) ;
#128 = SHAPE_REPRESENTATION ( 'V2_04_arm_plate', ( #2087 ), #131 ) ;
#129 = CARTESIAN_POINT ( 'NONE',  ( 0.000000000000000000, 0.000000000000000000, 90.00000000000000000 ) ) ;
#130 = AXIS2_PLACEMENT_3D ( 'NONE', #2398, #3126, #1365 ) ;
#131 =( GEOMETRIC_REPRESENTATION_CONTEXT ( 3 ) GLOBAL_UNCERTAINTY_ASSIGNED_CONTEXT ( ( #3826 ) ) GLOBAL_UNIT_ASSIGNED_CONTEXT ( ( #539, #8061, #1588 ) ) REPRESENTATION_CONTEXT ( 'NONE', 'WORKASPACE' ) );
#132 = EDGE_CURVE ( 'NONE', #4228, #186, #5300, .T. ) ;
#133 = ORIENTED_EDGE ( 'NONE', *, *, #4658, .F. ) ;
#134 = CARTESIAN_POINT ( 'NONE',  ( -15.59999999999999964, 67.50000000000000000, 0.000000000000000000 ) ) ;
#135 = ORIENTED_EDGE ( 'NONE', *, *, #8301, .T. ) ;
#136 = FACE_BOUND ( 'NONE', #5659, .T. ) ;
#137 = CYLINDRICAL_SURFACE ( 'NONE', #2551, 1.700000000000000178 ) ;
#138 = AXIS2_PLACEMENT_3D ( 'NONE', #8815, #5336, #8705 ) ;
#139 = ORIENTED_EDGE ( 'NONE', *, *, #785, .F. ) ;
#140 = CARTESIAN_POINT ( 'NONE',  ( 0.3444314227433183939, -2.600069548653550555, -0.000000000000000000 ) ) ;
#141 = SECURITY_CLASSIFICATION ( '', '', #6611 ) ;
#142 = CARTESIAN_POINT ( 'NONE',  ( 0.000000000000000000, 0.000000000000000000, 0.000000000000000000 ) ) ;
#143 = ORIENTED_EDGE ( 'NONE', *, *, #8303, .F. ) ;
#144 = SHAPE_REPRESENTATION_RELATIONSHIP ( 'NONE' , 'NONE' ,  #3512, #8913 ) ;
#145 =( GEOMETRIC_REPRESENTATION_CONTEXT ( 3 ) GLOBAL_UNCERTAINTY_ASSIGNED_CONTEXT ( ( #2056 ) ) GLOBAL_UNIT_ASSIGNED_CONTEXT ( ( #5982, #8402, #7574 ) ) REPRESENTATION_CONTEXT ( 'NONE', 'WORKASPACE' ) );
#146 = ORIENTED_EDGE ( 'NONE', *, *, #1153, .T. ) ;
#147 = LINE ( 'NONE', #4285, #3355 ) ;
#148 = CC_DESIGN_PERSON_AND_ORGANIZATION_ASSIGNMENT ( #8888, #8038, ( #10466 ) ) ;
#149 = DATE_AND_TIME ( #1750, #6393 ) ;
#150 = EDGE_LOOP ( 'NONE', ( #4578, #1856, #1099, #9707 ) ) ;
#151 = LINE ( 'NONE', #7508, #650 ) ;
#152 = CARTESIAN_POINT ( 'NONE',  ( -9.000000000000000000, -1.200000000000000030E-05, 22.70000000000000284 ) ) ;
#153 = LINE ( 'NONE', #2525, #3990 ) ;
#154 = CYLINDRICAL_SURFACE ( 'NONE', #4845, 1.699999999999998401 ) ;
#155 = CIRCLE ( 'NONE', #3501, 1.700000000000000178 ) ;
#156 = CYLINDRICAL_SURFACE ( 'NONE', #870, 2.600000000000000089 ) ;
#157 = DATE_AND_TIME ( #9366, #4670 ) ;
#158 = CIRCLE ( 'NONE', #5663, 1.700000000000000178 ) ;
#159 = DIRECTION ( 'NONE',  ( 0.000000000000000000, 0.000000000000000000, 1.000000000000000000 ) ) ;
#160 = CIRCLE ( 'NONE', #4691, 1.700000000000000178 ) ;
#161 = VERTEX_POINT ( 'NONE', #2499 ) ;
#162 = VECTOR ( 'NONE', #7418, 1000.000000000000000 ) ;
#163 = CARTESIAN_POINT ( 'NONE',  ( -11.59999999999999964, 67.50000000000000000, -1.200000000000000030E-05 ) ) ;
#164 = AXIS2_PLACEMENT_3D ( 'NONE', #1911, #1134, #6069 ) ;
#165 = VERTEX_POINT ( 'NONE', #5837 ) ;
#166 = CC_DESIGN_PERSON_AND_ORGANIZATION_ASSIGNMENT ( #6031, #5168, ( #6848 ) ) ;
#167 = PERSON_AND_ORGANIZATION ( #8361, #1488 ) ;
#168 = CARTESIAN_POINT ( 'NONE',  ( -9.511937134729810950, 10.27294094237714717, 11.13224288223542402 ) ) ;
#169 = DIRECTION ( 'NONE',  ( -0.000000000000000000, -0.000000000000000000, -1.000000000000000000 ) ) ;
#170 = CARTESIAN_POINT ( 'NONE',  ( -11.59999999999999964, 0.000000000000000000, -0.000000000000000000 ) ) ;
#171 = CARTESIAN_POINT ( 'NONE',  ( -8.774916005114079098, 0.000000000000000000, 1.300069511235792508 ) ) ;
#172 = ORIENTED_EDGE ( 'NONE', *, *, #5967, .T. ) ;
#173 = VECTOR ( 'NONE', #2248, 1000.000000000000000 ) ;
#174 = EDGE_CURVE ( 'NONE', #1313, #10512, #9209, .T. ) ;
#175 = CALENDAR_DATE ( 2026, 18, 9 ) ;
#176 = PERSON_AND_ORGANIZATION ( #10500, #8573 ) ;
#177 = LINE ( 'NONE', #1720, #484 ) ;
#178 = DIRECTION ( 'NONE',  ( -0.000000000000000000, -0.000000000000000000, 1.000000000000000000 ) ) ;
#179 = CALENDAR_DATE ( 2026, 18, 9 ) ;
#180 = EDGE_LOOP ( 'NONE', ( #9447, #5377, #9729, #10627 ) ) ;
#181 = CARTESIAN_POINT ( 'NONE',  ( 11.93721609031033459, 7.314636773467316111, 9.745133196380875162 ) ) ;
#182 = FACE_OUTER_BOUND ( 'NONE', #7399, .T. ) ;
#183 = FACE_OUTER_BOUND ( 'NONE', #8118, .T. ) ;
#184 = CARTESIAN_POINT ( 'NONE',  ( 10.00000000000000000, 19.50000000000000000, 0.000000000000000000 ) ) ;
#185 = EDGE_CURVE ( 'NONE', #9719, #7906, #1136, .T. ) ;
#186 = VERTEX_POINT ( 'NONE', #9490 ) ;
#187 = VECTOR ( 'NONE', #7345, 1000.000000000000000 ) ;
#188 = CARTESIAN_POINT ( 'NONE',  ( 0.000000000000000000, 20.00000000000000000, 58.00000000000000000 ) ) ;
#189 = ORIENTED_EDGE ( 'NONE', *, *, #5024, .T. ) ;
#190 = DIRECTION ( 'NONE',  ( 0.000000000000000000, 0.000000000000000000, 1.000000000000000000 ) ) ;
#191 = ORIENTED_EDGE ( 'NONE', *, *, #1085, .T. ) ;
#192 = DIRECTION ( 'NONE',  ( 0.000000000000000000, 1.000000000000000000, 0.000000000000000000 ) ) ;
#193 = AXIS2_PLACEMENT_3D ( 'NONE', #3010, #6395, #5585 ) ;
#194 = LINE ( 'NONE', #9346, #10883 ) ;
#195 = CARTESIAN_POINT ( 'NONE',  ( 255.8000000000000398, 0.000000000000000000, 149.0000000000000000 ) ) ;
#196 = ORIENTED_EDGE ( 'NONE', *, *, #4448, .F. ) ;
#197 = EDGE_CURVE ( 'NONE', #5696, #10000, #5244, .T. ) ;
#198 = EDGE_CURVE ( 'NONE', #6518, #10231, #7747, .T. ) ;
#199 = EDGE_LOOP ( 'NONE', ( #3023, #8804, #6735, #4522 ) ) ;
#200 = DIRECTION ( 'NONE',  ( 0.000000000000000000, 0.000000000000000000, 1.000000000000000000 ) ) ;
#201 = ORIENTED_EDGE ( 'NONE', *, *, #6130, .F. ) ;
#202 = FACE_BOUND ( 'NONE', #9501, .T. ) ;
#203 = DATE_AND_TIME ( #1694, #1316 ) ;
#204 = ORIENTED_EDGE ( 'NONE', *, *, #4217, .T. ) ;
#205 = CARTESIAN_POINT ( 'NONE',  ( 24.30000000000000071, 45.00000000000000000, 5.000000000000000000 ) ) ;
#206 = EDGE_LOOP ( 'NONE', ( #10873, #3178 ) ) ;
#207 = FACE_OUTER_BOUND ( 'NONE', #8269, .T. ) ;
#208 = DIRECTION ( 'NONE',  ( 1.000000000000000000, 0.000000000000000000, 0.000000000000000000 ) ) ;
#209 = LINE ( 'NONE', #985, #85 ) ;
#210 = CARTESIAN_POINT ( 'NONE',  ( 0.000000000000000000, 0.000000000000000000, -1.200000000000000030E-05 ) ) ;
#211 = APPROVAL_ROLE ( '' ) ;
#212 = CARTESIAN_POINT ( 'NONE',  ( 27.69999999999999929, -45.00000000000000000, 0.000000000000000000 ) ) ;
#213 = ORIENTED_EDGE ( 'NONE', *, *, #6626, .F. ) ;
#214 = DIRECTION ( 'NONE',  ( 0.000000000000000000, -1.000000000000000000, 0.000000000000000000 ) ) ;
#215 = EDGE_LOOP ( 'NONE', ( #2337, #3036 ) ) ;
#216 = PERSON_AND_ORGANIZATION_ROLE ( 'classification_officer' ) ;
#217 = DIRECTION ( 'NONE',  ( -0.000000000000000000, -0.000000000000000000, 1.000000000000000000 ) ) ;
#218 = CARTESIAN_POINT ( 'NONE',  ( -18.30000000000000426, -5.774748043452314405, 0.000000000000000000 ) ) ;
#219 = PLANE ( 'NONE',  #8615 ) ;
#220 = DIRECTION ( 'NONE',  ( 1.000000000000000000, 0.000000000000000000, 0.000000000000000000 ) ) ;
#221 = PRODUCT_RELATED_PRODUCT_CATEGORY ( 'detail', '', ( #7882 ) ) ;
#222 = APPLICATION_PROTOCOL_DEFINITION ( 'international standard', 'config_control_design', 1994, #5630 ) ;
#223 = APPROVAL_ROLE ( '' ) ;
#224 = DIRECTION ( 'NONE',  ( -1.000000000000000000, 0.000000000000000000, 0.000000000000000000 ) ) ;
#225 = LINE ( 'NONE', #4317, #5278 ) ;
#226 = COORDINATED_UNIVERSAL_TIME_OFFSET ( 5, 0, .BEHIND. ) ;
#227 = VERTEX_POINT ( 'NONE', #8428 ) ;
#228 = CARTESIAN_POINT ( 'NONE',  ( -10.04297226076378813, -0.000000000000000000, 4.361289099003047731 ) ) ;
#229 = ADVANCED_FACE ( 'NONE', ( #182 ), #1069, .F. ) ;
#230 = CARTESIAN_POINT ( 'NONE',  ( -15.65679534101080783, 70.44263793985066968, -0.000000000000000000 ) ) ;
#231 = DIRECTION ( 'NONE',  ( 0.000000000000000000, 0.000000000000000000, -1.000000000000000000 ) ) ;
#232 = CARTESIAN_POINT ( 'NONE',  ( -27.69999999999999929, 45.00000000000000000, -1.200000000000000030E-05 ) ) ;
#233 = FACE_OUTER_BOUND ( 'NONE', #76, .T. ) ;
#234 = ORIENTED_EDGE ( 'NONE', *, *, #8652, .F. ) ;
#235 = CARTESIAN_POINT ( 'NONE',  ( 10.72380529476361133, 9.000000000000000000, 6.800000000000000711 ) ) ;
#236 = EDGE_CURVE ( 'NONE', #4054, #8678, #10214, .T. ) ;
#237 = ORIENTED_EDGE ( 'NONE', *, *, #7098, .F. ) ;
#238 = LINE ( 'NONE', #3581, #5793 ) ;
#239 = PLANE ( 'NONE',  #3655 ) ;
#240 = ORIENTED_EDGE ( 'NONE', *, *, #6033, .F. ) ;
#241 = LINE ( 'NONE', #6787, #2820 ) ;
#242 = CARTESIAN_POINT ( 'NONE',  ( -7.343204658989564315, -0.000000000000000000, 21.44263793984915623 ) ) ;
#243 = PRODUCT ( 'V2_02_bearing_tower', 'V2_02_bearing_tower', '', ( #9715 ) ) ;
#244 = AXIS2_PLACEMENT_3D ( 'NONE', #6904, #10293, #6079 ) ;
#245 = DIRECTION ( 'NONE',  ( 1.000000000000000000, 0.000000000000000000, 0.000000000000000000 ) ) ;
#246 = VERTEX_POINT ( 'NONE', #3409 ) ;
#247 = VERTEX_POINT ( 'NONE', #9269 ) ;
#248 = FACE_OUTER_BOUND ( 'NONE', #1271, .T. ) ;
#249 = CONTEXT_DEPENDENT_SHAPE_REPRESENTATION ( #5, #2193 ) ;
#250 = EDGE_CURVE ( 'NONE', #3164, #5113, #2553, .T. ) ;
#251 = ORIENTED_EDGE ( 'NONE', *, *, #4794, .T. ) ;
#252 = DIRECTION ( 'NONE',  ( -0.000000000000000000, -0.000000000000000000, -1.000000000000000000 ) ) ;
#253 = ADVANCED_FACE ( 'NONE', ( #4380 ), #5299, .F. ) ;
#254 = VECTOR ( 'NONE', #3208, 1000.000000000000000 ) ;
#255 = CARTESIAN_POINT ( 'NONE',  ( 0.000000000000000000, 0.000000000000000000, 83.00000000000000000 ) ) ;
#256 = SECURITY_CLASSIFICATION ( '', '', #9728 ) ;
#257 = ORIENTED_EDGE ( 'NONE', *, *, #7753, .T. ) ;
#258 = CARTESIAN_POINT ( 'NONE',  ( -0.5999999999999999778, 0.000000000000000000, 4.000000000000000000 ) ) ;
#259 = DIRECTION ( 'NONE',  ( 0.000000000000000000, -0.000000000000000000, -1.000000000000000000 ) ) ;
#260 = CIRCLE ( 'NONE', #3787, 8.000000000000000000 ) ;
#261 = APPROVAL_DATE_TIME ( #7844, #6529 ) ;
#262 = DIRECTION ( 'NONE',  ( -0.000000000000000000, 1.000000000000000000, -0.000000000000000000 ) ) ;
#263 = LOCAL_TIME ( 6, 20, 19.00000000000000000, #3472 ) ;
#264 = ORIENTED_EDGE ( 'NONE', *, *, #2649, .F. ) ;
#265 = CYLINDRICAL_SURFACE ( 'NONE', #8443, 1.700000000000000178 ) ;
#266 = SECURITY_CLASSIFICATION_LEVEL ( 'unclassified' ) ;
#267 = DIRECTION ( 'NONE',  ( 0.000000000000000000, 1.000000000000000000, -0.000000000000000000 ) ) ;
#268 = EDGE_CURVE ( 'NONE', #4584, #9918, #8545, .T. ) ;
#269 = CARTESIAN_POINT ( 'NONE',  ( -15.59999999999999964, 62.50000000000000000, 6.000000000000000000 ) ) ;
#270 = EDGE_LOOP ( 'NONE', ( #1298, #7734, #3911, #3432 ) ) ;
#271 = PLANE ( 'NONE',  #3301 ) ;
#272 = CARTESIAN_POINT ( 'NONE',  ( -8.774748043452314405, 0.000000000000000000, 4.699999999999999289 ) ) ;
#273 = APPROVAL_PERSON_ORGANIZATION ( #7185, #1380, #8802 ) ;
#274 = CARTESIAN_POINT ( 'NONE',  ( -18.34313493157694097, -6.442469749914236488, -0.000000000000000000 ) ) ;
#275 = PERSON_AND_ORGANIZATION_ROLE ( 'creator' ) ;
#276 = CARTESIAN_POINT ( 'NONE',  ( -0.5999999999999999778, 0.000000000000000000, 0.000000000000000000 ) ) ;
#277 = CARTESIAN_POINT ( 'NONE',  ( 10.55017837208570874, 9.206882368080758994, 6.800000000000003375 ) ) ;
#278 = APPLICATION_PROTOCOL_DEFINITION ( 'international standard', 'config_control_design', 1994, #9580 ) ;
#279 = APPROVAL_PERSON_ORGANIZATION ( #3595, #5464, #8875 ) ;
#280 = ORIENTED_EDGE ( 'NONE', *, *, #2489, .T. ) ;
#281 = CARTESIAN_POINT ( 'NONE',  ( 11.25500529808220485, 8.327020506907691910, 8.435553284710737287 ) ) ;
#282 = CC_DESIGN_DATE_AND_TIME_ASSIGNMENT ( #9930, #6656, ( #9610 ) ) ;
#283 = CARTESIAN_POINT ( 'NONE',  ( 2.552147338437895652, 0.5775901837055785748, -0.000000000000000000 ) ) ;
#284 = PRODUCT_DEFINITION_SHAPE ( 'NONE', 'NONE',  #4552 ) ;
#285 = CARTESIAN_POINT ( 'NONE',  ( 18.29993048876420758, -34.22508399488664566, 0.000000000000000000 ) ) ;
#286 = CARTESIAN_POINT ( 'NONE',  ( -15.69999999999999929, 70.00000000000000000, -6.000000000000000152E-06 ) ) ;
#287 = APPROVAL_ROLE ( '' ) ;
#288 = CIRCLE ( 'NONE', #8365, 1.700000000000000178 ) ;
#289 = VERTEX_POINT ( 'NONE', #6056 ) ;
#290 = CARTESIAN_POINT ( 'NONE',  ( -21.00000000000000000, 8.000000000000000000, 24.00000000000000000 ) ) ;
#291 = CC_DESIGN_PERSON_AND_ORGANIZATION_ASSIGNMENT ( #9188, #8289, ( #6570 ) ) ;
#292 = VERTEX_POINT ( 'NONE', #7762 ) ;
#293 = VECTOR ( 'NONE', #7955, 1000.000000000000000 ) ;
#294 = DIRECTION ( 'NONE',  ( 1.000000000000000000, -0.000000000000000000, 0.000000000000000000 ) ) ;
#295 = CARTESIAN_POINT ( 'NONE',  ( -21.00000000000000000, 0.000000000000000000, 24.00000000000000000 ) ) ;
#296 = LINE ( 'NONE', #2683, #7181 ) ;
#297 = AXIS2_PLACEMENT_3D ( 'NONE', #7400, #10631, #4841 ) ;
#298 =( GEOMETRIC_REPRESENTATION_CONTEXT ( 3 ) GLOBAL_UNCERTAINTY_ASSIGNED_CONTEXT ( ( #4082 ) ) GLOBAL_UNIT_ASSIGNED_CONTEXT ( ( #9350, #2515, #7610 ) ) REPRESENTATION_CONTEXT ( 'NONE', 'WORKASPACE' ) );
#299 = ADVANCED_FACE ( 'NONE', ( #3493 ), #8607, .F. ) ;
#300 = CARTESIAN_POINT ( 'NONE',  ( 35.00000000000000000, 110.0000000000000000, 45.00000000000000000 ) ) ;
#301 = ORIENTED_EDGE ( 'NONE', *, *, #3358, .T. ) ;
#302 = CYLINDRICAL_SURFACE ( 'NONE', #5800, 8.000000000000000000 ) ;
#303 = PERSON_AND_ORGANIZATION_ROLE ( 'classification_officer' ) ;
#304 = AXIS2_PLACEMENT_3D ( 'NONE', #10277, #9502, #3612 ) ;
#305 = ORIENTED_EDGE ( 'NONE', *, *, #2830, .F. ) ;
#306 = LINE ( 'NONE', #361, #3829 ) ;
#307 = LOCAL_TIME ( 6, 20, 19.00000000000000000, #3428 ) ;
#308 = CARTESIAN_POINT ( 'NONE',  ( -6.000000000000000000, -1.300000000000000044, 0.000000000000000000 ) ) ;
#309 = EDGE_LOOP ( 'NONE', ( #3139, #6078, #2972, #6406 ) ) ;
#310 = LINE ( 'NONE', #6184, #10483 ) ;
#311 = CARTESIAN_POINT ( 'NONE',  ( -20.85848573019468688, -35.48439506952831124, 0.000000000000000000 ) ) ;
#312 = AXIS2_PLACEMENT_3D ( 'NONE', #8654, #381, #1333 ) ;
#313 = EDGE_CURVE ( 'NONE', #9123, #4494, #5191, .T. ) ;
#314 = ADVANCED_FACE ( 'NONE', ( #1952 ), #13, .F. ) ;
#315 = PERSON_AND_ORGANIZATION_ROLE ( 'creator' ) ;
#316 = DESIGN_CONTEXT ( 'detailed design', #2124, 'design' ) ;
#317 = DIRECTION ( 'NONE',  ( -0.000000000000000000, -0.000000000000000000, 1.000000000000000000 ) ) ;
#318 = ORIENTED_EDGE ( 'NONE', *, *, #1719, .T. ) ;
#319 = DIRECTION ( 'NONE',  ( 1.000000000000000000, -0.000000000000000000, -0.000000000000000000 ) ) ;
#320 = ORIENTED_EDGE ( 'NONE', *, *, #250, .F. ) ;
#321 = DATE_TIME_ROLE ( 'classification_date' ) ;
#322 = LINE ( 'NONE', #4580, #1893 ) ;
#323 = CARTESIAN_POINT ( 'NONE',  ( 31.60000000000000142, 62.50000000000000000, 6.000000000000000000 ) ) ;
#324 = AXIS2_PLACEMENT_3D ( 'NONE', #10513, #2138, #10454 ) ;
#325 = CARTESIAN_POINT ( 'NONE',  ( 0.000000000000000000, 0.000000000000000000, 3.000000000000000000 ) ) ;
#326 = CARTESIAN_POINT ( 'NONE',  ( 0.000000000000000000, 0.000000000000000000, 12.00000000000000000 ) ) ;
#327 = ORIENTED_EDGE ( 'NONE', *, *, #10024, .T. ) ;
#328 = EDGE_LOOP ( 'NONE', ( #3580, #5514, #10305, #8823 ) ) ;
#329 = EDGE_CURVE ( 'NONE', #1200, #543, #5953, .T. ) ;
#330 = CARTESIAN_POINT ( 'NONE',  ( 0.000000000000000000, 0.000000000000000000, 58.00000000000000000 ) ) ;
#331 = EDGE_CURVE ( 'NONE', #10680, #8727, #7651, .T. ) ;
#332 = VECTOR ( 'NONE', #10864, 1000.000000000000000 ) ;
#333 = VECTOR ( 'NONE', #6272, 1000.000000000000000 ) ;
#334 = PERSON_AND_ORGANIZATION_ROLE ( 'creator' ) ;
#335 = CARTESIAN_POINT ( 'NONE',  ( 30.77438419509338985, -0.000000000000000000, 22.70000000000000639 ) ) ;
#336 = CARTESIAN_POINT ( 'NONE',  ( 2.600000000000000533, 0.2934883227063208588, -0.000000000000000000 ) ) ;
#337 = PERSON_AND_ORGANIZATION_ROLE ( 'classification_officer' ) ;
#338 = EDGE_LOOP ( 'NONE', ( #8905, #759, #2212, #1435 ) ) ;
#339 = CYLINDRICAL_SURFACE ( 'NONE', #8058, 1.700000000000000178 ) ;
#340 = CARTESIAN_POINT ( 'NONE',  ( -2.500000000000000000, 0.000000000000000000, 5.000000000000000000 ) ) ;
#341 = CARTESIAN_POINT ( 'NONE',  ( 20.00000000000000000, -1.200000000000000030E-05, 13.70000000000000107 ) ) ;
#342 = AXIS2_PLACEMENT_3D ( 'NONE', #4354, #8580, #8687 ) ;
#343 = CARTESIAN_POINT ( 'NONE',  ( -9.291956110314004036, 10.47215736457431845, 9.358673877451961332 ) ) ;
#344 = APPROVAL ( #7731, 'UNKNOWN' ) ;
#345 = CARTESIAN_POINT ( 'NONE',  ( -20.00000000000000000, -34.00000000000000000, -1.200000000000000030E-05 ) ) ;
#346 = DATE_AND_TIME ( #9773, #110 ) ;
#347 = AXIS2_PLACEMENT_3D ( 'NONE', #6173, #9669, #2233 ) ;
#348 = VERTEX_POINT ( 'NONE', #1727 ) ;
#349 = CARTESIAN_POINT ( 'NONE',  ( -20.00000000000000000, -1.200000000000000030E-05, 12.00000000000000000 ) ) ;
#350 = CARTESIAN_POINT ( 'NONE',  ( -1.000000000000000000, 27.50000000000000000, 0.000000000000000000 ) ) ;
#351 = DIRECTION ( 'NONE',  ( 0.000000000000000000, 0.000000000000000000, -1.000000000000000000 ) ) ;
#352 = AXIS2_PLACEMENT_3D ( 'NONE', #8144, #1621, #8998 ) ;
#353 = VERTEX_POINT ( 'NONE', #900 ) ;
#354 = PRODUCT_DEFINITION ( 'ๆ', '', #2391, #9367 ) ;
#355 = DIRECTION ( 'NONE',  ( 0.000000000000000000, 0.000000000000000000, 1.000000000000000000 ) ) ;
#356 = EDGE_LOOP ( 'NONE', ( #4837, #3286 ) ) ;
#357 = CARTESIAN_POINT ( 'NONE',  ( -11.33007903152183538, 8.227199449369724249, 6.972143258695725265 ) ) ;
#358 = VECTOR ( 'NONE', #3781, 1000.000000000000000 ) ;
#359 = PERSON ( 'NAUO-PER4', 'UNSPECIFIED', 'UNSPECIFIED', ('UNSPECIFIED'), ('UNSPECIFIED'), ('UNSPECIFIED') ) ;
#360 = ORIENTED_EDGE ( 'NONE', *, *, #8954, .T. ) ;
#361 = CARTESIAN_POINT ( 'NONE',  ( 3.000000000000000000, 19.50000000000000000, 83.00000000000000000 ) ) ;
#362 = FACE_OUTER_BOUND ( 'NONE', #1692, .T. ) ;
#363 = EDGE_CURVE ( 'NONE', #289, #3385, #7594, .T. ) ;
#364 = FACE_OUTER_BOUND ( 'NONE', #5628, .T. ) ;
#365 = ORIENTED_EDGE ( 'NONE', *, *, #4913, .T. ) ;
#366 = CARTESIAN_POINT ( 'NONE',  ( -7.299999999999998934, 49.00000000000000000, -6.000000000000000152E-06 ) ) ;
#367 = CIRCLE ( 'NONE', #9528, 14.00000000000000000 ) ;
#368 = APPROVAL_ROLE ( '' ) ;
#369 = CARTESIAN_POINT ( 'NONE',  ( 32.70000000000000284, 31.00000000000000000, -6.000000000000000152E-06 ) ) ;
#370 = ORIENTED_EDGE ( 'NONE', *, *, #4834, .F. ) ;
#371 = CARTESIAN_POINT ( 'NONE',  ( 32.65679534101004577, -0.000000000000000000, 21.44263793984737632 ) ) ;
#372 = ITEM_DEFINED_TRANSFORMATION ( 'NONE', 'NONE', #8927,  #2087 ) ;
#373 = LINE ( 'NONE', #9692, #6089 ) ;
#374 = CARTESIAN_POINT ( 'NONE',  ( 20.00000000000000000, -6.000000000000000152E-06, 10.30000000000000071 ) ) ;
#376 = ADVANCED_FACE ( 'NONE', ( #5139 ), #62, .F. ) ;
#375 = DIRECTION ( 'NONE',  ( 0.000000000000000000, 0.000000000000000000, -1.000000000000000000 ) ) ;
#377 = LINE ( 'NONE', #7032, #9939 ) ;
#378 = ORIENTED_EDGE ( 'NONE', *, *, #2001, .T. ) ;
#379 = EDGE_CURVE ( 'NONE', #7402, #428, #8486, .T. ) ;
#380 = VECTOR ( 'NONE', #9979, 1000.000000000000000 ) ;
#381 = DIRECTION ( 'NONE',  ( 0.000000000000000000, -1.000000000000000000, 0.000000000000000000 ) ) ;
#382 = DATE_AND_TIME ( #10594, #4329 ) ;
#383 = CARTESIAN_POINT ( 'NONE',  ( 2.600000000000000089, 0.000000000000000000, 16.00000000000000000 ) ) ;
#384 = FACE_OUTER_BOUND ( 'NONE', #10803, .T. ) ;
#385 = COORDINATED_UNIVERSAL_TIME_OFFSET ( 5, 0, .BEHIND. ) ;
#386 = ORIENTED_EDGE ( 'NONE', *, *, #39, .T. ) ;
#387 = CARTESIAN_POINT ( 'NONE',  ( 125.4843253421153122, -0.8586539201233609475, 0.000000000000000000 ) ) ;
#388 = ORIENTED_EDGE ( 'NONE', *, *, #6492, .F. ) ;
#390 = ADVANCED_FACE ( 'NONE', ( #6269 ), #4542, .F. ) ;
#389 = LINE ( 'NONE', #6376, #1785 ) ;
#391 = DIRECTION ( 'NONE',  ( 0.000000000000000000, 1.000000000000000000, 0.000000000000000000 ) ) ;
#392 = ADVANCED_FACE ( 'NONE', ( #6211, #1289 ), #2992, .F. ) ;
#393 = CARTESIAN_POINT ( 'NONE',  ( -10.72380529476361133, 9.000000000000000000, 6.800000000000000711 ) ) ;
#394 = CARTESIAN_POINT ( 'NONE',  ( -21.48439506952756872, -33.14151426980636472, 0.000000000000000000 ) ) ;
#395 = APPROVAL_ROLE ( '' ) ;
#396 = EDGE_LOOP ( 'NONE', ( #1107, #2079 ) ) ;
#397 = DIRECTION ( 'NONE',  ( 1.000000000000000000, 0.000000000000000000, 0.000000000000000000 ) ) ;
#398 = VERTEX_POINT ( 'NONE', #3048 ) ;
#399 = EDGE_CURVE ( 'NONE', #10389, #3091, #389, .T. ) ;
#400 = DIRECTION ( 'NONE',  ( -1.000000000000000000, -0.000000000000000000, -0.000000000000000000 ) ) ;
#401 = DIRECTION ( 'NONE',  ( 1.000000000000000000, 0.000000000000000000, 0.000000000000000000 ) ) ;
#402 = DIRECTION ( 'NONE',  ( 1.000000000000000000, 0.000000000000000000, 0.000000000000000000 ) ) ;
#403 = SHAPE_REPRESENTATION ( 'FlipArm_V2_raised', ( #5925, #2244, #8022, #3297, #4711, #10868, #3653, #1369, #8927, #4177, #10341, #5574, #828, #8373, #10707, #9102, #5408, #1016, #10523, #1205, #1560, #3490, #10175, #9285, #8203, #7329 ), #9644 ) ;
#404 = ORGANIZATION ( 'NAUO-ORG4', 'UNSPECIFIED', 'UNSPECIFIED' ) ;
#405 = EDGE_LOOP ( 'NONE', ( #10747, #7492, #2986, #4952 ) ) ;
#406 = CARTESIAN_POINT ( 'NONE',  ( -11.77713143436211318, 7.570080073119065389, 7.573250404111560030 ) ) ;
#407 = PERSON_AND_ORGANIZATION ( #9048, #972 ) ;
#408 = VERTEX_POINT ( 'NONE', #9654 ) ;
#409 = CARTESIAN_POINT ( 'NONE',  ( 32.04297226075981087, 50.36128909900666173, -0.000000000000000000 ) ) ;
#410 = CARTESIAN_POINT ( 'NONE',  ( 43.00000000000000000, 0.000000000000000000, 0.000000000000000000 ) ) ;
#411 = CC_DESIGN_DATE_AND_TIME_ASSIGNMENT ( #5669, #8196, ( #7656 ) ) ;
#412 = ORIENTED_EDGE ( 'NONE', *, *, #7652, .F. ) ;
#413 = EDGE_LOOP ( 'NONE', ( #8107, #4569, #9186, #4889 ) ) ;
#414 = DIRECTION ( 'NONE',  ( -0.000000000000000000, 1.000000000000000000, -0.000000000000000000 ) ) ;
#415 = AXIS2_PLACEMENT_3D ( 'NONE', #4893, #35, #7401 ) ;
#416 = ORIENTED_EDGE ( 'NONE', *, *, #2204, .F. ) ;
#417 = CARTESIAN_POINT ( 'NONE',  ( 134.6388092047245095, -1.042873957029619714, 0.000000000000000000 ) ) ;
#418 = CC_DESIGN_APPROVAL ( #5196, ( #7433 ) ) ;
#419 = APPLICATION_CONTEXT ( 'configuration controlled 3d designs of mechanical parts and assemblies' ) ;
#420 = VERTEX_POINT ( 'NONE', #449 ) ;
#421 =( NAMED_UNIT ( * ) SI_UNIT ( $, .STERADIAN. ) SOLID_ANGLE_UNIT ( ) );
#422 = PERSON_AND_ORGANIZATION_ROLE ( 'classification_officer' ) ;
#423 = DIRECTION ( 'NONE',  ( -1.000000000000000000, -0.000000000000000000, -0.000000000000000000 ) ) ;
#424 = EDGE_CURVE ( 'NONE', #5488, #3443, #1999, .T. ) ;
#425 = VECTOR ( 'NONE', #1181, 1000.000000000000000 ) ;
#426 = ORIENTED_EDGE ( 'NONE', *, *, #2872, .F. ) ;
#427 = CARTESIAN_POINT ( 'NONE',  ( 32.04287395702812091, 0.000000000000000000, 22.36119079527466269 ) ) ;
#428 = VERTEX_POINT ( 'NONE', #7869 ) ;
#429 = DATE_AND_TIME ( #6193, #763 ) ;
#430 = LOCAL_TIME ( 6, 20, 19.00000000000000000, #10724 ) ;
#431 = CARTESIAN_POINT ( 'NONE',  ( -10.50000000000000000, 59.50000000000000000, -1.200000000000000030E-05 ) ) ;
#432 = DIRECTION ( 'NONE',  ( 1.000000000000000000, 0.000000000000000000, 0.000000000000000000 ) ) ;
#433 = VERTEX_POINT ( 'NONE', #9709 ) ;
#434 = EDGE_CURVE ( 'NONE', #3616, #6247, #4645, .T. ) ;
#435 = CARTESIAN_POINT ( 'NONE',  ( 0.000000000000000000, 0.000000000000000000, 0.000000000000000000 ) ) ;
#436 = CARTESIAN_POINT ( 'NONE',  ( 21.36128909900331507, -7.042972260763523451, -0.000000000000000000 ) ) ;
#437 = AXIS2_PLACEMENT_3D ( 'NONE', #6650, #3313, #3422 ) ;
#438 = CC_DESIGN_APPROVAL ( #8416, ( #8910 ) ) ;
#439 = LOCAL_TIME ( 6, 20, 19.00000000000000000, #7521 ) ;
#440 = CARTESIAN_POINT ( 'NONE',  ( -20.44263793984841016, -7.656795341010619538, -0.000000000000000000 ) ) ;
#441 = APPROVAL_ROLE ( '' ) ;
#442 = CARTESIAN_POINT ( 'NONE',  ( -10.00000000000000000, 10.00000000000000000, 39.50000000000000000 ) ) ;
#443 = ADVANCED_FACE ( 'NONE', ( #2218 ), #2163, .F. ) ;
#444 = EDGE_LOOP ( 'NONE', ( #2144, #7019, #7745, #7725 ) ) ;
#445 = CARTESIAN_POINT ( 'NONE',  ( 35.60000000000000142, 0.000000000000000000, 6.000000000000000000 ) ) ;
#446 = COORDINATED_UNIVERSAL_TIME_OFFSET ( 5, 0, .BEHIND. ) ;
#447 = ORIENTED_EDGE ( 'NONE', *, *, #5245, .T. ) ;
#448 = CARTESIAN_POINT ( 'NONE',  ( -9.000000000000000000, 59.50000000000000000, 1.300000000000000044 ) ) ;
#449 = CARTESIAN_POINT ( 'NONE',  ( -35.00000000000000000, -70.00000000000000000, 5.000000000000000000 ) ) ;
#450 = LOCAL_TIME ( 6, 20, 19.00000000000000000, #5104 ) ;
#451 = CARTESIAN_POINT ( 'NONE',  ( 3.000000000000000000, 3.000000000000000000, 83.00000000000000000 ) ) ;
#452 = CARTESIAN_POINT ( 'NONE',  ( -9.511878329221133299, 10.27300072430434952, 7.367760934432131315 ) ) ;
#453 = EDGE_CURVE ( 'NONE', #6187, #4605, #2113, .T. ) ;
#454 = CC_DESIGN_APPROVAL ( #7212, ( #2315 ) ) ;
#455 = EDGE_CURVE ( 'NONE', #1968, #3091, #5505, .T. ) ;
#456 = CARTESIAN_POINT ( 'NONE',  ( -21.65679534101080606, -33.55736206015234302, -0.000000000000000000 ) ) ;
#457 = DATE_AND_TIME ( #5512, #7124 ) ;
#458 = VERTEX_POINT ( 'NONE', #1117 ) ;
#459 = LINE ( 'NONE', #764, #5219 ) ;
#460 = ORIENTED_EDGE ( 'NONE', *, *, #9403, .F. ) ;
#461 = FACE_OUTER_BOUND ( 'NONE', #4609, .T. ) ;
#462 = SECURITY_CLASSIFICATION ( '', '', #4604 ) ;
#463 = VECTOR ( 'NONE', #7800, 1000.000000000000000 ) ;
#464 = CYLINDRICAL_SURFACE ( 'NONE', #7016, 1.700000000000000178 ) ;
#465 = AXIS2_PLACEMENT_3D ( 'NONE', #10200, #9317, #884 ) ;
#466 = APPLICATION_PROTOCOL_DEFINITION ( 'international standard', 'config_control_design', 1994, #10772 ) ;
#467 = EDGE_CURVE ( 'NONE', #1695, #5564, #3709, .T. ) ;
#468 = EDGE_LOOP ( 'NONE', ( #3852, #4175 ) ) ;
#469 = DIRECTION ( 'NONE',  ( -1.000000000000000000, 0.000000000000000000, 0.000000000000000000 ) ) ;
#470 = APPROVAL_DATE_TIME ( #7780, #8631 ) ;
#471 = ORIENTED_EDGE ( 'NONE', *, *, #550, .F. ) ;
#472 = CARTESIAN_POINT ( 'NONE',  ( 30.77491600511332948, 0.000000000000000000, 1.299930488764205805 ) ) ;
#473 = FACE_OUTER_BOUND ( 'NONE', #5400, .T. ) ;
#474 = CIRCLE ( 'NONE', #3293, 5.799999999999999822 ) ;
#475 = ORIENTED_EDGE ( 'NONE', *, *, #4779, .T. ) ;
#476 = CARTESIAN_POINT ( 'NONE',  ( -0.6000001182283757339, 2.529936706146719949, -8.999999999999988370E-06 ) ) ;
#477 = ORIENTED_EDGE ( 'NONE', *, *, #8217, .F. ) ;
#478 = PLANE ( 'NONE',  #6479 ) ;
#479 = ORIENTED_EDGE ( 'NONE', *, *, #250, .T. ) ;
#480 = VERTEX_POINT ( 'NONE', #8662 ) ;
#481 = PERSON_AND_ORGANIZATION ( #10500, #8573 ) ;
#482 = CC_DESIGN_PERSON_AND_ORGANIZATION_ASSIGNMENT ( #3140, #6469, ( #7964 ) ) ;
#483 = CARTESIAN_POINT ( 'NONE',  ( 20.85848573019395147, -32.51560493047170297, 0.000000000000000000 ) ) ;
#484 = VECTOR ( 'NONE', #5080, 1000.000000000000000 ) ;
#485 = EDGE_LOOP ( 'NONE', ( #2739, #5269, #5961, #8732 ) ) ;
#486 = CARTESIAN_POINT ( 'NONE',  ( 6.000000000000000000, 0.000000000000000000, 20.00000000000000000 ) ) ;
#487 = EDGE_LOOP ( 'NONE', ( #674, #1906, #2965, #9751 ) ) ;
#488 = CONTEXT_DEPENDENT_SHAPE_REPRESENTATION ( #9796, #3078 ) ;
#489 = DIRECTION ( 'NONE',  ( -0.000000000000000000, -0.000000000000000000, 1.000000000000000000 ) ) ;
#490 = LINE ( 'NONE', #8809, #3070 ) ;
#491 = ORIENTED_EDGE ( 'NONE', *, *, #4813, .F. ) ;
#492 = FACE_OUTER_BOUND ( 'NONE', #6636, .T. ) ;
#493 = FACE_OUTER_BOUND ( 'NONE', #3723, .T. ) ;
#494 = CARTESIAN_POINT ( 'NONE',  ( -21.70006951123579242, -6.225083994886105643, 0.000000000000000000 ) ) ;
#495 = APPROVAL_DATE_TIME ( #9701, #10266 ) ;
#496 = CC_DESIGN_PERSON_AND_ORGANIZATION_ASSIGNMENT ( #3096, #6423, ( #9951 ) ) ;
#497 = LINE ( 'NONE', #7358, #1731 ) ;
#498 = ORIENTED_EDGE ( 'NONE', *, *, #10111, .T. ) ;
#499 = VECTOR ( 'NONE', #8309, 1000.000000000000000 ) ;
#500 = CARTESIAN_POINT ( 'NONE',  ( 31.60000000000000142, 62.50000000000000000, -1.200000000000000030E-05 ) ) ;
#501 = SECURITY_CLASSIFICATION_LEVEL ( 'unclassified' ) ;
#502 = ORIENTED_EDGE ( 'NONE', *, *, #7179, .T. ) ;
#503 = CARTESIAN_POINT ( 'NONE',  ( 123.1415142698059100, -1.484395069527666422, 0.000000000000000000 ) ) ;
#504 = PERSON ( 'NAUO-PER15', 'UNSPECIFIED', 'UNSPECIFIED', ('UNSPECIFIED'), ('UNSPECIFIED'), ('UNSPECIFIED') ) ;
#505 = DIRECTION ( 'NONE',  ( 0.000000000000000000, 0.000000000000000000, 1.000000000000000000 ) ) ;
#506 = DIRECTION ( 'NONE',  ( 1.000000000000000000, 0.000000000000000000, 0.000000000000000000 ) ) ;
#507 = EDGE_CURVE ( 'NONE', #584, #8520, #4209, .T. ) ;
#508 = CARTESIAN_POINT ( 'NONE',  ( 0.000000000000000000, 0.000000000000000000, 4.000000000000000000 ) ) ;
#509 = VECTOR ( 'NONE', #4814, 1000.000000000000000 ) ;
#510 = CARTESIAN_POINT ( 'NONE',  ( -18.30000000000000071, -33.77474804345194315, 0.000000000000000000 ) ) ;
#511 = COORDINATED_UNIVERSAL_TIME_OFFSET ( 5, 0, .BEHIND. ) ;
#512 = ORIENTED_EDGE ( 'NONE', *, *, #7240, .T. ) ;
#513 = DIRECTION ( 'NONE',  ( 1.000000000000000000, 0.000000000000000000, 0.000000000000000000 ) ) ;
#514 = CIRCLE ( 'NONE', #5431, 2.500000000000000000 ) ;
#515 = VERTEX_POINT ( 'NONE', #6991 ) ;
#516 = EDGE_CURVE ( 'NONE', #292, #5854, #1528, .T. ) ;
#517 = DIRECTION ( 'NONE',  ( -1.000000000000000000, 0.000000000000000000, -0.000000000000000000 ) ) ;
#518 = EDGE_CURVE ( 'NONE', #8742, #1313, #8768, .T. ) ;
#519 = CARTESIAN_POINT ( 'NONE',  ( -0.5999999999999999778, 2.200000000000000178, -0.09997027095160138099 ) ) ;
#520 = PRODUCT_DEFINITION_SHAPE ( 'NONE', 'NONE',  #10893 ) ;
#521 = EDGE_LOOP ( 'NONE', ( #5765, #9542, #7566, #6343 ) ) ;
#522 = VECTOR ( 'NONE', #5694, 1000.000000000000000 ) ;
#523 = DIRECTION ( 'NONE',  ( -0.6000000000580284487, -0.7999999999564786357, 0.000000000000000000 ) ) ;
#524 = ORIENTED_EDGE ( 'NONE', *, *, #3028, .F. ) ;
#525 = CARTESIAN_POINT ( 'NONE',  ( -18.63880920472979241, 0.000000000000000000, 10.95712604296852177 ) ) ;
#526 = PERSON_AND_ORGANIZATION_ROLE ( 'classification_officer' ) ;
#527 = ORIENTED_EDGE ( 'NONE', *, *, #10153, .T. ) ;
#528 = CARTESIAN_POINT ( 'NONE',  ( 29.30000000000000071, 49.00000000000000000, -6.000000000000000152E-06 ) ) ;
#529 = CARTESIAN_POINT ( 'NONE',  ( 40.00000000000000000, 0.000000000000000000, 40.00000000000000000 ) ) ;
#530 = ORIENTED_EDGE ( 'NONE', *, *, #1349, .F. ) ;
#531 = AXIS2_PLACEMENT_3D ( 'NONE', #9485, #5295, #834 ) ;
#532 = ADVANCED_FACE ( 'NONE', ( #666, #3983, #7313 ), #4756, .T. ) ;
#533 = EDGE_LOOP ( 'NONE', ( #2171, #7437, #6887, #6513 ) ) ;
#534 = CARTESIAN_POINT ( 'NONE',  ( 0.000000000000000000, 0.000000000000000000, 40.00000000000000000 ) ) ;
#535 = EDGE_CURVE ( 'NONE', #1872, #9218, #9823, .T. ) ;
#536 = ORIENTED_EDGE ( 'NONE', *, *, #8506, .F. ) ;
#537 = DIRECTION ( 'NONE',  ( -1.000000000000000000, 0.000000000000000000, -0.000000000000000000 ) ) ;
#538 = ORIENTED_EDGE ( 'NONE', *, *, #3684, .T. ) ;
#539 =( LENGTH_UNIT ( ) NAMED_UNIT ( * ) SI_UNIT ( .MILLI., .METRE. ) );
#540 = VECTOR ( 'NONE', #9474, 1000.000000000000000 ) ;
#541 = MECHANICAL_CONTEXT ( 'NONE', #1914, 'mechanical' ) ;
#542 = CARTESIAN_POINT ( 'NONE',  ( 0.000000000000000000, 70.00000000000000000, 8.000000000000000000 ) ) ;
#543 = VERTEX_POINT ( 'NONE', #9041 ) ;
#544 = CARTESIAN_POINT ( 'NONE',  ( 28.00000000000000000, 0.000000000000000000, 0.000000000000000000 ) ) ;
#545 = COORDINATED_UNIVERSAL_TIME_OFFSET ( 5, 0, .BEHIND. ) ;
#546 = CARTESIAN_POINT ( 'NONE',  ( 10.50000000000000000, -1.300000000000000044, 0.000000000000000000 ) ) ;
#547 = CARTESIAN_POINT ( 'NONE',  ( 20.44263793985065192, -0.000000000000000000, 10.34320465898919217 ) ) ;
#548 = CARTESIAN_POINT ( 'NONE',  ( 30.50000000000000000, -10.00000000000000000, 39.50000000000000000 ) ) ;
#549 = CARTESIAN_POINT ( 'NONE',  ( 18.63880920472957925, -7.042873957030895582, 0.000000000000000000 ) ) ;
#550 = EDGE_CURVE ( 'NONE', #2216, #5455, #8228, .T. ) ;
#551 = PRODUCT_DEFINITION_SHAPE ( 'NONE', 'NONE',  #1784 ) ;
#552 = AXIS2_PLACEMENT_3D ( 'NONE', #9278, #1735, #9339 ) ;
#553 = CARTESIAN_POINT ( 'NONE',  ( -10.72380529476361133, 9.000000000000000000, 6.800000000000000711 ) ) ;
#554 = PERSON_AND_ORGANIZATION_ROLE ( 'design_supplier' ) ;
#555 = CARTESIAN_POINT ( 'NONE',  ( -9.000000000000000000, 49.00000000000000000, -1.200000000000000030E-05 ) ) ;
#556 = AXIS2_PLACEMENT_3D ( 'NONE', #2829, #8032, #2878 ) ;
#557 = CARTESIAN_POINT ( 'NONE',  ( 31.60000000000000142, 72.50000000000000000, -1.200000000000000030E-05 ) ) ;
#558 = DATE_AND_TIME ( #4752, #3988 ) ;
#559 = ORIENTED_EDGE ( 'NONE', *, *, #198, .F. ) ;
#560 = CARTESIAN_POINT ( 'NONE',  ( 0.000000000000000000, 0.000000000000000000, 0.000000000000000000 ) ) ;
#561 = DIRECTION ( 'NONE',  ( 0.000000000000000000, 1.000000000000000000, 0.000000000000000000 ) ) ;
#562 = FACE_OUTER_BOUND ( 'NONE', #1865, .T. ) ;
#563 = CC_DESIGN_PERSON_AND_ORGANIZATION_ASSIGNMENT ( #6681, #9291, ( #10461 ) ) ;
#564 = LINE ( 'NONE', #7317, #4567 ) ;
#565 = PRODUCT_DEFINITION_SHAPE ( 'NONE', 'NONE',  #9056 ) ;
#566 = CARTESIAN_POINT ( 'NONE',  ( 0.000000000000000000, 0.000000000000000000, 0.000000000000000000 ) ) ;
#567 = COORDINATED_UNIVERSAL_TIME_OFFSET ( 5, 0, .BEHIND. ) ;
#568 = EDGE_CURVE ( 'NONE', #10564, #1843, #3312, .T. ) ;
#569 = ORIENTED_EDGE ( 'NONE', *, *, #10488, .T. ) ;
#570 = VERTEX_POINT ( 'NONE', #4803 ) ;
#571 =( REPRESENTATION_RELATIONSHIP ('NONE','NONE', #403, #3512 ) REPRESENTATION_RELATIONSHIP_WITH_TRANSFORMATION ( #7277 )SHAPE_REPRESENTATION_RELATIONSHIP( ) );
#572 = LINE ( 'NONE', #2890, #7826 ) ;
#573 = CC_DESIGN_PERSON_AND_ORGANIZATION_ASSIGNMENT ( #176, #1887, ( #9056 ) ) ;
#574 = CARTESIAN_POINT ( 'NONE',  ( 35.00000000000000000, -70.00000000000000000, 5.000000000000000000 ) ) ;
#575 = DIRECTION ( 'NONE',  ( 1.000000000000000000, 0.000000000000000000, 0.000000000000000000 ) ) ;
#576 = EDGE_CURVE ( 'NONE', #6697, #7767, #7471, .T. ) ;
#577 = ORIENTED_EDGE ( 'NONE', *, *, #6708, .F. ) ;
#578 = CARTESIAN_POINT ( 'NONE',  ( -20.00000000000000000, -6.000000000000000152E-06, 13.70000000000000107 ) ) ;
#579 = ORIENTED_EDGE ( 'NONE', *, *, #4695, .F. ) ;
#580 = APPROVAL_ROLE ( '' ) ;
#581 = ORIENTED_EDGE ( 'NONE', *, *, #10639, .T. ) ;
#582 = CARTESIAN_POINT ( 'NONE',  ( -14.00000000000000000, 9.000000000000000000, 8.500000000000000000 ) ) ;
#583 = CARTESIAN_POINT ( 'NONE',  ( -2.600069548653550999, -0.3444314227433182829, 0.000000000000000000 ) ) ;
#584 = VERTEX_POINT ( 'NONE', #1614 ) ;
#585 = FACE_OUTER_BOUND ( 'NONE', #7524, .T. ) ;
#586 = CARTESIAN_POINT ( 'NONE',  ( -10.88523795150426032, 8.807647513432991460, 8.300000000000004263 ) ) ;
#587 = ORIENTED_EDGE ( 'NONE', *, *, #6832, .T. ) ;
#588 = ORIENTED_EDGE ( 'NONE', *, *, #10271, .T. ) ;
#589 = CARTESIAN_POINT ( 'NONE',  ( -2.600000000000000089, 3.184081677783117698E-16, 16.00000000000000000 ) ) ;
#590 = EDGE_CURVE ( 'NONE', #9641, #6382, #7368, .T. ) ;
#591 = EDGE_CURVE ( 'NONE', #10389, #7822, #1402, .T. ) ;
#592 = ORIENTED_EDGE ( 'NONE', *, *, #10871, .T. ) ;
#593 = DIRECTION ( 'NONE',  ( -0.000000000000000000, -0.000000000000000000, 1.000000000000000000 ) ) ;
#594 = ORIENTED_EDGE ( 'NONE', *, *, #9820, .F. ) ;
#595 = CARTESIAN_POINT ( 'NONE',  ( 22.00000000000000000, 84.00000000000000000, 8.000000000000000000 ) ) ;
#596 = VECTOR ( 'NONE', #9923, 1000.000000000000000 ) ;
#597 = FACE_OUTER_BOUND ( 'NONE', #5388, .T. ) ;
#598 = CYLINDRICAL_SURFACE ( 'NONE', #1573, 2.500000000000000000 ) ;
#599 = CC_DESIGN_SECURITY_CLASSIFICATION ( #5164, ( #8359 ) ) ;
#600 = CARTESIAN_POINT ( 'NONE',  ( 31.00000000000000000, -1.200000000000000030E-05, 3.000000000000000000 ) ) ;
#601 = FACE_BOUND ( 'NONE', #7219, .T. ) ;
#602 = VECTOR ( 'NONE', #6922, 1000.000000000000000 ) ;
#603 = VERTEX_POINT ( 'NONE', #1502 ) ;
#604 = APPROVAL_STATUS ( 'not_yet_approved' ) ;
#605 = CYLINDRICAL_SURFACE ( 'NONE', #10879, 1.700000000000000178 ) ;
#606 = EDGE_CURVE ( 'NONE', #4054, #2748, #6860, .T. ) ;
#607 = ORIENTED_EDGE ( 'NONE', *, *, #7031, .F. ) ;
#608 = EDGE_CURVE ( 'NONE', #10464, #9369, #4857, .T. ) ;
#609 = DIRECTION ( 'NONE',  ( -1.000000000000000000, 0.000000000000000000, 0.000000000000000000 ) ) ;
#610 = COORDINATED_UNIVERSAL_TIME_OFFSET ( 5, 0, .BEHIND. ) ;
#611 = CARTESIAN_POINT ( 'NONE',  ( 122.2999304887634509, -0.2250839948843424976, 0.000000000000000000 ) ) ;
#612 = ORIENTED_EDGE ( 'NONE', *, *, #7430, .T. ) ;
#613 = PRODUCT_DEFINITION_SHAPE ( 'NONE', 'NONE',  #4198 ) ;
#614 = DIRECTION ( 'NONE',  ( -0.000000000000000000, -0.000000000000000000, -1.000000000000000000 ) ) ;
#615 = DIRECTION ( 'NONE',  ( 1.000000000000000000, 0.000000000000000000, 0.000000000000000000 ) ) ;
#616 = AXIS2_PLACEMENT_3D ( 'NONE', #8739, #8055, #3731 ) ;
#617 = SECURITY_CLASSIFICATION ( '', '', #6179 ) ;
#618 = FACE_OUTER_BOUND ( 'NONE', #5796, .T. ) ;
#619 = AXIS2_PLACEMENT_3D ( 'NONE', #2471, #5813, #3242 ) ;
#620 = PLANE ( 'NONE',  #5107 ) ;
#621 = APPROVAL ( #1564, 'ๆช' ) ;
#622 = DATE_AND_TIME ( #8145, #9083 ) ;
#623 = APPROVAL_PERSON_ORGANIZATION ( #8236, #1647, #5611 ) ;
#624 = VERTEX_POINT ( 'NONE', #7259 ) ;
#625 = CARTESIAN_POINT ( 'NONE',  ( -14.00000000000000000, 0.000000000000000000, 4.000000000000000000 ) ) ;
#626 = CARTESIAN_POINT ( 'NONE',  ( -21.69993048876420971, 0.000000000000000000, 11.77491600511370606 ) ) ;
#627 = FACE_OUTER_BOUND ( 'NONE', #4252, .T. ) ;
#628 = LOCAL_TIME ( 6, 20, 19.00000000000000000, #6047 ) ;
#629 = APPROVAL ( #10520, 'ๆช' ) ;
#630 = VERTEX_POINT ( 'NONE', #6649 ) ;
#631 = CARTESIAN_POINT ( 'NONE',  ( 186.0000000000000000, 0.000000000000000000, 3.000000000000000000 ) ) ;
#632 = COORDINATED_UNIVERSAL_TIME_OFFSET ( 5, 0, .BEHIND. ) ;
#633 = LOCAL_TIME ( 6, 20, 19.00000000000000000, #3936 ) ;
#634 = ORIENTED_EDGE ( 'NONE', *, *, #3171, .F. ) ;
#635 = CARTESIAN_POINT ( 'NONE',  ( 31.60000000000000142, 77.50000000000000000, 6.000000000000000000 ) ) ;
#636 = DIRECTION ( 'NONE',  ( 1.000000000000000000, 0.000000000000000000, 0.000000000000000000 ) ) ;
#637 = ORIENTED_EDGE ( 'NONE', *, *, #10567, .F. ) ;
#638 = VECTOR ( 'NONE', #7106, 1000.000000000000000 ) ;
#639 = ORIENTED_EDGE ( 'NONE', *, *, #5109, .F. ) ;
#640 = CARTESIAN_POINT ( 'NONE',  ( -2.600000000000000089, 3.184081677783117698E-16, -6.000000000000000152E-06 ) ) ;
#641 = CARTESIAN_POINT ( 'NONE',  ( 0.000000000000000000, 0.000000000000000000, 0.000000000000000000 ) ) ;
#642 = EDGE_CURVE ( 'NONE', #227, #2301, #8298, .T. ) ;
#643 = VECTOR ( 'NONE', #6280, 1000.000000000000000 ) ;
#644 = ORIENTED_EDGE ( 'NONE', *, *, #7383, .T. ) ;
#645 = FACE_OUTER_BOUND ( 'NONE', #8318, .T. ) ;
#646 = B_SPLINE_CURVE_WITH_KNOTS ( 'NONE', 3,
 ( #6962, #472, #10350, #6132, #1973, #5320, #3677, #7013, #8682, #10452, #7941, #9620, #4617, #1145, #7998, #10404, #7117, #10509 ),
 .UNSPECIFIED., .F., .F.,
 ( 4, 2, 2, 2, 2, 2, 2, 2, 4 ),
 ( 0.5000000000000003331, 0.5625000000000003331, 0.6250000000000002220, 0.6875000000000002220, 0.7500000000000002220, 0.8125000000000001110, 0.8750000000000001110, 0.9375000000000000000, 1.000000000000000000 ),
 .UNSPECIFIED. ) ;
#647 = ORIENTED_EDGE ( 'NONE', *, *, #4912, .T. ) ;
#648 = CARTESIAN_POINT ( 'NONE',  ( 32.70000000000000284, 31.00000000000000000, -1.200000000000000030E-05 ) ) ;
#649 = COORDINATED_UNIVERSAL_TIME_OFFSET ( 5, 0, .BEHIND. ) ;
#650 = VECTOR ( 'NONE', #7567, 1000.000000000000000 ) ;
#651 = CARTESIAN_POINT ( 'NONE',  ( -27.69999999999999929, 45.00000000000000000, 5.000000000000000000 ) ) ;
#652 = DIRECTION ( 'NONE',  ( 0.000000000000000000, 0.000000000000000000, -1.000000000000000000 ) ) ;
#653 = CARTESIAN_POINT ( 'NONE',  ( -12.00000000000000000, -7.000000000000000000, 15.00000000000000000 ) ) ;
#654 = CARTESIAN_POINT ( 'NONE',  ( 18.30000000000000071, -6.000000000000000000, -6.000000000000000152E-06 ) ) ;
#655 = EDGE_CURVE ( 'NONE', #8065, #5544, #715, .T. ) ;
#656 = EDGE_CURVE ( 'NONE', #9813, #29, #10651, .T. ) ;
#657 = CIRCLE ( 'NONE', #1376, 1.700000000000000178 ) ;
#658 = DIRECTION ( 'NONE',  ( -0.000000000000000000, -1.000000000000000000, -0.000000000000000000 ) ) ;
#659 = PERSON_AND_ORGANIZATION ( #10500, #8573 ) ;
#660 = DIRECTION ( 'NONE',  ( -1.000000000000000000, 0.000000000000000000, -0.000000000000000000 ) ) ;
#661 = ORIENTED_EDGE ( 'NONE', *, *, #8603, .T. ) ;
#662 = CARTESIAN_POINT ( 'NONE',  ( 0.000000000000000000, 72.50000000000000000, 6.000000000000000000 ) ) ;
#663 = PERSON_AND_ORGANIZATION_ROLE ( 'design_supplier' ) ;
#664 = CARTESIAN_POINT ( 'NONE',  ( 32.48432534211531220, 48.14134607986859038, 0.000000000000000000 ) ) ;
#665 = VECTOR ( 'NONE', #8759, 1000.000000000000000 ) ;
#666 = FACE_BOUND ( 'NONE', #4796, .T. ) ;
#667 = DIRECTION ( 'NONE',  ( 0.000000000000000000, 0.000000000000000000, -1.000000000000000000 ) ) ;
#668 = LOCAL_TIME ( 6, 20, 19.00000000000000000, #2564 ) ;
#669 = EDGE_CURVE ( 'NONE', #9273, #1586, #9877, .T. ) ;
#670 = EDGE_CURVE ( 'NONE', #6036, #7985, #10760, .T. ) ;
#671 = VECTOR ( 'NONE', #2651, 1000.000000000000000 ) ;
#672 = FACE_OUTER_BOUND ( 'NONE', #7944, .T. ) ;
#673 = CALENDAR_DATE ( 2026, 18, 9 ) ;
#674 = ORIENTED_EDGE ( 'NONE', *, *, #7639, .T. ) ;
#675 = LINE ( 'NONE', #9833, #3193 ) ;
#676 = VECTOR ( 'NONE', #7712, 1000.000000000000000 ) ;
#677 = CARTESIAN_POINT ( 'NONE',  ( -12.00000000000000000, -12.00000000000000000, 20.00000000000000000 ) ) ;
#678 = DIRECTION ( 'NONE',  ( -0.000000000000000000, -1.000000000000000000, -0.000000000000000000 ) ) ;
#679 = CC_DESIGN_DATE_AND_TIME_ASSIGNMENT ( #5698, #1437, ( #3953 ) ) ;
#680 = ORIENTED_EDGE ( 'NONE', *, *, #5142, .T. ) ;
#681 = VECTOR ( 'NONE', #1155, 1000.000000000000000 ) ;
#682 = ORIENTED_EDGE ( 'NONE', *, *, #7076, .T. ) ;
#683 = DIRECTION ( 'NONE',  ( -0.000000000000000000, -0.000000000000000000, -1.000000000000000000 ) ) ;
#684 = CONTEXT_DEPENDENT_SHAPE_REPRESENTATION ( #571, #9670 ) ;
#685 = ORIENTED_EDGE ( 'NONE', *, *, #2351, .T. ) ;
#686 = LINE ( 'NONE', #4003, #2600 ) ;
#687 = CARTESIAN_POINT ( 'NONE',  ( -2.600000000000000089, 3.184081677783117698E-16, -6.000000000000000152E-06 ) ) ;
#688 = CARTESIAN_POINT ( 'NONE',  ( -27.69999999999999929, 0.000000000000000000, -0.000000000000000000 ) ) ;
#689 = AXIS2_PLACEMENT_3D ( 'NONE', #1980, #6305, #9574 ) ;
#690 = CC_DESIGN_PERSON_AND_ORGANIZATION_ASSIGNMENT ( #920, #10842, ( #9852 ) ) ;
#691 = CARTESIAN_POINT ( 'NONE',  ( 21.69999999999999574, -5.774748043452314405, 0.000000000000000000 ) ) ;
#692 = ORIENTED_EDGE ( 'NONE', *, *, #7726, .F. ) ;
#693 = FACE_OUTER_BOUND ( 'NONE', #8469, .T. ) ;
#694 = EDGE_LOOP ( 'NONE', ( #7689, #1734 ) ) ;
#695 = CARTESIAN_POINT ( 'NONE',  ( 150.0000000000000000, 0.000000000000000000, 0.000000000000000000 ) ) ;
#696 = VECTOR ( 'NONE', #2030, 1000.000000000000000 ) ;
#697 = CALENDAR_DATE ( 2026, 18, 9 ) ;
#698 = EDGE_CURVE ( 'NONE', #8451, #3847, #3102, .T. ) ;
#699 = LINE ( 'NONE', #7803, #6789 ) ;
#700 = PLANE ( 'NONE',  #63 ) ;
#701 = CARTESIAN_POINT ( 'NONE',  ( 35.60000000000000142, 77.50000000000000000, 0.000000000000000000 ) ) ;
#702 = LINE ( 'NONE', #2420, #8886 ) ;
#703 = CARTESIAN_POINT ( 'NONE',  ( -35.00000000000000000, 70.00000000000000000, 5.000000000000000000 ) ) ;
#704 = PERSON_AND_ORGANIZATION ( #10500, #8573 ) ;
#705 = CARTESIAN_POINT ( 'NONE',  ( -12.00000000000000000, 7.000000000000000000, 6.700000000000000178 ) ) ;
#706 = ORIENTED_EDGE ( 'NONE', *, *, #7299, .T. ) ;
#707 =( REPRESENTATION_RELATIONSHIP ('NONE','NONE', #403, #4218 ) REPRESENTATION_RELATIONSHIP_WITH_TRANSFORMATION ( #7552 )SHAPE_REPRESENTATION_RELATIONSHIP( ) );
#708 = ORIENTED_EDGE ( 'NONE', *, *, #9074, .F. ) ;
#709 = DIRECTION ( 'NONE',  ( -0.000000000000000000, -0.000000000000000000, 1.000000000000000000 ) ) ;
#710 = PERSON_AND_ORGANIZATION ( #10500, #8573 ) ;
#711 = EDGE_CURVE ( 'NONE', #10389, #6865, #5430, .T. ) ;
#712 = DIRECTION ( 'NONE',  ( -0.000000000000000000, -0.000000000000000000, -1.000000000000000000 ) ) ;
#713 = CARTESIAN_POINT ( 'NONE',  ( 31.85853893179089980, 47.51547649045667043, -0.000000000000000000 ) ) ;
#714 = CIRCLE ( 'NONE', #2475, 1.700000000000000178 ) ;
#715 = LINE ( 'NONE', #8190, #2104 ) ;
#716 = FACE_BOUND ( 'NONE', #1608, .T. ) ;
#717 = CARTESIAN_POINT ( 'NONE',  ( 0.000000000000000000, 0.000000000000000000, 149.0000000000000000 ) ) ;
#718 = PERSON_AND_ORGANIZATION_ROLE ( 'design_supplier' ) ;
#719 = ADVANCED_FACE ( 'NONE', ( #9095, #1558, #4909 ), #6589, .F. ) ;
#720 = ADVANCED_FACE ( 'NONE', ( #5774 ), #9147, .F. ) ;
#721 = EDGE_LOOP ( 'NONE', ( #6335, #8872 ) ) ;
#722 = CARTESIAN_POINT ( 'NONE',  ( 9.509326000432832160, 10.27740646207855590, 11.14121608963035470 ) ) ;
#723 = CARTESIAN_POINT ( 'NONE',  ( 30.14146106820961535, 32.48452350954386247, -0.000000000000000000 ) ) ;
#724 = DIRECTION ( 'NONE',  ( -1.000000000000000000, 0.000000000000000000, -0.000000000000000000 ) ) ;
#725 = DIRECTION ( 'NONE',  ( 1.000000000000000000, 0.000000000000000000, 0.000000000000000000 ) ) ;
#726 = EDGE_CURVE ( 'NONE', #480, #3508, #886, .T. ) ;
#727 = VERTEX_POINT ( 'NONE', #3533 ) ;
#728 = CARTESIAN_POINT ( 'NONE',  ( -22.00000000000000000, 0.000000000000000000, 0.000000000000000000 ) ) ;
#729 = APPROVAL_STATUS ( 'not_yet_approved' ) ;
#730 = VERTEX_POINT ( 'NONE', #4196 ) ;
#731 = FACE_OUTER_BOUND ( 'NONE', #3672, .T. ) ;
#732 = DIRECTION ( 'NONE',  ( -0.000000000000000000, -1.000000000000000000, -0.000000000000000000 ) ) ;
#733 = VERTEX_POINT ( 'NONE', #5938 ) ;
#734 = LINE ( 'NONE', #4064, #4558 ) ;
#735 = CARTESIAN_POINT ( 'NONE',  ( 18.51560493047243128, -5.141514269807109017, 0.000000000000000000 ) ) ;
#736 = ORIENTED_EDGE ( 'NONE', *, *, #5685, .T. ) ;
#737 = SHAPE_REPRESENTATION_RELATIONSHIP ( 'NONE' , 'NONE' ,  #55, #2868 ) ;
#738 = PLANE ( 'NONE',  #4407 ) ;
#739 = APPROVAL_DATE_TIME ( #5305, #1841 ) ;
#740 = ORIENTED_EDGE ( 'NONE', *, *, #8536, .T. ) ;
#741 = FACE_OUTER_BOUND ( 'NONE', #6208, .T. ) ;
#742 = CC_DESIGN_DATE_AND_TIME_ASSIGNMENT ( #5454, #8822, ( #8910 ) ) ;
#743 = APPROVAL_DATE_TIME ( #8068, #4602 ) ;
#744 = ORIENTED_EDGE ( 'NONE', *, *, #5764, .F. ) ;
#745 = LINE ( 'NONE', #3914, #8372 ) ;
#746 = DIRECTION ( 'NONE',  ( -0.000000000000000000, -0.000000000000000000, -1.000000000000000000 ) ) ;
#747 = CARTESIAN_POINT ( 'NONE',  ( 0.000000000000000000, 0.000000000000000000, 68.00000000000000000 ) ) ;
#748 = ORIENTED_EDGE ( 'NONE', *, *, #379, .F. ) ;
#749 = DIRECTION ( 'NONE',  ( -1.000000000000000000, 0.000000000000000000, 0.000000000000000000 ) ) ;
#750 = VERTEX_POINT ( 'NONE', #4257 ) ;
#751 = EDGE_CURVE ( 'NONE', #757, #733, #5824, .T. ) ;
#752 = DIRECTION ( 'NONE',  ( 0.000000000000000000, 0.000000000000000000, 1.000000000000000000 ) ) ;
#753 = CALENDAR_DATE ( 2026, 18, 9 ) ;
#754 = DESIGN_CONTEXT ( 'detailed design', #7872, 'design' ) ;
#755 = CYLINDRICAL_SURFACE ( 'NONE', #9857, 14.00000000000000000 ) ;
#756 = ORIENTED_EDGE ( 'NONE', *, *, #8967, .T. ) ;
#757 = VERTEX_POINT ( 'NONE', #5177 ) ;
#758 = PRODUCT ( 'V2_05_wrist_adapter', 'V2_05_wrist_adapter', '', ( #6188 ) ) ;
#759 = ORIENTED_EDGE ( 'NONE', *, *, #568, .F. ) ;
#760 = DIRECTION ( 'NONE',  ( -0.000000000000000000, -0.000000000000000000, 1.000000000000000000 ) ) ;
#761 = EDGE_CURVE ( 'NONE', #2165, #1904, #7697, .T. ) ;
#762 = CALENDAR_DATE ( 2026, 18, 9 ) ;
#763 = LOCAL_TIME ( 6, 20, 19.00000000000000000, #7903 ) ;
#764 = CARTESIAN_POINT ( 'NONE',  ( 43.00000000000000000, 8.000000000000000000, 24.00000000000000000 ) ) ;
#765 = CARTESIAN_POINT ( 'NONE',  ( -10.50000000000000000, 80.50000000000000000, 6.000000000000000000 ) ) ;
#766 = DIRECTION ( 'NONE',  ( 0.000000000000000000, 0.000000000000000000, -1.000000000000000000 ) ) ;
#767 = FACE_OUTER_BOUND ( 'NONE', #10713, .T. ) ;
#768 = ORIENTED_EDGE ( 'NONE', *, *, #6677, .F. ) ;
#769 = AXIS2_PLACEMENT_3D ( 'NONE', #8977, #4791, #8124 ) ;
#770 = EDGE_CURVE ( 'NONE', #5990, #9641, #1660, .T. ) ;
#771 = LOCAL_TIME ( 6, 20, 19.00000000000000000, #9353 ) ;
#772 = APPLICATION_CONTEXT ( 'configuration controlled 3d designs of mechanical parts and assemblies' ) ;
#773 = PERSON_AND_ORGANIZATION_ROLE ( 'creator' ) ;
#774 = CARTESIAN_POINT ( 'NONE',  ( -10.36128909900436668, 50.04297226076172933, -0.000000000000000000 ) ) ;
#775 = PERSON_AND_ORGANIZATION ( #10500, #8573 ) ;
#776 = B_SPLINE_CURVE_WITH_KNOTS ( 'NONE', 3,
 ( #7634, #107, #6812, #2658, #5331, #4523, #5490, #7194, #10586, #2095, #2917, #10363, #8015, #4631, #1327, #1274, #2863, #7953 ),
 .UNSPECIFIED., .F., .F.,
 ( 4, 2, 2, 2, 2, 2, 2, 2, 4 ),
 ( 0.5000000000000000000, 0.5624999999999998890, 0.6249999999999997780, 0.6874999999999997780, 0.7499999999999996669, 0.8124999999999995559, 0.8749999999999995559, 0.9374999999999997780, 1.000000000000000000 ),
 .UNSPECIFIED. ) ;
#777 = ORIENTED_EDGE ( 'NONE', *, *, #8167, .T. ) ;
#778 = CIRCLE ( 'NONE', #2195, 1.700000000000000178 ) ;
#779 = LINE ( 'NONE', #4266, #7534 ) ;
#780 = CARTESIAN_POINT ( 'NONE',  ( -14.85853893179126928, 71.48452350954335088, -0.000000000000000000 ) ) ;
#781 = CC_DESIGN_SECURITY_CLASSIFICATION ( #6220, ( #10910 ) ) ;
#782 = DIRECTION ( 'NONE',  ( 0.000000000000000000, 1.000000000000000000, 0.000000000000000000 ) ) ;
#783 = CARTESIAN_POINT ( 'NONE',  ( 0.000000000000000000, 0.000000000000000000, 3.000000000000000000 ) ) ;
#784 = EDGE_CURVE ( 'NONE', #2723, #7822, #2445, .T. ) ;
#785 = EDGE_CURVE ( 'NONE', #4936, #6247, #10554, .T. ) ;
#786 = LOCAL_TIME ( 6, 20, 19.00000000000000000, #4297 ) ;
#787 = ORIENTED_EDGE ( 'NONE', *, *, #5979, .T. ) ;
#788 = CARTESIAN_POINT ( 'NONE',  ( -35.00000000000000000, -70.00000000000000000, 0.000000000000000000 ) ) ;
#789 = ORIENTED_EDGE ( 'NONE', *, *, #1417, .F. ) ;
#790 = DIRECTION ( 'NONE',  ( -1.000000000000000000, 0.000000000000000000, -0.000000000000000000 ) ) ;
#791 = CARTESIAN_POINT ( 'NONE',  ( -12.00000000000000000, -7.000000000000000000, 15.00000000000000000 ) ) ;
#792 = CC_DESIGN_SECURITY_CLASSIFICATION ( #7115, ( #2391 ) ) ;
#793 = FACE_OUTER_BOUND ( 'NONE', #9943, .T. ) ;
#794 = CARTESIAN_POINT ( 'NONE',  ( -7.343134931576937419, 48.55753025008697676, -0.000000000000000000 ) ) ;
#795 = EDGE_CURVE ( 'NONE', #8026, #5594, #5128, .T. ) ;
#796 = ORIENTED_EDGE ( 'NONE', *, *, #9830, .T. ) ;
#797 =( LENGTH_UNIT ( ) NAMED_UNIT ( * ) SI_UNIT ( .MILLI., .METRE. ) );
#798 = CARTESIAN_POINT ( 'NONE',  ( 186.0000000000000000, 149.0000000000000000, 83.00000000000000000 ) ) ;
#799 = CC_DESIGN_APPROVAL ( #7597, ( #7472 ) ) ;
#800 = COORDINATED_UNIVERSAL_TIME_OFFSET ( 5, 0, .BEHIND. ) ;
#801 = ORIENTED_EDGE ( 'NONE', *, *, #9354, .F. ) ;
#802 = CARTESIAN_POINT ( 'NONE',  ( 11.77675979958275931, 7.570663098460284068, 9.427707309048980022 ) ) ;
#803 = DATE_AND_TIME ( #10182, #1663 ) ;
#804 = ORIENTED_EDGE ( 'NONE', *, *, #8468, .F. ) ;
#805 = DIRECTION ( 'NONE',  ( 1.000000000000000000, 0.000000000000000000, 0.000000000000000000 ) ) ;
#806 = ORIENTED_EDGE ( 'NONE', *, *, #10268, .F. ) ;
#807 = CARTESIAN_POINT ( 'NONE',  ( -21.00000000000000000, 0.000000000000000000, 0.000000000000000000 ) ) ;
#808 = LINE ( 'NONE', #4125, #8754 ) ;
#809 = CARTESIAN_POINT ( 'NONE',  ( 123.1414610682127631, 1.484523509544901643, -0.000000000000000000 ) ) ;
#810 = CARTESIAN_POINT ( 'NONE',  ( 32.70000000000000284, 49.00000000000000000, -1.200000000000000030E-05 ) ) ;
#811 = APPROVAL_PERSON_ORGANIZATION ( #4137, #10534, #9819 ) ;
#812 = ORIENTED_EDGE ( 'NONE', *, *, #2945, .F. ) ;
#813 = APPROVAL ( #4192, 'UNKNOWN' ) ;
#814 =( NAMED_UNIT ( * ) SI_UNIT ( $, .STERADIAN. ) SOLID_ANGLE_UNIT ( ) );
#815 = APPLICATION_PROTOCOL_DEFINITION ( 'international standard', 'config_control_design', 1994, #9082 ) ;
#816 = FACE_OUTER_BOUND ( 'NONE', #8186, .T. ) ;
#817 = VECTOR ( 'NONE', #9165, 1000.000000000000000 ) ;
#818 = ORIENTED_EDGE ( 'NONE', *, *, #507, .T. ) ;
#819 = ORIENTED_EDGE ( 'NONE', *, *, #5829, .T. ) ;
#820 = LINE ( 'NONE', #3415, #1778 ) ;
#821 = DATE_TIME_ROLE ( 'creation_date' ) ;
#822 = AXIS2_PLACEMENT_3D ( 'NONE', #1276, #1167, #6096 ) ;
#823 = CARTESIAN_POINT ( 'NONE',  ( -1.519536942383790556, 2.115299939237502702, -0.000000000000000000 ) ) ;
#824 = LINE ( 'NONE', #5717, #7607 ) ;
#825 = FACE_OUTER_BOUND ( 'NONE', #3869, .T. ) ;
#826 = LINE ( 'NONE', #9096, #5695 ) ;
#827 = VECTOR ( 'NONE', #1382, 1000.000000000000000 ) ;
#828 = AXIS2_PLACEMENT_3D ( 'NONE', #8564, #7935, #8677 ) ;
#829 = CC_DESIGN_PERSON_AND_ORGANIZATION_ASSIGNMENT ( #5380, #2192, ( #6057 ) ) ;
#830 = AXIS2_PLACEMENT_3D ( 'NONE', #4843, #8175, #6364 ) ;
#831 = CALENDAR_DATE ( 2026, 18, 9 ) ;
#832 = PERSON_AND_ORGANIZATION ( #10500, #8573 ) ;
#833 = CARTESIAN_POINT ( 'NONE',  ( 0.000000000000000000, 0.000000000000000000, 58.00000000000000000 ) ) ;
#834 = DIRECTION ( 'NONE',  ( 1.000000000000000000, 0.000000000000000000, 0.000000000000000000 ) ) ;
#835 = PRODUCT_DEFINITION_SHAPE ( 'NONE', 'NONE',  #974 ) ;
#836 = DATE_TIME_ROLE ( 'creation_date' ) ;
#837 = AXIS2_PLACEMENT_3D ( 'NONE', #5684, #5640, #5589 ) ;
#838 = APPROVAL_PERSON_ORGANIZATION ( #1420, #5473, #2175 ) ;
#839 = VERTEX_POINT ( 'NONE', #8349 ) ;
#840 = CYLINDRICAL_SURFACE ( 'NONE', #8608, 1.700000000000007061 ) ;
#841 = ADVANCED_FACE ( 'NONE', ( #9425 ), #219, .F. ) ;
#842 = CARTESIAN_POINT ( 'NONE',  ( 0.000000000000000000, 0.000000000000000000, 16.00000000000000000 ) ) ;
#843 = DIRECTION ( 'NONE',  ( 0.000000000000000000, -0.000000000000000000, 1.000000000000000000 ) ) ;
#844 = DIRECTION ( 'NONE',  ( -0.000000000000000000, -0.000000000000000000, 1.000000000000000000 ) ) ;
#845 = AXIS2_PLACEMENT_3D ( 'NONE', #3095, #9752, #4795 ) ;
#846 = VERTEX_POINT ( 'NONE', #5878 ) ;
#847 = PRODUCT ( 'FlipArm_V2_raised', 'FlipArm_V2_raised', '', ( #5014 ) ) ;
#848 = EDGE_LOOP ( 'NONE', ( #2844, #10834, #5198, #4121 ) ) ;
#849 = CARTESIAN_POINT ( 'NONE',  ( 12.51547649045534705, 69.14146106820930981, -0.000000000000000000 ) ) ;
#850 = VECTOR ( 'NONE', #2510, 1000.000000000000000 ) ;
#851 = APPROVAL_DATE_TIME ( #6781, #5926 ) ;
#852 = ADVANCED_FACE ( 'NONE', ( #825 ), #8475, .F. ) ;
#853 = ORIENTED_EDGE ( 'NONE', *, *, #7052, .T. ) ;
#854 = CARTESIAN_POINT ( 'NONE',  ( 12.34320465898919394, 70.44263793985065547, -0.000000000000000000 ) ) ;
#855 = CYLINDRICAL_SURFACE ( 'NONE', #6925, 1.700000000000000178 ) ;
#856 = CARTESIAN_POINT ( 'NONE',  ( -10.50000000000000000, -1.200000000000000030E-05, 3.799999999999998046 ) ) ;
#857 = CARTESIAN_POINT ( 'NONE',  ( -10.36119079527301423, 47.95712604297133907, 0.000000000000000000 ) ) ;
#858 = VERTEX_POINT ( 'NONE', #5231 ) ;
#859 = AXIS2_PLACEMENT_3D ( 'NONE', #9057, #10769, #10053 ) ;
#860 = PERSON_AND_ORGANIZATION_ROLE ( 'classification_officer' ) ;
#861 = ORIENTED_EDGE ( 'NONE', *, *, #7482, .F. ) ;
#862 = CARTESIAN_POINT ( 'NONE',  ( -20.00000000000000000, 8.000000000000000000, 12.00000000000000000 ) ) ;
#863 = ITEM_DEFINED_TRANSFORMATION ( 'NONE', 'NONE', #5408,  #2087 ) ;
#864 = EDGE_CURVE ( 'NONE', #9338, #9499, #9376, .T. ) ;
#865 = VERTEX_POINT ( 'NONE', #7751 ) ;
#866 = DIRECTION ( 'NONE',  ( 0.000000000000000000, 0.000000000000000000, 1.000000000000000000 ) ) ;
#867 = EDGE_CURVE ( 'NONE', #7330, #9918, #5612, .T. ) ;
#868 = ORIENTED_EDGE ( 'NONE', *, *, #9074, .T. ) ;
#869 = CARTESIAN_POINT ( 'NONE',  ( 134.5156049304716817, 0.8584857301873821678, 0.000000000000000000 ) ) ;
#870 = AXIS2_PLACEMENT_3D ( 'NONE', #210, #5276, #5162 ) ;
#871 = EDGE_CURVE ( 'NONE', #7080, #8424, #942, .T. ) ;
#872 = DIRECTION ( 'NONE',  ( 0.000000000000000000, 1.000000000000000000, 0.000000000000000000 ) ) ;
#873 = CARTESIAN_POINT ( 'NONE',  ( 122.5156049304716674, 0.8584857301873822788, 0.000000000000000000 ) ) ;
#874 = CARTESIAN_POINT ( 'NONE',  ( -10.55156718449564224, 9.205227550983527962, 10.20000000000000462 ) ) ;
#875 = DIRECTION ( 'NONE',  ( -0.000000000000000000, -1.000000000000000000, -0.000000000000000000 ) ) ;
#876 = AXIS2_PLACEMENT_3D ( 'NONE', #1242, #8773, #3714 ) ;
#877 = APPROVAL_STATUS ( 'not_yet_approved' ) ;
#878 = DIRECTION ( 'NONE',  ( 0.000000000000000000, 0.000000000000000000, 1.000000000000000000 ) ) ;
#879 = VERTEX_POINT ( 'NONE', #5072 ) ;
#880 = ORIENTED_EDGE ( 'NONE', *, *, #6562, .F. ) ;
#881 = CARTESIAN_POINT ( 'NONE',  ( 0.000000000000000000, 14.00000000000000000, 4.000000000000000000 ) ) ;
#882 = ORIENTED_EDGE ( 'NONE', *, *, #10430, .T. ) ;
#883 = PERSON_AND_ORGANIZATION_ROLE ( 'classification_officer' ) ;
#884 = DIRECTION ( 'NONE',  ( 1.000000000000000000, 0.000000000000000000, 0.000000000000000000 ) ) ;
#885 = DIRECTION ( 'NONE',  ( 0.000000000000000000, 1.000000000000000000, 0.000000000000000000 ) ) ;
#886 = LINE ( 'NONE', #170, #6287 ) ;
#887 = PLANE ( 'NONE',  #4500 ) ;
#888 = VECTOR ( 'NONE', #7156, 1000.000000000000000 ) ;
#889 = PERSON_AND_ORGANIZATION ( #10500, #8573 ) ;
#890 = APPROVAL_STATUS ( 'not_yet_approved' ) ;
#891 = CARTESIAN_POINT ( 'NONE',  ( 0.000000000000000000, 11.00000000000000000, 0.000000000000000000 ) ) ;
#892 = DIRECTION ( 'NONE',  ( -0.000000000000000000, -0.000000000000000000, -1.000000000000000000 ) ) ;
#893 = CIRCLE ( 'NONE', #9344, 1.699999999999998401 ) ;
#894 = PERSON ( 'NAUO-PER18', 'UNSPECIFIED', 'UNSPECIFIED', ('UNSPECIFIED'), ('UNSPECIFIED'), ('UNSPECIFIED') ) ;
#895 = PERSON_AND_ORGANIZATION ( #10500, #8573 ) ;
#896 = EDGE_LOOP ( 'NONE', ( #804, #2452, #10072, #6944 ) ) ;
#897 = CC_DESIGN_PERSON_AND_ORGANIZATION_ASSIGNMENT ( #7436, #6669, ( #141 ) ) ;
#898 = CARTESIAN_POINT ( 'NONE',  ( 9.028198879604028448, 10.70007593451009598, 9.866875471380067708 ) ) ;
#899 = CC_DESIGN_PERSON_AND_ORGANIZATION_ASSIGNMENT ( #3888, #9604, ( #999 ) ) ;
#900 = CARTESIAN_POINT ( 'NONE',  ( 31.60000000000000142, 67.50000000000000000, 0.000000000000000000 ) ) ;
#901 = LINE ( 'NONE', #10216, #9837 ) ;
#902 = SHAPE_REPRESENTATION ( 'V2_REF_625ZZ', ( #2087 ), #2601 ) ;
#903 = CARTESIAN_POINT ( 'NONE',  ( -10.50000000000000000, 80.50000000000000000, -1.200000000000000030E-05 ) ) ;
#904 = ORIENTED_EDGE ( 'NONE', *, *, #2830, .T. ) ;
#905 = ADVANCED_FACE ( 'NONE', ( #3369 ), #4422, .F. ) ;
#906 = AXIS2_PLACEMENT_3D ( 'NONE', #7922, #5345, #10433 ) ;
#907 = ORIENTED_EDGE ( 'NONE', *, *, #7774, .T. ) ;
#908 = CARTESIAN_POINT ( 'NONE',  ( 22.00000000000000355, 8.000000000000000000, 24.00000000000000000 ) ) ;
#909 = EDGE_CURVE ( 'NONE', #1453, #1578, #7636, .T. ) ;
#910 = ADVANCED_FACE ( 'NONE', ( #7694 ), #10252, .T. ) ;
#911 = ORIENTED_EDGE ( 'NONE', *, *, #6889, .T. ) ;
#912 = CARTESIAN_POINT ( 'NONE',  ( 14.85848573020187935, 71.48439506952531985, 0.000000000000000000 ) ) ;
#913 = CARTESIAN_POINT ( 'NONE',  ( 20.00000000000000000, -34.00000000000000000, 5.000000000000000000 ) ) ;
#914 = ORIENTED_EDGE ( 'NONE', *, *, #7255, .F. ) ;
#915 = DIRECTION ( 'NONE',  ( -0.000000000000000000, -1.000000000000000000, -0.000000000000000000 ) ) ;
#916 = CARTESIAN_POINT ( 'NONE',  ( 136.2250839948836756, -1.700069511235890563, -0.000000000000000000 ) ) ;
#917 = ORIENTED_EDGE ( 'NONE', *, *, #7495, .F. ) ;
#918 = EDGE_CURVE ( 'NONE', #10314, #6961, #5389, .T. ) ;
#919 =( NAMED_UNIT ( * ) PLANE_ANGLE_UNIT ( ) SI_UNIT ( $, .RADIAN. ) );
#920 = PERSON_AND_ORGANIZATION ( #10500, #8573 ) ;
#921 = VERTEX_POINT ( 'NONE', #4633 ) ;
#922 = CARTESIAN_POINT ( 'NONE',  ( 11.81430917424337501, 7.511707916502317062, 7.669615520327004887 ) ) ;
#923 = PERSON_AND_ORGANIZATION_ROLE ( 'classification_officer' ) ;
#924 = ORIENTED_EDGE ( 'NONE', *, *, #10204, .T. ) ;
#925 = B_SPLINE_CURVE_WITH_KNOTS ( 'NONE', 3,
 ( #3458, #3515, #2464, #9293, #6793, #3398, #8452, #5972, #5211, #10181, #922, #5155, #9179, #5856, #6732, #4119, #9211, #6850, #4984, #8330, #802, #10234, #3346, #8508, #3291, #9234, #10844, #5912, #7671, #10123 ),
 .UNSPECIFIED., .F., .F.,
 ( 4, 2, 2, 2, 2, 2, 2, 2, 2, 2, 2, 2, 2, 2, 4 ),
 ( 0.000000000000000000, 0.0007440102817169829937, 0.001116015422575474111, 0.001488020563433965337, 0.001860025704292456563, 0.002232030845150947788, 0.002604035986009438797, 0.002976041126867930240, 0.003348046267726420382, 0.003720051408584912258, 0.004092056549443403267, 0.004464061690301895577, 0.004836066831160386152, 0.005208071972018878462, 0.005952082253735858745 ),
 .UNSPECIFIED. ) ;
#926 = LINE ( 'NONE', #2581, #1537 ) ;
#927 = DIRECTION ( 'NONE',  ( -0.000000000000000000, -0.000000000000000000, 1.000000000000000000 ) ) ;
#928 = DIRECTION ( 'NONE',  ( -0.000000000000000000, -0.000000000000000000, 1.000000000000000000 ) ) ;
#929 = CARTESIAN_POINT ( 'NONE',  ( 3.000000000000000000, 27.50000000000000000, 58.00000000000000000 ) ) ;
#930 = DIRECTION ( 'NONE',  ( -0.000000000000000000, -1.000000000000000000, -0.000000000000000000 ) ) ;
#931 = ORIENTED_EDGE ( 'NONE', *, *, #9216, .T. ) ;
#932 = EDGE_CURVE ( 'NONE', #6394, #6841, #8699, .T. ) ;
#933 = ADVANCED_FACE ( 'NONE', ( #492 ), #7077, .T. ) ;
#934 = APPROVAL_STATUS ( 'not_yet_approved' ) ;
#935 = CARTESIAN_POINT ( 'NONE',  ( -11.59999999999999964, 72.50000000000000000, -1.200000000000000030E-05 ) ) ;
#936 = VERTEX_POINT ( 'NONE', #9695 ) ;
#937 = ORIENTED_EDGE ( 'NONE', *, *, #7070, .F. ) ;
#938 = CARTESIAN_POINT ( 'NONE',  ( 134.3000000000000114, 2.081899558550508908E-16, -1.200000000000000030E-05 ) ) ;
#939 = DATE_TIME_ROLE ( 'classification_date' ) ;
#940 = CARTESIAN_POINT ( 'NONE',  ( 12.00000000000000000, -7.000000000000000000, 13.29999999999999893 ) ) ;
#941 = CARTESIAN_POINT ( 'NONE',  ( -19.14151426980785331, -4.515604930472245648, 0.000000000000000000 ) ) ;
#942 = LINE ( 'NONE', #1, #1756 ) ;
#943 = DIRECTION ( 'NONE',  ( 1.000000000000000000, 0.000000000000000000, 0.000000000000000000 ) ) ;
#944 = APPROVAL_DATE_TIME ( #8478, #2662 ) ;
#945 = EDGE_CURVE ( 'NONE', #8029, #3992, #7907, .T. ) ;
#946 = APPROVAL_ROLE ( '' ) ;
#947 = CARTESIAN_POINT ( 'NONE',  ( 27.69999999999999929, 57.00000000000000000, 0.000000000000000000 ) ) ;
#948 = ORIENTED_EDGE ( 'NONE', *, *, #1652, .T. ) ;
#949 = CARTESIAN_POINT ( 'NONE',  ( 9.170033982407343132, 10.57908256746159381, 9.141141200381477816 ) ) ;
#950 = COORDINATED_UNIVERSAL_TIME_OFFSET ( 5, 0, .BEHIND. ) ;
#951 = ORIENTED_EDGE ( 'NONE', *, *, #3743, .F. ) ;
#952 = CARTESIAN_POINT ( 'NONE',  ( 9.352038589846049632, 10.41947306943599116, 10.96610112301624618 ) ) ;
#953 = DIRECTION ( 'NONE',  ( 0.000000000000000000, 0.000000000000000000, -1.000000000000000000 ) ) ;
#954 = AXIS2_PLACEMENT_3D ( 'NONE', #2469, #5757, #2310 ) ;
#955 = DIRECTION ( 'NONE',  ( 0.000000000000000000, 0.000000000000000000, 1.000000000000000000 ) ) ;
#956 = APPROVAL_PERSON_ORGANIZATION ( #3638, #7664, #1101 ) ;
#957 = CARTESIAN_POINT ( 'NONE',  ( -8.774916005115503737, 32.69993048876346364, 0.000000000000000000 ) ) ;
#958 = CC_DESIGN_PERSON_AND_ORGANIZATION_ASSIGNMENT ( #895, #1890, ( #7472 ) ) ;
#959 = VECTOR ( 'NONE', #7175, 1000.000000000000000 ) ;
#960 = CC_DESIGN_SECURITY_CLASSIFICATION ( #8315, ( #10902 ) ) ;
#961 = ORIENTED_EDGE ( 'NONE', *, *, #9159, .F. ) ;
#962 = LINE ( 'NONE', #7660, #9446 ) ;
#963 = ORIENTED_EDGE ( 'NONE', *, *, #2141, .F. ) ;
#964 = SHAPE_REPRESENTATION ( 'V2_bin_180x143x80', ( #2087 ), #2966 ) ;
#965 = CARTESIAN_POINT ( 'NONE',  ( 15.70000000000000284, 70.22525195654509389, 0.000000000000000000 ) ) ;
#966 = LINE ( 'NONE', #341, #7442 ) ;
#967 = ORIENTED_EDGE ( 'NONE', *, *, #7354, .F. ) ;
#968 = DIRECTION ( 'NONE',  ( 1.000000000000000000, 0.000000000000000000, 0.000000000000000000 ) ) ;
#969 = AXIS2_PLACEMENT_3D ( 'NONE', #5827, #5721, #4309 ) ;
#970 = MANIFOLD_SOLID_BREP ( 'Gripper_adapter_M3_14x10_NOT_SG90_DIRECT', #6689 ) ;
#971 = CARTESIAN_POINT ( 'NONE',  ( -8.557362060151589844, -0.000000000000000000, 19.34320465898919750 ) ) ;
#972 = ORGANIZATION ( 'NAUO-ORG19', 'UNSPECIFIED', 'UNSPECIFIED' ) ;
#973 = ORIENTED_EDGE ( 'NONE', *, *, #7165, .T. ) ;
#974 = PRODUCT_DEFINITION ( 'ๆ', '', #2560, #316 ) ;
#975 = AXIS2_PLACEMENT_3D ( 'NONE', #4410, #2697, #2024 ) ;
#976 = ORIENTED_EDGE ( 'NONE', *, *, #8312, .F. ) ;
#977 = CARTESIAN_POINT ( 'NONE',  ( 32.70006951123653494, -0.000000000000000000, 2.774916005115124484 ) ) ;
#978 = APPROVAL_PERSON_ORGANIZATION ( #6748, #9794, #211 ) ;
#979 = ORIENTED_EDGE ( 'NONE', *, *, #9072, .T. ) ;
#980 = CYLINDRICAL_SURFACE ( 'NONE', #9097, 1.700000000000000178 ) ;
#981 = ORIENTED_EDGE ( 'NONE', *, *, #1214, .T. ) ;
#982 = DIRECTION ( 'NONE',  ( -0.000000000000000000, -1.000000000000000000, -0.000000000000000000 ) ) ;
#984 = ADVANCED_FACE ( 'NONE', ( #2979 ), #9583, .F. ) ;
#983 = CARTESIAN_POINT ( 'NONE',  ( -10.50000000000000000, 1.300000000000000044, 16.00000000000000000 ) ) ;
#985 = CARTESIAN_POINT ( 'NONE',  ( -20.00000000000000000, 12.00000000000000000, 2.000000000000000000 ) ) ;
#986 = CARTESIAN_POINT ( 'NONE',  ( -18.30000000000000071, -34.00000000000000000, -6.000000000000000152E-06 ) ) ;
#987 = CC_DESIGN_APPROVAL ( #6529, ( #2391 ) ) ;
#988 = MANIFOLD_SOLID_BREP ( 'Wheel_width28_PLACEHOLDER', #7045 ) ;
#989 = CALENDAR_DATE ( 2026, 18, 9 ) ;
#990 = CARTESIAN_POINT ( 'NONE',  ( -27.69999999999999929, -57.00000000000000000, -1.200000000000000030E-05 ) ) ;
#991 = ORIENTED_EDGE ( 'NONE', *, *, #1581, .F. ) ;
#992 = DIRECTION ( 'NONE',  ( 0.000000000000000000, 0.000000000000000000, 1.000000000000000000 ) ) ;
#993 = CALENDAR_DATE ( 2026, 18, 9 ) ;
#994 = DIRECTION ( 'NONE',  ( 1.000000000000000000, 0.000000000000000000, 0.000000000000000000 ) ) ;
#995 =( REPRESENTATION_RELATIONSHIP ('NONE','NONE', #403, #10755 ) REPRESENTATION_RELATIONSHIP_WITH_TRANSFORMATION ( #8646 )SHAPE_REPRESENTATION_RELATIONSHIP( ) );
#996 = LINE ( 'NONE', #8649, #10642 ) ;
#998 = EDGE_CURVE ( 'NONE', #8049, #7236, #9478, .T. ) ;
#997 = CARTESIAN_POINT ( 'NONE',  ( -19.00000000000000000, 9.000000000000000000, 10.00000000000000000 ) ) ;
#999 = PRODUCT_DEFINITION_FORMATION_WITH_SPECIFIED_SOURCE ( 'ไป', '', #10461, .NOT_KNOWN. ) ;
#1000 = CARTESIAN_POINT ( 'NONE',  ( 255.8000000000000398, 0.000000000000000000, 149.0000000000000000 ) ) ;
#1001 = CALENDAR_DATE ( 2026, 18, 9 ) ;
#1002 = PERSON_AND_ORGANIZATION ( #10500, #8573 ) ;
#1003 = DIRECTION ( 'NONE',  ( -1.000000000000000000, 0.000000000000000000, 0.000000000000000000 ) ) ;
#1004 = CARTESIAN_POINT ( 'NONE',  ( -10.36128909900368456, -0.000000000000000000, 19.95702773923647655 ) ) ;
#1005 = APPROVAL_ROLE ( '' ) ;
#1006 = ORIENTED_EDGE ( 'NONE', *, *, #507, .F. ) ;
#1007 = CARTESIAN_POINT ( 'NONE',  ( 11.45560253456880062, 8.048713274734506484, 8.587104102551560203 ) ) ;
#1008 = VECTOR ( 'NONE', #3237, 1000.000000000000000 ) ;
#1010 = ADVANCED_FACE ( 'NONE', ( #6314 ), #10367, .F. ) ;
#1009 = CARTESIAN_POINT ( 'NONE',  ( 14.00000000000000000, 0.000000000000000000, 2.000000000000000000 ) ) ;
#1011 = EDGE_CURVE ( 'NONE', #4244, #5564, #2150, .T. ) ;
#1012 = CARTESIAN_POINT ( 'NONE',  ( -12.00000000000000000, 12.00000000000000000, 20.00000000000000000 ) ) ;
#1013 = CARTESIAN_POINT ( 'NONE',  ( -10.36128909900436668, 32.04297226076172933, -0.000000000000000000 ) ) ;
#1014 = ORIENTED_EDGE ( 'NONE', *, *, #576, .T. ) ;
#1015 = AXIS2_PLACEMENT_3D ( 'NONE', #1846, #5096, #9342 ) ;
#1016 = AXIS2_PLACEMENT_3D ( 'NONE', #10342, #1138, #4503 ) ;
#1017 = FACE_BOUND ( 'NONE', #5911, .T. ) ;
#1018 = ORIENTED_EDGE ( 'NONE', *, *, #8045, .F. ) ;
#1019 = CARTESIAN_POINT ( 'NONE',  ( 14.44258473825094136, 68.34333309900550546, 0.000000000000000000 ) ) ;
#1020 = DATE_AND_TIME ( #4332, #4547 ) ;
#1021 = VERTEX_POINT ( 'NONE', #8650 ) ;
#1022 = FACE_BOUND ( 'NONE', #6357, .T. ) ;
#1023 = APPROVAL ( #9406, 'UNKNOWN' ) ;
#1024 = VECTOR ( 'NONE', #1604, 1000.000000000000000 ) ;
#1025 = ORIENTED_EDGE ( 'NONE', *, *, #6018, .F. ) ;
#1026 = CARTESIAN_POINT ( 'NONE',  ( -2.600069548653550999, -0.3444314227433182829, 0.000000000000000000 ) ) ;
#1027 = CARTESIAN_POINT ( 'NONE',  ( 18.30000000000000071, -6.000000000000000000, -6.000000000000000152E-06 ) ) ;
#1028 = EDGE_LOOP ( 'NONE', ( #6809, #2951, #2580, #2785 ) ) ;
#1029 = DIRECTION ( 'NONE',  ( 1.000000000000000000, 0.000000000000000000, 0.000000000000000000 ) ) ;
#1030 = EDGE_LOOP ( 'NONE', ( #10334, #6958 ) ) ;
#1031 = CARTESIAN_POINT ( 'NONE',  ( -11.46082835472130235, 8.043006970812543344, 9.922450563566831860 ) ) ;
#1032 = PERSON_AND_ORGANIZATION ( #4962, #5518 ) ;
#1033 = ORIENTED_EDGE ( 'NONE', *, *, #9609, .T. ) ;
#1034 = DIRECTION ( 'NONE',  ( 0.000000000000000000, 0.000000000000000000, -1.000000000000000000 ) ) ;
#1036 = CARTESIAN_POINT ( 'NONE',  ( -35.00000000000000000, -70.00000000000000000, 0.000000000000000000 ) ) ;
#1035 = CC_DESIGN_PERSON_AND_ORGANIZATION_ASSIGNMENT ( #6396, #8207, ( #3608 ) ) ;
#1037 = CC_DESIGN_PERSON_AND_ORGANIZATION_ASSIGNMENT ( #8641, #4626, ( #758 ) ) ;
#1038 = CARTESIAN_POINT ( 'NONE',  ( 0.000000000000000000, 0.000000000000000000, 0.000000000000000000 ) ) ;
#1039 = ORIENTED_EDGE ( 'NONE', *, *, #10708, .T. ) ;
#1040 = DIRECTION ( 'NONE',  ( 1.000000000000000000, 0.000000000000000000, 0.000000000000000000 ) ) ;
#1041 = VECTOR ( 'NONE', #4037, 1000.000000000000000 ) ;
#1042 = VECTOR ( 'NONE', #930, 1000.000000000000000 ) ;
#1043 = CARTESIAN_POINT ( 'NONE',  ( 31.60000000000000142, 72.50000000000000000, -1.200000000000000030E-05 ) ) ;
#1044 =( LENGTH_UNIT ( ) NAMED_UNIT ( * ) SI_UNIT ( .MILLI., .METRE. ) );
#1045 = MANIFOLD_SOLID_BREP ( 'MG995_SUPPLIER_40p5x20x39p5', #5817 ) ;
#1046 = CALENDAR_DATE ( 2026, 18, 9 ) ;
#1047 = PLANE ( 'NONE',  #1762 ) ;
#1048 = EDGE_CURVE ( 'NONE', #3397, #4467, #1989, .T. ) ;
#1049 = VERTEX_POINT ( 'NONE', #10472 ) ;
#1050 = LINE ( 'NONE', #938, #7381 ) ;
#1051 = VECTOR ( 'NONE', #8323, 1000.000000000000000 ) ;
#1052 = DATE_AND_TIME ( #4254, #6204 ) ;
#1053 = CARTESIAN_POINT ( 'NONE',  ( -10.37396001519468491, 9.404709442637157579, 11.66344665213694931 ) ) ;
#1054 = DIRECTION ( 'NONE',  ( 0.000000000000000000, 0.000000000000000000, 1.000000000000000000 ) ) ;
#1055 = DIRECTION ( 'NONE',  ( -0.000000000000000000, -0.000000000000000000, 1.000000000000000000 ) ) ;
#1056 = DIRECTION ( 'NONE',  ( 0.000000000000000000, 0.000000000000000000, -1.000000000000000000 ) ) ;
#1057 = AXIS2_PLACEMENT_3D ( 'NONE', #6088, #1098, #5280 ) ;
#1059 = ADVANCED_FACE ( 'NONE', ( #5493 ), #271, .F. ) ;
#1058 = CALENDAR_DATE ( 2026, 18, 9 ) ;
#1060 = PERSON_AND_ORGANIZATION ( #10500, #8573 ) ;
#1061 = DIRECTION ( 'NONE',  ( 0.000000000000000000, 0.000000000000000000, 1.000000000000000000 ) ) ;
#1062 = EDGE_CURVE ( 'NONE', #5915, #1364, #2099, .T. ) ;
#1063 = CARTESIAN_POINT ( 'NONE',  ( 3.000000000000000000, 0.000000000000000000, 3.000000000000000000 ) ) ;
#1064 = DATE_AND_TIME ( #179, #8900 ) ;
#1065 = ORIENTED_EDGE ( 'NONE', *, *, #7863, .F. ) ;
#1066 = CARTESIAN_POINT ( 'NONE',  ( 11.81583934084839704, 7.509301620396099608, 10.82622392244466170 ) ) ;
#1067 = MANIFOLD_SOLID_BREP ( 'Purchased_steel_shaft_D5_L68_NOT_PRINT', #1788 ) ;
#1068 = AXIS2_PLACEMENT_3D ( 'NONE', #3542, #4429, #2666 ) ;
#1069 = PLANE ( 'NONE',  #8460 ) ;
#1070 = CARTESIAN_POINT ( 'NONE',  ( -9.000000000000000000, 59.50000000000000000, 3.000000000000000000 ) ) ;
#1071 = LINE ( 'NONE', #1786, #6473 ) ;
#1072 = AXIS2_PLACEMENT_3D ( 'NONE', #9124, #9741, #10786 ) ;
#1073 = ADVANCED_FACE ( 'NONE', ( #10420 ), #1104, .F. ) ;
#1074 = ADVANCED_FACE ( 'NONE', ( #3865 ), #7137, .F. ) ;
#1075 = DIRECTION ( 'NONE',  ( 0.000000000000000000, -1.000000000000000000, 0.000000000000000000 ) ) ;
#1076 = ORIENTED_EDGE ( 'NONE', *, *, #3203, .F. ) ;
#1077 = CARTESIAN_POINT ( 'NONE',  ( -8.000000000000000000, 0.000000000000000000, 0.000000000000000000 ) ) ;
#1078 = ORIENTED_EDGE ( 'NONE', *, *, #7097, .F. ) ;
#1079 = LINE ( 'NONE', #7770, #6268 ) ;
#1080 = VECTOR ( 'NONE', #9675, 1000.000000000000000 ) ;
#1081 = DIRECTION ( 'NONE',  ( 0.000000000000000000, 1.000000000000000000, 0.000000000000000000 ) ) ;
#1082 = DIRECTION ( 'NONE',  ( 0.000000000000000000, 0.000000000000000000, -1.000000000000000000 ) ) ;
#1083 = ORIENTED_EDGE ( 'NONE', *, *, #8617, .T. ) ;
#1084 = DIRECTION ( 'NONE',  ( 0.000000000000000000, 0.000000000000000000, 1.000000000000000000 ) ) ;
#1085 = EDGE_CURVE ( 'NONE', #10817, #6323, #7030, .T. ) ;
#1086 = ORIENTED_EDGE ( 'NONE', *, *, #1110, .F. ) ;
#1087 = CARTESIAN_POINT ( 'NONE',  ( -11.63433600334116846, 7.787970427872258128, 7.302702401752442007 ) ) ;
#1088 = DATE_AND_TIME ( #8632, #8884 ) ;
#1089 = ORIENTED_EDGE ( 'NONE', *, *, #53, .F. ) ;
#1090 = CARTESIAN_POINT ( 'NONE',  ( 31.44263793984587707, 50.65679534101006709, -0.000000000000000000 ) ) ;
#1091 = VERTEX_POINT ( 'NONE', #2866 ) ;
#1092 = LINE ( 'NONE', #1148, #2719 ) ;
#1093 = CLOSED_SHELL ( 'NONE', ( #3574, #3890, #3633, #6956, #121, #5671 ) ) ;
#1094 = DIRECTION ( 'NONE',  ( 1.000000000000000000, 0.000000000000000000, 0.000000000000000000 ) ) ;
#1095 = DIRECTION ( 'NONE',  ( 1.000000000000000000, 0.000000000000000000, 0.000000000000000000 ) ) ;
#1096 = PERSON_AND_ORGANIZATION ( #10500, #8573 ) ;
#1097 = CC_DESIGN_DATE_AND_TIME_ASSIGNMENT ( #6264, #2109, ( #10866 ) ) ;
#1098 = DIRECTION ( 'NONE',  ( 0.000000000000000000, 0.000000000000000000, 1.000000000000000000 ) ) ;
#1099 = ORIENTED_EDGE ( 'NONE', *, *, #7847, .T. ) ;
#1100 = DIRECTION ( 'NONE',  ( -1.000000000000000000, 0.000000000000000000, -0.000000000000000000 ) ) ;
#1101 = APPROVAL_ROLE ( '' ) ;
#1102 = CARTESIAN_POINT ( 'NONE',  ( -10.72380529476361133, 9.000000000000000000, 8.300000000000000711 ) ) ;
#1103 = CARTESIAN_POINT ( 'NONE',  ( 31.00000000000000000, -6.000000000000000152E-06, 4.699999999999999289 ) ) ;
#1104 = PLANE ( 'NONE',  #1542 ) ;
#1105 = CARTESIAN_POINT ( 'NONE',  ( -7.299930488763834546, -0.000000000000000000, 2.774916005114234530 ) ) ;
#1106 = EDGE_CURVE ( 'NONE', #3308, #7232, #7856, .T. ) ;
#1107 = ORIENTED_EDGE ( 'NONE', *, *, #7713, .T. ) ;
#1108 = CARTESIAN_POINT ( 'NONE',  ( -19.55741526174874423, -7.656666900994569147, 0.000000000000000000 ) ) ;
#1109 = SECURITY_CLASSIFICATION_LEVEL ( 'unclassified' ) ;
#1110 = EDGE_CURVE ( 'NONE', #10286, #3012, #1541, .T. ) ;
#1111 = DIRECTION ( 'NONE',  ( 0.000000000000000000, 0.000000000000000000, 1.000000000000000000 ) ) ;
#1112 = CARTESIAN_POINT ( 'NONE',  ( 2.348801894056212092, 1.124607701293192985, 0.000000000000000000 ) ) ;
#1113 = DATE_AND_TIME ( #7759, #5025 ) ;
#1114 = EDGE_LOOP ( 'NONE', ( #8343, #1535 ) ) ;
#1115 = CARTESIAN_POINT ( 'NONE',  ( -10.36128909900315520, -0.000000000000000000, 1.957027739235946306 ) ) ;
#1116 = MANIFOLD_SOLID_BREP ( 'Foot_M3_through', #7392 ) ;
#1117 = CARTESIAN_POINT ( 'NONE',  ( -24.30000000000000071, -45.00000000000000000, 0.000000000000000000 ) ) ;
#1118 = EDGE_CURVE ( 'NONE', #7631, #2342, #8565, .T. ) ;
#1119 = ORIENTED_EDGE ( 'NONE', *, *, #174, .F. ) ;
#1120 = DIRECTION ( 'NONE',  ( -0.000000000000000000, -0.000000000000000000, -1.000000000000000000 ) ) ;
#1121 = ORIENTED_EDGE ( 'NONE', *, *, #4094, .T. ) ;
#1122 = CARTESIAN_POINT ( 'NONE',  ( 0.000000000000000000, 0.000000000000000000, 0.000000000000000000 ) ) ;
#1123 = PERSON_AND_ORGANIZATION ( #10500, #8573 ) ;
#1124 = ORIENTED_EDGE ( 'NONE', *, *, #9393, .F. ) ;
#1125 = CARTESIAN_POINT ( 'NONE',  ( 13.14151426979811887, 68.51560493047468015, 0.000000000000000000 ) ) ;
#1126 = ORIENTED_EDGE ( 'NONE', *, *, #5257, .T. ) ;
#1127 = LOCAL_TIME ( 6, 20, 19.00000000000000000, #1709 ) ;
#1128 = PLANE ( 'NONE',  #7321 ) ;
#1129 = EDGE_CURVE ( 'NONE', #9699, #1264, #5397, .T. ) ;
#1130 = LINE ( 'NONE', #6842, #4759 ) ;
#1131 = EDGE_CURVE ( 'NONE', #186, #4228, #2064, .T. ) ;
#1132 = AXIS2_PLACEMENT_3D ( 'NONE', #560, #1288, #4644 ) ;
#1133 = ADVANCED_FACE ( 'NONE', ( #8230 ), #1384, .F. ) ;
#1134 = DIRECTION ( 'NONE',  ( 0.000000000000000000, -1.000000000000000000, 0.000000000000000000 ) ) ;
#1135 = PRODUCT_DEFINITION_SHAPE ( 'NONE', 'NONE',  #354 ) ;
#1136 = B_SPLINE_CURVE_WITH_KNOTS ( 'NONE', 3,
 ( #5730, #1671, #5021, #4811, #8366, #8149, #4047, #9105, #1567, #4099, #8308, #780, #7484, #10875, #9386, #230, #7545, #5891 ),
 .UNSPECIFIED., .F., .F.,
 ( 4, 2, 2, 2, 2, 2, 2, 2, 4 ),
 ( 0.000000000000000000, 0.06250000000000002776, 0.1250000000000000555, 0.1875000000000000833, 0.2500000000000001110, 0.3125000000000001110, 0.3750000000000001665, 0.4375000000000002220, 0.5000000000000000000 ),
 .UNSPECIFIED. ) ;
#1137 = AXIS2_PLACEMENT_3D ( 'NONE', #5918, #9298, #3625 ) ;
#1138 = DIRECTION ( 'NONE',  ( 0.000000000000000000, 0.000000000000000000, -1.000000000000000000 ) ) ;
#1139 = SECURITY_CLASSIFICATION ( '', '', #3348 ) ;
#1140 = APPLICATION_CONTEXT ( 'configuration controlled 3d designs of mechanical parts and assemblies' ) ;
#1141 = ORIENTED_EDGE ( 'NONE', *, *, #4294, .F. ) ;
#1142 = CARTESIAN_POINT ( 'NONE',  ( 4.299999999999999822, 0.000000000000000000, 20.00000000000000000 ) ) ;
#1143 = COORDINATED_UNIVERSAL_TIME_OFFSET ( 5, 0, .BEHIND. ) ;
#1144 = ORIENTED_EDGE ( 'NONE', *, *, #751, .T. ) ;
#1145 = CARTESIAN_POINT ( 'NONE',  ( 29.95702773923763829, -0.000000000000000000, 4.361289099004101999 ) ) ;
#1146 = VECTOR ( 'NONE', #2296, 1000.000000000000000 ) ;
#1147 = VERTEX_POINT ( 'NONE', #701 ) ;
#1148 = CARTESIAN_POINT ( 'NONE',  ( -28.00000000000000000, 8.000000000000000000, 0.000000000000000000 ) ) ;
#1149 = EDGE_CURVE ( 'NONE', #8287, #3283, #4180, .T. ) ;
#1150 = LOCAL_TIME ( 6, 20, 19.00000000000000000, #10775 ) ;
#1151 = ORIENTED_EDGE ( 'NONE', *, *, #7218, .F. ) ;
#1152 = DIRECTION ( 'NONE',  ( -1.000000000000000000, 0.000000000000000000, 0.000000000000000000 ) ) ;
#1153 = EDGE_CURVE ( 'NONE', #3308, #6838, #1487, .T. ) ;
#1154 = ORIENTED_EDGE ( 'NONE', *, *, #4971, .F. ) ;
#1155 = DIRECTION ( 'NONE',  ( -0.000000000000000000, -0.000000000000000000, -1.000000000000000000 ) ) ;
#1156 = AXIS2_PLACEMENT_3D ( 'NONE', #9468, #10296, #6802 ) ;
#1157 = SECURITY_CLASSIFICATION_LEVEL ( 'unclassified' ) ;
#1158 = DIRECTION ( 'NONE',  ( 1.000000000000000000, 0.000000000000000000, 0.000000000000000000 ) ) ;
#1159 = SECURITY_CLASSIFICATION ( '', '', #1157 ) ;
#1160 = ORIENTED_EDGE ( 'NONE', *, *, #9673, .T. ) ;
#1161 = DIRECTION ( 'NONE',  ( -0.000000000000000000, -0.000000000000000000, 1.000000000000000000 ) ) ;
#1162 = ORIENTED_EDGE ( 'NONE', *, *, #7318, .F. ) ;
#1163 = CALENDAR_DATE ( 2026, 18, 9 ) ;
#1164 = LINE ( 'NONE', #8808, #10340 ) ;
#1165 = CARTESIAN_POINT ( 'NONE',  ( -18.30000000000000071, -6.000000000000000000, -6.000000000000000152E-06 ) ) ;
#1166 = ORIENTED_EDGE ( 'NONE', *, *, #5112, .T. ) ;
#1167 = DIRECTION ( 'NONE',  ( -0.000000000000000000, 1.000000000000000000, 0.000000000000000000 ) ) ;
#1168 = CARTESIAN_POINT ( 'NONE',  ( 22.00000000000000355, 8.000000000000000000, 0.000000000000000000 ) ) ;
#1169 = EDGE_CURVE ( 'NONE', #9641, #630, #10792, .T. ) ;
#1170 = CC_DESIGN_PERSON_AND_ORGANIZATION_ASSIGNMENT ( #407, #303, ( #617 ) ) ;
#1171 = APPROVAL_PERSON_ORGANIZATION ( #9829, #10798, #4652 ) ;
#1172 = CARTESIAN_POINT ( 'NONE',  ( 12.00000000000000000, 12.00000000000000000, 20.00000000000000000 ) ) ;
#1173 = DATE_AND_TIME ( #10425, #2609 ) ;
#1174 = LINE ( 'NONE', #1283, #2261 ) ;
#1175 = CARTESIAN_POINT ( 'NONE',  ( 9.511064628574489532, 10.27374944521859312, 7.368648734014357160 ) ) ;
#1176 = APPROVAL_DATE_TIME ( #5342, #9099 ) ;
#1177 = PRODUCT_DEFINITION_FORMATION_WITH_SPECIFIED_SOURCE ( 'ไป', '', #6486, .NOT_KNOWN. ) ;
#1178 = ORIENTED_EDGE ( 'NONE', *, *, #1828, .T. ) ;
#1179 = CARTESIAN_POINT ( 'NONE',  ( 11.32499397577940314, 8.231471694506819148, 8.479938983346805514 ) ) ;
#1180 = DIRECTION ( 'NONE',  ( -0.000000000000000000, -0.000000000000000000, -1.000000000000000000 ) ) ;
#1181 = DIRECTION ( 'NONE',  ( -1.000000000000000000, -0.000000000000000000, -0.000000000000000000 ) ) ;
#1182 = CC_DESIGN_DATE_AND_TIME_ASSIGNMENT ( #9589, #2043, ( #974 ) ) ;
#1183 = AXIS2_PLACEMENT_3D ( 'NONE', #5935, #7691, #8648 ) ;
#1184 = PRODUCT ( 'V2_06_horn_coupler', 'V2_06_horn_coupler', '', ( #10192 ) ) ;
#1185 = CARTESIAN_POINT ( 'NONE',  ( -9.361408682914859725, 10.41030262302256482, 7.544205745375569094 ) ) ;
#1186 = CARTESIAN_POINT ( 'NONE',  ( 186.0000000000000000, 0.000000000000000000, 83.00000000000000000 ) ) ;
#1187 = CALENDAR_DATE ( 2026, 18, 9 ) ;
#1188 = EDGE_CURVE ( 'NONE', #8729, #2826, #2203, .T. ) ;
#1189 = AXIS2_PLACEMENT_3D ( 'NONE', #10688, #7350, #10848 ) ;
#1190 = ORIENTED_EDGE ( 'NONE', *, *, #8019, .F. ) ;
#1191 = CARTESIAN_POINT ( 'NONE',  ( 13.77491600510868786, 68.30006951123358760, 0.000000000000000000 ) ) ;
#1192 = ORIENTED_EDGE ( 'NONE', *, *, #399, .T. ) ;
#1193 = ORIENTED_EDGE ( 'NONE', *, *, #5964, .T. ) ;
#1194 = VERTEX_POINT ( 'NONE', #2418 ) ;
#1195 = CARTESIAN_POINT ( 'NONE',  ( -9.000000000000000000, -6.000000000000000152E-06, 4.699999999999999289 ) ) ;
#1196 = VECTOR ( 'NONE', #3503, 1000.000000000000000 ) ;
#1197 = CARTESIAN_POINT ( 'NONE',  ( 42.00000000000000000, 30.00000000000000000, -102.5000000000000000 ) ) ;
#1198 = AXIS2_PLACEMENT_3D ( 'NONE', #7247, #10633, #8978 ) ;
#1199 = EDGE_CURVE ( 'NONE', #3992, #6584, #5578, .T. ) ;
#1200 = VERTEX_POINT ( 'NONE', #3917 ) ;
#1201 = CARTESIAN_POINT ( 'NONE',  ( -11.93695299064316373, 7.315065345002940589, 8.757164273855202907 ) ) ;
#1202 = ITEM_DEFINED_TRANSFORMATION ( 'NONE', 'NONE', #1560,  #2087 ) ;
#1203 = ORIENTED_EDGE ( 'NONE', *, *, #5897, .T. ) ;
#1204 = CARTESIAN_POINT ( 'NONE',  ( 0.000000000000000000, 0.000000000000000000, 28.00000000000000000 ) ) ;
#1205 = AXIS2_PLACEMENT_3D ( 'NONE', #300, #2129, #9781 ) ;
#1206 = PLANE ( 'NONE',  #5867 ) ;
#1207 = CARTESIAN_POINT ( 'NONE',  ( -10.50000000000000000, 80.50000000000000000, 2.200000000000002398 ) ) ;
#1208 = ORIENTED_EDGE ( 'NONE', *, *, #1011, .T. ) ;
#1209 = CARTESIAN_POINT ( 'NONE',  ( -15.70000000000000284, 70.00000000000000000, 8.000000000000000000 ) ) ;
#1210 = CIRCLE ( 'NONE', #2616, 1.700000000000000178 ) ;
#1211 =( LENGTH_UNIT ( ) NAMED_UNIT ( * ) SI_UNIT ( .MILLI., .METRE. ) );
#1212 = DATE_AND_TIME ( #1979, #6234 ) ;
#1213 = CARTESIAN_POINT ( 'NONE',  ( 14.00000000000000000, 70.00000000000000000, 8.000000000000000000 ) ) ;
#1214 = EDGE_CURVE ( 'NONE', #2815, #5213, #9638, .T. ) ;
#1215 = ADVANCED_FACE ( 'NONE', ( #5758 ), #598, .T. ) ;
#1216 = ORIENTED_EDGE ( 'NONE', *, *, #7701, .F. ) ;
#1217 = CARTESIAN_POINT ( 'NONE',  ( 31.22508399488667763, -0.000000000000000000, 19.30006951123579739 ) ) ;
#1218 = CALENDAR_DATE ( 2026, 18, 9 ) ;
#1219 = AXIS2_PLACEMENT_3D ( 'NONE', #9055, #3995, #724 ) ;
#1220 = PLANE ( 'NONE',  #8740 ) ;
#1221 = CARTESIAN_POINT ( 'NONE',  ( 0.000000000000000000, 0.000000000000000000, 0.000000000000000000 ) ) ;
#1222 = ORIENTED_EDGE ( 'NONE', *, *, #3060, .F. ) ;
#1223 = AXIS2_PLACEMENT_3D ( 'NONE', #10835, #5795, #5258 ) ;
#1224 = DIRECTION ( 'NONE',  ( 1.000000000000000000, -0.000000000000000000, 0.000000000000000000 ) ) ;
#1225 = DIRECTION ( 'NONE',  ( 0.000000000000000000, 0.000000000000000000, 1.000000000000000000 ) ) ;
#1226 = AXIS2_PLACEMENT_3D ( 'NONE', #653, #4022, #9132 ) ;
#1227 = CARTESIAN_POINT ( 'NONE',  ( 40.00000000000000000, 40.00000000000000000, 40.00000000000000000 ) ) ;
#1228 = VECTOR ( 'NONE', #614, 1000.000000000000000 ) ;
#1229 = VECTOR ( 'NONE', #3158, 1000.000000000000000 ) ;
#1230 = COORDINATED_UNIVERSAL_TIME_OFFSET ( 5, 0, .BEHIND. ) ;
#1231 = CARTESIAN_POINT ( 'NONE',  ( 29.30006951123653636, 0.000000000000000000, 20.77491600511588032 ) ) ;
#1232 = ADVANCED_FACE ( 'NONE', ( #6475 ), #10589, .F. ) ;
#1233 = CARTESIAN_POINT ( 'NONE',  ( 9.170132238024914173, 10.57899323120674140, 7.858776623762611990 ) ) ;
#1234 = CALENDAR_DATE ( 2026, 18, 9 ) ;
#1235 = ORIENTED_EDGE ( 'NONE', *, *, #7286, .T. ) ;
#1236 = CARTESIAN_POINT ( 'NONE',  ( -10.65679534101080961, -0.000000000000000000, 2.557362060151740835 ) ) ;
#1237 = PRODUCT_DEFINITION_SHAPE ( 'NONE', 'NONE',  #10907 ) ;
#1238 = CARTESIAN_POINT ( 'NONE',  ( 10.00000000000000000, 0.000000000000000000, 3.000000000000000000 ) ) ;
#1239 = DIRECTION ( 'NONE',  ( 0.000000000000000000, 0.000000000000000000, -1.000000000000000000 ) ) ;
#1240 = VECTOR ( 'NONE', #1852, 1000.000000000000000 ) ;
#1241 = CARTESIAN_POINT ( 'NONE',  ( -9.291948759307684824, 10.47216675020139931, 7.641253131056851444 ) ) ;
#1242 = CARTESIAN_POINT ( 'NONE',  ( 136.0000000000000000, 0.000000000000000000, 6.000000000000000000 ) ) ;
#1243 = AXIS2_PLACEMENT_3D ( 'NONE', #542, #10784, #1375 ) ;
#1244 = PRODUCT_DEFINITION ( 'ๆ', '', #8359, #10029 ) ;
#1245 = DATE_AND_TIME ( #8774, #6775 ) ;
#1246 = ORIENTED_EDGE ( 'NONE', *, *, #5495, .T. ) ;
#1247 = DIRECTION ( 'NONE',  ( 0.000000000000000000, 0.000000000000000000, -1.000000000000000000 ) ) ;
#1248 = DIRECTION ( 'NONE',  ( -0.000000000000000000, -1.000000000000000000, -0.000000000000000000 ) ) ;
#1249 = LINE ( 'NONE', #7270, #4157 ) ;
#1250 = VERTEX_POINT ( 'NONE', #8072 ) ;
#1251 = B_SPLINE_CURVE_WITH_KNOTS ( 'NONE', 3,
 ( #10102, #2675, #2557, #2779, #9334, #7765, #5141, #8488, #957, #4326, #6006, #9388, #8547, #1013, #6885, #10267, #8611, #6939 ),
 .UNSPECIFIED., .F., .F.,
 ( 4, 2, 2, 2, 2, 2, 2, 2, 4 ),
 ( 0.000000000000000000, 0.06250000000000000000, 0.1250000000000000000, 0.1875000000000000000, 0.2500000000000000000, 0.3125000000000000000, 0.3750000000000000000, 0.4375000000000000000, 0.5000000000000000000 ),
 .UNSPECIFIED. ) ;
#1252 = DIRECTION ( 'NONE',  ( -1.000000000000000000, 0.000000000000000000, 0.000000000000000000 ) ) ;
#1253 = CIRCLE ( 'NONE', #4068, 1.700000000000000178 ) ;
#1254 = ADVANCED_FACE ( 'NONE', ( #9807 ), #9864, .F. ) ;
#1255 = DIRECTION ( 'NONE',  ( 0.000000000000000000, 0.000000000000000000, 1.000000000000000000 ) ) ;
#1256 = CC_DESIGN_PERSON_AND_ORGANIZATION_ASSIGNMENT ( #7476, #275, ( #4015 ) ) ;
#1257 = ORIENTED_EDGE ( 'NONE', *, *, #9625, .T. ) ;
#1258 = CARTESIAN_POINT ( 'NONE',  ( -11.94584366002182740, 7.300467076545174017, 8.631649655577877667 ) ) ;
#1259 = AXIS2_PLACEMENT_3D ( 'NONE', #486, #8644, #4468 ) ;
#1260 = CALENDAR_DATE ( 2026, 18, 9 ) ;
#1261 = VERTEX_POINT ( 'NONE', #7352 ) ;
#1262 = DIRECTION ( 'NONE',  ( 0.000000000000000000, -0.000000000000000000, 1.000000000000000000 ) ) ;
#1263 = CARTESIAN_POINT ( 'NONE',  ( 3.000000000000000000, 19.50000000000000000, 58.00000000000000000 ) ) ;
#1264 = VERTEX_POINT ( 'NONE', #3192 ) ;
#1265 = PLANE ( 'NONE',  #324 ) ;
#1266 = CARTESIAN_POINT ( 'NONE',  ( -11.87802137661227775, 7.410552828704601858, 10.61497946977859463 ) ) ;
#1267 = ADVANCED_FACE ( 'NONE', ( #3034 ), #6524, .F. ) ;
#1268 = VECTOR ( 'NONE', #4323, 1000.000000000000000 ) ;
#1269 = DATE_AND_TIME ( #3630, #8331 ) ;
#1270 = LINE ( 'NONE', #4574, #4053 ) ;
#1271 = EDGE_LOOP ( 'NONE', ( #6404, #4818, #4214, #7051 ) ) ;
#1272 = DIRECTION ( 'NONE',  ( -0.000000000000000000, -0.000000000000000000, -1.000000000000000000 ) ) ;
#1273 = ORIENTED_EDGE ( 'NONE', *, *, #3228, .T. ) ;
#1274 = CARTESIAN_POINT ( 'NONE',  ( -7.343134931576937419, 30.55753025008622359, -0.000000000000000000 ) ) ;
#1275 = LINE ( 'NONE', #2918, #2005 ) ;
#1276 = CARTESIAN_POINT ( 'NONE',  ( -15.59999999999999964, 67.50000000000000000, -1.200000000000000030E-05 ) ) ;
#1277 = PLANE ( 'NONE',  #7280 ) ;
#1278 = ORIENTED_EDGE ( 'NONE', *, *, #3332, .T. ) ;
#1279 = ADVANCED_FACE ( 'NONE', ( #5704 ), #1597, .F. ) ;
#1280 = EDGE_CURVE ( 'NONE', #7026, #3963, #1757, .T. ) ;
#1281 = DIRECTION ( 'NONE',  ( 0.000000000000000000, 0.000000000000000000, 1.000000000000000000 ) ) ;
#1282 = APPROVAL_STATUS ( 'not_yet_approved' ) ;
#1283 = CARTESIAN_POINT ( 'NONE',  ( 0.000000000000000000, 0.000000000000000000, 40.00000000000000000 ) ) ;
#1284 = VERTEX_POINT ( 'NONE', #4241 ) ;
#1285 = CARTESIAN_POINT ( 'NONE',  ( 0.8803804287024865616, 2.463630117896262739, -0.000000000000000000 ) ) ;
#1286 = PERSON_AND_ORGANIZATION ( #10500, #8573 ) ;
#1287 = ORIENTED_EDGE ( 'NONE', *, *, #10229, .T. ) ;
#1288 = DIRECTION ( 'NONE',  ( 0.000000000000000000, 0.000000000000000000, 1.000000000000000000 ) ) ;
#1289 = FACE_BOUND ( 'NONE', #1638, .T. ) ;
#1290 = DIRECTION ( 'NONE',  ( -0.000000000000000000, -0.000000000000000000, -1.000000000000000000 ) ) ;
#1291 = DIRECTION ( 'NONE',  ( 0.000000000000000000, -0.000000000000000000, -1.000000000000000000 ) ) ;
#1292 = EDGE_CURVE ( 'NONE', #8727, #4443, #3300, .T. ) ;
#1293 = ADVANCED_BREP_SHAPE_REPRESENTATION ( '', ( #8612, #2087 ), #8562 ) ;
#1294 = CARTESIAN_POINT ( 'NONE',  ( -21.04287395703016728, -32.63880920472809777, 0.000000000000000000 ) ) ;
#1295 = APPROVAL_DATE_TIME ( #1408, #3659 ) ;
#1296 = ORIENTED_EDGE ( 'NONE', *, *, #3549, .F. ) ;
#1297 = CARTESIAN_POINT ( 'NONE',  ( -1.951082218127032863, 1.724833573237032125, 0.000000000000000000 ) ) ;
#1298 = ORIENTED_EDGE ( 'NONE', *, *, #2389, .F. ) ;
#1299 = DIRECTION ( 'NONE',  ( 0.000000000000000000, -0.000000000000000000, 1.000000000000000000 ) ) ;
#1300 = DIRECTION ( 'NONE',  ( 0.000000000000000000, 0.000000000000000000, 1.000000000000000000 ) ) ;
#1301 = CC_DESIGN_DATE_AND_TIME_ASSIGNMENT ( #1643, #8509, ( #3241 ) ) ;
#1302 = CARTESIAN_POINT ( 'NONE',  ( 31.00000000203100470, 288.0000000002901288, -20.00000000000000000 ) ) ;
#1303 = LOCAL_TIME ( 6, 20, 19.00000000000000000, #610 ) ;
#1304 = VERTEX_POINT ( 'NONE', #3521 ) ;
#1305 = LINE ( 'NONE', #9841, #9160 ) ;
#1306 = DATE_AND_TIME ( #10347, #9228 ) ;
#1307 = VERTEX_POINT ( 'NONE', #4291 ) ;
#1308 = DIRECTION ( 'NONE',  ( 0.000000000000000000, 0.000000000000000000, 1.000000000000000000 ) ) ;
#1309 = DIRECTION ( 'NONE',  ( 0.000000000000000000, 0.000000000000000000, 1.000000000000000000 ) ) ;
#1310 = ORIENTED_EDGE ( 'NONE', *, *, #10271, .F. ) ;
#1311 = CARTESIAN_POINT ( 'NONE',  ( 27.69999999999999929, 45.00000000000000000, -8.271806125530276749E-22 ) ) ;
#1312 = CIRCLE ( 'NONE', #954, 2.500000000000000000 ) ;
#1313 = VERTEX_POINT ( 'NONE', #5862 ) ;
#1314 = APPROVAL ( #5395, 'ๆช' ) ;
#1315 = DIRECTION ( 'NONE',  ( 0.000000000000000000, 0.000000000000000000, -1.000000000000000000 ) ) ;
#1316 = LOCAL_TIME ( 6, 20, 19.00000000000000000, #4986 ) ;
#1317 = EDGE_LOOP ( 'NONE', ( #8683, #5001, #3545, #5382 ) ) ;
#1318 = CALENDAR_DATE ( 2026, 18, 9 ) ;
#1319 = PRODUCT_DEFINITION_SHAPE ( 'NONE', 'NONE',  #10902 ) ;
#1320 = DIRECTION ( 'NONE',  ( 0.000000000000000000, -0.000000000000000000, -1.000000000000000000 ) ) ;
#1321 = CIRCLE ( 'NONE', #616, 2.500000000000000000 ) ;
#1322 = EDGE_LOOP ( 'NONE', ( #2841, #8221, #8932, #2692 ) ) ;
#1323 = FACE_OUTER_BOUND ( 'NONE', #3730, .T. ) ;
#1324 = CALENDAR_DATE ( 2026, 18, 9 ) ;
#1325 = EDGE_CURVE ( 'NONE', #4113, #5455, #808, .T. ) ;
#1326 = LOCAL_TIME ( 6, 20, 19.00000000000000000, #632 ) ;
#1327 = CARTESIAN_POINT ( 'NONE',  ( -7.515674657884687804, 30.14134607987247705, 0.000000000000000000 ) ) ;
#1328 = LINE ( 'NONE', #1221, #3951 ) ;
#1329 = EDGE_CURVE ( 'NONE', #7207, #10275, #8576, .T. ) ;
#1330 = DIRECTION ( 'NONE',  ( 0.000000000000000000, -1.000000000000000000, 0.000000000000000000 ) ) ;
#1331 = FACE_BOUND ( 'NONE', #356, .T. ) ;
#1332 = CC_DESIGN_APPROVAL ( #1647, ( #1784 ) ) ;
#1333 = DIRECTION ( 'NONE',  ( 0.000000000000000000, -0.000000000000000000, -1.000000000000000000 ) ) ;
#1334 = PERSON_AND_ORGANIZATION ( #10500, #8573 ) ;
#1335 = CARTESIAN_POINT ( 'NONE',  ( 29.34333309900548414, 0.000000000000000000, 21.44258473825093603 ) ) ;
#1336 = ORIENTED_EDGE ( 'NONE', *, *, #8735, .T. ) ;
#1337 = CARTESIAN_POINT ( 'NONE',  ( 9.047774080068554881, 10.68363060322405289, 8.231058013007709562 ) ) ;
#1338 = PERSON_AND_ORGANIZATION ( #10500, #8573 ) ;
#1339 = ADVANCED_FACE ( 'NONE', ( #10851 ), #3404, .T. ) ;
#1340 = VERTEX_POINT ( 'NONE', #94 ) ;
#1341 = CARTESIAN_POINT ( 'NONE',  ( 0.000000000000000000, 0.000000000000000000, 4.000000000000000000 ) ) ;
#1342 = CARTESIAN_POINT ( 'NONE',  ( -10.50000000000000000, 59.50000000000000000, -1.200000000000000030E-05 ) ) ;
#1343 = CC_DESIGN_APPROVAL ( #5928, ( #9958 ) ) ;
#1344 = DIRECTION ( 'NONE',  ( 0.000000000000000000, 0.000000000000000000, -1.000000000000000000 ) ) ;
#1345 = CARTESIAN_POINT ( 'NONE',  ( -9.841304759421173998, 9.959976315290019144, 7.081349739459778192 ) ) ;
#1346 = CC_DESIGN_APPROVAL ( #8075, ( #9435 ) ) ;
#1347 = DIRECTION ( 'NONE',  ( 0.000000000000000000, 0.000000000000000000, -1.000000000000000000 ) ) ;
#1348 = DATE_AND_TIME ( #3715, #7290 ) ;
#1349 = EDGE_CURVE ( 'NONE', #9628, #4538, #8397, .T. ) ;
#1350 = EDGE_CURVE ( 'NONE', #3616, #2801, #8775, .T. ) ;
#1351 = ORIENTED_EDGE ( 'NONE', *, *, #2062, .F. ) ;
#1352 = CARTESIAN_POINT ( 'NONE',  ( 0.000000000000000000, 0.000000000000000000, 90.00000000000000000 ) ) ;
#1353 = DIRECTION ( 'NONE',  ( 0.000000000000000000, 0.000000000000000000, 1.000000000000000000 ) ) ;
#1354 = APPLICATION_CONTEXT ( 'configuration controlled 3d designs of mechanical parts and assemblies' ) ;
#1355 = DIRECTION ( 'NONE',  ( 0.000000000000000000, 0.000000000000000000, -1.000000000000000000 ) ) ;
#1356 = APPROVAL_PERSON_ORGANIZATION ( #9593, #2717, #2825 ) ;
#1357 = CARTESIAN_POINT ( 'NONE',  ( 20.00000000000000000, -6.000000000000000000, -1.200000000000000030E-05 ) ) ;
#1358 = ORIENTED_EDGE ( 'NONE', *, *, #4852, .T. ) ;
#1359 = CIRCLE ( 'NONE', #3993, 1.700000000000000178 ) ;
#1360 = PERSON_AND_ORGANIZATION ( #10500, #8573 ) ;
#1361 = ORIENTED_EDGE ( 'NONE', *, *, #6832, .F. ) ;
#1362 = FACE_BOUND ( 'NONE', #6345, .T. ) ;
#1363 = DATE_AND_TIME ( #2341, #1326 ) ;
#1364 = VERTEX_POINT ( 'NONE', #6801 ) ;
#1365 = DIRECTION ( 'NONE',  ( 0.000000000000000000, 0.000000000000000000, 1.000000000000000000 ) ) ;
#1366 = LINE ( 'NONE', #2240, #959 ) ;
#1367 = CIRCLE ( 'NONE', #5914, 5.799999999999999822 ) ;
#1368 = CARTESIAN_POINT ( 'NONE',  ( -20.00000000000000000, -6.000000000000000000, -1.200000000000000030E-05 ) ) ;
#1369 = AXIS2_PLACEMENT_3D ( 'NONE', #8786, #7884, #6286 ) ;
#1370 = EDGE_LOOP ( 'NONE', ( #6550, #9955, #3568, #9594 ) ) ;
#1371 = CARTESIAN_POINT ( 'NONE',  ( -11.68331879213512003, 7.714078201723205019, 11.11793864516132224 ) ) ;
#1372 = ORIENTED_EDGE ( 'NONE', *, *, #5027, .T. ) ;
#1373 = VECTOR ( 'NONE', #7403, 1000.000000000000000 ) ;
#1374 = PERSON_AND_ORGANIZATION_ROLE ( 'design_owner' ) ;
#1375 = DIRECTION ( 'NONE',  ( -1.000000000000000000, 0.000000000000000000, 0.000000000000000000 ) ) ;
#1376 = AXIS2_PLACEMENT_3D ( 'NONE', #3066, #9788, #5530 ) ;
#1377 = PRODUCT_DEFINITION_FORMATION_WITH_SPECIFIED_SOURCE ( 'ไป', '', #8337, .NOT_KNOWN. ) ;
#1378 = EDGE_LOOP ( 'NONE', ( #9745, #5642, #1278, #7833 ) ) ;
#1379 = DIRECTION ( 'NONE',  ( -0.000000000000000000, -0.000000000000000000, -1.000000000000000000 ) ) ;
#1380 = APPROVAL ( #10581, 'ๆช' ) ;
#1381 = ITEM_DEFINED_TRANSFORMATION ( 'NONE', 'NONE', #828,  #2087 ) ;
#1382 = DIRECTION ( 'NONE',  ( 1.000000000000000000, 0.000000000000000000, 0.000000000000000000 ) ) ;
#1383 = CARTESIAN_POINT ( 'NONE',  ( 21.69993048876495223, 0.000000000000000000, 12.22508399488808628 ) ) ;
#1384 = PLANE ( 'NONE',  #6093 ) ;
#1385 = FACE_OUTER_BOUND ( 'NONE', #9513, .T. ) ;
#1386 = VECTOR ( 'NONE', #10426, 1000.000000000000000 ) ;
#1387 = ORIENTED_EDGE ( 'NONE', *, *, #8380, .F. ) ;
#1388 = EDGE_CURVE ( 'NONE', #7670, #1843, #5160, .T. ) ;
#1389 = DIRECTION ( 'NONE',  ( 0.000000000000000000, -1.000000000000000000, 0.000000000000000000 ) ) ;
#1390 = ORIENTED_EDGE ( 'NONE', *, *, #9523, .F. ) ;
#1391 = CALENDAR_DATE ( 2026, 18, 9 ) ;
#1392 = DIRECTION ( 'NONE',  ( -0.000000000000000000, -0.000000000000000000, 1.000000000000000000 ) ) ;
#1393 = EDGE_LOOP ( 'NONE', ( #868, #10332 ) ) ;
#1394 = EDGE_LOOP ( 'NONE', ( #3792, #4788, #7229, #3457, #1421, #1544 ) ) ;
#1395 = CARTESIAN_POINT ( 'NONE',  ( 0.000000000000000000, 0.000000000000000000, 0.000000000000000000 ) ) ;
#1396 = EDGE_CURVE ( 'NONE', #8000, #6127, #10187, .T. ) ;
#1397 = CIRCLE ( 'NONE', #9861, 1.699999999999998401 ) ;
#1398 = EDGE_CURVE ( 'NONE', #4696, #10310, #160, .T. ) ;
#1399 = COORDINATED_UNIVERSAL_TIME_OFFSET ( 5, 0, .BEHIND. ) ;
#1400 = ORIENTED_EDGE ( 'NONE', *, *, #268, .F. ) ;
#1401 = CYLINDRICAL_SURFACE ( 'NONE', #4483, 1.700000000000000178 ) ;
#1402 = LINE ( 'NONE', #8138, #1574 ) ;
#1403 = FACE_BOUND ( 'NONE', #3899, .T. ) ;
#1404 = CARTESIAN_POINT ( 'NONE',  ( -10.37396001519468314, 9.404709442637161132, 10.16344665213695109 ) ) ;
#1405 = VECTOR ( 'NONE', #6285, 1000.000000000000000 ) ;
#1406 = EDGE_CURVE ( 'NONE', #2834, #3387, #2470, .T. ) ;
#1407 = DIRECTION ( 'NONE',  ( -0.000000000000000000, -0.000000000000000000, 1.000000000000000000 ) ) ;
#1408 = DATE_AND_TIME ( #1187, #10670 ) ;
#1409 = ORIENTED_EDGE ( 'NONE', *, *, #6085, .T. ) ;
#1410 = AXIS2_PLACEMENT_3D ( 'NONE', #9018, #9627, #5538 ) ;
#1411 = VECTOR ( 'NONE', #1055, 1000.000000000000000 ) ;
#1412 = CARTESIAN_POINT ( 'NONE',  ( -27.69999999999999929, -57.00000000000000000, 5.000000000000000000 ) ) ;
#1413 = DIRECTION ( 'NONE',  ( 0.000000000000000000, 0.000000000000000000, 1.000000000000000000 ) ) ;
#1414 = DIRECTION ( 'NONE',  ( -0.000000000000000000, -0.000000000000000000, 1.000000000000000000 ) ) ;
#1415 = PRODUCT_DEFINITION_SHAPE ( 'NONE', 'NONE',  #10917 ) ;
#1416 = EDGE_CURVE ( 'NONE', #6508, #7670, #2645, .T. ) ;
#1417 = EDGE_CURVE ( 'NONE', #4271, #3529, #5053, .T. ) ;
#1418 = CIRCLE ( 'NONE', #5782, 5.799999999999999822 ) ;
#1419 = CIRCLE ( 'NONE', #2795, 1.700000000000000178 ) ;
#1420 = PERSON_AND_ORGANIZATION ( #10500, #8573 ) ;
#1421 = ORIENTED_EDGE ( 'NONE', *, *, #8087, .T. ) ;
#1422 = CARTESIAN_POINT ( 'NONE',  ( 0.000000000000000000, 0.000000000000000000, 58.00000000000000000 ) ) ;
#1423 = VERTEX_POINT ( 'NONE', #5977 ) ;
#1424 = CARTESIAN_POINT ( 'NONE',  ( 29.34320465898919750, 49.44263793984767830, -0.000000000000000000 ) ) ;
#1425 = CARTESIAN_POINT ( 'NONE',  ( 31.60000000000000142, 72.50000000000000000, -1.200000000000000030E-05 ) ) ;
#1426 = VECTOR ( 'NONE', #4032, 1000.000000000000000 ) ;
#1427 = EDGE_LOOP ( 'NONE', ( #5416, #7721, #9817, #7820 ) ) ;
#1428 = CARTESIAN_POINT ( 'NONE',  ( 24.30000000000000071, 45.00000000000000000, 5.000000000000000000 ) ) ;
#1429 = CARTESIAN_POINT ( 'NONE',  ( -10.69999999999999929, 49.00000000000000000, -6.000000000000000152E-06 ) ) ;
#1430 = EDGE_CURVE ( 'NONE', #3961, #2962, #1808, .T. ) ;
#1431 = ORIENTED_EDGE ( 'NONE', *, *, #5420, .F. ) ;
#1432 = AXIS2_PLACEMENT_3D ( 'NONE', #7396, #9023, #10584 ) ;
#1433 = ADVANCED_BREP_SHAPE_REPRESENTATION ( '', ( #970, #2087 ), #5917 ) ;
#1434 = DIRECTION ( 'NONE',  ( 0.000000000000000000, 0.000000000000000000, -1.000000000000000000 ) ) ;
#1435 = ORIENTED_EDGE ( 'NONE', *, *, #1416, .T. ) ;
#1436 = DIRECTION ( 'NONE',  ( -0.000000000000000000, -0.000000000000000000, -1.000000000000000000 ) ) ;
#1437 = DATE_TIME_ROLE ( 'classification_date' ) ;
#1438 = DIRECTION ( 'NONE',  ( 0.000000000000000000, 0.000000000000000000, 1.000000000000000000 ) ) ;
#1439 = DIRECTION ( 'NONE',  ( -0.000000000000000000, -0.000000000000000000, 1.000000000000000000 ) ) ;
#1440 = DIRECTION ( 'NONE',  ( 0.000000000000000000, 0.000000000000000000, -1.000000000000000000 ) ) ;
#1441 = CARTESIAN_POINT ( 'NONE',  ( 0.000000000000000000, 0.000000000000000000, 12.00000000000000000 ) ) ;
#1442 = PRODUCT_RELATED_PRODUCT_CATEGORY ( 'detail', '', ( #3169 ) ) ;
#1443 = DIRECTION ( 'NONE',  ( 0.000000000000000000, 0.000000000000000000, 1.000000000000000000 ) ) ;
#1444 = ORIENTED_EDGE ( 'NONE', *, *, #3117, .T. ) ;
#1445 = APPROVAL_STATUS ( 'not_yet_approved' ) ;
#1446 = FACE_OUTER_BOUND ( 'NONE', #5722, .T. ) ;
#1447 = AXIS2_PLACEMENT_3D ( 'NONE', #10263, #1782, #953 ) ;
#1448 = LINE ( 'NONE', #3980, #4235 ) ;
#1449 = APPROVAL_DATE_TIME ( #5771, #8204 ) ;
#1450 = CARTESIAN_POINT ( 'NONE',  ( 122.2999999999999972, 2.081899558550508908E-16, -6.000000000000000152E-06 ) ) ;
#1451 = DIRECTION ( 'NONE',  ( 0.000000000000000000, 0.000000000000000000, 1.000000000000000000 ) ) ;
#1452 = CARTESIAN_POINT ( 'NONE',  ( 20.00000000000000000, 0.000000000000000000, 0.000000000000000000 ) ) ;
#1453 = VERTEX_POINT ( 'NONE', #983 ) ;
#1454 = CARTESIAN_POINT ( 'NONE',  ( 20.00000000000000000, -1.200000000000000030E-05, 12.00000000000000000 ) ) ;
#1455 = ORIENTED_EDGE ( 'NONE', *, *, #4449, .T. ) ;
#1456 = CC_DESIGN_PERSON_AND_ORGANIZATION_ASSIGNMENT ( #481, #3025, ( #6057 ) ) ;
#1457 = DIRECTION ( 'NONE',  ( -1.000000000000000000, 0.000000000000000000, 0.000000000000000000 ) ) ;
#1458 = PRODUCT_DEFINITION_SHAPE ( 'NONE', 'NONE',  #7609 ) ;
#1459 = DATE_AND_TIME ( #6712, #6594 ) ;
#1460 = ORIENTED_EDGE ( 'NONE', *, *, #9532, .T. ) ;
#1461 = EDGE_CURVE ( 'NONE', #730, #9449, #7512, .T. ) ;
#1462 = DIRECTION ( 'NONE',  ( 0.000000000000000000, 1.000000000000000000, 0.000000000000000000 ) ) ;
#1463 = CARTESIAN_POINT ( 'NONE',  ( -12.30000000000000071, 70.00000000000000000, -1.200000000000000030E-05 ) ) ;
#1464 = DIRECTION ( 'NONE',  ( 0.000000000000000000, 0.000000000000000000, 1.000000000000000000 ) ) ;
#1465 = ORIENTED_EDGE ( 'NONE', *, *, #8217, .T. ) ;
#1466 = CARTESIAN_POINT ( 'NONE',  ( -19.55741526174779210, -0.000000000000000000, 13.65666690099398828 ) ) ;
#1467 = APPROVAL_ROLE ( '' ) ;
#1468 = EDGE_CURVE ( 'NONE', #4097, #9407, #1648, .T. ) ;
#1469 = EDGE_LOOP ( 'NONE', ( #6008, #9238, #7071, #10448 ) ) ;
#1470 = LINE ( 'NONE', #1579, #10163 ) ;
#1471 = EDGE_CURVE ( 'NONE', #3963, #1492, #153, .T. ) ;
#1472 = CARTESIAN_POINT ( 'NONE',  ( -12.00000000000000000, -12.00000000000000000, 0.000000000000000000 ) ) ;
#1473 = ORIENTED_EDGE ( 'NONE', *, *, #9403, .T. ) ;
#1474 = DIRECTION ( 'NONE',  ( -1.000000000000000000, 0.000000000000000000, 0.000000000000000000 ) ) ;
#1475 = PLANE ( 'NONE',  #10731 ) ;
#1476 = B_SPLINE_CURVE_WITH_KNOTS ( 'NONE', 3,
 ( #2689, #7564, #2519, #8391, #1749, #9352, #1802, #9405, #6628, #977, #8567, #2639, #1642, #30, #4344, #7451, #10012, #1693 ),
 .UNSPECIFIED., .F., .F.,
 ( 4, 2, 2, 2, 2, 2, 2, 2, 4 ),
 ( -3.330669073875469621E-16, 0.06249999999999975020, 0.1249999999999998335, 0.1874999999999999167, 0.2500000000000000000, 0.3125000000000001110, 0.3750000000000001665, 0.4375000000000002220, 0.5000000000000003331 ),
 .UNSPECIFIED. ) ;
#1477 = ORIENTED_EDGE ( 'NONE', *, *, #6206, .F. ) ;
#1478 = CARTESIAN_POINT ( 'NONE',  ( 24.30000000000000071, 45.00000000000000000, -1.200000000000000030E-05 ) ) ;
#1479 = EDGE_LOOP ( 'NONE', ( #10643, #9277 ) ) ;
#1480 = DIRECTION ( 'NONE',  ( 0.000000000000000000, -0.000000000000000000, -1.000000000000000000 ) ) ;
#1481 = COORDINATED_UNIVERSAL_TIME_OFFSET ( 5, 0, .BEHIND. ) ;
#1482 = EDGE_CURVE ( 'NONE', #4443, #2082, #9411, .T. ) ;
#1483 = CARTESIAN_POINT ( 'NONE',  ( 14.00000000000000000, 70.00000000000000000, -1.200000000000000030E-05 ) ) ;
#1484 = EDGE_CURVE ( 'NONE', #161, #227, #9835, .T. ) ;
#1485 = AXIS2_PLACEMENT_3D ( 'NONE', #8016, #1439, #10632 ) ;
#1486 = CARTESIAN_POINT ( 'NONE',  ( 136.8584857301911200, 1.484395069527666866, 0.000000000000000000 ) ) ;
#1487 = LINE ( 'NONE', #4077, #1373 ) ;
#1488 = ORGANIZATION ( 'NAUO-ORG3', 'UNSPECIFIED', 'UNSPECIFIED' ) ;
#1489 = CARTESIAN_POINT ( 'NONE',  ( -28.00000000000000000, 0.000000000000000000, 24.00000000000000000 ) ) ;
#1490 = CARTESIAN_POINT ( 'NONE',  ( 21.69999999999999929, -34.00000000000000000, -1.200000000000000030E-05 ) ) ;
#1491 = CIRCLE ( 'NONE', #2012, 1.700000000000000178 ) ;
#1492 = VERTEX_POINT ( 'NONE', #3940 ) ;
#1493 = APPROVAL_STATUS ( 'not_yet_approved' ) ;
#1494 = DIRECTION ( 'NONE',  ( -0.000000000000000000, -0.000000000000000000, 1.000000000000000000 ) ) ;
#1495 = CC_DESIGN_APPROVAL ( #3588, ( #3953 ) ) ;
#1496 = EDGE_LOOP ( 'NONE', ( #3706, #1644, #8643, #7148 ) ) ;
#1497 = CARTESIAN_POINT ( 'NONE',  ( -10.50000000000000000, 80.50000000000000000, 3.799999999999998046 ) ) ;
#1498 = PERSON_AND_ORGANIZATION ( #10500, #8573 ) ;
#1499 = CARTESIAN_POINT ( 'NONE',  ( 14.00000000000000000, 0.000000000000000000, 2.000000000000000000 ) ) ;
#1500 = CC_DESIGN_PERSON_AND_ORGANIZATION_ASSIGNMENT ( #6360, #6146, ( #3417 ) ) ;
#1501 = PRODUCT_DEFINITION_SHAPE ( 'NONE', 'NONE',  #10895 ) ;
#1502 = CARTESIAN_POINT ( 'NONE',  ( 10.72380529476361488, 9.000000000000204281, 10.20000000000065477 ) ) ;
#1503 = DIRECTION ( 'NONE',  ( -0.000000000000000000, 1.000000000000000000, 0.000000000000000000 ) ) ;
#1504 = VECTOR ( 'NONE', #6817, 1000.000000000000000 ) ;
#1505 = ORIENTED_EDGE ( 'NONE', *, *, #6604, .F. ) ;
#1506 = CC_DESIGN_SECURITY_CLASSIFICATION ( #10118, ( #10912 ) ) ;
#1507 = DIRECTION ( 'NONE',  ( 0.000000000000000000, -1.000000000000000000, 0.000000000000000000 ) ) ;
#1508 = VECTOR ( 'NONE', #5275, 1000.000000000000000 ) ;
#1509 = CARTESIAN_POINT ( 'NONE',  ( 29.30000000000000071, 49.00000000000000000, -6.000000000000000152E-06 ) ) ;
#1510 = APPROVAL_DATE_TIME ( #1245, #6257 ) ;
#1511 = CC_DESIGN_APPROVAL ( #9794, ( #7274 ) ) ;
#1512 = ORIENTED_EDGE ( 'NONE', *, *, #9770, .F. ) ;
#1513 = CC_DESIGN_DATE_AND_TIME_ASSIGNMENT ( #7927, #3111, ( #3465 ) ) ;
#1514 = DIRECTION ( 'NONE',  ( -1.000000000000000000, 0.000000000000000000, -0.000000000000000000 ) ) ;
#1515 = CARTESIAN_POINT ( 'NONE',  ( -20.00000000000000000, -6.000000000000000152E-06, 10.30000000000000071 ) ) ;
#1516 = FACE_OUTER_BOUND ( 'NONE', #6185, .T. ) ;
#1517 = SECURITY_CLASSIFICATION ( '', '', #1747 ) ;
#1518 = ORIENTED_EDGE ( 'NONE', *, *, #9216, .F. ) ;
#1519 = ADVANCED_FACE ( 'NONE', ( #3892, #5469, #4408, #7163 ), #4659, .T. ) ;
#1520 = ORIENTED_EDGE ( 'NONE', *, *, #10098, .T. ) ;
#1521 = DIRECTION ( 'NONE',  ( -0.000000000000000000, -0.000000000000000000, -1.000000000000000000 ) ) ;
#1522 = DATE_AND_TIME ( #4820, #1150 ) ;
#1523 = CC_DESIGN_APPROVAL ( #2911, ( #4198 ) ) ;
#1524 = VERTEX_POINT ( 'NONE', #5631 ) ;
#1525 = DIRECTION ( 'NONE',  ( -1.000000000000000000, -0.000000000000000000, -0.000000000000000000 ) ) ;
#1526 = LINE ( 'NONE', #7389, #4490 ) ;
#1527 = ORIENTED_EDGE ( 'NONE', *, *, #10217, .T. ) ;
#1528 = B_SPLINE_CURVE_WITH_KNOTS ( 'NONE', 3,
 ( #3880, #2933, #283, #3820, #6164, #10601, #8825, #5457, #7151, #7972, #2051, #7210, #9597, #7041 ),
 .UNSPECIFIED., .F., .F.,
 ( 4, 2, 2, 2, 2, 2, 4 ),
 ( 0.000000000000000000, 0.05322997919402821382, 0.07984496879104228950, 0.1064599583880563721, 0.1330749479850704686, 0.1596899375820845512, 0.2129199167761126610 ),
 .UNSPECIFIED. ) ;
#1529 = CARTESIAN_POINT ( 'NONE',  ( -11.59999999999999964, 77.50000000000000000, -1.200000000000000030E-05 ) ) ;
#1530 = CARTESIAN_POINT ( 'NONE',  ( 21.36119079527021114, -4.957126042968710067, 0.000000000000000000 ) ) ;
#1531 = VECTOR ( 'NONE', #3418, 1000.000000000000000 ) ;
#1532 = ORIENTED_EDGE ( 'NONE', *, *, #1131, .T. ) ;
#1533 = EDGE_CURVE ( 'NONE', #4271, #8810, #3115, .T. ) ;
#1534 = LINE ( 'NONE', #2304, #4585 ) ;
#1535 = ORIENTED_EDGE ( 'NONE', *, *, #9539, .F. ) ;
#1536 = PLANE ( 'NONE',  #10580 ) ;
#1537 = VECTOR ( 'NONE', #5975, 1000.000000000000000 ) ;
#1538 = DIRECTION ( 'NONE',  ( -0.000000000000000000, -0.000000000000000000, 1.000000000000000000 ) ) ;
#1539 = PLANE ( 'NONE',  #6548 ) ;
#1540 = ORIENTED_EDGE ( 'NONE', *, *, #4768, .F. ) ;
#1541 = LINE ( 'NONE', #5605, #3121 ) ;
#1542 = AXIS2_PLACEMENT_3D ( 'NONE', #9533, #8811, #4528 ) ;
#1543 = CARTESIAN_POINT ( 'NONE',  ( 125.7000000000000028, 0.2252519565404662583, 0.000000000000000000 ) ) ;
#1544 = ORIENTED_EDGE ( 'NONE', *, *, #656, .F. ) ;
#1545 = VECTOR ( 'NONE', #8421, 1000.000000000000000 ) ;
#1546 = EDGE_CURVE ( 'NONE', #7613, #8686, #1249, .T. ) ;
#1547 = PLANE ( 'NONE',  #845 ) ;
#1548 = EDGE_CURVE ( 'NONE', #9688, #5750, #7932, .T. ) ;
#1549 = APPROVAL_ROLE ( '' ) ;
#1550 = CARTESIAN_POINT ( 'NONE',  ( 31.19999999999999929, -1.200000000000000030E-05, 1.311805698386587116 ) ) ;
#1551 = ORIENTED_EDGE ( 'NONE', *, *, #122, .T. ) ;
#1552 = VERTEX_POINT ( 'NONE', #6447 ) ;
#1553 = CARTESIAN_POINT ( 'NONE',  ( 35.60000000000000142, 62.50000000000000000, -1.200000000000000030E-05 ) ) ;
#1554 = PERSON_AND_ORGANIZATION ( #10500, #8573 ) ;
#1555 = CARTESIAN_POINT ( 'NONE',  ( -0.8804363128452402654, 2.463541317978307887, -0.000000000000000000 ) ) ;
#1556 = CARTESIAN_POINT ( 'NONE',  ( 32.69999999999999574, 48.77438419509697098, -0.000000000000000000 ) ) ;
#1557 = AXIS2_PLACEMENT_3D ( 'NONE', #4949, #7253, #9034 ) ;
#1558 = FACE_BOUND ( 'NONE', #10517, .T. ) ;
#1559 = CARTESIAN_POINT ( 'NONE',  ( 31.60000000000000142, 0.000000000000000000, 6.000000000000000000 ) ) ;
#1560 = AXIS2_PLACEMENT_3D ( 'NONE', #3943, #5472, #4960 ) ;
#1561 = EDGE_CURVE ( 'NONE', #2301, #165, #3004, .T. ) ;
#1562 = APPLICATION_CONTEXT ( 'configuration controlled 3d designs of mechanical parts and assemblies' ) ;
#1563 = DIRECTION ( 'NONE',  ( 1.000000000000000000, 0.000000000000000000, 0.000000000000000000 ) ) ;
#1564 = APPROVAL_STATUS ( 'not_yet_approved' ) ;
#1565 = ORIENTED_EDGE ( 'NONE', *, *, #6034, .F. ) ;
#1566 = DIRECTION ( 'NONE',  ( -0.000000000000000000, -0.000000000000000000, 1.000000000000000000 ) ) ;
#1567 = CARTESIAN_POINT ( 'NONE',  ( -13.77491600510831482, 71.69993048876644082, 0.000000000000000000 ) ) ;
#1568 = VECTOR ( 'NONE', #7584, 1000.000000000000000 ) ;
#1569 = AXIS2_PLACEMENT_3D ( 'NONE', #5569, #7924, #10435 ) ;
#1570 = CARTESIAN_POINT ( 'NONE',  ( -10.72380529476374278, 9.000000000000252243, 11.70000000000124984 ) ) ;
#1571 = LINE ( 'NONE', #8311, #8771 ) ;
#1572 = CC_DESIGN_PERSON_AND_ORGANIZATION_ASSIGNMENT ( #8305, #6597, ( #4198 ) ) ;
#1573 = AXIS2_PLACEMENT_3D ( 'NONE', #747, #3144, #5552 ) ;
#1574 = VECTOR ( 'NONE', #4958, 1000.000000000000000 ) ;
#1575 = CIRCLE ( 'NONE', #3328, 14.00000000000000000 ) ;
#1576 = ORIENTED_EDGE ( 'NONE', *, *, #7349, .F. ) ;
#1577 = DIRECTION ( 'NONE',  ( -0.000000000000000000, 1.000000000000000000, 0.000000000000000000 ) ) ;
#1578 = VERTEX_POINT ( 'NONE', #7736 ) ;
#1579 = CARTESIAN_POINT ( 'NONE',  ( 0.000000000000000000, 20.00000000000000000, 0.000000000000000000 ) ) ;
#1580 = LINE ( 'NONE', #5034, #1146 ) ;
#1581 = EDGE_CURVE ( 'NONE', #10081, #4097, #9790, .T. ) ;
#1582 = VERTEX_POINT ( 'NONE', #5579 ) ;
#1583 = CARTESIAN_POINT ( 'NONE',  ( 35.00000000000000000, 70.00000000000000000, 0.000000000000000000 ) ) ;
#1584 = VECTOR ( 'NONE', #6696, 1000.000000000000000 ) ;
#1585 = CARTESIAN_POINT ( 'NONE',  ( 19.14146106821058879, -4.515476490455744063, -0.000000000000000000 ) ) ;
#1586 = VERTEX_POINT ( 'NONE', #6905 ) ;
#1587 = CC_DESIGN_PERSON_AND_ORGANIZATION_ASSIGNMENT ( #8655, #2710, ( #4015 ) ) ;
#1588 =( NAMED_UNIT ( * ) SI_UNIT ( $, .STERADIAN. ) SOLID_ANGLE_UNIT ( ) );
#1589 = CARTESIAN_POINT ( 'NONE',  ( -14.85848573020151342, 68.51560493047469436, 0.000000000000000000 ) ) ;
#1590 = VERTEX_POINT ( 'NONE', #10443 ) ;
#1591 = DIRECTION ( 'NONE',  ( -1.000000000000000000, 0.000000000000000000, 0.000000000000000000 ) ) ;
#1592 = CIRCLE ( 'NONE', #7897, 1.700000000000007061 ) ;
#1593 = ORIENTED_EDGE ( 'NONE', *, *, #1800, .T. ) ;
#1594 = DIRECTION ( 'NONE',  ( 1.000000000000000000, 0.000000000000000000, 0.000000000000000000 ) ) ;
#1595 = ORIENTED_EDGE ( 'NONE', *, *, #2392, .T. ) ;
#1596 = CARTESIAN_POINT ( 'NONE',  ( -10.00000000000000000, 10.00000000000000000, 0.000000000000000000 ) ) ;
#1598 = EDGE_CURVE ( 'NONE', #1843, #433, #572, .T. ) ;
#1597 = PLANE ( 'NONE',  #4011 ) ;
#1599 = CARTESIAN_POINT ( 'NONE',  ( 122.6387109010005219, 1.042972260769090553, -0.000000000000000000 ) ) ;
#1600 = EDGE_CURVE ( 'NONE', #2796, #4951, #9258, .T. ) ;
#1601 = B_SPLINE_CURVE_WITH_KNOTS ( 'NONE', 3,
 ( #10529, #6313, #9693, #10588, #9744, #6362, #2257, #8921, #1383, #3087, #2202, #5603, #4739, #5387, #8071, #547, #4581, #374 ),
 .UNSPECIFIED., .F., .F.,
 ( 4, 2, 2, 2, 2, 2, 2, 2, 4 ),
 ( 0.000000000000000000, 0.06250000000000000000, 0.1250000000000000000, 0.1875000000000000000, 0.2500000000000000000, 0.3125000000000000000, 0.3750000000000000000, 0.4375000000000000000, 0.5000000000000000000 ),
 .UNSPECIFIED. ) ;
#1602 = ORIENTED_EDGE ( 'NONE', *, *, #313, .T. ) ;
#1603 = VECTOR ( 'NONE', #2411, 1000.000000000000000 ) ;
#1604 = DIRECTION ( 'NONE',  ( 1.000000000000000000, 0.000000000000000000, 0.000000000000000000 ) ) ;
#1605 = APPROVAL_ROLE ( '' ) ;
#1606 = LINE ( 'NONE', #3097, #9643 ) ;
#1607 = ORIENTED_EDGE ( 'NONE', *, *, #4005, .T. ) ;
#1608 = EDGE_LOOP ( 'NONE', ( #5110, #787 ) ) ;
#1609 = CYLINDRICAL_SURFACE ( 'NONE', #6665, 1.700000000000000178 ) ;
#1610 = APPROVAL_DATE_TIME ( #4089, #5718 ) ;
#1611 = DIRECTION ( 'NONE',  ( 0.000000000000000000, 1.000000000000000000, 0.000000000000000000 ) ) ;
#1612 = CARTESIAN_POINT ( 'NONE',  ( 29.29993048876420403, 48.77491600511334013, -0.000000000000000000 ) ) ;
#1613 = VECTOR ( 'NONE', #683, 1000.000000000000000 ) ;
#1615 = EDGE_CURVE ( 'NONE', #4050, #458, #6224, .T. ) ;
#1614 = CARTESIAN_POINT ( 'NONE',  ( 32.70000000000000284, 49.00000000000000000, 5.000000000000000000 ) ) ;
#1616 = FACE_BOUND ( 'NONE', #3065, .T. ) ;
#1617 = ADVANCED_FACE ( 'NONE', ( #9608, #10558, #2065, #5415, #2231 ), #9777, .F. ) ;
#1618 = CIRCLE ( 'NONE', #2317, 1.700000000000000178 ) ;
#1619 = SHAPE_REPRESENTATION ( 'V2_06_horn_coupler', ( #2087 ), #8562 ) ;
#1620 = B_SPLINE_CURVE_WITH_KNOTS ( 'NONE', 3,
 ( #7263, #7422, #4147, #5724, #10657, #6596, #3110, #5833, #4095, #2381, #10815, #10764, #6439, #774, #3262, #8360, #7478, #8304 ),
 .UNSPECIFIED., .F., .F.,
 ( 4, 2, 2, 2, 2, 2, 2, 2, 4 ),
 ( 0.000000000000000000, 0.06250000000000000000, 0.1250000000000000000, 0.1875000000000000000, 0.2500000000000000000, 0.3125000000000000000, 0.3750000000000000000, 0.4375000000000000000, 0.5000000000000000000 ),
 .UNSPECIFIED. ) ;
#1621 = DIRECTION ( 'NONE',  ( -0.000000000000000000, 1.000000000000000000, -0.000000000000000000 ) ) ;
#1622 = APPROVAL_DATE_TIME ( #10712, #6459 ) ;
#1623 = ORIENTED_EDGE ( 'NONE', *, *, #918, .T. ) ;
#1624 = CARTESIAN_POINT ( 'NONE',  ( 6.000000000000000000, 1.300000000000000044, 0.000000000000000000 ) ) ;
#1625 = CARTESIAN_POINT ( 'NONE',  ( 29.30006951123579739, 31.22508399488667052, -0.000000000000000000 ) ) ;
#1626 = ADVANCED_FACE ( 'NONE', ( #461, #3835, #6339 ), #9720, .F. ) ;
#1627 = CARTESIAN_POINT ( 'NONE',  ( -21.36128909900304862, -0.000000000000000000, 10.95702773923621010 ) ) ;
#1628 = PLANE ( 'NONE',  #859 ) ;
#1629 = EDGE_LOOP ( 'NONE', ( #1706, #1792, #491, #6180 ) ) ;
#1630 = CARTESIAN_POINT ( 'NONE',  ( 29.30000000000000071, 49.00000000000000000, 5.000000000000000000 ) ) ;
#1631 = ORIENTED_EDGE ( 'NONE', *, *, #8996, .T. ) ;
#1632 = LINE ( 'NONE', #4975, #2250 ) ;
#1633 = LINE ( 'NONE', #3949, #7272 ) ;
#1634 = CIRCLE ( 'NONE', #3047, 1.699999999999998401 ) ;
#1635 = APPROVAL ( #9125, 'UNKNOWN' ) ;
#1636 = FACE_BOUND ( 'NONE', #9401, .T. ) ;
#1637 = CARTESIAN_POINT ( 'NONE',  ( 137.6568650684230875, -0.4424697499179515714, -0.000000000000000000 ) ) ;
#1638 = EDGE_LOOP ( 'NONE', ( #612, #10336 ) ) ;
#1639 = CARTESIAN_POINT ( 'NONE',  ( -12.63871090099948091, 68.95702773923107998, -0.000000000000000000 ) ) ;
#1640 = APPROVAL_ROLE ( '' ) ;
#1641 = ORIENTED_EDGE ( 'NONE', *, *, #3421, .F. ) ;
#1642 = CARTESIAN_POINT ( 'NONE',  ( 32.36119079527189513, 0.000000000000000000, 1.957126042969841162 ) ) ;
#1643 = DATE_AND_TIME ( #2640, #7796 ) ;
#1644 = ORIENTED_EDGE ( 'NONE', *, *, #4586, .T. ) ;
#1645 = CARTESIAN_POINT ( 'NONE',  ( -12.00000000000000000, -7.000000000000000000, 6.700000000000000178 ) ) ;
#1646 = CYLINDRICAL_SURFACE ( 'NONE', #2187, 1.700000000000000178 ) ;
#1647 = APPROVAL ( #604, 'ๆช' ) ;
#1648 = LINE ( 'NONE', #7679, #8178 ) ;
#1649 = FACE_OUTER_BOUND ( 'NONE', #4753, .T. ) ;
#1650 = SECURITY_CLASSIFICATION_LEVEL ( 'unclassified' ) ;
#1651 = FACE_OUTER_BOUND ( 'NONE', #8659, .T. ) ;
#1652 = EDGE_CURVE ( 'NONE', #4494, #1751, #1733, .T. ) ;
#1653 = ORIENTED_EDGE ( 'NONE', *, *, #518, .F. ) ;
#1654 = ORIENTED_EDGE ( 'NONE', *, *, #2074, .F. ) ;
#1655 = DIRECTION ( 'NONE',  ( 0.000000000000000000, 0.000000000000000000, -1.000000000000000000 ) ) ;
#1656 = PERSON_AND_ORGANIZATION_ROLE ( 'classification_officer' ) ;
#1657 = APPROVAL_PERSON_ORGANIZATION ( #167, #3930, #47 ) ;
#1658 = DIRECTION ( 'NONE',  ( 0.000000000000000000, 1.000000000000000000, 0.000000000000000000 ) ) ;
#1659 = DIRECTION ( 'NONE',  ( 1.000000000000000000, 0.000000000000000000, 0.000000000000000000 ) ) ;
#1660 = LINE ( 'NONE', #6758, #7167 ) ;
#1661 = LINE ( 'NONE', #1559, #6760 ) ;
#1662 = CIRCLE ( 'NONE', #7267, 1.700000000000000178 ) ;
#1663 = LOCAL_TIME ( 6, 20, 19.00000000000000000, #2520 ) ;
#1664 = DIRECTION ( 'NONE',  ( -1.000000000000000000, 0.000000000000000000, 0.000000000000000000 ) ) ;
#1665 = EDGE_CURVE ( 'NONE', #9719, #1340, #4767, .T. ) ;
#1666 = DIRECTION ( 'NONE',  ( 0.000000000000000000, -1.000000000000000000, 0.000000000000000000 ) ) ;
#1667 = APPROVAL_ROLE ( '' ) ;
#1668 = ORIENTED_EDGE ( 'NONE', *, *, #8931, .T. ) ;
#1669 = VECTOR ( 'NONE', #7603, 1000.000000000000000 ) ;
#1670 = CARTESIAN_POINT ( 'NONE',  ( -27.69999999999999929, 57.00000000000000000, -1.200000000000000030E-05 ) ) ;
#1671 = CARTESIAN_POINT ( 'NONE',  ( -12.30000000000000071, 70.22525195654419861, 0.000000000000000000 ) ) ;
#1672 = LOCAL_TIME ( 6, 20, 19.00000000000000000, #10071 ) ;
#1673 = EDGE_LOOP ( 'NONE', ( #2400, #5412, #4347, #8390 ) ) ;
#1674 = LINE ( 'NONE', #3381, #499 ) ;
#1675 = CARTESIAN_POINT ( 'NONE',  ( -20.00000000000000000, -12.00000000000000000, 2.000000000000000000 ) ) ;
#1676 = VECTOR ( 'NONE', #4895, 1000.000000000000000 ) ;
#1677 = EDGE_CURVE ( 'NONE', #6426, #289, #2388, .T. ) ;
#1678 = CC_DESIGN_SECURITY_CLASSIFICATION ( #7109, ( #6401 ) ) ;
#1679 = EDGE_CURVE ( 'NONE', #8133, #6738, #6544, .T. ) ;
#1680 = ORIENTED_EDGE ( 'NONE', *, *, #4449, .F. ) ;
#1681 = LINE ( 'NONE', #4973, #7306 ) ;
#1682 = ORIENTED_EDGE ( 'NONE', *, *, #9539, .T. ) ;
#1683 = CYLINDRICAL_SURFACE ( 'NONE', #9822, 1.700000000000000178 ) ;
#1684 = CARTESIAN_POINT ( 'NONE',  ( -2.533830729021401940, -0.6767371672058377641, -0.000000000000000000 ) ) ;
#1685 = APPROVAL_PERSON_ORGANIZATION ( #5996, #2662, #2663 ) ;
#1686 = CYLINDRICAL_SURFACE ( 'NONE', #10388, 14.00000000000000000 ) ;
#1687 = CARTESIAN_POINT ( 'NONE',  ( -10.04297226076124794, 47.63871090099441830, -0.000000000000000000 ) ) ;
#1688 = EDGE_LOOP ( 'NONE', ( #10796, #8158, #7393, #4307 ) ) ;
#1689 = DIRECTION ( 'NONE',  ( -0.000000000000000000, -0.000000000000000000, -1.000000000000000000 ) ) ;
#1690 = PRODUCT_DEFINITION_FORMATION_WITH_SPECIFIED_SOURCE ( 'ไป', '', #6304, .NOT_KNOWN. ) ;
#1691 = APPLICATION_PROTOCOL_DEFINITION ( 'international standard', 'config_control_design', 1994, #9217 ) ;
#1692 = EDGE_LOOP ( 'NONE', ( #388, #2385, #3454, #10177 ) ) ;
#1693 = CARTESIAN_POINT ( 'NONE',  ( 31.00000000000000355, -6.000000000000000152E-06, 1.299999999999999600 ) ) ;
#1694 = CALENDAR_DATE ( 2026, 18, 9 ) ;
#1695 = VERTEX_POINT ( 'NONE', #4153 ) ;
#1696 = FACE_OUTER_BOUND ( 'NONE', #444, .T. ) ;
#1697 = DIRECTION ( 'NONE',  ( -0.000000000000000000, -0.000000000000000000, 1.000000000000000000 ) ) ;
#1698 = CARTESIAN_POINT ( 'NONE',  ( 40.00000000000000000, 0.000000000000000000, 40.00000000000000000 ) ) ;
#1699 = DIRECTION ( 'NONE',  ( 0.000000000000000000, 0.000000000000000000, -1.000000000000000000 ) ) ;
#1700 = APPLICATION_CONTEXT ( 'configuration controlled 3d designs of mechanical parts and assemblies' ) ;
#1701 = PLANE ( 'NONE',  #5441 ) ;
#1702 = SHAPE_REPRESENTATION_RELATIONSHIP ( 'NONE' , 'NONE' ,  #2429, #6526 ) ;
#1703 = APPROVAL_DATE_TIME ( #8583, #9794 ) ;
#1704 = CC_DESIGN_PERSON_AND_ORGANIZATION_ASSIGNMENT ( #4426, #4370, ( #9958 ) ) ;
#1705 = CARTESIAN_POINT ( 'NONE',  ( 19.00000000000000000, 2.326828918379970970E-15, 0.000000000000000000 ) ) ;
#1706 = ORIENTED_EDGE ( 'NONE', *, *, #3209, .T. ) ;
#1707 = ORIENTED_EDGE ( 'NONE', *, *, #268, .T. ) ;
#1708 = DIRECTION ( 'NONE',  ( -0.000000000000000000, -0.000000000000000000, -1.000000000000000000 ) ) ;
#1709 = COORDINATED_UNIVERSAL_TIME_OFFSET ( 5, 0, .BEHIND. ) ;
#1710 = VECTOR ( 'NONE', #1330, 1000.000000000000000 ) ;
#1711 = CARTESIAN_POINT ( 'NONE',  ( 0.000000000000000000, 0.000000000000000000, 5.000000000000000000 ) ) ;
#1712 = CARTESIAN_POINT ( 'NONE',  ( 19.55753025008501567, -0.000000000000000000, 13.65686506842306436 ) ) ;
#1713 = DIRECTION ( 'NONE',  ( 0.000000000000000000, 1.000000000000000000, 0.000000000000000000 ) ) ;
#1714 = FACE_BOUND ( 'NONE', #7669, .T. ) ;
#1715 = EDGE_CURVE ( 'NONE', #8794, #2305, #5784, .T. ) ;
#1716 = AXIS2_PLACEMENT_3D ( 'NONE', #10418, #7073, #10469 ) ;
#1717 = APPROVAL_ROLE ( '' ) ;
#1718 = DATE_AND_TIME ( #10316, #8940 ) ;
#1719 = EDGE_CURVE ( 'NONE', #6177, #7450, #5248, .T. ) ;
#1720 = CARTESIAN_POINT ( 'NONE',  ( 0.000000000000000000, 0.000000000000000000, 0.000000000000000000 ) ) ;
#1721 = CARTESIAN_POINT ( 'NONE',  ( 18.30000000000000071, -6.000000000000000000, -1.200000000000000030E-05 ) ) ;
#1722 = PERSON_AND_ORGANIZATION ( #10500, #8573 ) ;
#1723 = VECTOR ( 'NONE', #6509, 1000.000000000000000 ) ;
#1724 = CC_DESIGN_SECURITY_CLASSIFICATION ( #6981, ( #1377 ) ) ;
#1725 = ORIENTED_EDGE ( 'NONE', *, *, #2602, .T. ) ;
#1726 = LINE ( 'NONE', #61, #5262 ) ;
#1727 = CARTESIAN_POINT ( 'NONE',  ( 118.3810499613777267, 11.00000000000000000, 0.000000000000000000 ) ) ;
#1728 = DIRECTION ( 'NONE',  ( 0.000000000000000000, 0.000000000000000000, -1.000000000000000000 ) ) ;
#1729 = EDGE_CURVE ( 'NONE', #5931, #5696, #6603, .T. ) ;
#1730 = LINE ( 'NONE', #4437, #6119 ) ;
#1731 = VECTOR ( 'NONE', #9141, 1000.000000000000000 ) ;
#1732 = EDGE_LOOP ( 'NONE', ( #5709, #8876, #10414, #2430 ) ) ;
#1733 = CIRCLE ( 'NONE', #8589, 14.00000000000000000 ) ;
#1734 = ORIENTED_EDGE ( 'NONE', *, *, #8548, .T. ) ;
#1735 = DIRECTION ( 'NONE',  ( -0.000000000000000000, -0.000000000000000000, -1.000000000000000000 ) ) ;
#1736 = AXIS2_PLACEMENT_3D ( 'NONE', #8213, #4977, #7496 ) ;
#1737 = ORIENTED_EDGE ( 'NONE', *, *, #4496, .T. ) ;
#1738 = CARTESIAN_POINT ( 'NONE',  ( -10.00000000000000000, -10.00000000000000000, 0.000000000000000000 ) ) ;
#1739 = CARTESIAN_POINT ( 'NONE',  ( 0.000000000000000000, 77.50000000000000000, 0.000000000000000000 ) ) ;
#1740 = ADVANCED_FACE ( 'NONE', ( #3214, #6716, #4812, #9157, #9993, #2556 ), #10052, .T. ) ;
#1741 = ORIENTED_EDGE ( 'NONE', *, *, #6418, .T. ) ;
#1742 = CARTESIAN_POINT ( 'NONE',  ( -0.3444314227433193376, -2.599930451346447846, 0.000000000000000000 ) ) ;
#1743 = EDGE_CURVE ( 'NONE', #4397, #4222, #1674, .T. ) ;
#1744 = CARTESIAN_POINT ( 'NONE',  ( 18.30000000000000071, -6.000000000000000000, -6.000000000000000152E-06 ) ) ;
#1745 = ORIENTED_EDGE ( 'NONE', *, *, #5362, .T. ) ;
#1746 = VECTOR ( 'NONE', #3654, 1000.000000000000000 ) ;
#1747 = SECURITY_CLASSIFICATION_LEVEL ( 'unclassified' ) ;
#1748 = ORIENTED_EDGE ( 'NONE', *, *, #784, .F. ) ;
#1749 = CARTESIAN_POINT ( 'NONE',  ( 32.04287395702759511, 0.000000000000000000, 4.361190795275190268 ) ) ;
#1750 = CALENDAR_DATE ( 2026, 18, 9 ) ;
#1751 = VERTEX_POINT ( 'NONE', #5022 ) ;
#1752 = CARTESIAN_POINT ( 'NONE',  ( 31.00000000000000000, 81.00000000000000000, 1.300000000000000044 ) ) ;
#1753 = ORIENTED_EDGE ( 'NONE', *, *, #9275, .F. ) ;
#1754 = LINE ( 'NONE', #1036, #10104 ) ;
#1755 = VECTOR ( 'NONE', #2275, 1000.000000000000000 ) ;
#1756 = VECTOR ( 'NONE', #2598, 1000.000000000000000 ) ;
#1757 = LINE ( 'NONE', #7457, #9126 ) ;
#1758 = ORIENTED_EDGE ( 'NONE', *, *, #9881, .T. ) ;
#1759 = CARTESIAN_POINT ( 'NONE',  ( 125.6566669009919508, 0.4425847382503730332, -0.000000000000000000 ) ) ;
#1760 = ADVANCED_FACE ( 'NONE', ( #5839 ), #7379, .F. ) ;
#1761 = DIRECTION ( 'NONE',  ( 0.000000000000000000, 1.000000000000000000, 0.000000000000000000 ) ) ;
#1762 = AXIS2_PLACEMENT_3D ( 'NONE', #3686, #7949, #5436 ) ;
#1763 = APPROVAL_DATE_TIME ( #5061, #5074 ) ;
#1764 = CARTESIAN_POINT ( 'NONE',  ( 30.14151426980710724, 29.51560493047243483, 0.000000000000000000 ) ) ;
#1765 = CIRCLE ( 'NONE', #2270, 1.699999999999998401 ) ;
#1766 = EDGE_LOOP ( 'NONE', ( #5264, #8528, #5163, #10881 ) ) ;
#1767 = DIRECTION ( 'NONE',  ( -1.000000000000000000, -0.000000000000000000, 0.000000000000000000 ) ) ;
#1768 = DATE_AND_TIME ( #9316, #7262 ) ;
#1769 = DIRECTION ( 'NONE',  ( 0.000000000000000000, 0.000000000000000000, 1.000000000000000000 ) ) ;
#1770 = LINE ( 'NONE', #5877, #9512 ) ;
#1771 = DIRECTION ( 'NONE',  ( 0.000000000000000000, 0.000000000000000000, 1.000000000000000000 ) ) ;
#1772 = DIRECTION ( 'NONE',  ( 0.000000000000000000, 0.000000000000000000, -1.000000000000000000 ) ) ;
#1773 = CC_DESIGN_PERSON_AND_ORGANIZATION_ASSIGNMENT ( #2372, #7468, ( #6913 ) ) ;
#1774 = PERSON_AND_ORGANIZATION_ROLE ( 'design_supplier' ) ;
#1775 = COORDINATED_UNIVERSAL_TIME_OFFSET ( 5, 0, .BEHIND. ) ;
#1776 = CARTESIAN_POINT ( 'NONE',  ( -12.00000000000000000, -7.000000000000000000, 13.29999999999999893 ) ) ;
#1777 = CARTESIAN_POINT ( 'NONE',  ( -7.299999999999998934, 31.00000000000000000, 5.000000000000000000 ) ) ;
#1778 = VECTOR ( 'NONE', #6700, 1000.000000000000000 ) ;
#1779 = MECHANICAL_CONTEXT ( 'NONE', #9580, 'mechanical' ) ;
#1780 = ORIENTED_EDGE ( 'NONE', *, *, #9736, .T. ) ;
#1781 = DIRECTION ( 'NONE',  ( -0.000000000000000000, -1.000000000000000000, -0.000000000000000000 ) ) ;
#1782 = DIRECTION ( 'NONE',  ( 1.000000000000000000, -0.000000000000000000, -0.000000000000000000 ) ) ;
#1783 = CARTESIAN_POINT ( 'NONE',  ( 31.00000000000000000, 31.00000000000000000, 5.000000000000000000 ) ) ;
#1784 = PRODUCT_DEFINITION ( 'ๆ', '', #8889, #5815 ) ;
#1785 = VECTOR ( 'NONE', #3759, 1000.000000000000000 ) ;
#1786 = CARTESIAN_POINT ( 'NONE',  ( -10.50000000000000000, -1.300000000000000044, -0.09997027095160138099 ) ) ;
#1787 = EDGE_CURVE ( 'NONE', #2442, #3555, #3589, .T. ) ;
#1788 = CLOSED_SHELL ( 'NONE', ( #1215, #1967, #5314, #10417 ) ) ;
#1789 = ORIENTED_EDGE ( 'NONE', *, *, #6366, .T. ) ;
#1790 = CARTESIAN_POINT ( 'NONE',  ( -12.00000000000000000, -7.000000000000000000, 15.00000000000000000 ) ) ;
#1791 = ORIENTED_EDGE ( 'NONE', *, *, #6446, .F. ) ;
#1792 = ORIENTED_EDGE ( 'NONE', *, *, #10087, .F. ) ;
#1793 = CARTESIAN_POINT ( 'NONE',  ( 15.69999999999999929, 70.00000000000000000, -6.000000000000000152E-06 ) ) ;
#1794 = CYLINDRICAL_SURFACE ( 'NONE', #3960, 1.700000000000000178 ) ;
#1795 = EDGE_LOOP ( 'NONE', ( #3563, #3155, #7608, #1460 ) ) ;
#1796 = DIRECTION ( 'NONE',  ( 1.000000000000000000, 0.000000000000000000, 0.000000000000000000 ) ) ;
#1797 = CARTESIAN_POINT ( 'NONE',  ( -7.957027739236473884, -0.000000000000000000, 19.63871090099669559 ) ) ;
#1798 = ORIENTED_EDGE ( 'NONE', *, *, #6846, .T. ) ;
#1799 = EDGE_CURVE ( 'NONE', #6532, #3385, #10822, .T. ) ;
#1800 = EDGE_CURVE ( 'NONE', #9266, #7855, #9106, .T. ) ;
#1801 = ORIENTED_EDGE ( 'NONE', *, *, #2602, .F. ) ;
#1802 = CARTESIAN_POINT ( 'NONE',  ( 32.48439506952831124, 0.000000000000000000, 3.858485730194677110 ) ) ;
#1803 = DATE_AND_TIME ( #3399, #771 ) ;
#1804 = VERTEX_POINT ( 'NONE', #1570 ) ;
#1805 = LINE ( 'NONE', #5916, #10158 ) ;
#1806 = VERTEX_POINT ( 'NONE', #4922 ) ;
#1807 = LINE ( 'NONE', #4406, #9753 ) ;
#1808 = LINE ( 'NONE', #9360, #112 ) ;
#1809 = CARTESIAN_POINT ( 'NONE',  ( -27.69999999999999929, 0.000000000000000000, -0.000000000000000000 ) ) ;
#1810 = FACE_OUTER_BOUND ( 'NONE', #3075, .T. ) ;
#1811 = PERSON ( 'NAUO-PER24', 'UNSPECIFIED', 'UNSPECIFIED', ('UNSPECIFIED'), ('UNSPECIFIED'), ('UNSPECIFIED') ) ;
#1812 =( NAMED_UNIT ( * ) PLANE_ANGLE_UNIT ( ) SI_UNIT ( $, .RADIAN. ) );
#1813 = PERSON_AND_ORGANIZATION ( #10500, #8573 ) ;
#1814 = DIRECTION ( 'NONE',  ( -0.000000000000000000, -0.000000000000000000, 1.000000000000000000 ) ) ;
#1815 = EDGE_CURVE ( 'NONE', #5803, #8794, #3270, .T. ) ;
#1816 = EDGE_CURVE ( 'NONE', #4467, #8668, #5955, .T. ) ;
#1817 = ORIENTED_EDGE ( 'NONE', *, *, #5372, .T. ) ;
#1818 = DIRECTION ( 'NONE',  ( -0.000000000000000000, -0.000000000000000000, 1.000000000000000000 ) ) ;
#1819 = APPROVAL_DATE_TIME ( #10199, #7327 ) ;
#1820 = PLANE ( 'NONE',  #2767 ) ;
#1821 = CARTESIAN_POINT ( 'NONE',  ( -21.65679534101080606, -5.557362060151588068, -0.000000000000000000 ) ) ;
#1822 = CARTESIAN_POINT ( 'NONE',  ( 0.000000000000000000, 0.000000000000000000, 4.000000000000000000 ) ) ;
#1823 = CARTESIAN_POINT ( 'NONE',  ( -7.343204658989566092, -0.000000000000000000, 3.442637939848413264 ) ) ;
#1824 = PERSON_AND_ORGANIZATION ( #10500, #8573 ) ;
#1825 = DATE_AND_TIME ( #9324, #7676 ) ;
#1826 = CYLINDRICAL_SURFACE ( 'NONE', #3482, 1.699999999999998401 ) ;
#1827 = CIRCLE ( 'NONE', #2287, 1.700000000000000178 ) ;
#1828 = EDGE_CURVE ( 'NONE', #727, #3596, #4911, .T. ) ;
#1829 = CARTESIAN_POINT ( 'NONE',  ( -9.858538931789095017, -0.000000000000000000, 19.51547649045560817 ) ) ;
#1830 = CC_DESIGN_PERSON_AND_ORGANIZATION_ASSIGNMENT ( #6586, #9193, ( #65 ) ) ;
#1831 = PERSON_AND_ORGANIZATION_ROLE ( 'design_owner' ) ;
#1832 = ORIENTED_EDGE ( 'NONE', *, *, #1406, .F. ) ;
#1833 = CARTESIAN_POINT ( 'NONE',  ( -9.225083994885922678, 0.000000000000000000, 1.299930488764205805 ) ) ;
#1834 = B_SPLINE_CURVE_WITH_KNOTS ( 'NONE', 3,
 ( #4692, #494, #2924, #7081, #7804, #3868, #7960, #440, #3810, #5291, #1108, #9645, #4476, #6317, #9700, #274, #8867, #6982 ),
 .UNSPECIFIED., .F., .F.,
 ( 4, 2, 2, 2, 2, 2, 2, 2, 4 ),
 ( 0.5000000000000000000, 0.5625000000000000000, 0.6250000000000000000, 0.6875000000000000000, 0.7500000000000000000, 0.8125000000000000000, 0.8750000000000000000, 0.9375000000000000000, 1.000000000000000000 ),
 .UNSPECIFIED. ) ;
#1835 = CARTESIAN_POINT ( 'NONE',  ( 24.30000000000000071, -45.00000000000000000, 5.000000000000000000 ) ) ;
#1836 = AXIS2_PLACEMENT_3D ( 'NONE', #255, #8575, #9515 ) ;
#1837 = DIRECTION ( 'NONE',  ( 1.000000000000000000, 0.000000000000000000, 0.000000000000000000 ) ) ;
#1838 = LOCAL_TIME ( 6, 20, 19.00000000000000000, #5212 ) ;
#1839 = DIRECTION ( 'NONE',  ( 1.000000000000000000, 0.000000000000000000, 0.000000000000000000 ) ) ;
#1840 = ORIENTED_EDGE ( 'NONE', *, *, #7726, .T. ) ;
#1841 = APPROVAL ( #5910, 'ๆช' ) ;
#1842 = APPROVAL_PERSON_ORGANIZATION ( #7332, #8702, #580 ) ;
#1843 = VERTEX_POINT ( 'NONE', #5892 ) ;
#1844 = CYLINDRICAL_SURFACE ( 'NONE', #5038, 1.700000000000000178 ) ;
#1845 = EDGE_LOOP ( 'NONE', ( #796, #7226, #7221, #1915 ) ) ;
#1846 = CARTESIAN_POINT ( 'NONE',  ( 31.60000000000000142, 62.50000000000000000, -1.200000000000000030E-05 ) ) ;
#1847 = DIRECTION ( 'NONE',  ( 0.000000000000000000, 0.000000000000000000, 1.000000000000000000 ) ) ;
#1848 = EDGE_LOOP ( 'NONE', ( #2569, #9800, #2460, #2669 ) ) ;
#1849 = LINE ( 'NONE', #295, #8069 ) ;
#1850 = AXIS2_PLACEMENT_3D ( 'NONE', #326, #1225, #3695 ) ;
#1851 = CC_DESIGN_SECURITY_CLASSIFICATION ( #3109, ( #1690 ) ) ;
#1852 = DIRECTION ( 'NONE',  ( -1.000000000000000000, -0.000000000000000000, -0.000000000000000000 ) ) ;
#1853 = EDGE_CURVE ( 'NONE', #4853, #858, #5951, .T. ) ;
#1854 = CC_DESIGN_APPROVAL ( #5074, ( #7109 ) ) ;
#1855 = ORIENTED_EDGE ( 'NONE', *, *, #6889, .F. ) ;
#1856 = ORIENTED_EDGE ( 'NONE', *, *, #6366, .F. ) ;
#1857 = EDGE_LOOP ( 'NONE', ( #4902, #3733, #2701, #7337 ) ) ;
#1858 = DIRECTION ( 'NONE',  ( 0.000000000000000000, 0.000000000000000000, -1.000000000000000000 ) ) ;
#1859 = APPROVAL_ROLE ( '' ) ;
#1860 = CC_DESIGN_SECURITY_CLASSIFICATION ( #1159, ( #6057 ) ) ;
#1861 = ORIENTED_EDGE ( 'NONE', *, *, #1131, .F. ) ;
#1862 = LINE ( 'NONE', #7733, #9453 ) ;
#1863 = CARTESIAN_POINT ( 'NONE',  ( 2.500000000000000000, 3.061616997868383141E-16, 5.000000000000000000 ) ) ;
#1864 = DIRECTION ( 'NONE',  ( 0.000000000000000000, 0.000000000000000000, 1.000000000000000000 ) ) ;
#1865 = EDGE_LOOP ( 'NONE', ( #5468, #2185, #9455, #7851 ) ) ;
#1866 = CARTESIAN_POINT ( 'NONE',  ( -20.00000000000000000, -6.000000000000000000, 5.000000000000000000 ) ) ;
#1867 = PLANE ( 'NONE',  #5610 ) ;
#1868 = EDGE_CURVE ( 'NONE', #20, #2421, #3494, .T. ) ;
#1869 = ORIENTED_EDGE ( 'NONE', *, *, #1149, .F. ) ;
#1870 = B_SPLINE_CURVE_WITH_KNOTS ( 'NONE', 3,
 ( #5823, #6648, #3206, #7583, #3366, #10863, #2434, #4139, #4957, #4256, #3311, #10038, #9196, #2597, #5936, #1712, #5070, #3419 ),
 .UNSPECIFIED., .F., .F.,
 ( 4, 2, 2, 2, 2, 2, 2, 2, 4 ),
 ( 0.5000000000000000000, 0.5625000000000000000, 0.6250000000000000000, 0.6875000000000000000, 0.7500000000000000000, 0.8125000000000000000, 0.8750000000000000000, 0.9375000000000000000, 1.000000000000000000 ),
 .UNSPECIFIED. ) ;
#1871 = CC_DESIGN_APPROVAL ( #8837, ( #999 ) ) ;
#1872 = VERTEX_POINT ( 'NONE', #6830 ) ;
#1873 = MECHANICAL_CONTEXT ( 'NONE', #3813, 'mechanical' ) ;
#1874 = CARTESIAN_POINT ( 'NONE',  ( -20.00000000000000000, -1.200000000000000030E-05, 10.30000000000000071 ) ) ;
#1875 = ORIENTED_EDGE ( 'NONE', *, *, #10369, .F. ) ;
#1876 = CARTESIAN_POINT ( 'NONE',  ( 40.00000000000000000, 0.000000000000000000, 0.000000000000000000 ) ) ;
#1877 = CONTEXT_DEPENDENT_SHAPE_REPRESENTATION ( #3243, #1501 ) ;
#1878 = CARTESIAN_POINT ( 'NONE',  ( -10.01759284330493927, 9.783426788352441505, 11.52219807014628472 ) ) ;
#1879 = DIRECTION ( 'NONE',  ( 1.000000000000000000, 0.000000000000000000, -0.000000000000000000 ) ) ;
#1880 = DIRECTION ( 'NONE',  ( 1.000000000000000000, 0.000000000000000000, 0.000000000000000000 ) ) ;
#1881 = CC_DESIGN_SECURITY_CLASSIFICATION ( #9610, ( #2930 ) ) ;
#1882 = FACE_OUTER_BOUND ( 'NONE', #6444, .T. ) ;
#1883 = EDGE_CURVE ( 'NONE', #9718, #8474, #8224, .T. ) ;
#1884 = EDGE_CURVE ( 'NONE', #6799, #8451, #8429, .T. ) ;
#1885 = AXIS2_PLACEMENT_3D ( 'NONE', #3832, #712, #9145 ) ;
#1886 = APPROVAL_STATUS ( 'not_yet_approved' ) ;
#1887 = PERSON_AND_ORGANIZATION_ROLE ( 'creator' ) ;
#1888 = FACE_OUTER_BOUND ( 'NONE', #6685, .T. ) ;
#1889 = CARTESIAN_POINT ( 'NONE',  ( -10.48452350954348766, -0.000000000000000000, 21.85853893179036689 ) ) ;
#1890 = PERSON_AND_ORGANIZATION_ROLE ( 'classification_officer' ) ;
#1891 = ORIENTED_EDGE ( 'NONE', *, *, #1957, .F. ) ;
#1892 = CARTESIAN_POINT ( 'NONE',  ( -10.36119079527047404, 0.000000000000000000, 4.042873957031213550 ) ) ;
#1893 = VECTOR ( 'NONE', #1986, 1000.000000000000000 ) ;
#1894 = CARTESIAN_POINT ( 'NONE',  ( -7.700000000000000178, 0.000000000000000000, 20.00000000000000000 ) ) ;
#1895 = ORIENTED_EDGE ( 'NONE', *, *, #424, .F. ) ;
#1896 = AXIS2_PLACEMENT_3D ( 'NONE', #3564, #1255, #10446 ) ;
#1897 = DIRECTION ( 'NONE',  ( 1.000000000000000000, 0.000000000000000000, 0.000000000000000000 ) ) ;
#1898 = AXIS2_PLACEMENT_3D ( 'NONE', #2816, #10530, #9639 ) ;
#1899 = PLANE ( 'NONE',  #9482 ) ;
#1900 = EDGE_CURVE ( 'NONE', #4784, #727, #901, .T. ) ;
#1901 = VECTOR ( 'NONE', #9844, 1000.000000000000000 ) ;
#1902 = CC_DESIGN_APPROVAL ( #3885, ( #3113 ) ) ;
#1903 = DIRECTION ( 'NONE',  ( -0.000000000000000000, -0.000000000000000000, 1.000000000000000000 ) ) ;
#1904 = VERTEX_POINT ( 'NONE', #2673 ) ;
#1905 = LINE ( 'NONE', #7768, #3285 ) ;
#1906 = ORIENTED_EDGE ( 'NONE', *, *, #6778, .T. ) ;
#1907 = DIRECTION ( 'NONE',  ( 1.000000000000000000, 0.000000000000000000, 0.000000000000000000 ) ) ;
#1908 = VECTOR ( 'NONE', #8233, 1000.000000000000000 ) ;
#1909 = FACE_OUTER_BOUND ( 'NONE', #2223, .T. ) ;
#1910 = CC_DESIGN_DATE_AND_TIME_ASSIGNMENT ( #1113, #4481, ( #5993 ) ) ;
#1911 = CARTESIAN_POINT ( 'NONE',  ( -35.00000000000000000, 70.00000000000000000, 5.000000000000000000 ) ) ;
#1912 = ORIENTED_EDGE ( 'NONE', *, *, #5302, .F. ) ;
#1913 = CARTESIAN_POINT ( 'NONE',  ( 0.000000000000000000, 32.00000000000000000, -74.50000000000000000 ) ) ;
#1914 = APPLICATION_CONTEXT ( 'configuration controlled 3d designs of mechanical parts and assemblies' ) ;
#1915 = ORIENTED_EDGE ( 'NONE', *, *, #9547, .T. ) ;
#1916 = LINE ( 'NONE', #10506, #4774 ) ;
#1917 = CALENDAR_DATE ( 2026, 18, 9 ) ;
#1918 = EDGE_CURVE ( 'NONE', #7003, #2404, #158, .T. ) ;
#1919 = ORIENTED_EDGE ( 'NONE', *, *, #197, .F. ) ;
#1920 = CARTESIAN_POINT ( 'NONE',  ( 32.70000000000000284, 49.00000000000000000, -6.000000000000000152E-06 ) ) ;
#1921 = EDGE_LOOP ( 'NONE', ( #4625, #4045, #3937, #5261 ) ) ;
#1922 = CARTESIAN_POINT ( 'NONE',  ( 19.00000000000000000, 2.326828918379970970E-15, 4.000000000000000000 ) ) ;
#1923 = ORIENTED_EDGE ( 'NONE', *, *, #10099, .T. ) ;
#1924 = CARTESIAN_POINT ( 'NONE',  ( 0.000000000000000000, -1.300000000000000044, 16.00000000000000000 ) ) ;
#1925 = VECTOR ( 'NONE', #10162, 1000.000000000000000 ) ;
#1926 = ADVANCED_FACE ( 'NONE', ( #183 ), #8487, .F. ) ;
#1927 = CARTESIAN_POINT ( 'NONE',  ( -18.51567465788468780, -34.85865392012780717, 0.000000000000000000 ) ) ;
#1928 = PERSON_AND_ORGANIZATION ( #10500, #8573 ) ;
#1929 = PRODUCT_DEFINITION_SHAPE ( 'NONE', 'NONE',  #10916 ) ;
#1930 = CARTESIAN_POINT ( 'NONE',  ( 35.60000000000000142, 67.50000000000000000, 0.000000000000000000 ) ) ;
#1931 = ORIENTED_EDGE ( 'NONE', *, *, #7561, .T. ) ;
#1932 = LINE ( 'NONE', #7951, #5118 ) ;
#1933 = CIRCLE ( 'NONE', #8417, 1.700000000000000178 ) ;
#1934 = SECURITY_CLASSIFICATION_LEVEL ( 'unclassified' ) ;
#1935 = EDGE_CURVE ( 'NONE', #2066, #3794, #64, .T. ) ;
#1936 = CARTESIAN_POINT ( 'NONE',  ( -9.047801468925145585, 10.68361031932444760, 10.26966494166327415 ) ) ;
#1937 = CARTESIAN_POINT ( 'NONE',  ( 35.60000000000000142, 72.50000000000001421, -8.271806125530276749E-22 ) ) ;
#1938 = CARTESIAN_POINT ( 'NONE',  ( -10.50000000000000000, -1.200000000000000030E-05, 2.200000000000002398 ) ) ;
#1939 = CARTESIAN_POINT ( 'NONE',  ( -8.141461068210000818, -0.000000000000000000, 4.484523509543861586 ) ) ;
#1940 = VECTOR ( 'NONE', #6061, 1000.000000000000000 ) ;
#1941 = VECTOR ( 'NONE', #3506, 1000.000000000000000 ) ;
#1942 = PLANE ( 'NONE',  #8942 ) ;
#1943 = COORDINATED_UNIVERSAL_TIME_OFFSET ( 5, 0, .BEHIND. ) ;
#1944 = CARTESIAN_POINT ( 'NONE',  ( 29.95712604296772952, 0.000000000000000000, 19.63880920473243918 ) ) ;
#1945 = CARTESIAN_POINT ( 'NONE',  ( -9.000000000000000000, -6.000000000000000152E-06, 22.70000000000000284 ) ) ;
#1946 = MECHANICAL_CONTEXT ( 'NONE', #10716, 'mechanical' ) ;
#1947 = EDGE_CURVE ( 'NONE', #10609, #4810, #6773, .T. ) ;
#1948 = ADVANCED_FACE ( 'NONE', ( #7711 ), #3548, .T. ) ;
#1949 = ORIENTED_EDGE ( 'NONE', *, *, #1110, .T. ) ;
#1950 = DIRECTION ( 'NONE',  ( -0.000000000000000000, -0.000000000000000000, 1.000000000000000000 ) ) ;
#1951 = AXIS2_PLACEMENT_3D ( 'NONE', #10701, #7413, #4854 ) ;
#1952 = FACE_OUTER_BOUND ( 'NONE', #9311, .T. ) ;
#1953 = LINE ( 'NONE', #903, #1925 ) ;
#1954 = VECTOR ( 'NONE', #1436, 1000.000000000000000 ) ;
#1955 = DIRECTION ( 'NONE',  ( 1.000000000000000000, 0.000000000000000000, 0.000000000000000000 ) ) ;
#1956 = CALENDAR_DATE ( 2026, 18, 9 ) ;
#1957 = EDGE_CURVE ( 'NONE', #5429, #9375, #7938, .T. ) ;
#1958 = EDGE_LOOP ( 'NONE', ( #3905, #2610, #736, #3118 ) ) ;
#1959 = DIRECTION ( 'NONE',  ( 0.000000000000000000, 1.000000000000000000, 0.000000000000000000 ) ) ;
#1960 = ORIENTED_EDGE ( 'NONE', *, *, #726, .F. ) ;
#1961 = CARTESIAN_POINT ( 'NONE',  ( 255.8000000000000398, 3.000000000000000000, 0.000000000000000000 ) ) ;
#1962 = VECTOR ( 'NONE', #10668, 1000.000000000000000 ) ;
#1963 = CARTESIAN_POINT ( 'NONE',  ( 20.00000000000000000, 8.000000000000000000, 12.00000000000000000 ) ) ;
#1964 = CARTESIAN_POINT ( 'NONE',  ( -7.299930488763834546, -0.000000000000000000, 20.77491600511498149 ) ) ;
#1965 = VECTOR ( 'NONE', #1248, 1000.000000000000000 ) ;
#1966 = DIRECTION ( 'NONE',  ( 0.000000000000000000, 0.000000000000000000, -1.000000000000000000 ) ) ;
#1967 = ADVANCED_FACE ( 'NONE', ( #2990 ), #4802, .T. ) ;
#1968 = VERTEX_POINT ( 'NONE', #10599 ) ;
#1969 = CARTESIAN_POINT ( 'NONE',  ( 0.5999999999999998668, 9.000000000000000000, 8.300000000000000711 ) ) ;
#1970 = CC_DESIGN_PERSON_AND_ORGANIZATION_ASSIGNMENT ( #7257, #663, ( #8359 ) ) ;
#1971 = APPROVAL_STATUS ( 'not_yet_approved' ) ;
#1972 = VERTEX_POINT ( 'NONE', #9762 ) ;
#1973 = CARTESIAN_POINT ( 'NONE',  ( 29.95712604296720016, 0.000000000000000000, 1.638809204732967650 ) ) ;
#1974 = DIRECTION ( 'NONE',  ( -1.000000000000000000, -0.000000000000000000, -0.000000000000000000 ) ) ;
#1975 = ORIENTED_EDGE ( 'NONE', *, *, #909, .T. ) ;
#1976 = DIRECTION ( 'NONE',  ( 0.000000000000000000, 0.000000000000000000, 1.000000000000000000 ) ) ;
#1977 = LINE ( 'NONE', #2698, #3510 ) ;
#1978 =( NAMED_UNIT ( * ) PLANE_ANGLE_UNIT ( ) SI_UNIT ( $, .RADIAN. ) );
#1979 = CALENDAR_DATE ( 2026, 18, 9 ) ;
#1980 = CARTESIAN_POINT ( 'NONE',  ( 0.000000000000000000, 0.000000000000000000, 0.000000000000000000 ) ) ;
#1981 = VERTEX_POINT ( 'NONE', #6375 ) ;
#1982 = DIRECTION ( 'NONE',  ( 0.000000000000000000, 0.000000000000000000, -1.000000000000000000 ) ) ;
#1983 = ORIENTED_EDGE ( 'NONE', *, *, #2724, .T. ) ;
#1984 = APPROVAL ( #7915, 'ๆช' ) ;
#1985 = SECURITY_CLASSIFICATION_LEVEL ( 'unclassified' ) ;
#1986 = DIRECTION ( 'NONE',  ( -0.000000000000000000, 1.000000000000000000, -0.000000000000000000 ) ) ;
#1987 = DIRECTION ( 'NONE',  ( 0.000000000000000000, -1.000000000000000000, 0.000000000000000000 ) ) ;
#1988 = EDGE_LOOP ( 'NONE', ( #7750, #8897, #10195, #4409, #4700, #1222, #2684, #471 ) ) ;
#1989 = LINE ( 'NONE', #3694, #8025 ) ;
#1990 = LINE ( 'NONE', #8594, #3433 ) ;
#1991 = ADVANCED_FACE ( 'NONE', ( #10703 ), #6429, .F. ) ;
#1992 = DIRECTION ( 'NONE',  ( 0.000000000000000000, 1.000000000000000000, 0.000000000000000000 ) ) ;
#1993 = COORDINATED_UNIVERSAL_TIME_OFFSET ( 5, 0, .BEHIND. ) ;
#1994 = DIRECTION ( 'NONE',  ( 1.000000000000000000, 0.000000000000000000, 0.000000000000000000 ) ) ;
#1995 = FACE_BOUND ( 'NONE', #721, .T. ) ;
#1996 = PERSON_AND_ORGANIZATION_ROLE ( 'creator' ) ;
#1997 = ORIENTED_EDGE ( 'NONE', *, *, #5777, .T. ) ;
#1998 = CARTESIAN_POINT ( 'NONE',  ( -10.48439506952756517, 0.000000000000000000, 2.141514269806949589 ) ) ;
#1999 = LINE ( 'NONE', #6327, #2491 ) ;
#2000 = CARTESIAN_POINT ( 'NONE',  ( -9.028322918593277180, 10.69997127470831977, 8.636228900012632437 ) ) ;
#2001 = EDGE_CURVE ( 'NONE', #9616, #5850, #1634, .T. ) ;
#2002 = CARTESIAN_POINT ( 'NONE',  ( 0.000000000000000000, 0.000000000000000000, 40.00000000000000000 ) ) ;
#2003 = DATE_AND_TIME ( #2784, #9780 ) ;
#2004 = VERTEX_POINT ( 'NONE', #9875 ) ;
#2005 = VECTOR ( 'NONE', #4632, 1000.000000000000000 ) ;
#2006 = DIRECTION ( 'NONE',  ( 1.000000000000000000, 0.000000000000000000, 0.000000000000000000 ) ) ;
#2007 = ORIENTED_EDGE ( 'NONE', *, *, #3327, .F. ) ;
#2008 = CC_DESIGN_SECURITY_CLASSIFICATION ( #4980, ( #10898 ) ) ;
#2009 = CARTESIAN_POINT ( 'NONE',  ( -18.30000000000000071, -6.000000000000000000, -1.200000000000000030E-05 ) ) ;
#2010 = EDGE_CURVE ( 'NONE', #7523, #1582, #5565, .T. ) ;
#2011 = EDGE_CURVE ( 'NONE', #8029, #9190, #4887, .T. ) ;
#2012 = AXIS2_PLACEMENT_3D ( 'NONE', #791, #636, #10727 ) ;
#2013 = CARTESIAN_POINT ( 'NONE',  ( 29.29993048876421824, 30.77491600511333658, 0.000000000000000000 ) ) ;
#2014 = B_SPLINE_CURVE_WITH_KNOTS ( 'NONE', 3,
 ( #393, #2054, #8770, #5459, #1345, #4488, #452, #1185, #1241, #6992, #10383, #9546, #7154, #2000, #5350, #4544, #7871, #343, #3711, #4183, #10078, #9304, #3593, #1404, #874, #8091 ),
 .UNSPECIFIED., .F., .F.,
 ( 4, 2, 2, 2, 2, 2, 2, 2, 2, 2, 2, 2, 4 ),
 ( 0.000000000000000000, 0.0008032955908086675994, 0.001606591181617335199, 0.002008238977021670896, 0.002409886772426007243, 0.002811534567830342723, 0.003213182363234679071, 0.003614830158639014551, 0.004016477954043350465, 0.004418125749447687246, 0.004819773544852022293, 0.005623069135660691518, 0.006426364726469360744 ),
 .UNSPECIFIED. ) ;
#2015 = ORIENTED_EDGE ( 'NONE', *, *, #9479, .T. ) ;
#2016 = DIRECTION ( 'NONE',  ( 1.000000000000000000, 0.000000000000000000, 0.000000000000000000 ) ) ;
#2017 = DATE_AND_TIME ( #1917, #9587 ) ;
#2018 = VERTEX_POINT ( 'NONE', #8824 ) ;
#2019 = CARTESIAN_POINT ( 'NONE',  ( 32.70000000000000284, 49.22525195654805685, 0.000000000000000000 ) ) ;
#2020 = AXIS2_PLACEMENT_3D ( 'NONE', #8320, #5741, #4823 ) ;
#2021 = ORIENTED_EDGE ( 'NONE', *, *, #5281, .F. ) ;
#2022 = DIRECTION ( 'NONE',  ( -1.000000000000000000, -0.000000000000000000, -0.000000000000000000 ) ) ;
#2023 = LOCAL_TIME ( 6, 20, 19.00000000000000000, #5266 ) ;
#2024 = DIRECTION ( 'NONE',  ( -1.000000000000000000, 0.000000000000000000, -0.000000000000000000 ) ) ;
#2025 = ORIENTED_EDGE ( 'NONE', *, *, #9724, .T. ) ;
#2026 = DIRECTION ( 'NONE',  ( -0.000000000000000000, -0.000000000000000000, -1.000000000000000000 ) ) ;
#2027 = ADVANCED_FACE ( 'NONE', ( #4701 ), #3819, .F. ) ;
#2028 = CIRCLE ( 'NONE', #9771, 1.700000000000000178 ) ;
#2029 = COORDINATED_UNIVERSAL_TIME_OFFSET ( 5, 0, .BEHIND. ) ;
#2030 = DIRECTION ( 'NONE',  ( 0.000000000000000000, 1.000000000000000000, 0.000000000000000000 ) ) ;
#2031 = LOCAL_TIME ( 6, 20, 19.00000000000000000, #10644 ) ;
#2032 = ORIENTED_EDGE ( 'NONE', *, *, #10770, .T. ) ;
#2033 = CARTESIAN_POINT ( 'NONE',  ( 24.30000000000000071, 57.00000000000000000, 0.000000000000000000 ) ) ;
#2034 = CALENDAR_DATE ( 2026, 18, 9 ) ;
#2035 = CARTESIAN_POINT ( 'NONE',  ( 31.00000000000000000, -1.200000000000000030E-05, 22.70000000000000284 ) ) ;
#2036 = CARTESIAN_POINT ( 'NONE',  ( -27.69999999999999929, -57.00000000000000000, 0.000000000000000000 ) ) ;
#2037 = EDGE_LOOP ( 'NONE', ( #1861, #2263 ) ) ;
#2038 = DIRECTION ( 'NONE',  ( -0.000000000000000000, -0.000000000000000000, 1.000000000000000000 ) ) ;
#2039 = CARTESIAN_POINT ( 'NONE',  ( -9.000000000000000000, 31.00000000000000000, 5.000000000000000000 ) ) ;
#2040 = PRODUCT_DEFINITION_FORMATION_WITH_SPECIFIED_SOURCE ( 'ไป', '', #4832, .NOT_KNOWN. ) ;
#2041 = CC_DESIGN_DATE_AND_TIME_ASSIGNMENT ( #2003, #4982, ( #3622 ) ) ;
#2042 = CARTESIAN_POINT ( 'NONE',  ( 31.19999999999999929, 80.50000000000000000, 6.000000000000000000 ) ) ;
#2043 = DATE_TIME_ROLE ( 'creation_date' ) ;
#2044 = DIRECTION ( 'NONE',  ( 1.000000000000000000, 0.000000000000000000, 0.000000000000000000 ) ) ;
#2045 = CARTESIAN_POINT ( 'NONE',  ( 1.519706945644463181, 2.115203106444731418, 0.000000000000000000 ) ) ;
#2046 = COORDINATED_UNIVERSAL_TIME_OFFSET ( 5, 0, .BEHIND. ) ;
#2047 = CC_DESIGN_APPROVAL ( #6257, ( #2930 ) ) ;
#2048 = EDGE_LOOP ( 'NONE', ( #8274, #5639 ) ) ;
#2049 = CARTESIAN_POINT ( 'NONE',  ( 11.77675979958275754, 7.570663098460283180, 10.92770730904898002 ) ) ;
#2050 = ADVANCED_FACE ( 'NONE', ( #10484 ), #1401, .F. ) ;
#2051 = CARTESIAN_POINT ( 'NONE',  ( 1.519706945644463181, 2.115203106444731418, 0.000000000000000000 ) ) ;
#2052 = CARTESIAN_POINT ( 'NONE',  ( -35.00000000000000000, -70.00000000000000000, 0.000000000000000000 ) ) ;
#2053 = VECTOR ( 'NONE', #9475, 1000.000000000000000 ) ;
#2054 = CARTESIAN_POINT ( 'NONE',  ( -10.54980359593110606, 9.207328926581988426, 6.800000000000001599 ) ) ;
#2055 = EDGE_CURVE ( 'NONE', #921, #6108, #3101, .T. ) ;
#2056 = UNCERTAINTY_MEASURE_WITH_UNIT (LENGTH_MEASURE( 1.000000000000000082E-05 ), #5982, 'distance_accuracy_value', 'NONE');
#2057 = CARTESIAN_POINT ( 'NONE',  ( 0.000000000000000000, 0.000000000000000000, 0.000000000000000000 ) ) ;
#2058 = APPROVAL_ROLE ( '' ) ;
#2059 = CIRCLE ( 'NONE', #6258, 5.799999999999999822 ) ;
#2060 = ORIENTED_EDGE ( 'NONE', *, *, #3105, .F. ) ;
#2061 = CARTESIAN_POINT ( 'NONE',  ( 13.55736206016057466, 68.34320465898694863, -0.000000000000000000 ) ) ;
#2062 = EDGE_CURVE ( 'NONE', #9561, #9740, #8085, .T. ) ;
#2063 = CARTESIAN_POINT ( 'NONE',  ( -9.000000000000000000, -1.200000000000000030E-05, 19.30000000000000071 ) ) ;
#2064 = CIRCLE ( 'NONE', #9984, 1.700000000000000178 ) ;
#2065 = FACE_BOUND ( 'NONE', #396, .T. ) ;
#2066 = VERTEX_POINT ( 'NONE', #10649 ) ;
#2067 = CARTESIAN_POINT ( 'NONE',  ( -9.000000000000000000, 81.00000000000000000, 3.000000000000000000 ) ) ;
#2068 = CIRCLE ( 'NONE', #3135, 2.600000000000000089 ) ;
#2069 = CARTESIAN_POINT ( 'NONE',  ( 86.99999999999998579, 35.00000000000000000, -45.00000000000000000 ) ) ;
#2070 = ORIENTED_EDGE ( 'NONE', *, *, #4166, .T. ) ;
#2071 = LINE ( 'NONE', #6176, #1080 ) ;
#2072 = COORDINATED_UNIVERSAL_TIME_OFFSET ( 5, 0, .BEHIND. ) ;
#2073 = VECTOR ( 'NONE', #660, 1000.000000000000000 ) ;
#2074 = EDGE_CURVE ( 'NONE', #6728, #5252, #5855, .T. ) ;
#2075 = VERTEX_POINT ( 'NONE', #448 ) ;
#2076 = LINE ( 'NONE', #2956, #5225 ) ;
#2077 = LOCAL_TIME ( 6, 20, 19.00000000000000000, #2234 ) ;
#2078 = ADVANCED_FACE ( 'NONE', ( #10542 ), #6324, .T. ) ;
#2079 = ORIENTED_EDGE ( 'NONE', *, *, #10215, .T. ) ;
#2080 = DIRECTION ( 'NONE',  ( -0.000000000000000000, -0.000000000000000000, 1.000000000000000000 ) ) ;
#2081 = LINE ( 'NONE', #534, #10032 ) ;
#2082 = VERTEX_POINT ( 'NONE', #765 ) ;
#2083 = CARTESIAN_POINT ( 'NONE',  ( 3.000000000000000000, 146.0000000000000000, 83.00000000000000000 ) ) ;
#2084 = EDGE_LOOP ( 'NONE', ( #1623, #1162, #5029, #4158 ) ) ;
#2085 = ORIENTED_EDGE ( 'NONE', *, *, #6708, .T. ) ;
#2086 = EDGE_LOOP ( 'NONE', ( #6640, #5551, #7158, #9725 ) ) ;
#2087 = AXIS2_PLACEMENT_3D ( 'NONE', #7520, #3357, #41 ) ;
#2088 =( NAMED_UNIT ( * ) PLANE_ANGLE_UNIT ( ) SI_UNIT ( $, .RADIAN. ) );
#2089 = SHAPE_DEFINITION_REPRESENTATION ( #284, #1619 ) ;
#2090 = ADVANCED_BREP_SHAPE_REPRESENTATION ( '', ( #8477, #2087 ), #2966 ) ;
#2091 = CARTESIAN_POINT ( 'NONE',  ( -10.69999999999999929, 49.00000000000000000, -1.200000000000000030E-05 ) ) ;
#2092 = ORIENTED_EDGE ( 'NONE', *, *, #795, .F. ) ;
#2093 = CARTESIAN_POINT ( 'NONE',  ( 32.48452350954386247, -0.000000000000000000, 20.14146106820963666 ) ) ;
#2094 = COORDINATED_UNIVERSAL_TIME_OFFSET ( 5, 0, .BEHIND. ) ;
#2095 = CARTESIAN_POINT ( 'NONE',  ( -8.774916005114079098, 29.29993048876420403, -0.000000000000000000 ) ) ;
#2096 = ADVANCED_FACE ( 'NONE', ( #4908 ), #10892, .T. ) ;
#2097 = CARTESIAN_POINT ( 'NONE',  ( -10.50000000000000000, 80.50000000000000000, -1.200000000000000030E-05 ) ) ;
#2098 = VECTOR ( 'NONE', #401, 1000.000000000000000 ) ;
#2099 = LINE ( 'NONE', #5334, #5043 ) ;
#2100 = CARTESIAN_POINT ( 'NONE',  ( 30.50000000000000000, -10.00000000000000000, 39.50000000000000000 ) ) ;
#2101 = AXIS2_PLACEMENT_3D ( 'NONE', #1070, #4381, #231 ) ;
#2102 = VECTOR ( 'NONE', #10239, 1000.000000000000000 ) ;
#2103 = LINE ( 'NONE', #5394, #665 ) ;
#2104 = VECTOR ( 'NONE', #10039, 1000.000000000000000 ) ;
#2105 = VECTOR ( 'NONE', #3227, 1000.000000000000000 ) ;
#2106 = DATE_AND_TIME ( #2925, #5533 ) ;
#2107 = CARTESIAN_POINT ( 'NONE',  ( 29.29993048876346151, -0.000000000000000000, 21.22508399488412678 ) ) ;
#2108 = CARTESIAN_POINT ( 'NONE',  ( -10.50000000000000000, 1.300000000000000044, -0.09997027095160138099 ) ) ;
#2109 = DATE_TIME_ROLE ( 'creation_date' ) ;
#2110 = EDGE_LOOP ( 'NONE', ( #3244, #9207, #204, #2213 ) ) ;
#2111 = DIRECTION ( 'NONE',  ( -0.000000000000000000, 1.000000000000000000, 0.000000000000000000 ) ) ;
#2112 = CC_DESIGN_PERSON_AND_ORGANIZATION_ASSIGNMENT ( #4537, #10377, ( #5522 ) ) ;
#2113 = LINE ( 'NONE', #7092, #6643 ) ;
#2114 = CARTESIAN_POINT ( 'NONE',  ( 35.00000000000000000, 0.000000000000000000, 0.000000000000000000 ) ) ;
#2115 = AXIS2_PLACEMENT_3D ( 'NONE', #1213, #4519, #8803 ) ;
#2116 = DIRECTION ( 'NONE',  ( 0.000000000000000000, 0.000000000000000000, 1.000000000000000000 ) ) ;
#2117 = CARTESIAN_POINT ( 'NONE',  ( -19.14151426980605564, -32.51560493047170297, 0.000000000000000000 ) ) ;
#2118 = AXIS2_PLACEMENT_3D ( 'NONE', #8988, #5769, #9091 ) ;
#2119 = COORDINATED_UNIVERSAL_TIME_OFFSET ( 5, 0, .BEHIND. ) ;
#2120 = ORIENTED_EDGE ( 'NONE', *, *, #197, .T. ) ;
#2121 = DIRECTION ( 'NONE',  ( -1.000000000000000000, 0.000000000000000000, -0.000000000000000000 ) ) ;
#2122 = CC_DESIGN_PERSON_AND_ORGANIZATION_ASSIGNMENT ( #4693, #334, ( #974 ) ) ;
#2123 = VERTEX_POINT ( 'NONE', #2484 ) ;
#2124 = APPLICATION_CONTEXT ( 'configuration controlled 3d designs of mechanical parts and assemblies' ) ;
#2125 = DIRECTION ( 'NONE',  ( 0.000000000000000000, 1.000000000000000000, 0.000000000000000000 ) ) ;
#2126 = CARTESIAN_POINT ( 'NONE',  ( 35.60000000000000142, 72.50000000000000000, -1.200000000000000030E-05 ) ) ;
#2127 = VECTOR ( 'NONE', #9037, 1000.000000000000000 ) ;
#2128 = EDGE_CURVE ( 'NONE', #7516, #9813, #1770, .T. ) ;
#2129 = DIRECTION ( 'NONE',  ( 0.000000000000000000, 0.000000000000000000, -1.000000000000000000 ) ) ;
#2130 = ORIENTED_EDGE ( 'NONE', *, *, #2896, .F. ) ;
#2131 = CARTESIAN_POINT ( 'NONE',  ( -10.72380529476361133, 9.000000000000000000, 6.800000000000000711 ) ) ;
#2132 = VECTOR ( 'NONE', #1161, 1000.000000000000000 ) ;
#2133 = SECURITY_CLASSIFICATION_LEVEL ( 'unclassified' ) ;
#2134 = ORIENTED_EDGE ( 'NONE', *, *, #4646, .T. ) ;
#2135 = CARTESIAN_POINT ( 'NONE',  ( 137.7000000000000171, 0.000000000000000000, 6.000000000000000000 ) ) ;
#2136 = CARTESIAN_POINT ( 'NONE',  ( 27.69999999999999929, -57.00000000000000000, 5.000000000000000000 ) ) ;
#2137 = VERTEX_POINT ( 'NONE', #8413 ) ;
#2138 = DIRECTION ( 'NONE',  ( -1.000000000000000000, 0.000000000000000000, 0.000000000000000000 ) ) ;
#2139 = ORIENTED_EDGE ( 'NONE', *, *, #4310, .F. ) ;
#2140 = DIRECTION ( 'NONE',  ( 0.000000000000000000, 0.000000000000000000, -1.000000000000000000 ) ) ;
#2141 = EDGE_CURVE ( 'NONE', #4457, #4566, #7417, .T. ) ;
#2142 = DATE_AND_TIME ( #7948, #10313 ) ;
#2143 = CARTESIAN_POINT ( 'NONE',  ( 40.00000000000000000, 0.000000000000000000, 40.00000000000000000 ) ) ;
#2144 = ORIENTED_EDGE ( 'NONE', *, *, #8724, .F. ) ;
#2145 = CARTESIAN_POINT ( 'NONE',  ( 32.36128909900612172, -0.000000000000000000, 22.04297226075960126 ) ) ;
#2146 = ORIENTED_EDGE ( 'NONE', *, *, #6113, .F. ) ;
#2147 = DATE_TIME_ROLE ( 'classification_date' ) ;
#2148 = LINE ( 'NONE', #2035, #7315 ) ;
#2149 = CARTESIAN_POINT ( 'NONE',  ( 118.3810499613777267, -11.00000000000000000, 0.000000000000000000 ) ) ;
#2150 = LINE ( 'NONE', #1938, #1710 ) ;
#2151 = CARTESIAN_POINT ( 'NONE',  ( 0.000000000000000000, 149.0000000000000000, 0.000000000000000000 ) ) ;
#2152 = EDGE_LOOP ( 'NONE', ( #412, #1565, #8386, #7510 ) ) ;
#2153 = EDGE_CURVE ( 'NONE', #4584, #2897, #1870, .T. ) ;
#2154 = CARTESIAN_POINT ( 'NONE',  ( 31.60000000000000142, 67.50000000000000000, 4.590597372058685011 ) ) ;
#2155 = EDGE_CURVE ( 'NONE', #9383, #5252, #10085, .T. ) ;
#2156 = APPROVAL_ROLE ( '' ) ;
#2157 = CARTESIAN_POINT ( 'NONE',  ( -9.000000000000000000, 49.00000000000000000, 5.000000000000000000 ) ) ;
#2158 = ORIENTED_EDGE ( 'NONE', *, *, #9373, .F. ) ;
#2159 = DIRECTION ( 'NONE',  ( -0.000000000000000000, 1.000000000000000000, -0.000000000000000000 ) ) ;
#2160 = CALENDAR_DATE ( 2026, 18, 9 ) ;
#2161 = ORIENTED_EDGE ( 'NONE', *, *, #8257, .T. ) ;
#2162 = CARTESIAN_POINT ( 'NONE',  ( -27.69999999999999929, 57.00000000000000000, -1.200000000000000030E-05 ) ) ;
#2163 = PLANE ( 'NONE',  #556 ) ;
#2164 = LINE ( 'NONE', #7260, #10291 ) ;
#2165 = VERTEX_POINT ( 'NONE', #10808 ) ;
#2166 = FACE_OUTER_BOUND ( 'NONE', #2848, .T. ) ;
#2167 = FACE_OUTER_BOUND ( 'NONE', #7560, .T. ) ;
#2168 = COORDINATED_UNIVERSAL_TIME_OFFSET ( 5, 0, .BEHIND. ) ;
#2169 = ORIENTED_EDGE ( 'NONE', *, *, #7587, .F. ) ;
#2170 = CARTESIAN_POINT ( 'NONE',  ( -2.600000000000000089, 3.184081677783117698E-16, -6.000000000000000152E-06 ) ) ;
#2171 = ORIENTED_EDGE ( 'NONE', *, *, #1677, .F. ) ;
#2172 = DIRECTION ( 'NONE',  ( 0.000000000000000000, 1.000000000000000000, 0.000000000000000000 ) ) ;
#2173 = CARTESIAN_POINT ( 'NONE',  ( 2.500000000000000000, 3.061616997868383141E-16, 5.000000000000000000 ) ) ;
#2174 = CC_DESIGN_PERSON_AND_ORGANIZATION_ASSIGNMENT ( #5486, #315, ( #2391 ) ) ;
#2175 = APPROVAL_ROLE ( '' ) ;
#2176 = ORGANIZATION ( 'NAUO-ORG7', 'UNSPECIFIED', 'UNSPECIFIED' ) ;
#2177 = ORIENTED_EDGE ( 'NONE', *, *, #10502, .T. ) ;
#2178 = EDGE_LOOP ( 'NONE', ( #7997, #6751, #9154, #9784, #4766, #8156, #10295, #8698, #4743, #5534, #2638, #8367 ) ) ;
#2179 = PLANE ( 'NONE',  #7215 ) ;
#2180 = APPROVAL_STATUS ( 'not_yet_approved' ) ;
#2181 = ORIENTED_EDGE ( 'NONE', *, *, #10429, .F. ) ;
#2182 = CARTESIAN_POINT ( 'NONE',  ( -21.00000000000000000, 81.00000000000000000, 0.000000000000000000 ) ) ;
#2183 = PLANE ( 'NONE',  #10653 ) ;
#2184 = EDGE_CURVE ( 'NONE', #4512, #10211, #4031, .T. ) ;
#2185 = ORIENTED_EDGE ( 'NONE', *, *, #8954, .F. ) ;
#2186 = CARTESIAN_POINT ( 'NONE',  ( -1.951082218127032863, 1.724833573237032125, 0.000000000000000000 ) ) ;
#2187 = AXIS2_PLACEMENT_3D ( 'NONE', #2524, #4990, #8334 ) ;
#2188 = ORIENTED_EDGE ( 'NONE', *, *, #8880, .F. ) ;
#2189 = LINE ( 'NONE', #2083, #2644 ) ;
#2190 = ORGANIZATION ( 'NAUO-ORG15', 'UNSPECIFIED', 'UNSPECIFIED' ) ;
#2191 = ORIENTED_EDGE ( 'NONE', *, *, #10066, .F. ) ;
#2192 = PERSON_AND_ORGANIZATION_ROLE ( 'creator' ) ;
#2193 = PRODUCT_DEFINITION_SHAPE ( 'NONE', 'NONE',  #10910 ) ;
#2194 = DIRECTION ( 'NONE',  ( 1.000000000000000000, 0.000000000000000000, 0.000000000000000000 ) ) ;
#2195 = AXIS2_PLACEMENT_3D ( 'NONE', #5148, #4278, #1239 ) ;
#2196 = ORIENTED_EDGE ( 'NONE', *, *, #2428, .F. ) ;
#2197 = CARTESIAN_POINT ( 'NONE',  ( 6.000000000000000000, 1.300000000000000044, 16.00000000000000000 ) ) ;
#2198 = EDGE_LOOP ( 'NONE', ( #1512, #4450, #7344, #5424 ) ) ;
#2199 = PERSON_AND_ORGANIZATION_ROLE ( 'classification_officer' ) ;
#2200 = CC_DESIGN_SECURITY_CLASSIFICATION ( #8516, ( #10914 ) ) ;
#2201 = CARTESIAN_POINT ( 'NONE',  ( 35.00000000000000000, -70.00000000000000000, 0.000000000000000000 ) ) ;
#2202 = CARTESIAN_POINT ( 'NONE',  ( 21.65666690099398650, 0.000000000000000000, 11.55741526174742262 ) ) ;
#2204 = EDGE_CURVE ( 'NONE', #9553, #8628, #9254, .T. ) ;
#2203 = LINE ( 'NONE', #4741, #7488 ) ;
#2205 = DIRECTION ( 'NONE',  ( 0.000000000000000000, 0.000000000000000000, 1.000000000000000000 ) ) ;
#2206 = ORIENTED_EDGE ( 'NONE', *, *, #4707, .F. ) ;
#2207 = AXIS2_PLACEMENT_3D ( 'NONE', #9968, #4242, #9134 ) ;
#2208 = LOCAL_TIME ( 6, 20, 19.00000000000000000, #3306 ) ;
#2209 = FACE_OUTER_BOUND ( 'NONE', #5098, .T. ) ;
#2210 = PERSON_AND_ORGANIZATION ( #10500, #8573 ) ;
#2211 = LINE ( 'NONE', #5558, #4014 ) ;
#2212 = ORIENTED_EDGE ( 'NONE', *, *, #4634, .F. ) ;
#2213 = ORIENTED_EDGE ( 'NONE', *, *, #1118, .T. ) ;
#2214 = DIRECTION ( 'NONE',  ( 0.000000000000000000, 0.000000000000000000, 1.000000000000000000 ) ) ;
#2215 = CALENDAR_DATE ( 2026, 18, 9 ) ;
#2216 = VERTEX_POINT ( 'NONE', #2374 ) ;
#2217 = CARTESIAN_POINT ( 'NONE',  ( 122.9570277392382707, -1.361289099004650893, -0.000000000000000000 ) ) ;
#2219 = EDGE_CURVE ( 'NONE', #865, #9070, #824, .T. ) ;
#2218 = FACE_OUTER_BOUND ( 'NONE', #7630, .T. ) ;
#2220 = LOCAL_TIME ( 6, 20, 19.00000000000000000, #2968 ) ;
#2221 = CARTESIAN_POINT ( 'NONE',  ( 31.00000000000000000, 49.00000000000000000, -1.200000000000000030E-05 ) ) ;
#2222 = EDGE_CURVE ( 'NONE', #7039, #8604, #10809, .T. ) ;
#2223 = EDGE_LOOP ( 'NONE', ( #5503, #1358, #6402, #2134 ) ) ;
#2224 = CARTESIAN_POINT ( 'NONE',  ( 21.69999999999999929, -34.00000000000000000, -6.000000000000000152E-06 ) ) ;
#2225 = APPROVAL_PERSON_ORGANIZATION ( #2714, #6936, #1005 ) ;
#2226 = CARTESIAN_POINT ( 'NONE',  ( -20.44258473825093247, -32.34333309900549125, 0.000000000000000000 ) ) ;
#2227 = PERSON_AND_ORGANIZATION ( #10500, #8573 ) ;
#2228 = ORIENTED_EDGE ( 'NONE', *, *, #2755, .T. ) ;
#2229 = ORIENTED_EDGE ( 'NONE', *, *, #1900, .T. ) ;
#2230 = ADVANCED_FACE ( 'NONE', ( #6195 ), #7749, .T. ) ;
#2231 = FACE_OUTER_BOUND ( 'NONE', #4087, .T. ) ;
#2232 = APPROVAL_PERSON_ORGANIZATION ( #3754, #9099, #9651 ) ;
#2233 = DIRECTION ( 'NONE',  ( 1.000000000000000000, 0.000000000000000000, 0.000000000000000000 ) ) ;
#2234 = COORDINATED_UNIVERSAL_TIME_OFFSET ( 5, 0, .BEHIND. ) ;
#2235 = EDGE_LOOP ( 'NONE', ( #1798, #9582 ) ) ;
#2236 = CARTESIAN_POINT ( 'NONE',  ( 27.69999999999999929, 0.000000000000000000, 0.000000000000000000 ) ) ;
#2237 = SECURITY_CLASSIFICATION_LEVEL ( 'unclassified' ) ;
#2238 = ORIENTED_EDGE ( 'NONE', *, *, #4103, .F. ) ;
#2239 = CARTESIAN_POINT ( 'NONE',  ( -12.30000000000000071, 70.00000000000000000, -6.000000000000000152E-06 ) ) ;
#2240 = CARTESIAN_POINT ( 'NONE',  ( -35.00000000000000000, 70.00000000000000000, 5.000000000000000000 ) ) ;
#2241 = CC_DESIGN_PERSON_AND_ORGANIZATION_ASSIGNMENT ( #3161, #5834, ( #7656 ) ) ;
#2242 = VECTOR ( 'NONE', #8173, 1000.000000000000000 ) ;
#2243 = PLANE ( 'NONE',  #7873 ) ;
#2244 = AXIS2_PLACEMENT_3D ( 'NONE', #1913, #8731, #8626 ) ;
#2245 = EDGE_LOOP ( 'NONE', ( #1361, #911, #4926, #8051 ) ) ;
#2246 = CARTESIAN_POINT ( 'NONE',  ( -11.63433600334116846, 7.787970427872258128, 8.802702401752442896 ) ) ;
#2247 = ORIENTED_EDGE ( 'NONE', *, *, #9373, .T. ) ;
#2248 = DIRECTION ( 'NONE',  ( 1.000000000000000000, 0.000000000000000000, 0.000000000000000000 ) ) ;
#2249 = ADVANCED_FACE ( 'NONE', ( #2864 ), #3584, .F. ) ;
#2250 = VECTOR ( 'NONE', #4162, 1000.000000000000000 ) ;
#2251 = LOCAL_TIME ( 6, 20, 19.00000000000000000, #8598 ) ;
#2252 = ORIENTED_EDGE ( 'NONE', *, *, #535, .F. ) ;
#2253 = CARTESIAN_POINT ( 'NONE',  ( 4.299999999999999822, 0.000000000000000000, 20.00000000000000000 ) ) ;
#2254 = ORIENTED_EDGE ( 'NONE', *, *, #7652, .T. ) ;
#2255 = SECURITY_CLASSIFICATION_LEVEL ( 'unclassified' ) ;
#2256 = LINE ( 'NONE', #8122, #3475 ) ;
#2257 = CARTESIAN_POINT ( 'NONE',  ( 21.48439506952681555, 0.000000000000000000, 12.85848573019829111 ) ) ;
#2258 = EDGE_CURVE ( 'NONE', #9850, #630, #9581, .T. ) ;
#2259 = DIRECTION ( 'NONE',  ( 0.000000000000000000, -1.000000000000000000, 0.000000000000000000 ) ) ;
#2260 = CARTESIAN_POINT ( 'NONE',  ( 20.85853893179005780, -7.484523509543806519, -0.000000000000000000 ) ) ;
#2261 = VECTOR ( 'NONE', #2823, 1000.000000000000000 ) ;
#2262 = DIRECTION ( 'NONE',  ( -0.000000000000000000, -0.000000000000000000, 1.000000000000000000 ) ) ;
#2263 = ORIENTED_EDGE ( 'NONE', *, *, #132, .F. ) ;
#2264 = COORDINATED_UNIVERSAL_TIME_OFFSET ( 5, 0, .BEHIND. ) ;
#2265 = CARTESIAN_POINT ( 'NONE',  ( 24.30000000000000071, -57.00000000000000000, -1.200000000000000030E-05 ) ) ;
#2266 = EDGE_CURVE ( 'NONE', #3961, #5931, #5230, .T. ) ;
#2267 = ORIENTED_EDGE ( 'NONE', *, *, #8181, .T. ) ;
#2268 =( REPRESENTATION_RELATIONSHIP ('NONE','NONE', #403, #5866 ) REPRESENTATION_RELATIONSHIP_WITH_TRANSFORMATION ( #6428 )SHAPE_REPRESENTATION_RELATIONSHIP( ) );
#2269 = DIRECTION ( 'NONE',  ( -0.000000000000000000, 1.000000000000000000, -0.000000000000000000 ) ) ;
#2270 = AXIS2_PLACEMENT_3D ( 'NONE', #5470, #2891, #3774 ) ;
#2271 = PERSON_AND_ORGANIZATION_ROLE ( 'creator' ) ;
#2272 = CARTESIAN_POINT ( 'NONE',  ( 124.2250839948866883, -1.700069511235892339, -0.000000000000000000 ) ) ;
#2273 = CARTESIAN_POINT ( 'NONE',  ( 0.000000000000000000, 0.000000000000000000, 12.00000000000000000 ) ) ;
#2274 = PLANE ( 'NONE',  #8160 ) ;
#2275 = DIRECTION ( 'NONE',  ( -1.000000000000000000, 0.000000000000000000, -0.000000000000000000 ) ) ;
#2276 = VECTOR ( 'NONE', #8994, 1000.000000000000000 ) ;
#2277 = VECTOR ( 'NONE', #678, 1000.000000000000000 ) ;
#2278 = EDGE_CURVE ( 'NONE', #8381, #2834, #8829, .T. ) ;
#2279 = EDGE_CURVE ( 'NONE', #1524, #3794, #996, .T. ) ;
#2280 = CARTESIAN_POINT ( 'NONE',  ( 0.000000000000000000, 3.000000000000000000, 149.0000000000000000 ) ) ;
#2281 = PERSON_AND_ORGANIZATION_ROLE ( 'creator' ) ;
#2282 = VERTEX_POINT ( 'NONE', #323 ) ;
#2283 = CARTESIAN_POINT ( 'NONE',  ( 12.00000000000000000, -7.000000000000000000, 5.000000000000000000 ) ) ;
#2284 = CARTESIAN_POINT ( 'NONE',  ( -10.50000000000000000, 0.000000000000000000, 6.000000000000000000 ) ) ;
#2285 = DIRECTION ( 'NONE',  ( -0.000000000000000000, -0.000000000000000000, -1.000000000000000000 ) ) ;
#2286 = VECTOR ( 'NONE', #8524, 1000.000000000000000 ) ;
#2287 = AXIS2_PLACEMENT_3D ( 'NONE', #2067, #7881, #10394 ) ;
#2288 = EDGE_CURVE ( 'NONE', #1340, #5576, #10813, .T. ) ;
#2289 = DIRECTION ( 'NONE',  ( 0.000000000000000000, 0.000000000000000000, 1.000000000000000000 ) ) ;
#2290 = ADVANCED_FACE ( 'NONE', ( #6870 ), #2706, .F. ) ;
#2291 = ORIENTED_EDGE ( 'NONE', *, *, #5828, .T. ) ;
#2292 = LINE ( 'NONE', #1422, #3011 ) ;
#2293 = ITEM_DEFINED_TRANSFORMATION ( 'NONE', 'NONE', #3490,  #2087 ) ;
#2294 = ORIENTED_EDGE ( 'NONE', *, *, #2548, .F. ) ;
#2295 = LINE ( 'NONE', #4822, #7328 ) ;
#2296 = DIRECTION ( 'NONE',  ( 0.000000000000000000, 1.000000000000000000, 0.000000000000000000 ) ) ;
#2297 = AXIS2_PLACEMENT_3D ( 'NONE', #1395, #9919, #6483 ) ;
#2298 = ORIENTED_EDGE ( 'NONE', *, *, #7639, .F. ) ;
#2299 = CYLINDRICAL_SURFACE ( 'NONE', #8400, 1.700000000000000178 ) ;
#2300 = CARTESIAN_POINT ( 'NONE',  ( 134.3433330990082197, -0.4425847382506304939, -0.000000000000000000 ) ) ;
#2301 = VERTEX_POINT ( 'NONE', #269 ) ;
#2302 = AXIS2_PLACEMENT_3D ( 'NONE', #7057, #6128, #2797 ) ;
#2303 = CC_DESIGN_DATE_AND_TIME_ASSIGNMENT ( #10142, #321, ( #3417 ) ) ;
#2304 = CARTESIAN_POINT ( 'NONE',  ( 31.19999999999999929, 80.50000000000000000, -1.200000000000000030E-05 ) ) ;
#2305 = VERTEX_POINT ( 'NONE', #1937 ) ;
#2306 = DIRECTION ( 'NONE',  ( -1.000000000000000000, 0.000000000000000000, 0.000000000000000000 ) ) ;
#2307 = ORIENTED_EDGE ( 'NONE', *, *, #455, .T. ) ;
#2308 = ITEM_DEFINED_TRANSFORMATION ( 'NONE', 'NONE', #8373,  #2087 ) ;
#2309 = CARTESIAN_POINT ( 'NONE',  ( 31.60000000000000142, 67.50000000000000000, 6.000000000000000000 ) ) ;
#2310 = DIRECTION ( 'NONE',  ( 1.000000000000000000, 0.000000000000000000, 0.000000000000000000 ) ) ;
#2311 = DIRECTION ( 'NONE',  ( 0.000000000000000000, 0.000000000000000000, 1.000000000000000000 ) ) ;
#2312 = CARTESIAN_POINT ( 'NONE',  ( 134.3000000000000114, 2.081899558550508908E-16, -6.000000000000000152E-06 ) ) ;
#2313 = FACE_BOUND ( 'NONE', #6664, .T. ) ;
#2314 = DATE_AND_TIME ( #753, #2208 ) ;
#2315 = PRODUCT_DEFINITION ( 'ๆ', '', #4149, #5169 ) ;
#2316 = CARTESIAN_POINT ( 'NONE',  ( 0.000000000000000000, 0.000000000000000000, 4.000000000000000000 ) ) ;
#2317 = AXIS2_PLACEMENT_3D ( 'NONE', #7930, #10496, #1353 ) ;
#2318 = DIRECTION ( 'NONE',  ( 0.000000000000000000, -0.000000000000000000, -1.000000000000000000 ) ) ;
#2319 = APPROVAL_STATUS ( 'not_yet_approved' ) ;
#2320 = CARTESIAN_POINT ( 'NONE',  ( 123.5573620601527693, -1.656795341010720346, -0.000000000000000000 ) ) ;
#2321 = VERTEX_POINT ( 'NONE', #6813 ) ;
#2322 = CARTESIAN_POINT ( 'NONE',  ( 12.00000000000000000, -12.00000000000000000, 0.000000000000000000 ) ) ;
#2323 = CARTESIAN_POINT ( 'NONE',  ( 35.00000000000000000, 0.000000000000000000, 4.000000000000000000 ) ) ;
#2324 = VERTEX_POINT ( 'NONE', #1103 ) ;
#2325 = EDGE_CURVE ( 'NONE', #3212, #6022, #4123, .T. ) ;
#2326 = CARTESIAN_POINT ( 'NONE',  ( -28.00000000000000000, 0.000000000000000000, 24.00000000000000000 ) ) ;
#2327 = ADVANCED_FACE ( 'NONE', ( #7798 ), #3640, .F. ) ;
#2328 = CARTESIAN_POINT ( 'NONE',  ( -28.00000000000000000, 8.000000000000000000, 24.00000000000000000 ) ) ;
#2329 = CALENDAR_DATE ( 2026, 18, 9 ) ;
#2330 = ORIENTED_EDGE ( 'NONE', *, *, #6493, .T. ) ;
#2331 = CARTESIAN_POINT ( 'NONE',  ( 31.44263793984587707, 32.65679534101005288, -0.000000000000000000 ) ) ;
#2332 = DIRECTION ( 'NONE',  ( -0.000000000000000000, -1.000000000000000000, -0.000000000000000000 ) ) ;
#2333 = ADVANCED_FACE ( 'NONE', ( #8697, #3692, #7029 ), #108, .F. ) ;
#2334 = ORIENTED_EDGE ( 'NONE', *, *, #6492, .T. ) ;
#2335 = DIRECTION ( 'NONE',  ( -0.000000000000000000, -1.000000000000000000, -0.000000000000000000 ) ) ;
#2336 = PERSON ( 'NAUO-PER6', 'UNSPECIFIED', 'UNSPECIFIED', ('UNSPECIFIED'), ('UNSPECIFIED'), ('UNSPECIFIED') ) ;
#2337 = ORIENTED_EDGE ( 'NONE', *, *, #6434, .T. ) ;
#2338 = ORIENTED_EDGE ( 'NONE', *, *, #4094, .F. ) ;
#2339 = EDGE_LOOP ( 'NONE', ( #7480, #9007 ) ) ;
#2340 = LINE ( 'NONE', #3123, #7739 ) ;
#2341 = CALENDAR_DATE ( 2026, 18, 9 ) ;
#2342 = VERTEX_POINT ( 'NONE', #5445 ) ;
#2343 = LINE ( 'NONE', #5740, #9101 ) ;
#2344 = DIRECTION ( 'NONE',  ( 0.000000000000000000, -0.000000000000000000, 1.000000000000000000 ) ) ;
#2345 = ORIENTED_EDGE ( 'NONE', *, *, #1062, .T. ) ;
#2346 = EDGE_CURVE ( 'NONE', #5931, #6080, #3745, .T. ) ;
#2347 = ORIENTED_EDGE ( 'NONE', *, *, #2649, .T. ) ;
#2348 = CARTESIAN_POINT ( 'NONE',  ( 8.660254037844389075, 11.00000000000000000, 0.000000000000000000 ) ) ;
#2349 = EDGE_CURVE ( 'NONE', #10191, #6172, #490, .T. ) ;
#2350 = CARTESIAN_POINT ( 'NONE',  ( 21.48452350954398682, -5.141461068210320562, -0.000000000000000000 ) ) ;
#2351 = EDGE_CURVE ( 'NONE', #4050, #2137, #7074, .T. ) ;
#2352 = ORIENTED_EDGE ( 'NONE', *, *, #1011, .F. ) ;
#2353 = LOCAL_TIME ( 6, 20, 19.00000000000000000, #9691 ) ;
#2354 = CARTESIAN_POINT ( 'NONE',  ( -15.59999999999999964, 72.50000000000000000, -1.200000000000000030E-05 ) ) ;
#2355 = ORIENTED_EDGE ( 'NONE', *, *, #5085, .F. ) ;
#2356 = CARTESIAN_POINT ( 'NONE',  ( -14.00000000000000000, 70.00000000000000000, 8.000000000000000000 ) ) ;
#2357 = PERSON_AND_ORGANIZATION_ROLE ( 'classification_officer' ) ;
#2358 = DIRECTION ( 'NONE',  ( 0.000000000000000000, 0.000000000000000000, 1.000000000000000000 ) ) ;
#2359 = CARTESIAN_POINT ( 'NONE',  ( 3.000000000000000000, 3.000000000000000000, 83.00000000000000000 ) ) ;
#2360 = DIRECTION ( 'NONE',  ( 0.000000000000000000, 0.000000000000000000, -1.000000000000000000 ) ) ;
#2361 = APPROVAL_PERSON_ORGANIZATION ( #8120, #3588, #10013 ) ;
#2362 = FACE_BOUND ( 'NONE', #5092, .T. ) ;
#2363 = EDGE_CURVE ( 'NONE', #10034, #10275, #8753, .T. ) ;
#2364 = DIRECTION ( 'NONE',  ( 0.000000000000000000, 0.000000000000000000, -1.000000000000000000 ) ) ;
#2365 = VECTOR ( 'NONE', #4109, 1000.000000000000000 ) ;
#2366 = APPROVAL_STATUS ( 'not_yet_approved' ) ;
#2367 = CARTESIAN_POINT ( 'NONE',  ( 0.000000000000000000, 0.000000000000000000, 0.000000000000000000 ) ) ;
#2368 = APPROVAL_ROLE ( '' ) ;
#2369 = ORIENTED_EDGE ( 'NONE', *, *, #2383, .T. ) ;
#2370 = ORIENTED_EDGE ( 'NONE', *, *, #2817, .F. ) ;
#2371 = CARTESIAN_POINT ( 'NONE',  ( -22.00000000000000000, 84.00000000000000000, 8.000000000000000000 ) ) ;
#2372 = PERSON_AND_ORGANIZATION ( #10500, #8573 ) ;
#2373 = LINE ( 'NONE', #2942, #643 ) ;
#2374 = CARTESIAN_POINT ( 'NONE',  ( -0.5999999999999998668, 2.529822128134703529, 12.00000000000000000 ) ) ;
#2375 = DIRECTION ( 'NONE',  ( -0.000000000000000000, -0.000000000000000000, -1.000000000000000000 ) ) ;
#2376 = CARTESIAN_POINT ( 'NONE',  ( -6.000000000000000000, 1.300000000000000044, 16.00000000000000000 ) ) ;
#2377 = AXIS2_PLACEMENT_3D ( 'NONE', #9257, #5939, #7533 ) ;
#2378 = CC_DESIGN_PERSON_AND_ORGANIZATION_ASSIGNMENT ( #3263, #9986, ( #1177 ) ) ;
#2379 = AXIS2_PLACEMENT_3D ( 'NONE', #8273, #1955, #5304 ) ;
#2380 = SHAPE_REPRESENTATION ( 'V2_05_wrist_adapter', ( #2087 ), #5917 ) ;
#2381 = CARTESIAN_POINT ( 'NONE',  ( -9.225083994884492711, 50.70006951123654915, -0.000000000000000000 ) ) ;
#2382 = COORDINATED_UNIVERSAL_TIME_OFFSET ( 5, 0, .BEHIND. ) ;
#2383 = EDGE_CURVE ( 'NONE', #3847, #3022, #1328, .T. ) ;
#2384 = CC_DESIGN_APPROVAL ( #7144, ( #10125 ) ) ;
#2385 = ORIENTED_EDGE ( 'NONE', *, *, #7031, .T. ) ;
#2386 = CARTESIAN_POINT ( 'NONE',  ( 31.60000000000000142, 77.50000000000000000, 1.409402627941315211 ) ) ;
#2387 = CARTESIAN_POINT ( 'NONE',  ( 32.70000000000000284, 31.00000000000000000, -6.000000000000000152E-06 ) ) ;
#2388 = LINE ( 'NONE', #7427, #9301 ) ;
#2389 = EDGE_CURVE ( 'NONE', #433, #6265, #10689, .T. ) ;
#2390 = DIRECTION ( 'NONE',  ( 0.000000000000000000, 0.000000000000000000, 1.000000000000000000 ) ) ;
#2391 = PRODUCT_DEFINITION_FORMATION_WITH_SPECIFIED_SOURCE ( 'ไป', '', #758, .NOT_KNOWN. ) ;
#2392 = EDGE_CURVE ( 'NONE', #7207, #2619, #1275, .T. ) ;
#2393 = VERTEX_POINT ( 'NONE', #2149 ) ;
#2394 = EDGE_CURVE ( 'NONE', #7009, #1021, #3413, .T. ) ;
#2395 = CARTESIAN_POINT ( 'NONE',  ( 0.000000000000000000, -1.300000000000000044, 0.000000000000000000 ) ) ;
#2396 = APPROVAL_PERSON_ORGANIZATION ( #5887, #4863, #5186 ) ;
#2397 = EDGE_LOOP ( 'NONE', ( #6397, #1540 ) ) ;
#2398 = CARTESIAN_POINT ( 'NONE',  ( -9.000000000000000000, 80.49999999999998579, 3.000000000000000000 ) ) ;
#2399 = CARTESIAN_POINT ( 'NONE',  ( -0.3444314227433193376, -2.599930451346447846, 0.000000000000000000 ) ) ;
#2400 = ORIENTED_EDGE ( 'NONE', *, *, #3294, .F. ) ;
#2401 = LINE ( 'NONE', #9899, #4200 ) ;
#2402 = CARTESIAN_POINT ( 'NONE',  ( 19.77491600511452674, -4.299930488764021952, -0.000000000000000000 ) ) ;
#2403 = VECTOR ( 'NONE', #7878, 1000.000000000000000 ) ;
#2404 = VERTEX_POINT ( 'NONE', #7905 ) ;
#2405 = SHAPE_REPRESENTATION_RELATIONSHIP ( 'NONE' , 'NONE' ,  #2380, #1433 ) ;
#2406 = B_SPLINE_CURVE_WITH_KNOTS ( 'NONE', 3,
 ( #286, #5748, #4170, #9122, #7500, #5852, #1589, #4938, #5044, #7448, #10840, #5801, #10009, #1639, #9176, #6886, #9445, #4762 ),
 .UNSPECIFIED., .F., .F.,
 ( 4, 2, 2, 2, 2, 2, 2, 2, 4 ),
 ( 0.5000000000000000000, 0.5625000000000000000, 0.6250000000000000000, 0.6875000000000000000, 0.7500000000000000000, 0.8125000000000000000, 0.8750000000000000000, 0.9375000000000000000, 1.000000000000000000 ),
 .UNSPECIFIED. ) ;
#2407 = LINE ( 'NONE', #2726, #1940 ) ;
#2408 = ADVANCED_FACE ( 'NONE', ( #4683 ), #6253, .F. ) ;
#2409 = EDGE_CURVE ( 'NONE', #398, #8637, #7432, .T. ) ;
#2410 = VERTEX_POINT ( 'NONE', #2036 ) ;
#2411 = DIRECTION ( 'NONE',  ( 1.000000000000000000, 0.000000000000000000, 0.000000000000000000 ) ) ;
#2412 = CALENDAR_DATE ( 2026, 18, 9 ) ;
#2413 = VECTOR ( 'NONE', #8634, 1000.000000000000000 ) ;
#2414 = EDGE_LOOP ( 'NONE', ( #530, #2923, #4966, #3225 ) ) ;
#2415 = DIRECTION ( 'NONE',  ( -0.000000000000000000, -0.000000000000000000, 1.000000000000000000 ) ) ;
#2416 = ORIENTED_EDGE ( 'NONE', *, *, #1329, .T. ) ;
#2417 = CARTESIAN_POINT ( 'NONE',  ( -20.00000000000000000, -12.00000000000000000, 2.000000000000000000 ) ) ;
#2418 = CARTESIAN_POINT ( 'NONE',  ( -9.000000000000000000, -6.000000000000000152E-06, 1.299999999999999600 ) ) ;
#2419 = VECTOR ( 'NONE', #4582, 1000.000000000000000 ) ;
#2420 = CARTESIAN_POINT ( 'NONE',  ( -15.59999999999999964, 62.50000000000000000, -1.200000000000000030E-05 ) ) ;
#2421 = VERTEX_POINT ( 'NONE', #7195 ) ;
#2422 = AXIS2_PLACEMENT_3D ( 'NONE', #9325, #4202, #1664 ) ;
#2423 = DIRECTION ( 'NONE',  ( -1.000000000000000000, -0.000000000000000000, -0.000000000000000000 ) ) ;
#2424 = APPROVAL_PERSON_ORGANIZATION ( #7436, #2849, #9392 ) ;
#2425 = ORIENTED_EDGE ( 'NONE', *, *, #6734, .T. ) ;
#2426 = COORDINATED_UNIVERSAL_TIME_OFFSET ( 5, 0, .BEHIND. ) ;
#2427 = DIRECTION ( 'NONE',  ( 1.000000000000000000, 0.000000000000000000, 0.000000000000000000 ) ) ;
#2428 = EDGE_CURVE ( 'NONE', #2897, #4584, #1601, .T. ) ;
#2429 = SHAPE_REPRESENTATION ( 'V2_REF_electronics_envelope', ( #2087 ), #4896 ) ;
#2430 = ORIENTED_EDGE ( 'NONE', *, *, #2489, .F. ) ;
#2431 = PLANE ( 'NONE',  #8623 ) ;
#2432 = DATE_AND_TIME ( #7310, #3061 ) ;
#2433 = CARTESIAN_POINT ( 'NONE',  ( 24.30000000000000071, -57.00000000000000000, 5.000000000000000000 ) ) ;
#2434 = CARTESIAN_POINT ( 'NONE',  ( 18.51560493047318801, 0.000000000000000000, 11.14151426980208015 ) ) ;
#2435 = CIRCLE ( 'NONE', #8581, 1.700000000000000178 ) ;
#2436 = DIRECTION ( 'NONE',  ( 0.000000000000000000, -0.000000000000000000, 1.000000000000000000 ) ) ;
#2437 = PLANE ( 'NONE',  #437 ) ;
#2438 = AXIS2_PLACEMENT_3D ( 'NONE', #10025, #9187, #4246 ) ;
#2439 = LINE ( 'NONE', #6654, #8251 ) ;
#2440 = CC_DESIGN_PERSON_AND_ORGANIZATION_ASSIGNMENT ( #167, #883, ( #6379 ) ) ;
#2441 = APPROVAL_ROLE ( '' ) ;
#2442 = VERTEX_POINT ( 'NONE', #7246 ) ;
#2443 = CARTESIAN_POINT ( 'NONE',  ( 9.843673541100129043, 9.955766678045158358, 8.590440972410966936 ) ) ;
#2444 = PLANE ( 'NONE',  #6867 ) ;
#2445 = CIRCLE ( 'NONE', #8596, 19.00000000000000000 ) ;
#2446 = VECTOR ( 'NONE', #1414, 1000.000000000000000 ) ;
#2447 = CARTESIAN_POINT ( 'NONE',  ( -21.48439506952757228, 0.000000000000000000, 11.14151426980747850 ) ) ;
#2448 = LINE ( 'NONE', #4869, #509 ) ;
#2449 = APPROVAL ( #1282, 'ๆช' ) ;
#2450 = ORIENTED_EDGE ( 'NONE', *, *, #467, .F. ) ;
#2451 = FACE_OUTER_BOUND ( 'NONE', #6413, .T. ) ;
#2452 = ORIENTED_EDGE ( 'NONE', *, *, #2325, .F. ) ;
#2453 = CARTESIAN_POINT ( 'NONE',  ( 15.48452350954465118, 70.85853893179071861, -0.000000000000000000 ) ) ;
#2454 = CARTESIAN_POINT ( 'NONE',  ( 1.594878658085105760, -2.081978247435756213, 0.000000000000000000 ) ) ;
#2455 = FACE_OUTER_BOUND ( 'NONE', #2414, .T. ) ;
#2456 = VECTOR ( 'NONE', #1158, 1000.000000000000000 ) ;
#2457 = CARTESIAN_POINT ( 'NONE',  ( -9.858485730194315622, 47.51560493047169587, 0.000000000000000000 ) ) ;
#2458 = VECTOR ( 'NONE', #1796, 1000.000000000000000 ) ;
#2459 = ADVANCED_FACE ( 'NONE', ( #6416 ), #9806, .F. ) ;
#2460 = ORIENTED_EDGE ( 'NONE', *, *, #8218, .T. ) ;
#2461 = CARTESIAN_POINT ( 'NONE',  ( -27.69999999999999929, -45.00000000000000000, -1.200000000000000030E-05 ) ) ;
#2462 = CALENDAR_DATE ( 2026, 18, 9 ) ;
#2463 = ORIENTED_EDGE ( 'NONE', *, *, #313, .F. ) ;
#2464 = CARTESIAN_POINT ( 'NONE',  ( 11.03830473322971528, 8.614725053397682686, 6.831724570723054946 ) ) ;
#2465 = APPROVAL_STATUS ( 'not_yet_approved' ) ;
#2466 = ORIENTED_EDGE ( 'NONE', *, *, #3421, .T. ) ;
#2467 = DIRECTION ( 'NONE',  ( 0.000000000000000000, 1.000000000000000000, 0.000000000000000000 ) ) ;
#2468 = ORIENTED_EDGE ( 'NONE', *, *, #10763, .T. ) ;
#2469 = CARTESIAN_POINT ( 'NONE',  ( 0.000000000000000000, 0.000000000000000000, 68.00000000000000000 ) ) ;
#2470 = LINE ( 'NONE', #6026, #2577 ) ;
#2471 = CARTESIAN_POINT ( 'NONE',  ( 0.000000000000000000, 70.00000000000000000, 5.200000000000000178 ) ) ;
#2472 =( REPRESENTATION_RELATIONSHIP ('NONE','NONE', #403, #3098 ) REPRESENTATION_RELATIONSHIP_WITH_TRANSFORMATION ( #4345 )SHAPE_REPRESENTATION_RELATIONSHIP( ) );
#2473 = ADVANCED_FACE ( 'NONE', ( #597 ), #1539, .T. ) ;
#2474 = VERTEX_POINT ( 'NONE', #2417 ) ;
#2475 = AXIS2_PLACEMENT_3D ( 'NONE', #7526, #214, #4191 ) ;
#2476 = DIRECTION ( 'NONE',  ( 0.000000000000000000, -0.000000000000000000, 1.000000000000000000 ) ) ;
#2477 = PERSON_AND_ORGANIZATION_ROLE ( 'design_supplier' ) ;
#2478 = DIRECTION ( 'NONE',  ( 0.000000000000000000, 0.000000000000000000, 1.000000000000000000 ) ) ;
#2479 = ORIENTED_EDGE ( 'NONE', *, *, #7900, .F. ) ;
#2480 = EDGE_LOOP ( 'NONE', ( #4161, #9555, #8009, #1593 ) ) ;
#2481 = CYLINDRICAL_SURFACE ( 'NONE', #6153, 1.700000000000000178 ) ;
#2482 = APPROVAL_ROLE ( '' ) ;
#2483 = CARTESIAN_POINT ( 'NONE',  ( -1.155218221821713742, 2.347434505214176070, -0.000000000000000000 ) ) ;
#2484 = CARTESIAN_POINT ( 'NONE',  ( -9.000000000000000000, 81.00000000000000000, 4.700000000000000178 ) ) ;
#2485 = VECTOR ( 'NONE', #6506, 1000.000000000000000 ) ;
#2486 = DIRECTION ( 'NONE',  ( 1.000000000000000000, 0.000000000000000000, 0.000000000000000000 ) ) ;
#2487 = B_SPLINE_CURVE_WITH_KNOTS ( 'NONE', 3,
 ( #1793, #965, #3279, #2453, #8377, #5033, #912, #5962, #10830, #7555, #8556, #6011, #6613, #10110, #2680, #854, #4223, #4277 ),
 .UNSPECIFIED., .F., .F.,
 ( 4, 2, 2, 2, 2, 2, 2, 2, 4 ),
 ( 0.000000000000000000, 0.06250000000000015266, 0.1250000000000001110, 0.1875000000000000833, 0.2500000000000000555, 0.3125000000000000555, 0.3750000000000000000, 0.4375000000000000000, 0.5000000000000000000 ),
 .UNSPECIFIED. ) ;
#2488 = CARTESIAN_POINT ( 'NONE',  ( 0.000000000000000000, 0.000000000000000000, 39.50000000000000000 ) ) ;
#2489 = EDGE_CURVE ( 'NONE', #3693, #543, #4654, .T. ) ;
#2490 = ADVANCED_FACE ( 'NONE', ( #8227 ), #700, .F. ) ;
#2491 = VECTOR ( 'NONE', #1180, 1000.000000000000000 ) ;
#2492 = CARTESIAN_POINT ( 'NONE',  ( 39.90000000132015856, 278.1999999996445467, -25.00000000000000000 ) ) ;
#2493 = LINE ( 'NONE', #9380, #1545 ) ;
#2494 = CARTESIAN_POINT ( 'NONE',  ( 27.69999999999999929, -57.00000000000000000, -1.200000000000000030E-05 ) ) ;
#2495 = COORDINATED_UNIVERSAL_TIME_OFFSET ( 5, 0, .BEHIND. ) ;
#2496 = EDGE_LOOP ( 'NONE', ( #4333, #1912, #9462, #3635 ) ) ;
#2497 = FACE_OUTER_BOUND ( 'NONE', #6947, .T. ) ;
#2498 = CLOSED_SHELL ( 'NONE', ( #9687, #8588, #6086, #8123, #7896, #4230, #3855, #8369, #7241, #6707, #4965, #4994, #4485, #3696, #6946, #299, #8674, #905, #10026, #4897, #4835, #1991 ) ) ;
#2499 = CARTESIAN_POINT ( 'NONE',  ( -11.59999999999999964, 62.50000000000000000, -8.271806125530276749E-22 ) ) ;
#2500 = DIRECTION ( 'NONE',  ( -0.000000000000000000, -0.000000000000000000, 1.000000000000000000 ) ) ;
#2501 = DIRECTION ( 'NONE',  ( 0.000000000000000000, 0.000000000000000000, -1.000000000000000000 ) ) ;
#2502 = CC_DESIGN_DATE_AND_TIME_ASSIGNMENT ( #1522, #3221, ( #4661 ) ) ;
#2503 = B_SPLINE_CURVE_WITH_KNOTS ( 'NONE', 3,
 ( #1102, #6040, #8412, #7582, #8590, #10308, #2761, #5175, #5988, #2538, #6920, #10250, #6869, #2704, #1936, #3365, #9372, #6094, #9423, #168, #5876, #4420, #1878, #1053, #70, #10084 ),
 .UNSPECIFIED., .F., .F.,
 ( 4, 2, 2, 2, 2, 2, 2, 2, 2, 2, 2, 2, 4 ),
 ( 0.000000000000000000, 0.0008032955908086748635, 0.001606591181617349727, 0.002008238977021684340, 0.002409886772426018519, 0.002811534567830353566, 0.003213182363234687745, 0.003614830158639022791, 0.004016477954043356537, 0.004418125749447691583, 0.004819773544852025762, 0.005623069135660691518, 0.006426364726469357275 ),
 .UNSPECIFIED. ) ;
#2504 = ORIENTED_EDGE ( 'NONE', *, *, #6607, .T. ) ;
#2505 = DIRECTION ( 'NONE',  ( -0.000000000000000000, -0.000000000000000000, -1.000000000000000000 ) ) ;
#2506 = ORIENTED_EDGE ( 'NONE', *, *, #4816, .F. ) ;
#2507 = FACE_BOUND ( 'NONE', #3650, .T. ) ;
#2508 = CARTESIAN_POINT ( 'NONE',  ( 31.00000000000000000, 62.49999999999997868, 3.000000000000000000 ) ) ;
#2509 = ORIENTED_EDGE ( 'NONE', *, *, #7179, .F. ) ;
#2510 = DIRECTION ( 'NONE',  ( -0.000000000000000000, -1.000000000000000000, -0.000000000000000000 ) ) ;
#2511 = CC_DESIGN_PERSON_AND_ORGANIZATION_ASSIGNMENT ( #7386, #6552, ( #4661 ) ) ;
#2512 = CC_DESIGN_DATE_AND_TIME_ASSIGNMENT ( #8667, #9231, ( #1517 ) ) ;
#2513 = CARTESIAN_POINT ( 'NONE',  ( 12.00000000000000000, -7.000000000000000000, 15.00000000000000000 ) ) ;
#2514 = ORIENTED_EDGE ( 'NONE', *, *, #1062, .F. ) ;
#2515 =( NAMED_UNIT ( * ) PLANE_ANGLE_UNIT ( ) SI_UNIT ( $, .RADIAN. ) );
#2516 = PLANE ( 'NONE',  #7370 ) ;
#2517 = DATE_AND_TIME ( #3660, #7647 ) ;
#2518 = EDGE_LOOP ( 'NONE', ( #10508, #7454, #1119, #4623, #9667, #7234 ) ) ;
#2519 = CARTESIAN_POINT ( 'NONE',  ( 31.44258473824912414, -0.000000000000000000, 4.656666900995570124 ) ) ;
#2520 = COORDINATED_UNIVERSAL_TIME_OFFSET ( 5, 0, .BEHIND. ) ;
#2521 = ADVANCED_FACE ( 'NONE', ( #9027 ), #3191, .F. ) ;
#2522 = ORIENTED_EDGE ( 'NONE', *, *, #1085, .F. ) ;
#2523 = DIRECTION ( 'NONE',  ( -0.000000000000000000, -0.000000000000000000, 1.000000000000000000 ) ) ;
#2524 = CARTESIAN_POINT ( 'NONE',  ( -9.000000000000000000, -1.200000000000000030E-05, 3.000000000000000000 ) ) ;
#2525 = CARTESIAN_POINT ( 'NONE',  ( 24.30000000000000071, 57.00000000000000000, 5.000000000000000000 ) ) ;
#2526 = CARTESIAN_POINT ( 'NONE',  ( 0.000000000000000000, 57.00000000000000000, 0.000000000000000000 ) ) ;
#2527 = CC_DESIGN_PERSON_AND_ORGANIZATION_ASSIGNMENT ( #2770, #6103, ( #1377 ) ) ;
#2528 = PLANE ( 'NONE',  #10548 ) ;
#2529 = ORIENTED_EDGE ( 'NONE', *, *, #711, .T. ) ;
#2530 = PERSON_AND_ORGANIZATION_ROLE ( 'creator' ) ;
#2531 = DESIGN_CONTEXT ( 'detailed design', #5485, 'design' ) ;
#2532 = DIRECTION ( 'NONE',  ( -1.000000000000000000, 0.000000000000000000, 0.000000000000000000 ) ) ;
#2533 = ORIENTED_EDGE ( 'NONE', *, *, #9335, .T. ) ;
#2534 = PLANE ( 'NONE',  #7911 ) ;
#2535 = DATE_TIME_ROLE ( 'classification_date' ) ;
#2536 = ADVANCED_FACE ( 'NONE', ( #9130 ), #7568, .F. ) ;
#2537 = APPROVAL_PERSON_ORGANIZATION ( #3416, #7327, #6866 ) ;
#2538 = CARTESIAN_POINT ( 'NONE',  ( -9.169899438923808432, 10.57920282770153264, 9.359032329756258761 ) ) ;
#2539 = CARTESIAN_POINT ( 'NONE',  ( 35.00000000000000000, 70.00000000000000000, 5.000000000000000000 ) ) ;
#2540 = CARTESIAN_POINT ( 'NONE',  ( 0.000000000000000000, 0.000000000000000000, 0.000000000000000000 ) ) ;
#2541 = FACE_BOUND ( 'NONE', #7894, .T. ) ;
#2542 = LOCAL_TIME ( 6, 20, 19.00000000000000000, #9577 ) ;
#2543 = SECURITY_CLASSIFICATION_LEVEL ( 'unclassified' ) ;
#2544 = APPLICATION_PROTOCOL_DEFINITION ( 'international standard', 'config_control_design', 1994, #1562 ) ;
#2545 = DIRECTION ( 'NONE',  ( 0.000000000000000000, 0.000000000000000000, -1.000000000000000000 ) ) ;
#2546 = LINE ( 'NONE', #1721, #5786 ) ;
#2547 = APPROVAL_STATUS ( 'not_yet_approved' ) ;
#2548 = EDGE_CURVE ( 'NONE', #9215, #247, #1312, .T. ) ;
#2549 = EDGE_CURVE ( 'NONE', #3414, #3876, #6271, .T. ) ;
#2550 = EDGE_LOOP ( 'NONE', ( #3565, #5434, #5105, #10456 ) ) ;
#2551 = AXIS2_PLACEMENT_3D ( 'NONE', #3710, #22, #6784 ) ;
#2552 = DIRECTION ( 'NONE',  ( 0.000000000000000000, 0.000000000000000000, -1.000000000000000000 ) ) ;
#2553 = LINE ( 'NONE', #6882, #4783 ) ;
#2554 = ORGANIZATION ( 'NAUO-ORG18', 'UNSPECIFIED', 'UNSPECIFIED' ) ;
#2555 = VERTEX_POINT ( 'NONE', #9908 ) ;
#2556 = FACE_BOUND ( 'NONE', #18, .T. ) ;
#2557 = CARTESIAN_POINT ( 'NONE',  ( -7.343333099005669773, 31.44258473825168565, -0.000000000000000000 ) ) ;
#2558 = CIRCLE ( 'NONE', #2902, 1.700000000000000178 ) ;
#2559 = ORIENTED_EDGE ( 'NONE', *, *, #10439, .F. ) ;
#2560 = PRODUCT_DEFINITION_FORMATION_WITH_SPECIFIED_SOURCE ( 'ไป', '', #6440, .NOT_KNOWN. ) ;
#2561 = EDGE_CURVE ( 'NONE', #82, #7112, #3351, .T. ) ;
#2562 = ORIENTED_EDGE ( 'NONE', *, *, #4913, .F. ) ;
#2563 = DIRECTION ( 'NONE',  ( 0.000000000000000000, -1.000000000000000000, 0.000000000000000000 ) ) ;
#2564 = COORDINATED_UNIVERSAL_TIME_OFFSET ( 5, 0, .BEHIND. ) ;
#2565 = ORIENTED_EDGE ( 'NONE', *, *, #331, .T. ) ;
#2566 = DIRECTION ( 'NONE',  ( 0.000000000000000000, 0.000000000000000000, -1.000000000000000000 ) ) ;
#2567 = DIRECTION ( 'NONE',  ( 0.000000000000000000, 0.000000000000000000, -1.000000000000000000 ) ) ;
#2568 = CC_DESIGN_APPROVAL ( #10798, ( #3465 ) ) ;
#2569 = ORIENTED_EDGE ( 'NONE', *, *, #1533, .T. ) ;
#2570 = CARTESIAN_POINT ( 'NONE',  ( -2.270342840037289811, -1.313216681092628013, -0.000000000000000000 ) ) ;
#2571 = CARTESIAN_POINT ( 'NONE',  ( -10.48452350954359247, 48.14146106820974325, -0.000000000000000000 ) ) ;
#2572 = EDGE_LOOP ( 'NONE', ( #5798, #3062, #4821, #2130, #1121, #9297 ) ) ;
#2573 = APPROVAL_PERSON_ORGANIZATION ( #5725, #621, #2441 ) ;
#2574 = PERSON_AND_ORGANIZATION_ROLE ( 'creator' ) ;
#2575 = VERTEX_POINT ( 'NONE', #6687 ) ;
#2576 = DIRECTION ( 'NONE',  ( -0.000000000000000000, -0.000000000000000000, 1.000000000000000000 ) ) ;
#2577 = VECTOR ( 'NONE', #5115, 1000.000000000000000 ) ;
#2578 = CC_DESIGN_PERSON_AND_ORGANIZATION_ASSIGNMENT ( #6540, #8362, ( #6486 ) ) ;
#2579 = APPROVAL_STATUS ( 'not_yet_approved' ) ;
#2580 = ORIENTED_EDGE ( 'NONE', *, *, #1799, .T. ) ;
#2581 = CARTESIAN_POINT ( 'NONE',  ( -21.00000000000000000, 81.00000000000000000, 6.000000000000000000 ) ) ;
#2582 = CARTESIAN_POINT ( 'NONE',  ( 0.000000000000000000, 19.50000000000000000, 3.000000000000000000 ) ) ;
#2583 = CARTESIAN_POINT ( 'NONE',  ( 0.000000000000000000, 0.000000000000000000, 5.000000000000000000 ) ) ;
#2584 = VECTOR ( 'NONE', #5900, 1000.000000000000000 ) ;
#2585 = FACE_OUTER_BOUND ( 'NONE', #7024, .T. ) ;
#2586 = PLANE ( 'NONE',  #6125 ) ;
#2587 = ORIENTED_EDGE ( 'NONE', *, *, #5885, .F. ) ;
#2588 = CARTESIAN_POINT ( 'NONE',  ( -5.799999999999999822, 0.000000000000000000, 0.000000000000000000 ) ) ;
#2589 = CALENDAR_DATE ( 2026, 18, 9 ) ;
#2590 = CARTESIAN_POINT ( 'NONE',  ( 29.34333309900548414, 30.55741526174831790, -0.000000000000000000 ) ) ;
#2591 = AXIS2_PLACEMENT_3D ( 'NONE', #5755, #8226, #5602 ) ;
#2592 = ORIENTED_EDGE ( 'NONE', *, *, #7764, .F. ) ;
#2593 = CARTESIAN_POINT ( 'NONE',  ( -14.00000000000000000, 0.000000000000000000, 2.000000000000000000 ) ) ;
#2594 = CC_DESIGN_DATE_AND_TIME_ASSIGNMENT ( #8690, #3857, ( #1159 ) ) ;
#2595 = COORDINATED_UNIVERSAL_TIME_OFFSET ( 5, 0, .BEHIND. ) ;
#2596 = LINE ( 'NONE', #48, #9268 ) ;
#2597 = CARTESIAN_POINT ( 'NONE',  ( 18.95702773923658668, -0.000000000000000000, 13.36128909900305395 ) ) ;
#2598 = DIRECTION ( 'NONE',  ( -1.000000000000000000, 0.000000000000000000, -0.000000000000000000 ) ) ;
#2599 = CARTESIAN_POINT ( 'NONE',  ( -10.49999999999999822, 59.50000000000000000, 3.799999999999998490 ) ) ;
#2600 = VECTOR ( 'NONE', #9064, 1000.000000000000000 ) ;
#2601 =( GEOMETRIC_REPRESENTATION_CONTEXT ( 3 ) GLOBAL_UNCERTAINTY_ASSIGNED_CONTEXT ( ( #7977 ) ) GLOBAL_UNIT_ASSIGNED_CONTEXT ( ( #7788, #9520, #3230 ) ) REPRESENTATION_CONTEXT ( 'NONE', 'WORKASPACE' ) );
#2602 = EDGE_CURVE ( 'NONE', #6238, #9740, #10074, .T. ) ;
#2603 = PERSON_AND_ORGANIZATION ( #10500, #8573 ) ;
#2604 = PERSON_AND_ORGANIZATION_ROLE ( 'classification_officer' ) ;
#2605 = DIRECTION ( 'NONE',  ( 1.000000000000000000, -0.000000000000000000, 0.000000000000000000 ) ) ;
#2606 = CARTESIAN_POINT ( 'NONE',  ( -9.225083994885922678, 0.000000000000000000, 19.29993048876420403 ) ) ;
#2607 = PERSON_AND_ORGANIZATION ( #10500, #8573 ) ;
#2608 = VECTOR ( 'NONE', #7084, 1000.000000000000000 ) ;
#2609 = LOCAL_TIME ( 6, 20, 19.00000000000000000, #3811 ) ;
#2610 = ORIENTED_EDGE ( 'NONE', *, *, #9416, .T. ) ;
#2611 = CARTESIAN_POINT ( 'NONE',  ( 9.028379520031956318, 10.69992351637305283, 10.13505688321050791 ) ) ;
#2612 = CARTESIAN_POINT ( 'NONE',  ( -1.000000000000000000, 19.50000000000000000, 0.000000000000000000 ) ) ;
#2613 = DIRECTION ( 'NONE',  ( 0.000000000000000000, 0.000000000000000000, 1.000000000000000000 ) ) ;
#2614 = EDGE_CURVE ( 'NONE', #9740, #8406, #4124, .T. ) ;
#2615 = CYLINDRICAL_SURFACE ( 'NONE', #5087, 1.700000000000000178 ) ;
#2616 = AXIS2_PLACEMENT_3D ( 'NONE', #10372, #1992, #4533 ) ;
#2617 = ADVANCED_FACE ( 'NONE', ( #6632 ), #1646, .F. ) ;
#2618 = ADVANCED_FACE ( 'NONE', ( #4178 ), #5860, .F. ) ;
#2619 = VERTEX_POINT ( 'NONE', #7619 ) ;
#2620 = PERSON ( 'NAUO-PER16', 'UNSPECIFIED', 'UNSPECIFIED', ('UNSPECIFIED'), ('UNSPECIFIED'), ('UNSPECIFIED') ) ;
#2621 = DESIGN_CONTEXT ( 'detailed design', #10772, 'design' ) ;
#2622 =( REPRESENTATION_RELATIONSHIP ('NONE','NONE', #403, #6868 ) REPRESENTATION_RELATIONSHIP_WITH_TRANSFORMATION ( #9009 )SHAPE_REPRESENTATION_RELATIONSHIP( ) );
#2623 = ORIENTED_EDGE ( 'NONE', *, *, #3898, .T. ) ;
#2624 = FACE_OUTER_BOUND ( 'NONE', #4007, .T. ) ;
#2625 = AXIS2_PLACEMENT_3D ( 'NONE', #10677, #9792, #8963 ) ;
#2626 = APPROVAL_ROLE ( '' ) ;
#2627 = ORIENTED_EDGE ( 'NONE', *, *, #10111, .F. ) ;
#2628 = FACE_BOUND ( 'NONE', #1496, .T. ) ;
#2629 = FACE_OUTER_BOUND ( 'NONE', #1732, .T. ) ;
#2630 = VERTEX_POINT ( 'NONE', #5215 ) ;
#2631 = CARTESIAN_POINT ( 'NONE',  ( 20.00000000000000000, -6.000000000000000152E-06, 10.30000000000000071 ) ) ;
#2632 = CARTESIAN_POINT ( 'NONE',  ( -7.638710900996578346, -0.000000000000000000, 22.04297226076342042 ) ) ;
#2633 = EDGE_CURVE ( 'NONE', #6127, #3777, #1092, .T. ) ;
#2634 = EDGE_CURVE ( 'NONE', #3319, #3833, #10281, .T. ) ;
#2635 = VERTEX_POINT ( 'NONE', #7836 ) ;
#2636 = AXIS2_PLACEMENT_3D ( 'NONE', #9158, #9938, #1464 ) ;
#2637 =( NAMED_UNIT ( * ) PLANE_ANGLE_UNIT ( ) SI_UNIT ( $, .RADIAN. ) );
#2638 = ORIENTED_EDGE ( 'NONE', *, *, #9274, .F. ) ;
#2639 = CARTESIAN_POINT ( 'NONE',  ( 32.48452350954332246, -0.000000000000000000, 2.141461068209105978 ) ) ;
#2640 = CALENDAR_DATE ( 2026, 18, 9 ) ;
#2641 = ORIENTED_EDGE ( 'NONE', *, *, #8724, .T. ) ;
#2642 = CARTESIAN_POINT ( 'NONE',  ( 0.000000000000000000, 0.000000000000000000, -1.200000000000000030E-05 ) ) ;
#2643 = CARTESIAN_POINT ( 'NONE',  ( -9.000000000000000000, -1.200000000000000030E-05, 1.300000000000000044 ) ) ;
#2644 = VECTOR ( 'NONE', #3906, 1000.000000000000000 ) ;
#2645 = LINE ( 'NONE', #1698, #8352 ) ;
#2646 = LINE ( 'NONE', #8685, #6226 ) ;
#2647 = PLANE ( 'NONE',  #8597 ) ;
#2648 = VERTEX_POINT ( 'NONE', #308 ) ;
#2649 = EDGE_CURVE ( 'NONE', #2018, #8742, #10128, .T. ) ;
#2650 = CC_DESIGN_DATE_AND_TIME_ASSIGNMENT ( #5875, #2535, ( #5678 ) ) ;
#2651 = DIRECTION ( 'NONE',  ( -0.000000000000000000, -0.000000000000000000, -1.000000000000000000 ) ) ;
#2652 = AXIS2_PLACEMENT_3D ( 'NONE', #9071, #6356, #2194 ) ;
#2653 = PERSON_AND_ORGANIZATION_ROLE ( 'creator' ) ;
#2654 = CARTESIAN_POINT ( 'NONE',  ( -0.5999999999999997558, 2.529822128134703085, -1.200000000000000030E-05 ) ) ;
#2655 = ORIENTED_EDGE ( 'NONE', *, *, #7561, .F. ) ;
#2656 = CARTESIAN_POINT ( 'NONE',  ( 31.60000000000000142, 77.50000000000000000, 4.590597372058685011 ) ) ;
#2657 = PERSON_AND_ORGANIZATION ( #9698, #5340 ) ;
#2658 = CARTESIAN_POINT ( 'NONE',  ( -10.48452350954359780, 30.14146106820973614, -0.000000000000000000 ) ) ;
#2659 = CARTESIAN_POINT ( 'NONE',  ( -10.00000000000000000, -10.00000000000000000, 0.000000000000000000 ) ) ;
#2660 = DIRECTION ( 'NONE',  ( 0.000000000000000000, -1.000000000000000000, 0.000000000000000000 ) ) ;
#2661 = CARTESIAN_POINT ( 'NONE',  ( -8.557415261748690938, -0.000000000000000000, 4.656666900994514080 ) ) ;
#2662 = APPROVAL ( #7642, 'ๆช' ) ;
#2663 = APPROVAL_ROLE ( '' ) ;
#2664 = PERSON_AND_ORGANIZATION ( #10500, #8573 ) ;
#2665 = FACE_OUTER_BOUND ( 'NONE', #5517, .T. ) ;
#2666 = DIRECTION ( 'NONE',  ( 0.000000000000000000, 0.000000000000000000, -1.000000000000000000 ) ) ;
#2667 = VECTOR ( 'NONE', #10306, 1000.000000000000000 ) ;
#2668 = PERSON_AND_ORGANIZATION ( #10500, #8573 ) ;
#2669 = ORIENTED_EDGE ( 'NONE', *, *, #5358, .T. ) ;
#2670 = CARTESIAN_POINT ( 'NONE',  ( 11.88038519805911619, 7.406761620341381303, 10.60532561035885202 ) ) ;
#2671 = ADVANCED_FACE ( 'NONE', ( #3519, #8514 ), #6133, .F. ) ;
#2672 = CARTESIAN_POINT ( 'NONE',  ( 0.000000000000000000, 0.000000000000000000, 24.00000000000000000 ) ) ;
#2673 = CARTESIAN_POINT ( 'NONE',  ( 12.00000000000000000, 7.000000000000000000, 16.69999999999999929 ) ) ;
#2674 = VECTOR ( 'NONE', #3380, 1000.000000000000000 ) ;
#2675 = CARTESIAN_POINT ( 'NONE',  ( -7.299999999999998046, 31.22525195654760921, 0.000000000000000000 ) ) ;
#2676 = EDGE_LOOP ( 'NONE', ( #45, #536, #10043, #914 ) ) ;
#2677 = FACE_OUTER_BOUND ( 'NONE', #4482, .T. ) ;
#2678 = EDGE_CURVE ( 'NONE', #7421, #10095, #7961, .T. ) ;
#2679 = VERTEX_POINT ( 'NONE', #3464 ) ;
#2680 = CARTESIAN_POINT ( 'NONE',  ( 12.51560493047243305, 70.85848573019067942, 0.000000000000000000 ) ) ;
#2681 = LINE ( 'NONE', #7923, #4826 ) ;
#2682 = CARTESIAN_POINT ( 'NONE',  ( 1.313216681092871818, -2.270342840037188559, -0.000000000000000000 ) ) ;
#2683 = CARTESIAN_POINT ( 'NONE',  ( -28.00000000000000000, 0.000000000000000000, 0.000000000000000000 ) ) ;
#2684 = ORIENTED_EDGE ( 'NONE', *, *, #4023, .F. ) ;
#2685 =( LENGTH_UNIT ( ) NAMED_UNIT ( * ) SI_UNIT ( .MILLI., .METRE. ) );
#2686 =( REPRESENTATION_RELATIONSHIP ('NONE','NONE', #403, #10755 ) REPRESENTATION_RELATIONSHIP_WITH_TRANSFORMATION ( #8529 )SHAPE_REPRESENTATION_RELATIONSHIP( ) );
#2687 = B_SPLINE_CURVE_WITH_KNOTS ( 'NONE', 3,
 ( #6727, #4978, #3284, #2571, #857, #1687, #2457, #4881, #7391, #10004, #10732, #3180, #5906, #6619, #10781, #794, #9286, #5797 ),
 .UNSPECIFIED., .F., .F.,
 ( 4, 2, 2, 2, 2, 2, 2, 2, 4 ),
 ( 0.5000000000000000000, 0.5625000000000000000, 0.6250000000000000000, 0.6875000000000000000, 0.7500000000000000000, 0.8125000000000000000, 0.8750000000000000000, 0.9375000000000000000, 1.000000000000000000 ),
 .UNSPECIFIED. ) ;
#2688 = ORIENTED_EDGE ( 'NONE', *, *, #4362, .F. ) ;
#2689 = CARTESIAN_POINT ( 'NONE',  ( 31.00000000000000000, -6.000000000000000152E-06, 4.699999999999999289 ) ) ;
#2690 = APPROVAL_DATE_TIME ( #1803, #344 ) ;
#2691 = EDGE_CURVE ( 'NONE', #9703, #8511, #1754, .T. ) ;
#2692 = ORIENTED_EDGE ( 'NONE', *, *, #550, .T. ) ;
#2693 = CARTESIAN_POINT ( 'NONE',  ( -15.69999999999999929, 0.000000000000000000, 2.000000000000000000 ) ) ;
#2694 = EDGE_CURVE ( 'NONE', #5308, #8727, #2749, .T. ) ;
#2695 = CARTESIAN_POINT ( 'NONE',  ( 0.5999999999999998668, 9.000000000000000000, 11.70000000000000107 ) ) ;
#2696 = CARTESIAN_POINT ( 'NONE',  ( 31.00000000000000000, 80.49999999999998579, 3.000000000000000000 ) ) ;
#2697 = DIRECTION ( 'NONE',  ( 0.000000000000000000, 0.000000000000000000, -1.000000000000000000 ) ) ;
#2698 = CARTESIAN_POINT ( 'NONE',  ( 27.69999999999999929, -57.00000000000000000, 5.000000000000000000 ) ) ;
#2699 = DATE_AND_TIME ( #7627, #3260 ) ;
#2700 = CARTESIAN_POINT ( 'NONE',  ( 31.19999999999999929, -1.200000000000000030E-05, 4.688194301613412662 ) ) ;
#2701 = ORIENTED_EDGE ( 'NONE', *, *, #5452, .F. ) ;
#2702 = CARTESIAN_POINT ( 'NONE',  ( 0.000000000000000000, 0.000000000000000000, 6.000000000000000000 ) ) ;
#2703 = CALENDAR_DATE ( 2026, 18, 9 ) ;
#2704 = CARTESIAN_POINT ( 'NONE',  ( -9.028322918593271851, 10.69997127470831622, 10.13622890001263066 ) ) ;
#2705 = EDGE_CURVE ( 'NONE', #6599, #1250, #9359, .T. ) ;
#2706 = CYLINDRICAL_SURFACE ( 'NONE', #4815, 1.700000000000000178 ) ;
#2707 = DIRECTION ( 'NONE',  ( 0.000000000000000000, -0.000000000000000000, 1.000000000000000000 ) ) ;
#2708 = LINE ( 'NONE', #1000, #9586 ) ;
#2709 = DATE_TIME_ROLE ( 'creation_date' ) ;
#2710 = PERSON_AND_ORGANIZATION_ROLE ( 'design_supplier' ) ;
#2711 = LINE ( 'NONE', #891, #9987 ) ;
#2712 = CC_DESIGN_SECURITY_CLASSIFICATION ( #5678, ( #10896 ) ) ;
#2713 = DIRECTION ( 'NONE',  ( -0.000000000000000000, -0.000000000000000000, 1.000000000000000000 ) ) ;
#2714 = PERSON_AND_ORGANIZATION ( #10500, #8573 ) ;
#2715 = ORIENTED_EDGE ( 'NONE', *, *, #770, .F. ) ;
#2716 = CARTESIAN_POINT ( 'NONE',  ( 11.32625336758537671, 8.229749050941169486, 11.51924676303362638 ) ) ;
#2717 = APPROVAL ( #10481, 'ๆช' ) ;
#2718 = DIRECTION ( 'NONE',  ( 0.000000000000000000, 1.000000000000000000, 0.000000000000000000 ) ) ;
#2719 = VECTOR ( 'NONE', #1974, 1000.000000000000000 ) ;
#2720 = DIRECTION ( 'NONE',  ( -1.000000000000000000, 0.000000000000000000, -0.000000000000000000 ) ) ;
#2721 = CC_DESIGN_SECURITY_CLASSIFICATION ( #6549, ( #10905 ) ) ;
#2722 = CARTESIAN_POINT ( 'NONE',  ( -20.00000000000000000, -6.000000000000000000, -1.200000000000000030E-05 ) ) ;
#2723 = VERTEX_POINT ( 'NONE', #1922 ) ;
#2724 = EDGE_CURVE ( 'NONE', #3054, #8625, #1807, .T. ) ;
#2725 = VECTOR ( 'NONE', #7152, 1000.000000000000000 ) ;
#2726 = CARTESIAN_POINT ( 'NONE',  ( 0.000000000000000000, 0.000000000000000000, 83.00000000000000000 ) ) ;
#2727 = APPROVAL_PERSON_ORGANIZATION ( #6852, #10255, #3516 ) ;
#2728 = VERTEX_POINT ( 'NONE', #2695 ) ;
#2729 = DIRECTION ( 'NONE',  ( 1.000000000000000000, 0.000000000000000000, 0.000000000000000000 ) ) ;
#2730 = CC_DESIGN_DATE_AND_TIME_ASSIGNMENT ( #4146, #3007, ( #7414 ) ) ;
#2731 = EDGE_LOOP ( 'NONE', ( #6511, #7173 ) ) ;
#2732 = CARTESIAN_POINT ( 'NONE',  ( 0.5999999999999999778, 2.200000000000000178, -0.09997027095160138099 ) ) ;
#2733 = ADVANCED_BREP_SHAPE_REPRESENTATION ( '', ( #4846, #2087 ), #6443 ) ;
#2734 = CARTESIAN_POINT ( 'NONE',  ( 2.600000000000000089, 0.000000000000000000, -6.000000000000000152E-06 ) ) ;
#2735 = AXIS2_PLACEMENT_3D ( 'NONE', #8126, #5654, #7353 ) ;
#2736 = ORIENTED_EDGE ( 'NONE', *, *, #3117, .F. ) ;
#2737 = DIRECTION ( 'NONE',  ( -1.000000000000000000, 0.000000000000000000, -0.000000000000000000 ) ) ;
#2738 = LOCAL_TIME ( 6, 20, 19.00000000000000000, #9537 ) ;
#2739 = ORIENTED_EDGE ( 'NONE', *, *, #10355, .T. ) ;
#2740 = EDGE_CURVE ( 'NONE', #7837, #1492, #6963, .T. ) ;
#2741 = DIRECTION ( 'NONE',  ( 0.000000000000000000, 0.000000000000000000, 1.000000000000000000 ) ) ;
#2742 = EDGE_LOOP ( 'NONE', ( #386, #7958, #6667, #2228 ) ) ;
#2743 = FACE_BOUND ( 'NONE', #9793, .T. ) ;
#2744 = SECURITY_CLASSIFICATION_LEVEL ( 'unclassified' ) ;
#2745 = LOCAL_TIME ( 6, 20, 19.00000000000000000, #8355 ) ;
#2746 = ORIENTED_EDGE ( 'NONE', *, *, #3216, .F. ) ;
#2747 = DIRECTION ( 'NONE',  ( -1.000000000000000000, -0.000000000000000000, -0.000000000000000000 ) ) ;
#2748 = VERTEX_POINT ( 'NONE', #10238 ) ;
#2749 = LINE ( 'NONE', #5159, #3600 ) ;
#2750 = VERTEX_POINT ( 'NONE', #6855 ) ;
#2751 = FACE_OUTER_BOUND ( 'NONE', #9040, .T. ) ;
#2752 = CARTESIAN_POINT ( 'NONE',  ( 0.000000000000000000, 0.000000000000000000, 0.000000000000000000 ) ) ;
#2753 = EDGE_CURVE ( 'NONE', #1194, #2075, #4349, .T. ) ;
#2754 = APPROVAL_PERSON_ORGANIZATION ( #6106, #7597, #8483 ) ;
#2755 = EDGE_CURVE ( 'NONE', #8625, #5220, #8636, .T. ) ;
#2756 = PERSON_AND_ORGANIZATION ( #10500, #8573 ) ;
#2757 = DESIGN_CONTEXT ( 'detailed design', #419, 'design' ) ;
#2758 = CARTESIAN_POINT ( 'NONE',  ( -12.00000000000000000, 7.000000000000000000, 13.29999999999999893 ) ) ;
#2759 = VERTEX_POINT ( 'NONE', #7677 ) ;
#2760 = CARTESIAN_POINT ( 'NONE',  ( -20.00000000000000000, -12.00000000000000000, 0.000000000000000000 ) ) ;
#2761 = CARTESIAN_POINT ( 'NONE',  ( -9.511878329221135075, 10.27300072430434952, 8.867760934432130426 ) ) ;
#2762 = CARTESIAN_POINT ( 'NONE',  ( -20.44258473825189171, -4.343333099005882048, 0.000000000000000000 ) ) ;
#2763 = ORIENTED_EDGE ( 'NONE', *, *, #4524, .T. ) ;
#2764 = CARTESIAN_POINT ( 'NONE',  ( 122.2999999999999972, 2.081899558550508908E-16, -1.200000000000000030E-05 ) ) ;
#2765 = CC_DESIGN_APPROVAL ( #9099, ( #3277 ) ) ;
#2766 = DIRECTION ( 'NONE',  ( 0.000000000000000000, 0.000000000000000000, 1.000000000000000000 ) ) ;
#2767 = AXIS2_PLACEMENT_3D ( 'NONE', #5229, #7529, #4305 ) ;
#2768 = CALENDAR_DATE ( 2026, 18, 9 ) ;
#2769 = ADVANCED_FACE ( 'NONE', ( #6025 ), #10352, .F. ) ;
#2770 = PERSON_AND_ORGANIZATION ( #10500, #8573 ) ;
#2771 = CARTESIAN_POINT ( 'NONE',  ( -28.00000000000000000, 0.000000000000000000, 24.00000000000000000 ) ) ;
#2772 = CARTESIAN_POINT ( 'NONE',  ( -10.00000000000000000, 10.00000000000000000, 0.000000000000000000 ) ) ;
#2773 = DATE_AND_TIME ( #4319, #9256 ) ;
#2774 = ORIENTED_EDGE ( 'NONE', *, *, #7299, .F. ) ;
#2775 = CARTESIAN_POINT ( 'NONE',  ( 11.45770097412407829, 8.045736335212733792, 11.41094936464103959 ) ) ;
#2776 = VECTOR ( 'NONE', #8456, 1000.000000000000000 ) ;
#2777 = DIRECTION ( 'NONE',  ( -0.000000000000000000, -0.000000000000000000, 1.000000000000000000 ) ) ;
#2778 = AXIS2_PLACEMENT_3D ( 'NONE', #3240, #2311, #5653 ) ;
#2779 = CARTESIAN_POINT ( 'NONE',  ( -7.515476490455951009, 31.85853893178962437, -0.000000000000000000 ) ) ;
#2780 = PRODUCT_RELATED_PRODUCT_CATEGORY ( 'detail', '', ( #6913 ) ) ;
#2781 = AXIS2_PLACEMENT_3D ( 'NONE', #6181, #9562, #9463 ) ;
#2782 = CC_DESIGN_APPROVAL ( #4353, ( #9056 ) ) ;
#2783 = DIRECTION ( 'NONE',  ( -0.000000000000000000, 1.000000000000000000, 0.000000000000000000 ) ) ;
#2784 = CALENDAR_DATE ( 2026, 18, 9 ) ;
#2785 = ORIENTED_EDGE ( 'NONE', *, *, #9430, .T. ) ;
#2786 = CARTESIAN_POINT ( 'NONE',  ( 31.60000000000000142, -1.200000000000000030E-05, 4.590597372058685011 ) ) ;
#2787 = ORIENTED_EDGE ( 'NONE', *, *, #6559, .F. ) ;
#2788 = DIRECTION ( 'NONE',  ( 1.000000000000000000, 0.000000000000000000, 0.000000000000000000 ) ) ;
#2789 = VECTOR ( 'NONE', #5555, 1000.000000000000000 ) ;
#2790 = DIRECTION ( 'NONE',  ( 0.000000000000000000, 1.000000000000000000, 0.000000000000000000 ) ) ;
#2791 = DIRECTION ( 'NONE',  ( 0.000000000000000000, 0.000000000000000000, 1.000000000000000000 ) ) ;
#2792 = CC_DESIGN_DATE_AND_TIME_ASSIGNMENT ( #10136, #42, ( #7109 ) ) ;
#2793 = DIRECTION ( 'NONE',  ( 0.000000000000000000, 0.000000000000000000, 1.000000000000000000 ) ) ;
#2794 = AXIS2_PLACEMENT_3D ( 'NONE', #9668, #2125, #1299 ) ;
#2795 = AXIS2_PLACEMENT_3D ( 'NONE', #9225, #6617, #9170 ) ;
#2796 = VERTEX_POINT ( 'NONE', #9410 ) ;
#2797 = DIRECTION ( 'NONE',  ( 0.000000000000000000, -0.000000000000000000, -1.000000000000000000 ) ) ;
#2798 = COORDINATED_UNIVERSAL_TIME_OFFSET ( 5, 0, .BEHIND. ) ;
#2799 = ORIENTED_EDGE ( 'NONE', *, *, #8380, .T. ) ;
#2800 = CARTESIAN_POINT ( 'NONE',  ( 31.60000000000000142, 72.50000000000000000, -1.200000000000000030E-05 ) ) ;
#2801 = VERTEX_POINT ( 'NONE', #1863 ) ;
#2802 = DIRECTION ( 'NONE',  ( 0.000000000000000000, 0.000000000000000000, -1.000000000000000000 ) ) ;
#2803 = ADVANCED_FACE ( 'NONE', ( #207 ), #3571, .T. ) ;
#2804 = DIRECTION ( 'NONE',  ( -0.000000000000000000, -0.000000000000000000, 1.000000000000000000 ) ) ;
#2805 = AXIS2_PLACEMENT_3D ( 'NONE', #10704, #766, #6431 ) ;
#2806 = DIRECTION ( 'NONE',  ( 0.000000000000000000, 0.000000000000000000, -1.000000000000000000 ) ) ;
#2807 = CALENDAR_DATE ( 2026, 18, 9 ) ;
#2808 = CARTESIAN_POINT ( 'NONE',  ( 0.000000000000000000, 20.00000000000000000, 0.000000000000000000 ) ) ;
#2809 = ORIENTED_EDGE ( 'NONE', *, *, #10207, .F. ) ;
#2810 = DIRECTION ( 'NONE',  ( 0.000000000000000000, 0.000000000000000000, -1.000000000000000000 ) ) ;
#2811 = ORIENTED_EDGE ( 'NONE', *, *, #9831, .F. ) ;
#2812 = ITEM_DEFINED_TRANSFORMATION ( 'NONE', 'NONE', #4177,  #2087 ) ;
#2813 = DIRECTION ( 'NONE',  ( -0.000000000000000000, -0.000000000000000000, -1.000000000000000000 ) ) ;
#2814 = CARTESIAN_POINT ( 'NONE',  ( -21.69999999999999929, -6.000000000000000000, -6.000000000000000152E-06 ) ) ;
#2815 = VERTEX_POINT ( 'NONE', #9466 ) ;
#2817 = EDGE_CURVE ( 'NONE', #7516, #6065, #1662, .T. ) ;
#2816 = CARTESIAN_POINT ( 'NONE',  ( 0.000000000000000000, 0.000000000000000000, 0.000000000000000000 ) ) ;
#2818 = CARTESIAN_POINT ( 'NONE',  ( 3.000000000000000000, 3.000000000000000000, 3.000000000000002665 ) ) ;
#2819 = AXIS2_PLACEMENT_3D ( 'NONE', #566, #7216, #8037 ) ;
#2820 = VECTOR ( 'NONE', #2790, 1000.000000000000000 ) ;
#2821 = DIRECTION ( 'NONE',  ( 1.000000000000000000, -0.000000000000000000, 0.000000000000000000 ) ) ;
#2822 = PERSON_AND_ORGANIZATION_ROLE ( 'creator' ) ;
#2823 = DIRECTION ( 'NONE',  ( -0.000000000000000000, -1.000000000000000000, -0.000000000000000000 ) ) ;
#2824 = CARTESIAN_POINT ( 'NONE',  ( 10.10522701328291184, 9.690252514121260319, 6.943211237761942378 ) ) ;
#2825 = APPROVAL_ROLE ( '' ) ;
#2826 = VERTEX_POINT ( 'NONE', #2136 ) ;
#2827 = CARTESIAN_POINT ( 'NONE',  ( -10.69993048876420794, 0.000000000000000000, 2.774916005113179818 ) ) ;
#2828 = VECTOR ( 'NONE', #3099, 1000.000000000000000 ) ;
#2830 = EDGE_CURVE ( 'NONE', #3274, #9703, #1366, .T. ) ;
#2829 = CARTESIAN_POINT ( 'NONE',  ( -27.69999999999999929, -45.00000000000000000, -1.200000000000000030E-05 ) ) ;
#2831 = ADVANCED_FACE ( 'NONE', ( #5479 ), #1206, .F. ) ;
#2832 = CARTESIAN_POINT ( 'NONE',  ( -28.00000000000000000, 0.000000000000000000, 24.00000000000000000 ) ) ;
#2833 = APPLICATION_CONTEXT ( 'configuration controlled 3d designs of mechanical parts and assemblies' ) ;
#2834 = VERTEX_POINT ( 'NONE', #4563 ) ;
#2835 = VECTOR ( 'NONE', #6358, 1000.000000000000000 ) ;
#2836 = DIRECTION ( 'NONE',  ( 0.000000000000000000, 0.000000000000000000, 1.000000000000000000 ) ) ;
#2837 = PERSON_AND_ORGANIZATION_ROLE ( 'design_supplier' ) ;
#2838 = ORIENTED_EDGE ( 'NONE', *, *, #3216, .T. ) ;
#2839 = CARTESIAN_POINT ( 'NONE',  ( -9.000000000000000000, 31.00000000000000000, -1.200000000000000030E-05 ) ) ;
#2840 = EDGE_LOOP ( 'NONE', ( #6076, #4550, #6010, #3663, #9436 ) ) ;
#2841 = ORIENTED_EDGE ( 'NONE', *, *, #1325, .F. ) ;
#2842 = PLANE ( 'NONE',  #6993 ) ;
#2843 = DIRECTION ( 'NONE',  ( -1.000000000000000000, 0.000000000000000000, 0.000000000000000000 ) ) ;
#2844 = ORIENTED_EDGE ( 'NONE', *, *, #8313, .F. ) ;
#2845 = DIRECTION ( 'NONE',  ( -1.000000000000000000, 0.000000000000000000, 0.000000000000000000 ) ) ;
#2846 = EDGE_LOOP ( 'NONE', ( #91, #9012 ) ) ;
#2847 = CYLINDRICAL_SURFACE ( 'NONE', #2781, 5.799999999999999822 ) ;
#2848 = EDGE_LOOP ( 'NONE', ( #9244, #2504 ) ) ;
#2850 = PLANE ( 'NONE',  #8322 ) ;
#2849 = APPROVAL ( #3331, 'UNKNOWN' ) ;
#2851 = CC_DESIGN_PERSON_AND_ORGANIZATION_ASSIGNMENT ( #116, #4464, ( #2040 ) ) ;
#2852 = LINE ( 'NONE', #258, #7108 ) ;
#2853 = EDGE_LOOP ( 'NONE', ( #1390, #5881 ) ) ;
#2854 = DIRECTION ( 'NONE',  ( 1.000000000000000000, -0.000000000000000000, 0.000000000000000000 ) ) ;
#2855 = APPROVAL_STATUS ( 'not_yet_approved' ) ;
#2856 = DESIGN_CONTEXT ( 'detailed design', #8505, 'design' ) ;
#2857 = CARTESIAN_POINT ( 'NONE',  ( 35.00000000000000000, 0.000000000000000000, 0.000000000000000000 ) ) ;
#2858 = EDGE_CURVE ( 'NONE', #570, #8729, #7118, .T. ) ;
#2859 = ORIENTED_EDGE ( 'NONE', *, *, #2614, .F. ) ;
#2860 = DIRECTION ( 'NONE',  ( 0.000000000000000000, 0.000000000000000000, 1.000000000000000000 ) ) ;
#2861 = ORIENTED_EDGE ( 'NONE', *, *, #7900, .T. ) ;
#2862 = ITEM_DEFINED_TRANSFORMATION ( 'NONE', 'NONE', #1369,  #2087 ) ;
#2863 = CARTESIAN_POINT ( 'NONE',  ( -7.300000000000000711, 30.77438419509310563, -0.000000000000000000 ) ) ;
#2864 = FACE_OUTER_BOUND ( 'NONE', #4561, .T. ) ;
#2865 = EDGE_CURVE ( 'NONE', #9648, #398, #6399, .T. ) ;
#2866 = CARTESIAN_POINT ( 'NONE',  ( 14.00000000000000000, 1.714505518806294638E-15, 12.00000000000000000 ) ) ;
#2867 = PLANE ( 'NONE',  #1850 ) ;
#2868 = ADVANCED_BREP_SHAPE_REPRESENTATION ( '', ( #8223, #2087 ), #7668 ) ;
#2869 = CARTESIAN_POINT ( 'NONE',  ( 31.60000000000000142, -1.200000000000000030E-05, 1.409402627941315211 ) ) ;
#2870 = COORDINATED_UNIVERSAL_TIME_OFFSET ( 5, 0, .BEHIND. ) ;
#2871 = LINE ( 'NONE', #10375, #8388 ) ;
#2872 = EDGE_CURVE ( 'NONE', #9190, #6584, #5590, .T. ) ;
#2873 = ADVANCED_FACE ( 'NONE', ( #2903 ), #2850, .F. ) ;
#2874 = DIRECTION ( 'NONE',  ( -1.000000000000000000, 0.000000000000000000, -0.000000000000000000 ) ) ;
#2875 = APPROVAL_DATE_TIME ( #9541, #7264 ) ;
#2876 = ORIENTED_EDGE ( 'NONE', *, *, #2346, .F. ) ;
#2877 = CARTESIAN_POINT ( 'NONE',  ( -9.225615804907725703, 0.000000000000000000, 4.700000000000001066 ) ) ;
#2878 = DIRECTION ( 'NONE',  ( 0.000000000000000000, -0.000000000000000000, 1.000000000000000000 ) ) ;
#2879 = DIRECTION ( 'NONE',  ( -0.000000000000000000, 1.000000000000000000, -0.000000000000000000 ) ) ;
#2880 = LINE ( 'NONE', #508, #2978 ) ;
#2881 = ADVANCED_FACE ( 'NONE', ( #6183 ), #7999, .F. ) ;
#2882 = ADVANCED_FACE ( 'NONE', ( #362 ), #4726, .F. ) ;
#2883 = CARTESIAN_POINT ( 'NONE',  ( -18.30000000000000071, -34.00000000000000000, -6.000000000000000152E-06 ) ) ;
#2884 = CALENDAR_DATE ( 2026, 18, 9 ) ;
#2885 = ORIENTED_EDGE ( 'NONE', *, *, #864, .F. ) ;
#2886 = VECTOR ( 'NONE', #927, 1000.000000000000000 ) ;
#2887 = CARTESIAN_POINT ( 'NONE',  ( -0.5999999999999998668, 9.000000000000000000, 10.20000000000000107 ) ) ;
#2888 = VERTEX_POINT ( 'NONE', #4668 ) ;
#2889 = LOCAL_TIME ( 6, 20, 19.00000000000000000, #2595 ) ;
#2890 = CARTESIAN_POINT ( 'NONE',  ( 0.000000000000000000, 40.00000000000000000, 0.000000000000000000 ) ) ;
#2891 = DIRECTION ( 'NONE',  ( 0.000000000000000000, 0.000000000000000000, 1.000000000000000000 ) ) ;
#2892 = PRODUCT_DEFINITION_SHAPE ( 'NONE', 'NONE',  #10906 ) ;
#2893 = VECTOR ( 'NONE', #4598, 1000.000000000000000 ) ;
#2894 = DIRECTION ( 'NONE',  ( 1.000000000000000000, 0.000000000000000000, 0.000000000000000000 ) ) ;
#2895 = LOCAL_TIME ( 6, 20, 19.00000000000000000, #1481 ) ;
#2896 = EDGE_CURVE ( 'NONE', #8039, #6728, #6296, .T. ) ;
#2897 = VERTEX_POINT ( 'NONE', #8846 ) ;
#2898 = LINE ( 'NONE', #5475, #358 ) ;
#2899 = APPROVAL_DATE_TIME ( #1306, #4733 ) ;
#2900 = ORIENTED_EDGE ( 'NONE', *, *, #10153, .F. ) ;
#2901 = CARTESIAN_POINT ( 'NONE',  ( 32.48452350954332957, 49.85853893179090335, -0.000000000000000000 ) ) ;
#2902 = AXIS2_PLACEMENT_3D ( 'NONE', #3353, #6690, #1699 ) ;
#2903 = FACE_OUTER_BOUND ( 'NONE', #338, .T. ) ;
#2904 = ORGANIZATION ( 'NAUO-ORG20', 'UNSPECIFIED', 'UNSPECIFIED' ) ;
#2905 = DIRECTION ( 'NONE',  ( -0.000000000000000000, -0.000000000000000000, 1.000000000000000000 ) ) ;
#2906 = ORIENTED_EDGE ( 'NONE', *, *, #1280, .T. ) ;
#2907 = CARTESIAN_POINT ( 'NONE',  ( -10.72380529476361133, 9.000000000000000000, 8.300000000000000711 ) ) ;
#2908 = ORIENTED_EDGE ( 'NONE', *, *, #4387, .F. ) ;
#2909 =( NAMED_UNIT ( * ) PLANE_ANGLE_UNIT ( ) SI_UNIT ( $, .RADIAN. ) );
#2910 = CALENDAR_DATE ( 2026, 18, 9 ) ;
#2911 = APPROVAL ( #4096, 'ๆช' ) ;
#2912 = CARTESIAN_POINT ( 'NONE',  ( 0.000000000000000000, 67.50000000000000000, 6.000000000000000000 ) ) ;
#2913 = CC_DESIGN_APPROVAL ( #1314, ( #974 ) ) ;
#2914 = ORIENTED_EDGE ( 'NONE', *, *, #6295, .F. ) ;
#2915 = CARTESIAN_POINT ( 'NONE',  ( -30.00000000000000000, 0.000000000000000000, 28.00000000000000000 ) ) ;
#2916 = ITEM_DEFINED_TRANSFORMATION ( 'NONE', 'NONE', #3653,  #2087 ) ;
#2917 = CARTESIAN_POINT ( 'NONE',  ( -8.557415261749063973, 29.34333309900547704, 0.000000000000000000 ) ) ;
#2918 = CARTESIAN_POINT ( 'NONE',  ( 0.000000000000000000, 0.000000000000000000, 149.0000000000000000 ) ) ;
#2919 = ORIENTED_EDGE ( 'NONE', *, *, #5246, .T. ) ;
#2920 = CARTESIAN_POINT ( 'NONE',  ( -22.00000000000000000, 84.00000000000000000, 0.000000000000000000 ) ) ;
#2921 = CARTESIAN_POINT ( 'NONE',  ( 31.60000000000000142, 72.49999999999998579, 4.590597372058685011 ) ) ;
#2922 = CC_DESIGN_APPROVAL ( #6726, ( #1517 ) ) ;
#2923 = ORIENTED_EDGE ( 'NONE', *, *, #8371, .T. ) ;
#2924 = CARTESIAN_POINT ( 'NONE',  ( -21.65666690099413216, -6.442584738252077337, -0.000000000000000000 ) ) ;
#2925 = CALENDAR_DATE ( 2026, 18, 9 ) ;
#2926 = PRODUCT_RELATED_PRODUCT_CATEGORY ( 'detail', '', ( #8337 ) ) ;
#2927 = CARTESIAN_POINT ( 'NONE',  ( 29.51560493047168521, 0.000000000000000000, 20.14151426980890136 ) ) ;
#2928 = CARTESIAN_POINT ( 'NONE',  ( 12.00000000000000000, -12.00000000000000000, 20.00000000000000000 ) ) ;
#2929 = APPROVAL_STATUS ( 'not_yet_approved' ) ;
#2930 = PRODUCT_DEFINITION_FORMATION_WITH_SPECIFIED_SOURCE ( 'ไป', '', #243, .NOT_KNOWN. ) ;
#2931 = ORIENTED_EDGE ( 'NONE', *, *, #6482, .F. ) ;
#2932 = DIRECTION ( 'NONE',  ( -0.000000000000000000, -1.000000000000000000, -0.000000000000000000 ) ) ;
#2933 = CARTESIAN_POINT ( 'NONE',  ( 2.600000000000000533, 0.2934883227063208588, -0.000000000000000000 ) ) ;
#2934 = CARTESIAN_POINT ( 'NONE',  ( 31.00000000000000000, 31.00000000000000000, -1.200000000000000030E-05 ) ) ;
#2935 = EDGE_CURVE ( 'NONE', #879, #3529, #8792, .T. ) ;
#2936 = AXIS2_PLACEMENT_3D ( 'NONE', #9552, #190, #3556 ) ;
#2937 = CARTESIAN_POINT ( 'NONE',  ( 21.04287395703016728, -35.36119079527190223, 0.000000000000000000 ) ) ;
#2938 = UNCERTAINTY_MEASURE_WITH_UNIT (LENGTH_MEASURE( 1.000000000000000082E-05 ), #1044, 'distance_accuracy_value', 'NONE');
#2939 = CYLINDRICAL_SURFACE ( 'NONE', #8074, 1.700000000000000178 ) ;
#2940 = PERSON_AND_ORGANIZATION ( #10500, #8573 ) ;
#2941 = ORIENTED_EDGE ( 'NONE', *, *, #761, .T. ) ;
#2942 = CARTESIAN_POINT ( 'NONE',  ( 0.000000000000000000, 11.00000000000000000, 6.000000000000000000 ) ) ;
#2943 = ORIENTED_EDGE ( 'NONE', *, *, #2858, .T. ) ;
#2944 = DIRECTION ( 'NONE',  ( -1.000000000000000000, -0.000000000000000000, 0.000000000000000000 ) ) ;
#2945 = EDGE_CURVE ( 'NONE', #4566, #9703, #3902, .T. ) ;
#2946 = CARTESIAN_POINT ( 'NONE',  ( 0.000000000000000000, 1.300000000000000044, 16.00000000000000000 ) ) ;
#2947 = AXIS2_PLACEMENT_3D ( 'NONE', #5832, #4372, #7700 ) ;
#2948 = APPROVAL_PERSON_ORGANIZATION ( #6392, #4685, #3373 ) ;
#2949 = VERTEX_POINT ( 'NONE', #1263 ) ;
#2950 = DIRECTION ( 'NONE',  ( 0.000000000000000000, 0.000000000000000000, -1.000000000000000000 ) ) ;
#2951 = ORIENTED_EDGE ( 'NONE', *, *, #7165, .F. ) ;
#2952 = FACE_OUTER_BOUND ( 'NONE', #1469, .T. ) ;
#2953 = DATE_AND_TIME ( #7011, #10821 ) ;
#2954 = VECTOR ( 'NONE', #2423, 1000.000000000000000 ) ;
#2955 = VERTEX_POINT ( 'NONE', #5427 ) ;
#2956 = CARTESIAN_POINT ( 'NONE',  ( 255.8000000000000398, 3.000000000000000000, 149.0000000000000000 ) ) ;
#2957 = DIRECTION ( 'NONE',  ( -0.000000000000000000, -0.000000000000000000, 1.000000000000000000 ) ) ;
#2958 = EDGE_CURVE ( 'NONE', #2801, #3616, #1321, .T. ) ;
#2959 = ORIENTED_EDGE ( 'NONE', *, *, #2383, .F. ) ;
#2960 = DIRECTION ( 'NONE',  ( 0.000000000000000000, -0.000000000000000000, -1.000000000000000000 ) ) ;
#2961 = ADVANCED_FACE ( 'NONE', ( #473 ), #2183, .T. ) ;
#2962 = VERTEX_POINT ( 'NONE', #6237 ) ;
#2963 = CARTESIAN_POINT ( 'NONE',  ( -11.33007903152183360, 8.227199449369724249, 8.472143258695723489 ) ) ;
#2964 = VECTOR ( 'NONE', #4100, 1000.000000000000000 ) ;
#2965 = ORIENTED_EDGE ( 'NONE', *, *, #9331, .F. ) ;
#2966 =( GEOMETRIC_REPRESENTATION_CONTEXT ( 3 ) GLOBAL_UNCERTAINTY_ASSIGNED_CONTEXT ( ( #9915 ) ) GLOBAL_UNIT_ASSIGNED_CONTEXT ( ( #8006, #3577, #421 ) ) REPRESENTATION_CONTEXT ( 'NONE', 'WORKASPACE' ) );
#2967 = B_SPLINE_CURVE_WITH_KNOTS ( 'NONE', 3,
 ( #4993, #1543, #1759, #10131, #10744, #6635, #6742, #8336, #8284, #10793, #8398, #809, #7514, #1599, #873, #10022, #5759, #3406 ),
 .UNSPECIFIED., .F., .F.,
 ( 4, 2, 2, 2, 2, 2, 2, 2, 4 ),
 ( 0.000000000000000000, 0.06250000000000000000, 0.1250000000000000000, 0.1875000000000000000, 0.2500000000000000000, 0.3125000000000000000, 0.3750000000000000000, 0.4375000000000000000, 0.5000000000000000000 ),
 .UNSPECIFIED. ) ;
#2968 = COORDINATED_UNIVERSAL_TIME_OFFSET ( 5, 0, .BEHIND. ) ;
#2969 = DIRECTION ( 'NONE',  ( 0.000000000000000000, 0.000000000000000000, -1.000000000000000000 ) ) ;
#2970 = VERTEX_POINT ( 'NONE', #410 ) ;
#2971 = FACE_OUTER_BOUND ( 'NONE', #2676, .T. ) ;
#2972 = ORIENTED_EDGE ( 'NONE', *, *, #10285, .T. ) ;
#2973 = SECURITY_CLASSIFICATION_LEVEL ( 'unclassified' ) ;
#2974 = DIRECTION ( 'NONE',  ( 0.000000000000000000, -1.000000000000000000, 0.000000000000000000 ) ) ;
#2975 = DIRECTION ( 'NONE',  ( 0.000000000000000000, -0.000000000000000000, -1.000000000000000000 ) ) ;
#2977 = ORIENTED_EDGE ( 'NONE', *, *, #8121, .F. ) ;
#2976 = AXIS2_PLACEMENT_3D ( 'NONE', #8593, #3480, #4366 ) ;
#2978 = VECTOR ( 'NONE', #1120, 1000.000000000000000 ) ;
#2979 = FACE_OUTER_BOUND ( 'NONE', #5083, .T. ) ;
#2980 = CYLINDRICAL_SURFACE ( 'NONE', #5009, 1.700000000000000178 ) ;
#2981 = CC_DESIGN_DATE_AND_TIME_ASSIGNMENT ( #7027, #3235, ( #9054 ) ) ;
#2982 = FACE_OUTER_BOUND ( 'NONE', #2084, .T. ) ;
#2983 = VECTOR ( 'NONE', #5137, 1000.000000000000000 ) ;
#2984 = APPLICATION_PROTOCOL_DEFINITION ( 'international standard', 'config_control_design', 1994, #2124 ) ;
#2985 = CARTESIAN_POINT ( 'NONE',  ( 30.77491600511332948, 0.000000000000000000, 19.29993048876421113 ) ) ;
#2986 = ORIENTED_EDGE ( 'NONE', *, *, #3332, .F. ) ;
#2987 = CARTESIAN_POINT ( 'NONE',  ( 9.118810940736777226, 10.62306291505445444, 7.977880689636082323 ) ) ;
#2988 = APPROVAL_STATUS ( 'not_yet_approved' ) ;
#2989 = EDGE_LOOP ( 'NONE', ( #6329, #4621, #10023, #8185 ) ) ;
#2990 = FACE_OUTER_BOUND ( 'NONE', #5206, .T. ) ;
#2991 = PRODUCT_DEFINITION_SHAPE ( 'NONE', 'NONE',  #3465 ) ;
#2992 = PLANE ( 'NONE',  #7220 ) ;
#2993 = CARTESIAN_POINT ( 'NONE',  ( 20.00000000000000000, -6.000000000000000000, 5.000000000000000000 ) ) ;
#2994 = AXIS2_PLACEMENT_3D ( 'NONE', #10682, #3134, #9853 ) ;
#2995 = CC_DESIGN_PERSON_AND_ORGANIZATION_ASSIGNMENT ( #9323, #6874, ( #7990 ) ) ;
#2996 = CARTESIAN_POINT ( 'NONE',  ( -21.00000000000000000, 8.000000000000000000, 24.00000000000000000 ) ) ;
#2997 = PLANE ( 'NONE',  #2819 ) ;
#2998 = AXIS2_PLACEMENT_3D ( 'NONE', #7047, #10436, #6218 ) ;
#2999 = APPROVAL_ROLE ( '' ) ;
#3000 = EDGE_CURVE ( 'NONE', #5152, #5874, #5532, .T. ) ;
#3001 = ORIENTED_EDGE ( 'NONE', *, *, #10087, .T. ) ;
#3002 = DIRECTION ( 'NONE',  ( -0.000000000000000000, -0.000000000000000000, -1.000000000000000000 ) ) ;
#3003 = ORIENTED_EDGE ( 'NONE', *, *, #3276, .F. ) ;
#3004 = LINE ( 'NONE', #10662, #5028 ) ;
#3005 = PLANE ( 'NONE',  #10189 ) ;
#3006 = VECTOR ( 'NONE', #49, 1000.000000000000000 ) ;
#3007 = DATE_TIME_ROLE ( 'creation_date' ) ;
#3008 = EDGE_CURVE ( 'NONE', #570, #8407, #3788, .T. ) ;
#3009 = ORIENTED_EDGE ( 'NONE', *, *, #2691, .F. ) ;
#3010 = CARTESIAN_POINT ( 'NONE',  ( 0.000000000000000000, 0.000000000000000000, 0.000000000000000000 ) ) ;
#3011 = VECTOR ( 'NONE', #6344, 1000.000000000000000 ) ;
#3012 = VERTEX_POINT ( 'NONE', #10673 ) ;
#3013 = CALENDAR_DATE ( 2026, 18, 9 ) ;
#3014 = ORIENTED_EDGE ( 'NONE', *, *, #1350, .T. ) ;
#3015 = DIRECTION ( 'NONE',  ( 0.000000000000000000, 0.000000000000000000, 1.000000000000000000 ) ) ;
#3016 = CARTESIAN_POINT ( 'NONE',  ( -12.00000000000000000, 7.000000000000000000, 15.00000000000000000 ) ) ;
#3017 = ORIENTED_EDGE ( 'NONE', *, *, #9014, .T. ) ;
#3018 = CARTESIAN_POINT ( 'NONE',  ( -1.850251865230340353, 1.832291515499593126, -0.000000000000000000 ) ) ;
#3019 = ORIENTED_EDGE ( 'NONE', *, *, #455, .F. ) ;
#3020 = CARTESIAN_POINT ( 'NONE',  ( -11.68622841836827320, 7.709669415052518460, 8.887083654392810672 ) ) ;
#3021 = AXIS2_PLACEMENT_3D ( 'NONE', #2283, #6543, #10051 ) ;
#3022 = VERTEX_POINT ( 'NONE', #10778 ) ;
#3023 = ORIENTED_EDGE ( 'NONE', *, *, #10439, .T. ) ;
#3024 =( NAMED_UNIT ( * ) SI_UNIT ( $, .STERADIAN. ) SOLID_ANGLE_UNIT ( ) );
#3025 = PERSON_AND_ORGANIZATION_ROLE ( 'design_supplier' ) ;
#3026 = LINE ( 'NONE', #9904, #522 ) ;
#3027 = EDGE_CURVE ( 'NONE', #3012, #8000, #1633, .T. ) ;
#3028 = EDGE_CURVE ( 'NONE', #4113, #5152, #10264, .T. ) ;
#3029 = ORIENTED_EDGE ( 'NONE', *, *, #4600, .F. ) ;
#3030 = LINE ( 'NONE', #9906, #1603 ) ;
#3031 = APPROVAL_DATE_TIME ( #4681, #7664 ) ;
#3032 = DIRECTION ( 'NONE',  ( 1.000000000000000000, 0.000000000000000000, 0.000000000000000000 ) ) ;
#3033 = DIRECTION ( 'NONE',  ( -0.000000000000000000, -1.000000000000000000, -0.000000000000000000 ) ) ;
#3034 = FACE_OUTER_BOUND ( 'NONE', #8354, .T. ) ;
#3035 = CARTESIAN_POINT ( 'NONE',  ( 21.04287395703095598, -7.361190795270736942, 0.000000000000000000 ) ) ;
#3036 = ORIENTED_EDGE ( 'NONE', *, *, #10066, .T. ) ;
#3037 = CARTESIAN_POINT ( 'NONE',  ( 6.000000000000000000, 0.000000000000000000, 20.00000000000000000 ) ) ;
#3038 = APPLICATION_PROTOCOL_DEFINITION ( 'international standard', 'config_control_design', 1994, #8664 ) ;
#3039 = DIRECTION ( 'NONE',  ( -1.000000000000000000, 0.000000000000000000, 0.000000000000000000 ) ) ;
#3040 = VERTEX_POINT ( 'NONE', #9013 ) ;
#3041 = EDGE_CURVE ( 'NONE', #4222, #10440, #9066, .T. ) ;
#3042 =( REPRESENTATION_RELATIONSHIP ('NONE','NONE', #403, #10755 ) REPRESENTATION_RELATIONSHIP_WITH_TRANSFORMATION ( #10083 )SHAPE_REPRESENTATION_RELATIONSHIP( ) );
#3043 = DIRECTION ( 'NONE',  ( 0.000000000000000000, -1.000000000000000000, 0.000000000000000000 ) ) ;
#3044 = DATE_AND_TIME ( #9760, #5190 ) ;
#3045 = ORIENTED_EDGE ( 'NONE', *, *, #7885, .T. ) ;
#3046 = CARTESIAN_POINT ( 'NONE',  ( 124.4425847382483568, -1.656666900995989788, 0.000000000000000000 ) ) ;
#3047 = AXIS2_PLACEMENT_3D ( 'NONE', #1499, #7149, #5662 ) ;
#3048 = CARTESIAN_POINT ( 'NONE',  ( 8.660254037844389075, -11.00000000000000000, 6.000000000000000000 ) ) ;
#3049 = LINE ( 'NONE', #1452, #9766 ) ;
#3050 = CARTESIAN_POINT ( 'NONE',  ( 21.36128909900410733, -35.04297226076236882, -0.000000000000000000 ) ) ;
#3051 = CARTESIAN_POINT ( 'NONE',  ( 29.30000000000000071, 49.00000000000000000, -1.200000000000000030E-05 ) ) ;
#3052 = CC_DESIGN_PERSON_AND_ORGANIZATION_ASSIGNMENT ( #7147, #1996, ( #10866 ) ) ;
#3053 = APPROVAL_STATUS ( 'not_yet_approved' ) ;
#3054 = VERTEX_POINT ( 'NONE', #6458 ) ;
#3055 = ORIENTED_EDGE ( 'NONE', *, *, #9416, .F. ) ;
#3056 = DIRECTION ( 'NONE',  ( 1.000000000000000000, 0.000000000000000000, 0.000000000000000000 ) ) ;
#3057 = CARTESIAN_POINT ( 'NONE',  ( 0.000000000000000000, 0.000000000000000000, 0.000000000000000000 ) ) ;
#3058 = EDGE_CURVE ( 'NONE', #7855, #9273, #9223, .T. ) ;
#3059 = DIRECTION ( 'NONE',  ( 0.000000000000000000, 0.000000000000000000, 1.000000000000000000 ) ) ;
#3060 = EDGE_CURVE ( 'NONE', #5874, #6697, #3080, .T. ) ;
#3061 = LOCAL_TIME ( 6, 20, 19.00000000000000000, #3152 ) ;
#3062 = ORIENTED_EDGE ( 'NONE', *, *, #10823, .F. ) ;
#3063 = DIRECTION ( 'NONE',  ( -1.000000000000000000, 0.000000000000000000, -0.000000000000000000 ) ) ;
#3064 = CALENDAR_DATE ( 2026, 18, 9 ) ;
#3065 = EDGE_LOOP ( 'NONE', ( #1680, #6090 ) ) ;
#3066 = CARTESIAN_POINT ( 'NONE',  ( 12.00000000000000000, -7.000000000000000000, 15.00000000000000000 ) ) ;
#3067 = DIRECTION ( 'NONE',  ( 0.000000000000000000, 1.000000000000000000, -0.000000000000000000 ) ) ;
#3068 = ORIENTED_EDGE ( 'NONE', *, *, #8291, .F. ) ;
#3069 = CARTESIAN_POINT ( 'NONE',  ( 27.69999999999999929, 57.00000000000000000, -1.200000000000000030E-05 ) ) ;
#3070 = VECTOR ( 'NONE', #8860, 1000.000000000000000 ) ;
#3071 = ORIENTED_EDGE ( 'NONE', *, *, #5003, .T. ) ;
#3072 = CARTESIAN_POINT ( 'NONE',  ( -11.63076285169010582, 7.793297916477738951, 11.20256825068237916 ) ) ;
#3073 = EDGE_CURVE ( 'NONE', #4054, #7232, #3127, .T. ) ;
#3074 = APPROVAL_PERSON_ORGANIZATION ( #4174, #344, #5805 ) ;
#3075 = EDGE_LOOP ( 'NONE', ( #2206, #3785, #10408, #1018 ) ) ;
#3076 =( NAMED_UNIT ( * ) SI_UNIT ( $, .STERADIAN. ) SOLID_ANGLE_UNIT ( ) );
#3077 = COORDINATED_UNIVERSAL_TIME_OFFSET ( 5, 0, .BEHIND. ) ;
#3078 = PRODUCT_DEFINITION_SHAPE ( 'NONE', 'NONE',  #10898 ) ;
#3079 = CARTESIAN_POINT ( 'NONE',  ( 21.36119079527211895, -32.95712604297081327, 0.000000000000000000 ) ) ;
#3080 = CIRCLE ( 'NONE', #2020, 2.600000000000000089 ) ;
#3081 = ORIENTED_EDGE ( 'NONE', *, *, #3898, .F. ) ;
#3082 = CARTESIAN_POINT ( 'NONE',  ( 29.30000000000000071, 31.00000000000000000, -6.000000000000000152E-06 ) ) ;
#3083 = ORIENTED_EDGE ( 'NONE', *, *, #518, .T. ) ;
#3084 = ITEM_DEFINED_TRANSFORMATION ( 'NONE', 'NONE', #5574,  #2087 ) ;
#3085 = ORGANIZATION ( 'NAUO-ORG21', 'UNSPECIFIED', 'UNSPECIFIED' ) ;
#3086 = CARTESIAN_POINT ( 'NONE',  ( 0.000000000000000000, 70.00000000000000000, 5.200000000000000178 ) ) ;
#3087 = CARTESIAN_POINT ( 'NONE',  ( 21.70006951123505345, -0.000000000000000000, 11.77491600511191550 ) ) ;
#3088 = CARTESIAN_POINT ( 'NONE',  ( 0.000000000000000000, 25.00000000000000000, 90.00000000000000000 ) ) ;
#3089 = EDGE_LOOP ( 'NONE', ( #7196, #6466, #1465, #1745, #9341, #7065, #7928, #8609 ) ) ;
#3090 = DIRECTION ( 'NONE',  ( 0.000000000000000000, 0.000000000000000000, 1.000000000000000000 ) ) ;
#3091 = VERTEX_POINT ( 'NONE', #4004 ) ;
#3092 = ADVANCED_FACE ( 'NONE', ( #7336 ), #9845, .F. ) ;
#3093 = EDGE_CURVE ( 'NONE', #4215, #10139, #1580, .T. ) ;
#3094 = CC_DESIGN_APPROVAL ( #8985, ( #9951 ) ) ;
#3095 = CARTESIAN_POINT ( 'NONE',  ( -22.00000000000000000, 0.000000000000000000, 8.000000000000000000 ) ) ;
#3096 = PERSON_AND_ORGANIZATION ( #10500, #8573 ) ;
#3097 = CARTESIAN_POINT ( 'NONE',  ( -35.00000000000000000, -70.00000000000000000, 5.000000000000000000 ) ) ;
#3098 = SHAPE_REPRESENTATION ( 'V2_REF_5mm_shaft', ( #2087 ), #9812 ) ;
#3099 = DIRECTION ( 'NONE',  ( 1.000000000000000000, 0.000000000000000000, 0.000000000000000000 ) ) ;
#3100 = APPROVAL_DATE_TIME ( #7415, #8416 ) ;
#3101 = LINE ( 'NONE', #4754, #9213 ) ;
#3102 = LINE ( 'NONE', #5664, #7879 ) ;
#3103 = LOCAL_TIME ( 6, 20, 19.00000000000000000, #28 ) ;
#3104 = CARTESIAN_POINT ( 'NONE',  ( 137.7000000000000171, 0.000000000000000000, -6.000000000000000152E-06 ) ) ;
#3105 = EDGE_CURVE ( 'NONE', #4097, #10081, #1491, .T. ) ;
#3106 = DIRECTION ( 'NONE',  ( 0.000000000000000000, 0.000000000000000000, -1.000000000000000000 ) ) ;
#3107 = EDGE_CURVE ( 'NONE', #4330, #5790, #8513, .T. ) ;
#3108 = ORIENTED_EDGE ( 'NONE', *, *, #3268, .F. ) ;
#3109 = SECURITY_CLASSIFICATION ( '', '', #10540 ) ;
#3110 = CARTESIAN_POINT ( 'NONE',  ( -8.141514269805311343, 50.48439506952831834, 0.000000000000000000 ) ) ;
#3111 = DATE_TIME_ROLE ( 'creation_date' ) ;
#3112 = ORIENTED_EDGE ( 'NONE', *, *, #8676, .F. ) ;
#3113 = SECURITY_CLASSIFICATION ( '', '', #8479 ) ;
#3114 = FACE_BOUND ( 'NONE', #10884, .T. ) ;
#3115 = LINE ( 'NONE', #8043, #7474 ) ;
#3116 = CARTESIAN_POINT ( 'NONE',  ( 0.000000000000000000, 0.000000000000000000, 6.000000000000000000 ) ) ;
#3117 = EDGE_CURVE ( 'NONE', #2619, #7060, #1526, .T. ) ;
#3118 = ORIENTED_EDGE ( 'NONE', *, *, #7885, .F. ) ;
#3119 = CC_DESIGN_DATE_AND_TIME_ASSIGNMENT ( #3460, #10124, ( #7433 ) ) ;
#3120 = VECTOR ( 'NONE', #5716, 1000.000000000000000 ) ;
#3121 = VECTOR ( 'NONE', #9967, 1000.000000000000000 ) ;
#3122 = ORIENTED_EDGE ( 'NONE', *, *, #4571, .F. ) ;
#3123 = CARTESIAN_POINT ( 'NONE',  ( 20.00000000000000000, 20.00000000000000000, 58.00000000000000000 ) ) ;
#3124 = PERSON_AND_ORGANIZATION_ROLE ( 'classification_officer' ) ;
#3125 = ORIENTED_EDGE ( 'NONE', *, *, #3141, .F. ) ;
#3126 = DIRECTION ( 'NONE',  ( -0.000000000000000000, 1.000000000000000000, 0.000000000000000000 ) ) ;
#3127 = LINE ( 'NONE', #3335, #5523 ) ;
#3128 = AXIS2_PLACEMENT_3D ( 'NONE', #4176, #8395, #866 ) ;
#3129 = ORIENTED_EDGE ( 'NONE', *, *, #2363, .F. ) ;
#3130 = DIRECTION ( 'NONE',  ( 1.000000000000000000, 0.000000000000000000, 0.000000000000000000 ) ) ;
#3131 = CC_DESIGN_PERSON_AND_ORGANIZATION_ASSIGNMENT ( #4747, #6202, ( #6440 ) ) ;
#3132 = DIRECTION ( 'NONE',  ( -1.000000000000000000, 0.000000000000000000, 0.000000000000000000 ) ) ;
#3133 = ORIENTED_EDGE ( 'NONE', *, *, #670, .T. ) ;
#3134 = DIRECTION ( 'NONE',  ( 0.000000000000000000, 0.000000000000000000, 1.000000000000000000 ) ) ;
#3135 = AXIS2_PLACEMENT_3D ( 'NONE', #6066, #10335, #2788 ) ;
#3136 = CC_DESIGN_APPROVAL ( #2849, ( #141 ) ) ;
#3137 = ORIENTED_EDGE ( 'NONE', *, *, #9017, .T. ) ;
#3138 = CARTESIAN_POINT ( 'NONE',  ( 5.799999999999999822, 70.00000000000000000, 5.200000000000000178 ) ) ;
#3139 = ORIENTED_EDGE ( 'NONE', *, *, #2222, .F. ) ;
#3140 = PERSON_AND_ORGANIZATION ( #8772, #3772 ) ;
#3141 = EDGE_CURVE ( 'NONE', #8742, #8678, #7494, .T. ) ;
#3142 = FACE_OUTER_BOUND ( 'NONE', #1427, .T. ) ;
#3143 = CARTESIAN_POINT ( 'NONE',  ( -24.30000000000000071, -57.00000000000000000, -1.200000000000000030E-05 ) ) ;
#3144 = DIRECTION ( 'NONE',  ( -0.000000000000000000, -0.000000000000000000, -1.000000000000000000 ) ) ;
#3145 = LINE ( 'NONE', #7079, #6217 ) ;
#3146 = EDGE_CURVE ( 'NONE', #7434, #9813, #9115, .T. ) ;
#3147 = FACE_BOUND ( 'NONE', #2037, .T. ) ;
#3148 = DATE_TIME_ROLE ( 'classification_date' ) ;
#3149 = FACE_OUTER_BOUND ( 'NONE', #1378, .T. ) ;
#3150 = FACE_OUTER_BOUND ( 'NONE', #6825, .T. ) ;
#3151 = AXIS2_PLACEMENT_3D ( 'NONE', #3681, #6297, #2960 ) ;
#3152 = COORDINATED_UNIVERSAL_TIME_OFFSET ( 5, 0, .BEHIND. ) ;
#3153 = EDGE_CURVE ( 'NONE', #8686, #846, #8883, .T. ) ;
#3154 = DIRECTION ( 'NONE',  ( -1.000000000000000000, 0.000000000000000000, 0.000000000000000000 ) ) ;
#3155 = ORIENTED_EDGE ( 'NONE', *, *, #4251, .T. ) ;
#3156 = CARTESIAN_POINT ( 'NONE',  ( 0.000000000000000000, 62.50000000000000000, 6.000000000000000000 ) ) ;
#3157 = CARTESIAN_POINT ( 'NONE',  ( -10.50000000000000000, 59.50000000000000000, -1.200000000000000030E-05 ) ) ;
#3158 = DIRECTION ( 'NONE',  ( 0.000000000000000000, -1.000000000000000000, 0.000000000000000000 ) ) ;
#3159 = AXIS2_PLACEMENT_3D ( 'NONE', #8885, #2116, #6215 ) ;
#3160 = DIRECTION ( 'NONE',  ( 0.000000000000000000, -0.000000000000000000, -1.000000000000000000 ) ) ;
#3161 = PERSON_AND_ORGANIZATION ( #10500, #8573 ) ;
#3162 = ADVANCED_FACE ( 'NONE', ( #9599 ), #1794, .F. ) ;
#3163 = EDGE_CURVE ( 'NONE', #936, #10464, #3776, .T. ) ;
#3164 = VERTEX_POINT ( 'NONE', #10434 ) ;
#3165 = AXIS2_PLACEMENT_3D ( 'NONE', #2513, #7498, #9900 ) ;
#3166 = CARTESIAN_POINT ( 'NONE',  ( 0.5999999999999999778, 2.200000000000000178, -0.09997027095160138099 ) ) ;
#3167 = CARTESIAN_POINT ( 'NONE',  ( 0.000000000000000000, 0.000000000000000000, 90.00000000000000000 ) ) ;
#3168 = PLANE ( 'NONE',  #4210 ) ;
#3169 = PRODUCT ( 'V2_bin_180x143x80', 'V2_bin_180x143x80', '', ( #1779 ) ) ;
#3170 = AXIS2_PLACEMENT_3D ( 'NONE', #4627, #10301, #10413 ) ;
#3171 = EDGE_CURVE ( 'NONE', #2897, #7330, #966, .T. ) ;
#3172 = ORIENTED_EDGE ( 'NONE', *, *, #6292, .F. ) ;
#3173 = DIRECTION ( 'NONE',  ( -0.000000000000000000, -0.000000000000000000, -1.000000000000000000 ) ) ;
#3174 = DATE_AND_TIME ( #3013, #6927 ) ;
#3175 = ORIENTED_EDGE ( 'NONE', *, *, #1652, .F. ) ;
#3176 = LINE ( 'NONE', #7335, #1723 ) ;
#3177 = DIRECTION ( 'NONE',  ( 1.000000000000000000, 0.000000000000000000, 0.000000000000000000 ) ) ;
#3178 = ORIENTED_EDGE ( 'NONE', *, *, #10836, .F. ) ;
#3179 = LINE ( 'NONE', #688, #850 ) ;
#3180 = CARTESIAN_POINT ( 'NONE',  ( -8.141461068209626006, 47.51547649045615174, -0.000000000000000000 ) ) ;
#3181 = EDGE_LOOP ( 'NONE', ( #2015, #6571, #7131, #8306, #5819, #7987 ) ) ;
#3182 =( NAMED_UNIT ( * ) PLANE_ANGLE_UNIT ( ) SI_UNIT ( $, .RADIAN. ) );
#3183 = VECTOR ( 'NONE', #8805, 1000.000000000000000 ) ;
#3184 = DIRECTION ( 'NONE',  ( 0.000000000000000000, -0.000000000000000000, -1.000000000000000000 ) ) ;
#3185 = EDGE_LOOP ( 'NONE', ( #475, #7105, #8790, #9694 ) ) ;
#3186 = DIRECTION ( 'NONE',  ( 0.000000000000000000, -0.000000000000000000, -1.000000000000000000 ) ) ;
#3187 = EDGE_LOOP ( 'NONE', ( #6883, #7743 ) ) ;
#3188 = PRODUCT_DEFINITION ( 'ๆ', '', #7990, #5062 ) ;
#3189 = APPROVAL_STATUS ( 'not_yet_approved' ) ;
#3190 = DIRECTION ( 'NONE',  ( 1.000000000000000000, 0.000000000000000000, 0.000000000000000000 ) ) ;
#3191 = PLANE ( 'NONE',  #9400 ) ;
#3192 = CARTESIAN_POINT ( 'NONE',  ( -5.799999999999999822, 0.000000000000000000, 2.000000000000000000 ) ) ;
#3193 = VECTOR ( 'NONE', #1462, 1000.000000000000000 ) ;
#3194 = CYLINDRICAL_SURFACE ( 'NONE', #5531, 1.700000000000000178 ) ;
#3195 = ADVANCED_FACE ( 'NONE', ( #5963 ), #137, .F. ) ;
#3196 = DIRECTION ( 'NONE',  ( 1.000000000000000000, -0.000000000000000000, -0.000000000000000000 ) ) ;
#3197 = ORIENTED_EDGE ( 'NONE', *, *, #5838, .T. ) ;
#3198 = DATE_TIME_ROLE ( 'creation_date' ) ;
#3199 = CARTESIAN_POINT ( 'NONE',  ( -9.000000000000000000, 81.00000000000000000, 3.000000000000000000 ) ) ;
#3200 = CLOSED_SHELL ( 'NONE', ( #5057, #4012, #5747, #10165, #1519, #5026, #1760, #6284, #8922, #8799, #10089, #376 ) ) ;
#3201 = EDGE_LOOP ( 'NONE', ( #6240, #1801, #7283, #2861 ) ) ;
#3202 = DIRECTION ( 'NONE',  ( 0.000000000000000000, 0.000000000000000000, -1.000000000000000000 ) ) ;
#3203 = EDGE_CURVE ( 'NONE', #3508, #921, #6212, .T. ) ;
#3204 = APPLICATION_PROTOCOL_DEFINITION ( 'international standard', 'config_control_design', 1994, #3384 ) ;
#3205 = CARTESIAN_POINT ( 'NONE',  ( 43.00000000000000000, 0.000000000000000000, 0.000000000000000000 ) ) ;
#3206 = CARTESIAN_POINT ( 'NONE',  ( 19.55741526174896094, -0.000000000000000000, 10.34333309900522124 ) ) ;
#3207 = DIRECTION ( 'NONE',  ( -0.000000000000000000, -0.000000000000000000, -1.000000000000000000 ) ) ;
#3208 = DIRECTION ( 'NONE',  ( -0.000000000000000000, -1.000000000000000000, -0.000000000000000000 ) ) ;
#3209 = EDGE_CURVE ( 'NONE', #8511, #9116, #10171, .T. ) ;
#3210 = DIRECTION ( 'NONE',  ( 1.000000000000000000, -0.000000000000000000, -0.000000000000000000 ) ) ;
#3211 = SHAPE_DEFINITION_REPRESENTATION ( #613, #5460 ) ;
#3212 = VERTEX_POINT ( 'NONE', #5404 ) ;
#3213 = PLANE ( 'NONE',  #7917 ) ;
#3214 = FACE_OUTER_BOUND ( 'NONE', #3800, .T. ) ;
#3215 = LINE ( 'NONE', #9994, #2277 ) ;
#3216 = EDGE_CURVE ( 'NONE', #9553, #10568, #778, .T. ) ;
#3217 = EDGE_CURVE ( 'NONE', #2962, #6080, #8716, .T. ) ;
#3218 = VERTEX_POINT ( 'NONE', #5903 ) ;
#3219 = ORIENTED_EDGE ( 'NONE', *, *, #3093, .T. ) ;
#3220 = CARTESIAN_POINT ( 'NONE',  ( -19.14146106821090143, -0.000000000000000000, 13.48452350954438650 ) ) ;
#3221 = DATE_TIME_ROLE ( 'classification_date' ) ;
#3222 = ORIENTED_EDGE ( 'NONE', *, *, #9673, .F. ) ;
#3223 = CARTESIAN_POINT ( 'NONE',  ( 31.00000000000000000, 8.000000000000000000, 19.30000000000000071 ) ) ;
#3224 = CARTESIAN_POINT ( 'NONE',  ( 2.082076604084940108, -1.594977014734290321, -0.000000000000000000 ) ) ;
#3225 = ORIENTED_EDGE ( 'NONE', *, *, #9288, .F. ) ;
#3226 = DIRECTION ( 'NONE',  ( -0.000000000000000000, 1.000000000000000000, -0.000000000000000000 ) ) ;
#3227 = DIRECTION ( 'NONE',  ( -0.000000000000000000, -0.000000000000000000, -1.000000000000000000 ) ) ;
#3228 = EDGE_CURVE ( 'NONE', #2555, #2004, #6560, .T. ) ;
#3229 = ORIENTED_EDGE ( 'NONE', *, *, #5548, .T. ) ;
#3230 =( NAMED_UNIT ( * ) SI_UNIT ( $, .STERADIAN. ) SOLID_ANGLE_UNIT ( ) );
#3231 = CC_DESIGN_APPROVAL ( #10534, ( #8359 ) ) ;
#3232 = CARTESIAN_POINT ( 'NONE',  ( 18.51560493047243483, -33.14151426980636472, 0.000000000000000000 ) ) ;
#3233 = VERTEX_POINT ( 'NONE', #2114 ) ;
#3234 = PLANE ( 'NONE',  #6325 ) ;
#3235 = DATE_TIME_ROLE ( 'classification_date' ) ;
#3236 = ORIENTED_EDGE ( 'NONE', *, *, #7098, .T. ) ;
#3237 = DIRECTION ( 'NONE',  ( -0.000000000000000000, -0.000000000000000000, 1.000000000000000000 ) ) ;
#3238 = VECTOR ( 'NONE', #9637, 1000.000000000000000 ) ;
#3239 = CARTESIAN_POINT ( 'NONE',  ( 137.3611907952756610, 1.042873957029554211, 0.000000000000000000 ) ) ;
#3240 = CARTESIAN_POINT ( 'NONE',  ( 130.0000000000000000, 0.000000000000000000, 6.000000000000000000 ) ) ;
#3241 = SECURITY_CLASSIFICATION ( '', '', #5048 ) ;
#3242 = DIRECTION ( 'NONE',  ( 1.000000000000000000, 0.000000000000000000, -0.000000000000000000 ) ) ;
#3243 =( REPRESENTATION_RELATIONSHIP ('NONE','NONE', #403, #10755 ) REPRESENTATION_RELATIONSHIP_WITH_TRANSFORMATION ( #3530 )SHAPE_REPRESENTATION_RELATIONSHIP( ) );
#3244 = ORIENTED_EDGE ( 'NONE', *, *, #7052, .F. ) ;
#3245 = CC_DESIGN_PERSON_AND_ORGANIZATION_ASSIGNMENT ( #1032, #5156, ( #7433 ) ) ;
#3246 = CARTESIAN_POINT ( 'NONE',  ( -19.00000000000000000, 9.000000000000000000, 10.00000000000000000 ) ) ;
#3247 = COORDINATED_UNIVERSAL_TIME_OFFSET ( 5, 0, .BEHIND. ) ;
#3248 = FACE_OUTER_BOUND ( 'NONE', #2496, .T. ) ;
#3249 = LOCAL_TIME ( 6, 20, 19.00000000000000000, #7888 ) ;
#3250 = ORIENTED_EDGE ( 'NONE', *, *, #7713, .F. ) ;
#3251 = ORIENTED_EDGE ( 'NONE', *, *, #7925, .F. ) ;
#3252 = DIRECTION ( 'NONE',  ( 0.000000000000000000, 1.000000000000000000, 0.000000000000000000 ) ) ;
#3253 = DATE_AND_TIME ( #8188, #4817 ) ;
#3254 = CARTESIAN_POINT ( 'NONE',  ( 31.60000000000000142, 72.50000000000000000, 0.000000000000000000 ) ) ;
#3255 = CARTESIAN_POINT ( 'NONE',  ( 30.55736206015338752, 47.34320465898994712, -0.000000000000000000 ) ) ;
#3256 = PERSON ( 'NAUO-PER25', 'UNSPECIFIED', 'UNSPECIFIED', ('UNSPECIFIED'), ('UNSPECIFIED'), ('UNSPECIFIED') ) ;
#3257 = CARTESIAN_POINT ( 'NONE',  ( 31.19999999999999929, 0.000000000000000000, 0.000000000000000000 ) ) ;
#3258 = FACE_OUTER_BOUND ( 'NONE', #7177, .T. ) ;
#3259 = AXIS2_PLACEMENT_3D ( 'NONE', #8924, #7198, #6476 ) ;
#3260 = LOCAL_TIME ( 6, 20, 19.00000000000000000, #3359 ) ;
#3261 = CC_DESIGN_DATE_AND_TIME_ASSIGNMENT ( #5079, #8420, ( #6981 ) ) ;
#3262 = CARTESIAN_POINT ( 'NONE',  ( -10.48439506952757228, 49.85848573019364238, 0.000000000000000000 ) ) ;
#3263 = PERSON_AND_ORGANIZATION ( #10500, #8573 ) ;
#3264 = LOCAL_TIME ( 6, 20, 19.00000000000000000, #8853 ) ;
#3265 = ORIENTED_EDGE ( 'NONE', *, *, #5112, .F. ) ;
#3266 = CARTESIAN_POINT ( 'NONE',  ( 9.119041486028454102, 10.62286516859881047, 10.52269981392162101 ) ) ;
#3267 = EDGE_LOOP ( 'NONE', ( #10133, #10607 ) ) ;
#3268 = EDGE_CURVE ( 'NONE', #1578, #879, #4543, .T. ) ;
#3269 = CARTESIAN_POINT ( 'NONE',  ( 32.36119079527443887, 32.04287395702761643, 0.000000000000000000 ) ) ;
#3270 = LINE ( 'NONE', #9387, #7513 ) ;
#3271 = LINE ( 'NONE', #5785, #9658 ) ;
#3272 = LOCAL_TIME ( 6, 20, 19.00000000000000000, #5779 ) ;
#3273 = VECTOR ( 'NONE', #928, 1000.000000000000000 ) ;
#3274 = VERTEX_POINT ( 'NONE', #75 ) ;
#3275 = LINE ( 'NONE', #6610, #3822 ) ;
#3276 = EDGE_CURVE ( 'NONE', #8948, #7503, #4335, .T. ) ;
#3277 = PRODUCT_DEFINITION_FORMATION_WITH_SPECIFIED_SOURCE ( 'ไป', '', #5522, .NOT_KNOWN. ) ;
#3278 = ORIENTED_EDGE ( 'NONE', *, *, #9014, .F. ) ;
#3279 = CARTESIAN_POINT ( 'NONE',  ( 15.65666690099372360, 70.44258473825063049, -0.000000000000000000 ) ) ;
#3280 = CARTESIAN_POINT ( 'NONE',  ( 20.00000000000000000, 12.00000000000000000, 2.000000000000000000 ) ) ;
#3281 = ORIENTED_EDGE ( 'NONE', *, *, #1329, .F. ) ;
#3282 = LINE ( 'NONE', #24, #5273 ) ;
#3283 = VERTEX_POINT ( 'NONE', #7093 ) ;
#3284 = CARTESIAN_POINT ( 'NONE',  ( -10.65666690099477876, 48.55741526174896450, -0.000000000000000000 ) ) ;
#3285 = VECTOR ( 'NONE', #5253, 1000.000000000000000 ) ;
#3286 = ORIENTED_EDGE ( 'NONE', *, *, #7176, .T. ) ;
#3287 = AXIS2_PLACEMENT_3D ( 'NONE', #5288, #8755, #5446 ) ;
#3288 = CARTESIAN_POINT ( 'NONE',  ( 10.50000000000000000, -1.300000000000000044, -0.09997027095160138099 ) ) ;
#3289 = SHAPE_DEFINITION_REPRESENTATION ( #10560, #3098 ) ;
#3290 = EDGE_LOOP ( 'NONE', ( #706, #6082, #9959, #5210 ) ) ;
#3291 = CARTESIAN_POINT ( 'NONE',  ( 11.45770097412407651, 8.045736335212735568, 9.910949364641039594 ) ) ;
#3292 = CALENDAR_DATE ( 2026, 18, 9 ) ;
#3293 = AXIS2_PLACEMENT_3D ( 'NONE', #9529, #5549, #8920 ) ;
#3294 = EDGE_CURVE ( 'NONE', #408, #10278, #9282, .T. ) ;
#3295 = VERTEX_POINT ( 'NONE', #8442 ) ;
#3296 = CARTESIAN_POINT ( 'NONE',  ( 15.69999999999999929, 70.00000000000000000, -1.200000000000000030E-05 ) ) ;
#3297 = AXIS2_PLACEMENT_3D ( 'NONE', #5418, #1084, #4399 ) ;
#3298 = ADVANCED_FACE ( 'NONE', ( #2629 ), #855, .F. ) ;
#3299 = CARTESIAN_POINT ( 'NONE',  ( 134.3432046589899471, 0.4426379398539287413, -0.000000000000000000 ) ) ;
#3300 = LINE ( 'NONE', #8515, #8405 ) ;
#3301 = AXIS2_PLACEMENT_3D ( 'NONE', #6151, #1224, #10311 ) ;
#3302 = FACE_OUTER_BOUND ( 'NONE', #9005, .T. ) ;
#3303 = VECTOR ( 'NONE', #7538, 1000.000000000000000 ) ;
#3304 = LINE ( 'NONE', #8076, #9108 ) ;
#3305 = CC_DESIGN_SECURITY_CLASSIFICATION ( #3113, ( #4015 ) ) ;
#3306 = COORDINATED_UNIVERSAL_TIME_OFFSET ( 5, 0, .BEHIND. ) ;
#3307 = CARTESIAN_POINT ( 'NONE',  ( 20.00000000000000000, -12.00000000000000000, 2.000000000000000000 ) ) ;
#3308 = VERTEX_POINT ( 'NONE', #10224 ) ;
#3309 = DIRECTION ( 'NONE',  ( -1.000000000000000000, 0.000000000000000000, 0.000000000000000000 ) ) ;
#3310 = DIRECTION ( 'NONE',  ( 0.000000000000000000, 0.000000000000000000, 1.000000000000000000 ) ) ;
#3311 = CARTESIAN_POINT ( 'NONE',  ( 18.34333309900522480, 0.000000000000000000, 12.44258473825066780 ) ) ;
#3312 = LINE ( 'NONE', #8245, #1228 ) ;
#3313 = DIRECTION ( 'NONE',  ( 1.000000000000000000, 0.000000000000000000, 0.000000000000000000 ) ) ;
#3314 = VECTOR ( 'NONE', #2332, 1000.000000000000000 ) ;
#3315 = VECTOR ( 'NONE', #8795, 1000.000000000000000 ) ;
#3316 = DATE_AND_TIME ( #10666, #3839 ) ;
#3317 = FACE_BOUND ( 'NONE', #10671, .T. ) ;
#3318 = MECHANICAL_CONTEXT ( 'NONE', #10150, 'mechanical' ) ;
#3319 = VERTEX_POINT ( 'NONE', #7870 ) ;
#3320 = CARTESIAN_POINT ( 'NONE',  ( 10.55101976734915326, 9.205879817082850636, 11.69999999999997975 ) ) ;
#3321 = PRODUCT_DEFINITION ( 'ๆ', '', #2040, #101 ) ;
#3322 = CARTESIAN_POINT ( 'NONE',  ( -11.59999999999999964, 77.50000000000000000, 6.000000000000000000 ) ) ;
#3323 = VECTOR ( 'NONE', #8879, 1000.000000000000000 ) ;
#3324 = AXIS2_PLACEMENT_3D ( 'NONE', #6831, #6774, #10218 ) ;
#3325 = CARTESIAN_POINT ( 'NONE',  ( 24.30000000000000071, -45.00000000000000000, -1.200000000000000030E-05 ) ) ;
#3326 = FACE_OUTER_BOUND ( 'NONE', #5922, .T. ) ;
#3327 = EDGE_CURVE ( 'NONE', #9499, #7183, #2681, .T. ) ;
#3328 = AXIS2_PLACEMENT_3D ( 'NONE', #3507, #3615, #7606 ) ;
#3329 = ORIENTED_EDGE ( 'NONE', *, *, #8313, .T. ) ;
#3330 = CARTESIAN_POINT ( 'NONE',  ( 0.000000000000000000, 149.0000000000000000, 83.00000000000000000 ) ) ;
#3331 = APPROVAL_STATUS ( 'not_yet_approved' ) ;
#3332 = EDGE_CURVE ( 'NONE', #624, #3961, #6012, .T. ) ;
#3333 = EDGE_LOOP ( 'NONE', ( #10361, #1208, #2450, #10445 ) ) ;
#3334 = CARTESIAN_POINT ( 'NONE',  ( 0.000000000000000000, 0.000000000000000000, 0.000000000000000000 ) ) ;
#3335 = CARTESIAN_POINT ( 'NONE',  ( 0.000000000000000000, 0.000000000000000000, 0.000000000000000000 ) ) ;
#3336 = ORIENTED_EDGE ( 'NONE', *, *, #2753, .F. ) ;
#3337 = DIRECTION ( 'NONE',  ( 0.000000000000000000, 1.000000000000000000, 0.000000000000000000 ) ) ;
#3338 = AXIS2_PLACEMENT_3D ( 'NONE', #3307, #2532, #2478 ) ;
#3339 = CARTESIAN_POINT ( 'NONE',  ( 137.0428739570325263, -1.361190795270670106, 0.000000000000000000 ) ) ;
#3340 = CIRCLE ( 'NONE', #1736, 14.00000000000000000 ) ;
#3341 = ORIENTED_EDGE ( 'NONE', *, *, #8501, .T. ) ;
#3342 = ADVANCED_FACE ( 'NONE', ( #3760 ), #10487, .F. ) ;
#3343 = LINE ( 'NONE', #8387, #7015 ) ;
#3344 = MECHANICAL_CONTEXT ( 'NONE', #9217, 'mechanical' ) ;
#3345 = ORIENTED_EDGE ( 'NONE', *, *, #2945, .T. ) ;
#3346 = CARTESIAN_POINT ( 'NONE',  ( 11.63318911631890806, 7.789676559712269466, 9.698957536639019494 ) ) ;
#3347 = VECTOR ( 'NONE', #6539, 1000.000000000000000 ) ;
#3348 = SECURITY_CLASSIFICATION_LEVEL ( 'unclassified' ) ;
#3349 = EDGE_LOOP ( 'NONE', ( #981, #661 ) ) ;
#3350 = LINE ( 'NONE', #10290, #4871 ) ;
#3351 = LINE ( 'NONE', #1596, #7082 ) ;
#3352 = DIRECTION ( 'NONE',  ( 0.000000000000000000, 0.000000000000000000, 1.000000000000000000 ) ) ;
#3353 = CARTESIAN_POINT ( 'NONE',  ( -9.000000000000000000, 8.000000000000000000, 21.00000000000000000 ) ) ;
#3354 = LINE ( 'NONE', #8941, #10007 ) ;
#3355 = VECTOR ( 'NONE', #6683, 1000.000000000000000 ) ;
#3356 = ADVANCED_FACE ( 'NONE', ( #562 ), #6377, .T. ) ;
#3357 = DIRECTION ( 'NONE',  ( 0.000000000000000000, 0.000000000000000000, 1.000000000000000000 ) ) ;
#3358 = EDGE_CURVE ( 'NONE', #7297, #3856, #8881, .T. ) ;
#3359 = COORDINATED_UNIVERSAL_TIME_OFFSET ( 5, 0, .BEHIND. ) ;
#3360 = CARTESIAN_POINT ( 'NONE',  ( 3.000000000000000000, 146.0000000000000000, 83.00000000000000000 ) ) ;
#3361 = EDGE_LOOP ( 'NONE', ( #5355, #6620, #9816, #6024 ) ) ;
#3362 = ORIENTED_EDGE ( 'NONE', *, *, #10715, .F. ) ;
#3363 = DIRECTION ( 'NONE',  ( -0.000000000000000000, -0.000000000000000000, 1.000000000000000000 ) ) ;
#3364 = CALENDAR_DATE ( 2026, 18, 9 ) ;
#3365 = CARTESIAN_POINT ( 'NONE',  ( -9.119842274437594654, 10.62218046192215226, 10.52516039174336804 ) ) ;
#3366 = CARTESIAN_POINT ( 'NONE',  ( 18.95712604297132842, 0.000000000000000000, 10.63880920472698577 ) ) ;
#3367 = ORIENTED_EDGE ( 'NONE', *, *, #4251, .F. ) ;
#3368 = VECTOR ( 'NONE', #8492, 1000.000000000000000 ) ;
#3369 = FACE_OUTER_BOUND ( 'NONE', #5165, .T. ) ;
#3370 = DIRECTION ( 'NONE',  ( 0.000000000000000000, 1.000000000000000000, 0.000000000000000000 ) ) ;
#3371 = COORDINATED_UNIVERSAL_TIME_OFFSET ( 5, 0, .BEHIND. ) ;
#3372 = EDGE_CURVE ( 'NONE', #10564, #10583, #2164, .T. ) ;
#3373 = APPROVAL_ROLE ( '' ) ;
#3374 = LINE ( 'NONE', #3429, #3303 ) ;
#3375 = CARTESIAN_POINT ( 'NONE',  ( 10.55101976734915148, 9.205879817082850636, 10.19999999999998153 ) ) ;
#3376 = PERSON_AND_ORGANIZATION ( #10500, #8573 ) ;
#3377 = EDGE_LOOP ( 'NONE', ( #9404, #104 ) ) ;
#3378 = DIRECTION ( 'NONE',  ( -0.000000000000000000, -0.000000000000000000, 1.000000000000000000 ) ) ;
#3379 = ORIENTED_EDGE ( 'NONE', *, *, #3058, .F. ) ;
#3380 = DIRECTION ( 'NONE',  ( 0.000000000000000000, -1.000000000000000000, 0.000000000000000000 ) ) ;
#3381 = CARTESIAN_POINT ( 'NONE',  ( 20.00000000000000000, -12.00000000000000000, 2.000000000000000000 ) ) ;
#3382 = LINE ( 'NONE', #3440, #8048 ) ;
#3383 = CC_DESIGN_DATE_AND_TIME_ASSIGNMENT ( #8601, #6878, ( #5655 ) ) ;
#3384 = APPLICATION_CONTEXT ( 'configuration controlled 3d designs of mechanical parts and assemblies' ) ;
#3385 = VERTEX_POINT ( 'NONE', #4647 ) ;
#3386 = CARTESIAN_POINT ( 'NONE',  ( 12.63880920472417557, 68.95712604297266068, 0.000000000000000000 ) ) ;
#3387 = VERTEX_POINT ( 'NONE', #5620 ) ;
#3388 = FACE_OUTER_BOUND ( 'NONE', #1845, .T. ) ;
#3389 = CARTESIAN_POINT ( 'NONE',  ( -10.69999999999999929, 31.00000000000000000, -1.200000000000000030E-05 ) ) ;
#3390 = VECTOR ( 'NONE', #3439, 1000.000000000000000 ) ;
#3391 = CARTESIAN_POINT ( 'NONE',  ( -2.599940775706751861, 0.2933012580821827142, 0.000000000000000000 ) ) ;
#3392 = CARTESIAN_POINT ( 'NONE',  ( 137.4843253421153406, -0.8586539201233609475, 0.000000000000000000 ) ) ;
#3393 = ORIENTED_EDGE ( 'NONE', *, *, #6503, .F. ) ;
#3394 = CC_DESIGN_PERSON_AND_ORGANIZATION_ASSIGNMENT ( #100, #2653, ( #4552 ) ) ;
#3395 =( LENGTH_UNIT ( ) NAMED_UNIT ( * ) SI_UNIT ( .MILLI., .METRE. ) );
#3396 = PERSON_AND_ORGANIZATION ( #10500, #8573 ) ;
#3397 = VERTEX_POINT ( 'NONE', #2323 ) ;
#3398 = CARTESIAN_POINT ( 'NONE',  ( 11.45560253456880062, 8.048713274734506484, 7.087104102551561979 ) ) ;
#3399 = CALENDAR_DATE ( 2026, 18, 9 ) ;
#3400 = ORIENTED_EDGE ( 'NONE', *, *, #5003, .F. ) ;
#3401 = DIRECTION ( 'NONE',  ( -0.000000000000000000, -0.000000000000000000, -1.000000000000000000 ) ) ;
#3402 = ORIENTED_EDGE ( 'NONE', *, *, #6007, .T. ) ;
#3403 = CARTESIAN_POINT ( 'NONE',  ( 134.3000695112365577, 0.2250839948771373999, -0.000000000000000000 ) ) ;
#3405 = EDGE_CURVE ( 'NONE', #7278, #8097, #3049, .T. ) ;
#3404 = CYLINDRICAL_SURFACE ( 'NONE', #5952, 30.00000000000000000 ) ;
#3406 = CARTESIAN_POINT ( 'NONE',  ( 122.2999999999999972, 2.081899558550508908E-16, -6.000000000000000152E-06 ) ) ;
#3407 = LINE ( 'NONE', #9880, #1042 ) ;
#3408 = ORIENTED_EDGE ( 'NONE', *, *, #4511, .F. ) ;
#3409 = CARTESIAN_POINT ( 'NONE',  ( -10.00000000000000000, 10.00000000000000000, 39.50000000000000000 ) ) ;
#3410 = APPROVAL_STATUS ( 'not_yet_approved' ) ;
#3411 = DIRECTION ( 'NONE',  ( 0.000000000000000000, 0.000000000000000000, -1.000000000000000000 ) ) ;
#3412 = ORIENTED_EDGE ( 'NONE', *, *, #9722, .F. ) ;
#3413 = CIRCLE ( 'NONE', #5171, 30.00000000000000000 ) ;
#3414 = VERTEX_POINT ( 'NONE', #3104 ) ;
#3415 = CARTESIAN_POINT ( 'NONE',  ( 15.69999999999999929, 2.081899558550498554E-16, 2.000000000000000000 ) ) ;
#3416 = PERSON_AND_ORGANIZATION ( #359, #404 ) ;
#3417 = SECURITY_CLASSIFICATION ( '', '', #1934 ) ;
#3418 = DIRECTION ( 'NONE',  ( -0.000000000000000000, -0.000000000000000000, -1.000000000000000000 ) ) ;
#3419 = CARTESIAN_POINT ( 'NONE',  ( 20.00000000000000000, -6.000000000000000152E-06, 13.70000000000000107 ) ) ;
#3421 = EDGE_CURVE ( 'NONE', #1492, #9449, #6433, .T. ) ;
#3420 = CARTESIAN_POINT ( 'NONE',  ( 124.0000000000000000, 0.000000000000000000, -1.200000000000000030E-05 ) ) ;
#3422 = DIRECTION ( 'NONE',  ( 0.000000000000000000, 0.000000000000000000, -1.000000000000000000 ) ) ;
#3423 = ADVANCED_FACE ( 'NONE', ( #6537 ), #4859, .F. ) ;
#3424 = B_SPLINE_CURVE_WITH_KNOTS ( 'NONE', 3,
 ( #578, #4773, #1466, #3220, #8842, #8104, #3946, #7331, #4055, #6551, #9944, #8050, #525, #3896, #4874, #7385, #6453, #10774 ),
 .UNSPECIFIED., .F., .F.,
 ( 4, 2, 2, 2, 2, 2, 2, 2, 4 ),
 ( 0.000000000000000000, 0.06250000000000000000, 0.1250000000000000000, 0.1875000000000000000, 0.2500000000000000000, 0.3125000000000000000, 0.3750000000000000000, 0.4375000000000000000, 0.5000000000000000000 ),
 .UNSPECIFIED. ) ;
#3425 = AXIS2_PLACEMENT_3D ( 'NONE', #9397, #9655, #7556 ) ;
#3426 = APPROVAL_PERSON_ORGANIZATION ( #4891, #4602, #10846 ) ;
#3427 = DATE_AND_TIME ( #1001, #10833 ) ;
#3428 = COORDINATED_UNIVERSAL_TIME_OFFSET ( 5, 0, .BEHIND. ) ;
#3429 = CARTESIAN_POINT ( 'NONE',  ( 35.00000000000000000, -70.00000000000000000, 5.000000000000000000 ) ) ;
#3430 = CARTESIAN_POINT ( 'NONE',  ( 9.840129390273620658, 9.961135384681568894, 9.917871716659957926 ) ) ;
#3431 = COORDINATED_UNIVERSAL_TIME_OFFSET ( 5, 0, .BEHIND. ) ;
#3432 = ORIENTED_EDGE ( 'NONE', *, *, #10178, .F. ) ;
#3433 = VECTOR ( 'NONE', #4423, 1000.000000000000000 ) ;
#3434 = CARTESIAN_POINT ( 'NONE',  ( 10.72380529476361488, 9.000000000000204281, 11.70000000000065477 ) ) ;
#3436 = ADVANCED_FACE ( 'NONE', ( #8939, #1403, #5506, #6488 ), #7973, .F. ) ;
#3435 = DIRECTION ( 'NONE',  ( -0.000000000000000000, -0.000000000000000000, -1.000000000000000000 ) ) ;
#3437 = CC_DESIGN_APPROVAL ( #9443, ( #5354 ) ) ;
#3438 = EDGE_CURVE ( 'NONE', #2796, #9375, #9710, .T. ) ;
#3439 = DIRECTION ( 'NONE',  ( 0.000000000000000000, 1.000000000000000000, 0.000000000000000000 ) ) ;
#3440 = CARTESIAN_POINT ( 'NONE',  ( 0.000000000000000000, 80.50000000000000000, 6.000000000000000000 ) ) ;
#3441 = VECTOR ( 'NONE', #3821, 1000.000000000000000 ) ;
#3442 = LOCAL_TIME ( 6, 20, 19.00000000000000000, #5814 ) ;
#3443 = VERTEX_POINT ( 'NONE', #7369 ) ;
#3444 = CYLINDRICAL_SURFACE ( 'NONE', #552, 14.00000000000000000 ) ;
#3445 = DATE_TIME_ROLE ( 'classification_date' ) ;
#3446 = ORIENTED_EDGE ( 'NONE', *, *, #1106, .F. ) ;
#3447 = FACE_OUTER_BOUND ( 'NONE', #1795, .T. ) ;
#3448 = DIRECTION ( 'NONE',  ( -0.000000000000000000, -0.000000000000000000, 1.000000000000000000 ) ) ;
#3449 = CC_DESIGN_DATE_AND_TIME_ASSIGNMENT ( #2432, #5617, ( #5164 ) ) ;
#3450 = APPROVAL_PERSON_ORGANIZATION ( #1096, #629, #368 ) ;
#3451 = VERTEX_POINT ( 'NONE', #9042 ) ;
#3452 = DIRECTION ( 'NONE',  ( 1.000000000000000000, 0.000000000000000000, 0.000000000000000000 ) ) ;
#3453 = CARTESIAN_POINT ( 'NONE',  ( -20.00000000000000000, 12.00000000000000000, 0.000000000000000000 ) ) ;
#3454 = ORIENTED_EDGE ( 'NONE', *, *, #3537, .T. ) ;
#3455 = CC_DESIGN_APPROVAL ( #8490, ( #10466 ) ) ;
#3456 = PERSON_AND_ORGANIZATION ( #10500, #8573 ) ;
#3457 = ORIENTED_EDGE ( 'NONE', *, *, #9389, .F. ) ;
#3458 = CARTESIAN_POINT ( 'NONE',  ( 10.72380529476361133, 9.000000000000000000, 6.800000000000000711 ) ) ;
#3459 = VECTOR ( 'NONE', #6283, 1000.000000000000000 ) ;
#3460 = DATE_AND_TIME ( #9294, #1838 ) ;
#3461 = ORIENTED_EDGE ( 'NONE', *, *, #2958, .F. ) ;
#3462 = FACE_OUTER_BOUND ( 'NONE', #4662, .T. ) ;
#3463 = ORIENTED_EDGE ( 'NONE', *, *, #4143, .F. ) ;
#3464 = CARTESIAN_POINT ( 'NONE',  ( -0.5999999999999999778, 13.98713694792469120, 4.000000000000000000 ) ) ;
#3465 = PRODUCT_DEFINITION ( 'ๆ', '', #999, #8584 ) ;
#3466 = DIRECTION ( 'NONE',  ( 0.000000000000000000, 1.000000000000000000, 0.000000000000000000 ) ) ;
#3467 = AXIS2_PLACEMENT_3D ( 'NONE', #6999, #10391, #2006 ) ;
#3468 = FACE_OUTER_BOUND ( 'NONE', #3290, .T. ) ;
#3469 = DIRECTION ( 'NONE',  ( -0.000000000000000000, -1.000000000000000000, -0.000000000000000000 ) ) ;
#3470 = ORIENTED_EDGE ( 'NONE', *, *, #4346, .T. ) ;
#3471 = SHAPE_REPRESENTATION_RELATIONSHIP ( 'NONE' , 'NONE' ,  #10755, #9444 ) ;
#3472 = COORDINATED_UNIVERSAL_TIME_OFFSET ( 5, 0, .BEHIND. ) ;
#3473 = CARTESIAN_POINT ( 'NONE',  ( -2.500000000000000000, 0.000000000000000000, 0.000000000000000000 ) ) ;
#3474 = EDGE_CURVE ( 'NONE', #7947, #8543, #8826, .T. ) ;
#3475 = VECTOR ( 'NONE', #4074, 1000.000000000000000 ) ;
#3476 = ORIENTED_EDGE ( 'NONE', *, *, #3815, .F. ) ;
#3477 = CARTESIAN_POINT ( 'NONE',  ( 43.00000000000000000, 0.000000000000000000, 24.00000000000000000 ) ) ;
#3478 = FACE_OUTER_BOUND ( 'NONE', #4918, .T. ) ;
#3479 = CARTESIAN_POINT ( 'NONE',  ( -21.00000000000000000, 81.00000000000000000, 6.000000000000000000 ) ) ;
#3480 = DIRECTION ( 'NONE',  ( 1.000000000000000000, 0.000000000000000000, 0.000000000000000000 ) ) ;
#3481 = CARTESIAN_POINT ( 'NONE',  ( -21.00000000000000000, 0.000000000000000000, 0.000000000000000000 ) ) ;
#3482 = AXIS2_PLACEMENT_3D ( 'NONE', #6653, #6764, #224 ) ;
#3483 = APPROVAL_STATUS ( 'not_yet_approved' ) ;
#3484 = APPROVAL_DATE_TIME ( #117, #9456 ) ;
#3485 = FACE_OUTER_BOUND ( 'NONE', #4504, .T. ) ;
#3486 = ADVANCED_FACE ( 'NONE', ( #10761 ), #8995, .F. ) ;
#3487 = CARTESIAN_POINT ( 'NONE',  ( -11.59999999999999964, 67.50000000000000000, 0.000000000000000000 ) ) ;
#3488 = SHAPE_DEFINITION_REPRESENTATION ( #9489, #964 ) ;
#3489 = VECTOR ( 'NONE', #10749, 1000.000000000000000 ) ;
#3490 = AXIS2_PLACEMENT_3D ( 'NONE', #4201, #2289, #575 ) ;
#3491 = ORIENTED_EDGE ( 'NONE', *, *, #1169, .T. ) ;
#3492 = CARTESIAN_POINT ( 'NONE',  ( 11.68311043139274830, 7.714395407957674422, 8.881677801039298714 ) ) ;
#3493 = FACE_OUTER_BOUND ( 'NONE', #1322, .T. ) ;
#3494 = LINE ( 'NONE', #9270, #7347 ) ;
#3495 = DIRECTION ( 'NONE',  ( 1.000000000000000000, 0.000000000000000000, 0.000000000000000000 ) ) ;
#3496 = EDGE_CURVE ( 'NONE', #2342, #7631, #2028, .T. ) ;
#3497 = ADVANCED_FACE ( 'NONE', ( #9925 ), #2274, .F. ) ;
#3498 = EDGE_CURVE ( 'NONE', #10095, #7402, #9417, .T. ) ;
#3499 = ORIENTED_EDGE ( 'NONE', *, *, #5495, .F. ) ;
#3500 = CARTESIAN_POINT ( 'NONE',  ( 0.000000000000000000, 77.50000000000000000, 6.000000000000000000 ) ) ;
#3501 = AXIS2_PLACEMENT_3D ( 'NONE', #7815, #10604, #4704 ) ;
#3502 = ORIENTED_EDGE ( 'NONE', *, *, #5764, .T. ) ;
#3503 = DIRECTION ( 'NONE',  ( -0.000000000000000000, -0.000000000000000000, -1.000000000000000000 ) ) ;
#3504 = DIRECTION ( 'NONE',  ( -0.000000000000000000, -0.000000000000000000, -1.000000000000000000 ) ) ;
#3505 = EDGE_LOOP ( 'NONE', ( #7249, #1076, #5540, #10014 ) ) ;
#3506 = DIRECTION ( 'NONE',  ( -0.000000000000000000, -0.000000000000000000, 1.000000000000000000 ) ) ;
#3507 = CARTESIAN_POINT ( 'NONE',  ( 0.000000000000000000, 0.000000000000000000, 16.00000000000000000 ) ) ;
#3508 = VERTEX_POINT ( 'NONE', #3985 ) ;
#3509 = AXIS2_PLACEMENT_3D ( 'NONE', #4092, #9981, #2436 ) ;
#3510 = VECTOR ( 'NONE', #5323, 1000.000000000000000 ) ;
#3511 =( NAMED_UNIT ( * ) SI_UNIT ( $, .STERADIAN. ) SOLID_ANGLE_UNIT ( ) );
#3512 = SHAPE_REPRESENTATION ( 'V2_REF_gripper_body', ( #2087 ), #8747 ) ;
#3513 = EDGE_CURVE ( 'NONE', #20, #3674, #5458, .T. ) ;
#3514 = VERTEX_POINT ( 'NONE', #7585 ) ;
#3515 = CARTESIAN_POINT ( 'NONE',  ( 10.88535465464668484, 8.807508457680029323, 6.800000000000002487 ) ) ;
#3516 = APPROVAL_ROLE ( '' ) ;
#3517 = ORIENTED_EDGE ( 'NONE', *, *, #5870, .F. ) ;
#3518 = DIRECTION ( 'NONE',  ( 1.000000000000000000, 0.000000000000000000, 0.000000000000000000 ) ) ;
#3519 = FACE_OUTER_BOUND ( 'NONE', #10069, .T. ) ;
#3520 = CIRCLE ( 'NONE', #1057, 1.699999999999998401 ) ;
#3521 = CARTESIAN_POINT ( 'NONE',  ( -7.299999999999998934, 31.00000000000000000, -6.000000000000000152E-06 ) ) ;
#3522 = DIRECTION ( 'NONE',  ( 1.000000000000000000, -0.000000000000000000, -0.000000000000000000 ) ) ;
#3523 = CARTESIAN_POINT ( 'NONE',  ( -18.63871090099590333, -35.04297226076236882, -0.000000000000000000 ) ) ;
#3524 = APPROVAL_STATUS ( 'not_yet_approved' ) ;
#3525 = APPROVAL ( #10816, 'ๆช' ) ;
#3526 = LINE ( 'NONE', #935, #10381 ) ;
#3527 = EDGE_LOOP ( 'NONE', ( #10847, #8844, #685, #527 ) ) ;
#3528 = DIRECTION ( 'NONE',  ( -0.000000000000000000, -0.000000000000000000, 1.000000000000000000 ) ) ;
#3529 = VERTEX_POINT ( 'NONE', #2376 ) ;
#3530 = ITEM_DEFINED_TRANSFORMATION ( 'NONE', 'NONE', #3297,  #2087 ) ;
#3531 = PLANE ( 'NONE',  #5898 ) ;
#3532 = DIRECTION ( 'NONE',  ( 0.000000000000000000, 0.000000000000000000, -1.000000000000000000 ) ) ;
#3533 = CARTESIAN_POINT ( 'NONE',  ( -9.000000000000000000, 59.50000000000000000, 4.700000000000000178 ) ) ;
#3534 = CARTESIAN_POINT ( 'NONE',  ( -9.000000000000000000, -6.000000000000000152E-06, 1.299999999999999600 ) ) ;
#3535 = VECTOR ( 'NONE', #1272, 1000.000000000000000 ) ;
#3536 = ADVANCED_BREP_SHAPE_REPRESENTATION ( '', ( #8453, #2087 ), #131 ) ;
#3537 = EDGE_CURVE ( 'NONE', #1904, #2165, #10474, .T. ) ;
#3538 = DATE_AND_TIME ( #831, #628 ) ;
#3539 = DATE_TIME_ROLE ( 'creation_date' ) ;
#3540 = ADVANCED_FACE ( 'NONE', ( #767 ), #4197, .F. ) ;
#3541 = CARTESIAN_POINT ( 'NONE',  ( -9.000000000000000000, 80.49999999999998579, 4.700000000000000178 ) ) ;
#3542 = CARTESIAN_POINT ( 'NONE',  ( -12.00000000000000000, -7.000000000000000000, 5.000000000000000000 ) ) ;
#3543 = AXIS2_PLACEMENT_3D ( 'NONE', #2593, #4359, #5227 ) ;
#3544 = PERSON_AND_ORGANIZATION_ROLE ( 'creator' ) ;
#3545 = ORIENTED_EDGE ( 'NONE', *, *, #10339, .T. ) ;
#3546 = CARTESIAN_POINT ( 'NONE',  ( -9.442469749914611299, -0.000000000000000000, 4.656865068423062581 ) ) ;
#3547 = DIRECTION ( 'NONE',  ( -1.000000000000000000, 0.000000000000000000, -0.000000000000000000 ) ) ;
#3548 = PLANE ( 'NONE',  #9903 ) ;
#3549 = EDGE_CURVE ( 'NONE', #2282, #9280, #1661, .T. ) ;
#3550 = AXIS2_PLACEMENT_3D ( 'NONE', #9438, #2718, #6827 ) ;
#3551 = FACE_OUTER_BOUND ( 'NONE', #9905, .T. ) ;
#3552 = ORIENTED_EDGE ( 'NONE', *, *, #6033, .T. ) ;
#3553 = DIRECTION ( 'NONE',  ( 0.000000000000000000, 0.000000000000000000, -1.000000000000000000 ) ) ;
#3554 = CLOSED_SHELL ( 'NONE', ( #3879, #3987, #3824, #392, #8179, #9749 ) ) ;
#3555 = VERTEX_POINT ( 'NONE', #7419 ) ;
#3556 = DIRECTION ( 'NONE',  ( 1.000000000000000000, 0.000000000000000000, 0.000000000000000000 ) ) ;
#3557 = EDGE_LOOP ( 'NONE', ( #2809, #6013 ) ) ;
#3558 = DIRECTION ( 'NONE',  ( 0.000000000000000000, 0.000000000000000000, -1.000000000000000000 ) ) ;
#3559 = ADVANCED_FACE ( 'NONE', ( #4141 ), #9148, .F. ) ;
#3560 = CARTESIAN_POINT ( 'NONE',  ( 0.000000000000000000, 0.000000000000000000, 0.000000000000000000 ) ) ;
#3561 = ADVANCED_FACE ( 'NONE', ( #3258 ), #5879, .F. ) ;
#3562 = CARTESIAN_POINT ( 'NONE',  ( -7.300069511236165098, 0.000000000000000000, 21.22508399488502207 ) ) ;
#3563 = ORIENTED_EDGE ( 'NONE', *, *, #7771, .T. ) ;
#3564 = CARTESIAN_POINT ( 'NONE',  ( 0.000000000000000000, 0.000000000000000000, 0.000000000000000000 ) ) ;
#3565 = ORIENTED_EDGE ( 'NONE', *, *, #5420, .T. ) ;
#3566 = LINE ( 'NONE', #10400, #4937 ) ;
#3567 = DATE_TIME_ROLE ( 'classification_date' ) ;
#3568 = ORIENTED_EDGE ( 'NONE', *, *, #1715, .T. ) ;
#3569 = CARTESIAN_POINT ( 'NONE',  ( -19.00000000000000000, 0.000000000000000000, 4.000000000000000000 ) ) ;
#3570 = ORIENTED_EDGE ( 'NONE', *, *, #8880, .T. ) ;
#3571 = PLANE ( 'NONE',  #244 ) ;
#3572 = DIRECTION ( 'NONE',  ( 0.000000000000000000, 0.000000000000000000, -1.000000000000000000 ) ) ;
#3573 = LINE ( 'NONE', #6907, #4328 ) ;
#3574 = ADVANCED_FACE ( 'NONE', ( #7638 ), #2437, .F. ) ;
#3575 = PLANE ( 'NONE',  #342 ) ;
#3576 = SHAPE_REPRESENTATION ( 'V2_03_bearing_retainer', ( #2087 ), #9632 ) ;
#3577 =( NAMED_UNIT ( * ) PLANE_ANGLE_UNIT ( ) SI_UNIT ( $, .RADIAN. ) );
#3578 = APPROVAL_ROLE ( '' ) ;
#3579 = FACE_OUTER_BOUND ( 'NONE', #6582, .T. ) ;
#3580 = ORIENTED_EDGE ( 'NONE', *, *, #7686, .F. ) ;
#3581 = CARTESIAN_POINT ( 'NONE',  ( 0.000000000000000000, 1.300000000000000044, 16.00000000000000000 ) ) ;
#3582 = DATE_TIME_ROLE ( 'classification_date' ) ;
#3583 = CARTESIAN_POINT ( 'NONE',  ( -20.00000000000000000, 12.00000000000000000, 2.000000000000000000 ) ) ;
#3584 = CYLINDRICAL_SURFACE ( 'NONE', #3769, 1.700000000000000178 ) ;
#3585 = ORIENTED_EDGE ( 'NONE', *, *, #8785, .T. ) ;
#3586 = DIRECTION ( 'NONE',  ( 0.000000000000000000, 1.000000000000000000, 0.000000000000000000 ) ) ;
#3587 = CARTESIAN_POINT ( 'NONE',  ( -4.299999999999999822, 2.081899558550500526E-16, 0.000000000000000000 ) ) ;
#3588 = APPROVAL ( #2465, 'UNKNOWN' ) ;
#3589 = B_SPLINE_CURVE_WITH_KNOTS ( 'NONE', 3,
 ( #1515, #10768, #10718, #10100, #8151, #1627, #2447, #14, #626, #6499, #10876, #8200, #7485, #9937, #7324, #5731, #4049, #9887 ),
 .UNSPECIFIED., .F., .F.,
 ( 4, 2, 2, 2, 2, 2, 2, 2, 4 ),
 ( 0.5000000000000000000, 0.5625000000000000000, 0.6250000000000000000, 0.6875000000000000000, 0.7500000000000000000, 0.8125000000000000000, 0.8750000000000000000, 0.9375000000000000000, 1.000000000000000000 ),
 .UNSPECIFIED. ) ;
#3590 = COORDINATED_UNIVERSAL_TIME_OFFSET ( 5, 0, .BEHIND. ) ;
#3591 = DATE_AND_TIME ( #4477, #3656 ) ;
#3592 = CARTESIAN_POINT ( 'NONE',  ( 31.00000000000000000, 49.00000000000000000, 5.000000000000000000 ) ) ;
#3593 = CARTESIAN_POINT ( 'NONE',  ( -10.01759284330493927, 9.783426788352441505, 10.02219807014628827 ) ) ;
#3594 = DIRECTION ( 'NONE',  ( 0.000000000000000000, -1.000000000000000000, 0.000000000000000000 ) ) ;
#3595 = PERSON_AND_ORGANIZATION ( #10500, #8573 ) ;
#3596 = VERTEX_POINT ( 'NONE', #2599 ) ;
#3597 = CARTESIAN_POINT ( 'NONE',  ( 11.63116903760836074, 7.792703007474886867, 8.797940933140290909 ) ) ;
#3598 = PRODUCT_DEFINITION_SHAPE ( 'NONE', 'NONE',  #10913 ) ;
#3599 = CARTESIAN_POINT ( 'NONE',  ( 0.000000000000000000, 0.000000000000000000, -1.200000000000000030E-05 ) ) ;
#3600 = VECTOR ( 'NONE', #10186, 1000.000000000000000 ) ;
#3601 = CC_DESIGN_PERSON_AND_ORGANIZATION_ASSIGNMENT ( #4027, #4900, ( #6570 ) ) ;
#3602 = APPROVAL_PERSON_ORGANIZATION ( #3140, #1635, #7293 ) ;
#3603 = DIRECTION ( 'NONE',  ( 0.000000000000000000, -1.000000000000000000, 0.000000000000000000 ) ) ;
#3604 =( REPRESENTATION_RELATIONSHIP ('NONE','NONE', #403, #128 ) REPRESENTATION_RELATIONSHIP_WITH_TRANSFORMATION ( #8843 )SHAPE_REPRESENTATION_RELATIONSHIP( ) );
#3605 = VECTOR ( 'NONE', #8267, 1000.000000000000000 ) ;
#3606 = DIRECTION ( 'NONE',  ( 0.000000000000000000, 0.000000000000000000, -1.000000000000000000 ) ) ;
#3607 = EDGE_CURVE ( 'NONE', #3687, #2970, #826, .T. ) ;
#3608 = SECURITY_CLASSIFICATION ( '', '', #10566 ) ;
#3609 = ORIENTED_EDGE ( 'NONE', *, *, #6845, .T. ) ;
#3610 = CARTESIAN_POINT ( 'NONE',  ( -9.000000000000000000, -1.200000000000000030E-05, 3.000000000000000000 ) ) ;
#3611 = ORIENTED_EDGE ( 'NONE', *, *, #6641, .T. ) ;
#3612 = DIRECTION ( 'NONE',  ( 1.000000000000000000, 0.000000000000000000, 0.000000000000000000 ) ) ;
#3613 = CARTESIAN_POINT ( 'NONE',  ( 0.000000000000000000, 14.00000000000000000, 4.000000000000000000 ) ) ;
#3614 = AXIS2_PLACEMENT_3D ( 'NONE', #4078, #4946, #749 ) ;
#3615 = DIRECTION ( 'NONE',  ( 0.000000000000000000, 0.000000000000000000, 1.000000000000000000 ) ) ;
#3616 = VERTEX_POINT ( 'NONE', #6030 ) ;
#3617 = CARTESIAN_POINT ( 'NONE',  ( 35.00000000000000000, 39.99999999999999289, 25.99999999999999645 ) ) ;
#3618 = ADVANCED_FACE ( 'NONE', ( #5129, #2541, #5008, #1616, #8351, #9199, #2, #1714, #5073, #8476, #8415, #10865, #6759 ), #887, .F. ) ;
#3619 = ORIENTED_EDGE ( 'NONE', *, *, #174, .T. ) ;
#3620 = CARTESIAN_POINT ( 'NONE',  ( 136.0000000000000000, 0.000000000000000000, -1.200000000000000030E-05 ) ) ;
#3621 = PERSON_AND_ORGANIZATION ( #894, #2554 ) ;
#3622 = SECURITY_CLASSIFICATION ( '', '', #7449 ) ;
#3623 = EDGE_LOOP ( 'NONE', ( #264, #6279, #9545, #2641, #8765, #682, #8566, #1653 ) ) ;
#3624 = CARTESIAN_POINT ( 'NONE',  ( 43.00000000000000000, 81.00000000000000000, 0.000000000000000000 ) ) ;
#3625 = DIRECTION ( 'NONE',  ( 0.000000000000000000, 0.000000000000000000, 1.000000000000000000 ) ) ;
#3626 = CARTESIAN_POINT ( 'NONE',  ( 0.000000000000000000, 19.50000000000000000, 0.000000000000000000 ) ) ;
#3627 = CARTESIAN_POINT ( 'NONE',  ( -21.04297226076161564, -35.36128909900560302, -0.000000000000000000 ) ) ;
#3628 = CC_DESIGN_APPROVAL ( #6459, ( #9610 ) ) ;
#3629 = B_SPLINE_CURVE_WITH_KNOTS ( 'NONE', 3,
 ( #10253, #272, #2661, #1939, #6924, #9377, #10312, #1823, #5289, #1105, #4473, #6979, #8533, #8700, #7695, #10368, #171, #3534 ),
 .UNSPECIFIED., .F., .F.,
 ( 4, 2, 2, 2, 2, 2, 2, 2, 4 ),
 ( 0.000000000000000000, 0.06249999999999986122, 0.1249999999999997224, 0.1874999999999997502, 0.2499999999999997780, 0.3124999999999997780, 0.3749999999999998335, 0.4374999999999998890, 0.5000000000000000000 ),
 .UNSPECIFIED. ) ;
#3630 = CALENDAR_DATE ( 2026, 18, 9 ) ;
#3631 = AXIS2_PLACEMENT_3D ( 'NONE', #1038, #6387, #8100 ) ;
#3632 = CARTESIAN_POINT ( 'NONE',  ( 31.85853893179089980, 29.51547649045667043, -0.000000000000000000 ) ) ;
#3633 = ADVANCED_FACE ( 'NONE', ( #8247 ), #6591, .F. ) ;
#3634 = EDGE_CURVE ( 'NONE', #8406, #2970, #111, .T. ) ;
#3635 = ORIENTED_EDGE ( 'NONE', *, *, #7637, .T. ) ;
#3636 = CARTESIAN_POINT ( 'NONE',  ( 31.44258473824912414, -0.000000000000000000, 22.65666690099557457 ) ) ;
#3637 = VERTEX_POINT ( 'NONE', #4959 ) ;
#3638 = PERSON_AND_ORGANIZATION ( #7703, #6741 ) ;
#3639 = LINE ( 'NONE', #6976, #5572 ) ;
#3640 = PLANE ( 'NONE',  #9926 ) ;
#3641 = ORIENTED_EDGE ( 'NONE', *, *, #10475, .T. ) ;
#3642 = CARTESIAN_POINT ( 'NONE',  ( -14.00000000000000000, 9.000000000000000000, 6.800000000000000711 ) ) ;
#3643 = FACE_OUTER_BOUND ( 'NONE', #5736, .T. ) ;
#3644 = VECTOR ( 'NONE', #1959, 1000.000000000000000 ) ;
#3645 = LINE ( 'NONE', #4637, #5937 ) ;
#3646 = DATE_TIME_ROLE ( 'classification_date' ) ;
#3647 = CARTESIAN_POINT ( 'NONE',  ( 0.000000000000000000, -1.300000000000000044, 0.000000000000000000 ) ) ;
#3648 = CARTESIAN_POINT ( 'NONE',  ( 2.210066736092913153, 1.378121121058531351, -0.000000000000000000 ) ) ;
#3649 = PERSON_AND_ORGANIZATION ( #10500, #8573 ) ;
#3650 = EDGE_LOOP ( 'NONE', ( #5226, #2334 ) ) ;
#3651 = FACE_OUTER_BOUND ( 'NONE', #9164, .T. ) ;
#3652 = DIRECTION ( 'NONE',  ( -0.000000000000000000, -0.000000000000000000, -1.000000000000000000 ) ) ;
#3653 = AXIS2_PLACEMENT_3D ( 'NONE', #2069, #2793, #3778 ) ;
#3654 = DIRECTION ( 'NONE',  ( -0.000000000000000000, -0.000000000000000000, -1.000000000000000000 ) ) ;
#3655 = AXIS2_PLACEMENT_3D ( 'NONE', #6121, #7720, #4444 ) ;
#3656 = LOCAL_TIME ( 6, 20, 19.00000000000000000, #6048 ) ;
#3657 = CC_DESIGN_PERSON_AND_ORGANIZATION_ASSIGNMENT ( #10108, #8554, ( #256 ) ) ;
#3658 = CARTESIAN_POINT ( 'NONE',  ( 10.72380529476361133, 9.000000000000000000, 8.300000000000000711 ) ) ;
#3659 = APPROVAL ( #5571, 'ๆช' ) ;
#3660 = CALENDAR_DATE ( 2026, 18, 9 ) ;
#3661 = EDGE_LOOP ( 'NONE', ( #1246, #973, #9136, #2161 ) ) ;
#3662 = CYLINDRICAL_SURFACE ( 'NONE', #6251, 1.700000000000000178 ) ;
#3663 = ORIENTED_EDGE ( 'NONE', *, *, #2409, .F. ) ;
#3664 = DIRECTION ( 'NONE',  ( -0.000000000000000000, -0.000000000000000000, 1.000000000000000000 ) ) ;
#3665 = VECTOR ( 'NONE', #5767, 1000.000000000000000 ) ;
#3666 = ORIENTED_EDGE ( 'NONE', *, *, #2278, .T. ) ;
#3667 = CARTESIAN_POINT ( 'NONE',  ( -2.600000000000000089, 3.184081677783117698E-16, -6.000000000000000152E-06 ) ) ;
#3668 = ADVANCED_FACE ( 'NONE', ( #716, #4093 ), #8299, .T. ) ;
#3669 = CARTESIAN_POINT ( 'NONE',  ( 35.00000000000000000, 110.0000000000000000, -26.00000000000000000 ) ) ;
#3670 = VECTOR ( 'NONE', #4225, 1000.000000000000000 ) ;
#3671 = EDGE_CURVE ( 'NONE', #8563, #10220, #260, .T. ) ;
#3672 = EDGE_LOOP ( 'NONE', ( #10725, #7683, #2623, #10403 ) ) ;
#3673 = CARTESIAN_POINT ( 'NONE',  ( 0.000000000000000000, 0.000000000000000000, 5.000000000000000000 ) ) ;
#3674 = VERTEX_POINT ( 'NONE', #2818 ) ;
#3675 = APPROVAL_STATUS ( 'not_yet_approved' ) ;
#3676 = ORIENTED_EDGE ( 'NONE', *, *, #1430, .T. ) ;
#3677 = CARTESIAN_POINT ( 'NONE',  ( 29.51560493047168876, 0.000000000000000000, 2.141514269809643434 ) ) ;
#3678 = CARTESIAN_POINT ( 'NONE',  ( -0.5999999999999999778, 18.99052395275075256, 4.000000000000000000 ) ) ;
#3679 = AXIS2_PLACEMENT_3D ( 'NONE', #5140, #127, #1728 ) ;
#3680 = ORIENTED_EDGE ( 'NONE', *, *, #2872, .T. ) ;
#3681 = CARTESIAN_POINT ( 'NONE',  ( 0.000000000000000000, 149.0000000000000000, 3.000000000000000000 ) ) ;
#3682 = AXIS2_PLACEMENT_3D ( 'NONE', #9836, #2285, #5632 ) ;
#3683 = CARTESIAN_POINT ( 'NONE',  ( -20.44263793984662314, -35.65679534101005288, -0.000000000000000000 ) ) ;
#3684 = EDGE_CURVE ( 'NONE', #34, #2137, #1990, .T. ) ;
#3685 = PERSON_AND_ORGANIZATION_ROLE ( 'design_supplier' ) ;
#3686 = CARTESIAN_POINT ( 'NONE',  ( 31.60000000000000142, 67.50000000000000000, -1.200000000000000030E-05 ) ) ;
#3687 = VERTEX_POINT ( 'NONE', #5335 ) ;
#3688 = LINE ( 'NONE', #4576, #3183 ) ;
#3689 = VECTOR ( 'NONE', #6028, 1000.000000000000000 ) ;
#3690 = APPROVAL_STATUS ( 'not_yet_approved' ) ;
#3691 = FACE_OUTER_BOUND ( 'NONE', #2245, .T. ) ;
#3692 = FACE_BOUND ( 'NONE', #2397, .T. ) ;
#3693 = VERTEX_POINT ( 'NONE', #3587 ) ;
#3694 = CARTESIAN_POINT ( 'NONE',  ( 35.00000000000000000, 0.000000000000000000, 4.000000000000000000 ) ) ;
#3695 = DIRECTION ( 'NONE',  ( 1.000000000000000000, 0.000000000000000000, -0.000000000000000000 ) ) ;
#3696 = ADVANCED_FACE ( 'NONE', ( #6044 ), #2867, .T. ) ;
#3697 = EDGE_CURVE ( 'NONE', #86, #10220, #377, .T. ) ;
#3698 = VECTOR ( 'NONE', #10080, 1000.000000000000000 ) ;
#3699 = EDGE_CURVE ( 'NONE', #7060, #6302, #2708, .T. ) ;
#3700 = CIRCLE ( 'NONE', #2625, 1.700000000000000178 ) ;
#3701 = DIRECTION ( 'NONE',  ( 1.000000000000000000, 0.000000000000000000, 0.000000000000000000 ) ) ;
#3702 = APPROVAL_ROLE ( '' ) ;
#3703 = CARTESIAN_POINT ( 'NONE',  ( 0.000000000000000000, 0.000000000000000000, 0.000000000000000000 ) ) ;
#3704 = CARTESIAN_POINT ( 'NONE',  ( 9.756929129572649018, 10.04069481642486927, 7.151627607700788758 ) ) ;
#3705 = APPROVAL_ROLE ( '' ) ;
#3706 = ORIENTED_EDGE ( 'NONE', *, *, #7482, .T. ) ;
#3707 = LINE ( 'NONE', #10323, #6651 ) ;
#3708 = AXIS2_PLACEMENT_3D ( 'NONE', #9660, #4961, #1457 ) ;
#3709 = LINE ( 'NONE', #1342, #7525 ) ;
#3710 = CARTESIAN_POINT ( 'NONE',  ( -12.00000000000000000, -7.000000000000000000, 5.000000000000000000 ) ) ;
#3711 = CARTESIAN_POINT ( 'NONE',  ( -9.362270370375764372, 10.40952242769113489, 9.456869433615946008 ) ) ;
#3712 = ADVANCED_FACE ( 'NONE', ( #1882 ), #5233, .F. ) ;
#3713 = VECTOR ( 'NONE', #9459, 1000.000000000000000 ) ;
#3714 = DIRECTION ( 'NONE',  ( -1.000000000000000000, 0.000000000000000000, 0.000000000000000000 ) ) ;
#3715 = CALENDAR_DATE ( 2026, 18, 9 ) ;
#3716 = VERTEX_POINT ( 'NONE', #7909 ) ;
#3717 = DIRECTION ( 'NONE',  ( -0.000000000000000000, 1.000000000000000000, -0.000000000000000000 ) ) ;
#3718 = EDGE_LOOP ( 'NONE', ( #9575, #2330, #10620, #9295 ) ) ;
#3719 = B_SPLINE_CURVE_WITH_KNOTS ( 'NONE', 3,
 ( #8712, #4594, #9543, #281, #1179, #1007, #8605, #3597, #3492, #6880, #6209, #4379, #7706, #181, #6002, #9596, #10262, #4539, #2670, #1066, #2049, #8766, #6826, #6935, #2775, #2716, #6109, #6055, #9384, #9437 ),
 .UNSPECIFIED., .F., .F.,
 ( 4, 2, 2, 2, 2, 2, 2, 2, 2, 2, 2, 2, 2, 2, 4 ),
 ( 0.000000000000000000, 0.0007440102817169809337, 0.001116015422575471943, 0.001488020563433963168, 0.001860025704292454177, 0.002232030845150945186, 0.002604035986009436629, 0.002976041126867927638, 0.003348046267726418647, 0.003720051408584909656, 0.004092056549443400665, 0.004464061690301892107, 0.004836066831160383550, 0.005208071972018874125, 0.005952082253735857878 ),
 .UNSPECIFIED. ) ;
#3720 = ORIENTED_EDGE ( 'NONE', *, *, #7506, .F. ) ;
#3721 = FACE_BOUND ( 'NONE', #3267, .T. ) ;
#3722 = CC_DESIGN_PERSON_AND_ORGANIZATION_ASSIGNMENT ( #1338, #7038, ( #3277 ) ) ;
#3723 = EDGE_LOOP ( 'NONE', ( #801, #7136, #9605, #1602, #948, #44 ) ) ;
#3724 = DIRECTION ( 'NONE',  ( 1.000000000000000000, 0.000000000000000000, 0.000000000000000000 ) ) ;
#3725 = ORIENTED_EDGE ( 'NONE', *, *, #6267, .F. ) ;
#3726 = PLANE ( 'NONE',  #2302 ) ;
#3727 = APPROVAL_STATUS ( 'not_yet_approved' ) ;
#3728 = ORIENTED_EDGE ( 'NONE', *, *, #6559, .T. ) ;
#3729 = CARTESIAN_POINT ( 'NONE',  ( 8.660254037844389075, -11.00000000000000000, 0.000000000000000000 ) ) ;
#3730 = EDGE_LOOP ( 'NONE', ( #10546, #10247, #7809, #1190 ) ) ;
#3731 = DIRECTION ( 'NONE',  ( 1.000000000000000000, 0.000000000000000000, 0.000000000000000000 ) ) ;
#3732 = DIRECTION ( 'NONE',  ( -1.000000000000000000, -0.000000000000000000, -0.000000000000000000 ) ) ;
#3733 = ORIENTED_EDGE ( 'NONE', *, *, #9030, .F. ) ;
#3734 = PRODUCT_RELATED_PRODUCT_CATEGORY ( 'detail', '', ( #5923 ) ) ;
#3735 = DIRECTION ( 'NONE',  ( -1.000000000000000000, 0.000000000000000000, -0.000000000000000000 ) ) ;
#3736 = VERTEX_POINT ( 'NONE', #6152 ) ;
#3737 = COORDINATED_UNIVERSAL_TIME_OFFSET ( 5, 0, .BEHIND. ) ;
#3738 = DESIGN_CONTEXT ( 'detailed design', #1562, 'design' ) ;
#3739 = CARTESIAN_POINT ( 'NONE',  ( 19.00000000000000000, 2.326828918379970970E-15, 4.000000000000000000 ) ) ;
#3740 = ORIENTED_EDGE ( 'NONE', *, *, #8353, .T. ) ;
#3741 = DIRECTION ( 'NONE',  ( -0.000000000000000000, -1.000000000000000000, -0.000000000000000000 ) ) ;
#3742 = PERSON_AND_ORGANIZATION ( #10759, #2176 ) ;
#3743 = EDGE_CURVE ( 'NONE', #9869, #2630, #5178, .T. ) ;
#3744 = DIRECTION ( 'NONE',  ( 1.000000000000000000, -0.000000000000000000, -0.000000000000000000 ) ) ;
#3745 = LINE ( 'NONE', #3967, #5677 ) ;
#3746 = DIRECTION ( 'NONE',  ( 0.000000000000000000, 1.000000000000000000, 0.000000000000000000 ) ) ;
#3747 = DIRECTION ( 'NONE',  ( 0.000000000000000000, 0.000000000000000000, -1.000000000000000000 ) ) ;
#3748 = ORIENTED_EDGE ( 'NONE', *, *, #6368, .T. ) ;
#3749 = VECTOR ( 'NONE', #10160, 1000.000000000000000 ) ;
#3750 = CARTESIAN_POINT ( 'NONE',  ( 0.5999999999999998668, 9.000000000000000000, 10.20000000000000107 ) ) ;
#3751 = APPLICATION_PROTOCOL_DEFINITION ( 'international standard', 'config_control_design', 1994, #5830 ) ;
#3752 = LINE ( 'NONE', #3647, #6805 ) ;
#3753 = CARTESIAN_POINT ( 'NONE',  ( 2.552147338437895652, 0.5775901837055785748, -0.000000000000000000 ) ) ;
#3754 = PERSON_AND_ORGANIZATION ( #10500, #8573 ) ;
#3755 = ADVANCED_FACE ( 'NONE', ( #3643 ), #9534, .F. ) ;
#3756 = ADVANCED_FACE ( 'NONE', ( #7752 ), #8756, .T. ) ;
#3757 = EDGE_LOOP ( 'NONE', ( #4750, #1707, #6515, #634 ) ) ;
#3758 = CARTESIAN_POINT ( 'NONE',  ( 125.6568650684231017, -0.4424697499179515714, -0.000000000000000000 ) ) ;
#3759 = DIRECTION ( 'NONE',  ( 0.000000000000000000, 0.000000000000000000, 1.000000000000000000 ) ) ;
#3760 = FACE_OUTER_BOUND ( 'NONE', #5282, .T. ) ;
#3761 = CARTESIAN_POINT ( 'NONE',  ( 18.95702773923838080, -35.36128909900560302, -0.000000000000000000 ) ) ;
#3762 = APPROVAL_PERSON_ORGANIZATION ( #6586, #5718, #10805 ) ;
#3763 = EDGE_LOOP ( 'NONE', ( #3014, #365, #4063, #9390 ) ) ;
#3764 = CARTESIAN_POINT ( 'NONE',  ( -14.00000000000000000, 0.000000000000000000, 12.00000000000000000 ) ) ;
#3765 = DATE_AND_TIME ( #2884, #633 ) ;
#3766 = EDGE_CURVE ( 'NONE', #7089, #10278, #7978, .T. ) ;
#3767 = EDGE_CURVE ( 'NONE', #4784, #1194, #3629, .T. ) ;
#3768 = ORIENTED_EDGE ( 'NONE', *, *, #8676, .T. ) ;
#3769 = AXIS2_PLACEMENT_3D ( 'NONE', #10201, #8591, #5127 ) ;
#3770 = FACE_OUTER_BOUND ( 'NONE', #9138, .T. ) ;
#3771 = EDGE_LOOP ( 'NONE', ( #5384, #2931, #1791, #2181 ) ) ;
#3772 = ORGANIZATION ( 'NAUO-ORG12', 'UNSPECIFIED', 'UNSPECIFIED' ) ;
#3773 = CARTESIAN_POINT ( 'NONE',  ( 0.000000000000000000, 70.00000000000000000, 5.200000000000000178 ) ) ;
#3774 = DIRECTION ( 'NONE',  ( 1.000000000000000000, 0.000000000000000000, 0.000000000000000000 ) ) ;
#3775 = PRODUCT_DEFINITION_SHAPE ( 'NONE', 'NONE',  #10901 ) ;
#3776 = CIRCLE ( 'NONE', #3425, 1.700000000000000178 ) ;
#3777 = VERTEX_POINT ( 'NONE', #1168 ) ;
#3778 = DIRECTION ( 'NONE',  ( 1.000000000000000000, 0.000000000000000000, 0.000000000000000000 ) ) ;
#3779 = CC_DESIGN_APPROVAL ( #8702, ( #8516 ) ) ;
#3780 = VERTEX_POINT ( 'NONE', #4530 ) ;
#3781 = DIRECTION ( 'NONE',  ( 0.000000000000000000, 0.000000000000000000, -1.000000000000000000 ) ) ;
#3782 = APPROVAL ( #4579, 'UNKNOWN' ) ;
#3783 = DATE_TIME_ROLE ( 'classification_date' ) ;
#3784 = PERSON ( 'NAUO-PER9', 'UNSPECIFIED', 'UNSPECIFIED', ('UNSPECIFIED'), ('UNSPECIFIED'), ('UNSPECIFIED') ) ;
#3785 = ORIENTED_EDGE ( 'NONE', *, *, #8713, .T. ) ;
#3786 = LINE ( 'NONE', #4562, #2413 ) ;
#3787 = AXIS2_PLACEMENT_3D ( 'NONE', #7857, #2766, #10421 ) ;
#3788 = LINE ( 'NONE', #10510, #2365 ) ;
#3789 = LOCAL_TIME ( 6, 20, 19.00000000000000000, #6646 ) ;
#3790 = APPROVAL_PERSON_ORGANIZATION ( #1813, #6474, #3578 ) ;
#3791 = CARTESIAN_POINT ( 'NONE',  ( -12.00000000000000000, -7.000000000000000000, 6.700000000000000178 ) ) ;
#3792 = ORIENTED_EDGE ( 'NONE', *, *, #2128, .F. ) ;
#3793 = FACE_OUTER_BOUND ( 'NONE', #7769, .T. ) ;
#3794 = VERTEX_POINT ( 'NONE', #3866 ) ;
#3795 = APPLICATION_PROTOCOL_DEFINITION ( 'international standard', 'config_control_design', 1994, #9649 ) ;
#3796 = CARTESIAN_POINT ( 'NONE',  ( 186.0000000000000000, 0.000000000000000000, 0.000000000000000000 ) ) ;
#3797 = APPROVAL_PERSON_ORGANIZATION ( #8817, #2449, #441 ) ;
#3798 = ORIENTED_EDGE ( 'NONE', *, *, #9072, .F. ) ;
#3799 = CARTESIAN_POINT ( 'NONE',  ( 0.000000000000000000, 67.50000000000000000, 0.000000000000000000 ) ) ;
#3800 = EDGE_LOOP ( 'NONE', ( #2859, #1351, #9716, #7519 ) ) ;
#3801 = CC_DESIGN_PERSON_AND_ORGANIZATION_ASSIGNMENT ( #1824, #10090, ( #3188 ) ) ;
#3802 = APPROVAL_STATUS ( 'not_yet_approved' ) ;
#3803 = DIRECTION ( 'NONE',  ( -0.000000000000000000, -0.000000000000000000, 1.000000000000000000 ) ) ;
#3804 = DIRECTION ( 'NONE',  ( -0.000000000000000000, 1.000000000000000000, 0.000000000000000000 ) ) ;
#3805 = ORIENTED_EDGE ( 'NONE', *, *, #7771, .F. ) ;
#3806 = CARTESIAN_POINT ( 'NONE',  ( 0.000000000000000000, 0.000000000000000000, 4.000000000000000000 ) ) ;
#3807 = FACE_OUTER_BOUND ( 'NONE', #2742, .T. ) ;
#3808 = APPROVAL_PERSON_ORGANIZATION ( #1123, #6726, #287 ) ;
#3809 = ADVANCED_FACE ( 'NONE', ( #3807 ), #1277, .F. ) ;
#3810 = CARTESIAN_POINT ( 'NONE',  ( -20.22508399488592090, -7.699930488764023195, 0.000000000000000000 ) ) ;
#3811 = COORDINATED_UNIVERSAL_TIME_OFFSET ( 5, 0, .BEHIND. ) ;
#3812 = DIRECTION ( 'NONE',  ( 1.000000000000000000, 0.000000000000000000, -0.000000000000000000 ) ) ;
#3813 = APPLICATION_CONTEXT ( 'configuration controlled 3d designs of mechanical parts and assemblies' ) ;
#3814 = CARTESIAN_POINT ( 'NONE',  ( 1.634374254348486266, 2.027707120433111410, -0.000000000000000000 ) ) ;
#3815 = EDGE_CURVE ( 'NONE', #10275, #9171, #3145, .T. ) ;
#3816 = APPROVAL_DATE_TIME ( #4698, #5464 ) ;
#3817 = LOCAL_TIME ( 6, 20, 19.00000000000000000, #3431 ) ;
#3818 = ORIENTED_EDGE ( 'NONE', *, *, #3901, .F. ) ;
#3819 = PLANE ( 'NONE',  #4454 ) ;
#3820 = CARTESIAN_POINT ( 'NONE',  ( 2.408589353751582784, 0.9896632826438699349, -0.000000000000000000 ) ) ;
#3821 = DIRECTION ( 'NONE',  ( -0.000000000000000000, -0.000000000000000000, -1.000000000000000000 ) ) ;
#3822 = VECTOR ( 'NONE', #9999, 1000.000000000000000 ) ;
#3823 = CARTESIAN_POINT ( 'NONE',  ( 21.48432534211531575, -34.85865392012780717, 0.000000000000000000 ) ) ;
#3824 = ADVANCED_FACE ( 'NONE', ( #10635, #10531 ), #10692, .T. ) ;
#3825 = ADVANCED_FACE ( 'NONE', ( #10473, #5553, #5494 ), #2980, .F. ) ;
#3826 = UNCERTAINTY_MEASURE_WITH_UNIT (LENGTH_MEASURE( 1.000000000000000082E-05 ), #539, 'distance_accuracy_value', 'NONE');
#3827 = CYLINDRICAL_SURFACE ( 'NONE', #2998, 5.799999999999999822 ) ;
#3828 = APPROVAL_DATE_TIME ( #457, #8490 ) ;
#3829 = VECTOR ( 'NONE', #1262, 1000.000000000000000 ) ;
#3830 =( GEOMETRIC_REPRESENTATION_CONTEXT ( 3 ) GLOBAL_UNCERTAINTY_ASSIGNED_CONTEXT ( ( #10799 ) ) GLOBAL_UNIT_ASSIGNED_CONTEXT ( ( #6621, #8326, #3511 ) ) REPRESENTATION_CONTEXT ( 'NONE', 'WORKASPACE' ) );
#3831 = ORIENTED_EDGE ( 'NONE', *, *, #4964, .F. ) ;
#3832 = CARTESIAN_POINT ( 'NONE',  ( 0.000000000000000000, 0.000000000000000000, 2.000000000000000000 ) ) ;
#3833 = VERTEX_POINT ( 'NONE', #2921 ) ;
#3834 = AXIS2_PLACEMENT_3D ( 'NONE', #7197, #8283, #4894 ) ;
#3835 = FACE_BOUND ( 'NONE', #206, .T. ) ;
#3836 = FACE_OUTER_BOUND ( 'NONE', #5095, .T. ) ;
#3837 = CIRCLE ( 'NONE', #130, 1.700000000000000178 ) ;
#3838 = ADVANCED_FACE ( 'NONE', ( #1385 ), #4844, .F. ) ;
#3839 = LOCAL_TIME ( 6, 20, 19.00000000000000000, #10563 ) ;
#3840 = ADVANCED_FACE ( 'NONE', ( #6315 ), #8865, .F. ) ;
#3841 = EDGE_CURVE ( 'NONE', #5788, #1552, #10459, .T. ) ;
#3842 =( NAMED_UNIT ( * ) SI_UNIT ( $, .STERADIAN. ) SOLID_ANGLE_UNIT ( ) );
#3843 = ORIENTED_EDGE ( 'NONE', *, *, #8967, .F. ) ;
#3844 = DIRECTION ( 'NONE',  ( -0.000000000000000000, -0.000000000000000000, -1.000000000000000000 ) ) ;
#3845 = ORIENTED_EDGE ( 'NONE', *, *, #2184, .T. ) ;
#3846 = AXIS2_PLACEMENT_3D ( 'NONE', #7406, #1389, #4744 ) ;
#3847 = VERTEX_POINT ( 'NONE', #2151 ) ;
#3848 = CARTESIAN_POINT ( 'NONE',  ( 22.00000000000000000, 7.999999999999996447, 8.000000000000000000 ) ) ;
#3849 = DIRECTION ( 'NONE',  ( 0.000000000000000000, -0.000000000000000000, 1.000000000000000000 ) ) ;
#3850 = ORIENTED_EDGE ( 'NONE', *, *, #6138, .F. ) ;
#3851 = CARTESIAN_POINT ( 'NONE',  ( -0.8804363128452402654, 2.463541317978307887, -0.000000000000000000 ) ) ;
#3852 = ORIENTED_EDGE ( 'NONE', *, *, #1581, .T. ) ;
#3853 = CYLINDRICAL_SURFACE ( 'NONE', #9493, 5.799999999999999822 ) ;
#3854 = VECTOR ( 'NONE', #9210, 1000.000000000000000 ) ;
#3855 = ADVANCED_FACE ( 'NONE', ( #1331, #493 ), #8979, .T. ) ;
#3856 = VERTEX_POINT ( 'NONE', #8018 ) ;
#3857 = DATE_TIME_ROLE ( 'classification_date' ) ;
#3858 = LINE ( 'NONE', #7187, #8614 ) ;
#3859 = ORIENTED_EDGE ( 'NONE', *, *, #10681, .F. ) ;
#3860 = CARTESIAN_POINT ( 'NONE',  ( 0.6000001017321888730, 2.529941645714209653, -8.999999999999988370E-06 ) ) ;
#3861 = ORIENTED_EDGE ( 'NONE', *, *, #1918, .T. ) ;
#3862 = CARTESIAN_POINT ( 'NONE',  ( 2.500000000000000000, 3.061616997868383141E-16, 68.00000000000000000 ) ) ;
#3863 = CARTESIAN_POINT ( 'NONE',  ( 0.000000000000000000, 3.000000000000000000, 0.000000000000000000 ) ) ;
#3864 = VECTOR ( 'NONE', #4382, 1000.000000000000000 ) ;
#3865 = FACE_OUTER_BOUND ( 'NONE', #180, .T. ) ;
#3866 = CARTESIAN_POINT ( 'NONE',  ( -0.5999999999999999778, 13.98713694792469120, 0.000000000000000000 ) ) ;
#3867 = CC_DESIGN_PERSON_AND_ORGANIZATION_ASSIGNMENT ( #9434, #9486, ( #3169 ) ) ;
#3868 = CARTESIAN_POINT ( 'NONE',  ( -21.04297226076384320, -7.361289099003365699, -0.000000000000000000 ) ) ;
#3869 = EDGE_LOOP ( 'NONE', ( #7940, #2188, #5172, #9000 ) ) ;
#3870 = VECTOR ( 'NONE', #9267, 1000.000000000000000 ) ;
#3871 = APPROVAL_DATE_TIME ( #4638, #1984 ) ;
#3872 = DIRECTION ( 'NONE',  ( -0.000000000000000000, -0.000000000000000000, 1.000000000000000000 ) ) ;
#3873 = EDGE_LOOP ( 'NONE', ( #2763, #2169, #6906, #4643 ) ) ;
#3874 = DIRECTION ( 'NONE',  ( -0.000000000000000000, -0.000000000000000000, 1.000000000000000000 ) ) ;
#3875 = PERSON_AND_ORGANIZATION_ROLE ( 'classification_officer' ) ;
#3876 = VERTEX_POINT ( 'NONE', #2312 ) ;
#3877 = CARTESIAN_POINT ( 'NONE',  ( 125.7000000000000028, 0.000000000000000000, -6.000000000000000152E-06 ) ) ;
#3878 = PRODUCT_DEFINITION_SHAPE ( 'NONE', 'NONE',  #10894 ) ;
#3879 = ADVANCED_FACE ( 'NONE', ( #9748 ), #4793, .F. ) ;
#3880 = CARTESIAN_POINT ( 'NONE',  ( 2.600000000000000089, 0.000000000000000000, -6.000000000000000152E-06 ) ) ;
#3881 = CARTESIAN_POINT ( 'NONE',  ( 0.000000000000000000, 0.000000000000000000, 8.000000000000000000 ) ) ;
#3882 = VECTOR ( 'NONE', #6638, 1000.000000000000000 ) ;
#3883 = AXIS2_PLACEMENT_3D ( 'NONE', #8112, #4565, #6239 ) ;
#3884 = CARTESIAN_POINT ( 'NONE',  ( 20.85853893179037755, -35.48452350954386958, -0.000000000000000000 ) ) ;
#3885 = APPROVAL ( #10151, 'ๆช' ) ;
#3886 = CARTESIAN_POINT ( 'NONE',  ( -18.95702773923785500, -32.63871090099495120, -0.000000000000000000 ) ) ;
#3887 = VECTOR ( 'NONE', #892, 1000.000000000000000 ) ;
#3888 = PERSON_AND_ORGANIZATION ( #10500, #8573 ) ;
#3889 = ORIENTED_EDGE ( 'NONE', *, *, #6160, .F. ) ;
#3890 = ADVANCED_FACE ( 'NONE', ( #3302 ), #7459, .F. ) ;
#3891 = ORIENTED_EDGE ( 'NONE', *, *, #5027, .F. ) ;
#3892 = FACE_BOUND ( 'NONE', #1030, .T. ) ;
#3893 = DIRECTION ( 'NONE',  ( -0.000000000000000000, -0.000000000000000000, -1.000000000000000000 ) ) ;
#3894 = AXIS2_PLACEMENT_3D ( 'NONE', #6467, #9856, #2306 ) ;
#3895 = ORIENTED_EDGE ( 'NONE', *, *, #40, .T. ) ;
#3896 = CARTESIAN_POINT ( 'NONE',  ( -18.95702773923594719, -0.000000000000000000, 10.63871090099721783 ) ) ;
#3897 = VECTOR ( 'NONE', #3173, 1000.000000000000000 ) ;
#3898 = EDGE_CURVE ( 'NONE', #7376, #2301, #702, .T. ) ;
#3899 = EDGE_LOOP ( 'NONE', ( #7054, #6019 ) ) ;
#3900 = CARTESIAN_POINT ( 'NONE',  ( 29.95712604296984338, 50.36119079527190223, 0.000000000000000000 ) ) ;
#3901 = EDGE_CURVE ( 'NONE', #9190, #8029, #2967, .T. ) ;
#3902 = LINE ( 'NONE', #8961, #8701 ) ;
#3903 = ORIENTED_EDGE ( 'NONE', *, *, #1468, .T. ) ;
#3904 = CARTESIAN_POINT ( 'NONE',  ( -1.634255756361377543, 2.027746979026365359, 0.000000000000000000 ) ) ;
#3905 = ORIENTED_EDGE ( 'NONE', *, *, #6312, .F. ) ;
#3906 = DIRECTION ( 'NONE',  ( -1.000000000000000000, -0.000000000000000000, -0.000000000000000000 ) ) ;
#3907 = AXIS2_PLACEMENT_3D ( 'NONE', #1009, #3435, #6772 ) ;
#3908 =( LENGTH_UNIT ( ) NAMED_UNIT ( * ) SI_UNIT ( .MILLI., .METRE. ) );
#3909 = APPLICATION_PROTOCOL_DEFINITION ( 'international standard', 'config_control_design', 1994, #1914 ) ;
#3910 = DIRECTION ( 'NONE',  ( 0.000000000000000000, 0.000000000000000000, -1.000000000000000000 ) ) ;
#3911 = ORIENTED_EDGE ( 'NONE', *, *, #1388, .F. ) ;
#3912 = LINE ( 'NONE', #7292, #7033 ) ;
#3913 = CONTEXT_DEPENDENT_SHAPE_REPRESENTATION ( #6593, #3775 ) ;
#3914 = CARTESIAN_POINT ( 'NONE',  ( 0.000000000000000000, 62.50000000000000000, 0.000000000000000000 ) ) ;
#3915 = EDGE_CURVE ( 'NONE', #1250, #8850, #2558, .T. ) ;
#3916 = DIRECTION ( 'NONE',  ( -1.000000000000000000, -0.000000000000000000, -0.000000000000000000 ) ) ;
#3917 = CARTESIAN_POINT ( 'NONE',  ( -7.700000000000000178, 0.000000000000000000, 20.00000000000000000 ) ) ;
#3918 = CARTESIAN_POINT ( 'NONE',  ( 20.44258473825125577, -7.656666900994569147, 0.000000000000000000 ) ) ;
#3919 = ORIENTED_EDGE ( 'NONE', *, *, #1957, .T. ) ;
#3920 = CARTESIAN_POINT ( 'NONE',  ( -20.00000000000000000, -1.200000000000000030E-05, 13.70000000000000107 ) ) ;
#3921 = ORIENTED_EDGE ( 'NONE', *, *, #2935, .F. ) ;
#3922 = APPLICATION_PROTOCOL_DEFINITION ( 'international standard', 'config_control_design', 1994, #6041 ) ;
#3923 = LINE ( 'NONE', #9815, #8202 ) ;
#3924 = ORIENTED_EDGE ( 'NONE', *, *, #3537, .F. ) ;
#3925 = ORIENTED_EDGE ( 'NONE', *, *, #6198, .F. ) ;
#3926 = LINE ( 'NONE', #5714, #10745 ) ;
#3927 = ORIENTED_EDGE ( 'NONE', *, *, #6101, .F. ) ;
#3928 = DATE_TIME_ROLE ( 'classification_date' ) ;
#3929 = CARTESIAN_POINT ( 'NONE',  ( 122.3433330990052639, -0.4425847382506304939, -0.000000000000000000 ) ) ;
#3930 = APPROVAL ( #7690, 'UNKNOWN' ) ;
#3931 = PERSON ( 'NAUO-PER11', 'UNSPECIFIED', 'UNSPECIFIED', ('UNSPECIFIED'), ('UNSPECIFIED'), ('UNSPECIFIED') ) ;
#3932 = DIRECTION ( 'NONE',  ( -0.000000000000000000, -0.000000000000000000, 1.000000000000000000 ) ) ;
#3933 = DIRECTION ( 'NONE',  ( -1.000000000000000000, 0.000000000000000000, 0.000000000000000000 ) ) ;
#3934 = LINE ( 'NONE', #7518, #1229 ) ;
#3935 = PLANE ( 'NONE',  #8801 ) ;
#3936 = COORDINATED_UNIVERSAL_TIME_OFFSET ( 5, 0, .BEHIND. ) ;
#3937 = ORIENTED_EDGE ( 'NONE', *, *, #1214, .F. ) ;
#3938 = CC_DESIGN_DATE_AND_TIME_ASSIGNMENT ( #2106, #5450, ( #7609 ) ) ;
#3939 = CARTESIAN_POINT ( 'NONE',  ( 32.48452350954332957, 31.85853893179089269, -0.000000000000000000 ) ) ;
#3940 = CARTESIAN_POINT ( 'NONE',  ( 24.30000000000000071, 57.00000000000000000, 5.000000000000000000 ) ) ;
#3941 = DIRECTION ( 'NONE',  ( -1.000000000000000000, 0.000000000000000000, -0.000000000000000000 ) ) ;
#3942 = ADVANCED_FACE ( 'NONE', ( #2585 ), #3194, .F. ) ;
#3943 = CARTESIAN_POINT ( 'NONE',  ( 35.00000000000000000, 39.99999999999999289, 48.00000000000000000 ) ) ;
#3944 = ORGANIZATION ( 'NAUO-ORG1', 'UNSPECIFIED', 'UNSPECIFIED' ) ;
#3945 = ORIENTED_EDGE ( 'NONE', *, *, #2155, .T. ) ;
#3946 = CARTESIAN_POINT ( 'NONE',  ( -18.51560493047243128, 0.000000000000000000, 12.85848573019289454 ) ) ;
#3947 = EDGE_LOOP ( 'NONE', ( #5369, #4104 ) ) ;
#3948 = CARTESIAN_POINT ( 'NONE',  ( 5.799999999999999822, 7.102951435054647665E-16, 2.000000000000000000 ) ) ;
#3949 = CARTESIAN_POINT ( 'NONE',  ( 28.00000000000000000, 0.000000000000000000, 24.00000000000000000 ) ) ;
#3950 = CARTESIAN_POINT ( 'NONE',  ( 12.00000000000000000, -7.000000000000000000, 6.700000000000000178 ) ) ;
#3951 = VECTOR ( 'NONE', #3033, 1000.000000000000000 ) ;
#3952 = CARTESIAN_POINT ( 'NONE',  ( -11.91263578868202089, 7.355505887541386123, 9.505990645141926265 ) ) ;
#3953 = SECURITY_CLASSIFICATION ( '', '', #8918 ) ;
#3954 = APPLICATION_CONTEXT ( 'configuration controlled 3d designs of mechanical parts and assemblies' ) ;
#3955 = ORIENTED_EDGE ( 'NONE', *, *, #10268, .T. ) ;
#3956 = ADVANCED_FACE ( 'NONE', ( #4181, #5864 ), #9910, .F. ) ;
#3957 = PRODUCT_DEFINITION_SHAPE ( 'NONE', 'NONE',  #5993 ) ;
#3958 = ADVANCED_FACE ( 'NONE', ( #5054 ), #6575, .F. ) ;
#3959 = CARTESIAN_POINT ( 'NONE',  ( 137.7000000000000171, 0.000000000000000000, -1.200000000000000030E-05 ) ) ;
#3960 = AXIS2_PLACEMENT_3D ( 'NONE', #9343, #2879, #4224 ) ;
#3961 = VERTEX_POINT ( 'NONE', #9302 ) ;
#3962 = DIRECTION ( 'NONE',  ( -1.000000000000000000, 0.000000000000000000, 0.000000000000000000 ) ) ;
#3963 = VERTEX_POINT ( 'NONE', #9185 ) ;
#3964 = DATE_AND_TIME ( #697, #5349 ) ;
#3965 = DIRECTION ( 'NONE',  ( 0.000000000000000000, 1.000000000000000000, 0.000000000000000000 ) ) ;
#3966 = DIRECTION ( 'NONE',  ( 1.000000000000000000, 0.000000000000000000, 0.000000000000000000 ) ) ;
#3967 = CARTESIAN_POINT ( 'NONE',  ( 0.000000000000000000, 25.00000000000000000, 90.00000000000000000 ) ) ;
#3968 = DIRECTION ( 'NONE',  ( -0.000000000000000000, -0.000000000000000000, -1.000000000000000000 ) ) ;
#3969 = CARTESIAN_POINT ( 'NONE',  ( 21.48432534211531575, -6.858653920127071757, 0.000000000000000000 ) ) ;
#3970 = ORIENTED_EDGE ( 'NONE', *, *, #5245, .F. ) ;
#3971 = VECTOR ( 'NONE', #8651, 1000.000000000000000 ) ;
#3972 = EDGE_CURVE ( 'NONE', #515, #3637, #5116, .T. ) ;
#3973 = LOCAL_TIME ( 6, 20, 19.00000000000000000, #10079 ) ;
#3974 = FACE_OUTER_BOUND ( 'NONE', #1921, .T. ) ;
#3975 = ADVANCED_FACE ( 'NONE', ( #2362, #8461, #1649 ), #7571, .T. ) ;
#3976 = ORIENTED_EDGE ( 'NONE', *, *, #4164, .T. ) ;
#3977 = DATE_AND_TIME ( #4081, #2031 ) ;
#3978 = LINE ( 'NONE', #2367, #3489 ) ;
#3979 = ORIENTED_EDGE ( 'NONE', *, *, #9135, .F. ) ;
#3980 = CARTESIAN_POINT ( 'NONE',  ( 0.000000000000000000, 72.50000000000000000, 6.000000000000000000 ) ) ;
#3981 = APPROVAL_ROLE ( '' ) ;
#3982 = CARTESIAN_POINT ( 'NONE',  ( 122.6388092047274654, -1.042873957029619714, 0.000000000000000000 ) ) ;
#3983 = FACE_OUTER_BOUND ( 'NONE', #4974, .T. ) ;
#3984 = APPROVAL_PERSON_ORGANIZATION ( #9684, #6529, #4465 ) ;
#3985 = CARTESIAN_POINT ( 'NONE',  ( -11.59999999999999964, 77.50000000000000000, 0.000000000000000000 ) ) ;
#3986 = CARTESIAN_POINT ( 'NONE',  ( -2.600000000000000089, 3.184081677783117698E-16, 12.00000000000000000 ) ) ;
#3987 = ADVANCED_FACE ( 'NONE', ( #9081 ), #8232, .T. ) ;
#3988 = LOCAL_TIME ( 6, 20, 19.00000000000000000, #385 ) ;
#3989 = CARTESIAN_POINT ( 'NONE',  ( -22.00000000000000000, 84.00000000000000000, 0.000000000000000000 ) ) ;
#3990 = VECTOR ( 'NONE', #6856, 1000.000000000000000 ) ;
#3991 = APPROVAL_DATE_TIME ( #622, #3525 ) ;
#3992 = VERTEX_POINT ( 'NONE', #4127 ) ;
#3993 = AXIS2_PLACEMENT_3D ( 'NONE', #6888, #10274, #9448 ) ;
#3994 = CARTESIAN_POINT ( 'NONE',  ( 30.55741526174906753, 32.65666690099450875, 0.000000000000000000 ) ) ;
#3995 = DIRECTION ( 'NONE',  ( 0.000000000000000000, 0.000000000000000000, -1.000000000000000000 ) ) ;
#3996 = CARTESIAN_POINT ( 'NONE',  ( 0.000000000000000000, 0.000000000000000000, 5.000000000000000000 ) ) ;
#3997 = CC_DESIGN_PERSON_AND_ORGANIZATION_ASSIGNMENT ( #10205, #54, ( #4832 ) ) ;
#3998 = AXIS2_PLACEMENT_3D ( 'NONE', #1483, #1538, #3190 ) ;
#3999 = ORIENTED_EDGE ( 'NONE', *, *, #1883, .F. ) ;
#4000 = CARTESIAN_POINT ( 'NONE',  ( -21.00000000000000000, 0.000000000000000000, 24.00000000000000000 ) ) ;
#4001 = CALENDAR_DATE ( 2026, 18, 9 ) ;
#4002 = EDGE_LOOP ( 'NONE', ( #4445, #6478, #2715, #592 ) ) ;
#4003 = CARTESIAN_POINT ( 'NONE',  ( 27.69999999999999929, -57.00000000000000000, -1.200000000000000030E-05 ) ) ;
#4004 = CARTESIAN_POINT ( 'NONE',  ( 0.5999999999999999778, 13.98713694792469120, 16.00000000000000000 ) ) ;
#4005 = EDGE_CURVE ( 'NONE', #733, #9499, #9565, .T. ) ;
#4006 = CIRCLE ( 'NONE', #5581, 16.00000000000001421 ) ;
#4007 = EDGE_LOOP ( 'NONE', ( #931, #8503, #7275, #5818 ) ) ;
#4008 = CARTESIAN_POINT ( 'NONE',  ( -10.50000000000000000, 59.50000000000000000, 6.000000000000000000 ) ) ;
#4009 = DIRECTION ( 'NONE',  ( -1.000000000000000000, 0.000000000000000000, 0.000000000000000000 ) ) ;
#4010 = ORIENTED_EDGE ( 'NONE', *, *, #5471, .T. ) ;
#4011 = AXIS2_PLACEMENT_3D ( 'NONE', #4945, #5810, #5217 ) ;
#4012 = ADVANCED_FACE ( 'NONE', ( #7623 ), #7018, .F. ) ;
#4013 = PLANE ( 'NONE',  #9330 ) ;
#4014 = VECTOR ( 'NONE', #8930, 1000.000000000000000 ) ;
#4015 = PRODUCT_DEFINITION_FORMATION_WITH_SPECIFIED_SOURCE ( 'ไป', '', #847, .NOT_KNOWN. ) ;
#4016 = ORIENTED_EDGE ( 'NONE', *, *, #9340, .F. ) ;
#4017 = CARTESIAN_POINT ( 'NONE',  ( 7.700000000000000178, 2.081899558550500526E-16, 20.00000000000000000 ) ) ;
#4018 = VERTEX_POINT ( 'NONE', #7737 ) ;
#4019 = CALENDAR_DATE ( 2026, 18, 9 ) ;
#4020 = CARTESIAN_POINT ( 'NONE',  ( -24.30000000000000071, -45.00000000000000000, 5.000000000000000000 ) ) ;
#4021 = CARTESIAN_POINT ( 'NONE',  ( 136.2250839948833345, 1.699930488764123337, 0.000000000000000000 ) ) ;
#4023 = EDGE_CURVE ( 'NONE', #5455, #5874, #5361, .T. ) ;
#4022 = DIRECTION ( 'NONE',  ( 1.000000000000000000, -0.000000000000000000, -0.000000000000000000 ) ) ;
#4024 = CARTESIAN_POINT ( 'NONE',  ( 0.000000000000000000, 0.000000000000000000, 149.0000000000000000 ) ) ;
#4025 = DIRECTION ( 'NONE',  ( 0.000000000000000000, 0.000000000000000000, 1.000000000000000000 ) ) ;
#4026 = ORIENTED_EDGE ( 'NONE', *, *, #7374, .T. ) ;
#4027 = PERSON_AND_ORGANIZATION ( #10500, #8573 ) ;
#4028 = DIRECTION ( 'NONE',  ( 0.000000000000000000, -0.000000000000000000, 1.000000000000000000 ) ) ;
#4029 = ORIENTED_EDGE ( 'NONE', *, *, #10570, .T. ) ;
#4030 = EDGE_LOOP ( 'NONE', ( #9032, #4184, #4066, #3955 ) ) ;
#4031 = CIRCLE ( 'NONE', #9214, 1.700000000000000178 ) ;
#4032 = DIRECTION ( 'NONE',  ( -0.000000000000000000, -0.000000000000000000, -1.000000000000000000 ) ) ;
#4033 = AXIS2_PLACEMENT_3D ( 'NONE', #3116, #2501, #5732 ) ;
#4034 = APPROVAL_STATUS ( 'not_yet_approved' ) ;
#4035 = DIRECTION ( 'NONE',  ( 0.000000000000000000, 0.000000000000000000, -1.000000000000000000 ) ) ;
#4036 = CARTESIAN_POINT ( 'NONE',  ( 29.63880920472734459, 47.95712604297133197, 0.000000000000000000 ) ) ;
#4038 = ADVANCED_FACE ( 'NONE', ( #6857 ), #10407, .T. ) ;
#4037 = DIRECTION ( 'NONE',  ( 0.000000000000000000, 0.000000000000000000, -1.000000000000000000 ) ) ;
#4039 = DIRECTION ( 'NONE',  ( -1.000000000000000000, -0.000000000000000000, -0.000000000000000000 ) ) ;
#4040 = ADVANCED_FACE ( 'NONE', ( #10353 ), #7784, .F. ) ;
#4041 = AXIS2_PLACEMENT_3D ( 'NONE', #2583, #3352, #5919 ) ;
#4042 = AXIS2_PLACEMENT_3D ( 'NONE', #574, #8728, #7166 ) ;
#4043 = FACE_OUTER_BOUND ( 'NONE', #9249, .T. ) ;
#4044 = PERSON_AND_ORGANIZATION_ROLE ( 'design_supplier' ) ;
#4045 = ORIENTED_EDGE ( 'NONE', *, *, #7785, .T. ) ;
#4046 = VECTOR ( 'NONE', #2026, 1000.000000000000000 ) ;
#4047 = CARTESIAN_POINT ( 'NONE',  ( -13.14151426979812065, 71.48439506952533407, 0.000000000000000000 ) ) ;
#4048 = EDGE_CURVE ( 'NONE', #4222, #9869, #209, .T. ) ;
#4049 = CARTESIAN_POINT ( 'NONE',  ( -20.22561580490735267, -0.000000000000000000, 13.70000000000000284 ) ) ;
#4050 = VERTEX_POINT ( 'NONE', #5978 ) ;
#4051 = CYLINDRICAL_SURFACE ( 'NONE', #3682, 1.699999999999998401 ) ;
#4052 = ORIENTED_EDGE ( 'NONE', *, *, #6070, .F. ) ;
#4053 = VECTOR ( 'NONE', #423, 1000.000000000000000 ) ;
#4054 = VERTEX_POINT ( 'NONE', #3626 ) ;
#4055 = CARTESIAN_POINT ( 'NONE',  ( -18.30006951123579384, 0.000000000000000000, 12.22508399488629394 ) ) ;
#4056 = APPROVAL_ROLE ( '' ) ;
#4057 = ORIENTED_EDGE ( 'NONE', *, *, #10675, .F. ) ;
#4058 = DIRECTION ( 'NONE',  ( 0.000000000000000000, -1.000000000000000000, 0.000000000000000000 ) ) ;
#4059 = CARTESIAN_POINT ( 'NONE',  ( 0.3444314227433183939, -2.600069548653550555, -0.000000000000000000 ) ) ;
#4060 = AXIS2_PLACEMENT_3D ( 'NONE', #2494, #9985, #5016 ) ;
#4061 = CC_DESIGN_PERSON_AND_ORGANIZATION_ASSIGNMENT ( #3649, #5134, ( #9435 ) ) ;
#4062 = ADVANCED_BREP_SHAPE_REPRESENTATION ( '', ( #4636, #2087 ), #3830 ) ;
#4063 = ORIENTED_EDGE ( 'NONE', *, *, #7430, .F. ) ;
#4064 = CARTESIAN_POINT ( 'NONE',  ( 0.000000000000000000, 146.0000000000000000, 3.000000000000000000 ) ) ;
#4065 = CARTESIAN_POINT ( 'NONE',  ( 21.04297226076405281, -4.638710900997030429, -0.000000000000000000 ) ) ;
#4066 = ORIENTED_EDGE ( 'NONE', *, *, #5024, .F. ) ;
#4067 =( NAMED_UNIT ( * ) PLANE_ANGLE_UNIT ( ) SI_UNIT ( $, .RADIAN. ) );
#4068 = AXIS2_PLACEMENT_3D ( 'NONE', #10197, #9422, #8470 ) ;
#4069 = CARTESIAN_POINT ( 'NONE',  ( 20.22508399488411968, -32.30006951123654346, 0.000000000000000000 ) ) ;
#4070 = VERTEX_POINT ( 'NONE', #929 ) ;
#4071 = CARTESIAN_POINT ( 'NONE',  ( -12.00000000000000000, -12.00000000000000000, 0.000000000000000000 ) ) ;
#4072 = DATE_TIME_ROLE ( 'classification_date' ) ;
#4073 = VERTEX_POINT ( 'NONE', #7680 ) ;
#4074 = DIRECTION ( 'NONE',  ( -0.000000000000000000, -0.000000000000000000, 1.000000000000000000 ) ) ;
#4075 = DIRECTION ( 'NONE',  ( 1.000000000000000000, -0.000000000000000000, 0.000000000000000000 ) ) ;
#4076 = APPROVAL ( #6355, 'ๆช' ) ;
#4077 = CARTESIAN_POINT ( 'NONE',  ( 0.000000000000000000, 0.000000000000000000, 83.00000000000000000 ) ) ;
#4078 = CARTESIAN_POINT ( 'NONE',  ( 0.000000000000000000, 0.000000000000000000, 5.000000000000000000 ) ) ;
#4079 = CARTESIAN_POINT ( 'NONE',  ( 30.50000000000000000, -10.00000000000000000, 0.000000000000000000 ) ) ;
#4080 = ORIENTED_EDGE ( 'NONE', *, *, #52, .T. ) ;
#4081 = CALENDAR_DATE ( 2026, 18, 9 ) ;
#4082 = UNCERTAINTY_MEASURE_WITH_UNIT (LENGTH_MEASURE( 1.000000000000000082E-05 ), #9350, 'distance_accuracy_value', 'NONE');
#4083 = LINE ( 'NONE', #7410, #4195 ) ;
#4084 = EDGE_CURVE ( 'NONE', #10583, #433, #3573, .T. ) ;
#4085 = CLOSED_SHELL ( 'NONE', ( #6881, #314, #2873, #7848, #5484, #6400 ) ) ;
#4086 = ORIENTED_EDGE ( 'NONE', *, *, #6502, .F. ) ;
#4087 = EDGE_LOOP ( 'NONE', ( #10183, #7965, #7563, #5841 ) ) ;
#4088 = DIRECTION ( 'NONE',  ( 0.000000000000000000, -1.000000000000000000, 0.000000000000000000 ) ) ;
#4089 = DATE_AND_TIME ( #4906, #10458 ) ;
#4090 = LINE ( 'NONE', #3205, #9260 ) ;
#4091 = CARTESIAN_POINT ( 'NONE',  ( 32.36128909900664752, 47.95702773924019624, -0.000000000000000000 ) ) ;
#4092 = CARTESIAN_POINT ( 'NONE',  ( -28.00000000000000000, 0.000000000000000000, 24.00000000000000000 ) ) ;
#4093 = FACE_OUTER_BOUND ( 'NONE', #8916, .T. ) ;
#4094 = EDGE_CURVE ( 'NONE', #8039, #2679, #2852, .T. ) ;
#4095 = CARTESIAN_POINT ( 'NONE',  ( -8.774916005115503737, 50.69993048876346364, 0.000000000000000000 ) ) ;
#4096 = APPROVAL_STATUS ( 'not_yet_approved' ) ;
#4097 = VERTEX_POINT ( 'NONE', #7839 ) ;
#4098 = CARTESIAN_POINT ( 'NONE',  ( 9.290647558218967816, 10.47331327697886749, 9.143416653029152741 ) ) ;
#4099 = CARTESIAN_POINT ( 'NONE',  ( -14.22508399489168873, 71.70006951123355066, -0.000000000000000000 ) ) ;
#4100 = DIRECTION ( 'NONE',  ( 1.000000000000000000, -0.000000000000000000, -0.000000000000000000 ) ) ;
#4101 = LINE ( 'NONE', #9004, #7001 ) ;
#4102 = ADVANCED_FACE ( 'NONE', ( #2751 ), #154, .F. ) ;
#4103 = EDGE_CURVE ( 'NONE', #2728, #6015, #310, .T. ) ;
#4104 = ORIENTED_EDGE ( 'NONE', *, *, #1787, .T. ) ;
#4105 = DIRECTION ( 'NONE',  ( -0.000000000000000000, -0.000000000000000000, 1.000000000000000000 ) ) ;
#4106 = DATE_AND_TIME ( #3064, #430 ) ;
#4107 = ORIENTED_EDGE ( 'NONE', *, *, #1396, .F. ) ;
#4108 = FACE_OUTER_BOUND ( 'NONE', #4942, .T. ) ;
#4109 = DIRECTION ( 'NONE',  ( 1.000000000000000000, -0.000000000000000000, 0.000000000000000000 ) ) ;
#4110 = ORIENTED_EDGE ( 'NONE', *, *, #4706, .T. ) ;
#4111 = PLANE ( 'NONE',  #1223 ) ;
#4112 = CARTESIAN_POINT ( 'NONE',  ( 18.34320465898919394, -5.557362060151588068, -0.000000000000000000 ) ) ;
#4113 = VERTEX_POINT ( 'NONE', #6083 ) ;
#4114 = CC_DESIGN_APPROVAL ( #5718, ( #65 ) ) ;
#4115 = APPROVAL ( #9252, 'UNKNOWN' ) ;
#4116 = LINE ( 'NONE', #2461, #9496 ) ;
#4117 = DATE_AND_TIME ( #1956, #4336 ) ;
#4118 = ORIENTED_EDGE ( 'NONE', *, *, #6767, .F. ) ;
#4119 = CARTESIAN_POINT ( 'NONE',  ( 11.94632831415376373, 7.299673962712883046, 8.619969120032207499 ) ) ;
#4120 = DATE_AND_TIME ( #10686, #6039 ) ;
#4121 = ORIENTED_EDGE ( 'NONE', *, *, #5956, .F. ) ;
#4122 = PLANE ( 'NONE',  #9276 ) ;
#4123 = CIRCLE ( 'NONE', #6915, 14.00000000000000000 ) ;
#4124 = LINE ( 'NONE', #807, #6035 ) ;
#4125 = CARTESIAN_POINT ( 'NONE',  ( -2.600000000000000089, 3.184081677783117698E-16, -1.200000000000000030E-05 ) ) ;
#4126 = LOCAL_TIME ( 6, 20, 19.00000000000000000, #545 ) ;
#4127 = CARTESIAN_POINT ( 'NONE',  ( 122.2999999999999972, 2.081899558550508908E-16, 6.000000000000000000 ) ) ;
#4128 = CARTESIAN_POINT ( 'NONE',  ( -0.5999999999999999778, 2.200000000000000178, 12.00000000000000000 ) ) ;
#4129 = AXIS2_PLACEMENT_3D ( 'NONE', #10706, #1290, #3933 ) ;
#4130 = PERSON_AND_ORGANIZATION_ROLE ( 'creator' ) ;
#4131 = CC_DESIGN_PERSON_AND_ORGANIZATION_ASSIGNMENT ( #5465, #2281, ( #3465 ) ) ;
#4132 = DIRECTION ( 'NONE',  ( -0.000000000000000000, -0.000000000000000000, -1.000000000000000000 ) ) ;
#4133 = CC_DESIGN_APPROVAL ( #5136, ( #3608 ) ) ;
#4134 = VERTEX_POINT ( 'NONE', #4292 ) ;
#4135 = VERTEX_POINT ( 'NONE', #9517 ) ;
#4136 = LINE ( 'NONE', #1553, #4413 ) ;
#4137 = PERSON_AND_ORGANIZATION ( #10500, #8573 ) ;
#4138 = CARTESIAN_POINT ( 'NONE',  ( 31.19999999999999929, 59.50000000000000000, 6.000000000000000000 ) ) ;
#4139 = CARTESIAN_POINT ( 'NONE',  ( 18.34320465898844077, -0.000000000000000000, 11.55736206015660983 ) ) ;
#4140 = DIRECTION ( 'NONE',  ( 1.000000000000000000, 0.000000000000000000, 0.000000000000000000 ) ) ;
#4141 = FACE_OUTER_BOUND ( 'NONE', #10667, .T. ) ;
#4142 = VECTOR ( 'NONE', #9765, 1000.000000000000000 ) ;
#4143 = EDGE_CURVE ( 'NONE', #3833, #7434, #9362, .T. ) ;
#4144 = SECURITY_CLASSIFICATION ( '', '', #1650 ) ;
#4145 = ORIENTED_EDGE ( 'NONE', *, *, #4677, .F. ) ;
#4146 = DATE_AND_TIME ( #9201, #2077 ) ;
#4147 = CARTESIAN_POINT ( 'NONE',  ( -7.343333099005669773, 49.44258473825168920, -0.000000000000000000 ) ) ;
#4148 = PERSON_AND_ORGANIZATION ( #10500, #8573 ) ;
#4149 = PRODUCT_DEFINITION_FORMATION_WITH_SPECIFIED_SOURCE ( 'ไป', '', #9852, .NOT_KNOWN. ) ;
#4150 = ORIENTED_EDGE ( 'NONE', *, *, #1129, .F. ) ;
#4151 = LINE ( 'NONE', #5727, #4398 ) ;
#4152 = CARTESIAN_POINT ( 'NONE',  ( 29.63871090099589978, 32.04297226076236882, -0.000000000000000000 ) ) ;
#4153 = CARTESIAN_POINT ( 'NONE',  ( -10.50000000000000000, 59.50000000000000000, 0.000000000000000000 ) ) ;
#4154 = EDGE_CURVE ( 'NONE', #7180, #9273, #2646, .T. ) ;
#4155 = DIRECTION ( 'NONE',  ( 0.000000000000000000, -1.000000000000000000, 0.000000000000000000 ) ) ;
#4156 = APPROVAL_PERSON_ORGANIZATION ( #2940, #8837, #2999 ) ;
#4157 = VECTOR ( 'NONE', #4608, 1000.000000000000000 ) ;
#4158 = ORIENTED_EDGE ( 'NONE', *, *, #9288, .T. ) ;
#4159 = CARTESIAN_POINT ( 'NONE',  ( 31.60000000000000142, 0.000000000000000000, 0.000000000000000000 ) ) ;
#4160 = LOCAL_TIME ( 6, 20, 19.00000000000000000, #10597 ) ;
#4161 = ORIENTED_EDGE ( 'NONE', *, *, #3058, .T. ) ;
#4162 = DIRECTION ( 'NONE',  ( -0.000000000000000000, -0.000000000000000000, 1.000000000000000000 ) ) ;
#4163 = CARTESIAN_POINT ( 'NONE',  ( -0.6767903974405510281, -2.533959238176743956, -0.000000000000000000 ) ) ;
#4164 = EDGE_CURVE ( 'NONE', #2635, #2410, #95, .T. ) ;
#4165 = CARTESIAN_POINT ( 'NONE',  ( -20.00000000000000000, 8.000000000000000000, 10.30000000000000071 ) ) ;
#4166 = EDGE_CURVE ( 'NONE', #3387, #10700, #8616, .T. ) ;
#4167 = DIRECTION ( 'NONE',  ( 0.000000000000000000, -1.000000000000000000, 0.000000000000000000 ) ) ;
#4168 = VERTEX_POINT ( 'NONE', #4514 ) ;
#4169 =( NAMED_UNIT ( * ) SI_UNIT ( $, .STERADIAN. ) SOLID_ANGLE_UNIT ( ) );
#4170 = CARTESIAN_POINT ( 'NONE',  ( -15.65666690099372360, 69.55741526174936951, -0.000000000000000000 ) ) ;
#4171 = CALENDAR_DATE ( 2026, 18, 9 ) ;
#4172 = VERTEX_POINT ( 'NONE', #4461 ) ;
#4173 = DIRECTION ( 'NONE',  ( -0.000000000000000000, -0.000000000000000000, 1.000000000000000000 ) ) ;
#4174 = PERSON_AND_ORGANIZATION ( #504, #2190 ) ;
#4175 = ORIENTED_EDGE ( 'NONE', *, *, #3105, .T. ) ;
#4176 = CARTESIAN_POINT ( 'NONE',  ( 183.0000000000000000, 3.000000000000000000, 83.00000000000000000 ) ) ;
#4177 = AXIS2_PLACEMENT_3D ( 'NONE', #7055, #9615, #4451 ) ;
#4178 = FACE_OUTER_BOUND ( 'NONE', #10033, .T. ) ;
#4179 = CARTESIAN_POINT ( 'NONE',  ( 0.000000000000000000, 0.000000000000000000, 28.00000000000000000 ) ) ;
#4180 = CIRCLE ( 'NONE', #2778, 16.00000000000001421 ) ;
#4181 = FACE_OUTER_BOUND ( 'NONE', #9015, .T. ) ;
#4182 = ADVANCED_FACE ( 'NONE', ( #3468 ), #10188, .F. ) ;
#4183 = CARTESIAN_POINT ( 'NONE',  ( -9.511937134729814503, 10.27294094237714717, 9.632242882235434678 ) ) ;
#4184 = ORIENTED_EDGE ( 'NONE', *, *, #10871, .F. ) ;
#4185 = AXIS2_PLACEMENT_3D ( 'NONE', #10059, #6839, #790 ) ;
#4186 = CC_DESIGN_APPROVAL ( #4489, ( #1377 ) ) ;
#4187 = SECURITY_CLASSIFICATION_LEVEL ( 'unclassified' ) ;
#4188 = CARTESIAN_POINT ( 'NONE',  ( 255.8000000000000398, 3.000000000000000000, 149.0000000000000000 ) ) ;
#4189 = ORIENTED_EDGE ( 'NONE', *, *, #8060, .T. ) ;
#4190 = ORIENTED_EDGE ( 'NONE', *, *, #5828, .F. ) ;
#4191 = DIRECTION ( 'NONE',  ( 0.000000000000000000, 0.000000000000000000, -1.000000000000000000 ) ) ;
#4192 = APPROVAL_STATUS ( 'not_yet_approved' ) ;
#4193 = CARTESIAN_POINT ( 'NONE',  ( -1.850251865230340353, 1.832291515499593126, -0.000000000000000000 ) ) ;
#4194 = CARTESIAN_POINT ( 'NONE',  ( 30.14151426980530957, 47.51560493047168166, 0.000000000000000000 ) ) ;
#4195 = VECTOR ( 'NONE', #3872, 1000.000000000000000 ) ;
#4196 = CARTESIAN_POINT ( 'NONE',  ( 24.30000000000000071, 45.00000000000000000, 0.000000000000000000 ) ) ;
#4197 = PLANE ( 'NONE',  #4321 ) ;
#4198 = PRODUCT_DEFINITION ( 'ๆ', '', #1177, #5929 ) ;
#4199 = PERSON_AND_ORGANIZATION_ROLE ( 'creator' ) ;
#4200 = VECTOR ( 'NONE', #5688, 1000.000000000000000 ) ;
#4201 = CARTESIAN_POINT ( 'NONE',  ( 35.00000000000000000, 110.0000000000000000, 49.00000000000000000 ) ) ;
#4202 = DIRECTION ( 'NONE',  ( 0.000000000000000000, 0.000000000000000000, -1.000000000000000000 ) ) ;
#4203 = LINE ( 'NONE', #7539, #9680 ) ;
#4204 = PERSON_AND_ORGANIZATION ( #10500, #8573 ) ;
#4205 = ADVANCED_FACE ( 'NONE', ( #5592 ), #2299, .F. ) ;
#4206 = EDGE_LOOP ( 'NONE', ( #4026, #9989, #5670, #8444 ) ) ;
#4207 = DIRECTION ( 'NONE',  ( 0.000000000000000000, 0.000000000000000000, -1.000000000000000000 ) ) ;
#4208 = DIRECTION ( 'NONE',  ( 0.000000000000000000, 0.000000000000000000, -1.000000000000000000 ) ) ;
#4209 = CIRCLE ( 'NONE', #10006, 1.700000000000000178 ) ;
#4210 = AXIS2_PLACEMENT_3D ( 'NONE', #783, #725, #10824 ) ;
#4211 = DIRECTION ( 'NONE',  ( -0.000000000000000000, -0.000000000000000000, 1.000000000000000000 ) ) ;
#4212 = ADVANCED_FACE ( 'NONE', ( #7120 ), #1265, .F. ) ;
#4213 = CYLINDRICAL_SURFACE ( 'NONE', #6645, 1.700000000000000178 ) ;
#4214 = ORIENTED_EDGE ( 'NONE', *, *, #4646, .F. ) ;
#4215 = VERTEX_POINT ( 'NONE', #1311 ) ;
#4216 = AXIS2_PLACEMENT_3D ( 'NONE', #10432, #1950, #8404 ) ;
#4217 = EDGE_CURVE ( 'NONE', #1552, #7631, #10621, .T. ) ;
#4218 = SHAPE_REPRESENTATION ( 'V2_REF_block40', ( #2087 ), #9454 ) ;
#4219 = ORIENTED_EDGE ( 'NONE', *, *, #1715, .F. ) ;
#4220 = DIRECTION ( 'NONE',  ( 0.000000000000000000, -0.000000000000000000, 1.000000000000000000 ) ) ;
#4221 = CONTEXT_DEPENDENT_SHAPE_REPRESENTATION ( #4462, #1929 ) ;
#4222 = VERTEX_POINT ( 'NONE', #7233 ) ;
#4223 = CARTESIAN_POINT ( 'NONE',  ( 12.30006951123579562, 70.22508399488370401, 0.000000000000000000 ) ) ;
#4224 = DIRECTION ( 'NONE',  ( 0.000000000000000000, 0.000000000000000000, 1.000000000000000000 ) ) ;
#4225 = DIRECTION ( 'NONE',  ( -0.000000000000000000, -1.000000000000000000, -0.000000000000000000 ) ) ;
#4226 = CIRCLE ( 'NONE', #6834, 14.00000000000000000 ) ;
#4227 = LINE ( 'NONE', #8446, #2105 ) ;
#4228 = VERTEX_POINT ( 'NONE', #3950 ) ;
#4229 = CARTESIAN_POINT ( 'NONE',  ( 0.000000000000000000, 0.000000000000000000, 0.000000000000000000 ) ) ;
#4230 = ADVANCED_FACE ( 'NONE', ( #585 ), #6350, .F. ) ;
#4231 = COORDINATED_UNIVERSAL_TIME_OFFSET ( 5, 0, .BEHIND. ) ;
#4232 = EDGE_CURVE ( 'NONE', #10139, #3963, #6461, .T. ) ;
#4233 = ORIENTED_EDGE ( 'NONE', *, *, #8291, .T. ) ;
#4234 = LINE ( 'NONE', #7504, #5290 ) ;
#4235 = VECTOR ( 'NONE', #609, 1000.000000000000000 ) ;
#4236 = ITEM_DEFINED_TRANSFORMATION ( 'NONE', 'NONE', #10707,  #2087 ) ;
#4237 = ORIENTED_EDGE ( 'NONE', *, *, #6229, .F. ) ;
#4238 = DIRECTION ( 'NONE',  ( -1.000000000000000000, -0.000000000000000000, -0.000000000000000000 ) ) ;
#4239 = EDGE_LOOP ( 'NONE', ( #9892, #6642, #8292, #3889 ) ) ;
#4240 = CARTESIAN_POINT ( 'NONE',  ( -6.000000000000000000, 0.000000000000000000, 0.000000000000000000 ) ) ;
#4241 = CARTESIAN_POINT ( 'NONE',  ( 18.30000000000000071, -34.00000000000000000, -6.000000000000000152E-06 ) ) ;
#4242 = DIRECTION ( 'NONE',  ( 1.000000000000000000, -0.000000000000000000, -0.000000000000000000 ) ) ;
#4243 = CARTESIAN_POINT ( 'NONE',  ( 0.000000000000000000, 0.000000000000000000, 40.00000000000000000 ) ) ;
#4244 = VERTEX_POINT ( 'NONE', #1207 ) ;
#4245 = VECTOR ( 'NONE', #2576, 1000.000000000000000 ) ;
#4246 = DIRECTION ( 'NONE',  ( 1.000000000000000000, 0.000000000000000000, 0.000000000000000000 ) ) ;
#4247 = APPROVAL_DATE_TIME ( #9246, #6474 ) ;
#4248 = LINE ( 'NONE', #6808, #1584 ) ;
#4249 = ADVANCED_FACE ( 'NONE', ( #364 ), #2243, .F. ) ;
#4250 = ORIENTED_EDGE ( 'NONE', *, *, #3203, .T. ) ;
#4251 = EDGE_CURVE ( 'NONE', #2888, #7359, #7284, .T. ) ;
#4252 = EDGE_LOOP ( 'NONE', ( #907, #8215, #1431, #5442 ) ) ;
#4253 = CARTESIAN_POINT ( 'NONE',  ( 27.69999999999999929, 45.00000000000000000, -1.200000000000000030E-05 ) ) ;
#4254 = CALENDAR_DATE ( 2026, 18, 9 ) ;
#4255 = CARTESIAN_POINT ( 'NONE',  ( 183.0000000000000000, 3.000000000000000000, 83.00000000000000000 ) ) ;
#4256 = CARTESIAN_POINT ( 'NONE',  ( 18.29993048876495010, -0.000000000000000000, 12.22508399488808628 ) ) ;
#4257 = CARTESIAN_POINT ( 'NONE',  ( -21.00000000000000000, 0.000000000000000000, 24.00000000000000000 ) ) ;
#4258 = DIRECTION ( 'NONE',  ( 0.000000000000000000, 0.000000000000000000, -1.000000000000000000 ) ) ;
#4259 = APPROVAL_STATUS ( 'not_yet_approved' ) ;
#4260 = PERSON_AND_ORGANIZATION ( #10500, #8573 ) ;
#4261 = CARTESIAN_POINT ( 'NONE',  ( 0.000000000000000000, 70.00000000000000000, 5.200000000000000178 ) ) ;
#4262 = DIRECTION ( 'NONE',  ( -0.000000000000000000, -1.000000000000000000, -0.000000000000000000 ) ) ;
#4263 = APPROVAL ( #3675, 'UNKNOWN' ) ;
#4264 = APPLICATION_PROTOCOL_DEFINITION ( 'international standard', 'config_control_design', 1994, #10716 ) ;
#4265 = ORIENTED_EDGE ( 'NONE', *, *, #4005, .F. ) ;
#4266 = CARTESIAN_POINT ( 'NONE',  ( 0.000000000000000000, 45.00000000000000000, 0.000000000000000000 ) ) ;
#4267 = EDGE_LOOP ( 'NONE', ( #6682, #6719, #98, #5649 ) ) ;
#4268 = DIRECTION ( 'NONE',  ( 1.000000000000000000, 0.000000000000000000, 0.000000000000000000 ) ) ;
#4269 = DIRECTION ( 'NONE',  ( -0.000000000000000000, 1.000000000000000000, -0.000000000000000000 ) ) ;
#4270 = CARTESIAN_POINT ( 'NONE',  ( 0.000000000000000000, 62.50000000000000000, 6.000000000000000000 ) ) ;
#4271 = VERTEX_POINT ( 'NONE', #7893 ) ;
#4272 = UNCERTAINTY_MEASURE_WITH_UNIT (LENGTH_MEASURE( 1.000000000000000082E-05 ), #2685, 'distance_accuracy_value', 'NONE');
#4273 = CC_DESIGN_PERSON_AND_ORGANIZATION_ASSIGNMENT ( #10041, #6791, ( #2040 ) ) ;
#4274 = EDGE_LOOP ( 'NONE', ( #5050, #4765 ) ) ;
#4275 = CARTESIAN_POINT ( 'NONE',  ( 0.000000000000000000, 0.000000000000000000, -1.200000000000000030E-05 ) ) ;
#4276 = EDGE_LOOP ( 'NONE', ( #8084, #5713, #7408, #9972 ) ) ;
#4277 = CARTESIAN_POINT ( 'NONE',  ( 12.30000000000000249, 70.00000000000000000, -6.000000000000000152E-06 ) ) ;
#4278 = DIRECTION ( 'NONE',  ( 1.000000000000000000, -0.000000000000000000, 0.000000000000000000 ) ) ;
#4279 = CARTESIAN_POINT ( 'NONE',  ( 35.60000000000000142, 0.000000000000000000, 0.000000000000000000 ) ) ;
#4280 = DIRECTION ( 'NONE',  ( 0.000000000000000000, -1.000000000000000000, 0.000000000000000000 ) ) ;
#4281 = EDGE_CURVE ( 'NONE', #9070, #10191, #4728, .T. ) ;
#4282 = VERTEX_POINT ( 'NONE', #9624 ) ;
#4283 = CALENDAR_DATE ( 2026, 18, 9 ) ;
#4284 = ORIENTED_EDGE ( 'NONE', *, *, #8944, .T. ) ;
#4285 = CARTESIAN_POINT ( 'NONE',  ( -12.00000000000000000, -7.000000000000000000, 13.29999999999999893 ) ) ;
#4286 = DATE_AND_TIME ( #9236, #10284 ) ;
#4287 = VERTEX_POINT ( 'NONE', #5428 ) ;
#4288 = FACE_OUTER_BOUND ( 'NONE', #9524, .T. ) ;
#4289 = ORIENTED_EDGE ( 'NONE', *, *, #3915, .F. ) ;
#4290 = DIRECTION ( 'NONE',  ( -0.000000000000000000, 1.000000000000000000, -0.000000000000000000 ) ) ;
#4291 = CARTESIAN_POINT ( 'NONE',  ( -10.72380529476361133, 9.000000000000000000, 8.300000000000000711 ) ) ;
#4292 = CARTESIAN_POINT ( 'NONE',  ( 5.799999999999999822, 7.102951435054647665E-16, 0.000000000000000000 ) ) ;
#4293 = CARTESIAN_POINT ( 'NONE',  ( -8.099999999999999645, 70.00000000000000000, 0.000000000000000000 ) ) ;
#4294 = EDGE_CURVE ( 'NONE', #4690, #3856, #3700, .T. ) ;
#4295 = EDGE_LOOP ( 'NONE', ( #8090, #8212, #6973, #2291, #937, #3927, #5971, #447, #1737, #1178, #3017, #6782 ) ) ;
#4296 = CARTESIAN_POINT ( 'NONE',  ( -2.500000000000000000, 0.000000000000000000, 68.00000000000000000 ) ) ;
#4297 = COORDINATED_UNIVERSAL_TIME_OFFSET ( 5, 0, .BEHIND. ) ;
#4298 = PLANE ( 'NONE',  #7006 ) ;
#4299 = ORIENTED_EDGE ( 'NONE', *, *, #3060, .T. ) ;
#4300 = VECTOR ( 'NONE', #4290, 1000.000000000000000 ) ;
#4301 = VERTEX_POINT ( 'NONE', #7064 ) ;
#4302 = CARTESIAN_POINT ( 'NONE',  ( 35.00000000000000000, 0.000000000000000000, 4.000000000000000000 ) ) ;
#4303 = SECURITY_CLASSIFICATION_LEVEL ( 'unclassified' ) ;
#4304 = CC_DESIGN_APPROVAL ( #813, ( #10634 ) ) ;
#4305 = DIRECTION ( 'NONE',  ( 0.000000000000000000, -0.000000000000000000, 1.000000000000000000 ) ) ;
#4306 = CARTESIAN_POINT ( 'NONE',  ( 0.000000000000000000, 0.000000000000000000, 16.00000000000000000 ) ) ;
#4307 = ORIENTED_EDGE ( 'NONE', *, *, #6576, .T. ) ;
#4308 = DIRECTION ( 'NONE',  ( 1.000000000000000000, 0.000000000000000000, 0.000000000000000000 ) ) ;
#4309 = DIRECTION ( 'NONE',  ( 0.000000000000000000, 0.000000000000000000, 1.000000000000000000 ) ) ;
#4310 = EDGE_CURVE ( 'NONE', #2759, #6508, #2081, .T. ) ;
#4311 = EDGE_CURVE ( 'NONE', #9449, #7026, #8001, .T. ) ;
#4312 = VECTOR ( 'NONE', #10060, 1000.000000000000000 ) ;
#4313 = CC_DESIGN_APPROVAL ( #1023, ( #6549 ) ) ;
#4314 = PERSON_AND_ORGANIZATION ( #10500, #8573 ) ;
#4315 = COORDINATED_UNIVERSAL_TIME_OFFSET ( 5, 0, .BEHIND. ) ;
#4316 = FACE_BOUND ( 'NONE', #9063, .T. ) ;
#4317 = CARTESIAN_POINT ( 'NONE',  ( 31.19999999999999929, 59.50000000000000000, -1.200000000000000030E-05 ) ) ;
#4318 = PERSON ( 'NAUO-PER22', 'UNSPECIFIED', 'UNSPECIFIED', ('UNSPECIFIED'), ('UNSPECIFIED'), ('UNSPECIFIED') ) ;
#4319 = CALENDAR_DATE ( 2026, 18, 9 ) ;
#4320 = ORIENTED_EDGE ( 'NONE', *, *, #1665, .T. ) ;
#4321 = AXIS2_PLACEMENT_3D ( 'NONE', #2488, #1772, #51 ) ;
#4322 = CARTESIAN_POINT ( 'NONE',  ( 9.361280813272388812, 10.41041303537513585, 9.044422475208895307 ) ) ;
#4323 = DIRECTION ( 'NONE',  ( 1.000000000000000000, 0.000000000000000000, 0.000000000000000000 ) ) ;
#4324 = APPROVAL_PERSON_ORGANIZATION ( #4506, #9443, #7059 ) ;
#4325 = CARTESIAN_POINT ( 'NONE',  ( 35.00000000000000000, 14.00000000000000000, 4.000000000000000000 ) ) ;
#4326 = CARTESIAN_POINT ( 'NONE',  ( -9.225083994884492711, 32.70006951123654204, -0.000000000000000000 ) ) ;
#4327 = EDGE_CURVE ( 'NONE', #10095, #2123, #4622, .T. ) ;
#4328 = VECTOR ( 'NONE', #6027, 1000.000000000000000 ) ;
#4329 = LOCAL_TIME ( 6, 20, 19.00000000000000000, #7861 ) ;
#4330 = VERTEX_POINT ( 'NONE', #3791 ) ;
#4331 = LINE ( 'NONE', #5093, #4532 ) ;
#4332 = CALENDAR_DATE ( 2026, 18, 9 ) ;
#4333 = ORIENTED_EDGE ( 'NONE', *, *, #2010, .T. ) ;
#4334 = FACE_BOUND ( 'NONE', #6901, .T. ) ;
#4335 = LINE ( 'NONE', #7663, #9052 ) ;
#4336 = LOCAL_TIME ( 6, 20, 19.00000000000000000, #800 ) ;
#4337 = ORIENTED_EDGE ( 'NONE', *, *, #10030, .T. ) ;
#4338 = CARTESIAN_POINT ( 'NONE',  ( -1.313163450857918635, -2.270214330881944687, 0.000000000000000000 ) ) ;
#4339 = CC_DESIGN_PERSON_AND_ORGANIZATION_ASSIGNMENT ( #710, #10754, ( #1244 ) ) ;
#4340 = CARTESIAN_POINT ( 'NONE',  ( -8.141461068210002594, -0.000000000000000000, 22.48452350954385892 ) ) ;
#4341 = ORIENTED_EDGE ( 'NONE', *, *, #5153, .T. ) ;
#4342 = LOCAL_TIME ( 6, 20, 19.00000000000000000, #7479 ) ;
#4343 = ORIENTED_EDGE ( 'NONE', *, *, #1677, .T. ) ;
#4344 = CARTESIAN_POINT ( 'NONE',  ( 31.85848573019362817, 0.000000000000000000, 1.515604930472430167 ) ) ;
#4345 = ITEM_DEFINED_TRANSFORMATION ( 'NONE', 'NONE', #9102,  #2087 ) ;
#4346 = EDGE_CURVE ( 'NONE', #2066, #4113, #6346, .T. ) ;
#4347 = ORIENTED_EDGE ( 'NONE', *, *, #8915, .T. ) ;
#4348 = CARTESIAN_POINT ( 'NONE',  ( -9.000000000000000000, 31.00000000000000000, 5.000000000000000000 ) ) ;
#4349 = LINE ( 'NONE', #2643, #4300 ) ;
#4350 = CARTESIAN_POINT ( 'NONE',  ( 24.30000000000000071, 45.00000000000000000, -1.200000000000000030E-05 ) ) ;
#4351 = AXIS2_PLACEMENT_3D ( 'NONE', #1790, #10221, #4927 ) ;
#4352 = DIRECTION ( 'NONE',  ( 1.000000000000000000, 0.000000000000000000, 0.000000000000000000 ) ) ;
#4353 = APPROVAL ( #5183, 'ๆช' ) ;
#4354 = CARTESIAN_POINT ( 'NONE',  ( 0.000000000000000000, 0.000000000000000000, 3.000000000000000000 ) ) ;
#4355 = DATE_TIME_ROLE ( 'creation_date' ) ;
#4356 = CARTESIAN_POINT ( 'NONE',  ( -21.00000000000000000, 81.00000000000000000, 6.000000000000000000 ) ) ;
#4357 = AXIS2_PLACEMENT_3D ( 'NONE', #4348, #7675, #3518 ) ;
#4358 = ORIENTED_EDGE ( 'NONE', *, *, #4706, .F. ) ;
#4359 = DIRECTION ( 'NONE',  ( 0.000000000000000000, 0.000000000000000000, 1.000000000000000000 ) ) ;
#4360 = ORIENTED_EDGE ( 'NONE', *, *, #9950, .T. ) ;
#4361 = CALENDAR_DATE ( 2026, 18, 9 ) ;
#4362 = EDGE_CURVE ( 'NONE', #6080, #10000, #4933, .T. ) ;
#4363 = CYLINDRICAL_SURFACE ( 'NONE', #1183, 8.099999999999999645 ) ;
#4364 = CARTESIAN_POINT ( 'NONE',  ( -20.22508399488546971, -4.299930488764021952, -0.000000000000000000 ) ) ;
#4365 = ORIENTED_EDGE ( 'NONE', *, *, #2634, .F. ) ;
#4366 = DIRECTION ( 'NONE',  ( 0.000000000000000000, 0.000000000000000000, -1.000000000000000000 ) ) ;
#4367 = CARTESIAN_POINT ( 'NONE',  ( -20.00000000000000000, 12.00000000000000000, 2.000000000000000000 ) ) ;
#4368 = AXIS2_PLACEMENT_3D ( 'NONE', #9450, #5256, #6891 ) ;
#4369 = ORGANIZATION ( 'NAUO-ORG25', 'UNSPECIFIED', 'UNSPECIFIED' ) ;
#4370 = PERSON_AND_ORGANIZATION_ROLE ( 'classification_officer' ) ;
#4371 = MECHANICAL_CONTEXT ( 'NONE', #7931, 'mechanical' ) ;
#4372 = DIRECTION ( 'NONE',  ( -1.000000000000000000, 0.000000000000000000, 0.000000000000000000 ) ) ;
#4373 = CARTESIAN_POINT ( 'NONE',  ( 35.00000000000000000, -70.00000000000000000, 5.000000000000000000 ) ) ;
#4374 = CALENDAR_DATE ( 2026, 18, 9 ) ;
#4375 = VECTOR ( 'NONE', #8180, 1000.000000000000000 ) ;
#4376 = EDGE_CURVE ( 'NONE', #3637, #3164, #3179, .T. ) ;
#4377 = EDGE_CURVE ( 'NONE', #71, #2679, #3340, .T. ) ;
#4378 = ORIENTED_EDGE ( 'NONE', *, *, #669, .T. ) ;
#4379 = CARTESIAN_POINT ( 'NONE',  ( 11.87876165948471829, 7.409364245642842128, 9.388093465597638243 ) ) ;
#4380 = FACE_OUTER_BOUND ( 'NONE', #7799, .T. ) ;
#4381 = DIRECTION ( 'NONE',  ( 0.000000000000000000, -1.000000000000000000, 0.000000000000000000 ) ) ;
#4382 = DIRECTION ( 'NONE',  ( -1.000000000000000000, 0.000000000000000000, 0.000000000000000000 ) ) ;
#4383 = APPLICATION_CONTEXT ( 'configuration controlled 3d designs of mechanical parts and assemblies' ) ;
#4384 = EDGE_LOOP ( 'NONE', ( #3083, #3619, #3265, #3125 ) ) ;
#4385 = UNCERTAINTY_MEASURE_WITH_UNIT (LENGTH_MEASURE( 1.000000000000000082E-05 ), #3908, 'distance_accuracy_value', 'NONE');
#4386 = FACE_OUTER_BOUND ( 'NONE', #6170, .T. ) ;
#4387 = EDGE_CURVE ( 'NONE', #5544, #10440, #3282, .T. ) ;
#4388 = ORIENTED_EDGE ( 'NONE', *, *, #4023, .T. ) ;
#4389 = CARTESIAN_POINT ( 'NONE',  ( 15.04287395703226338, 68.63880920473022229, 0.000000000000000000 ) ) ;
#4390 = VECTOR ( 'NONE', #1761, 1000.000000000000000 ) ;
#4391 = EDGE_LOOP ( 'NONE', ( #594, #9727, #2943, #8834 ) ) ;
#4392 = FACE_BOUND ( 'NONE', #468, .T. ) ;
#4393 = EDGE_LOOP ( 'NONE', ( #5474, #1631, #5904, #6752 ) ) ;
#4394 = CARTESIAN_POINT ( 'NONE',  ( 1.594878658085105760, -2.081978247435756213, 0.000000000000000000 ) ) ;
#4395 = CARTESIAN_POINT ( 'NONE',  ( -9.000000000000000000, -6.000000000000000152E-06, 22.70000000000000284 ) ) ;
#4396 = VECTOR ( 'NONE', #872, 1000.000000000000000 ) ;
#4397 = VERTEX_POINT ( 'NONE', #5848 ) ;
#4398 = VECTOR ( 'NONE', #1781, 1000.000000000000000 ) ;
#4399 = DIRECTION ( 'NONE',  ( 1.000000000000000000, 0.000000000000000000, 0.000000000000000000 ) ) ;
#4400 = ORIENTED_EDGE ( 'NONE', *, *, #5909, .T. ) ;
#4401 = DIRECTION ( 'NONE',  ( -0.000000000000000000, -0.000000000000000000, 1.000000000000000000 ) ) ;
#4402 = CC_DESIGN_PERSON_AND_ORGANIZATION_ASSIGNMENT ( #6852, #923, ( #1139 ) ) ;
#4403 = APPROVAL_DATE_TIME ( #803, #5196 ) ;
#4404 = ORIENTED_EDGE ( 'NONE', *, *, #3209, .F. ) ;
#4405 = LINE ( 'NONE', #1645, #2776 ) ;
#4406 = CARTESIAN_POINT ( 'NONE',  ( -28.00000000000000000, 8.000000000000000000, 24.00000000000000000 ) ) ;
#4407 = AXIS2_PLACEMENT_3D ( 'NONE', #188, #1075, #10270 ) ;
#4408 = FACE_BOUND ( 'NONE', #4274, .T. ) ;
#4409 = ORIENTED_EDGE ( 'NONE', *, *, #9354, .T. ) ;
#4410 = CARTESIAN_POINT ( 'NONE',  ( 0.000000000000000000, 0.000000000000000000, 58.00000000000000000 ) ) ;
#4411 = CARTESIAN_POINT ( 'NONE',  ( -21.48452350954385537, -34.85853893178963148, -0.000000000000000000 ) ) ;
#4412 = CARTESIAN_POINT ( 'NONE',  ( 0.000000000000000000, 19.50000000000000000, 3.000000000000000000 ) ) ;
#4413 = VECTOR ( 'NONE', #709, 1000.000000000000000 ) ;
#4414 = PERSON_AND_ORGANIZATION ( #10500, #8573 ) ;
#4415 = CARTESIAN_POINT ( 'NONE',  ( -12.00000000000000000, 7.000000000000000000, 15.00000000000000000 ) ) ;
#4416 = ORIENTED_EDGE ( 'NONE', *, *, #7984, .F. ) ;
#4417 = DIRECTION ( 'NONE',  ( -1.000000000000000000, -1.776356839400250465E-15, 0.000000000000000000 ) ) ;
#4418 = CC_DESIGN_PERSON_AND_ORGANIZATION_ASSIGNMENT ( #8340, #7357, ( #7214 ) ) ;
#4419 = SECURITY_CLASSIFICATION_LEVEL ( 'unclassified' ) ;
#4420 = CARTESIAN_POINT ( 'NONE',  ( -9.843211314629879638, 9.958146480581250515, 11.42020408556253130 ) ) ;
#4421 = CARTESIAN_POINT ( 'NONE',  ( -19.77491600511452674, -4.300069511235978581, 0.000000000000000000 ) ) ;
#4422 = CYLINDRICAL_SURFACE ( 'NONE', #6244, 1.700000000000007061 ) ;
#4423 = DIRECTION ( 'NONE',  ( 1.000000000000000000, 0.000000000000000000, 0.000000000000000000 ) ) ;
#4424 = VECTOR ( 'NONE', #4940, 1000.000000000000000 ) ;
#4425 = EDGE_CURVE ( 'NONE', #458, #9305, #6512, .T. ) ;
#4426 = PERSON_AND_ORGANIZATION ( #10500, #8573 ) ;
#4427 = SHAPE_DEFINITION_REPRESENTATION ( #10272, #403 ) ;
#4428 = CARTESIAN_POINT ( 'NONE',  ( 31.19999999999999929, 59.50000000000000000, -1.200000000000000030E-05 ) ) ;
#4429 = DIRECTION ( 'NONE',  ( 1.000000000000000000, -0.000000000000000000, -0.000000000000000000 ) ) ;
#4430 = VECTOR ( 'NONE', #72, 1000.000000000000000 ) ;
#4431 = APPROVAL_STATUS ( 'not_yet_approved' ) ;
#4432 = ORIENTED_EDGE ( 'NONE', *, *, #8800, .F. ) ;
#4433 = DIRECTION ( 'NONE',  ( -0.000000000000000000, -0.000000000000000000, 1.000000000000000000 ) ) ;
#4434 = DIRECTION ( 'NONE',  ( -0.000000000000000000, 1.000000000000000000, -0.000000000000000000 ) ) ;
#4435 = CARTESIAN_POINT ( 'NONE',  ( -14.00000000000000000, 0.000000000000000000, 0.000000000000000000 ) ) ;
#4436 = VECTOR ( 'NONE', #9607, 1000.000000000000000 ) ;
#4437 = CARTESIAN_POINT ( 'NONE',  ( -20.00000000000000000, -12.00000000000000000, 2.000000000000000000 ) ) ;
#4438 = EDGE_CURVE ( 'NONE', #10637, #9280, #6675, .T. ) ;
#4439 = ORIENTED_EDGE ( 'NONE', *, *, #1918, .F. ) ;
#4440 = CARTESIAN_POINT ( 'NONE',  ( 0.5999999999999997558, 2.529822128134703085, 12.00000000000000000 ) ) ;
#4441 = ORIENTED_EDGE ( 'NONE', *, *, #3671, .F. ) ;
#4442 = CARTESIAN_POINT ( 'NONE',  ( 32.70000000000000284, 49.00000000000000000, -6.000000000000000152E-06 ) ) ;
#4443 = VERTEX_POINT ( 'NONE', #4008 ) ;
#4444 = DIRECTION ( 'NONE',  ( -1.000000000000000000, 0.000000000000000000, -0.000000000000000000 ) ) ;
#4445 = ORIENTED_EDGE ( 'NONE', *, *, #2258, .T. ) ;
#4446 = CARTESIAN_POINT ( 'NONE',  ( 14.00000000000000000, 0.000000000000000000, 2.000000000000000000 ) ) ;
#4447 = CARTESIAN_POINT ( 'NONE',  ( -8.099999999999999645, 70.00000000000000000, 5.200000000000000178 ) ) ;
#4448 = EDGE_CURVE ( 'NONE', #3443, #4605, #734, .T. ) ;
#4449 = EDGE_CURVE ( 'NONE', #10700, #3387, #1419, .T. ) ;
#4450 = ORIENTED_EDGE ( 'NONE', *, *, #6242, .T. ) ;
#4451 = DIRECTION ( 'NONE',  ( 1.000000000000000000, 0.000000000000000000, 0.000000000000000000 ) ) ;
#4452 = ORIENTED_EDGE ( 'NONE', *, *, #591, .F. ) ;
#4453 = CARTESIAN_POINT ( 'NONE',  ( -11.68331879213511648, 7.714078201723205908, 9.617938645161324018 ) ) ;
#4454 = AXIS2_PLACEMENT_3D ( 'NONE', #2162, #2111, #7090 ) ;
#4455 = DATE_TIME_ROLE ( 'classification_date' ) ;
#4456 = ADVANCED_BREP_SHAPE_REPRESENTATION ( '', ( #8392, #2087 ), #9454 ) ;
#4457 = VERTEX_POINT ( 'NONE', #7390 ) ;
#4458 = CARTESIAN_POINT ( 'NONE',  ( 0.5999999999999998668, 9.000000000000000000, 6.800000000000000711 ) ) ;
#4459 = ORIENTED_EDGE ( 'NONE', *, *, #5685, .F. ) ;
#4460 = DIRECTION ( 'NONE',  ( 0.000000000000000000, -1.000000000000000000, 0.000000000000000000 ) ) ;
#4461 = CARTESIAN_POINT ( 'NONE',  ( -2.600000000000000089, 3.184081677783117698E-16, -6.000000000000000152E-06 ) ) ;
#4462 =( REPRESENTATION_RELATIONSHIP ('NONE','NONE', #403, #6868 ) REPRESENTATION_RELATIONSHIP_WITH_TRANSFORMATION ( #4928 )SHAPE_REPRESENTATION_RELATIONSHIP( ) );
#4463 = FACE_OUTER_BOUND ( 'NONE', #6814, .T. ) ;
#4464 = PERSON_AND_ORGANIZATION_ROLE ( 'creator' ) ;
#4465 = APPROVAL_ROLE ( '' ) ;
#4466 = LINE ( 'NONE', #7791, #7892 ) ;
#4467 = VERTEX_POINT ( 'NONE', #5643 ) ;
#4468 = DIRECTION ( 'NONE',  ( -1.000000000000000000, 0.000000000000000000, 0.000000000000000000 ) ) ;
#4469 = APPROVAL_STATUS ( 'not_yet_approved' ) ;
#4470 = DIRECTION ( 'NONE',  ( 0.000000000000000000, -0.000000000000000000, 1.000000000000000000 ) ) ;
#4471 = DIRECTION ( 'NONE',  ( 1.000000000000000000, 0.000000000000000000, 0.000000000000000000 ) ) ;
#4472 = DIRECTION ( 'NONE',  ( 0.000000000000000000, -1.000000000000000000, 0.000000000000000000 ) ) ;
#4473 = CARTESIAN_POINT ( 'NONE',  ( -7.343333099005222131, 0.000000000000000000, 2.557415261748959612 ) ) ;
#4474 = CC_DESIGN_PERSON_AND_ORGANIZATION_ASSIGNMENT ( #8328, #2574, ( #2315 ) ) ;
#4475 = VERTEX_POINT ( 'NONE', #10115 ) ;
#4476 = CARTESIAN_POINT ( 'NONE',  ( -18.95712604296905113, -7.361190795270736942, 0.000000000000000000 ) ) ;
#4477 = CALENDAR_DATE ( 2026, 18, 9 ) ;
#4478 = DIRECTION ( 'NONE',  ( 1.000000000000000000, 0.000000000000000000, 0.000000000000000000 ) ) ;
#4479 = APPROVAL_PERSON_ORGANIZATION ( #4855, #5521, #2482 ) ;
#4480 = FACE_BOUND ( 'NONE', #8507, .T. ) ;
#4481 = DATE_TIME_ROLE ( 'creation_date' ) ;
#4482 = EDGE_LOOP ( 'NONE', ( #4829, #7732, #5500, #2522 ) ) ;
#4483 = AXIS2_PLACEMENT_3D ( 'NONE', #8877, #7208, #8030 ) ;
#4484 = DIRECTION ( 'NONE',  ( -0.000000000000000000, -0.000000000000000000, 1.000000000000000000 ) ) ;
#4485 = ADVANCED_FACE ( 'NONE', ( #793, #1636 ), #1686, .T. ) ;
#4486 = DIRECTION ( 'NONE',  ( -0.000000000000000000, 1.000000000000000000, -0.000000000000000000 ) ) ;
#4487 = CC_DESIGN_SECURITY_CLASSIFICATION ( #7787, ( #10900 ) ) ;
#4488 = CARTESIAN_POINT ( 'NONE',  ( -9.593126758156662603, 10.19730458965381281, 7.288598955132498780 ) ) ;
#4489 = APPROVAL ( #6763, 'ๆช' ) ;
#4490 = VECTOR ( 'NONE', #4878, 1000.000000000000000 ) ;
#4491 = DIRECTION ( 'NONE',  ( -1.000000000000000000, 0.000000000000000000, -0.000000000000000000 ) ) ;
#4492 = APPROVAL_ROLE ( '' ) ;
#4493 = CC_DESIGN_APPROVAL ( #9172, ( #4661 ) ) ;
#4494 = VERTEX_POINT ( 'NONE', #2348 ) ;
#4495 = CARTESIAN_POINT ( 'NONE',  ( 15.70000000000000284, 69.77438419509041978, -0.000000000000000000 ) ) ;
#4496 = EDGE_CURVE ( 'NONE', #2075, #727, #10717, .T. ) ;
#4497 = VERTEX_POINT ( 'NONE', #4165 ) ;
#4498 = FACE_OUTER_BOUND ( 'NONE', #5746, .T. ) ;
#4499 = DIRECTION ( 'NONE',  ( -0.000000000000000000, -1.000000000000000000, -0.000000000000000000 ) ) ;
#4500 = AXIS2_PLACEMENT_3D ( 'NONE', #10811, #4258, #10147 ) ;
#4501 = CARTESIAN_POINT ( 'NONE',  ( -8.557415261748692714, -0.000000000000000000, 22.65666690099451586 ) ) ;
#4502 = LOCAL_TIME ( 6, 20, 19.00000000000000000, #2870 ) ;
#4503 = DIRECTION ( 'NONE',  ( 6.123031769111886291E-17, 1.000000000000000000, 0.000000000000000000 ) ) ;
#4504 = EDGE_LOOP ( 'NONE', ( #1151, #73, #10541, #1296 ) ) ;
#4505 = CARTESIAN_POINT ( 'NONE',  ( -11.32690702869582822, 8.231531534232543024, 10.02987977232460004 ) ) ;
#4506 = PERSON_AND_ORGANIZATION ( #6785, #8324 ) ;
#4507 = EDGE_CURVE ( 'NONE', #3596, #7421, #8164, .T. ) ;
#4508 = LOCAL_TIME ( 6, 20, 19.00000000000000000, #8595 ) ;
#4509 = ORIENTED_EDGE ( 'NONE', *, *, #9547, .F. ) ;
#4510 = FACE_OUTER_BOUND ( 'NONE', #4206, .T. ) ;
#4511 = EDGE_CURVE ( 'NONE', #3508, #123, #6558, .T. ) ;
#4512 = VERTEX_POINT ( 'NONE', #10730 ) ;
#4513 = DIRECTION ( 'NONE',  ( 1.000000000000000000, 0.000000000000000000, 0.000000000000000000 ) ) ;
#4514 = CARTESIAN_POINT ( 'NONE',  ( -22.00000000000000000, 8.000000000000000000, 0.000000000000000000 ) ) ;
#4515 = ORIENTED_EDGE ( 'NONE', *, *, #6446, .T. ) ;
#4516 = CARTESIAN_POINT ( 'NONE',  ( -18.95712604296983628, -35.36119079527190223, 0.000000000000000000 ) ) ;
#4517 = CC_DESIGN_APPROVAL ( #5464, ( #1690 ) ) ;
#4518 = APPROVAL_DATE_TIME ( #1212, #629 ) ;
#4519 = DIRECTION ( 'NONE',  ( 0.000000000000000000, 0.000000000000000000, -1.000000000000000000 ) ) ;
#4520 = ORIENTED_EDGE ( 'NONE', *, *, #1482, .T. ) ;
#4521 = PLANE ( 'NONE',  #5633 ) ;
#4522 = ORIENTED_EDGE ( 'NONE', *, *, #10715, .T. ) ;
#4523 = CARTESIAN_POINT ( 'NONE',  ( -10.04297226076378990, 29.63871090099694428, -0.000000000000000000 ) ) ;
#4524 = EDGE_CURVE ( 'NONE', #6425, #6273, #2401, .T. ) ;
#4525 =( REPRESENTATION_RELATIONSHIP ('NONE','NONE', #403, #964 ) REPRESENTATION_RELATIONSHIP_WITH_TRANSFORMATION ( #2862 )SHAPE_REPRESENTATION_RELATIONSHIP( ) );
#4526 = CARTESIAN_POINT ( 'NONE',  ( -21.69993048876420971, -5.774916005113895245, -0.000000000000000000 ) ) ;
#4527 = ORIENTED_EDGE ( 'NONE', *, *, #576, .F. ) ;
#4528 = DIRECTION ( 'NONE',  ( 0.000000000000000000, 0.000000000000000000, 1.000000000000000000 ) ) ;
#4529 = B_SPLINE_CURVE_WITH_KNOTS ( 'NONE', 3,
 ( #10889, #691, #9069, #2350, #1530, #4065, #5849, #6561, #9954, #2402, #5745, #1585, #4935, #8271, #735, #4112, #7443, #1027 ),
 .UNSPECIFIED., .F., .F.,
 ( 4, 2, 2, 2, 2, 2, 2, 2, 4 ),
 ( 0.000000000000000000, 0.06250000000000000000, 0.1250000000000000000, 0.1875000000000000000, 0.2500000000000000000, 0.3125000000000000000, 0.3750000000000000000, 0.4375000000000000000, 0.5000000000000000000 ),
 .UNSPECIFIED. ) ;
#4530 = CARTESIAN_POINT ( 'NONE',  ( -8.000000000000000000, 0.000000000000000000, 5.000000000000000000 ) ) ;
#4531 = ORIENTED_EDGE ( 'NONE', *, *, #4425, .T. ) ;
#4532 = VECTOR ( 'NONE', #6721, 1000.000000000000000 ) ;
#4533 = DIRECTION ( 'NONE',  ( 0.000000000000000000, 0.000000000000000000, 1.000000000000000000 ) ) ;
#4534 = APPROVAL_ROLE ( '' ) ;
#4535 = DIRECTION ( 'NONE',  ( 0.000000000000000000, 1.000000000000000000, 0.000000000000000000 ) ) ;
#4536 = CARTESIAN_POINT ( 'NONE',  ( 9.590710974038342940, 10.19958241540039268, 7.290803639638933298 ) ) ;
#4537 = PERSON_AND_ORGANIZATION ( #10500, #8573 ) ;
#4538 = VERTEX_POINT ( 'NONE', #10003 ) ;
#4539 = CARTESIAN_POINT ( 'NONE',  ( 11.90496487544927184, 7.367007609010136626, 10.48855529786681018 ) ) ;
#4540 = CC_DESIGN_PERSON_AND_ORGANIZATION_ASSIGNMENT ( #775, #4044, ( #1177 ) ) ;
#4541 = AXIS2_PLACEMENT_3D ( 'NONE', #7294, #2358, #1594 ) ;
#4542 = PLANE ( 'NONE',  #906 ) ;
#4543 = LINE ( 'NONE', #5346, #2893 ) ;
#4544 = CARTESIAN_POINT ( 'NONE',  ( -9.119842274437596430, 10.62218046192215759, 9.025160391743369814 ) ) ;
#4545 = ORIENTED_EDGE ( 'NONE', *, *, #1548, .F. ) ;
#4546 = VECTOR ( 'NONE', #10208, 1000.000000000000000 ) ;
#4547 = LOCAL_TIME ( 6, 20, 19.00000000000000000, #5031 ) ;
#4548 = FACE_OUTER_BOUND ( 'NONE', #6895, .T. ) ;
#4549 = APPLICATION_PROTOCOL_DEFINITION ( 'international standard', 'config_control_design', 1994, #7872 ) ;
#4550 = ORIENTED_EDGE ( 'NONE', *, *, #8814, .T. ) ;
#4551 = CYLINDRICAL_SURFACE ( 'NONE', #8730, 1.700000000000000178 ) ;
#4552 = PRODUCT_DEFINITION ( 'ๆ', '', #6057, #10245 ) ;
#4553 = DIRECTION ( 'NONE',  ( 0.000000000000000000, 0.000000000000000000, 1.000000000000000000 ) ) ;
#4554 = VECTOR ( 'NONE', #6930, 1000.000000000000000 ) ;
#4555 = LINE ( 'NONE', #8101, #5604 ) ;
#4556 = EDGE_CURVE ( 'NONE', #5854, #7450, #5743, .T. ) ;
#4557 = DIRECTION ( 'NONE',  ( 0.000000000000000000, 0.000000000000000000, 1.000000000000000000 ) ) ;
#4558 = VECTOR ( 'NONE', #1474, 1000.000000000000000 ) ;
#4559 = ORIENTED_EDGE ( 'NONE', *, *, #4048, .F. ) ;
#4560 = CARTESIAN_POINT ( 'NONE',  ( -11.81690003789738519, 7.507626993145152916, 7.676942079461834822 ) ) ;
#4561 = EDGE_LOOP ( 'NONE', ( #10751, #4080, #4289, #8053 ) ) ;
#4562 = CARTESIAN_POINT ( 'NONE',  ( -12.00000000000000000, 12.00000000000000000, 20.00000000000000000 ) ) ;
#4563 = CARTESIAN_POINT ( 'NONE',  ( -21.69999999999999929, -6.000000000000000000, -6.000000000000000152E-06 ) ) ;
#4564 = AXIS2_PLACEMENT_3D ( 'NONE', #3088, #2259, #9909 ) ;
#4565 = DIRECTION ( 'NONE',  ( -0.000000000000000000, -0.000000000000000000, 1.000000000000000000 ) ) ;
#4566 = VERTEX_POINT ( 'NONE', #1583 ) ;
#4567 = VECTOR ( 'NONE', #10655, 1000.000000000000000 ) ;
#4568 = CARTESIAN_POINT ( 'NONE',  ( -21.70006951123578887, -34.22508399488664566, 0.000000000000000000 ) ) ;
#4569 = ORIENTED_EDGE ( 'NONE', *, *, #8231, .F. ) ;
#4570 = ADVANCED_FACE ( 'NONE', ( #2455 ), #4111, .F. ) ;
#4571 = EDGE_CURVE ( 'NONE', #5850, #9616, #1397, .T. ) ;
#4572 = APPROVAL_ROLE ( '' ) ;
#4573 = PRODUCT_DEFINITION_SHAPE ( 'NONE', 'NONE',  #10866 ) ;
#4574 = CARTESIAN_POINT ( 'NONE',  ( 0.000000000000000000, 14.00000000000000000, 0.000000000000000000 ) ) ;
#4575 = EDGE_LOOP ( 'NONE', ( #3463, #9166, #6309, #8966 ) ) ;
#4576 = CARTESIAN_POINT ( 'NONE',  ( -24.30000000000000071, 0.000000000000000000, -0.000000000000000000 ) ) ;
#4577 = AXIS2_PLACEMENT_3D ( 'NONE', #8965, #5432, #4674 ) ;
#4578 = ORIENTED_EDGE ( 'NONE', *, *, #5575, .F. ) ;
#4579 = APPROVAL_STATUS ( 'not_yet_approved' ) ;
#4580 = CARTESIAN_POINT ( 'NONE',  ( 31.00000000000000000, -1.200000000000000030E-05, 1.300000000000000044 ) ) ;
#4581 = CARTESIAN_POINT ( 'NONE',  ( 20.22508399488666697, -0.000000000000000000, 10.30006951123579206 ) ) ;
#4582 = DIRECTION ( 'NONE',  ( -0.000000000000000000, -1.000000000000000000, -0.000000000000000000 ) ) ;
#4583 = DIRECTION ( 'NONE',  ( 1.000000000000000000, 0.000000000000000000, 0.000000000000000000 ) ) ;
#4584 = VERTEX_POINT ( 'NONE', #2631 ) ;
#4585 = VECTOR ( 'NONE', #8220, 1000.000000000000000 ) ;
#4586 = EDGE_CURVE ( 'NONE', #2750, #7835, #241, .T. ) ;
#4587 = FACE_OUTER_BOUND ( 'NONE', #8681, .T. ) ;
#4588 = EDGE_CURVE ( 'NONE', #3674, #10699, #10337, .T. ) ;
#4589 = MECHANICAL_CONTEXT ( 'NONE', #8664, 'mechanical' ) ;
#4590 = CARTESIAN_POINT ( 'NONE',  ( 8.000000000000000000, 9.797174393178825657E-16, 0.000000000000000000 ) ) ;
#4591 = FACE_OUTER_BOUND ( 'NONE', #5315, .T. ) ;
#4592 = PERSON_AND_ORGANIZATION ( #10500, #8573 ) ;
#4593 = ORIENTED_EDGE ( 'NONE', *, *, #1935, .F. ) ;
#4594 = CARTESIAN_POINT ( 'NONE',  ( 10.88535465464668306, 8.807508457680029323, 8.300000000000000711 ) ) ;
#4595 = VECTOR ( 'NONE', #9872, 1000.000000000000000 ) ;
#4596 = PERSON ( 'NAUO-PER13', 'UNSPECIFIED', 'UNSPECIFIED', ('UNSPECIFIED'), ('UNSPECIFIED'), ('UNSPECIFIED') ) ;
#4597 = DIRECTION ( 'NONE',  ( 0.000000000000000000, 1.000000000000000000, 0.000000000000000000 ) ) ;
#4598 = DIRECTION ( 'NONE',  ( 1.000000000000000000, 0.000000000000000000, -0.000000000000000000 ) ) ;
#4599 = CARTESIAN_POINT ( 'NONE',  ( 19.14151426980531667, -35.48439506952831124, 0.000000000000000000 ) ) ;
#4600 = EDGE_CURVE ( 'NONE', #9791, #6338, #8445, .T. ) ;
#4601 = VECTOR ( 'NONE', #593, 1000.000000000000000 ) ;
#4602 = APPROVAL ( #3189, 'UNKNOWN' ) ;
#4603 = CARTESIAN_POINT ( 'NONE',  ( -18.63880920472788816, -32.95712604297081327, 0.000000000000000000 ) ) ;
#4604 = SECURITY_CLASSIFICATION_LEVEL ( 'unclassified' ) ;
#4605 = VERTEX_POINT ( 'NONE', #10228 ) ;
#4606 = CARTESIAN_POINT ( 'NONE',  ( 15.69999999999999929, 70.00000000000000000, -6.000000000000000152E-06 ) ) ;
#4607 = DIRECTION ( 'NONE',  ( -0.000000000000000000, 1.000000000000000000, -0.000000000000000000 ) ) ;
#4608 = DIRECTION ( 'NONE',  ( 0.000000000000000000, -1.000000000000000000, 0.000000000000000000 ) ) ;
#4609 = EDGE_LOOP ( 'NONE', ( #10622, #1083, #1551, #8004 ) ) ;
#4610 = LINE ( 'NONE', #8044, #4740 ) ;
#4611 = CC_DESIGN_DATE_AND_TIME_ASSIGNMENT ( #5882, #2709, ( #3188 ) ) ;
#4612 = CLOSED_SHELL ( 'NONE', ( #8816, #9194, #4212, #1267, #10516, #2803 ) ) ;
#4613 = CARTESIAN_POINT ( 'NONE',  ( 35.00000000000000000, 110.0000000000000000, -28.00000000000000000 ) ) ;
#4614 = ORIENTED_EDGE ( 'NONE', *, *, #3294, .T. ) ;
#4615 = CARTESIAN_POINT ( 'NONE',  ( -10.88360175605741631, 8.809597095810334011, 10.20000000000000462 ) ) ;
#4616 = ORIENTED_EDGE ( 'NONE', *, *, #2074, .T. ) ;
#4617 = CARTESIAN_POINT ( 'NONE',  ( 29.63880920472810132, 0.000000000000000000, 4.042873957030157506 ) ) ;
#4618 = CARTESIAN_POINT ( 'NONE',  ( -1.000000000000000000, 19.50000000000000000, 58.00000000000000000 ) ) ;
#4619 = MANIFOLD_SOLID_BREP ( 'Purchased_625ZZ_5x16x5_NOT_PRINT', #3554 ) ;
#4620 = EDGE_CURVE ( 'NONE', #4301, #4712, #9284, .T. ) ;
#4621 = ORIENTED_EDGE ( 'NONE', *, *, #4376, .T. ) ;
#4622 = LINE ( 'NONE', #8056, #6464 ) ;
#4623 = ORIENTED_EDGE ( 'NONE', *, *, #8246, .T. ) ;
#4624 = CARTESIAN_POINT ( 'NONE',  ( 134.2999304887634651, -0.2250839948771370391, 0.000000000000000000 ) ) ;
#4625 = ORIENTED_EDGE ( 'NONE', *, *, #5762, .F. ) ;
#4626 = PERSON_AND_ORGANIZATION_ROLE ( 'design_owner' ) ;
#4627 = CARTESIAN_POINT ( 'NONE',  ( 0.000000000000000000, 0.000000000000000000, 28.00000000000000000 ) ) ;
#4628 = ORIENTED_EDGE ( 'NONE', *, *, #711, .F. ) ;
#4629 = FACE_OUTER_BOUND ( 'NONE', #4276, .T. ) ;
#4630 = PERSON_AND_ORGANIZATION_ROLE ( 'classification_officer' ) ;
#4631 = CARTESIAN_POINT ( 'NONE',  ( -7.638710900996104947, 29.95702773923742157, -0.000000000000000000 ) ) ;
#4632 = DIRECTION ( 'NONE',  ( -0.000000000000000000, -1.000000000000000000, -0.000000000000000000 ) ) ;
#4634 = EDGE_CURVE ( 'NONE', #6508, #10564, #7773, .T. ) ;
#4633 = CARTESIAN_POINT ( 'NONE',  ( -15.59999999999999964, 77.50000000000000000, 0.000000000000000000 ) ) ;
#4635 = DIRECTION ( 'NONE',  ( -1.000000000000000000, 0.000000000000000000, 0.000000000000000000 ) ) ;
#4636 = MANIFOLD_SOLID_BREP ( 'V2_REF_gripper_finger', #5995 ) ;
#4637 = CARTESIAN_POINT ( 'NONE',  ( -1.000000000000000000, 19.50000000000000000, 58.00000000000000000 ) ) ;
#4638 = DATE_AND_TIME ( #8706, #5010 ) ;
#4639 = CARTESIAN_POINT ( 'NONE',  ( -15.59999999999999964, 72.50000000000000000, -1.200000000000000030E-05 ) ) ;
#4640 = ORIENTED_EDGE ( 'NONE', *, *, #9724, .F. ) ;
#4641 = CARTESIAN_POINT ( 'NONE',  ( 9.361280813272383483, 10.41041303537513585, 7.544422475208893530 ) ) ;
#4642 = APPLICATION_PROTOCOL_DEFINITION ( 'international standard', 'config_control_design', 1994, #8081 ) ;
#4643 = ORIENTED_EDGE ( 'NONE', *, *, #8231, .T. ) ;
#4644 = DIRECTION ( 'NONE',  ( 1.000000000000000000, 0.000000000000000000, 0.000000000000000000 ) ) ;
#4646 = EDGE_CURVE ( 'NONE', #4467, #8049, #7722, .T. ) ;
#4645 = LINE ( 'NONE', #340, #8647 ) ;
#4647 = CARTESIAN_POINT ( 'NONE',  ( 24.30000000000000071, -45.00000000000000000, 5.000000000000000000 ) ) ;
#4648 = EDGE_CURVE ( 'NONE', #750, #3687, #1849, .T. ) ;
#4649 = CARTESIAN_POINT ( 'NONE',  ( 21.69999999999999574, -34.22561580490662436, -0.000000000000000000 ) ) ;
#4650 = CARTESIAN_POINT ( 'NONE',  ( 0.000000000000000000, 3.000000000000000000, 149.0000000000000000 ) ) ;
#4651 = FACE_BOUND ( 'NONE', #1848, .T. ) ;
#4652 = APPROVAL_ROLE ( '' ) ;
#4653 = ORIENTED_EDGE ( 'NONE', *, *, #5094, .T. ) ;
#4654 = CIRCLE ( 'NONE', #6383, 1.700000000000000178 ) ;
#4655 = CARTESIAN_POINT ( 'NONE',  ( 10.00000000000000000, 19.50000000000000000, 0.000000000000000000 ) ) ;
#4656 = FACE_BOUND ( 'NONE', #3349, .T. ) ;
#4657 = CC_DESIGN_SECURITY_CLASSIFICATION ( #3241, ( #10907 ) ) ;
#4658 = EDGE_CURVE ( 'NONE', #10231, #1968, #8975, .T. ) ;
#4659 = PLANE ( 'NONE',  #3631 ) ;
#4660 = LINE ( 'NONE', #2173, #8216 ) ;
#4661 = SECURITY_CLASSIFICATION ( '', '', #2237 ) ;
#4662 = EDGE_LOOP ( 'NONE', ( #9200, #6792, #8901, #777 ) ) ;
#4663 = LINE ( 'NONE', #631, #1613 ) ;
#4664 = SECURITY_CLASSIFICATION_LEVEL ( 'unclassified' ) ;
#4665 = ORIENTED_EDGE ( 'NONE', *, *, #6538, .F. ) ;
#4666 = CARTESIAN_POINT ( 'NONE',  ( 12.30000000000000249, 0.000000000000000000, 2.000000000000000000 ) ) ;
#4667 = AXIS2_PLACEMENT_3D ( 'NONE', #2100, #4635, #2205 ) ;
#4668 = CARTESIAN_POINT ( 'NONE',  ( -21.00000000000000000, 8.000000000000000000, 5.999999999999998224 ) ) ;
#4669 = CC_DESIGN_PERSON_AND_ORGANIZATION_ASSIGNMENT ( #1722, #9327, ( #5655 ) ) ;
#4670 = LOCAL_TIME ( 6, 20, 19.00000000000000000, #5983 ) ;
#4671 = ORIENTED_EDGE ( 'NONE', *, *, #1868, .F. ) ;
#4672 = CARTESIAN_POINT ( 'NONE',  ( -21.00000000000000000, 8.000000000000000000, 5.999999999999998224 ) ) ;
#4673 = ORIENTED_EDGE ( 'NONE', *, *, #9159, .T. ) ;
#4674 = DIRECTION ( 'NONE',  ( 1.000000000000000000, 0.000000000000000000, 0.000000000000000000 ) ) ;
#4675 = PERSON_AND_ORGANIZATION ( #10500, #8573 ) ;
#4676 = LINE ( 'NONE', #3959, #4920 ) ;
#4677 = EDGE_CURVE ( 'NONE', #9918, #7330, #9498, .T. ) ;
#4678 = APPROVAL_PERSON_ORGANIZATION ( #5075, #5928, #7754 ) ;
#4679 = ORIENTED_EDGE ( 'NONE', *, *, #7044, .T. ) ;
#4680 = CARTESIAN_POINT ( 'NONE',  ( 31.85848573019362817, 0.000000000000000000, 19.51560493047243838 ) ) ;
#4681 = DATE_AND_TIME ( #2034, #4828 ) ;
#4682 = LINE ( 'NONE', #8696, #8919 ) ;
#4683 = FACE_OUTER_BOUND ( 'NONE', #2178, .T. ) ;
#4684 = EDGE_LOOP ( 'NONE', ( #579, #4865, #10636, #4671 ) ) ;
#4685 = APPROVAL ( #5583, 'ๆช' ) ;
#4686 = EDGE_CURVE ( 'NONE', #10378, #1695, #1130, .T. ) ;
#4687 = CARTESIAN_POINT ( 'NONE',  ( 31.19999999999999929, 59.50000000000000000, -1.200000000000000030E-05 ) ) ;
#4688 = DIRECTION ( 'NONE',  ( -1.000000000000000000, 0.000000000000000000, 0.000000000000000000 ) ) ;
#4689 = APPROVAL_PERSON_ORGANIZATION ( #7876, #8490, #395 ) ;
#4690 = VERTEX_POINT ( 'NONE', #5966 ) ;
#4691 = AXIS2_PLACEMENT_3D ( 'NONE', #2696, #8459, #1864 ) ;
#4692 = CARTESIAN_POINT ( 'NONE',  ( -21.69999999999999929, -6.000000000000000000, -6.000000000000000152E-06 ) ) ;
#4693 = PERSON_AND_ORGANIZATION ( #10500, #8573 ) ;
#4694 = CARTESIAN_POINT ( 'NONE',  ( -10.69999999999999929, 31.00000000000000000, 5.000000000000000000 ) ) ;
#4695 = EDGE_CURVE ( 'NONE', #6187, #20, #194, .T. ) ;
#4696 = VERTEX_POINT ( 'NONE', #7825 ) ;
#4697 = CARTESIAN_POINT ( 'NONE',  ( 31.19999999999999929, 80.50000000000000000, 1.311805698386587116 ) ) ;
#4698 = DATE_AND_TIME ( #9706, #7824 ) ;
#4699 = LOCAL_TIME ( 6, 20, 19.00000000000000000, #1399 ) ;
#4700 = ORIENTED_EDGE ( 'NONE', *, *, #5372, .F. ) ;
#4701 = FACE_OUTER_BOUND ( 'NONE', #10518, .T. ) ;
#4702 = DIRECTION ( 'NONE',  ( 1.000000000000000000, 0.000000000000000000, -0.000000000000000000 ) ) ;
#4703 = DIRECTION ( 'NONE',  ( 0.000000000000000000, 0.000000000000000000, 1.000000000000000000 ) ) ;
#4704 = DIRECTION ( 'NONE',  ( 0.000000000000000000, 0.000000000000000000, -1.000000000000000000 ) ) ;
#4705 = ADVANCED_BREP_SHAPE_REPRESENTATION ( '', ( #1045, #2087 ), #298 ) ;
#4706 = EDGE_CURVE ( 'NONE', #10000, #7910, #8558, .T. ) ;
#4707 = EDGE_CURVE ( 'NONE', #4172, #292, #10062, .T. ) ;
#4708 = LINE ( 'NONE', #3051, #8249 ) ;
#4709 = APPROVAL_STATUS ( 'not_yet_approved' ) ;
#4710 = AXIS2_PLACEMENT_3D ( 'NONE', #2800, #7782, #1308 ) ;
#4711 = AXIS2_PLACEMENT_3D ( 'NONE', #5313, #6230, #1029 ) ;
#4712 = VERTEX_POINT ( 'NONE', #9451 ) ;
#4713 = CARTESIAN_POINT ( 'NONE',  ( -2.348712715335543599, 1.124693889828766391, -0.000000000000000000 ) ) ;
#4714 = CARTESIAN_POINT ( 'NONE',  ( 0.000000000000000000, 0.000000000000000000, 12.00000000000000000 ) ) ;
#4715 = CARTESIAN_POINT ( 'NONE',  ( -24.30000000000000071, 0.000000000000000000, -0.000000000000000000 ) ) ;
#4716 = DIRECTION ( 'NONE',  ( 1.000000000000000000, 0.000000000000000000, 0.000000000000000000 ) ) ;
#4717 = CIRCLE ( 'NONE', #10872, 1.700000000000000178 ) ;
#4718 = CALENDAR_DATE ( 2026, 18, 9 ) ;
#4719 = ADVANCED_FACE ( 'NONE', ( #1909 ), #2842, .F. ) ;
#4720 = ORIENTED_EDGE ( 'NONE', *, *, #5438, .T. ) ;
#4721 = CARTESIAN_POINT ( 'NONE',  ( 0.000000000000000000, 0.000000000000000000, 0.000000000000000000 ) ) ;
#4722 = DATE_TIME_ROLE ( 'classification_date' ) ;
#4723 = VECTOR ( 'NONE', #9535, 1000.000000000000000 ) ;
#4724 = ORIENTED_EDGE ( 'NONE', *, *, #1416, .F. ) ;
#4725 = CARTESIAN_POINT ( 'NONE',  ( 30.14146106820961535, 50.48452350954386247, -0.000000000000000000 ) ) ;
#4726 = CYLINDRICAL_SURFACE ( 'NONE', #10116, 1.700000000000000178 ) ;
#4727 = ORIENTED_EDGE ( 'NONE', *, *, #8181, .F. ) ;
#4728 = LINE ( 'NONE', #10574, #5078 ) ;
#4729 = ORIENTED_EDGE ( 'NONE', *, *, #8384, .F. ) ;
#4730 = CARTESIAN_POINT ( 'NONE',  ( -10.72380529476374278, 9.000000000000252243, 11.70000000000124984 ) ) ;
#4731 = VECTOR ( 'NONE', #2905, 1000.000000000000000 ) ;
#4732 = APPLICATION_PROTOCOL_DEFINITION ( 'international standard', 'config_control_design', 1994, #9019 ) ;
#4733 = APPROVAL ( #1971, 'UNKNOWN' ) ;
#4734 = CARTESIAN_POINT ( 'NONE',  ( 0.5999999999999998668, 9.000000000000000000, 10.00000000000000000 ) ) ;
#4735 = ORIENTED_EDGE ( 'NONE', *, *, #4809, .T. ) ;
#4736 = DIRECTION ( 'NONE',  ( -0.000000000000000000, -0.000000000000000000, -1.000000000000000000 ) ) ;
#4737 = COORDINATED_UNIVERSAL_TIME_OFFSET ( 5, 0, .BEHIND. ) ;
#4738 = CARTESIAN_POINT ( 'NONE',  ( -10.50000000000000000, 80.50000000000000000, -1.200000000000000030E-05 ) ) ;
#4739 = CARTESIAN_POINT ( 'NONE',  ( 21.36119079526788056, 0.000000000000000000, 10.95712604296694437 ) ) ;
#4740 = VECTOR ( 'NONE', #7053, 1000.000000000000000 ) ;
#4741 = CARTESIAN_POINT ( 'NONE',  ( 24.30000000000000071, -57.00000000000000000, 5.000000000000000000 ) ) ;
#4742 = DIRECTION ( 'NONE',  ( 0.000000000000000000, -0.000000000000000000, 1.000000000000000000 ) ) ;
#4743 = ORIENTED_EDGE ( 'NONE', *, *, #3498, .T. ) ;
#4744 = DIRECTION ( 'NONE',  ( 0.000000000000000000, -0.000000000000000000, -1.000000000000000000 ) ) ;
#4745 = EDGE_LOOP ( 'NONE', ( #5187, #8130, #1840, #4416, #6175, #1089, #9035, #3768, #3979, #4118, #9248, #4190 ) ) ;
#4746 = VECTOR ( 'NONE', #2791, 1000.000000000000000 ) ;
#4747 = PERSON_AND_ORGANIZATION ( #10500, #8573 ) ;
#4748 = CC_DESIGN_DATE_AND_TIME_ASSIGNMENT ( #9755, #8760, ( #10125 ) ) ;
#4749 = CARTESIAN_POINT ( 'NONE',  ( -9.000000000000000000, 8.000000000000000000, 21.00000000000000000 ) ) ;
#4750 = ORIENTED_EDGE ( 'NONE', *, *, #2153, .F. ) ;
#4751 = CARTESIAN_POINT ( 'NONE',  ( -9.000000000000000000, 80.49999999999998579, 1.300000000000000044 ) ) ;
#4752 = CALENDAR_DATE ( 2026, 18, 9 ) ;
#4753 = EDGE_LOOP ( 'NONE', ( #9010, #6463, #360, #4400, #3019, #133, #559, #8973 ) ) ;
#4754 = CARTESIAN_POINT ( 'NONE',  ( -15.59999999999999964, 0.000000000000000000, -0.000000000000000000 ) ) ;
#4755 = PRODUCT_DEFINITION_SHAPE ( 'NONE', 'NONE',  #10897 ) ;
#4756 = PLANE ( 'NONE',  #2805 ) ;
#4757 = DIRECTION ( 'NONE',  ( -0.000000000000000000, 1.000000000000000000, 0.000000000000000000 ) ) ;
#4758 = AXIS2_PLACEMENT_3D ( 'NONE', #9957, #2783, #6115 ) ;
#4759 = VECTOR ( 'NONE', #4499, 1000.000000000000000 ) ;
#4760 = ADVANCED_FACE ( 'NONE', ( #10444 ), #464, .F. ) ;
#4761 = CARTESIAN_POINT ( 'NONE',  ( 183.0000000000000000, 146.0000000000000000, 83.00000000000000000 ) ) ;
#4762 = CARTESIAN_POINT ( 'NONE',  ( -12.30000000000000071, 70.00000000000000000, -6.000000000000000152E-06 ) ) ;
#4763 = CIRCLE ( 'NONE', #2297, 8.000000000000000000 ) ;
#4764 = PERSON_AND_ORGANIZATION_ROLE ( 'classification_officer' ) ;
#4765 = ORIENTED_EDGE ( 'NONE', *, *, #5956, .T. ) ;
#4766 = ORIENTED_EDGE ( 'NONE', *, *, #9770, .T. ) ;
#4767 = LINE ( 'NONE', #1463, #5942 ) ;
#4768 = EDGE_CURVE ( 'NONE', #428, #2123, #1827, .T. ) ;
#4769 = CARTESIAN_POINT ( 'NONE',  ( 15.69999999999999929, 2.081899558550498554E-16, 0.000000000000000000 ) ) ;
#4770 = CIRCLE ( 'NONE', #3543, 1.700000000000000178 ) ;
#4771 = DATE_AND_TIME ( #4718, #8383 ) ;
#4772 = VERTEX_POINT ( 'NONE', #4769 ) ;
#4773 = CARTESIAN_POINT ( 'NONE',  ( -19.77474804345268566, 0.000000000000000000, 13.69999999999999751 ) ) ;
#4774 = VECTOR ( 'NONE', #4401, 1000.000000000000000 ) ;
#4775 = CALENDAR_DATE ( 2026, 18, 9 ) ;
#4776 = ORIENTED_EDGE ( 'NONE', *, *, #89, .F. ) ;
#4777 = CARTESIAN_POINT ( 'NONE',  ( 29.30006951123579739, 49.22508399488666697, -0.000000000000000000 ) ) ;
#4778 = CARTESIAN_POINT ( 'NONE',  ( -10.50000000000000000, 1.300000000000000044, -0.09997027095160138099 ) ) ;
#4779 = EDGE_CURVE ( 'NONE', #1200, #103, #8427, .T. ) ;
#4780 = CARTESIAN_POINT ( 'NONE',  ( -2.209866293823954386, 1.378406442902269768, 0.000000000000000000 ) ) ;
#4781 = EDGE_CURVE ( 'NONE', #4772, #5000, #1765, .T. ) ;
#4782 = CARTESIAN_POINT ( 'NONE',  ( 12.30000000000000249, 70.00000000000000000, 8.000000000000000000 ) ) ;
#4783 = VECTOR ( 'NONE', #5086, 1000.000000000000000 ) ;
#4784 = VERTEX_POINT ( 'NONE', #1195 ) ;
#4785 = CARTESIAN_POINT ( 'NONE',  ( 19.14146106820962245, -32.51547649045614463, -0.000000000000000000 ) ) ;
#4786 = ORIENTED_EDGE ( 'NONE', *, *, #4232, .F. ) ;
#4787 = CARTESIAN_POINT ( 'NONE',  ( 122.2999999999999972, 2.081899558550508908E-16, -6.000000000000000152E-06 ) ) ;
#4788 = ORIENTED_EDGE ( 'NONE', *, *, #2817, .T. ) ;
#4789 = CONTEXT_DEPENDENT_SHAPE_REPRESENTATION ( #10364, #7091 ) ;
#4790 = DIRECTION ( 'NONE',  ( 0.000000000000000000, -0.000000000000000000, 1.000000000000000000 ) ) ;
#4791 = DIRECTION ( 'NONE',  ( 1.000000000000000000, -0.000000000000000000, -0.000000000000000000 ) ) ;
#4792 = DIRECTION ( 'NONE',  ( 1.000000000000000000, 0.000000000000000000, 0.000000000000000000 ) ) ;
#4793 = CYLINDRICAL_SURFACE ( 'NONE', #2735, 2.500000000000000000 ) ;
#4794 = EDGE_CURVE ( 'NONE', #3794, #6890, #9477, .T. ) ;
#4795 = DIRECTION ( 'NONE',  ( 0.000000000000000000, 0.000000000000000000, -1.000000000000000000 ) ) ;
#4796 = EDGE_LOOP ( 'NONE', ( #6298, #280 ) ) ;
#4797 = APPROVAL_DATE_TIME ( #9973, #8779 ) ;
#4798 = CARTESIAN_POINT ( 'NONE',  ( 10.00000000000000000, 27.50000000000000000, 0.000000000000000000 ) ) ;
#4799 = ORIENTED_EDGE ( 'NONE', *, *, #9505, .F. ) ;
#4800 = CARTESIAN_POINT ( 'NONE',  ( 124.0000000000000000, 0.000000000000000000, 6.000000000000000000 ) ) ;
#4801 = CALENDAR_DATE ( 2026, 18, 9 ) ;
#4802 = CYLINDRICAL_SURFACE ( 'NONE', #6354, 2.500000000000000000 ) ;
#4803 = CARTESIAN_POINT ( 'NONE',  ( 24.30000000000000071, -57.00000000000000000, 0.000000000000000000 ) ) ;
#4804 = DIRECTION ( 'NONE',  ( 0.000000000000000000, -0.000000000000000000, 1.000000000000000000 ) ) ;
#4805 = CC_DESIGN_PERSON_AND_ORGANIZATION_ASSIGNMENT ( #9571, #7126, ( #354 ) ) ;
#4806 = LINE ( 'NONE', #38, #9121 ) ;
#4807 = CARTESIAN_POINT ( 'NONE',  ( 32.70000000000000284, 31.00000000000000000, 5.000000000000000000 ) ) ;
#4808 = DATE_AND_TIME ( #9049, #3272 ) ;
#4809 = EDGE_CURVE ( 'NONE', #8381, #10700, #5580, .T. ) ;
#4810 = VERTEX_POINT ( 'NONE', #9721 ) ;
#4811 = CARTESIAN_POINT ( 'NONE',  ( -12.51547649045471466, 70.85853893179005070, -0.000000000000000000 ) ) ;
#4812 = FACE_BOUND ( 'NONE', #4267, .T. ) ;
#4813 = EDGE_CURVE ( 'NONE', #420, #7657, #4555, .T. ) ;
#4814 = DIRECTION ( 'NONE',  ( -0.000000000000000000, -1.000000000000000000, -0.000000000000000000 ) ) ;
#4815 = AXIS2_PLACEMENT_3D ( 'NONE', #5286, #9530, #8473 ) ;
#4816 = EDGE_CURVE ( 'NONE', #6036, #757, #4610, .T. ) ;
#4817 = LOCAL_TIME ( 6, 20, 19.00000000000000000, #5821 ) ;
#4818 = ORIENTED_EDGE ( 'NONE', *, *, #7637, .F. ) ;
#4819 = LINE ( 'NONE', #9061, #10054 ) ;
#4820 = CALENDAR_DATE ( 2026, 18, 9 ) ;
#4821 = ORIENTED_EDGE ( 'NONE', *, *, #10217, .F. ) ;
#4822 = CARTESIAN_POINT ( 'NONE',  ( -21.00000000000000000, 0.000000000000000000, 24.00000000000000000 ) ) ;
#4823 = DIRECTION ( 'NONE',  ( 1.000000000000000000, 0.000000000000000000, 0.000000000000000000 ) ) ;
#4824 = ORIENTED_EDGE ( 'NONE', *, *, #6099, .F. ) ;
#4825 = DIRECTION ( 'NONE',  ( -1.000000000000000000, 0.000000000000000000, 0.000000000000000000 ) ) ;
#4826 = VECTOR ( 'NONE', #10112, 1000.000000000000000 ) ;
#4827 = CARTESIAN_POINT ( 'NONE',  ( -11.46082835472130235, 8.043006970812543344, 11.42245056356683186 ) ) ;
#4828 = LOCAL_TIME ( 6, 20, 19.00000000000000000, #10467 ) ;
#4829 = ORIENTED_EDGE ( 'NONE', *, *, #8098, .F. ) ;
#4830 = SHAPE_REPRESENTATION_RELATIONSHIP ( 'NONE' , 'NONE' ,  #1619, #1293 ) ;
#4831 = ADVANCED_BREP_SHAPE_REPRESENTATION ( '', ( #1116, #2087 ), #4880 ) ;
#4832 = PRODUCT ( 'V2_REF_5mm_shaft', 'V2_REF_5mm_shaft', '', ( #9429 ) ) ;
#4833 = CARTESIAN_POINT ( 'NONE',  ( 19.55741526174906753, -32.34333309900549125, 0.000000000000000000 ) ) ;
#4834 = EDGE_CURVE ( 'NONE', #2305, #4849, #6388, .T. ) ;
#4835 = ADVANCED_FACE ( 'NONE', ( #3836 ), #9554, .F. ) ;
#4836 = AXIS2_PLACEMENT_3D ( 'NONE', #7801, #9584, #5992 ) ;
#4837 = ORIENTED_EDGE ( 'NONE', *, *, #8092, .T. ) ;
#4838 = FACE_OUTER_BOUND ( 'NONE', #9664, .T. ) ;
#4839 = ORIENTED_EDGE ( 'NONE', *, *, #6953, .F. ) ;
#4840 = APPROVAL_PERSON_ORGANIZATION ( #8899, #4263, #8734 ) ;
#4841 = DIRECTION ( 'NONE',  ( 1.000000000000000000, 0.000000000000000000, 0.000000000000000000 ) ) ;
#4842 = CARTESIAN_POINT ( 'NONE',  ( 137.0429722607585745, 1.361289099004716840, -0.000000000000000000 ) ) ;
#4843 = CARTESIAN_POINT ( 'NONE',  ( 124.0000000000000000, 0.000000000000000000, 6.000000000000000000 ) ) ;
#4844 = PLANE ( 'NONE',  #4667 ) ;
#4845 = AXIS2_PLACEMENT_3D ( 'NONE', #6966, #2804, #1040 ) ;
#4846 = MANIFOLD_SOLID_BREP ( 'Support_and_servo_mount_M3_clearance', #10240 ) ;
#4847 = CC_DESIGN_APPROVAL ( #8779, ( #4144 ) ) ;
#4848 = CARTESIAN_POINT ( 'NONE',  ( -6.000000000000000000, 0.000000000000000000, 20.00000000000000000 ) ) ;
#4849 = VERTEX_POINT ( 'NONE', #6225 ) ;
#4850 = APPROVAL_DATE_TIME ( #3977, #16 ) ;
#4851 = CARTESIAN_POINT ( 'NONE',  ( 0.000000000000000000, 0.000000000000000000, 90.00000000000000000 ) ) ;
#4852 = EDGE_CURVE ( 'NONE', #7236, #3397, #5359, .T. ) ;
#4853 = VERTEX_POINT ( 'NONE', #7933 ) ;
#4854 = DIRECTION ( 'NONE',  ( 1.000000000000000000, 0.000000000000000000, 0.000000000000000000 ) ) ;
#4855 = PERSON_AND_ORGANIZATION ( #10500, #8573 ) ;
#4856 = CARTESIAN_POINT ( 'NONE',  ( 125.7000000000000028, -0.2256158049110661423, -0.000000000000000000 ) ) ;
#4857 = LINE ( 'NONE', #8088, #4914 ) ;
#4858 = LOCAL_TIME ( 6, 20, 19.00000000000000000, #7536 ) ;
#4859 = PLANE ( 'NONE',  #9226 ) ;
#4860 = CARTESIAN_POINT ( 'NONE',  ( 28.00000000000000000, 0.000000000000000000, 24.00000000000000000 ) ) ;
#4861 = LOCAL_TIME ( 6, 20, 19.00000000000000000, #2382 ) ;
#4862 = FACE_OUTER_BOUND ( 'NONE', #6797, .T. ) ;
#4863 = APPROVAL ( #4431, 'ๆช' ) ;
#4864 = COORDINATED_UNIVERSAL_TIME_OFFSET ( 5, 0, .BEHIND. ) ;
#4865 = ORIENTED_EDGE ( 'NONE', *, *, #5682, .F. ) ;
#4866 = AXIS2_PLACEMENT_3D ( 'NONE', #1711, #5069, #994 ) ;
#4867 = CARTESIAN_POINT ( 'NONE',  ( 30.50000000000000000, 10.00000000000000000, 0.000000000000000000 ) ) ;
#4868 = DIRECTION ( 'NONE',  ( -0.000000000000000000, -0.000000000000000000, 1.000000000000000000 ) ) ;
#4869 = CARTESIAN_POINT ( 'NONE',  ( -10.00000000000000000, -10.00000000000000000, 0.000000000000000000 ) ) ;
#4870 = ORIENTED_EDGE ( 'NONE', *, *, #1471, .F. ) ;
#4871 = VECTOR ( 'NONE', #5111, 1000.000000000000000 ) ;
#4872 = CC_DESIGN_PERSON_AND_ORGANIZATION_ASSIGNMENT ( #10478, #2822, ( #7609 ) ) ;
#4873 = ORIENTED_EDGE ( 'NONE', *, *, #7288, .T. ) ;
#4874 = CARTESIAN_POINT ( 'NONE',  ( -19.14151426980784976, 0.000000000000000000, 10.51560493047243305 ) ) ;
#4875 = DATE_AND_TIME ( #4775, #5700 ) ;
#4876 = ORIENTED_EDGE ( 'NONE', *, *, #3841, .T. ) ;
#4877 = CARTESIAN_POINT ( 'NONE',  ( -15.59999999999999964, 62.50000000000000000, -1.200000000000000030E-05 ) ) ;
#4878 = DIRECTION ( 'NONE',  ( 1.000000000000000000, 0.000000000000000000, 0.000000000000000000 ) ) ;
#4879 = CARTESIAN_POINT ( 'NONE',  ( 0.5999999999999999778, 0.000000000000000000, 0.000000000000000000 ) ) ;
#4880 =( GEOMETRIC_REPRESENTATION_CONTEXT ( 3 ) GLOBAL_UNCERTAINTY_ASSIGNED_CONTEXT ( ( #9337 ) ) GLOBAL_UNIT_ASSIGNED_CONTEXT ( ( #7125, #1978, #10411 ) ) REPRESENTATION_CONTEXT ( 'NONE', 'WORKASPACE' ) );
#4881 = CARTESIAN_POINT ( 'NONE',  ( -9.442637939846992623, 47.34320465898992580, -0.000000000000000000 ) ) ;
#4882 = ADVANCED_FACE ( 'NONE', ( #9612 ), #5417, .F. ) ;
#4883 = B_SPLINE_CURVE_WITH_KNOTS ( 'NONE', 3,
 ( #7902, #8010, #3636, #5328, #427, #2145, #5489, #371, #8749, #5283, #9689, #2093, #9634, #5440, #4680, #6091, #1217, #8856 ),
 .UNSPECIFIED., .F., .F.,
 ( 4, 2, 2, 2, 2, 2, 2, 2, 4 ),
 ( -3.330669073875469621E-16, 0.06249999999999975020, 0.1249999999999998335, 0.1874999999999999167, 0.2500000000000000000, 0.3125000000000001110, 0.3750000000000001665, 0.4375000000000002220, 0.5000000000000003331 ),
 .UNSPECIFIED. ) ;
#4884 = EDGE_LOOP ( 'NONE', ( #3236, #7191, #5019, #172 ) ) ;
#4885 = CARTESIAN_POINT ( 'NONE',  ( 0.000000000000000000, 0.000000000000000000, 0.000000000000000000 ) ) ;
#4886 = CIRCLE ( 'NONE', #7333, 1.700000000000000178 ) ;
#4887 = B_SPLINE_CURVE_WITH_KNOTS ( 'NONE', 3,
 ( #1450, #611, #3929, #7258, #3982, #2217, #503, #2320, #7311, #2272, #3046, #5456, #7970, #8936, #387, #3758, #4856, #3877 ),
 .UNSPECIFIED., .F., .F.,
 ( 4, 2, 2, 2, 2, 2, 2, 2, 4 ),
 ( 0.5000000000000000000, 0.5625000000000000000, 0.6250000000000000000, 0.6875000000000000000, 0.7500000000000000000, 0.8125000000000000000, 0.8750000000000000000, 0.9375000000000000000, 1.000000000000000000 ),
 .UNSPECIFIED. ) ;
#4888 = CC_DESIGN_SECURITY_CLASSIFICATION ( #256, ( #10916 ) ) ;
#4889 = ORIENTED_EDGE ( 'NONE', *, *, #1106, .T. ) ;
#4890 = FACE_OUTER_BOUND ( 'NONE', #8970, .T. ) ;
#4891 = PERSON_AND_ORGANIZATION ( #10887, #8150 ) ;
#4892 = DIRECTION ( 'NONE',  ( 1.000000000000000000, -0.000000000000000000, 0.000000000000000000 ) ) ;
#4893 = CARTESIAN_POINT ( 'NONE',  ( 35.60000000000000142, 62.50000000000000000, -1.200000000000000030E-05 ) ) ;
#4894 = DIRECTION ( 'NONE',  ( 1.000000000000000000, 0.000000000000000000, 0.000000000000000000 ) ) ;
#4895 = DIRECTION ( 'NONE',  ( -1.000000000000000000, 0.000000000000000000, -0.000000000000000000 ) ) ;
#4896 =( GEOMETRIC_REPRESENTATION_CONTEXT ( 3 ) GLOBAL_UNCERTAINTY_ASSIGNED_CONTEXT ( ( #9659 ) ) GLOBAL_UNIT_ASSIGNED_CONTEXT ( ( #8582, #9308, #6694 ) ) REPRESENTATION_CONTEXT ( 'NONE', 'WORKASPACE' ) );
#4897 = ADVANCED_FACE ( 'NONE', ( #3721, #8782 ), #3005, .F. ) ;
#4898 = FACE_BOUND ( 'NONE', #9782, .T. ) ;
#4899 = ORIENTED_EDGE ( 'NONE', *, *, #1799, .F. ) ;
#4900 = PERSON_AND_ORGANIZATION_ROLE ( 'design_supplier' ) ;
#4901 = CARTESIAN_POINT ( 'NONE',  ( 20.00000000000000000, 12.00000000000000000, 0.000000000000000000 ) ) ;
#4902 = ORIENTED_EDGE ( 'NONE', *, *, #1396, .T. ) ;
#4903 = ORIENTED_EDGE ( 'NONE', *, *, #10229, .F. ) ;
#4904 = FACE_OUTER_BOUND ( 'NONE', #3361, .T. ) ;
#4905 = VECTOR ( 'NONE', #7547, 1000.000000000000000 ) ;
#4906 = CALENDAR_DATE ( 2026, 18, 9 ) ;
#4907 = LINE ( 'NONE', #8243, #2053 ) ;
#4908 = FACE_OUTER_BOUND ( 'NONE', #150, .T. ) ;
#4909 = FACE_OUTER_BOUND ( 'NONE', #5375, .T. ) ;
#4910 = DIRECTION ( 'NONE',  ( -0.000000000000000000, -0.000000000000000000, -1.000000000000000000 ) ) ;
#4911 = CIRCLE ( 'NONE', #2101, 1.700000000000000178 ) ;
#4912 = EDGE_CURVE ( 'NONE', #3529, #1453, #7989, .T. ) ;
#4913 = EDGE_CURVE ( 'NONE', #2801, #4936, #4660, .T. ) ;
#4914 = VECTOR ( 'NONE', #6536, 1000.000000000000000 ) ;
#4915 = CIRCLE ( 'NONE', #9321, 1.700000000000000178 ) ;
#4916 = FACE_OUTER_BOUND ( 'NONE', #533, .T. ) ;
#4917 = APPLICATION_PROTOCOL_DEFINITION ( 'international standard', 'config_control_design', 1994, #10150 ) ;
#4918 = EDGE_LOOP ( 'NONE', ( #5756, #10776, #1193, #7287 ) ) ;
#4919 = CARTESIAN_POINT ( 'NONE',  ( 9.047951289187748714, 10.68348068199795442, 10.26981335079017477 ) ) ;
#4920 = VECTOR ( 'NONE', #7239, 1000.000000000000000 ) ;
#4921 = FACE_OUTER_BOUND ( 'NONE', #9767, .T. ) ;
#4922 = CARTESIAN_POINT ( 'NONE',  ( 14.00000000000000000, 1.714505518806294638E-15, 16.00000000000000000 ) ) ;
#4923 = DIRECTION ( 'NONE',  ( -0.000000000000000000, 0.000000000000000000, 1.000000000000000000 ) ) ;
#4924 = CC_DESIGN_PERSON_AND_ORGANIZATION_ASSIGNMENT ( #6521, #6569, ( #9054 ) ) ;
#4925 = VECTOR ( 'NONE', #5133, 1000.000000000000000 ) ;
#4926 = ORIENTED_EDGE ( 'NONE', *, *, #2288, .F. ) ;
#4927 = DIRECTION ( 'NONE',  ( 0.000000000000000000, 0.000000000000000000, -1.000000000000000000 ) ) ;
#4928 = ITEM_DEFINED_TRANSFORMATION ( 'NONE', 'NONE', #8203,  #2087 ) ;
#4929 = ORIENTED_EDGE ( 'NONE', *, *, #185, .F. ) ;
#4930 = CARTESIAN_POINT ( 'NONE',  ( 12.30000000000000249, 70.00000000000000000, -6.000000000000000152E-06 ) ) ;
#4931 = CARTESIAN_POINT ( 'NONE',  ( -12.00000000000000000, -7.000000000000000000, 5.000000000000000000 ) ) ;
#4932 = ORIENTED_EDGE ( 'NONE', *, *, #6418, .F. ) ;
#4933 = LINE ( 'NONE', #10888, #3670 ) ;
#4934 = PRODUCT_RELATED_PRODUCT_CATEGORY ( 'detail', '', ( #758 ) ) ;
#4935 = CARTESIAN_POINT ( 'NONE',  ( 18.95712604296891968, -4.638809204729581026, 0.000000000000000000 ) ) ;
#4936 = VERTEX_POINT ( 'NONE', #10611 ) ;
#4937 = VECTOR ( 'NONE', #7831, 1000.000000000000000 ) ;
#4938 = CARTESIAN_POINT ( 'NONE',  ( -14.44263793983979838, 68.34320465898694863, -0.000000000000000000 ) ) ;
#4939 = ORIENTED_EDGE ( 'NONE', *, *, #4794, .F. ) ;
#4940 = DIRECTION ( 'NONE',  ( 0.000000000000000000, 1.000000000000000000, 0.000000000000000000 ) ) ;
#4941 = ADVANCED_FACE ( 'NONE', ( #8259 ), #4970, .F. ) ;
#4942 = EDGE_LOOP ( 'NONE', ( #2592, #11, #8455, #416 ) ) ;
#4943 = DIRECTION ( 'NONE',  ( -0.000000000000000000, -1.000000000000000000, -0.000000000000000000 ) ) ;
#4944 = CARTESIAN_POINT ( 'NONE',  ( -21.00000000000000000, 81.00000000000000000, 6.000000000000000000 ) ) ;
#4945 = CARTESIAN_POINT ( 'NONE',  ( 6.000000000000000000, -1.300000000000000044, -0.09997027095160138099 ) ) ;
#4946 = DIRECTION ( 'NONE',  ( -0.000000000000000000, -0.000000000000000000, -1.000000000000000000 ) ) ;
#4947 = LINE ( 'NONE', #9868, #4375 ) ;
#4948 = SHAPE_DEFINITION_REPRESENTATION ( #1458, #3512 ) ;
#4949 = CARTESIAN_POINT ( 'NONE',  ( 0.000000000000000000, 0.000000000000000000, 0.000000000000000000 ) ) ;
#4950 = CLOSED_SHELL ( 'NONE', ( #2249, #2290, #8579, #2617, #7225, #7829, #4040, #984, #2831, #10061, #1740, #10853, #1133, #1617, #7491, #9965, #9934, #2333, #3423, #2408, #10042, #7420, #1073, #1074, #2521, #9686, #9613, #3840, #7756, #5646, #10164, #6432, #2536, #9867, #7621, #3092, #1059, #6556, #3825, #6994, #3162, #10691 ) ) ;
#4951 = VERTEX_POINT ( 'NONE', #6605 ) ;
#4952 = ORIENTED_EDGE ( 'NONE', *, *, #8519, .T. ) ;
#4953 = PLANE ( 'NONE',  #6495 ) ;
#4954 = CALENDAR_DATE ( 2026, 18, 9 ) ;
#4955 = ADVANCED_FACE ( 'NONE', ( #3326 ), #3168, .F. ) ;
#4956 = CARTESIAN_POINT ( 'NONE',  ( -2.600000000000000089, 3.184081677783117698E-16, -1.200000000000000030E-05 ) ) ;
#4957 = CARTESIAN_POINT ( 'NONE',  ( 18.30006951123504777, 0.000000000000000000, 11.77491600511191550 ) ) ;
#4958 = DIRECTION ( 'NONE',  ( 0.000000000000000000, 1.000000000000000000, -0.000000000000000000 ) ) ;
#4959 = CARTESIAN_POINT ( 'NONE',  ( -27.69999999999999929, 57.00000000000000000, 0.000000000000000000 ) ) ;
#4960 = DIRECTION ( 'NONE',  ( 1.000000000000000000, 0.000000000000000000, 0.000000000000000000 ) ) ;
#4961 = DIRECTION ( 'NONE',  ( -0.000000000000000000, -0.000000000000000000, -1.000000000000000000 ) ) ;
#4962 = PERSON ( 'NAUO-PER14', 'UNSPECIFIED', 'UNSPECIFIED', ('UNSPECIFIED'), ('UNSPECIFIED'), ('UNSPECIFIED') ) ;
#4963 = COORDINATED_UNIVERSAL_TIME_OFFSET ( 5, 0, .BEHIND. ) ;
#4964 = EDGE_CURVE ( 'NONE', #1751, #3218, #4101, .T. ) ;
#4965 = ADVANCED_FACE ( 'NONE', ( #1516 ), #1628, .F. ) ;
#4966 = ORIENTED_EDGE ( 'NONE', *, *, #10423, .T. ) ;
#4967 = CARTESIAN_POINT ( 'NONE',  ( 10.01747428353794866, 9.780869486404816016, 8.486530660924678671 ) ) ;
#4968 = DIRECTION ( 'NONE',  ( 0.000000000000000000, 0.000000000000000000, -1.000000000000000000 ) ) ;
#4969 = CARTESIAN_POINT ( 'NONE',  ( -19.00000000000000000, 9.000000000000000000, 8.300000000000000711 ) ) ;
#4970 = PLANE ( 'NONE',  #2636 ) ;
#4971 = EDGE_CURVE ( 'NONE', #7837, #730, #3215, .T. ) ;
#4972 = ORIENTED_EDGE ( 'NONE', *, *, #8093, .F. ) ;
#4973 = CARTESIAN_POINT ( 'NONE',  ( -5.799999999999999822, 0.000000000000000000, 2.000000000000000000 ) ) ;
#4974 = EDGE_LOOP ( 'NONE', ( #9619, #4237, #5899, #3379 ) ) ;
#4975 = CARTESIAN_POINT ( 'NONE',  ( -18.30000000000000071, -34.00000000000000000, -1.200000000000000030E-05 ) ) ;
#4976 = CARTESIAN_POINT ( 'NONE',  ( 1.313216681092871818, -2.270342840037188559, -0.000000000000000000 ) ) ;
#4977 = DIRECTION ( 'NONE',  ( -0.000000000000000000, -0.000000000000000000, -1.000000000000000000 ) ) ;
#4978 = CARTESIAN_POINT ( 'NONE',  ( -10.70006951123578887, 48.77491600511331882, 0.000000000000000000 ) ) ;
#4979 = EDGE_LOOP ( 'NONE', ( #5121, #1505, #6940, #5157 ) ) ;
#4980 = SECURITY_CLASSIFICATION ( '', '', #2973 ) ;
#4981 = DIRECTION ( 'NONE',  ( 0.000000000000000000, 1.000000000000000000, 0.000000000000000000 ) ) ;
#4982 = DATE_TIME_ROLE ( 'classification_date' ) ;
#4983 = ORIENTED_EDGE ( 'NONE', *, *, #2346, .T. ) ;
#4984 = CARTESIAN_POINT ( 'NONE',  ( 11.88038519805911442, 7.406761620341380414, 9.105325610358853794 ) ) ;
#4985 = CC_DESIGN_PERSON_AND_ORGANIZATION_ASSIGNMENT ( #10210, #1831, ( #6304 ) ) ;
#4986 = COORDINATED_UNIVERSAL_TIME_OFFSET ( 5, 0, .BEHIND. ) ;
#4987 = EDGE_LOOP ( 'NONE', ( #10005, #5536, #9761, #3798 ) ) ;
#4988 = CARTESIAN_POINT ( 'NONE',  ( -10.00000000000000000, -10.00000000000000000, 39.50000000000000000 ) ) ;
#4989 = VECTOR ( 'NONE', #93, 1000.000000000000000 ) ;
#4990 = DIRECTION ( 'NONE',  ( -0.000000000000000000, 1.000000000000000000, -0.000000000000000000 ) ) ;
#4991 = DIRECTION ( 'NONE',  ( 1.000000000000000000, -0.000000000000000000, -0.000000000000000000 ) ) ;
#4992 = ORGANIZATION ( 'NAUO-ORG13', 'UNSPECIFIED', 'UNSPECIFIED' ) ;
#4993 = CARTESIAN_POINT ( 'NONE',  ( 125.7000000000000028, 0.000000000000000000, -6.000000000000000152E-06 ) ) ;
#4994 = ADVANCED_FACE ( 'NONE', ( #10663, #7429, #6547 ), #8152, .F. ) ;
#4995 = CARTESIAN_POINT ( 'NONE',  ( -27.69999999999999929, -57.00000000000000000, 5.000000000000000000 ) ) ;
#4996 = VECTOR ( 'NONE', #2957, 1000.000000000000000 ) ;
#4997 = PERSON_AND_ORGANIZATION ( #10500, #8573 ) ;
#4998 = CARTESIAN_POINT ( 'NONE',  ( 0.000000000000000000, 0.000000000000000000, 16.00000000000000000 ) ) ;
#4999 = APPROVAL_PERSON_ORGANIZATION ( #7386, #9172, #4056 ) ;
#5000 = VERTEX_POINT ( 'NONE', #5840 ) ;
#5001 = ORIENTED_EDGE ( 'NONE', *, *, #3163, .F. ) ;
#5002 = LINE ( 'NONE', #8527, #7730 ) ;
#5003 = EDGE_CURVE ( 'NONE', #9913, #227, #1571, .T. ) ;
#5004 = APPROVAL_DATE_TIME ( #8346, #10534 ) ;
#5005 = CARTESIAN_POINT ( 'NONE',  ( 0.000000000000000000, 57.00000000000000000, 0.000000000000000000 ) ) ;
#5006 = CARTESIAN_POINT ( 'NONE',  ( 29.95702773923838080, 47.63871090099440408, -0.000000000000000000 ) ) ;
#5007 = DIRECTION ( 'NONE',  ( 1.000000000000000000, 0.000000000000000000, 0.000000000000000000 ) ) ;
#5008 = FACE_BOUND ( 'NONE', #9775, .T. ) ;
#5009 = AXIS2_PLACEMENT_3D ( 'NONE', #600, #8073, #3090 ) ;
#5010 = LOCAL_TIME ( 6, 20, 19.00000000000000000, #5498 ) ;
#5011 = EDGE_CURVE ( 'NONE', #4168, #7503, #9107, .T. ) ;
#5012 = COORDINATED_UNIVERSAL_TIME_OFFSET ( 5, 0, .BEHIND. ) ;
#5013 = EDGE_CURVE ( 'NONE', #7112, #9850, #2448, .T. ) ;
#5014 = MECHANICAL_CONTEXT ( 'NONE', #2833, 'mechanical' ) ;
#5015 = CARTESIAN_POINT ( 'NONE',  ( 15.69999999999999929, 70.00000000000000000, -6.000000000000000152E-06 ) ) ;
#5016 = DIRECTION ( 'NONE',  ( 0.000000000000000000, 0.000000000000000000, -1.000000000000000000 ) ) ;
#5017 = PERSON_AND_ORGANIZATION_ROLE ( 'classification_officer' ) ;
#5018 = APPROVAL_PERSON_ORGANIZATION ( #7562, #1841, #6116 ) ;
#5019 = ORIENTED_EDGE ( 'NONE', *, *, #3699, .F. ) ;
#5020 = LINE ( 'NONE', #124, #9131 ) ;
#5021 = CARTESIAN_POINT ( 'NONE',  ( -12.34333309900690878, 70.44258473825124156, -0.000000000000000000 ) ) ;
#5022 = CARTESIAN_POINT ( 'NONE',  ( 0.5999999999999999778, 13.98713694792469120, 0.000000000000000000 ) ) ;
#5023 = CARTESIAN_POINT ( 'NONE',  ( -22.00000000000000000, 8.000000000000000000, 24.00000000000000000 ) ) ;
#5024 = EDGE_CURVE ( 'NONE', #246, #5990, #3271, .T. ) ;
#5025 = LOCAL_TIME ( 6, 20, 19.00000000000000000, #8658 ) ;
#5026 = ADVANCED_FACE ( 'NONE', ( #627 ), #9212, .F. ) ;
#5027 = EDGE_CURVE ( 'NONE', #6338, #10289, #10878, .T. ) ;
#5028 = VECTOR ( 'NONE', #7222, 1000.000000000000000 ) ;
#5029 = ORIENTED_EDGE ( 'NONE', *, *, #9415, .F. ) ;
#5030 = CARTESIAN_POINT ( 'NONE',  ( 12.29993048876420936, 69.77491600511629599, 0.000000000000000000 ) ) ;
#5031 = COORDINATED_UNIVERSAL_TIME_OFFSET ( 5, 0, .BEHIND. ) ;
#5032 = ORIENTED_EDGE ( 'NONE', *, *, #590, .T. ) ;
#5033 = CARTESIAN_POINT ( 'NONE',  ( 15.04297226075843419, 71.36128909900689621, -0.000000000000000000 ) ) ;
#5034 = CARTESIAN_POINT ( 'NONE',  ( 27.69999999999999929, 0.000000000000000000, 0.000000000000000000 ) ) ;
#5035 = ORIENTED_EDGE ( 'NONE', *, *, #2634, .T. ) ;
#5036 = DIRECTION ( 'NONE',  ( 0.000000000000000000, -1.000000000000000000, 0.000000000000000000 ) ) ;
#5037 = CARTESIAN_POINT ( 'NONE',  ( 136.4425847382504742, -1.656666900993888580, 0.000000000000000000 ) ) ;
#5038 = AXIS2_PLACEMENT_3D ( 'NONE', #5199, #10441, #8553 ) ;
#5039 = EDGE_CURVE ( 'NONE', #3780, #86, #5954, .T. ) ;
#5040 = ADVANCED_FACE ( 'NONE', ( #10719 ), #8201, .F. ) ;
#5041 = ORIENTED_EDGE ( 'NONE', *, *, #1417, .T. ) ;
#5042 = SHAPE_REPRESENTATION_RELATIONSHIP ( 'NONE' , 'NONE' ,  #5673, #4705 ) ;
#5043 = VECTOR ( 'NONE', #8017, 1000.000000000000000 ) ;
#5044 = CARTESIAN_POINT ( 'NONE',  ( -14.22508399489131214, 68.30006951123358760, 0.000000000000000000 ) ) ;
#5045 = PERSON_AND_ORGANIZATION ( #10500, #8573 ) ;
#5046 = ORIENTED_EDGE ( 'NONE', *, *, #5011, .F. ) ;
#5047 = CARTESIAN_POINT ( 'NONE',  ( -10.72380529476374100, 9.000000000000252243, 10.20000000000124984 ) ) ;
#5048 = SECURITY_CLASSIFICATION_LEVEL ( 'unclassified' ) ;
#5049 = VECTOR ( 'NONE', #2747, 1000.000000000000000 ) ;
#5050 = ORIENTED_EDGE ( 'NONE', *, *, #8211, .T. ) ;
#5051 = PLANE ( 'NONE',  #3128 ) ;
#5052 = CARTESIAN_POINT ( 'NONE',  ( 135.1414610682097930, 1.484523509544901421, -0.000000000000000000 ) ) ;
#5053 = LINE ( 'NONE', #6688, #3273 ) ;
#5054 = FACE_OUTER_BOUND ( 'NONE', #1317, .T. ) ;
#5055 = CYLINDRICAL_SURFACE ( 'NONE', #7168, 1.700000000000000178 ) ;
#5056 = ORIENTED_EDGE ( 'NONE', *, *, #3498, .F. ) ;
#5057 = ADVANCED_FACE ( 'NONE', ( #6448 ), #4051, .F. ) ;
#5058 = CC_DESIGN_DATE_AND_TIME_ASSIGNMENT ( #7939, #9460, ( #617 ) ) ;
#5059 = CIRCLE ( 'NONE', #4368, 30.00000000000000000 ) ;
#5060 = ORGANIZATION ( 'NAUO-ORG24', 'UNSPECIFIED', 'UNSPECIFIED' ) ;
#5061 = DATE_AND_TIME ( #989, #439 ) ;
#5062 = DESIGN_CONTEXT ( 'detailed design', #9019, 'design' ) ;
#5063 = FACE_BOUND ( 'NONE', #9142, .T. ) ;
#5064 = ORIENTED_EDGE ( 'NONE', *, *, #5391, .T. ) ;
#5065 = ORIENTED_EDGE ( 'NONE', *, *, #5635, .F. ) ;
#5066 = LINE ( 'NONE', #4302, #8 ) ;
#5067 = EDGE_LOOP ( 'NONE', ( #10058, #1641, #4870, #6678 ) ) ;
#5068 = COORDINATED_UNIVERSAL_TIME_OFFSET ( 5, 0, .BEHIND. ) ;
#5069 = DIRECTION ( 'NONE',  ( 0.000000000000000000, 0.000000000000000000, 1.000000000000000000 ) ) ;
#5070 = CARTESIAN_POINT ( 'NONE',  ( 19.77438419509190837, -0.000000000000000000, 13.70000000000000284 ) ) ;
#5071 = CIRCLE ( 'NONE', #8757, 19.00000000000000000 ) ;
#5072 = CARTESIAN_POINT ( 'NONE',  ( -6.000000000000000000, -1.300000000000000044, 16.00000000000000000 ) ) ;
#5073 = FACE_BOUND ( 'NONE', #8239, .T. ) ;
#5074 = APPROVAL ( #934, 'ๆช' ) ;
#5075 = PERSON_AND_ORGANIZATION ( #10500, #8573 ) ;
#5076 = AXIS2_PLACEMENT_3D ( 'NONE', #8894, #1355, #517 ) ;
#5077 =( REPRESENTATION_RELATIONSHIP ('NONE','NONE', #403, #1619 ) REPRESENTATION_RELATIONSHIP_WITH_TRANSFORMATION ( #5423 )SHAPE_REPRESENTATION_RELATIONSHIP( ) );
#5078 = VECTOR ( 'NONE', #3732, 1000.000000000000000 ) ;
#5079 = DATE_AND_TIME ( #7755, #2251 ) ;
#5080 = DIRECTION ( 'NONE',  ( 1.000000000000000000, 0.000000000000000000, 0.000000000000000000 ) ) ;
#5081 = CARTESIAN_POINT ( 'NONE',  ( -10.70006951123579064, -0.000000000000000000, 21.22508399488681974 ) ) ;
#5082 = APPLICATION_PROTOCOL_DEFINITION ( 'international standard', 'config_control_design', 1994, #8505 ) ;
#5083 = EDGE_LOOP ( 'NONE', ( #6306, #10788, #768, #2252 ) ) ;
#5084 = DIRECTION ( 'NONE',  ( -1.000000000000000000, -0.000000000000000000, -0.000000000000000000 ) ) ;
#5085 = EDGE_CURVE ( 'NONE', #5696, #624, #7380, .T. ) ;
#5086 = DIRECTION ( 'NONE',  ( -0.000000000000000000, -0.000000000000000000, 1.000000000000000000 ) ) ;
#5087 = AXIS2_PLACEMENT_3D ( 'NONE', #6717, #5957, #1839 ) ;
#5088 = DIRECTION ( 'NONE',  ( -1.000000000000000000, -0.000000000000000000, -0.000000000000000000 ) ) ;
#5089 = DIRECTION ( 'NONE',  ( 0.000000000000000000, 1.000000000000000000, 0.000000000000000000 ) ) ;
#5090 = ORIENTED_EDGE ( 'NONE', *, *, #3073, .T. ) ;
#5091 = CIRCLE ( 'NONE', #8964, 1.700000000000000178 ) ;
#5092 = EDGE_LOOP ( 'NONE', ( #6835, #8278, #3921, #3108 ) ) ;
#5093 = CARTESIAN_POINT ( 'NONE',  ( -27.69999999999999929, -45.00000000000000000, 5.000000000000000000 ) ) ;
#5094 = EDGE_CURVE ( 'NONE', #2474, #8065, #1730, .T. ) ;
#5095 = EDGE_LOOP ( 'NONE', ( #7049, #6017, #191, #917 ) ) ;
#5096 = DIRECTION ( 'NONE',  ( 0.000000000000000000, -1.000000000000000000, 0.000000000000000000 ) ) ;
#5097 = DIRECTION ( 'NONE',  ( 1.000000000000000000, 0.000000000000000000, 0.000000000000000000 ) ) ;
#5098 = EDGE_LOOP ( 'NONE', ( #3367, #7334, #6150, #1336 ) ) ;
#5099 = DIRECTION ( 'NONE',  ( 1.000000000000000000, -0.000000000000000000, 0.000000000000000000 ) ) ;
#5100 = CIRCLE ( 'NONE', #3170, 30.00000000000000000 ) ;
#5101 = CARTESIAN_POINT ( 'NONE',  ( -12.00000000000000000, -7.000000000000000000, 3.299999999999999822 ) ) ;
#5102 = VECTOR ( 'NONE', #1081, 1000.000000000000000 ) ;
#5103 = EDGE_LOOP ( 'NONE', ( #4439, #4459 ) ) ;
#5104 = COORDINATED_UNIVERSAL_TIME_OFFSET ( 5, 0, .BEHIND. ) ;
#5105 = ORIENTED_EDGE ( 'NONE', *, *, #1743, .T. ) ;
#5106 = CARTESIAN_POINT ( 'NONE',  ( 2.600000000000000089, 0.000000000000000000, -1.200000000000000030E-05 ) ) ;
#5107 = AXIS2_PLACEMENT_3D ( 'NONE', #2280, #10869, #9152 ) ;
#5108 = APPROVAL_DATE_TIME ( #7565, #10255 ) ;
#5109 = EDGE_CURVE ( 'NONE', #9616, #5000, #7596, .T. ) ;
#5110 = ORIENTED_EDGE ( 'NONE', *, *, #6138, .T. ) ;
#5111 = DIRECTION ( 'NONE',  ( -0.000000000000000000, -0.000000000000000000, 1.000000000000000000 ) ) ;
#5112 = EDGE_CURVE ( 'NONE', #8678, #10512, #9494, .T. ) ;
#5113 = VERTEX_POINT ( 'NONE', #7655 ) ;
#5114 = DIRECTION ( 'NONE',  ( -1.000000000000000000, -0.000000000000000000, -0.000000000000000000 ) ) ;
#5115 = DIRECTION ( 'NONE',  ( -0.000000000000000000, -0.000000000000000000, 1.000000000000000000 ) ) ;
#5116 = LINE ( 'NONE', #2526, #1676 ) ;
#5117 = DIRECTION ( 'NONE',  ( 0.000000000000000000, 0.000000000000000000, 1.000000000000000000 ) ) ;
#5118 = VECTOR ( 'NONE', #319, 1000.000000000000000 ) ;
#5119 = APPLICATION_PROTOCOL_DEFINITION ( 'international standard', 'config_control_design', 1994, #3813 ) ;
#5120 = CARTESIAN_POINT ( 'NONE',  ( 30.55736206015159340, 29.34320465898919750, -0.000000000000000000 ) ) ;
#5121 = ORIENTED_EDGE ( 'NONE', *, *, #5794, .F. ) ;
#5122 = EDGE_LOOP ( 'NONE', ( #5046, #8140, #5327, #9348, #8526, #9567, #8002, #8710 ) ) ;
#5123 = LINE ( 'NONE', #7580, #10758 ) ;
#5124 = APPROVAL_DATE_TIME ( #1768, #4115 ) ;
#5125 = DIRECTION ( 'NONE',  ( 1.000000000000000000, 0.000000000000000000, 0.000000000000000000 ) ) ;
#5126 = EDGE_CURVE ( 'NONE', #7421, #2082, #1953, .T. ) ;
#5127 = DIRECTION ( 'NONE',  ( 0.000000000000000000, 0.000000000000000000, 1.000000000000000000 ) ) ;
#5128 = LINE ( 'NONE', #8532, #7709 ) ;
#5129 = FACE_BOUND ( 'NONE', #1114, .T. ) ;
#5130 = APPROVAL_ROLE ( '' ) ;
#5131 = DATE_AND_TIME ( #7588, #6100 ) ;
#5132 = DIRECTION ( 'NONE',  ( -0.000000000000000000, -0.000000000000000000, -1.000000000000000000 ) ) ;
#5133 = DIRECTION ( 'NONE',  ( 0.000000000000000000, 1.000000000000000000, 0.000000000000000000 ) ) ;
#5134 = PERSON_AND_ORGANIZATION_ROLE ( 'design_supplier' ) ;
#5135 = ORIENTED_EDGE ( 'NONE', *, *, #1398, .F. ) ;
#5136 = APPROVAL ( #8052, 'UNKNOWN' ) ;
#5137 = DIRECTION ( 'NONE',  ( -0.000000000000000000, -0.000000000000000000, -1.000000000000000000 ) ) ;
#5138 = CC_DESIGN_PERSON_AND_ORGANIZATION_ASSIGNMENT ( #8912, #1374, ( #7882 ) ) ;
#5139 = FACE_OUTER_BOUND ( 'NONE', #8166, .T. ) ;
#5140 = CARTESIAN_POINT ( 'NONE',  ( 31.00000000000000000, 8.000000000000000000, 21.00000000000000000 ) ) ;
#5141 = CARTESIAN_POINT ( 'NONE',  ( -8.141514269805311343, 32.48439506952830413, 0.000000000000000000 ) ) ;
#5142 = EDGE_CURVE ( 'NONE', #4282, #2282, #5194, .T. ) ;
#5143 = EDGE_LOOP ( 'NONE', ( #7446, #951, #4559, #7598 ) ) ;
#5144 = CARTESIAN_POINT ( 'NONE',  ( -18.30000000000000071, -6.000000000000000000, -6.000000000000000152E-06 ) ) ;
#5145 = ADVANCED_FACE ( 'NONE', ( #3551 ), #4213, .F. ) ;
#5146 = EDGE_LOOP ( 'NONE', ( #2914, #240 ) ) ;
#5147 = CARTESIAN_POINT ( 'NONE',  ( 20.00000000000000000, -12.00000000000000000, 2.000000000000000000 ) ) ;
#5148 = CARTESIAN_POINT ( 'NONE',  ( 0.5999999999999998668, 9.000000000000000000, 8.500000000000000000 ) ) ;
#5149 = AXIS2_PLACEMENT_3D ( 'NONE', #6058, #9439, #1897 ) ;
#5150 = DIRECTION ( 'NONE',  ( 0.000000000000000000, 0.000000000000000000, 1.000000000000000000 ) ) ;
#5151 = CARTESIAN_POINT ( 'NONE',  ( -8.141514269807105464, 0.000000000000000000, 19.51560493047243838 ) ) ;
#5152 = VERTEX_POINT ( 'NONE', #5301 ) ;
#5153 = EDGE_CURVE ( 'NONE', #8280, #1578, #1071, .T. ) ;
#5154 = ORIENTED_EDGE ( 'NONE', *, *, #656, .T. ) ;
#5155 = CARTESIAN_POINT ( 'NONE',  ( 11.87876165948471652, 7.409364245642842128, 7.888093465597637355 ) ) ;
#5156 = PERSON_AND_ORGANIZATION_ROLE ( 'classification_officer' ) ;
#5157 = ORIENTED_EDGE ( 'NONE', *, *, #7445, .T. ) ;
#5158 = DIRECTION ( 'NONE',  ( 1.000000000000000000, -0.000000000000000000, -0.000000000000000000 ) ) ;
#5159 = CARTESIAN_POINT ( 'NONE',  ( 31.19999999999999929, 59.50000000000000000, -1.200000000000000030E-05 ) ) ;
#5160 = LINE ( 'NONE', #10020, #2102 ) ;
#5161 = DIRECTION ( 'NONE',  ( -0.000000000000000000, -0.000000000000000000, -1.000000000000000000 ) ) ;
#5162 = DIRECTION ( 'NONE',  ( 1.000000000000000000, 0.000000000000000000, 0.000000000000000000 ) ) ;
#5163 = ORIENTED_EDGE ( 'NONE', *, *, #4232, .T. ) ;
#5164 = SECURITY_CLASSIFICATION ( '', '', #9977 ) ;
#5165 = EDGE_LOOP ( 'NONE', ( #9677, #3818, #3680, #9895 ) ) ;
#5166 = EDGE_CURVE ( 'NONE', #2082, #10680, #3382, .T. ) ;
#5167 = ADVANCED_FACE ( 'NONE', ( #6059 ), #9272, .F. ) ;
#5168 = PERSON_AND_ORGANIZATION_ROLE ( 'design_owner' ) ;
#5169 = DESIGN_CONTEXT ( 'detailed design', #1140, 'design' ) ;
#5170 = DIRECTION ( 'NONE',  ( 1.000000000000000000, 0.000000000000000000, 0.000000000000000000 ) ) ;
#5171 = AXIS2_PLACEMENT_3D ( 'NONE', #7954, #6471, #432 ) ;
#5172 = ORIENTED_EDGE ( 'NONE', *, *, #6969, .T. ) ;
#5173 = DIRECTION ( 'NONE',  ( 0.000000000000000000, -1.000000000000000000, 0.000000000000000000 ) ) ;
#5174 = CARTESIAN_POINT ( 'NONE',  ( 137.6566669009919792, 0.4425847382503730332, -0.000000000000000000 ) ) ;
#5175 = CARTESIAN_POINT ( 'NONE',  ( -9.361408682914866830, 10.41030262302256482, 9.044205745375567318 ) ) ;
#5176 = CARTESIAN_POINT ( 'NONE',  ( -18.34333309900561915, -5.557415261748373858, -0.000000000000000000 ) ) ;
#5177 = CARTESIAN_POINT ( 'NONE',  ( 6.000000000000000000, -1.300000000000000044, 0.000000000000000000 ) ) ;
#5178 = LINE ( 'NONE', #4367, #3971 ) ;
#5179 = VECTOR ( 'NONE', #8769, 1000.000000000000000 ) ;
#5180 = CC_DESIGN_SECURITY_CLASSIFICATION ( #1139, ( #10908 ) ) ;
#5181 = COORDINATED_UNIVERSAL_TIME_OFFSET ( 5, 0, .BEHIND. ) ;
#5182 = ADVANCED_FACE ( 'NONE', ( #66 ), #2615, .F. ) ;
#5183 = APPROVAL_STATUS ( 'not_yet_approved' ) ;
#5184 = LINE ( 'NONE', #833, #8746 ) ;
#5185 = DIRECTION ( 'NONE',  ( 0.000000000000000000, 1.000000000000000000, 0.000000000000000000 ) ) ;
#5186 = APPROVAL_ROLE ( '' ) ;
#5187 = ORIENTED_EDGE ( 'NONE', *, *, #3358, .F. ) ;
#5188 = AXIS2_PLACEMENT_3D ( 'NONE', #2221, #5567, #10545 ) ;
#5189 = CARTESIAN_POINT ( 'NONE',  ( -9.000000000000000000, -6.000000000000000152E-06, 4.699999999999999289 ) ) ;
#5190 = LOCAL_TIME ( 6, 20, 19.00000000000000000, #2046 ) ;
#5191 = LINE ( 'NONE', #126, #10232 ) ;
#5192 = APPROVAL_PERSON_ORGANIZATION ( #1928, #5074, #9418 ) ;
#5193 = DIRECTION ( 'NONE',  ( 1.000000000000000000, 0.000000000000000000, 0.000000000000000000 ) ) ;
#5194 = LINE ( 'NONE', #4270, #3864 ) ;
#5195 = ORIENTED_EDGE ( 'NONE', *, *, #9557, .T. ) ;
#5196 = APPROVAL ( #7615, 'UNKNOWN' ) ;
#5197 = LOCAL_TIME ( 6, 20, 19.00000000000000000, #4231 ) ;
#5198 = ORIENTED_EDGE ( 'NONE', *, *, #8534, .T. ) ;
#5199 = CARTESIAN_POINT ( 'NONE',  ( -14.00000000000000000, 9.000000000000000000, 8.500000000000000000 ) ) ;
#5200 = ORIENTED_EDGE ( 'NONE', *, *, #8093, .T. ) ;
#5201 = CARTESIAN_POINT ( 'NONE',  ( 20.00000000000000000, 8.000000000000000000, 10.30000000000000071 ) ) ;
#5202 = APPROVAL_PERSON_ORGANIZATION ( #3396, #7212, #1640 ) ;
#5203 = ORIENTED_EDGE ( 'NONE', *, *, #9803, .F. ) ;
#5204 = DIRECTION ( 'NONE',  ( 1.000000000000000000, 0.000000000000000000, 0.000000000000000000 ) ) ;
#5205 = DIRECTION ( 'NONE',  ( 1.000000000000000000, 0.000000000000000000, 0.000000000000000000 ) ) ;
#5206 = EDGE_LOOP ( 'NONE', ( #9175, #2294, #6879, #10694 ) ) ;
#5207 = CC_DESIGN_PERSON_AND_ORGANIZATION_ASSIGNMENT ( #9085, #2477, ( #8889 ) ) ;
#5208 = DIRECTION ( 'NONE',  ( 0.000000000000000000, 0.000000000000000000, 1.000000000000000000 ) ) ;
#5209 = LOCAL_TIME ( 6, 20, 19.00000000000000000, #567 ) ;
#5210 = ORIENTED_EDGE ( 'NONE', *, *, #7587, .T. ) ;
#5211 = CARTESIAN_POINT ( 'NONE',  ( 11.68311043139274830, 7.714395407957672646, 7.381677801039299602 ) ) ;
#5212 = COORDINATED_UNIVERSAL_TIME_OFFSET ( 5, 0, .BEHIND. ) ;
#5213 = VERTEX_POINT ( 'NONE', #5249 ) ;
#5214 = DIRECTION ( 'NONE',  ( -0.000000000000000000, -0.000000000000000000, -1.000000000000000000 ) ) ;
#5215 = CARTESIAN_POINT ( 'NONE',  ( -20.00000000000000000, 12.00000000000000000, 0.000000000000000000 ) ) ;
#5216 = EDGE_LOOP ( 'NONE', ( #1753, #10785, #5857, #1273 ) ) ;
#5218 = EDGE_CURVE ( 'NONE', #1304, #408, #1251, .T. ) ;
#5217 = DIRECTION ( 'NONE',  ( 0.000000000000000000, 0.000000000000000000, 1.000000000000000000 ) ) ;
#5219 = VECTOR ( 'NONE', #3002, 1000.000000000000000 ) ;
#5220 = VERTEX_POINT ( 'NONE', #6112 ) ;
#5221 = DIRECTION ( 'NONE',  ( 0.000000000000000000, 0.000000000000000000, 1.000000000000000000 ) ) ;
#5222 = DIRECTION ( 'NONE',  ( 0.000000000000000000, 0.000000000000000000, 1.000000000000000000 ) ) ;
#5223 = APPLICATION_PROTOCOL_DEFINITION ( 'international standard', 'config_control_design', 1994, #1354 ) ;
#5224 = LINE ( 'NONE', #2857, #696 ) ;
#5225 = VECTOR ( 'NONE', #6294, 1000.000000000000000 ) ;
#5226 = ORIENTED_EDGE ( 'NONE', *, *, #6018, .T. ) ;
#5227 = DIRECTION ( 'NONE',  ( 1.000000000000000000, 0.000000000000000000, 0.000000000000000000 ) ) ;
#5228 = APPROVAL_DATE_TIME ( #1052, #813 ) ;
#5229 = CARTESIAN_POINT ( 'NONE',  ( 24.30000000000000071, 57.00000000000000000, -1.200000000000000030E-05 ) ) ;
#5230 = LINE ( 'NONE', #10419, #6737 ) ;
#5232 = ADVANCED_FACE ( 'NONE', ( #9440 ), #1899, .F. ) ;
#5231 = CARTESIAN_POINT ( 'NONE',  ( -15.70000000000000284, 0.000000000000000000, 0.000000000000000000 ) ) ;
#5233 = PLANE ( 'NONE',  #8711 ) ;
#5234 = AXIS2_PLACEMENT_3D ( 'NONE', #6710, #2545, #9263 ) ;
#5235 = LOCAL_TIME ( 6, 20, 19.00000000000000000, #1943 ) ;
#5236 = CALENDAR_DATE ( 2026, 18, 9 ) ;
#5237 = PERSON_AND_ORGANIZATION_ROLE ( 'classification_officer' ) ;
#5238 = CARTESIAN_POINT ( 'NONE',  ( -11.59999999999999964, 72.50000000000000000, 6.000000000000000000 ) ) ;
#5239 = CARTESIAN_POINT ( 'NONE',  ( -10.04297226076378635, -0.000000000000000000, 22.36128909900304862 ) ) ;
#5240 = COORDINATED_UNIVERSAL_TIME_OFFSET ( 5, 0, .BEHIND. ) ;
#5241 = AXIS2_PLACEMENT_3D ( 'NONE', #3199, #6530, #9916 ) ;
#5242 = ORIENTED_EDGE ( 'NONE', *, *, #9803, .T. ) ;
#5243 = LINE ( 'NONE', #10212, #5776 ) ;
#5245 = EDGE_CURVE ( 'NONE', #5564, #2075, #155, .T. ) ;
#5244 = LINE ( 'NONE', #10159, #5812 ) ;
#5246 = EDGE_CURVE ( 'NONE', #1284, #8907, #8440, .T. ) ;
#5247 = DIRECTION ( 'NONE',  ( 1.000000000000000000, 0.000000000000000000, 0.000000000000000000 ) ) ;
#5248 = CIRCLE ( 'NONE', #10538, 19.00000000000000000 ) ;
#5249 = CARTESIAN_POINT ( 'NONE',  ( -0.5999999999999998668, 9.000000000000000000, 11.70000000000000107 ) ) ;
#5250 = ORIENTED_EDGE ( 'NONE', *, *, #6227, .F. ) ;
#5251 = FACE_BOUND ( 'NONE', #10122, .T. ) ;
#5252 = VERTEX_POINT ( 'NONE', #6165 ) ;
#5253 = DIRECTION ( 'NONE',  ( 1.000000000000000000, 0.000000000000000000, 0.000000000000000000 ) ) ;
#5254 = VECTOR ( 'NONE', #9243, 1000.000000000000000 ) ;
#5255 = ORIENTED_EDGE ( 'NONE', *, *, #10339, .F. ) ;
#5256 = DIRECTION ( 'NONE',  ( 0.000000000000000000, 0.000000000000000000, 1.000000000000000000 ) ) ;
#5257 = EDGE_CURVE ( 'NONE', #10286, #3514, #8827, .T. ) ;
#5258 = DIRECTION ( 'NONE',  ( 0.000000000000000000, 0.000000000000000000, 1.000000000000000000 ) ) ;
#5259 = LINE ( 'NONE', #10338, #4746 ) ;
#5260 = PRODUCT_DEFINITION_SHAPE ( 'NONE', 'NONE',  #10912 ) ;
#5261 = ORIENTED_EDGE ( 'NONE', *, *, #6969, .F. ) ;
#5262 = VECTOR ( 'NONE', #6771, 1000.000000000000000 ) ;
#5263 =( NAMED_UNIT ( * ) SI_UNIT ( $, .STERADIAN. ) SOLID_ANGLE_UNIT ( ) );
#5264 = ORIENTED_EDGE ( 'NONE', *, *, #2740, .F. ) ;
#5265 = FACE_BOUND ( 'NONE', #3661, .T. ) ;
#5266 = COORDINATED_UNIVERSAL_TIME_OFFSET ( 5, 0, .BEHIND. ) ;
#5267 = EDGE_LOOP ( 'NONE', ( #4515, #5433, #7322, #1931 ) ) ;
#5268 = CARTESIAN_POINT ( 'NONE',  ( 32.36119079527443887, 50.04287395702762353, 0.000000000000000000 ) ) ;
#5269 = ORIENTED_EDGE ( 'NONE', *, *, #4686, .T. ) ;
#5270 = CARTESIAN_POINT ( 'NONE',  ( 31.00000000000000000, 77.49999999999998579, 3.000000000000000000 ) ) ;
#5271 = VECTOR ( 'NONE', #317, 1000.000000000000000 ) ;
#5272 = CC_DESIGN_PERSON_AND_ORGANIZATION_ASSIGNMENT ( #9177, #2837, ( #4149 ) ) ;
#5273 = VECTOR ( 'NONE', #3337, 1000.000000000000000 ) ;
#5274 = ORIENTED_EDGE ( 'NONE', *, *, #9503, .F. ) ;
#5275 = DIRECTION ( 'NONE',  ( -0.000000000000000000, -1.000000000000000000, -0.000000000000000000 ) ) ;
#5276 = DIRECTION ( 'NONE',  ( -0.000000000000000000, -0.000000000000000000, 1.000000000000000000 ) ) ;
#5277 = SHAPE_REPRESENTATION_RELATIONSHIP ( 'NONE' , 'NONE' ,  #3576, #8219 ) ;
#5278 = VECTOR ( 'NONE', #178, 1000.000000000000000 ) ;
#5279 = APPROVAL_DATE_TIME ( #10028, #8985 ) ;
#5280 = DIRECTION ( 'NONE',  ( 1.000000000000000000, 0.000000000000000000, 0.000000000000000000 ) ) ;
#5281 = EDGE_CURVE ( 'NONE', #10637, #7613, #8955, .T. ) ;
#5282 = EDGE_LOOP ( 'NONE', ( #3055, #4776, #3045, #3861 ) ) ;
#5283 = CARTESIAN_POINT ( 'NONE',  ( 32.70006951123652783, -0.000000000000000000, 20.77491600511587322 ) ) ;
#5284 = CONTEXT_DEPENDENT_SHAPE_REPRESENTATION ( #2268, #520 ) ;
#5285 = FACE_OUTER_BOUND ( 'NONE', #1766, .T. ) ;
#5286 = CARTESIAN_POINT ( 'NONE',  ( 31.00000000000000000, -1.200000000000000030E-05, 21.00000000000000000 ) ) ;
#5287 = CC_DESIGN_PERSON_AND_ORGANIZATION_ASSIGNMENT ( #9262, #2604, ( #3113 ) ) ;
#5288 = CARTESIAN_POINT ( 'NONE',  ( 20.00000000000000000, 0.000000000000000000, 58.00000000000000000 ) ) ;
#5289 = CARTESIAN_POINT ( 'NONE',  ( -7.300069511236165098, 0.000000000000000000, 3.225083994885764582 ) ) ;
#5290 = VECTOR ( 'NONE', #4173, 1000.000000000000000 ) ;
#5291 = CARTESIAN_POINT ( 'NONE',  ( -19.77491600511407555, -7.700069511235977160, -0.000000000000000000 ) ) ;
#5292 = CALENDAR_DATE ( 2026, 18, 9 ) ;
#5293 = CARTESIAN_POINT ( 'NONE',  ( -24.30000000000000071, 45.00000000000000000, 5.000000000000000000 ) ) ;
#5294 = EDGE_CURVE ( 'NONE', #865, #7278, #5406, .T. ) ;
#5295 = DIRECTION ( 'NONE',  ( -0.000000000000000000, -0.000000000000000000, 1.000000000000000000 ) ) ;
#5296 = CALENDAR_DATE ( 2026, 18, 9 ) ;
#5297 = ORIENTED_EDGE ( 'NONE', *, *, #3607, .T. ) ;
#5298 = CYLINDRICAL_SURFACE ( 'NONE', #4216, 1.700000000000000178 ) ;
#5299 = CYLINDRICAL_SURFACE ( 'NONE', #1447, 1.700000000000000178 ) ;
#5300 = CIRCLE ( 'NONE', #3021, 1.700000000000000178 ) ;
#5301 = CARTESIAN_POINT ( 'NONE',  ( 2.600000000000000089, 0.000000000000000000, -6.000000000000000152E-06 ) ) ;
#5302 = EDGE_CURVE ( 'NONE', #7236, #1582, #2880, .T. ) ;
#5303 = EDGE_CURVE ( 'NONE', #8571, #2888, #8717, .T. ) ;
#5304 = DIRECTION ( 'NONE',  ( 0.000000000000000000, 0.000000000000000000, -1.000000000000000000 ) ) ;
#5305 = DATE_AND_TIME ( #4171, #3103 ) ;
#5306 = ORIENTED_EDGE ( 'NONE', *, *, #6168, .T. ) ;
#5307 = CARTESIAN_POINT ( 'NONE',  ( 35.00000000000000000, 14.00000000000000000, 0.000000000000000000 ) ) ;
#5308 = VERTEX_POINT ( 'NONE', #9712 ) ;
#5309 = FACE_OUTER_BOUND ( 'NONE', #2198, .T. ) ;
#5310 = B_SPLINE_CURVE_WITH_KNOTS ( 'NONE', 3,
 ( #6542, #3320, #5836, #5781, #9208, #722, #952, #9990, #3266, #4919, #2611, #898, #8364, #9329, #8485, #4098, #4322, #8255, #7425, #10819, #2443, #4967, #6600, #7542, #8425, #6714 ),
 .UNSPECIFIED., .F., .F.,
 ( 4, 2, 2, 2, 2, 2, 2, 2, 2, 2, 2, 2, 4 ),
 ( 0.005952082253735857878, 0.006751715355029116496, 0.007551348456322374246, 0.008350981557615632864, 0.008750798108262262606, 0.009150614658908894083, 0.009550431209555523826, 0.009950247760202153569, 0.01035006431084878505, 0.01074988086149541652, 0.01114969741214204627, 0.01154951396278867601, 0.01234914706408193723 ),
 .UNSPECIFIED. ) ;
#5311 = DIRECTION ( 'NONE',  ( 0.000000000000000000, 0.000000000000000000, -1.000000000000000000 ) ) ;
#5312 = PLANE ( 'NONE',  #164 ) ;
#5313 = CARTESIAN_POINT ( 'NONE',  ( 213.0000000000000000, 30.00000000000000000, -102.5000000000000000 ) ) ;
#5314 = ADVANCED_FACE ( 'NONE', ( #2166 ), #9601, .T. ) ;
#5315 = EDGE_LOOP ( 'NONE', ( #4593, #3470, #6746, #4873, #9465, #3175, #5844, #4640, #8787, #1576, #4939 ) ) ;
#5316 = CARTESIAN_POINT ( 'NONE',  ( -11.46349721022022905, 8.039232687730914151, 7.079762322145246145 ) ) ;
#5317 = AXIS2_PLACEMENT_3D ( 'NONE', #9708, #9039, #5504 ) ;
#5318 = DATE_AND_TIME ( #5367, #6046 ) ;
#5319 = ORIENTED_EDGE ( 'NONE', *, *, #2141, .T. ) ;
#5320 = CARTESIAN_POINT ( 'NONE',  ( 29.63871090099853589, -0.000000000000000000, 1.957027739232769292 ) ) ;
#5321 = CARTESIAN_POINT ( 'NONE',  ( 186.0000000000000000, 0.000000000000000000, 3.000000000000000000 ) ) ;
#5322 = CARTESIAN_POINT ( 'NONE',  ( 31.60000000000000142, 72.50000000000000000, -1.200000000000000030E-05 ) ) ;
#5323 = DIRECTION ( 'NONE',  ( 0.000000000000000000, 1.000000000000000000, 0.000000000000000000 ) ) ;
#5324 = PERSON_AND_ORGANIZATION ( #10500, #8573 ) ;
#5325 = CC_DESIGN_PERSON_AND_ORGANIZATION_ASSIGNMENT ( #4592, #8028, ( #3277 ) ) ;
#5326 = LINE ( 'NONE', #2091, #5271 ) ;
#5327 = ORIENTED_EDGE ( 'NONE', *, *, #2755, .F. ) ;
#5328 = CARTESIAN_POINT ( 'NONE',  ( 31.85853893179215746, -0.000000000000000000, 22.48452350954280732 ) ) ;
#5329 = ORIENTED_EDGE ( 'NONE', *, *, #3146, .T. ) ;
#5330 = COORDINATED_UNIVERSAL_TIME_OFFSET ( 5, 0, .BEHIND. ) ;
#5331 = CARTESIAN_POINT ( 'NONE',  ( -10.36119079527047226, 29.95712604296879533, 0.000000000000000000 ) ) ;
#5332 = DIRECTION ( 'NONE',  ( 0.000000000000000000, -0.000000000000000000, -1.000000000000000000 ) ) ;
#5333 = ORIENTED_EDGE ( 'NONE', *, *, #10285, .F. ) ;
#5334 = CARTESIAN_POINT ( 'NONE',  ( -5.799999999999999822, 70.00000000000000000, -1.200000000000000030E-05 ) ) ;
#5335 = CARTESIAN_POINT ( 'NONE',  ( 43.00000000000000000, 0.000000000000000000, 24.00000000000000000 ) ) ;
#5336 = DIRECTION ( 'NONE',  ( 0.000000000000000000, 0.000000000000000000, 1.000000000000000000 ) ) ;
#5337 = PERSON_AND_ORGANIZATION ( #10500, #8573 ) ;
#5338 = APPROVAL ( #3410, 'ๆช' ) ;
#5339 = CARTESIAN_POINT ( 'NONE',  ( 31.00000000000000355, -6.000000000000000152E-06, 19.30000000000000071 ) ) ;
#5340 = ORGANIZATION ( 'NAUO-ORG2', 'UNSPECIFIED', 'UNSPECIFIED' ) ;
#5341 = DIRECTION ( 'NONE',  ( 0.000000000000000000, 0.000000000000000000, -1.000000000000000000 ) ) ;
#5342 = DATE_AND_TIME ( #2215, #6073 ) ;
#5343 = VERTEX_POINT ( 'NONE', #7976 ) ;
#5344 = CARTESIAN_POINT ( 'NONE',  ( -10.65666690099488889, 0.000000000000000000, 3.442584738250936471 ) ) ;
#5345 = DIRECTION ( 'NONE',  ( -1.000000000000000000, 0.000000000000000000, 0.000000000000000000 ) ) ;
#5346 = CARTESIAN_POINT ( 'NONE',  ( 0.000000000000000000, -1.300000000000000044, 16.00000000000000000 ) ) ;
#5347 = AXIS2_PLACEMENT_3D ( 'NONE', #10251, #1054, #1879 ) ;
#5348 = EDGE_CURVE ( 'NONE', #10817, #7947, #2014, .T. ) ;
#5349 = LOCAL_TIME ( 6, 20, 19.00000000000000000, #4737 ) ;
#5350 = CARTESIAN_POINT ( 'NONE',  ( -9.047801468925145585, 10.68361031932444760, 8.769664941663275926 ) ) ;
#5351 = VECTOR ( 'NONE', #3448, 1000.000000000000000 ) ;
#5352 = CARTESIAN_POINT ( 'NONE',  ( -20.85853893179037755, -32.51547649045614463, -0.000000000000000000 ) ) ;
#5353 = COORDINATED_UNIVERSAL_TIME_OFFSET ( 5, 0, .BEHIND. ) ;
#5354 = SECURITY_CLASSIFICATION ( '', '', #2133 ) ;
#5355 = ORIENTED_EDGE ( 'NONE', *, *, #1787, .F. ) ;
#5356 = FACE_OUTER_BOUND ( 'NONE', #9428, .T. ) ;
#5357 = FACE_OUTER_BOUND ( 'NONE', #2572, .T. ) ;
#5358 = EDGE_CURVE ( 'NONE', #2648, #4271, #564, .T. ) ;
#5359 = LINE ( 'NONE', #8895, #2098 ) ;
#5360 = EDGE_CURVE ( 'NONE', #2018, #3674, #3934, .T. ) ;
#5361 = CIRCLE ( 'NONE', #9065, 2.600000000000000089 ) ;
#5362 = EDGE_CURVE ( 'NONE', #4070, #1972, #4806, .T. ) ;
#5363 = LOCAL_TIME ( 6, 20, 19.00000000000000000, #2264 ) ;
#5364 = ORIENTED_EDGE ( 'NONE', *, *, #7506, .T. ) ;
#5365 = ORIENTED_EDGE ( 'NONE', *, *, #8800, .T. ) ;
#5366 = FACE_BOUND ( 'NONE', #1479, .T. ) ;
#5367 = CALENDAR_DATE ( 2026, 18, 9 ) ;
#5368 = LOCAL_TIME ( 6, 20, 19.00000000000000000, #7022 ) ;
#5369 = ORIENTED_EDGE ( 'NONE', *, *, #8312, .T. ) ;
#5370 = CARTESIAN_POINT ( 'NONE',  ( 32.65666690099504876, 49.44258473825041733, -0.000000000000000000 ) ) ;
#5371 = DIRECTION ( 'NONE',  ( 0.000000000000000000, -0.000000000000000000, 1.000000000000000000 ) ) ;
#5372 = EDGE_CURVE ( 'NONE', #6697, #3218, #5865, .T. ) ;
#5373 = CARTESIAN_POINT ( 'NONE',  ( -10.50000000000000000, 59.50000000000000000, -1.200000000000000030E-05 ) ) ;
#5374 = ADVANCED_FACE ( 'NONE', ( #10709 ), #2528, .F. ) ;
#5375 = EDGE_LOOP ( 'NONE', ( #1203, #10322, #1086, #1126 ) ) ;
#5376 = LINE ( 'NONE', #7738, #4046 ) ;
#5377 = ORIENTED_EDGE ( 'NONE', *, *, #871, .F. ) ;
#5378 = APPROVAL_PERSON_ORGANIZATION ( #3376, #6459, #10870 ) ;
#5379 =( NAMED_UNIT ( * ) SI_UNIT ( $, .STERADIAN. ) SOLID_ANGLE_UNIT ( ) );
#5380 = PERSON_AND_ORGANIZATION ( #10500, #8573 ) ;
#5381 = CARTESIAN_POINT ( 'NONE',  ( 32.69999999999999574, 30.77438419509625334, 0.000000000000000000 ) ) ;
#5382 = ORIENTED_EDGE ( 'NONE', *, *, #6295, .T. ) ;
#5383 = LINE ( 'NONE', #2915, #3535 ) ;
#5384 = ORIENTED_EDGE ( 'NONE', *, *, #2010, .F. ) ;
#5385 = APPROVAL_DATE_TIME ( #429, #10783 ) ;
#5386 = LINE ( 'NONE', #3862, #9087 ) ;
#5387 = CARTESIAN_POINT ( 'NONE',  ( 21.04297226076638339, -0.000000000000000000, 10.63871090099879879 ) ) ;
#5388 = EDGE_LOOP ( 'NONE', ( #6701, #9585, #7291, #4284 ) ) ;
#5389 = LINE ( 'NONE', #2920, #463 ) ;
#5390 = DIRECTION ( 'NONE',  ( 0.000000000000000000, 0.000000000000000000, 1.000000000000000000 ) ) ;
#5391 = EDGE_CURVE ( 'NONE', #8625, #10286, #8401, .T. ) ;
#5392 = CC_DESIGN_DATE_AND_TIME_ASSIGNMENT ( #5987, #3582, ( #10634 ) ) ;
#5393 = ORIENTED_EDGE ( 'NONE', *, *, #2865, .T. ) ;
#5394 = CARTESIAN_POINT ( 'NONE',  ( -28.00000000000000000, 8.000000000000000000, 0.000000000000000000 ) ) ;
#5395 = APPROVAL_STATUS ( 'not_yet_approved' ) ;
#5396 = LINE ( 'NONE', #276, #6098 ) ;
#5397 = CIRCLE ( 'NONE', #3834, 5.799999999999999822 ) ;
#5398 = LINE ( 'NONE', #8874, #8981 ) ;
#5399 = PERSON_AND_ORGANIZATION ( #10500, #8573 ) ;
#5400 = EDGE_LOOP ( 'NONE', ( #7889, #6282, #8439, #2347, #7266, #9843 ) ) ;
#5401 = CARTESIAN_POINT ( 'NONE',  ( 20.00000000000000000, -34.00000000000000000, -1.200000000000000030E-05 ) ) ;
#5402 = AXIS2_PLACEMENT_3D ( 'NONE', #4877, #4058, #6347 ) ;
#5403 = DIRECTION ( 'NONE',  ( -0.000000000000000000, -0.000000000000000000, 1.000000000000000000 ) ) ;
#5404 = CARTESIAN_POINT ( 'NONE',  ( -0.5999999999999999778, 13.98713694792469120, 16.00000000000000000 ) ) ;
#5405 = CC_DESIGN_PERSON_AND_ORGANIZATION_ASSIGNMENT ( #7981, #10606, ( #243 ) ) ;
#5406 = LINE ( 'NONE', #9657, #10373 ) ;
#5407 = VECTOR ( 'NONE', #6200, 1000.000000000000000 ) ;
#5408 = AXIS2_PLACEMENT_3D ( 'NONE', #10283, #2741, #9457 ) ;
#5409 = CARTESIAN_POINT ( 'NONE',  ( -19.55736206015264500, -32.34320465898993291, -0.000000000000000000 ) ) ;
#5410 = COORDINATED_UNIVERSAL_TIME_OFFSET ( 5, 0, .BEHIND. ) ;
#5411 = ADVANCED_FACE ( 'NONE', ( #6804 ), #5055, .F. ) ;
#5412 = ORIENTED_EDGE ( 'NONE', *, *, #5218, .F. ) ;
#5413 = CARTESIAN_POINT ( 'NONE',  ( 15.65686506842306791, 69.55753025008354484, -0.000000000000000000 ) ) ;
#5414 = LINE ( 'NONE', #10442, #1965 ) ;
#5415 = FACE_BOUND ( 'NONE', #2846, .T. ) ;
#5416 = ORIENTED_EDGE ( 'NONE', *, *, #8536, .F. ) ;
#5417 = PLANE ( 'NONE',  #4042 ) ;
#5418 = CARTESIAN_POINT ( 'NONE',  ( 42.00000000000000000, 30.00000000000000000, 74.50000000000000000 ) ) ;
#5419 = AXIS2_PLACEMENT_3D ( 'NONE', #1675, #7486, #8370 ) ;
#5420 = EDGE_CURVE ( 'NONE', #9869, #2474, #3407, .T. ) ;
#5421 = EDGE_LOOP ( 'NONE', ( #1869, #8861, #2025, #9840 ) ) ;
#5422 = CARTESIAN_POINT ( 'NONE',  ( -11.04168123444021887, 8.610387747206912579, 6.832736012061417341 ) ) ;
#5423 = ITEM_DEFINED_TRANSFORMATION ( 'NONE', 'NONE', #1205,  #2087 ) ;
#5424 = ORIENTED_EDGE ( 'NONE', *, *, #331, .F. ) ;
#5425 = CARTESIAN_POINT ( 'NONE',  ( 31.85848573019543650, 50.48439506952831834, 0.000000000000000000 ) ) ;
#5426 = ORIENTED_EDGE ( 'NONE', *, *, #6168, .F. ) ;
#5427 = CARTESIAN_POINT ( 'NONE',  ( 12.00000000000000000, 7.000000000000000000, 3.299999999999999822 ) ) ;
#5428 = CARTESIAN_POINT ( 'NONE',  ( 43.00000000000000000, 8.000000000000000000, 24.00000000000000000 ) ) ;
#5429 = VERTEX_POINT ( 'NONE', #4293 ) ;
#5430 = CIRCLE ( 'NONE', #6828, 14.00000000000000000 ) ;
#5431 = AXIS2_PLACEMENT_3D ( 'NONE', #8639, #5222, #1095 ) ;
#5432 = DIRECTION ( 'NONE',  ( 0.000000000000000000, 0.000000000000000000, 1.000000000000000000 ) ) ;
#5433 = ORIENTED_EDGE ( 'NONE', *, *, #1816, .F. ) ;
#5434 = ORIENTED_EDGE ( 'NONE', *, *, #9505, .T. ) ;
#5435 = PERSON_AND_ORGANIZATION ( #10500, #8573 ) ;
#5436 = DIRECTION ( 'NONE',  ( 0.000000000000000000, -0.000000000000000000, 1.000000000000000000 ) ) ;
#5437 = ADVANCED_FACE ( 'NONE', ( #618 ), #2647, .F. ) ;
#5438 = EDGE_CURVE ( 'NONE', #4287, #8571, #3354, .T. ) ;
#5439 = ORIENTED_EDGE ( 'NONE', *, *, #7431, .T. ) ;
#5440 = CARTESIAN_POINT ( 'NONE',  ( 32.04297226076235461, -0.000000000000000000, 19.63871090099589978 ) ) ;
#5441 = AXIS2_PLACEMENT_3D ( 'NONE', #4243, #6745, #7572 ) ;
#5442 = ORIENTED_EDGE ( 'NONE', *, *, #3743, .T. ) ;
#5443 = APPROVAL_DATE_TIME ( #7132, #3782 ) ;
#5444 = CARTESIAN_POINT ( 'NONE',  ( 10.50000000000000000, 0.000000000000000000, 0.000000000000000000 ) ) ;
#5445 = CARTESIAN_POINT ( 'NONE',  ( 18.30000000000000071, -6.000000000000000000, 5.000000000000000000 ) ) ;
#5446 = DIRECTION ( 'NONE',  ( 0.000000000000000000, 0.000000000000000000, 1.000000000000000000 ) ) ;
#5447 = CARTESIAN_POINT ( 'NONE',  ( 19.55736206015158629, -7.656795341010619538, -0.000000000000000000 ) ) ;
#5448 = AXIS2_PLACEMENT_3D ( 'NONE', #9189, #8342, #3411 ) ;
#5449 = CARTESIAN_POINT ( 'NONE',  ( 0.000000000000000000, 45.00000000000000000, 0.000000000000000000 ) ) ;
#5450 = DATE_TIME_ROLE ( 'creation_date' ) ;
#5451 = CARTESIAN_POINT ( 'NONE',  ( 29.95702773923763829, -0.000000000000000000, 22.36128909900410378 ) ) ;
#5452 = EDGE_CURVE ( 'NONE', #3012, #3054, #9044, .T. ) ;
#5453 = PLANE ( 'NONE',  #9149 ) ;
#5454 = DATE_AND_TIME ( #6373, #4160 ) ;
#5455 = VERTEX_POINT ( 'NONE', #3986 ) ;
#5456 = CARTESIAN_POINT ( 'NONE',  ( 124.8585389317929923, -1.484523509542397424, -0.000000000000000000 ) ) ;
#5457 = CARTESIAN_POINT ( 'NONE',  ( 1.951074882875576399, 1.724777374260472396, -0.000000000000000000 ) ) ;
#5458 = LINE ( 'NONE', #451, #3441 ) ;
#5459 = CARTESIAN_POINT ( 'NONE',  ( -10.01642623006862465, 9.784631539666259314, 6.978378753637993981 ) ) ;
#5460 = SHAPE_REPRESENTATION ( 'V2_01_base', ( #2087 ), #6443 ) ;
#5461 = AXIS2_PLACEMENT_3D ( 'NONE', #5820, #5173, #1655 ) ;
#5462 = UNCERTAINTY_MEASURE_WITH_UNIT (LENGTH_MEASURE( 1.000000000000000082E-05 ), #1211, 'distance_accuracy_value', 'NONE');
#5463 = PLANE ( 'NONE',  #5626 ) ;
#5464 = APPROVAL ( #2547, 'ๆช' ) ;
#5465 = PERSON_AND_ORGANIZATION ( #10500, #8573 ) ;
#5466 = EDGE_LOOP ( 'NONE', ( #8344, #3805, #1725, #8432, #143, #5203 ) ) ;
#5467 = FACE_OUTER_BOUND ( 'NONE', #9558, .T. ) ;
#5468 = ORIENTED_EDGE ( 'NONE', *, *, #10770, .F. ) ;
#5469 = FACE_OUTER_BOUND ( 'NONE', #9858, .T. ) ;
#5470 = CARTESIAN_POINT ( 'NONE',  ( 14.00000000000000000, 0.000000000000000000, 0.000000000000000000 ) ) ;
#5471 = EDGE_CURVE ( 'NONE', #8604, #584, #6691, .T. ) ;
#5472 = DIRECTION ( 'NONE',  ( 0.000000000000000000, 0.000000000000000000, 1.000000000000000000 ) ) ;
#5473 = APPROVAL ( #9723, 'ๆช' ) ;
#5474 = ORIENTED_EDGE ( 'NONE', *, *, #6607, .F. ) ;
#5475 = CARTESIAN_POINT ( 'NONE',  ( 0.000000000000000000, 27.50000000000000000, 3.000000000000000000 ) ) ;
#5476 = PERSON_AND_ORGANIZATION_ROLE ( 'classification_officer' ) ;
#5477 = ORIENTED_EDGE ( 'NONE', *, *, #185, .T. ) ;
#5478 = LINE ( 'NONE', #9678, #10867 ) ;
#5479 = FACE_OUTER_BOUND ( 'NONE', #4575, .T. ) ;
#5480 = ORIENTED_EDGE ( 'NONE', *, *, #4524, .F. ) ;
#5481 = CARTESIAN_POINT ( 'NONE',  ( -10.00000000000000000, 10.00000000000000000, 39.50000000000000000 ) ) ;
#5482 = ORIENTED_EDGE ( 'NONE', *, *, #1350, .F. ) ;
#5483 = CARTESIAN_POINT ( 'NONE',  ( 135.1415142698088800, -1.484395069527666422, 0.000000000000000000 ) ) ;
#5484 = ADVANCED_FACE ( 'NONE', ( #9826 ), #1701, .F. ) ;
#5485 = APPLICATION_CONTEXT ( 'configuration controlled 3d designs of mechanical parts and assemblies' ) ;
#5486 = PERSON_AND_ORGANIZATION ( #10500, #8573 ) ;
#5487 = DIRECTION ( 'NONE',  ( -1.000000000000000000, 0.000000000000000000, 0.000000000000000000 ) ) ;
#5488 = VERTEX_POINT ( 'NONE', #4761 ) ;
#5489 = CARTESIAN_POINT ( 'NONE',  ( 32.48439506952831834, 0.000000000000000000, 21.85848573019393370 ) ) ;
#5490 = CARTESIAN_POINT ( 'NONE',  ( -9.858485730192521501, 29.51560493047243128, 0.000000000000000000 ) ) ;
#5491 = DIRECTION ( 'NONE',  ( -0.000000000000000000, -1.000000000000000000, -0.000000000000000000 ) ) ;
#5492 = ORIENTED_EDGE ( 'NONE', *, *, #2153, .T. ) ;
#5493 = FACE_OUTER_BOUND ( 'NONE', #8376, .T. ) ;
#5494 = FACE_BOUND ( 'NONE', #6713, .T. ) ;
#5495 = EDGE_CURVE ( 'NONE', #6426, #6532, #8462, .T. ) ;
#5496 = ADVANCED_FACE ( 'NONE', ( #5623 ), #2586, .F. ) ;
#5497 = DIRECTION ( 'NONE',  ( -1.000000000000000000, 0.000000000000000000, -0.000000000000000000 ) ) ;
#5498 = COORDINATED_UNIVERSAL_TIME_OFFSET ( 5, 0, .BEHIND. ) ;
#5499 = DIRECTION ( 'NONE',  ( 0.000000000000000000, -1.000000000000000000, 0.000000000000000000 ) ) ;
#5500 = ORIENTED_EDGE ( 'NONE', *, *, #5733, .F. ) ;
#5501 = CARTESIAN_POINT ( 'NONE',  ( 9.843673541100125490, 9.955766678045154805, 7.090440972410965159 ) ) ;
#5502 = COORDINATED_UNIVERSAL_TIME_OFFSET ( 5, 0, .BEHIND. ) ;
#5503 = ORIENTED_EDGE ( 'NONE', *, *, #998, .T. ) ;
#5504 = DIRECTION ( 'NONE',  ( 0.000000000000000000, 0.000000000000000000, -1.000000000000000000 ) ) ;
#5505 = LINE ( 'NONE', #8714, #3323 ) ;
#5506 = FACE_BOUND ( 'NONE', #9458, .T. ) ;
#5507 = EDGE_LOOP ( 'NONE', ( #9090, #7760, #479, #2247 ) ) ;
#5508 = DIRECTION ( 'NONE',  ( -0.000000000000000000, -0.000000000000000000, -1.000000000000000000 ) ) ;
#5509 = ADVANCED_FACE ( 'NONE', ( #6908 ), #10354, .F. ) ;
#5510 = LOCAL_TIME ( 6, 20, 19.00000000000000000, #2094 ) ;
#5511 = FACE_OUTER_BOUND ( 'NONE', #7361, .T. ) ;
#5512 = CALENDAR_DATE ( 2026, 18, 9 ) ;
#5513 = B_SPLINE_CURVE_WITH_KNOTS ( 'NONE', 3,
 ( #10037, #1555, #2483, #823, #7159, #4193, #1297, #10553, #6336, #4713, #8891, #9717, #7416, #2170 ),
 .UNSPECIFIED., .F., .F.,
 ( 4, 2, 2, 2, 2, 2, 4 ),
 ( 0.2871120064002115058, 0.3403340048001586293, 0.3669450040001321911, 0.3935560032001057529, 0.4201670024000793147, 0.4467780016000528764, 0.5000000000000000000 ),
 .UNSPECIFIED. ) ;
#5514 = ORIENTED_EDGE ( 'NONE', *, *, #2549, .F. ) ;
#5515 = VECTOR ( 'NONE', #7783, 1000.000000000000000 ) ;
#5516 = PLANE ( 'NONE',  #10679 ) ;
#5517 = EDGE_LOOP ( 'NONE', ( #1748, #7840, #318, #882 ) ) ;
#5518 = ORGANIZATION ( 'NAUO-ORG14', 'UNSPECIFIED', 'UNSPECIFIED' ) ;
#5519 = DIRECTION ( 'NONE',  ( 1.000000000000000000, 0.000000000000000000, 0.000000000000000000 ) ) ;
#5520 = DIRECTION ( 'NONE',  ( 1.000000000000000000, 0.000000000000000000, 0.000000000000000000 ) ) ;
#5521 = APPROVAL ( #9092, 'ๆช' ) ;
#5522 = PRODUCT ( 'V2_REF_wheel_D60', 'V2_REF_wheel_D60', '', ( #7088 ) ) ;
#5523 = VECTOR ( 'NONE', #732, 1000.000000000000000 ) ;
#5524 = DIRECTION ( 'NONE',  ( -0.6000000000580284487, -0.7999999999564786357, 0.000000000000000000 ) ) ;
#5525 = CC_DESIGN_SECURITY_CLASSIFICATION ( #5354, ( #10909 ) ) ;
#5526 = EDGE_LOOP ( 'NONE', ( #1789, #10573 ) ) ;
#5527 = DIRECTION ( 'NONE',  ( -0.000000000000000000, 1.000000000000000000, 0.000000000000000000 ) ) ;
#5528 = COORDINATED_UNIVERSAL_TIME_OFFSET ( 5, 0, .BEHIND. ) ;
#5529 = ORIENTED_EDGE ( 'NONE', *, *, #1561, .T. ) ;
#5530 = DIRECTION ( 'NONE',  ( 0.000000000000000000, 0.000000000000000000, -1.000000000000000000 ) ) ;
#5531 = AXIS2_PLACEMENT_3D ( 'NONE', #10077, #6525, #5920 ) ;
#5532 = LINE ( 'NONE', #9621, #7094 ) ;
#5533 = LOCAL_TIME ( 6, 20, 19.00000000000000000, #1993 ) ;
#5534 = ORIENTED_EDGE ( 'NONE', *, *, #9750, .T. ) ;
#5535 = CARTESIAN_POINT ( 'NONE',  ( -2.130340194382252417, 1.498434379583922782, -0.000000000000000000 ) ) ;
#5536 = ORIENTED_EDGE ( 'NONE', *, *, #6227, .T. ) ;
#5537 = CC_DESIGN_DATE_AND_TIME_ASSIGNMENT ( #10697, #3148, ( #9951 ) ) ;
#5538 = DIRECTION ( 'NONE',  ( 0.000000000000000000, 0.000000000000000000, 1.000000000000000000 ) ) ;
#5539 = B_SPLINE_CURVE_WITH_KNOTS ( 'NONE', 3,
 ( #5950, #1833, #8660, #10379, #7761, #1115, #1998, #1236, #2827, #7811, #5344, #8544, #1892, #228, #7921, #3546, #2877, #5189 ),
 .UNSPECIFIED., .F., .F.,
 ( 4, 2, 2, 2, 2, 2, 2, 2, 4 ),
 ( 0.5000000000000000000, 0.5625000000000000000, 0.6249999999999998890, 0.6874999999999998890, 0.7499999999999997780, 0.8124999999999997780, 0.8749999999999997780, 0.9374999999999998890, 1.000000000000000000 ),
 .UNSPECIFIED. ) ;
#5540 = ORIENTED_EDGE ( 'NONE', *, *, #4511, .T. ) ;
#5541 = APPROVAL_DATE_TIME ( #9798, #7063 ) ;
#5542 = DIRECTION ( 'NONE',  ( 0.000000000000000000, -1.000000000000000000, 0.000000000000000000 ) ) ;
#5543 = APPROVAL_PERSON_ORGANIZATION ( #10387, #5600, #4492 ) ;
#5544 = VERTEX_POINT ( 'NONE', #9518 ) ;
#5545 = DIRECTION ( 'NONE',  ( 0.000000000000000000, -1.000000000000000000, 0.000000000000000000 ) ) ;
#5546 = ORIENTED_EDGE ( 'NONE', *, *, #1546, .T. ) ;
#5547 = DATE_AND_TIME ( #1324, #2542 ) ;
#5548 = EDGE_CURVE ( 'NONE', #1423, #3736, #5826, .T. ) ;
#5549 = DIRECTION ( 'NONE',  ( 0.000000000000000000, 0.000000000000000000, 1.000000000000000000 ) ) ;
#5550 = DIRECTION ( 'NONE',  ( 0.000000000000000000, -1.000000000000000000, 0.000000000000000000 ) ) ;
#5551 = ORIENTED_EDGE ( 'NONE', *, *, #9430, .F. ) ;
#5552 = DIRECTION ( 'NONE',  ( -1.000000000000000000, 0.000000000000000000, 0.000000000000000000 ) ) ;
#5553 = FACE_BOUND ( 'NONE', #9358, .T. ) ;
#5554 = LOCAL_TIME ( 6, 20, 19.00000000000000000, #7704 ) ;
#5555 = DIRECTION ( 'NONE',  ( 0.000000000000000000, 1.000000000000000000, 0.000000000000000000 ) ) ;
#5556 = ORIENTED_EDGE ( 'NONE', *, *, #7653, .F. ) ;
#5557 = SECURITY_CLASSIFICATION_LEVEL ( 'unclassified' ) ;
#5558 = CARTESIAN_POINT ( 'NONE',  ( 0.000000000000000000, 0.000000000000000000, 40.00000000000000000 ) ) ;
#5559 = ORIENTED_EDGE ( 'NONE', *, *, #10549, .F. ) ;
#5560 = CARTESIAN_POINT ( 'NONE',  ( 20.00000000000000000, 8.000000000000000000, 13.70000000000000107 ) ) ;
#5561 = APPROVAL_ROLE ( '' ) ;
#5562 = ADVANCED_FACE ( 'NONE', ( #7020 ), #10410, .T. ) ;
#5563 = CC_DESIGN_APPROVAL ( #8204, ( #1244 ) ) ;
#5564 = VERTEX_POINT ( 'NONE', #8743 ) ;
#5565 = LINE ( 'NONE', #8991, #10254 ) ;
#5566 = CARTESIAN_POINT ( 'NONE',  ( 0.000000000000000000, 77.50000000000000000, 6.000000000000000000 ) ) ;
#5567 = DIRECTION ( 'NONE',  ( -0.000000000000000000, -0.000000000000000000, 1.000000000000000000 ) ) ;
#5568 = VECTOR ( 'NONE', #267, 1000.000000000000000 ) ;
#5569 = CARTESIAN_POINT ( 'NONE',  ( 31.00000000000000000, 67.49999999999998579, 3.000000000000000000 ) ) ;
#5570 = DIRECTION ( 'NONE',  ( 1.000000000000000000, 0.000000000000000000, 0.000000000000000000 ) ) ;
#5571 = APPROVAL_STATUS ( 'not_yet_approved' ) ;
#5572 = VECTOR ( 'NONE', #3744, 1000.000000000000000 ) ;
#5573 = EDGE_CURVE ( 'NONE', #1091, #8637, #7841, .T. ) ;
#5574 = AXIS2_PLACEMENT_3D ( 'NONE', #4613, #6072, #245 ) ;
#5575 = EDGE_CURVE ( 'NONE', #7122, #7009, #5376, .T. ) ;
#5576 = VERTEX_POINT ( 'NONE', #1209 ) ;
#5577 = PLANE ( 'NONE',  #9163 ) ;
#5578 = CIRCLE ( 'NONE', #830, 1.700000000000007061 ) ;
#5579 = CARTESIAN_POINT ( 'NONE',  ( 0.000000000000000000, 0.000000000000000000, 0.000000000000000000 ) ) ;
#5580 = LINE ( 'NONE', #2009, #2446 ) ;
#5581 = AXIS2_PLACEMENT_3D ( 'NONE', #6554, #3015, #9730 ) ;
#5582 = CC_DESIGN_APPROVAL ( #4685, ( #7414 ) ) ;
#5583 = APPROVAL_STATUS ( 'not_yet_approved' ) ;
#5584 = ORIENTED_EDGE ( 'NONE', *, *, #9275, .T. ) ;
#5585 = DIRECTION ( 'NONE',  ( 1.000000000000000000, 0.000000000000000000, 0.000000000000000000 ) ) ;
#5586 = COORDINATED_UNIVERSAL_TIME_OFFSET ( 5, 0, .BEHIND. ) ;
#5587 = AXIS2_PLACEMENT_3D ( 'NONE', #10640, #7463, #1443 ) ;
#5588 = ORIENTED_EDGE ( 'NONE', *, *, #9017, .F. ) ;
#5589 = DIRECTION ( 'NONE',  ( 1.000000000000000000, 0.000000000000000000, 0.000000000000000000 ) ) ;
#5590 = LINE ( 'NONE', #7014, #4996 ) ;
#5591 = VERTEX_POINT ( 'NONE', #366 ) ;
#5592 = FACE_OUTER_BOUND ( 'NONE', #8550, .T. ) ;
#5593 = CARTESIAN_POINT ( 'NONE',  ( -11.03982175519196929, 8.612738812327586757, 11.66766443662072206 ) ) ;
#5594 = VERTEX_POINT ( 'NONE', #5980 ) ;
#5595 = AXIS2_PLACEMENT_3D ( 'NONE', #9506, #5150, #3452 ) ;
#5596 = CARTESIAN_POINT ( 'NONE',  ( 20.44263793984736211, -32.34320465898993291, -0.000000000000000000 ) ) ;
#5597 = EDGE_LOOP ( 'NONE', ( #1595, #1444, #6293, #8286 ) ) ;
#5598 = LINE ( 'NONE', #4017, #187 ) ;
#5599 = ORIENTED_EDGE ( 'NONE', *, *, #1600, .F. ) ;
#5600 = APPROVAL ( #6625, 'ๆช' ) ;
#5601 = CALENDAR_DATE ( 2026, 18, 9 ) ;
#5602 = DIRECTION ( 'NONE',  ( 0.000000000000000000, 0.000000000000000000, 1.000000000000000000 ) ) ;
#5603 = CARTESIAN_POINT ( 'NONE',  ( 21.48452350954438472, -0.000000000000000000, 11.14146106821127091 ) ) ;
#5604 = VECTOR ( 'NONE', #4716, 1000.000000000000000 ) ;
#5605 = CARTESIAN_POINT ( 'NONE',  ( -28.00000000000000000, 0.000000000000000000, 24.00000000000000000 ) ) ;
#5606 = CARTESIAN_POINT ( 'NONE',  ( 21.65686506842306969, -6.442469749914236488, -0.000000000000000000 ) ) ;
#5607 = ADVANCED_FACE ( 'NONE', ( #1810 ), #156, .F. ) ;
#5608 = CYLINDRICAL_SURFACE ( 'NONE', #5749, 1.700000000000000178 ) ;
#5609 = EDGE_LOOP ( 'NONE', ( #6374, #5546, #9271, #1387 ) ) ;
#5610 = AXIS2_PLACEMENT_3D ( 'NONE', #1043, #7786, #259 ) ;
#5611 = APPROVAL_ROLE ( '' ) ;
#5612 = CIRCLE ( 'NONE', #8418, 1.700000000000000178 ) ;
#5613 = LINE ( 'NONE', #9086, #9470 ) ;
#5614 = ORIENTED_EDGE ( 'NONE', *, *, #10763, .F. ) ;
#5615 = CARTESIAN_POINT ( 'NONE',  ( 0.5999999999999999778, 18.99052395275075256, 0.000000000000000000 ) ) ;
#5616 = EDGE_CURVE ( 'NONE', #2826, #289, #1977, .T. ) ;
#5617 = DATE_TIME_ROLE ( 'classification_date' ) ;
#5618 = DIRECTION ( 'NONE',  ( -0.000000000000000000, -1.000000000000000000, -0.000000000000000000 ) ) ;
#5619 = CARTESIAN_POINT ( 'NONE',  ( 30.50000000000000000, -10.00000000000000000, 39.50000000000000000 ) ) ;
#5620 = CARTESIAN_POINT ( 'NONE',  ( -21.69999999999999929, -6.000000000000000000, 5.000000000000000000 ) ) ;
#5621 = CIRCLE ( 'NONE', #2115, 1.699999999999998401 ) ;
#5622 = AXIS2_PLACEMENT_3D ( 'NONE', #1963, #10174, #5311 ) ;
#5623 = FACE_OUTER_BOUND ( 'NONE', #3527, .T. ) ;
#5624 = EDGE_CURVE ( 'NONE', #4073, #5343, #514, .T. ) ;
#5625 = CARTESIAN_POINT ( 'NONE',  ( -0.6000001182283759560, 2.529936706146719949, -8.999999999999988370E-06 ) ) ;
#5626 = AXIS2_PLACEMENT_3D ( 'NONE', #2002, #5570, #1347 ) ;
#5627 = CALENDAR_DATE ( 2026, 18, 9 ) ;
#5628 = EDGE_LOOP ( 'NONE', ( #10167, #806, #6583, #5965 ) ) ;
#5629 = CARTESIAN_POINT ( 'NONE',  ( 10.00000000000000000, 27.50000000000000000, 58.00000000000000000 ) ) ;
#5630 = APPLICATION_CONTEXT ( 'configuration controlled 3d designs of mechanical parts and assemblies' ) ;
#5631 = CARTESIAN_POINT ( 'NONE',  ( -0.5999999999999999778, 13.98713694792468587, 12.00000000000000000 ) ) ;
#5632 = DIRECTION ( 'NONE',  ( -1.000000000000000000, 0.000000000000000000, 0.000000000000000000 ) ) ;
#5633 = AXIS2_PLACEMENT_3D ( 'NONE', #6974, #7072, #2810 ) ;
#5634 = ADVANCED_FACE ( 'NONE', ( #6858 ), #3575, .F. ) ;
#5635 = EDGE_CURVE ( 'NONE', #7359, #4475, #7681, .T. ) ;
#5636 = ORIENTED_EDGE ( 'NONE', *, *, #10639, .F. ) ;
#5637 = CARTESIAN_POINT ( 'NONE',  ( 6.000000000000000000, 0.000000000000000000, 16.00000000000000000 ) ) ;
#5638 = APPROVAL_DATE_TIME ( #3174, #9172 ) ;
#5639 = ORIENTED_EDGE ( 'NONE', *, *, #9704, .F. ) ;
#5640 = DIRECTION ( 'NONE',  ( 0.000000000000000000, 0.000000000000000000, 1.000000000000000000 ) ) ;
#5641 = CARTESIAN_POINT ( 'NONE',  ( 2.270144640882241216, -1.313331601357424328, 0.000000000000000000 ) ) ;
#5642 = ORIENTED_EDGE ( 'NONE', *, *, #5085, .T. ) ;
#5643 = CARTESIAN_POINT ( 'NONE',  ( 35.00000000000000000, 14.00000000000000000, 4.000000000000000000 ) ) ;
#5644 = DIRECTION ( 'NONE',  ( -0.000000000000000000, -0.000000000000000000, -1.000000000000000000 ) ) ;
#5645 = VECTOR ( 'NONE', #9332, 1000.000000000000000 ) ;
#5646 = ADVANCED_FACE ( 'NONE', ( #4463 ), #1867, .F. ) ;
#5647 = ORIENTED_EDGE ( 'NONE', *, *, #10226, .F. ) ;
#5648 = CARTESIAN_POINT ( 'NONE',  ( 0.000000000000000000, 70.00000000000000000, 8.000000000000000000 ) ) ;
#5649 = ORIENTED_EDGE ( 'NONE', *, *, #6099, .T. ) ;
#5650 = CARTESIAN_POINT ( 'NONE',  ( -0.5999999999999999778, 18.99052395275075256, 4.000000000000000000 ) ) ;
#5651 = DIRECTION ( 'NONE',  ( -0.000000000000000000, -0.000000000000000000, 1.000000000000000000 ) ) ;
#5652 = CARTESIAN_POINT ( 'NONE',  ( 137.4845235095464488, 0.8585389317909376539, -0.000000000000000000 ) ) ;
#5653 = DIRECTION ( 'NONE',  ( 1.000000000000000000, 0.000000000000000000, 0.000000000000000000 ) ) ;
#5654 = DIRECTION ( 'NONE',  ( -0.000000000000000000, -0.000000000000000000, -1.000000000000000000 ) ) ;
#5655 = PRODUCT_DEFINITION ( 'ๆ', '', #9435, #7577 ) ;
#5656 = CARTESIAN_POINT ( 'NONE',  ( -10.00000000000000000, -10.00000000000000000, 39.50000000000000000 ) ) ;
#5657 = APPLICATION_PROTOCOL_DEFINITION ( 'international standard', 'config_control_design', 1994, #10577 ) ;
#5658 = FACE_OUTER_BOUND ( 'NONE', #10431, .T. ) ;
#5659 = EDGE_LOOP ( 'NONE', ( #7116, #5529, #3748, #3071 ) ) ;
#5660 = CARTESIAN_POINT ( 'NONE',  ( -20.00000000000000000, -1.200000000000000030E-05, 12.00000000000000000 ) ) ;
#5661 = COORDINATED_UNIVERSAL_TIME_OFFSET ( 5, 0, .BEHIND. ) ;
#5662 = DIRECTION ( 'NONE',  ( 1.000000000000000000, 0.000000000000000000, 0.000000000000000000 ) ) ;
#5663 = AXIS2_PLACEMENT_3D ( 'NONE', #1783, #955, #7595 ) ;
#5664 = CARTESIAN_POINT ( 'NONE',  ( 0.000000000000000000, 149.0000000000000000, 3.000000000000000000 ) ) ;
#5665 = CARTESIAN_POINT ( 'NONE',  ( 31.00000000000000000, -1.200000000000000030E-05, 1.300000000000000044 ) ) ;
#5666 = DIRECTION ( 'NONE',  ( -1.000000000000000000, -0.000000000000000000, -0.000000000000000000 ) ) ;
#5667 = CC_DESIGN_PERSON_AND_ORGANIZATION_ASSIGNMENT ( #4997, #8984, ( #4144 ) ) ;
#5668 = LINE ( 'NONE', #9047, #3347 ) ;
#5669 = DATE_AND_TIME ( #9883, #4342 ) ;
#5670 = ORIENTED_EDGE ( 'NONE', *, *, #7316, .F. ) ;
#5671 = ADVANCED_FACE ( 'NONE', ( #6352 ), #1475, .T. ) ;
#5672 = CARTESIAN_POINT ( 'NONE',  ( 30.77491600511588032, 32.70006951123654204, -0.000000000000000000 ) ) ;
#5673 = SHAPE_REPRESENTATION ( 'V2_REF_MG995_envelope', ( #2087 ), #298 ) ;
#5674 = CARTESIAN_POINT ( 'NONE',  ( 0.000000000000000000, 0.000000000000000000, 0.000000000000000000 ) ) ;
#5675 = APPROVAL_PERSON_ORGANIZATION ( #6360, #4115, #8807 ) ;
#5676 = CARTESIAN_POINT ( 'NONE',  ( 35.60000000000000142, 67.50000000000000000, -1.200000000000000030E-05 ) ) ;
#5677 = VECTOR ( 'NONE', #7295, 1000.000000000000000 ) ;
#5678 = SECURITY_CLASSIFICATION ( '', '', #4303 ) ;
#5679 = VERTEX_POINT ( 'NONE', #1429 ) ;
#5680 = CARTESIAN_POINT ( 'NONE',  ( -12.00000000000000000, 7.000000000000000000, 16.69999999999999929 ) ) ;
#5681 = COORDINATED_UNIVERSAL_TIME_OFFSET ( 5, 0, .BEHIND. ) ;
#5682 = EDGE_CURVE ( 'NONE', #5488, #6187, #2189, .T. ) ;
#5683 = ORIENTED_EDGE ( 'NONE', *, *, #5825, .F. ) ;
#5684 = CARTESIAN_POINT ( 'NONE',  ( 0.000000000000000000, 0.000000000000000000, 4.000000000000000000 ) ) ;
#5685 = EDGE_CURVE ( 'NONE', #2404, #7003, #9666, .T. ) ;
#5686 = DIRECTION ( 'NONE',  ( -0.000000000000000000, 1.000000000000000000, 0.000000000000000000 ) ) ;
#5687 = ORIENTED_EDGE ( 'NONE', *, *, #453, .T. ) ;
#5688 = DIRECTION ( 'NONE',  ( 0.000000000000000000, 1.000000000000000000, 0.000000000000000000 ) ) ;
#5689 = AXIS2_PLACEMENT_3D ( 'NONE', #2508, #5846, #2567 ) ;
#5690 = CARTESIAN_POINT ( 'NONE',  ( 135.7749160051163244, -1.699930488764123337, 0.000000000000000000 ) ) ;
#5691 = LOCAL_TIME ( 6, 20, 19.00000000000000000, #5330 ) ;
#5692 = ORIENTED_EDGE ( 'NONE', *, *, #9736, .F. ) ;
#5693 =( NAMED_UNIT ( * ) SI_UNIT ( $, .STERADIAN. ) SOLID_ANGLE_UNIT ( ) );
#5694 = DIRECTION ( 'NONE',  ( 1.000000000000000000, 0.000000000000000000, 0.000000000000000000 ) ) ;
#5695 = VECTOR ( 'NONE', #4910, 1000.000000000000000 ) ;
#5696 = VERTEX_POINT ( 'NONE', #8003 ) ;
#5697 = CARTESIAN_POINT ( 'NONE',  ( 35.00000000000000000, -70.00000000000000000, 0.000000000000000000 ) ) ;
#5698 = DATE_AND_TIME ( #5601, #9578 ) ;
#5699 = ADVANCED_FACE ( 'NONE', ( #10576 ), #10515, .F. ) ;
#5700 = LOCAL_TIME ( 6, 20, 19.00000000000000000, #6507 ) ;
#5701 = CARTESIAN_POINT ( 'NONE',  ( 0.000000000000000000, 67.50000000000000000, 6.000000000000000000 ) ) ;
#5702 = ADVANCED_FACE ( 'NONE', ( #3793 ), #478, .T. ) ;
#5703 = DIRECTION ( 'NONE',  ( 1.000000000000000000, 0.000000000000000000, 0.000000000000000000 ) ) ;
#5704 = FACE_OUTER_BOUND ( 'NONE', #7424, .T. ) ;
#5705 = DIRECTION ( 'NONE',  ( 1.000000000000000000, 0.000000000000000000, -0.000000000000000000 ) ) ;
#5706 = AXIS2_PLACEMENT_3D ( 'NONE', #5373, #1152, #1976 ) ;
#5707 = CC_DESIGN_SECURITY_CLASSIFICATION ( #9951, ( #8889 ) ) ;
#5708 = LINE ( 'NONE', #8288, #1024 ) ;
#5709 = ORIENTED_EDGE ( 'NONE', *, *, #8248, .F. ) ;
#5710 = APPROVAL_DATE_TIME ( #2314, #1647 ) ;
#5711 = UNCERTAINTY_MEASURE_WITH_UNIT (LENGTH_MEASURE( 1.000000000000000082E-05 ), #10298, 'distance_accuracy_value', 'NONE');
#5712 = PLANE ( 'NONE',  #10533 ) ;
#5713 = ORIENTED_EDGE ( 'NONE', *, *, #4084, .F. ) ;
#5714 = CARTESIAN_POINT ( 'NONE',  ( 0.000000000000000000, 149.0000000000000000, 0.000000000000000000 ) ) ;
#5715 = SHAPE_DEFINITION_REPRESENTATION ( #4573, #10755 ) ;
#5716 = DIRECTION ( 'NONE',  ( -0.000000000000000000, -0.000000000000000000, -1.000000000000000000 ) ) ;
#5717 = CARTESIAN_POINT ( 'NONE',  ( 20.00000000000000000, 0.000000000000000000, 58.00000000000000000 ) ) ;
#5718 = APPROVAL ( #2319, 'UNKNOWN' ) ;
#5719 = DIRECTION ( 'NONE',  ( 1.000000000000000000, 0.000000000000000000, 0.000000000000000000 ) ) ;
#5720 = LOCAL_TIME ( 6, 20, 19.00000000000000000, #3737 ) ;
#5721 = DIRECTION ( 'NONE',  ( -1.000000000000000000, 0.000000000000000000, 0.000000000000000000 ) ) ;
#5722 = EDGE_LOOP ( 'NONE', ( #4932, #4839, #502, #6063 ) ) ;
#5723 = CC_DESIGN_SECURITY_CLASSIFICATION ( #7656, ( #1177 ) ) ;
#5724 = CARTESIAN_POINT ( 'NONE',  ( -7.515476490455951009, 49.85853893178961727, -0.000000000000000000 ) ) ;
#5725 = PERSON_AND_ORGANIZATION ( #10500, #8573 ) ;
#5726 = ORIENTED_EDGE ( 'NONE', *, *, #9003, .T. ) ;
#5727 = CARTESIAN_POINT ( 'NONE',  ( -15.59999999999999964, 0.000000000000000000, -0.000000000000000000 ) ) ;
#5728 = CC_DESIGN_DATE_AND_TIME_ASSIGNMENT ( #6102, #9481, ( #3321 ) ) ;
#5729 = CIRCLE ( 'NONE', #8184, 1.700000000000000178 ) ;
#5730 = CARTESIAN_POINT ( 'NONE',  ( -12.30000000000000071, 70.00000000000000000, -6.000000000000000152E-06 ) ) ;
#5731 = CARTESIAN_POINT ( 'NONE',  ( -20.44246974991423471, -0.000000000000000000, 13.65686506842306436 ) ) ;
#5732 = DIRECTION ( 'NONE',  ( -1.000000000000000000, 0.000000000000000000, -0.000000000000000000 ) ) ;
#5733 = EDGE_CURVE ( 'NONE', #6323, #8543, #6829, .T. ) ;
#5734 = VECTOR ( 'NONE', #2974, 1000.000000000000000 ) ;
#5735 = AXIS2_PLACEMENT_3D ( 'NONE', #4687, #8862, #375 ) ;
#5736 = EDGE_LOOP ( 'NONE', ( #6136, #9289, #8263, #135 ) ) ;
#5737 = LINE ( 'NONE', #10107, #10503 ) ;
#5738 = CONTEXT_DEPENDENT_SHAPE_REPRESENTATION ( #2622, #6389 ) ;
#5739 = ORIENTED_EDGE ( 'NONE', *, *, #1325, .T. ) ;
#5740 = CARTESIAN_POINT ( 'NONE',  ( -1.000000000000000000, 27.50000000000000000, 58.00000000000000000 ) ) ;
#5741 = DIRECTION ( 'NONE',  ( 0.000000000000000000, 0.000000000000000000, 1.000000000000000000 ) ) ;
#5742 = CIRCLE ( 'NONE', #837, 19.00000000000000000 ) ;
#5743 = LINE ( 'NONE', #4879, #10366 ) ;
#5744 = LOCAL_TIME ( 6, 20, 19.00000000000000000, #5528 ) ;
#5745 = CARTESIAN_POINT ( 'NONE',  ( 19.55741526174811185, -4.343333099005882048, 0.000000000000000000 ) ) ;
#5746 = EDGE_LOOP ( 'NONE', ( #5242, #7781, #3585, #4720 ) ) ;
#5747 = ADVANCED_FACE ( 'NONE', ( #9683 ), #3853, .F. ) ;
#5748 = CARTESIAN_POINT ( 'NONE',  ( -15.70006951123579420, 69.77491600511629599, 0.000000000000000000 ) ) ;
#5749 = AXIS2_PLACEMENT_3D ( 'NONE', #3246, #3196, #2364 ) ;
#5750 = VERTEX_POINT ( 'NONE', #4782 ) ;
#5751 = CARTESIAN_POINT ( 'NONE',  ( -10.72380529476374100, 9.000000000000252243, 10.20000000000124984 ) ) ;
#5752 = CONTEXT_DEPENDENT_SHAPE_REPRESENTATION ( #7162, #8063 ) ;
#5753 = ADVANCED_BREP_SHAPE_REPRESENTATION ( '', ( #8300, #2087 ), #6815 ) ;
#5754 = ORIENTED_EDGE ( 'NONE', *, *, #2753, .T. ) ;
#5755 = CARTESIAN_POINT ( 'NONE',  ( 10.00000000000000000, 19.50000000000000000, 58.00000000000000000 ) ) ;
#5756 = ORIENTED_EDGE ( 'NONE', *, *, #3438, .F. ) ;
#5757 = DIRECTION ( 'NONE',  ( 0.000000000000000000, 0.000000000000000000, 1.000000000000000000 ) ) ;
#5758 = FACE_OUTER_BOUND ( 'NONE', #4393, .T. ) ;
#5759 = CARTESIAN_POINT ( 'NONE',  ( 122.3000695112365577, 0.2250839948843428584, -0.000000000000000000 ) ) ;
#5760 = CIRCLE ( 'NONE', #2438, 1.700000000000000178 ) ;
#5761 = EDGE_LOOP ( 'NONE', ( #637, #10222 ) ) ;
#5762 = EDGE_CURVE ( 'NONE', #1804, #1307, #6595, .T. ) ;
#5763 = FACE_BOUND ( 'NONE', #2048, .T. ) ;
#5764 = EDGE_CURVE ( 'NONE', #3876, #3414, #8990, .T. ) ;
#5765 = ORIENTED_EDGE ( 'NONE', *, *, #2349, .T. ) ;
#5766 = COORDINATED_UNIVERSAL_TIME_OFFSET ( 5, 0, .BEHIND. ) ;
#5767 = DIRECTION ( 'NONE',  ( -0.000000000000000000, 1.000000000000000000, -0.000000000000000000 ) ) ;
#5768 = ORIENTED_EDGE ( 'NONE', *, *, #4781, .F. ) ;
#5769 = DIRECTION ( 'NONE',  ( 0.000000000000000000, 0.000000000000000000, 1.000000000000000000 ) ) ;
#5770 = VERTEX_POINT ( 'NONE', #9227 ) ;
#5771 = DATE_AND_TIME ( #4801, #10326 ) ;
#5772 = DIRECTION ( 'NONE',  ( 0.000000000000000000, 1.000000000000000000, 0.000000000000000000 ) ) ;
#5773 = CARTESIAN_POINT ( 'NONE',  ( 31.44258473825039957, 47.34333309900496545, 0.000000000000000000 ) ) ;
#5774 = FACE_OUTER_BOUND ( 'NONE', #7377, .T. ) ;
#5775 = CARTESIAN_POINT ( 'NONE',  ( 12.00000000000000000, 7.000000000000000000, 15.00000000000000000 ) ) ;
#5776 = VECTOR ( 'NONE', #4484, 1000.000000000000000 ) ;
#5777 = EDGE_CURVE ( 'NONE', #5679, #5591, #2687, .T. ) ;
#5778 = DIRECTION ( 'NONE',  ( 0.000000000000000000, 0.000000000000000000, -1.000000000000000000 ) ) ;
#5779 = COORDINATED_UNIVERSAL_TIME_OFFSET ( 5, 0, .BEHIND. ) ;
#5780 = ORIENTED_EDGE ( 'NONE', *, *, #8718, .F. ) ;
#5781 = CARTESIAN_POINT ( 'NONE',  ( 10.01810743134690185, 9.782858279599741635, 11.52233131936447386 ) ) ;
#5782 = AXIS2_PLACEMENT_3D ( 'NONE', #5648, #1434, #5487 ) ;
#5783 = DIRECTION ( 'NONE',  ( 0.000000000000000000, 0.000000000000000000, -1.000000000000000000 ) ) ;
#5784 = LINE ( 'NONE', #7546, #3854 ) ;
#5785 = CARTESIAN_POINT ( 'NONE',  ( -10.00000000000000000, -10.00000000000000000, 39.50000000000000000 ) ) ;
#5786 = VECTOR ( 'NONE', #2713, 1000.000000000000000 ) ;
#5787 = CC_DESIGN_PERSON_AND_ORGANIZATION_ASSIGNMENT ( #10048, #5017, ( #9610 ) ) ;
#5788 = VERTEX_POINT ( 'NONE', #1744 ) ;
#5789 = LINE ( 'NONE', #19, #817 ) ;
#5790 = VERTEX_POINT ( 'NONE', #5101 ) ;
#5791 = FACE_BOUND ( 'NONE', #694, .T. ) ;
#5792 = CARTESIAN_POINT ( 'NONE',  ( -2.270342840037289811, -1.313216681092628013, -0.000000000000000000 ) ) ;
#5793 = VECTOR ( 'NONE', #1767, 1000.000000000000000 ) ;
#5794 = EDGE_CURVE ( 'NONE', #8287, #2393, #4227, .T. ) ;
#5795 = DIRECTION ( 'NONE',  ( -1.000000000000000000, 0.000000000000000000, 0.000000000000000000 ) ) ;
#5796 = EDGE_LOOP ( 'NONE', ( #512, #1975, #8103, #6363 ) ) ;
#5797 = CARTESIAN_POINT ( 'NONE',  ( -7.299999999999998934, 49.00000000000000000, -6.000000000000000152E-06 ) ) ;
#5798 = ORIENTED_EDGE ( 'NONE', *, *, #7375, .T. ) ;
#5799 = PRODUCT_RELATED_PRODUCT_CATEGORY ( 'detail', '', ( #847 ) ) ;
#5800 = AXIS2_PLACEMENT_3D ( 'NONE', #3673, #9617, #2845 ) ;
#5801 = CARTESIAN_POINT ( 'NONE',  ( -13.14146106821471349, 68.51547649045403432, -0.000000000000000000 ) ) ;
#5802 = DATE_AND_TIME ( #2462, #6942 ) ;
#5803 = VERTEX_POINT ( 'NONE', #9118 ) ;
#5804 = CARTESIAN_POINT ( 'NONE',  ( -20.00000000000000000, -12.00000000000000000, 0.000000000000000000 ) ) ;
#5805 = APPROVAL_ROLE ( '' ) ;
#5806 = EDGE_LOOP ( 'NONE', ( #3278, #10752, #10683, #6657 ) ) ;
#5807 = CARTESIAN_POINT ( 'NONE',  ( -12.00000000000000000, -12.00000000000000000, 20.00000000000000000 ) ) ;
#5808 = ORIENTED_EDGE ( 'NONE', *, *, #10549, .T. ) ;
#5809 = CARTESIAN_POINT ( 'NONE',  ( 137.7000000000000171, 0.2252519565404662583, 0.000000000000000000 ) ) ;
#5811 = EDGE_CURVE ( 'NONE', #123, #10156, #9174, .T. ) ;
#5810 = DIRECTION ( 'NONE',  ( -1.000000000000000000, 0.000000000000000000, 0.000000000000000000 ) ) ;
#5812 = VECTOR ( 'NONE', #6937, 1000.000000000000000 ) ;
#5813 = DIRECTION ( 'NONE',  ( 0.000000000000000000, 0.000000000000000000, 1.000000000000000000 ) ) ;
#5814 = COORDINATED_UNIVERSAL_TIME_OFFSET ( 5, 0, .BEHIND. ) ;
#5815 = DESIGN_CONTEXT ( 'detailed design', #6041, 'design' ) ;
#5816 = PLANE ( 'NONE',  #3338 ) ;
#5817 = CLOSED_SHELL ( 'NONE', ( #9402, #9089, #3838, #4249, #3540, #5562 ) ) ;
#5818 = ORIENTED_EDGE ( 'NONE', *, *, #10570, .F. ) ;
#5819 = ORIENTED_EDGE ( 'NONE', *, *, #7383, .F. ) ;
#5820 = CARTESIAN_POINT ( 'NONE',  ( 31.00000000000000000, 8.000000000000000000, 21.00000000000000000 ) ) ;
#5821 = COORDINATED_UNIVERSAL_TIME_OFFSET ( 5, 0, .BEHIND. ) ;
#5822 = DIRECTION ( 'NONE',  ( 1.000000000000000000, 0.000000000000000000, 0.000000000000000000 ) ) ;
#5823 = CARTESIAN_POINT ( 'NONE',  ( 20.00000000000000000, -6.000000000000000152E-06, 10.30000000000000071 ) ) ;
#5825 = EDGE_CURVE ( 'NONE', #10310, #7184, #7559, .T. ) ;
#5824 = LINE ( 'NONE', #10086, #1568 ) ;
#5826 = B_SPLINE_CURVE_WITH_KNOTS ( 'NONE', 3,
 ( #6967, #4568, #9469, #4411, #10297, #3627, #311, #3683, #7895, #8518, #6186, #10457, #4516, #3523, #1927, #9568, #9363, #986 ),
 .UNSPECIFIED., .F., .F.,
 ( 4, 2, 2, 2, 2, 2, 2, 2, 4 ),
 ( 0.5000000000000000000, 0.5625000000000000000, 0.6250000000000000000, 0.6875000000000000000, 0.7500000000000000000, 0.8125000000000000000, 0.8750000000000000000, 0.9375000000000000000, 1.000000000000000000 ),
 .UNSPECIFIED. ) ;
#5827 = CARTESIAN_POINT ( 'NONE',  ( 255.8000000000000398, 0.000000000000000000, 149.0000000000000000 ) ) ;
#5828 = EDGE_CURVE ( 'NONE', #3856, #7395, #4915, .T. ) ;
#5829 = EDGE_CURVE ( 'NONE', #8866, #9407, #9848, .T. ) ;
#5830 = APPLICATION_CONTEXT ( 'configuration controlled 3d designs of mechanical parts and assemblies' ) ;
#5831 =( NAMED_UNIT ( * ) PLANE_ANGLE_UNIT ( ) SI_UNIT ( $, .RADIAN. ) );
#5832 = CARTESIAN_POINT ( 'NONE',  ( 31.60000000000000142, 62.50000000000000000, -1.200000000000000030E-05 ) ) ;
#5833 = CARTESIAN_POINT ( 'NONE',  ( -8.557362060153382188, 50.65679534101006709, -0.000000000000000000 ) ) ;
#5834 = PERSON_AND_ORGANIZATION_ROLE ( 'classification_officer' ) ;
#5835 = EDGE_LOOP ( 'NONE', ( #7458, #3412, #9299, #4616 ) ) ;
#5836 = CARTESIAN_POINT ( 'NONE',  ( 10.37234568834891668, 9.406446595082066153, 11.66287729469195966 ) ) ;
#5837 = CARTESIAN_POINT ( 'NONE',  ( -15.59999999999999964, 67.50000000000000000, 6.000000000000000000 ) ) ;
#5838 = EDGE_CURVE ( 'NONE', #1552, #5788, #4529, .T. ) ;
#5839 = FACE_OUTER_BOUND ( 'NONE', #10829, .T. ) ;
#5840 = CARTESIAN_POINT ( 'NONE',  ( 12.30000000000000249, 0.000000000000000000, 0.000000000000000000 ) ) ;
#5841 = ORIENTED_EDGE ( 'NONE', *, *, #4648, .F. ) ;
#5842 = FACE_OUTER_BOUND ( 'NONE', #9024, .T. ) ;
#5843 = CALENDAR_DATE ( 2026, 18, 9 ) ;
#5844 = ORIENTED_EDGE ( 'NONE', *, *, #10099, .F. ) ;
#5845 = FACE_OUTER_BOUND ( 'NONE', #9473, .T. ) ;
#5846 = DIRECTION ( 'NONE',  ( 0.000000000000000000, -1.000000000000000000, 0.000000000000000000 ) ) ;
#5847 = CC_DESIGN_PERSON_AND_ORGANIZATION_ASSIGNMENT ( #4174, #7672, ( #3241 ) ) ;
#5848 = CARTESIAN_POINT ( 'NONE',  ( 20.00000000000000000, -12.00000000000000000, 2.000000000000000000 ) ) ;
#5849 = CARTESIAN_POINT ( 'NONE',  ( 20.85848573019215024, -4.515604930472245648, 0.000000000000000000 ) ) ;
#5850 = VERTEX_POINT ( 'NONE', #6016 ) ;
#5851 = LOCAL_TIME ( 6, 20, 19.00000000000000000, #6092 ) ;
#5852 = CARTESIAN_POINT ( 'NONE',  ( -15.04297226075870242, 68.63871090099335959, -0.000000000000000000 ) ) ;
#5853 = CALENDAR_DATE ( 2026, 18, 9 ) ;
#5854 = VERTEX_POINT ( 'NONE', #6894 ) ;
#5855 = CIRCLE ( 'NONE', #1132, 19.00000000000000000 ) ;
#5856 = CARTESIAN_POINT ( 'NONE',  ( 11.93721609031033637, 7.314636773467314335, 8.245133196380873386 ) ) ;
#5857 = ORIENTED_EDGE ( 'NONE', *, *, #10705, .T. ) ;
#5858 = FACE_OUTER_BOUND ( 'NONE', #4030, .T. ) ;
#5859 = VECTOR ( 'NONE', #746, 1000.000000000000000 ) ;
#5860 = CYLINDRICAL_SURFACE ( 'NONE', #6201, 1.700000000000000178 ) ;
#5861 = CC_DESIGN_PERSON_AND_ORGANIZATION_ASSIGNMENT ( #6260, #6370, ( #2560 ) ) ;
#5862 = CARTESIAN_POINT ( 'NONE',  ( 10.00000000000000000, 27.50000000000000000, 3.000000000000000000 ) ) ;
#5863 = APPROVAL_PERSON_ORGANIZATION ( #1032, #5196, #8568 ) ;
#5864 = FACE_BOUND ( 'NONE', #2853, .T. ) ;
#5865 = LINE ( 'NONE', #7624, #4390 ) ;
#5866 = SHAPE_REPRESENTATION ( 'V2_REF_chassis_255p8x149', ( #2087 ), #6815 ) ;
#5867 = AXIS2_PLACEMENT_3D ( 'NONE', #1425, #9789, #10405 ) ;
#5868 = CALENDAR_DATE ( 2026, 18, 9 ) ;
#5869 = DIRECTION ( 'NONE',  ( 0.000000000000000000, 0.000000000000000000, 1.000000000000000000 ) ) ;
#5870 = EDGE_CURVE ( 'NONE', #348, #3283, #5259, .T. ) ;
#5871 = CC_DESIGN_APPROVAL ( #4733, ( #617 ) ) ;
#5872 = ORIENTED_EDGE ( 'NONE', *, *, #6778, .F. ) ;
#5873 = DIRECTION ( 'NONE',  ( -1.000000000000000000, 0.000000000000000000, 0.000000000000000000 ) ) ;
#5874 = VERTEX_POINT ( 'NONE', #9452 ) ;
#5875 = DATE_AND_TIME ( #993, #2889 ) ;
#5876 = CARTESIAN_POINT ( 'NONE',  ( -9.592487695948898718, 10.19791902210260304, 11.21088649228975775 ) ) ;
#5877 = CARTESIAN_POINT ( 'NONE',  ( 31.60000000000000142, 77.50000000000000000, -1.200000000000000030E-05 ) ) ;
#5878 = CARTESIAN_POINT ( 'NONE',  ( 31.60000000000000142, 62.49999999999997868, 4.590597372058685011 ) ) ;
#5879 = PLANE ( 'NONE',  #2377 ) ;
#5880 = CC_DESIGN_APPROVAL ( #4076, ( #6057 ) ) ;
#5881 = ORIENTED_EDGE ( 'NONE', *, *, #9206, .F. ) ;
#5882 = DATE_AND_TIME ( #175, #4508 ) ;
#5883 = APPROVAL_DATE_TIME ( #3591, #4353 ) ;
#5884 = CARTESIAN_POINT ( 'NONE',  ( 12.00000000000000000, 12.00000000000000000, 20.00000000000000000 ) ) ;
#5885 = EDGE_CURVE ( 'NONE', #6599, #7867, #7908, .T. ) ;
#5886 = CARTESIAN_POINT ( 'NONE',  ( -9.442584738252207899, -0.000000000000000000, 19.34333309900601705 ) ) ;
#5887 = PERSON_AND_ORGANIZATION ( #10500, #8573 ) ;
#5888 = LOCAL_TIME ( 6, 20, 19.00000000000000000, #3077 ) ;
#5889 = ORIENTED_EDGE ( 'NONE', *, *, #4571, .T. ) ;
#5890 = CARTESIAN_POINT ( 'NONE',  ( -11.59999999999999964, 0.000000000000000000, -0.000000000000000000 ) ) ;
#5891 = CARTESIAN_POINT ( 'NONE',  ( -15.69999999999999929, 70.00000000000000000, -6.000000000000000152E-06 ) ) ;
#5892 = CARTESIAN_POINT ( 'NONE',  ( 40.00000000000000000, 40.00000000000000000, 0.000000000000000000 ) ) ;
#5893 = DIRECTION ( 'NONE',  ( 1.000000000000000000, 0.000000000000000000, 0.000000000000000000 ) ) ;
#5894 = CC_DESIGN_SECURITY_CLASSIFICATION ( #462, ( #999 ) ) ;
#5895 = VECTOR ( 'NONE', #9184, 1000.000000000000000 ) ;
#5896 = ADVANCED_FACE ( 'NONE', ( #9508 ), #5312, .F. ) ;
#5897 = EDGE_CURVE ( 'NONE', #3514, #8000, #296, .T. ) ;
#5898 = AXIS2_PLACEMENT_3D ( 'NONE', #3583, #9253, #6703 ) ;
#5899 = ORIENTED_EDGE ( 'NONE', *, *, #669, .F. ) ;
#5900 = DIRECTION ( 'NONE',  ( 1.000000000000000000, 0.000000000000000000, 0.000000000000000000 ) ) ;
#5901 = EDGE_LOOP ( 'NONE', ( #3009, #812, #8329, #4404 ) ) ;
#5902 = CARTESIAN_POINT ( 'NONE',  ( -9.000000000000000000, 49.00000000000000000, -1.200000000000000030E-05 ) ) ;
#5903 = CARTESIAN_POINT ( 'NONE',  ( 0.5999999999999999778, 13.98713694792468587, 12.00000000000000000 ) ) ;
#5904 = ORIENTED_EDGE ( 'NONE', *, *, #9890, .T. ) ;
#5905 = CARTESIAN_POINT ( 'NONE',  ( -1.594977014734535459, -2.082076604084840188, -0.000000000000000000 ) ) ;
#5906 = CARTESIAN_POINT ( 'NONE',  ( -7.957126042970158686, 47.63880920472777802, 0.000000000000000000 ) ) ;
#5907 = CIRCLE ( 'NONE', #10687, 1.700000000000000178 ) ;
#5908 = ORIENTED_EDGE ( 'NONE', *, *, #1533, .F. ) ;
#5909 = EDGE_CURVE ( 'NONE', #1806, #3091, #1575, .T. ) ;
#5910 = APPROVAL_STATUS ( 'not_yet_approved' ) ;
#5911 = EDGE_LOOP ( 'NONE', ( #3919, #327 ) ) ;
#5912 = CARTESIAN_POINT ( 'NONE',  ( 11.04041184224593763, 8.612030553185554993, 10.16769485529068717 ) ) ;
#5913 = APPROVAL_DATE_TIME ( #203, #1023 ) ;
#5914 = AXIS2_PLACEMENT_3D ( 'NONE', #3086, #8279, #6415 ) ;
#5915 = VERTEX_POINT ( 'NONE', #7775 ) ;
#5916 = CARTESIAN_POINT ( 'NONE',  ( 31.60000000000000142, 62.50000000000000000, -1.200000000000000030E-05 ) ) ;
#5917 =( GEOMETRIC_REPRESENTATION_CONTEXT ( 3 ) GLOBAL_UNCERTAINTY_ASSIGNED_CONTEXT ( ( #8434 ) ) GLOBAL_UNIT_ASSIGNED_CONTEXT ( ( #7237, #3182, #3076 ) ) REPRESENTATION_CONTEXT ( 'NONE', 'WORKASPACE' ) );
#5918 = CARTESIAN_POINT ( 'NONE',  ( -9.000000000000000000, 80.49999999999998579, 3.000000000000000000 ) ) ;
#5919 = DIRECTION ( 'NONE',  ( 1.000000000000000000, 0.000000000000000000, 0.000000000000000000 ) ) ;
#5920 = DIRECTION ( 'NONE',  ( -1.000000000000000000, 0.000000000000000000, 0.000000000000000000 ) ) ;
#5921 = DIRECTION ( 'NONE',  ( 1.000000000000000000, -0.000000000000000000, 0.000000000000000000 ) ) ;
#5922 = EDGE_LOOP ( 'NONE', ( #7849, #5090, #3446, #577, #7140, #2369, #2977, #6853 ) ) ;
#5923 = PRODUCT ( 'V2_REF_gripper_body', 'V2_REF_gripper_body', '', ( #4589 ) ) ;
#5924 = DIRECTION ( 'NONE',  ( -0.000000000000000000, -0.000000000000000000, -1.000000000000000000 ) ) ;
#5925 = AXIS2_PLACEMENT_3D ( 'NONE', #4229, #3059, #8302 ) ;
#5926 = APPROVAL ( #2180, 'UNKNOWN' ) ;
#5927 = PERSON_AND_ORGANIZATION_ROLE ( 'design_owner' ) ;
#5928 = APPROVAL ( #1886, 'ๆช' ) ;
#5929 = DESIGN_CONTEXT ( 'detailed design', #3954, 'design' ) ;
#5930 = CARTESIAN_POINT ( 'NONE',  ( 29.63880920472989899, 29.95712604296879888, 0.000000000000000000 ) ) ;
#5931 = VERTEX_POINT ( 'NONE', #9399 ) ;
#5932 = ORIENTED_EDGE ( 'NONE', *, *, #945, .T. ) ;
#5933 = DIRECTION ( 'NONE',  ( -1.000000000000000000, -0.000000000000000000, -0.000000000000000000 ) ) ;
#5934 = COORDINATED_UNIVERSAL_TIME_OFFSET ( 5, 0, .BEHIND. ) ;
#5935 = CARTESIAN_POINT ( 'NONE',  ( 0.000000000000000000, 70.00000000000000000, 5.200000000000000178 ) ) ;
#5936 = CARTESIAN_POINT ( 'NONE',  ( 19.14134607987366721, 0.000000000000000000, 13.48432534211531397 ) ) ;
#5937 = VECTOR ( 'NONE', #6155, 1000.000000000000000 ) ;
#5938 = CARTESIAN_POINT ( 'NONE',  ( 6.000000000000000000, -1.300000000000000044, 16.00000000000000000 ) ) ;
#5939 = DIRECTION ( 'NONE',  ( 1.000000000000000000, -0.000000000000000000, 0.000000000000000000 ) ) ;
#5940 = EDGE_CURVE ( 'NONE', #10440, #2630, #8624, .T. ) ;
#5941 = DATE_AND_TIME ( #7696, #7816 ) ;
#5942 = VECTOR ( 'NONE', #4211, 1000.000000000000000 ) ;
#5943 = VECTOR ( 'NONE', #5099, 1000.000000000000000 ) ;
#5944 = APPLICATION_PROTOCOL_DEFINITION ( 'international standard', 'config_control_design', 1994, #772 ) ;
#5945 = ADVANCED_FACE ( 'NONE', ( #7724 ), #6788, .F. ) ;
#5946 = DIRECTION ( 'NONE',  ( -1.000000000000000000, 0.000000000000000000, 0.000000000000000000 ) ) ;
#5947 = CARTESIAN_POINT ( 'NONE',  ( -10.36119079527047404, 0.000000000000000000, 22.04287395703121177 ) ) ;
#5948 = APPROVAL_DATE_TIME ( #6000, #4863 ) ;
#5949 = ORIENTED_EDGE ( 'NONE', *, *, #8501, .F. ) ;
#5950 = CARTESIAN_POINT ( 'NONE',  ( -9.000000000000000000, -6.000000000000000152E-06, 1.299999999999999600 ) ) ;
#5951 = CIRCLE ( 'NONE', #10720, 1.700000000000000178 ) ;
#5952 = AXIS2_PLACEMENT_3D ( 'NONE', #4179, #9241, #6633 ) ;
#5953 = LINE ( 'NONE', #1894, #9885 ) ;
#5954 = CIRCLE ( 'NONE', #7698, 8.000000000000000000 ) ;
#5955 = LINE ( 'NONE', #4325, #8952 ) ;
#5956 = EDGE_CURVE ( 'NONE', #4134, #9058, #6300, .T. ) ;
#5957 = DIRECTION ( 'NONE',  ( -0.000000000000000000, -0.000000000000000000, 1.000000000000000000 ) ) ;
#5958 = AXIS2_PLACEMENT_3D ( 'NONE', #10623, #6301, #3132 ) ;
#5959 = ORIENTED_EDGE ( 'NONE', *, *, #1406, .T. ) ;
#5960 = FACE_OUTER_BOUND ( 'NONE', #8980, .T. ) ;
#5961 = ORIENTED_EDGE ( 'NONE', *, *, #6101, .T. ) ;
#5962 = CARTESIAN_POINT ( 'NONE',  ( 14.44263793983941824, 71.65679534101303716, -0.000000000000000000 ) ) ;
#5963 = FACE_OUTER_BOUND ( 'NONE', #8635, .T. ) ;
#5964 = EDGE_CURVE ( 'NONE', #4951, #5429, #6952, .T. ) ;
#5965 = ORIENTED_EDGE ( 'NONE', *, *, #8863, .T. ) ;
#5966 = CARTESIAN_POINT ( 'NONE',  ( 31.00000000000000000, 59.50000000000000000, 4.700000000000000178 ) ) ;
#5967 = EDGE_CURVE ( 'NONE', #7060, #6779, #8560, .T. ) ;
#5968 = AXIS2_PLACEMENT_3D ( 'NONE', #4734, #8064, #3910 ) ;
#5969 = CARTESIAN_POINT ( 'NONE',  ( -7.515476490455877290, -0.000000000000000000, 20.14146106821026194 ) ) ;
#5970 = ORIENTED_EDGE ( 'NONE', *, *, #784, .T. ) ;
#5971 = ORIENTED_EDGE ( 'NONE', *, *, #467, .T. ) ;
#5972 = CARTESIAN_POINT ( 'NONE',  ( 11.63116903760836074, 7.792703007474884203, 7.297940933140290909 ) ) ;
#5973 = CIRCLE ( 'NONE', #1951, 2.500000000000000000 ) ;
#5974 = EDGE_LOOP ( 'NONE', ( #9754, #4509, #6627, #498 ) ) ;
#5975 = DIRECTION ( 'NONE',  ( -1.000000000000000000, -0.000000000000000000, -0.000000000000000000 ) ) ;
#5976 = CARTESIAN_POINT ( 'NONE',  ( -28.00000000000000000, 8.000000000000000000, 24.00000000000000000 ) ) ;
#5977 = CARTESIAN_POINT ( 'NONE',  ( -21.69999999999999929, -34.00000000000000000, -6.000000000000000152E-06 ) ) ;
#5978 = CARTESIAN_POINT ( 'NONE',  ( -24.30000000000000071, -57.00000000000000711, -8.271806125530276749E-22 ) ) ;
#5979 = EDGE_CURVE ( 'NONE', #6015, #6738, #5310, .T. ) ;
#5980 = CARTESIAN_POINT ( 'NONE',  ( 5.799999999999999822, 70.00000000000000000, 8.000000000000000000 ) ) ;
#5981 = AXIS2_PLACEMENT_3D ( 'NONE', #6567, #5545, #1480 ) ;
#5982 =( LENGTH_UNIT ( ) NAMED_UNIT ( * ) SI_UNIT ( .MILLI., .METRE. ) );
#5983 = COORDINATED_UNIVERSAL_TIME_OFFSET ( 5, 0, .BEHIND. ) ;
#5984 = DIRECTION ( 'NONE',  ( -0.000000000000000000, 1.000000000000000000, -0.000000000000000000 ) ) ;
#5985 = EDGE_LOOP ( 'NONE', ( #2514, #9509, #8316, #2787 ) ) ;
#5986 = DIRECTION ( 'NONE',  ( -1.000000000000000000, 0.000000000000000000, 0.000000000000000000 ) ) ;
#5987 = DATE_AND_TIME ( #2703, #9747 ) ;
#5988 = CARTESIAN_POINT ( 'NONE',  ( -9.291948759307684824, 10.47216675020139931, 9.141253131056851444 ) ) ;
#5989 = CARTESIAN_POINT ( 'NONE',  ( -20.85853893178941831, -4.515476490455744063, -0.000000000000000000 ) ) ;
#5990 = VERTEX_POINT ( 'NONE', #7649 ) ;
#5991 = CARTESIAN_POINT ( 'NONE',  ( -12.00000000000000000, -12.00000000000000000, 20.00000000000000000 ) ) ;
#5992 = DIRECTION ( 'NONE',  ( 0.000000000000000000, -0.000000000000000000, 1.000000000000000000 ) ) ;
#5993 = PRODUCT_DEFINITION ( 'ๆ', '', #1690, #2856 ) ;
#5994 = ORIENTED_EDGE ( 'NONE', *, *, #8943, .F. ) ;
#5995 = CLOSED_SHELL ( 'NONE', ( #10370, #5040, #4941, #8106, #4719, #1948 ) ) ;
#5996 = PERSON_AND_ORGANIZATION ( #10500, #8573 ) ;
#5997 = PERSON_AND_ORGANIZATION ( #10500, #8573 ) ;
#5998 = DIRECTION ( 'NONE',  ( -0.000000000000000000, 1.000000000000000000, 0.000000000000000000 ) ) ;
#5999 = CARTESIAN_POINT ( 'NONE',  ( 9.028379520031954542, 10.69992351637305461, 8.635056883210507905 ) ) ;
#6000 = DATE_AND_TIME ( #6766, #3817 ) ;
#6001 = ORIENTED_EDGE ( 'NONE', *, *, #5811, .F. ) ;
#6002 = CARTESIAN_POINT ( 'NONE',  ( 11.94592245563050525, 7.300338131588374857, 9.870962191954024689 ) ) ;
#6003 = DIRECTION ( 'NONE',  ( -0.000000000000000000, -0.000000000000000000, -1.000000000000000000 ) ) ;
#6004 = DIRECTION ( 'NONE',  ( -0.000000000000000000, -0.000000000000000000, 1.000000000000000000 ) ) ;
#6005 = PRODUCT_RELATED_PRODUCT_CATEGORY ( 'detail', '', ( #6848 ) ) ;
#6006 = CARTESIAN_POINT ( 'NONE',  ( -9.442584738250030085, 32.65666690099504166, 0.000000000000000000 ) ) ;
#6007 = EDGE_CURVE ( 'NONE', #6382, #246, #5020, .T. ) ;
#6008 = ORIENTED_EDGE ( 'NONE', *, *, #3697, .F. ) ;
#6009 = CYLINDRICAL_SURFACE ( 'NONE', #10858, 1.700000000000000178 ) ;
#6010 = ORIENTED_EDGE ( 'NONE', *, *, #7509, .F. ) ;
#6011 = CARTESIAN_POINT ( 'NONE',  ( 13.14146106820873605, 71.48452350954337930, -0.000000000000000000 ) ) ;
#6012 = LINE ( 'NONE', #7043, #69 ) ;
#6013 = ORIENTED_EDGE ( 'NONE', *, *, #9335, .F. ) ;
#6014 = CARTESIAN_POINT ( 'NONE',  ( 2.082076604084940108, -1.594977014734290321, -0.000000000000000000 ) ) ;
#6015 = VERTEX_POINT ( 'NONE', #3434 ) ;
#6016 = CARTESIAN_POINT ( 'NONE',  ( 15.69999999999999929, 2.081899558550498554E-16, 2.000000000000000000 ) ) ;
#6017 = ORIENTED_EDGE ( 'NONE', *, *, #5348, .F. ) ;
#6018 = EDGE_CURVE ( 'NONE', #6497, #8234, #1933, .T. ) ;
#6019 = ORIENTED_EDGE ( 'NONE', *, *, #7863, .T. ) ;
#6020 = LINE ( 'NONE', #5106, #4245 ) ;
#6021 = COORDINATED_UNIVERSAL_TIME_OFFSET ( 5, 0, .BEHIND. ) ;
#6022 = VERTEX_POINT ( 'NONE', #6658 ) ;
#6023 = LINE ( 'NONE', #6736, #5049 ) ;
#6024 = ORIENTED_EDGE ( 'NONE', *, *, #10693, .F. ) ;
#6025 = FACE_OUTER_BOUND ( 'NONE', #3873, .T. ) ;
#6026 = CARTESIAN_POINT ( 'NONE',  ( -21.69999999999999929, -6.000000000000000000, -1.200000000000000030E-05 ) ) ;
#6027 = DIRECTION ( 'NONE',  ( -0.000000000000000000, -0.000000000000000000, -1.000000000000000000 ) ) ;
#6028 = DIRECTION ( 'NONE',  ( 0.000000000000000000, 1.000000000000000000, 0.000000000000000000 ) ) ;
#6029 = CC_DESIGN_APPROVAL ( #3782, ( #4980 ) ) ;
#6030 = CARTESIAN_POINT ( 'NONE',  ( -2.500000000000000000, 0.000000000000000000, 5.000000000000000000 ) ) ;
#6031 = PERSON_AND_ORGANIZATION ( #10500, #8573 ) ;
#6032 = DIRECTION ( 'NONE',  ( 1.000000000000000000, 0.000000000000000000, 0.000000000000000000 ) ) ;
#6033 = EDGE_CURVE ( 'NONE', #9369, #2955, #5091, .T. ) ;
#6034 = EDGE_CURVE ( 'NONE', #730, #4215, #779, .T. ) ;
#6035 = VECTOR ( 'NONE', #7456, 1000.000000000000000 ) ;
#6036 = VERTEX_POINT ( 'NONE', #1624 ) ;
#6037 = LINE ( 'NONE', #881, #10225 ) ;
#6038 = PERSON_AND_ORGANIZATION_ROLE ( 'classification_officer' ) ;
#6039 = LOCAL_TIME ( 6, 20, 19.00000000000000000, #9025 ) ;
#6040 = CARTESIAN_POINT ( 'NONE',  ( -10.54980359593110428, 9.207328926581991979, 8.300000000000004263 ) ) ;
#6041 = APPLICATION_CONTEXT ( 'configuration controlled 3d designs of mechanical parts and assemblies' ) ;
#6042 = CARTESIAN_POINT ( 'NONE',  ( -18.63880920472979597, -4.957126042968710067, 0.000000000000000000 ) ) ;
#6043 = CARTESIAN_POINT ( 'NONE',  ( -1.000000000000000000, 27.50000000000000000, 58.00000000000000000 ) ) ;
#6044 = FACE_OUTER_BOUND ( 'NONE', #1988, .T. ) ;
#6045 = AXIS2_PLACEMENT_3D ( 'NONE', #4778, #9563, #5371 ) ;
#6046 = LOCAL_TIME ( 6, 20, 19.00000000000000000, #6129 ) ;
#6047 = COORDINATED_UNIVERSAL_TIME_OFFSET ( 5, 0, .BEHIND. ) ;
#6048 = COORDINATED_UNIVERSAL_TIME_OFFSET ( 5, 0, .BEHIND. ) ;
#6049 = LINE ( 'NONE', #9202, #4546 ) ;
#6050 = CARTESIAN_POINT ( 'NONE',  ( -10.04287395703057939, 0.000000000000000000, 19.63880920472926306 ) ) ;
#6051 = CC_DESIGN_DATE_AND_TIME_ASSIGNMENT ( #4286, #3567, ( #6549 ) ) ;
#6052 = APPROVAL_STATUS ( 'not_yet_approved' ) ;
#6053 = ORIENTED_EDGE ( 'NONE', *, *, #1484, .T. ) ;
#6054 = VECTOR ( 'NONE', #1344, 1000.000000000000000 ) ;
#6055 = CARTESIAN_POINT ( 'NONE',  ( 11.04041184224593941, 8.612030553185553217, 11.66769485529068540 ) ) ;
#6056 = CARTESIAN_POINT ( 'NONE',  ( 27.69999999999999929, -45.00000000000000000, 5.000000000000000000 ) ) ;
#6057 = PRODUCT_DEFINITION_FORMATION_WITH_SPECIFIED_SOURCE ( 'ไป', '', #1184, .NOT_KNOWN. ) ;
#6058 = CARTESIAN_POINT ( 'NONE',  ( 0.000000000000000000, 70.00000000000000000, 0.000000000000000000 ) ) ;
#6059 = FACE_OUTER_BOUND ( 'NONE', #2339, .T. ) ;
#6060 = LOCAL_TIME ( 6, 20, 19.00000000000000000, #5181 ) ;
#6061 = DIRECTION ( 'NONE',  ( -0.000000000000000000, -1.000000000000000000, -0.000000000000000000 ) ) ;
#6062 = CC_DESIGN_PERSON_AND_ORGANIZATION_ASSIGNMENT ( #3456, #860, ( #3622 ) ) ;
#6063 = ORIENTED_EDGE ( 'NONE', *, *, #10207, .T. ) ;
#6064 = DIRECTION ( 'NONE',  ( -0.000000000000000000, -0.000000000000000000, 1.000000000000000000 ) ) ;
#6065 = VERTEX_POINT ( 'NONE', #2386 ) ;
#6066 = CARTESIAN_POINT ( 'NONE',  ( 0.000000000000000000, 0.000000000000000000, 16.00000000000000000 ) ) ;
#6067 = LOCAL_TIME ( 6, 20, 19.00000000000000000, #8423 ) ;
#6068 = CARTESIAN_POINT ( 'NONE',  ( 0.6767371672055961795, -2.533830729021501416, 0.000000000000000000 ) ) ;
#6069 = DIRECTION ( 'NONE',  ( 0.000000000000000000, -0.000000000000000000, -1.000000000000000000 ) ) ;
#6070 = EDGE_CURVE ( 'NONE', #8424, #7376, #4151, .T. ) ;
#6071 = ORIENTED_EDGE ( 'NONE', *, *, #6576, .F. ) ;
#6072 = DIRECTION ( 'NONE',  ( 0.000000000000000000, 0.000000000000000000, 1.000000000000000000 ) ) ;
#6073 = LOCAL_TIME ( 6, 20, 19.00000000000000000, #5502 ) ;
#6074 = ORIENTED_EDGE ( 'NONE', *, *, #5294, .T. ) ;
#6075 = DIRECTION ( 'NONE',  ( -0.000000000000000000, -0.000000000000000000, 1.000000000000000000 ) ) ;
#6076 = ORIENTED_EDGE ( 'NONE', *, *, #1149, .T. ) ;
#6077 = FACE_OUTER_BOUND ( 'NONE', #8111, .T. ) ;
#6078 = ORIENTED_EDGE ( 'NONE', *, *, #6903, .T. ) ;
#6079 = DIRECTION ( 'NONE',  ( -1.000000000000000000, 0.000000000000000000, -0.000000000000000000 ) ) ;
#6080 = VERTEX_POINT ( 'NONE', #7481 ) ;
#6081 = AXIS2_PLACEMENT_3D ( 'NONE', #10143, #1769, #5125 ) ;
#6082 = ORIENTED_EDGE ( 'NONE', *, *, #698, .F. ) ;
#6083 = CARTESIAN_POINT ( 'NONE',  ( -2.600000000000000089, 3.184081677783117698E-16, -6.000000000000000152E-06 ) ) ;
#6084 = CARTESIAN_POINT ( 'NONE',  ( 14.00000000000000000, 1.714505518806294638E-15, 12.00000000000000000 ) ) ;
#6085 = EDGE_CURVE ( 'NONE', #3637, #1981, #9104, .T. ) ;
#6086 = ADVANCED_FACE ( 'NONE', ( #2497 ), #840, .F. ) ;
#6087 = CALENDAR_DATE ( 2026, 18, 9 ) ;
#6088 = CARTESIAN_POINT ( 'NONE',  ( 14.00000000000000000, 0.000000000000000000, 0.000000000000000000 ) ) ;
#6089 = VECTOR ( 'NONE', #489, 1000.000000000000000 ) ;
#6090 = ORIENTED_EDGE ( 'NONE', *, *, #4166, .F. ) ;
#6091 = CARTESIAN_POINT ( 'NONE',  ( 31.44263793984766764, -0.000000000000000000, 19.34320465898919750 ) ) ;
#6092 = COORDINATED_UNIVERSAL_TIME_OFFSET ( 5, 0, .BEHIND. ) ;
#6093 = AXIS2_PLACEMENT_3D ( 'NONE', #9080, #6417, #2360 ) ;
#6094 = CARTESIAN_POINT ( 'NONE',  ( -9.291956110314004036, 10.47215736457432023, 10.85867387745195778 ) ) ;
#6095 = CARTESIAN_POINT ( 'NONE',  ( -21.48439506952756872, -5.141514269807109017, 0.000000000000000000 ) ) ;
#6096 = DIRECTION ( 'NONE',  ( 0.000000000000000000, -0.000000000000000000, 1.000000000000000000 ) ) ;
#6097 = CARTESIAN_POINT ( 'NONE',  ( 3.000000000000000000, 3.000000000000000000, 83.00000000000000000 ) ) ;
#6098 = VECTOR ( 'NONE', #5499, 1000.000000000000000 ) ;
#6099 = EDGE_CURVE ( 'NONE', #161, #7080, #10096, .T. ) ;
#6100 = LOCAL_TIME ( 6, 20, 19.00000000000000000, #1775 ) ;
#6101 = EDGE_CURVE ( 'NONE', #1695, #1872, #1726, .T. ) ;
#6102 = DATE_AND_TIME ( #2768, #4858 ) ;
#6103 = PERSON_AND_ORGANIZATION_ROLE ( 'creator' ) ;
#6104 = CARTESIAN_POINT ( 'NONE',  ( 35.60000000000000142, 67.50000000000000000, 6.000000000000000000 ) ) ;
#6105 = CYLINDRICAL_SURFACE ( 'NONE', #531, 1.700000000000000178 ) ;
#6106 = PERSON_AND_ORGANIZATION ( #10500, #8573 ) ;
#6107 = AXIS2_PLACEMENT_3D ( 'NONE', #9591, #9871, #4028 ) ;
#6108 = VERTEX_POINT ( 'NONE', #10157 ) ;
#6109 = CARTESIAN_POINT ( 'NONE',  ( 11.25723435106464976, 8.324008393740475853, 11.56315928611681443 ) ) ;
#6110 = DIRECTION ( 'NONE',  ( 1.000000000000000000, 0.000000000000000000, 0.000000000000000000 ) ) ;
#6111 = VECTOR ( 'NONE', #6662, 1000.000000000000000 ) ;
#6112 = CARTESIAN_POINT ( 'NONE',  ( -28.00000000000000000, 8.000000000000000000, 0.000000000000000000 ) ) ;
#6113 = EDGE_CURVE ( 'NONE', #1194, #4784, #5539, .T. ) ;
#6114 = VECTOR ( 'NONE', #7558, 1000.000000000000000 ) ;
#6115 = DIRECTION ( 'NONE',  ( 0.000000000000000000, 0.000000000000000000, 1.000000000000000000 ) ) ;
#6116 = APPROVAL_ROLE ( '' ) ;
#6117 = EDGE_LOOP ( 'NONE', ( #8832, #6438, #5614, #9797 ) ) ;
#6118 = LINE ( 'NONE', #9500, #3644 ) ;
#6119 = VECTOR ( 'NONE', #10325, 1000.000000000000000 ) ;
#6120 = ORIENTED_EDGE ( 'NONE', *, *, #6034, .T. ) ;
#6121 = CARTESIAN_POINT ( 'NONE',  ( 0.000000000000000000, 0.000000000000000000, 24.00000000000000000 ) ) ;
#6122 = DIRECTION ( 'NONE',  ( 0.000000000000000000, 1.000000000000000000, 0.000000000000000000 ) ) ;
#6123 = CC_DESIGN_PERSON_AND_ORGANIZATION_ASSIGNMENT ( #10320, #6987, ( #5993 ) ) ;
#6124 = CARTESIAN_POINT ( 'NONE',  ( -7.515604930472060019, 0.000000000000000000, 21.85848573019215024 ) ) ;
#6125 = AXIS2_PLACEMENT_3D ( 'NONE', #8997, #5921, #9414 ) ;
#6126 = CARTESIAN_POINT ( 'NONE',  ( 213.0000000000000000, 30.00000000000000000, 74.50000000000000000 ) ) ;
#6127 = VERTEX_POINT ( 'NONE', #6163 ) ;
#6128 = DIRECTION ( 'NONE',  ( 0.000000000000000000, -1.000000000000000000, 0.000000000000000000 ) ) ;
#6129 = COORDINATED_UNIVERSAL_TIME_OFFSET ( 5, 0, .BEHIND. ) ;
#6130 = EDGE_CURVE ( 'NONE', #353, #7613, #5243, .T. ) ;
#6131 = ORIENTED_EDGE ( 'NONE', *, *, #751, .F. ) ;
#6132 = CARTESIAN_POINT ( 'NONE',  ( 30.14146106821291582, -0.000000000000000000, 1.515476490455083480 ) ) ;
#6133 = PLANE ( 'NONE',  #1836 ) ;
#6134 = VECTOR ( 'NONE', #1689, 1000.000000000000000 ) ;
#6135 = VECTOR ( 'NONE', #7338, 1000.000000000000000 ) ;
#6136 = ORIENTED_EDGE ( 'NONE', *, *, #7925, .T. ) ;
#6137 = DIRECTION ( 'NONE',  ( -1.000000000000000000, -0.000000000000000000, -0.000000000000000000 ) ) ;
#6138 = EDGE_CURVE ( 'NONE', #6738, #6015, #3719, .T. ) ;
#6139 = CARTESIAN_POINT ( 'NONE',  ( -6.000000000000000000, -1.300000000000000044, -0.09997027095160138099 ) ) ;
#6140 = VECTOR ( 'NONE', #5185, 1000.000000000000000 ) ;
#6141 = DATE_TIME_ROLE ( 'classification_date' ) ;
#6142 = CARTESIAN_POINT ( 'NONE',  ( 3.000000000000000000, 146.0000000000000000, 83.00000000000000000 ) ) ;
#6143 = ORIENTED_EDGE ( 'NONE', *, *, #6755, .F. ) ;
#6144 = CARTESIAN_POINT ( 'NONE',  ( 0.5999999999999998668, 9.000000000000000000, 8.500000000000000000 ) ) ;
#6145 = VERTEX_POINT ( 'NONE', #7868 ) ;
#6146 = PERSON_AND_ORGANIZATION_ROLE ( 'classification_officer' ) ;
#6147 = ADVANCED_FACE ( 'NONE', ( #3651 ), #339, .F. ) ;
#6148 = LINE ( 'NONE', #431, #8014 ) ;
#6149 = DIRECTION ( 'NONE',  ( -1.000000000000000000, -0.000000000000000000, -0.000000000000000000 ) ) ;
#6150 = ORIENTED_EDGE ( 'NONE', *, *, #5438, .F. ) ;
#6151 = CARTESIAN_POINT ( 'NONE',  ( -11.59999999999999964, 72.50000000000000000, -1.200000000000000030E-05 ) ) ;
#6152 = CARTESIAN_POINT ( 'NONE',  ( -18.30000000000000071, -34.00000000000000000, -6.000000000000000152E-06 ) ) ;
#6153 = AXIS2_PLACEMENT_3D ( 'NONE', #6810, #3363, #9192 ) ;
#6154 = ORIENTED_EDGE ( 'NONE', *, *, #8154, .T. ) ;
#6155 = DIRECTION ( 'NONE',  ( 1.000000000000000000, 0.000000000000000000, 0.000000000000000000 ) ) ;
#6156 = CALENDAR_DATE ( 2026, 18, 9 ) ;
#6157 = DIRECTION ( 'NONE',  ( 1.000000000000000000, -0.000000000000000000, -0.000000000000000000 ) ) ;
#6158 = LINE ( 'NONE', #500, #8433 ) ;
#6159 = COORDINATED_UNIVERSAL_TIME_OFFSET ( 5, 0, .BEHIND. ) ;
#6160 = EDGE_CURVE ( 'NONE', #3780, #8563, #3707, .T. ) ;
#6161 = ADVANCED_FACE ( 'NONE', ( #7040 ), #5298, .F. ) ;
#6162 = ORIENTED_EDGE ( 'NONE', *, *, #5218, .T. ) ;
#6163 = CARTESIAN_POINT ( 'NONE',  ( 28.00000000000000000, 8.000000000000000000, 0.000000000000000000 ) ) ;
#6164 = CARTESIAN_POINT ( 'NONE',  ( 2.348801894056212092, 1.124607701293192985, 0.000000000000000000 ) ) ;
#6165 = CARTESIAN_POINT ( 'NONE',  ( -19.00000000000000000, 0.000000000000000000, 0.000000000000000000 ) ) ;
#6166 = LINE ( 'NONE', #8945, #888 ) ;
#6167 = APPLICATION_PROTOCOL_DEFINITION ( 'international standard', 'config_control_design', 1994, #1700 ) ;
#6168 = EDGE_CURVE ( 'NONE', #480, #10156, #3526, .T. ) ;
#6169 = ADVANCED_FACE ( 'NONE', ( #1651 ), #4298, .F. ) ;
#6170 = EDGE_LOOP ( 'NONE', ( #4107, #8909, #10236, #3859, #5949, #6289, #7618, #10173 ) ) ;
#6171 = CARTESIAN_POINT ( 'NONE',  ( 14.22508399489131214, 68.29993048876643513, -0.000000000000000000 ) ) ;
#6172 = VERTEX_POINT ( 'NONE', #6862 ) ;
#6173 = CARTESIAN_POINT ( 'NONE',  ( -6.000000000000000000, 0.000000000000000000, 20.00000000000000000 ) ) ;
#6174 = SHAPE_REPRESENTATION_RELATIONSHIP ( 'NONE' , 'NONE' ,  #4218, #4456 ) ;
#6175 = ORIENTED_EDGE ( 'NONE', *, *, #6242, .F. ) ;
#6176 = CARTESIAN_POINT ( 'NONE',  ( 0.000000000000000000, -45.00000000000000000, -0.000000000000000000 ) ) ;
#6177 = VERTEX_POINT ( 'NONE', #1705 ) ;
#6178 = CC_DESIGN_DATE_AND_TIME_ASSIGNMENT ( #4120, #8277, ( #8315 ) ) ;
#6179 = SECURITY_CLASSIFICATION_LEVEL ( 'unclassified' ) ;
#6180 = ORIENTED_EDGE ( 'NONE', *, *, #8847, .T. ) ;
#6181 = CARTESIAN_POINT ( 'NONE',  ( 0.000000000000000000, 70.00000000000000000, -1.200000000000000030E-05 ) ) ;
#6182 = ORIENTED_EDGE ( 'NONE', *, *, #67, .F. ) ;
#6183 = FACE_OUTER_BOUND ( 'NONE', #10526, .T. ) ;
#6184 = CARTESIAN_POINT ( 'NONE',  ( -19.00000000000000000, 9.000000000000000000, 11.70000000000000107 ) ) ;
#6185 = EDGE_LOOP ( 'NONE', ( #3517, #1923, #2463, #9487 ) ) ;
#6186 = CARTESIAN_POINT ( 'NONE',  ( -19.55741526174906753, -35.65666690099450875, 0.000000000000000000 ) ) ;
#6187 = VERTEX_POINT ( 'NONE', #3360 ) ;
#6188 = MECHANICAL_CONTEXT ( 'NONE', #10219, 'mechanical' ) ;
#6189 = CARTESIAN_POINT ( 'NONE',  ( 32.48432534211531930, 30.14134607986934711, 0.000000000000000000 ) ) ;
#6190 = ORIENTED_EDGE ( 'NONE', *, *, #8098, .T. ) ;
#6191 = CARTESIAN_POINT ( 'NONE',  ( -21.00000000000000000, 0.000000000000000000, 6.000000000000000000 ) ) ;
#6192 = APPROVAL ( #4259, 'ๆช' ) ;
#6193 = CALENDAR_DATE ( 2026, 18, 9 ) ;
#6194 = DIRECTION ( 'NONE',  ( 1.000000000000000000, -0.000000000000000000, -0.000000000000000000 ) ) ;
#6195 = FACE_OUTER_BOUND ( 'NONE', #6566, .T. ) ;
#6196 = DIRECTION ( 'NONE',  ( -0.000000000000000000, -0.000000000000000000, -1.000000000000000000 ) ) ;
#6197 = DIRECTION ( 'NONE',  ( -1.000000000000000000, 0.000000000000000000, 0.000000000000000000 ) ) ;
#6198 = EDGE_CURVE ( 'NONE', #6892, #1091, #4226, .T. ) ;
#6199 = ORIENTED_EDGE ( 'NONE', *, *, #8738, .T. ) ;
#6200 = DIRECTION ( 'NONE',  ( 0.000000000000000000, -1.000000000000000000, 0.000000000000000000 ) ) ;
#6201 = AXIS2_PLACEMENT_3D ( 'NONE', #9240, #1697, #4513 ) ;
#6202 = PERSON_AND_ORGANIZATION_ROLE ( 'design_owner' ) ;
#6203 = PLANE ( 'NONE',  #6107 ) ;
#6204 = LOCAL_TIME ( 6, 20, 19.00000000000000000, #5068 ) ;
#6205 = CARTESIAN_POINT ( 'NONE',  ( 2.130521333856785660, 1.498155055651988254, 0.000000000000000000 ) ) ;
#6206 = EDGE_CURVE ( 'NONE', #10289, #4282, #9368, .T. ) ;
#6207 = SHAPE_DEFINITION_REPRESENTATION ( #3957, #2429 ) ;
#6208 = EDGE_LOOP ( 'NONE', ( #524, #5739, #4388, #9312 ) ) ;
#6209 = CARTESIAN_POINT ( 'NONE',  ( 11.81430917424337323, 7.511707916502316174, 9.169615520327001335 ) ) ;
#6210 = PRODUCT_DEFINITION_SHAPE ( 'NONE', 'NONE',  #2315 ) ;
#6211 = FACE_OUTER_BOUND ( 'NONE', #8099, .T. ) ;
#6212 = LINE ( 'NONE', #1739, #5179 ) ;
#6213 = AXIS2_PLACEMENT_3D ( 'NONE', #2934, #8089, #615 ) ;
#6214 = CC_DESIGN_SECURITY_CLASSIFICATION ( #7964, ( #10904 ) ) ;
#6215 = DIRECTION ( 'NONE',  ( 1.000000000000000000, 0.000000000000000000, -0.000000000000000000 ) ) ;
#6216 = EDGE_CURVE ( 'NONE', #7601, #8163, #8067, .T. ) ;
#6217 = VECTOR ( 'NONE', #6365, 1000.000000000000000 ) ;
#6218 = DIRECTION ( 'NONE',  ( 1.000000000000000000, 0.000000000000000000, 0.000000000000000000 ) ) ;
#6219 = APPROVAL_STATUS ( 'not_yet_approved' ) ;
#6220 = SECURITY_CLASSIFICATION ( '', '', #2744 ) ;
#6221 = ORIENTED_EDGE ( 'NONE', *, *, #9557, .F. ) ;
#6222 = CARTESIAN_POINT ( 'NONE',  ( 15.36128909900199169, 68.95702773923554219, -0.000000000000000000 ) ) ;
#6223 = LINE ( 'NONE', #350, #4436 ) ;
#6224 = LINE ( 'NONE', #4715, #3459 ) ;
#6225 = CARTESIAN_POINT ( 'NONE',  ( 35.60000000000000142, 72.50000000000000000, 6.000000000000000000 ) ) ;
#6226 = VECTOR ( 'NONE', #5161, 1000.000000000000000 ) ;
#6227 = EDGE_CURVE ( 'NONE', #7254, #9718, #9419, .T. ) ;
#6228 = LOCAL_TIME ( 6, 20, 19.00000000000000000, #3247 ) ;
#6229 = EDGE_CURVE ( 'NONE', #1586, #6847, #4248, .T. ) ;
#6230 = DIRECTION ( 'NONE',  ( 0.000000000000000000, 0.000000000000000000, 1.000000000000000000 ) ) ;
#6231 = ORIENTED_EDGE ( 'NONE', *, *, #7044, .F. ) ;
#6232 = CARTESIAN_POINT ( 'NONE',  ( -11.03982175519196751, 8.612738812327586757, 10.16766443662072206 ) ) ;
#6233 = DATE_AND_TIME ( #10507, #2023 ) ;
#6234 = LOCAL_TIME ( 6, 20, 19.00000000000000000, #9521 ) ;
#6235 = EDGE_LOOP ( 'NONE', ( #924, #9947, #1891, #6320 ) ) ;
#6236 = FACE_OUTER_BOUND ( 'NONE', #5526, .T. ) ;
#6237 = CARTESIAN_POINT ( 'NONE',  ( 150.0000000000000000, 25.00000000000000000, 0.000000000000000000 ) ) ;
#6238 = VERTEX_POINT ( 'NONE', #4356 ) ;
#6239 = DIRECTION ( 'NONE',  ( 1.000000000000000000, 0.000000000000000000, 0.000000000000000000 ) ) ;
#6240 = ORIENTED_EDGE ( 'NONE', *, *, #2062, .T. ) ;
#6241 = CARTESIAN_POINT ( 'NONE',  ( -10.88360175605741631, 8.809597095810328682, 11.70000000000000639 ) ) ;
#6242 = EDGE_CURVE ( 'NONE', #5770, #5308, #10246, .T. ) ;
#6243 = LOCAL_TIME ( 6, 20, 19.00000000000000000, #9100 ) ;
#6244 = AXIS2_PLACEMENT_3D ( 'NONE', #3420, #8414, #4308 ) ;
#6245 = COORDINATED_UNIVERSAL_TIME_OFFSET ( 5, 0, .BEHIND. ) ;
#6246 = FACE_OUTER_BOUND ( 'NONE', #270, .T. ) ;
#6247 = VERTEX_POINT ( 'NONE', #3473 ) ;
#6248 = LINE ( 'NONE', #3799, #6673 ) ;
#6249 = ORIENTED_EDGE ( 'NONE', *, *, #5940, .F. ) ;
#6250 = DATE_TIME_ROLE ( 'classification_date' ) ;
#6251 = AXIS2_PLACEMENT_3D ( 'NONE', #2839, #6064, #397 ) ;
#6252 = DIRECTION ( 'NONE',  ( 0.000000000000000000, 0.000000000000000000, -1.000000000000000000 ) ) ;
#6253 = PLANE ( 'NONE',  #8314 ) ;
#6254 = DIRECTION ( 'NONE',  ( -0.000000000000000000, -1.000000000000000000, -0.000000000000000000 ) ) ;
#6255 = CARTESIAN_POINT ( 'NONE',  ( 18.34333309900587849, -6.442584738252077337, -0.000000000000000000 ) ) ;
#6256 = PERSON ( 'NAUO-PER23', 'UNSPECIFIED', 'UNSPECIFIED', ('UNSPECIFIED'), ('UNSPECIFIED'), ('UNSPECIFIED') ) ;
#6257 = APPROVAL ( #6219, 'ๆช' ) ;
#6258 = AXIS2_PLACEMENT_3D ( 'NONE', #33, #3401, #9296 ) ;
#6259 = DIRECTION ( 'NONE',  ( 1.000000000000000000, 0.000000000000000000, 0.000000000000000000 ) ) ;
#6260 = PERSON_AND_ORGANIZATION ( #10500, #8573 ) ;
#6261 = CARTESIAN_POINT ( 'NONE',  ( 29.51547649045614463, -0.000000000000000000, 21.85853893179037755 ) ) ;
#6262 = VECTOR ( 'NONE', #2038, 1000.000000000000000 ) ;
#6263 = CYLINDRICAL_SURFACE ( 'NONE', #6851, 1.700000000000000178 ) ;
#6264 = DATE_AND_TIME ( #1234, #8005 ) ;
#6265 = VERTEX_POINT ( 'NONE', #7465 ) ;
#6266 = CARTESIAN_POINT ( 'NONE',  ( -21.00000000000000000, 81.00000000000000000, 0.000000000000000000 ) ) ;
#6267 = EDGE_CURVE ( 'NONE', #2442, #4497, #10194, .T. ) ;
#6268 = VECTOR ( 'NONE', #192, 1000.000000000000000 ) ;
#6269 = FACE_OUTER_BOUND ( 'NONE', #1857, .T. ) ;
#6270 = DIRECTION ( 'NONE',  ( -0.000000000000000000, 1.000000000000000000, -0.000000000000000000 ) ) ;
#6271 = B_SPLINE_CURVE_WITH_KNOTS ( 'NONE', 3,
 ( #10791, #5809, #5174, #5652, #3239, #4842, #1486, #8281, #4021, #8174, #6573, #5052, #10741, #9966, #869, #3299, #3403, #7351 ),
 .UNSPECIFIED., .F., .F.,
 ( 4, 2, 2, 2, 2, 2, 2, 2, 4 ),
 ( 0.000000000000000000, 0.06250000000000000000, 0.1250000000000000000, 0.1875000000000000000, 0.2500000000000000000, 0.3125000000000000000, 0.3750000000000000000, 0.4375000000000000000, 0.5000000000000000000 ),
 .UNSPECIFIED. ) ;
#6272 = DIRECTION ( 'NONE',  ( -0.000000000000000000, -0.000000000000000000, -1.000000000000000000 ) ) ;
#6273 = VERTEX_POINT ( 'NONE', #10031 ) ;
#6274 = CC_DESIGN_DATE_AND_TIME_ASSIGNMENT ( #1825, #3646, ( #3113 ) ) ;
#6275 = AXIS2_PLACEMENT_3D ( 'NONE', #3037, #1281, #6259 ) ;
#6276 = APPROVAL_PERSON_ORGANIZATION ( #1334, #1314, #3702 ) ;
#6277 = CYLINDRICAL_SURFACE ( 'NONE', #3708, 16.00000000000001421 ) ;
#6278 = APPROVAL_ROLE ( '' ) ;
#6279 = ORIENTED_EDGE ( 'NONE', *, *, #5360, .T. ) ;
#6280 = DIRECTION ( 'NONE',  ( -1.000000000000000000, -0.000000000000000000, -0.000000000000000000 ) ) ;
#6281 = ADVANCED_FACE ( 'NONE', ( #8290, #5063 ), #755, .T. ) ;
#6282 = ORIENTED_EDGE ( 'NONE', *, *, #10612, .T. ) ;
#6283 = DIRECTION ( 'NONE',  ( 0.000000000000000000, 1.000000000000000000, 0.000000000000000000 ) ) ;
#6284 = ADVANCED_FACE ( 'NONE', ( #816 ), #5816, .F. ) ;
#6285 = DIRECTION ( 'NONE',  ( -1.000000000000000000, -0.000000000000000000, 0.000000000000000000 ) ) ;
#6286 = DIRECTION ( 'NONE',  ( 1.000000000000000000, 0.000000000000000000, 0.000000000000000000 ) ) ;
#6287 = VECTOR ( 'NONE', #1713, 1000.000000000000000 ) ;
#6288 = VECTOR ( 'NONE', #8836, 1000.000000000000000 ) ;
#6289 = ORIENTED_EDGE ( 'NONE', *, *, #918, .F. ) ;
#6290 = CYLINDRICAL_SURFACE ( 'NONE', #9519, 1.700000000000007061 ) ;
#6291 = APPROVAL_ROLE ( '' ) ;
#6292 = EDGE_CURVE ( 'NONE', #2066, #2216, #43, .T. ) ;
#6293 = ORIENTED_EDGE ( 'NONE', *, *, #3699, .T. ) ;
#6294 = DIRECTION ( 'NONE',  ( -0.000000000000000000, -0.000000000000000000, -1.000000000000000000 ) ) ;
#6295 = EDGE_CURVE ( 'NONE', #2955, #9369, #6308, .T. ) ;
#6296 = LINE ( 'NONE', #3678, #6390 ) ;
#6297 = DIRECTION ( 'NONE',  ( 0.000000000000000000, -1.000000000000000000, 0.000000000000000000 ) ) ;
#6298 = ORIENTED_EDGE ( 'NONE', *, *, #9180, .T. ) ;
#6299 = AXIS2_PLACEMENT_3D ( 'NONE', #109, #1880, #9198 ) ;
#6300 = CIRCLE ( 'NONE', #7710, 5.799999999999999822 ) ;
#6301 = DIRECTION ( 'NONE',  ( 0.000000000000000000, 0.000000000000000000, -1.000000000000000000 ) ) ;
#6302 = VERTEX_POINT ( 'NONE', #4188 ) ;
#6303 = DATE_TIME_ROLE ( 'creation_date' ) ;
#6304 = PRODUCT ( 'V2_REF_electronics_envelope', 'V2_REF_electronics_envelope', '', ( #1946 ) ) ;
#6305 = DIRECTION ( 'NONE',  ( 0.000000000000000000, 0.000000000000000000, -1.000000000000000000 ) ) ;
#6306 = ORIENTED_EDGE ( 'NONE', *, *, #7070, .T. ) ;
#6307 = DIRECTION ( 'NONE',  ( 1.000000000000000000, -0.000000000000000000, 0.000000000000000000 ) ) ;
#6308 = CIRCLE ( 'NONE', #5448, 1.700000000000000178 ) ;
#6309 = ORIENTED_EDGE ( 'NONE', *, *, #2128, .T. ) ;
#6310 = PERSON_AND_ORGANIZATION ( #2336, #8495 ) ;
#6311 = CARTESIAN_POINT ( 'NONE',  ( 32.70000000000000284, 31.00000000000000000, -6.000000000000000152E-06 ) ) ;
#6312 = EDGE_CURVE ( 'NONE', #8011, #9051, #8295, .T. ) ;
#6313 = CARTESIAN_POINT ( 'NONE',  ( 20.22525195654657182, 0.000000000000000000, 13.69999999999999751 ) ) ;
#6314 = FACE_OUTER_BOUND ( 'NONE', #6435, .T. ) ;
#6315 = FACE_OUTER_BOUND ( 'NONE', #1394, .T. ) ;
#6316 = VECTOR ( 'NONE', #3043, 1000.000000000000000 ) ;
#6317 = CARTESIAN_POINT ( 'NONE',  ( -18.63871090099669203, -7.042972260763523451, -0.000000000000000000 ) ) ;
#6318 = APPROVAL_DATE_TIME ( #382, #7144 ) ;
#6319 = CARTESIAN_POINT ( 'NONE',  ( 30.14146106821291582, -0.000000000000000000, 19.51547649045508237 ) ) ;
#6320 = ORIENTED_EDGE ( 'NONE', *, *, #5964, .F. ) ;
#6321 = CARTESIAN_POINT ( 'NONE',  ( 10.50000000000000000, 1.300000000000000044, 16.00000000000000000 ) ) ;
#6322 = PERSON_AND_ORGANIZATION ( #10500, #8573 ) ;
#6323 = VERTEX_POINT ( 'NONE', #7023 ) ;
#6324 = CYLINDRICAL_SURFACE ( 'NONE', #8129, 19.00000000000000000 ) ;
#6325 = AXIS2_PLACEMENT_3D ( 'NONE', #10684, #10628, #3186 ) ;
#6326 = CC_DESIGN_DATE_AND_TIME_ASSIGNMENT ( #5547, #9527, ( #7787 ) ) ;
#6327 = CARTESIAN_POINT ( 'NONE',  ( 183.0000000000000000, 146.0000000000000000, 83.00000000000000000 ) ) ;
#6328 = DIRECTION ( 'NONE',  ( -1.000000000000000000, 0.000000000000000000, -0.000000000000000000 ) ) ;
#6329 = ORIENTED_EDGE ( 'NONE', *, *, #3972, .T. ) ;
#6330 = CARTESIAN_POINT ( 'NONE',  ( 19.55736206015338752, -35.65679534101005288, -0.000000000000000000 ) ) ;
#6331 = B_SPLINE_CURVE_WITH_KNOTS ( 'NONE', 3,
 ( #9739, #6409, #8854, #6465, #3079, #8168, #483, #5596, #4069, #9799, #4833, #4785, #10582, #8008, #3232, #7343, #10735, #9021 ),
 .UNSPECIFIED., .F., .F.,
 ( 4, 2, 2, 2, 2, 2, 2, 2, 4 ),
 ( 0.000000000000000000, 0.06250000000000000000, 0.1250000000000000000, 0.1875000000000000000, 0.2500000000000000000, 0.3125000000000000000, 0.3750000000000000000, 0.4375000000000000000, 0.5000000000000000000 ),
 .UNSPECIFIED. ) ;
#6332 = VECTOR ( 'NONE', #469, 1000.000000000000000 ) ;
#6333 = CARTESIAN_POINT ( 'NONE',  ( -20.22508399488411968, -32.29993048876347217, -0.000000000000000000 ) ) ;
#6334 = PERSON_AND_ORGANIZATION ( #10500, #8573 ) ;
#6335 = ORIENTED_EDGE ( 'NONE', *, *, #3901, .T. ) ;
#6336 = CARTESIAN_POINT ( 'NONE',  ( -2.209866293823954386, 1.378406442902269768, 0.000000000000000000 ) ) ;
#6337 = PRODUCT_RELATED_PRODUCT_CATEGORY ( 'detail', '', ( #6440 ) ) ;
#6338 = VERTEX_POINT ( 'NONE', #1930 ) ;
#6339 = FACE_BOUND ( 'NONE', #5761, .T. ) ;
#6340 = DIRECTION ( 'NONE',  ( 0.000000000000000000, 0.000000000000000000, -1.000000000000000000 ) ) ;
#6341 = ADVANCED_FACE ( 'NONE', ( #3579 ), #7128, .T. ) ;
#6342 = APPROVAL_DATE_TIME ( #3316, #4685 ) ;
#6343 = ORIENTED_EDGE ( 'NONE', *, *, #4281, .T. ) ;
#6344 = DIRECTION ( 'NONE',  ( -0.000000000000000000, -0.000000000000000000, -1.000000000000000000 ) ) ;
#6345 = EDGE_LOOP ( 'NONE', ( #6863, #1997 ) ) ;
#6346 = B_SPLINE_CURVE_WITH_KNOTS ( 'NONE', 3,
 ( #476, #3851, #9847, #7178, #3904, #3018, #2186, #5535, #4780, #10063, #9953, #6725, #3391, #640 ),
 .UNSPECIFIED., .F., .F.,
 ( 4, 2, 2, 2, 2, 2, 4 ),
 ( 0.2871120064002115058, 0.3403340048001586293, 0.3669450040001321911, 0.3935560032001057529, 0.4201670024000793147, 0.4467780016000528764, 0.5000000000000000000 ),
 .UNSPECIFIED. ) ;
#6347 = DIRECTION ( 'NONE',  ( 0.000000000000000000, -0.000000000000000000, -1.000000000000000000 ) ) ;
#6348 = DIRECTION ( 'NONE',  ( 1.000000000000000000, -0.000000000000000000, -0.000000000000000000 ) ) ;
#6349 = ORIENTED_EDGE ( 'NONE', *, *, #9340, .T. ) ;
#6350 = CYLINDRICAL_SURFACE ( 'NONE', #3883, 2.600000000000000089 ) ;
#6351 = EDGE_LOOP ( 'NONE', ( #5135, #6369, #581, #5683 ) ) ;
#6352 = FACE_OUTER_BOUND ( 'NONE', #9931, .T. ) ;
#6353 = EDGE_CURVE ( 'NONE', #2723, #6177, #8691, .T. ) ;
#6354 = AXIS2_PLACEMENT_3D ( 'NONE', #8136, #6485, #3154 ) ;
#6355 = APPROVAL_STATUS ( 'not_yet_approved' ) ;
#6356 = DIRECTION ( 'NONE',  ( 0.000000000000000000, 0.000000000000000000, 1.000000000000000000 ) ) ;
#6357 = EDGE_LOOP ( 'NONE', ( #10722, #4520, #7877, #2565 ) ) ;
#6358 = DIRECTION ( 'NONE',  ( 0.000000000000000000, -1.000000000000000000, 0.000000000000000000 ) ) ;
#6359 = ORIENTED_EDGE ( 'NONE', *, *, #10204, .F. ) ;
#6360 = PERSON_AND_ORGANIZATION ( #9162, #6729 ) ;
#6361 = CARTESIAN_POINT ( 'NONE',  ( -10.00000000000000000, -10.00000000000000000, 39.50000000000000000 ) ) ;
#6362 = CARTESIAN_POINT ( 'NONE',  ( 21.36128909900559592, -0.000000000000000000, 13.04297226076161920 ) ) ;
#6363 = ORIENTED_EDGE ( 'NONE', *, *, #7968, .F. ) ;
#6364 = DIRECTION ( 'NONE',  ( -1.000000000000000000, 0.000000000000000000, 0.000000000000000000 ) ) ;
#6365 = DIRECTION ( 'NONE',  ( -0.000000000000000000, -1.000000000000000000, -0.000000000000000000 ) ) ;
#6366 = EDGE_CURVE ( 'NONE', #1590, #7122, #5100, .T. ) ;
#6367 = PLANE ( 'NONE',  #312 ) ;
#6368 = EDGE_CURVE ( 'NONE', #165, #9913, #10462, .T. ) ;
#6369 = ORIENTED_EDGE ( 'NONE', *, *, #9135, .T. ) ;
#6370 = PERSON_AND_ORGANIZATION_ROLE ( 'creator' ) ;
#6371 = DIRECTION ( 'NONE',  ( 0.000000000000000000, 0.000000000000000000, 1.000000000000000000 ) ) ;
#6372 = CARTESIAN_POINT ( 'NONE',  ( 0.000000000000000000, 0.000000000000000000, 0.000000000000000000 ) ) ;
#6373 = CALENDAR_DATE ( 2026, 18, 9 ) ;
#6374 = ORIENTED_EDGE ( 'NONE', *, *, #6130, .T. ) ;
#6375 = CARTESIAN_POINT ( 'NONE',  ( -27.69999999999999929, 57.00000000000000000, 5.000000000000000000 ) ) ;
#6376 = CARTESIAN_POINT ( 'NONE',  ( 0.5999999999999999778, 13.98713694792469120, 16.00000000000000000 ) ) ;
#6377 = CYLINDRICAL_SURFACE ( 'NONE', #4129, 14.00000000000000000 ) ;
#6378 = CARTESIAN_POINT ( 'NONE',  ( 18.30000000000000071, -34.00000000000000000, -6.000000000000000152E-06 ) ) ;
#6379 = SECURITY_CLASSIFICATION ( '', '', #4419 ) ;
#6380 = FACE_BOUND ( 'NONE', #7969, .T. ) ;
#6381 = APPROVAL_DATE_TIME ( #3765, #8837 ) ;
#6382 = VERTEX_POINT ( 'NONE', #10358 ) ;
#6383 = AXIS2_PLACEMENT_3D ( 'NONE', #4240, #8396, #5703 ) ;
#6384 = CARTESIAN_POINT ( 'NONE',  ( 3.000000000000000000, 3.000000000000000000, 83.00000000000000000 ) ) ;
#6385 = CC_DESIGN_SECURITY_CLASSIFICATION ( #7433, ( #10906 ) ) ;
#6386 =( REPRESENTATION_RELATIONSHIP ('NONE','NONE', #403, #55 ) REPRESENTATION_RELATIONSHIP_WITH_TRANSFORMATION ( #1202 )SHAPE_REPRESENTATION_RELATIONSHIP( ) );
#6387 = DIRECTION ( 'NONE',  ( 0.000000000000000000, 0.000000000000000000, -1.000000000000000000 ) ) ;
#6388 = LINE ( 'NONE', #2126, #6288 ) ;
#6389 = PRODUCT_DEFINITION_SHAPE ( 'NONE', 'NONE',  #10915 ) ;
#6390 = VECTOR ( 'NONE', #8903, 1000.000000000000000 ) ;
#6391 = PRODUCT_RELATED_PRODUCT_CATEGORY ( 'detail', '', ( #4832 ) ) ;
#6392 = PERSON_AND_ORGANIZATION ( #10500, #8573 ) ;
#6393 = LOCAL_TIME ( 6, 20, 19.00000000000000000, #6684 ) ;
#6394 = VERTEX_POINT ( 'NONE', #2808 ) ;
#6395 = DIRECTION ( 'NONE',  ( 0.000000000000000000, 0.000000000000000000, 1.000000000000000000 ) ) ;
#6396 = PERSON_AND_ORGANIZATION ( #7312, #3085 ) ;
#6397 = ORIENTED_EDGE ( 'NONE', *, *, #10475, .F. ) ;
#6398 = CARTESIAN_POINT ( 'NONE',  ( 29.51560493047243128, 49.85848573019363528, 0.000000000000000000 ) ) ;
#6399 = LINE ( 'NONE', #10619, #9409 ) ;
#6400 = ADVANCED_FACE ( 'NONE', ( #6246 ), #9630, .T. ) ;
#6401 = PRODUCT_DEFINITION_FORMATION_WITH_SPECIFIED_SOURCE ( 'ไป', '', #6848, .NOT_KNOWN. ) ;
#6402 = ORIENTED_EDGE ( 'NONE', *, *, #1048, .T. ) ;
#6403 = DIRECTION ( 'NONE',  ( 0.000000000000000000, -0.000000000000000000, -1.000000000000000000 ) ) ;
#6404 = ORIENTED_EDGE ( 'NONE', *, *, #6482, .T. ) ;
#6405 = CARTESIAN_POINT ( 'NONE',  ( -11.77429632712486196, 7.574489190830802521, 10.93343484966565171 ) ) ;
#6406 = ORIENTED_EDGE ( 'NONE', *, *, #5471, .F. ) ;
#6407 = CC_DESIGN_PERSON_AND_ORGANIZATION_ASSIGNMENT ( #1360, #773, ( #7414 ) ) ;
#6408 = CALENDAR_DATE ( 2026, 18, 9 ) ;
#6409 = CARTESIAN_POINT ( 'NONE',  ( 21.70000000000000284, -33.77474804345194315, 0.000000000000000000 ) ) ;
#6410 = CC_DESIGN_APPROVAL ( #8341, ( #3321 ) ) ;
#6411 = ORIENTED_EDGE ( 'NONE', *, *, #9623, .T. ) ;
#6412 = LINE ( 'NONE', #2253, #1954 ) ;
#6413 = EDGE_LOOP ( 'NONE', ( #10359, #3925, #5195, #7119, #5393, #7123 ) ) ;
#6414 = COORDINATED_UNIVERSAL_TIME_OFFSET ( 5, 0, .BEHIND. ) ;
#6415 = DIRECTION ( 'NONE',  ( 1.000000000000000000, 0.000000000000000000, 0.000000000000000000 ) ) ;
#6416 = FACE_OUTER_BOUND ( 'NONE', #9970, .T. ) ;
#6418 = EDGE_CURVE ( 'NONE', #5679, #2321, #5326, .T. ) ;
#6417 = DIRECTION ( 'NONE',  ( 1.000000000000000000, 0.000000000000000000, 0.000000000000000000 ) ) ;
#6419 = CARTESIAN_POINT ( 'NONE',  ( 18.29993048876421113, -6.225083994886105643, 0.000000000000000000 ) ) ;
#6420 = APPROVAL_PERSON_ORGANIZATION ( #4204, #2911, #1667 ) ;
#6421 = LINE ( 'NONE', #4079, #2789 ) ;
#6422 = ORIENTED_EDGE ( 'NONE', *, *, #9750, .F. ) ;
#6423 = PERSON_AND_ORGANIZATION_ROLE ( 'classification_officer' ) ;
#6424 = DIRECTION ( 'NONE',  ( -0.000000000000000000, -1.000000000000000000, -0.000000000000000000 ) ) ;
#6425 = VERTEX_POINT ( 'NONE', #3796 ) ;
#6426 = VERTEX_POINT ( 'NONE', #212 ) ;
#6427 = DIRECTION ( 'NONE',  ( -1.000000000000000000, -0.000000000000000000, -0.000000000000000000 ) ) ;
#6428 = ITEM_DEFINED_TRANSFORMATION ( 'NONE', 'NONE', #2244,  #2087 ) ;
#6429 = CYLINDRICAL_SURFACE ( 'NONE', #5317, 1.700000000000000178 ) ;
#6430 = ORIENTED_EDGE ( 'NONE', *, *, #6845, .F. ) ;
#6432 = ADVANCED_FACE ( 'NONE', ( #8745 ), #1047, .F. ) ;
#6431 = DIRECTION ( 'NONE',  ( -1.000000000000000000, 0.000000000000000000, -0.000000000000000000 ) ) ;
#6433 = LINE ( 'NONE', #8033, #254 ) ;
#6434 = EDGE_CURVE ( 'NONE', #1261, #5750, #5621, .T. ) ;
#6435 = EDGE_LOOP ( 'NONE', ( #27, #3068, #8332, #6074 ) ) ;
#6436 = VECTOR ( 'NONE', #2121, 1000.000000000000000 ) ;
#6437 = DIRECTION ( 'NONE',  ( -1.000000000000000000, 0.000000000000000000, 0.000000000000000000 ) ) ;
#6438 = ORIENTED_EDGE ( 'NONE', *, *, #2561, .F. ) ;
#6439 = CARTESIAN_POINT ( 'NONE',  ( -10.04287395702989549, 50.36119079527254883, 0.000000000000000000 ) ) ;
#6440 = PRODUCT ( 'V2_REF_gripper_finger', 'V2_REF_gripper_finger', '', ( #4371 ) ) ;
#6441 = APPROVAL_STATUS ( 'not_yet_approved' ) ;
#6442 = VECTOR ( 'NONE', #5214, 1000.000000000000000 ) ;
#6443 =( GEOMETRIC_REPRESENTATION_CONTEXT ( 3 ) GLOBAL_UNCERTAINTY_ASSIGNED_CONTEXT ( ( #5711 ) ) GLOBAL_UNIT_ASSIGNED_CONTEXT ( ( #10298, #2088, #5379 ) ) REPRESENTATION_CONTEXT ( 'NONE', 'WORKASPACE' ) );
#6444 = EDGE_LOOP ( 'NONE', ( #4786, #7002, #2254, #2906 ) ) ;
#6445 = CARTESIAN_POINT ( 'NONE',  ( 0.000000000000000000, 0.000000000000000000, 149.0000000000000000 ) ) ;
#6446 = EDGE_CURVE ( 'NONE', #3233, #8668, #5224, .T. ) ;
#6447 = CARTESIAN_POINT ( 'NONE',  ( 21.69999999999999929, -6.000000000000000000, -6.000000000000000152E-06 ) ) ;
#6448 = FACE_OUTER_BOUND ( 'NONE', #6557, .T. ) ;
#6449 = AXIS2_PLACEMENT_3D ( 'NONE', #2732, #294, #3558 ) ;
#6450 = CC_DESIGN_APPROVAL ( #9456, ( #6981 ) ) ;
#6451 = DIRECTION ( 'NONE',  ( -0.6000000000580284487, -0.7999999999564786357, 0.000000000000000000 ) ) ;
#6452 = EDGE_LOOP ( 'NONE', ( #4899, #3499, #4343, #9127 ) ) ;
#6453 = CARTESIAN_POINT ( 'NONE',  ( -19.77491600511333658, -0.000000000000000000, 10.30006951123579206 ) ) ;
#6454 = CONTEXT_DEPENDENT_SHAPE_REPRESENTATION ( #6386, #5260 ) ;
#6455 = VECTOR ( 'NONE', #4535, 1000.000000000000000 ) ;
#6456 = ORIENTED_EDGE ( 'NONE', *, *, #9119, .T. ) ;
#6457 = CARTESIAN_POINT ( 'NONE',  ( 31.19999999999999929, 80.50000000000000000, -1.200000000000000030E-05 ) ) ;
#6458 = CARTESIAN_POINT ( 'NONE',  ( 28.00000000000000000, 8.000000000000000000, 24.00000000000000000 ) ) ;
#6459 = APPROVAL ( #9204, 'ๆช' ) ;
#6460 = ORIENTED_EDGE ( 'NONE', *, *, #10880, .T. ) ;
#6461 = LINE ( 'NONE', #3069, #6490 ) ;
#6462 = CARTESIAN_POINT ( 'NONE',  ( -11.94667935274166837, 7.299099505034237545, 9.755229362243063918 ) ) ;
#6463 = ORIENTED_EDGE ( 'NONE', *, *, #2325, .T. ) ;
#6464 = VECTOR ( 'NONE', #414, 1000.000000000000000 ) ;
#6465 = CARTESIAN_POINT ( 'NONE',  ( 21.48452350954385537, -33.14146106821036852, -0.000000000000000000 ) ) ;
#6466 = ORIENTED_EDGE ( 'NONE', *, *, #9548, .T. ) ;
#6467 = CARTESIAN_POINT ( 'NONE',  ( 136.0000000000000000, 0.000000000000000000, 6.000000000000000000 ) ) ;
#6468 = ORIENTED_EDGE ( 'NONE', *, *, #8915, .F. ) ;
#6469 = PERSON_AND_ORGANIZATION_ROLE ( 'classification_officer' ) ;
#6470 = CARTESIAN_POINT ( 'NONE',  ( 31.19999999999999929, 80.50000000000000000, 0.000000000000000000 ) ) ;
#6471 = DIRECTION ( 'NONE',  ( 0.000000000000000000, 0.000000000000000000, 1.000000000000000000 ) ) ;
#6472 = VECTOR ( 'NONE', #561, 1000.000000000000000 ) ;
#6473 = VECTOR ( 'NONE', #15, 1000.000000000000000 ) ;
#6474 = APPROVAL ( #3524, 'ๆช' ) ;
#6475 = FACE_OUTER_BOUND ( 'NONE', #3185, .T. ) ;
#6476 = DIRECTION ( 'NONE',  ( 1.000000000000000000, 0.000000000000000000, -0.000000000000000000 ) ) ;
#6477 = CARTESIAN_POINT ( 'NONE',  ( -0.5999999999999999778, 2.529822128134703085, -1.200000000000000030E-05 ) ) ;
#6478 = ORIENTED_EDGE ( 'NONE', *, *, #1169, .F. ) ;
#6479 = AXIS2_PLACEMENT_3D ( 'NONE', #641, #2140, #537 ) ;
#6480 = PERSON_AND_ORGANIZATION ( #10500, #8573 ) ;
#6481 = PLANE ( 'NONE',  #6623 ) ;
#6482 = EDGE_CURVE ( 'NONE', #8668, #7523, #1270, .T. ) ;
#6483 = DIRECTION ( 'NONE',  ( 1.000000000000000000, 0.000000000000000000, 0.000000000000000000 ) ) ;
#6484 = SHAPE_DEFINITION_REPRESENTATION ( #7005, #5866 ) ;
#6485 = DIRECTION ( 'NONE',  ( -0.000000000000000000, -0.000000000000000000, -1.000000000000000000 ) ) ;
#6486 = PRODUCT ( 'V2_01_base', 'V2_01_base', '', ( #3318 ) ) ;
#6487 = DIRECTION ( 'NONE',  ( 1.000000000000000000, 0.000000000000000000, 0.000000000000000000 ) ) ;
#6488 = FACE_OUTER_BOUND ( 'NONE', #3718, .T. ) ;
#6489 = AXIS2_PLACEMENT_3D ( 'NONE', #4415, #10521, #2969 ) ;
#6490 = VECTOR ( 'NONE', #9733, 1000.000000000000000 ) ;
#6491 = DIRECTION ( 'NONE',  ( 0.000000000000000000, -0.000000000000000000, -1.000000000000000000 ) ) ;
#6492 = EDGE_CURVE ( 'NONE', #8234, #6497, #6843, .T. ) ;
#6493 = EDGE_CURVE ( 'NONE', #7503, #9628, #9685, .T. ) ;
#6494 = DIRECTION ( 'NONE',  ( 1.000000000000000000, -0.000000000000000000, 0.000000000000000000 ) ) ;
#6495 = AXIS2_PLACEMENT_3D ( 'NONE', #9818, #3252, #6585 ) ;
#6496 = SHAPE_DEFINITION_REPRESENTATION ( #10650, #8839 ) ;
#6497 = VERTEX_POINT ( 'NONE', #2758 ) ;
#6498 = DIRECTION ( 'NONE',  ( 1.000000000000000000, -0.000000000000000000, 0.000000000000000000 ) ) ;
#6499 = CARTESIAN_POINT ( 'NONE',  ( -21.70006951123579242, -0.000000000000000000, 12.22508399488629038 ) ) ;
#6500 = CARTESIAN_POINT ( 'NONE',  ( 0.000000000000000000, 0.000000000000000000, 4.000000000000000000 ) ) ;
#6501 = ORIENTED_EDGE ( 'NONE', *, *, #96, .F. ) ;
#6502 = EDGE_CURVE ( 'NONE', #5000, #4772, #3520, .T. ) ;
#6503 = EDGE_CURVE ( 'NONE', #3833, #7516, #4466, .T. ) ;
#6504 = VECTOR ( 'NONE', #6661, 1000.000000000000000 ) ;
#6505 = ORIENTED_EDGE ( 'NONE', *, *, #1199, .T. ) ;
#6506 = DIRECTION ( 'NONE',  ( 1.000000000000000000, 0.000000000000000000, -0.000000000000000000 ) ) ;
#6507 = COORDINATED_UNIVERSAL_TIME_OFFSET ( 5, 0, .BEHIND. ) ;
#6508 = VERTEX_POINT ( 'NONE', #2143 ) ;
#6509 = DIRECTION ( 'NONE',  ( -0.000000000000000000, -1.000000000000000000, -0.000000000000000000 ) ) ;
#6510 = DIRECTION ( 'NONE',  ( 0.000000000000000000, 0.000000000000000000, -1.000000000000000000 ) ) ;
#6511 = ORIENTED_EDGE ( 'NONE', *, *, #867, .T. ) ;
#6512 = LINE ( 'NONE', #9016, #6114 ) ;
#6513 = ORIENTED_EDGE ( 'NONE', *, *, #5616, .T. ) ;
#6514 = DIRECTION ( 'NONE',  ( 0.000000000000000000, 0.000000000000000000, -1.000000000000000000 ) ) ;
#6515 = ORIENTED_EDGE ( 'NONE', *, *, #867, .F. ) ;
#6516 = APPROVAL ( #3802, 'UNKNOWN' ) ;
#6517 = CARTESIAN_POINT ( 'NONE',  ( -9.000000000000000000, -6.000000000000000152E-06, 22.70000000000000284 ) ) ;
#6518 = VERTEX_POINT ( 'NONE', #589 ) ;
#6519 = LINE ( 'NONE', #5697, #4424 ) ;
#6520 = ORIENTED_EDGE ( 'NONE', *, *, #4768, .T. ) ;
#6521 = PERSON_AND_ORGANIZATION ( #3784, #8695 ) ;
#6522 = LINE ( 'NONE', #9026, #8192 ) ;
#6523 = DIRECTION ( 'NONE',  ( 0.000000000000000000, -0.000000000000000000, 1.000000000000000000 ) ) ;
#6524 = PLANE ( 'NONE',  #4564 ) ;
#6525 = DIRECTION ( 'NONE',  ( -0.000000000000000000, -0.000000000000000000, -1.000000000000000000 ) ) ;
#6526 = ADVANCED_BREP_SHAPE_REPRESENTATION ( '', ( #8261, #2087 ), #4896 ) ;
#6527 = DIRECTION ( 'NONE',  ( -0.000000000000000000, 1.000000000000000000, -0.000000000000000000 ) ) ;
#6528 = DATE_AND_TIME ( #10748, #7453 ) ;
#6529 = APPROVAL ( #9629, 'ๆช' ) ;
#6530 = DIRECTION ( 'NONE',  ( 0.000000000000000000, 1.000000000000000000, 0.000000000000000000 ) ) ;
#6531 = EDGE_LOOP ( 'NONE', ( #3843, #4614, #1682, #6468 ) ) ;
#6532 = VERTEX_POINT ( 'NONE', #8969 ) ;
#6533 = LINE ( 'NONE', #557, #2127 ) ;
#6534 = CARTESIAN_POINT ( 'NONE',  ( -35.00000000000000000, -70.00000000000000000, 5.000000000000000000 ) ) ;
#6535 = CARTESIAN_POINT ( 'NONE',  ( -19.00000000000000000, 0.000000000000000000, 4.000000000000000000 ) ) ;
#6536 = DIRECTION ( 'NONE',  ( 1.000000000000000000, -0.000000000000000000, -0.000000000000000000 ) ) ;
#6537 = FACE_OUTER_BOUND ( 'NONE', #3333, .T. ) ;
#6538 = EDGE_CURVE ( 'NONE', #5594, #1364, #1418, .T. ) ;
#6539 = DIRECTION ( 'NONE',  ( 1.000000000000000000, -0.000000000000000000, -0.000000000000000000 ) ) ;
#6540 = PERSON_AND_ORGANIZATION ( #10500, #8573 ) ;
#6541 = ORIENTED_EDGE ( 'NONE', *, *, #4164, .F. ) ;
#6542 = CARTESIAN_POINT ( 'NONE',  ( 10.72380529476361488, 9.000000000000204281, 11.70000000000065477 ) ) ;
#6543 = DIRECTION ( 'NONE',  ( 1.000000000000000000, 0.000000000000000000, 0.000000000000000000 ) ) ;
#6544 = LINE ( 'NONE', #4969, #2964 ) ;
#6545 = EDGE_CURVE ( 'NONE', #8907, #1284, #6331, .T. ) ;
#6546 = APPROVAL_PERSON_ORGANIZATION ( #6310, #3782, #10362 ) ;
#6547 = FACE_OUTER_BOUND ( 'NONE', #2840, .T. ) ;
#6548 = AXIS2_PLACEMENT_3D ( 'NONE', #2359, #10850, #6523 ) ;
#6549 = SECURITY_CLASSIFICATION ( '', '', #8172 ) ;
#6550 = ORIENTED_EDGE ( 'NONE', *, *, #9389, .T. ) ;
#6551 = CARTESIAN_POINT ( 'NONE',  ( -18.29993048876421113, -0.000000000000000000, 11.77491600511370429 ) ) ;
#6552 = PERSON_AND_ORGANIZATION_ROLE ( 'classification_officer' ) ;
#6553 = ORIENTED_EDGE ( 'NONE', *, *, #2392, .F. ) ;
#6554 = CARTESIAN_POINT ( 'NONE',  ( 130.0000000000000000, 0.000000000000000000, 0.000000000000000000 ) ) ;
#6555 = CARTESIAN_POINT ( 'NONE',  ( 2.599999999999999645, -0.3449632722246336325, -0.000000000000000000 ) ) ;
#6556 = ADVANCED_FACE ( 'NONE', ( #645 ), #8116, .F. ) ;
#6557 = EDGE_LOOP ( 'NONE', ( #378, #5364, #4086, #639 ) ) ;
#6558 = LINE ( 'NONE', #1529, #6135 ) ;
#6559 = EDGE_CURVE ( 'NONE', #1364, #5594, #9671, .T. ) ;
#6560 = CIRCLE ( 'NONE', #7974, 1.700000000000000178 ) ;
#6561 = CARTESIAN_POINT ( 'NONE',  ( 20.44263793984915978, -4.343204658989381350, -0.000000000000000000 ) ) ;
#6562 = EDGE_CURVE ( 'NONE', #3414, #9564, #4676, .T. ) ;
#6563 = CC_DESIGN_APPROVAL ( #8631, ( #6220 ) ) ;
#6564 = EDGE_LOOP ( 'NONE', ( #2298, #10591 ) ) ;
#6565 = CARTESIAN_POINT ( 'NONE',  ( 125.7000000000000028, 0.000000000000000000, 6.000000000000000000 ) ) ;
#6566 = EDGE_LOOP ( 'NONE', ( #2338, #9060, #3611, #5970, #4452, #2529, #6411, #9197 ) ) ;
#6567 = CARTESIAN_POINT ( 'NONE',  ( 0.000000000000000000, 40.00000000000000000, 40.00000000000000000 ) ) ;
#6568 = APPROVAL_PERSON_ORGANIZATION ( #1554, #8204, #3981 ) ;
#6569 = PERSON_AND_ORGANIZATION_ROLE ( 'classification_officer' ) ;
#6570 = PRODUCT_DEFINITION_FORMATION_WITH_SPECIFIED_SOURCE ( 'ไป', '', #5923, .NOT_KNOWN. ) ;
#6571 = ORIENTED_EDGE ( 'NONE', *, *, #3153, .T. ) ;
#6572 = LINE ( 'NONE', #5701, #827 ) ;
#6573 = CARTESIAN_POINT ( 'NONE',  ( 135.5574152617489290, 1.656666900993485569, 0.000000000000000000 ) ) ;
#6574 = DIRECTION ( 'NONE',  ( -0.000000000000000000, -0.000000000000000000, -1.000000000000000000 ) ) ;
#6575 = CYLINDRICAL_SURFACE ( 'NONE', #2207, 1.700000000000000178 ) ;
#6576 = EDGE_CURVE ( 'NONE', #10191, #6394, #3858, .T. ) ;
#6577 = APPROVAL_PERSON_ORGANIZATION ( #10412, #7063, #10625 ) ;
#6578 = DIRECTION ( 'NONE',  ( -0.000000000000000000, -1.000000000000000000, -0.000000000000000000 ) ) ;
#6579 = CALENDAR_DATE ( 2026, 18, 9 ) ;
#6580 = UNCERTAINTY_MEASURE_WITH_UNIT (LENGTH_MEASURE( 1.000000000000000082E-05 ), #8047, 'distance_accuracy_value', 'NONE');
#6581 = DIRECTION ( 'NONE',  ( 1.000000000000000000, 0.000000000000000000, 0.000000000000000000 ) ) ;
#6582 = EDGE_LOOP ( 'NONE', ( #196, #1895, #6629, #5687 ) ) ;
#6583 = ORIENTED_EDGE ( 'NONE', *, *, #6007, .F. ) ;
#6584 = VERTEX_POINT ( 'NONE', #6565 ) ;
#6585 = DIRECTION ( 'NONE',  ( 0.000000000000000000, -0.000000000000000000, 1.000000000000000000 ) ) ;
#6586 = PERSON_AND_ORGANIZATION ( #9307, #3944 ) ;
#6587 = CYLINDRICAL_SURFACE ( 'NONE', #1885, 5.799999999999999822 ) ;
#6588 = DIRECTION ( 'NONE',  ( -1.000000000000000000, 0.000000000000000000, 0.000000000000000000 ) ) ;
#6589 = PLANE ( 'NONE',  #3509 ) ;
#6590 = CC_DESIGN_APPROVAL ( #4863, ( #5655 ) ) ;
#6591 = PLANE ( 'NONE',  #969 ) ;
#6592 = CC_DESIGN_PERSON_AND_ORGANIZATION_ASSIGNMENT ( #6322, #8763, ( #1690 ) ) ;
#6593 =( REPRESENTATION_RELATIONSHIP ('NONE','NONE', #403, #8839 ) REPRESENTATION_RELATIONSHIP_WITH_TRANSFORMATION ( #2812 )SHAPE_REPRESENTATION_RELATIONSHIP( ) );
#6594 = LOCAL_TIME ( 6, 20, 19.00000000000000000, #4963 ) ;
#6595 = B_SPLINE_CURVE_WITH_KNOTS ( 'NONE', 3,
 ( #4730, #6241, #5593, #8797, #4827, #3072, #1371, #6405, #8059, #1266, #10678, #9795, #7340, #6462, #3952, #8165, #7285, #3020, #2246, #7235, #2963, #8114, #586, #2907 ),
 .UNSPECIFIED., .F., .F.,
 ( 4, 2, 2, 2, 2, 2, 2, 2, 2, 2, 2, 4 ),
 ( 0.006426364726469357275, 0.007171634124655618808, 0.007916903522841880342, 0.008289538221935011109, 0.008662172921028141875, 0.009034807620121272642, 0.009407442319214403409, 0.01015271171740067015, 0.01052534641649380438, 0.01089798111558693688, 0.01164325051377320709, 0.01238851991195947556 ),
 .UNSPECIFIED. ) ;
#6596 = CARTESIAN_POINT ( 'NONE',  ( -7.957027739238696107, 50.36128909900571671, -0.000000000000000000 ) ) ;
#6597 = PERSON_AND_ORGANIZATION_ROLE ( 'creator' ) ;
#6598 = ADVANCED_FACE ( 'NONE', ( #7394 ), #4013, .F. ) ;
#6599 = VERTEX_POINT ( 'NONE', #6517 ) ;
#6600 = CARTESIAN_POINT ( 'NONE',  ( 10.10522701328291006, 9.690252514121260319, 8.443211237761941490 ) ) ;
#6601 = AXIS2_PLACEMENT_3D ( 'NONE', #6836, #1577, #4220 ) ;
#6602 = CARTESIAN_POINT ( 'NONE',  ( 29.34320465898919750, 31.44263793984766764, -0.000000000000000000 ) ) ;
#6603 = LINE ( 'NONE', #3167, #3314 ) ;
#6604 = EDGE_CURVE ( 'NONE', #398, #8287, #3026, .T. ) ;
#6605 = CARTESIAN_POINT ( 'NONE',  ( -8.099999999999999645, 70.00000000000000000, 5.200000000000000178 ) ) ;
#6606 = CIRCLE ( 'NONE', #8020, 14.00000000000000000 ) ;
#6607 = EDGE_CURVE ( 'NONE', #247, #9215, #6659, .T. ) ;
#6608 = VECTOR ( 'NONE', #6254, 1000.000000000000000 ) ;
#6609 = ORIENTED_EDGE ( 'NONE', *, *, #2394, .T. ) ;
#6610 = CARTESIAN_POINT ( 'NONE',  ( 35.60000000000000142, 0.000000000000000000, 0.000000000000000000 ) ) ;
#6611 = SECURITY_CLASSIFICATION_LEVEL ( 'unclassified' ) ;
#6612 = ORIENTED_EDGE ( 'NONE', *, *, #8019, .T. ) ;
#6613 = CARTESIAN_POINT ( 'NONE',  ( 12.95712604296800485, 71.36119079527043141, 0.000000000000000000 ) ) ;
#6614 = DIRECTION ( 'NONE',  ( 1.000000000000000000, 0.000000000000000000, 0.000000000000000000 ) ) ;
#6615 = CIRCLE ( 'NONE', #8031, 8.099999999999999645 ) ;
#6616 = ORIENTED_EDGE ( 'NONE', *, *, #6624, .T. ) ;
#6617 = DIRECTION ( 'NONE',  ( 0.000000000000000000, 0.000000000000000000, 1.000000000000000000 ) ) ;
#6618 = APPROVAL_PERSON_ORGANIZATION ( #10108, #5926, #2626 ) ;
#6619 = CARTESIAN_POINT ( 'NONE',  ( -7.638710900995580921, 47.95702773923795803, -0.000000000000000000 ) ) ;
#6620 = ORIENTED_EDGE ( 'NONE', *, *, #6267, .T. ) ;
#6621 =( LENGTH_UNIT ( ) NAMED_UNIT ( * ) SI_UNIT ( .MILLI., .METRE. ) );
#6622 = PLANE ( 'NONE',  #2379 ) ;
#6623 = AXIS2_PLACEMENT_3D ( 'NONE', #4851, #8183, #5497 ) ;
#6624 = EDGE_CURVE ( 'NONE', #8133, #2728, #10738, .T. ) ;
#6625 = APPROVAL_STATUS ( 'not_yet_approved' ) ;
#6626 = EDGE_CURVE ( 'NONE', #7232, #6425, #10626, .T. ) ;
#6627 = ORIENTED_EDGE ( 'NONE', *, *, #1947, .F. ) ;
#6628 = CARTESIAN_POINT ( 'NONE',  ( 32.69993048876345654, 0.000000000000000000, 3.225083994884873739 ) ) ;
#6629 = ORIENTED_EDGE ( 'NONE', *, *, #5682, .T. ) ;
#6630 = CARTESIAN_POINT ( 'NONE',  ( 0.000000000000000000, 0.000000000000000000, 0.000000000000000000 ) ) ;
#6631 = ORIENTED_EDGE ( 'NONE', *, *, #4143, .T. ) ;
#6632 = FACE_OUTER_BOUND ( 'NONE', #10016, .T. ) ;
#6633 = DIRECTION ( 'NONE',  ( -1.000000000000000000, 0.000000000000000000, 0.000000000000000000 ) ) ;
#6634 = VECTOR ( 'NONE', #4868, 1000.000000000000000 ) ;
#6635 = CARTESIAN_POINT ( 'NONE',  ( 125.0429722607564429, 1.361289099006829373, -0.000000000000000000 ) ) ;
#6636 = EDGE_LOOP ( 'NONE', ( #1166, #3895, #2959, #2774, #5480, #213, #10890, #7661 ) ) ;
#6637 = APPROVAL_ROLE ( '' ) ;
#6638 = DIRECTION ( 'NONE',  ( -0.000000000000000000, 1.000000000000000000, -0.000000000000000000 ) ) ;
#6639 = ORIENTED_EDGE ( 'NONE', *, *, #608, .T. ) ;
#6640 = ORIENTED_EDGE ( 'NONE', *, *, #1188, .F. ) ;
#6641 = EDGE_CURVE ( 'NONE', #9383, #2723, #9139, .T. ) ;
#6642 = ORIENTED_EDGE ( 'NONE', *, *, #3697, .T. ) ;
#6643 = VECTOR ( 'NONE', #3652, 1000.000000000000000 ) ;
#6644 = CARTESIAN_POINT ( 'NONE',  ( 43.00000000000000000, 8.000000000000000000, 6.000000000000000000 ) ) ;
#6645 = AXIS2_PLACEMENT_3D ( 'NONE', #2722, #8431, #3495 ) ;
#6646 = COORDINATED_UNIVERSAL_TIME_OFFSET ( 5, 0, .BEHIND. ) ;
#6647 = FACE_OUTER_BOUND ( 'NONE', #848, .T. ) ;
#6648 = CARTESIAN_POINT ( 'NONE',  ( 19.77491600511334013, 0.000000000000000000, 10.29993048876420936 ) ) ;
#6649 = CARTESIAN_POINT ( 'NONE',  ( 30.50000000000000000, -10.00000000000000000, 0.000000000000000000 ) ) ;
#6650 = CARTESIAN_POINT ( 'NONE',  ( 0.000000000000000000, 0.000000000000000000, 149.0000000000000000 ) ) ;
#6651 = VECTOR ( 'NONE', #9488, 1000.000000000000000 ) ;
#6652 = DIRECTION ( 'NONE',  ( 0.000000000000000000, 0.000000000000000000, 1.000000000000000000 ) ) ;
#6653 = CARTESIAN_POINT ( 'NONE',  ( -14.00000000000000000, 0.000000000000000000, 2.000000000000000000 ) ) ;
#6654 = CARTESIAN_POINT ( 'NONE',  ( -19.00000000000000000, 9.000000000000000000, 8.300000000000000711 ) ) ;
#6655 = CC_DESIGN_DATE_AND_TIME_ASSIGNMENT ( #2953, #4455, ( #6220 ) ) ;
#6656 = DATE_TIME_ROLE ( 'classification_date' ) ;
#6657 = ORIENTED_EDGE ( 'NONE', *, *, #1482, .F. ) ;
#6658 = CARTESIAN_POINT ( 'NONE',  ( -14.00000000000000000, 0.000000000000000000, 16.00000000000000000 ) ) ;
#6659 = CIRCLE ( 'NONE', #2652, 2.500000000000000000 ) ;
#6660 = AXIS2_PLACEMENT_3D ( 'NONE', #1866, #5221, #1094 ) ;
#6661 = DIRECTION ( 'NONE',  ( 0.000000000000000000, 1.000000000000000000, 0.000000000000000000 ) ) ;
#6662 = DIRECTION ( 'NONE',  ( -0.000000000000000000, -0.000000000000000000, -1.000000000000000000 ) ) ;
#6663 = DIRECTION ( 'NONE',  ( 0.000000000000000000, 1.000000000000000000, 0.000000000000000000 ) ) ;
#6664 = EDGE_LOOP ( 'NONE', ( #8208, #2177 ) ) ;
#6665 = AXIS2_PLACEMENT_3D ( 'NONE', #5660, #2269, #8241 ) ;
#6666 = CC_DESIGN_PERSON_AND_ORGANIZATION_ASSIGNMENT ( #4414, #6807, ( #7109 ) ) ;
#6667 = ORIENTED_EDGE ( 'NONE', *, *, #5391, .F. ) ;
#6668 = CYLINDRICAL_SURFACE ( 'NONE', #9804, 2.600000000000000089 ) ;
#6669 = PERSON_AND_ORGANIZATION_ROLE ( 'classification_officer' ) ;
#6670 = ORIENTED_EDGE ( 'NONE', *, *, #10502, .F. ) ;
#6671 = CARTESIAN_POINT ( 'NONE',  ( -20.00000000000000000, 12.00000000000000000, 2.000000000000000000 ) ) ;
#6672 = DIRECTION ( 'NONE',  ( -0.000000000000000000, -0.000000000000000000, -1.000000000000000000 ) ) ;
#6673 = VECTOR ( 'NONE', #1100, 1000.000000000000000 ) ;
#6674 = EDGE_LOOP ( 'NONE', ( #2238, #9732, #7650, #6933 ) ) ;
#6675 = LINE ( 'NONE', #8270, #9303 ) ;
#6676 = CARTESIAN_POINT ( 'NONE',  ( 137.3612890990017377, -1.042972260763601611, -0.000000000000000000 ) ) ;
#6677 = EDGE_CURVE ( 'NONE', #9218, #7188, #1534, .T. ) ;
#6678 = ORIENTED_EDGE ( 'NONE', *, *, #1280, .F. ) ;
#6679 = CIRCLE ( 'NONE', #193, 5.799999999999999822 ) ;
#6680 = FACE_OUTER_BOUND ( 'NONE', #1688, .T. ) ;
#6681 = PERSON_AND_ORGANIZATION ( #10500, #8573 ) ;
#6682 = ORIENTED_EDGE ( 'NONE', *, *, #871, .T. ) ;
#6683 = DIRECTION ( 'NONE',  ( 1.000000000000000000, -0.000000000000000000, -0.000000000000000000 ) ) ;
#6684 = COORDINATED_UNIVERSAL_TIME_OFFSET ( 5, 0, .BEHIND. ) ;
#6685 = EDGE_LOOP ( 'NONE', ( #5872, #7251, #10273, #8463 ) ) ;
#6686 = CARTESIAN_POINT ( 'NONE',  ( 8.099999999999999645, 70.00000000000000000, 0.000000000000000000 ) ) ;
#6687 = CARTESIAN_POINT ( 'NONE',  ( -15.70000000000000284, 0.000000000000000000, 2.000000000000000000 ) ) ;
#6688 = CARTESIAN_POINT ( 'NONE',  ( -6.000000000000000000, 1.300000000000000044, -0.09997027095160138099 ) ) ;
#6689 = CLOSED_SHELL ( 'NONE', ( #8466, #2459, #2882, #3195, #7714, #1232, #1626, #532, #9946, #841, #10762, #5374, #3298, #3942, #7111, #253, #3958, #1254 ) ) ;
#6690 = DIRECTION ( 'NONE',  ( 0.000000000000000000, -1.000000000000000000, 0.000000000000000000 ) ) ;
#6691 = LINE ( 'NONE', #810, #5254 ) ;
#6692 = ADVANCED_FACE ( 'NONE', ( #693 ), #738, .F. ) ;
#6693 = ORIENTED_EDGE ( 'NONE', *, *, #4154, .T. ) ;
#6694 =( NAMED_UNIT ( * ) SI_UNIT ( $, .STERADIAN. ) SOLID_ANGLE_UNIT ( ) );
#6695 = DATE_AND_TIME ( #2589, #263 ) ;
#6696 = DIRECTION ( 'NONE',  ( -1.000000000000000000, -0.000000000000000000, -0.000000000000000000 ) ) ;
#6697 = VERTEX_POINT ( 'NONE', #4440 ) ;
#6698 = B_SPLINE_CURVE_WITH_KNOTS ( 'NONE', 3,
 ( #7, #3375, #6711, #58, #3430, #8481, #6765, #949, #119, #10209, #5999, #9381, #1337, #2987, #1233, #8657, #4641, #1175, #4536, #3704, #5501, #6986, #2824, #9540, #277, #8027 ),
 .UNSPECIFIED., .F., .F.,
 ( 4, 2, 2, 2, 2, 2, 2, 2, 2, 2, 2, 2, 4 ),
 ( 0.005952082253735858745, 0.006751715355029122567, 0.007551348456322386389, 0.008350981557615650211, 0.008750798108262278219, 0.009150614658908907961, 0.009550431209555537704, 0.009950247760202163977, 0.01035006431084879372, 0.01074988086149542346, 0.01114969741214205320, 0.01154951396278868295, 0.01234914706408193896 ),
 .UNSPECIFIED. ) ;
#6699 = ORIENTED_EDGE ( 'NONE', *, *, #7354, .T. ) ;
#6700 = DIRECTION ( 'NONE',  ( -0.000000000000000000, -0.000000000000000000, -1.000000000000000000 ) ) ;
#6701 = ORIENTED_EDGE ( 'NONE', *, *, #4588, .F. ) ;
#6702 = COORDINATED_UNIVERSAL_TIME_OFFSET ( 5, 0, .BEHIND. ) ;
#6703 = DIRECTION ( 'NONE',  ( 0.000000000000000000, -0.000000000000000000, -1.000000000000000000 ) ) ;
#6704 = CARTESIAN_POINT ( 'NONE',  ( 32.04287395702761643, 47.63880920472556113, 0.000000000000000000 ) ) ;
#6705 = DIRECTION ( 'NONE',  ( -0.000000000000000000, -0.000000000000000000, 1.000000000000000000 ) ) ;
#6706 = DIRECTION ( 'NONE',  ( 0.000000000000000000, 0.000000000000000000, -1.000000000000000000 ) ) ;
#6707 = ADVANCED_FACE ( 'NONE', ( #9495 ), #2516, .F. ) ;
#6708 = EDGE_CURVE ( 'NONE', #8451, #3308, #2407, .T. ) ;
#6709 = CALENDAR_DATE ( 2026, 18, 9 ) ;
#6710 = CARTESIAN_POINT ( 'NONE',  ( 0.000000000000000000, 0.000000000000000000, 2.000000000000000000 ) ) ;
#6711 = CARTESIAN_POINT ( 'NONE',  ( 10.37234568834891668, 9.406446595082069706, 10.16287729469196321 ) ) ;
#6712 = CALENDAR_DATE ( 2026, 18, 9 ) ;
#6713 = EDGE_LOOP ( 'NONE', ( #3393, #4365, #4057, #2370 ) ) ;
#6714 = CARTESIAN_POINT ( 'NONE',  ( 10.72380529476361133, 9.000000000000000000, 8.300000000000000711 ) ) ;
#6715 = DIRECTION ( 'NONE',  ( -0.000000000000000000, -0.000000000000000000, -1.000000000000000000 ) ) ;
#6716 = FACE_BOUND ( 'NONE', #485, .T. ) ;
#6717 = CARTESIAN_POINT ( 'NONE',  ( 20.00000000000000000, -34.00000000000000000, -1.200000000000000030E-05 ) ) ;
#6718 = ADVANCED_FACE ( 'NONE', ( #233 ), #7817, .F. ) ;
#6719 = ORIENTED_EDGE ( 'NONE', *, *, #6070, .T. ) ;
#6720 = ORIENTED_EDGE ( 'NONE', *, *, #4809, .F. ) ;
#6721 = DIRECTION ( 'NONE',  ( -1.000000000000000000, -0.000000000000000000, -0.000000000000000000 ) ) ;
#6722 = ORIENTED_EDGE ( 'NONE', *, *, #3405, .F. ) ;
#6723 = PLANE ( 'NONE',  #10348 ) ;
#6724 = CARTESIAN_POINT ( 'NONE',  ( -6.000000000000000000, 0.000000000000000000, 20.00000000000000000 ) ) ;
#6725 = CARTESIAN_POINT ( 'NONE',  ( -2.552093532249216423, 0.5780252676397000799, -0.000000000000000000 ) ) ;
#6726 = APPROVAL ( #10068, 'ๆช' ) ;
#6727 = CARTESIAN_POINT ( 'NONE',  ( -10.69999999999999929, 49.00000000000000000, -6.000000000000000152E-06 ) ) ;
#6728 = VERTEX_POINT ( 'NONE', #6943 ) ;
#6729 = ORGANIZATION ( 'NAUO-ORG5', 'UNSPECIFIED', 'UNSPECIFIED' ) ;
#6730 = PERSON_AND_ORGANIZATION_ROLE ( 'creator' ) ;
#6731 = ORIENTED_EDGE ( 'NONE', *, *, #4103, .T. ) ;
#6732 = CARTESIAN_POINT ( 'NONE',  ( 11.94592245563050525, 7.300338131588374857, 8.370962191954024689 ) ) ;
#6733 = PERSON_AND_ORGANIZATION ( #4596, #4992 ) ;
#6734 = EDGE_CURVE ( 'NONE', #921, #7835, #3343, .T. ) ;
#6735 = ORIENTED_EDGE ( 'NONE', *, *, #7097, .T. ) ;
#6736 = CARTESIAN_POINT ( 'NONE',  ( -22.00000000000000000, 84.00000000000000000, 8.000000000000000000 ) ) ;
#6737 = VECTOR ( 'NONE', #6149, 1000.000000000000000 ) ;
#6738 = VERTEX_POINT ( 'NONE', #3658 ) ;
#6739 = CARTESIAN_POINT ( 'NONE',  ( 31.00000000000000000, 72.49999999999998579, 3.000000000000000000 ) ) ;
#6740 = DIRECTION ( 'NONE',  ( 0.000000000000000000, 1.000000000000000000, 0.000000000000000000 ) ) ;
#6741 = ORGANIZATION ( 'NAUO-ORG8', 'UNSPECIFIED', 'UNSPECIFIED' ) ;
#6742 = CARTESIAN_POINT ( 'NONE',  ( 124.8584857301940900, 1.484395069527666866, 0.000000000000000000 ) ) ;
#6743 = APPLICATION_CONTEXT ( 'configuration controlled 3d designs of mechanical parts and assemblies' ) ;
#6744 = CC_DESIGN_PERSON_AND_ORGANIZATION_ASSIGNMENT ( #4260, #6929, ( #8337 ) ) ;
#6745 = DIRECTION ( 'NONE',  ( 0.000000000000000000, 0.000000000000000000, -1.000000000000000000 ) ) ;
#6746 = ORIENTED_EDGE ( 'NONE', *, *, #3028, .T. ) ;
#6747 = VECTOR ( 'NONE', #6614, 1000.000000000000000 ) ;
#6748 = PERSON_AND_ORGANIZATION ( #10500, #8573 ) ;
#6749 = CARTESIAN_POINT ( 'NONE',  ( 29.51547649045614108, 30.14146106821037918, -0.000000000000000000 ) ) ;
#6750 = CC_DESIGN_APPROVAL ( #10255, ( #1139 ) ) ;
#6751 = ORIENTED_EDGE ( 'NONE', *, *, #6767, .T. ) ;
#6752 = ORIENTED_EDGE ( 'NONE', *, *, #9757, .F. ) ;
#6753 = DIRECTION ( 'NONE',  ( -0.000000000000000000, -0.000000000000000000, -1.000000000000000000 ) ) ;
#6754 = CALENDAR_DATE ( 2026, 18, 9 ) ;
#6755 = EDGE_CURVE ( 'NONE', #2635, #839, #4116, .T. ) ;
#6756 = CARTESIAN_POINT ( 'NONE',  ( -22.00000000000000000, 84.00000000000000000, 8.000000000000000000 ) ) ;
#6757 = CARTESIAN_POINT ( 'NONE',  ( -20.00000000000000000, -34.00000000000000000, 5.000000000000000000 ) ) ;
#6758 = CARTESIAN_POINT ( 'NONE',  ( -10.00000000000000000, -10.00000000000000000, 39.50000000000000000 ) ) ;
#6759 = FACE_OUTER_BOUND ( 'NONE', #199, .T. ) ;
#6760 = VECTOR ( 'NONE', #3370, 1000.000000000000000 ) ;
#6761 = APPROVAL_PERSON_ORGANIZATION ( #7252, #16, #6637 ) ;
#6762 = APPLICATION_PROTOCOL_DEFINITION ( 'international standard', 'config_control_design', 1994, #6743 ) ;
#6763 = APPROVAL_STATUS ( 'not_yet_approved' ) ;
#6764 = DIRECTION ( 'NONE',  ( -0.000000000000000000, -0.000000000000000000, -1.000000000000000000 ) ) ;
#6765 = CARTESIAN_POINT ( 'NONE',  ( 9.352038589846046079, 10.41947306943599294, 9.466101123016242624 ) ) ;
#6766 = CALENDAR_DATE ( 2026, 18, 9 ) ;
#6767 = EDGE_CURVE ( 'NONE', #7188, #4696, #8793, .T. ) ;
#6768 = LOCAL_TIME ( 6, 20, 19.00000000000000000, #3371 ) ;
#6769 = ADVANCED_FACE ( 'NONE', ( #6680 ), #6622, .F. ) ;
#6770 = ORIENTED_EDGE ( 'NONE', *, *, #2055, .F. ) ;
#6771 = DIRECTION ( 'NONE',  ( 1.000000000000000000, -0.000000000000000000, 0.000000000000000000 ) ) ;
#6772 = DIRECTION ( 'NONE',  ( -1.000000000000000000, 0.000000000000000000, 0.000000000000000000 ) ) ;
#6773 = LINE ( 'NONE', #1012, #3749 ) ;
#6774 = DIRECTION ( 'NONE',  ( 0.000000000000000000, 0.000000000000000000, 1.000000000000000000 ) ) ;
#6775 = LOCAL_TIME ( 6, 20, 19.00000000000000000, #5410 ) ;
#6776 = AXIS2_PLACEMENT_3D ( 'NONE', #8835, #208, #3572 ) ;
#6777 = UNCERTAINTY_MEASURE_WITH_UNIT (LENGTH_MEASURE( 1.000000000000000082E-05 ), #3395, 'distance_accuracy_value', 'NONE');
#6778 = EDGE_CURVE ( 'NONE', #9787, #4853, #9921, .T. ) ;
#6779 = VERTEX_POINT ( 'NONE', #10067 ) ;
#6780 = LINE ( 'NONE', #4159, #3368 ) ;
#6781 = DATE_AND_TIME ( #5843, #8758 ) ;
#6782 = ORIENTED_EDGE ( 'NONE', *, *, #1292, .F. ) ;
#6783 = LINE ( 'NONE', #7493, #8379 ) ;
#6784 = DIRECTION ( 'NONE',  ( 0.000000000000000000, 0.000000000000000000, -1.000000000000000000 ) ) ;
#6785 = PERSON ( 'NAUO-PER17', 'UNSPECIFIED', 'UNSPECIFIED', ('UNSPECIFIED'), ('UNSPECIFIED'), ('UNSPECIFIED') ) ;
#6786 = ORIENTED_EDGE ( 'NONE', *, *, #7686, .T. ) ;
#6787 = CARTESIAN_POINT ( 'NONE',  ( -15.59999999999999964, 0.000000000000000000, 6.000000000000000000 ) ) ;
#6788 = PLANE ( 'NONE',  #8784 ) ;
#6789 = VECTOR ( 'NONE', #6854, 1000.000000000000000 ) ;
#6790 = ORIENTED_EDGE ( 'NONE', *, *, #7774, .F. ) ;
#6791 = PERSON_AND_ORGANIZATION_ROLE ( 'design_supplier' ) ;
#6792 = ORIENTED_EDGE ( 'NONE', *, *, #8045, .T. ) ;
#6793 = CARTESIAN_POINT ( 'NONE',  ( 11.32499397577940314, 8.231471694506819148, 6.979938983346807291 ) ) ;
#6794 = PRODUCT_RELATED_PRODUCT_CATEGORY ( 'detail', '', ( #243 ) ) ;
#6795 = CONTEXT_DEPENDENT_SHAPE_REPRESENTATION ( #9441, #7971 ) ;
#6796 = AXIS2_PLACEMENT_3D ( 'NONE', #8902, #8960, #9011 ) ;
#6797 = EDGE_LOOP ( 'NONE', ( #9129, #9902, #5808, #60 ) ) ;
#6798 = CARTESIAN_POINT ( 'NONE',  ( -19.00000000000000000, 9.000000000000000000, 10.00000000000000000 ) ) ;
#6799 = VERTEX_POINT ( 'NONE', #798 ) ;
#6800 = DIRECTION ( 'NONE',  ( 0.000000000000000000, 0.000000000000000000, 1.000000000000000000 ) ) ;
#6801 = CARTESIAN_POINT ( 'NONE',  ( -5.799999999999999822, 70.00000000000000000, 8.000000000000000000 ) ) ;
#6802 = DIRECTION ( 'NONE',  ( -1.000000000000000000, 0.000000000000000000, 0.000000000000000000 ) ) ;
#6803 = AXIS2_PLACEMENT_3D ( 'NONE', #6043, #4472, #6978 ) ;
#6804 = FACE_OUTER_BOUND ( 'NONE', #3757, .T. ) ;
#6805 = VECTOR ( 'NONE', #3812, 1000.000000000000000 ) ;
#6806 = CC_DESIGN_APPROVAL ( #5473, ( #4015 ) ) ;
#6807 = PERSON_AND_ORGANIZATION_ROLE ( 'classification_officer' ) ;
#6808 = CARTESIAN_POINT ( 'NONE',  ( -12.00000000000000000, 12.00000000000000000, 0.000000000000000000 ) ) ;
#6809 = ORIENTED_EDGE ( 'NONE', *, *, #2858, .F. ) ;
#6810 = CARTESIAN_POINT ( 'NONE',  ( -9.000000000000000000, 31.00000000000000000, -1.200000000000000030E-05 ) ) ;
#6811 = CC_DESIGN_PERSON_AND_ORGANIZATION_ASSIGNMENT ( #9379, #5237, ( #6981 ) ) ;
#6812 = CARTESIAN_POINT ( 'NONE',  ( -10.65666690099477698, 30.55741526174896094, -0.000000000000000000 ) ) ;
#6813 = CARTESIAN_POINT ( 'NONE',  ( -10.69999999999999929, 49.00000000000000000, 5.000000000000000000 ) ) ;
#6814 = EDGE_LOOP ( 'NONE', ( #9776, #5035, #6631, #7499, #370, #4219 ) ) ;
#6815 =( GEOMETRIC_REPRESENTATION_CONTEXT ( 3 ) GLOBAL_UNCERTAINTY_ASSIGNED_CONTEXT ( ( #2938 ) ) GLOBAL_UNIT_ASSIGNED_CONTEXT ( ( #1044, #1812, #814 ) ) REPRESENTATION_CONTEXT ( 'NONE', 'WORKASPACE' ) );
#6816 = CARTESIAN_POINT ( 'NONE',  ( 20.00000000000000000, 8.000000000000000000, 12.00000000000000000 ) ) ;
#6817 = DIRECTION ( 'NONE',  ( 1.000000000000000000, 0.000000000000000000, 0.000000000000000000 ) ) ;
#6818 = ADVANCED_FACE ( 'NONE', ( #1017, #5251, #4386, #9230 ), #7715, .T. ) ;
#6819 = SHAPE_DEFINITION_REPRESENTATION ( #7186, #128 ) ;
#6820 = VECTOR ( 'NONE', #4923, 1000.000000000000000 ) ;
#6821 = SHAPE_DEFINITION_REPRESENTATION ( #565, #4218 ) ;
#6822 = FACE_OUTER_BOUND ( 'NONE', #5609, .T. ) ;
#6823 = LINE ( 'NONE', #1063, #9336 ) ;
#6824 = APPROVAL_ROLE ( '' ) ;
#6825 = EDGE_LOOP ( 'NONE', ( #5297, #10736, #2479, #5065, #10327, #8494 ) ) ;
#6826 = CARTESIAN_POINT ( 'NONE',  ( 11.63318911631890806, 7.789676559712269466, 11.19895753663901772 ) ) ;
#6827 = DIRECTION ( 'NONE',  ( 0.000000000000000000, -0.000000000000000000, 1.000000000000000000 ) ) ;
#6828 = AXIS2_PLACEMENT_3D ( 'NONE', #9924, #2375, #5719 ) ;
#6829 = CIRCLE ( 'NONE', #1410, 1.700000000000000178 ) ;
#6830 = CARTESIAN_POINT ( 'NONE',  ( 31.19999999999999929, 59.50000000000000000, -8.271806125530276749E-22 ) ) ;
#6831 = CARTESIAN_POINT ( 'NONE',  ( 0.000000000000000000, 0.000000000000000000, 0.000000000000000000 ) ) ;
#6832 = EDGE_CURVE ( 'NONE', #7906, #9719, #2406, .T. ) ;
#6833 = ADVANCED_FACE ( 'NONE', ( #4651, #6380, #5511 ), #2997, .F. ) ;
#6834 = AXIS2_PLACEMENT_3D ( 'NONE', #7628, #5869, #5170 ) ;
#6835 = ORIENTED_EDGE ( 'NONE', *, *, #909, .F. ) ;
#6836 = CARTESIAN_POINT ( 'NONE',  ( 6.000000000000000000, 1.300000000000000044, -0.09997027095160138099 ) ) ;
#6837 = APPROVAL_DATE_TIME ( #8493, #2849 ) ;
#6838 = VERTEX_POINT ( 'NONE', #1186 ) ;
#6839 = DIRECTION ( 'NONE',  ( 0.000000000000000000, 0.000000000000000000, -1.000000000000000000 ) ) ;
#6840 = DIRECTION ( 'NONE',  ( -1.000000000000000000, 0.000000000000000000, 0.000000000000000000 ) ) ;
#6841 = VERTEX_POINT ( 'NONE', #2057 ) ;
#6842 = CARTESIAN_POINT ( 'NONE',  ( -10.50000000000000000, 0.000000000000000000, -0.000000000000000000 ) ) ;
#6843 = CIRCLE ( 'NONE', #6489, 1.700000000000000178 ) ;
#6844 = CARTESIAN_POINT ( 'NONE',  ( -9.000000000000000000, -6.000000000000000152E-06, 19.30000000000000071 ) ) ;
#6845 = EDGE_CURVE ( 'NONE', #3736, #1423, #8840, .T. ) ;
#6846 = EDGE_CURVE ( 'NONE', #9564, #3040, #8972, .T. ) ;
#6847 = VERTEX_POINT ( 'NONE', #7874 ) ;
#6848 = PRODUCT ( 'V2_07_servo_stand', 'V2_07_servo_stand', '', ( #1873 ) ) ;
#6849 = ORIENTED_EDGE ( 'NONE', *, *, #6085, .F. ) ;
#6850 = CARTESIAN_POINT ( 'NONE',  ( 11.90496487544927362, 7.367007609010137514, 8.988555297866811955 ) ) ;
#6851 = AXIS2_PLACEMENT_3D ( 'NONE', #9705, #2159, #2214 ) ;
#6852 = PERSON_AND_ORGANIZATION ( #2620, #10294 ) ;
#6853 = ORIENTED_EDGE ( 'NONE', *, *, #10098, .F. ) ;
#6854 = DIRECTION ( 'NONE',  ( 1.000000000000000000, 0.000000000000000000, 0.000000000000000000 ) ) ;
#6855 = CARTESIAN_POINT ( 'NONE',  ( -15.59999999999999964, 72.50000000000000000, 6.000000000000000000 ) ) ;
#6856 = DIRECTION ( 'NONE',  ( -1.000000000000000000, -0.000000000000000000, -0.000000000000000000 ) ) ;
#6857 = FACE_OUTER_BOUND ( 'NONE', #7012, .T. ) ;
#6858 = FACE_OUTER_BOUND ( 'NONE', #3623, .T. ) ;
#6859 = CC_DESIGN_PERSON_AND_ORGANIZATION_ASSIGNMENT ( #3416, #216, ( #5678 ) ) ;
#6860 = LINE ( 'NONE', #4412, #8592 ) ;
#6861 = DATE_TIME_ROLE ( 'creation_date' ) ;
#6862 = CARTESIAN_POINT ( 'NONE',  ( 0.000000000000000000, 0.000000000000000000, 58.00000000000000000 ) ) ;
#6863 = ORIENTED_EDGE ( 'NONE', *, *, #6953, .T. ) ;
#6864 = PLANE ( 'NONE',  #10395 ) ;
#6865 = VERTEX_POINT ( 'NONE', #8720 ) ;
#6866 = APPROVAL_ROLE ( '' ) ;
#6867 = AXIS2_PLACEMENT_3D ( 'NONE', #3166, #6498, #4968 ) ;
#6868 = SHAPE_REPRESENTATION ( 'V2_REF_gripper_finger', ( #2087 ), #3830 ) ;
#6869 = CARTESIAN_POINT ( 'NONE',  ( -9.028254920067322331, 10.70002864950650334, 9.864488971337449286 ) ) ;
#6870 = FACE_OUTER_BOUND ( 'NONE', #4987, .T. ) ;
#6871 = DIRECTION ( 'NONE',  ( 0.000000000000000000, 0.000000000000000000, 1.000000000000000000 ) ) ;
#6872 = DIRECTION ( 'NONE',  ( 1.000000000000000000, -0.000000000000000000, 0.000000000000000000 ) ) ;
#6873 = CC_DESIGN_PERSON_AND_ORGANIZATION_ASSIGNMENT ( #8946, #7101, ( #999 ) ) ;
#6874 = PERSON_AND_ORGANIZATION_ROLE ( 'creator' ) ;
#6875 = APPROVAL_ROLE ( '' ) ;
#6876 = CARTESIAN_POINT ( 'NONE',  ( -20.00000000000000000, 8.000000000000000000, 13.70000000000000107 ) ) ;
#6877 = CARTESIAN_POINT ( 'NONE',  ( -10.48439506952756339, 0.000000000000000000, 20.14151426980620840 ) ) ;
#6878 = DATE_TIME_ROLE ( 'creation_date' ) ;
#6879 = ORIENTED_EDGE ( 'NONE', *, *, #9757, .T. ) ;
#6880 = CARTESIAN_POINT ( 'NONE',  ( 11.77425630845663029, 7.574553072307678825, 9.066445093151372703 ) ) ;
#6881 = ADVANCED_FACE ( 'NONE', ( #2167 ), #5463, .F. ) ;
#6882 = CARTESIAN_POINT ( 'NONE',  ( -27.69999999999999929, 45.00000000000000000, -1.200000000000000030E-05 ) ) ;
#6883 = ORIENTED_EDGE ( 'NONE', *, *, #5885, .T. ) ;
#6884 = CARTESIAN_POINT ( 'NONE',  ( 0.000000000000000000, 0.000000000000000000, 0.000000000000000000 ) ) ;
#6885 = CARTESIAN_POINT ( 'NONE',  ( -10.48439506952757228, 31.85848573019363528, 0.000000000000000000 ) ) ;
#6886 = CARTESIAN_POINT ( 'NONE',  ( -12.34313493157694097, 69.55753025008442592, -0.000000000000000000 ) ) ;
#6887 = ORIENTED_EDGE ( 'NONE', *, *, #9820, .T. ) ;
#6888 = CARTESIAN_POINT ( 'NONE',  ( -0.5999999999999998668, 9.000000000000000000, 10.00000000000000000 ) ) ;
#6889 = EDGE_CURVE ( 'NONE', #7906, #5576, #6166, .T. ) ;
#6890 = VERTEX_POINT ( 'NONE', #10492 ) ;
#6891 = DIRECTION ( 'NONE',  ( 1.000000000000000000, 0.000000000000000000, 0.000000000000000000 ) ) ;
#6892 = VERTEX_POINT ( 'NONE', #3764 ) ;
#6893 = CARTESIAN_POINT ( 'NONE',  ( 2.534028928176448314, -0.6766222469410452245, -0.000000000000000000 ) ) ;
#6894 = CARTESIAN_POINT ( 'NONE',  ( 0.6000001017321888730, 2.529941645714209653, -8.999999999999988370E-06 ) ) ;
#6895 = EDGE_LOOP ( 'NONE', ( #1875, #6430, #4360, #3845 ) ) ;
#6896 = DIRECTION ( 'NONE',  ( 1.000000000000000000, 0.000000000000000000, 0.000000000000000000 ) ) ;
#6897 = ORIENTED_EDGE ( 'NONE', *, *, #434, .T. ) ;
#6898 = FACE_OUTER_BOUND ( 'NONE', #5901, .T. ) ;
#6899 = PERSON_AND_ORGANIZATION_ROLE ( 'classification_officer' ) ;
#6900 = ADVANCED_FACE ( 'NONE', ( #4548 ), #6996, .F. ) ;
#6901 = EDGE_LOOP ( 'NONE', ( #5439, #5329, #5154, #8447 ) ) ;
#6902 = PLANE ( 'NONE',  #6972 ) ;
#6903 = EDGE_CURVE ( 'NONE', #7039, #8520, #4708, .T. ) ;
#6904 = CARTESIAN_POINT ( 'NONE',  ( 0.000000000000000000, 0.000000000000000000, 0.000000000000000000 ) ) ;
#6905 = CARTESIAN_POINT ( 'NONE',  ( 12.00000000000000000, 12.00000000000000000, 0.000000000000000000 ) ) ;
#6906 = ORIENTED_EDGE ( 'NONE', *, *, #8665, .F. ) ;
#6907 = CARTESIAN_POINT ( 'NONE',  ( 0.000000000000000000, 40.00000000000000000, 40.00000000000000000 ) ) ;
#6908 = FACE_OUTER_BOUND ( 'NONE', #7387, .T. ) ;
#6909 = CC_DESIGN_APPROVAL ( #10783, ( #7956 ) ) ;
#6910 = SHAPE_REPRESENTATION_RELATIONSHIP ( 'NONE' , 'NONE' ,  #964, #2090 ) ;
#6911 = PERSON_AND_ORGANIZATION_ROLE ( 'design_supplier' ) ;
#6912 = DESIGN_CONTEXT ( 'detailed design', #5830, 'design' ) ;
#6913 = PRODUCT ( 'V2_REF_chassis_255p8x149', 'V2_REF_chassis_255p8x149', '', ( #8242 ) ) ;
#6914 = CARTESIAN_POINT ( 'NONE',  ( 32.36128909900611461, 29.95702773923966333, -0.000000000000000000 ) ) ;
#6915 = AXIS2_PLACEMENT_3D ( 'NONE', #4306, #7635, #4471 ) ;
#6916 = EDGE_LOOP ( 'NONE', ( #7202, #8806, #2007, #4265 ) ) ;
#6917 = DIRECTION ( 'NONE',  ( -0.000000000000000000, -0.000000000000000000, -1.000000000000000000 ) ) ;
#6918 = DATE_AND_TIME ( #3364, #9046 ) ;
#6919 = CC_DESIGN_APPROVAL ( #344, ( #3241 ) ) ;
#6920 = CARTESIAN_POINT ( 'NONE',  ( -9.119313208099621093, 10.62263300843386560, 9.476430371807628816 ) ) ;
#6921 = ADVANCED_FACE ( 'NONE', ( #7100 ), #2939, .F. ) ;
#6922 = DIRECTION ( 'NONE',  ( 1.000000000000000000, 0.000000000000000000, 0.000000000000000000 ) ) ;
#6923 = CARTESIAN_POINT ( 'NONE',  ( 10.50000000000000000, -1.300000000000000044, -0.09997027095160138099 ) ) ;
#6924 = CARTESIAN_POINT ( 'NONE',  ( -7.957126042969687063, 0.000000000000000000, 4.361190795271370213 ) ) ;
#6925 = AXIS2_PLACEMENT_3D ( 'NONE', #6724, #3504, #6840 ) ;
#6926 = ORIENTED_EDGE ( 'NONE', *, *, #5348, .T. ) ;
#6927 = LOCAL_TIME ( 6, 20, 19.00000000000000000, #5681 ) ;
#6928 = APPROVAL_DATE_TIME ( #5941, #8341 ) ;
#6929 = PERSON_AND_ORGANIZATION_ROLE ( 'design_owner' ) ;
#6930 = DIRECTION ( 'NONE',  ( 1.000000000000000000, -0.000000000000000000, -0.000000000000000000 ) ) ;
#6931 = CARTESIAN_POINT ( 'NONE',  ( -10.69993048876420616, 0.000000000000000000, 20.77491600511318026 ) ) ;
#6932 = APPROVAL_DATE_TIME ( #7808, #8075 ) ;
#6933 = ORIENTED_EDGE ( 'NONE', *, *, #5979, .F. ) ;
#6934 = AXIS2_PLACEMENT_3D ( 'NONE', #37, #10852, #5705 ) ;
#6935 = CARTESIAN_POINT ( 'NONE',  ( 11.51987796860835367, 7.956290687835843478, 11.34649651929563596 ) ) ;
#6936 = APPROVAL ( #6052, 'ๆช' ) ;
#6937 = DIRECTION ( 'NONE',  ( -0.000000000000000000, -0.000000000000000000, -1.000000000000000000 ) ) ;
#6938 = CC_DESIGN_APPROVAL ( #2449, ( #6570 ) ) ;
#6939 = CARTESIAN_POINT ( 'NONE',  ( -10.69999999999999929, 31.00000000000000000, -6.000000000000000152E-06 ) ) ;
#6940 = ORIENTED_EDGE ( 'NONE', *, *, #2865, .F. ) ;
#6941 = ADVANCED_FACE ( 'NONE', ( #9549 ), #3827, .F. ) ;
#6942 = LOCAL_TIME ( 6, 20, 19.00000000000000000, #5353 ) ;
#6943 = CARTESIAN_POINT ( 'NONE',  ( -0.5999999999999999778, 18.99052395275075256, 0.000000000000000000 ) ) ;
#6944 = ORIENTED_EDGE ( 'NONE', *, *, #4377, .F. ) ;
#6945 = CARTESIAN_POINT ( 'NONE',  ( 14.00000000000000000, 1.714505518806294638E-15, 6.000000000000000000 ) ) ;
#6946 = ADVANCED_FACE ( 'NONE', ( #9603 ), #6277, .T. ) ;
#6947 = EDGE_LOOP ( 'NONE', ( #9742, #5932, #967, #426 ) ) ;
#6948 = FACE_BOUND ( 'NONE', #9088, .T. ) ;
#6949 = CC_DESIGN_SECURITY_CLASSIFICATION ( #7472, ( #9435 ) ) ;
#6950 = DIRECTION ( 'NONE',  ( -1.000000000000000000, -0.000000000000000000, -0.000000000000000000 ) ) ;
#6951 = VECTOR ( 'NONE', #10497, 1000.000000000000000 ) ;
#6952 = LINE ( 'NONE', #4447, #10019 ) ;
#6953 = EDGE_CURVE ( 'NONE', #5591, #5679, #1620, .T. ) ;
#6954 = CARTESIAN_POINT ( 'NONE',  ( 35.00000000000000000, 110.0000000000000000, 26.00000000000000000 ) ) ;
#6955 =( REPRESENTATION_RELATIONSHIP ('NONE','NONE', #403, #5673 ) REPRESENTATION_RELATIONSHIP_WITH_TRANSFORMATION ( #2293 )SHAPE_REPRESENTATION_RELATIONSHIP( ) );
#6956 = ADVANCED_FACE ( 'NONE', ( #672 ), #620, .F. ) ;
#6957 = CC_DESIGN_APPROVAL ( #2717, ( #10866 ) ) ;
#6958 = ORIENTED_EDGE ( 'NONE', *, *, #1853, .T. ) ;
#6959 = CARTESIAN_POINT ( 'NONE',  ( -11.81331098413178893, 7.513279486513934735, 9.333189158215489556 ) ) ;
#6960 = APPROVAL_ROLE ( '' ) ;
#6961 = VERTEX_POINT ( 'NONE', #3989 ) ;
#6962 = CARTESIAN_POINT ( 'NONE',  ( 31.00000000000000355, -6.000000000000000152E-06, 1.299999999999999600 ) ) ;
#6963 = LINE ( 'NONE', #8458, #2886 ) ;
#6964 = VERTEX_POINT ( 'NONE', #5625 ) ;
#6965 = CIRCLE ( 'NONE', #2936, 1.700000000000000178 ) ;
#6966 = CARTESIAN_POINT ( 'NONE',  ( 14.00000000000000000, 70.00000000000000000, -1.200000000000000030E-05 ) ) ;
#6967 = CARTESIAN_POINT ( 'NONE',  ( -21.69999999999999929, -34.00000000000000000, -6.000000000000000152E-06 ) ) ;
#6968 = ADVANCED_FACE ( 'NONE', ( #3317, #9203, #7371 ), #3935, .F. ) ;
#6969 = EDGE_CURVE ( 'NONE', #1307, #2815, #2439, .T. ) ;
#6970 = SECURITY_CLASSIFICATION_LEVEL ( 'unclassified' ) ;
#6971 = CARTESIAN_POINT ( 'NONE',  ( 32.04287395702814223, 29.63880920472608693, 0.000000000000000000 ) ) ;
#6972 = AXIS2_PLACEMENT_3D ( 'NONE', #4988, #7617, #1034 ) ;
#6973 = ORIENTED_EDGE ( 'NONE', *, *, #4294, .T. ) ;
#6974 = CARTESIAN_POINT ( 'NONE',  ( 35.60000000000000142, 72.50000000000000000, -1.200000000000000030E-05 ) ) ;
#6975 = CONTEXT_DEPENDENT_SHAPE_REPRESENTATION ( #8873, #9763 ) ;
#6976 = CARTESIAN_POINT ( 'NONE',  ( -12.00000000000000000, 7.000000000000000000, 13.29999999999999893 ) ) ;
#6977 = CARTESIAN_POINT ( 'NONE',  ( 24.30000000000000071, -57.00000000000000000, -1.200000000000000030E-05 ) ) ;
#6978 = DIRECTION ( 'NONE',  ( 0.000000000000000000, -0.000000000000000000, -1.000000000000000000 ) ) ;
#6979 = CARTESIAN_POINT ( 'NONE',  ( -7.515476490456402203, -0.000000000000000000, 2.141461068209736585 ) ) ;
#6980 = AXIS2_PLACEMENT_3D ( 'NONE', #9222, #10885, #7602 ) ;
#6981 = SECURITY_CLASSIFICATION ( '', '', #1109 ) ;
#6982 = CARTESIAN_POINT ( 'NONE',  ( -18.30000000000000071, -6.000000000000000000, -6.000000000000000152E-06 ) ) ;
#6983 = ADVANCED_FACE ( 'NONE', ( #4916 ), #10046, .F. ) ;
#6984 = CALENDAR_DATE ( 2026, 18, 9 ) ;
#6985 = CARTESIAN_POINT ( 'NONE',  ( 22.00000000000000000, 84.00000000000000000, 0.000000000000000000 ) ) ;
#6986 = CARTESIAN_POINT ( 'NONE',  ( 10.01747428353794689, 9.780869486404817792, 6.986530660924680447 ) ) ;
#6987 = PERSON_AND_ORGANIZATION_ROLE ( 'creator' ) ;
#6988 = CIRCLE ( 'NONE', #6275, 1.700000000000000178 ) ;
#6989 = ORIENTED_EDGE ( 'NONE', *, *, #9003, .F. ) ;
#6990 = DIRECTION ( 'NONE',  ( 1.000000000000000000, 0.000000000000000000, 0.000000000000000000 ) ) ;
#6991 = CARTESIAN_POINT ( 'NONE',  ( -24.30000000000000071, 57.00000000000000000, 0.000000000000000000 ) ) ;
#6992 = CARTESIAN_POINT ( 'NONE',  ( -9.169899438923804880, 10.57920282770153264, 7.859032329756264090 ) ) ;
#6993 = AXIS2_PLACEMENT_3D ( 'NONE', #7223, #6340, #3941 ) ;
#6994 = ADVANCED_FACE ( 'NONE', ( #4043 ), #9828, .F. ) ;
#6995 = CC_DESIGN_PERSON_AND_ORGANIZATION_ASSIGNMENT ( #3621, #5476, ( #6220 ) ) ;
#6996 = CYLINDRICAL_SURFACE ( 'NONE', #10572, 1.700000000000000178 ) ;
#6997 = APPROVAL_DATE_TIME ( #4117, #7212 ) ;
#6998 = EDGE_LOOP ( 'NONE', ( #7992, #4527, #1817, #3831 ) ) ;
#6999 = CARTESIAN_POINT ( 'NONE',  ( 136.0000000000000000, 0.000000000000000000, -1.200000000000000030E-05 ) ) ;
#7000 = VECTOR ( 'NONE', #4597, 1000.000000000000000 ) ;
#7001 = VECTOR ( 'NONE', #2390, 1000.000000000000000 ) ;
#7002 = ORIENTED_EDGE ( 'NONE', *, *, #3093, .F. ) ;
#7003 = VERTEX_POINT ( 'NONE', #4807 ) ;
#7004 = CARTESIAN_POINT ( 'NONE',  ( -2.533830729021401940, -0.6767371672058377641, -0.000000000000000000 ) ) ;
#7005 = PRODUCT_DEFINITION_SHAPE ( 'NONE', 'NONE',  #1244 ) ;
#7006 = AXIS2_PLACEMENT_3D ( 'NONE', #990, #10137, #878 ) ;
#7007 = PRODUCT_RELATED_PRODUCT_CATEGORY ( 'detail', '', ( #7214 ) ) ;
#7008 = CARTESIAN_POINT ( 'NONE',  ( 35.00000000000000711, 240.0000000000000000, -10.00000000000000000 ) ) ;
#7009 = VERTEX_POINT ( 'NONE', #7319 ) ;
#7010 = CARTESIAN_POINT ( 'NONE',  ( -11.68622841836827497, 7.709669415052520236, 7.387083654392811560 ) ) ;
#7011 = CALENDAR_DATE ( 2026, 18, 9 ) ;
#7012 = EDGE_LOOP ( 'NONE', ( #1520, #2811, #477, #10561 ) ) ;
#7013 = CARTESIAN_POINT ( 'NONE',  ( 29.34320465898994001, -0.000000000000000000, 2.557362060149046545 ) ) ;
#7014 = CARTESIAN_POINT ( 'NONE',  ( 125.7000000000000028, 0.000000000000000000, -1.200000000000000030E-05 ) ) ;
#7015 = VECTOR ( 'NONE', #10329, 1000.000000000000000 ) ;
#7016 = AXIS2_PLACEMENT_3D ( 'NONE', #1357, #10559, #5520 ) ;
#7017 = EDGE_CURVE ( 'NONE', #2728, #8133, #3, .T. ) ;
#7018 = CYLINDRICAL_SURFACE ( 'NONE', #1156, 1.699999999999998401 ) ;
#7019 = ORIENTED_EDGE ( 'NONE', *, *, #8944, .F. ) ;
#7020 = FACE_OUTER_BOUND ( 'NONE', #6117, .T. ) ;
#7021 = AXIS2_PLACEMENT_3D ( 'NONE', #10711, #6494, #5778 ) ;
#7022 = COORDINATED_UNIVERSAL_TIME_OFFSET ( 5, 0, .BEHIND. ) ;
#7023 = CARTESIAN_POINT ( 'NONE',  ( -0.5999999999999998668, 9.000000000000000000, 6.800000000000000711 ) ) ;
#7024 = EDGE_LOOP ( 'NONE', ( #10185, #9169, #6612, #5994 ) ) ;
#7025 = CARTESIAN_POINT ( 'NONE',  ( 31.00000000000000000, -1.200000000000000030E-05, 3.000000000000000000 ) ) ;
#7026 = VERTEX_POINT ( 'NONE', #9882 ) ;
#7027 = DATE_AND_TIME ( #1163, #5691 ) ;
#7028 = CYLINDRICAL_SURFACE ( 'NONE', #1716, 1.700000000000000178 ) ;
#7029 = FACE_OUTER_BOUND ( 'NONE', #3201, .T. ) ;
#7031 = EDGE_CURVE ( 'NONE', #8234, #1904, #5668, .T. ) ;
#7030 = LINE ( 'NONE', #3642, #293 ) ;
#7032 = CARTESIAN_POINT ( 'NONE',  ( 8.000000000000000000, 9.797174393178825657E-16, 5.000000000000000000 ) ) ;
#7033 = VECTOR ( 'NONE', #4736, 1000.000000000000000 ) ;
#7034 = LINE ( 'NONE', #7142, #4723 ) ;
#7035 = PERSON_AND_ORGANIZATION_ROLE ( 'classification_officer' ) ;
#7036 = DIRECTION ( 'NONE',  ( 0.000000000000000000, 0.000000000000000000, 1.000000000000000000 ) ) ;
#7037 = CARTESIAN_POINT ( 'NONE',  ( 31.00000000000000000, 81.00000000000000000, 4.700000000000000178 ) ) ;
#7038 = PERSON_AND_ORGANIZATION_ROLE ( 'creator' ) ;
#7039 = VERTEX_POINT ( 'NONE', #1509 ) ;
#7040 = FACE_OUTER_BOUND ( 'NONE', #8146, .T. ) ;
#7042 = ADVANCED_FACE ( 'NONE', ( #4862 ), #8195, .F. ) ;
#7041 = CARTESIAN_POINT ( 'NONE',  ( 0.6000001017321888730, 2.529941645714209653, -8.999999999999988370E-06 ) ) ;
#7043 = CARTESIAN_POINT ( 'NONE',  ( 150.0000000000000000, 0.000000000000000000, 90.00000000000000000 ) ) ;
#7044 = EDGE_CURVE ( 'NONE', #2619, #9171, #8250, .T. ) ;
#7045 = CLOSED_SHELL ( 'NONE', ( #1339, #2096, #9600, #5167 ) ) ;
#7046 = CARTESIAN_POINT ( 'NONE',  ( 19.77491600511588388, -35.69993048876346364, 0.000000000000000000 ) ) ;
#7047 = CARTESIAN_POINT ( 'NONE',  ( 0.000000000000000000, 70.00000000000000000, -1.200000000000000030E-05 ) ) ;
#7048 = COORDINATED_UNIVERSAL_TIME_OFFSET ( 5, 0, .BEHIND. ) ;
#7049 = ORIENTED_EDGE ( 'NONE', *, *, #3474, .F. ) ;
#7050 = DIRECTION ( 'NONE',  ( 0.000000000000000000, 0.000000000000000000, 1.000000000000000000 ) ) ;
#7051 = ORIENTED_EDGE ( 'NONE', *, *, #1816, .T. ) ;
#7052 = EDGE_CURVE ( 'NONE', #5788, #2342, #2546, .T. ) ;
#7053 = DIRECTION ( 'NONE',  ( 0.000000000000000000, -1.000000000000000000, 0.000000000000000000 ) ) ;
#7054 = ORIENTED_EDGE ( 'NONE', *, *, #2288, .T. ) ;
#7055 = CARTESIAN_POINT ( 'NONE',  ( 35.00000000000000000, 39.99999999999999289, -26.00000000000000000 ) ) ;
#7056 = EDGE_LOOP ( 'NONE', ( #23, #1668 ) ) ;
#7057 = CARTESIAN_POINT ( 'NONE',  ( 0.000000000000000000, 14.00000000000000000, 4.000000000000000000 ) ) ;
#7058 = AXIS2_PLACEMENT_3D ( 'NONE', #7654, #6004, #5193 ) ;
#7059 = APPROVAL_ROLE ( '' ) ;
#7060 = VERTEX_POINT ( 'NONE', #9264 ) ;
#7061 = CARTESIAN_POINT ( 'NONE',  ( 0.000000000000000000, 0.000000000000000000, 4.000000000000000000 ) ) ;
#7062 = CARTESIAN_POINT ( 'NONE',  ( 24.30000000000000071, -57.00000000000000000, -1.200000000000000030E-05 ) ) ;
#7063 = APPROVAL ( #2855, 'ๆช' ) ;
#7064 = CARTESIAN_POINT ( 'NONE',  ( -24.30000000000000071, 45.00000000000000000, -8.271806125530276749E-22 ) ) ;
#7065 = ORIENTED_EDGE ( 'NONE', *, *, #453, .F. ) ;
#7066 = DIRECTION ( 'NONE',  ( 0.000000000000000000, 0.000000000000000000, -1.000000000000000000 ) ) ;
#7067 = SHAPE_REPRESENTATION_RELATIONSHIP ( 'NONE' , 'NONE' ,  #8839, #4831 ) ;
#7068 = APPLICATION_PROTOCOL_DEFINITION ( 'international standard', 'config_control_design', 1994, #10219 ) ;
#7069 = CARTESIAN_POINT ( 'NONE',  ( 32.65686506842306613, 30.55753025008935353, -0.000000000000000000 ) ) ;
#7070 = EDGE_CURVE ( 'NONE', #1872, #7395, #225, .T. ) ;
#7071 = ORIENTED_EDGE ( 'NONE', *, *, #6160, .T. ) ;
#7072 = DIRECTION ( 'NONE',  ( 1.000000000000000000, -0.000000000000000000, 0.000000000000000000 ) ) ;
#7073 = DIRECTION ( 'NONE',  ( -0.000000000000000000, -0.000000000000000000, 1.000000000000000000 ) ) ;
#7074 = LINE ( 'NONE', #3143, #3238 ) ;
#7075 = EDGE_LOOP ( 'NONE', ( #7489, #963, #1078, #3001 ) ) ;
#7076 = EDGE_CURVE ( 'NONE', #4605, #1972, #6823, .T. ) ;
#7077 = PLANE ( 'NONE',  #1898 ) ;
#7078 = LOCAL_TIME ( 6, 20, 19.00000000000000000, #7852 ) ;
#7079 = CARTESIAN_POINT ( 'NONE',  ( 0.000000000000000000, 0.000000000000000000, 0.000000000000000000 ) ) ;
#7080 = VERTEX_POINT ( 'NONE', #3487 ) ;
#7081 = CARTESIAN_POINT ( 'NONE',  ( -21.48452350954424972, -6.858538931789229132, -0.000000000000000000 ) ) ;
#7082 = VECTOR ( 'NONE', #9183, 1000.000000000000000 ) ;
#7083 = PERSON_AND_ORGANIZATION ( #10500, #8573 ) ;
#7084 = DIRECTION ( 'NONE',  ( -0.000000000000000000, -0.000000000000000000, 1.000000000000000000 ) ) ;
#7085 = EDGE_CURVE ( 'NONE', #7867, #6599, #10021, .T. ) ;
#7086 = CC_DESIGN_APPROVAL ( #4602, ( #8315 ) ) ;
#7087 = CARTESIAN_POINT ( 'NONE',  ( 1.155213855929388300, 2.347373307994384373, -0.000000000000000000 ) ) ;
#7088 = MECHANICAL_CONTEXT ( 'NONE', #8081, 'mechanical' ) ;
#7089 = VERTEX_POINT ( 'NONE', #1777 ) ;
#7090 = DIRECTION ( 'NONE',  ( 0.000000000000000000, -0.000000000000000000, 1.000000000000000000 ) ) ;
#7091 = PRODUCT_DEFINITION_SHAPE ( 'NONE', 'NONE',  #10903 ) ;
#7092 = CARTESIAN_POINT ( 'NONE',  ( 3.000000000000000000, 146.0000000000000000, 83.00000000000000000 ) ) ;
#7093 = CARTESIAN_POINT ( 'NONE',  ( 118.3810499613777267, 11.00000000000000000, 6.000000000000000000 ) ) ;
#7094 = VECTOR ( 'NONE', #2080, 1000.000000000000000 ) ;
#7095 = LOCAL_TIME ( 6, 20, 19.00000000000000000, #649 ) ;
#7096 = CARTESIAN_POINT ( 'NONE',  ( 18.51547649045614108, -34.85853893178963148, -0.000000000000000000 ) ) ;
#7097 = EDGE_CURVE ( 'NONE', #7657, #4457, #7590, .T. ) ;
#7098 = EDGE_CURVE ( 'NONE', #6779, #10034, #8600, .T. ) ;
#7099 = AXIS2_PLACEMENT_3D ( 'NONE', #3881, #667, #6328 ) ;
#7100 = FACE_OUTER_BOUND ( 'NONE', #8127, .T. ) ;
#7101 = PERSON_AND_ORGANIZATION_ROLE ( 'design_supplier' ) ;
#7102 = APPROVAL_PERSON_ORGANIZATION ( #6396, #5136, #1467 ) ;
#7103 = ORIENTED_EDGE ( 'NONE', *, *, #1118, .F. ) ;
#7104 = CARTESIAN_POINT ( 'NONE',  ( -12.00000000000000000, 7.000000000000000000, 5.000000000000000000 ) ) ;
#7105 = ORIENTED_EDGE ( 'NONE', *, *, #8248, .T. ) ;
#7106 = DIRECTION ( 'NONE',  ( -0.000000000000000000, -0.000000000000000000, 1.000000000000000000 ) ) ;
#7107 = DIRECTION ( 'NONE',  ( 0.000000000000000000, 0.000000000000000000, 1.000000000000000000 ) ) ;
#7108 = VECTOR ( 'NONE', #9413, 1000.000000000000000 ) ;
#7109 = SECURITY_CLASSIFICATION ( '', '', #4187 ) ;
#7110 = DIRECTION ( 'NONE',  ( 0.000000000000000000, -1.000000000000000000, 0.000000000000000000 ) ) ;
#7111 = ADVANCED_FACE ( 'NONE', ( #8540 ), #7702, .F. ) ;
#7112 = VERTEX_POINT ( 'NONE', #2772 ) ;
#7113 = FACE_OUTER_BOUND ( 'NONE', #10292, .T. ) ;
#7114 = CONTEXT_DEPENDENT_SHAPE_REPRESENTATION ( #3604, #7790 ) ;
#7115 = SECURITY_CLASSIFICATION ( '', '', #6970 ) ;
#7116 = ORIENTED_EDGE ( 'NONE', *, *, #642, .T. ) ;
#7117 = CARTESIAN_POINT ( 'NONE',  ( 30.77438419509338985, -0.000000000000000000, 4.700000000000000178 ) ) ;
#7118 = LINE ( 'NONE', #7062, #9932 ) ;
#7119 = ORIENTED_EDGE ( 'NONE', *, *, #7349, .T. ) ;
#7120 = FACE_OUTER_BOUND ( 'NONE', #405, .T. ) ;
#7121 = CARTESIAN_POINT ( 'NONE',  ( 134.9570277392412549, -1.361289099004650893, -0.000000000000000000 ) ) ;
#7122 = VERTEX_POINT ( 'NONE', #7758 ) ;
#7123 = ORIENTED_EDGE ( 'NONE', *, *, #2409, .T. ) ;
#7124 = LOCAL_TIME ( 6, 20, 19.00000000000000000, #7048 ) ;
#7125 =( LENGTH_UNIT ( ) NAMED_UNIT ( * ) SI_UNIT ( .MILLI., .METRE. ) );
#7126 = PERSON_AND_ORGANIZATION_ROLE ( 'creator' ) ;
#7127 = CC_DESIGN_PERSON_AND_ORGANIZATION_ASSIGNMENT ( #6733, #6899, ( #6549 ) ) ;
#7128 = PLANE ( 'NONE',  #10027 ) ;
#7129 = ORIENTED_EDGE ( 'NONE', *, *, #9503, .T. ) ;
#7130 = PLANE ( 'NONE',  #5981 ) ;
#7131 = ORIENTED_EDGE ( 'NONE', *, *, #7218, .T. ) ;
#7132 = DATE_AND_TIME ( #7795, #2353 ) ;
#7133 = VECTOR ( 'NONE', #1611, 1000.000000000000000 ) ;
#7134 = LINE ( 'NONE', #9579, #5734 ) ;
#7135 = DIRECTION ( 'NONE',  ( 0.000000000000000000, -0.000000000000000000, 1.000000000000000000 ) ) ;
#7136 = ORIENTED_EDGE ( 'NONE', *, *, #5573, .T. ) ;
#7137 = PLANE ( 'NONE',  #822 ) ;
#7138 = CARTESIAN_POINT ( 'NONE',  ( 21.69999999999999574, -6.225615804907351780, -0.000000000000000000 ) ) ;
#7139 = ORIENTED_EDGE ( 'NONE', *, *, #4852, .F. ) ;
#7140 = ORIENTED_EDGE ( 'NONE', *, *, #698, .T. ) ;
#7141 = VECTOR ( 'NONE', #9356, 1000.000000000000000 ) ;
#7142 = CARTESIAN_POINT ( 'NONE',  ( 0.000000000000000000, 1.300000000000000044, 0.000000000000000000 ) ) ;
#7143 = SHAPE_DEFINITION_REPRESENTATION ( #835, #6868 ) ;
#7144 = APPROVAL ( #10374, 'ๆช' ) ;
#7145 = CARTESIAN_POINT ( 'NONE',  ( -14.00000000000000000, 9.000000000000000000, 10.20000000000000107 ) ) ;
#7146 = CARTESIAN_POINT ( 'NONE',  ( 2.600000000000000089, 0.000000000000000000, -6.000000000000000152E-06 ) ) ;
#7147 = PERSON_AND_ORGANIZATION ( #10500, #8573 ) ;
#7148 = ORIENTED_EDGE ( 'NONE', *, *, #5811, .T. ) ;
#7149 = DIRECTION ( 'NONE',  ( 0.000000000000000000, 0.000000000000000000, 1.000000000000000000 ) ) ;
#7150 = CIRCLE ( 'NONE', #304, 8.099999999999999645 ) ;
#7151 = CARTESIAN_POINT ( 'NONE',  ( 1.850048096021194244, 1.832503310753067938, 0.000000000000000000 ) ) ;
#7152 = DIRECTION ( 'NONE',  ( -0.000000000000000000, 1.000000000000000000, -0.000000000000000000 ) ) ;
#7153 = ADVANCED_FACE ( 'NONE', ( #10259 ), #6105, .F. ) ;
#7154 = CARTESIAN_POINT ( 'NONE',  ( -9.028254920067322331, 10.70002864950650157, 8.364488971337445733 ) ) ;
#7155 = VECTOR ( 'NONE', #2262, 1000.000000000000000 ) ;
#7156 = DIRECTION ( 'NONE',  ( -0.000000000000000000, -0.000000000000000000, 1.000000000000000000 ) ) ;
#7157 = APPLICATION_PROTOCOL_DEFINITION ( 'international standard', 'config_control_design', 1994, #4383 ) ;
#7158 = ORIENTED_EDGE ( 'NONE', *, *, #363, .F. ) ;
#7159 = CARTESIAN_POINT ( 'NONE',  ( -1.634255756361377543, 2.027746979026365359, 0.000000000000000000 ) ) ;
#7160 = EDGE_LOOP ( 'NONE', ( #1144, #1607, #2885, #1310 ) ) ;
#7161 = AXIS2_PLACEMENT_3D ( 'NONE', #8368, #782, #843 ) ;
#7162 =( REPRESENTATION_RELATIONSHIP ('NONE','NONE', #403, #3576 ) REPRESENTATION_RELATIONSHIP_WITH_TRANSFORMATION ( #1381 )SHAPE_REPRESENTATION_RELATIONSHIP( ) );
#7163 = FACE_BOUND ( 'NONE', #3377, .T. ) ;
#7164 = VECTOR ( 'NONE', #875, 1000.000000000000000 ) ;
#7165 = EDGE_CURVE ( 'NONE', #6532, #570, #4203, .T. ) ;
#7166 = DIRECTION ( 'NONE',  ( 0.000000000000000000, 0.000000000000000000, 1.000000000000000000 ) ) ;
#7167 = VECTOR ( 'NONE', #2486, 1000.000000000000000 ) ;
#7168 = AXIS2_PLACEMENT_3D ( 'NONE', #1454, #8141, #10190 ) ;
#7169 = ORIENTED_EDGE ( 'NONE', *, *, #2705, .T. ) ;
#7170 = FACE_BOUND ( 'NONE', #7728, .T. ) ;
#7171 = COORDINATED_UNIVERSAL_TIME_OFFSET ( 5, 0, .BEHIND. ) ;
#7172 = ADVANCED_BREP_SHAPE_REPRESENTATION ( '', ( #1067, #2087 ), #9812 ) ;
#7173 = ORIENTED_EDGE ( 'NONE', *, *, #4677, .T. ) ;
#7174 = CARTESIAN_POINT ( 'NONE',  ( 30.50000000000000000, -10.00000000000000000, 39.50000000000000000 ) ) ;
#7175 = DIRECTION ( 'NONE',  ( -0.000000000000000000, -0.000000000000000000, -1.000000000000000000 ) ) ;
#7176 = EDGE_CURVE ( 'NONE', #603, #8628, #6698, .T. ) ;
#7177 = EDGE_LOOP ( 'NONE', ( #8115, #8947, #10660, #7950 ) ) ;
#7178 = CARTESIAN_POINT ( 'NONE',  ( -1.519536942383790556, 2.115299939237502702, -0.000000000000000000 ) ) ;
#7179 = EDGE_CURVE ( 'NONE', #5591, #1049, #5398, .T. ) ;
#7180 = VERTEX_POINT ( 'NONE', #2928 ) ;
#7181 = VECTOR ( 'NONE', #10280, 1000.000000000000000 ) ;
#7182 = DIRECTION ( 'NONE',  ( -1.000000000000000000, 0.000000000000000000, -0.000000000000000000 ) ) ;
#7183 = VERTEX_POINT ( 'NONE', #6321 ) ;
#7184 = VERTEX_POINT ( 'NONE', #7037 ) ;
#7185 = PERSON_AND_ORGANIZATION ( #10500, #8573 ) ;
#7186 = PRODUCT_DEFINITION_SHAPE ( 'NONE', 'NONE',  #3188 ) ;
#7187 = CARTESIAN_POINT ( 'NONE',  ( 0.000000000000000000, 20.00000000000000000, 58.00000000000000000 ) ) ;
#7188 = VERTEX_POINT ( 'NONE', #4697 ) ;
#7189 = DIRECTION ( 'NONE',  ( 0.000000000000000000, 0.000000000000000000, -1.000000000000000000 ) ) ;
#7190 = AXIS2_PLACEMENT_3D ( 'NONE', #3288, #8327, #3606 ) ;
#7191 = ORIENTED_EDGE ( 'NONE', *, *, #9609, .F. ) ;
#7192 = DATE_AND_TIME ( #10585, #5510 ) ;
#7193 = VECTOR ( 'NONE', #6950, 1000.000000000000000 ) ;
#7194 = CARTESIAN_POINT ( 'NONE',  ( -9.442637939848786743, 29.34320465898919750, -0.000000000000000000 ) ) ;
#7195 = CARTESIAN_POINT ( 'NONE',  ( 183.0000000000000000, 3.000000000000000000, 83.00000000000000000 ) ) ;
#7196 = ORIENTED_EDGE ( 'NONE', *, *, #5360, .F. ) ;
#7197 = CARTESIAN_POINT ( 'NONE',  ( 0.000000000000000000, 0.000000000000000000, 2.000000000000000000 ) ) ;
#7198 = DIRECTION ( 'NONE',  ( 0.000000000000000000, 0.000000000000000000, 1.000000000000000000 ) ) ;
#7199 = ORIENTED_EDGE ( 'NONE', *, *, #8211, .F. ) ;
#7200 = VECTOR ( 'NONE', #7864, 1000.000000000000000 ) ;
#7201 = LINE ( 'NONE', #5449, #10356 ) ;
#7202 = ORIENTED_EDGE ( 'NONE', *, *, #8353, .F. ) ;
#7203 = APPROVAL_DATE_TIME ( #1173, #1314 ) ;
#7204 = FACE_OUTER_BOUND ( 'NONE', #1028, .T. ) ;
#7205 = CARTESIAN_POINT ( 'NONE',  ( 0.000000000000000000, 0.000000000000000000, 4.000000000000000000 ) ) ;
#7206 = PERSON_AND_ORGANIZATION ( #10500, #8573 ) ;
#7207 = VERTEX_POINT ( 'NONE', #9650 ) ;
#7208 = DIRECTION ( 'NONE',  ( 1.000000000000000000, -0.000000000000000000, -0.000000000000000000 ) ) ;
#7209 = CIRCLE ( 'NONE', #3894, 1.700000000000007061 ) ;
#7210 = CARTESIAN_POINT ( 'NONE',  ( 1.155213855929388300, 2.347373307994384373, -0.000000000000000000 ) ) ;
#7211 = CARTESIAN_POINT ( 'NONE',  ( -9.000000000000000000, 80.49999999999998579, 3.000000000000000000 ) ) ;
#7212 = APPROVAL ( #10179, 'ๆช' ) ;
#7213 = CARTESIAN_POINT ( 'NONE',  ( 20.44258473825093247, -35.65666690099450875, 0.000000000000000000 ) ) ;
#7214 = PRODUCT ( 'V2_REF_MG995_envelope', 'V2_REF_MG995_envelope', '', ( #9814 ) ) ;
#7215 = AXIS2_PLACEMENT_3D ( 'NONE', #4721, #10615, #3063 ) ;
#7216 = DIRECTION ( 'NONE',  ( 0.000000000000000000, 0.000000000000000000, 1.000000000000000000 ) ) ;
#7217 = DATE_TIME_ROLE ( 'classification_date' ) ;
#7218 = EDGE_CURVE ( 'NONE', #846, #2282, #6158, .T. ) ;
#7219 = EDGE_LOOP ( 'NONE', ( #9551, #3924 ) ) ;
#7220 = AXIS2_PLACEMENT_3D ( 'NONE', #10544, #10380, #4702 ) ;
#7221 = ORIENTED_EDGE ( 'NONE', *, *, #10750, .F. ) ;
#7222 = DIRECTION ( 'NONE',  ( 0.000000000000000000, 1.000000000000000000, 0.000000000000000000 ) ) ;
#7223 = CARTESIAN_POINT ( 'NONE',  ( 0.000000000000000000, 0.000000000000000000, 4.000000000000000000 ) ) ;
#7224 = APPROVAL_DATE_TIME ( #4771, #5473 ) ;
#7225 = ADVANCED_FACE ( 'NONE', ( #384 ), #6263, .F. ) ;
#7226 = ORIENTED_EDGE ( 'NONE', *, *, #1800, .F. ) ;
#7227 = FACE_BOUND ( 'NONE', #9526, .T. ) ;
#7228 = COORDINATED_UNIVERSAL_TIME_OFFSET ( 5, 0, .BEHIND. ) ;
#7229 = ORIENTED_EDGE ( 'NONE', *, *, #7374, .F. ) ;
#7230 = CARTESIAN_POINT ( 'NONE',  ( 29.63871090099589978, 50.04297226076237592, -0.000000000000000000 ) ) ;
#7231 = DIRECTION ( 'NONE',  ( 0.000000000000000000, 0.000000000000000000, -1.000000000000000000 ) ) ;
#7232 = VERTEX_POINT ( 'NONE', #10427 ) ;
#7233 = CARTESIAN_POINT ( 'NONE',  ( 20.00000000000000000, 12.00000000000000000, 2.000000000000000000 ) ) ;
#7234 = ORIENTED_EDGE ( 'NONE', *, *, #9831, .T. ) ;
#7235 = CARTESIAN_POINT ( 'NONE',  ( -11.46349721022023083, 8.039232687730912374, 8.579762322145247921 ) ) ;
#7236 = VERTEX_POINT ( 'NONE', #7205 ) ;
#7237 =( LENGTH_UNIT ( ) NAMED_UNIT ( * ) SI_UNIT ( .MILLI., .METRE. ) );
#7238 = SHAPE_DEFINITION_REPRESENTATION ( #1135, #2380 ) ;
#7239 = DIRECTION ( 'NONE',  ( -0.000000000000000000, -0.000000000000000000, 1.000000000000000000 ) ) ;
#7240 = EDGE_CURVE ( 'NONE', #8810, #1453, #8762, .T. ) ;
#7241 = ADVANCED_FACE ( 'NONE', ( #4591, #1995, #4480 ), #5453, .T. ) ;
#7242 = ORIENTED_EDGE ( 'NONE', *, *, #9996, .F. ) ;
#7243 = CARTESIAN_POINT ( 'NONE',  ( -15.69999999999999929, 70.00000000000000000, -6.000000000000000152E-06 ) ) ;
#7244 = ITEM_DEFINED_TRANSFORMATION ( 'NONE', 'NONE', #10341,  #2087 ) ;
#7245 = LINE ( 'NONE', #651, #10695 ) ;
#7246 = CARTESIAN_POINT ( 'NONE',  ( -20.00000000000000000, -6.000000000000000152E-06, 10.30000000000000071 ) ) ;
#7247 = CARTESIAN_POINT ( 'NONE',  ( -0.5999999999999998668, 9.000000000000000000, 10.00000000000000000 ) ) ;
#7248 = CARTESIAN_POINT ( 'NONE',  ( 20.22508399488592090, -7.700069511235977160, -0.000000000000000000 ) ) ;
#7249 = ORIENTED_EDGE ( 'NONE', *, *, #6734, .F. ) ;
#7250 = LINE ( 'NONE', #703, #2954 ) ;
#7251 = ORIENTED_EDGE ( 'NONE', *, *, #8602, .T. ) ;
#7252 = PERSON_AND_ORGANIZATION ( #10500, #8573 ) ;
#7253 = DIRECTION ( 'NONE',  ( 0.000000000000000000, 0.000000000000000000, 1.000000000000000000 ) ) ;
#7254 = VERTEX_POINT ( 'NONE', #7918 ) ;
#7255 = EDGE_CURVE ( 'NONE', #29, #4849, #7807, .T. ) ;
#7256 = CARTESIAN_POINT ( 'NONE',  ( 31.19999999999999929, 59.50000000000000000, 1.311805698386586894 ) ) ;
#7257 = PERSON_AND_ORGANIZATION ( #10500, #8573 ) ;
#7258 = CARTESIAN_POINT ( 'NONE',  ( 122.5154764904563081, -0.8585389317906795270, -0.000000000000000000 ) ) ;
#7259 = CARTESIAN_POINT ( 'NONE',  ( 150.0000000000000000, 0.000000000000000000, 90.00000000000000000 ) ) ;
#7260 = CARTESIAN_POINT ( 'NONE',  ( 0.000000000000000000, 40.00000000000000000, 40.00000000000000000 ) ) ;
#7261 = CARTESIAN_POINT ( 'NONE',  ( 0.000000000000000000, -45.00000000000000000, -0.000000000000000000 ) ) ;
#7262 = LOCAL_TIME ( 6, 20, 19.00000000000000000, #5934 ) ;
#7263 = CARTESIAN_POINT ( 'NONE',  ( -7.299999999999998934, 49.00000000000000000, -6.000000000000000152E-06 ) ) ;
#7264 = APPROVAL ( #2988, 'ๆช' ) ;
#7265 = DATE_AND_TIME ( #9662, #10841 ) ;
#7266 = ORIENTED_EDGE ( 'NONE', *, *, #3141, .T. ) ;
#7267 = AXIS2_PLACEMENT_3D ( 'NONE', #5270, #9679, #7942 ) ;
#7268 = CARTESIAN_POINT ( 'NONE',  ( 31.85848573019543650, 32.48439506952830413, 0.000000000000000000 ) ) ;
#7269 = CC_DESIGN_SECURITY_CLASSIFICATION ( #9054, ( #10901 ) ) ;
#7270 = CARTESIAN_POINT ( 'NONE',  ( 31.60000000000000142, -1.200000000000000030E-05, 1.409402627941315211 ) ) ;
#7271 = DIRECTION ( 'NONE',  ( 0.000000000000000000, 0.000000000000000000, 1.000000000000000000 ) ) ;
#7272 = VECTOR ( 'NONE', #6672, 1000.000000000000000 ) ;
#7273 = APPROVAL_PERSON_ORGANIZATION ( #3621, #8631, #6291 ) ;
#7274 = PRODUCT_DEFINITION ( 'ๆ', '', #6401, #2531 ) ;
#7275 = ORIENTED_EDGE ( 'NONE', *, *, #670, .F. ) ;
#7276 = CARTESIAN_POINT ( 'NONE',  ( 0.000000000000000000, 27.50000000000000000, 3.000000000000000000 ) ) ;
#7277 = ITEM_DEFINED_TRANSFORMATION ( 'NONE', 'NONE', #10175,  #2087 ) ;
#7278 = VERTEX_POINT ( 'NONE', #10539 ) ;
#7279 = CARTESIAN_POINT ( 'NONE',  ( -35.00000000000000000, 70.00000000000000000, 0.000000000000000000 ) ) ;
#7280 = AXIS2_PLACEMENT_3D ( 'NONE', #1489, #8812, #7957 ) ;
#7281 = CARTESIAN_POINT ( 'NONE',  ( 2.600000000000000089, 0.000000000000000000, -6.000000000000000152E-06 ) ) ;
#7282 = CC_DESIGN_APPROVAL ( #6474, ( #6401 ) ) ;
#7283 = ORIENTED_EDGE ( 'NONE', *, *, #9532, .F. ) ;
#7284 = LINE ( 'NONE', #4672, #9834 ) ;
#7285 = CARTESIAN_POINT ( 'NONE',  ( -11.77713143436211141, 7.570080073119063613, 9.073250404111556477 ) ) ;
#7286 = EDGE_CURVE ( 'NONE', #2410, #4050, #8821, .T. ) ;
#7287 = ORIENTED_EDGE ( 'NONE', *, *, #10024, .F. ) ;
#7288 = EDGE_CURVE ( 'NONE', #5152, #7767, #10802, .T. ) ;
#7289 = DIRECTION ( 'NONE',  ( 0.000000000000000000, -1.000000000000000000, 0.000000000000000000 ) ) ;
#7290 = LOCAL_TIME ( 6, 20, 19.00000000000000000, #2119 ) ;
#7291 = ORIENTED_EDGE ( 'NONE', *, *, #1868, .T. ) ;
#7292 = CARTESIAN_POINT ( 'NONE',  ( 43.00000000000000000, 81.00000000000000000, 6.000000000000000000 ) ) ;
#7293 = APPROVAL_ROLE ( '' ) ;
#7294 = CARTESIAN_POINT ( 'NONE',  ( -9.000000000000000000, 49.00000000000000000, 5.000000000000000000 ) ) ;
#7295 = DIRECTION ( 'NONE',  ( -0.000000000000000000, -0.000000000000000000, -1.000000000000000000 ) ) ;
#7296 = DIRECTION ( 'NONE',  ( 0.000000000000000000, 0.000000000000000000, 1.000000000000000000 ) ) ;
#7297 = VERTEX_POINT ( 'NONE', #10753 ) ;
#7298 = CARTESIAN_POINT ( 'NONE',  ( 18.51547649045573962, -6.858538931789229132, -0.000000000000000000 ) ) ;
#7299 = EDGE_CURVE ( 'NONE', #6273, #3847, #3926, .T. ) ;
#7300 = APPROVAL_PERSON_ORGANIZATION ( #6334, #3659, #6278 ) ;
#7301 = EDGE_CURVE ( 'NONE', #10220, #8563, #4763, .T. ) ;
#7302 = LINE ( 'NONE', #4128, #7501 ) ;
#7303 = ORIENTED_EDGE ( 'NONE', *, *, #4556, .T. ) ;
#7304 = PERSON_AND_ORGANIZATION_ROLE ( 'creator' ) ;
#7305 = DIRECTION ( 'NONE',  ( 0.000000000000000000, 0.000000000000000000, -1.000000000000000000 ) ) ;
#7306 = VECTOR ( 'NONE', #8317, 1000.000000000000000 ) ;
#7307 = ORIENTED_EDGE ( 'NONE', *, *, #1729, .F. ) ;
#7308 = APPLICATION_CONTEXT ( 'configuration controlled 3d designs of mechanical parts and assemblies' ) ;
#7309 = CARTESIAN_POINT ( 'NONE',  ( -10.50000000000000000, 59.50000000000000000, -1.200000000000000030E-05 ) ) ;
#7310 = CALENDAR_DATE ( 2026, 18, 9 ) ;
#7311 = CARTESIAN_POINT ( 'NONE',  ( 123.7749160051133401, -1.699930488764121561, 0.000000000000000000 ) ) ;
#7312 = PERSON ( 'NAUO-PER21', 'UNSPECIFIED', 'UNSPECIFIED', ('UNSPECIFIED'), ('UNSPECIFIED'), ('UNSPECIFIED') ) ;
#7313 = FACE_BOUND ( 'NONE', #9611, .T. ) ;
#7314 = DIRECTION ( 'NONE',  ( -1.000000000000000000, 0.000000000000000000, 0.000000000000000000 ) ) ;
#7315 = VECTOR ( 'NONE', #7853, 1000.000000000000000 ) ;
#7316 = EDGE_CURVE ( 'NONE', #8794, #3319, #6533, .T. ) ;
#7317 = CARTESIAN_POINT ( 'NONE',  ( -6.000000000000000000, 0.000000000000000000, 0.000000000000000000 ) ) ;
#7318 = EDGE_CURVE ( 'NONE', #8948, #6961, #7467, .T. ) ;
#7319 = CARTESIAN_POINT ( 'NONE',  ( 30.00000000000000000, 3.673940397442059178E-15, 0.000000000000000000 ) ) ;
#7320 = SECURITY_CLASSIFICATION_LEVEL ( 'unclassified' ) ;
#7321 = AXIS2_PLACEMENT_3D ( 'NONE', #4428, #2605, #57 ) ;
#7322 = ORIENTED_EDGE ( 'NONE', *, *, #1048, .F. ) ;
#7323 = CARTESIAN_POINT ( 'NONE',  ( 32.04297226075981087, 32.36128909900664752, -0.000000000000000000 ) ) ;
#7324 = CARTESIAN_POINT ( 'NONE',  ( -20.85865392012706820, 0.000000000000000000, 13.48432534211531397 ) ) ;
#7325 = AXIS2_PLACEMENT_3D ( 'NONE', #10743, #3968, #10690 ) ;
#7326 = DIRECTION ( 'NONE',  ( 1.000000000000000000, 0.000000000000000000, 0.000000000000000000 ) ) ;
#7327 = APPROVAL ( #7746, 'UNKNOWN' ) ;
#7328 = VECTOR ( 'NONE', #8159, 1000.000000000000000 ) ;
#7329 = AXIS2_PLACEMENT_3D ( 'NONE', #1302, #9006, #5524 ) ;
#7330 = VERTEX_POINT ( 'NONE', #5560 ) ;
#7331 = CARTESIAN_POINT ( 'NONE',  ( -18.34320465898919394, -0.000000000000000000, 12.44263793984841193 ) ) ;
#7332 = PERSON_AND_ORGANIZATION ( #4318, #10654 ) ;
#7333 = AXIS2_PLACEMENT_3D ( 'NONE', #4749, #8986, #7305 ) ;
#7334 = ORIENTED_EDGE ( 'NONE', *, *, #5303, .F. ) ;
#7335 = CARTESIAN_POINT ( 'NONE',  ( -12.00000000000000000, -12.00000000000000000, 0.000000000000000000 ) ) ;
#7336 = FACE_OUTER_BOUND ( 'NONE', #3505, .T. ) ;
#7337 = ORIENTED_EDGE ( 'NONE', *, *, #3027, .T. ) ;
#7338 = DIRECTION ( 'NONE',  ( -0.000000000000000000, -0.000000000000000000, 1.000000000000000000 ) ) ;
#7339 = PRODUCT_RELATED_PRODUCT_CATEGORY ( 'detail', '', ( #10461 ) ) ;
#7340 = CARTESIAN_POINT ( 'NONE',  ( -11.94584366002183273, 7.300467076545174905, 10.13164965557787767 ) ) ;
#7341 = ORIENTED_EDGE ( 'NONE', *, *, #5967, .F. ) ;
#7342 = VECTOR ( 'NONE', #6122, 1000.000000000000000 ) ;
#7343 = CARTESIAN_POINT ( 'NONE',  ( 18.34320465898919394, -33.55736206015234302, -0.000000000000000000 ) ) ;
#7344 = ORIENTED_EDGE ( 'NONE', *, *, #2694, .T. ) ;
#7345 = DIRECTION ( 'NONE',  ( -0.000000000000000000, -0.000000000000000000, -1.000000000000000000 ) ) ;
#7346 = ORIENTED_EDGE ( 'NONE', *, *, #770, .T. ) ;
#7347 = VECTOR ( 'NONE', #5247, 1000.000000000000000 ) ;
#7348 = SECURITY_CLASSIFICATION_LEVEL ( 'unclassified' ) ;
#7349 = EDGE_CURVE ( 'NONE', #6890, #9648, #9866, .T. ) ;
#7350 = DIRECTION ( 'NONE',  ( 0.000000000000000000, 0.000000000000000000, 1.000000000000000000 ) ) ;
#7351 = CARTESIAN_POINT ( 'NONE',  ( 134.3000000000000114, 2.081899558550508908E-16, -6.000000000000000152E-06 ) ) ;
#7352 = CARTESIAN_POINT ( 'NONE',  ( 15.69999999999999929, 70.00000000000000000, 8.000000000000000000 ) ) ;
#7353 = DIRECTION ( 'NONE',  ( -1.000000000000000000, 0.000000000000000000, 0.000000000000000000 ) ) ;
#7354 = EDGE_CURVE ( 'NONE', #6584, #3992, #1592, .T. ) ;
#7355 = DIRECTION ( 'NONE',  ( 1.000000000000000000, 0.000000000000000000, 0.000000000000000000 ) ) ;
#7356 = AXIS2_PLACEMENT_3D ( 'NONE', #6139, #2854, #2806 ) ;
#7357 = PERSON_AND_ORGANIZATION_ROLE ( 'design_owner' ) ;
#7358 = CARTESIAN_POINT ( 'NONE',  ( 22.00000000000000000, 0.000000000000000000, 0.000000000000000000 ) ) ;
#7359 = VERTEX_POINT ( 'NONE', #6644 ) ;
#7360 = ORIENTED_EDGE ( 'NONE', *, *, #8046, .T. ) ;
#7361 = EDGE_LOOP ( 'NONE', ( #1654, #1527, #5365, #9809, #7550, #7303, #8857, #10140 ) ) ;
#7362 = CARTESIAN_POINT ( 'NONE',  ( 0.000000000000000000, -11.00000000000000000, 0.000000000000000000 ) ) ;
#7363 = CALENDAR_DATE ( 2026, 18, 9 ) ;
#7364 = ADVANCED_FACE ( 'NONE', ( #8134 ), #4953, .F. ) ;
#7365 = CARTESIAN_POINT ( 'NONE',  ( 31.60000000000000142, 62.49999999999997868, 1.409402627941314767 ) ) ;
#7366 = CARTESIAN_POINT ( 'NONE',  ( 0.000000000000000000, 0.000000000000000000, 28.00000000000000000 ) ) ;
#7367 = ORIENTED_EDGE ( 'NONE', *, *, #1743, .F. ) ;
#7368 = LINE ( 'NONE', #5619, #332 ) ;
#7369 = CARTESIAN_POINT ( 'NONE',  ( 183.0000000000000000, 146.0000000000000000, 3.000000000000002665 ) ) ;
#7370 = AXIS2_PLACEMENT_3D ( 'NONE', #7766, #4981, #8613 ) ;
#7371 = FACE_OUTER_BOUND ( 'NONE', #5122, .T. ) ;
#7372 = VECTOR ( 'NONE', #760, 1000.000000000000000 ) ;
#7373 = DATE_AND_TIME ( #673, #8726 ) ;
#7374 = EDGE_CURVE ( 'NONE', #5803, #6065, #9976, .T. ) ;
#7375 = EDGE_CURVE ( 'NONE', #3212, #3451, #8293, .T. ) ;
#7376 = VERTEX_POINT ( 'NONE', #10035 ) ;
#7377 = EDGE_LOOP ( 'NONE', ( #9891, #8577, #2559, #904 ) ) ;
#7378 = CARTESIAN_POINT ( 'NONE',  ( 32.65666690099504876, 31.44258473825040667, -0.000000000000000000 ) ) ;
#7379 = PLANE ( 'NONE',  #7161 ) ;
#7380 = LINE ( 'NONE', #129, #676 ) ;
#7381 = VECTOR ( 'NONE', #105, 1000.000000000000000 ) ;
#7382 = VECTOR ( 'NONE', #4434, 1000.000000000000000 ) ;
#7383 = EDGE_CURVE ( 'NONE', #9791, #4282, #4136, .T. ) ;
#7384 = ORIENTED_EDGE ( 'NONE', *, *, #2184, .F. ) ;
#7385 = CARTESIAN_POINT ( 'NONE',  ( -19.55736206015084022, -0.000000000000000000, 10.34320465898919217 ) ) ;
#7386 = PERSON_AND_ORGANIZATION ( #6256, #9768 ) ;
#7387 = EDGE_LOOP ( 'NONE', ( #6154, #10471, #789, #8555 ) ) ;
#7388 = CARTESIAN_POINT ( 'NONE',  ( -12.30000000000000071, 2.081899558550500526E-16, 2.000000000000000000 ) ) ;
#7389 = CARTESIAN_POINT ( 'NONE',  ( 0.000000000000000000, 0.000000000000000000, 149.0000000000000000 ) ) ;
#7390 = CARTESIAN_POINT ( 'NONE',  ( 35.00000000000000000, 70.00000000000000000, 5.000000000000000000 ) ) ;
#7391 = CARTESIAN_POINT ( 'NONE',  ( -9.225083994884121452, 47.30006951123653636, 0.000000000000000000 ) ) ;
#7392 = CLOSED_SHELL ( 'NONE', ( #7405, #5411, #5699, #9357, #9151, #9663, #6818, #6968, #3809, #719, #390, #229, #10832, #4570, #3436, #10587, #6941, #1926, #4102, #3956, #8882, #6921, #8675 ) ) ;
#7393 = ORIENTED_EDGE ( 'NONE', *, *, #2349, .F. ) ;
#7394 = FACE_OUTER_BOUND ( 'NONE', #2152, .T. ) ;
#7395 = VERTEX_POINT ( 'NONE', #7256 ) ;
#7396 = CARTESIAN_POINT ( 'NONE',  ( 0.000000000000000000, 0.000000000000000000, -1.200000000000000030E-05 ) ) ;
#7397 = CC_DESIGN_DATE_AND_TIME_ASSIGNMENT ( #10702, #821, ( #1244 ) ) ;
#7398 = DATE_AND_TIME ( #4019, #7095 ) ;
#7399 = EDGE_LOOP ( 'NONE', ( #5064, #1949, #10422, #1983 ) ) ;
#7400 = CARTESIAN_POINT ( 'NONE',  ( -6.000000000000000000, 0.000000000000000000, 0.000000000000000000 ) ) ;
#7401 = DIRECTION ( 'NONE',  ( 0.000000000000000000, 0.000000000000000000, -1.000000000000000000 ) ) ;
#7402 = VERTEX_POINT ( 'NONE', #4751 ) ;
#7403 = DIRECTION ( 'NONE',  ( 1.000000000000000000, 0.000000000000000000, 0.000000000000000000 ) ) ;
#7404 = DIRECTION ( 'NONE',  ( 0.000000000000000000, -0.000000000000000000, 1.000000000000000000 ) ) ;
#7405 = ADVANCED_FACE ( 'NONE', ( #4904 ), #1609, .F. ) ;
#7406 = CARTESIAN_POINT ( 'NONE',  ( -21.00000000000000000, 8.000000000000000000, 24.00000000000000000 ) ) ;
#7407 = B_SPLINE_CURVE_WITH_KNOTS ( 'NONE', 3,
 ( #2387, #9001, #7378, #3939, #3269, #7323, #7268, #2331, #9053, #5672, #3994, #723, #10714, #4152, #7426, #6602, #1625, #10767 ),
 .UNSPECIFIED., .F., .F.,
 ( 4, 2, 2, 2, 2, 2, 2, 2, 4 ),
 ( 0.000000000000000000, 0.06250000000000000000, 0.1250000000000000000, 0.1875000000000000000, 0.2500000000000000000, 0.3125000000000000000, 0.3750000000000000000, 0.4375000000000000000, 0.5000000000000000000 ),
 .UNSPECIFIED. ) ;
#7408 = ORIENTED_EDGE ( 'NONE', *, *, #3372, .F. ) ;
#7409 = CALENDAR_DATE ( 2026, 18, 9 ) ;
#7410 = CARTESIAN_POINT ( 'NONE',  ( -27.69999999999999929, -57.00000000000000000, -1.200000000000000030E-05 ) ) ;
#7411 = ORIENTED_EDGE ( 'NONE', *, *, #7573, .T. ) ;
#7412 = ORIENTED_EDGE ( 'NONE', *, *, #4310, .T. ) ;
#7413 = DIRECTION ( 'NONE',  ( 0.000000000000000000, 0.000000000000000000, 1.000000000000000000 ) ) ;
#7414 = PRODUCT_DEFINITION ( 'ๆ', '', #4015, #2621 ) ;
#7415 = DATE_AND_TIME ( #4954, #4699 ) ;
#7416 = CARTESIAN_POINT ( 'NONE',  ( -2.599940775706751861, 0.2933012580821827142, 0.000000000000000000 ) ) ;
#7417 = LINE ( 'NONE', #2539, #380 ) ;
#7418 = DIRECTION ( 'NONE',  ( -1.000000000000000000, 0.000000000000000000, 0.000000000000000000 ) ) ;
#7419 = CARTESIAN_POINT ( 'NONE',  ( -20.00000000000000000, -6.000000000000000152E-06, 13.70000000000000107 ) ) ;
#7420 = ADVANCED_FACE ( 'NONE', ( #8082 ), #2431, .F. ) ;
#7421 = VERTEX_POINT ( 'NONE', #1497 ) ;
#7422 = CARTESIAN_POINT ( 'NONE',  ( -7.299999999999998046, 49.22525195654761632, 0.000000000000000000 ) ) ;
#7423 = APPROVAL_DATE_TIME ( #1459, #2911 ) ;
#7424 = EDGE_LOOP ( 'NONE', ( #3133, #3740, #6131, #2506 ) ) ;
#7425 = CARTESIAN_POINT ( 'NONE',  ( 9.590710974038341163, 10.19958241540039801, 8.790803639638935962 ) ) ;
#7426 = CARTESIAN_POINT ( 'NONE',  ( 29.51560493047243128, 31.85848573019363528, 0.000000000000000000 ) ) ;
#7427 = CARTESIAN_POINT ( 'NONE',  ( 27.69999999999999929, -45.00000000000000000, -1.200000000000000030E-05 ) ) ;
#7428 = CC_DESIGN_SECURITY_CLASSIFICATION ( #10634, ( #10894 ) ) ;
#7429 = FACE_BOUND ( 'NONE', #2235, .T. ) ;
#7430 = EDGE_CURVE ( 'NONE', #6247, #4936, #5973, .T. ) ;
#7431 = EDGE_CURVE ( 'NONE', #4849, #7434, #8187, .T. ) ;
#7432 = CIRCLE ( 'NONE', #1485, 14.00000000000000000 ) ;
#7433 = SECURITY_CLASSIFICATION ( '', '', #10288 ) ;
#7434 = VERTEX_POINT ( 'NONE', #9143 ) ;
#7435 = DIRECTION ( 'NONE',  ( -0.000000000000000000, -1.000000000000000000, -0.000000000000000000 ) ) ;
#7436 = PERSON_AND_ORGANIZATION ( #3256, #4369 ) ;
#7437 = ORIENTED_EDGE ( 'NONE', *, *, #8257, .F. ) ;
#7438 = DIRECTION ( 'NONE',  ( 0.000000000000000000, 0.000000000000000000, -1.000000000000000000 ) ) ;
#7439 = CARTESIAN_POINT ( 'NONE',  ( -1.594977014734535459, -2.082076604084840188, -0.000000000000000000 ) ) ;
#7440 = ORIENTED_EDGE ( 'NONE', *, *, #10226, .T. ) ;
#7441 = CARTESIAN_POINT ( 'NONE',  ( 0.000000000000000000, 0.000000000000000000, 12.00000000000000000 ) ) ;
#7442 = VECTOR ( 'NONE', #6270, 1000.000000000000000 ) ;
#7443 = CARTESIAN_POINT ( 'NONE',  ( 18.30006951123579384, -5.774916005113895245, -0.000000000000000000 ) ) ;
#7444 = CC_DESIGN_SECURITY_CLASSIFICATION ( #4661, ( #10915 ) ) ;
#7445 = EDGE_CURVE ( 'NONE', #9648, #2393, #10647, .T. ) ;
#7446 = ORIENTED_EDGE ( 'NONE', *, *, #5940, .T. ) ;
#7447 =( NAMED_UNIT ( * ) SI_UNIT ( $, .STERADIAN. ) SOLID_ANGLE_UNIT ( ) );
#7448 = CARTESIAN_POINT ( 'NONE',  ( -13.77491600510868430, 68.29993048876644934, -0.000000000000000000 ) ) ;
#7449 = SECURITY_CLASSIFICATION_LEVEL ( 'unclassified' ) ;
#7450 = VERTEX_POINT ( 'NONE', #5615 ) ;
#7451 = CARTESIAN_POINT ( 'NONE',  ( 31.44263793984766764, -0.000000000000000000, 1.343204658989192612 ) ) ;
#7452 = CALENDAR_DATE ( 2026, 18, 9 ) ;
#7453 = LOCAL_TIME ( 6, 20, 19.00000000000000000, #10536 ) ;
#7454 = ORIENTED_EDGE ( 'NONE', *, *, #40, .F. ) ;
#7455 = PLANE ( 'NONE',  #2591 ) ;
#7456 = DIRECTION ( 'NONE',  ( -0.000000000000000000, -1.000000000000000000, -0.000000000000000000 ) ) ;
#7457 = CARTESIAN_POINT ( 'NONE',  ( 27.69999999999999929, 45.00000000000000000, 5.000000000000000000 ) ) ;
#7458 = ORIENTED_EDGE ( 'NONE', *, *, #2155, .F. ) ;
#7459 = PLANE ( 'NONE',  #7626 ) ;
#7460 = ORIENTED_EDGE ( 'NONE', *, *, #8109, .F. ) ;
#7461 = CC_DESIGN_DATE_AND_TIME_ASSIGNMENT ( #8013, #2147, ( #4980 ) ) ;
#7462 = CC_DESIGN_SECURITY_CLASSIFICATION ( #9958, ( #7990 ) ) ;
#7463 = DIRECTION ( 'NONE',  ( -1.000000000000000000, 0.000000000000000000, 0.000000000000000000 ) ) ;
#7464 = CALENDAR_DATE ( 2026, 18, 9 ) ;
#7465 = CARTESIAN_POINT ( 'NONE',  ( 0.000000000000000000, 0.000000000000000000, 0.000000000000000000 ) ) ;
#7466 = ORIENTED_EDGE ( 'NONE', *, *, #8718, .T. ) ;
#7467 = LINE ( 'NONE', #2371, #1426 ) ;
#7468 = PERSON_AND_ORGANIZATION_ROLE ( 'design_owner' ) ;
#7469 = LINE ( 'NONE', #5005, #6436 ) ;
#7470 = CARTESIAN_POINT ( 'NONE',  ( -14.00000000000000000, 9.000000000000000000, 6.800000000000000711 ) ) ;
#7471 = LINE ( 'NONE', #8938, #1041 ) ;
#7472 = SECURITY_CLASSIFICATION ( '', '', #10155 ) ;
#7473 = CARTESIAN_POINT ( 'NONE',  ( 0.000000000000000000, 0.000000000000000000, 16.00000000000000000 ) ) ;
#7474 = VECTOR ( 'NONE', #2944, 1000.000000000000000 ) ;
#7475 = CC_DESIGN_PERSON_AND_ORGANIZATION_ASSIGNMENT ( #2210, #8929, ( #5923 ) ) ;
#7476 = PERSON_AND_ORGANIZATION ( #10500, #8573 ) ;
#7477 = LOCAL_TIME ( 6, 20, 19.00000000000000000, #446 ) ;
#7478 = CARTESIAN_POINT ( 'NONE',  ( -10.69993048876420616, 49.22508399488666697, -0.000000000000000000 ) ) ;
#7479 = COORDINATED_UNIVERSAL_TIME_OFFSET ( 5, 0, .BEHIND. ) ;
#7480 = ORIENTED_EDGE ( 'NONE', *, *, #9901, .F. ) ;
#7481 = CARTESIAN_POINT ( 'NONE',  ( 0.000000000000000000, 25.00000000000000000, 0.000000000000000000 ) ) ;
#7482 = EDGE_CURVE ( 'NONE', #10156, #2750, #1448, .T. ) ;
#7483 = CIRCLE ( 'NONE', #8551, 1.700000000000000178 ) ;
#7484 = CARTESIAN_POINT ( 'NONE',  ( -15.04287395703200048, 71.36119079527041720, 0.000000000000000000 ) ) ;
#7485 = CARTESIAN_POINT ( 'NONE',  ( -21.36119079527136932, 0.000000000000000000, 13.04287395703068952 ) ) ;
#7486 = DIRECTION ( 'NONE',  ( 1.000000000000000000, 0.000000000000000000, 0.000000000000000000 ) ) ;
#7487 = VECTOR ( 'NONE', #2415, 1000.000000000000000 ) ;
#7488 = VECTOR ( 'NONE', #9028, 1000.000000000000000 ) ;
#7489 = ORIENTED_EDGE ( 'NONE', *, *, #7952, .T. ) ;
#7490 = LINE ( 'NONE', #728, #7838 ) ;
#7491 = ADVANCED_FACE ( 'NONE', ( #3150 ), #6864, .F. ) ;
#7492 = ORIENTED_EDGE ( 'NONE', *, *, #1430, .F. ) ;
#7493 = CARTESIAN_POINT ( 'NONE',  ( 0.000000000000000000, 62.50000000000000000, 0.000000000000000000 ) ) ;
#7494 = LINE ( 'NONE', #8210, #3605 ) ;
#7495 = EDGE_CURVE ( 'NONE', #8543, #6323, #1253, .T. ) ;
#7496 = DIRECTION ( 'NONE',  ( 1.000000000000000000, 0.000000000000000000, 0.000000000000000000 ) ) ;
#7497 = APPROVAL_PERSON_ORGANIZATION ( #1002, #4489, #6875 ) ;
#7498 = DIRECTION ( 'NONE',  ( 1.000000000000000000, 0.000000000000000000, 0.000000000000000000 ) ) ;
#7499 = ORIENTED_EDGE ( 'NONE', *, *, #7431, .F. ) ;
#7500 = CARTESIAN_POINT ( 'NONE',  ( -15.36119079527556153, 68.95712604297240489, 0.000000000000000000 ) ) ;
#7501 = VECTOR ( 'NONE', #658, 1000.000000000000000 ) ;
#7502 = SHAPE_DEFINITION_REPRESENTATION ( #6210, #902 ) ;
#7503 = VERTEX_POINT ( 'NONE', #7744 ) ;
#7504 = CARTESIAN_POINT ( 'NONE',  ( 35.60000000000000142, 77.50000000000000000, -1.200000000000000030E-05 ) ) ;
#7505 = CONTEXT_DEPENDENT_SHAPE_REPRESENTATION ( #2472, #1237 ) ;
#7506 = EDGE_CURVE ( 'NONE', #5850, #4772, #820, .T. ) ;
#7507 = ORIENTED_EDGE ( 'NONE', *, *, #5575, .T. ) ;
#7508 = CARTESIAN_POINT ( 'NONE',  ( -20.00000000000000000, -12.00000000000000000, 2.000000000000000000 ) ) ;
#7509 = EDGE_CURVE ( 'NONE', #8637, #9123, #9697, .T. ) ;
#7510 = ORIENTED_EDGE ( 'NONE', *, *, #4311, .T. ) ;
#7511 = DIRECTION ( 'NONE',  ( 0.000000000000000000, -1.000000000000000000, 0.000000000000000000 ) ) ;
#7512 = LINE ( 'NONE', #4350, #5895 ) ;
#7513 = VECTOR ( 'NONE', #9333, 1000.000000000000000 ) ;
#7514 = CARTESIAN_POINT ( 'NONE',  ( 122.9571260429652142, 1.361190795265180498, 0.000000000000000000 ) ) ;
#7515 = APPLICATION_CONTEXT ( 'configuration controlled 3d designs of mechanical parts and assemblies' ) ;
#7516 = VERTEX_POINT ( 'NONE', #2656 ) ;
#7517 = AXIS2_PLACEMENT_3D ( 'NONE', #3057, #1300, #10499 ) ;
#7518 = CARTESIAN_POINT ( 'NONE',  ( 3.000000000000000000, 0.000000000000000000, 3.000000000000000000 ) ) ;
#7519 = ORIENTED_EDGE ( 'NONE', *, *, #3634, .F. ) ;
#7520 = CARTESIAN_POINT ( 'NONE',  ( 0.000000000000000000, 0.000000000000000000, 0.000000000000000000 ) ) ;
#7521 = COORDINATED_UNIVERSAL_TIME_OFFSET ( 5, 0, .BEHIND. ) ;
#7522 = CARTESIAN_POINT ( 'NONE',  ( 29.30000000000000071, 31.00000000000000000, -6.000000000000000152E-06 ) ) ;
#7523 = VERTEX_POINT ( 'NONE', #8587 ) ;
#7524 = EDGE_LOOP ( 'NONE', ( #10482, #7772, #4299, #1014 ) ) ;
#7525 = VECTOR ( 'NONE', #5403, 1000.000000000000000 ) ;
#7526 = CARTESIAN_POINT ( 'NONE',  ( -20.00000000000000000, 8.000000000000000000, 12.00000000000000000 ) ) ;
#7527 = AXIS2_PLACEMENT_3D ( 'NONE', #8951, #9778, #351 ) ;
#7528 = COORDINATED_UNIVERSAL_TIME_OFFSET ( 5, 0, .BEHIND. ) ;
#7529 = DIRECTION ( 'NONE',  ( -0.000000000000000000, 1.000000000000000000, 0.000000000000000000 ) ) ;
#7530 = CARTESIAN_POINT ( 'NONE',  ( 30.77491600511513425, 47.30006951123652215, 0.000000000000000000 ) ) ;
#7531 = CC_DESIGN_DATE_AND_TIME_ASSIGNMENT ( #1020, #3445, ( #141 ) ) ;
#7532 = DIRECTION ( 'NONE',  ( 1.000000000000000000, -0.000000000000000000, -0.000000000000000000 ) ) ;
#7533 = DIRECTION ( 'NONE',  ( 0.000000000000000000, 0.000000000000000000, -1.000000000000000000 ) ) ;
#7534 = VECTOR ( 'NONE', #9155, 1000.000000000000000 ) ;
#7535 = AXIS2_PLACEMENT_3D ( 'NONE', #997, #7532, #50 ) ;
#7536 = COORDINATED_UNIVERSAL_TIME_OFFSET ( 5, 0, .BEHIND. ) ;
#7537 = CARTESIAN_POINT ( 'NONE',  ( 39.90000000132015856, 278.1999999996445467, 20.99999999999999645 ) ) ;
#7538 = DIRECTION ( 'NONE',  ( -0.000000000000000000, -0.000000000000000000, -1.000000000000000000 ) ) ;
#7539 = CARTESIAN_POINT ( 'NONE',  ( 24.30000000000000071, 0.000000000000000000, 0.000000000000000000 ) ) ;
#7540 = SECURITY_CLASSIFICATION_LEVEL ( 'unclassified' ) ;
#7541 = EDGE_LOOP ( 'NONE', ( #6699, #6505 ) ) ;
#7542 = CARTESIAN_POINT ( 'NONE',  ( 10.37022664714423037, 9.408763276675834675, 8.337751006154990208 ) ) ;
#7543 = AXIS2_PLACEMENT_3D ( 'NONE', #1122, #3553, #4491 ) ;
#7544 = CC_DESIGN_DATE_AND_TIME_ASSIGNMENT ( #84, #8389, ( #2315 ) ) ;
#7545 = CARTESIAN_POINT ( 'NONE',  ( -15.69993048876420616, 70.22508399488370401, 0.000000000000000000 ) ) ;
#7546 = CARTESIAN_POINT ( 'NONE',  ( 0.000000000000000000, 72.50000000000000000, 0.000000000000000000 ) ) ;
#7547 = DIRECTION ( 'NONE',  ( -0.000000000000000000, -0.000000000000000000, -1.000000000000000000 ) ) ;
#7548 = VECTOR ( 'NONE', #10804, 1000.000000000000000 ) ;
#7549 = EDGE_CURVE ( 'NONE', #10114, #4497, #714, .T. ) ;
#7550 = ORIENTED_EDGE ( 'NONE', *, *, #516, .T. ) ;
#7551 = DIRECTION ( 'NONE',  ( -0.000000000000000000, -0.000000000000000000, -1.000000000000000000 ) ) ;
#7552 = ITEM_DEFINED_TRANSFORMATION ( 'NONE', 'NONE', #7329,  #2087 ) ;
#7553 = EDGE_CURVE ( 'NONE', #7183, #7985, #238, .T. ) ;
#7554 = ORIENTED_EDGE ( 'NONE', *, *, #4586, .F. ) ;
#7555 = CARTESIAN_POINT ( 'NONE',  ( 13.77491600510831482, 71.70006951123355066, -0.000000000000000000 ) ) ;
#7556 = DIRECTION ( 'NONE',  ( 0.000000000000000000, 0.000000000000000000, -1.000000000000000000 ) ) ;
#7557 = AXIS2_PLACEMENT_3D ( 'NONE', #8171, #1379, #1591 ) ;
#7558 = DIRECTION ( 'NONE',  ( -0.000000000000000000, -0.000000000000000000, 1.000000000000000000 ) ) ;
#7559 = LINE ( 'NONE', #25, #1051 ) ;
#7560 = EDGE_LOOP ( 'NONE', ( #8780, #9133, #5647, #10282 ) ) ;
#7561 = EDGE_CURVE ( 'NONE', #3397, #3233, #5066, .T. ) ;
#7562 = PERSON_AND_ORGANIZATION ( #10500, #8573 ) ;
#7563 = ORIENTED_EDGE ( 'NONE', *, *, #3607, .F. ) ;
#7564 = CARTESIAN_POINT ( 'NONE',  ( 31.22525195654806041, 0.000000000000000000, 4.699999999999999289 ) ) ;
#7565 = DATE_AND_TIME ( #8393, #1672 ) ;
#7566 = ORIENTED_EDGE ( 'NONE', *, *, #2219, .T. ) ;
#7567 = DIRECTION ( 'NONE',  ( 1.000000000000000000, 0.000000000000000000, 0.000000000000000000 ) ) ;
#7568 = PLANE ( 'NONE',  #415 ) ;
#7569 = DIRECTION ( 'NONE',  ( -0.000000000000000000, -0.000000000000000000, -1.000000000000000000 ) ) ;
#7570 = VECTOR ( 'NONE', #4607, 1000.000000000000000 ) ;
#7571 = PLANE ( 'NONE',  #6934 ) ;
#7572 = DIRECTION ( 'NONE',  ( -1.000000000000000000, 0.000000000000000000, -0.000000000000000000 ) ) ;
#7573 = EDGE_CURVE ( 'NONE', #8474, #9718, #10401, .T. ) ;
#7574 =( NAMED_UNIT ( * ) SI_UNIT ( $, .STERADIAN. ) SOLID_ANGLE_UNIT ( ) );
#7575 = ADVANCED_FACE ( 'NONE', ( #7632 ), #2481, .F. ) ;
#7576 = PERSON_AND_ORGANIZATION ( #10500, #8573 ) ;
#7577 = DESIGN_CONTEXT ( 'detailed design', #7515, 'design' ) ;
#7578 = CARTESIAN_POINT ( 'NONE',  ( 31.00000000000000000, -1.200000000000000030E-05, 19.30000000000000071 ) ) ;
#7579 = ORIENTED_EDGE ( 'NONE', *, *, #3171, .T. ) ;
#7580 = CARTESIAN_POINT ( 'NONE',  ( 0.000000000000000000, 3.000000000000000000, 149.0000000000000000 ) ) ;
#7581 = CALENDAR_DATE ( 2026, 18, 9 ) ;
#7582 = CARTESIAN_POINT ( 'NONE',  ( -10.01642623006862109, 9.784631539666255762, 8.478378753637999310 ) ) ;
#7583 = CARTESIAN_POINT ( 'NONE',  ( 19.14146106820973614, -0.000000000000000000, 10.51547649045640043 ) ) ;
#7584 = DIRECTION ( 'NONE',  ( -0.000000000000000000, -0.000000000000000000, 1.000000000000000000 ) ) ;
#7585 = CARTESIAN_POINT ( 'NONE',  ( -28.00000000000000000, 0.000000000000000000, 0.000000000000000000 ) ) ;
#7586 = DATE_TIME_ROLE ( 'classification_date' ) ;
#7587 = EDGE_CURVE ( 'NONE', #6799, #6273, #5002, .T. ) ;
#7588 = CALENDAR_DATE ( 2026, 18, 9 ) ;
#7589 = DIRECTION ( 'NONE',  ( 0.000000000000000000, 0.000000000000000000, 1.000000000000000000 ) ) ;
#7590 = LINE ( 'NONE', #4373, #6140 ) ;
#7591 = APPLICATION_PROTOCOL_DEFINITION ( 'international standard', 'config_control_design', 1994, #7515 ) ;
#7592 = ORIENTED_EDGE ( 'NONE', *, *, #590, .F. ) ;
#7593 = DIRECTION ( 'NONE',  ( 1.000000000000000000, 0.000000000000000000, 0.000000000000000000 ) ) ;
#7594 = LINE ( 'NONE', #1835, #5645 ) ;
#7595 = DIRECTION ( 'NONE',  ( 1.000000000000000000, 0.000000000000000000, 0.000000000000000000 ) ) ;
#7596 = LINE ( 'NONE', #8663, #4905 ) ;
#7597 = APPROVAL ( #8541, 'ๆช' ) ;
#7598 = ORIENTED_EDGE ( 'NONE', *, *, #3041, .T. ) ;
#7599 = PLANE ( 'NONE',  #6601 ) ;
#7600 = CONTEXT_DEPENDENT_SHAPE_REPRESENTATION ( #707, #1415 ) ;
#7601 = VERTEX_POINT ( 'NONE', #10082 ) ;
#7602 = DIRECTION ( 'NONE',  ( 1.000000000000000000, 0.000000000000000000, 0.000000000000000000 ) ) ;
#7603 = DIRECTION ( 'NONE',  ( 1.000000000000000000, 0.000000000000000000, 0.000000000000000000 ) ) ;
#7604 = VERTEX_POINT ( 'NONE', #10141 ) ;
#7605 = DIRECTION ( 'NONE',  ( 0.000000000000000000, 0.000000000000000000, 1.000000000000000000 ) ) ;
#7606 = DIRECTION ( 'NONE',  ( 1.000000000000000000, 0.000000000000000000, 0.000000000000000000 ) ) ;
#7607 = VECTOR ( 'NONE', #885, 1000.000000000000000 ) ;
#7608 = ORIENTED_EDGE ( 'NONE', *, *, #5635, .T. ) ;
#7609 = PRODUCT_DEFINITION ( 'ๆ', '', #6570, #6912 ) ;
#7610 =( NAMED_UNIT ( * ) SI_UNIT ( $, .STERADIAN. ) SOLID_ANGLE_UNIT ( ) );
#7611 = APPROVAL_PERSON_ORGANIZATION ( #2657, #813, #81 ) ;
#7612 = COORDINATED_UNIVERSAL_TIME_OFFSET ( 5, 0, .BEHIND. ) ;
#7613 = VERTEX_POINT ( 'NONE', #8345 ) ;
#7614 = DIRECTION ( 'NONE',  ( 0.000000000000000000, -1.000000000000000000, 0.000000000000000000 ) ) ;
#7615 = APPROVAL_STATUS ( 'not_yet_approved' ) ;
#7616 = EDGE_LOOP ( 'NONE', ( #1216, #4824, #6053, #3400 ) ) ;
#7617 = DIRECTION ( 'NONE',  ( 1.000000000000000000, 0.000000000000000000, 0.000000000000000000 ) ) ;
#7618 = ORIENTED_EDGE ( 'NONE', *, *, #10423, .F. ) ;
#7619 = CARTESIAN_POINT ( 'NONE',  ( 0.000000000000000000, 0.000000000000000000, 149.0000000000000000 ) ) ;
#7621 = ADVANCED_FACE ( 'NONE', ( #8409 ), #2534, .F. ) ;
#7620 = DIRECTION ( 'NONE',  ( -0.000000000000000000, -0.000000000000000000, -1.000000000000000000 ) ) ;
#7622 = ORGANIZATION ( 'NAUO-ORG11', 'UNSPECIFIED', 'UNSPECIFIED' ) ;
#7623 = FACE_OUTER_BOUND ( 'NONE', #487, .T. ) ;
#7624 = CARTESIAN_POINT ( 'NONE',  ( 0.5999999999999999778, 2.200000000000000178, 12.00000000000000000 ) ) ;
#7625 = ORIENTED_EDGE ( 'NONE', *, *, #8109, .T. ) ;
#7626 = AXIS2_PLACEMENT_3D ( 'NONE', #4024, #3965, #7404 ) ;
#7627 = CALENDAR_DATE ( 2026, 18, 9 ) ;
#7628 = CARTESIAN_POINT ( 'NONE',  ( 0.000000000000000000, 0.000000000000000000, 12.00000000000000000 ) ) ;
#7629 = LOCAL_TIME ( 6, 20, 19.00000000000000000, #8789 ) ;
#7630 = EDGE_LOOP ( 'NONE', ( #6143, #4727, #4531, #8205 ) ) ;
#7631 = VERTEX_POINT ( 'NONE', #9250 ) ;
#7632 = FACE_OUTER_BOUND ( 'NONE', #1673, .T. ) ;
#7633 = CONTEXT_DEPENDENT_SHAPE_REPRESENTATION ( #995, #3878 ) ;
#7634 = CARTESIAN_POINT ( 'NONE',  ( -10.69999999999999929, 31.00000000000000000, -6.000000000000000152E-06 ) ) ;
#7635 = DIRECTION ( 'NONE',  ( 0.000000000000000000, 0.000000000000000000, 1.000000000000000000 ) ) ;
#7637 = EDGE_CURVE ( 'NONE', #8049, #7523, #6037, .T. ) ;
#7636 = LINE ( 'NONE', #10202, #10166 ) ;
#7638 = FACE_OUTER_BOUND ( 'NONE', #8457, .T. ) ;
#7639 = EDGE_CURVE ( 'NONE', #2575, #9787, #4770, .T. ) ;
#7640 = VECTOR ( 'NONE', #8578, 1000.000000000000000 ) ;
#7641 = CC_DESIGN_SECURITY_CLASSIFICATION ( #4144, ( #6570 ) ) ;
#7642 = APPROVAL_STATUS ( 'not_yet_approved' ) ;
#7643 = CALENDAR_DATE ( 2026, 18, 9 ) ;
#7644 = PLANE ( 'NONE',  #5234 ) ;
#7645 = CARTESIAN_POINT ( 'NONE',  ( -9.442469749914609523, -0.000000000000000000, 22.65686506842306969 ) ) ;
#7646 = APPROVAL_DATE_TIME ( #2773, #7597 ) ;
#7647 = LOCAL_TIME ( 6, 20, 19.00000000000000000, #7612 ) ;
#7648 = ORIENTED_EDGE ( 'NONE', *, *, #5777, .F. ) ;
#7649 = CARTESIAN_POINT ( 'NONE',  ( -10.00000000000000000, -10.00000000000000000, 39.50000000000000000 ) ) ;
#7650 = ORIENTED_EDGE ( 'NONE', *, *, #1679, .T. ) ;
#7652 = EDGE_CURVE ( 'NONE', #4215, #7026, #9370, .T. ) ;
#7651 = LINE ( 'NONE', #10097, #2674 ) ;
#7653 = EDGE_CURVE ( 'NONE', #6302, #7207, #5123, .T. ) ;
#7654 = CARTESIAN_POINT ( 'NONE',  ( -14.00000000000000000, 70.00000000000000000, -1.200000000000000030E-05 ) ) ;
#7655 = CARTESIAN_POINT ( 'NONE',  ( -27.69999999999999929, 45.00000000000000000, 5.000000000000000000 ) ) ;
#7656 = SECURITY_CLASSIFICATION ( '', '', #7320 ) ;
#7657 = VERTEX_POINT ( 'NONE', #9313 ) ;
#7658 = CIRCLE ( 'NONE', #6081, 14.00000000000000000 ) ;
#7659 = ORIENTED_EDGE ( 'NONE', *, *, #8943, .T. ) ;
#7660 = CARTESIAN_POINT ( 'NONE',  ( -0.5999999999999999778, 13.98713694792469120, 16.00000000000000000 ) ) ;
#7661 = ORIENTED_EDGE ( 'NONE', *, *, #236, .T. ) ;
#7662 = CARTESIAN_POINT ( 'NONE',  ( -11.59999999999999964, 67.50000000000000000, 6.000000000000000000 ) ) ;
#7663 = CARTESIAN_POINT ( 'NONE',  ( -22.00000000000000000, 0.000000000000000000, 8.000000000000000000 ) ) ;
#7664 = APPROVAL ( #3690, 'UNKNOWN' ) ;
#7665 = CARTESIAN_POINT ( 'NONE',  ( -0.6767903974405510281, -2.533959238176743956, -0.000000000000000000 ) ) ;
#7666 = CARTESIAN_POINT ( 'NONE',  ( -8.774916005114079098, -0.000000000000000000, 19.30006951123579739 ) ) ;
#7667 = AXIS2_PLACEMENT_3D ( 'NONE', #8070, #1438, #3966 ) ;
#7668 =( GEOMETRIC_REPRESENTATION_CONTEXT ( 3 ) GLOBAL_UNCERTAINTY_ASSIGNED_CONTEXT ( ( #4272 ) ) GLOBAL_UNIT_ASSIGNED_CONTEXT ( ( #2685, #919, #7447 ) ) REPRESENTATION_CONTEXT ( 'NONE', 'WORKASPACE' ) );
#7669 = EDGE_LOOP ( 'NONE', ( #7384, #5559 ) ) ;
#7670 = VERTEX_POINT ( 'NONE', #1876 ) ;
#7671 = CARTESIAN_POINT ( 'NONE',  ( 10.88457178719636786, 8.808441270803237799, 10.20000000000001883 ) ) ;
#7672 = PERSON_AND_ORGANIZATION_ROLE ( 'classification_officer' ) ;
#7673 = AXIS2_PLACEMENT_3D ( 'NONE', #8599, #10258, #1003 ) ;
#7674 = EDGE_LOOP ( 'NONE', ( #4110, #8363, #2355, #2120 ) ) ;
#7675 = DIRECTION ( 'NONE',  ( 0.000000000000000000, 0.000000000000000000, 1.000000000000000000 ) ) ;
#7676 = LOCAL_TIME ( 6, 20, 19.00000000000000000, #7805 ) ;
#7677 = CARTESIAN_POINT ( 'NONE',  ( 0.000000000000000000, 0.000000000000000000, 40.00000000000000000 ) ) ;
#7678 = CC_DESIGN_PERSON_AND_ORGANIZATION_ASSIGNMENT ( #8449, #6730, ( #4149 ) ) ;
#7679 = CARTESIAN_POINT ( 'NONE',  ( -12.00000000000000000, -7.000000000000000000, 16.69999999999999929 ) ) ;
#7680 = CARTESIAN_POINT ( 'NONE',  ( -2.500000000000000000, 0.000000000000000000, 0.000000000000000000 ) ) ;
#7681 = LINE ( 'NONE', #10243, #3689 ) ;
#7682 = VECTOR ( 'NONE', #6527, 1000.000000000000000 ) ;
#7683 = ORIENTED_EDGE ( 'NONE', *, *, #9259, .F. ) ;
#7684 = PERSON_AND_ORGANIZATION ( #10500, #8573 ) ;
#7685 = CARTESIAN_POINT ( 'NONE',  ( 35.60000000000000142, 0.000000000000000000, 6.000000000000000000 ) ) ;
#7686 = EDGE_CURVE ( 'NONE', #3876, #3040, #1050, .T. ) ;
#7687 = EDGE_LOOP ( 'NONE', ( #4903, #6770, #2425, #7554 ) ) ;
#7688 = LINE ( 'NONE', #163, #2132 ) ;
#7689 = ORIENTED_EDGE ( 'NONE', *, *, #3163, .T. ) ;
#7690 = APPROVAL_STATUS ( 'not_yet_approved' ) ;
#7691 = DIRECTION ( 'NONE',  ( 0.000000000000000000, 0.000000000000000000, -1.000000000000000000 ) ) ;
#7692 = CARTESIAN_POINT ( 'NONE',  ( -21.04287395703108743, -4.638809204729581026, 0.000000000000000000 ) ) ;
#7693 = ORIENTED_EDGE ( 'NONE', *, *, #3228, .F. ) ;
#7694 = FACE_OUTER_BOUND ( 'NONE', #2518, .T. ) ;
#7695 = CARTESIAN_POINT ( 'NONE',  ( -8.141514269807103688, 0.000000000000000000, 1.515604930472429279 ) ) ;
#7696 = CALENDAR_DATE ( 2026, 18, 9 ) ;
#7697 = CIRCLE ( 'NONE', #2976, 1.700000000000000178 ) ;
#7698 = AXIS2_PLACEMENT_3D ( 'NONE', #3996, #7271, #7326 ) ;
#7699 = APPROVAL_DATE_TIME ( #10206, #3885 ) ;
#7700 = DIRECTION ( 'NONE',  ( 0.000000000000000000, 0.000000000000000000, 1.000000000000000000 ) ) ;
#7701 = EDGE_CURVE ( 'NONE', #7080, #9913, #7688, .T. ) ;
#7702 = CYLINDRICAL_SURFACE ( 'NONE', #1068, 1.700000000000000178 ) ;
#7703 = PERSON ( 'NAUO-PER8', 'UNSPECIFIED', 'UNSPECIFIED', ('UNSPECIFIED'), ('UNSPECIFIED'), ('UNSPECIFIED') ) ;
#7704 = COORDINATED_UNIVERSAL_TIME_OFFSET ( 5, 0, .BEHIND. ) ;
#7705 = ORIENTED_EDGE ( 'NONE', *, *, #2958, .T. ) ;
#7706 = CARTESIAN_POINT ( 'NONE',  ( 11.90340548161031364, 7.369530314402258142, 9.503034309753191522 ) ) ;
#7707 = VECTOR ( 'NONE', #7620, 1000.000000000000000 ) ;
#7708 = DIRECTION ( 'NONE',  ( 0.000000000000000000, 0.000000000000000000, 1.000000000000000000 ) ) ;
#7709 = VECTOR ( 'NONE', #6705, 1000.000000000000000 ) ;
#7710 = AXIS2_PLACEMENT_3D ( 'NONE', #142, #10230, #5205 ) ;
#7711 = FACE_OUTER_BOUND ( 'NONE', #3771, .T. ) ;
#7712 = DIRECTION ( 'NONE',  ( 1.000000000000000000, 0.000000000000000000, 0.000000000000000000 ) ) ;
#7713 = EDGE_CURVE ( 'NONE', #7604, #7254, #4883, .T. ) ;
#7714 = ADVANCED_FACE ( 'NONE', ( #1323 ), #10360, .F. ) ;
#7715 = PLANE ( 'NONE',  #7543 ) ;
#7716 = VECTOR ( 'NONE', #9247, 1000.000000000000000 ) ;
#7717 = ORIENTED_EDGE ( 'NONE', *, *, #379, .T. ) ;
#7718 = DIRECTION ( 'NONE',  ( 0.000000000000000000, 0.000000000000000000, 1.000000000000000000 ) ) ;
#7719 = ORIENTED_EDGE ( 'NONE', *, *, #7549, .T. ) ;
#7720 = DIRECTION ( 'NONE',  ( 0.000000000000000000, 0.000000000000000000, -1.000000000000000000 ) ) ;
#7721 = ORIENTED_EDGE ( 'NONE', *, *, #1548, .T. ) ;
#7722 = LINE ( 'NONE', #3613, #7193 ) ;
#7723 = VECTOR ( 'NONE', #10596, 1000.000000000000000 ) ;
#7724 = FACE_OUTER_BOUND ( 'NONE', #521, .T. ) ;
#7725 = ORIENTED_EDGE ( 'NONE', *, *, #424, .T. ) ;
#7726 = EDGE_CURVE ( 'NONE', #2324, #4690, #10525, .T. ) ;
#7727 =( REPRESENTATION_RELATIONSHIP ('NONE','NONE', #403, #902 ) REPRESENTATION_RELATIONSHIP_WITH_TRANSFORMATION ( #4236 )SHAPE_REPRESENTATION_RELATIONSHIP( ) );
#7728 = EDGE_LOOP ( 'NONE', ( #1160, #9917 ) ) ;
#7729 = FACE_BOUND ( 'NONE', #10406, .T. ) ;
#7730 = VECTOR ( 'NONE', #6753, 1000.000000000000000 ) ;
#7731 = APPROVAL_STATUS ( 'not_yet_approved' ) ;
#7732 = ORIENTED_EDGE ( 'NONE', *, *, #3474, .T. ) ;
#7733 = CARTESIAN_POINT ( 'NONE',  ( -27.69999999999999929, 57.00000000000000000, 5.000000000000000000 ) ) ;
#7734 = ORIENTED_EDGE ( 'NONE', *, *, #1598, .F. ) ;
#7735 = DIRECTION ( 'NONE',  ( -0.000000000000000000, 1.000000000000000000, -0.000000000000000000 ) ) ;
#7736 = CARTESIAN_POINT ( 'NONE',  ( -10.50000000000000000, -1.300000000000000044, 16.00000000000000000 ) ) ;
#7737 = CARTESIAN_POINT ( 'NONE',  ( 4.299999999999999822, 0.000000000000000000, 0.000000000000000000 ) ) ;
#7738 = CARTESIAN_POINT ( 'NONE',  ( 30.00000000000000000, 3.673940397442059178E-15, 28.00000000000000000 ) ) ;
#7739 = VECTOR ( 'NONE', #3844, 1000.000000000000000 ) ;
#7740 = PERSON_AND_ORGANIZATION_ROLE ( 'creator' ) ;
#7741 = CC_DESIGN_DATE_AND_TIME_ASSIGNMENT ( #4808, #836, ( #4198 ) ) ;
#7742 = DIRECTION ( 'NONE',  ( 1.000000000000000000, 0.000000000000000000, 0.000000000000000000 ) ) ;
#7743 = ORIENTED_EDGE ( 'NONE', *, *, #7085, .T. ) ;
#7744 = CARTESIAN_POINT ( 'NONE',  ( -22.00000000000000000, 8.000000000000000000, 8.000000000000000000 ) ) ;
#7745 = ORIENTED_EDGE ( 'NONE', *, *, #10008, .T. ) ;
#7746 = APPROVAL_STATUS ( 'not_yet_approved' ) ;
#7747 = CIRCLE ( 'NONE', #9349, 2.600000000000000089 ) ;
#7748 = CARTESIAN_POINT ( 'NONE',  ( 21.69999999999999929, -34.00000000000000000, -6.000000000000000152E-06 ) ) ;
#7749 = PLANE ( 'NONE',  #5347 ) ;
#7750 = ORIENTED_EDGE ( 'NONE', *, *, #10708, .F. ) ;
#7751 = CARTESIAN_POINT ( 'NONE',  ( 20.00000000000000000, 0.000000000000000000, 58.00000000000000000 ) ) ;
#7752 = FACE_OUTER_BOUND ( 'NONE', #3089, .T. ) ;
#7753 = EDGE_CURVE ( 'NONE', #6338, #353, #6248, .T. ) ;
#7754 = APPROVAL_ROLE ( '' ) ;
#7755 = CALENDAR_DATE ( 2026, 18, 9 ) ;
#7756 = ADVANCED_FACE ( 'NONE', ( #2971 ), #4521, .F. ) ;
#7757 = CARTESIAN_POINT ( 'NONE',  ( 31.60000000000000142, 62.50000000000000000, -1.200000000000000030E-05 ) ) ;
#7758 = CARTESIAN_POINT ( 'NONE',  ( 30.00000000000000000, 3.673940397442059178E-15, 28.00000000000000000 ) ) ;
#7759 = CALENDAR_DATE ( 2026, 18, 9 ) ;
#7760 = ORIENTED_EDGE ( 'NONE', *, *, #10556, .F. ) ;
#7761 = CARTESIAN_POINT ( 'NONE',  ( -10.04287395703110519, 0.000000000000000000, 1.638809204729789970 ) ) ;
#7762 = CARTESIAN_POINT ( 'NONE',  ( 2.600000000000000089, 0.000000000000000000, -6.000000000000000152E-06 ) ) ;
#7763 = DIRECTION ( 'NONE',  ( -0.000000000000000000, -0.000000000000000000, -1.000000000000000000 ) ) ;
#7764 = EDGE_CURVE ( 'NONE', #10568, #9553, #8260, .T. ) ;
#7765 = CARTESIAN_POINT ( 'NONE',  ( -7.957027739238696107, 32.36128909900572381, -0.000000000000000000 ) ) ;
#7766 = CARTESIAN_POINT ( 'NONE',  ( 0.000000000000000000, -11.00000000000000000, 6.000000000000000000 ) ) ;
#7767 = VERTEX_POINT ( 'NONE', #3860 ) ;
#7768 = CARTESIAN_POINT ( 'NONE',  ( -12.00000000000000000, -12.00000000000000000, 20.00000000000000000 ) ) ;
#7769 = EDGE_LOOP ( 'NONE', ( #8820, #5692, #6722, #3251 ) ) ;
#7770 = CARTESIAN_POINT ( 'NONE',  ( 183.0000000000000000, 3.000000000000000000, 83.00000000000000000 ) ) ;
#7771 = EDGE_CURVE ( 'NONE', #6238, #2888, #7850, .T. ) ;
#7772 = ORIENTED_EDGE ( 'NONE', *, *, #3000, .T. ) ;
#7773 = LINE ( 'NONE', #77, #5102 ) ;
#7774 = EDGE_CURVE ( 'NONE', #2630, #8065, #9525, .T. ) ;
#7775 = CARTESIAN_POINT ( 'NONE',  ( -5.799999999999999822, 70.00000000000000000, 5.200000000000000178 ) ) ;
#7776 = ORIENTED_EDGE ( 'NONE', *, *, #7286, .F. ) ;
#7777 = DIRECTION ( 'NONE',  ( -1.000000000000000000, 0.000000000000000000, 0.000000000000000000 ) ) ;
#7778 = EDGE_LOOP ( 'NONE', ( #8041, #460, #4729, #2900 ) ) ;
#7779 = CARTESIAN_POINT ( 'NONE',  ( -11.77429632712486196, 7.574489190830806074, 9.433434849665658817 ) ) ;
#7780 = DATE_AND_TIME ( #1260, #3249 ) ;
#7781 = ORIENTED_EDGE ( 'NONE', *, *, #4648, .T. ) ;
#7782 = DIRECTION ( 'NONE',  ( -1.000000000000000000, 0.000000000000000000, 0.000000000000000000 ) ) ;
#7783 = DIRECTION ( 'NONE',  ( 1.000000000000000000, 0.000000000000000000, 0.000000000000000000 ) ) ;
#7784 = PLANE ( 'NONE',  #5706 ) ;
#7785 = EDGE_CURVE ( 'NONE', #1804, #5213, #1932, .T. ) ;
#7786 = DIRECTION ( 'NONE',  ( 0.000000000000000000, -1.000000000000000000, 0.000000000000000000 ) ) ;
#7787 = SECURITY_CLASSIFICATION ( '', '', #266 ) ;
#7788 =( LENGTH_UNIT ( ) NAMED_UNIT ( * ) SI_UNIT ( .MILLI., .METRE. ) );
#7789 = CALENDAR_DATE ( 2026, 18, 9 ) ;
#7790 = PRODUCT_DEFINITION_SHAPE ( 'NONE', 'NONE',  #10909 ) ;
#7791 = CARTESIAN_POINT ( 'NONE',  ( 31.60000000000000142, -1.200000000000000030E-05, 4.590597372058685011 ) ) ;
#7792 = VECTOR ( 'NONE', #5491, 1000.000000000000000 ) ;
#7793 = ORIENTED_EDGE ( 'NONE', *, *, #726, .T. ) ;
#7794 = CARTESIAN_POINT ( 'NONE',  ( 0.5999999999999999778, 18.99052395275075256, 4.000000000000000000 ) ) ;
#7795 = CALENDAR_DATE ( 2026, 18, 9 ) ;
#7796 = LOCAL_TIME ( 6, 20, 19.00000000000000000, #10235 ) ;
#7797 = CARTESIAN_POINT ( 'NONE',  ( 8.660254037844389075, 11.00000000000000000, 6.000000000000000000 ) ) ;
#7798 = FACE_OUTER_BOUND ( 'NONE', #4391, .T. ) ;
#7799 = EDGE_LOOP ( 'NONE', ( #607, #1025, #8394, #2941 ) ) ;
#7800 = DIRECTION ( 'NONE',  ( -1.000000000000000000, -0.000000000000000000, -0.000000000000000000 ) ) ;
#7801 = CARTESIAN_POINT ( 'NONE',  ( 0.000000000000000000, 0.000000000000000000, 58.00000000000000000 ) ) ;
#7802 = CC_DESIGN_PERSON_AND_ORGANIZATION_ASSIGNMENT ( #3638, #9635, ( #7787 ) ) ;
#7803 = CARTESIAN_POINT ( 'NONE',  ( -27.69999999999999929, 45.00000000000000000, 5.000000000000000000 ) ) ;
#7804 = CARTESIAN_POINT ( 'NONE',  ( -21.36119079527042075, -7.042873957030895582, 0.000000000000000000 ) ) ;
#7805 = COORDINATED_UNIVERSAL_TIME_OFFSET ( 5, 0, .BEHIND. ) ;
#7806 = CARTESIAN_POINT ( 'NONE',  ( 31.00000000000000000, 80.49999999999998579, 4.700000000000000178 ) ) ;
#7807 = LINE ( 'NONE', #445, #6316 ) ;
#7808 = DATE_AND_TIME ( #4374, #6067 ) ;
#7809 = ORIENTED_EDGE ( 'NONE', *, *, #10880, .F. ) ;
#7810 = VECTOR ( 'NONE', #10241, 1000.000000000000000 ) ;
#7811 = CARTESIAN_POINT ( 'NONE',  ( -10.70006951123579597, -0.000000000000000000, 3.225083994886819738 ) ) ;
#7812 = CARTESIAN_POINT ( 'NONE',  ( 31.00000000000000000, 49.00000000000000000, 5.000000000000000000 ) ) ;
#7813 = CC_DESIGN_APPROVAL ( #1984, ( #2560 ) ) ;
#7814 = CC_DESIGN_DATE_AND_TIME_ASSIGNMENT ( #157, #6861, ( #4552 ) ) ;
#7815 = CARTESIAN_POINT ( 'NONE',  ( -9.000000000000000000, 59.50000000000000000, 3.000000000000000000 ) ) ;
#7816 = LOCAL_TIME ( 6, 20, 19.00000000000000000, #3590 ) ;
#7817 = PLANE ( 'NONE',  #7190 ) ;
#7818 = APPROVAL_DATE_TIME ( #5802, #5600 ) ;
#7819 = EDGE_CURVE ( 'NONE', #4301, #515, #3688, .T. ) ;
#7820 = ORIENTED_EDGE ( 'NONE', *, *, #9205, .F. ) ;
#7821 = CYLINDRICAL_SURFACE ( 'NONE', #3467, 1.700000000000007061 ) ;
#7822 = VERTEX_POINT ( 'NONE', #7794 ) ;
#7823 = PLANE ( 'NONE',  #6449 ) ;
#7824 = LOCAL_TIME ( 6, 20, 19.00000000000000000, #8083 ) ;
#7825 = CARTESIAN_POINT ( 'NONE',  ( 31.00000000000000000, 80.49999999999998579, 1.300000000000000044 ) ) ;
#7826 = VECTOR ( 'NONE', #400, 1000.000000000000000 ) ;
#7827 = CARTESIAN_POINT ( 'NONE',  ( -7.638809204729263058, 0.000000000000000000, 19.95712604296905113 ) ) ;
#7828 = DIRECTION ( 'NONE',  ( 0.000000000000000000, 0.000000000000000000, 1.000000000000000000 ) ) ;
#7829 = ADVANCED_FACE ( 'NONE', ( #10465 ), #265, .F. ) ;
#7830 = ORIENTED_EDGE ( 'NONE', *, *, #5011, .T. ) ;
#7831 = DIRECTION ( 'NONE',  ( 0.000000000000000000, 0.000000000000000000, -1.000000000000000000 ) ) ;
#7832 = CALENDAR_DATE ( 2026, 18, 9 ) ;
#7833 = ORIENTED_EDGE ( 'NONE', *, *, #2266, .T. ) ;
#7834 = DIRECTION ( 'NONE',  ( 1.000000000000000000, 0.000000000000000000, 0.000000000000000000 ) ) ;
#7835 = VERTEX_POINT ( 'NONE', #9576 ) ;
#7836 = CARTESIAN_POINT ( 'NONE',  ( -27.69999999999999929, -45.00000000000000000, 0.000000000000000000 ) ) ;
#7837 = VERTEX_POINT ( 'NONE', #2033 ) ;
#7838 = VECTOR ( 'NONE', #7435, 1000.000000000000000 ) ;
#7839 = CARTESIAN_POINT ( 'NONE',  ( -12.00000000000000000, -7.000000000000000000, 16.69999999999999929 ) ) ;
#7840 = ORIENTED_EDGE ( 'NONE', *, *, #6353, .T. ) ;
#7841 = LINE ( 'NONE', #6084, #681 ) ;
#7842 = VECTOR ( 'NONE', #6196, 1000.000000000000000 ) ;
#7843 = ORIENTED_EDGE ( 'NONE', *, *, #6206, .T. ) ;
#7844 = DATE_AND_TIME ( #7789, #5368 ) ;
#7845 = DIRECTION ( 'NONE',  ( 0.000000000000000000, -0.000000000000000000, -1.000000000000000000 ) ) ;
#7846 = CIRCLE ( 'NONE', #1189, 14.00000000000000000 ) ;
#7847 = EDGE_CURVE ( 'NONE', #1590, #1021, #5383, .T. ) ;
#7848 = ADVANCED_FACE ( 'NONE', ( #4629 ), #7130, .F. ) ;
#7849 = ORIENTED_EDGE ( 'NONE', *, *, #606, .F. ) ;
#7850 = LINE ( 'NONE', #6191, #2667 ) ;
#7851 = ORIENTED_EDGE ( 'NONE', *, *, #9623, .F. ) ;
#7852 = COORDINATED_UNIVERSAL_TIME_OFFSET ( 5, 0, .BEHIND. ) ;
#7853 = DIRECTION ( 'NONE',  ( -0.000000000000000000, 1.000000000000000000, -0.000000000000000000 ) ) ;
#7854 = CARTESIAN_POINT ( 'NONE',  ( 32.70000000000000284, 49.00000000000000000, -6.000000000000000152E-06 ) ) ;
#7855 = VERTEX_POINT ( 'NONE', #4071 ) ;
#7856 = LINE ( 'NONE', #325, #7842 ) ;
#7857 = CARTESIAN_POINT ( 'NONE',  ( 0.000000000000000000, 0.000000000000000000, 0.000000000000000000 ) ) ;
#7858 = CC_DESIGN_SECURITY_CLASSIFICATION ( #141, ( #10917 ) ) ;
#7859 = ORIENTED_EDGE ( 'NONE', *, *, #3217, .F. ) ;
#7860 = LINE ( 'NONE', #330, #8764 ) ;
#7861 = COORDINATED_UNIVERSAL_TIME_OFFSET ( 5, 0, .BEHIND. ) ;
#7862 = CARTESIAN_POINT ( 'NONE',  ( 29.34320465898994001, -0.000000000000000000, 20.55736206014979928 ) ) ;
#7863 = EDGE_CURVE ( 'NONE', #5576, #1340, #893, .T. ) ;
#7864 = DIRECTION ( 'NONE',  ( 1.000000000000000000, -0.000000000000000000, 0.000000000000000000 ) ) ;
#7865 = APPLICATION_PROTOCOL_DEFINITION ( 'international standard', 'config_control_design', 1994, #419 ) ;
#7866 = AXIS2_PLACEMENT_3D ( 'NONE', #3592, #10317, #2044 ) ;
#7867 = VERTEX_POINT ( 'NONE', #9960 ) ;
#7868 = CARTESIAN_POINT ( 'NONE',  ( 10.50000000000000000, 1.300000000000000044, 0.000000000000000000 ) ) ;
#7869 = CARTESIAN_POINT ( 'NONE',  ( -9.000000000000000000, 81.00000000000000000, 1.300000000000000044 ) ) ;
#7870 = CARTESIAN_POINT ( 'NONE',  ( 31.60000000000000142, 72.49999999999998579, 1.409402627941314767 ) ) ;
#7871 = CARTESIAN_POINT ( 'NONE',  ( -9.170466408454513996, 10.57870852589375232, 9.142065046672966488 ) ) ;
#7872 = APPLICATION_CONTEXT ( 'configuration controlled 3d designs of mechanical parts and assemblies' ) ;
#7873 = AXIS2_PLACEMENT_3D ( 'NONE', #5481, #8906, #6403 ) ;
#7874 = CARTESIAN_POINT ( 'NONE',  ( -12.00000000000000000, 12.00000000000000000, 0.000000000000000000 ) ) ;
#7875 = CC_DESIGN_PERSON_AND_ORGANIZATION_ASSIGNMENT ( #5435, #3685, ( #2391 ) ) ;
#7876 = PERSON_AND_ORGANIZATION ( #10500, #8573 ) ;
#7877 = ORIENTED_EDGE ( 'NONE', *, *, #5166, .T. ) ;
#7878 = DIRECTION ( 'NONE',  ( -0.000000000000000000, 1.000000000000000000, -0.000000000000000000 ) ) ;
#7879 = VECTOR ( 'NONE', #3207, 1000.000000000000000 ) ;
#7880 = CARTESIAN_POINT ( 'NONE',  ( 35.60000000000000142, 77.50000000000000000, 6.000000000000000000 ) ) ;
#7881 = DIRECTION ( 'NONE',  ( 0.000000000000000000, 1.000000000000000000, 0.000000000000000000 ) ) ;
#7882 = PRODUCT ( 'V2_04_arm_plate', 'V2_04_arm_plate', '', ( #541 ) ) ;
#7883 = ADVANCED_FACE ( 'NONE', ( #4838 ), #8275, .T. ) ;
#7884 = DIRECTION ( 'NONE',  ( 0.000000000000000000, 1.000000000000000000, 0.000000000000000000 ) ) ;
#7885 = EDGE_CURVE ( 'NONE', #9051, #7003, #8066, .T. ) ;
#7886 = ORIENTED_EDGE ( 'NONE', *, *, #52, .F. ) ;
#7887 = CARTESIAN_POINT ( 'NONE',  ( -11.63076285169010404, 7.793297916477738951, 9.702568250682380935 ) ) ;
#7888 = COORDINATED_UNIVERSAL_TIME_OFFSET ( 5, 0, .BEHIND. ) ;
#7889 = ORIENTED_EDGE ( 'NONE', *, *, #606, .T. ) ;
#7890 = DIRECTION ( 'NONE',  ( 0.000000000000000000, 0.000000000000000000, 1.000000000000000000 ) ) ;
#7891 = DIRECTION ( 'NONE',  ( -0.000000000000000000, 1.000000000000000000, 0.000000000000000000 ) ) ;
#7892 = VECTOR ( 'NONE', #262, 1000.000000000000000 ) ;
#7893 = CARTESIAN_POINT ( 'NONE',  ( -6.000000000000000000, 1.300000000000000044, 0.000000000000000000 ) ) ;
#7894 = EDGE_LOOP ( 'NONE', ( #7103, #10349 ) ) ;
#7895 = CARTESIAN_POINT ( 'NONE',  ( -20.22508399488411612, -35.69993048876346364, 0.000000000000000000 ) ) ;
#7896 = ADVANCED_FACE ( 'NONE', ( #741 ), #10737, .F. ) ;
#7897 = AXIS2_PLACEMENT_3D ( 'NONE', #4800, #3202, #3309 ) ;
#7898 = APPROVAL_DATE_TIME ( #2142, #1380 ) ;
#7899 = DIRECTION ( 'NONE',  ( 0.000000000000000000, -1.000000000000000000, 0.000000000000000000 ) ) ;
#7900 = EDGE_CURVE ( 'NONE', #4475, #9561, #3912, .T. ) ;
#7901 = ORIENTED_EDGE ( 'NONE', *, *, #5246, .F. ) ;
#7902 = CARTESIAN_POINT ( 'NONE',  ( 31.00000000000000000, -6.000000000000000152E-06, 22.70000000000000284 ) ) ;
#7903 = COORDINATED_UNIVERSAL_TIME_OFFSET ( 5, 0, .BEHIND. ) ;
#7904 = CARTESIAN_POINT ( 'NONE',  ( 20.00000000000000000, 20.00000000000000000, 58.00000000000000000 ) ) ;
#7905 = CARTESIAN_POINT ( 'NONE',  ( 29.30000000000000071, 31.00000000000000000, 5.000000000000000000 ) ) ;
#7906 = VERTEX_POINT ( 'NONE', #7243 ) ;
#7907 = LINE ( 'NONE', #2764, #6262 ) ;
#7908 = B_SPLINE_CURVE_WITH_KNOTS ( 'NONE', 3,
 ( #4395, #9347, #4501, #4340, #8500, #2632, #6124, #242, #3562, #1964, #8673, #5969, #7827, #1797, #5151, #971, #7666, #6844 ),
 .UNSPECIFIED., .F., .F.,
 ( 4, 2, 2, 2, 2, 2, 2, 2, 4 ),
 ( 0.000000000000000000, 0.06250000000000000000, 0.1250000000000000000, 0.1875000000000000000, 0.2500000000000000000, 0.3125000000000000000, 0.3750000000000000000, 0.4375000000000000000, 0.5000000000000000000 ),
 .UNSPECIFIED. ) ;
#7909 = CARTESIAN_POINT ( 'NONE',  ( 0.000000000000000000, 27.50000000000000000, 58.00000000000000000 ) ) ;
#7910 = VERTEX_POINT ( 'NONE', #695 ) ;
#7911 = AXIS2_PLACEMENT_3D ( 'NONE', #10248, #5873, #992 ) ;
#7912 = EDGE_CURVE ( 'NONE', #7601, #4135, #5598, .T. ) ;
#7913 = ADVANCED_FACE ( 'NONE', ( #4890 ), #3234, .F. ) ;
#7914 = CYLINDRICAL_SURFACE ( 'NONE', #8036, 1.700000000000000178 ) ;
#7915 = APPROVAL_STATUS ( 'not_yet_approved' ) ;
#7916 = CARTESIAN_POINT ( 'NONE',  ( 29.63880920472810132, 0.000000000000000000, 22.04287395703016372 ) ) ;
#7917 = AXIS2_PLACEMENT_3D ( 'NONE', #6445, #5783, #1514 ) ;
#7918 = CARTESIAN_POINT ( 'NONE',  ( 31.00000000000000355, -6.000000000000000152E-06, 19.30000000000000071 ) ) ;
#7919 = PERSON_AND_ORGANIZATION ( #10500, #8573 ) ;
#7920 = ORIENTED_EDGE ( 'NONE', *, *, #5624, .F. ) ;
#7921 = CARTESIAN_POINT ( 'NONE',  ( -9.858653920126700498, 0.000000000000000000, 4.484325342115312196 ) ) ;
#7922 = CARTESIAN_POINT ( 'NONE',  ( 28.00000000000000000, 0.000000000000000000, 24.00000000000000000 ) ) ;
#7923 = CARTESIAN_POINT ( 'NONE',  ( 10.50000000000000000, 0.000000000000000000, 16.00000000000000000 ) ) ;
#7924 = DIRECTION ( 'NONE',  ( -0.000000000000000000, 1.000000000000000000, 0.000000000000000000 ) ) ;
#7925 = EDGE_CURVE ( 'NONE', #6841, #7278, #3030, .T. ) ;
#7926 = DIRECTION ( 'NONE',  ( -0.000000000000000000, -0.000000000000000000, 1.000000000000000000 ) ) ;
#7927 = DATE_AND_TIME ( #8721, #5209 ) ;
#7928 = ORIENTED_EDGE ( 'NONE', *, *, #4695, .T. ) ;
#7929 = FACE_OUTER_BOUND ( 'NONE', #6531, .T. ) ;
#7930 = CARTESIAN_POINT ( 'NONE',  ( 31.00000000000000000, 80.49999999999998579, 3.000000000000000000 ) ) ;
#7931 = APPLICATION_CONTEXT ( 'configuration controlled 3d designs of mechanical parts and assemblies' ) ;
#7932 = LINE ( 'NONE', #7988, #6951 ) ;
#7933 = CARTESIAN_POINT ( 'NONE',  ( -12.30000000000000071, 2.081899558550500526E-16, 0.000000000000000000 ) ) ;
#7934 = CC_DESIGN_PERSON_AND_ORGANIZATION_ASSIGNMENT ( #7206, #337, ( #3109 ) ) ;
#7935 = DIRECTION ( 'NONE',  ( 0.000000000000000000, 0.000000000000000000, -1.000000000000000000 ) ) ;
#7936 = ORIENTED_EDGE ( 'NONE', *, *, #8863, .F. ) ;
#7937 = CARTESIAN_POINT ( 'NONE',  ( -11.90332728759990211, 7.369655839099087835, 8.997107807596941953 ) ) ;
#7938 = CIRCLE ( 'NONE', #5149, 8.099999999999999645 ) ;
#7939 = DATE_AND_TIME ( #7832, #7629 ) ;
#7940 = ORIENTED_EDGE ( 'NONE', *, *, #7785, .F. ) ;
#7941 = CARTESIAN_POINT ( 'NONE',  ( 29.34333309900548414, 0.000000000000000000, 3.442584738250930698 ) ) ;
#7942 = DIRECTION ( 'NONE',  ( 0.000000000000000000, 0.000000000000000000, 1.000000000000000000 ) ) ;
#7943 = CARTESIAN_POINT ( 'NONE',  ( 21.69999999999999929, -6.000000000000000000, -1.200000000000000030E-05 ) ) ;
#7944 = EDGE_LOOP ( 'NONE', ( #8748, #3281, #5556, #1033 ) ) ;
#7945 = CC_DESIGN_PERSON_AND_ORGANIZATION_ASSIGNMENT ( #7684, #7740, ( #6401 ) ) ;
#7946 = CARTESIAN_POINT ( 'NONE',  ( 134.5154764904533806, -0.8585389317906795270, -0.000000000000000000 ) ) ;
#7947 = VERTEX_POINT ( 'NONE', #5751 ) ;
#7948 = CALENDAR_DATE ( 2026, 18, 9 ) ;
#7949 = DIRECTION ( 'NONE',  ( -0.000000000000000000, 1.000000000000000000, 0.000000000000000000 ) ) ;
#7950 = ORIENTED_EDGE ( 'NONE', *, *, #10302, .T. ) ;
#7951 = CARTESIAN_POINT ( 'NONE',  ( -19.00000000000000000, 9.000000000000000000, 11.70000000000000107 ) ) ;
#7952 = EDGE_CURVE ( 'NONE', #9116, #4566, #6519, .T. ) ;
#7953 = CARTESIAN_POINT ( 'NONE',  ( -7.299999999999998934, 31.00000000000000000, -6.000000000000000152E-06 ) ) ;
#7954 = CARTESIAN_POINT ( 'NONE',  ( 0.000000000000000000, 0.000000000000000000, 0.000000000000000000 ) ) ;
#7955 = DIRECTION ( 'NONE',  ( 1.000000000000000000, -0.000000000000000000, -0.000000000000000000 ) ) ;
#7956 = SECURITY_CLASSIFICATION ( '', '', #10527 ) ;
#7957 = DIRECTION ( 'NONE',  ( 0.000000000000000000, 0.000000000000000000, -1.000000000000000000 ) ) ;
#7958 = ORIENTED_EDGE ( 'NONE', *, *, #5257, .F. ) ;
#7959 = ORIENTED_EDGE ( 'NONE', *, *, #7176, .F. ) ;
#7960 = CARTESIAN_POINT ( 'NONE',  ( -20.85848573019289631, -7.484395069527755240, 0.000000000000000000 ) ) ;
#7961 = CIRCLE ( 'NONE', #1137, 1.700000000000000178 ) ;
#7962 = PERSON_AND_ORGANIZATION ( #10500, #8573 ) ;
#7963 = LINE ( 'NONE', #7145, #4554 ) ;
#7964 = SECURITY_CLASSIFICATION ( '', '', #7348 ) ;
#7965 = ORIENTED_EDGE ( 'NONE', *, *, #3634, .T. ) ;
#7966 = CARTESIAN_POINT ( 'NONE',  ( 0.6000001017321888730, 2.529941645714209653, -8.999999999999988370E-06 ) ) ;
#7967 = APPROVAL_STATUS ( 'not_yet_approved' ) ;
#7968 = EDGE_CURVE ( 'NONE', #8810, #8280, #9801, .T. ) ;
#7969 = EDGE_LOOP ( 'NONE', ( #4029, #8077, #588, #5726 ) ) ;
#7970 = CARTESIAN_POINT ( 'NONE',  ( 125.0428739570325121, -1.361190795270670106, 0.000000000000000000 ) ) ;
#7971 = PRODUCT_DEFINITION_SHAPE ( 'NONE', 'NONE',  #10905 ) ;
#7972 = CARTESIAN_POINT ( 'NONE',  ( 1.634374254348486266, 2.027707120433111410, -0.000000000000000000 ) ) ;
#7973 = PLANE ( 'NONE',  #7099 ) ;
#7974 = AXIS2_PLACEMENT_3D ( 'NONE', #913, #1847, #5097 ) ;
#7975 = CC_DESIGN_SECURITY_CLASSIFICATION ( #617, ( #10911 ) ) ;
#7976 = CARTESIAN_POINT ( 'NONE',  ( 2.500000000000000000, 3.061616997868383141E-16, 0.000000000000000000 ) ) ;
#7977 = UNCERTAINTY_MEASURE_WITH_UNIT (LENGTH_MEASURE( 1.000000000000000082E-05 ), #7788, 'distance_accuracy_value', 'NONE');
#7978 = CIRCLE ( 'NONE', #78, 1.700000000000000178 ) ;
#7979 = CARTESIAN_POINT ( 'NONE',  ( -18.34333309900548770, -33.55741526174832501, -0.000000000000000000 ) ) ;
#7980 = CC_DESIGN_APPROVAL ( #7264, ( #3109 ) ) ;
#7981 = PERSON_AND_ORGANIZATION ( #10500, #8573 ) ;
#7982 = ADVANCED_FACE ( 'NONE', ( #8971 ), #1536, .F. ) ;
#7983 = APPROVAL_PERSON_ORGANIZATION ( #10244, #5338, #2368 ) ;
#7984 = EDGE_CURVE ( 'NONE', #5308, #4690, #8813, .T. ) ;
#7985 = VERTEX_POINT ( 'NONE', #2197 ) ;
#7986 = DIRECTION ( 'NONE',  ( 0.000000000000000000, 1.000000000000000000, 0.000000000000000000 ) ) ;
#7987 = ORIENTED_EDGE ( 'NONE', *, *, #9873, .F. ) ;
#7988 = CARTESIAN_POINT ( 'NONE',  ( 12.30000000000000249, 70.00000000000000000, -1.200000000000000030E-05 ) ) ;
#7989 = LINE ( 'NONE', #2946, #1405 ) ;
#7990 = PRODUCT_DEFINITION_FORMATION_WITH_SPECIFIED_SOURCE ( 'ไป', '', #7882, .NOT_KNOWN. ) ;
#7991 = APPLICATION_PROTOCOL_DEFINITION ( 'international standard', 'config_control_design', 1994, #2833 ) ;
#7992 = ORIENTED_EDGE ( 'NONE', *, *, #9050, .T. ) ;
#7993 = FACE_BOUND ( 'NONE', #10056, .T. ) ;
#7994 = CC_DESIGN_PERSON_AND_ORGANIZATION_ASSIGNMENT ( #10036, #1656, ( #5164 ) ) ;
#7995 = PERSON_AND_ORGANIZATION_ROLE ( 'classification_officer' ) ;
#7996 = LOCAL_TIME ( 6, 20, 19.00000000000000000, #226 ) ;
#7997 = ORIENTED_EDGE ( 'NONE', *, *, #6677, .T. ) ;
#7998 = CARTESIAN_POINT ( 'NONE',  ( 30.14134607987218928, 0.000000000000000000, 4.484325342115312196 ) ) ;
#7999 = PLANE ( 'NONE',  #6045 ) ;
#8000 = VERTEX_POINT ( 'NONE', #544 ) ;
#8001 = LINE ( 'NONE', #1428, #3315 ) ;
#8002 = ORIENTED_EDGE ( 'NONE', *, *, #8371, .F. ) ;
#8003 = CARTESIAN_POINT ( 'NONE',  ( 0.000000000000000000, 0.000000000000000000, 90.00000000000000000 ) ) ;
#8004 = ORIENTED_EDGE ( 'NONE', *, *, #1947, .T. ) ;
#8005 = LOCAL_TIME ( 6, 20, 19.00000000000000000, #6159 ) ;
#8006 =( LENGTH_UNIT ( ) NAMED_UNIT ( * ) SI_UNIT ( .MILLI., .METRE. ) );
#8007 = DATE_AND_TIME ( #2807, #3264 ) ;
#8008 = CARTESIAN_POINT ( 'NONE',  ( 18.63871090099589978, -32.95702773923764539, -0.000000000000000000 ) ) ;
#8009 = ORIENTED_EDGE ( 'NONE', *, *, #8617, .F. ) ;
#8010 = CARTESIAN_POINT ( 'NONE',  ( 31.22525195654806041, 0.000000000000000000, 22.70000000000000284 ) ) ;
#8011 = VERTEX_POINT ( 'NONE', #3082 ) ;
#8012 = CC_DESIGN_DATE_AND_TIME_ASSIGNMENT ( #3427, #7586, ( #9958 ) ) ;
#8013 = DATE_AND_TIME ( #1218, #7078 ) ;
#8014 = VECTOR ( 'NONE', #3803, 1000.000000000000000 ) ;
#8015 = CARTESIAN_POINT ( 'NONE',  ( -7.957126042969631108, 29.63880920472832159, 0.000000000000000000 ) ) ;
#8016 = CARTESIAN_POINT ( 'NONE',  ( 0.000000000000000000, 0.000000000000000000, 6.000000000000000000 ) ) ;
#8017 = DIRECTION ( 'NONE',  ( -0.000000000000000000, -0.000000000000000000, 1.000000000000000000 ) ) ;
#8018 = CARTESIAN_POINT ( 'NONE',  ( 31.00000000000000000, 59.50000000000000000, 1.300000000000000044 ) ) ;
#8019 = EDGE_CURVE ( 'NONE', #8163, #4018, #6412, .T. ) ;
#8020 = AXIS2_PLACEMENT_3D ( 'NONE', #7061, #10569, #7834 ) ;
#8021 = DIRECTION ( 'NONE',  ( 0.000000000000000000, -0.000000000000000000, -1.000000000000000000 ) ) ;
#8022 = AXIS2_PLACEMENT_3D ( 'NONE', #1197, #4557, #2894 ) ;
#8023 = APPROVAL_STATUS ( 'not_yet_approved' ) ;
#8024 = CARTESIAN_POINT ( 'NONE',  ( 31.00000000000000000, -6.000000000000000152E-06, 22.70000000000000284 ) ) ;
#8025 = VECTOR ( 'NONE', #3746, 1000.000000000000000 ) ;
#8026 = VERTEX_POINT ( 'NONE', #3138 ) ;
#8027 = CARTESIAN_POINT ( 'NONE',  ( 10.72380529476361133, 9.000000000000000000, 6.800000000000000711 ) ) ;
#8028 = PERSON_AND_ORGANIZATION_ROLE ( 'design_supplier' ) ;
#8029 = VERTEX_POINT ( 'NONE', #4787 ) ;
#8030 = DIRECTION ( 'NONE',  ( 0.000000000000000000, 0.000000000000000000, -1.000000000000000000 ) ) ;
#8031 = AXIS2_PLACEMENT_3D ( 'NONE', #4261, #7589, #9702 ) ;
#8032 = DIRECTION ( 'NONE',  ( -0.000000000000000000, 1.000000000000000000, 0.000000000000000000 ) ) ;
#8033 = CARTESIAN_POINT ( 'NONE',  ( 24.30000000000000071, 45.00000000000000000, 5.000000000000000000 ) ) ;
#8034 = CARTESIAN_POINT ( 'NONE',  ( 18.34333309900548770, -34.44258473825168210, -0.000000000000000000 ) ) ;
#8035 = EDGE_CURVE ( 'NONE', #3040, #9564, #7209, .T. ) ;
#8036 = AXIS2_PLACEMENT_3D ( 'NONE', #9971, #10795, #752 ) ;
#8037 = DIRECTION ( 'NONE',  ( 1.000000000000000000, 0.000000000000000000, -0.000000000000000000 ) ) ;
#8038 = PERSON_AND_ORGANIZATION_ROLE ( 'creator' ) ;
#8039 = VERTEX_POINT ( 'NONE', #5650 ) ;
#8040 = CARTESIAN_POINT ( 'NONE',  ( 10.00000000000000000, 19.50000000000000000, 3.000000000000016431 ) ) ;
#8041 = ORIENTED_EDGE ( 'NONE', *, *, #3684, .F. ) ;
#8042 = VECTOR ( 'NONE', #3226, 1000.000000000000000 ) ;
#8043 = CARTESIAN_POINT ( 'NONE',  ( 0.000000000000000000, 1.300000000000000044, 0.000000000000000000 ) ) ;
#8044 = CARTESIAN_POINT ( 'NONE',  ( 6.000000000000000000, 0.000000000000000000, 0.000000000000000000 ) ) ;
#8045 = EDGE_CURVE ( 'NONE', #292, #10231, #6020, .T. ) ;
#8046 = EDGE_CURVE ( 'NONE', #2324, #7297, #1476, .T. ) ;
#8047 =( LENGTH_UNIT ( ) NAMED_UNIT ( * ) SI_UNIT ( .MILLI., .METRE. ) );
#8048 = VECTOR ( 'NONE', #5893, 1000.000000000000000 ) ;
#8049 = VERTEX_POINT ( 'NONE', #87 ) ;
#8050 = CARTESIAN_POINT ( 'NONE',  ( -18.51547649045614108, -0.000000000000000000, 11.14146106821000437 ) ) ;
#8051 = ORIENTED_EDGE ( 'NONE', *, *, #1665, .F. ) ;
#8052 = APPROVAL_STATUS ( 'not_yet_approved' ) ;
#8053 = ORIENTED_EDGE ( 'NONE', *, *, #2705, .F. ) ;
#8054 = CARTESIAN_POINT ( 'NONE',  ( 30.77491600511588032, 50.70006951123654204, -0.000000000000000000 ) ) ;
#8055 = DIRECTION ( 'NONE',  ( 0.000000000000000000, 0.000000000000000000, 1.000000000000000000 ) ) ;
#8056 = CARTESIAN_POINT ( 'NONE',  ( -9.000000000000000000, -1.200000000000000030E-05, 4.700000000000000178 ) ) ;
#8057 = ORIENTED_EDGE ( 'NONE', *, *, #9205, .T. ) ;
#8058 = AXIS2_PLACEMENT_3D ( 'NONE', #5401, #4433, #6990 ) ;
#8059 = CARTESIAN_POINT ( 'NONE',  ( -11.81331098413178893, 7.513279486513933847, 10.83318915821548956 ) ) ;
#8060 = EDGE_CURVE ( 'NONE', #4497, #10114, #10047, .T. ) ;
#8061 =( NAMED_UNIT ( * ) PLANE_ANGLE_UNIT ( ) SI_UNIT ( $, .RADIAN. ) );
#8062 = PERSON_AND_ORGANIZATION ( #10500, #8573 ) ;
#8063 = PRODUCT_DEFINITION_SHAPE ( 'NONE', 'NONE',  #10904 ) ;
#8064 = DIRECTION ( 'NONE',  ( 1.000000000000000000, -0.000000000000000000, 0.000000000000000000 ) ) ;
#8065 = VERTEX_POINT ( 'NONE', #5804 ) ;
#8066 = LINE ( 'NONE', #648, #4601 ) ;
#8067 = CIRCLE ( 'NONE', #10386, 1.700000000000000178 ) ;
#8068 = DATE_AND_TIME ( #3292, #10105 ) ;
#8069 = VECTOR ( 'NONE', #5204, 1000.000000000000000 ) ;
#8070 = CARTESIAN_POINT ( 'NONE',  ( -14.00000000000000000, 0.000000000000000000, 0.000000000000000000 ) ) ;
#8071 = CARTESIAN_POINT ( 'NONE',  ( 20.85848573019066876, 0.000000000000000000, 10.51560493047243128 ) ) ;
#8072 = CARTESIAN_POINT ( 'NONE',  ( -9.000000000000000000, 8.000000000000000000, 22.70000000000000284 ) ) ;
#8073 = DIRECTION ( 'NONE',  ( -0.000000000000000000, 1.000000000000000000, -0.000000000000000000 ) ) ;
#8074 = AXIS2_PLACEMENT_3D ( 'NONE', #10385, #8830, #2836 ) ;
#8075 = APPROVAL ( #9382, 'ๆช' ) ;
#8076 = CARTESIAN_POINT ( 'NONE',  ( -12.00000000000000000, -12.00000000000000000, 20.00000000000000000 ) ) ;
#8077 = ORIENTED_EDGE ( 'NONE', *, *, #4816, .T. ) ;
#8078 = PERSON_AND_ORGANIZATION ( #10500, #8573 ) ;
#8079 = CARTESIAN_POINT ( 'NONE',  ( -10.50000000000000000, 80.50000000000000000, 0.000000000000000000 ) ) ;
#8080 = EDGE_LOOP ( 'NONE', ( #680, #8620, #4673, #7843 ) ) ;
#8081 = APPLICATION_CONTEXT ( 'configuration controlled 3d designs of mechanical parts and assemblies' ) ;
#8082 = FACE_OUTER_BOUND ( 'NONE', #4295, .T. ) ;
#8083 = COORDINATED_UNIVERSAL_TIME_OFFSET ( 5, 0, .BEHIND. ) ;
#8084 = ORIENTED_EDGE ( 'NONE', *, *, #1598, .T. ) ;
#8085 = LINE ( 'NONE', #6266, #10638 ) ;
#8086 = AXIS2_PLACEMENT_3D ( 'NONE', #862, #7614, #1858 ) ;
#8087 = EDGE_CURVE ( 'NONE', #1147, #29, #4234, .T. ) ;
#8088 = CARTESIAN_POINT ( 'NONE',  ( -12.00000000000000000, 7.000000000000000000, 6.700000000000000178 ) ) ;
#8089 = DIRECTION ( 'NONE',  ( -0.000000000000000000, -0.000000000000000000, 1.000000000000000000 ) ) ;
#8090 = ORIENTED_EDGE ( 'NONE', *, *, #2694, .F. ) ;
#8091 = CARTESIAN_POINT ( 'NONE',  ( -10.72380529476374100, 9.000000000000252243, 10.20000000000124984 ) ) ;
#8092 = EDGE_CURVE ( 'NONE', #8628, #603, #925, .T. ) ;
#8093 = EDGE_CURVE ( 'NONE', #10081, #8866, #147, .T. ) ;
#8094 = VECTOR ( 'NONE', #5527, 1000.000000000000000 ) ;
#8095 = CARTESIAN_POINT ( 'NONE',  ( -21.69999999999999929, -34.00000000000000000, -6.000000000000000152E-06 ) ) ;
#8096 = APPLICATION_PROTOCOL_DEFINITION ( 'international standard', 'config_control_design', 1994, #8285 ) ;
#8097 = VERTEX_POINT ( 'NONE', #10070 ) ;
#8098 = EDGE_CURVE ( 'NONE', #7947, #10817, #10397, .T. ) ;
#8099 = EDGE_LOOP ( 'NONE', ( #4441, #8798 ) ) ;
#8100 = DIRECTION ( 'NONE',  ( -1.000000000000000000, 0.000000000000000000, -0.000000000000000000 ) ) ;
#8101 = CARTESIAN_POINT ( 'NONE',  ( -35.00000000000000000, -70.00000000000000000, 5.000000000000000000 ) ) ;
#8102 = DIRECTION ( 'NONE',  ( 0.000000000000000000, 0.000000000000000000, 1.000000000000000000 ) ) ;
#8103 = ORIENTED_EDGE ( 'NONE', *, *, #5153, .F. ) ;
#8104 = CARTESIAN_POINT ( 'NONE',  ( -18.63871090099695493, -0.000000000000000000, 13.04297226076415939 ) ) ;
#8105 = DATE_AND_TIME ( #4001, #9936 ) ;
#8106 = ADVANCED_FACE ( 'NONE', ( #248 ), #3726, .F. ) ;
#8107 = ORIENTED_EDGE ( 'NONE', *, *, #6626, .T. ) ;
#8108 = CARTESIAN_POINT ( 'NONE',  ( 31.60000000000000142, 62.50000000000000000, 0.000000000000000000 ) ) ;
#8109 = EDGE_CURVE ( 'NONE', #6108, #480, #10449, .T. ) ;
#8110 = DIRECTION ( 'NONE',  ( 0.000000000000000000, 0.000000000000000000, 1.000000000000000000 ) ) ;
#8111 = EDGE_LOOP ( 'NONE', ( #10801, #2345, #4665, #2092 ) ) ;
#8112 = CARTESIAN_POINT ( 'NONE',  ( 0.000000000000000000, 0.000000000000000000, -1.200000000000000030E-05 ) ) ;
#8113 = ORIENTED_EDGE ( 'NONE', *, *, #4556, .F. ) ;
#8114 = CARTESIAN_POINT ( 'NONE',  ( -11.04168123444022420, 8.610387747206914355, 8.332736012061415565 ) ) ;
#8115 = ORIENTED_EDGE ( 'NONE', *, *, #9059, .F. ) ;
#8116 = PLANE ( 'NONE',  #10562 ) ;
#8117 = B_SPLINE_CURVE_WITH_KNOTS ( 'NONE', 3,
 ( #1920, #2019, #5370, #2901, #5268, #409, #5425, #1090, #8791, #8054, #8266, #4725, #3900, #7230, #6398, #1424, #4777, #528 ),
 .UNSPECIFIED., .F., .F.,
 ( 4, 2, 2, 2, 2, 2, 2, 2, 4 ),
 ( 0.000000000000000000, 0.06250000000000000000, 0.1250000000000000000, 0.1875000000000000000, 0.2500000000000000000, 0.3125000000000000000, 0.3750000000000000000, 0.4375000000000000000, 0.5000000000000000000 ),
 .UNSPECIFIED. ) ;
#8118 = EDGE_LOOP ( 'NONE', ( #1855, #4929, #4320, #1065 ) ) ;
#8119 = CARTESIAN_POINT ( 'NONE',  ( -27.69999999999999929, 45.00000000000000000, -1.200000000000000030E-05 ) ) ;
#8120 = PERSON_AND_ORGANIZATION ( #3931, #7622 ) ;
#8121 = EDGE_CURVE ( 'NONE', #3716, #3022, #2898, .T. ) ;
#8122 = CARTESIAN_POINT ( 'NONE',  ( 18.30000000000000071, -34.00000000000000000, -1.200000000000000030E-05 ) ) ;
#8123 = ADVANCED_FACE ( 'NONE', ( #7113 ), #6290, .F. ) ;
#8124 = DIRECTION ( 'NONE',  ( 0.000000000000000000, 0.000000000000000000, -1.000000000000000000 ) ) ;
#8125 = CARTESIAN_POINT ( 'NONE',  ( 20.00000000000000000, -6.000000000000000000, 5.000000000000000000 ) ) ;
#8126 = CARTESIAN_POINT ( 'NONE',  ( 0.000000000000000000, 0.000000000000000000, 5.000000000000000000 ) ) ;
#8127 = EDGE_LOOP ( 'NONE', ( #1400, #2196, #7579, #4145 ) ) ;
#8128 = FACE_BOUND ( 'NONE', #5146, .T. ) ;
#8129 = AXIS2_PLACEMENT_3D ( 'NONE', #1341, #9821, #6588 ) ;
#8130 = ORIENTED_EDGE ( 'NONE', *, *, #8046, .F. ) ;
#8131 = DATE_AND_TIME ( #7464, #10826 ) ;
#8132 = PLANE ( 'NONE',  #1557 ) ;
#8133 = VERTEX_POINT ( 'NONE', #1969 ) ;
#8134 = FACE_OUTER_BOUND ( 'NONE', #1629, .T. ) ;
#8135 = APPROVAL_STATUS ( 'not_yet_approved' ) ;
#8136 = CARTESIAN_POINT ( 'NONE',  ( 0.000000000000000000, 0.000000000000000000, 68.00000000000000000 ) ) ;
#8137 = CC_DESIGN_DATE_AND_TIME_ASSIGNMENT ( #149, #8454, ( #1139 ) ) ;
#8138 = CARTESIAN_POINT ( 'NONE',  ( 0.5999999999999999778, 0.000000000000000000, 4.000000000000000000 ) ) ;
#8139 = DIRECTION ( 'NONE',  ( 0.000000000000000000, 0.000000000000000000, 1.000000000000000000 ) ) ;
#8140 = ORIENTED_EDGE ( 'NONE', *, *, #10681, .T. ) ;
#8141 = DIRECTION ( 'NONE',  ( -0.000000000000000000, 1.000000000000000000, -0.000000000000000000 ) ) ;
#8142 = VECTOR ( 'NONE', #3916, 1000.000000000000000 ) ;
#8143 = CC_DESIGN_APPROVAL ( #7327, ( #5678 ) ) ;
#8144 = CARTESIAN_POINT ( 'NONE',  ( -9.000000000000000000, -1.200000000000000030E-05, 3.000000000000000000 ) ) ;
#8145 = CALENDAR_DATE ( 2026, 18, 9 ) ;
#8146 = EDGE_LOOP ( 'NONE', ( #9674, #3222, #4010, #818 ) ) ;
#8147 = AXIS2_PLACEMENT_3D ( 'NONE', #4931, #3177, #6510 ) ;
#8148 = CC_DESIGN_PERSON_AND_ORGANIZATION_ASSIGNMENT ( #7962, #7035, ( #10125 ) ) ;
#8149 = CARTESIAN_POINT ( 'NONE',  ( -12.95702773924156759, 71.36128909900689621, -0.000000000000000000 ) ) ;
#8150 = ORGANIZATION ( 'NAUO-ORG10', 'UNSPECIFIED', 'UNSPECIFIED' ) ;
#8151 = CARTESIAN_POINT ( 'NONE',  ( -21.04287395703121177, 0.000000000000000000, 10.63880920472952596 ) ) ;
#8152 = PLANE ( 'NONE',  #4033 ) ;
#8153 = VECTOR ( 'NONE', #9949, 1000.000000000000000 ) ;
#8154 = EDGE_CURVE ( 'NONE', #2648, #879, #1916, .T. ) ;
#8155 = CC_DESIGN_APPROVAL ( #4263, ( #10118 ) ) ;
#8156 = ORIENTED_EDGE ( 'NONE', *, *, #5166, .F. ) ;
#8157 = CARTESIAN_POINT ( 'NONE',  ( 3.000000000000000000, 3.000000000000000000, 58.00000000000000000 ) ) ;
#8158 = ORIENTED_EDGE ( 'NONE', *, *, #8301, .F. ) ;
#8159 = DIRECTION ( 'NONE',  ( -0.000000000000000000, -1.000000000000000000, -0.000000000000000000 ) ) ;
#8160 = AXIS2_PLACEMENT_3D ( 'NONE', #10602, #4757, #4804 ) ;
#8161 = CARTESIAN_POINT ( 'NONE',  ( 2.534028928176448314, -0.6766222469410452245, -0.000000000000000000 ) ) ;
#8162 = APPROVAL_PERSON_ORGANIZATION ( #7083, #10266, #4534 ) ;
#8163 = VERTEX_POINT ( 'NONE', #1142 ) ;
#8164 = LINE ( 'NONE', #856, #8042 ) ;
#8165 = CARTESIAN_POINT ( 'NONE',  ( -11.81690003789738164, 7.507626993145152028, 9.176942079461829493 ) ) ;
#8166 = EDGE_LOOP ( 'NONE', ( #3720, #5889, #10345, #5768 ) ) ;
#8167 = EDGE_CURVE ( 'NONE', #1968, #5854, #3566, .T. ) ;
#8168 = CARTESIAN_POINT ( 'NONE',  ( 21.04297226076214145, -32.63871090099495120, -0.000000000000000000 ) ) ;
#8169 = APPROVAL_PERSON_ORGANIZATION ( #8062, #10330, #1717 ) ;
#8170 = ORIENTED_EDGE ( 'NONE', *, *, #10242, .F. ) ;
#8171 = CARTESIAN_POINT ( 'NONE',  ( 0.000000000000000000, 0.000000000000000000, 4.000000000000000000 ) ) ;
#8172 = SECURITY_CLASSIFICATION_LEVEL ( 'unclassified' ) ;
#8173 = DIRECTION ( 'NONE',  ( -0.000000000000000000, -0.000000000000000000, -1.000000000000000000 ) ) ;
#8174 = CARTESIAN_POINT ( 'NONE',  ( 135.7749160051166939, 1.700069511235890785, -0.000000000000000000 ) ) ;
#8175 = DIRECTION ( 'NONE',  ( 0.000000000000000000, 0.000000000000000000, -1.000000000000000000 ) ) ;
#8176 = CARTESIAN_POINT ( 'NONE',  ( 31.60000000000000142, 77.50000000000000000, -1.200000000000000030E-05 ) ) ;
#8177 = CC_DESIGN_APPROVAL ( #3659, ( #462 ) ) ;
#8178 = VECTOR ( 'NONE', #4991, 1000.000000000000000 ) ;
#8179 = ADVANCED_FACE ( 'NONE', ( #2952 ), #302, .T. ) ;
#8180 = DIRECTION ( 'NONE',  ( -0.000000000000000000, -0.000000000000000000, -1.000000000000000000 ) ) ;
#8181 = EDGE_CURVE ( 'NONE', #458, #2635, #2071, .T. ) ;
#8182 = APPROVAL_DATE_TIME ( #6528, #2449 ) ;
#8183 = DIRECTION ( 'NONE',  ( 0.000000000000000000, 0.000000000000000000, -1.000000000000000000 ) ) ;
#8184 = AXIS2_PLACEMENT_3D ( 'NONE', #7104, #2729, #1247 ) ;
#8185 = ORIENTED_EDGE ( 'NONE', *, *, #7819, .T. ) ;
#8186 = EDGE_LOOP ( 'NONE', ( #9120, #8254, #7367, #8855 ) ) ;
#8187 = LINE ( 'NONE', #662, #7548 ) ;
#8188 = CALENDAR_DATE ( 2026, 18, 9 ) ;
#8189 = CARTESIAN_POINT ( 'NONE',  ( 29.51547649045613753, 48.14146106821037563, -0.000000000000000000 ) ) ;
#8190 = CARTESIAN_POINT ( 'NONE',  ( -20.00000000000000000, -12.00000000000000000, 0.000000000000000000 ) ) ;
#8191 = CARTESIAN_POINT ( 'NONE',  ( -14.00000000000000000, 9.000000000000000000, 10.20000000000000107 ) ) ;
#8192 = VECTOR ( 'NONE', #5651, 1000.000000000000000 ) ;
#8193 = DIRECTION ( 'NONE',  ( 0.000000000000000000, 1.000000000000000000, 0.000000000000000000 ) ) ;
#8194 = ADVANCED_FACE ( 'NONE', ( #9559, #7729, #5366, #202, #6898, #10287, #2743, #5265, #8629, #1362, #7170, #7227, #7993 ), #2179, .T. ) ;
#8195 = CYLINDRICAL_SURFACE ( 'NONE', #9507, 1.700000000000000178 ) ;
#8196 = DATE_TIME_ROLE ( 'classification_date' ) ;
#8197 = AXIS2_PLACEMENT_3D ( 'NONE', #7757, #5946, #1061 ) ;
#8198 = EDGE_LOOP ( 'NONE', ( #9020, #7776, #569, #538 ) ) ;
#8199 = FACE_OUTER_BOUND ( 'NONE', #5597, .T. ) ;
#8200 = CARTESIAN_POINT ( 'NONE',  ( -21.48452350954359247, -0.000000000000000000, 12.85853893179063512 ) ) ;
#8201 = PLANE ( 'NONE',  #10891 ) ;
#8202 = VECTOR ( 'NONE', #1392, 1000.000000000000000 ) ;
#8203 = AXIS2_PLACEMENT_3D ( 'NONE', #7537, #6652, #6451 ) ;
#8204 = APPROVAL ( #4034, 'ๆช' ) ;
#8205 = ORIENTED_EDGE ( 'NONE', *, *, #8384, .T. ) ;
#8206 = CARTESIAN_POINT ( 'NONE',  ( -10.50000000000000000, -1.300000000000000044, 0.000000000000000000 ) ) ;
#8207 = PERSON_AND_ORGANIZATION_ROLE ( 'classification_officer' ) ;
#8208 = ORIENTED_EDGE ( 'NONE', *, *, #3915, .T. ) ;
#8209 = LINE ( 'NONE', #6457, #1901 ) ;
#8210 = CARTESIAN_POINT ( 'NONE',  ( 10.00000000000000000, 19.50000000000000000, 58.00000000000000000 ) ) ;
#8211 = EDGE_CURVE ( 'NONE', #9058, #4134, #6679, .T. ) ;
#8212 = ORIENTED_EDGE ( 'NONE', *, *, #7984, .T. ) ;
#8213 = CARTESIAN_POINT ( 'NONE',  ( 0.000000000000000000, 0.000000000000000000, 4.000000000000000000 ) ) ;
#8214 = CARTESIAN_POINT ( 'NONE',  ( -11.59999999999999964, 0.000000000000000000, 6.000000000000000000 ) ) ;
#8215 = ORIENTED_EDGE ( 'NONE', *, *, #5094, .F. ) ;
#8216 = VECTOR ( 'NONE', #3893, 1000.000000000000000 ) ;
#8217 = EDGE_CURVE ( 'NONE', #2949, #4070, #10565, .T. ) ;
#8218 = EDGE_CURVE ( 'NONE', #8280, #2648, #8957, .T. ) ;
#8219 = ADVANCED_BREP_SHAPE_REPRESENTATION ( '', ( #8276, #2087 ), #9632 ) ;
#8220 = DIRECTION ( 'NONE',  ( -0.000000000000000000, -0.000000000000000000, 1.000000000000000000 ) ) ;
#8221 = ORIENTED_EDGE ( 'NONE', *, *, #4346, .F. ) ;
#8222 = DIRECTION ( 'NONE',  ( -1.000000000000000000, 0.000000000000000000, 0.000000000000000000 ) ) ;
#8223 = MANIFOLD_SOLID_BREP ( 'Servo_foot_M3', #4950 ) ;
#8224 = CIRCLE ( 'NONE', #3679, 1.700000000000000178 ) ;
#8225 = DATE_AND_TIME ( #2412, #2895 ) ;
#8226 = DIRECTION ( 'NONE',  ( -1.000000000000000000, 0.000000000000000000, 0.000000000000000000 ) ) ;
#8227 = FACE_OUTER_BOUND ( 'NONE', #7160, .T. ) ;
#8228 = CIRCLE ( 'NONE', #8408, 2.600000000000000089 ) ;
#8229 = VECTOR ( 'NONE', #4280, 1000.000000000000000 ) ;
#8231 = EDGE_CURVE ( 'NONE', #6838, #6425, #4663, .T. ) ;
#8230 = FACE_OUTER_BOUND ( 'NONE', #5466, .T. ) ;
#8232 = CYLINDRICAL_SURFACE ( 'NONE', #3614, 8.000000000000000000 ) ;
#8233 = DIRECTION ( 'NONE',  ( -0.000000000000000000, -0.000000000000000000, 1.000000000000000000 ) ) ;
#8234 = VERTEX_POINT ( 'NONE', #5680 ) ;
#8235 = VECTOR ( 'NONE', #7742, 1000.000000000000000 ) ;
#8236 = PERSON_AND_ORGANIZATION ( #10500, #8573 ) ;
#8237 = UNCERTAINTY_MEASURE_WITH_UNIT (LENGTH_MEASURE( 1.000000000000000082E-05 ), #9851, 'distance_accuracy_value', 'NONE');
#8238 = LINE ( 'NONE', #10800, #2073 ) ;
#8239 = EDGE_LOOP ( 'NONE', ( #2158, #4016, #5274, #10617 ) ) ;
#8240 = EDGE_LOOP ( 'NONE', ( #10392, #4150 ) ) ;
#8241 = DIRECTION ( 'NONE',  ( 0.000000000000000000, 0.000000000000000000, 1.000000000000000000 ) ) ;
#8242 = MECHANICAL_CONTEXT ( 'NONE', #3384, 'mechanical' ) ;
#8243 = CARTESIAN_POINT ( 'NONE',  ( 30.50000000000000000, 10.00000000000000000, 39.50000000000000000 ) ) ;
#8244 = CARTESIAN_POINT ( 'NONE',  ( 29.30000000000000071, 49.00000000000000000, -6.000000000000000152E-06 ) ) ;
#8246 = EDGE_CURVE ( 'NONE', #1313, #1972, #9893, .T. ) ;
#8245 = CARTESIAN_POINT ( 'NONE',  ( 40.00000000000000000, 40.00000000000000000, 40.00000000000000000 ) ) ;
#8247 = FACE_OUTER_BOUND ( 'NONE', #4884, .T. ) ;
#8248 = EDGE_CURVE ( 'NONE', #103, #3693, #4819, .T. ) ;
#8249 = VECTOR ( 'NONE', #1407, 1000.000000000000000 ) ;
#8250 = LINE ( 'NONE', #717, #3887 ) ;
#8251 = VECTOR ( 'NONE', #3210, 1000.000000000000000 ) ;
#8252 = APPLICATION_PROTOCOL_DEFINITION ( 'international standard', 'config_control_design', 1994, #3954 ) ;
#8253 = B_SPLINE_CURVE_WITH_KNOTS ( 'NONE', 3,
 ( #10882, #5030, #8375, #849, #3386, #9391, #1125, #2061, #1191, #6171, #1019, #9606, #4389, #6222, #8777, #5413, #4495, #4606 ),
 .UNSPECIFIED., .F., .F.,
 ( 4, 2, 2, 2, 2, 2, 2, 2, 4 ),
 ( 0.5000000000000000000, 0.5625000000000000000, 0.6250000000000000000, 0.6875000000000000000, 0.7500000000000000000, 0.8125000000000000000, 0.8750000000000000000, 0.9375000000000000000, 1.000000000000000000 ),
 .UNSPECIFIED. ) ;
#8254 = ORIENTED_EDGE ( 'NONE', *, *, #3041, .F. ) ;
#8255 = CARTESIAN_POINT ( 'NONE',  ( 9.511064628574491309, 10.27374944521859668, 8.868648734014357160 ) ) ;
#8256 = CARTESIAN_POINT ( 'NONE',  ( 8.000000000000000000, 9.797174393178825657E-16, 5.000000000000000000 ) ) ;
#8257 = EDGE_CURVE ( 'NONE', #8407, #6426, #9783, .T. ) ;
#8258 = DIRECTION ( 'NONE',  ( 0.000000000000000000, 0.000000000000000000, 1.000000000000000000 ) ) ;
#8259 = FACE_OUTER_BOUND ( 'NONE', #5267, .T. ) ;
#8260 = CIRCLE ( 'NONE', #9876, 1.700000000000000178 ) ;
#8261 = MANIFOLD_SOLID_BREP ( 'V2_REF_electronics_envelope', #4612 ) ;
#8262 = AXIS2_PLACEMENT_3D ( 'NONE', #3599, #2777, #6110 ) ;
#8263 = ORIENTED_EDGE ( 'NONE', *, *, #10641, .F. ) ;
#8264 = CARTESIAN_POINT ( 'NONE',  ( 31.00000000000000000, 8.000000000000000000, 22.70000000000000284 ) ) ;
#8265 = ORIENTED_EDGE ( 'NONE', *, *, #10430, .F. ) ;
#8266 = CARTESIAN_POINT ( 'NONE',  ( 30.55741526174906753, 50.65666690099451586, 0.000000000000000000 ) ) ;
#8267 = DIRECTION ( 'NONE',  ( 0.000000000000000000, 0.000000000000000000, -1.000000000000000000 ) ) ;
#8268 = CC_DESIGN_PERSON_AND_ORGANIZATION_ASSIGNMENT ( #2657, #6038, ( #10634 ) ) ;
#8269 = EDGE_LOOP ( 'NONE', ( #2688, #7859, #6501, #4358 ) ) ;
#8270 = CARTESIAN_POINT ( 'NONE',  ( 31.60000000000000142, 67.50000000000000000, -1.200000000000000030E-05 ) ) ;
#8271 = CARTESIAN_POINT ( 'NONE',  ( 18.63871090099681993, -4.957027739236157693, -0.000000000000000000 ) ) ;
#8272 = ORIENTED_EDGE ( 'NONE', *, *, #4376, .F. ) ;
#8273 = CARTESIAN_POINT ( 'NONE',  ( 0.000000000000000000, 0.000000000000000000, 58.00000000000000000 ) ) ;
#8274 = ORIENTED_EDGE ( 'NONE', *, *, #5829, .F. ) ;
#8275 = CYLINDRICAL_SURFACE ( 'NONE', #7557, 19.00000000000000000 ) ;
#8276 = MANIFOLD_SOLID_BREP ( 'Bearing_retainer_40x24x2', #3200 ) ;
#8277 = DATE_TIME_ROLE ( 'classification_date' ) ;
#8278 = ORIENTED_EDGE ( 'NONE', *, *, #4912, .F. ) ;
#8279 = DIRECTION ( 'NONE',  ( -0.000000000000000000, -0.000000000000000000, -1.000000000000000000 ) ) ;
#8280 = VERTEX_POINT ( 'NONE', #8206 ) ;
#8281 = CARTESIAN_POINT ( 'NONE',  ( 136.4426379398502718, 1.656795341010720568, -0.000000000000000000 ) ) ;
#8282 = CC_DESIGN_PERSON_AND_ORGANIZATION_ASSIGNMENT ( #659, #7304, ( #8889 ) ) ;
#8283 = DIRECTION ( 'NONE',  ( 0.000000000000000000, 0.000000000000000000, 1.000000000000000000 ) ) ;
#8284 = CARTESIAN_POINT ( 'NONE',  ( 124.2250839948863330, 1.699930488764121561, 0.000000000000000000 ) ) ;
#8285 = APPLICATION_CONTEXT ( 'configuration controlled 3d designs of mechanical parts and assemblies' ) ;
#8286 = ORIENTED_EDGE ( 'NONE', *, *, #7653, .T. ) ;
#8287 = VERTEX_POINT ( 'NONE', #8898 ) ;
#8288 = CARTESIAN_POINT ( 'NONE',  ( 0.000000000000000000, 0.000000000000000000, 0.000000000000000000 ) ) ;
#8289 = PERSON_AND_ORGANIZATION_ROLE ( 'creator' ) ;
#8290 = FACE_OUTER_BOUND ( 'NONE', #896, .T. ) ;
#8291 = EDGE_CURVE ( 'NONE', #9070, #8097, #2340, .T. ) ;
#8292 = ORIENTED_EDGE ( 'NONE', *, *, #7301, .T. ) ;
#8293 = LINE ( 'NONE', #10860, #4595 ) ;
#8294 = COORDINATED_UNIVERSAL_TIME_OFFSET ( 5, 0, .BEHIND. ) ;
#8295 = B_SPLINE_CURVE_WITH_KNOTS ( 'NONE', 3,
 ( #7522, #2013, #2590, #6749, #5930, #9310, #1764, #5120, #8465, #9472, #8642, #3632, #6971, #6914, #6189, #7069, #5381, #369 ),
 .UNSPECIFIED., .F., .F.,
 ( 4, 2, 2, 2, 2, 2, 2, 2, 4 ),
 ( 0.5000000000000000000, 0.5624999999999995559, 0.6249999999999991118, 0.6874999999999985567, 0.7499999999999981126, 0.8124999999999985567, 0.8749999999999991118, 0.9374999999999995559, 1.000000000000000000 ),
 .UNSPECIFIED. ) ;
#8296 = CARTESIAN_POINT ( 'NONE',  ( 183.0000000000000000, 0.000000000000000000, 3.000000000000000000 ) ) ;
#8297 = CARTESIAN_POINT ( 'NONE',  ( 29.34333309900548414, 48.55741526174832501, 0.000000000000000000 ) ) ;
#8298 = LINE ( 'NONE', #3156, #162 ) ;
#8299 = CYLINDRICAL_SURFACE ( 'NONE', #8522, 14.00000000000000000 ) ;
#8300 = MANIFOLD_SOLID_BREP ( 'V2_REF_chassis_255p8x149', #1093 ) ;
#8301 = EDGE_CURVE ( 'NONE', #6172, #6841, #2292, .T. ) ;
#8302 = DIRECTION ( 'NONE',  ( 1.000000000000000000, 0.000000000000000000, 0.000000000000000000 ) ) ;
#8303 = EDGE_CURVE ( 'NONE', #750, #8406, #9726, .T. ) ;
#8304 = CARTESIAN_POINT ( 'NONE',  ( -10.69999999999999929, 49.00000000000000000, -6.000000000000000152E-06 ) ) ;
#8305 = PERSON_AND_ORGANIZATION ( #10500, #8573 ) ;
#8306 = ORIENTED_EDGE ( 'NONE', *, *, #5142, .F. ) ;
#8307 = CARTESIAN_POINT ( 'NONE',  ( -12.00000000000000000, 7.000000000000000000, 15.00000000000000000 ) ) ;
#8308 = CARTESIAN_POINT ( 'NONE',  ( -14.44258473825003897, 71.65666690099503455, 0.000000000000000000 ) ) ;
#8309 = DIRECTION ( 'NONE',  ( 0.000000000000000000, 1.000000000000000000, 0.000000000000000000 ) ) ;
#8310 = APPROVAL_PERSON_ORGANIZATION ( #3742, #10783, #8858 ) ;
#8311 = CARTESIAN_POINT ( 'NONE',  ( -11.59999999999999964, 0.000000000000000000, 6.000000000000000000 ) ) ;
#8312 = EDGE_CURVE ( 'NONE', #3555, #2442, #3424, .T. ) ;
#8313 = EDGE_CURVE ( 'NONE', #9699, #4134, #1305, .T. ) ;
#8314 = AXIS2_PLACEMENT_3D ( 'NONE', #2097, #3804, #7135 ) ;
#8315 = SECURITY_CLASSIFICATION ( '', '', #2255 ) ;
#8316 = ORIENTED_EDGE ( 'NONE', *, *, #795, .T. ) ;
#8317 = DIRECTION ( 'NONE',  ( -0.000000000000000000, -0.000000000000000000, -1.000000000000000000 ) ) ;
#8318 = EDGE_LOOP ( 'NONE', ( #5426, #7460, #1287, #861 ) ) ;
#8319 = LINE ( 'NONE', #5147, #1196 ) ;
#8320 = CARTESIAN_POINT ( 'NONE',  ( 0.000000000000000000, 0.000000000000000000, 12.00000000000000000 ) ) ;
#8321 = DIRECTION ( 'NONE',  ( -0.000000000000000000, -0.000000000000000000, 1.000000000000000000 ) ) ;
#8322 = AXIS2_PLACEMENT_3D ( 'NONE', #529, #10571, #8110 ) ;
#8323 = DIRECTION ( 'NONE',  ( -0.000000000000000000, 1.000000000000000000, -0.000000000000000000 ) ) ;
#8324 = ORGANIZATION ( 'NAUO-ORG17', 'UNSPECIFIED', 'UNSPECIFIED' ) ;
#8325 = ORIENTED_EDGE ( 'NONE', *, *, #4634, .T. ) ;
#8326 =( NAMED_UNIT ( * ) PLANE_ANGLE_UNIT ( ) SI_UNIT ( $, .RADIAN. ) );
#8327 = DIRECTION ( 'NONE',  ( 1.000000000000000000, -0.000000000000000000, 0.000000000000000000 ) ) ;
#8328 = PERSON_AND_ORGANIZATION ( #10500, #8573 ) ;
#8329 = ORIENTED_EDGE ( 'NONE', *, *, #7952, .F. ) ;
#8330 = CARTESIAN_POINT ( 'NONE',  ( 11.81583934084839349, 7.509301620396097832, 9.326223922444665249 ) ) ;
#8331 = LOCAL_TIME ( 6, 20, 19.00000000000000000, #2029 ) ;
#8332 = ORIENTED_EDGE ( 'NONE', *, *, #2219, .F. ) ;
#8333 = CYLINDRICAL_SURFACE ( 'NONE', #8561, 2.600000000000000089 ) ;
#8334 = DIRECTION ( 'NONE',  ( 0.000000000000000000, 0.000000000000000000, 1.000000000000000000 ) ) ;
#8335 = CARTESIAN_POINT ( 'NONE',  ( 22.00000000000000000, 0.000000000000000000, 8.000000000000000000 ) ) ;
#8336 = CARTESIAN_POINT ( 'NONE',  ( 124.4426379398472022, 1.656795341010720346, -0.000000000000000000 ) ) ;
#8337 = PRODUCT ( 'V2_REF_block40', 'V2_REF_block40', '', ( #10091 ) ) ;
#8338 = CC_DESIGN_APPROVAL ( #10330, ( #3188 ) ) ;
#8339 = SHAPE_REPRESENTATION_RELATIONSHIP ( 'NONE' , 'NONE' ,  #5866, #5753 ) ;
#8340 = PERSON_AND_ORGANIZATION ( #10500, #8573 ) ;
#8341 = APPROVAL ( #3483, 'ๆช' ) ;
#8342 = DIRECTION ( 'NONE',  ( 1.000000000000000000, 0.000000000000000000, 0.000000000000000000 ) ) ;
#8343 = ORIENTED_EDGE ( 'NONE', *, *, #3766, .F. ) ;
#8344 = ORIENTED_EDGE ( 'NONE', *, *, #5303, .T. ) ;
#8345 = CARTESIAN_POINT ( 'NONE',  ( 31.60000000000000142, 67.50000000000000000, 1.409402627941315211 ) ) ;
#8346 = DATE_AND_TIME ( #8989, #3789 ) ;
#8347 = CARTESIAN_POINT ( 'NONE',  ( 43.00000000000000000, 0.000000000000000000, 24.00000000000000000 ) ) ;
#8348 = DIRECTION ( 'NONE',  ( -1.000000000000000000, 0.000000000000000000, 0.000000000000000000 ) ) ;
#8349 = CARTESIAN_POINT ( 'NONE',  ( -27.69999999999999929, -45.00000000000000000, 5.000000000000000000 ) ) ;
#8350 = CC_DESIGN_APPROVAL ( #6936, ( #5993 ) ) ;
#8351 = FACE_BOUND ( 'NONE', #9570, .T. ) ;
#8352 = VECTOR ( 'NONE', #7569, 1000.000000000000000 ) ;
#8353 = EDGE_CURVE ( 'NONE', #7985, #733, #9008, .T. ) ;
#8354 = EDGE_LOOP ( 'NONE', ( #8574, #2876, #10773, #3676 ) ) ;
#8355 = COORDINATED_UNIVERSAL_TIME_OFFSET ( 5, 0, .BEHIND. ) ;
#8356 = PERSON_AND_ORGANIZATION_ROLE ( 'design_owner' ) ;
#8357 = CC_DESIGN_PERSON_AND_ORGANIZATION_ASSIGNMENT ( #832, #8356, ( #847 ) ) ;
#8358 = FACE_BOUND ( 'NONE', #8240, .T. ) ;
#8359 = PRODUCT_DEFINITION_FORMATION_WITH_SPECIFIED_SOURCE ( 'ไป', '', #6913, .NOT_KNOWN. ) ;
#8360 = CARTESIAN_POINT ( 'NONE',  ( -10.65679534101080783, 49.44263793984767830, -0.000000000000000000 ) ) ;
#8361 = PERSON ( 'NAUO-PER3', 'UNSPECIFIED', 'UNSPECIFIED', ('UNSPECIFIED'), ('UNSPECIFIED'), ('UNSPECIFIED') ) ;
#8362 = PERSON_AND_ORGANIZATION_ROLE ( 'design_owner' ) ;
#8363 = ORIENTED_EDGE ( 'NONE', *, *, #8519, .F. ) ;
#8364 = CARTESIAN_POINT ( 'NONE',  ( 9.047774080068554881, 10.68363060322405289, 9.731058013007706009 ) ) ;
#8365 = AXIS2_PLACEMENT_3D ( 'NONE', #8833, #3310, #5822 ) ;
#8366 = CARTESIAN_POINT ( 'NONE',  ( -12.63880920472417735, 71.04287395702736774, 0.000000000000000000 ) ) ;
#8367 = ORIENTED_EDGE ( 'NONE', *, *, #10355, .F. ) ;
#8368 = CARTESIAN_POINT ( 'NONE',  ( -20.00000000000000000, -12.00000000000000000, 2.000000000000000000 ) ) ;
#8369 = ADVANCED_FACE ( 'NONE', ( #2451 ), #3444, .T. ) ;
#8370 = DIRECTION ( 'NONE',  ( 0.000000000000000000, 0.000000000000000000, -1.000000000000000000 ) ) ;
#8371 = EDGE_CURVE ( 'NONE', #9628, #3777, #10057, .T. ) ;
#8372 = VECTOR ( 'NONE', #4892, 1000.000000000000000 ) ;
#8373 = AXIS2_PLACEMENT_3D ( 'NONE', #3669, #200, #402 ) ;
#8374 = ORIENTED_EDGE ( 'NONE', *, *, #7847, .F. ) ;
#8375 = CARTESIAN_POINT ( 'NONE',  ( 12.34333309900628173, 69.55741526174936951, -0.000000000000000000 ) ) ;
#8376 = EDGE_LOOP ( 'NONE', ( #3408, #1960, #5306, #6001 ) ) ;
#8377 = CARTESIAN_POINT ( 'NONE',  ( 15.36119079527582620, 71.04287395702736774, 0.000000000000000000 ) ) ;
#8378 = DIRECTION ( 'NONE',  ( -0.000000000000000000, -1.000000000000000000, -0.000000000000000000 ) ) ;
#8379 = VECTOR ( 'NONE', #8441, 1000.000000000000000 ) ;
#8380 = EDGE_CURVE ( 'NONE', #353, #9682, #6780, .T. ) ;
#8381 = VERTEX_POINT ( 'NONE', #5144 ) ;
#8382 = DIRECTION ( 'NONE',  ( -0.000000000000000000, -0.000000000000000000, -1.000000000000000000 ) ) ;
#8383 = LOCAL_TIME ( 6, 20, 19.00000000000000000, #10613 ) ;
#8384 = EDGE_CURVE ( 'NONE', #9305, #839, #4331, .T. ) ;
#8385 = CARTESIAN_POINT ( 'NONE',  ( 136.8585389317908607, -1.484523509544498410, -0.000000000000000000 ) ) ;
#8386 = ORIENTED_EDGE ( 'NONE', *, *, #1461, .T. ) ;
#8387 = CARTESIAN_POINT ( 'NONE',  ( -15.59999999999999964, 77.50000000000000000, -1.200000000000000030E-05 ) ) ;
#8388 = VECTOR ( 'NONE', #6157, 1000.000000000000000 ) ;
#8389 = DATE_TIME_ROLE ( 'creation_date' ) ;
#8390 = ORIENTED_EDGE ( 'NONE', *, *, #3766, .T. ) ;
#8391 = CARTESIAN_POINT ( 'NONE',  ( 31.85853893179215746, -0.000000000000000000, 4.484523509542805542 ) ) ;
#8392 = MANIFOLD_SOLID_BREP ( 'V2_REF_block40', #4085 ) ;
#8393 = CALENDAR_DATE ( 2026, 18, 9 ) ;
#8394 = ORIENTED_EDGE ( 'NONE', *, *, #9150, .T. ) ;
#8395 = DIRECTION ( 'NONE',  ( -1.000000000000000000, 0.000000000000000000, 0.000000000000000000 ) ) ;
#8396 = DIRECTION ( 'NONE',  ( 0.000000000000000000, 0.000000000000000000, 1.000000000000000000 ) ) ;
#8397 = LINE ( 'NONE', #8335, #9838 ) ;
#8398 = CARTESIAN_POINT ( 'NONE',  ( 123.5574152617459305, 1.656666900993485791, 0.000000000000000000 ) ) ;
#8399 = EDGE_CURVE ( 'NONE', #3212, #2679, #962, .T. ) ;
#8400 = AXIS2_PLACEMENT_3D ( 'NONE', #1368, #9681, #8849 ) ;
#8401 = LINE ( 'NONE', #2326, #10721 ) ;
#8402 =( NAMED_UNIT ( * ) PLANE_ANGLE_UNIT ( ) SI_UNIT ( $, .RADIAN. ) );
#8403 = SHAPE_DEFINITION_REPRESENTATION ( #551, #5673 ) ;
#8404 = DIRECTION ( 'NONE',  ( 1.000000000000000000, 0.000000000000000000, 0.000000000000000000 ) ) ;
#8405 = VECTOR ( 'NONE', #9300, 1000.000000000000000 ) ;
#8406 = VERTEX_POINT ( 'NONE', #10828 ) ;
#8407 = VERTEX_POINT ( 'NONE', #9111 ) ;
#8408 = AXIS2_PLACEMENT_3D ( 'NONE', #2273, #1451, #4140 ) ;
#8409 = FACE_OUTER_BOUND ( 'NONE', #7687, .T. ) ;
#8410 = VECTOR ( 'NONE', #5089, 1000.000000000000000 ) ;
#8411 = SECURITY_CLASSIFICATION_LEVEL ( 'unclassified' ) ;
#8412 = CARTESIAN_POINT ( 'NONE',  ( -10.37336209607597226, 9.405379716584157279, 8.336676472900883539 ) ) ;
#8413 = CARTESIAN_POINT ( 'NONE',  ( -24.30000000000000071, -57.00000000000000000, 5.000000000000000000 ) ) ;
#8414 = DIRECTION ( 'NONE',  ( -0.000000000000000000, -0.000000000000000000, 1.000000000000000000 ) ) ;
#8415 = FACE_BOUND ( 'NONE', #5067, .T. ) ;
#8416 = APPROVAL ( #7967, 'ๆช' ) ;
#8417 = AXIS2_PLACEMENT_3D ( 'NONE', #8307, #10874, #4207 ) ;
#8418 = AXIS2_PLACEMENT_3D ( 'NONE', #6816, #10145, #9255 ) ;
#8419 = APPROVAL_STATUS ( 'not_yet_approved' ) ;
#8420 = DATE_TIME_ROLE ( 'classification_date' ) ;
#8421 = DIRECTION ( 'NONE',  ( 0.000000000000000000, 1.000000000000000000, 0.000000000000000000 ) ) ;
#8422 = CARTESIAN_POINT ( 'NONE',  ( 255.8000000000000398, 0.000000000000000000, 0.000000000000000000 ) ) ;
#8423 = COORDINATED_UNIVERSAL_TIME_OFFSET ( 5, 0, .BEHIND. ) ;
#8424 = VERTEX_POINT ( 'NONE', #134 ) ;
#8425 = CARTESIAN_POINT ( 'NONE',  ( 10.55017837208570519, 9.206882368080758994, 8.299999999999998934 ) ) ;
#8426 = VECTOR ( 'NONE', #9522, 1000.000000000000000 ) ;
#8427 = CIRCLE ( 'NONE', #347, 1.700000000000000178 ) ;
#8428 = CARTESIAN_POINT ( 'NONE',  ( -11.59999999999999964, 62.50000000000000000, 6.000000000000000000 ) ) ;
#8429 = LINE ( 'NONE', #8610, #9661 ) ;
#8430 = CC_DESIGN_PERSON_AND_ORGANIZATION_ASSIGNMENT ( #5324, #422, ( #1159 ) ) ;
#8431 = DIRECTION ( 'NONE',  ( -0.000000000000000000, -0.000000000000000000, 1.000000000000000000 ) ) ;
#8432 = ORIENTED_EDGE ( 'NONE', *, *, #2614, .T. ) ;
#8433 = VECTOR ( 'NONE', #10376, 1000.000000000000000 ) ;
#8434 = UNCERTAINTY_MEASURE_WITH_UNIT (LENGTH_MEASURE( 1.000000000000000082E-05 ), #7237, 'distance_accuracy_value', 'NONE');
#8435 = EDGE_CURVE ( 'NONE', #7835, #123, #10168, .T. ) ;
#8436 =( REPRESENTATION_RELATIONSHIP ('NONE','NONE', #403, #128 ) REPRESENTATION_RELATIONSHIP_WITH_TRANSFORMATION ( #863 )SHAPE_REPRESENTATION_RELATIONSHIP( ) );
#8437 = ORIENTED_EDGE ( 'NONE', *, *, #10693, .T. ) ;
#8438 = CYLINDRICAL_SURFACE ( 'NONE', #4351, 1.700000000000000178 ) ;
#8439 = ORIENTED_EDGE ( 'NONE', *, *, #9548, .F. ) ;
#8440 = B_SPLINE_CURVE_WITH_KNOTS ( 'NONE', 3,
 ( #6378, #285, #8034, #7096, #10489, #3761, #4599, #6330, #7046, #10547, #7213, #3884, #2937, #3050, #3823, #9769, #4649, #2224 ),
 .UNSPECIFIED., .F., .F.,
 ( 4, 2, 2, 2, 2, 2, 2, 2, 4 ),
 ( 0.5000000000000000000, 0.5625000000000000000, 0.6250000000000000000, 0.6875000000000000000, 0.7500000000000000000, 0.8125000000000000000, 0.8750000000000000000, 0.9375000000000000000, 1.000000000000000000 ),
 .UNSPECIFIED. ) ;
#8441 = DIRECTION ( 'NONE',  ( 1.000000000000000000, -0.000000000000000000, 0.000000000000000000 ) ) ;
#8442 = CARTESIAN_POINT ( 'NONE',  ( -24.30000000000000071, 57.00000000000000000, 5.000000000000000000 ) ) ;
#8443 = AXIS2_PLACEMENT_3D ( 'NONE', #7025, #10415, #2860 ) ;
#8444 = ORIENTED_EDGE ( 'NONE', *, *, #1815, .F. ) ;
#8445 = LINE ( 'NONE', #4279, #7342 ) ;
#8446 = CARTESIAN_POINT ( 'NONE',  ( 118.3810499613777267, -11.00000000000000000, 6.000000000000000000 ) ) ;
#8447 = ORIENTED_EDGE ( 'NONE', *, *, #7255, .T. ) ;
#8448 = ADVANCED_FACE ( 'NONE', ( #5842 ), #6668, .F. ) ;
#8449 = PERSON_AND_ORGANIZATION ( #10500, #8573 ) ;
#8450 = ADVANCED_FACE ( 'NONE', ( #2624 ), #7599, .F. ) ;
#8451 = VERTEX_POINT ( 'NONE', #3330 ) ;
#8452 = CARTESIAN_POINT ( 'NONE',  ( 11.51689599024726007, 7.960616816174120203, 7.150113106382693040 ) ) ;
#8453 = MANIFOLD_SOLID_BREP ( 'Clamp_crossbolt_M3', #2498 ) ;
#8454 = DATE_TIME_ROLE ( 'classification_date' ) ;
#8455 = ORIENTED_EDGE ( 'NONE', *, *, #8092, .F. ) ;
#8456 = DIRECTION ( 'NONE',  ( 1.000000000000000000, -0.000000000000000000, -0.000000000000000000 ) ) ;
#8457 = EDGE_LOOP ( 'NONE', ( #9221, #6231, #6553, #2416 ) ) ;
#8458 = CARTESIAN_POINT ( 'NONE',  ( 24.30000000000000071, 57.00000000000000000, -1.200000000000000030E-05 ) ) ;
#8459 = DIRECTION ( 'NONE',  ( -0.000000000000000000, 1.000000000000000000, 0.000000000000000000 ) ) ;
#8460 = AXIS2_PLACEMENT_3D ( 'NONE', #2672, #4208, #3547 ) ;
#8461 = FACE_BOUND ( 'NONE', #6916, .T. ) ;
#8462 = LINE ( 'NONE', #7261, #1755 ) ;
#8463 = ORIENTED_EDGE ( 'NONE', *, *, #1853, .F. ) ;
#8464 = APPLICATION_PROTOCOL_DEFINITION ( 'international standard', 'config_control_design', 1994, #5485 ) ;
#8465 = CARTESIAN_POINT ( 'NONE',  ( 30.77491600511334013, 29.30006951123578673, 0.000000000000000000 ) ) ;
#8466 = ADVANCED_FACE ( 'NONE', ( #5960 ), #8438, .F. ) ;
#8467 = ORIENTED_EDGE ( 'NONE', *, *, #3327, .T. ) ;
#8468 = EDGE_CURVE ( 'NONE', #6022, #71, #5737, .T. ) ;
#8469 = EDGE_LOOP ( 'NONE', ( #1780, #6071, #8959, #4233 ) ) ;
#8470 = DIRECTION ( 'NONE',  ( 0.000000000000000000, 0.000000000000000000, 1.000000000000000000 ) ) ;
#8471 = DATE_AND_TIME ( #4361, #5851 ) ;
#8472 = LINE ( 'NONE', #4255, #1531 ) ;
#8473 = DIRECTION ( 'NONE',  ( 0.000000000000000000, 0.000000000000000000, 1.000000000000000000 ) ) ;
#8474 = VERTEX_POINT ( 'NONE', #8264 ) ;
#8475 = CYLINDRICAL_SURFACE ( 'NONE', #7535, 1.700000000000000178 ) ;
#8476 = FACE_BOUND ( 'NONE', #2086, .T. ) ;
#8477 = MANIFOLD_SOLID_BREP ( 'Servo_stand_relief_W8_H58', #10603 ) ;
#8478 = DATE_AND_TIME ( #6709, #2745 ) ;
#8479 = SECURITY_CLASSIFICATION_LEVEL ( 'unclassified' ) ;
#8480 = DIRECTION ( 'NONE',  ( -1.000000000000000000, -0.000000000000000000, -0.000000000000000000 ) ) ;
#8481 = CARTESIAN_POINT ( 'NONE',  ( 9.509326000432830384, 10.27740646207855768, 9.641216089630352926 ) ) ;
#8482 = CC_DESIGN_PERSON_AND_ORGANIZATION_ASSIGNMENT ( #3742, #2199, ( #7956 ) ) ;
#8483 = APPROVAL_ROLE ( '' ) ;
#8484 = ORIENTED_EDGE ( 'NONE', *, *, #655, .T. ) ;
#8485 = CARTESIAN_POINT ( 'NONE',  ( 9.170132238024915949, 10.57899323120674140, 9.358776623762611990 ) ) ;
#8486 = LINE ( 'NONE', #9544, #8819 ) ;
#8487 = CYLINDRICAL_SURFACE ( 'NONE', #7058, 1.700000000000000178 ) ;
#8488 = CARTESIAN_POINT ( 'NONE',  ( -8.557362060153382188, 32.65679534101005288, -0.000000000000000000 ) ) ;
#8489 = MANIFOLD_SOLID_BREP ( 'V2_REF_gripper_body', #9361 ) ;
#8490 = APPROVAL ( #4709, 'ๆช' ) ;
#8491 = ORIENTED_EDGE ( 'NONE', *, *, #399, .F. ) ;
#8492 = DIRECTION ( 'NONE',  ( -0.000000000000000000, -1.000000000000000000, -0.000000000000000000 ) ) ;
#8493 = DATE_AND_TIME ( #9220, #668 ) ;
#8494 = ORIENTED_EDGE ( 'NONE', *, *, #8785, .F. ) ;
#8495 = ORGANIZATION ( 'NAUO-ORG6', 'UNSPECIFIED', 'UNSPECIFIED' ) ;
#8496 = FACE_BOUND ( 'NONE', #8080, .T. ) ;
#8497 = CARTESIAN_POINT ( 'NONE',  ( 0.000000000000000000, 25.00000000000000000, 0.000000000000000000 ) ) ;
#8498 = ORIENTED_EDGE ( 'NONE', *, *, #5762, .T. ) ;
#8499 = CARTESIAN_POINT ( 'NONE',  ( -2.081978247435513296, -1.594878658085206125, 0.000000000000000000 ) ) ;
#8500 = CARTESIAN_POINT ( 'NONE',  ( -7.957126042969157709, 0.000000000000000000, 22.36119079527084352 ) ) ;
#8501 = EDGE_CURVE ( 'NONE', #6961, #4168, #7490, .T. ) ;
#8502 = AXIS2_PLACEMENT_3D ( 'NONE', #5321, #8684, #6800 ) ;
#8503 = ORIENTED_EDGE ( 'NONE', *, *, #7553, .T. ) ;
#8504 = CC_DESIGN_APPROVAL ( #1635, ( #7964 ) ) ;
#8505 = APPLICATION_CONTEXT ( 'configuration controlled 3d designs of mechanical parts and assemblies' ) ;
#8506 = EDGE_CURVE ( 'NONE', #2305, #1147, #3275, .T. ) ;
#8507 = EDGE_LOOP ( 'NONE', ( #8692, #3502 ) ) ;
#8508 = CARTESIAN_POINT ( 'NONE',  ( 11.51987796860835189, 7.956290687835841702, 9.846496519295632410 ) ) ;
#8509 = DATE_TIME_ROLE ( 'classification_date' ) ;
#8510 = ADVANCED_BREP_SHAPE_REPRESENTATION ( '', ( #4619, #2087 ), #2601 ) ;
#8511 = VERTEX_POINT ( 'NONE', #788 ) ;
#8512 = DIRECTION ( 'NONE',  ( 0.000000000000000000, 0.000000000000000000, -1.000000000000000000 ) ) ;
#8513 = CIRCLE ( 'NONE', #8147, 1.700000000000000178 ) ;
#8514 = FACE_BOUND ( 'NONE', #4684, .T. ) ;
#8515 = CARTESIAN_POINT ( 'NONE',  ( 0.000000000000000000, 59.50000000000000000, 6.000000000000000000 ) ) ;
#8516 = SECURITY_CLASSIFICATION ( '', '', #9842 ) ;
#8517 = CARTESIAN_POINT ( 'NONE',  ( 0.000000000000000000, 0.000000000000000000, 12.00000000000000000 ) ) ;
#8518 = CARTESIAN_POINT ( 'NONE',  ( -19.77491600511588032, -35.70006951123654915, -0.000000000000000000 ) ) ;
#8519 = EDGE_CURVE ( 'NONE', #624, #7910, #5789, .T. ) ;
#8520 = VERTEX_POINT ( 'NONE', #1630 ) ;
#8521 = CARTESIAN_POINT ( 'NONE',  ( -2.500000000000000000, 0.000000000000000000, 68.00000000000000000 ) ) ;
#8522 = AXIS2_PLACEMENT_3D ( 'NONE', #7473, #10040, #6197 ) ;
#8523 = PERSON_AND_ORGANIZATION ( #10500, #8573 ) ;
#8524 = DIRECTION ( 'NONE',  ( 0.000000000000000000, -1.000000000000000000, 0.000000000000000000 ) ) ;
#8525 = CC_DESIGN_SECURITY_CLASSIFICATION ( #3608, ( #10913 ) ) ;
#8526 = ORIENTED_EDGE ( 'NONE', *, *, #9030, .T. ) ;
#8527 = CARTESIAN_POINT ( 'NONE',  ( 186.0000000000000000, 149.0000000000000000, 3.000000000000000000 ) ) ;
#8528 = ORIENTED_EDGE ( 'NONE', *, *, #8738, .F. ) ;
#8529 = ITEM_DEFINED_TRANSFORMATION ( 'NONE', 'NONE', #4711,  #2087 ) ;
#8530 = FACE_OUTER_BOUND ( 'NONE', #5143, .T. ) ;
#8531 = CARTESIAN_POINT ( 'NONE',  ( -21.36128909900317652, -4.957027739236157693, -0.000000000000000000 ) ) ;
#8532 = CARTESIAN_POINT ( 'NONE',  ( 5.799999999999999822, 70.00000000000000000, -1.200000000000000030E-05 ) ) ;
#8533 = CARTESIAN_POINT ( 'NONE',  ( -7.638809204729263058, 0.000000000000000000, 1.957126042969049795 ) ) ;
#8534 = EDGE_CURVE ( 'NONE', #1264, #9058, #1681, .T. ) ;
#8535 = LOCAL_TIME ( 6, 20, 19.00000000000000000, #1230 ) ;
#8536 = EDGE_CURVE ( 'NONE', #9688, #10119, #8253, .T. ) ;
#8537 = APPROVAL_DATE_TIME ( #9261, #5928 ) ;
#8538 = APPLICATION_PROTOCOL_DEFINITION ( 'international standard', 'config_control_design', 1994, #7931 ) ;
#8539 = LINE ( 'NONE', #5884, #9631 ) ;
#8540 = FACE_OUTER_BOUND ( 'NONE', #9854, .T. ) ;
#8541 = APPROVAL_STATUS ( 'not_yet_approved' ) ;
#8542 = APPROVAL_PERSON_ORGANIZATION ( #2603, #8341, #4 ) ;
#8543 = VERTEX_POINT ( 'NONE', #2887 ) ;
#8544 = CARTESIAN_POINT ( 'NONE',  ( -10.48452350954348766, -0.000000000000000000, 3.858538931790370885 ) ) ;
#8545 = LINE ( 'NONE', #10324, #7382 ) ;
#8546 = CARTESIAN_POINT ( 'NONE',  ( -0.5999999999999999778, 0.000000000000000000, 0.000000000000000000 ) ) ;
#8547 = CARTESIAN_POINT ( 'NONE',  ( -10.04287395702989549, 32.36119079527254172, 0.000000000000000000 ) ) ;
#8548 = EDGE_CURVE ( 'NONE', #10464, #936, #5729, .T. ) ;
#8549 = CC_DESIGN_APPROVAL ( #3525, ( #1177 ) ) ;
#8550 = EDGE_LOOP ( 'NONE', ( #9345, #5959, #2070, #6720 ) ) ;
#8551 = AXIS2_PLACEMENT_3D ( 'NONE', #9665, #1658, #10807 ) ;
#8552 = EDGE_LOOP ( 'NONE', ( #8848, #2655, #7139, #10169 ) ) ;
#8553 = DIRECTION ( 'NONE',  ( 0.000000000000000000, 0.000000000000000000, -1.000000000000000000 ) ) ;
#8554 = PERSON_AND_ORGANIZATION_ROLE ( 'classification_officer' ) ;
#8555 = ORIENTED_EDGE ( 'NONE', *, *, #5358, .F. ) ;
#8556 = CARTESIAN_POINT ( 'NONE',  ( 13.55741526174995926, 71.65666690099503455, 0.000000000000000000 ) ) ;
#8557 = ORIENTED_EDGE ( 'NONE', *, *, #2055, .T. ) ;
#8558 = LINE ( 'NONE', #3560, #2458 ) ;
#8559 = CC_DESIGN_PERSON_AND_ORGANIZATION_ASSIGNMENT ( #1498, #2271, ( #8359 ) ) ;
#8560 = LINE ( 'NONE', #195, #2983 ) ;
#8561 = AXIS2_PLACEMENT_3D ( 'NONE', #2642, #2523, #805 ) ;
#8562 =( GEOMETRIC_REPRESENTATION_CONTEXT ( 3 ) GLOBAL_UNCERTAINTY_ASSIGNED_CONTEXT ( ( #8237 ) ) GLOBAL_UNIT_ASSIGNED_CONTEXT ( ( #9851, #9737, #5693 ) ) REPRESENTATION_CONTEXT ( 'NONE', 'WORKASPACE' ) );
#8563 = VERTEX_POINT ( 'NONE', #1077 ) ;
#8564 = CARTESIAN_POINT ( 'NONE',  ( 35.00000000000000000, 110.0000000000000000, 28.00000000000000000 ) ) ;
#8565 = CIRCLE ( 'NONE', #10161, 1.700000000000000178 ) ;
#8566 = ORIENTED_EDGE ( 'NONE', *, *, #8246, .F. ) ;
#8567 = CARTESIAN_POINT ( 'NONE',  ( 32.65666690099504166, 0.000000000000000000, 2.557415261749591551 ) ) ;
#8568 = APPROVAL_ROLE ( '' ) ;
#8569 = ADVANCED_FACE ( 'NONE', ( #7929 ), #3662, .F. ) ;
#8570 = CIRCLE ( 'NONE', #9461, 30.00000000000000000 ) ;
#8571 = VERTEX_POINT ( 'NONE', #290 ) ;
#8572 = CARTESIAN_POINT ( 'NONE',  ( 0.000000000000000000, 77.50000000000000000, 0.000000000000000000 ) ) ;
#8573 = ORGANIZATION ( 'ๆช', 'ๆช', '' ) ;
#8574 = ORIENTED_EDGE ( 'NONE', *, *, #3217, .T. ) ;
#8575 = DIRECTION ( 'NONE',  ( 0.000000000000000000, 0.000000000000000000, -1.000000000000000000 ) ) ;
#8576 = LINE ( 'NONE', #4650, #7707 ) ;
#8577 = ORIENTED_EDGE ( 'NONE', *, *, #8847, .F. ) ;
#8578 = DIRECTION ( 'NONE',  ( -0.000000000000000000, -0.000000000000000000, 1.000000000000000000 ) ) ;
#8579 = ADVANCED_FACE ( 'NONE', ( #3770 ), #6009, .F. ) ;
#8580 = DIRECTION ( 'NONE',  ( 0.000000000000000000, 0.000000000000000000, -1.000000000000000000 ) ) ;
#8581 = AXIS2_PLACEMENT_3D ( 'NONE', #4848, #4025, #7355 ) ;
#8582 =( LENGTH_UNIT ( ) NAMED_UNIT ( * ) SI_UNIT ( .MILLI., .METRE. ) );
#8583 = DATE_AND_TIME ( #5868, #3973 ) ;
#8584 = DESIGN_CONTEXT ( 'detailed design', #8285, 'design' ) ;
#8585 = CARTESIAN_POINT ( 'NONE',  ( -28.00000000000000000, 8.000000000000000000, 8.000000000000000000 ) ) ;
#8586 = EDGE_LOOP ( 'NONE', ( #9224, #991, #5200, #819 ) ) ;
#8587 = CARTESIAN_POINT ( 'NONE',  ( 0.000000000000000000, 14.00000000000000000, 0.000000000000000000 ) ) ;
#8588 = ADVANCED_FACE ( 'NONE', ( #2677 ), #1844, .F. ) ;
#8589 = AXIS2_PLACEMENT_3D ( 'NONE', #10610, #1413, #3056 ) ;
#8590 = CARTESIAN_POINT ( 'NONE',  ( -9.841304759421175774, 9.959976315290019144, 8.581349739459774639 ) ) ;
#8591 = DIRECTION ( 'NONE',  ( -0.000000000000000000, 1.000000000000000000, -0.000000000000000000 ) ) ;
#8592 = VECTOR ( 'NONE', #2476, 1000.000000000000000 ) ;
#8593 = CARTESIAN_POINT ( 'NONE',  ( 12.00000000000000000, 7.000000000000000000, 15.00000000000000000 ) ) ;
#8594 = CARTESIAN_POINT ( 'NONE',  ( -27.69999999999999929, -57.00000000000000000, 5.000000000000000000 ) ) ;
#8595 = COORDINATED_UNIVERSAL_TIME_OFFSET ( 5, 0, .BEHIND. ) ;
#8596 = AXIS2_PLACEMENT_3D ( 'NONE', #1822, #6871, #9319 ) ;
#8597 = AXIS2_PLACEMENT_3D ( 'NONE', #10132, #6437, #5117 ) ;
#8598 = COORDINATED_UNIVERSAL_TIME_OFFSET ( 5, 0, .BEHIND. ) ;
#8599 = CARTESIAN_POINT ( 'NONE',  ( 0.000000000000000000, 0.000000000000000000, 4.000000000000000000 ) ) ;
#8600 = LINE ( 'NONE', #8422, #4925 ) ;
#8601 = DATE_AND_TIME ( #9265, #7996 ) ;
#8602 = EDGE_CURVE ( 'NONE', #9787, #2575, #6965, .T. ) ;
#8603 = EDGE_CURVE ( 'NONE', #5213, #2815, #1359, .T. ) ;
#8604 = VERTEX_POINT ( 'NONE', #4442 ) ;
#8605 = CARTESIAN_POINT ( 'NONE',  ( 11.51689599024726007, 7.960616816174120203, 8.650113106382692152 ) ) ;
#8606 = PRODUCT_DEFINITION_SHAPE ( 'NONE', 'NONE',  #10899 ) ;
#8607 = CYLINDRICAL_SURFACE ( 'NONE', #8262, 2.600000000000000089 ) ;
#8608 = AXIS2_PLACEMENT_3D ( 'NONE', #12, #3378, #7593 ) ;
#8609 = ORIENTED_EDGE ( 'NONE', *, *, #3513, .T. ) ;
#8610 = CARTESIAN_POINT ( 'NONE',  ( 0.000000000000000000, 149.0000000000000000, 83.00000000000000000 ) ) ;
#8611 = CARTESIAN_POINT ( 'NONE',  ( -10.69993048876420616, 31.22508399488667052, -0.000000000000000000 ) ) ;
#8612 = MANIFOLD_SOLID_BREP ( 'Coupler_clamp_M3', #8653 ) ;
#8613 = DIRECTION ( 'NONE',  ( 0.000000000000000000, -0.000000000000000000, 1.000000000000000000 ) ) ;
#8614 = VECTOR ( 'NONE', #8914, 1000.000000000000000 ) ;
#8615 = AXIS2_PLACEMENT_3D ( 'NONE', #5991, #3586, #2707 ) ;
#8616 = CIRCLE ( 'NONE', #6660, 1.700000000000000178 ) ;
#8617 = EDGE_CURVE ( 'NONE', #9266, #7180, #1905, .T. ) ;
#8618 = EDGE_LOOP ( 'NONE', ( #3891, #3029, #644, #1477 ) ) ;
#8619 = CARTESIAN_POINT ( 'NONE',  ( -28.00000000000000000, 8.000000000000000000, 24.00000000000000000 ) ) ;
#8620 = ORIENTED_EDGE ( 'NONE', *, *, #3549, .T. ) ;
#8621 = CARTESIAN_POINT ( 'NONE',  ( 0.000000000000000000, 0.000000000000000000, 0.000000000000000000 ) ) ;
#8622 = CARTESIAN_POINT ( 'NONE',  ( -24.30000000000000071, 45.00000000000000000, -1.200000000000000030E-05 ) ) ;
#8623 = AXIS2_PLACEMENT_3D ( 'NONE', #7309, #4088, #2318 ) ;
#8624 = LINE ( 'NONE', #3453, #1240 ) ;
#8625 = VERTEX_POINT ( 'NONE', #8619 ) ;
#8626 = DIRECTION ( 'NONE',  ( 1.000000000000000000, 0.000000000000000000, 0.000000000000000000 ) ) ;
#8627 = PRODUCT_DEFINITION_SHAPE ( 'NONE', 'NONE',  #7274 ) ;
#8628 = VERTEX_POINT ( 'NONE', #235 ) ;
#8629 = FACE_BOUND ( 'NONE', #2989, .T. ) ;
#8630 = VECTOR ( 'NONE', #3741, 1000.000000000000000 ) ;
#8631 = APPROVAL ( #9618, 'UNKNOWN' ) ;
#8632 = CALENDAR_DATE ( 2026, 18, 9 ) ;
#8633 = ORIENTED_EDGE ( 'NONE', *, *, #10624, .T. ) ;
#8634 = DIRECTION ( 'NONE',  ( -0.000000000000000000, -0.000000000000000000, -1.000000000000000000 ) ) ;
#8635 = EDGE_LOOP ( 'NONE', ( #9652, #10109, #10532, #5588 ) ) ;
#8636 = LINE ( 'NONE', #5976, #4989 ) ;
#8637 = VERTEX_POINT ( 'NONE', #6945 ) ;
#8638 = DIRECTION ( 'NONE',  ( 0.000000000000000000, 0.000000000000000000, 1.000000000000000000 ) ) ;
#8639 = CARTESIAN_POINT ( 'NONE',  ( 0.000000000000000000, 0.000000000000000000, 0.000000000000000000 ) ) ;
#8640 = VECTOR ( 'NONE', #2563, 1000.000000000000000 ) ;
#8641 = PERSON_AND_ORGANIZATION ( #10500, #8573 ) ;
#8642 = CARTESIAN_POINT ( 'NONE',  ( 31.44258473825040667, 29.34333309900495834, 0.000000000000000000 ) ) ;
#8643 = ORIENTED_EDGE ( 'NONE', *, *, #8435, .T. ) ;
#8644 = DIRECTION ( 'NONE',  ( -0.000000000000000000, -0.000000000000000000, -1.000000000000000000 ) ) ;
#8645 = CC_DESIGN_PERSON_AND_ORGANIZATION_ASSIGNMENT ( #7576, #6911, ( #6401 ) ) ;
#8646 = ITEM_DEFINED_TRANSFORMATION ( 'NONE', 'NONE', #8022,  #2087 ) ;
#8647 = VECTOR ( 'NONE', #9764, 1000.000000000000000 ) ;
#8648 = DIRECTION ( 'NONE',  ( -1.000000000000000000, 0.000000000000000000, 0.000000000000000000 ) ) ;
#8649 = CARTESIAN_POINT ( 'NONE',  ( -0.5999999999999997558, 13.98713694792468942, 12.00000000000000000 ) ) ;
#8650 = CARTESIAN_POINT ( 'NONE',  ( -30.00000000000000000, 0.000000000000000000, 0.000000000000000000 ) ) ;
#8651 = DIRECTION ( 'NONE',  ( -0.000000000000000000, -0.000000000000000000, -1.000000000000000000 ) ) ;
#8652 = EDGE_CURVE ( 'NONE', #846, #10637, #10333, .T. ) ;
#8653 = CLOSED_SHELL ( 'NONE', ( #9536, #10771, #5607, #9491, #3668, #3356, #10138, #7883, #2078, #2230, #6833, #6281, #3975, #8448, #106, #26, #1279, #8450, #6718, #2490, #5437, #2881, #5509, #7913, #852, #2050 ) ) ;
#8654 = CARTESIAN_POINT ( 'NONE',  ( -22.00000000000000000, 84.00000000000000000, 8.000000000000000000 ) ) ;
#8655 = PERSON_AND_ORGANIZATION ( #10500, #8573 ) ;
#8656 = CARTESIAN_POINT ( 'NONE',  ( 30.14134607987218928, 0.000000000000000000, 22.48432534211531930 ) ) ;
#8657 = CARTESIAN_POINT ( 'NONE',  ( 9.290647558218967816, 10.47331327697886394, 7.643416653029154517 ) ) ;
#8658 = COORDINATED_UNIVERSAL_TIME_OFFSET ( 5, 0, .BEHIND. ) ;
#8659 = EDGE_LOOP ( 'NONE', ( #9846, #6541, #10451, #1473 ) ) ;
#8660 = CARTESIAN_POINT ( 'NONE',  ( -9.442584738252207899, -0.000000000000000000, 1.343333099006011500 ) ) ;
#8661 = ORIENTED_EDGE ( 'NONE', *, *, #7318, .T. ) ;
#8662 = CARTESIAN_POINT ( 'NONE',  ( -11.59999999999999964, 72.50000000000001421, -8.271806125530276749E-22 ) ) ;
#8663 = CARTESIAN_POINT ( 'NONE',  ( 12.30000000000000249, 0.000000000000000000, 2.000000000000000000 ) ) ;
#8664 = APPLICATION_CONTEXT ( 'configuration controlled 3d designs of mechanical parts and assemblies' ) ;
#8665 = EDGE_CURVE ( 'NONE', #6838, #6799, #6118, .T. ) ;
#8666 = CARTESIAN_POINT ( 'NONE',  ( -12.30000000000000071, 2.081899558550500526E-16, 2.000000000000000000 ) ) ;
#8667 = DATE_AND_TIME ( #4283, #450 ) ;
#8668 = VERTEX_POINT ( 'NONE', #5307 ) ;
#8669 = FACE_OUTER_BOUND ( 'NONE', #328, .T. ) ;
#8670 = ORIENTED_EDGE ( 'NONE', *, *, #4362, .T. ) ;
#8671 = FACE_OUTER_BOUND ( 'NONE', #6998, .T. ) ;
#8672 = CARTESIAN_POINT ( 'NONE',  ( 0.000000000000000000, 3.000000000000000000, 3.000000000000000000 ) ) ;
#8673 = CARTESIAN_POINT ( 'NONE',  ( -7.343333099005748821, 0.000000000000000000, 20.55741526174842804 ) ) ;
#8674 = ADVANCED_FACE ( 'NONE', ( #8669 ), #7821, .F. ) ;
#8675 = ADVANCED_FACE ( 'NONE', ( #5356 ), #4551, .F. ) ;
#8676 = EDGE_CURVE ( 'NONE', #7184, #9504, #7483, .T. ) ;
#8677 = DIRECTION ( 'NONE',  ( -1.000000000000000000, 0.000000000000000000, 0.000000000000000000 ) ) ;
#8678 = VERTEX_POINT ( 'NONE', #4655 ) ;
#8679 = CARTESIAN_POINT ( 'NONE',  ( -10.88523795150425677, 8.807647513432989683, 6.800000000000000711 ) ) ;
#8680 = APPROVAL_DATE_TIME ( #5318, #4263 ) ;
#8681 = EDGE_LOOP ( 'NONE', ( #7886, #2587, #7169, #6670 ) ) ;
#8682 = CARTESIAN_POINT ( 'NONE',  ( 29.30006951123653636, 0.000000000000000000, 2.774916005115878104 ) ) ;
#8683 = ORIENTED_EDGE ( 'NONE', *, *, #608, .F. ) ;
#8684 = DIRECTION ( 'NONE',  ( -1.000000000000000000, 0.000000000000000000, 0.000000000000000000 ) ) ;
#8685 = CARTESIAN_POINT ( 'NONE',  ( 12.00000000000000000, -12.00000000000000000, 20.00000000000000000 ) ) ;
#8686 = VERTEX_POINT ( 'NONE', #7365 ) ;
#8687 = DIRECTION ( 'NONE',  ( -1.000000000000000000, 0.000000000000000000, -0.000000000000000000 ) ) ;
#8688 = CC_DESIGN_SECURITY_CLASSIFICATION ( #65, ( #10893 ) ) ;
#8689 = CC_DESIGN_DATE_AND_TIME_ASSIGNMENT ( #8105, #9112, ( #8516 ) ) ;
#8690 = DATE_AND_TIME ( #2910, #2220 ) ;
#8691 = LINE ( 'NONE', #3739, #8426 ) ;
#8692 = ORIENTED_EDGE ( 'NONE', *, *, #2549, .T. ) ;
#8693 = CARTESIAN_POINT ( 'NONE',  ( 31.00000000000000000, -1.200000000000000030E-05, 4.700000000000000178 ) ) ;
#8694 = ORIENTED_EDGE ( 'NONE', *, *, #10304, .T. ) ;
#8695 = ORGANIZATION ( 'NAUO-ORG9', 'UNSPECIFIED', 'UNSPECIFIED' ) ;
#8696 = CARTESIAN_POINT ( 'NONE',  ( -12.00000000000000000, -7.000000000000000000, 3.299999999999999822 ) ) ;
#8697 = FACE_BOUND ( 'NONE', #9758, .T. ) ;
#8698 = ORIENTED_EDGE ( 'NONE', *, *, #2678, .T. ) ;
#8699 = LINE ( 'NONE', #435, #6608 ) ;
#8700 = CARTESIAN_POINT ( 'NONE',  ( -7.957027739236473884, -0.000000000000000000, 1.638710900996687148 ) ) ;
#8701 = VECTOR ( 'NONE', #2022, 1000.000000000000000 ) ;
#8702 = APPROVAL ( #729, 'UNKNOWN' ) ;
#8703 = CC_DESIGN_PERSON_AND_ORGANIZATION_ASSIGNMENT ( #4314, #1774, ( #7990 ) ) ;
#8704 = APPROVAL_PERSON_ORGANIZATION ( #407, #4733, #6960 ) ;
#8705 = DIRECTION ( 'NONE',  ( 1.000000000000000000, 0.000000000000000000, 0.000000000000000000 ) ) ;
#8706 = CALENDAR_DATE ( 2026, 18, 9 ) ;
#8707 = CARTESIAN_POINT ( 'NONE',  ( 30.55753025008650781, -0.000000000000000000, 22.65686506842306969 ) ) ;
#8708 = CARTESIAN_POINT ( 'NONE',  ( 0.000000000000000000, -57.00000000000000000, -0.000000000000000000 ) ) ;
#8709 = APPROVAL_DATE_TIME ( #3044, #2717 ) ;
#8710 = ORIENTED_EDGE ( 'NONE', *, *, #6493, .F. ) ;
#8711 = AXIS2_PLACEMENT_3D ( 'NONE', #9480, #6872, #1056 ) ;
#8712 = CARTESIAN_POINT ( 'NONE',  ( 10.72380529476361133, 9.000000000000000000, 8.300000000000000711 ) ) ;
#8713 = EDGE_CURVE ( 'NONE', #4172, #6518, #9922, .T. ) ;
#8714 = CARTESIAN_POINT ( 'NONE',  ( 0.5999999999999999778, 2.200000000000000178, 16.00000000000000000 ) ) ;
#8715 = CC_DESIGN_APPROVAL ( #10266, ( #7609 ) ) ;
#8716 = LINE ( 'NONE', #8497, #425 ) ;
#8717 = LINE ( 'NONE', #2996, #1746 ) ;
#8718 = EDGE_CURVE ( 'NONE', #2004, #2555, #288, .T. ) ;
#8719 = CC_DESIGN_APPROVAL ( #1380, ( #354 ) ) ;
#8720 = CARTESIAN_POINT ( 'NONE',  ( 14.00000000000000000, 1.714505518806294638E-15, 4.000000000000000000 ) ) ;
#8721 = CALENDAR_DATE ( 2026, 18, 9 ) ;
#8722 = ORIENTED_EDGE ( 'NONE', *, *, #1883, .T. ) ;
#8723 = DIRECTION ( 'NONE',  ( -0.000000000000000000, 1.000000000000000000, -0.000000000000000000 ) ) ;
#8724 = EDGE_CURVE ( 'NONE', #10699, #3443, #9978, .T. ) ;
#8725 = DIRECTION ( 'NONE',  ( -1.000000000000000000, 0.000000000000000000, 0.000000000000000000 ) ) ;
#8726 = LOCAL_TIME ( 6, 20, 19.00000000000000000, #4864 ) ;
#8727 = VERTEX_POINT ( 'NONE', #4138 ) ;
#8728 = DIRECTION ( 'NONE',  ( -1.000000000000000000, 0.000000000000000000, 0.000000000000000000 ) ) ;
#8729 = VERTEX_POINT ( 'NONE', #2433 ) ;
#8730 = AXIS2_PLACEMENT_3D ( 'NONE', #349, #3717, #7050 ) ;
#8731 = DIRECTION ( 'NONE',  ( 0.000000000000000000, 0.000000000000000000, 1.000000000000000000 ) ) ;
#8732 = ORIENTED_EDGE ( 'NONE', *, *, #535, .T. ) ;
#8733 = CARTESIAN_POINT ( 'NONE',  ( -11.94667935274167192, 7.299099505034238433, 8.255229362243065694 ) ) ;
#8734 = APPROVAL_ROLE ( '' ) ;
#8735 = EDGE_CURVE ( 'NONE', #4287, #7359, #459, .T. ) ;
#8736 = EDGE_LOOP ( 'NONE', ( #320, #8272, #1409, #6349 ) ) ;
#8737 = PLANE ( 'NONE',  #9983 ) ;
#8738 = EDGE_CURVE ( 'NONE', #10139, #7837, #7469, .T. ) ;
#8739 = CARTESIAN_POINT ( 'NONE',  ( 0.000000000000000000, 0.000000000000000000, 5.000000000000000000 ) ) ;
#8740 = AXIS2_PLACEMENT_3D ( 'NONE', #6361, #9743, #4470 ) ;
#8741 = DIRECTION ( 'NONE',  ( 1.000000000000000000, 0.000000000000000000, 0.000000000000000000 ) ) ;
#8742 = VERTEX_POINT ( 'NONE', #8040 ) ;
#8743 = CARTESIAN_POINT ( 'NONE',  ( -10.49999999999999822, 59.50000000000000000, 2.200000000000001510 ) ) ;
#8744 = DATE_AND_TIME ( #1318, #5720 ) ;
#8745 = FACE_OUTER_BOUND ( 'NONE', #10733, .T. ) ;
#8746 = VECTOR ( 'NONE', #5998, 1000.000000000000000 ) ;
#8747 =( GEOMETRIC_REPRESENTATION_CONTEXT ( 3 ) GLOBAL_UNCERTAINTY_ASSIGNED_CONTEXT ( ( #68 ) ) GLOBAL_UNIT_ASSIGNED_CONTEXT ( ( #797, #2637, #4169 ) ) REPRESENTATION_CONTEXT ( 'NONE', 'WORKASPACE' ) );
#8748 = ORIENTED_EDGE ( 'NONE', *, *, #2363, .T. ) ;
#8749 = CARTESIAN_POINT ( 'NONE',  ( 32.69993048876345654, 0.000000000000000000, 21.22508399488413389 ) ) ;
#8750 = CONTEXT_DEPENDENT_SHAPE_REPRESENTATION ( #4525, #8606 ) ;
#8751 = DIRECTION ( 'NONE',  ( -0.000000000000000000, -0.000000000000000000, -1.000000000000000000 ) ) ;
#8752 = EDGE_CURVE ( 'NONE', #2970, #9561, #4090, .T. ) ;
#8753 = LINE ( 'NONE', #3863, #8142 ) ;
#8754 = VECTOR ( 'NONE', #10130, 1000.000000000000000 ) ;
#8755 = DIRECTION ( 'NONE',  ( -1.000000000000000000, 0.000000000000000000, 0.000000000000000000 ) ) ;
#8756 = PLANE ( 'NONE',  #10121 ) ;
#8757 = AXIS2_PLACEMENT_3D ( 'NONE', #3703, #1111, #4478 ) ;
#8758 = LOCAL_TIME ( 6, 20, 19.00000000000000000, #5586 ) ;
#8759 = DIRECTION ( 'NONE',  ( -1.000000000000000000, -0.000000000000000000, -0.000000000000000000 ) ) ;
#8760 = DATE_TIME_ROLE ( 'classification_date' ) ;
#8761 = CARTESIAN_POINT ( 'NONE',  ( 29.63871090099800654, -0.000000000000000000, 19.95702773923330042 ) ) ;
#8762 = LINE ( 'NONE', #2108, #7723 ) ;
#8763 = PERSON_AND_ORGANIZATION_ROLE ( 'creator' ) ;
#8764 = VECTOR ( 'NONE', #3701, 1000.000000000000000 ) ;
#8765 = ORIENTED_EDGE ( 'NONE', *, *, #4448, .T. ) ;
#8766 = CARTESIAN_POINT ( 'NONE',  ( 11.68536191144594838, 7.710987493569489537, 11.11449162743906705 ) ) ;
#8767 = CC_DESIGN_PERSON_AND_ORGANIZATION_ASSIGNMENT ( #10094, #718, ( #2930 ) ) ;
#8768 = LINE ( 'NONE', #1238, #7000 ) ;
#8769 = DIRECTION ( 'NONE',  ( -1.000000000000000000, 0.000000000000000000, -0.000000000000000000 ) ) ;
#8770 = CARTESIAN_POINT ( 'NONE',  ( -10.37336209607597404, 9.405379716584157279, 6.836676472900883539 ) ) ;
#8771 = VECTOR ( 'NONE', #4155, 1000.000000000000000 ) ;
#8772 = PERSON ( 'NAUO-PER12', 'UNSPECIFIED', 'UNSPECIFIED', ('UNSPECIFIED'), ('UNSPECIFIED'), ('UNSPECIFIED') ) ;
#8773 = DIRECTION ( 'NONE',  ( 0.000000000000000000, 0.000000000000000000, -1.000000000000000000 ) ) ;
#8774 = CALENDAR_DATE ( 2026, 18, 9 ) ;
#8775 = CIRCLE ( 'NONE', #4041, 2.500000000000000000 ) ;
#8776 = EDGE_LOOP ( 'NONE', ( #4378, #2627, #10126, #6693 ) ) ;
#8777 = CARTESIAN_POINT ( 'NONE',  ( 15.48432534211531220, 69.14134607987517711, 0.000000000000000000 ) ) ;
#8778 = VECTOR ( 'NONE', #8193, 1000.000000000000000 ) ;
#8779 = APPROVAL ( #1445, 'ๆช' ) ;
#8780 = ORIENTED_EDGE ( 'NONE', *, *, #2389, .T. ) ;
#8781 = CARTESIAN_POINT ( 'NONE',  ( -11.59999999999999964, 62.50000000000000000, -1.200000000000000030E-05 ) ) ;
#8782 = FACE_OUTER_BOUND ( 'NONE', #8890, .T. ) ;
#8783 = PRODUCT_DEFINITION_SHAPE ( 'NONE', 'NONE',  #10911 ) ;
#8784 = AXIS2_PLACEMENT_3D ( 'NONE', #80, #1082, #2737 ) ;
#8785 = EDGE_CURVE ( 'NONE', #3687, #4287, #10862, .T. ) ;
#8786 = CARTESIAN_POINT ( 'NONE',  ( 69.79999999999999716, 65.00000000000001421, 74.49999999999998579 ) ) ;
#8787 = ORIENTED_EDGE ( 'NONE', *, *, #7445, .F. ) ;
#8788 = CARTESIAN_POINT ( 'NONE',  ( -11.87802137661227597, 7.410552828704602746, 9.114979469778596410 ) ) ;
#8789 = COORDINATED_UNIVERSAL_TIME_OFFSET ( 5, 0, .BEHIND. ) ;
#8790 = ORIENTED_EDGE ( 'NONE', *, *, #9180, .F. ) ;
#8791 = CARTESIAN_POINT ( 'NONE',  ( 31.22508399488411612, 50.69993048876346364, 0.000000000000000000 ) ) ;
#8792 = LINE ( 'NONE', #9731, #10818 ) ;
#8793 = CIRCLE ( 'NONE', #4758, 1.700000000000000178 ) ;
#8794 = VERTEX_POINT ( 'NONE', #3254 ) ;
#8795 = DIRECTION ( 'NONE',  ( 1.000000000000000000, 0.000000000000000000, 0.000000000000000000 ) ) ;
#8796 = ORIENTED_EDGE ( 'NONE', *, *, #1561, .F. ) ;
#8797 = CARTESIAN_POINT ( 'NONE',  ( -11.32690702869583532, 8.231531534232544800, 11.52987977232460182 ) ) ;
#8798 = ORIENTED_EDGE ( 'NONE', *, *, #7301, .F. ) ;
#8799 = ADVANCED_FACE ( 'NONE', ( #6647 ), #6587, .F. ) ;
#8800 = EDGE_CURVE ( 'NONE', #6964, #4172, #5513, .T. ) ;
#8801 = AXIS2_PLACEMENT_3D ( 'NONE', #2328, #1666, #3160 ) ;
#8802 = APPROVAL_ROLE ( '' ) ;
#8803 = DIRECTION ( 'NONE',  ( -1.000000000000000000, 0.000000000000000000, 0.000000000000000000 ) ) ;
#8804 = ORIENTED_EDGE ( 'NONE', *, *, #4813, .T. ) ;
#8805 = DIRECTION ( 'NONE',  ( 0.000000000000000000, 1.000000000000000000, 0.000000000000000000 ) ) ;
#8806 = ORIENTED_EDGE ( 'NONE', *, *, #7553, .F. ) ;
#8807 = APPROVAL_ROLE ( '' ) ;
#8808 = CARTESIAN_POINT ( 'NONE',  ( 28.00000000000000000, 8.000000000000000000, 24.00000000000000000 ) ) ;
#8809 = CARTESIAN_POINT ( 'NONE',  ( 0.000000000000000000, 0.000000000000000000, 58.00000000000000000 ) ) ;
#8810 = VERTEX_POINT ( 'NONE', #10495 ) ;
#8811 = DIRECTION ( 'NONE',  ( -1.000000000000000000, 0.000000000000000000, 0.000000000000000000 ) ) ;
#8812 = DIRECTION ( 'NONE',  ( 1.000000000000000000, 0.000000000000000000, 0.000000000000000000 ) ) ;
#8813 = CIRCLE ( 'NONE', #1072, 1.700000000000000178 ) ;
#8814 = EDGE_CURVE ( 'NONE', #3283, #9123, #2373, .T. ) ;
#8815 = CARTESIAN_POINT ( 'NONE',  ( -20.00000000000000000, -34.00000000000000000, 5.000000000000000000 ) ) ;
#8816 = ADVANCED_FACE ( 'NONE', ( #5467 ), #5516, .F. ) ;
#8817 = PERSON_AND_ORGANIZATION ( #10500, #8573 ) ;
#8818 = LINE ( 'NONE', #4639, #2608 ) ;
#8819 = VECTOR ( 'NONE', #4486, 1000.000000000000000 ) ;
#8820 = ORIENTED_EDGE ( 'NONE', *, *, #932, .F. ) ;
#8821 = LINE ( 'NONE', #8708, #7200 ) ;
#8822 = DATE_TIME_ROLE ( 'classification_date' ) ;
#8823 = ORIENTED_EDGE ( 'NONE', *, *, #8035, .F. ) ;
#8824 = CARTESIAN_POINT ( 'NONE',  ( 3.000000000000000000, 19.50000000000000000, 3.000000000000000000 ) ) ;
#8825 = CARTESIAN_POINT ( 'NONE',  ( 2.130521333856785660, 1.498155055651988254, 0.000000000000000000 ) ) ;
#8826 = LINE ( 'NONE', #8191, #4142 ) ;
#8827 = LINE ( 'NONE', #2832, #333 ) ;
#8828 = CC_DESIGN_DATE_AND_TIME_ASSIGNMENT ( #7192, #6250, ( #7956 ) ) ;
#8829 = B_SPLINE_CURVE_WITH_KNOTS ( 'NONE', 3,
 ( #1165, #218, #5176, #9424, #6042, #10365, #941, #10309, #4421, #4364, #2762, #5989, #7692, #8531, #6095, #1821, #4526, #2814 ),
 .UNSPECIFIED., .F., .F.,
 ( 4, 2, 2, 2, 2, 2, 2, 2, 4 ),
 ( 0.000000000000000000, 0.06250000000000000000, 0.1250000000000000000, 0.1875000000000000000, 0.2500000000000000000, 0.3125000000000000000, 0.3750000000000000000, 0.4375000000000000000, 0.5000000000000000000 ),
 .UNSPECIFIED. ) ;
#8830 = DIRECTION ( 'NONE',  ( -0.000000000000000000, 1.000000000000000000, -0.000000000000000000 ) ) ;
#8831 = PERSON_AND_ORGANIZATION ( #10500, #8573 ) ;
#8832 = ORIENTED_EDGE ( 'NONE', *, *, #5013, .F. ) ;
#8833 = CARTESIAN_POINT ( 'NONE',  ( 20.00000000000000000, -34.00000000000000000, 5.000000000000000000 ) ) ;
#8834 = ORIENTED_EDGE ( 'NONE', *, *, #1188, .T. ) ;
#8835 = CARTESIAN_POINT ( 'NONE',  ( -12.00000000000000000, -7.000000000000000000, 15.00000000000000000 ) ) ;
#8836 = DIRECTION ( 'NONE',  ( -0.000000000000000000, -0.000000000000000000, 1.000000000000000000 ) ) ;
#8837 = APPROVAL ( #3053, 'ๆช' ) ;
#8838 = DIRECTION ( 'NONE',  ( 0.000000000000000000, 0.000000000000000000, 1.000000000000000000 ) ) ;
#8839 = SHAPE_REPRESENTATION ( 'V2_02_bearing_tower', ( #2087 ), #4880 ) ;
#8840 = B_SPLINE_CURVE_WITH_KNOTS ( 'NONE', 3,
 ( #2883, #510, #7979, #10550, #4603, #3886, #2117, #5409, #9772, #6333, #2226, #5352, #1294, #9713, #394, #456, #8887, #8095 ),
 .UNSPECIFIED., .F., .F.,
 ( 4, 2, 2, 2, 2, 2, 2, 2, 4 ),
 ( 0.000000000000000000, 0.06250000000000000000, 0.1250000000000000000, 0.1875000000000000000, 0.2500000000000000000, 0.3125000000000000000, 0.3750000000000000000, 0.4375000000000000000, 0.5000000000000000000 ),
 .UNSPECIFIED. ) ;
#8841 = ORIENTED_EDGE ( 'NONE', *, *, #2278, .F. ) ;
#8842 = CARTESIAN_POINT ( 'NONE',  ( -18.95712604296878467, 0.000000000000000000, 13.36119079527010101 ) ) ;
#8843 = ITEM_DEFINED_TRANSFORMATION ( 'NONE', 'NONE', #1016,  #2087 ) ;
#8844 = ORIENTED_EDGE ( 'NONE', *, *, #1615, .F. ) ;
#8845 = DIRECTION ( 'NONE',  ( 1.000000000000000000, 0.000000000000000000, -0.000000000000000000 ) ) ;
#8846 = CARTESIAN_POINT ( 'NONE',  ( 20.00000000000000000, -6.000000000000000152E-06, 13.70000000000000107 ) ) ;
#8847 = EDGE_CURVE ( 'NONE', #420, #8511, #10756, .T. ) ;
#8848 = ORIENTED_EDGE ( 'NONE', *, *, #10429, .T. ) ;
#8849 = DIRECTION ( 'NONE',  ( 1.000000000000000000, 0.000000000000000000, 0.000000000000000000 ) ) ;
#8850 = VERTEX_POINT ( 'NONE', #9093 ) ;
#8851 = CARTESIAN_POINT ( 'NONE',  ( 135.5573620601498703, -1.656795341010720568, -0.000000000000000000 ) ) ;
#8852 =( NAMED_UNIT ( * ) SI_UNIT ( $, .STERADIAN. ) SOLID_ANGLE_UNIT ( ) );
#8853 = COORDINATED_UNIVERSAL_TIME_OFFSET ( 5, 0, .BEHIND. ) ;
#8854 = CARTESIAN_POINT ( 'NONE',  ( 21.65666690099451941, -33.55741526174832501, -0.000000000000000000 ) ) ;
#8855 = ORIENTED_EDGE ( 'NONE', *, *, #9889, .T. ) ;
#8856 = CARTESIAN_POINT ( 'NONE',  ( 31.00000000000000355, -6.000000000000000152E-06, 19.30000000000000071 ) ) ;
#8857 = ORIENTED_EDGE ( 'NONE', *, *, #1719, .F. ) ;
#8858 = APPROVAL_ROLE ( '' ) ;
#8859 = CARTESIAN_POINT ( 'NONE',  ( -12.00000000000000000, -7.000000000000000000, 5.000000000000000000 ) ) ;
#8860 = DIRECTION ( 'NONE',  ( -0.000000000000000000, -1.000000000000000000, -0.000000000000000000 ) ) ;
#8861 = ORIENTED_EDGE ( 'NONE', *, *, #5794, .T. ) ;
#8863 = EDGE_CURVE ( 'NONE', #6382, #82, #4907, .T. ) ;
#8862 = DIRECTION ( 'NONE',  ( 1.000000000000000000, -0.000000000000000000, 0.000000000000000000 ) ) ;
#8864 = CC_DESIGN_SECURITY_CLASSIFICATION ( #3417, ( #10897 ) ) ;
#8865 = PLANE ( 'NONE',  #10656 ) ;
#8866 = VERTEX_POINT ( 'NONE', #940 ) ;
#8867 = CARTESIAN_POINT ( 'NONE',  ( -18.30000000000000071, -6.225615804907351780, -0.000000000000000000 ) ) ;
#8868 = AXIS2_PLACEMENT_3D ( 'NONE', #9374, #3532, #9476 ) ;
#8869 = APPROVAL_ROLE ( '' ) ;
#8870 = CARTESIAN_POINT ( 'NONE',  ( 0.000000000000000000, 3.000000000000000000, 0.000000000000000000 ) ) ;
#8871 = CC_DESIGN_SECURITY_CLASSIFICATION ( #3953, ( #10903 ) ) ;
#8872 = ORIENTED_EDGE ( 'NONE', *, *, #2011, .T. ) ;
#8873 =( REPRESENTATION_RELATIONSHIP ('NONE','NONE', #403, #5460 ) REPRESENTATION_RELATIONSHIP_WITH_TRANSFORMATION ( #372 )SHAPE_REPRESENTATION_RELATIONSHIP( ) );
#8874 = CARTESIAN_POINT ( 'NONE',  ( -7.299999999999998934, 49.00000000000000000, -1.200000000000000030E-05 ) ) ;
#8875 = APPROVAL_ROLE ( '' ) ;
#8876 = ORIENTED_EDGE ( 'NONE', *, *, #10836, .T. ) ;
#8877 = CARTESIAN_POINT ( 'NONE',  ( -19.00000000000000000, 9.000000000000000000, 10.00000000000000000 ) ) ;
#8878 = PRODUCT_DEFINITION_SHAPE ( 'NONE', 'NONE',  #10908 ) ;
#8880 = EDGE_CURVE ( 'NONE', #1307, #1804, #2503, .T. ) ;
#8879 = DIRECTION ( 'NONE',  ( 0.000000000000000000, 1.000000000000000000, 0.000000000000000000 ) ) ;
#8881 = LINE ( 'NONE', #5665, #2725 ) ;
#8882 = ADVANCED_FACE ( 'NONE', ( #3478 ), #4363, .F. ) ;
#8883 = CIRCLE ( 'NONE', #5689, 1.700000000000000178 ) ;
#8884 = LOCAL_TIME ( 6, 20, 19.00000000000000000, #7171 ) ;
#8885 = CARTESIAN_POINT ( 'NONE',  ( 0.000000000000000000, 0.000000000000000000, 68.00000000000000000 ) ) ;
#8886 = VECTOR ( 'NONE', #9242, 1000.000000000000000 ) ;
#8887 = CARTESIAN_POINT ( 'NONE',  ( -21.69993048876420971, -33.77491600511334724, -0.000000000000000000 ) ) ;
#8888 = PERSON_AND_ORGANIZATION ( #10500, #8573 ) ;
#8889 = PRODUCT_DEFINITION_FORMATION_WITH_SPECIFIED_SOURCE ( 'ไป', '', #7214, .NOT_KNOWN. ) ;
#8890 = EDGE_LOOP ( 'NONE', ( #1039, #3172, #9036, #10011 ) ) ;
#8891 = CARTESIAN_POINT ( 'NONE',  ( -2.408641179952662359, 0.9895630205432096593, 0.000000000000000000 ) ) ;
#8892 = LINE ( 'NONE', #2063, #7570 ) ;
#8893 = ADVANCED_FACE ( 'NONE', ( #5285 ), #1820, .F. ) ;
#8894 = CARTESIAN_POINT ( 'NONE',  ( 0.000000000000000000, 0.000000000000000000, 20.00000000000000000 ) ) ;
#8895 = CARTESIAN_POINT ( 'NONE',  ( 0.000000000000000000, 0.000000000000000000, 4.000000000000000000 ) ) ;
#8896 = CC_DESIGN_SECURITY_CLASSIFICATION ( #1517, ( #2040 ) ) ;
#8897 = ORIENTED_EDGE ( 'NONE', *, *, #67, .T. ) ;
#8898 = CARTESIAN_POINT ( 'NONE',  ( 118.3810499613777267, -11.00000000000000000, 6.000000000000000000 ) ) ;
#8899 = PERSON_AND_ORGANIZATION ( #113, #2904 ) ;
#8900 = LOCAL_TIME ( 6, 20, 19.00000000000000000, #5240 ) ;
#8901 = ORIENTED_EDGE ( 'NONE', *, *, #4658, .T. ) ;
#8902 = CARTESIAN_POINT ( 'NONE',  ( 0.000000000000000000, 0.000000000000000000, 5.000000000000000000 ) ) ;
#8903 = DIRECTION ( 'NONE',  ( -0.000000000000000000, -0.000000000000000000, -1.000000000000000000 ) ) ;
#8904 = PRODUCT_RELATED_PRODUCT_CATEGORY ( 'detail', '', ( #6486 ) ) ;
#8905 = ORIENTED_EDGE ( 'NONE', *, *, #1388, .T. ) ;
#8906 = DIRECTION ( 'NONE',  ( 0.000000000000000000, -1.000000000000000000, 0.000000000000000000 ) ) ;
#8907 = VERTEX_POINT ( 'NONE', #7748 ) ;
#8908 = CARTESIAN_POINT ( 'NONE',  ( 0.000000000000000000, 0.000000000000000000, 2.000000000000000000 ) ) ;
#8909 = ORIENTED_EDGE ( 'NONE', *, *, #5897, .F. ) ;
#8910 = SECURITY_CLASSIFICATION ( '', '', #501 ) ;
#8911 = SHAPE_REPRESENTATION_RELATIONSHIP ( 'NONE' , 'NONE' ,  #128, #3536 ) ;
#8912 = PERSON_AND_ORGANIZATION ( #10500, #8573 ) ;
#8913 = ADVANCED_BREP_SHAPE_REPRESENTATION ( '', ( #8489, #2087 ), #8747 ) ;
#8914 = DIRECTION ( 'NONE',  ( -0.000000000000000000, -0.000000000000000000, -1.000000000000000000 ) ) ;
#8915 = EDGE_CURVE ( 'NONE', #1304, #7089, #2596, .T. ) ;
#8916 = EDGE_LOOP ( 'NONE', ( #8962, #2032, #4628, #1192 ) ) ;
#8917 = DIRECTION ( 'NONE',  ( 0.000000000000000000, 0.000000000000000000, 1.000000000000000000 ) ) ;
#8918 = SECURITY_CLASSIFICATION_LEVEL ( 'unclassified' ) ;
#8919 = VECTOR ( 'NONE', #6194, 1000.000000000000000 ) ;
#8920 = DIRECTION ( 'NONE',  ( 1.000000000000000000, 0.000000000000000000, 0.000000000000000000 ) ) ;
#8921 = CARTESIAN_POINT ( 'NONE',  ( 21.65679534101155568, -0.000000000000000000, 12.44263793984301714 ) ) ;
#8922 = ADVANCED_FACE ( 'NONE', ( #8530 ), #3531, .F. ) ;
#8923 = DIRECTION ( 'NONE',  ( 1.000000000000000000, 0.000000000000000000, 0.000000000000000000 ) ) ;
#8924 = CARTESIAN_POINT ( 'NONE',  ( 0.000000000000000000, 0.000000000000000000, 5.000000000000000000 ) ) ;
#8925 = CIRCLE ( 'NONE', #4357, 1.700000000000000178 ) ;
#8926 = PLANE ( 'NONE',  #3846 ) ;
#8927 = AXIS2_PLACEMENT_3D ( 'NONE', #10504, #7110, #9556 ) ;
#8928 = EDGE_LOOP ( 'NONE', ( #7360, #1257 ) ) ;
#8929 = PERSON_AND_ORGANIZATION_ROLE ( 'design_owner' ) ;
#8930 = DIRECTION ( 'NONE',  ( -0.000000000000000000, -0.000000000000000000, -1.000000000000000000 ) ) ;
#8931 = EDGE_CURVE ( 'NONE', #86, #3780, #9614, .T. ) ;
#8932 = ORIENTED_EDGE ( 'NONE', *, *, #6292, .T. ) ;
#8933 = CARTESIAN_POINT ( 'NONE',  ( 31.60000000000000142, 77.50000000000000000, -1.200000000000000030E-05 ) ) ;
#8934 = PERSON_AND_ORGANIZATION ( #10500, #8573 ) ;
#8935 = EDGE_LOOP ( 'NONE', ( #257, #2799, #9178, #8987 ) ) ;
#8936 = CARTESIAN_POINT ( 'NONE',  ( 125.3612890990017092, -1.042972260763601611, -0.000000000000000000 ) ) ;
#8937 = AXIS2_PLACEMENT_3D ( 'NONE', #582, #10672, #7438 ) ;
#8938 = CARTESIAN_POINT ( 'NONE',  ( 0.5999999999999997558, 2.529822128134703085, -1.200000000000000030E-05 ) ) ;
#8939 = FACE_BOUND ( 'NONE', #215, .T. ) ;
#8940 = LOCAL_TIME ( 6, 20, 19.00000000000000000, #4315 ) ;
#8941 = CARTESIAN_POINT ( 'NONE',  ( -21.00000000000000000, 8.000000000000000000, 24.00000000000000000 ) ) ;
#8942 = AXIS2_PLACEMENT_3D ( 'NONE', #9588, #10592, #8021 ) ;
#8943 = EDGE_CURVE ( 'NONE', #4135, #4018, #114, .T. ) ;
#8944 = EDGE_CURVE ( 'NONE', #2421, #10699, #8472, .T. ) ;
#8945 = CARTESIAN_POINT ( 'NONE',  ( -15.69999999999999929, 70.00000000000000000, -1.200000000000000030E-05 ) ) ;
#8946 = PERSON_AND_ORGANIZATION ( #10500, #8573 ) ;
#8947 = ORIENTED_EDGE ( 'NONE', *, *, #7819, .F. ) ;
#8948 = VERTEX_POINT ( 'NONE', #6756 ) ;
#8949 = AXIS2_PLACEMENT_3D ( 'NONE', #9068, #5036, #10780 ) ;
#8950 = DIRECTION ( 'NONE',  ( 0.000000000000000000, 0.000000000000000000, 1.000000000000000000 ) ) ;
#8951 = CARTESIAN_POINT ( 'NONE',  ( -14.00000000000000000, 9.000000000000000000, 8.500000000000000000 ) ) ;
#8952 = VECTOR ( 'NONE', #7763, 1000.000000000000000 ) ;
#8953 = CARTESIAN_POINT ( 'NONE',  ( 33.00000000101550768, 254.0000000001450644, -29.00000000000000000 ) ) ;
#8954 = EDGE_CURVE ( 'NONE', #6022, #1806, #7658, .T. ) ;
#8955 = CIRCLE ( 'NONE', #1569, 1.700000000000000178 ) ;
#8956 = ORIENTED_EDGE ( 'NONE', *, *, #10812, .T. ) ;
#8957 = LINE ( 'NONE', #2395, #2485 ) ;
#8958 = APPROVAL_DATE_TIME ( #4875, #5136 ) ;
#8959 = ORIENTED_EDGE ( 'NONE', *, *, #4281, .F. ) ;
#8960 = DIRECTION ( 'NONE',  ( -0.000000000000000000, -0.000000000000000000, -1.000000000000000000 ) ) ;
#8961 = CARTESIAN_POINT ( 'NONE',  ( -35.00000000000000000, 70.00000000000000000, 0.000000000000000000 ) ) ;
#8962 = ORIENTED_EDGE ( 'NONE', *, *, #5909, .F. ) ;
#8963 = DIRECTION ( 'NONE',  ( 0.000000000000000000, 0.000000000000000000, -1.000000000000000000 ) ) ;
#8964 = AXIS2_PLACEMENT_3D ( 'NONE', #10050, #9933, #2552 ) ;
#8965 = CARTESIAN_POINT ( 'NONE',  ( 31.00000000000000000, 31.00000000000000000, 5.000000000000000000 ) ) ;
#8966 = ORIENTED_EDGE ( 'NONE', *, *, #3146, .F. ) ;
#8967 = EDGE_CURVE ( 'NONE', #408, #1304, #776, .T. ) ;
#8968 = CC_DESIGN_PERSON_AND_ORGANIZATION_ASSIGNMENT ( #4506, #7995, ( #5354 ) ) ;
#8969 = CARTESIAN_POINT ( 'NONE',  ( 24.30000000000000071, -45.00000000000000000, 0.000000000000000000 ) ) ;
#8970 = EDGE_LOOP ( 'NONE', ( #4341, #9355, #9879, #10180 ) ) ;
#8971 = FACE_OUTER_BOUND ( 'NONE', #8736, .T. ) ;
#8972 = CIRCLE ( 'NONE', #876, 1.700000000000007061 ) ;
#8973 = ORIENTED_EDGE ( 'NONE', *, *, #10030, .F. ) ;
#8974 = APPROVAL_DATE_TIME ( #9077, #3588 ) ;
#8975 = CIRCLE ( 'NONE', #5595, 2.600000000000000089 ) ;
#8976 = FACE_OUTER_BOUND ( 'NONE', #7674, .T. ) ;
#8977 = CARTESIAN_POINT ( 'NONE',  ( -12.00000000000000000, 7.000000000000000000, 5.000000000000000000 ) ) ;
#8978 = DIRECTION ( 'NONE',  ( 0.000000000000000000, 0.000000000000000000, 1.000000000000000000 ) ) ;
#8979 = CYLINDRICAL_SURFACE ( 'NONE', #10825, 14.00000000000000000 ) ;
#8980 = EDGE_LOOP ( 'NONE', ( #2060, #3903, #9233, #4972 ) ) ;
#8981 = VECTOR ( 'NONE', #3874, 1000.000000000000000 ) ;
#8982 = LINE ( 'NONE', #1490, #1908 ) ;
#8983 = ORIENTED_EDGE ( 'NONE', *, *, #2678, .F. ) ;
#8984 = PERSON_AND_ORGANIZATION_ROLE ( 'classification_officer' ) ;
#8985 = APPROVAL ( #1493, 'ๆช' ) ;
#8986 = DIRECTION ( 'NONE',  ( 0.000000000000000000, -1.000000000000000000, 0.000000000000000000 ) ) ;
#8987 = ORIENTED_EDGE ( 'NONE', *, *, #4600, .T. ) ;
#8988 = CARTESIAN_POINT ( 'NONE',  ( 0.000000000000000000, 0.000000000000000000, 0.000000000000000000 ) ) ;
#8989 = CALENDAR_DATE ( 2026, 18, 9 ) ;
#8990 = B_SPLINE_CURVE_WITH_KNOTS ( 'NONE', 3,
 ( #9849, #4624, #2300, #7946, #417, #7121, #5483, #8851, #5690, #916, #5037, #8385, #3339, #6676, #3392, #1637, #10838, #10117 ),
 .UNSPECIFIED., .F., .F.,
 ( 4, 2, 2, 2, 2, 2, 2, 2, 4 ),
 ( 0.5000000000000000000, 0.5625000000000000000, 0.6250000000000000000, 0.6875000000000000000, 0.7500000000000000000, 0.8125000000000000000, 0.8750000000000000000, 0.9375000000000000000, 1.000000000000000000 ),
 .UNSPECIFIED. ) ;
#8991 = CARTESIAN_POINT ( 'NONE',  ( 0.000000000000000000, 0.000000000000000000, 0.000000000000000000 ) ) ;
#8992 = AXIS2_PLACEMENT_3D ( 'NONE', #2702, #3528, #4417 ) ;
#8993 = AXIS2_PLACEMENT_3D ( 'NONE', #7366, #10144, #8348 ) ;
#8994 = DIRECTION ( 'NONE',  ( 0.000000000000000000, 1.000000000000000000, 0.000000000000000000 ) ) ;
#8995 = CYLINDRICAL_SURFACE ( 'NONE', #5188, 1.700000000000000178 ) ;
#8996 = EDGE_CURVE ( 'NONE', #247, #5343, #5386, .T. ) ;
#8997 = CARTESIAN_POINT ( 'NONE',  ( -24.30000000000000071, -57.00000000000000000, -1.200000000000000030E-05 ) ) ;
#8998 = DIRECTION ( 'NONE',  ( 0.000000000000000000, 0.000000000000000000, 1.000000000000000000 ) ) ;
#8999 = PERSON_AND_ORGANIZATION ( #10500, #8573 ) ;
#9000 = ORIENTED_EDGE ( 'NONE', *, *, #8603, .F. ) ;
#9001 = CARTESIAN_POINT ( 'NONE',  ( 32.70000000000000284, 31.22525195654805330, 0.000000000000000000 ) ) ;
#9002 = DIRECTION ( 'NONE',  ( 1.000000000000000000, 0.000000000000000000, 0.000000000000000000 ) ) ;
#9003 = EDGE_CURVE ( 'NONE', #9338, #6145, #10528, .T. ) ;
#9004 = CARTESIAN_POINT ( 'NONE',  ( 0.5999999999999997558, 13.98713694792468942, 12.00000000000000000 ) ) ;
#9005 = EDGE_LOOP ( 'NONE', ( #8956, #7341, #2736, #4679 ) ) ;
#9006 = DIRECTION ( 'NONE',  ( 0.000000000000000000, 0.000000000000000000, 1.000000000000000000 ) ) ;
#9007 = ORIENTED_EDGE ( 'NONE', *, *, #2394, .F. ) ;
#9008 = LINE ( 'NONE', #5637, #8640 ) ;
#9009 = ITEM_DEFINED_TRANSFORMATION ( 'NONE', 'NONE', #9285,  #2087 ) ;
#9010 = ORIENTED_EDGE ( 'NONE', *, *, #7375, .F. ) ;
#9011 = DIRECTION ( 'NONE',  ( -1.000000000000000000, 0.000000000000000000, 0.000000000000000000 ) ) ;
#9012 = ORIENTED_EDGE ( 'NONE', *, *, #6113, .T. ) ;
#9013 = CARTESIAN_POINT ( 'NONE',  ( 134.3000000000000114, 2.081899558550508908E-16, 6.000000000000000000 ) ) ;
#9014 = EDGE_CURVE ( 'NONE', #3596, #4443, #6148, .T. ) ;
#9015 = EDGE_LOOP ( 'NONE', ( #6359, #5599 ) ) ;
#9016 = CARTESIAN_POINT ( 'NONE',  ( -24.30000000000000071, -45.00000000000000000, -1.200000000000000030E-05 ) ) ;
#9017 = EDGE_CURVE ( 'NONE', #5790, #186, #4682, .T. ) ;
#9018 = CARTESIAN_POINT ( 'NONE',  ( -0.5999999999999998668, 9.000000000000000000, 8.500000000000000000 ) ) ;
#9019 = APPLICATION_CONTEXT ( 'configuration controlled 3d designs of mechanical parts and assemblies' ) ;
#9020 = ORIENTED_EDGE ( 'NONE', *, *, #2351, .F. ) ;
#9021 = CARTESIAN_POINT ( 'NONE',  ( 18.30000000000000071, -34.00000000000000000, -6.000000000000000152E-06 ) ) ;
#9022 = ORIENTED_EDGE ( 'NONE', *, *, #4327, .T. ) ;
#9023 = DIRECTION ( 'NONE',  ( -0.000000000000000000, -0.000000000000000000, 1.000000000000000000 ) ) ;
#9024 = EDGE_LOOP ( 'NONE', ( #9191, #4432, #10049, #4337 ) ) ;
#9025 = COORDINATED_UNIVERSAL_TIME_OFFSET ( 5, 0, .BEHIND. ) ;
#9026 = CARTESIAN_POINT ( 'NONE',  ( 10.50000000000000000, 1.300000000000000044, -0.09997027095160138099 ) ) ;
#9027 = FACE_OUTER_BOUND ( 'NONE', #7616, .T. ) ;
#9028 = DIRECTION ( 'NONE',  ( 1.000000000000000000, 0.000000000000000000, 0.000000000000000000 ) ) ;
#9029 = CARTESIAN_POINT ( 'NONE',  ( 19.77491600511407910, -7.699930488764023195, 0.000000000000000000 ) ) ;
#9030 = EDGE_CURVE ( 'NONE', #3054, #6127, #1164, .T. ) ;
#9031 = CARTESIAN_POINT ( 'NONE',  ( 183.0000000000000000, 3.000000000000000000, 3.000000000000002665 ) ) ;
#9032 = ORIENTED_EDGE ( 'NONE', *, *, #5013, .T. ) ;
#9033 = DATE_AND_TIME ( #10856, #5363 ) ;
#9034 = DIRECTION ( 'NONE',  ( 1.000000000000000000, 0.000000000000000000, -0.000000000000000000 ) ) ;
#9035 = ORIENTED_EDGE ( 'NONE', *, *, #5825, .T. ) ;
#9036 = ORIENTED_EDGE ( 'NONE', *, *, #1935, .T. ) ;
#9037 = DIRECTION ( 'NONE',  ( -0.000000000000000000, -0.000000000000000000, 1.000000000000000000 ) ) ;
#9038 = APPLICATION_PROTOCOL_DEFINITION ( 'international standard', 'config_control_design', 1994, #7308 ) ;
#9039 = DIRECTION ( 'NONE',  ( 1.000000000000000000, -0.000000000000000000, -0.000000000000000000 ) ) ;
#9040 = EDGE_LOOP ( 'NONE', ( #4545, #10524, #8057, #2191 ) ) ;
#9041 = CARTESIAN_POINT ( 'NONE',  ( -7.700000000000000178, 0.000000000000000000, 0.000000000000000000 ) ) ;
#9042 = CARTESIAN_POINT ( 'NONE',  ( -0.5999999999999999778, 2.529822128134703529, 16.00000000000000000 ) ) ;
#9043 = CC_DESIGN_DATE_AND_TIME_ASSIGNMENT ( #8744, #6303, ( #354 ) ) ;
#9044 = LINE ( 'NONE', #4860, #8778 ) ;
#9045 = AXIS2_PLACEMENT_3D ( 'NONE', #6739, #4460, #2802 ) ;
#9046 = LOCAL_TIME ( 6, 20, 19.00000000000000000, #10249 ) ;
#9047 = CARTESIAN_POINT ( 'NONE',  ( -12.00000000000000000, 7.000000000000000000, 16.69999999999999929 ) ) ;
#9048 = PERSON ( 'NAUO-PER19', 'UNSPECIFIED', 'UNSPECIFIED', ('UNSPECIFIED'), ('UNSPECIFIED'), ('UNSPECIFIED') ) ;
#9049 = CALENDAR_DATE ( 2026, 18, 9 ) ;
#9050 = EDGE_CURVE ( 'NONE', #1751, #7767, #7134, .T. ) ;
#9051 = VERTEX_POINT ( 'NONE', #6311 ) ;
#9052 = VECTOR ( 'NONE', #8378, 1000.000000000000000 ) ;
#9053 = CARTESIAN_POINT ( 'NONE',  ( 31.22508399488411612, 32.69993048876346364, 0.000000000000000000 ) ) ;
#9054 = SECURITY_CLASSIFICATION ( '', '', #1985 ) ;
#9055 = CARTESIAN_POINT ( 'NONE',  ( 0.000000000000000000, 0.000000000000000000, 0.000000000000000000 ) ) ;
#9056 = PRODUCT_DEFINITION ( 'ๆ', '', #1377, #3738 ) ;
#9057 = CARTESIAN_POINT ( 'NONE',  ( 0.000000000000000000, 11.00000000000000000, 6.000000000000000000 ) ) ;
#9058 = VERTEX_POINT ( 'NONE', #2588 ) ;
#9059 = EDGE_CURVE ( 'NONE', #515, #3295, #373, .T. ) ;
#9060 = ORIENTED_EDGE ( 'NONE', *, *, #9722, .T. ) ;
#9061 = CARTESIAN_POINT ( 'NONE',  ( -4.299999999999999822, 2.081899558550500526E-16, 20.00000000000000000 ) ) ;
#9062 = CONTEXT_DEPENDENT_SHAPE_REPRESENTATION ( #6955, #3598 ) ;
#9063 = EDGE_LOOP ( 'NONE', ( #10106, #3122 ) ) ;
#9064 = DIRECTION ( 'NONE',  ( -0.000000000000000000, -0.000000000000000000, 1.000000000000000000 ) ) ;
#9065 = AXIS2_PLACEMENT_3D ( 'NONE', #8517, #8638, #4352 ) ;
#9066 = LINE ( 'NONE', #3280, #8153 ) ;
#9067 = LOCAL_TIME ( 6, 20, 19.00000000000000000, #5766 ) ;
#9068 = CARTESIAN_POINT ( 'NONE',  ( -9.000000000000000000, 59.50000000000000000, 3.000000000000000000 ) ) ;
#9069 = CARTESIAN_POINT ( 'NONE',  ( 21.65666690099438441, -5.557415261748373858, -0.000000000000000000 ) ) ;
#9070 = VERTEX_POINT ( 'NONE', #7904 ) ;
#9071 = CARTESIAN_POINT ( 'NONE',  ( 0.000000000000000000, 0.000000000000000000, 68.00000000000000000 ) ) ;
#9072 = EDGE_CURVE ( 'NONE', #7604, #8474, #2148, .T. ) ;
#9073 = CC_DESIGN_APPROVAL ( #629, ( #1159 ) ) ;
#9074 = EDGE_CURVE ( 'NONE', #5790, #4330, #5907, .T. ) ;
#9075 = ORIENTED_EDGE ( 'NONE', *, *, #4971, .T. ) ;
#9076 = CARTESIAN_POINT ( 'NONE',  ( -10.50000000000000000, 0.000000000000000000, 0.000000000000000000 ) ) ;
#9077 = DATE_AND_TIME ( #7452, #4126 ) ;
#9078 = CYLINDRICAL_SURFACE ( 'NONE', #3998, 1.699999999999998401 ) ;
#9079 = CARTESIAN_POINT ( 'NONE',  ( -11.59999999999999964, 62.50000000000000000, -1.200000000000000030E-05 ) ) ;
#9080 = CARTESIAN_POINT ( 'NONE',  ( -21.00000000000000000, 0.000000000000000000, 24.00000000000000000 ) ) ;
#9081 = FACE_OUTER_BOUND ( 'NONE', #4239, .T. ) ;
#9082 = APPLICATION_CONTEXT ( 'configuration controlled 3d designs of mechanical parts and assemblies' ) ;
#9083 = LOCAL_TIME ( 6, 20, 19.00000000000000000, #2495 ) ;
#9084 = LINE ( 'NONE', #6477, #7155 ) ;
#9085 = PERSON_AND_ORGANIZATION ( #10500, #8573 ) ;
#9086 = CARTESIAN_POINT ( 'NONE',  ( 0.5999999999999999778, 18.99052395275075256, 4.000000000000000000 ) ) ;
#9087 = VECTOR ( 'NONE', #2813, 1000.000000000000000 ) ;
#9088 = EDGE_LOOP ( 'NONE', ( #2838, #9531 ) ) ;
#9089 = ADVANCED_FACE ( 'NONE', ( #9636 ), #1220, .F. ) ;
#9090 = ORIENTED_EDGE ( 'NONE', *, *, #4620, .F. ) ;
#9091 = DIRECTION ( 'NONE',  ( 1.000000000000000000, 0.000000000000000000, 0.000000000000000000 ) ) ;
#9092 = APPROVAL_STATUS ( 'not_yet_approved' ) ;
#9093 = CARTESIAN_POINT ( 'NONE',  ( -9.000000000000000000, 8.000000000000000000, 19.30000000000000071 ) ) ;
#9094 = CARTESIAN_POINT ( 'NONE',  ( 31.22508399488487285, 47.29993048876347927, -0.000000000000000000 ) ) ;
#9095 = FACE_BOUND ( 'NONE', #3947, .T. ) ;
#9096 = CARTESIAN_POINT ( 'NONE',  ( 43.00000000000000000, 0.000000000000000000, 24.00000000000000000 ) ) ;
#9097 = AXIS2_PLACEMENT_3D ( 'NONE', #6798, #5158, #8512 ) ;
#9098 = DIRECTION ( 'NONE',  ( -0.000000000000000000, -0.000000000000000000, 1.000000000000000000 ) ) ;
#9099 = APPROVAL ( #2929, 'ๆช' ) ;
#9100 = COORDINATED_UNIVERSAL_TIME_OFFSET ( 5, 0, .BEHIND. ) ;
#9101 = VECTOR ( 'NONE', #9114, 1000.000000000000000 ) ;
#9102 = AXIS2_PLACEMENT_3D ( 'NONE', #9672, #5208, #6896 ) ;
#9103 = ORIENTED_EDGE ( 'NONE', *, *, #4327, .F. ) ;
#9104 = LINE ( 'NONE', #1670, #10555 ) ;
#9105 = CARTESIAN_POINT ( 'NONE',  ( -13.55736206016057999, 71.65679534101306558, -0.000000000000000000 ) ) ;
#9106 = LINE ( 'NONE', #677, #6111 ) ;
#9107 = LINE ( 'NONE', #5023, #6820 ) ;
#9108 = VECTOR ( 'NONE', #6578, 1000.000000000000000 ) ;
#9109 = CC_DESIGN_PERSON_AND_ORGANIZATION_ASSIGNMENT ( #8078, #554, ( #2560 ) ) ;
#9110 = EDGE_LOOP ( 'NONE', ( #3197, #4876 ) ) ;
#9111 = CARTESIAN_POINT ( 'NONE',  ( 27.69999999999999929, -57.00000000000000711, -8.271806125530276749E-22 ) ) ;
#9112 = DATE_TIME_ROLE ( 'classification_date' ) ;
#9113 = ORIENTED_EDGE ( 'NONE', *, *, #5281, .T. ) ;
#9114 = DIRECTION ( 'NONE',  ( -1.000000000000000000, -0.000000000000000000, -0.000000000000000000 ) ) ;
#9115 = LINE ( 'NONE', #10002, #4312 ) ;
#9116 = VERTEX_POINT ( 'NONE', #2201 ) ;
#9117 = DIRECTION ( 'NONE',  ( 0.000000000000000000, 1.000000000000000000, -0.000000000000000000 ) ) ;
#9118 = CARTESIAN_POINT ( 'NONE',  ( 31.60000000000000142, 77.50000000000000000, 0.000000000000000000 ) ) ;
#9119 = EDGE_CURVE ( 'NONE', #1264, #9699, #474, .T. ) ;
#9120 = ORIENTED_EDGE ( 'NONE', *, *, #4387, .T. ) ;
#9121 = VECTOR ( 'NONE', #3106, 1000.000000000000000 ) ;
#9122 = CARTESIAN_POINT ( 'NONE',  ( -15.48452350954464762, 69.14146106820932403, -0.000000000000000000 ) ) ;
#9123 = VERTEX_POINT ( 'NONE', #7797 ) ;
#9124 = CARTESIAN_POINT ( 'NONE',  ( 31.00000000000000000, 59.50000000000000000, 3.000000000000000000 ) ) ;
#9125 = APPROVAL_STATUS ( 'not_yet_approved' ) ;
#9126 = VECTOR ( 'NONE', #6740, 1000.000000000000000 ) ;
#9127 = ORIENTED_EDGE ( 'NONE', *, *, #363, .T. ) ;
#9128 = CARTESIAN_POINT ( 'NONE',  ( 125.7000000000000028, 0.000000000000000000, -6.000000000000000152E-06 ) ) ;
#9129 = ORIENTED_EDGE ( 'NONE', *, *, #5548, .F. ) ;
#9130 = FACE_OUTER_BOUND ( 'NONE', #8618, .T. ) ;
#9131 = VECTOR ( 'NONE', #5084, 1000.000000000000000 ) ;
#9132 = DIRECTION ( 'NONE',  ( 0.000000000000000000, 0.000000000000000000, -1.000000000000000000 ) ) ;
#9133 = ORIENTED_EDGE ( 'NONE', *, *, #10501, .F. ) ;
#9134 = DIRECTION ( 'NONE',  ( 0.000000000000000000, 0.000000000000000000, -1.000000000000000000 ) ) ;
#9135 = EDGE_CURVE ( 'NONE', #4696, #9504, #322, .T. ) ;
#9136 = ORIENTED_EDGE ( 'NONE', *, *, #3008, .T. ) ;
#9137 = FACE_OUTER_BOUND ( 'NONE', #8776, .T. ) ;
#9138 = EDGE_LOOP ( 'NONE', ( #2146, #5754, #3970, #2352, #6422, #7717, #6520, #9103, #8983, #10685, #10505, #10859 ) ) ;
#9139 = CIRCLE ( 'NONE', #2994, 19.00000000000000000 ) ;
#9140 = DATE_TIME_ROLE ( 'classification_date' ) ;
#9141 = DIRECTION ( 'NONE',  ( 0.000000000000000000, 1.000000000000000000, 0.000000000000000000 ) ) ;
#9142 = EDGE_LOOP ( 'NONE', ( #3570, #8498 ) ) ;
#9143 = CARTESIAN_POINT ( 'NONE',  ( 31.60000000000000142, 72.50000000000000000, 6.000000000000000000 ) ) ;
#9144 = APPROVAL_DATE_TIME ( #10648, #5521 ) ;
#9145 = DIRECTION ( 'NONE',  ( -1.000000000000000000, 0.000000000000000000, 0.000000000000000000 ) ) ;
#9146 = DIRECTION ( 'NONE',  ( -0.000000000000000000, -0.000000000000000000, 1.000000000000000000 ) ) ;
#9147 = PLANE ( 'NONE',  #6299 ) ;
#9148 = PLANE ( 'NONE',  #9595 ) ;
#9149 = AXIS2_PLACEMENT_3D ( 'NONE', #6372, #5341, #2874 ) ;
#9150 = EDGE_CURVE ( 'NONE', #6497, #2165, #3639, .T. ) ;
#9151 = ADVANCED_FACE ( 'NONE', ( #3691 ), #7028, .F. ) ;
#9152 = DIRECTION ( 'NONE',  ( 0.000000000000000000, -0.000000000000000000, -1.000000000000000000 ) ) ;
#9153 = PERSON_AND_ORGANIZATION_ROLE ( 'creator' ) ;
#9154 = ORIENTED_EDGE ( 'NONE', *, *, #1398, .T. ) ;
#9155 = DIRECTION ( 'NONE',  ( 1.000000000000000000, -0.000000000000000000, 0.000000000000000000 ) ) ;
#9156 = DIRECTION ( 'NONE',  ( 0.000000000000000000, 0.000000000000000000, 1.000000000000000000 ) ) ;
#9157 = FACE_BOUND ( 'NONE', #1370, .T. ) ;
#9158 = CARTESIAN_POINT ( 'NONE',  ( 35.00000000000000000, 0.000000000000000000, 4.000000000000000000 ) ) ;
#9159 = EDGE_CURVE ( 'NONE', #9280, #10289, #6572, .T. ) ;
#9160 = VECTOR ( 'NONE', #10723, 1000.000000000000000 ) ;
#9161 = CC_DESIGN_DATE_AND_TIME_ASSIGNMENT ( #1363, #10669, ( #3608 ) ) ;
#9162 = PERSON ( 'NAUO-PER5', 'UNSPECIFIED', 'UNSPECIFIED', ('UNSPECIFIED'), ('UNSPECIFIED'), ('UNSPECIFIED') ) ;
#9163 = AXIS2_PLACEMENT_3D ( 'NONE', #10557, #8725, #4553 ) ;
#9164 = EDGE_LOOP ( 'NONE', ( #7901, #5584, #7466, #9328 ) ) ;
#9165 = DIRECTION ( 'NONE',  ( -0.000000000000000000, -0.000000000000000000, -1.000000000000000000 ) ) ;
#9166 = ORIENTED_EDGE ( 'NONE', *, *, #6503, .T. ) ;
#9167 = DIRECTION ( 'NONE',  ( 1.000000000000000000, 0.000000000000000000, 0.000000000000000000 ) ) ;
#9168 = CARTESIAN_POINT ( 'NONE',  ( -2.081978247435513296, -1.594878658085206125, 0.000000000000000000 ) ) ;
#9169 = ORIENTED_EDGE ( 'NONE', *, *, #6216, .T. ) ;
#9170 = DIRECTION ( 'NONE',  ( 1.000000000000000000, 0.000000000000000000, 0.000000000000000000 ) ) ;
#9171 = VERTEX_POINT ( 'NONE', #6630 ) ;
#9172 = APPROVAL ( #9894, 'UNKNOWN' ) ;
#9173 = CC_DESIGN_DATE_AND_TIME_ASSIGNMENT ( #7265, #7217, ( #462 ) ) ;
#9174 = LINE ( 'NONE', #8214, #8229 ) ;
#9175 = ORIENTED_EDGE ( 'NONE', *, *, #8996, .F. ) ;
#9176 = CARTESIAN_POINT ( 'NONE',  ( -12.51567465788468958, 69.14134607987428183, 0.000000000000000000 ) ) ;
#9177 = PERSON_AND_ORGANIZATION ( #10500, #8573 ) ;
#9178 = ORIENTED_EDGE ( 'NONE', *, *, #9873, .T. ) ;
#9179 = CARTESIAN_POINT ( 'NONE',  ( 11.90340548161031542, 7.369530314402258142, 8.003034309753193298 ) ) ;
#9180 = EDGE_CURVE ( 'NONE', #543, #3693, #10511, .T. ) ;
#9181 = ORIENTED_EDGE ( 'NONE', *, *, #3372, .T. ) ;
#9182 = CARTESIAN_POINT ( 'NONE',  ( 12.00000000000000000, -7.000000000000000000, 16.69999999999999929 ) ) ;
#9183 = DIRECTION ( 'NONE',  ( -1.000000000000000000, -0.000000000000000000, -0.000000000000000000 ) ) ;
#9184 = DIRECTION ( 'NONE',  ( -0.000000000000000000, -0.000000000000000000, 1.000000000000000000 ) ) ;
#9185 = CARTESIAN_POINT ( 'NONE',  ( 27.69999999999999929, 57.00000000000000000, 5.000000000000000000 ) ) ;
#9186 = ORIENTED_EDGE ( 'NONE', *, *, #1153, .F. ) ;
#9187 = DIRECTION ( 'NONE',  ( 0.000000000000000000, 0.000000000000000000, 1.000000000000000000 ) ) ;
#9188 = PERSON_AND_ORGANIZATION ( #10500, #8573 ) ;
#9189 = CARTESIAN_POINT ( 'NONE',  ( 12.00000000000000000, 7.000000000000000000, 5.000000000000000000 ) ) ;
#9190 = VERTEX_POINT ( 'NONE', #9128 ) ;
#9191 = ORIENTED_EDGE ( 'NONE', *, *, #8713, .F. ) ;
#9192 = DIRECTION ( 'NONE',  ( 1.000000000000000000, 0.000000000000000000, 0.000000000000000000 ) ) ;
#9193 = PERSON_AND_ORGANIZATION_ROLE ( 'classification_officer' ) ;
#9194 = ADVANCED_FACE ( 'NONE', ( #8976 ), #4122, .F. ) ;
#9195 = DIRECTION ( 'NONE',  ( -0.000000000000000000, -0.000000000000000000, 1.000000000000000000 ) ) ;
#9196 = CARTESIAN_POINT ( 'NONE',  ( 18.63880920472916003, 0.000000000000000000, 13.04287395703121177 ) ) ;
#9197 = ORIENTED_EDGE ( 'NONE', *, *, #4377, .T. ) ;
#9198 = DIRECTION ( 'NONE',  ( 0.000000000000000000, 0.000000000000000000, -1.000000000000000000 ) ) ;
#9199 = FACE_BOUND ( 'NONE', #5103, .T. ) ;
#9200 = ORIENTED_EDGE ( 'NONE', *, *, #516, .F. ) ;
#9201 = CALENDAR_DATE ( 2026, 18, 9 ) ;
#9202 = CARTESIAN_POINT ( 'NONE',  ( -15.59999999999999964, 67.50000000000000000, -1.200000000000000030E-05 ) ) ;
#9203 = FACE_BOUND ( 'NONE', #2731, .T. ) ;
#9204 = APPROVAL_STATUS ( 'not_yet_approved' ) ;
#9205 = EDGE_CURVE ( 'NONE', #10119, #1261, #9964, .T. ) ;
#9206 = EDGE_CURVE ( 'NONE', #5915, #8026, #1367, .T. ) ;
#9207 = ORIENTED_EDGE ( 'NONE', *, *, #5838, .F. ) ;
#9208 = CARTESIAN_POINT ( 'NONE',  ( 9.840129390273625987, 9.961135384681570670, 11.41787171665996325 ) ) ;
#9209 = LINE ( 'NONE', #5629, #17 ) ;
#9210 = DIRECTION ( 'NONE',  ( 1.000000000000000000, -0.000000000000000000, 0.000000000000000000 ) ) ;
#9211 = CARTESIAN_POINT ( 'NONE',  ( 11.93795499826097561, 7.313427394620799937, 8.746623751672332858 ) ) ;
#9212 = PLANE ( 'NONE',  #5419 ) ;
#9213 = VECTOR ( 'NONE', #2932, 1000.000000000000000 ) ;
#9214 = AXIS2_PLACEMENT_3D ( 'NONE', #6757, #9318, #1659 ) ;
#9215 = VERTEX_POINT ( 'NONE', #4296 ) ;
#9216 = EDGE_CURVE ( 'NONE', #6145, #7183, #6522, .T. ) ;
#9217 = APPLICATION_CONTEXT ( 'configuration controlled 3d designs of mechanical parts and assemblies' ) ;
#9218 = VERTEX_POINT ( 'NONE', #6470 ) ;
#9219 = DIRECTION ( 'NONE',  ( 1.000000000000000000, 0.000000000000000000, 0.000000000000000000 ) ) ;
#9220 = CALENDAR_DATE ( 2026, 18, 9 ) ;
#9221 = ORIENTED_EDGE ( 'NONE', *, *, #3815, .T. ) ;
#9222 = CARTESIAN_POINT ( 'NONE',  ( 0.000000000000000000, 0.000000000000000000, 0.000000000000000000 ) ) ;
#9223 = LINE ( 'NONE', #1472, #6747 ) ;
#9224 = ORIENTED_EDGE ( 'NONE', *, *, #1468, .F. ) ;
#9225 = CARTESIAN_POINT ( 'NONE',  ( -20.00000000000000000, -6.000000000000000000, 5.000000000000000000 ) ) ;
#9226 = AXIS2_PLACEMENT_3D ( 'NONE', #3157, #7314, #9824 ) ;
#9227 = CARTESIAN_POINT ( 'NONE',  ( 31.19999999999999929, 80.50000000000000000, 4.688194301613412662 ) ) ;
#9228 = LOCAL_TIME ( 6, 20, 19.00000000000000000, #1143 ) ;
#9229 = ORIENTED_EDGE ( 'NONE', *, *, #10812, .F. ) ;
#9230 = FACE_BOUND ( 'NONE', #9364, .T. ) ;
#9231 = DATE_TIME_ROLE ( 'classification_date' ) ;
#9232 = AXIS2_PLACEMENT_3D ( 'NONE', #5775, #943, #6706 ) ;
#9233 = ORIENTED_EDGE ( 'NONE', *, *, #9704, .T. ) ;
#9234 = CARTESIAN_POINT ( 'NONE',  ( 11.32625336758537848, 8.229749050941169486, 10.01924676303362993 ) ) ;
#9235 = PRODUCT_RELATED_PRODUCT_CATEGORY ( 'detail', '', ( #6304 ) ) ;
#9236 = CALENDAR_DATE ( 2026, 18, 9 ) ;
#9237 = APPROVAL_PERSON_ORGANIZATION ( #9738, #4076, #4572 ) ;
#9238 = ORIENTED_EDGE ( 'NONE', *, *, #5039, .F. ) ;
#9239 = CARTESIAN_POINT ( 'NONE',  ( 24.30000000000000071, -57.00000000000000000, 5.000000000000000000 ) ) ;
#9240 = CARTESIAN_POINT ( 'NONE',  ( 20.00000000000000000, -6.000000000000000000, -1.200000000000000030E-05 ) ) ;
#9241 = DIRECTION ( 'NONE',  ( -0.000000000000000000, -0.000000000000000000, -1.000000000000000000 ) ) ;
#9242 = DIRECTION ( 'NONE',  ( -0.000000000000000000, -0.000000000000000000, 1.000000000000000000 ) ) ;
#9243 = DIRECTION ( 'NONE',  ( -0.000000000000000000, -0.000000000000000000, 1.000000000000000000 ) ) ;
#9244 = ORIENTED_EDGE ( 'NONE', *, *, #2548, .T. ) ;
#9245 = CC_DESIGN_APPROVAL ( #1841, ( #3622 ) ) ;
#9246 = DATE_AND_TIME ( #6087, #10303 ) ;
#9247 = DIRECTION ( 'NONE',  ( -0.000000000000000000, -0.000000000000000000, 1.000000000000000000 ) ) ;
#9248 = ORIENTED_EDGE ( 'NONE', *, *, #10438, .F. ) ;
#9249 = EDGE_LOOP ( 'NONE', ( #748, #5056, #9022, #3641 ) ) ;
#9250 = CARTESIAN_POINT ( 'NONE',  ( 21.69999999999999929, -6.000000000000000000, 5.000000000000000000 ) ) ;
#9251 = CC_DESIGN_PERSON_AND_ORGANIZATION_ASSIGNMENT ( #9870, #4130, ( #1784 ) ) ;
#9252 = APPROVAL_STATUS ( 'not_yet_approved' ) ;
#9253 = DIRECTION ( 'NONE',  ( 0.000000000000000000, -1.000000000000000000, 0.000000000000000000 ) ) ;
#9254 = LINE ( 'NONE', #7470, #596 ) ;
#9255 = DIRECTION ( 'NONE',  ( 0.000000000000000000, 0.000000000000000000, -1.000000000000000000 ) ) ;
#9256 = LOCAL_TIME ( 6, 20, 19.00000000000000000, #950 ) ;
#9257 = CARTESIAN_POINT ( 'NONE',  ( -24.30000000000000071, 45.00000000000000000, -1.200000000000000030E-05 ) ) ;
#9258 = CIRCLE ( 'NONE', #10674, 8.099999999999999645 ) ;
#9259 = EDGE_CURVE ( 'NONE', #7376, #161, #745, .T. ) ;
#9260 = VECTOR ( 'NONE', #7986, 1000.000000000000000 ) ;
#9261 = DATE_AND_TIME ( #5236, #6060 ) ;
#9262 = PERSON_AND_ORGANIZATION ( #10500, #8573 ) ;
#9263 = DIRECTION ( 'NONE',  ( -1.000000000000000000, 0.000000000000000000, -0.000000000000000000 ) ) ;
#9264 = CARTESIAN_POINT ( 'NONE',  ( 255.8000000000000398, 0.000000000000000000, 149.0000000000000000 ) ) ;
#9265 = CALENDAR_DATE ( 2026, 18, 9 ) ;
#9266 = VERTEX_POINT ( 'NONE', #5807 ) ;
#9267 = DIRECTION ( 'NONE',  ( 0.000000000000000000, 1.000000000000000000, 0.000000000000000000 ) ) ;
#9268 = VECTOR ( 'NONE', #217, 1000.000000000000000 ) ;
#9269 = CARTESIAN_POINT ( 'NONE',  ( 2.500000000000000000, 3.061616997868383141E-16, 68.00000000000000000 ) ) ;
#9270 = CARTESIAN_POINT ( 'NONE',  ( 3.000000000000000000, 3.000000000000000000, 83.00000000000000000 ) ) ;
#9271 = ORIENTED_EDGE ( 'NONE', *, *, #9479, .F. ) ;
#9272 = PLANE ( 'NONE',  #3324 ) ;
#9273 = VERTEX_POINT ( 'NONE', #9862 ) ;
#9274 = EDGE_CURVE ( 'NONE', #10378, #4244, #9805, .T. ) ;
#9275 = EDGE_CURVE ( 'NONE', #1284, #2004, #2256, .T. ) ;
#9276 = AXIS2_PLACEMENT_3D ( 'NONE', #10015, #2467, #4790 ) ;
#9277 = ORIENTED_EDGE ( 'NONE', *, *, #6312, .T. ) ;
#9278 = CARTESIAN_POINT ( 'NONE',  ( 0.000000000000000000, 0.000000000000000000, 12.00000000000000000 ) ) ;
#9279 = DATE_TIME_ROLE ( 'classification_date' ) ;
#9280 = VERTEX_POINT ( 'NONE', #2309 ) ;
#9281 = PLANE ( 'NONE',  #1015 ) ;
#9282 = LINE ( 'NONE', #3389, #5351 ) ;
#9283 = CIRCLE ( 'NONE', #2422, 1.699999999999998401 ) ;
#9284 = LINE ( 'NONE', #8622, #1941 ) ;
#9285 = AXIS2_PLACEMENT_3D ( 'NONE', #2492, #8102, #523 ) ;
#9286 = CARTESIAN_POINT ( 'NONE',  ( -7.300000000000000711, 48.77438419509385170, -0.000000000000000000 ) ) ;
#9287 = ADVANCED_FACE ( 'NONE', ( #10789 ), #7455, .T. ) ;
#9288 = EDGE_CURVE ( 'NONE', #4538, #10314, #10740, .T. ) ;
#9289 = ORIENTED_EDGE ( 'NONE', *, *, #5294, .F. ) ;
#9290 = CIRCLE ( 'NONE', #7866, 1.700000000000000178 ) ;
#9291 = PERSON_AND_ORGANIZATION_ROLE ( 'design_owner' ) ;
#9292 = ORIENTED_EDGE ( 'NONE', *, *, #10178, .T. ) ;
#9293 = CARTESIAN_POINT ( 'NONE',  ( 11.25500529808220485, 8.327020506907690134, 6.935553284710733735 ) ) ;
#9294 = CALENDAR_DATE ( 2026, 18, 9 ) ;
#9295 = ORIENTED_EDGE ( 'NONE', *, *, #9415, .T. ) ;
#9296 = DIRECTION ( 'NONE',  ( 1.000000000000000000, 0.000000000000000000, 0.000000000000000000 ) ) ;
#9297 = ORIENTED_EDGE ( 'NONE', *, *, #8399, .F. ) ;
#9298 = DIRECTION ( 'NONE',  ( -0.000000000000000000, 1.000000000000000000, 0.000000000000000000 ) ) ;
#9299 = ORIENTED_EDGE ( 'NONE', *, *, #2896, .T. ) ;
#9300 = DIRECTION ( 'NONE',  ( -1.000000000000000000, 0.000000000000000000, 0.000000000000000000 ) ) ;
#9301 = VECTOR ( 'NONE', #2500, 1000.000000000000000 ) ;
#9302 = CARTESIAN_POINT ( 'NONE',  ( 150.0000000000000000, 25.00000000000000000, 90.00000000000000000 ) ) ;
#9303 = VECTOR ( 'NONE', #8321, 1000.000000000000000 ) ;
#9304 = CARTESIAN_POINT ( 'NONE',  ( -9.843211314629879638, 9.958146480581250515, 9.920204085562533081 ) ) ;
#9305 = VERTEX_POINT ( 'NONE', #4020 ) ;
#9306 = CC_DESIGN_DATE_AND_TIME_ASSIGNMENT ( #2017, #4722, ( #10118 ) ) ;
#9307 = PERSON ( 'NAUO-PER1', 'UNSPECIFIED', 'UNSPECIFIED', ('UNSPECIFIED'), ('UNSPECIFIED'), ('UNSPECIFIED') ) ;
#9308 =( NAMED_UNIT ( * ) PLANE_ANGLE_UNIT ( ) SI_UNIT ( $, .RADIAN. ) );
#9309 = APPROVAL_DATE_TIME ( #2699, #5338 ) ;
#9310 = CARTESIAN_POINT ( 'NONE',  ( 29.95702773923585127, 29.63871090099695138, -0.000000000000000000 ) ) ;
#9311 = EDGE_LOOP ( 'NONE', ( #9292, #4724, #2139, #9421 ) ) ;
#9312 = ORIENTED_EDGE ( 'NONE', *, *, #3000, .F. ) ;
#9313 = CARTESIAN_POINT ( 'NONE',  ( 35.00000000000000000, -70.00000000000000000, 5.000000000000000000 ) ) ;
#9314 = VECTOR ( 'NONE', #844, 1000.000000000000000 ) ;
#9315 = ORIENTED_EDGE ( 'NONE', *, *, #8534, .F. ) ;
#9316 = CALENDAR_DATE ( 2026, 18, 9 ) ;
#9317 = DIRECTION ( 'NONE',  ( 0.000000000000000000, 0.000000000000000000, 1.000000000000000000 ) ) ;
#9318 = DIRECTION ( 'NONE',  ( 0.000000000000000000, 0.000000000000000000, 1.000000000000000000 ) ) ;
#9319 = DIRECTION ( 'NONE',  ( 1.000000000000000000, 0.000000000000000000, 0.000000000000000000 ) ) ;
#9320 = DIRECTION ( 'NONE',  ( 0.000000000000000000, 0.000000000000000000, 1.000000000000000000 ) ) ;
#9321 = AXIS2_PLACEMENT_3D ( 'NONE', #10064, #4167, #6514 ) ;
#9322 = CC_DESIGN_PERSON_AND_ORGANIZATION_ASSIGNMENT ( #8831, #4764, ( #462 ) ) ;
#9323 = PERSON_AND_ORGANIZATION ( #10500, #8573 ) ;
#9324 = CALENDAR_DATE ( 2026, 18, 9 ) ;
#9325 = CARTESIAN_POINT ( 'NONE',  ( 14.00000000000000000, 70.00000000000000000, 8.000000000000000000 ) ) ;
#9326 = CARTESIAN_POINT ( 'NONE',  ( -9.858653920126698722, 0.000000000000000000, 22.48432534211531575 ) ) ;
#9327 = PERSON_AND_ORGANIZATION_ROLE ( 'creator' ) ;
#9328 = ORIENTED_EDGE ( 'NONE', *, *, #10705, .F. ) ;
#9329 = CARTESIAN_POINT ( 'NONE',  ( 9.118810940736773674, 10.62306291505445799, 9.477880689636080547 ) ) ;
#9330 = AXIS2_PLACEMENT_3D ( 'NONE', #1478, #7289, #3184 ) ;
#9331 = EDGE_CURVE ( 'NONE', #858, #4853, #9622, .T. ) ;
#9332 = DIRECTION ( 'NONE',  ( -1.000000000000000000, -0.000000000000000000, -0.000000000000000000 ) ) ;
#9333 = DIRECTION ( 'NONE',  ( -0.000000000000000000, -1.000000000000000000, -0.000000000000000000 ) ) ;
#9334 = CARTESIAN_POINT ( 'NONE',  ( -7.638809204727039059, 32.04287395702854013, 0.000000000000000000 ) ) ;
#9335 = EDGE_CURVE ( 'NONE', #2321, #1049, #125, .T. ) ;
#9336 = VECTOR ( 'NONE', #3594, 1000.000000000000000 ) ;
#9337 = UNCERTAINTY_MEASURE_WITH_UNIT (LENGTH_MEASURE( 1.000000000000000082E-05 ), #7125, 'distance_accuracy_value', 'NONE');
#9338 = VERTEX_POINT ( 'NONE', #546 ) ;
#9339 = DIRECTION ( 'NONE',  ( -1.000000000000000000, 0.000000000000000000, 0.000000000000000000 ) ) ;
#9340 = EDGE_CURVE ( 'NONE', #1981, #5113, #7245, .T. ) ;
#9341 = ORIENTED_EDGE ( 'NONE', *, *, #7076, .F. ) ;
#9342 = DIRECTION ( 'NONE',  ( 0.000000000000000000, -0.000000000000000000, -1.000000000000000000 ) ) ;
#9343 = CARTESIAN_POINT ( 'NONE',  ( 31.00000000000000000, -1.200000000000000030E-05, 21.00000000000000000 ) ) ;
#9344 = AXIS2_PLACEMENT_3D ( 'NONE', #2356, #7189, #3962 ) ;
#9345 = ORIENTED_EDGE ( 'NONE', *, *, #10624, .F. ) ;
#9346 = CARTESIAN_POINT ( 'NONE',  ( 3.000000000000000000, 3.000000000000000000, 83.00000000000000000 ) ) ;
#9347 = CARTESIAN_POINT ( 'NONE',  ( -8.774748043452314405, 0.000000000000000000, 22.70000000000000639 ) ) ;
#9348 = ORIENTED_EDGE ( 'NONE', *, *, #2724, .F. ) ;
#9349 = AXIS2_PLACEMENT_3D ( 'NONE', #842, #7708, #4268 ) ;
#9350 =( LENGTH_UNIT ( ) NAMED_UNIT ( * ) SI_UNIT ( .MILLI., .METRE. ) );
#9351 = ORIENTED_EDGE ( 'NONE', *, *, #1679, .F. ) ;
#9352 = CARTESIAN_POINT ( 'NONE',  ( 32.36128909900665462, -0.000000000000000000, 4.042972260759070124 ) ) ;
#9353 = COORDINATED_UNIVERSAL_TIME_OFFSET ( 5, 0, .BEHIND. ) ;
#9354 = EDGE_CURVE ( 'NONE', #1091, #3218, #7846, .T. ) ;
#9355 = ORIENTED_EDGE ( 'NONE', *, *, #3268, .T. ) ;
#9356 = DIRECTION ( 'NONE',  ( -0.000000000000000000, -1.000000000000000000, -0.000000000000000000 ) ) ;
#9357 = ADVANCED_FACE ( 'NONE', ( #3142 ), #9078, .F. ) ;
#9358 = EDGE_LOOP ( 'NONE', ( #234, #10393, #10782, #2021 ) ) ;
#9359 = LINE ( 'NONE', #152, #9566 ) ;
#9360 = CARTESIAN_POINT ( 'NONE',  ( 150.0000000000000000, 25.00000000000000000, 90.00000000000000000 ) ) ;
#9361 = CLOSED_SHELL ( 'NONE', ( #6769, #3755, #1010, #6692, #5945, #5702 ) ) ;
#9362 = LINE ( 'NONE', #5322, #7640 ) ;
#9363 = CARTESIAN_POINT ( 'NONE',  ( -18.30000000000000071, -34.22561580490662436, -0.000000000000000000 ) ) ;
#9364 = EDGE_LOOP ( 'NONE', ( #1758, #740 ) ) ;
#9365 = LINE ( 'NONE', #4995, #7164 ) ;
#9366 = CALENDAR_DATE ( 2026, 18, 9 ) ;
#9367 = DESIGN_CONTEXT ( 'detailed design', #9649, 'design' ) ;
#9368 = LINE ( 'NONE', #7685, #2286 ) ;
#9369 = VERTEX_POINT ( 'NONE', #9907 ) ;
#9370 = LINE ( 'NONE', #4253, #9511 ) ;
#9371 = APPROVAL_DATE_TIME ( #8471, #3930 ) ;
#9372 = CARTESIAN_POINT ( 'NONE',  ( -9.170466408454513996, 10.57870852589375055, 10.64206504667296649 ) ) ;
#9373 = EDGE_CURVE ( 'NONE', #5113, #4712, #699, .T. ) ;
#9374 = CARTESIAN_POINT ( 'NONE',  ( -14.00000000000000000, 70.00000000000000000, 8.000000000000000000 ) ) ;
#9375 = VERTEX_POINT ( 'NONE', #6686 ) ;
#9376 = LINE ( 'NONE', #6923, #1411 ) ;
#9377 = CARTESIAN_POINT ( 'NONE',  ( -7.638710900996052544, -0.000000000000000000, 4.042972260762891956 ) ) ;
#9378 = APPROVAL_DATE_TIME ( #3538, #6192 ) ;
#9379 = PERSON_AND_ORGANIZATION ( #10500, #8573 ) ;
#9380 = CARTESIAN_POINT ( 'NONE',  ( -24.30000000000000071, -57.00000000000000000, 5.000000000000000000 ) ) ;
#9381 = CARTESIAN_POINT ( 'NONE',  ( 9.028198879604028448, 10.70007593451009953, 8.366875471380069484 ) ) ;
#9382 = APPROVAL_STATUS ( 'not_yet_approved' ) ;
#9383 = VERTEX_POINT ( 'NONE', #3569 ) ;
#9384 = CARTESIAN_POINT ( 'NONE',  ( 10.88457178719637142, 8.808441270803237799, 11.70000000000002238 ) ) ;
#9385 = PRODUCT_RELATED_PRODUCT_CATEGORY ( 'detail', '', ( #5522 ) ) ;
#9386 = CARTESIAN_POINT ( 'NONE',  ( -15.48439506952757050, 70.85848573019067942, 0.000000000000000000 ) ) ;
#9387 = CARTESIAN_POINT ( 'NONE',  ( 31.60000000000000142, 0.000000000000000000, 0.000000000000000000 ) ) ;
#9388 = CARTESIAN_POINT ( 'NONE',  ( -9.858538931791278159, 32.48452350954332957, -0.000000000000000000 ) ) ;
#9389 = EDGE_CURVE ( 'NONE', #1147, #5803, #10073, .T. ) ;
#9390 = ORIENTED_EDGE ( 'NONE', *, *, #434, .F. ) ;
#9391 = CARTESIAN_POINT ( 'NONE',  ( 12.95702773924156759, 68.63871090099310379, -0.000000000000000000 ) ) ;
#9392 = APPROVAL_ROLE ( '' ) ;
#9393 = EDGE_CURVE ( 'NONE', #4330, #4228, #4405, .T. ) ;
#9394 = ORIENTED_EDGE ( 'NONE', *, *, #2428, .T. ) ;
#9395 = CC_DESIGN_APPROVAL ( #3930, ( #6379 ) ) ;
#9396 = DIRECTION ( 'NONE',  ( 1.000000000000000000, 0.000000000000000000, 0.000000000000000000 ) ) ;
#9397 = CARTESIAN_POINT ( 'NONE',  ( -12.00000000000000000, 7.000000000000000000, 5.000000000000000000 ) ) ;
#9398 = CARTESIAN_POINT ( 'NONE',  ( 2.270144640882241216, -1.313331601357424328, 0.000000000000000000 ) ) ;
#9399 = CARTESIAN_POINT ( 'NONE',  ( 0.000000000000000000, 25.00000000000000000, 90.00000000000000000 ) ) ;
#9400 = AXIS2_PLACEMENT_3D ( 'NONE', #9079, #4075, #652 ) ;
#9401 = EDGE_LOOP ( 'NONE', ( #6926, #6190 ) ) ;
#9402 = ADVANCED_FACE ( 'NONE', ( #5858 ), #6902, .F. ) ;
#9403 = EDGE_CURVE ( 'NONE', #839, #34, #9365, .T. ) ;
#9404 = ORIENTED_EDGE ( 'NONE', *, *, #6502, .T. ) ;
#9405 = CARTESIAN_POINT ( 'NONE',  ( 32.65679534101004577, -0.000000000000000000, 3.442637939846629802 ) ) ;
#9406 = APPROVAL_STATUS ( 'not_yet_approved' ) ;
#9407 = VERTEX_POINT ( 'NONE', #9182 ) ;
#9408 = LINE ( 'NONE', #2693, #6442 ) ;
#9409 = VECTOR ( 'NONE', #1309, 1000.000000000000000 ) ;
#9410 = CARTESIAN_POINT ( 'NONE',  ( 8.099999999999999645, 70.00000000000000000, 5.200000000000000178 ) ) ;
#9411 = LINE ( 'NONE', #2284, #10845 ) ;
#9412 = APPLICATION_PROTOCOL_DEFINITION ( 'international standard', 'config_control_design', 1994, #1140 ) ;
#9413 = DIRECTION ( 'NONE',  ( 0.000000000000000000, -1.000000000000000000, 0.000000000000000000 ) ) ;
#9414 = DIRECTION ( 'NONE',  ( 0.000000000000000000, 0.000000000000000000, -1.000000000000000000 ) ) ;
#9415 = EDGE_CURVE ( 'NONE', #4538, #8948, #6023, .T. ) ;
#9416 = EDGE_CURVE ( 'NONE', #8011, #2404, #3350, .T. ) ;
#9417 = CIRCLE ( 'NONE', #10299, 1.700000000000000178 ) ;
#9418 = APPROVAL_ROLE ( '' ) ;
#9419 = LINE ( 'NONE', #7578, #10213 ) ;
#9420 = CC_DESIGN_APPROVAL ( #5338, ( #4552 ) ) ;
#9421 = ORIENTED_EDGE ( 'NONE', *, *, #10501, .T. ) ;
#9422 = DIRECTION ( 'NONE',  ( -1.000000000000000000, 0.000000000000000000, 0.000000000000000000 ) ) ;
#9423 = CARTESIAN_POINT ( 'NONE',  ( -9.362270370375766149, 10.40952242769113667, 10.95686943361594423 ) ) ;
#9424 = CARTESIAN_POINT ( 'NONE',  ( -18.51547649045600252, -5.141461068210320562, -0.000000000000000000 ) ) ;
#9425 = FACE_OUTER_BOUND ( 'NONE', #2480, .T. ) ;
#9426 = DIRECTION ( 'NONE',  ( 0.000000000000000000, 1.000000000000000000, 0.000000000000000000 ) ) ;
#9427 = CC_DESIGN_APPROVAL ( #6192, ( #7990 ) ) ;
#9428 = EDGE_LOOP ( 'NONE', ( #3725, #976, #8437, #10729 ) ) ;
#9429 = MECHANICAL_CONTEXT ( 'NONE', #6743, 'mechanical' ) ;
#9430 = EDGE_CURVE ( 'NONE', #3385, #8729, #10184, .T. ) ;
#9431 = APPROVAL_DATE_TIME ( #1718, #4489 ) ;
#9432 = PLANE ( 'NONE',  #8197 ) ;
#9433 = CARTESIAN_POINT ( 'NONE',  ( -10.65666690099488711, 0.000000000000000000, 21.44258473825094313 ) ) ;
#9434 = PERSON_AND_ORGANIZATION ( #10500, #8573 ) ;
#9435 = PRODUCT_DEFINITION_FORMATION_WITH_SPECIFIED_SOURCE ( 'ไป', '', #3169, .NOT_KNOWN. ) ;
#9436 = ORIENTED_EDGE ( 'NONE', *, *, #6604, .T. ) ;
#9437 = CARTESIAN_POINT ( 'NONE',  ( 10.72380529476361488, 9.000000000000204281, 11.70000000000065477 ) ) ;
#9438 = CARTESIAN_POINT ( 'NONE',  ( 0.000000000000000000, 0.000000000000000000, 40.00000000000000000 ) ) ;
#9439 = DIRECTION ( 'NONE',  ( 0.000000000000000000, 0.000000000000000000, 1.000000000000000000 ) ) ;
#9440 = FACE_OUTER_BOUND ( 'NONE', #5507, .T. ) ;
#9441 =( REPRESENTATION_RELATIONSHIP ('NONE','NONE', #403, #902 ) REPRESENTATION_RELATIONSHIP_WITH_TRANSFORMATION ( #2308 )SHAPE_REPRESENTATION_RELATIONSHIP( ) );
#9442 = APPROVAL_PERSON_ORGANIZATION ( #1286, #8416, #5561 ) ;
#9443 = APPROVAL ( #3727, 'UNKNOWN' ) ;
#9444 = ADVANCED_BREP_SHAPE_REPRESENTATION ( '', ( #988, #2087 ), #145 ) ;
#9445 = CARTESIAN_POINT ( 'NONE',  ( -12.30000000000000426, 69.77438419509134349, -0.000000000000000000 ) ) ;
#9446 = VECTOR ( 'NONE', #2505, 1000.000000000000000 ) ;
#9447 = ORIENTED_EDGE ( 'NONE', *, *, #10076, .F. ) ;
#9448 = DIRECTION ( 'NONE',  ( 0.000000000000000000, 0.000000000000000000, 1.000000000000000000 ) ) ;
#9449 = VERTEX_POINT ( 'NONE', #205 ) ;
#9450 = CARTESIAN_POINT ( 'NONE',  ( 0.000000000000000000, 0.000000000000000000, 28.00000000000000000 ) ) ;
#9451 = CARTESIAN_POINT ( 'NONE',  ( -24.30000000000000071, 45.00000000000000000, 5.000000000000000000 ) ) ;
#9452 = CARTESIAN_POINT ( 'NONE',  ( 2.600000000000000089, 0.000000000000000000, 12.00000000000000000 ) ) ;
#9453 = VECTOR ( 'NONE', #4238, 1000.000000000000000 ) ;
#9454 =( GEOMETRIC_REPRESENTATION_CONTEXT ( 3 ) GLOBAL_UNCERTAINTY_ASSIGNED_CONTEXT ( ( #6777 ) ) GLOBAL_UNIT_ASSIGNED_CONTEXT ( ( #3395, #83, #5263 ) ) REPRESENTATION_CONTEXT ( 'NONE', 'WORKASPACE' ) );
#9455 = ORIENTED_EDGE ( 'NONE', *, *, #8468, .T. ) ;
#9456 = APPROVAL ( #890, 'ๆช' ) ;
#9457 = DIRECTION ( 'NONE',  ( 6.123031769111886291E-17, 1.000000000000000000, 0.000000000000000000 ) ) ;
#9458 = EDGE_LOOP ( 'NONE', ( #10579, #3728 ) ) ;
#9459 = DIRECTION ( 'NONE',  ( 1.000000000000000000, -0.000000000000000000, 0.000000000000000000 ) ) ;
#9460 = DATE_TIME_ROLE ( 'classification_date' ) ;
#9461 = AXIS2_PLACEMENT_3D ( 'NONE', #3334, #74, #9396 ) ;
#9462 = ORIENTED_EDGE ( 'NONE', *, *, #998, .F. ) ;
#9463 = DIRECTION ( 'NONE',  ( 1.000000000000000000, 0.000000000000000000, 0.000000000000000000 ) ) ;
#9464 = APPROVAL_PERSON_ORGANIZATION ( #5997, #4353, #946 ) ;
#9465 = ORIENTED_EDGE ( 'NONE', *, *, #9050, .F. ) ;
#9466 = CARTESIAN_POINT ( 'NONE',  ( -0.5999999999999998668, 9.000000000000000000, 8.300000000000000711 ) ) ;
#9467 = EDGE_CURVE ( 'NONE', #2575, #858, #9408, .T. ) ;
#9468 = CARTESIAN_POINT ( 'NONE',  ( -14.00000000000000000, 0.000000000000000000, 2.000000000000000000 ) ) ;
#9469 = CARTESIAN_POINT ( 'NONE',  ( -21.65666690099451941, -34.44258473825168210, -0.000000000000000000 ) ) ;
#9470 = VECTOR ( 'NONE', #10645, 1000.000000000000000 ) ;
#9471 = COORDINATED_UNIVERSAL_TIME_OFFSET ( 5, 0, .BEHIND. ) ;
#9472 = CARTESIAN_POINT ( 'NONE',  ( 31.22508399488667408, 29.29993048876421113, -0.000000000000000000 ) ) ;
#9473 = EDGE_LOOP ( 'NONE', ( #7648, #1741, #2533, #2509 ) ) ;
#9474 = DIRECTION ( 'NONE',  ( -0.000000000000000000, 1.000000000000000000, -0.000000000000000000 ) ) ;
#9475 = DIRECTION ( 'NONE',  ( -0.000000000000000000, -0.000000000000000000, -1.000000000000000000 ) ) ;
#9476 = DIRECTION ( 'NONE',  ( -1.000000000000000000, 0.000000000000000000, 0.000000000000000000 ) ) ;
#9477 = CIRCLE ( 'NONE', #7517, 14.00000000000000000 ) ;
#9479 = EDGE_CURVE ( 'NONE', #9682, #8686, #1805, .T. ) ;
#9478 = LINE ( 'NONE', #3806, #2419 ) ;
#9480 = CARTESIAN_POINT ( 'NONE',  ( 27.69999999999999929, 45.00000000000000000, -1.200000000000000030E-05 ) ) ;
#9481 = DATE_TIME_ROLE ( 'creation_date' ) ;
#9482 = AXIS2_PLACEMENT_3D ( 'NONE', #232, #3603, #1291 ) ;
#9483 = PERSON_AND_ORGANIZATION ( #10500, #8573 ) ;
#9484 = LINE ( 'NONE', #5293, #6455 ) ;
#9485 = CARTESIAN_POINT ( 'NONE',  ( 31.00000000000000000, 31.00000000000000000, -1.200000000000000030E-05 ) ) ;
#9486 = PERSON_AND_ORGANIZATION_ROLE ( 'design_owner' ) ;
#9487 = ORIENTED_EDGE ( 'NONE', *, *, #8814, .F. ) ;
#9488 = DIRECTION ( 'NONE',  ( -0.000000000000000000, -0.000000000000000000, -1.000000000000000000 ) ) ;
#9489 = PRODUCT_DEFINITION_SHAPE ( 'NONE', 'NONE',  #5655 ) ;
#9491 = ADVANCED_FACE ( 'NONE', ( #3462 ), #8333, .F. ) ;
#9490 = CARTESIAN_POINT ( 'NONE',  ( 12.00000000000000000, -7.000000000000000000, 3.299999999999999822 ) ) ;
#9492 = ADVANCED_FACE ( 'NONE', ( #1696 ), #5051, .T. ) ;
#9493 = AXIS2_PLACEMENT_3D ( 'NONE', #8908, #5644, #4009 ) ;
#9494 = LINE ( 'NONE', #184, #8410 ) ;
#9495 = FACE_OUTER_BOUND ( 'NONE', #4979, .T. ) ;
#9496 = VECTOR ( 'NONE', #1903, 1000.000000000000000 ) ;
#9497 = MECHANICAL_CONTEXT ( 'NONE', #1700, 'mechanical' ) ;
#9498 = CIRCLE ( 'NONE', #5622, 1.700000000000000178 ) ;
#9499 = VERTEX_POINT ( 'NONE', #10127 ) ;
#9500 = CARTESIAN_POINT ( 'NONE',  ( 186.0000000000000000, 0.000000000000000000, 83.00000000000000000 ) ) ;
#9501 = EDGE_LOOP ( 'NONE', ( #3609, #3229 ) ) ;
#9502 = DIRECTION ( 'NONE',  ( 0.000000000000000000, 0.000000000000000000, 1.000000000000000000 ) ) ;
#9503 = EDGE_CURVE ( 'NONE', #3295, #1981, #1862, .T. ) ;
#9504 = VERTEX_POINT ( 'NONE', #1752 ) ;
#9505 = EDGE_CURVE ( 'NONE', #2474, #4397, #151, .T. ) ;
#9506 = CARTESIAN_POINT ( 'NONE',  ( 0.000000000000000000, 0.000000000000000000, 16.00000000000000000 ) ) ;
#9507 = AXIS2_PLACEMENT_3D ( 'NONE', #9929, #9098, #1563 ) ;
#9508 = FACE_OUTER_BOUND ( 'NONE', #9711, .T. ) ;
#9509 = ORIENTED_EDGE ( 'NONE', *, *, #9206, .T. ) ;
#9510 = CARTESIAN_POINT ( 'NONE',  ( 0.000000000000000000, 72.50000000000000000, 0.000000000000000000 ) ) ;
#9511 = VECTOR ( 'NONE', #1818, 1000.000000000000000 ) ;
#9512 = VECTOR ( 'NONE', #9146, 1000.000000000000000 ) ;
#9513 = EDGE_LOOP ( 'NONE', ( #2468, #7936, #7592, #3491 ) ) ;
#9514 = PLANE ( 'NONE',  #4710 ) ;
#9515 = DIRECTION ( 'NONE',  ( -1.000000000000000000, 0.000000000000000000, -0.000000000000000000 ) ) ;
#9516 = CC_DESIGN_DATE_AND_TIME_ASSIGNMENT ( #8007, #6141, ( #7115 ) ) ;
#9517 = CARTESIAN_POINT ( 'NONE',  ( 7.700000000000000178, 2.081899558550500526E-16, 0.000000000000000000 ) ) ;
#9518 = CARTESIAN_POINT ( 'NONE',  ( 20.00000000000000000, -12.00000000000000000, 0.000000000000000000 ) ) ;
#9519 = AXIS2_PLACEMENT_3D ( 'NONE', #3620, #6075, #2016 ) ;
#9520 =( NAMED_UNIT ( * ) PLANE_ANGLE_UNIT ( ) SI_UNIT ( $, .RADIAN. ) );
#9521 = COORDINATED_UNIVERSAL_TIME_OFFSET ( 5, 0, .BEHIND. ) ;
#9522 = DIRECTION ( 'NONE',  ( -0.000000000000000000, -0.000000000000000000, -1.000000000000000000 ) ) ;
#9523 = EDGE_CURVE ( 'NONE', #8026, #5915, #2059, .T. ) ;
#9524 = EDGE_LOOP ( 'NONE', ( #10575, #6731, #3850, #9351 ) ) ;
#9525 = LINE ( 'NONE', #2760, #8630 ) ;
#9526 = EDGE_LOOP ( 'NONE', ( #10676, #2919 ) ) ;
#9527 = DATE_TIME_ROLE ( 'classification_date' ) ;
#9528 = AXIS2_PLACEMENT_3D ( 'NONE', #4714, #9156, #10820 ) ;
#9529 = CARTESIAN_POINT ( 'NONE',  ( 0.000000000000000000, 0.000000000000000000, 2.000000000000000000 ) ) ;
#9530 = DIRECTION ( 'NONE',  ( -0.000000000000000000, 1.000000000000000000, -0.000000000000000000 ) ) ;
#9531 = ORIENTED_EDGE ( 'NONE', *, *, #7764, .T. ) ;
#9532 = EDGE_CURVE ( 'NONE', #4475, #6238, #926, .T. ) ;
#9533 = CARTESIAN_POINT ( 'NONE',  ( -15.59999999999999964, 62.50000000000000000, -1.200000000000000030E-05 ) ) ;
#9534 = PLANE ( 'NONE',  #4836 ) ;
#9536 = ADVANCED_FACE ( 'NONE', ( #4288 ), #980, .F. ) ;
#9535 = DIRECTION ( 'NONE',  ( -1.000000000000000000, -0.000000000000000000, 0.000000000000000000 ) ) ;
#9537 = COORDINATED_UNIVERSAL_TIME_OFFSET ( 5, 0, .BEHIND. ) ;
#9538 = FACE_OUTER_BOUND ( 'NONE', #413, .T. ) ;
#9539 = EDGE_CURVE ( 'NONE', #10278, #7089, #8925, .T. ) ;
#9540 = CARTESIAN_POINT ( 'NONE',  ( 10.37022664714423570, 9.408763276675836451, 6.837751006154996425 ) ) ;
#9541 = DATE_AND_TIME ( #2160, #7477 ) ;
#9542 = ORIENTED_EDGE ( 'NONE', *, *, #10641, .T. ) ;
#9543 = CARTESIAN_POINT ( 'NONE',  ( 11.03830473322971883, 8.614725053397680909, 8.331724570723052281 ) ) ;
#9544 = CARTESIAN_POINT ( 'NONE',  ( -9.000000000000000000, -1.200000000000000030E-05, 1.300000000000000044 ) ) ;
#9545 = ORIENTED_EDGE ( 'NONE', *, *, #4588, .T. ) ;
#9546 = CARTESIAN_POINT ( 'NONE',  ( -9.047843225473620521, 10.68357329672708644, 8.230474509234989355 ) ) ;
#9547 = EDGE_CURVE ( 'NONE', #4810, #6847, #3786, .T. ) ;
#9548 = EDGE_CURVE ( 'NONE', #2018, #2949, #306, .T. ) ;
#9549 = FACE_OUTER_BOUND ( 'NONE', #5985, .T. ) ;
#9550 = COORDINATED_UNIVERSAL_TIME_OFFSET ( 5, 0, .BEHIND. ) ;
#9551 = ORIENTED_EDGE ( 'NONE', *, *, #761, .F. ) ;
#9552 = CARTESIAN_POINT ( 'NONE',  ( -14.00000000000000000, 0.000000000000000000, 2.000000000000000000 ) ) ;
#9553 = VERTEX_POINT ( 'NONE', #4458 ) ;
#9554 = CYLINDRICAL_SURFACE ( 'NONE', #7527, 1.700000000000000178 ) ;
#9555 = ORIENTED_EDGE ( 'NONE', *, *, #4154, .F. ) ;
#9556 = DIRECTION ( 'NONE',  ( 1.000000000000000000, 0.000000000000000000, 0.000000000000000000 ) ) ;
#9557 = EDGE_CURVE ( 'NONE', #6892, #6890, #5478, .T. ) ;
#9558 = EDGE_LOOP ( 'NONE', ( #8670, #1919, #7307, #4983 ) ) ;
#9559 = FACE_BOUND ( 'NONE', #9110, .T. ) ;
#9560 = ITEM_DEFINED_TRANSFORMATION ( 'NONE', 'NONE', #10523,  #2087 ) ;
#9561 = VERTEX_POINT ( 'NONE', #3624 ) ;
#9562 = DIRECTION ( 'NONE',  ( -0.000000000000000000, -0.000000000000000000, 1.000000000000000000 ) ) ;
#9563 = DIRECTION ( 'NONE',  ( -0.000000000000000000, 1.000000000000000000, 0.000000000000000000 ) ) ;
#9564 = VERTEX_POINT ( 'NONE', #2135 ) ;
#9565 = LINE ( 'NONE', #1924, #7810 ) ;
#9566 = VECTOR ( 'NONE', #7735, 1000.000000000000000 ) ;
#9567 = ORIENTED_EDGE ( 'NONE', *, *, #2633, .T. ) ;
#9568 = CARTESIAN_POINT ( 'NONE',  ( -18.34313493157694097, -34.44246974991349930, -0.000000000000000000 ) ) ;
#9569 = CC_DESIGN_APPROVAL ( #5521, ( #5164 ) ) ;
#9570 = EDGE_LOOP ( 'NONE', ( #1006, #5333 ) ) ;
#9571 = PERSON_AND_ORGANIZATION ( #10500, #8573 ) ;
#9572 = CC_DESIGN_PERSON_AND_ORGANIZATION_ASSIGNMENT ( #2668, #3544, ( #9435 ) ) ;
#9573 = PRODUCT_DEFINITION_SHAPE ( 'NONE', 'NONE',  #10896 ) ;
#9574 = DIRECTION ( 'NONE',  ( -1.000000000000000000, 0.000000000000000000, -0.000000000000000000 ) ) ;
#9575 = ORIENTED_EDGE ( 'NONE', *, *, #3276, .T. ) ;
#9576 = CARTESIAN_POINT ( 'NONE',  ( -15.59999999999999964, 77.50000000000000000, 6.000000000000000000 ) ) ;
#9577 = COORDINATED_UNIVERSAL_TIME_OFFSET ( 5, 0, .BEHIND. ) ;
#9578 = LOCAL_TIME ( 6, 20, 19.00000000000000000, #6414 ) ;
#9579 = CARTESIAN_POINT ( 'NONE',  ( 0.5999999999999999778, 0.000000000000000000, 0.000000000000000000 ) ) ;
#9580 = APPLICATION_CONTEXT ( 'configuration controlled 3d designs of mechanical parts and assemblies' ) ;
#9581 = LINE ( 'NONE', #2659, #602 ) ;
#9582 = ORIENTED_EDGE ( 'NONE', *, *, #8035, .T. ) ;
#9583 = PLANE ( 'NONE',  #5735 ) ;
#9584 = DIRECTION ( 'NONE',  ( 0.000000000000000000, 1.000000000000000000, 0.000000000000000000 ) ) ;
#9585 = ORIENTED_EDGE ( 'NONE', *, *, #3513, .F. ) ;
#9586 = VECTOR ( 'NONE', #9426, 1000.000000000000000 ) ;
#9587 = LOCAL_TIME ( 6, 20, 19.00000000000000000, #2798 ) ;
#9588 = CARTESIAN_POINT ( 'NONE',  ( -27.69999999999999929, -57.00000000000000000, -1.200000000000000030E-05 ) ) ;
#9589 = DATE_AND_TIME ( #6156, #4502 ) ;
#9590 = CC_DESIGN_PERSON_AND_ORGANIZATION_ASSIGNMENT ( #2664, #10257, ( #1377 ) ) ;
#9591 = CARTESIAN_POINT ( 'NONE',  ( 0.000000000000000000, 0.000000000000000000, 3.000000000000000000 ) ) ;
#9592 = CARTESIAN_POINT ( 'NONE',  ( 1.951074882875576399, 1.724777374260472396, -0.000000000000000000 ) ) ;
#9593 = PERSON_AND_ORGANIZATION ( #10500, #8573 ) ;
#9594 = ORIENTED_EDGE ( 'NONE', *, *, #8506, .T. ) ;
#9595 = AXIS2_PLACEMENT_3D ( 'NONE', #10088, #9982, #9320 ) ;
#9596 = CARTESIAN_POINT ( 'NONE',  ( 11.94632831415376728, 7.299673962712884823, 10.11996912003220572 ) ) ;
#9597 = CARTESIAN_POINT ( 'NONE',  ( 0.8803804287024865616, 2.463630117896262739, -0.000000000000000000 ) ) ;
#9598 = CC_DESIGN_SECURITY_CLASSIFICATION ( #10125, ( #2560 ) ) ;
#9599 = FACE_OUTER_BOUND ( 'NONE', #10839, .T. ) ;
#9600 = ADVANCED_FACE ( 'NONE', ( #6236 ), #8737, .T. ) ;
#9601 = PLANE ( 'NONE',  #3159 ) ;
#9602 = CC_DESIGN_APPROVAL ( #7063, ( #7115 ) ) ;
#9603 = FACE_OUTER_BOUND ( 'NONE', #5421, .T. ) ;
#9604 = PERSON_AND_ORGANIZATION_ROLE ( 'creator' ) ;
#9605 = ORIENTED_EDGE ( 'NONE', *, *, #7509, .T. ) ;
#9606 = CARTESIAN_POINT ( 'NONE',  ( 14.85853893179036689, 68.51547649045612332, -0.000000000000000000 ) ) ;
#9607 = DIRECTION ( 'NONE',  ( -1.000000000000000000, -0.000000000000000000, -0.000000000000000000 ) ) ;
#9608 = FACE_BOUND ( 'NONE', #3187, .T. ) ;
#9609 = EDGE_CURVE ( 'NONE', #6302, #10034, #2076, .T. ) ;
#9610 = SECURITY_CLASSIFICATION ( '', '', #7540 ) ;
#9611 = EDGE_LOOP ( 'NONE', ( #6460, #7659 ) ) ;
#9612 = FACE_OUTER_BOUND ( 'NONE', #7075, .T. ) ;
#9613 = ADVANCED_FACE ( 'NONE', ( #4510 ), #9514, .F. ) ;
#9614 = CIRCLE ( 'NONE', #4866, 8.000000000000000000 ) ;
#9615 = DIRECTION ( 'NONE',  ( 0.000000000000000000, 0.000000000000000000, 1.000000000000000000 ) ) ;
#9616 = VERTEX_POINT ( 'NONE', #4666 ) ;
#9617 = DIRECTION ( 'NONE',  ( -0.000000000000000000, -0.000000000000000000, -1.000000000000000000 ) ) ;
#9618 = APPROVAL_STATUS ( 'not_yet_approved' ) ;
#9619 = ORIENTED_EDGE ( 'NONE', *, *, #9830, .F. ) ;
#9620 = CARTESIAN_POINT ( 'NONE',  ( 29.51547649045614463, -0.000000000000000000, 3.858538931790375770 ) ) ;
#9621 = CARTESIAN_POINT ( 'NONE',  ( 2.600000000000000089, 0.000000000000000000, -1.200000000000000030E-05 ) ) ;
#9622 = CIRCLE ( 'NONE', #7667, 1.700000000000000178 ) ;
#9623 = EDGE_CURVE ( 'NONE', #6865, #71, #6606, .T. ) ;
#9624 = CARTESIAN_POINT ( 'NONE',  ( 35.60000000000000142, 62.50000000000000000, 6.000000000000000000 ) ) ;
#9625 = EDGE_CURVE ( 'NONE', #7297, #2324, #646, .T. ) ;
#9626 = ORIENTED_EDGE ( 'NONE', *, *, #9059, .T. ) ;
#9627 = DIRECTION ( 'NONE',  ( -1.000000000000000000, 0.000000000000000000, 0.000000000000000000 ) ) ;
#9628 = VERTEX_POINT ( 'NONE', #3848 ) ;
#9629 = APPROVAL_STATUS ( 'not_yet_approved' ) ;
#9630 = PLANE ( 'NONE',  #689 ) ;
#9631 = VECTOR ( 'NONE', #5132, 1000.000000000000000 ) ;
#9632 =( GEOMETRIC_REPRESENTATION_CONTEXT ( 3 ) GLOBAL_UNCERTAINTY_ASSIGNED_CONTEXT ( ( #5462 ) ) GLOBAL_UNIT_ASSIGNED_CONTEXT ( ( #1211, #2909, #8852 ) ) REPRESENTATION_CONTEXT ( 'NONE', 'WORKASPACE' ) );
#9633 = ORIENTED_EDGE ( 'NONE', *, *, #8167, .F. ) ;
#9634 = CARTESIAN_POINT ( 'NONE',  ( 32.36119079527189513, 0.000000000000000000, 19.95712604296984338 ) ) ;
#9635 = PERSON_AND_ORGANIZATION_ROLE ( 'classification_officer' ) ;
#9636 = FACE_OUTER_BOUND ( 'NONE', #4002, .T. ) ;
#9637 = DIRECTION ( 'NONE',  ( -0.000000000000000000, -0.000000000000000000, 1.000000000000000000 ) ) ;
#9638 = CIRCLE ( 'NONE', #1198, 1.700000000000000178 ) ;
#9639 = DIRECTION ( 'NONE',  ( -1.000000000000000000, 0.000000000000000000, -0.000000000000000000 ) ) ;
#9640 = CARTESIAN_POINT ( 'NONE',  ( 18.95702773923616036, -7.361289099003365699, -0.000000000000000000 ) ) ;
#9641 = VERTEX_POINT ( 'NONE', #7174 ) ;
#9642 = CC_DESIGN_DATE_AND_TIME_ASSIGNMENT ( #6918, #939, ( #6379 ) ) ;
#9643 = VECTOR ( 'NONE', #6424, 1000.000000000000000 ) ;
#9644 =( GEOMETRIC_REPRESENTATION_CONTEXT ( 3 ) GLOBAL_UNCERTAINTY_ASSIGNED_CONTEXT ( ( #6580 ) ) GLOBAL_UNIT_ASSIGNED_CONTEXT ( ( #8047, #5831, #3842 ) ) REPRESENTATION_CONTEXT ( 'NONE', 'WORKASPACE' ) );
#9645 = CARTESIAN_POINT ( 'NONE',  ( -19.14146106820994575, -7.484523509543806519, -0.000000000000000000 ) ) ;
#9646 = PERSON_AND_ORGANIZATION ( #10500, #8573 ) ;
#9647 = CARTESIAN_POINT ( 'NONE',  ( -21.69999999999999929, -34.00000000000000000, 5.000000000000000000 ) ) ;
#9648 = VERTEX_POINT ( 'NONE', #3729 ) ;
#9649 = APPLICATION_CONTEXT ( 'configuration controlled 3d designs of mechanical parts and assemblies' ) ;
#9650 = CARTESIAN_POINT ( 'NONE',  ( 0.000000000000000000, 3.000000000000000000, 149.0000000000000000 ) ) ;
#9651 = APPROVAL_ROLE ( '' ) ;
#9652 = ORIENTED_EDGE ( 'NONE', *, *, #3107, .F. ) ;
#9653 = DIRECTION ( 'NONE',  ( -1.000000000000000000, -0.000000000000000000, -0.000000000000000000 ) ) ;
#9654 = CARTESIAN_POINT ( 'NONE',  ( -10.69999999999999929, 31.00000000000000000, -6.000000000000000152E-06 ) ) ;
#9655 = DIRECTION ( 'NONE',  ( 1.000000000000000000, 0.000000000000000000, 0.000000000000000000 ) ) ;
#9656 = CC_DESIGN_PERSON_AND_ORGANIZATION_ASSIGNMENT ( #5045, #10120, ( #1517 ) ) ;
#9657 = CARTESIAN_POINT ( 'NONE',  ( 20.00000000000000000, 0.000000000000000000, 58.00000000000000000 ) ) ;
#9658 = VECTOR ( 'NONE', #2335, 1000.000000000000000 ) ;
#9659 = UNCERTAINTY_MEASURE_WITH_UNIT (LENGTH_MEASURE( 1.000000000000000082E-05 ), #8582, 'distance_accuracy_value', 'NONE');
#9660 = CARTESIAN_POINT ( 'NONE',  ( 130.0000000000000000, 0.000000000000000000, 6.000000000000000000 ) ) ;
#9661 = VECTOR ( 'NONE', #5088, 1000.000000000000000 ) ;
#9662 = CALENDAR_DATE ( 2026, 18, 9 ) ;
#9663 = ADVANCED_FACE ( 'NONE', ( #6077 ), #2847, .F. ) ;
#9664 = EDGE_LOOP ( 'NONE', ( #9963, #9832, #3945, #8694 ) ) ;
#9665 = CARTESIAN_POINT ( 'NONE',  ( 31.00000000000000000, 81.00000000000000000, 3.000000000000000000 ) ) ;
#9666 = CIRCLE ( 'NONE', #4577, 1.700000000000000178 ) ;
#9667 = ORIENTED_EDGE ( 'NONE', *, *, #5362, .F. ) ;
#9668 = CARTESIAN_POINT ( 'NONE',  ( -21.00000000000000000, 0.000000000000000000, 24.00000000000000000 ) ) ;
#9669 = DIRECTION ( 'NONE',  ( 0.000000000000000000, 0.000000000000000000, 1.000000000000000000 ) ) ;
#9670 = PRODUCT_DEFINITION_SHAPE ( 'NONE', 'NONE',  #10914 ) ;
#9671 = CIRCLE ( 'NONE', #1243, 5.799999999999999822 ) ;
#9672 = CARTESIAN_POINT ( 'NONE',  ( 35.00000000000000000, 110.0000000000000000, -27.00000000000000000 ) ) ;
#9673 = EDGE_CURVE ( 'NONE', #8604, #7039, #8117, .T. ) ;
#9674 = ORIENTED_EDGE ( 'NONE', *, *, #6903, .F. ) ;
#9675 = DIRECTION ( 'NONE',  ( -1.000000000000000000, 0.000000000000000000, -0.000000000000000000 ) ) ;
#9676 = APPROVAL_DATE_TIME ( #1088, #9443 ) ;
#9677 = ORIENTED_EDGE ( 'NONE', *, *, #945, .F. ) ;
#9678 = CARTESIAN_POINT ( 'NONE',  ( -14.00000000000000000, 0.000000000000000000, 12.00000000000000000 ) ) ;
#9679 = DIRECTION ( 'NONE',  ( -0.000000000000000000, 1.000000000000000000, 0.000000000000000000 ) ) ;
#9680 = VECTOR ( 'NONE', #4262, 1000.000000000000000 ) ;
#9681 = DIRECTION ( 'NONE',  ( -0.000000000000000000, -0.000000000000000000, 1.000000000000000000 ) ) ;
#9682 = VERTEX_POINT ( 'NONE', #8108 ) ;
#9683 = FACE_OUTER_BOUND ( 'NONE', #10233, .T. ) ;
#9684 = PERSON_AND_ORGANIZATION ( #10500, #8573 ) ;
#9685 = LINE ( 'NONE', #8585, #8235 ) ;
#9686 = ADVANCED_FACE ( 'NONE', ( #731 ), #10777, .F. ) ;
#9687 = ADVANCED_FACE ( 'NONE', ( #4108 ), #10618, .F. ) ;
#9688 = VERTEX_POINT ( 'NONE', #4930 ) ;
#9689 = CARTESIAN_POINT ( 'NONE',  ( 32.65666690099450875, 0.000000000000000000, 20.55741526174906397 ) ) ;
#9690 = ORIENTED_EDGE ( 'NONE', *, *, #9889, .F. ) ;
#9691 = COORDINATED_UNIVERSAL_TIME_OFFSET ( 5, 0, .BEHIND. ) ;
#9692 = CARTESIAN_POINT ( 'NONE',  ( -24.30000000000000071, 57.00000000000000000, -1.200000000000000030E-05 ) ) ;
#9693 = CARTESIAN_POINT ( 'NONE',  ( 20.44258473825274791, -0.000000000000000000, 13.65666690099345892 ) ) ;
#9694 = ORIENTED_EDGE ( 'NONE', *, *, #329, .F. ) ;
#9695 = CARTESIAN_POINT ( 'NONE',  ( -12.00000000000000000, 7.000000000000000000, 3.299999999999999822 ) ) ;
#9696 = DIRECTION ( 'NONE',  ( -0.000000000000000000, 1.000000000000000000, 0.000000000000000000 ) ) ;
#9697 = CIRCLE ( 'NONE', #8992, 14.00000000000000000 ) ;
#9698 = PERSON ( 'NAUO-PER2', 'UNSPECIFIED', 'UNSPECIFIED', ('UNSPECIFIED'), ('UNSPECIFIED'), ('UNSPECIFIED') ) ;
#9699 = VERTEX_POINT ( 'NONE', #3948 ) ;
#9700 = CARTESIAN_POINT ( 'NONE',  ( -18.51567465788469136, -6.858653920127071757, 0.000000000000000000 ) ) ;
#9701 = DATE_AND_TIME ( #1391, #8535 ) ;
#9702 = DIRECTION ( 'NONE',  ( 1.000000000000000000, 0.000000000000000000, 0.000000000000000000 ) ) ;
#9703 = VERTEX_POINT ( 'NONE', #7279 ) ;
#9704 = EDGE_CURVE ( 'NONE', #9407, #8866, #657, .T. ) ;
#9705 = CARTESIAN_POINT ( 'NONE',  ( 31.00000000000000000, -1.200000000000000030E-05, 3.000000000000000000 ) ) ;
#9706 = CALENDAR_DATE ( 2026, 18, 9 ) ;
#9707 = ORIENTED_EDGE ( 'NONE', *, *, #9901, .T. ) ;
#9708 = CARTESIAN_POINT ( 'NONE',  ( -14.00000000000000000, 9.000000000000000000, 8.500000000000000000 ) ) ;
#9709 = CARTESIAN_POINT ( 'NONE',  ( 0.000000000000000000, 40.00000000000000000, 0.000000000000000000 ) ) ;
#9710 = LINE ( 'NONE', #9878, #6054 ) ;
#9711 = EDGE_LOOP ( 'NONE', ( #3345, #305, #3362, #5319 ) ) ;
#9712 = CARTESIAN_POINT ( 'NONE',  ( 31.19999999999999929, 59.50000000000000000, 4.688194301613412662 ) ) ;
#9713 = CARTESIAN_POINT ( 'NONE',  ( -21.36128909900410378, -32.95702773923764539, -0.000000000000000000 ) ) ;
#9714 = CC_DESIGN_DATE_AND_TIME_ASSIGNMENT ( #10260, #59, ( #7472 ) ) ;
#9715 = MECHANICAL_CONTEXT ( 'NONE', #4383, 'mechanical' ) ;
#9716 = ORIENTED_EDGE ( 'NONE', *, *, #8752, .F. ) ;
#9717 = CARTESIAN_POINT ( 'NONE',  ( -2.552093532249216423, 0.5780252676397000799, -0.000000000000000000 ) ) ;
#9718 = VERTEX_POINT ( 'NONE', #3223 ) ;
#9719 = VERTEX_POINT ( 'NONE', #2239 ) ;
#9720 = PLANE ( 'NONE',  #5076 ) ;
#9721 = CARTESIAN_POINT ( 'NONE',  ( -12.00000000000000000, 12.00000000000000000, 20.00000000000000000 ) ) ;
#9722 = EDGE_CURVE ( 'NONE', #8039, #9383, #5742, .T. ) ;
#9723 = APPROVAL_STATUS ( 'not_yet_approved' ) ;
#9724 = EDGE_CURVE ( 'NONE', #2393, #348, #4006, .T. ) ;
#9725 = ORIENTED_EDGE ( 'NONE', *, *, #5616, .F. ) ;
#9726 = LINE ( 'NONE', #4000, #3897 ) ;
#9727 = ORIENTED_EDGE ( 'NONE', *, *, #3008, .F. ) ;
#9728 = SECURITY_CLASSIFICATION_LEVEL ( 'unclassified' ) ;
#9729 = ORIENTED_EDGE ( 'NONE', *, *, #7701, .T. ) ;
#9730 = DIRECTION ( 'NONE',  ( 1.000000000000000000, 0.000000000000000000, 0.000000000000000000 ) ) ;
#9731 = CARTESIAN_POINT ( 'NONE',  ( -6.000000000000000000, 0.000000000000000000, 16.00000000000000000 ) ) ;
#9732 = ORIENTED_EDGE ( 'NONE', *, *, #6624, .F. ) ;
#9733 = DIRECTION ( 'NONE',  ( -0.000000000000000000, -0.000000000000000000, 1.000000000000000000 ) ) ;
#9734 = ORIENTED_EDGE ( 'NONE', *, *, #3972, .F. ) ;
#9735 = CARTESIAN_POINT ( 'NONE',  ( 0.000000000000000000, 0.000000000000000000, 0.000000000000000000 ) ) ;
#9736 = EDGE_CURVE ( 'NONE', #8097, #6394, #1470, .T. ) ;
#9737 =( NAMED_UNIT ( * ) PLANE_ANGLE_UNIT ( ) SI_UNIT ( $, .RADIAN. ) );
#9738 = PERSON_AND_ORGANIZATION ( #10500, #8573 ) ;
#9739 = CARTESIAN_POINT ( 'NONE',  ( 21.69999999999999929, -34.00000000000000000, -6.000000000000000152E-06 ) ) ;
#9740 = VERTEX_POINT ( 'NONE', #2182 ) ;
#9741 = DIRECTION ( 'NONE',  ( 0.000000000000000000, -1.000000000000000000, 0.000000000000000000 ) ) ;
#9742 = ORIENTED_EDGE ( 'NONE', *, *, #2011, .F. ) ;
#9743 = DIRECTION ( 'NONE',  ( 0.000000000000000000, 1.000000000000000000, 0.000000000000000000 ) ) ;
#9744 = CARTESIAN_POINT ( 'NONE',  ( 21.04287395702867514, 0.000000000000000000, 13.36119079527264830 ) ) ;
#9745 = ORIENTED_EDGE ( 'NONE', *, *, #1729, .T. ) ;
#9746 = CARTESIAN_POINT ( 'NONE',  ( 12.00000000000000000, -7.000000000000000000, 5.000000000000000000 ) ) ;
#9747 = LOCAL_TIME ( 6, 20, 19.00000000000000000, #7528 ) ;
#9748 = FACE_OUTER_BOUND ( 'NONE', #3763, .T. ) ;
#9749 = ADVANCED_FACE ( 'NONE', ( #9948 ), #10726, .F. ) ;
#9750 = EDGE_CURVE ( 'NONE', #7402, #4244, #3837, .T. ) ;
#9751 = ORIENTED_EDGE ( 'NONE', *, *, #9467, .F. ) ;
#9752 = DIRECTION ( 'NONE',  ( 1.000000000000000000, 0.000000000000000000, 0.000000000000000000 ) ) ;
#9753 = VECTOR ( 'NONE', #5114, 1000.000000000000000 ) ;
#9754 = ORIENTED_EDGE ( 'NONE', *, *, #6229, .T. ) ;
#9755 = DATE_AND_TIME ( #6984, #2738 ) ;
#9756 = CARTESIAN_POINT ( 'NONE',  ( 0.5999999999999999778, 13.98713694792469120, 4.000000000000000000 ) ) ;
#9757 = EDGE_CURVE ( 'NONE', #9215, #4073, #10135, .T. ) ;
#9758 = EDGE_LOOP ( 'NONE', ( #3112, #5636 ) ) ;
#9759 = CARTESIAN_POINT ( 'NONE',  ( 2.408589353751582784, 0.9896632826438699349, -0.000000000000000000 ) ) ;
#9760 = CALENDAR_DATE ( 2026, 18, 9 ) ;
#9761 = ORIENTED_EDGE ( 'NONE', *, *, #7573, .F. ) ;
#9762 = CARTESIAN_POINT ( 'NONE',  ( 3.000000000000000000, 27.50000000000000000, 3.000000000000000000 ) ) ;
#9763 = PRODUCT_DEFINITION_SHAPE ( 'NONE', 'NONE',  #10900 ) ;
#9764 = DIRECTION ( 'NONE',  ( -0.000000000000000000, -0.000000000000000000, -1.000000000000000000 ) ) ;
#9765 = DIRECTION ( 'NONE',  ( 1.000000000000000000, -0.000000000000000000, -0.000000000000000000 ) ) ;
#9766 = VECTOR ( 'NONE', #10652, 1000.000000000000000 ) ;
#9767 = EDGE_LOOP ( 'NONE', ( #10614, #8265, #8113, #9633, #2307, #8491 ) ) ;
#9768 = ORGANIZATION ( 'NAUO-ORG23', 'UNSPECIFIED', 'UNSPECIFIED' ) ;
#9769 = CARTESIAN_POINT ( 'NONE',  ( 21.65686506842306969, -34.44246974991349930, -0.000000000000000000 ) ) ;
#9770 = EDGE_CURVE ( 'NONE', #5770, #10680, #8209, .T. ) ;
#9771 = AXIS2_PLACEMENT_3D ( 'NONE', #2993, #4703, #506 ) ;
#9772 = CARTESIAN_POINT ( 'NONE',  ( -19.77491600511588032, -32.30006951123654346, 0.000000000000000000 ) ) ;
#9773 = CALENDAR_DATE ( 2026, 18, 9 ) ;
#9774 = APPROVAL_PERSON_ORGANIZATION ( #5337, #1984, #2156 ) ;
#9775 = EDGE_LOOP ( 'NONE', ( #7693, #5780 ) ) ;
#9776 = ORIENTED_EDGE ( 'NONE', *, *, #7316, .T. ) ;
#9777 = PLANE ( 'NONE',  #2794 ) ;
#9778 = DIRECTION ( 'NONE',  ( 1.000000000000000000, -0.000000000000000000, -0.000000000000000000 ) ) ;
#9779 = CC_DESIGN_PERSON_AND_ORGANIZATION_ASSIGNMENT ( #8120, #2357, ( #3953 ) ) ;
#9780 = LOCAL_TIME ( 6, 20, 19.00000000000000000, #9550 ) ;
#9781 = DIRECTION ( 'NONE',  ( -1.000000000000000000, 0.000000000000000000, 0.000000000000000000 ) ) ;
#9782 = EDGE_LOOP ( 'NONE', ( #7411, #8722 ) ) ;
#9783 = LINE ( 'NONE', #2236, #1962 ) ;
#9784 = ORIENTED_EDGE ( 'NONE', *, *, #53, .T. ) ;
#9785 = DATE_AND_TIME ( #10616, #5744 ) ;
#9786 = APPROVAL_PERSON_ORGANIZATION ( #2607, #8075, #6824 ) ;
#9787 = VERTEX_POINT ( 'NONE', #7388 ) ;
#9788 = DIRECTION ( 'NONE',  ( 1.000000000000000000, 0.000000000000000000, 0.000000000000000000 ) ) ;
#9789 = DIRECTION ( 'NONE',  ( -1.000000000000000000, 0.000000000000000000, 0.000000000000000000 ) ) ;
#9790 = CIRCLE ( 'NONE', #6776, 1.700000000000000178 ) ;
#9791 = VERTEX_POINT ( 'NONE', #9896 ) ;
#9792 = DIRECTION ( 'NONE',  ( 0.000000000000000000, -1.000000000000000000, 0.000000000000000000 ) ) ;
#9793 = EDGE_LOOP ( 'NONE', ( #6199, #9075, #6120, #3219 ) ) ;
#9794 = APPROVAL ( #877, 'ๆช' ) ;
#9795 = CARTESIAN_POINT ( 'NONE',  ( -11.93695299064316551, 7.315065345002939701, 10.25716427385520113 ) ) ;
#9796 =( REPRESENTATION_RELATIONSHIP ('NONE','NONE', #403, #2429 ) REPRESENTATION_RELATIONSHIP_WITH_TRANSFORMATION ( #2916 )SHAPE_REPRESENTATION_RELATIONSHIP( ) );
#9797 = ORIENTED_EDGE ( 'NONE', *, *, #2258, .F. ) ;
#9798 = DATE_AND_TIME ( #6408, #5888 ) ;
#9799 = CARTESIAN_POINT ( 'NONE',  ( 19.77491600511588032, -32.29993048876347217, -0.000000000000000000 ) ) ;
#9800 = ORIENTED_EDGE ( 'NONE', *, *, #7968, .T. ) ;
#9801 = LINE ( 'NONE', #9076, #2835 ) ;
#9802 = APPROVAL_ROLE ( '' ) ;
#9803 = EDGE_CURVE ( 'NONE', #8571, #750, #2295, .T. ) ;
#9804 = AXIS2_PLACEMENT_3D ( 'NONE', #4275, #4105, #9219 ) ;
#9805 = LINE ( 'NONE', #4738, #7487 ) ;
#9806 = CYLINDRICAL_SURFACE ( 'NONE', #769, 1.700000000000000178 ) ;
#9807 = FACE_OUTER_BOUND ( 'NONE', #8586, .T. ) ;
#9808 = CARTESIAN_POINT ( 'NONE',  ( 19.14151426980711079, -7.484395069527755240, 0.000000000000000000 ) ) ;
#9809 = ORIENTED_EDGE ( 'NONE', *, *, #4707, .T. ) ;
#9810 = VECTOR ( 'NONE', #10237, 1000.000000000000000 ) ;
#9811 = LINE ( 'NONE', #5656, #9995 ) ;
#9812 =( GEOMETRIC_REPRESENTATION_CONTEXT ( 3 ) GLOBAL_UNCERTAINTY_ASSIGNED_CONTEXT ( ( #4385 ) ) GLOBAL_UNIT_ASSIGNED_CONTEXT ( ( #3908, #4067, #3024 ) ) REPRESENTATION_CONTEXT ( 'NONE', 'WORKASPACE' ) );
#9813 = VERTEX_POINT ( 'NONE', #635 ) ;
#9814 = MECHANICAL_CONTEXT ( 'NONE', #10577, 'mechanical' ) ;
#9815 = CARTESIAN_POINT ( 'NONE',  ( -21.69999999999999929, -34.00000000000000000, -1.200000000000000030E-05 ) ) ;
#9816 = ORIENTED_EDGE ( 'NONE', *, *, #7549, .F. ) ;
#9817 = ORIENTED_EDGE ( 'NONE', *, *, #6434, .F. ) ;
#9818 = CARTESIAN_POINT ( 'NONE',  ( -35.00000000000000000, -70.00000000000000000, 5.000000000000000000 ) ) ;
#9819 = APPROVAL_ROLE ( '' ) ;
#9820 = EDGE_CURVE ( 'NONE', #8407, #2826, #686, .T. ) ;
#9821 = DIRECTION ( 'NONE',  ( -0.000000000000000000, -0.000000000000000000, -1.000000000000000000 ) ) ;
#9822 = AXIS2_PLACEMENT_3D ( 'NONE', #5902, #3664, #1907 ) ;
#9823 = LINE ( 'NONE', #3257, #2276 ) ;
#9824 = DIRECTION ( 'NONE',  ( 0.000000000000000000, 0.000000000000000000, 1.000000000000000000 ) ) ;
#9825 = APPROVAL_PERSON_ORGANIZATION ( #1060, #9456, #56 ) ;
#9826 = FACE_OUTER_BOUND ( 'NONE', #10371, .T. ) ;
#9827 = AXIS2_PLACEMENT_3D ( 'NONE', #2265, #3039, #6371 ) ;
#9828 = CYLINDRICAL_SURFACE ( 'NONE', #352, 1.700000000000000178 ) ;
#9829 = PERSON_AND_ORGANIZATION ( #10500, #8573 ) ;
#9830 = EDGE_CURVE ( 'NONE', #6847, #7855, #3176, .T. ) ;
#9831 = EDGE_CURVE ( 'NONE', #4070, #3716, #2343, .T. ) ;
#9832 = ORIENTED_EDGE ( 'NONE', *, *, #6641, .F. ) ;
#9833 = CARTESIAN_POINT ( 'NONE',  ( 12.00000000000000000, -12.00000000000000000, 20.00000000000000000 ) ) ;
#9834 = VECTOR ( 'NONE', #8741, 1000.000000000000000 ) ;
#9835 = LINE ( 'NONE', #8781, #638 ) ;
#9836 = CARTESIAN_POINT ( 'NONE',  ( 14.00000000000000000, 0.000000000000000000, 2.000000000000000000 ) ) ;
#9837 = VECTOR ( 'NONE', #4269, 1000.000000000000000 ) ;
#9838 = VECTOR ( 'NONE', #3466, 1000.000000000000000 ) ;
#9839 = VECTOR ( 'NONE', #6487, 1000.000000000000000 ) ;
#9840 = ORIENTED_EDGE ( 'NONE', *, *, #5870, .T. ) ;
#9841 = CARTESIAN_POINT ( 'NONE',  ( 5.799999999999999822, 7.102951435054647665E-16, 2.000000000000000000 ) ) ;
#9842 = SECURITY_CLASSIFICATION_LEVEL ( 'unclassified' ) ;
#9843 = ORIENTED_EDGE ( 'NONE', *, *, #236, .F. ) ;
#9844 = DIRECTION ( 'NONE',  ( -0.000000000000000000, -0.000000000000000000, 1.000000000000000000 ) ) ;
#9845 = PLANE ( 'NONE',  #10463 ) ;
#9846 = ORIENTED_EDGE ( 'NONE', *, *, #10488, .F. ) ;
#9847 = CARTESIAN_POINT ( 'NONE',  ( -1.155218221821713742, 2.347434505214176070, -0.000000000000000000 ) ) ;
#9848 = CIRCLE ( 'NONE', #3165, 1.700000000000000178 ) ;
#9849 = CARTESIAN_POINT ( 'NONE',  ( 134.3000000000000114, 2.081899558550508908E-16, -6.000000000000000152E-06 ) ) ;
#9850 = VERTEX_POINT ( 'NONE', #1738 ) ;
#9851 =( LENGTH_UNIT ( ) NAMED_UNIT ( * ) SI_UNIT ( .MILLI., .METRE. ) );
#9852 = PRODUCT ( 'V2_REF_625ZZ', 'V2_REF_625ZZ', '', ( #9497 ) ) ;
#9853 = DIRECTION ( 'NONE',  ( 1.000000000000000000, 0.000000000000000000, 0.000000000000000000 ) ) ;
#9854 = EDGE_LOOP ( 'NONE', ( #1124, #708, #3137, #1532 ) ) ;
#9855 = CC_DESIGN_DATE_AND_TIME_ASSIGNMENT ( #9785, #9279, ( #256 ) ) ;
#9856 = DIRECTION ( 'NONE',  ( 0.000000000000000000, 0.000000000000000000, -1.000000000000000000 ) ) ;
#9857 = AXIS2_PLACEMENT_3D ( 'NONE', #4998, #4132, #10857 ) ;
#9858 = EDGE_LOOP ( 'NONE', ( #6790, #6249, #2908, #10514 ) ) ;
#9859 = PRODUCT_RELATED_PRODUCT_CATEGORY ( 'detail', '', ( #1184 ) ) ;
#9860 = APPROVAL_DATE_TIME ( #3964, #1635 ) ;
#9861 = AXIS2_PLACEMENT_3D ( 'NONE', #4446, #7605, #968 ) ;
#9862 = CARTESIAN_POINT ( 'NONE',  ( 12.00000000000000000, -12.00000000000000000, 0.000000000000000000 ) ) ;
#9863 = DIRECTION ( 'NONE',  ( 0.000000000000000000, -0.000000000000000000, -1.000000000000000000 ) ) ;
#9864 = CYLINDRICAL_SURFACE ( 'NONE', #1226, 1.700000000000000178 ) ;
#9865 = CARTESIAN_POINT ( 'NONE',  ( 21.69999999999999929, -6.000000000000000000, -6.000000000000000152E-06 ) ) ;
#9866 = CIRCLE ( 'NONE', #2118, 14.00000000000000000 ) ;
#9867 = ADVANCED_FACE ( 'NONE', ( #10223 ), #9281, .F. ) ;
#9868 = CARTESIAN_POINT ( 'NONE',  ( 14.00000000000000000, 1.714505518806294638E-15, 16.00000000000000000 ) ) ;
#9869 = VERTEX_POINT ( 'NONE', #6671 ) ;
#9870 = PERSON_AND_ORGANIZATION ( #10500, #8573 ) ;
#9871 = DIRECTION ( 'NONE',  ( 0.000000000000000000, 1.000000000000000000, 0.000000000000000000 ) ) ;
#9872 = DIRECTION ( 'NONE',  ( -0.000000000000000000, -1.000000000000000000, -0.000000000000000000 ) ) ;
#9873 = EDGE_CURVE ( 'NONE', #9682, #9791, #6783, .T. ) ;
#9874 = SECURITY_CLASSIFICATION_LEVEL ( 'unclassified' ) ;
#9875 = CARTESIAN_POINT ( 'NONE',  ( 18.30000000000000071, -34.00000000000000000, 5.000000000000000000 ) ) ;
#9876 = AXIS2_PLACEMENT_3D ( 'NONE', #6144, #6307, #1982 ) ;
#9877 = LINE ( 'NONE', #2322, #6472 ) ;
#9878 = CARTESIAN_POINT ( 'NONE',  ( 8.099999999999999645, 70.00000000000000000, 5.200000000000000178 ) ) ;
#9879 = ORIENTED_EDGE ( 'NONE', *, *, #8154, .F. ) ;
#9880 = CARTESIAN_POINT ( 'NONE',  ( -20.00000000000000000, -12.00000000000000000, 2.000000000000000000 ) ) ;
#9881 = EDGE_CURVE ( 'NONE', #10119, #9688, #2487, .T. ) ;
#9882 = CARTESIAN_POINT ( 'NONE',  ( 27.69999999999999929, 45.00000000000000000, 5.000000000000000000 ) ) ;
#9883 = CALENDAR_DATE ( 2026, 18, 9 ) ;
#9884 = EDGE_LOOP ( 'NONE', ( #3341, #7830, #3003, #8661 ) ) ;
#9885 = VECTOR ( 'NONE', #6003, 1000.000000000000000 ) ;
#9886 = LINE ( 'NONE', #10661, #6504 ) ;
#9887 = CARTESIAN_POINT ( 'NONE',  ( -20.00000000000000000, -6.000000000000000152E-06, 13.70000000000000107 ) ) ;
#9888 = DIRECTION ( 'NONE',  ( 0.000000000000000000, -0.000000000000000000, 1.000000000000000000 ) ) ;
#9889 = EDGE_CURVE ( 'NONE', #4397, #5544, #8319, .T. ) ;
#9890 = EDGE_CURVE ( 'NONE', #5343, #4073, #10522, .T. ) ;
#9891 = ORIENTED_EDGE ( 'NONE', *, *, #2691, .T. ) ;
#9892 = ORIENTED_EDGE ( 'NONE', *, *, #8931, .F. ) ;
#9893 = LINE ( 'NONE', #7276, #6332 ) ;
#9894 = APPROVAL_STATUS ( 'not_yet_approved' ) ;
#9895 = ORIENTED_EDGE ( 'NONE', *, *, #1199, .F. ) ;
#9896 = CARTESIAN_POINT ( 'NONE',  ( 35.60000000000000142, 62.50000000000000000, -8.271806125530276749E-22 ) ) ;
#9897 = CARTESIAN_POINT ( 'NONE',  ( -15.59999999999999964, 77.50000000000000000, -1.200000000000000030E-05 ) ) ;
#9898 = ORIENTED_EDGE ( 'NONE', *, *, #7753, .F. ) ;
#9899 = CARTESIAN_POINT ( 'NONE',  ( 186.0000000000000000, 0.000000000000000000, 0.000000000000000000 ) ) ;
#9900 = DIRECTION ( 'NONE',  ( 0.000000000000000000, 0.000000000000000000, -1.000000000000000000 ) ) ;
#9901 = EDGE_CURVE ( 'NONE', #1021, #7009, #8570, .T. ) ;
#9902 = ORIENTED_EDGE ( 'NONE', *, *, #10369, .T. ) ;
#9903 = AXIS2_PLACEMENT_3D ( 'NONE', #6884, #10265, #2720 ) ;
#9904 = CARTESIAN_POINT ( 'NONE',  ( 0.000000000000000000, -11.00000000000000000, 6.000000000000000000 ) ) ;
#9905 = EDGE_LOOP ( 'NONE', ( #1832, #8841, #4735, #1455 ) ) ;
#9906 = CARTESIAN_POINT ( 'NONE',  ( 0.000000000000000000, 0.000000000000000000, 0.000000000000000000 ) ) ;
#9907 = CARTESIAN_POINT ( 'NONE',  ( 12.00000000000000000, 7.000000000000000000, 6.700000000000000178 ) ) ;
#9908 = CARTESIAN_POINT ( 'NONE',  ( 21.69999999999999929, -34.00000000000000000, 5.000000000000000000 ) ) ;
#9909 = DIRECTION ( 'NONE',  ( 0.000000000000000000, -0.000000000000000000, -1.000000000000000000 ) ) ;
#9910 = PLANE ( 'NONE',  #619 ) ;
#9911 = CC_DESIGN_PERSON_AND_ORGANIZATION_ASSIGNMENT ( #5399, #10428, ( #1690 ) ) ;
#9912 = LINE ( 'NONE', #3920, #7682 ) ;
#9913 = VERTEX_POINT ( 'NONE', #7662 ) ;
#9914 = CALENDAR_DATE ( 2026, 18, 9 ) ;
#9915 = UNCERTAINTY_MEASURE_WITH_UNIT (LENGTH_MEASURE( 1.000000000000000082E-05 ), #8006, 'distance_accuracy_value', 'NONE');
#9916 = DIRECTION ( 'NONE',  ( 0.000000000000000000, 0.000000000000000000, 1.000000000000000000 ) ) ;
#9917 = ORIENTED_EDGE ( 'NONE', *, *, #2222, .T. ) ;
#9918 = VERTEX_POINT ( 'NONE', #5201 ) ;
#9919 = DIRECTION ( 'NONE',  ( 0.000000000000000000, 0.000000000000000000, 1.000000000000000000 ) ) ;
#9920 = COORDINATED_UNIVERSAL_TIME_OFFSET ( 5, 0, .BEHIND. ) ;
#9921 = LINE ( 'NONE', #8666, #6134 ) ;
#9922 = LINE ( 'NONE', #4956, #10331 ) ;
#9923 = DIRECTION ( 'NONE',  ( 1.000000000000000000, -0.000000000000000000, -0.000000000000000000 ) ) ;
#9924 = CARTESIAN_POINT ( 'NONE',  ( 0.000000000000000000, 0.000000000000000000, 4.000000000000000000 ) ) ;
#9925 = FACE_OUTER_BOUND ( 'NONE', #6452, .T. ) ;
#9926 = AXIS2_PLACEMENT_3D ( 'NONE', #6977, #1987, #5332 ) ;
#9927 = CC_DESIGN_DATE_AND_TIME_ASSIGNMENT ( #9033, #9140, ( #4144 ) ) ;
#9928 = APPROVAL_PERSON_ORGANIZATION ( #6733, #1023, #1859 ) ;
#9929 = CARTESIAN_POINT ( 'NONE',  ( -20.00000000000000000, -34.00000000000000000, -1.200000000000000030E-05 ) ) ;
#9930 = DATE_AND_TIME ( #2329, #4861 ) ;
#9931 = EDGE_LOOP ( 'NONE', ( #3476, #3129, #237, #9229 ) ) ;
#9932 = VECTOR ( 'NONE', #10453, 1000.000000000000000 ) ;
#9933 = DIRECTION ( 'NONE',  ( 1.000000000000000000, 0.000000000000000000, 0.000000000000000000 ) ) ;
#9934 = ADVANCED_FACE ( 'NONE', ( #2628, #8496, #4334, #136, #1022, #3447 ), #21, .F. ) ;
#9935 = DIRECTION ( 'NONE',  ( 0.000000000000000000, 0.000000000000000000, -1.000000000000000000 ) ) ;
#9936 = LOCAL_TIME ( 6, 20, 19.00000000000000000, #7228 ) ;
#9937 = CARTESIAN_POINT ( 'NONE',  ( -21.04297226076289107, -0.000000000000000000, 13.36128909900357442 ) ) ;
#9938 = DIRECTION ( 'NONE',  ( -1.000000000000000000, 0.000000000000000000, 0.000000000000000000 ) ) ;
#9939 = VECTOR ( 'NONE', #10203, 1000.000000000000000 ) ;
#9940 = ORIENTED_EDGE ( 'NONE', *, *, #8665, .T. ) ;
#9941 = LOCAL_TIME ( 6, 20, 19.00000000000000000, #5661 ) ;
#9942 = APPROVAL_PERSON_ORGANIZATION ( #704, #8779, #1605 ) ;
#9943 = EDGE_LOOP ( 'NONE', ( #6221, #6182, #10843, #251 ) ) ;
#9944 = CARTESIAN_POINT ( 'NONE',  ( -18.34333309900548770, 0.000000000000000000, 11.55741526174869271 ) ) ;
#9945 = APPROVAL_DATE_TIME ( #4106, #8702 ) ;
#9946 = ADVANCED_FACE ( 'NONE', ( #4392, #5791, #2507, #10170, #3388 ), #6723, .F. ) ;
#9947 = ORIENTED_EDGE ( 'NONE', *, *, #3438, .T. ) ;
#9948 = FACE_OUTER_BOUND ( 'NONE', #32, .T. ) ;
#9949 = DIRECTION ( 'NONE',  ( -0.000000000000000000, -0.000000000000000000, -1.000000000000000000 ) ) ;
#9950 = EDGE_CURVE ( 'NONE', #3736, #4512, #1632, .T. ) ;
#9951 = SECURITY_CLASSIFICATION ( '', '', #10797 ) ;
#9952 = ORIENTED_EDGE ( 'NONE', *, *, #2740, .T. ) ;
#9953 = CARTESIAN_POINT ( 'NONE',  ( -2.408641179952662359, 0.9895630205432096593, 0.000000000000000000 ) ) ;
#9954 = CARTESIAN_POINT ( 'NONE',  ( 20.22508399488547326, -4.300069511235978581, 0.000000000000000000 ) ) ;
#9955 = ORIENTED_EDGE ( 'NONE', *, *, #1815, .T. ) ;
#9956 = SHAPE_REPRESENTATION_RELATIONSHIP ( 'NONE' , 'NONE' ,  #3098, #7172 ) ;
#9957 = CARTESIAN_POINT ( 'NONE',  ( 31.00000000000000000, 80.49999999999998579, 3.000000000000000000 ) ) ;
#9958 = SECURITY_CLASSIFICATION ( '', '', #2543 ) ;
#9959 = ORIENTED_EDGE ( 'NONE', *, *, #1884, .F. ) ;
#9960 = CARTESIAN_POINT ( 'NONE',  ( -9.000000000000000000, -6.000000000000000152E-06, 19.30000000000000071 ) ) ;
#9961 = COORDINATED_UNIVERSAL_TIME_OFFSET ( 5, 0, .BEHIND. ) ;
#9962 = ADVANCED_FACE ( 'NONE', ( #5845 ), #1683, .F. ) ;
#9963 = ORIENTED_EDGE ( 'NONE', *, *, #6353, .F. ) ;
#9964 = LINE ( 'NONE', #3296, #1008 ) ;
#9965 = ADVANCED_FACE ( 'NONE', ( #4498 ), #239, .F. ) ;
#9966 = CARTESIAN_POINT ( 'NONE',  ( 134.6387109009984613, 1.042972260763998849, -0.000000000000000000 ) ) ;
#9967 = DIRECTION ( 'NONE',  ( 1.000000000000000000, 0.000000000000000000, 0.000000000000000000 ) ) ;
#9968 = CARTESIAN_POINT ( 'NONE',  ( -12.00000000000000000, 7.000000000000000000, 5.000000000000000000 ) ) ;
#9969 = APPROVAL_PERSON_ORGANIZATION ( #2227, #6257, #2058 ) ;
#9970 = EDGE_LOOP ( 'NONE', ( #10827, #6639, #3552, #5255 ) ) ;
#9971 = CARTESIAN_POINT ( 'NONE',  ( -9.000000000000000000, -1.200000000000000030E-05, 21.00000000000000000 ) ) ;
#9972 = ORIENTED_EDGE ( 'NONE', *, *, #568, .T. ) ;
#9973 = DATE_AND_TIME ( #9914, #9067 ) ;
#9974 = DIRECTION ( 'NONE',  ( 0.000000000000000000, 0.000000000000000000, -1.000000000000000000 ) ) ;
#9975 = EDGE_LOOP ( 'NONE', ( #8170, #2746, #10382, #7959 ) ) ;
#9976 = LINE ( 'NONE', #8933, #7372 ) ;
#9977 = SECURITY_CLASSIFICATION_LEVEL ( 'unclassified' ) ;
#9978 = LINE ( 'NONE', #8296, #7133 ) ;
#9979 = DIRECTION ( 'NONE',  ( -0.000000000000000000, -0.000000000000000000, -1.000000000000000000 ) ) ;
#9980 = CC_DESIGN_DATE_AND_TIME_ASSIGNMENT ( #8225, #4072, ( #7964 ) ) ;
#9981 = DIRECTION ( 'NONE',  ( 0.000000000000000000, 1.000000000000000000, 0.000000000000000000 ) ) ;
#9982 = DIRECTION ( 'NONE',  ( -1.000000000000000000, 0.000000000000000000, 0.000000000000000000 ) ) ;
#9983 = AXIS2_PLACEMENT_3D ( 'NONE', #1204, #7890, #8845 ) ;
#9984 = AXIS2_PLACEMENT_3D ( 'NONE', #9746, #4792, #1440 ) ;
#9985 = DIRECTION ( 'NONE',  ( 1.000000000000000000, -0.000000000000000000, 0.000000000000000000 ) ) ;
#9986 = PERSON_AND_ORGANIZATION_ROLE ( 'creator' ) ;
#9987 = VECTOR ( 'NONE', #8480, 1000.000000000000000 ) ;
#9988 = APPROVAL_PERSON_ORGANIZATION ( #9483, #3885, #223 ) ;
#9989 = ORIENTED_EDGE ( 'NONE', *, *, #10675, .T. ) ;
#9990 = CARTESIAN_POINT ( 'NONE',  ( 9.170033982407341355, 10.57908256746159203, 10.64114120038147249 ) ) ;
#9991 = CC_DESIGN_PERSON_AND_ORGANIZATION_ASSIGNMENT ( #4675, #10357, ( #7115 ) ) ;
#9992 = CARTESIAN_POINT ( 'NONE',  ( -4.299999999999999822, 2.081899558550500526E-16, 20.00000000000000000 ) ) ;
#9993 = FACE_BOUND ( 'NONE', #8935, .T. ) ;
#9994 = CARTESIAN_POINT ( 'NONE',  ( 24.30000000000000071, 0.000000000000000000, 0.000000000000000000 ) ) ;
#9995 = VECTOR ( 'NONE', #5924, 1000.000000000000000 ) ;
#9996 = EDGE_CURVE ( 'NONE', #7122, #1590, #5059, .T. ) ;
#9997 =( REPRESENTATION_RELATIONSHIP ('NONE','NONE', #403, #8839 ) REPRESENTATION_RELATIONSHIP_WITH_TRANSFORMATION ( #7244 )SHAPE_REPRESENTATION_RELATIONSHIP( ) );
#9998 = ORIENTED_EDGE ( 'NONE', *, *, #864, .T. ) ;
#9999 = DIRECTION ( 'NONE',  ( 0.000000000000000000, 1.000000000000000000, 0.000000000000000000 ) ) ;
#10000 = VERTEX_POINT ( 'NONE', #8621 ) ;
#10001 = CARTESIAN_POINT ( 'NONE',  ( -12.00000000000000000, -12.00000000000000000, 20.00000000000000000 ) ) ;
#10002 = CARTESIAN_POINT ( 'NONE',  ( 31.60000000000000142, 0.000000000000000000, 6.000000000000000000 ) ) ;
#10003 = CARTESIAN_POINT ( 'NONE',  ( 22.00000000000000000, 84.00000000000000000, 8.000000000000000000 ) ) ;
#10004 = CARTESIAN_POINT ( 'NONE',  ( -8.774916005115880324, 47.29993048876346506, -0.000000000000000000 ) ) ;
#10005 = ORIENTED_EDGE ( 'NONE', *, *, #10215, .F. ) ;
#10006 = AXIS2_PLACEMENT_3D ( 'NONE', #7812, #505, #10485 ) ;
#10007 = VECTOR ( 'NONE', #5666, 1000.000000000000000 ) ;
#10008 = EDGE_CURVE ( 'NONE', #2421, #5488, #1079, .T. ) ;
#10009 = CARTESIAN_POINT ( 'NONE',  ( -12.95712604296626047, 68.63880920473465608, 0.000000000000000000 ) ) ;
#10010 = APPROVAL_DATE_TIME ( #2517, #6726 ) ;
#10011 = ORIENTED_EDGE ( 'NONE', *, *, #2279, .F. ) ;
#10012 = CARTESIAN_POINT ( 'NONE',  ( 31.22508399488667763, -0.000000000000000000, 1.300069511235792286 ) ) ;
#10013 = APPROVAL_ROLE ( '' ) ;
#10014 = ORIENTED_EDGE ( 'NONE', *, *, #8435, .F. ) ;
#10015 = CARTESIAN_POINT ( 'NONE',  ( 0.000000000000000000, 0.000000000000000000, 90.00000000000000000 ) ) ;
#10016 = EDGE_LOOP ( 'NONE', ( #3336, #115, #2229, #10790 ) ) ;
#10017 = CARTESIAN_POINT ( 'NONE',  ( 6.000000000000000000, -1.300000000000000044, -0.09997027095160138099 ) ) ;
#10018 = AXIS2_PLACEMENT_3D ( 'NONE', #2540, #1771, #5007 ) ;
#10019 = VECTOR ( 'NONE', #10176, 1000.000000000000000 ) ;
#10020 = CARTESIAN_POINT ( 'NONE',  ( 40.00000000000000000, 0.000000000000000000, 0.000000000000000000 ) ) ;
#10021 = B_SPLINE_CURVE_WITH_KNOTS ( 'NONE', 3,
 ( #10154, #2606, #5886, #1829, #6050, #1004, #6877, #10093, #6931, #5081, #9433, #1889, #5947, #5239, #9326, #7645, #10318, #1945 ),
 .UNSPECIFIED., .F., .F.,
 ( 4, 2, 2, 2, 2, 2, 2, 2, 4 ),
 ( 0.5000000000000000000, 0.5625000000000000000, 0.6250000000000000000, 0.6875000000000000000, 0.7500000000000000000, 0.8125000000000000000, 0.8750000000000000000, 0.9375000000000000000, 1.000000000000000000 ),
 .UNSPECIFIED. ) ;
#10022 = CARTESIAN_POINT ( 'NONE',  ( 122.3432046589899187, 0.4426379398539286858, -0.000000000000000000 ) ) ;
#10023 = ORIENTED_EDGE ( 'NONE', *, *, #10556, .T. ) ;
#10024 = EDGE_CURVE ( 'NONE', #9375, #5429, #7150, .T. ) ;
#10025 = CARTESIAN_POINT ( 'NONE',  ( 6.000000000000000000, 0.000000000000000000, 0.000000000000000000 ) ) ;
#10026 = ADVANCED_FACE ( 'NONE', ( #6948, #8671 ), #7823, .F. ) ;
#10027 = AXIS2_PLACEMENT_3D ( 'NONE', #6142, #7899, #7845 ) ;
#10028 = DATE_AND_TIME ( #6579, #6228 ) ;
#10029 = DESIGN_CONTEXT ( 'detailed design', #7308, 'design' ) ;
#10030 = EDGE_CURVE ( 'NONE', #3451, #6518, #2068, .T. ) ;
#10031 = CARTESIAN_POINT ( 'NONE',  ( 186.0000000000000000, 149.0000000000000000, 0.000000000000000000 ) ) ;
#10032 = VECTOR ( 'NONE', #3130, 1000.000000000000000 ) ;
#10033 = EDGE_LOOP ( 'NONE', ( #10552, #853, #10794, #10598 ) ) ;
#10034 = VERTEX_POINT ( 'NONE', #1961 ) ;
#10035 = CARTESIAN_POINT ( 'NONE',  ( -15.59999999999999964, 62.50000000000000000, 0.000000000000000000 ) ) ;
#10036 = PERSON_AND_ORGANIZATION ( #10500, #8573 ) ;
#10037 = CARTESIAN_POINT ( 'NONE',  ( -0.6000001182283759560, 2.529936706146719949, -8.999999999999988370E-06 ) ) ;
#10038 = CARTESIAN_POINT ( 'NONE',  ( 18.51547649045640753, -0.000000000000000000, 12.85853893179063867 ) ) ;
#10039 = DIRECTION ( 'NONE',  ( 1.000000000000000000, 0.000000000000000000, 0.000000000000000000 ) ) ;
#10040 = DIRECTION ( 'NONE',  ( -0.000000000000000000, -0.000000000000000000, -1.000000000000000000 ) ) ;
#10041 = PERSON_AND_ORGANIZATION ( #10500, #8573 ) ;
#10042 = ADVANCED_FACE ( 'NONE', ( #5309 ), #1128, .F. ) ;
#10043 = ORIENTED_EDGE ( 'NONE', *, *, #4834, .T. ) ;
#10044 = DIRECTION ( 'NONE',  ( -0.6000000000580284487, -0.7999999999564786357, 0.000000000000000000 ) ) ;
#10045 = CYLINDRICAL_SURFACE ( 'NONE', #7673, 19.00000000000000000 ) ;
#10046 = PLANE ( 'NONE',  #4060 ) ;
#10047 = CIRCLE ( 'NONE', #8086, 1.700000000000000178 ) ;
#10048 = PERSON_AND_ORGANIZATION ( #10500, #8573 ) ;
#10049 = ORIENTED_EDGE ( 'NONE', *, *, #10823, .T. ) ;
#10050 = CARTESIAN_POINT ( 'NONE',  ( 12.00000000000000000, 7.000000000000000000, 5.000000000000000000 ) ) ;
#10051 = DIRECTION ( 'NONE',  ( 0.000000000000000000, 0.000000000000000000, -1.000000000000000000 ) ) ;
#10052 = PLANE ( 'NONE',  #1219 ) ;
#10053 = DIRECTION ( 'NONE',  ( 0.000000000000000000, -0.000000000000000000, -1.000000000000000000 ) ) ;
#10054 = VECTOR ( 'NONE', #1521, 1000.000000000000000 ) ;
#10055 = CC_DESIGN_DATE_AND_TIME_ASSIGNMENT ( #558, #3928, ( #3109 ) ) ;
#10056 = EDGE_LOOP ( 'NONE', ( #6162, #756 ) ) ;
#10057 = LINE ( 'NONE', #908, #4430 ) ;
#10058 = ORIENTED_EDGE ( 'NONE', *, *, #4311, .F. ) ;
#10059 = CARTESIAN_POINT ( 'NONE',  ( 0.000000000000000000, 0.000000000000000000, 6.000000000000000000 ) ) ;
#10060 = DIRECTION ( 'NONE',  ( 0.000000000000000000, 1.000000000000000000, 0.000000000000000000 ) ) ;
#10061 = ADVANCED_FACE ( 'NONE', ( #3485 ), #9432, .F. ) ;
#10062 = B_SPLINE_CURVE_WITH_KNOTS ( 'NONE', 3,
 ( #3667, #1026, #7004, #2570, #8499, #5905, #4338, #7665, #1742, #140, #6068, #2682, #4394, #6014, #9398, #6893, #10279, #2734 ),
 .UNSPECIFIED., .F., .F.,
 ( 4, 2, 2, 2, 2, 2, 2, 2, 4 ),
 ( 0.5000000000000000000, 0.5625000000000000000, 0.6250000000000000000, 0.6875000000000000000, 0.7500000000000000000, 0.8125000000000000000, 0.8750000000000000000, 0.9375000000000000000, 1.000000000000000000 ),
 .UNSPECIFIED. ) ;
#10063 = CARTESIAN_POINT ( 'NONE',  ( -2.348712715335543599, 1.124693889828766391, -0.000000000000000000 ) ) ;
#10064 = CARTESIAN_POINT ( 'NONE',  ( 31.00000000000000000, 59.50000000000000000, 3.000000000000000000 ) ) ;
#10065 = ORIENTED_EDGE ( 'NONE', *, *, #1615, .T. ) ;
#10066 = EDGE_CURVE ( 'NONE', #5750, #1261, #9283, .T. ) ;
#10067 = CARTESIAN_POINT ( 'NONE',  ( 255.8000000000000398, 0.000000000000000000, 0.000000000000000000 ) ) ;
#10068 = APPROVAL_STATUS ( 'not_yet_approved' ) ;
#10069 = EDGE_LOOP ( 'NONE', ( #2085, #146, #9940, #10766 ) ) ;
#10070 = CARTESIAN_POINT ( 'NONE',  ( 20.00000000000000000, 20.00000000000000000, 0.000000000000000000 ) ) ;
#10071 = COORDINATED_UNIVERSAL_TIME_OFFSET ( 5, 0, .BEHIND. ) ;
#10072 = ORIENTED_EDGE ( 'NONE', *, *, #8399, .T. ) ;
#10073 = LINE ( 'NONE', #8572, #9810 ) ;
#10074 = LINE ( 'NONE', #4944, #5859 ) ;
#10076 = EDGE_CURVE ( 'NONE', #8424, #165, #6049, .T. ) ;
#10075 = DIRECTION ( 'NONE',  ( -0.000000000000000000, -0.000000000000000000, -1.000000000000000000 ) ) ;
#10077 = CARTESIAN_POINT ( 'NONE',  ( 6.000000000000000000, 0.000000000000000000, 20.00000000000000000 ) ) ;
#10078 = CARTESIAN_POINT ( 'NONE',  ( -9.592487695948896942, 10.19791902210260481, 9.710886492289755978 ) ) ;
#10079 = COORDINATED_UNIVERSAL_TIME_OFFSET ( 5, 0, .BEHIND. ) ;
#10080 = DIRECTION ( 'NONE',  ( 0.000000000000000000, -1.000000000000000000, 0.000000000000000000 ) ) ;
#10081 = VERTEX_POINT ( 'NONE', #1776 ) ;
#10082 = CARTESIAN_POINT ( 'NONE',  ( 7.700000000000000178, 2.081899558550500526E-16, 20.00000000000000000 ) ) ;
#10083 = ITEM_DEFINED_TRANSFORMATION ( 'NONE', 'NONE', #10868,  #2087 ) ;
#10084 = CARTESIAN_POINT ( 'NONE',  ( -10.72380529476374278, 9.000000000000252243, 11.70000000000124984 ) ) ;
#10085 = LINE ( 'NONE', #6535, #3006 ) ;
#10087 = EDGE_CURVE ( 'NONE', #7657, #9116, #3374, .T. ) ;
#10086 = CARTESIAN_POINT ( 'NONE',  ( 6.000000000000000000, -1.300000000000000044, -0.09997027095160138099 ) ) ;
#10088 = CARTESIAN_POINT ( 'NONE',  ( 24.30000000000000071, 45.00000000000000000, -1.200000000000000030E-05 ) ) ;
#10089 = ADVANCED_FACE ( 'NONE', ( #1888 ), #1826, .F. ) ;
#10090 = PERSON_AND_ORGANIZATION_ROLE ( 'creator' ) ;
#10091 = MECHANICAL_CONTEXT ( 'NONE', #772, 'mechanical' ) ;
#10092 = PLANE ( 'NONE',  #2947 ) ;
#10093 = CARTESIAN_POINT ( 'NONE',  ( -10.65679534101080783, -0.000000000000000000, 20.55736206015248868 ) ) ;
#10094 = PERSON_AND_ORGANIZATION ( #10500, #8573 ) ;
#10095 = VERTEX_POINT ( 'NONE', #3541 ) ;
#10096 = LINE ( 'NONE', #5890, #3870 ) ;
#10098 = EDGE_CURVE ( 'NONE', #2748, #3716, #5184, .T. ) ;
#10097 = CARTESIAN_POINT ( 'NONE',  ( 31.19999999999999929, 0.000000000000000000, 6.000000000000000000 ) ) ;
#10099 = EDGE_CURVE ( 'NONE', #348, #4494, #2711, .T. ) ;
#10100 = CARTESIAN_POINT ( 'NONE',  ( -20.85853893179025675, -0.000000000000000000, 10.51547649045640220 ) ) ;
#10101 = CC_DESIGN_SECURITY_CLASSIFICATION ( #6379, ( #10895 ) ) ;
#10102 = CARTESIAN_POINT ( 'NONE',  ( -7.299999999999998934, 31.00000000000000000, -6.000000000000000152E-06 ) ) ;
#10103 = B_SPLINE_CURVE_WITH_KNOTS ( 'NONE', 3,
 ( #5339, #2985, #10479, #6319, #1944, #8761, #2927, #7862, #1231, #2107, #1335, #6261, #7916, #5451, #8656, #8707, #335, #8024 ),
 .UNSPECIFIED., .F., .F.,
 ( 4, 2, 2, 2, 2, 2, 2, 2, 4 ),
 ( 0.5000000000000003331, 0.5625000000000003331, 0.6250000000000002220, 0.6875000000000002220, 0.7500000000000002220, 0.8125000000000001110, 0.8750000000000001110, 0.9375000000000000000, 1.000000000000000000 ),
 .UNSPECIFIED. ) ;
#10104 = VECTOR ( 'NONE', #982, 1000.000000000000000 ) ;
#10105 = LOCAL_TIME ( 6, 20, 19.00000000000000000, #9961 ) ;
#10106 = ORIENTED_EDGE ( 'NONE', *, *, #2001, .F. ) ;
#10107 = CARTESIAN_POINT ( 'NONE',  ( -14.00000000000000000, 0.000000000000000000, 16.00000000000000000 ) ) ;
#10108 = PERSON_AND_ORGANIZATION ( #1811, #5060 ) ;
#10109 = ORIENTED_EDGE ( 'NONE', *, *, #9393, .T. ) ;
#10110 = CARTESIAN_POINT ( 'NONE',  ( 12.63871090099773831, 71.04297226076383254, -0.000000000000000000 ) ) ;
#10111 = EDGE_CURVE ( 'NONE', #10609, #1586, #8539, .T. ) ;
#10112 = DIRECTION ( 'NONE',  ( 0.000000000000000000, 1.000000000000000000, -0.000000000000000000 ) ) ;
#10113 = CC_DESIGN_DATE_AND_TIME_ASSIGNMENT ( #3253, #10861, ( #65 ) ) ;
#10114 = VERTEX_POINT ( 'NONE', #6876 ) ;
#10115 = CARTESIAN_POINT ( 'NONE',  ( 43.00000000000000000, 81.00000000000000000, 6.000000000000000000 ) ) ;
#10116 = AXIS2_PLACEMENT_3D ( 'NONE', #3016, #6348, #7231 ) ;
#10117 = CARTESIAN_POINT ( 'NONE',  ( 137.7000000000000171, 0.000000000000000000, -6.000000000000000152E-06 ) ) ;
#10118 = SECURITY_CLASSIFICATION ( '', '', #4664 ) ;
#10119 = VERTEX_POINT ( 'NONE', #5015 ) ;
#10120 = PERSON_AND_ORGANIZATION_ROLE ( 'classification_officer' ) ;
#10121 = AXIS2_PLACEMENT_3D ( 'NONE', #6097, #220, #3747 ) ;
#10122 = EDGE_LOOP ( 'NONE', ( #5477, #587 ) ) ;
#10123 = CARTESIAN_POINT ( 'NONE',  ( 10.72380529476361488, 9.000000000000204281, 10.20000000000065477 ) ) ;
#10124 = DATE_TIME_ROLE ( 'classification_date' ) ;
#10125 = SECURITY_CLASSIFICATION ( '', '', #5557 ) ;
#10126 = ORIENTED_EDGE ( 'NONE', *, *, #122, .F. ) ;
#10127 = CARTESIAN_POINT ( 'NONE',  ( 10.50000000000000000, -1.300000000000000044, 16.00000000000000000 ) ) ;
#10128 = LINE ( 'NONE', #2582, #5515 ) ;
#10129 = CC_DESIGN_PERSON_AND_ORGANIZATION_ASSIGNMENT ( #8523, #2530, ( #7274 ) ) ;
#10130 = DIRECTION ( 'NONE',  ( -0.000000000000000000, -0.000000000000000000, 1.000000000000000000 ) ) ;
#10131 = CARTESIAN_POINT ( 'NONE',  ( 125.4845235095464773, 0.8585389317909373208, -0.000000000000000000 ) ) ;
#10132 = CARTESIAN_POINT ( 'NONE',  ( -10.50000000000000000, -1.300000000000000044, -0.09997027095160138099 ) ) ;
#10133 = ORIENTED_EDGE ( 'NONE', *, *, #5733, .T. ) ;
#10134 = CC_DESIGN_APPROVAL ( #5600, ( #4149 ) ) ;
#10135 = LINE ( 'NONE', #8521, #671 ) ;
#10136 = DATE_AND_TIME ( #1046, #786 ) ;
#10137 = DIRECTION ( 'NONE',  ( -1.000000000000000000, 0.000000000000000000, 0.000000000000000000 ) ) ;
#10138 = ADVANCED_FACE ( 'NONE', ( #2665 ), #10045, .T. ) ;
#10139 = VERTEX_POINT ( 'NONE', #947 ) ;
#10140 = ORIENTED_EDGE ( 'NONE', *, *, #10304, .F. ) ;
#10141 = CARTESIAN_POINT ( 'NONE',  ( 31.00000000000000000, -6.000000000000000152E-06, 22.70000000000000284 ) ) ;
#10142 = DATE_AND_TIME ( #6754, #1127 ) ;
#10143 = CARTESIAN_POINT ( 'NONE',  ( 0.000000000000000000, 0.000000000000000000, 16.00000000000000000 ) ) ;
#10144 = DIRECTION ( 'NONE',  ( -0.000000000000000000, -0.000000000000000000, -1.000000000000000000 ) ) ;
#10145 = DIRECTION ( 'NONE',  ( 0.000000000000000000, -1.000000000000000000, 0.000000000000000000 ) ) ;
#10146 = APPROVAL_PERSON_ORGANIZATION ( #8934, #7264, #3705 ) ;
#10147 = DIRECTION ( 'NONE',  ( -1.000000000000000000, 0.000000000000000000, -0.000000000000000000 ) ) ;
#10148 = VECTOR ( 'NONE', #5772, 1000.000000000000000 ) ;
#10149 = DATE_AND_TIME ( #1058, #6768 ) ;
#10150 = APPLICATION_CONTEXT ( 'configuration controlled 3d designs of mechanical parts and assemblies' ) ;
#10151 = APPROVAL_STATUS ( 'not_yet_approved' ) ;
#10152 = FACE_OUTER_BOUND ( 'NONE', #2550, .T. ) ;
#10153 = EDGE_CURVE ( 'NONE', #2137, #9305, #2493, .T. ) ;
#10154 = CARTESIAN_POINT ( 'NONE',  ( -9.000000000000000000, -6.000000000000000152E-06, 19.30000000000000071 ) ) ;
#10155 = SECURITY_CLASSIFICATION_LEVEL ( 'unclassified' ) ;
#10156 = VERTEX_POINT ( 'NONE', #5238 ) ;
#10157 = CARTESIAN_POINT ( 'NONE',  ( -15.59999999999999964, 72.50000000000000000, 0.000000000000000000 ) ) ;
#10158 = VECTOR ( 'NONE', #92, 1000.000000000000000 ) ;
#10159 = CARTESIAN_POINT ( 'NONE',  ( 0.000000000000000000, 0.000000000000000000, 90.00000000000000000 ) ) ;
#10160 = DIRECTION ( 'NONE',  ( -1.000000000000000000, -0.000000000000000000, -0.000000000000000000 ) ) ;
#10161 = AXIS2_PLACEMENT_3D ( 'NONE', #8125, #7296, #8923 ) ;
#10162 = DIRECTION ( 'NONE',  ( -0.000000000000000000, -0.000000000000000000, 1.000000000000000000 ) ) ;
#10163 = VECTOR ( 'NONE', #1525, 1000.000000000000000 ) ;
#10164 = ADVANCED_FACE ( 'NONE', ( #6822 ), #10092, .F. ) ;
#10165 = ADVANCED_FACE ( 'NONE', ( #10152, #8358, #6, #4316 ), #7644, .F. ) ;
#10166 = VECTOR ( 'NONE', #2660, 1000.000000000000000 ) ;
#10167 = ORIENTED_EDGE ( 'NONE', *, *, #2561, .T. ) ;
#10168 = LINE ( 'NONE', #3500, #2584 ) ;
#10169 = ORIENTED_EDGE ( 'NONE', *, *, #5302, .T. ) ;
#10170 = FACE_BOUND ( 'NONE', #1393, .T. ) ;
#10171 = LINE ( 'NONE', #2052, #1669 ) ;
#10172 = CIRCLE ( 'NONE', #138, 1.700000000000000178 ) ;
#10173 = ORIENTED_EDGE ( 'NONE', *, *, #2633, .F. ) ;
#10174 = DIRECTION ( 'NONE',  ( 0.000000000000000000, -1.000000000000000000, 0.000000000000000000 ) ) ;
#10175 = AXIS2_PLACEMENT_3D ( 'NONE', #8953, #8838, #10044 ) ;
#10176 = DIRECTION ( 'NONE',  ( 0.000000000000000000, 0.000000000000000000, -1.000000000000000000 ) ) ;
#10177 = ORIENTED_EDGE ( 'NONE', *, *, #9150, .F. ) ;
#10178 = EDGE_CURVE ( 'NONE', #6265, #7670, #177, .T. ) ;
#10179 = APPROVAL_STATUS ( 'not_yet_approved' ) ;
#10180 = ORIENTED_EDGE ( 'NONE', *, *, #8218, .F. ) ;
#10181 = CARTESIAN_POINT ( 'NONE',  ( 11.77425630845663029, 7.574553072307678825, 7.566445093151377144 ) ) ;
#10182 = CALENDAR_DATE ( 2026, 18, 9 ) ;
#10183 = ORIENTED_EDGE ( 'NONE', *, *, #8303, .T. ) ;
#10184 = LINE ( 'NONE', #9239, #7141 ) ;
#10185 = ORIENTED_EDGE ( 'NONE', *, *, #7912, .F. ) ;
#10186 = DIRECTION ( 'NONE',  ( -0.000000000000000000, -0.000000000000000000, 1.000000000000000000 ) ) ;
#10187 = LINE ( 'NONE', #36, #4396 ) ;
#10188 = PLANE ( 'NONE',  #3151 ) ;
#10189 = AXIS2_PLACEMENT_3D ( 'NONE', #519, #1252, #7107 ) ;
#10190 = DIRECTION ( 'NONE',  ( 0.000000000000000000, 0.000000000000000000, 1.000000000000000000 ) ) ;
#10191 = VERTEX_POINT ( 'NONE', #118 ) ;
#10192 = MECHANICAL_CONTEXT ( 'NONE', #9082, 'mechanical' ) ;
#10193 = CC_DESIGN_PERSON_AND_ORGANIZATION_ASSIGNMENT ( #7919, #3875, ( #8910 ) ) ;
#10194 = LINE ( 'NONE', #1874, #3882 ) ;
#10195 = ORIENTED_EDGE ( 'NONE', *, *, #6198, .T. ) ;
#10196 = VECTOR ( 'NONE', #3932, 1000.000000000000000 ) ;
#10197 = CARTESIAN_POINT ( 'NONE',  ( -0.5999999999999998668, 9.000000000000000000, 8.500000000000000000 ) ) ;
#10198 = AXIS2_PLACEMENT_3D ( 'NONE', #2752, #7066, #3735 ) ;
#10199 = DATE_AND_TIME ( #7581, #10447 ) ;
#10200 = CARTESIAN_POINT ( 'NONE',  ( 6.000000000000000000, 0.000000000000000000, 0.000000000000000000 ) ) ;
#10201 = CARTESIAN_POINT ( 'NONE',  ( -9.000000000000000000, -1.200000000000000030E-05, 21.00000000000000000 ) ) ;
#10202 = CARTESIAN_POINT ( 'NONE',  ( -10.50000000000000000, 0.000000000000000000, 16.00000000000000000 ) ) ;
#10203 = DIRECTION ( 'NONE',  ( -0.000000000000000000, -0.000000000000000000, -1.000000000000000000 ) ) ;
#10204 = EDGE_CURVE ( 'NONE', #4951, #2796, #6615, .T. ) ;
#10205 = PERSON_AND_ORGANIZATION ( #10500, #8573 ) ;
#10206 = DATE_AND_TIME ( #5292, #5235 ) ;
#10207 = EDGE_CURVE ( 'NONE', #1049, #2321, #4717, .T. ) ;
#10208 = DIRECTION ( 'NONE',  ( -0.000000000000000000, -0.000000000000000000, 1.000000000000000000 ) ) ;
#10209 = CARTESIAN_POINT ( 'NONE',  ( 9.047951289187752266, 10.68348068199795620, 8.769813350790178319 ) ) ;
#10210 = PERSON_AND_ORGANIZATION ( #10500, #8573 ) ;
#10211 = VERTEX_POINT ( 'NONE', #9647 ) ;
#10212 = CARTESIAN_POINT ( 'NONE',  ( 31.60000000000000142, 67.50000000000000000, -1.200000000000000030E-05 ) ) ;
#10213 = VECTOR ( 'NONE', #5984, 1000.000000000000000 ) ;
#10214 = LINE ( 'NONE', #2612, #1268 ) ;
#10215 = EDGE_CURVE ( 'NONE', #7254, #7604, #10103, .T. ) ;
#10216 = CARTESIAN_POINT ( 'NONE',  ( -9.000000000000000000, -1.200000000000000030E-05, 4.700000000000000178 ) ) ;
#10217 = EDGE_CURVE ( 'NONE', #6728, #6964, #5396, .T. ) ;
#10218 = DIRECTION ( 'NONE',  ( 1.000000000000000000, 0.000000000000000000, -0.000000000000000000 ) ) ;
#10219 = APPLICATION_CONTEXT ( 'configuration controlled 3d designs of mechanical parts and assemblies' ) ;
#10220 = VERTEX_POINT ( 'NONE', #4590 ) ;
#10221 = DIRECTION ( 'NONE',  ( 1.000000000000000000, -0.000000000000000000, -0.000000000000000000 ) ) ;
#10222 = ORIENTED_EDGE ( 'NONE', *, *, #6216, .F. ) ;
#10223 = FACE_OUTER_BOUND ( 'NONE', #3181, .T. ) ;
#10224 = CARTESIAN_POINT ( 'NONE',  ( 0.000000000000000000, 0.000000000000000000, 83.00000000000000000 ) ) ;
#10225 = VECTOR ( 'NONE', #1708, 1000.000000000000000 ) ;
#10226 = EDGE_CURVE ( 'NONE', #10583, #2759, #1174, .T. ) ;
#10227 = ORIENTED_EDGE ( 'NONE', *, *, #7240, .F. ) ;
#10228 = CARTESIAN_POINT ( 'NONE',  ( 3.000000000000000000, 146.0000000000000000, 3.000000000000000000 ) ) ;
#10229 = EDGE_CURVE ( 'NONE', #6108, #2750, #8818, .T. ) ;
#10230 = DIRECTION ( 'NONE',  ( 0.000000000000000000, 0.000000000000000000, 1.000000000000000000 ) ) ;
#10231 = VERTEX_POINT ( 'NONE', #383 ) ;
#10232 = VECTOR ( 'NONE', #6715, 1000.000000000000000 ) ;
#10233 = EDGE_LOOP ( 'NONE', ( #6456, #3329, #7199, #9315 ) ) ;
#10234 = CARTESIAN_POINT ( 'NONE',  ( 11.68536191144595193, 7.710987493569490425, 9.614491627439070598 ) ) ;
#10235 = COORDINATED_UNIVERSAL_TIME_OFFSET ( 5, 0, .BEHIND. ) ;
#10236 = ORIENTED_EDGE ( 'NONE', *, *, #39, .F. ) ;
#10237 = DIRECTION ( 'NONE',  ( -1.000000000000000000, 0.000000000000000000, -0.000000000000000000 ) ) ;
#10238 = CARTESIAN_POINT ( 'NONE',  ( 0.000000000000000000, 19.50000000000000000, 58.00000000000000000 ) ) ;
#10239 = DIRECTION ( 'NONE',  ( 0.000000000000000000, 1.000000000000000000, 0.000000000000000000 ) ) ;
#10240 = CLOSED_SHELL ( 'NONE', ( #8569, #2618, #6147, #4205, #3486, #7153, #9962, #7042, #8194, #720, #7364, #4882, #5896, #3618, #6169, #443, #5496, #10543, #3559, #8893, #3712, #6598, #10490, #3497, #6983, #2327, #7982, #2027, #3561, #5232, #6900, #10384, #3342, #6161, #5145, #5182, #4760, #7575 ) ) ;
#10241 = DIRECTION ( 'NONE',  ( 1.000000000000000000, 0.000000000000000000, -0.000000000000000000 ) ) ;
#10242 = EDGE_CURVE ( 'NONE', #10568, #603, #7963, .T. ) ;
#10243 = CARTESIAN_POINT ( 'NONE',  ( 43.00000000000000000, 0.000000000000000000, 6.000000000000000000 ) ) ;
#10244 = PERSON_AND_ORGANIZATION ( #10500, #8573 ) ;
#10245 = DESIGN_CONTEXT ( 'detailed design', #1354, 'design' ) ;
#10246 = LINE ( 'NONE', #2700, #3698 ) ;
#10247 = ORIENTED_EDGE ( 'NONE', *, *, #7912, .T. ) ;
#10248 = CARTESIAN_POINT ( 'NONE',  ( -15.59999999999999964, 72.50000000000000000, -1.200000000000000030E-05 ) ) ;
#10249 = COORDINATED_UNIVERSAL_TIME_OFFSET ( 5, 0, .BEHIND. ) ;
#10250 = CARTESIAN_POINT ( 'NONE',  ( -9.047843225473618745, 10.68357329672709000, 9.730474509234987579 ) ) ;
#10251 = CARTESIAN_POINT ( 'NONE',  ( 0.000000000000000000, 0.000000000000000000, 4.000000000000000000 ) ) ;
#10252 = PLANE ( 'NONE',  #6803 ) ;
#10253 = CARTESIAN_POINT ( 'NONE',  ( -9.000000000000000000, -6.000000000000000152E-06, 4.699999999999999289 ) ) ;
#10254 = VECTOR ( 'NONE', #5618, 1000.000000000000000 ) ;
#10255 = APPROVAL ( #2579, 'UNKNOWN' ) ;
#10256 = APPROVAL_DATE_TIME ( #10149, #10330 ) ;
#10257 = PERSON_AND_ORGANIZATION_ROLE ( 'design_supplier' ) ;
#10258 = DIRECTION ( 'NONE',  ( -0.000000000000000000, -0.000000000000000000, -1.000000000000000000 ) ) ;
#10259 = FACE_OUTER_BOUND ( 'NONE', #1958, .T. ) ;
#10260 = DATE_AND_TIME ( #5296, #5554 ) ;
#10261 = EDGE_LOOP ( 'NONE', ( #3081, #4052, #10629, #8796 ) ) ;
#10262 = CARTESIAN_POINT ( 'NONE',  ( 11.93795499826097739, 7.313427394620801714, 10.24662375167233108 ) ) ;
#10263 = CARTESIAN_POINT ( 'NONE',  ( -12.00000000000000000, 7.000000000000000000, 15.00000000000000000 ) ) ;
#10264 = B_SPLINE_CURVE_WITH_KNOTS ( 'NONE', 3,
 ( #687, #583, #1684, #5792, #9168, #7439, #10831, #4163, #2399, #4059, #10886, #4976, #2454, #3224, #5641, #8161, #6555, #7281 ),
 .UNSPECIFIED., .F., .F.,
 ( 4, 2, 2, 2, 2, 2, 2, 2, 4 ),
 ( 0.5000000000000000000, 0.5625000000000000000, 0.6250000000000000000, 0.6875000000000000000, 0.7500000000000000000, 0.8125000000000000000, 0.8750000000000000000, 0.9375000000000000000, 1.000000000000000000 ),
 .UNSPECIFIED. ) ;
#10265 = DIRECTION ( 'NONE',  ( 0.000000000000000000, 0.000000000000000000, -1.000000000000000000 ) ) ;
#10266 = APPROVAL ( #8023, 'ๆช' ) ;
#10267 = CARTESIAN_POINT ( 'NONE',  ( -10.65679534101080783, 31.44263793984766764, -0.000000000000000000 ) ) ;
#10268 = EDGE_CURVE ( 'NONE', #246, #7112, #10537, .T. ) ;
#10269 = EDGE_LOOP ( 'NONE', ( #7242, #7507, #6609, #8374 ) ) ;
#10270 = DIRECTION ( 'NONE',  ( 0.000000000000000000, -0.000000000000000000, -1.000000000000000000 ) ) ;
#10271 = EDGE_CURVE ( 'NONE', #757, #9338, #3752, .T. ) ;
#10272 = PRODUCT_DEFINITION_SHAPE ( 'NONE', 'NONE',  #7414 ) ;
#10273 = ORIENTED_EDGE ( 'NONE', *, *, #9467, .T. ) ;
#10274 = DIRECTION ( 'NONE',  ( -1.000000000000000000, 0.000000000000000000, 0.000000000000000000 ) ) ;
#10275 = VERTEX_POINT ( 'NONE', #8870 ) ;
#10276 = CC_DESIGN_SECURITY_CLASSIFICATION ( #7956, ( #10899 ) ) ;
#10277 = CARTESIAN_POINT ( 'NONE',  ( 0.000000000000000000, 70.00000000000000000, 0.000000000000000000 ) ) ;
#10278 = VERTEX_POINT ( 'NONE', #4694 ) ;
#10279 = CARTESIAN_POINT ( 'NONE',  ( 2.599999999999999645, -0.3449632722246336325, -0.000000000000000000 ) ) ;
#10280 = DIRECTION ( 'NONE',  ( 1.000000000000000000, 0.000000000000000000, 0.000000000000000000 ) ) ;
#10281 = CIRCLE ( 'NONE', #9045, 1.700000000000000178 ) ;
#10282 = ORIENTED_EDGE ( 'NONE', *, *, #4084, .T. ) ;
#10283 = CARTESIAN_POINT ( 'NONE',  ( 35.00000000000000000, 110.0000000000000000, -16.00000000000000000 ) ) ;
#10284 = LOCAL_TIME ( 6, 20, 19.00000000000000000, #6021 ) ;
#10285 = EDGE_CURVE ( 'NONE', #8520, #584, #9290, .T. ) ;
#10286 = VERTEX_POINT ( 'NONE', #2771 ) ;
#10287 = FACE_BOUND ( 'NONE', #10390, .T. ) ;
#10288 = SECURITY_CLASSIFICATION_LEVEL ( 'unclassified' ) ;
#10289 = VERTEX_POINT ( 'NONE', #6104 ) ;
#10290 = CARTESIAN_POINT ( 'NONE',  ( 29.30000000000000071, 31.00000000000000000, -1.200000000000000030E-05 ) ) ;
#10291 = VECTOR ( 'NONE', #4039, 1000.000000000000000 ) ;
#10292 = EDGE_LOOP ( 'NONE', ( #744, #6786, #10593, #880 ) ) ;
#10293 = DIRECTION ( 'NONE',  ( 0.000000000000000000, 0.000000000000000000, -1.000000000000000000 ) ) ;
#10294 = ORGANIZATION ( 'NAUO-ORG16', 'UNSPECIFIED', 'UNSPECIFIED' ) ;
#10295 = ORIENTED_EDGE ( 'NONE', *, *, #5126, .F. ) ;
#10296 = DIRECTION ( 'NONE',  ( -0.000000000000000000, -0.000000000000000000, -1.000000000000000000 ) ) ;
#10297 = CARTESIAN_POINT ( 'NONE',  ( -21.36119079527264830, -35.04287395702866803, 0.000000000000000000 ) ) ;
#10298 =( LENGTH_UNIT ( ) NAMED_UNIT ( * ) SI_UNIT ( .MILLI., .METRE. ) );
#10299 = AXIS2_PLACEMENT_3D ( 'NONE', #7211, #1503, #8139 ) ;
#10300 = SHAPE_DEFINITION_REPRESENTATION ( #8627, #55 ) ;
#10301 = DIRECTION ( 'NONE',  ( 0.000000000000000000, 0.000000000000000000, 1.000000000000000000 ) ) ;
#10302 = EDGE_CURVE ( 'NONE', #4712, #3295, #9484, .T. ) ;
#10303 = LOCAL_TIME ( 6, 20, 19.00000000000000000, #9471 ) ;
#10304 = EDGE_CURVE ( 'NONE', #5252, #6177, #5071, .T. ) ;
#10305 = ORIENTED_EDGE ( 'NONE', *, *, #6562, .T. ) ;
#10306 = DIRECTION ( 'NONE',  ( -0.000000000000000000, -1.000000000000000000, -0.000000000000000000 ) ) ;
#10307 = CONTEXT_DEPENDENT_SHAPE_REPRESENTATION ( #2686, #9573 ) ;
#10308 = CARTESIAN_POINT ( 'NONE',  ( -9.593126758156664380, 10.19730458965381104, 8.788598955132503221 ) ) ;
#10309 = CARTESIAN_POINT ( 'NONE',  ( -19.55736206015084377, -4.343204658989381350, -0.000000000000000000 ) ) ;
#10310 = VERTEX_POINT ( 'NONE', #7806 ) ;
#10311 = DIRECTION ( 'NONE',  ( 0.000000000000000000, 0.000000000000000000, -1.000000000000000000 ) ) ;
#10312 = CARTESIAN_POINT ( 'NONE',  ( -7.515604930472060907, 0.000000000000000000, 3.858485730192894092 ) ) ;
#10313 = LOCAL_TIME ( 6, 20, 19.00000000000000000, #6245 ) ;
#10314 = VERTEX_POINT ( 'NONE', #6985 ) ;
#10315 = PERSON_AND_ORGANIZATION ( #10500, #8573 ) ;
#10316 = CALENDAR_DATE ( 2026, 18, 9 ) ;
#10317 = DIRECTION ( 'NONE',  ( 0.000000000000000000, 0.000000000000000000, 1.000000000000000000 ) ) ;
#10318 = CARTESIAN_POINT ( 'NONE',  ( -9.225615804907725703, -0.000000000000000000, 22.70000000000000639 ) ) ;
#10319 = CC_DESIGN_PERSON_AND_ORGANIZATION_ASSIGNMENT ( #8899, #526, ( #10118 ) ) ;
#10320 = PERSON_AND_ORGANIZATION ( #10500, #8573 ) ;
#10321 = APPROVAL_PERSON_ORGANIZATION ( #4148, #3525, #10 ) ;
#10322 = ORIENTED_EDGE ( 'NONE', *, *, #3027, .F. ) ;
#10323 = CARTESIAN_POINT ( 'NONE',  ( -8.000000000000000000, 0.000000000000000000, 5.000000000000000000 ) ) ;
#10324 = CARTESIAN_POINT ( 'NONE',  ( 20.00000000000000000, -1.200000000000000030E-05, 10.30000000000000071 ) ) ;
#10325 = DIRECTION ( 'NONE',  ( -0.000000000000000000, -0.000000000000000000, -1.000000000000000000 ) ) ;
#10326 = LOCAL_TIME ( 6, 20, 19.00000000000000000, #8294 ) ;
#10327 = ORIENTED_EDGE ( 'NONE', *, *, #8735, .F. ) ;
#10328 = CC_DESIGN_PERSON_AND_ORGANIZATION_ASSIGNMENT ( #7332, #3124, ( #8516 ) ) ;
#10329 = DIRECTION ( 'NONE',  ( -0.000000000000000000, -0.000000000000000000, 1.000000000000000000 ) ) ;
#10330 = APPROVAL ( #8419, 'ๆช' ) ;
#10331 = VECTOR ( 'NONE', #9195, 1000.000000000000000 ) ;
#10332 = ORIENTED_EDGE ( 'NONE', *, *, #3107, .T. ) ;
#10333 = LINE ( 'NONE', #2786, #2403 ) ;
#10334 = ORIENTED_EDGE ( 'NONE', *, *, #9331, .T. ) ;
#10335 = DIRECTION ( 'NONE',  ( 0.000000000000000000, 0.000000000000000000, 1.000000000000000000 ) ) ;
#10336 = ORIENTED_EDGE ( 'NONE', *, *, #785, .T. ) ;
#10337 = LINE ( 'NONE', #8672, #5943 ) ;
#10338 = CARTESIAN_POINT ( 'NONE',  ( 118.3810499613777267, 11.00000000000000000, 6.000000000000000000 ) ) ;
#10339 = EDGE_CURVE ( 'NONE', #936, #2955, #2871, .T. ) ;
#10340 = VECTOR ( 'NONE', #8751, 1000.000000000000000 ) ;
#10341 = AXIS2_PLACEMENT_3D ( 'NONE', #3617, #2950, #7777 ) ;
#10342 = CARTESIAN_POINT ( 'NONE',  ( 35.00000000000000000, 110.0000000000000000, 16.00000000000000000 ) ) ;
#10343 = VECTOR ( 'NONE', #6574, 1000.000000000000000 ) ;
#10344 = ADVANCED_FACE ( 'NONE', ( #9538 ), #6203, .F. ) ;
#10345 = ORIENTED_EDGE ( 'NONE', *, *, #5109, .T. ) ;
#10346 = CARTESIAN_POINT ( 'NONE',  ( -11.91263578868202266, 7.355505887541386123, 8.005990645141931594 ) ) ;
#10347 = CALENDAR_DATE ( 2026, 18, 9 ) ;
#10348 = AXIS2_PLACEMENT_3D ( 'NONE', #10001, #9167, #2566 ) ;
#10349 = ORIENTED_EDGE ( 'NONE', *, *, #3496, .F. ) ;
#10350 = CARTESIAN_POINT ( 'NONE',  ( 30.55741526174577771, -0.000000000000000000, 1.343333099006538855 ) ) ;
#10351 = CC_DESIGN_APPROVAL ( #5926, ( #256 ) ) ;
#10352 = PLANE ( 'NONE',  #8502 ) ;
#10353 = FACE_OUTER_BOUND ( 'NONE', #5806, .T. ) ;
#10354 = PLANE ( 'NONE',  #7356 ) ;
#10355 = EDGE_CURVE ( 'NONE', #9218, #10378, #8238, .T. ) ;
#10356 = VECTOR ( 'NONE', #2821, 1000.000000000000000 ) ;
#10357 = PERSON_AND_ORGANIZATION_ROLE ( 'classification_officer' ) ;
#10358 = CARTESIAN_POINT ( 'NONE',  ( 30.50000000000000000, 10.00000000000000000, 39.50000000000000000 ) ) ;
#10359 = ORIENTED_EDGE ( 'NONE', *, *, #5573, .F. ) ;
#10360 = CYLINDRICAL_SURFACE ( 'NONE', #1259, 1.700000000000000178 ) ;
#10361 = ORIENTED_EDGE ( 'NONE', *, *, #9274, .T. ) ;
#10362 = APPROVAL_ROLE ( '' ) ;
#10363 = CARTESIAN_POINT ( 'NONE',  ( -8.141461068209627783, 29.51547649045614108, -0.000000000000000000 ) ) ;
#10364 =( REPRESENTATION_RELATIONSHIP ('NONE','NONE', #403, #3576 ) REPRESENTATION_RELATIONSHIP_WITH_TRANSFORMATION ( #3084 )SHAPE_REPRESENTATION_RELATIONSHIP( ) );
#10365 = CARTESIAN_POINT ( 'NONE',  ( -18.95702773923594719, -4.638710900997030429, -0.000000000000000000 ) ) ;
#10366 = VECTOR ( 'NONE', #9117, 1000.000000000000000 ) ;
#10367 = PLANE ( 'NONE',  #3287 ) ;
#10368 = CARTESIAN_POINT ( 'NONE',  ( -8.557362060151588068, -0.000000000000000000, 1.343204658989192612 ) ) ;
#10369 = EDGE_CURVE ( 'NONE', #1423, #10211, #3923, .T. ) ;
#10370 = ADVANCED_FACE ( 'NONE', ( #3248 ), #5712, .F. ) ;
#10371 = EDGE_LOOP ( 'NONE', ( #7440, #7412, #8325, #9181 ) ) ;
#10372 = CARTESIAN_POINT ( 'NONE',  ( 31.00000000000000000, 81.00000000000000000, 3.000000000000000000 ) ) ;
#10373 = VECTOR ( 'NONE', #5508, 1000.000000000000000 ) ;
#10374 = APPROVAL_STATUS ( 'not_yet_approved' ) ;
#10375 = CARTESIAN_POINT ( 'NONE',  ( -12.00000000000000000, 7.000000000000000000, 3.299999999999999822 ) ) ;
#10376 = DIRECTION ( 'NONE',  ( -0.000000000000000000, -0.000000000000000000, 1.000000000000000000 ) ) ;
#10377 = PERSON_AND_ORGANIZATION_ROLE ( 'design_owner' ) ;
#10378 = VERTEX_POINT ( 'NONE', #8079 ) ;
#10379 = CARTESIAN_POINT ( 'NONE',  ( -9.858538931789095017, -0.000000000000000000, 1.515476490455610392 ) ) ;
#10380 = DIRECTION ( 'NONE',  ( 0.000000000000000000, 0.000000000000000000, 1.000000000000000000 ) ) ;
#10381 = VECTOR ( 'NONE', #1814, 1000.000000000000000 ) ;
#10382 = ORIENTED_EDGE ( 'NONE', *, *, #2204, .T. ) ;
#10383 = CARTESIAN_POINT ( 'NONE',  ( -9.119313208099622869, 10.62263300843386737, 7.976430371807635034 ) ) ;
#10384 = ADVANCED_FACE ( 'NONE', ( #1446 ), #605, .F. ) ;
#10385 = CARTESIAN_POINT ( 'NONE',  ( 20.00000000000000000, -1.200000000000000030E-05, 12.00000000000000000 ) ) ;
#10386 = AXIS2_PLACEMENT_3D ( 'NONE', #102, #159, #6032 ) ;
#10387 = PERSON_AND_ORGANIZATION ( #10500, #8573 ) ;
#10388 = AXIS2_PLACEMENT_3D ( 'NONE', #7441, #8382, #4825 ) ;
#10389 = VERTEX_POINT ( 'NONE', #9756 ) ;
#10390 = EDGE_LOOP ( 'NONE', ( #2267, #3976, #1235, #10065 ) ) ;
#10391 = DIRECTION ( 'NONE',  ( -0.000000000000000000, -0.000000000000000000, 1.000000000000000000 ) ) ;
#10392 = ORIENTED_EDGE ( 'NONE', *, *, #9119, .F. ) ;
#10393 = ORIENTED_EDGE ( 'NONE', *, *, #3153, .F. ) ;
#10394 = DIRECTION ( 'NONE',  ( 0.000000000000000000, 0.000000000000000000, 1.000000000000000000 ) ) ;
#10395 = AXIS2_PLACEMENT_3D ( 'NONE', #3477, #5986, #46 ) ;
#10396 = CC_DESIGN_DATE_AND_TIME_ASSIGNMENT ( #346, #10437, ( #10466 ) ) ;
#10397 = B_SPLINE_CURVE_WITH_KNOTS ( 'NONE', 3,
 ( #5047, #4615, #6232, #4505, #1031, #7887, #4453, #7779, #6959, #8788, #7937, #1201, #1258, #8733, #10346, #4560, #406, #7010, #1087, #5316, #357, #5422, #8679, #2131 ),
 .UNSPECIFIED., .F., .F.,
 ( 4, 2, 2, 2, 2, 2, 2, 2, 2, 2, 2, 4 ),
 ( 0.006426364726469360744, 0.007171634124655619676, 0.007916903522841878607, 0.008289538221935009374, 0.008662172921028141875, 0.009034807620121272642, 0.009407442319214403409, 0.01015271171740066841, 0.01052534641649380438, 0.01089798111558693688, 0.01164325051377321056, 0.01238851991195948424 ),
 .UNSPECIFIED. ) ;
#10398 = DIRECTION ( 'NONE',  ( 6.123031769111886291E-17, 1.000000000000000000, 0.000000000000000000 ) ) ;
#10399 = ORIENTED_EDGE ( 'NONE', *, *, #4438, .F. ) ;
#10400 = CARTESIAN_POINT ( 'NONE',  ( 0.5999999999999999778, 2.529822128134703085, -1.200000000000000030E-05 ) ) ;
#10401 = CIRCLE ( 'NONE', #5461, 1.700000000000000178 ) ;
#10402 = CONTEXT_DEPENDENT_SHAPE_REPRESENTATION ( #5077, #8783 ) ;
#10403 = ORIENTED_EDGE ( 'NONE', *, *, #642, .F. ) ;
#10404 = CARTESIAN_POINT ( 'NONE',  ( 30.55753025008650781, -0.000000000000000000, 4.656865068423062581 ) ) ;
#10405 = DIRECTION ( 'NONE',  ( 0.000000000000000000, 0.000000000000000000, 1.000000000000000000 ) ) ;
#10406 = EDGE_LOOP ( 'NONE', ( #3666, #8633 ) ) ;
#10407 = PLANE ( 'NONE',  #975 ) ;
#10408 = ORIENTED_EDGE ( 'NONE', *, *, #198, .T. ) ;
#10409 = CC_DESIGN_PERSON_AND_ORGANIZATION_ASSIGNMENT ( #2756, #5927, ( #1184 ) ) ;
#10410 = PLANE ( 'NONE',  #10198 ) ;
#10411 =( NAMED_UNIT ( * ) SI_UNIT ( $, .STERADIAN. ) SOLID_ANGLE_UNIT ( ) );
#10412 = PERSON_AND_ORGANIZATION ( #10500, #8573 ) ;
#10413 = DIRECTION ( 'NONE',  ( 1.000000000000000000, 0.000000000000000000, 0.000000000000000000 ) ) ;
#10414 = ORIENTED_EDGE ( 'NONE', *, *, #329, .T. ) ;
#10415 = DIRECTION ( 'NONE',  ( -0.000000000000000000, 1.000000000000000000, -0.000000000000000000 ) ) ;
#10416 = CONTEXT_DEPENDENT_SHAPE_REPRESENTATION ( #3042, #4755 ) ;
#10417 = ADVANCED_FACE ( 'NONE', ( #5658 ), #8132, .F. ) ;
#10418 = CARTESIAN_POINT ( 'NONE',  ( -14.00000000000000000, 70.00000000000000000, -1.200000000000000030E-05 ) ) ;
#10419 = CARTESIAN_POINT ( 'NONE',  ( 0.000000000000000000, 25.00000000000000000, 90.00000000000000000 ) ) ;
#10420 = FACE_OUTER_BOUND ( 'NONE', #10261, .T. ) ;
#10421 = DIRECTION ( 'NONE',  ( 1.000000000000000000, 0.000000000000000000, 0.000000000000000000 ) ) ;
#10422 = ORIENTED_EDGE ( 'NONE', *, *, #5452, .T. ) ;
#10423 = EDGE_CURVE ( 'NONE', #3777, #10314, #497, .T. ) ;
#10424 = LINE ( 'NONE', #2869, #5407 ) ;
#10425 = CALENDAR_DATE ( 2026, 18, 9 ) ;
#10426 = DIRECTION ( 'NONE',  ( -0.000000000000000000, -0.000000000000000000, -1.000000000000000000 ) ) ;
#10427 = CARTESIAN_POINT ( 'NONE',  ( 0.000000000000000000, 0.000000000000000000, 0.000000000000000000 ) ) ;
#10428 = PERSON_AND_ORGANIZATION_ROLE ( 'design_supplier' ) ;
#10429 = EDGE_CURVE ( 'NONE', #1582, #3233, #3978, .T. ) ;
#10430 = EDGE_CURVE ( 'NONE', #7450, #7822, #5613, .T. ) ;
#10431 = EDGE_LOOP ( 'NONE', ( #7920, #10494 ) ) ;
#10432 = CARTESIAN_POINT ( 'NONE',  ( 31.00000000000000000, 49.00000000000000000, -1.200000000000000030E-05 ) ) ;
#10433 = DIRECTION ( 'NONE',  ( 0.000000000000000000, 0.000000000000000000, 1.000000000000000000 ) ) ;
#10434 = CARTESIAN_POINT ( 'NONE',  ( -27.69999999999999929, 45.00000000000000000, 0.000000000000000000 ) ) ;
#10435 = DIRECTION ( 'NONE',  ( 0.000000000000000000, 0.000000000000000000, 1.000000000000000000 ) ) ;
#10436 = DIRECTION ( 'NONE',  ( -0.000000000000000000, -0.000000000000000000, 1.000000000000000000 ) ) ;
#10437 = DATE_TIME_ROLE ( 'creation_date' ) ;
#10438 = EDGE_CURVE ( 'NONE', #7395, #7188, #10698, .T. ) ;
#10439 = EDGE_CURVE ( 'NONE', #3274, #420, #1606, .T. ) ;
#10440 = VERTEX_POINT ( 'NONE', #4901 ) ;
#10441 = DIRECTION ( 'NONE',  ( 1.000000000000000000, -0.000000000000000000, -0.000000000000000000 ) ) ;
#10442 = CARTESIAN_POINT ( 'NONE',  ( -28.00000000000000000, 0.000000000000000000, 0.000000000000000000 ) ) ;
#10443 = CARTESIAN_POINT ( 'NONE',  ( -30.00000000000000000, 0.000000000000000000, 28.00000000000000000 ) ) ;
#10444 = FACE_OUTER_BOUND ( 'NONE', #2110, .T. ) ;
#10445 = ORIENTED_EDGE ( 'NONE', *, *, #4686, .F. ) ;
#10446 = DIRECTION ( 'NONE',  ( 1.000000000000000000, 0.000000000000000000, 0.000000000000000000 ) ) ;
#10447 = LOCAL_TIME ( 6, 20, 19.00000000000000000, #6702 ) ;
#10448 = ORIENTED_EDGE ( 'NONE', *, *, #3671, .T. ) ;
#10449 = LINE ( 'NONE', #9510, #3713 ) ;
#10450 = CC_DESIGN_PERSON_AND_ORGANIZATION_ASSIGNMENT ( #6310, #4630, ( #4980 ) ) ;
#10451 = ORIENTED_EDGE ( 'NONE', *, *, #6755, .T. ) ;
#10452 = CARTESIAN_POINT ( 'NONE',  ( 29.29993048876346151, -0.000000000000000000, 3.225083994884121008 ) ) ;
#10453 = DIRECTION ( 'NONE',  ( -0.000000000000000000, -0.000000000000000000, 1.000000000000000000 ) ) ;
#10454 = DIRECTION ( 'NONE',  ( 0.000000000000000000, 0.000000000000000000, 1.000000000000000000 ) ) ;
#10455 = AXIS2_PLACEMENT_3D ( 'NONE', #3479, #5550, #2975 ) ;
#10456 = ORIENTED_EDGE ( 'NONE', *, *, #4048, .T. ) ;
#10457 = CARTESIAN_POINT ( 'NONE',  ( -19.14146106820962245, -35.48452350954386958, -0.000000000000000000 ) ) ;
#10458 = LOCAL_TIME ( 6, 20, 19.00000000000000000, #9920 ) ;
#10459 = B_SPLINE_CURVE_WITH_KNOTS ( 'NONE', 3,
 ( #654, #6419, #6255, #7298, #549, #9640, #9808, #5447, #9029, #7248, #3918, #2260, #3035, #436, #3969, #5606, #7138, #9865 ),
 .UNSPECIFIED., .F., .F.,
 ( 4, 2, 2, 2, 2, 2, 2, 2, 4 ),
 ( 0.5000000000000000000, 0.5625000000000000000, 0.6250000000000000000, 0.6875000000000000000, 0.7500000000000000000, 0.8125000000000000000, 0.8750000000000000000, 0.9375000000000000000, 1.000000000000000000 ),
 .UNSPECIFIED. ) ;
#10460 = APPROVAL_DATE_TIME ( #1269, #4076 ) ;
#10461 = PRODUCT ( 'V2_03_bearing_retainer', 'V2_03_bearing_retainer', '', ( #3344 ) ) ;
#10462 = LINE ( 'NONE', #2912, #2456 ) ;
#10463 = AXIS2_PLACEMENT_3D ( 'NONE', #9897, #5686, #2344 ) ;
#10464 = VERTEX_POINT ( 'NONE', #705 ) ;
#10465 = FACE_OUTER_BOUND ( 'NONE', #6351, .T. ) ;
#10466 = PRODUCT_DEFINITION ( 'ๆ', '', #2930, #754 ) ;
#10467 = COORDINATED_UNIVERSAL_TIME_OFFSET ( 5, 0, .BEHIND. ) ;
#10468 = APPROVAL_PERSON_ORGANIZATION ( #6521, #6516, #9802 ) ;
#10469 = DIRECTION ( 'NONE',  ( 1.000000000000000000, 0.000000000000000000, 0.000000000000000000 ) ) ;
#10470 = CARTESIAN_POINT ( 'NONE',  ( 0.000000000000000000, 0.000000000000000000, 0.000000000000000000 ) ) ;
#10471 = ORIENTED_EDGE ( 'NONE', *, *, #2935, .T. ) ;
#10472 = CARTESIAN_POINT ( 'NONE',  ( -7.299999999999998934, 49.00000000000000000, 5.000000000000000000 ) ) ;
#10473 = FACE_OUTER_BOUND ( 'NONE', #4745, .T. ) ;
#10474 = CIRCLE ( 'NONE', #9232, 1.700000000000000178 ) ;
#10475 = EDGE_CURVE ( 'NONE', #2123, #428, #10710, .T. ) ;
#10476 = SHAPE_REPRESENTATION_RELATIONSHIP ( 'NONE' , 'NONE' ,  #6868, #4062 ) ;
#10477 = FACE_OUTER_BOUND ( 'NONE', #8198, .T. ) ;
#10478 = PERSON_AND_ORGANIZATION ( #10500, #8573 ) ;
#10479 = CARTESIAN_POINT ( 'NONE',  ( 30.55741526174577771, -0.000000000000000000, 19.34333309900654285 ) ) ;
#10480 = CARTESIAN_POINT ( 'NONE',  ( 1.850048096021194244, 1.832503310753067938, 0.000000000000000000 ) ) ;
#10481 = APPROVAL_STATUS ( 'not_yet_approved' ) ;
#10482 = ORIENTED_EDGE ( 'NONE', *, *, #7288, .F. ) ;
#10483 = VECTOR ( 'NONE', #3522, 1000.000000000000000 ) ;
#10484 = FACE_OUTER_BOUND ( 'NONE', #6674, .T. ) ;
#10485 = DIRECTION ( 'NONE',  ( 1.000000000000000000, 0.000000000000000000, 0.000000000000000000 ) ) ;
#10486 = CC_DESIGN_APPROVAL ( #16, ( #8889 ) ) ;
#10487 = CYLINDRICAL_SURFACE ( 'NONE', #6213, 1.700000000000000178 ) ;
#10488 = EDGE_CURVE ( 'NONE', #2410, #34, #4083, .T. ) ;
#10489 = CARTESIAN_POINT ( 'NONE',  ( 18.63880920472735525, -35.04287395702866803, 0.000000000000000000 ) ) ;
#10490 = ADVANCED_FACE ( 'NONE', ( #7204 ), #10595, .F. ) ;
#10491 = APPROVAL_PERSON_ORGANIZATION ( #889, #6192, #5130 ) ;
#10492 = CARTESIAN_POINT ( 'NONE',  ( -14.00000000000000000, 0.000000000000000000, 0.000000000000000000 ) ) ;
#10493 = SHAPE_DEFINITION_REPRESENTATION ( #2991, #3576 ) ;
#10494 = ORIENTED_EDGE ( 'NONE', *, *, #9890, .F. ) ;
#10495 = CARTESIAN_POINT ( 'NONE',  ( -10.50000000000000000, 1.300000000000000044, 0.000000000000000000 ) ) ;
#10496 = DIRECTION ( 'NONE',  ( -0.000000000000000000, 1.000000000000000000, 0.000000000000000000 ) ) ;
#10497 = DIRECTION ( 'NONE',  ( -0.000000000000000000, -0.000000000000000000, 1.000000000000000000 ) ) ;
#10498 = CC_DESIGN_APPROVAL ( #621, ( #7656 ) ) ;
#10499 = DIRECTION ( 'NONE',  ( 1.000000000000000000, 0.000000000000000000, 0.000000000000000000 ) ) ;
#10500 = PERSON ( 'ๆช', 'ๆช', 'ๆช', ('ๆช'), ('ๆช'), ('ๆช') ) ;
#10501 = EDGE_CURVE ( 'NONE', #2759, #6265, #2211, .T. ) ;
#10502 = EDGE_CURVE ( 'NONE', #8850, #1250, #4886, .T. ) ;
#10503 = VECTOR ( 'NONE', #7551, 1000.000000000000000 ) ;
#10504 = CARTESIAN_POINT ( 'NONE',  ( 35.00000000000000000, 40.00000000000000000, 0.000000000000000000 ) ) ;
#10505 = ORIENTED_EDGE ( 'NONE', *, *, #1828, .F. ) ;
#10506 = CARTESIAN_POINT ( 'NONE',  ( -6.000000000000000000, -1.300000000000000044, -0.09997027095160138099 ) ) ;
#10507 = CALENDAR_DATE ( 2026, 18, 9 ) ;
#10508 = ORIENTED_EDGE ( 'NONE', *, *, #8121, .T. ) ;
#10509 = CARTESIAN_POINT ( 'NONE',  ( 31.00000000000000000, -6.000000000000000152E-06, 4.699999999999999289 ) ) ;
#10510 = CARTESIAN_POINT ( 'NONE',  ( 0.000000000000000000, -57.00000000000000000, -0.000000000000000000 ) ) ;
#10511 = CIRCLE ( 'NONE', #297, 1.700000000000000178 ) ;
#10512 = VERTEX_POINT ( 'NONE', #4798 ) ;
#10513 = CARTESIAN_POINT ( 'NONE',  ( 150.0000000000000000, 0.000000000000000000, 90.00000000000000000 ) ) ;
#10514 = ORIENTED_EDGE ( 'NONE', *, *, #655, .F. ) ;
#10515 = CYLINDRICAL_SURFACE ( 'NONE', #5958, 8.099999999999999645 ) ;
#10516 = ADVANCED_FACE ( 'NONE', ( #3149 ), #6481, .F. ) ;
#10517 = EDGE_LOOP ( 'NONE', ( #9394, #5492 ) ) ;
#10518 = EDGE_LOOP ( 'NONE', ( #6849, #9734, #9626, #7129 ) ) ;
#10519 = SHAPE_REPRESENTATION_RELATIONSHIP ( 'NONE' , 'NONE' ,  #5460, #2733 ) ;
#10520 = APPROVAL_STATUS ( 'not_yet_approved' ) ;
#10521 = DIRECTION ( 'NONE',  ( 1.000000000000000000, 0.000000000000000000, 0.000000000000000000 ) ) ;
#10522 = CIRCLE ( 'NONE', #6980, 2.500000000000000000 ) ;
#10523 = AXIS2_PLACEMENT_3D ( 'NONE', #7008, #7828, #10398 ) ;
#10524 = ORIENTED_EDGE ( 'NONE', *, *, #9881, .F. ) ;
#10525 = LINE ( 'NONE', #8693, #540 ) ;
#10526 = EDGE_LOOP ( 'NONE', ( #5041, #647, #10227, #5908 ) ) ;
#10527 = SECURITY_CLASSIFICATION_LEVEL ( 'unclassified' ) ;
#10528 = LINE ( 'NONE', #5444, #5568 ) ;
#10529 = CARTESIAN_POINT ( 'NONE',  ( 20.00000000000000000, -6.000000000000000152E-06, 13.70000000000000107 ) ) ;
#10530 = DIRECTION ( 'NONE',  ( 0.000000000000000000, 0.000000000000000000, -1.000000000000000000 ) ) ;
#10531 = FACE_BOUND ( 'NONE', #10578, .T. ) ;
#10532 = ORIENTED_EDGE ( 'NONE', *, *, #132, .T. ) ;
#10533 = AXIS2_PLACEMENT_3D ( 'NONE', #2316, #6581, #9974 ) ;
#10534 = APPROVAL ( #8135, 'ๆช' ) ;
#10535 = CARTESIAN_POINT ( 'NONE',  ( 0.000000000000000000, 40.00000000000000000, 40.00000000000000000 ) ) ;
#10536 = COORDINATED_UNIVERSAL_TIME_OFFSET ( 5, 0, .BEHIND. ) ;
#10537 = LINE ( 'NONE', #442, #1386 ) ;
#10538 = AXIS2_PLACEMENT_3D ( 'NONE', #5674, #8258, #9002 ) ;
#10539 = CARTESIAN_POINT ( 'NONE',  ( 20.00000000000000000, 0.000000000000000000, 0.000000000000000000 ) ) ;
#10540 = SECURITY_CLASSIFICATION_LEVEL ( 'unclassified' ) ;
#10541 = ORIENTED_EDGE ( 'NONE', *, *, #4438, .T. ) ;
#10542 = FACE_OUTER_BOUND ( 'NONE', #5835, .T. ) ;
#10543 = ADVANCED_FACE ( 'NONE', ( #10477 ), #1942, .F. ) ;
#10544 = CARTESIAN_POINT ( 'NONE',  ( 0.000000000000000000, 0.000000000000000000, 0.000000000000000000 ) ) ;
#10545 = DIRECTION ( 'NONE',  ( 1.000000000000000000, 0.000000000000000000, 0.000000000000000000 ) ) ;
#10546 = ORIENTED_EDGE ( 'NONE', *, *, #10567, .T. ) ;
#10547 = CARTESIAN_POINT ( 'NONE',  ( 20.22508399488411968, -35.70006951123654915, -0.000000000000000000 ) ) ;
#10548 = AXIS2_PLACEMENT_3D ( 'NONE', #97, #1507, #6491 ) ;
#10549 = EDGE_CURVE ( 'NONE', #10211, #4512, #10172, .T. ) ;
#10550 = CARTESIAN_POINT ( 'NONE',  ( -18.51547649045613753, -33.14146106821036852, -0.000000000000000000 ) ) ;
#10551 = APPROVAL_DATE_TIME ( #1348, #10798 ) ;
#10552 = ORIENTED_EDGE ( 'NONE', *, *, #3841, .F. ) ;
#10553 = CARTESIAN_POINT ( 'NONE',  ( -2.130340194382252417, 1.498434379583922782, -0.000000000000000000 ) ) ;
#10554 = CIRCLE ( 'NONE', #10018, 2.500000000000000000 ) ;
#10555 = VECTOR ( 'NONE', #1566, 1000.000000000000000 ) ;
#10556 = EDGE_CURVE ( 'NONE', #3164, #4301, #7201, .T. ) ;
#10557 = CARTESIAN_POINT ( 'NONE',  ( -0.5999999999999999778, 2.200000000000000178, -0.09997027095160138099 ) ) ;
#10558 = FACE_BOUND ( 'NONE', #8928, .T. ) ;
#10559 = DIRECTION ( 'NONE',  ( -0.000000000000000000, -0.000000000000000000, 1.000000000000000000 ) ) ;
#10560 = PRODUCT_DEFINITION_SHAPE ( 'NONE', 'NONE',  #3321 ) ;
#10561 = ORIENTED_EDGE ( 'NONE', *, *, #10612, .F. ) ;
#10562 = AXIS2_PLACEMENT_3D ( 'NONE', #2354, #5542, #1320 ) ;
#10563 = COORDINATED_UNIVERSAL_TIME_OFFSET ( 5, 0, .BEHIND. ) ;
#10564 = VERTEX_POINT ( 'NONE', #1227 ) ;
#10565 = LINE ( 'NONE', #8157, #8094 ) ;
#10566 = SECURITY_CLASSIFICATION_LEVEL ( 'unclassified' ) ;
#10567 = EDGE_CURVE ( 'NONE', #8163, #7601, #6988, .T. ) ;
#10568 = VERTEX_POINT ( 'NONE', #3750 ) ;
#10569 = DIRECTION ( 'NONE',  ( -0.000000000000000000, -0.000000000000000000, -1.000000000000000000 ) ) ;
#10570 = EDGE_CURVE ( 'NONE', #6145, #6036, #7034, .T. ) ;
#10571 = DIRECTION ( 'NONE',  ( -1.000000000000000000, 0.000000000000000000, 0.000000000000000000 ) ) ;
#10572 = AXIS2_PLACEMENT_3D ( 'NONE', #345, #7926, #10605 ) ;
#10573 = ORIENTED_EDGE ( 'NONE', *, *, #9996, .T. ) ;
#10574 = CARTESIAN_POINT ( 'NONE',  ( 0.000000000000000000, 20.00000000000000000, 58.00000000000000000 ) ) ;
#10575 = ORIENTED_EDGE ( 'NONE', *, *, #7017, .F. ) ;
#10576 = FACE_OUTER_BOUND ( 'NONE', #6235, .T. ) ;
#10577 = APPLICATION_CONTEXT ( 'configuration controlled 3d designs of mechanical parts and assemblies' ) ;
#10578 = EDGE_LOOP ( 'NONE', ( #5482, #3461 ) ) ;
#10579 = ORIENTED_EDGE ( 'NONE', *, *, #6538, .T. ) ;
#10580 = AXIS2_PLACEMENT_3D ( 'NONE', #8119, #8222, #8917 ) ;
#10581 = APPROVAL_STATUS ( 'not_yet_approved' ) ;
#10582 = CARTESIAN_POINT ( 'NONE',  ( 18.95712604296983628, -32.63880920472809777, 0.000000000000000000 ) ) ;
#10583 = VERTEX_POINT ( 'NONE', #10535 ) ;
#10584 = DIRECTION ( 'NONE',  ( 1.000000000000000000, 0.000000000000000000, 0.000000000000000000 ) ) ;
#10585 = CALENDAR_DATE ( 2026, 18, 9 ) ;
#10586 = CARTESIAN_POINT ( 'NONE',  ( -9.225083994885920902, 29.30006951123578673, 0.000000000000000000 ) ) ;
#10587 = ADVANCED_FACE ( 'NONE', ( #2982 ), #6367, .F. ) ;
#10588 = CARTESIAN_POINT ( 'NONE',  ( 20.85853893178856922, -0.000000000000000000, 13.48452350954491585 ) ) ;
#10589 = CYLINDRICAL_SURFACE ( 'NONE', #7325, 1.700000000000000178 ) ;
#10590 = DIRECTION ( 'NONE',  ( -0.000000000000000000, -0.000000000000000000, -1.000000000000000000 ) ) ;
#10591 = ORIENTED_EDGE ( 'NONE', *, *, #8602, .F. ) ;
#10592 = DIRECTION ( 'NONE',  ( 0.000000000000000000, -1.000000000000000000, 0.000000000000000000 ) ) ;
#10593 = ORIENTED_EDGE ( 'NONE', *, *, #6846, .F. ) ;
#10594 = CALENDAR_DATE ( 2026, 18, 9 ) ;
#10595 = PLANE ( 'NONE',  #9827 ) ;
#10596 = DIRECTION ( 'NONE',  ( -0.000000000000000000, -0.000000000000000000, 1.000000000000000000 ) ) ;
#10597 = COORDINATED_UNIVERSAL_TIME_OFFSET ( 5, 0, .BEHIND. ) ;
#10598 = ORIENTED_EDGE ( 'NONE', *, *, #4217, .F. ) ;
#10599 = CARTESIAN_POINT ( 'NONE',  ( 0.5999999999999999778, 2.529822128134703529, 16.00000000000000000 ) ) ;
#10600 = CC_DESIGN_DATE_AND_TIME_ASSIGNMENT ( #6233, #3783, ( #5354 ) ) ;
#10601 = CARTESIAN_POINT ( 'NONE',  ( 2.210066736092913153, 1.378121121058531351, -0.000000000000000000 ) ) ;
#10602 = CARTESIAN_POINT ( 'NONE',  ( 24.30000000000000071, -45.00000000000000000, -1.200000000000000030E-05 ) ) ;
#10603 = CLOSED_SHELL ( 'NONE', ( #4955, #933, #3756, #5634, #10344, #2769, #4182, #2473, #9492, #6341, #2671, #4038, #2961, #9287, #910 ) ) ;
#10604 = DIRECTION ( 'NONE',  ( 0.000000000000000000, -1.000000000000000000, 0.000000000000000000 ) ) ;
#10605 = DIRECTION ( 'NONE',  ( 1.000000000000000000, 0.000000000000000000, 0.000000000000000000 ) ) ;
#10606 = PERSON_AND_ORGANIZATION_ROLE ( 'design_owner' ) ;
#10607 = ORIENTED_EDGE ( 'NONE', *, *, #7495, .T. ) ;
#10608 = CC_DESIGN_DATE_AND_TIME_ASSIGNMENT ( #6695, #4355, ( #7274 ) ) ;
#10609 = VERTEX_POINT ( 'NONE', #1172 ) ;
#10610 = CARTESIAN_POINT ( 'NONE',  ( 0.000000000000000000, 0.000000000000000000, 0.000000000000000000 ) ) ;
#10611 = CARTESIAN_POINT ( 'NONE',  ( 2.500000000000000000, 3.061616997868383141E-16, 0.000000000000000000 ) ) ;
#10612 = EDGE_CURVE ( 'NONE', #2748, #2949, #3645, .T. ) ;
#10613 = COORDINATED_UNIVERSAL_TIME_OFFSET ( 5, 0, .BEHIND. ) ;
#10614 = ORIENTED_EDGE ( 'NONE', *, *, #591, .T. ) ;
#10615 = DIRECTION ( 'NONE',  ( 0.000000000000000000, 0.000000000000000000, -1.000000000000000000 ) ) ;
#10616 = CALENDAR_DATE ( 2026, 18, 9 ) ;
#10617 = ORIENTED_EDGE ( 'NONE', *, *, #10302, .F. ) ;
#10618 = CYLINDRICAL_SURFACE ( 'NONE', #8937, 1.700000000000000178 ) ;
#10619 = CARTESIAN_POINT ( 'NONE',  ( 8.660254037844389075, -11.00000000000000000, 12.00000000000000000 ) ) ;
#10620 = ORIENTED_EDGE ( 'NONE', *, *, #1349, .T. ) ;
#10621 = LINE ( 'NONE', #7943, #4731 ) ;
#10622 = ORIENTED_EDGE ( 'NONE', *, *, #10750, .T. ) ;
#10623 = CARTESIAN_POINT ( 'NONE',  ( 0.000000000000000000, 70.00000000000000000, 5.200000000000000178 ) ) ;
#10624 = EDGE_CURVE ( 'NONE', #2834, #8381, #1834, .T. ) ;
#10625 = APPROVAL_ROLE ( '' ) ;
#10626 = LINE ( 'NONE', #4885, #173 ) ;
#10627 = ORIENTED_EDGE ( 'NONE', *, *, #6368, .F. ) ;
#10628 = DIRECTION ( 'NONE',  ( 0.000000000000000000, -1.000000000000000000, 0.000000000000000000 ) ) ;
#10629 = ORIENTED_EDGE ( 'NONE', *, *, #10076, .T. ) ;
#10630 = PERSON_AND_ORGANIZATION_ROLE ( 'classification_officer' ) ;
#10631 = DIRECTION ( 'NONE',  ( 0.000000000000000000, 0.000000000000000000, 1.000000000000000000 ) ) ;
#10632 = DIRECTION ( 'NONE',  ( -1.000000000000000000, 1.776356839400250465E-15, 0.000000000000000000 ) ) ;
#10633 = DIRECTION ( 'NONE',  ( -1.000000000000000000, 0.000000000000000000, 0.000000000000000000 ) ) ;
#10634 = SECURITY_CLASSIFICATION ( '', '', #8411 ) ;
#10635 = FACE_OUTER_BOUND ( 'NONE', #7056, .T. ) ;
#10636 = ORIENTED_EDGE ( 'NONE', *, *, #10008, .F. ) ;
#10637 = VERTEX_POINT ( 'NONE', #2154 ) ;
#10638 = VECTOR ( 'NONE', #9653, 1000.000000000000000 ) ;
#10639 = EDGE_CURVE ( 'NONE', #9504, #7184, #1210, .T. ) ;
#10640 = CARTESIAN_POINT ( 'NONE',  ( 12.00000000000000000, -12.00000000000000000, 20.00000000000000000 ) ) ;
#10641 = EDGE_CURVE ( 'NONE', #6172, #865, #7860, .T. ) ;
#10642 = VECTOR ( 'NONE', #169, 1000.000000000000000 ) ;
#10643 = ORIENTED_EDGE ( 'NONE', *, *, #89, .T. ) ;
#10644 = COORDINATED_UNIVERSAL_TIME_OFFSET ( 5, 0, .BEHIND. ) ;
#10645 = DIRECTION ( 'NONE',  ( 0.000000000000000000, 0.000000000000000000, 1.000000000000000000 ) ) ;
#10646 = CC_DESIGN_APPROVAL ( #7664, ( #7787 ) ) ;
#10647 = LINE ( 'NONE', #7362, #2828 ) ;
#10648 = DATE_AND_TIME ( #762, #1303 ) ;
#10649 = CARTESIAN_POINT ( 'NONE',  ( -0.6000001182283757339, 2.529936706146719949, -8.999999999999988370E-06 ) ) ;
#10650 = PRODUCT_DEFINITION_SHAPE ( 'NONE', 'NONE',  #10466 ) ;
#10651 = LINE ( 'NONE', #5566, #9839 ) ;
#10652 = DIRECTION ( 'NONE',  ( 0.000000000000000000, 1.000000000000000000, 0.000000000000000000 ) ) ;
#10653 = AXIS2_PLACEMENT_3D ( 'NONE', #4618, #7891, #3849 ) ;
#10654 = ORGANIZATION ( 'NAUO-ORG22', 'UNSPECIFIED', 'UNSPECIFIED' ) ;
#10655 = DIRECTION ( 'NONE',  ( 0.000000000000000000, 1.000000000000000000, -0.000000000000000000 ) ) ;
#10656 = AXIS2_PLACEMENT_3D ( 'NONE', #8176, #9696, #4742 ) ;
#10657 = CARTESIAN_POINT ( 'NONE',  ( -7.638809204727039059, 50.04287395702854724, 0.000000000000000000 ) ) ;
#10658 = COORDINATED_UNIVERSAL_TIME_OFFSET ( 5, 0, .BEHIND. ) ;
#10659 = APPROVAL_PERSON_ORGANIZATION ( #9646, #7144, #8869 ) ;
#10660 = ORIENTED_EDGE ( 'NONE', *, *, #4620, .T. ) ;
#10661 = CARTESIAN_POINT ( 'NONE',  ( 150.0000000000000000, 0.000000000000000000, 0.000000000000000000 ) ) ;
#10662 = CARTESIAN_POINT ( 'NONE',  ( -15.59999999999999964, 0.000000000000000000, 6.000000000000000000 ) ) ;
#10663 = FACE_BOUND ( 'NONE', #7541, .T. ) ;
#10664 = CC_DESIGN_SECURITY_CLASSIFICATION ( #3622, ( #4149 ) ) ;
#10665 = CC_DESIGN_PERSON_AND_ORGANIZATION_ASSIGNMENT ( #10315, #4199, ( #3321 ) ) ;
#10666 = CALENDAR_DATE ( 2026, 18, 9 ) ;
#10667 = EDGE_LOOP ( 'NONE', ( #10779, #1154, #9952, #2466 ) ) ;
#10668 = DIRECTION ( 'NONE',  ( 0.000000000000000000, 1.000000000000000000, 0.000000000000000000 ) ) ;
#10669 = DATE_TIME_ROLE ( 'classification_date' ) ;
#10670 = LOCAL_TIME ( 6, 20, 19.00000000000000000, #10658 ) ;
#10671 = EDGE_LOOP ( 'NONE', ( #7719, #4189 ) ) ;
#10672 = DIRECTION ( 'NONE',  ( 1.000000000000000000, -0.000000000000000000, -0.000000000000000000 ) ) ;
#10673 = CARTESIAN_POINT ( 'NONE',  ( 28.00000000000000000, 0.000000000000000000, 24.00000000000000000 ) ) ;
#10674 = AXIS2_PLACEMENT_3D ( 'NONE', #3773, #8950, #5519 ) ;
#10675 = EDGE_CURVE ( 'NONE', #6065, #3319, #10424, .T. ) ;
#10676 = ORIENTED_EDGE ( 'NONE', *, *, #6545, .T. ) ;
#10677 = CARTESIAN_POINT ( 'NONE',  ( 31.00000000000000000, 59.50000000000000000, 3.000000000000000000 ) ) ;
#10678 = CARTESIAN_POINT ( 'NONE',  ( -11.90332728759990921, 7.369655839099086947, 10.49710780759694018 ) ) ;
#10679 = AXIS2_PLACEMENT_3D ( 'NONE', #1352, #513, #4035 ) ;
#10680 = VERTEX_POINT ( 'NONE', #2042 ) ;
#10681 = EDGE_CURVE ( 'NONE', #4168, #5220, #2103, .T. ) ;
#10682 = CARTESIAN_POINT ( 'NONE',  ( 0.000000000000000000, 0.000000000000000000, 4.000000000000000000 ) ) ;
#10683 = ORIENTED_EDGE ( 'NONE', *, *, #5126, .T. ) ;
#10684 = CARTESIAN_POINT ( 'NONE',  ( -10.50000000000000000, -1.300000000000000044, -0.09997027095160138099 ) ) ;
#10685 = ORIENTED_EDGE ( 'NONE', *, *, #4507, .F. ) ;
#10686 = CALENDAR_DATE ( 2026, 18, 9 ) ;
#10687 = AXIS2_PLACEMENT_3D ( 'NONE', #8859, #3032, #6252 ) ;
#10688 = CARTESIAN_POINT ( 'NONE',  ( 0.000000000000000000, 0.000000000000000000, 12.00000000000000000 ) ) ;
#10689 = LINE ( 'NONE', #10470, #7792 ) ;
#10691 = ADVANCED_FACE ( 'NONE', ( #4587 ), #7914, .F. ) ;
#10690 = DIRECTION ( 'NONE',  ( -1.000000000000000000, 0.000000000000000000, 0.000000000000000000 ) ) ;
#10692 = PLANE ( 'NONE',  #3259 ) ;
#10693 = EDGE_CURVE ( 'NONE', #3555, #10114, #9912, .T. ) ;
#10694 = ORIENTED_EDGE ( 'NONE', *, *, #5624, .T. ) ;
#10695 = VECTOR ( 'NONE', #4943, 1000.000000000000000 ) ;
#10696 = CARTESIAN_POINT ( 'NONE',  ( -18.30000000000000071, -6.000000000000000000, 5.000000000000000000 ) ) ;
#10697 = DATE_AND_TIME ( #7409, #3442 ) ;
#10698 = LINE ( 'NONE', #1550, #3665 ) ;
#10699 = VERTEX_POINT ( 'NONE', #9031 ) ;
#10700 = VERTEX_POINT ( 'NONE', #10696 ) ;
#10701 = CARTESIAN_POINT ( 'NONE',  ( 0.000000000000000000, 0.000000000000000000, 0.000000000000000000 ) ) ;
#10702 = DATE_AND_TIME ( #7363, #9941 ) ;
#10703 = FACE_OUTER_BOUND ( 'NONE', #9975, .T. ) ;
#10705 = EDGE_CURVE ( 'NONE', #8907, #2555, #8982, .T. ) ;
#10704 = CARTESIAN_POINT ( 'NONE',  ( 0.000000000000000000, 0.000000000000000000, 0.000000000000000000 ) ) ;
#10706 = CARTESIAN_POINT ( 'NONE',  ( 0.000000000000000000, 0.000000000000000000, 16.00000000000000000 ) ) ;
#10707 = AXIS2_PLACEMENT_3D ( 'NONE', #6954, #1966, #2843 ) ;
#10708 = EDGE_CURVE ( 'NONE', #1524, #2216, #7302, .T. ) ;
#10709 = FACE_OUTER_BOUND ( 'NONE', #5974, .T. ) ;
#10710 = CIRCLE ( 'NONE', #5241, 1.700000000000000178 ) ;
#10711 = CARTESIAN_POINT ( 'NONE',  ( 0.5999999999999998668, 9.000000000000000000, 10.00000000000000000 ) ) ;
#10712 = DATE_AND_TIME ( #5627, #6243 ) ;
#10713 = EDGE_LOOP ( 'NONE', ( #189, #7346, #5032, #3402 ) ) ;
#10714 = CARTESIAN_POINT ( 'NONE',  ( 29.95712604296984338, 32.36119079527190223, 0.000000000000000000 ) ) ;
#10715 = EDGE_CURVE ( 'NONE', #4457, #3274, #7250, .T. ) ;
#10716 = APPLICATION_CONTEXT ( 'configuration controlled 3d designs of mechanical parts and assemblies' ) ;
#10717 = CIRCLE ( 'NONE', #8949, 1.700000000000000178 ) ;
#10718 = CARTESIAN_POINT ( 'NONE',  ( -20.44258473825104261, -0.000000000000000000, 10.34333309900522124 ) ) ;
#10719 = FACE_OUTER_BOUND ( 'NONE', #8552, .T. ) ;
#10720 = AXIS2_PLACEMENT_3D ( 'NONE', #4435, #2613, #1837 ) ;
#10721 = VECTOR ( 'NONE', #3469, 1000.000000000000000 ) ;
#10722 = ORIENTED_EDGE ( 'NONE', *, *, #1292, .T. ) ;
#10723 = DIRECTION ( 'NONE',  ( -0.000000000000000000, -0.000000000000000000, -1.000000000000000000 ) ) ;
#10724 = COORDINATED_UNIVERSAL_TIME_OFFSET ( 5, 0, .BEHIND. ) ;
#10725 = ORIENTED_EDGE ( 'NONE', *, *, #1484, .F. ) ;
#10726 = CYLINDRICAL_SURFACE ( 'NONE', #6796, 2.500000000000000000 ) ;
#10727 = DIRECTION ( 'NONE',  ( 0.000000000000000000, 0.000000000000000000, -1.000000000000000000 ) ) ;
#10728 = CC_DESIGN_PERSON_AND_ORGANIZATION_ASSIGNMENT ( #8999, #9153, ( #2930 ) ) ;
#10729 = ORIENTED_EDGE ( 'NONE', *, *, #8060, .F. ) ;
#10730 = CARTESIAN_POINT ( 'NONE',  ( -18.30000000000000071, -34.00000000000000000, 5.000000000000000000 ) ) ;
#10731 = AXIS2_PLACEMENT_3D ( 'NONE', #9735, #1315, #7182 ) ;
#10732 = CARTESIAN_POINT ( 'NONE',  ( -8.557415261749071078, 47.34333309900549125, 0.000000000000000000 ) ) ;
#10733 = EDGE_LOOP ( 'NONE', ( #10399, #9113, #201, #9898, #1372, #961 ) ) ;
#10734 = SHAPE_REPRESENTATION_RELATIONSHIP ( 'NONE' , 'NONE' ,  #902, #8510 ) ;
#10735 = CARTESIAN_POINT ( 'NONE',  ( 18.30006951123579384, -33.77491600511334724, -0.000000000000000000 ) ) ;
#10736 = ORIENTED_EDGE ( 'NONE', *, *, #8752, .T. ) ;
#10737 = CYLINDRICAL_SURFACE ( 'NONE', #1432, 2.600000000000000089 ) ;
#10738 = CIRCLE ( 'NONE', #5968, 1.700000000000000178 ) ;
#10739 = APPROVAL_DATE_TIME ( #7398, #6516 ) ;
#10740 = LINE ( 'NONE', #595, #2242 ) ;
#10741 = CARTESIAN_POINT ( 'NONE',  ( 134.9571260429673032, 1.361190795270272424, 0.000000000000000000 ) ) ;
#10742 = CC_DESIGN_DATE_AND_TIME_ASSIGNMENT ( #8131, #3198, ( #1784 ) ) ;
#10743 = CARTESIAN_POINT ( 'NONE',  ( -6.000000000000000000, 0.000000000000000000, 20.00000000000000000 ) ) ;
#10744 = CARTESIAN_POINT ( 'NONE',  ( 125.3611907952777784, 1.042873957027442122, 0.000000000000000000 ) ) ;
#10745 = VECTOR ( 'NONE', #6427, 1000.000000000000000 ) ;
#10746 = PLANE ( 'NONE',  #5587 ) ;
#10747 = ORIENTED_EDGE ( 'NONE', *, *, #96, .T. ) ;
#10748 = CALENDAR_DATE ( 2026, 18, 9 ) ;
#10749 = DIRECTION ( 'NONE',  ( 1.000000000000000000, 0.000000000000000000, 0.000000000000000000 ) ) ;
#10750 = EDGE_CURVE ( 'NONE', #4810, #9266, #3304, .T. ) ;
#10751 = ORIENTED_EDGE ( 'NONE', *, *, #7085, .F. ) ;
#10752 = ORIENTED_EDGE ( 'NONE', *, *, #4507, .T. ) ;
#10753 = CARTESIAN_POINT ( 'NONE',  ( 31.00000000000000355, -6.000000000000000152E-06, 1.299999999999999600 ) ) ;
#10754 = PERSON_AND_ORGANIZATION_ROLE ( 'creator' ) ;
#10755 = SHAPE_REPRESENTATION ( 'V2_REF_wheel_D60', ( #2087 ), #145 ) ;
#10756 = LINE ( 'NONE', #6534, #3120 ) ;
#10757 = CARTESIAN_POINT ( 'NONE',  ( 32.65686506842305903, 48.55753025009011026, -0.000000000000000000 ) ) ;
#10758 = VECTOR ( 'NONE', #5933, 1000.000000000000000 ) ;
#10759 = PERSON ( 'NAUO-PER7', 'UNSPECIFIED', 'UNSPECIFIED', ('UNSPECIFIED'), ('UNSPECIFIED'), ('UNSPECIFIED') ) ;
#10760 = LINE ( 'NONE', #10810, #10196 ) ;
#10761 = FACE_OUTER_BOUND ( 'NONE', #309, .T. ) ;
#10762 = ADVANCED_FACE ( 'NONE', ( #5763, #8128, #601, #3147, #9137 ), #10746, .F. ) ;
#10763 = EDGE_CURVE ( 'NONE', #630, #82, #6421, .T. ) ;
#10764 = CARTESIAN_POINT ( 'NONE',  ( -9.858538931791278159, 50.48452350954335088, -0.000000000000000000 ) ) ;
#10765 = APPROVAL_DATE_TIME ( #7373, #621 ) ;
#10766 = ORIENTED_EDGE ( 'NONE', *, *, #1884, .T. ) ;
#10767 = CARTESIAN_POINT ( 'NONE',  ( 29.30000000000000071, 31.00000000000000000, -6.000000000000000152E-06 ) ) ;
#10768 = CARTESIAN_POINT ( 'NONE',  ( -20.22508399488666697, 0.000000000000000000, 10.29993048876420936 ) ) ;
#10769 = DIRECTION ( 'NONE',  ( 0.000000000000000000, -1.000000000000000000, 0.000000000000000000 ) ) ;
#10770 = EDGE_CURVE ( 'NONE', #1806, #6865, #4947, .T. ) ;
#10771 = ADVANCED_FACE ( 'NONE', ( #3974 ), #5608, .F. ) ;
#10772 = APPLICATION_CONTEXT ( 'configuration controlled 3d designs of mechanical parts and assemblies' ) ;
#10773 = ORIENTED_EDGE ( 'NONE', *, *, #2266, .F. ) ;
#10774 = CARTESIAN_POINT ( 'NONE',  ( -20.00000000000000000, -6.000000000000000152E-06, 10.30000000000000071 ) ) ;
#10775 = COORDINATED_UNIVERSAL_TIME_OFFSET ( 5, 0, .BEHIND. ) ;
#10776 = ORIENTED_EDGE ( 'NONE', *, *, #1600, .T. ) ;
#10777 = PLANE ( 'NONE',  #5402 ) ;
#10778 = CARTESIAN_POINT ( 'NONE',  ( 0.000000000000000000, 27.50000000000000000, 0.000000000000000000 ) ) ;
#10779 = ORIENTED_EDGE ( 'NONE', *, *, #1461, .F. ) ;
#10780 = DIRECTION ( 'NONE',  ( 0.000000000000000000, 0.000000000000000000, -1.000000000000000000 ) ) ;
#10781 = CARTESIAN_POINT ( 'NONE',  ( -7.515674657884689580, 48.14134607987174519, 0.000000000000000000 ) ) ;
#10782 = ORIENTED_EDGE ( 'NONE', *, *, #1546, .F. ) ;
#10783 = APPROVAL ( #4469, 'UNKNOWN' ) ;
#10784 = DIRECTION ( 'NONE',  ( 0.000000000000000000, 0.000000000000000000, -1.000000000000000000 ) ) ;
#10785 = ORIENTED_EDGE ( 'NONE', *, *, #6545, .F. ) ;
#10786 = DIRECTION ( 'NONE',  ( 0.000000000000000000, 0.000000000000000000, -1.000000000000000000 ) ) ;
#10787 = CONTEXT_DEPENDENT_SHAPE_REPRESENTATION ( #9997, #1319 ) ;
#10788 = ORIENTED_EDGE ( 'NONE', *, *, #10438, .T. ) ;
#10789 = FACE_OUTER_BOUND ( 'NONE', #4384, .T. ) ;
#10790 = ORIENTED_EDGE ( 'NONE', *, *, #4496, .F. ) ;
#10791 = CARTESIAN_POINT ( 'NONE',  ( 137.7000000000000171, 0.000000000000000000, -6.000000000000000152E-06 ) ) ;
#10792 = LINE ( 'NONE', #548, #10343 ) ;
#10793 = CARTESIAN_POINT ( 'NONE',  ( 123.7749160051136244, 1.700069511235893005, -0.000000000000000000 ) ) ;
#10794 = ORIENTED_EDGE ( 'NONE', *, *, #3496, .T. ) ;
#10795 = DIRECTION ( 'NONE',  ( -0.000000000000000000, 1.000000000000000000, -0.000000000000000000 ) ) ;
#10796 = ORIENTED_EDGE ( 'NONE', *, *, #932, .T. ) ;
#10797 = SECURITY_CLASSIFICATION_LEVEL ( 'unclassified' ) ;
#10798 = APPROVAL ( #6441, 'ๆช' ) ;
#10799 = UNCERTAINTY_MEASURE_WITH_UNIT (LENGTH_MEASURE( 1.000000000000000082E-05 ), #6621, 'distance_accuracy_value', 'NONE');
#10800 = CARTESIAN_POINT ( 'NONE',  ( 0.000000000000000000, 80.50000000000000000, 0.000000000000000000 ) ) ;
#10801 = ORIENTED_EDGE ( 'NONE', *, *, #9523, .T. ) ;
#10802 = B_SPLINE_CURVE_WITH_KNOTS ( 'NONE', 3,
 ( #7146, #336, #3753, #9759, #1112, #3648, #6205, #9592, #10480, #3814, #2045, #7087, #1285, #7966 ),
 .UNSPECIFIED., .F., .F.,
 ( 4, 2, 2, 2, 2, 2, 4 ),
 ( 0.000000000000000000, 0.05322997919402821382, 0.07984496879104228950, 0.1064599583880563721, 0.1330749479850704686, 0.1596899375820845512, 0.2129199167761126610 ),
 .UNSPECIFIED. ) ;
#10803 = EDGE_LOOP ( 'NONE', ( #10837, #301, #1141, #692 ) ) ;
#10804 = DIRECTION ( 'NONE',  ( -1.000000000000000000, 0.000000000000000000, 0.000000000000000000 ) ) ;
#10805 = APPROVAL_ROLE ( '' ) ;
#10806 = CC_DESIGN_APPROVAL ( #4115, ( #3417 ) ) ;
#10807 = DIRECTION ( 'NONE',  ( 0.000000000000000000, 0.000000000000000000, 1.000000000000000000 ) ) ;
#10808 = CARTESIAN_POINT ( 'NONE',  ( 12.00000000000000000, 7.000000000000000000, 13.29999999999999893 ) ) ;
#10810 = CARTESIAN_POINT ( 'NONE',  ( 6.000000000000000000, 1.300000000000000044, -0.09997027095160138099 ) ) ;
#10809 = B_SPLINE_CURVE_WITH_KNOTS ( 'NONE', 3,
 ( #8244, #1612, #8297, #8189, #4036, #5006, #4194, #3255, #7530, #9094, #5773, #713, #6704, #4091, #664, #10757, #1556, #7854 ),
 .UNSPECIFIED., .F., .F.,
 ( 4, 2, 2, 2, 2, 2, 2, 2, 4 ),
 ( 0.5000000000000000000, 0.5625000000000004441, 0.6250000000000008882, 0.6875000000000014433, 0.7500000000000018874, 0.8125000000000013323, 0.8750000000000008882, 0.9375000000000004441, 1.000000000000000000 ),
 .UNSPECIFIED. ) ;
#10811 = CARTESIAN_POINT ( 'NONE',  ( 0.000000000000000000, 0.000000000000000000, 5.000000000000000000 ) ) ;
#10812 = EDGE_CURVE ( 'NONE', #9171, #6779, #5708, .T. ) ;
#10813 = CIRCLE ( 'NONE', #8868, 1.699999999999998401 ) ;
#10814 = CC_DESIGN_APPROVAL ( #6516, ( #9054 ) ) ;
#10815 = CARTESIAN_POINT ( 'NONE',  ( -9.442584738250030085, 50.65666690099504876, 0.000000000000000000 ) ) ;
#10816 = APPROVAL_STATUS ( 'not_yet_approved' ) ;
#10817 = VERTEX_POINT ( 'NONE', #553 ) ;
#10818 = VECTOR ( 'NONE', #3067, 1000.000000000000000 ) ;
#10819 = CARTESIAN_POINT ( 'NONE',  ( 9.756929129572647241, 10.04069481642486572, 8.651627607700786982 ) ) ;
#10820 = DIRECTION ( 'NONE',  ( 1.000000000000000000, 0.000000000000000000, 0.000000000000000000 ) ) ;
#10821 = LOCAL_TIME ( 6, 20, 19.00000000000000000, #2072 ) ;
#10822 = LINE ( 'NONE', #3325, #6634 ) ;
#10823 = EDGE_CURVE ( 'NONE', #6964, #3451, #9084, .T. ) ;
#10824 = DIRECTION ( 'NONE',  ( 0.000000000000000000, 0.000000000000000000, -1.000000000000000000 ) ) ;
#10825 = AXIS2_PLACEMENT_3D ( 'NONE', #1441, #10590, #4688 ) ;
#10826 = LOCAL_TIME ( 6, 20, 19.00000000000000000, #2426 ) ;
#10827 = ORIENTED_EDGE ( 'NONE', *, *, #8548, .F. ) ;
#10828 = CARTESIAN_POINT ( 'NONE',  ( -21.00000000000000000, 0.000000000000000000, 0.000000000000000000 ) ) ;
#10829 = EDGE_LOOP ( 'NONE', ( #8484, #9690, #4799, #4653 ) ) ;
#10830 = CARTESIAN_POINT ( 'NONE',  ( 14.22508399489168340, 71.69993048876642661, 0.000000000000000000 ) ) ;
#10831 = CARTESIAN_POINT ( 'NONE',  ( -1.313163450857918635, -2.270214330881944687, 0.000000000000000000 ) ) ;
#10832 = ADVANCED_FACE ( 'NONE', ( #10855 ), #1547, .F. ) ;
#10833 = LOCAL_TIME ( 6, 20, 19.00000000000000000, #5012 ) ;
#10834 = ORIENTED_EDGE ( 'NONE', *, *, #1129, .T. ) ;
#10835 = CARTESIAN_POINT ( 'NONE',  ( 22.00000000000000000, 0.000000000000000000, 8.000000000000000000 ) ) ;
#10836 = EDGE_CURVE ( 'NONE', #103, #1200, #2435, .T. ) ;
#10837 = ORIENTED_EDGE ( 'NONE', *, *, #9625, .F. ) ;
#10838 = CARTESIAN_POINT ( 'NONE',  ( 137.6999999999999886, -0.2256158049110661423, -0.000000000000000000 ) ) ;
#10839 = EDGE_LOOP ( 'NONE', ( #5250, #3250, #979, #3999 ) ) ;
#10840 = CARTESIAN_POINT ( 'NONE',  ( -13.55741526174398537, 68.34333309900759446, 0.000000000000000000 ) ) ;
#10841 = LOCAL_TIME ( 6, 20, 19.00000000000000000, #2168 ) ;
#10842 = PERSON_AND_ORGANIZATION_ROLE ( 'design_owner' ) ;
#10843 = ORIENTED_EDGE ( 'NONE', *, *, #2279, .T. ) ;
#10844 = CARTESIAN_POINT ( 'NONE',  ( 11.25723435106464798, 8.324008393740474077, 10.06315928611680910 ) ) ;
#10845 = VECTOR ( 'NONE', #2172, 1000.000000000000000 ) ;
#10846 = APPROVAL_ROLE ( '' ) ;
#10847 = ORIENTED_EDGE ( 'NONE', *, *, #4425, .F. ) ;
#10848 = DIRECTION ( 'NONE',  ( 1.000000000000000000, 0.000000000000000000, 0.000000000000000000 ) ) ;
#10849 = ORIENTED_EDGE ( 'NONE', *, *, #7017, .T. ) ;
#10850 = DIRECTION ( 'NONE',  ( 0.000000000000000000, 1.000000000000000000, 0.000000000000000000 ) ) ;
#10851 = FACE_OUTER_BOUND ( 'NONE', #10269, .T. ) ;
#10852 = DIRECTION ( 'NONE',  ( 0.000000000000000000, 0.000000000000000000, 1.000000000000000000 ) ) ;
#10853 = ADVANCED_FACE ( 'NONE', ( #2313, #4898, #2209 ), #8926, .F. ) ;
#10854 = CC_DESIGN_SECURITY_CLASSIFICATION ( #8910, ( #3277 ) ) ;
#10855 = FACE_OUTER_BOUND ( 'NONE', #9884, .T. ) ;
#10856 = CALENDAR_DATE ( 2026, 18, 9 ) ;
#10857 = DIRECTION ( 'NONE',  ( -1.000000000000000000, 0.000000000000000000, 0.000000000000000000 ) ) ;
#10858 = AXIS2_PLACEMENT_3D ( 'NONE', #3610, #8723, #7718 ) ;
#10859 = ORIENTED_EDGE ( 'NONE', *, *, #1900, .F. ) ;
#10860 = CARTESIAN_POINT ( 'NONE',  ( -0.5999999999999999778, 2.200000000000000178, 16.00000000000000000 ) ) ;
#10861 = DATE_TIME_ROLE ( 'classification_date' ) ;
#10862 = LINE ( 'NONE', #8347, #10148 ) ;
#10863 = CARTESIAN_POINT ( 'NONE',  ( 18.63871090099441830, -0.000000000000000000, 10.95702773923875206 ) ) ;
#10864 = DIRECTION ( 'NONE',  ( 0.000000000000000000, 1.000000000000000000, 0.000000000000000000 ) ) ;
#10865 = FACE_BOUND ( 'NONE', #7778, .T. ) ;
#10866 = PRODUCT_DEFINITION ( 'ๆ', '', #3277, #2757 ) ;
#10867 = VECTOR ( 'NONE', #252, 1000.000000000000000 ) ;
#10868 = AXIS2_PLACEMENT_3D ( 'NONE', #6126, #355, #3724 ) ;
#10869 = DIRECTION ( 'NONE',  ( 0.000000000000000000, -1.000000000000000000, 0.000000000000000000 ) ) ;
#10870 = APPROVAL_ROLE ( '' ) ;
#10871 = EDGE_CURVE ( 'NONE', #5990, #9850, #9811, .T. ) ;
#10872 = AXIS2_PLACEMENT_3D ( 'NONE', #2157, #7036, #1994 ) ;
#10873 = ORIENTED_EDGE ( 'NONE', *, *, #4779, .F. ) ;
#10874 = DIRECTION ( 'NONE',  ( 1.000000000000000000, 0.000000000000000000, 0.000000000000000000 ) ) ;
#10875 = CARTESIAN_POINT ( 'NONE',  ( -15.36128909900226169, 71.04297226076383254, -0.000000000000000000 ) ) ;
#10876 = CARTESIAN_POINT ( 'NONE',  ( -21.65666690099477876, 0.000000000000000000, 12.44258473825066957 ) ) ;
#10877 = CC_DESIGN_DATE_AND_TIME_ASSIGNMENT ( #5131, #3539, ( #9056 ) ) ;
#10878 = LINE ( 'NONE', #5676, #9314 ) ;
#10879 = AXIS2_PLACEMENT_3D ( 'NONE', #555, #1494, #2427 ) ;
#10880 = EDGE_CURVE ( 'NONE', #4018, #4135, #5760, .T. ) ;
#10881 = ORIENTED_EDGE ( 'NONE', *, *, #1471, .T. ) ;
#10882 = CARTESIAN_POINT ( 'NONE',  ( 12.30000000000000249, 70.00000000000000000, -6.000000000000000152E-06 ) ) ;
#10883 = VECTOR ( 'NONE', #915, 1000.000000000000000 ) ;
#10884 = EDGE_LOOP ( 'NONE', ( #6616, #10849 ) ) ;
#10885 = DIRECTION ( 'NONE',  ( 0.000000000000000000, 0.000000000000000000, 1.000000000000000000 ) ) ;
#10886 = CARTESIAN_POINT ( 'NONE',  ( 0.6767371672055961795, -2.533830729021501416, 0.000000000000000000 ) ) ;
#10887 = PERSON ( 'NAUO-PER10', 'UNSPECIFIED', 'UNSPECIFIED', ('UNSPECIFIED'), ('UNSPECIFIED'), ('UNSPECIFIED') ) ;
#10888 = CARTESIAN_POINT ( 'NONE',  ( 0.000000000000000000, 0.000000000000000000, 0.000000000000000000 ) ) ;
#10889 = CARTESIAN_POINT ( 'NONE',  ( 21.69999999999999929, -6.000000000000000000, -6.000000000000000152E-06 ) ) ;
#10890 = ORIENTED_EDGE ( 'NONE', *, *, #3073, .F. ) ;
#10891 = AXIS2_PLACEMENT_3D ( 'NONE', #6500, #6663, #9888 ) ;
#10892 = CYLINDRICAL_SURFACE ( 'NONE', #8993, 30.00000000000000000 ) ;
#10893 = NEXT_ASSEMBLY_USAGE_OCCURRENCE ( 'NAUO1', ' ', ' ', #7414, #1244, $ ) ;
#10894 = NEXT_ASSEMBLY_USAGE_OCCURRENCE ( 'NAUO2', ' ', ' ', #7414, #10866, $ ) ;
#10895 = NEXT_ASSEMBLY_USAGE_OCCURRENCE ( 'NAUO3', ' ', ' ', #7414, #10866, $ ) ;
#10896 = NEXT_ASSEMBLY_USAGE_OCCURRENCE ( 'NAUO4', ' ', ' ', #7414, #10866, $ ) ;
#10897 = NEXT_ASSEMBLY_USAGE_OCCURRENCE ( 'NAUO5', ' ', ' ', #7414, #10866, $ ) ;
#10898 = NEXT_ASSEMBLY_USAGE_OCCURRENCE ( 'NAUO6', ' ', ' ', #7414, #5993, $ ) ;
#10899 = NEXT_ASSEMBLY_USAGE_OCCURRENCE ( 'NAUO7', ' ', ' ', #7414, #5655, $ ) ;
#10900 = NEXT_ASSEMBLY_USAGE_OCCURRENCE ( 'NAUO8', ' ', ' ', #7414, #4198, $ ) ;
#10901 = NEXT_ASSEMBLY_USAGE_OCCURRENCE ( 'NAUO9', ' ', ' ', #7414, #10466, $ ) ;
#10902 = NEXT_ASSEMBLY_USAGE_OCCURRENCE ( 'NAUO10', ' ', ' ', #7414, #10466, $ ) ;
#10903 = NEXT_ASSEMBLY_USAGE_OCCURRENCE ( 'NAUO11', ' ', ' ', #7414, #3465, $ ) ;
#10904 = NEXT_ASSEMBLY_USAGE_OCCURRENCE ( 'NAUO12', ' ', ' ', #7414, #3465, $ ) ;
#10905 = NEXT_ASSEMBLY_USAGE_OCCURRENCE ( 'NAUO13', ' ', ' ', #7414, #2315, $ ) ;
#10906 = NEXT_ASSEMBLY_USAGE_OCCURRENCE ( 'NAUO14', ' ', ' ', #7414, #2315, $ ) ;
#10907 = NEXT_ASSEMBLY_USAGE_OCCURRENCE ( 'NAUO15', ' ', ' ', #7414, #3321, $ ) ;
#10908 = NEXT_ASSEMBLY_USAGE_OCCURRENCE ( 'NAUO16', ' ', ' ', #7414, #3188, $ ) ;
#10909 = NEXT_ASSEMBLY_USAGE_OCCURRENCE ( 'NAUO17', ' ', ' ', #7414, #3188, $ ) ;
#10910 = NEXT_ASSEMBLY_USAGE_OCCURRENCE ( 'NAUO18', ' ', ' ', #7414, #354, $ ) ;
#10911 = NEXT_ASSEMBLY_USAGE_OCCURRENCE ( 'NAUO19', ' ', ' ', #7414, #4552, $ ) ;
#10912 = NEXT_ASSEMBLY_USAGE_OCCURRENCE ( 'NAUO20', ' ', ' ', #7414, #7274, $ ) ;
#10913 = NEXT_ASSEMBLY_USAGE_OCCURRENCE ( 'NAUO21', ' ', ' ', #7414, #1784, $ ) ;
#10914 = NEXT_ASSEMBLY_USAGE_OCCURRENCE ( 'NAUO22', ' ', ' ', #7414, #7609, $ ) ;
#10915 = NEXT_ASSEMBLY_USAGE_OCCURRENCE ( 'NAUO23', ' ', ' ', #7414, #974, $ ) ;
#10916 = NEXT_ASSEMBLY_USAGE_OCCURRENCE ( 'NAUO24', ' ', ' ', #7414, #974, $ ) ;
#10917 = NEXT_ASSEMBLY_USAGE_OCCURRENCE ( 'NAUO25', ' ', ' ', #7414, #9056, $ ) ;
ENDSEC;
END-ISO-10303-21;
