ISO-10303-21;
HEADER;
FILE_DESCRIPTION (( 'STEP AP203' ),
    '1' );
FILE_NAME ('07_servo_stand.STEP',
    '2026-09-17T16:01:50',
    ( '15300530775@163.com' ),
    ( '' ),
    'SwSTEP 2.0',
    'SolidWorks 2026',
    '' );
FILE_SCHEMA (( 'CONFIG_CONTROL_DESIGN' ));
ENDSEC;

DATA;
#1 = EDGE_LOOP ( 'NONE', ( #695, #1161, #422, #548 ) ) ;
#2 = DIRECTION ( 'NONE',  ( -1.000000000000000000, 0.000000000000000000, 0.000000000000000000 ) ) ;
#3 = CARTESIAN_POINT ( 'NONE',  ( 32.70006951123653494, -0.000000000000000000, 2.774916005115124484 ) ) ;
#4 = CARTESIAN_POINT ( 'NONE',  ( -11.59999999999999964, 52.50000000000000000, -1.200000000000000030E-05 ) ) ;
#5 = ORIENTED_EDGE ( 'NONE', *, *, #1048, .T. ) ;
#6 = FACE_OUTER_BOUND ( 'NONE', #949, .T. ) ;
#7 = EDGE_CURVE ( 'NONE', #1563, #296, #989, .T. ) ;
#8 = EDGE_LOOP ( 'NONE', ( #1043, #124, #484, #342 ) ) ;
#9 = DIRECTION ( 'NONE',  ( -1.000000000000000000, 0.000000000000000000, 0.000000000000000000 ) ) ;
#10 = VECTOR ( 'NONE', #66, 1000.000000000000000 ) ;
#11 = CARTESIAN_POINT ( 'NONE',  ( -10.50000000000000000, 70.50000000000000000, -1.200000000000000030E-05 ) ) ;
#12 = LINE ( 'NONE', #123, #78 ) ;
#13 = ORIENTED_EDGE ( 'NONE', *, *, #325, .F. ) ;
#14 = VECTOR ( 'NONE', #1320, 1000.000000000000000 ) ;
#15 = AXIS2_PLACEMENT_3D ( 'NONE', #634, #1163, #336 ) ;
#16 = CARTESIAN_POINT ( 'NONE',  ( -11.59999999999999964, 52.50000000000000000, -1.200000000000000030E-05 ) ) ;
#17 = VERTEX_POINT ( 'NONE', #624 ) ;
#18 = SECURITY_CLASSIFICATION ( '', '', #661 ) ;
#19 = EDGE_LOOP ( 'NONE', ( #152, #850, #1185, #621, #287, #1452, #1585, #493, #373, #1430, #1267, #194 ) ) ;
#20 = LINE ( 'NONE', #309, #272 ) ;
#21 = CARTESIAN_POINT ( 'NONE',  ( -15.59999999999999964, 62.50000000000000000, -1.200000000000000030E-05 ) ) ;
#22 = CARTESIAN_POINT ( 'NONE',  ( 31.00000000000000000, -6.000000000000000152E-06, 22.70000000000000284 ) ) ;
#23 = VERTEX_POINT ( 'NONE', #466 ) ;
#24 = DIRECTION ( 'NONE',  ( 1.000000000000000000, -0.000000000000000000, 0.000000000000000000 ) ) ;
#25 = FACE_BOUND ( 'NONE', #1651, .T. ) ;
#26 = ORIENTED_EDGE ( 'NONE', *, *, #219, .F. ) ;
#27 = B_SPLINE_CURVE_WITH_KNOTS ( 'NONE', 3,
 ( #958, #251, #820, #131, #1473, #139, #1497, #1337, #1612, #3, #1754, #107, #1198, #406, #684, #1330, #1065, #1344 ),
 .UNSPECIFIED., .F., .F.,
 ( 4, 2, 2, 2, 2, 2, 2, 2, 4 ),
 ( -3.330669073875469621E-16, 0.06249999999999975020, 0.1249999999999998335, 0.1874999999999999167, 0.2500000000000000000, 0.3125000000000001110, 0.3750000000000001665, 0.4375000000000002220, 0.5000000000000003331 ),
 .UNSPECIFIED. ) ;
#28 = ORIENTED_EDGE ( 'NONE', *, *, #938, .T. ) ;
#29 = CARTESIAN_POINT ( 'NONE',  ( 31.60000000000000142, 57.50000000000000000, 4.590597372058685011 ) ) ;
#30 = EDGE_CURVE ( 'NONE', #567, #1702, #328, .T. ) ;
#31 = CARTESIAN_POINT ( 'NONE',  ( -7.515476490456402203, -0.000000000000000000, 2.141461068209736585 ) ) ;
#32 = DIRECTION ( 'NONE',  ( -0.000000000000000000, 1.000000000000000000, -0.000000000000000000 ) ) ;
#33 = ORIENTED_EDGE ( 'NONE', *, *, #1413, .F. ) ;
#34 = DIRECTION ( 'NONE',  ( 1.000000000000000000, -0.000000000000000000, 0.000000000000000000 ) ) ;
#35 = EDGE_LOOP ( 'NONE', ( #1501, #1592 ) ) ;
#36 = ORIENTED_EDGE ( 'NONE', *, *, #376, .F. ) ;
#37 = DIRECTION ( 'NONE',  ( 0.000000000000000000, 0.000000000000000000, -1.000000000000000000 ) ) ;
#38 = CARTESIAN_POINT ( 'NONE',  ( -11.59999999999999964, 62.50000000000000000, 6.000000000000000000 ) ) ;
#39 = DIRECTION ( 'NONE',  ( -0.000000000000000000, -0.000000000000000000, 1.000000000000000000 ) ) ;
#40 = ADVANCED_FACE ( 'NONE', ( #747 ), #1426, .F. ) ;
#41 = EDGE_LOOP ( 'NONE', ( #1375, #307 ) ) ;
#42 = AXIS2_PLACEMENT_3D ( 'NONE', #437, #1167, #920 ) ;
#43 = DIRECTION ( 'NONE',  ( -1.000000000000000000, 0.000000000000000000, 0.000000000000000000 ) ) ;
#44 = EDGE_CURVE ( 'NONE', #1563, #1290, #57, .T. ) ;
#45 = ORIENTED_EDGE ( 'NONE', *, *, #79, .F. ) ;
#46 = CIRCLE ( 'NONE', #1068, 1.700000000000000178 ) ;
#47 = VERTEX_POINT ( 'NONE', #1141 ) ;
#48 = VECTOR ( 'NONE', #92, 1000.000000000000000 ) ;
#49 = PLANE ( 'NONE',  #1122 ) ;
#50 = DIRECTION ( 'NONE',  ( 0.000000000000000000, -1.000000000000000000, 0.000000000000000000 ) ) ;
#51 = PERSON_AND_ORGANIZATION ( #1429, #1382 ) ;
#52 = ORIENTED_EDGE ( 'NONE', *, *, #1555, .T. ) ;
#53 = DIRECTION ( 'NONE',  ( -1.000000000000000000, 0.000000000000000000, -0.000000000000000000 ) ) ;
#54 = ORIENTED_EDGE ( 'NONE', *, *, #171, .T. ) ;
#55 = EDGE_CURVE ( 'NONE', #1302, #304, #1027, .T. ) ;
#56 = CARTESIAN_POINT ( 'NONE',  ( -21.00000000000000000, 0.000000000000000000, 0.000000000000000000 ) ) ;
#57 = LINE ( 'NONE', #353, #213 ) ;
#58 = DIRECTION ( 'NONE',  ( -1.000000000000000000, 0.000000000000000000, -0.000000000000000000 ) ) ;
#59 = LINE ( 'NONE', #1448, #1692 ) ;
#60 = APPROVAL_STATUS ( 'not_yet_approved' ) ;
#61 = VERTEX_POINT ( 'NONE', #1682 ) ;
#62 = CARTESIAN_POINT ( 'NONE',  ( -9.442584738252207899, -0.000000000000000000, 1.343333099006011500 ) ) ;
#63 = DIRECTION ( 'NONE',  ( 0.000000000000000000, -1.000000000000000000, 0.000000000000000000 ) ) ;
#64 = ORIENTED_EDGE ( 'NONE', *, *, #1314, .F. ) ;
#65 = EDGE_CURVE ( 'NONE', #61, #968, #334, .T. ) ;
#66 = DIRECTION ( 'NONE',  ( -0.000000000000000000, -0.000000000000000000, 1.000000000000000000 ) ) ;
#67 = CARTESIAN_POINT ( 'NONE',  ( -9.000000000000000000, 71.00000000000000000, 1.300000000000000044 ) ) ;
#68 = CARTESIAN_POINT ( 'NONE',  ( -10.69993048876420616, 0.000000000000000000, 20.77491600511318026 ) ) ;
#69 = LINE ( 'NONE', #1526, #1071 ) ;
#70 = ORIENTED_EDGE ( 'NONE', *, *, #828, .F. ) ;
#71 = LINE ( 'NONE', #1032, #361 ) ;
#72 = DIRECTION ( 'NONE',  ( -0.000000000000000000, 1.000000000000000000, -0.000000000000000000 ) ) ;
#73 = ORIENTED_EDGE ( 'NONE', *, *, #254, .T. ) ;
#74 = CARTESIAN_POINT ( 'NONE',  ( 32.69993048876345654, 0.000000000000000000, 21.22508399488413389 ) ) ;
#75 = VECTOR ( 'NONE', #210, 1000.000000000000000 ) ;
#76 = CARTESIAN_POINT ( 'NONE',  ( -15.59999999999999964, 0.000000000000000000, -0.000000000000000000 ) ) ;
#77 = AXIS2_PLACEMENT_3D ( 'NONE', #112, #1307, #1752 ) ;
#78 = VECTOR ( 'NONE', #400, 1000.000000000000000 ) ;
#79 = EDGE_CURVE ( 'NONE', #350, #320, #1559, .T. ) ;
#80 = FACE_BOUND ( 'NONE', #1659, .T. ) ;
#81 = ORIENTED_EDGE ( 'NONE', *, *, #1076, .F. ) ;
#82 = CC_DESIGN_APPROVAL ( #1127, ( #564 ) ) ;
#83 = CARTESIAN_POINT ( 'NONE',  ( 31.19999999999999929, 49.50000000000000000, -1.200000000000000030E-05 ) ) ;
#84 = CYLINDRICAL_SURFACE ( 'NONE', #1159, 1.700000000000000178 ) ;
#85 = VERTEX_POINT ( 'NONE', #1018 ) ;
#86 = CARTESIAN_POINT ( 'NONE',  ( 31.85848573019362817, 0.000000000000000000, 19.51560493047243838 ) ) ;
#87 = DIRECTION ( 'NONE',  ( 0.000000000000000000, 1.000000000000000000, 0.000000000000000000 ) ) ;
#88 = DIRECTION ( 'NONE',  ( 0.000000000000000000, -0.000000000000000000, 1.000000000000000000 ) ) ;
#89 = EDGE_LOOP ( 'NONE', ( #1558, #691, #1282, #572 ) ) ;
#90 = EDGE_CURVE ( 'NONE', #1671, #137, #308, .T. ) ;
#91 = CARTESIAN_POINT ( 'NONE',  ( 43.00000000000000000, 0.000000000000000000, 24.00000000000000000 ) ) ;
#92 = DIRECTION ( 'NONE',  ( 0.000000000000000000, -1.000000000000000000, 0.000000000000000000 ) ) ;
#93 = VERTEX_POINT ( 'NONE', #1641 ) ;
#94 = CARTESIAN_POINT ( 'NONE',  ( 35.60000000000000142, 62.50000000000000000, 6.000000000000000000 ) ) ;
#95 = CARTESIAN_POINT ( 'NONE',  ( -9.000000000000000000, -1.200000000000000030E-05, 21.00000000000000000 ) ) ;
#96 = VERTEX_POINT ( 'NONE', #573 ) ;
#97 = FACE_OUTER_BOUND ( 'NONE', #1372, .T. ) ;
#98 = ADVANCED_FACE ( 'NONE', ( #1244, #1128, #1508 ), #293, .F. ) ;
#99 = CARTESIAN_POINT ( 'NONE',  ( 29.95702773923763829, -0.000000000000000000, 4.361289099004101999 ) ) ;
#100 = VERTEX_POINT ( 'NONE', #329 ) ;
#101 = CARTESIAN_POINT ( 'NONE',  ( -10.50000000000000000, 49.50000000000000000, 6.000000000000000000 ) ) ;
#102 = VECTOR ( 'NONE', #1753, 1000.000000000000000 ) ;
#103 = AXIS2_PLACEMENT_3D ( 'NONE', #289, #1395, #957 ) ;
#104 = DIRECTION ( 'NONE',  ( -0.000000000000000000, -0.000000000000000000, -1.000000000000000000 ) ) ;
#105 = VERTEX_POINT ( 'NONE', #1373 ) ;
#106 = VECTOR ( 'NONE', #1480, 1000.000000000000000 ) ;
#107 = CARTESIAN_POINT ( 'NONE',  ( 32.48452350954332246, -0.000000000000000000, 2.141461068209105978 ) ) ;
#108 = LOCAL_TIME ( 12, 1, 50.00000000000000000, #1114 ) ;
#109 = CARTESIAN_POINT ( 'NONE',  ( 31.00000000000000000, 8.000000000000000000, 22.70000000000000284 ) ) ;
#110 = ORIENTED_EDGE ( 'NONE', *, *, #1648, .T. ) ;
#111 = EDGE_CURVE ( 'NONE', #85, #61, #1677, .T. ) ;
#112 = CARTESIAN_POINT ( 'NONE',  ( 31.60000000000000142, 62.50000000000000000, -1.200000000000000030E-05 ) ) ;
#113 = ADVANCED_FACE ( 'NONE', ( #1109 ), #1649, .F. ) ;
#114 = CARTESIAN_POINT ( 'NONE',  ( 0.000000000000000000, 62.50000000000000000, 6.000000000000000000 ) ) ;
#115 = PERSON_AND_ORGANIZATION_ROLE ( 'design_supplier' ) ;
#116 = CARTESIAN_POINT ( 'NONE',  ( -21.00000000000000000, 8.000000000000000000, 5.999999999999998224 ) ) ;
#117 = LINE ( 'NONE', #1305, #48 ) ;
#118 = EDGE_LOOP ( 'NONE', ( #604, #543, #953, #503 ) ) ;
#119 = DIRECTION ( 'NONE',  ( 1.000000000000000000, -0.000000000000000000, 0.000000000000000000 ) ) ;
#120 = EDGE_CURVE ( 'NONE', #585, #1218, #71, .T. ) ;
#121 = DIRECTION ( 'NONE',  ( 0.000000000000000000, 0.000000000000000000, 1.000000000000000000 ) ) ;
#122 = FACE_OUTER_BOUND ( 'NONE', #1629, .T. ) ;
#123 = CARTESIAN_POINT ( 'NONE',  ( -21.00000000000000000, 8.000000000000000000, 24.00000000000000000 ) ) ;
#124 = ORIENTED_EDGE ( 'NONE', *, *, #838, .F. ) ;
#125 = CARTESIAN_POINT ( 'NONE',  ( -15.59999999999999964, 62.50000000000000000, -1.200000000000000030E-05 ) ) ;
#126 = VECTOR ( 'NONE', #24, 1000.000000000000000 ) ;
#127 = LINE ( 'NONE', #1472, #559 ) ;
#128 = AXIS2_PLACEMENT_3D ( 'NONE', #21, #714, #444 ) ;
#129 = EDGE_CURVE ( 'NONE', #401, #1277, #1574, .T. ) ;
#130 = AXIS2_PLACEMENT_3D ( 'NONE', #1601, #1062, #905 ) ;
#131 = CARTESIAN_POINT ( 'NONE',  ( 31.85853893179215746, -0.000000000000000000, 4.484523509542805542 ) ) ;
#132 = CARTESIAN_POINT ( 'NONE',  ( 0.000000000000000000, 0.000000000000000000, 6.000000000000000000 ) ) ;
#133 = ORIENTED_EDGE ( 'NONE', *, *, #1624, .F. ) ;
#134 = VECTOR ( 'NONE', #185, 1000.000000000000000 ) ;
#135 = LINE ( 'NONE', #1082, #392 ) ;
#136 = ADVANCED_BREP_SHAPE_REPRESENTATION ( '07_servo_stand', ( #407, #480 ), #906 ) ;
#137 = VERTEX_POINT ( 'NONE', #630 ) ;
#138 = CARTESIAN_POINT ( 'NONE',  ( 43.00000000000000000, 71.00000000000000000, 6.000000000000000000 ) ) ;
#139 = CARTESIAN_POINT ( 'NONE',  ( 32.36128909900665462, -0.000000000000000000, 4.042972260759070124 ) ) ;
#140 = CARTESIAN_POINT ( 'NONE',  ( 31.60000000000000142, 52.50000000000000000, -1.200000000000000030E-05 ) ) ;
#141 = EDGE_CURVE ( 'NONE', #167, #581, #1051, .T. ) ;
#142 = ORIENTED_EDGE ( 'NONE', *, *, #699, .T. ) ;
#143 = LINE ( 'NONE', #813, #419 ) ;
#144 = ORIENTED_EDGE ( 'NONE', *, *, #285, .T. ) ;
#145 = FACE_OUTER_BOUND ( 'NONE', #969, .T. ) ;
#146 = CARTESIAN_POINT ( 'NONE',  ( -8.557362060151588068, -0.000000000000000000, 1.343204658989192612 ) ) ;
#147 = DIRECTION ( 'NONE',  ( -1.000000000000000000, 0.000000000000000000, -0.000000000000000000 ) ) ;
#148 = ORIENTED_EDGE ( 'NONE', *, *, #1729, .T. ) ;
#149 = EDGE_CURVE ( 'NONE', #1716, #1022, #1707, .T. ) ;
#150 = CARTESIAN_POINT ( 'NONE',  ( -15.59999999999999964, 0.000000000000000000, 6.000000000000000000 ) ) ;
#151 = EDGE_CURVE ( 'NONE', #1101, #1563, #235, .T. ) ;
#152 = ORIENTED_EDGE ( 'NONE', *, *, #184, .F. ) ;
#153 = CARTESIAN_POINT ( 'NONE',  ( 31.00000000000000000, 70.49999999999998579, 3.000000000000000000 ) ) ;
#154 = CARTESIAN_POINT ( 'NONE',  ( -9.000000000000000000, -6.000000000000000152E-06, 1.299999999999999600 ) ) ;
#155 = CARTESIAN_POINT ( 'NONE',  ( 31.60000000000000142, -1.200000000000000030E-05, 1.409402627941315211 ) ) ;
#156 = ORIENTED_EDGE ( 'NONE', *, *, #859, .T. ) ;
#157 = CIRCLE ( 'NONE', #362, 1.700000000000000178 ) ;
#158 = VECTOR ( 'NONE', #1069, 1000.000000000000000 ) ;
#159 = FACE_OUTER_BOUND ( 'NONE', #1083, .T. ) ;
#160 = ORIENTED_EDGE ( 'NONE', *, *, #1657, .F. ) ;
#161 = AXIS2_PLACEMENT_3D ( 'NONE', #283, #1749, #1222 ) ;
#162 = EDGE_CURVE ( 'NONE', #657, #85, #619, .T. ) ;
#163 = EDGE_LOOP ( 'NONE', ( #1647, #436, #1352, #679 ) ) ;
#164 = DIRECTION ( 'NONE',  ( 0.000000000000000000, -1.000000000000000000, 0.000000000000000000 ) ) ;
#165 = DIRECTION ( 'NONE',  ( 0.000000000000000000, -0.000000000000000000, 1.000000000000000000 ) ) ;
#166 = PERSON_AND_ORGANIZATION ( #1429, #1382 ) ;
#167 = VERTEX_POINT ( 'NONE', #1304 ) ;
#168 = LINE ( 'NONE', #565, #1293 ) ;
#169 = ORIENTED_EDGE ( 'NONE', *, *, #1717, .F. ) ;
#170 = VERTEX_POINT ( 'NONE', #340 ) ;
#171 = EDGE_CURVE ( 'NONE', #1191, #47, #900, .T. ) ;
#172 = DIRECTION ( 'NONE',  ( 0.000000000000000000, 0.000000000000000000, -1.000000000000000000 ) ) ;
#173 = EDGE_CURVE ( 'NONE', #1246, #1285, #1450, .T. ) ;
#174 = CARTESIAN_POINT ( 'NONE',  ( -7.343333099005222131, 0.000000000000000000, 2.557415261748959612 ) ) ;
#175 = ORIENTED_EDGE ( 'NONE', *, *, #711, .F. ) ;
#176 = FACE_OUTER_BOUND ( 'NONE', #197, .T. ) ;
#177 = ORIENTED_EDGE ( 'NONE', *, *, #1420, .T. ) ;
#178 = ORIENTED_EDGE ( 'NONE', *, *, #1506, .T. ) ;
#179 = LINE ( 'NONE', #1381, #703 ) ;
#180 = EDGE_CURVE ( 'NONE', #233, #1614, #1261, .T. ) ;
#181 = CARTESIAN_POINT ( 'NONE',  ( -11.59999999999999964, 52.50000000000000000, 6.000000000000000000 ) ) ;
#182 = DATE_TIME_ROLE ( 'creation_date' ) ;
#183 = VERTEX_POINT ( 'NONE', #512 ) ;
#184 = EDGE_CURVE ( 'NONE', #1600, #519, #262, .T. ) ;
#185 = DIRECTION ( 'NONE',  ( 1.000000000000000000, 0.000000000000000000, 0.000000000000000000 ) ) ;
#186 = ORIENTED_EDGE ( 'NONE', *, *, #149, .T. ) ;
#187 = VECTOR ( 'NONE', #282, 1000.000000000000000 ) ;
#188 = VECTOR ( 'NONE', #1133, 1000.000000000000000 ) ;
#189 = ORIENTED_EDGE ( 'NONE', *, *, #1335, .F. ) ;
#190 = AXIS2_PLACEMENT_3D ( 'NONE', #1498, #265, #835 ) ;
#191 = LOCAL_TIME ( 12, 1, 50.00000000000000000, #222 ) ;
#192 = DIRECTION ( 'NONE',  ( -0.000000000000000000, -1.000000000000000000, -0.000000000000000000 ) ) ;
#193 = LINE ( 'NONE', #887, #1719 ) ;
#194 = ORIENTED_EDGE ( 'NONE', *, *, #882, .F. ) ;
#195 = EDGE_CURVE ( 'NONE', #456, #275, #1377, .T. ) ;
#196 = DIRECTION ( 'NONE',  ( 0.000000000000000000, 0.000000000000000000, 1.000000000000000000 ) ) ;
#197 = EDGE_LOOP ( 'NONE', ( #54, #1499, #1538, #522 ) ) ;
#198 = DIRECTION ( 'NONE',  ( -0.000000000000000000, -0.000000000000000000, 1.000000000000000000 ) ) ;
#199 = LINE ( 'NONE', #1280, #1186 ) ;
#200 = CARTESIAN_POINT ( 'NONE',  ( -21.00000000000000000, 0.000000000000000000, 24.00000000000000000 ) ) ;
#201 = ORIENTED_EDGE ( 'NONE', *, *, #162, .T. ) ;
#202 = CARTESIAN_POINT ( 'NONE',  ( -10.70006951123579597, -0.000000000000000000, 3.225083994886819738 ) ) ;
#203 = PLANE ( 'NONE',  #1015 ) ;
#204 = ORIENTED_EDGE ( 'NONE', *, *, #1670, .F. ) ;
#205 = CARTESIAN_POINT ( 'NONE',  ( 31.00000000000000000, -6.000000000000000152E-06, 22.70000000000000284 ) ) ;
#206 = ADVANCED_FACE ( 'NONE', ( #97 ), #473, .F. ) ;
#207 = CARTESIAN_POINT ( 'NONE',  ( -21.00000000000000000, 0.000000000000000000, 24.00000000000000000 ) ) ;
#208 = FACE_OUTER_BOUND ( 'NONE', #670, .T. ) ;
#209 = ORIENTED_EDGE ( 'NONE', *, *, #90, .F. ) ;
#210 = DIRECTION ( 'NONE',  ( -0.000000000000000000, -1.000000000000000000, -0.000000000000000000 ) ) ;
#211 = PLANE ( 'NONE',  #220 ) ;
#212 = VERTEX_POINT ( 'NONE', #1014 ) ;
#213 = VECTOR ( 'NONE', #876, 1000.000000000000000 ) ;
#214 = AXIS2_PLACEMENT_3D ( 'NONE', #1462, #1057, #1618 ) ;
#215 = DIRECTION ( 'NONE',  ( 1.000000000000000000, 0.000000000000000000, 0.000000000000000000 ) ) ;
#216 = CARTESIAN_POINT ( 'NONE',  ( 32.04297226076235461, -0.000000000000000000, 19.63871090099589978 ) ) ;
#217 = AXIS2_PLACEMENT_3D ( 'NONE', #280, #701, #825 ) ;
#218 = DIRECTION ( 'NONE',  ( -0.000000000000000000, -0.000000000000000000, -1.000000000000000000 ) ) ;
#219 = EDGE_CURVE ( 'NONE', #183, #978, #1556, .T. ) ;
#220 = AXIS2_PLACEMENT_3D ( 'NONE', #883, #63, #736 ) ;
#221 = CARTESIAN_POINT ( 'NONE',  ( -10.48452350954348766, -0.000000000000000000, 21.85853893179036689 ) ) ;
#222 = COORDINATED_UNIVERSAL_TIME_OFFSET ( 5, 0, .BEHIND. ) ;
#223 = VERTEX_POINT ( 'NONE', #1725 ) ;
#224 = CC_DESIGN_APPROVAL ( #1466, ( #18 ) ) ;
#225 = CARTESIAN_POINT ( 'NONE',  ( 0.000000000000000000, 49.50000000000000000, 6.000000000000000000 ) ) ;
#226 = DIRECTION ( 'NONE',  ( -0.000000000000000000, -0.000000000000000000, 1.000000000000000000 ) ) ;
#227 = EDGE_LOOP ( 'NONE', ( #856, #1449, #552, #576, #1635, #1679, #586, #177, #1357, #751, #1177, #910 ) ) ;
#228 = LINE ( 'NONE', #1340, #158 ) ;
#229 = CARTESIAN_POINT ( 'NONE',  ( -21.00000000000000000, 71.00000000000000000, 6.000000000000000000 ) ) ;
#230 = EDGE_CURVE ( 'NONE', #1623, #783, #27, .T. ) ;
#231 = DIRECTION ( 'NONE',  ( 0.000000000000000000, -0.000000000000000000, 1.000000000000000000 ) ) ;
#232 = PERSON_AND_ORGANIZATION_ROLE ( 'classification_officer' ) ;
#233 = VERTEX_POINT ( 'NONE', #947 ) ;
#234 = ADVANCED_FACE ( 'NONE', ( #122 ), #541, .F. ) ;
#235 = LINE ( 'NONE', #772, #729 ) ;
#236 = CARTESIAN_POINT ( 'NONE',  ( 43.00000000000000000, 0.000000000000000000, 24.00000000000000000 ) ) ;
#237 = VERTEX_POINT ( 'NONE', #393 ) ;
#238 = FACE_OUTER_BOUND ( 'NONE', #647, .T. ) ;
#239 = CARTESIAN_POINT ( 'NONE',  ( 0.000000000000000000, 57.50000000000000000, 0.000000000000000000 ) ) ;
#240 = EDGE_CURVE ( 'NONE', #1727, #288, #550, .T. ) ;
#241 = ORIENTED_EDGE ( 'NONE', *, *, #990, .T. ) ;
#242 = DIRECTION ( 'NONE',  ( -1.000000000000000000, 0.000000000000000000, 0.000000000000000000 ) ) ;
#243 = LINE ( 'NONE', #789, #1238 ) ;
#244 = EDGE_CURVE ( 'NONE', #1702, #812, #1479, .T. ) ;
#245 = ORIENTED_EDGE ( 'NONE', *, *, #1335, .T. ) ;
#246 = CARTESIAN_POINT ( 'NONE',  ( 31.60000000000000142, 52.50000000000000000, -1.200000000000000030E-05 ) ) ;
#247 = VECTOR ( 'NONE', #426, 1000.000000000000000 ) ;
#248 = AXIS2_PLACEMENT_3D ( 'NONE', #851, #414, #172 ) ;
#249 = LINE ( 'NONE', #818, #443 ) ;
#250 = VECTOR ( 'NONE', #226, 1000.000000000000000 ) ;
#251 = CARTESIAN_POINT ( 'NONE',  ( 31.22525195654806041, 0.000000000000000000, 4.699999999999999289 ) ) ;
#252 = DIRECTION ( 'NONE',  ( 0.000000000000000000, 0.000000000000000000, 1.000000000000000000 ) ) ;
#253 = VERTEX_POINT ( 'NONE', #1221 ) ;
#254 = EDGE_CURVE ( 'NONE', #253, #456, #1073, .T. ) ;
#255 = DIRECTION ( 'NONE',  ( -1.000000000000000000, 0.000000000000000000, 0.000000000000000000 ) ) ;
#256 = LINE ( 'NONE', #138, #1208 ) ;
#257 = CARTESIAN_POINT ( 'NONE',  ( -8.774748043452314405, 0.000000000000000000, 4.699999999999999289 ) ) ;
#258 = CARTESIAN_POINT ( 'NONE',  ( 31.00000000000000355, -6.000000000000000152E-06, 1.299999999999999600 ) ) ;
#259 = VERTEX_POINT ( 'NONE', #116 ) ;
#260 = DIRECTION ( 'NONE',  ( 0.000000000000000000, 1.000000000000000000, 0.000000000000000000 ) ) ;
#261 = EDGE_CURVE ( 'NONE', #1456, #629, #1617, .T. ) ;
#262 = B_SPLINE_CURVE_WITH_KNOTS ( 'NONE', 3,
 ( #379, #1442, #62, #1714, #371, #752, #611, #1421, #1146, #202, #1700, #487, #781, #1023, #911, #1564, #889, #494 ),
 .UNSPECIFIED., .F., .F.,
 ( 4, 2, 2, 2, 2, 2, 2, 2, 4 ),
 ( 0.5000000000000000000, 0.5625000000000000000, 0.6249999999999998890, 0.6874999999999998890, 0.7499999999999997780, 0.8124999999999997780, 0.8749999999999997780, 0.9374999999999998890, 1.000000000000000000 ),
 .UNSPECIFIED. ) ;
#263 = FACE_BOUND ( 'NONE', #89, .T. ) ;
#264 = CARTESIAN_POINT ( 'NONE',  ( -8.774748043452314405, 0.000000000000000000, 22.70000000000000639 ) ) ;
#265 = DIRECTION ( 'NONE',  ( -1.000000000000000000, 0.000000000000000000, 0.000000000000000000 ) ) ;
#266 = ORIENTED_EDGE ( 'NONE', *, *, #423, .F. ) ;
#267 = CARTESIAN_POINT ( 'NONE',  ( 35.60000000000000142, 67.50000000000000000, 6.000000000000000000 ) ) ;
#268 = ORIENTED_EDGE ( 'NONE', *, *, #1203, .T. ) ;
#269 = EDGE_CURVE ( 'NONE', #519, #1600, #1386, .T. ) ;
#270 = DIRECTION ( 'NONE',  ( 0.000000000000000000, -1.000000000000000000, 0.000000000000000000 ) ) ;
#271 = AXIS2_PLACEMENT_3D ( 'NONE', #667, #1072, #121 ) ;
#272 = VECTOR ( 'NONE', #970, 1000.000000000000000 ) ;
#273 = CARTESIAN_POINT ( 'NONE',  ( -9.000000000000000000, -6.000000000000000152E-06, 4.699999999999999289 ) ) ;
#274 = CARTESIAN_POINT ( 'NONE',  ( -9.000000000000000000, -6.000000000000000152E-06, 1.299999999999999600 ) ) ;
#275 = VERTEX_POINT ( 'NONE', #1106 ) ;
#276 = VECTOR ( 'NONE', #811, 1000.000000000000000 ) ;
#277 = LINE ( 'NONE', #295, #816 ) ;
#278 = ORIENTED_EDGE ( 'NONE', *, *, #1730, .T. ) ;
#279 = ORIENTED_EDGE ( 'NONE', *, *, #1140, .T. ) ;
#280 = CARTESIAN_POINT ( 'NONE',  ( 31.00000000000000000, 70.49999999999998579, 3.000000000000000000 ) ) ;
#281 = EDGE_CURVE ( 'NONE', #17, #401, #1134, .T. ) ;
#282 = DIRECTION ( 'NONE',  ( 1.000000000000000000, 0.000000000000000000, 0.000000000000000000 ) ) ;
#283 = CARTESIAN_POINT ( 'NONE',  ( 31.00000000000000000, 57.50000000000000000, 3.000000000000000000 ) ) ;
#284 = ORIENTED_EDGE ( 'NONE', *, *, #568, .F. ) ;
#285 = EDGE_CURVE ( 'NONE', #618, #497, #622, .T. ) ;
#286 = FACE_OUTER_BOUND ( 'NONE', #475, .T. ) ;
#287 = ORIENTED_EDGE ( 'NONE', *, *, #927, .F. ) ;
#288 = VERTEX_POINT ( 'NONE', #992 ) ;
#289 = CARTESIAN_POINT ( 'NONE',  ( -9.000000000000000000, 70.49999999999998579, 3.000000000000000000 ) ) ;
#290 = CARTESIAN_POINT ( 'NONE',  ( -15.59999999999999964, 67.50000000000000000, -1.200000000000000030E-05 ) ) ;
#291 = FACE_OUTER_BOUND ( 'NONE', #759, .T. ) ;
#292 = ORIENTED_EDGE ( 'NONE', *, *, #184, .T. ) ;
#293 = PLANE ( 'NONE',  #1152 ) ;
#294 = EDGE_CURVE ( 'NONE', #1456, #1576, #1533, .T. ) ;
#295 = CARTESIAN_POINT ( 'NONE',  ( 43.00000000000000000, 8.000000000000000000, 24.00000000000000000 ) ) ;
#296 = VERTEX_POINT ( 'NONE', #38 ) ;
#297 = FACE_OUTER_BOUND ( 'NONE', #1667, .T. ) ;
#298 = CARTESIAN_POINT ( 'NONE',  ( -10.50000000000000000, 49.50000000000000000, -1.200000000000000030E-05 ) ) ;
#299 = DIRECTION ( 'NONE',  ( 0.000000000000000000, -0.000000000000000000, -1.000000000000000000 ) ) ;
#300 = ORIENTED_EDGE ( 'NONE', *, *, #1457, .T. ) ;
#301 = AXIS2_PLACEMENT_3D ( 'NONE', #1513, #730, #1001 ) ;
#302 = VECTOR ( 'NONE', #352, 1000.000000000000000 ) ;
#303 = DIRECTION ( 'NONE',  ( 0.000000000000000000, -1.000000000000000000, 0.000000000000000000 ) ) ;
#304 = VERTEX_POINT ( 'NONE', #1645 ) ;
#305 = ADVANCED_FACE ( 'NONE', ( #971 ), #964, .F. ) ;
#306 = VECTOR ( 'NONE', #590, 1000.000000000000000 ) ;
#307 = ORIENTED_EDGE ( 'NONE', *, *, #180, .F. ) ;
#308 = B_SPLINE_CURVE_WITH_KNOTS ( 'NONE', 3,
 ( #205, #738, #1149, #343, #893, #1162, #885, #1286, #74, #1703, #490, #1436, #1297, #216, #86, #633, #583, #1536 ),
 .UNSPECIFIED., .F., .F.,
 ( 4, 2, 2, 2, 2, 2, 2, 2, 4 ),
 ( -3.330669073875469621E-16, 0.06249999999999975020, 0.1249999999999998335, 0.1874999999999999167, 0.2500000000000000000, 0.3125000000000001110, 0.3750000000000001665, 0.4375000000000002220, 0.5000000000000003331 ),
 .UNSPECIFIED. ) ;
#309 = CARTESIAN_POINT ( 'NONE',  ( 35.60000000000000142, 52.50000000000000000, -1.200000000000000030E-05 ) ) ;
#310 = CARTESIAN_POINT ( 'NONE',  ( 30.55741526174577771, -0.000000000000000000, 19.34333309900654285 ) ) ;
#311 =( NAMED_UNIT ( * ) PLANE_ANGLE_UNIT ( ) SI_UNIT ( $, .RADIAN. ) );
#312 = EDGE_LOOP ( 'NONE', ( #1468, #440, #148, #654 ) ) ;
#313 = CARTESIAN_POINT ( 'NONE',  ( 31.00000000000000000, -1.200000000000000030E-05, 3.000000000000000000 ) ) ;
#314 = VERTEX_POINT ( 'NONE', #860 ) ;
#315 = ORIENTED_EDGE ( 'NONE', *, *, #919, .T. ) ;
#316 = CARTESIAN_POINT ( 'NONE',  ( 31.60000000000000142, 67.50000000000000000, 0.000000000000000000 ) ) ;
#317 = EDGE_CURVE ( 'NONE', #1527, #23, #1363, .T. ) ;
#318 = CARTESIAN_POINT ( 'NONE',  ( -9.000000000000000000, -1.200000000000000030E-05, 22.70000000000000284 ) ) ;
#319 = PERSON_AND_ORGANIZATION ( #1429, #1382 ) ;
#320 = VERTEX_POINT ( 'NONE', #1665 ) ;
#321 = DIRECTION ( 'NONE',  ( 0.000000000000000000, 0.000000000000000000, 1.000000000000000000 ) ) ;
#322 = ORIENTED_EDGE ( 'NONE', *, *, #882, .T. ) ;
#323 = ORIENTED_EDGE ( 'NONE', *, *, #1684, .T. ) ;
#324 = CARTESIAN_POINT ( 'NONE',  ( -15.59999999999999964, 52.50000000000000000, -1.200000000000000030E-05 ) ) ;
#325 = EDGE_CURVE ( 'NONE', #223, #1136, #579, .T. ) ;
#326 = CARTESIAN_POINT ( 'NONE',  ( -10.48439506952756339, 0.000000000000000000, 20.14151426980620840 ) ) ;
#327 = ORIENTED_EDGE ( 'NONE', *, *, #1048, .F. ) ;
#328 = CIRCLE ( 'NONE', #1204, 1.700000000000000178 ) ;
#329 = CARTESIAN_POINT ( 'NONE',  ( 31.60000000000000142, 52.50000000000000000, 0.000000000000000000 ) ) ;
#330 = LINE ( 'NONE', #1412, #1634 ) ;
#331 = ORIENTED_EDGE ( 'NONE', *, *, #111, .T. ) ;
#332 = VECTOR ( 'NONE', #833, 1000.000000000000000 ) ;
#333 = VECTOR ( 'NONE', #382, 1000.000000000000000 ) ;
#334 = LINE ( 'NONE', #1006, #442 ) ;
#335 = AXIS2_PLACEMENT_3D ( 'NONE', #717, #1374, #584 ) ;
#336 = DIRECTION ( 'NONE',  ( 0.000000000000000000, 0.000000000000000000, -1.000000000000000000 ) ) ;
#337 = DIRECTION ( 'NONE',  ( -0.000000000000000000, -0.000000000000000000, 1.000000000000000000 ) ) ;
#338 = FACE_OUTER_BOUND ( 'NONE', #1132, .T. ) ;
#339 = ORIENTED_EDGE ( 'NONE', *, *, #1084, .T. ) ;
#340 = CARTESIAN_POINT ( 'NONE',  ( -15.59999999999999964, 67.50000000000000000, 0.000000000000000000 ) ) ;
#341 = DIRECTION ( 'NONE',  ( -0.000000000000000000, 1.000000000000000000, -0.000000000000000000 ) ) ;
#342 = ORIENTED_EDGE ( 'NONE', *, *, #1175, .F. ) ;
#343 = CARTESIAN_POINT ( 'NONE',  ( 31.85853893179215746, -0.000000000000000000, 22.48452350954280732 ) ) ;
#344 = LINE ( 'NONE', #1437, #1044 ) ;
#345 = CARTESIAN_POINT ( 'NONE',  ( -9.858653920126698722, 0.000000000000000000, 22.48432534211531575 ) ) ;
#346 = MECHANICAL_CONTEXT ( 'NONE', #1333, 'mechanical' ) ;
#347 = EDGE_LOOP ( 'NONE', ( #418, #1311, #1535, #727 ) ) ;
#348 = DIRECTION ( 'NONE',  ( 0.000000000000000000, 1.000000000000000000, 0.000000000000000000 ) ) ;
#349 = DIRECTION ( 'NONE',  ( -1.000000000000000000, 0.000000000000000000, -0.000000000000000000 ) ) ;
#350 = VERTEX_POINT ( 'NONE', #1397 ) ;
#351 = EDGE_CURVE ( 'NONE', #719, #1576, #46, .T. ) ;
#352 = DIRECTION ( 'NONE',  ( 1.000000000000000000, 0.000000000000000000, 0.000000000000000000 ) ) ;
#353 = CARTESIAN_POINT ( 'NONE',  ( -11.59999999999999964, 0.000000000000000000, -0.000000000000000000 ) ) ;
#354 = PLANE ( 'NONE',  #1720 ) ;
#355 = CARTESIAN_POINT ( 'NONE',  ( -10.65679534101080783, -0.000000000000000000, 20.55736206015248868 ) ) ;
#356 = DATE_TIME_ROLE ( 'classification_date' ) ;
#357 = ORIENTED_EDGE ( 'NONE', *, *, #819, .F. ) ;
#358 = DIRECTION ( 'NONE',  ( 1.000000000000000000, -0.000000000000000000, 0.000000000000000000 ) ) ;
#359 = LINE ( 'NONE', #236, #1663 ) ;
#360 = EDGE_LOOP ( 'NONE', ( #428, #1295, #888, #1676 ) ) ;
#361 = VECTOR ( 'NONE', #761, 1000.000000000000000 ) ;
#362 = AXIS2_PLACEMENT_3D ( 'NONE', #1595, #1611, #524 ) ;
#363 = FACE_OUTER_BOUND ( 'NONE', #489, .T. ) ;
#364 = EDGE_CURVE ( 'NONE', #170, #1727, #1265, .T. ) ;
#365 = VECTOR ( 'NONE', #599, 1000.000000000000000 ) ;
#366 = DIRECTION ( 'NONE',  ( -0.000000000000000000, 1.000000000000000000, 0.000000000000000000 ) ) ;
#367 = AXIS2_PLACEMENT_3D ( 'NONE', #744, #464, #457 ) ;
#368 = ADVANCED_FACE ( 'NONE', ( #1241 ), #1674, .F. ) ;
#369 = DIRECTION ( 'NONE',  ( 0.000000000000000000, -1.000000000000000000, 0.000000000000000000 ) ) ;
#370 = VERTEX_POINT ( 'NONE', #181 ) ;
#371 = CARTESIAN_POINT ( 'NONE',  ( -10.04287395703110519, 0.000000000000000000, 1.638809204729789970 ) ) ;
#372 = LINE ( 'NONE', #912, #1493 ) ;
#373 = ORIENTED_EDGE ( 'NONE', *, *, #688, .F. ) ;
#374 = PLANE ( 'NONE',  #1348 ) ;
#375 = CC_DESIGN_PERSON_AND_ORGANIZATION_ASSIGNMENT ( #319, #861, ( #800 ) ) ;
#376 = EDGE_CURVE ( 'NONE', #105, #1529, #1234, .T. ) ;
#377 = CARTESIAN_POINT ( 'NONE',  ( 31.60000000000000142, 52.50000000000000000, 1.409402627941314767 ) ) ;
#378 = ORIENTED_EDGE ( 'NONE', *, *, #1299, .F. ) ;
#379 = CARTESIAN_POINT ( 'NONE',  ( -9.000000000000000000, -6.000000000000000152E-06, 1.299999999999999600 ) ) ;
#380 = CARTESIAN_POINT ( 'NONE',  ( 31.00000000000000000, -6.000000000000000152E-06, 4.699999999999999289 ) ) ;
#381 = ORIENTED_EDGE ( 'NONE', *, *, #769, .T. ) ;
#382 = DIRECTION ( 'NONE',  ( 1.000000000000000000, -0.000000000000000000, 0.000000000000000000 ) ) ;
#383 = DIRECTION ( 'NONE',  ( 0.000000000000000000, 1.000000000000000000, 0.000000000000000000 ) ) ;
#384 = EDGE_CURVE ( 'NONE', #629, #719, #1542, .T. ) ;
#385 = CARTESIAN_POINT ( 'NONE',  ( -8.774916005114079098, -0.000000000000000000, 19.30006951123579739 ) ) ;
#386 = FACE_BOUND ( 'NONE', #922, .T. ) ;
#387 = ORIENTED_EDGE ( 'NONE', *, *, #1366, .F. ) ;
#388 = CARTESIAN_POINT ( 'NONE',  ( 31.60000000000000142, 57.50000000000000000, -1.200000000000000030E-05 ) ) ;
#389 = VECTOR ( 'NONE', #1250, 1000.000000000000000 ) ;
#390 = AXIS2_PLACEMENT_3D ( 'NONE', #153, #569, #1029 ) ;
#391 = CARTESIAN_POINT ( 'NONE',  ( -10.50000000000000000, 49.50000000000000000, -1.200000000000000030E-05 ) ) ;
#392 = VECTOR ( 'NONE', #1616, 1000.000000000000000 ) ;
#393 = CARTESIAN_POINT ( 'NONE',  ( -15.59999999999999964, 52.50000000000000000, 6.000000000000000000 ) ) ;
#394 = LINE ( 'NONE', #1066, #250 ) ;
#395 = ORIENTED_EDGE ( 'NONE', *, *, #605, .T. ) ;
#396 = EDGE_CURVE ( 'NONE', #875, #1022, #570, .T. ) ;
#397 = DIRECTION ( 'NONE',  ( 0.000000000000000000, 0.000000000000000000, 1.000000000000000000 ) ) ;
#398 = CARTESIAN_POINT ( 'NONE',  ( -10.50000000000000000, 49.50000000000000000, -1.200000000000000030E-05 ) ) ;
#399 = CARTESIAN_POINT ( 'NONE',  ( -8.141461068210002594, -0.000000000000000000, 22.48452350954385892 ) ) ;
#400 = DIRECTION ( 'NONE',  ( -0.000000000000000000, -0.000000000000000000, -1.000000000000000000 ) ) ;
#401 = VERTEX_POINT ( 'NONE', #1113 ) ;
#402 = CARTESIAN_POINT ( 'NONE',  ( 31.60000000000000142, 57.50000000000000000, 0.000000000000000000 ) ) ;
#403 = EDGE_CURVE ( 'NONE', #137, #1671, #1680, .T. ) ;
#404 = ORIENTED_EDGE ( 'NONE', *, *, #459, .T. ) ;
#405 = DIRECTION ( 'NONE',  ( 0.000000000000000000, -1.000000000000000000, 0.000000000000000000 ) ) ;
#406 = CARTESIAN_POINT ( 'NONE',  ( 32.04297226076235461, -0.000000000000000000, 1.638710900995895781 ) ) ;
#407 = MANIFOLD_SOLID_BREP ( 'Servo_foot_M3', #977 ) ;
#408 = LINE ( 'NONE', #551, #1724 ) ;
#409 = ORIENTED_EDGE ( 'NONE', *, *, #1729, .F. ) ;
#410 = DIRECTION ( 'NONE',  ( 0.000000000000000000, 0.000000000000000000, -1.000000000000000000 ) ) ;
#411 = ORIENTED_EDGE ( 'NONE', *, *, #219, .T. ) ;
#412 = ADVANCED_FACE ( 'NONE', ( #635, #777, #80, #1685, #1010 ), #617, .F. ) ;
#413 = ORIENTED_EDGE ( 'NONE', *, *, #1235, .T. ) ;
#414 = DIRECTION ( 'NONE',  ( 1.000000000000000000, -0.000000000000000000, 0.000000000000000000 ) ) ;
#415 = VECTOR ( 'NONE', #1453, 1000.000000000000000 ) ;
#416 = CARTESIAN_POINT ( 'NONE',  ( -9.000000000000000000, -1.200000000000000030E-05, 1.300000000000000044 ) ) ;
#417 = DIRECTION ( 'NONE',  ( -0.000000000000000000, 1.000000000000000000, -0.000000000000000000 ) ) ;
#418 = ORIENTED_EDGE ( 'NONE', *, *, #396, .F. ) ;
#419 = VECTOR ( 'NONE', #975, 1000.000000000000000 ) ;
#420 = CARTESIAN_POINT ( 'NONE',  ( 43.00000000000000000, 0.000000000000000000, 0.000000000000000000 ) ) ;
#421 = ORIENTED_EDGE ( 'NONE', *, *, #7, .F. ) ;
#422 = ORIENTED_EDGE ( 'NONE', *, *, #1224, .T. ) ;
#423 = EDGE_CURVE ( 'NONE', #698, #275, #59, .T. ) ;
#424 = FACE_OUTER_BOUND ( 'NONE', #1118, .T. ) ;
#425 = EDGE_CURVE ( 'NONE', #93, #891, #1309, .T. ) ;
#426 = DIRECTION ( 'NONE',  ( -0.000000000000000000, -0.000000000000000000, 1.000000000000000000 ) ) ;
#427 = CARTESIAN_POINT ( 'NONE',  ( 31.60000000000000142, 0.000000000000000000, 0.000000000000000000 ) ) ;
#428 = ORIENTED_EDGE ( 'NONE', *, *, #1410, .T. ) ;
#429 = LINE ( 'NONE', #150, #1323 ) ;
#430 = ORIENTED_EDGE ( 'NONE', *, *, #1268, .T. ) ;
#431 = ORIENTED_EDGE ( 'NONE', *, *, #396, .T. ) ;
#432 = CARTESIAN_POINT ( 'NONE',  ( 0.000000000000000000, 70.50000000000000000, 0.000000000000000000 ) ) ;
#433 = CARTESIAN_POINT ( 'NONE',  ( 35.60000000000000142, 0.000000000000000000, 0.000000000000000000 ) ) ;
#434 = LINE ( 'NONE', #1488, #1045 ) ;
#435 = ADVANCED_FACE ( 'NONE', ( #1705 ), #758, .F. ) ;
#436 = ORIENTED_EDGE ( 'NONE', *, *, #261, .F. ) ;
#437 = CARTESIAN_POINT ( 'NONE',  ( -9.000000000000000000, -1.200000000000000030E-05, 3.000000000000000000 ) ) ;
#438 = DIRECTION ( 'NONE',  ( 0.000000000000000000, 0.000000000000000000, -1.000000000000000000 ) ) ;
#439 = ORIENTED_EDGE ( 'NONE', *, *, #244, .F. ) ;
#440 = ORIENTED_EDGE ( 'NONE', *, *, #1594, .T. ) ;
#441 = CARTESIAN_POINT ( 'NONE',  ( 31.60000000000000142, 57.50000000000000000, 6.000000000000000000 ) ) ;
#442 = VECTOR ( 'NONE', #766, 1000.000000000000000 ) ;
#443 = VECTOR ( 'NONE', #683, 1000.000000000000000 ) ;
#444 = DIRECTION ( 'NONE',  ( 0.000000000000000000, 0.000000000000000000, 1.000000000000000000 ) ) ;
#445 = DATE_AND_TIME ( #1655, #108 ) ;
#446 = ORIENTED_EDGE ( 'NONE', *, *, #1530, .T. ) ;
#447 = VECTOR ( 'NONE', #886, 1000.000000000000000 ) ;
#448 = VECTOR ( 'NONE', #1500, 1000.000000000000000 ) ;
#449 = LINE ( 'NONE', #646, #509 ) ;
#450 = ORIENTED_EDGE ( 'NONE', *, *, #129, .T. ) ;
#451 = EDGE_CURVE ( 'NONE', #1332, #745, #1711, .T. ) ;
#452 = ORIENTED_EDGE ( 'NONE', *, *, #791, .F. ) ;
#453 = CARTESIAN_POINT ( 'NONE',  ( -10.50000000000000000, 70.50000000000000000, 0.000000000000000000 ) ) ;
#454 = CARTESIAN_POINT ( 'NONE',  ( 31.00000000000000000, 52.50000000000000000, 3.000000000000000000 ) ) ;
#455 = APPROVAL_ROLE ( '' ) ;
#456 = VERTEX_POINT ( 'NONE', #770 ) ;
#457 = DIRECTION ( 'NONE',  ( 0.000000000000000000, 0.000000000000000000, 1.000000000000000000 ) ) ;
#458 = EDGE_LOOP ( 'NONE', ( #1596, #1709, #664, #315, #1339, #1669, #381, #596, #1219, #786, #431, #591 ) ) ;
#459 = EDGE_CURVE ( 'NONE', #1125, #1368, #193, .T. ) ;
#460 = ORIENTED_EDGE ( 'NONE', *, *, #743, .F. ) ;
#461 = DIRECTION ( 'NONE',  ( -1.000000000000000000, -0.000000000000000000, -0.000000000000000000 ) ) ;
#462 = DIRECTION ( 'NONE',  ( 0.000000000000000000, -1.000000000000000000, 0.000000000000000000 ) ) ;
#463 = ORIENTED_EDGE ( 'NONE', *, *, #859, .F. ) ;
#464 = DIRECTION ( 'NONE',  ( -1.000000000000000000, 0.000000000000000000, 0.000000000000000000 ) ) ;
#465 = ORIENTED_EDGE ( 'NONE', *, *, #195, .T. ) ;
#466 = CARTESIAN_POINT ( 'NONE',  ( -15.59999999999999964, 57.50000000000000000, 6.000000000000000000 ) ) ;
#467 = EDGE_CURVE ( 'NONE', #320, #370, #510, .T. ) ;
#468 = FACE_BOUND ( 'NONE', #1607, .T. ) ;
#469 = EDGE_CURVE ( 'NONE', #629, #1456, #697, .T. ) ;
#470 = CARTESIAN_POINT ( 'NONE',  ( 29.51547649045614463, -0.000000000000000000, 21.85853893179037755 ) ) ;
#471 = DIRECTION ( 'NONE',  ( 1.000000000000000000, 0.000000000000000000, 0.000000000000000000 ) ) ;
#472 = ORIENTED_EDGE ( 'NONE', *, *, #627, .T. ) ;
#473 = PLANE ( 'NONE',  #702 ) ;
#474 = CARTESIAN_POINT ( 'NONE',  ( 31.60000000000000142, 62.50000000000000000, -1.200000000000000030E-05 ) ) ;
#475 = EDGE_LOOP ( 'NONE', ( #1034, #1419, #284, #829 ) ) ;
#476 = AXIS2_PLACEMENT_3D ( 'NONE', #655, #1740, #1487 ) ;
#477 = CIRCLE ( 'NONE', #872, 1.700000000000000178 ) ;
#478 = DIRECTION ( 'NONE',  ( -0.000000000000000000, 1.000000000000000000, 0.000000000000000000 ) ) ;
#479 = CIRCLE ( 'NONE', #1751, 1.700000000000000178 ) ;
#480 = AXIS2_PLACEMENT_3D ( 'NONE', #1011, #741, #723 ) ;
#481 = DIRECTION ( 'NONE',  ( -0.000000000000000000, 1.000000000000000000, -0.000000000000000000 ) ) ;
#482 = CARTESIAN_POINT ( 'NONE',  ( -10.04297226076378635, -0.000000000000000000, 22.36128909900304862 ) ) ;
#483 = CARTESIAN_POINT ( 'NONE',  ( 31.00000000000000000, -1.200000000000000030E-05, 21.00000000000000000 ) ) ;
#484 = ORIENTED_EDGE ( 'NONE', *, *, #364, .T. ) ;
#485 = ADVANCED_FACE ( 'NONE', ( #208 ), #628, .F. ) ;
#486 = DESIGN_CONTEXT ( 'detailed design', #1425, 'design' ) ;
#487 = CARTESIAN_POINT ( 'NONE',  ( -10.48452350954348766, -0.000000000000000000, 3.858538931790370885 ) ) ;
#488 = FACE_OUTER_BOUND ( 'NONE', #1511, .T. ) ;
#489 = EDGE_LOOP ( 'NONE', ( #733, #1026, #1365, #1402 ) ) ;
#490 = CARTESIAN_POINT ( 'NONE',  ( 32.65666690099450875, 0.000000000000000000, 20.55741526174906397 ) ) ;
#491 = LINE ( 'NONE', #1568, #302 ) ;
#492 = DIRECTION ( 'NONE',  ( 0.000000000000000000, 0.000000000000000000, 1.000000000000000000 ) ) ;
#493 = ORIENTED_EDGE ( 'NONE', *, *, #1530, .F. ) ;
#494 = CARTESIAN_POINT ( 'NONE',  ( -9.000000000000000000, -6.000000000000000152E-06, 4.699999999999999289 ) ) ;
#495 = EDGE_CURVE ( 'NONE', #296, #1216, #1739, .T. ) ;
#496 = DIRECTION ( 'NONE',  ( 0.000000000000000000, 1.000000000000000000, 0.000000000000000000 ) ) ;
#497 = VERTEX_POINT ( 'NONE', #1063 ) ;
#498 = FACE_OUTER_BOUND ( 'NONE', #822, .T. ) ;
#499 = CARTESIAN_POINT ( 'NONE',  ( 30.55753025008650781, -0.000000000000000000, 22.65686506842306969 ) ) ;
#500 = ORIENTED_EDGE ( 'NONE', *, *, #403, .F. ) ;
#501 = DIRECTION ( 'NONE',  ( -1.000000000000000000, 0.000000000000000000, 0.000000000000000000 ) ) ;
#502 = CARTESIAN_POINT ( 'NONE',  ( 29.63871090099853589, -0.000000000000000000, 1.957027739232769292 ) ) ;
#503 = ORIENTED_EDGE ( 'NONE', *, *, #537, .T. ) ;
#504 = AXIS2_PLACEMENT_3D ( 'NONE', #1271, #478, #606 ) ;
#505 = AXIS2_PLACEMENT_3D ( 'NONE', #1041, #348, #1583 ) ;
#506 = DIRECTION ( 'NONE',  ( 0.000000000000000000, 0.000000000000000000, -1.000000000000000000 ) ) ;
#507 = EDGE_CURVE ( 'NONE', #1756, #875, #929, .T. ) ;
#508 = VECTOR ( 'NONE', #1664, 1000.000000000000000 ) ;
#509 = VECTOR ( 'NONE', #1459, 1000.000000000000000 ) ;
#510 = LINE ( 'NONE', #878, #760 ) ;
#511 = ORIENTED_EDGE ( 'NONE', *, *, #30, .F. ) ;
#512 = CARTESIAN_POINT ( 'NONE',  ( -21.00000000000000000, 71.00000000000000000, 0.000000000000000000 ) ) ;
#513 = CARTESIAN_POINT ( 'NONE',  ( 30.77491600511332948, 0.000000000000000000, 1.299930488764205805 ) ) ;
#514 = ORIENTED_EDGE ( 'NONE', *, *, #838, .T. ) ;
#515 = DIRECTION ( 'NONE',  ( -0.000000000000000000, -0.000000000000000000, 1.000000000000000000 ) ) ;
#516 = ADVANCED_FACE ( 'NONE', ( #533, #1197, #263 ), #1336, .F. ) ;
#517 = DIRECTION ( 'NONE',  ( 0.000000000000000000, 0.000000000000000000, 1.000000000000000000 ) ) ;
#518 = SHAPE_DEFINITION_REPRESENTATION ( #1359, #136 ) ;
#519 = VERTEX_POINT ( 'NONE', #924 ) ;
#520 = CARTESIAN_POINT ( 'NONE',  ( -7.343204658989564315, -0.000000000000000000, 21.44263793984915623 ) ) ;
#521 = CARTESIAN_POINT ( 'NONE',  ( -11.59999999999999964, 62.50000000000000000, -8.271806125530276749E-22 ) ) ;
#522 = ORIENTED_EDGE ( 'NONE', *, *, #1189, .F. ) ;
#523 = DIRECTION ( 'NONE',  ( -0.000000000000000000, -0.000000000000000000, 1.000000000000000000 ) ) ;
#524 = DIRECTION ( 'NONE',  ( 0.000000000000000000, 0.000000000000000000, 1.000000000000000000 ) ) ;
#525 = ADVANCED_FACE ( 'NONE', ( #1202 ), #803, .F. ) ;
#526 = CARTESIAN_POINT ( 'NONE',  ( -7.300069511236165098, 0.000000000000000000, 21.22508399488502207 ) ) ;
#527 = DIRECTION ( 'NONE',  ( 0.000000000000000000, -1.000000000000000000, 0.000000000000000000 ) ) ;
#528 = ORIENTED_EDGE ( 'NONE', *, *, #129, .F. ) ;
#529 = LINE ( 'NONE', #1210, #1013 ) ;
#530 = VECTOR ( 'NONE', #501, 1000.000000000000000 ) ;
#531 = AXIS2_PLACEMENT_3D ( 'NONE', #95, #1408, #492 ) ;
#532 = VECTOR ( 'NONE', #215, 1000.000000000000000 ) ;
#533 = FACE_OUTER_BOUND ( 'NONE', #227, .T. ) ;
#534 = VECTOR ( 'NONE', #341, 1000.000000000000000 ) ;
#535 = CARTESIAN_POINT ( 'NONE',  ( -7.299930488763834546, -0.000000000000000000, 2.774916005114234530 ) ) ;
#536 = DIRECTION ( 'NONE',  ( 0.000000000000000000, -1.000000000000000000, 0.000000000000000000 ) ) ;
#537 = EDGE_CURVE ( 'NONE', #1136, #1095, #1731, .T. ) ;
#538 = ORIENTED_EDGE ( 'NONE', *, *, #1435, .F. ) ;
#539 = PLANE ( 'NONE',  #1406 ) ;
#540 = CARTESIAN_POINT ( 'NONE',  ( -9.000000000000000000, -6.000000000000000152E-06, 19.30000000000000071 ) ) ;
#541 = CYLINDRICAL_SURFACE ( 'NONE', #476, 1.700000000000000178 ) ;
#542 = LINE ( 'NONE', #1080, #1696 ) ;
#543 = ORIENTED_EDGE ( 'NONE', *, *, #1587, .T. ) ;
#544 = ADVANCED_FACE ( 'NONE', ( #1485 ), #1328, .F. ) ;
#545 = CARTESIAN_POINT ( 'NONE',  ( -15.59999999999999964, 62.50000000000000000, 6.000000000000000000 ) ) ;
#546 = ORIENTED_EDGE ( 'NONE', *, *, #1670, .T. ) ;
#547 = EDGE_CURVE ( 'NONE', #745, #96, #157, .T. ) ;
#548 = ORIENTED_EDGE ( 'NONE', *, *, #616, .T. ) ;
#549 = DIRECTION ( 'NONE',  ( 0.000000000000000000, -0.000000000000000000, -1.000000000000000000 ) ) ;
#550 = LINE ( 'NONE', #677, #187 ) ;
#551 = CARTESIAN_POINT ( 'NONE',  ( -15.59999999999999964, 0.000000000000000000, -0.000000000000000000 ) ) ;
#552 = ORIENTED_EDGE ( 'NONE', *, *, #857, .T. ) ;
#553 = DIRECTION ( 'NONE',  ( 0.000000000000000000, 0.000000000000000000, -1.000000000000000000 ) ) ;
#554 = ORIENTED_EDGE ( 'NONE', *, *, #1008, .T. ) ;
#555 = PRODUCT_RELATED_PRODUCT_CATEGORY ( 'detail', '', ( #937 ) ) ;
#556 = EDGE_CURVE ( 'NONE', #401, #1191, #946, .T. ) ;
#557 = ORIENTED_EDGE ( 'NONE', *, *, #151, .F. ) ;
#558 = LINE ( 'NONE', #1255, #1660 ) ;
#559 = VECTOR ( 'NONE', #383, 1000.000000000000000 ) ;
#560 = VECTOR ( 'NONE', #218, 1000.000000000000000 ) ;
#561 = CARTESIAN_POINT ( 'NONE',  ( 0.000000000000000000, 67.50000000000000000, 6.000000000000000000 ) ) ;
#562 = CARTESIAN_POINT ( 'NONE',  ( 31.19999999999999929, 49.50000000000000000, -1.200000000000000030E-05 ) ) ;
#563 = EDGE_LOOP ( 'NONE', ( #1315, #1108, #339, #1270 ) ) ;
#564 = PRODUCT_DEFINITION_FORMATION_WITH_SPECIFIED_SOURCE ( '�', '', #937, .NOT_KNOWN. ) ;
#565 = CARTESIAN_POINT ( 'NONE',  ( 31.60000000000000142, 0.000000000000000000, 0.000000000000000000 ) ) ;
#566 = ORIENTED_EDGE ( 'NONE', *, *, #915, .T. ) ;
#567 = VERTEX_POINT ( 'NONE', #1602 ) ;
#568 = EDGE_CURVE ( 'NONE', #1119, #1633, #979, .T. ) ;
#569 = DIRECTION ( 'NONE',  ( -0.000000000000000000, 1.000000000000000000, 0.000000000000000000 ) ) ;
#570 = LINE ( 'NONE', #298, #1464 ) ;
#571 = CARTESIAN_POINT ( 'NONE',  ( -15.59999999999999964, 67.50000000000000000, 6.000000000000000000 ) ) ;
#572 = ORIENTED_EDGE ( 'NONE', *, *, #195, .F. ) ;
#573 = CARTESIAN_POINT ( 'NONE',  ( 31.00000000000000000, 70.49999999999998579, 1.300000000000000044 ) ) ;
#574 = CARTESIAN_POINT ( 'NONE',  ( 0.000000000000000000, 57.50000000000000000, 6.000000000000000000 ) ) ;
#575 = ORIENTED_EDGE ( 'NONE', *, *, #403, .T. ) ;
#576 = ORIENTED_EDGE ( 'NONE', *, *, #1047, .F. ) ;
#577 = DIRECTION ( 'NONE',  ( -1.000000000000000000, 0.000000000000000000, -0.000000000000000000 ) ) ;
#578 = CC_DESIGN_PERSON_AND_ORGANIZATION_ASSIGNMENT ( #1398, #1675, ( #937 ) ) ;
#579 = LINE ( 'NONE', #561, #1009 ) ;
#580 = CARTESIAN_POINT ( 'NONE',  ( -9.000000000000000000, 49.50000000000000000, 4.700000000000000178 ) ) ;
#581 = VERTEX_POINT ( 'NONE', #809 ) ;
#582 = ADVANCED_FACE ( 'NONE', ( #940 ), #1478, .F. ) ;
#583 = CARTESIAN_POINT ( 'NONE',  ( 31.22508399488667763, -0.000000000000000000, 19.30006951123579739 ) ) ;
#584 = DIRECTION ( 'NONE',  ( 0.000000000000000000, -0.000000000000000000, -1.000000000000000000 ) ) ;
#585 = VERTEX_POINT ( 'NONE', #1588 ) ;
#586 = ORIENTED_EDGE ( 'NONE', *, *, #666, .T. ) ;
#587 = DIRECTION ( 'NONE',  ( 1.000000000000000000, -0.000000000000000000, 0.000000000000000000 ) ) ;
#588 = VECTOR ( 'NONE', #826, 1000.000000000000000 ) ;
#589 = CARTESIAN_POINT ( 'NONE',  ( -9.000000000000000000, 8.000000000000000000, 21.00000000000000000 ) ) ;
#590 = DIRECTION ( 'NONE',  ( 0.000000000000000000, -1.000000000000000000, 0.000000000000000000 ) ) ;
#591 = ORIENTED_EDGE ( 'NONE', *, *, #149, .F. ) ;
#592 = VECTOR ( 'NONE', #1369, 1000.000000000000000 ) ;
#593 = EDGE_CURVE ( 'NONE', #1567, #1441, #127, .T. ) ;
#594 = AXIS2_PLACEMENT_3D ( 'NONE', #132, #1620, #147 ) ;
#595 = CARTESIAN_POINT ( 'NONE',  ( 31.60000000000000142, 62.49999999999997868, 1.409402627941314767 ) ) ;
#596 = ORIENTED_EDGE ( 'NONE', *, *, #1496, .T. ) ;
#597 = LOCAL_TIME ( 12, 1, 50.00000000000000000, #601 ) ;
#598 = EDGE_LOOP ( 'NONE', ( #472, #1494, #278, #1742, #1640, #81 ) ) ;
#599 = DIRECTION ( 'NONE',  ( -0.000000000000000000, -0.000000000000000000, 1.000000000000000000 ) ) ;
#600 = CARTESIAN_POINT ( 'NONE',  ( -7.957027739236473884, -0.000000000000000000, 1.638710900996687148 ) ) ;
#601 = COORDINATED_UNIVERSAL_TIME_OFFSET ( 5, 0, .BEHIND. ) ;
#602 = ORIENTED_EDGE ( 'NONE', *, *, #1268, .F. ) ;
#603 = LINE ( 'NONE', #1678, #904 ) ;
#604 = ORIENTED_EDGE ( 'NONE', *, *, #955, .T. ) ;
#605 = EDGE_CURVE ( 'NONE', #585, #1227, #256, .T. ) ;
#606 = DIRECTION ( 'NONE',  ( 0.000000000000000000, -0.000000000000000000, 1.000000000000000000 ) ) ;
#607 = CARTESIAN_POINT ( 'NONE',  ( 31.00000000000000000, -1.200000000000000030E-05, 19.30000000000000071 ) ) ;
#608 = CARTESIAN_POINT ( 'NONE',  ( 29.95702773923763829, -0.000000000000000000, 22.36128909900410378 ) ) ;
#609 = CALENDAR_DATE ( 2026, 17, 9 ) ;
#610 = EDGE_LOOP ( 'NONE', ( #204, #951, #1699, #1207 ) ) ;
#611 = CARTESIAN_POINT ( 'NONE',  ( -10.48439506952756517, 0.000000000000000000, 2.141514269806949589 ) ) ;
#612 = CARTESIAN_POINT ( 'NONE',  ( 31.19999999999999929, 70.50000000000000000, 6.000000000000000000 ) ) ;
#613 = ORIENTED_EDGE ( 'NONE', *, *, #788, .T. ) ;
#614 = CARTESIAN_POINT ( 'NONE',  ( -10.50000000000000000, 70.50000000000000000, -1.200000000000000030E-05 ) ) ;
#615 = DIRECTION ( 'NONE',  ( -1.000000000000000000, 0.000000000000000000, 0.000000000000000000 ) ) ;
#616 = EDGE_CURVE ( 'NONE', #314, #350, #249, .T. ) ;
#617 = PLANE ( 'NONE',  #1603 ) ;
#618 = VERTEX_POINT ( 'NONE', #377 ) ;
#619 = LINE ( 'NONE', #1158, #814 ) ;
#620 = LINE ( 'NONE', #874, #534 ) ;
#621 = ORIENTED_EDGE ( 'NONE', *, *, #1035, .F. ) ;
#622 = CIRCLE ( 'NONE', #1347, 1.700000000000000178 ) ;
#623 = CIRCLE ( 'NONE', #1263, 1.700000000000000178 ) ;
#624 = CARTESIAN_POINT ( 'NONE',  ( 35.60000000000000142, 52.50000000000000711, -8.271806125530276749E-22 ) ) ;
#625 = VECTOR ( 'NONE', #527, 1000.000000000000000 ) ;
#626 = LINE ( 'NONE', #768, #188 ) ;
#627 = EDGE_CURVE ( 'NONE', #779, #1394, #675, .T. ) ;
#628 = PLANE ( 'NONE',  #841 ) ;
#629 = VERTEX_POINT ( 'NONE', #540 ) ;
#630 = CARTESIAN_POINT ( 'NONE',  ( 31.00000000000000355, -6.000000000000000152E-06, 19.30000000000000071 ) ) ;
#631 = CARTESIAN_POINT ( 'NONE',  ( 29.51547649045614463, -0.000000000000000000, 3.858538931790375770 ) ) ;
#632 = ORIENTED_EDGE ( 'NONE', *, *, #162, .F. ) ;
#633 = CARTESIAN_POINT ( 'NONE',  ( 31.44263793984766764, -0.000000000000000000, 19.34320465898919750 ) ) ;
#634 = CARTESIAN_POINT ( 'NONE',  ( 31.00000000000000000, 49.50000000000000000, 3.000000000000000000 ) ) ;
#635 = FACE_BOUND ( 'NONE', #998, .T. ) ;
#636 = ORIENTED_EDGE ( 'NONE', *, *, #688, .T. ) ;
#637 = CARTESIAN_POINT ( 'NONE',  ( 0.000000000000000000, 52.50000000000000000, 6.000000000000000000 ) ) ;
#638 = CARTESIAN_POINT ( 'NONE',  ( 29.29993048876346151, -0.000000000000000000, 3.225083994884121008 ) ) ;
#639 = EDGE_CURVE ( 'NONE', #1600, #943, #653, .T. ) ;
#640 = EDGE_LOOP ( 'NONE', ( #1723, #268, #918, #463 ) ) ;
#641 = CARTESIAN_POINT ( 'NONE',  ( 43.00000000000000000, 8.000000000000000000, 24.00000000000000000 ) ) ;
#642 = DIRECTION ( 'NONE',  ( -0.000000000000000000, -1.000000000000000000, -0.000000000000000000 ) ) ;
#643 = DATE_AND_TIME ( #1455, #1554 ) ;
#644 = ORIENTED_EDGE ( 'NONE', *, *, #1410, .F. ) ;
#645 = DIRECTION ( 'NONE',  ( 1.000000000000000000, -0.000000000000000000, 0.000000000000000000 ) ) ;
#646 = CARTESIAN_POINT ( 'NONE',  ( 31.60000000000000142, 0.000000000000000000, 6.000000000000000000 ) ) ;
#647 = EDGE_LOOP ( 'NONE', ( #884, #1553, #1156, #632 ) ) ;
#648 = EDGE_CURVE ( 'NONE', #1290, #288, #916, .T. ) ;
#649 = AXIS2_PLACEMENT_3D ( 'NONE', #391, #405, #549 ) ;
#650 = CARTESIAN_POINT ( 'NONE',  ( -9.000000000000000000, -1.200000000000000030E-05, 21.00000000000000000 ) ) ;
#651 = CIRCLE ( 'NONE', #15, 1.700000000000000178 ) ;
#652 = VECTOR ( 'NONE', #1147, 1000.000000000000000 ) ;
#653 = LINE ( 'NONE', #1220, #1438 ) ;
#654 = ORIENTED_EDGE ( 'NONE', *, *, #467, .T. ) ;
#655 = CARTESIAN_POINT ( 'NONE',  ( 31.00000000000000000, -1.200000000000000030E-05, 21.00000000000000000 ) ) ;
#656 = CARTESIAN_POINT ( 'NONE',  ( 35.60000000000000142, 0.000000000000000000, 6.000000000000000000 ) ) ;
#657 = VERTEX_POINT ( 'NONE', #453 ) ;
#658 = DIRECTION ( 'NONE',  ( 0.000000000000000000, -0.000000000000000000, -1.000000000000000000 ) ) ;
#659 = CC_DESIGN_DATE_AND_TIME_ASSIGNMENT ( #445, #182, ( #800 ) ) ;
#660 = CARTESIAN_POINT ( 'NONE',  ( -9.000000000000000000, 49.50000000000000000, 3.000000000000000000 ) ) ;
#661 = SECURITY_CLASSIFICATION_LEVEL ( 'unclassified' ) ;
#662 = CARTESIAN_POINT ( 'NONE',  ( -8.557362060151589844, -0.000000000000000000, 19.34320465898919750 ) ) ;
#663 = DIRECTION ( 'NONE',  ( 0.000000000000000000, 0.000000000000000000, -1.000000000000000000 ) ) ;
#664 = ORIENTED_EDGE ( 'NONE', *, *, #568, .T. ) ;
#665 = PLANE ( 'NONE',  #1237 ) ;
#666 = EDGE_CURVE ( 'NONE', #212, #1614, #840, .T. ) ;
#667 = CARTESIAN_POINT ( 'NONE',  ( 31.00000000000000000, -1.200000000000000030E-05, 3.000000000000000000 ) ) ;
#668 = CARTESIAN_POINT ( 'NONE',  ( -7.957126042969687063, 0.000000000000000000, 4.361190795271370213 ) ) ;
#669 = DIRECTION ( 'NONE',  ( 0.000000000000000000, 1.000000000000000000, 0.000000000000000000 ) ) ;
#670 = EDGE_LOOP ( 'NONE', ( #327, #866, #945, #1223, #450, #928 ) ) ;
#671 = PLANE ( 'NONE',  #77 ) ;
#672 = VECTOR ( 'NONE', #1192, 1000.000000000000000 ) ;
#673 = CIRCLE ( 'NONE', #1070, 1.700000000000000178 ) ;
#674 = VECTOR ( 'NONE', #1160, 1000.000000000000000 ) ;
#675 = LINE ( 'NONE', #1212, #102 ) ;
#676 = EDGE_CURVE ( 'NONE', #1368, #1716, #558, .T. ) ;
#677 = CARTESIAN_POINT ( 'NONE',  ( 0.000000000000000000, 67.50000000000000000, 6.000000000000000000 ) ) ;
#678 = DIRECTION ( 'NONE',  ( -0.000000000000000000, -1.000000000000000000, -0.000000000000000000 ) ) ;
#679 = ORIENTED_EDGE ( 'NONE', *, *, #351, .F. ) ;
#680 = DIRECTION ( 'NONE',  ( -1.000000000000000000, -0.000000000000000000, -0.000000000000000000 ) ) ;
#681 = ORIENTED_EDGE ( 'NONE', *, *, #469, .T. ) ;
#682 = ORIENTED_EDGE ( 'NONE', *, *, #605, .F. ) ;
#683 = DIRECTION ( 'NONE',  ( 0.000000000000000000, 1.000000000000000000, 0.000000000000000000 ) ) ;
#684 = CARTESIAN_POINT ( 'NONE',  ( 31.85848573019362817, 0.000000000000000000, 1.515604930472430167 ) ) ;
#685 = ADVANCED_FACE ( 'NONE', ( #297 ), #1532, .F. ) ;
#686 = DIRECTION ( 'NONE',  ( -0.000000000000000000, -0.000000000000000000, 1.000000000000000000 ) ) ;
#687 = ORIENTED_EDGE ( 'NONE', *, *, #30, .T. ) ;
#688 = EDGE_CURVE ( 'NONE', #1302, #567, #734, .T. ) ;
#689 = LINE ( 'NONE', #574, #795 ) ;
#690 = ORIENTED_EDGE ( 'NONE', *, *, #1477, .T. ) ;
#691 = ORIENTED_EDGE ( 'NONE', *, *, #755, .F. ) ;
#692 = CARTESIAN_POINT ( 'NONE',  ( 31.19999999999999929, 70.50000000000000000, 1.311805698386587116 ) ) ;
#693 = CARTESIAN_POINT ( 'NONE',  ( -9.000000000000000000, -1.200000000000000030E-05, 19.30000000000000071 ) ) ;
#694 = PLANE ( 'NONE',  #190 ) ;
#695 = ORIENTED_EDGE ( 'NONE', *, *, #1413, .T. ) ;
#696 = DIRECTION ( 'NONE',  ( 0.000000000000000000, 1.000000000000000000, 0.000000000000000000 ) ) ;
#697 = B_SPLINE_CURVE_WITH_KNOTS ( 'NONE', 3,
 ( #1164, #1417, #749, #909, #1049, #1281, #326, #355, #68, #896, #1155, #221, #1697, #482, #345, #1289, #1428, #1300 ),
 .UNSPECIFIED., .F., .F.,
 ( 4, 2, 2, 2, 2, 2, 2, 2, 4 ),
 ( 0.5000000000000000000, 0.5625000000000000000, 0.6250000000000000000, 0.6875000000000000000, 0.7500000000000000000, 0.8125000000000000000, 0.8750000000000000000, 0.9375000000000000000, 1.000000000000000000 ),
 .UNSPECIFIED. ) ;
#698 = VERTEX_POINT ( 'NONE', #316 ) ;
#699 = EDGE_CURVE ( 'NONE', #1125, #1713, #179, .T. ) ;
#700 = ORIENTED_EDGE ( 'NONE', *, *, #915, .F. ) ;
#701 = DIRECTION ( 'NONE',  ( -0.000000000000000000, 1.000000000000000000, 0.000000000000000000 ) ) ;
#702 = AXIS2_PLACEMENT_3D ( 'NONE', #83, #645, #1292 ) ;
#703 = VECTOR ( 'NONE', #164, 1000.000000000000000 ) ;
#704 = DIRECTION ( 'NONE',  ( 1.000000000000000000, 0.000000000000000000, 0.000000000000000000 ) ) ;
#705 = PLANE ( 'NONE',  #594 ) ;
#706 = ORIENTED_EDGE ( 'NONE', *, *, #141, .F. ) ;
#707 = CIRCLE ( 'NONE', #161, 1.700000000000000178 ) ;
#708 = CARTESIAN_POINT ( 'NONE',  ( 0.000000000000000000, 49.50000000000000000, 0.000000000000000000 ) ) ;
#709 = DIRECTION ( 'NONE',  ( 0.000000000000000000, -1.000000000000000000, 0.000000000000000000 ) ) ;
#710 = ORIENTED_EDGE ( 'NONE', *, *, #1730, .F. ) ;
#711 = EDGE_CURVE ( 'NONE', #1332, #657, #1228, .T. ) ;
#712 = EDGE_LOOP ( 'NONE', ( #528, #1260, #880, #1116 ) ) ;
#713 = DIRECTION ( 'NONE',  ( 0.000000000000000000, -0.000000000000000000, 1.000000000000000000 ) ) ;
#714 = DIRECTION ( 'NONE',  ( -1.000000000000000000, 0.000000000000000000, 0.000000000000000000 ) ) ;
#715 = COORDINATED_UNIVERSAL_TIME_OFFSET ( 5, 0, .BEHIND. ) ;
#716 = VERTEX_POINT ( 'NONE', #441 ) ;
#717 = CARTESIAN_POINT ( 'NONE',  ( -21.00000000000000000, 8.000000000000000000, 24.00000000000000000 ) ) ;
#718 = ORIENTED_EDGE ( 'NONE', *, *, #547, .T. ) ;
#719 = VERTEX_POINT ( 'NONE', #1362 ) ;
#720 = CARTESIAN_POINT ( 'NONE',  ( 31.00000000000000000, -1.200000000000000030E-05, 4.700000000000000178 ) ) ;
#721 = ADVANCED_FACE ( 'NONE', ( #145 ), #728, .F. ) ;
#722 = CARTESIAN_POINT ( 'NONE',  ( 29.51560493047168521, 0.000000000000000000, 20.14151426980890136 ) ) ;
#723 = DIRECTION ( 'NONE',  ( 1.000000000000000000, 0.000000000000000000, 0.000000000000000000 ) ) ;
#724 = VERTEX_POINT ( 'NONE', #29 ) ;
#725 = PLANE ( 'NONE',  #1123 ) ;
#726 = EDGE_LOOP ( 'NONE', ( #1706, #1233, #52, #430 ) ) ;
#727 = ORIENTED_EDGE ( 'NONE', *, *, #1064, .F. ) ;
#728 = PLANE ( 'NONE',  #1379 ) ;
#729 = VECTOR ( 'NONE', #358, 1000.000000000000000 ) ;
#730 = DIRECTION ( 'NONE',  ( 0.000000000000000000, -1.000000000000000000, 0.000000000000000000 ) ) ;
#731 = FACE_OUTER_BOUND ( 'NONE', #1573, .T. ) ;
#732 = EDGE_CURVE ( 'NONE', #1576, #719, #623, .T. ) ;
#733 = ORIENTED_EDGE ( 'NONE', *, *, #648, .F. ) ;
#734 = CIRCLE ( 'NONE', #103, 1.700000000000000178 ) ;
#735 = VECTOR ( 'NONE', #686, 1000.000000000000000 ) ;
#736 = DIRECTION ( 'NONE',  ( 0.000000000000000000, -0.000000000000000000, -1.000000000000000000 ) ) ;
#737 = ORIENTED_EDGE ( 'NONE', *, *, #55, .F. ) ;
#738 = CARTESIAN_POINT ( 'NONE',  ( 31.22525195654806041, 0.000000000000000000, 22.70000000000000284 ) ) ;
#739 = FACE_BOUND ( 'NONE', #1521, .T. ) ;
#740 = CARTESIAN_POINT ( 'NONE',  ( 31.00000000000000000, -6.000000000000000152E-06, 22.70000000000000284 ) ) ;
#741 = DIRECTION ( 'NONE',  ( 0.000000000000000000, 0.000000000000000000, 1.000000000000000000 ) ) ;
#742 = ORIENTED_EDGE ( 'NONE', *, *, #988, .T. ) ;
#743 = EDGE_CURVE ( 'NONE', #17, #167, #20, .T. ) ;
#744 = CARTESIAN_POINT ( 'NONE',  ( 31.60000000000000142, 52.50000000000000000, -1.200000000000000030E-05 ) ) ;
#745 = VERTEX_POINT ( 'NONE', #692 ) ;
#746 = ADVANCED_FACE ( 'NONE', ( #424 ), #49, .F. ) ;
#747 = FACE_OUTER_BOUND ( 'NONE', #1444, .T. ) ;
#748 = DIRECTION ( 'NONE',  ( -0.000000000000000000, 1.000000000000000000, 0.000000000000000000 ) ) ;
#749 = CARTESIAN_POINT ( 'NONE',  ( -9.442584738252207899, -0.000000000000000000, 19.34333309900601705 ) ) ;
#750 =( NAMED_UNIT ( * ) SI_UNIT ( $, .STERADIAN. ) SOLID_ANGLE_UNIT ( ) );
#751 = ORIENTED_EDGE ( 'NONE', *, *, #547, .F. ) ;
#752 = CARTESIAN_POINT ( 'NONE',  ( -10.36128909900315520, -0.000000000000000000, 1.957027739235946306 ) ) ;
#753 = FACE_OUTER_BOUND ( 'NONE', #1085, .T. ) ;
#754 = ORIENTED_EDGE ( 'NONE', *, *, #1076, .T. ) ;
#755 = EDGE_CURVE ( 'NONE', #1394, #253, #981, .T. ) ;
#756 = DIRECTION ( 'NONE',  ( -0.000000000000000000, 1.000000000000000000, 0.000000000000000000 ) ) ;
#757 = DIRECTION ( 'NONE',  ( 0.000000000000000000, -0.000000000000000000, 1.000000000000000000 ) ) ;
#758 = CYLINDRICAL_SURFACE ( 'NONE', #531, 1.700000000000000178 ) ;
#759 = EDGE_LOOP ( 'NONE', ( #845, #566, #682, #1414, #1075, #1181 ) ) ;
#760 = VECTOR ( 'NONE', #369, 1000.000000000000000 ) ;
#761 = DIRECTION ( 'NONE',  ( -1.000000000000000000, -0.000000000000000000, -0.000000000000000000 ) ) ;
#762 = FACE_OUTER_BOUND ( 'NONE', #1517, .T. ) ;
#763 = ORIENTED_EDGE ( 'NONE', *, *, #141, .T. ) ;
#764 = VECTOR ( 'NONE', #1718, 1000.000000000000000 ) ;
#765 = AXIS2_PLACEMENT_3D ( 'NONE', #807, #255, #397 ) ;
#766 = DIRECTION ( 'NONE',  ( -0.000000000000000000, -0.000000000000000000, 1.000000000000000000 ) ) ;
#767 = AXIS2_PLACEMENT_3D ( 'NONE', #1443, #496, #935 ) ;
#768 = CARTESIAN_POINT ( 'NONE',  ( -9.000000000000000000, -1.200000000000000030E-05, 4.700000000000000178 ) ) ;
#769 = EDGE_CURVE ( 'NONE', #85, #1385, #980, .T. ) ;
#770 = CARTESIAN_POINT ( 'NONE',  ( 31.60000000000000142, 67.50000000000000000, 4.590597372058685011 ) ) ;
#771 = ORIENTED_EDGE ( 'NONE', *, *, #79, .T. ) ;
#772 = CARTESIAN_POINT ( 'NONE',  ( 0.000000000000000000, 62.50000000000000000, 0.000000000000000000 ) ) ;
#773 = DIRECTION ( 'NONE',  ( -0.000000000000000000, 1.000000000000000000, -0.000000000000000000 ) ) ;
#774 = ORIENTED_EDGE ( 'NONE', *, *, #1224, .F. ) ;
#775 = CARTESIAN_POINT ( 'NONE',  ( 43.00000000000000000, 0.000000000000000000, 6.000000000000000000 ) ) ;
#776 = LINE ( 'NONE', #76, #1631 ) ;
#777 = FACE_BOUND ( 'NONE', #1252, .T. ) ;
#778 = APPROVAL_ROLE ( '' ) ;
#779 = VERTEX_POINT ( 'NONE', #1524 ) ;
#780 = ADVANCED_FACE ( 'NONE', ( #858 ), #1626, .F. ) ;
#781 = CARTESIAN_POINT ( 'NONE',  ( -10.36119079527047404, 0.000000000000000000, 4.042873957031213550 ) ) ;
#782 = CARTESIAN_POINT ( 'NONE',  ( 29.34320465898994001, -0.000000000000000000, 2.557362060149046545 ) ) ;
#783 = VERTEX_POINT ( 'NONE', #1121 ) ;
#784 = PLANE ( 'NONE',  #765 ) ;
#785 = DIRECTION ( 'NONE',  ( -1.000000000000000000, 0.000000000000000000, -0.000000000000000000 ) ) ;
#786 = ORIENTED_EDGE ( 'NONE', *, *, #507, .T. ) ;
#787 = DIRECTION ( 'NONE',  ( -0.000000000000000000, -1.000000000000000000, -0.000000000000000000 ) ) ;
#788 = EDGE_CURVE ( 'NONE', #100, #17, #991, .T. ) ;
#789 = CARTESIAN_POINT ( 'NONE',  ( -21.00000000000000000, 0.000000000000000000, 0.000000000000000000 ) ) ;
#790 = ORIENTED_EDGE ( 'NONE', *, *, #1299, .T. ) ;
#791 = EDGE_CURVE ( 'NONE', #96, #212, #1291, .T. ) ;
#792 = AXIS2_PLACEMENT_3D ( 'NONE', #11, #1525, #165 ) ;
#793 = LINE ( 'NONE', #125, #931 ) ;
#794 = AXIS2_PLACEMENT_3D ( 'NONE', #16, #34, #410 ) ;
#795 = VECTOR ( 'NONE', #1650, 1000.000000000000000 ) ;
#796 = DIRECTION ( 'NONE',  ( -0.000000000000000000, 1.000000000000000000, -0.000000000000000000 ) ) ;
#797 = CARTESIAN_POINT ( 'NONE',  ( -7.638809204729263058, 0.000000000000000000, 19.95712604296905113 ) ) ;
#798 = DIRECTION ( 'NONE',  ( 0.000000000000000000, -1.000000000000000000, 0.000000000000000000 ) ) ;
#799 = ORIENTED_EDGE ( 'NONE', *, *, #495, .T. ) ;
#800 = PRODUCT_DEFINITION ( '�', '', #564, #486 ) ;
#801 = FACE_OUTER_BOUND ( 'NONE', #1145, .T. ) ;
#802 = EDGE_CURVE ( 'NONE', #212, #1125, #954, .T. ) ;
#803 = PLANE ( 'NONE',  #1404 ) ;
#804 = CARTESIAN_POINT ( 'NONE',  ( -8.141461068210000818, -0.000000000000000000, 4.484523509543861586 ) ) ;
#805 = CARTESIAN_POINT ( 'NONE',  ( 35.60000000000000142, 67.50000000000000000, 0.000000000000000000 ) ) ;
#806 = EDGE_LOOP ( 'NONE', ( #1531, #144, #815, #706, #460, #1318 ) ) ;
#807 = CARTESIAN_POINT ( 'NONE',  ( -10.50000000000000000, 49.50000000000000000, -1.200000000000000030E-05 ) ) ;
#808 = EDGE_CURVE ( 'NONE', #812, #1169, #1549, .T. ) ;
#809 = CARTESIAN_POINT ( 'NONE',  ( 31.60000000000000142, 52.50000000000000000, 6.000000000000000000 ) ) ;
#810 = CARTESIAN_POINT ( 'NONE',  ( -7.957126042969157709, 0.000000000000000000, 22.36119079527084352 ) ) ;
#811 = DIRECTION ( 'NONE',  ( -0.000000000000000000, 1.000000000000000000, -0.000000000000000000 ) ) ;
#812 = VERTEX_POINT ( 'NONE', #67 ) ;
#813 = CARTESIAN_POINT ( 'NONE',  ( 0.000000000000000000, 52.50000000000000000, 0.000000000000000000 ) ) ;
#814 = VECTOR ( 'NONE', #787, 1000.000000000000000 ) ;
#815 = ORIENTED_EDGE ( 'NONE', *, *, #1435, .T. ) ;
#816 = VECTOR ( 'NONE', #1110, 1000.000000000000000 ) ;
#817 = VECTOR ( 'NONE', #53, 1000.000000000000000 ) ;
#818 = CARTESIAN_POINT ( 'NONE',  ( -11.59999999999999964, 0.000000000000000000, -0.000000000000000000 ) ) ;
#819 = EDGE_CURVE ( 'NONE', #1218, #183, #1693, .T. ) ;
#820 = CARTESIAN_POINT ( 'NONE',  ( 31.44258473824912414, -0.000000000000000000, 4.656666900995570124 ) ) ;
#821 = CARTESIAN_POINT ( 'NONE',  ( 35.60000000000000142, 62.50000000000000000, -8.271806125530276749E-22 ) ) ;
#822 = EDGE_LOOP ( 'NONE', ( #26, #1625, #700, #862 ) ) ;
#823 = CARTESIAN_POINT ( 'NONE',  ( 35.60000000000000142, 57.50000000000000000, 6.000000000000000000 ) ) ;
#824 = EDGE_LOOP ( 'NONE', ( #189, #465, #266, #378, #241, #13 ) ) ;
#825 = DIRECTION ( 'NONE',  ( 0.000000000000000000, 0.000000000000000000, 1.000000000000000000 ) ) ;
#826 = DIRECTION ( 'NONE',  ( -0.000000000000000000, 1.000000000000000000, -0.000000000000000000 ) ) ;
#827 = LINE ( 'NONE', #427, #1609 ) ;
#828 = EDGE_CURVE ( 'NONE', #1290, #170, #1298, .T. ) ;
#829 = ORIENTED_EDGE ( 'NONE', *, *, #857, .F. ) ;
#830 = CYLINDRICAL_SURFACE ( 'NONE', #1550, 1.700000000000000178 ) ;
#831 = ORIENTED_EDGE ( 'NONE', *, *, #1447, .T. ) ;
#832 = ORIENTED_EDGE ( 'NONE', *, *, #180, .T. ) ;
#833 = DIRECTION ( 'NONE',  ( -0.000000000000000000, 1.000000000000000000, -0.000000000000000000 ) ) ;
#834 = DIRECTION ( 'NONE',  ( 0.000000000000000000, 0.000000000000000000, -1.000000000000000000 ) ) ;
#835 = DIRECTION ( 'NONE',  ( 0.000000000000000000, 0.000000000000000000, 1.000000000000000000 ) ) ;
#836 = ORIENTED_EDGE ( 'NONE', *, *, #495, .F. ) ;
#837 = DIRECTION ( 'NONE',  ( -0.000000000000000000, -1.000000000000000000, -0.000000000000000000 ) ) ;
#838 = EDGE_CURVE ( 'NONE', #170, #1101, #776, .T. ) ;
#839 = EDGE_LOOP ( 'NONE', ( #28, #357, #1510, #395 ) ) ;
#840 = LINE ( 'NONE', #720, #332 ) ;
#841 = AXIS2_PLACEMENT_3D ( 'NONE', #1030, #1571, #88 ) ;
#842 = VECTOR ( 'NONE', #260, 1000.000000000000000 ) ;
#843 = DIRECTION ( 'NONE',  ( -0.000000000000000000, -0.000000000000000000, 1.000000000000000000 ) ) ;
#844 = LINE ( 'NONE', #562, #106 ) ;
#845 = ORIENTED_EDGE ( 'NONE', *, *, #173, .T. ) ;
#846 = CIRCLE ( 'NONE', #873, 1.700000000000000178 ) ;
#847 = CC_DESIGN_APPROVAL ( #1055, ( #800 ) ) ;
#848 = DIRECTION ( 'NONE',  ( 0.000000000000000000, 0.000000000000000000, 1.000000000000000000 ) ) ;
#849 = ADVANCED_FACE ( 'NONE', ( #498, #1683, #1170, #468, #1287, #739 ), #1673, .T. ) ;
#850 = ORIENTED_EDGE ( 'NONE', *, *, #639, .T. ) ;
#851 = CARTESIAN_POINT ( 'NONE',  ( 35.60000000000000142, 52.50000000000000000, -1.200000000000000030E-05 ) ) ;
#852 = CARTESIAN_POINT ( 'NONE',  ( 30.14146106821291582, -0.000000000000000000, 19.51547649045508237 ) ) ;
#853 = ORIENTED_EDGE ( 'NONE', *, *, #1140, .F. ) ;
#854 = LINE ( 'NONE', #890, #817 ) ;
#855 = ORIENTED_EDGE ( 'NONE', *, *, #871, .F. ) ;
#856 = ORIENTED_EDGE ( 'NONE', *, *, #1606, .F. ) ;
#857 = EDGE_CURVE ( 'NONE', #1623, #1119, #877, .T. ) ;
#858 = FACE_OUTER_BOUND ( 'NONE', #712, .T. ) ;
#859 = EDGE_CURVE ( 'NONE', #61, #1332, #1308, .T. ) ;
#860 = CARTESIAN_POINT ( 'NONE',  ( -11.59999999999999964, 52.50000000000000711, -8.271806125530276749E-22 ) ) ;
#861 = PERSON_AND_ORGANIZATION_ROLE ( 'creator' ) ;
#862 = ORIENTED_EDGE ( 'NONE', *, *, #1519, .F. ) ;
#863 = DIRECTION ( 'NONE',  ( 0.000000000000000000, -1.000000000000000000, 0.000000000000000000 ) ) ;
#864 = CARTESIAN_POINT ( 'NONE',  ( -21.00000000000000000, 8.000000000000000000, 5.999999999999998224 ) ) ;
#865 = ORIENTED_EDGE ( 'NONE', *, *, #1717, .T. ) ;
#866 = ORIENTED_EDGE ( 'NONE', *, *, #1615, .T. ) ;
#867 = CARTESIAN_POINT ( 'NONE',  ( 0.000000000000000000, 0.000000000000000000, 0.000000000000000000 ) ) ;
#868 = VECTOR ( 'NONE', #1174, 1000.000000000000000 ) ;
#869 = CARTESIAN_POINT ( 'NONE',  ( 31.19999999999999929, 70.50000000000000000, -1.200000000000000030E-05 ) ) ;
#870 = ORIENTED_EDGE ( 'NONE', *, *, #1153, .T. ) ;
#871 = EDGE_CURVE ( 'NONE', #137, #105, #999, .T. ) ;
#872 = AXIS2_PLACEMENT_3D ( 'NONE', #1622, #1367, #553 ) ;
#873 = AXIS2_PLACEMENT_3D ( 'NONE', #1474, #798, #663 ) ;
#874 = CARTESIAN_POINT ( 'NONE',  ( 31.00000000000000000, -1.200000000000000030E-05, 1.300000000000000044 ) ) ;
#875 = VERTEX_POINT ( 'NONE', #1405 ) ;
#876 = DIRECTION ( 'NONE',  ( 0.000000000000000000, 1.000000000000000000, 0.000000000000000000 ) ) ;
#877 = LINE ( 'NONE', #1272, #1608 ) ;
#878 = CARTESIAN_POINT ( 'NONE',  ( -11.59999999999999964, 0.000000000000000000, 6.000000000000000000 ) ) ;
#879 = PLANE ( 'NONE',  #932 ) ;
#880 = ORIENTED_EDGE ( 'NONE', *, *, #743, .T. ) ;
#881 = DIRECTION ( 'NONE',  ( -0.000000000000000000, -0.000000000000000000, -1.000000000000000000 ) ) ;
#882 = EDGE_CURVE ( 'NONE', #519, #1756, #626, .T. ) ;
#883 = CARTESIAN_POINT ( 'NONE',  ( -15.59999999999999964, 62.50000000000000000, -1.200000000000000030E-05 ) ) ;
#884 = ORIENTED_EDGE ( 'NONE', *, *, #1279, .T. ) ;
#885 = CARTESIAN_POINT ( 'NONE',  ( 32.48439506952831834, 0.000000000000000000, 21.85848573019393370 ) ) ;
#886 = DIRECTION ( 'NONE',  ( -1.000000000000000000, 0.000000000000000000, -0.000000000000000000 ) ) ;
#887 = CARTESIAN_POINT ( 'NONE',  ( 31.19999999999999929, 70.50000000000000000, -1.200000000000000030E-05 ) ) ;
#888 = ORIENTED_EDGE ( 'NONE', *, *, #173, .F. ) ;
#889 = CARTESIAN_POINT ( 'NONE',  ( -9.225615804907725703, 0.000000000000000000, 4.700000000000001066 ) ) ;
#890 = CARTESIAN_POINT ( 'NONE',  ( 0.000000000000000000, 67.50000000000000000, 0.000000000000000000 ) ) ;
#891 = VERTEX_POINT ( 'NONE', #207 ) ;
#892 = LINE ( 'NONE', #1434, #532 ) ;
#893 = CARTESIAN_POINT ( 'NONE',  ( 32.04287395702812091, 0.000000000000000000, 22.36119079527466269 ) ) ;
#894 = ADVANCED_FACE ( 'NONE', ( #1142 ), #354, .F. ) ;
#895 = LINE ( 'NONE', #324, #365 ) ;
#896 = CARTESIAN_POINT ( 'NONE',  ( -10.70006951123579064, -0.000000000000000000, 21.22508399488681974 ) ) ;
#897 = PERSON_AND_ORGANIZATION ( #1429, #1382 ) ;
#898 = ORIENTED_EDGE ( 'NONE', *, *, #469, .F. ) ;
#899 = VECTOR ( 'NONE', #1229, 1000.000000000000000 ) ;
#900 = LINE ( 'NONE', #1590, #868 ) ;
#901 = CARTESIAN_POINT ( 'NONE',  ( 31.00000000000000000, -1.200000000000000030E-05, 22.70000000000000284 ) ) ;
#902 = ORIENTED_EDGE ( 'NONE', *, *, #294, .F. ) ;
#903 = VECTOR ( 'NONE', #577, 1000.000000000000000 ) ;
#904 = VECTOR ( 'NONE', #1276, 1000.000000000000000 ) ;
#905 = DIRECTION ( 'NONE',  ( 0.000000000000000000, 0.000000000000000000, -1.000000000000000000 ) ) ;
#906 =( GEOMETRIC_REPRESENTATION_CONTEXT ( 3 ) GLOBAL_UNCERTAINTY_ASSIGNED_CONTEXT ( ( #1597 ) ) GLOBAL_UNIT_ASSIGNED_CONTEXT ( ( #1135, #311, #750 ) ) REPRESENTATION_CONTEXT ( 'NONE', 'WORKASPACE' ) );
#907 = DIRECTION ( 'NONE',  ( 0.000000000000000000, 0.000000000000000000, 1.000000000000000000 ) ) ;
#908 = EDGE_CURVE ( 'NONE', #1361, #237, #895, .T. ) ;
#909 = CARTESIAN_POINT ( 'NONE',  ( -9.858538931789095017, -0.000000000000000000, 19.51547649045560817 ) ) ;
#910 = ORIENTED_EDGE ( 'NONE', *, *, #919, .F. ) ;
#911 = CARTESIAN_POINT ( 'NONE',  ( -9.858653920126700498, 0.000000000000000000, 4.484325342115312196 ) ) ;
#912 = CARTESIAN_POINT ( 'NONE',  ( -10.50000000000000000, -1.200000000000000030E-05, 3.799999999999998046 ) ) ;
#913 = ORIENTED_EDGE ( 'NONE', *, *, #269, .T. ) ;
#914 = LINE ( 'NONE', #775, #415 ) ;
#915 = EDGE_CURVE ( 'NONE', #1285, #1227, #344, .T. ) ;
#916 = LINE ( 'NONE', #1454, #1093 ) ;
#917 = PERSON_AND_ORGANIZATION ( #1429, #1382 ) ;
#918 = ORIENTED_EDGE ( 'NONE', *, *, #451, .F. ) ;
#919 = EDGE_CURVE ( 'NONE', #1633, #968, #651, .T. ) ;
#920 = DIRECTION ( 'NONE',  ( 0.000000000000000000, 0.000000000000000000, 1.000000000000000000 ) ) ;
#921 = FACE_OUTER_BOUND ( 'NONE', #1411, .T. ) ;
#922 = EDGE_LOOP ( 'NONE', ( #799, #1236, #1003, #1690 ) ) ;
#923 = CARTESIAN_POINT ( 'NONE',  ( -15.59999999999999964, 62.50000000000000000, 0.000000000000000000 ) ) ;
#924 = CARTESIAN_POINT ( 'NONE',  ( -9.000000000000000000, -6.000000000000000152E-06, 4.699999999999999289 ) ) ;
#925 = CARTESIAN_POINT ( 'NONE',  ( 31.60000000000000142, -1.200000000000000030E-05, 4.590597372058685011 ) ) ;
#926 = CARTESIAN_POINT ( 'NONE',  ( 29.51560493047168876, 0.000000000000000000, 2.141514269809643434 ) ) ;
#927 = EDGE_CURVE ( 'NONE', #1702, #1481, #673, .T. ) ;
#928 = ORIENTED_EDGE ( 'NONE', *, *, #1235, .F. ) ;
#929 = CIRCLE ( 'NONE', #1154, 1.700000000000000178 ) ;
#930 = CARTESIAN_POINT ( 'NONE',  ( -10.50000000000000000, 0.000000000000000000, 6.000000000000000000 ) ) ;
#931 = VECTOR ( 'NONE', #1445, 1000.000000000000000 ) ;
#932 = AXIS2_PLACEMENT_3D ( 'NONE', #1418, #984, #1698 ) ;
#933 = DIRECTION ( 'NONE',  ( -1.000000000000000000, 0.000000000000000000, 0.000000000000000000 ) ) ;
#934 = CARTESIAN_POINT ( 'NONE',  ( -7.515476490455877290, -0.000000000000000000, 20.14146106821026194 ) ) ;
#935 = DIRECTION ( 'NONE',  ( 0.000000000000000000, 0.000000000000000000, 1.000000000000000000 ) ) ;
#936 = ORIENTED_EDGE ( 'NONE', *, *, #1064, .T. ) ;
#937 = PRODUCT ( '07_servo_stand', '07_servo_stand', '', ( #346 ) ) ;
#938 = EDGE_CURVE ( 'NONE', #1227, #183, #1577, .T. ) ;
#939 = CARTESIAN_POINT ( 'NONE',  ( -11.59999999999999964, 62.50000000000000000, -1.200000000000000030E-05 ) ) ;
#940 = FACE_OUTER_BOUND ( 'NONE', #458, .T. ) ;
#941 = CARTESIAN_POINT ( 'NONE',  ( -7.638710900996578346, -0.000000000000000000, 22.04297226076342042 ) ) ;
#942 = FACE_OUTER_BOUND ( 'NONE', #806, .T. ) ;
#943 = VERTEX_POINT ( 'NONE', #1541 ) ;
#944 = DIRECTION ( 'NONE',  ( 0.000000000000000000, -0.000000000000000000, -1.000000000000000000 ) ) ;
#945 = ORIENTED_EDGE ( 'NONE', *, *, #171, .F. ) ;
#946 = LINE ( 'NONE', #239, #1630 ) ;
#947 = CARTESIAN_POINT ( 'NONE',  ( 31.00000000000000000, 71.00000000000000000, 1.300000000000000044 ) ) ;
#948 = FACE_BOUND ( 'NONE', #1103, .T. ) ;
#949 = EDGE_LOOP ( 'NONE', ( #439, #511, #446, #831 ) ) ;
#950 = CYLINDRICAL_SURFACE ( 'NONE', #1407, 1.700000000000000178 ) ;
#951 = ORIENTED_EDGE ( 'NONE', *, *, #285, .F. ) ;
#952 = VECTOR ( 'NONE', #242, 1000.000000000000000 ) ;
#953 = ORIENTED_EDGE ( 'NONE', *, *, #325, .T. ) ;
#954 = CIRCLE ( 'NONE', #390, 1.700000000000000178 ) ;
#955 = EDGE_CURVE ( 'NONE', #1095, #1460, #199, .T. ) ;
#956 = CIRCLE ( 'NONE', #767, 1.700000000000000178 ) ;
#957 = DIRECTION ( 'NONE',  ( 0.000000000000000000, 0.000000000000000000, 1.000000000000000000 ) ) ;
#958 = CARTESIAN_POINT ( 'NONE',  ( 31.00000000000000000, -6.000000000000000152E-06, 4.699999999999999289 ) ) ;
#959 = CARTESIAN_POINT ( 'NONE',  ( 31.00000000000000000, -1.200000000000000030E-05, 1.300000000000000044 ) ) ;
#960 = ORIENTED_EDGE ( 'NONE', *, *, #425, .F. ) ;
#961 = LINE ( 'NONE', #1387, #982 ) ;
#962 = ORIENTED_EDGE ( 'NONE', *, *, #269, .F. ) ;
#963 = CARTESIAN_POINT ( 'NONE',  ( -10.50000000000000000, 49.50000000000000000, -1.200000000000000030E-05 ) ) ;
#964 = PLANE ( 'NONE',  #792 ) ;
#965 = PLANE ( 'NONE',  #1523 ) ;
#966 = ORIENTED_EDGE ( 'NONE', *, *, #927, .T. ) ;
#967 = DIRECTION ( 'NONE',  ( 0.000000000000000000, 0.000000000000000000, -1.000000000000000000 ) ) ;
#968 = VERTEX_POINT ( 'NONE', #1151 ) ;
#969 = EDGE_LOOP ( 'NONE', ( #1050, #160, #1759, #1378 ) ) ;
#970 = DIRECTION ( 'NONE',  ( -0.000000000000000000, -0.000000000000000000, 1.000000000000000000 ) ) ;
#971 = FACE_OUTER_BOUND ( 'NONE', #1200, .T. ) ;
#972 = CARTESIAN_POINT ( 'NONE',  ( 31.60000000000000142, 0.000000000000000000, 6.000000000000000000 ) ) ;
#973 = ORIENTED_EDGE ( 'NONE', *, *, #732, .T. ) ;
#974 = EDGE_CURVE ( 'NONE', #891, #1246, #491, .T. ) ;
#975 = DIRECTION ( 'NONE',  ( 1.000000000000000000, -0.000000000000000000, 0.000000000000000000 ) ) ;
#976 = ORIENTED_EDGE ( 'NONE', *, *, #351, .T. ) ;
#977 = CLOSED_SHELL ( 'NONE', ( #1000, #1746, #113, #1483, #1288, #1396, #544, #1056, #1324, #1757, #849, #1196, #1376, #412, #1672, #525, #1565, #98, #1094, #305, #206, #582, #721, #40, #1178, #1215, #1105, #894, #685, #1115, #1341, #485, #780, #1636, #368, #746, #1131, #1358, #516, #1248, #234, #435 ) ) ;
#978 = VERTEX_POINT ( 'NONE', #56 ) ;
#979 = CIRCLE ( 'NONE', #214, 1.700000000000000178 ) ;
#980 = LINE ( 'NONE', #963, #508 ) ;
#981 = CIRCLE ( 'NONE', #1469, 1.700000000000000178 ) ;
#982 = VECTOR ( 'NONE', #680, 1000.000000000000000 ) ;
#983 = CARTESIAN_POINT ( 'NONE',  ( 30.77491600511332948, 0.000000000000000000, 19.29993048876421113 ) ) ;
#984 = DIRECTION ( 'NONE',  ( -1.000000000000000000, 0.000000000000000000, 0.000000000000000000 ) ) ;
#985 = ORIENTED_EDGE ( 'NONE', *, *, #666, .F. ) ;
#986 = VECTOR ( 'NONE', #417, 1000.000000000000000 ) ;
#987 = CARTESIAN_POINT ( 'NONE',  ( 43.00000000000000000, 8.000000000000000000, 6.000000000000000000 ) ) ;
#988 = EDGE_CURVE ( 'NONE', #304, #1368, #892, .T. ) ;
#989 = LINE ( 'NONE', #1691, #1092 ) ;
#990 = EDGE_CURVE ( 'NONE', #1441, #1136, #997, .T. ) ;
#991 = LINE ( 'NONE', #1503, #592 ) ;
#992 = CARTESIAN_POINT ( 'NONE',  ( -11.59999999999999964, 67.50000000000000000, 6.000000000000000000 ) ) ;
#993 = CALENDAR_DATE ( 2026, 17, 9 ) ;
#994 = ORIENTED_EDGE ( 'NONE', *, *, #676, .F. ) ;
#995 = CARTESIAN_POINT ( 'NONE',  ( -21.00000000000000000, 0.000000000000000000, 24.00000000000000000 ) ) ;
#996 = ORIENTED_EDGE ( 'NONE', *, *, #1354, .T. ) ;
#997 = LINE ( 'NONE', #1054, #1661 ) ;
#998 = EDGE_LOOP ( 'NONE', ( #1053, #681 ) ) ;
#999 = LINE ( 'NONE', #607, #1439 ) ;
#1000 = ADVANCED_FACE ( 'NONE', ( #1610 ), #1737, .F. ) ;
#1001 = DIRECTION ( 'NONE',  ( 0.000000000000000000, 0.000000000000000000, -1.000000000000000000 ) ) ;
#1002 = APPROVAL_ROLE ( '' ) ;
#1003 = ORIENTED_EDGE ( 'NONE', *, *, #240, .T. ) ;
#1004 = FACE_OUTER_BOUND ( 'NONE', #1652, .T. ) ;
#1005 = ORIENTED_EDGE ( 'NONE', *, *, #451, .T. ) ;
#1006 = CARTESIAN_POINT ( 'NONE',  ( 31.19999999999999929, 49.50000000000000000, -1.200000000000000030E-05 ) ) ;
#1007 = DIRECTION ( 'NONE',  ( 0.000000000000000000, 0.000000000000000000, -1.000000000000000000 ) ) ;
#1008 = EDGE_CURVE ( 'NONE', #1101, #1216, #793, .T. ) ;
#1009 = VECTOR ( 'NONE', #704, 1000.000000000000000 ) ;
#1010 = FACE_OUTER_BOUND ( 'NONE', #360, .T. ) ;
#1011 = CARTESIAN_POINT ( 'NONE',  ( 0.000000000000000000, 0.000000000000000000, 0.000000000000000000 ) ) ;
#1012 = VERTEX_POINT ( 'NONE', #641 ) ;
#1013 = VECTOR ( 'NONE', #1201, 1000.000000000000000 ) ;
#1014 = CARTESIAN_POINT ( 'NONE',  ( 31.00000000000000000, 70.49999999999998579, 4.700000000000000178 ) ) ;
#1015 = AXIS2_PLACEMENT_3D ( 'NONE', #474, #43, #196 ) ;
#1016 = CARTESIAN_POINT ( 'NONE',  ( -21.00000000000000000, 0.000000000000000000, 24.00000000000000000 ) ) ;
#1017 = ORIENTED_EDGE ( 'NONE', *, *, #317, .F. ) ;
#1018 = CARTESIAN_POINT ( 'NONE',  ( -10.50000000000000000, 49.50000000000000000, 0.000000000000000000 ) ) ;
#1019 = DIRECTION ( 'NONE',  ( -0.000000000000000000, 1.000000000000000000, -0.000000000000000000 ) ) ;
#1020 = CARTESIAN_POINT ( 'NONE',  ( 29.29993048876346151, -0.000000000000000000, 21.22508399488412678 ) ) ;
#1021 = CC_DESIGN_PERSON_AND_ORGANIZATION_ASSIGNMENT ( #917, #115, ( #564 ) ) ;
#1022 = VERTEX_POINT ( 'NONE', #101 ) ;
#1023 = CARTESIAN_POINT ( 'NONE',  ( -10.04297226076378813, -0.000000000000000000, 4.361289099003047731 ) ) ;
#1024 = CARTESIAN_POINT ( 'NONE',  ( 31.00000000000000000, 71.00000000000000000, 3.000000000000000000 ) ) ;
#1025 = EDGE_CURVE ( 'NONE', #100, #618, #1728, .T. ) ;
#1026 = ORIENTED_EDGE ( 'NONE', *, *, #44, .F. ) ;
#1027 = LINE ( 'NONE', #614, #1343 ) ;
#1028 = B_SPLINE_CURVE_WITH_KNOTS ( 'NONE', 3,
 ( #258, #513, #1052, #1605, #1708, #502, #926, #782, #1313, #638, #1033, #631, #1199, #99, #1599, #1591, #1060, #380 ),
 .UNSPECIFIED., .F., .F.,
 ( 4, 2, 2, 2, 2, 2, 2, 2, 4 ),
 ( 0.5000000000000003331, 0.5625000000000003331, 0.6250000000000002220, 0.6875000000000002220, 0.7500000000000002220, 0.8125000000000001110, 0.8750000000000001110, 0.9375000000000000000, 1.000000000000000000 ),
 .UNSPECIFIED. ) ;
#1029 = DIRECTION ( 'NONE',  ( 0.000000000000000000, 0.000000000000000000, 1.000000000000000000 ) ) ;
#1030 = CARTESIAN_POINT ( 'NONE',  ( 31.60000000000000142, 57.50000000000000000, -1.200000000000000030E-05 ) ) ;
#1031 = EDGE_LOOP ( 'NONE', ( #1231, #1091, #613, #1346 ) ) ;
#1032 = CARTESIAN_POINT ( 'NONE',  ( -21.00000000000000000, 71.00000000000000000, 6.000000000000000000 ) ) ;
#1033 = CARTESIAN_POINT ( 'NONE',  ( 29.34333309900548414, 0.000000000000000000, 3.442584738250930698 ) ) ;
#1034 = ORIENTED_EDGE ( 'NONE', *, *, #1506, .F. ) ;
#1035 = EDGE_CURVE ( 'NONE', #1481, #1385, #529, .T. ) ;
#1036 = CARTESIAN_POINT ( 'NONE',  ( -9.000000000000000000, 70.49999999999998579, 3.000000000000000000 ) ) ;
#1037 = DIRECTION ( 'NONE',  ( -0.000000000000000000, -0.000000000000000000, 1.000000000000000000 ) ) ;
#1038 = VECTOR ( 'NONE', #1458, 1000.000000000000000 ) ;
#1039 = ORIENTED_EDGE ( 'NONE', *, *, #819, .T. ) ;
#1040 = VECTOR ( 'NONE', #2, 1000.000000000000000 ) ;
#1041 = CARTESIAN_POINT ( 'NONE',  ( 31.00000000000000000, 71.00000000000000000, 3.000000000000000000 ) ) ;
#1042 = CARTESIAN_POINT ( 'NONE',  ( 31.60000000000000142, 62.50000000000000000, 6.000000000000000000 ) ) ;
#1043 = ORIENTED_EDGE ( 'NONE', *, *, #1008, .F. ) ;
#1044 = VECTOR ( 'NONE', #87, 1000.000000000000000 ) ;
#1045 = VECTOR ( 'NONE', #669, 1000.000000000000000 ) ;
#1046 = LINE ( 'NONE', #1471, #333 ) ;
#1047 = EDGE_CURVE ( 'NONE', #1713, #1119, #1522, .T. ) ;
#1048 = EDGE_CURVE ( 'NONE', #724, #716, #1743, .T. ) ;
#1049 = CARTESIAN_POINT ( 'NONE',  ( -10.04287395703057939, 0.000000000000000000, 19.63880920472926306 ) ) ;
#1050 = ORIENTED_EDGE ( 'NONE', *, *, #908, .F. ) ;
#1051 = LINE ( 'NONE', #637, #952 ) ;
#1052 = CARTESIAN_POINT ( 'NONE',  ( 30.55741526174577771, -0.000000000000000000, 1.343333099006538855 ) ) ;
#1053 = ORIENTED_EDGE ( 'NONE', *, *, #261, .T. ) ;
#1054 = CARTESIAN_POINT ( 'NONE',  ( 35.60000000000000142, 67.50000000000000000, -1.200000000000000030E-05 ) ) ;
#1055 = APPROVAL ( #1666, '未' ) ;
#1056 = ADVANCED_FACE ( 'NONE', ( #1586 ), #374, .F. ) ;
#1057 = DIRECTION ( 'NONE',  ( 0.000000000000000000, -1.000000000000000000, 0.000000000000000000 ) ) ;
#1058 = EDGE_LOOP ( 'NONE', ( #1067, #201, #331, #156 ) ) ;
#1059 = CARTESIAN_POINT ( 'NONE',  ( -7.957027739236473884, -0.000000000000000000, 19.63871090099669559 ) ) ;
#1060 = CARTESIAN_POINT ( 'NONE',  ( 30.77438419509338985, -0.000000000000000000, 4.700000000000000178 ) ) ;
#1061 = ORIENTED_EDGE ( 'NONE', *, *, #871, .T. ) ;
#1062 = DIRECTION ( 'NONE',  ( 0.000000000000000000, -1.000000000000000000, 0.000000000000000000 ) ) ;
#1063 = CARTESIAN_POINT ( 'NONE',  ( 31.60000000000000142, 52.50000000000000000, 4.590597372058685011 ) ) ;
#1064 = EDGE_CURVE ( 'NONE', #1022, #304, #1593, .T. ) ;
#1065 = CARTESIAN_POINT ( 'NONE',  ( 31.22508399488667763, -0.000000000000000000, 1.300069511235792286 ) ) ;
#1066 = CARTESIAN_POINT ( 'NONE',  ( 31.60000000000000142, 52.50000000000000000, -1.200000000000000030E-05 ) ) ;
#1067 = ORIENTED_EDGE ( 'NONE', *, *, #711, .T. ) ;
#1068 = AXIS2_PLACEMENT_3D ( 'NONE', #589, #50, #1124 ) ;
#1069 = DIRECTION ( 'NONE',  ( -0.000000000000000000, -0.000000000000000000, 1.000000000000000000 ) ) ;
#1070 = AXIS2_PLACEMENT_3D ( 'NONE', #1036, #748, #1704 ) ;
#1071 = VECTOR ( 'NONE', #39, 1000.000000000000000 ) ;
#1072 = DIRECTION ( 'NONE',  ( -0.000000000000000000, 1.000000000000000000, -0.000000000000000000 ) ) ;
#1073 = LINE ( 'NONE', #925, #672 ) ;
#1074 = LINE ( 'NONE', #4, #735 ) ;
#1075 = ORIENTED_EDGE ( 'NONE', *, *, #1153, .F. ) ;
#1076 = EDGE_CURVE ( 'NONE', #779, #1567, #1046, .T. ) ;
#1077 = CARTESIAN_POINT ( 'NONE',  ( 31.00000000000000000, 49.50000000000000000, 4.700000000000000178 ) ) ;
#1078 = CARTESIAN_POINT ( 'NONE',  ( 35.60000000000000142, 0.000000000000000000, 6.000000000000000000 ) ) ;
#1079 = CARTESIAN_POINT ( 'NONE',  ( -8.557415261748690938, -0.000000000000000000, 4.656666900994514080 ) ) ;
#1080 = CARTESIAN_POINT ( 'NONE',  ( 0.000000000000000000, 57.50000000000000000, 6.000000000000000000 ) ) ;
#1081 = EDGE_LOOP ( 'NONE', ( #64, #169, #602, #870 ) ) ;
#1082 = CARTESIAN_POINT ( 'NONE',  ( 31.19999999999999929, -1.200000000000000030E-05, 1.311805698386587116 ) ) ;
#1083 = EDGE_LOOP ( 'NONE', ( #1643, #774, #1662, #387 ) ) ;
#1084 = EDGE_CURVE ( 'NONE', #1391, #585, #914, .T. ) ;
#1085 = EDGE_LOOP ( 'NONE', ( #452, #996, #832, #985 ) ) ;
#1086 = CARTESIAN_POINT ( 'NONE',  ( 31.00000000000000000, 62.49999999999997868, 3.000000000000000000 ) ) ;
#1087 = CARTESIAN_POINT ( 'NONE',  ( -7.515604930472060019, 0.000000000000000000, 21.85848573019215024 ) ) ;
#1088 = DIRECTION ( 'NONE',  ( -0.000000000000000000, -1.000000000000000000, -0.000000000000000000 ) ) ;
#1089 = ORIENTED_EDGE ( 'NONE', *, *, #627, .F. ) ;
#1090 = LINE ( 'NONE', #1632, #448 ) ;
#1091 = ORIENTED_EDGE ( 'NONE', *, *, #1189, .T. ) ;
#1092 = VECTOR ( 'NONE', #198, 1000.000000000000000 ) ;
#1093 = VECTOR ( 'NONE', #1239, 1000.000000000000000 ) ;
#1094 = ADVANCED_FACE ( 'NONE', ( #238 ), #784, .F. ) ;
#1095 = VERTEX_POINT ( 'NONE', #94 ) ;
#1096 = AXIS2_PLACEMENT_3D ( 'NONE', #650, #1179, #1188 ) ;
#1097 = DIRECTION ( 'NONE',  ( 0.000000000000000000, -1.000000000000000000, 0.000000000000000000 ) ) ;
#1098 = EDGE_CURVE ( 'NONE', #1567, #1095, #228, .T. ) ;
#1099 = CARTESIAN_POINT ( 'NONE',  ( -8.774916005114079098, 0.000000000000000000, 1.300069511235792508 ) ) ;
#1100 = CARTESIAN_POINT ( 'NONE',  ( 31.19999999999999929, 49.50000000000000000, 4.688194301613412662 ) ) ;
#1101 = VERTEX_POINT ( 'NONE', #923 ) ;
#1102 = PLANE ( 'NONE',  #1325 ) ;
#1103 = EDGE_LOOP ( 'NONE', ( #186, #936, #742, #1515 ) ) ;
#1104 = DIRECTION ( 'NONE',  ( 0.000000000000000000, -1.000000000000000000, 0.000000000000000000 ) ) ;
#1105 = ADVANCED_FACE ( 'NONE', ( #801 ), #671, .F. ) ;
#1106 = CARTESIAN_POINT ( 'NONE',  ( 31.60000000000000142, 67.50000000000000000, 1.409402627941315211 ) ) ;
#1107 = CARTESIAN_POINT ( 'NONE',  ( 31.00000000000000000, -6.000000000000000152E-06, 4.699999999999999289 ) ) ;
#1108 = ORIENTED_EDGE ( 'NONE', *, *, #1314, .T. ) ;
#1109 = FACE_OUTER_BOUND ( 'NONE', #19, .T. ) ;
#1110 = DIRECTION ( 'NONE',  ( -0.000000000000000000, -0.000000000000000000, -1.000000000000000000 ) ) ;
#1111 = ORIENTED_EDGE ( 'NONE', *, *, #1424, .T. ) ;
#1112 = CARTESIAN_POINT ( 'NONE',  ( 35.60000000000000142, 62.50000000000000000, -1.200000000000000030E-05 ) ) ;
#1113 = CARTESIAN_POINT ( 'NONE',  ( 35.60000000000000142, 57.50000000000000000, 0.000000000000000000 ) ) ;
#1114 = COORDINATED_UNIVERSAL_TIME_OFFSET ( 5, 0, .BEHIND. ) ;
#1115 = ADVANCED_FACE ( 'NONE', ( #1316 ), #539, .F. ) ;
#1116 = ORIENTED_EDGE ( 'NONE', *, *, #1477, .F. ) ;
#1117 = DIRECTION ( 'NONE',  ( 0.000000000000000000, 1.000000000000000000, 0.000000000000000000 ) ) ;
#1118 = EDGE_LOOP ( 'NONE', ( #1306, #70, #1173, #1484 ) ) ;
#1119 = VERTEX_POINT ( 'NONE', #1077 ) ;
#1120 = VECTOR ( 'NONE', #642, 1000.000000000000000 ) ;
#1121 = CARTESIAN_POINT ( 'NONE',  ( 31.00000000000000355, -6.000000000000000152E-06, 1.299999999999999600 ) ) ;
#1122 = AXIS2_PLACEMENT_3D ( 'NONE', #1495, #1512, #713 ) ;
#1123 = AXIS2_PLACEMENT_3D ( 'NONE', #1016, #1294, #1258 ) ;
#1124 = DIRECTION ( 'NONE',  ( 0.000000000000000000, 0.000000000000000000, -1.000000000000000000 ) ) ;
#1125 = VERTEX_POINT ( 'NONE', #1195 ) ;
#1126 = APPROVAL_PERSON_ORGANIZATION ( #166, #1055, #455 ) ;
#1127 = APPROVAL ( #60, '未' ) ;
#1128 = FACE_BOUND ( 'NONE', #35, .T. ) ;
#1129 = CARTESIAN_POINT ( 'NONE',  ( -11.59999999999999964, 67.50000000000000000, 0.000000000000000000 ) ) ;
#1130 = EDGE_LOOP ( 'NONE', ( #898, #1656, #1388, #902 ) ) ;
#1131 = ADVANCED_FACE ( 'NONE', ( #363 ), #665, .F. ) ;
#1132 = EDGE_LOOP ( 'NONE', ( #538, #546, #5, #1581 ) ) ;
#1133 = DIRECTION ( 'NONE',  ( -0.000000000000000000, 1.000000000000000000, -0.000000000000000000 ) ) ;
#1134 = LINE ( 'NONE', #433, #389 ) ;
#1135 =( LENGTH_UNIT ( ) NAMED_UNIT ( * ) SI_UNIT ( .MILLI., .METRE. ) );
#1136 = VERTEX_POINT ( 'NONE', #267 ) ;
#1137 = CARTESIAN_POINT ( 'NONE',  ( -21.00000000000000000, 71.00000000000000000, 6.000000000000000000 ) ) ;
#1138 = LINE ( 'NONE', #1658, #652 ) ;
#1139 = ORIENTED_EDGE ( 'NONE', *, *, #593, .F. ) ;
#1140 = EDGE_CURVE ( 'NONE', #1529, #105, #1747, .T. ) ;
#1141 = CARTESIAN_POINT ( 'NONE',  ( 31.60000000000000142, 57.50000000000000000, 1.409402627941315211 ) ) ;
#1142 = FACE_OUTER_BOUND ( 'NONE', #824, .T. ) ;
#1143 = CARTESIAN_POINT ( 'NONE',  ( 30.14134607987218928, 0.000000000000000000, 22.48432534211531930 ) ) ;
#1144 = DATE_AND_TIME ( #609, #597 ) ;
#1145 = EDGE_LOOP ( 'NONE', ( #1543, #323, #1089, #133 ) ) ;
#1146 = CARTESIAN_POINT ( 'NONE',  ( -10.69993048876420794, 0.000000000000000000, 2.774916005113179818 ) ) ;
#1147 = DIRECTION ( 'NONE',  ( -0.000000000000000000, -1.000000000000000000, -0.000000000000000000 ) ) ;
#1148 = ORIENTED_EDGE ( 'NONE', *, *, #1303, .F. ) ;
#1149 = CARTESIAN_POINT ( 'NONE',  ( 31.44258473824912414, -0.000000000000000000, 22.65666690099557457 ) ) ;
#1150 = CC_DESIGN_DATE_AND_TIME_ASSIGNMENT ( #643, #356, ( #18 ) ) ;
#1151 = CARTESIAN_POINT ( 'NONE',  ( 31.19999999999999929, 49.50000000000000000, 1.311805698386586894 ) ) ;
#1152 = AXIS2_PLACEMENT_3D ( 'NONE', #1137, #863, #1400 ) ;
#1153 = EDGE_CURVE ( 'NONE', #1012, #1391, #277, .T. ) ;
#1154 = AXIS2_PLACEMENT_3D ( 'NONE', #660, #1744, #1317 ) ;
#1155 = CARTESIAN_POINT ( 'NONE',  ( -10.65666690099488711, 0.000000000000000000, 21.44258473825094313 ) ) ;
#1156 = ORIENTED_EDGE ( 'NONE', *, *, #769, .F. ) ;
#1157 = AXIS2_PLACEMENT_3D ( 'NONE', #867, #1007, #58 ) ;
#1158 = CARTESIAN_POINT ( 'NONE',  ( -10.50000000000000000, 0.000000000000000000, -0.000000000000000000 ) ) ;
#1159 = AXIS2_PLACEMENT_3D ( 'NONE', #1284, #72, #1566 ) ;
#1160 = DIRECTION ( 'NONE',  ( -0.000000000000000000, -0.000000000000000000, -1.000000000000000000 ) ) ;
#1161 = ORIENTED_EDGE ( 'NONE', *, *, #1657, .T. ) ;
#1162 = CARTESIAN_POINT ( 'NONE',  ( 32.36128909900612172, -0.000000000000000000, 22.04297226075960126 ) ) ;
#1163 = DIRECTION ( 'NONE',  ( 0.000000000000000000, -1.000000000000000000, 0.000000000000000000 ) ) ;
#1164 = CARTESIAN_POINT ( 'NONE',  ( -9.000000000000000000, -6.000000000000000152E-06, 19.30000000000000071 ) ) ;
#1165 = ORIENTED_EDGE ( 'NONE', *, *, #1098, .T. ) ;
#1166 = EDGE_CURVE ( 'NONE', #943, #1756, #477, .T. ) ;
#1167 = DIRECTION ( 'NONE',  ( -0.000000000000000000, 1.000000000000000000, -0.000000000000000000 ) ) ;
#1168 = DIRECTION ( 'NONE',  ( -0.000000000000000000, 1.000000000000000000, -0.000000000000000000 ) ) ;
#1169 = VERTEX_POINT ( 'NONE', #1758 ) ;
#1170 = FACE_BOUND ( 'NONE', #1, .T. ) ;
#1171 = DIRECTION ( 'NONE',  ( 0.000000000000000000, 1.000000000000000000, 0.000000000000000000 ) ) ;
#1172 = CALENDAR_DATE ( 2026, 17, 9 ) ;
#1173 = ORIENTED_EDGE ( 'NONE', *, *, #648, .T. ) ;
#1174 = DIRECTION ( 'NONE',  ( -0.000000000000000000, -0.000000000000000000, 1.000000000000000000 ) ) ;
#1175 = EDGE_CURVE ( 'NONE', #1216, #1727, #429, .T. ) ;
#1176 = DIRECTION ( 'NONE',  ( -0.000000000000000000, 1.000000000000000000, -0.000000000000000000 ) ) ;
#1177 = ORIENTED_EDGE ( 'NONE', *, *, #1203, .F. ) ;
#1178 = ADVANCED_FACE ( 'NONE', ( #1232 ), #1253, .F. ) ;
#1179 = DIRECTION ( 'NONE',  ( -0.000000000000000000, 1.000000000000000000, -0.000000000000000000 ) ) ;
#1180 = CARTESIAN_POINT ( 'NONE',  ( 29.34333309900548414, 0.000000000000000000, 21.44258473825093603 ) ) ;
#1181 = ORIENTED_EDGE ( 'NONE', *, *, #1555, .F. ) ;
#1182 = AXIS2_PLACEMENT_3D ( 'NONE', #1688, #1312, #1431 ) ;
#1183 = CARTESIAN_POINT ( 'NONE',  ( -21.00000000000000000, 0.000000000000000000, 0.000000000000000000 ) ) ;
#1184 = CARTESIAN_POINT ( 'NONE',  ( -10.50000000000000000, 70.50000000000000000, 2.200000000000002398 ) ) ;
#1185 = ORIENTED_EDGE ( 'NONE', *, *, #1496, .F. ) ;
#1186 = VECTOR ( 'NONE', #615, 1000.000000000000000 ) ;
#1187 = VECTOR ( 'NONE', #536, 1000.000000000000000 ) ;
#1188 = DIRECTION ( 'NONE',  ( 0.000000000000000000, 0.000000000000000000, 1.000000000000000000 ) ) ;
#1189 = EDGE_CURVE ( 'NONE', #1191, #100, #168, .T. ) ;
#1190 = DIRECTION ( 'NONE',  ( 0.000000000000000000, 0.000000000000000000, -1.000000000000000000 ) ) ;
#1191 = VERTEX_POINT ( 'NONE', #402 ) ;
#1192 = DIRECTION ( 'NONE',  ( -0.000000000000000000, 1.000000000000000000, -0.000000000000000000 ) ) ;
#1193 = CYLINDRICAL_SURFACE ( 'NONE', #1350, 1.700000000000000178 ) ;
#1194 = ORIENTED_EDGE ( 'NONE', *, *, #459, .F. ) ;
#1195 = CARTESIAN_POINT ( 'NONE',  ( 31.19999999999999929, 70.50000000000000000, 4.688194301613412662 ) ) ;
#1196 = ADVANCED_FACE ( 'NONE', ( #1217, #25, #1482 ), #1360, .F. ) ;
#1197 = FACE_BOUND ( 'NONE', #610, .T. ) ;
#1198 = CARTESIAN_POINT ( 'NONE',  ( 32.36119079527189513, 0.000000000000000000, 1.957126042969841162 ) ) ;
#1199 = CARTESIAN_POINT ( 'NONE',  ( 29.63880920472810132, 0.000000000000000000, 4.042873957030157506 ) ) ;
#1200 = EDGE_LOOP ( 'NONE', ( #1005, #718, #1423, #1399, #404, #1257, #737, #636, #687, #966, #1545, #175 ) ) ;
#1201 = DIRECTION ( 'NONE',  ( 0.000000000000000000, -1.000000000000000000, 0.000000000000000000 ) ) ;
#1202 = FACE_OUTER_BOUND ( 'NONE', #726, .T. ) ;
#1203 = EDGE_CURVE ( 'NONE', #968, #745, #135, .T. ) ;
#1204 = AXIS2_PLACEMENT_3D ( 'NONE', #1569, #756, #1546 ) ;
#1205 = CARTESIAN_POINT ( 'NONE',  ( -7.638710900996052544, -0.000000000000000000, 4.042972260762891956 ) ) ;
#1206 = DIRECTION ( 'NONE',  ( 0.000000000000000000, 1.000000000000000000, 0.000000000000000000 ) ) ;
#1207 = ORIENTED_EDGE ( 'NONE', *, *, #1615, .F. ) ;
#1208 = VECTOR ( 'NONE', #104, 1000.000000000000000 ) ;
#1209 = AXIS2_PLACEMENT_3D ( 'NONE', #1710, #1570, #907 ) ;
#1210 = CARTESIAN_POINT ( 'NONE',  ( -10.50000000000000000, -1.200000000000000030E-05, 2.200000000000002398 ) ) ;
#1211 = AXIS2_PLACEMENT_3D ( 'NONE', #483, #32, #1266 ) ;
#1212 = CARTESIAN_POINT ( 'NONE',  ( 31.60000000000000142, 62.50000000000000000, -1.200000000000000030E-05 ) ) ;
#1213 = CARTESIAN_POINT ( 'NONE',  ( -9.000000000000000000, -6.000000000000000152E-06, 19.30000000000000071 ) ) ;
#1214 = CARTESIAN_POINT ( 'NONE',  ( -9.000000000000000000, 8.000000000000000000, 22.70000000000000284 ) ) ;
#1215 = ADVANCED_FACE ( 'NONE', ( #159 ), #1102, .F. ) ;
#1216 = VERTEX_POINT ( 'NONE', #545 ) ;
#1217 = FACE_BOUND ( 'NONE', #1475, .T. ) ;
#1218 = VERTEX_POINT ( 'NONE', #1509 ) ;
#1219 = ORIENTED_EDGE ( 'NONE', *, *, #1166, .T. ) ;
#1220 = CARTESIAN_POINT ( 'NONE',  ( -9.000000000000000000, -1.200000000000000030E-05, 1.300000000000000044 ) ) ;
#1221 = CARTESIAN_POINT ( 'NONE',  ( 31.60000000000000142, 62.49999999999997868, 4.590597372058685011 ) ) ;
#1222 = DIRECTION ( 'NONE',  ( 0.000000000000000000, 0.000000000000000000, 1.000000000000000000 ) ) ;
#1223 = ORIENTED_EDGE ( 'NONE', *, *, #556, .F. ) ;
#1224 = EDGE_CURVE ( 'NONE', #1361, #314, #143, .T. ) ;
#1225 = CARTESIAN_POINT ( 'NONE',  ( 43.00000000000000000, 0.000000000000000000, 24.00000000000000000 ) ) ;
#1226 = ORIENTED_EDGE ( 'NONE', *, *, #44, .T. ) ;
#1227 = VERTEX_POINT ( 'NONE', #1245 ) ;
#1228 = LINE ( 'NONE', #432, #903 ) ;
#1229 = DIRECTION ( 'NONE',  ( -0.000000000000000000, 1.000000000000000000, -0.000000000000000000 ) ) ;
#1230 = CARTESIAN_POINT ( 'NONE',  ( -9.000000000000000000, 70.49999999999998579, 1.300000000000000044 ) ) ;
#1231 = ORIENTED_EDGE ( 'NONE', *, *, #556, .T. ) ;
#1232 = FACE_OUTER_BOUND ( 'NONE', #1403, .T. ) ;
#1233 = ORIENTED_EDGE ( 'NONE', *, *, #974, .T. ) ;
#1234 = CIRCLE ( 'NONE', #301, 1.700000000000000178 ) ;
#1235 = EDGE_CURVE ( 'NONE', #716, #1277, #689, .T. ) ;
#1236 = ORIENTED_EDGE ( 'NONE', *, *, #1175, .T. ) ;
#1237 = AXIS2_PLACEMENT_3D ( 'NONE', #939, #1476, #967 ) ;
#1238 = VECTOR ( 'NONE', #1584, 1000.000000000000000 ) ;
#1239 = DIRECTION ( 'NONE',  ( -0.000000000000000000, -0.000000000000000000, 1.000000000000000000 ) ) ;
#1240 = APPROVAL_PERSON_ORGANIZATION ( #897, #1466, #778 ) ;
#1241 = FACE_OUTER_BOUND ( 'NONE', #8, .T. ) ;
#1242 = DIRECTION ( 'NONE',  ( 0.000000000000000000, -1.000000000000000000, 0.000000000000000000 ) ) ;
#1243 = ORIENTED_EDGE ( 'NONE', *, *, #639, .F. ) ;
#1244 = FACE_BOUND ( 'NONE', #41, .T. ) ;
#1245 = CARTESIAN_POINT ( 'NONE',  ( 43.00000000000000000, 71.00000000000000000, 0.000000000000000000 ) ) ;
#1246 = VERTEX_POINT ( 'NONE', #1225 ) ;
#1247 = ORIENTED_EDGE ( 'NONE', *, *, #990, .F. ) ;
#1248 = ADVANCED_FACE ( 'NONE', ( #6 ), #950, .F. ) ;
#1249 = DIRECTION ( 'NONE',  ( 0.000000000000000000, 0.000000000000000000, -1.000000000000000000 ) ) ;
#1250 = DIRECTION ( 'NONE',  ( 0.000000000000000000, 1.000000000000000000, 0.000000000000000000 ) ) ;
#1251 = APPLICATION_PROTOCOL_DEFINITION ( 'international standard', 'config_control_design', 1994, #1333 ) ;
#1252 = EDGE_LOOP ( 'NONE', ( #1322, #178 ) ) ;
#1253 = PLANE ( 'NONE',  #794 ) ;
#1254 = ORIENTED_EDGE ( 'NONE', *, *, #1624, .T. ) ;
#1255 = CARTESIAN_POINT ( 'NONE',  ( 31.19999999999999929, 0.000000000000000000, 6.000000000000000000 ) ) ;
#1256 = CARTESIAN_POINT ( 'NONE',  ( 29.95712604296772952, 0.000000000000000000, 19.63880920473243918 ) ) ;
#1257 = ORIENTED_EDGE ( 'NONE', *, *, #988, .F. ) ;
#1258 = DIRECTION ( 'NONE',  ( 0.000000000000000000, 0.000000000000000000, -1.000000000000000000 ) ) ;
#1259 = EDGE_LOOP ( 'NONE', ( #913, #292 ) ) ;
#1260 = ORIENTED_EDGE ( 'NONE', *, *, #281, .F. ) ;
#1261 = CIRCLE ( 'NONE', #505, 1.700000000000000178 ) ;
#1262 = DIRECTION ( 'NONE',  ( 0.000000000000000000, 0.000000000000000000, 1.000000000000000000 ) ) ;
#1263 = AXIS2_PLACEMENT_3D ( 'NONE', #1644, #1389, #37 ) ;
#1264 = VECTOR ( 'NONE', #349, 1000.000000000000000 ) ;
#1265 = LINE ( 'NONE', #290, #247 ) ;
#1266 = DIRECTION ( 'NONE',  ( 0.000000000000000000, 0.000000000000000000, 1.000000000000000000 ) ) ;
#1267 = ORIENTED_EDGE ( 'NONE', *, *, #507, .F. ) ;
#1268 = EDGE_CURVE ( 'NONE', #1012, #93, #961, .T. ) ;
#1269 = DIRECTION ( 'NONE',  ( 0.000000000000000000, 0.000000000000000000, 1.000000000000000000 ) ) ;
#1270 = ORIENTED_EDGE ( 'NONE', *, *, #120, .T. ) ;
#1271 = CARTESIAN_POINT ( 'NONE',  ( -15.59999999999999964, 57.50000000000000000, -1.200000000000000030E-05 ) ) ;
#1272 = CARTESIAN_POINT ( 'NONE',  ( 31.00000000000000000, -1.200000000000000030E-05, 4.700000000000000178 ) ) ;
#1273 = CARTESIAN_POINT ( 'NONE',  ( 29.30006951123653636, 0.000000000000000000, 20.77491600511588032 ) ) ;
#1274 = DATE_AND_TIME ( #993, #1296 ) ;
#1275 = ORIENTED_EDGE ( 'NONE', *, *, #90, .T. ) ;
#1276 = DIRECTION ( 'NONE',  ( -0.000000000000000000, -0.000000000000000000, 1.000000000000000000 ) ) ;
#1277 = VERTEX_POINT ( 'NONE', #823 ) ;
#1278 = DIRECTION ( 'NONE',  ( -0.000000000000000000, -0.000000000000000000, 1.000000000000000000 ) ) ;
#1279 = EDGE_CURVE ( 'NONE', #657, #1481, #1090, .T. ) ;
#1280 = CARTESIAN_POINT ( 'NONE',  ( 0.000000000000000000, 62.50000000000000000, 6.000000000000000000 ) ) ;
#1281 = CARTESIAN_POINT ( 'NONE',  ( -10.36128909900368456, -0.000000000000000000, 19.95702773923647655 ) ) ;
#1282 = ORIENTED_EDGE ( 'NONE', *, *, #1684, .F. ) ;
#1283 = CARTESIAN_POINT ( 'NONE',  ( 35.60000000000000142, 57.50000000000000000, -1.200000000000000030E-05 ) ) ;
#1284 = CARTESIAN_POINT ( 'NONE',  ( 31.00000000000000000, -1.200000000000000030E-05, 3.000000000000000000 ) ) ;
#1285 = VERTEX_POINT ( 'NONE', #420 ) ;
#1286 = CARTESIAN_POINT ( 'NONE',  ( 32.65679534101004577, -0.000000000000000000, 21.44263793984737632 ) ) ;
#1287 = FACE_BOUND ( 'NONE', #1031, .T. ) ;
#1288 = ADVANCED_FACE ( 'NONE', ( #286 ), #830, .F. ) ;
#1289 = CARTESIAN_POINT ( 'NONE',  ( -9.442469749914609523, -0.000000000000000000, 22.65686506842306969 ) ) ;
#1290 = VERTEX_POINT ( 'NONE', #1129 ) ;
#1291 = CIRCLE ( 'NONE', #217, 1.700000000000000178 ) ;
#1292 = DIRECTION ( 'NONE',  ( 0.000000000000000000, 0.000000000000000000, -1.000000000000000000 ) ) ;
#1293 = VECTOR ( 'NONE', #837, 1000.000000000000000 ) ;
#1294 = DIRECTION ( 'NONE',  ( 1.000000000000000000, 0.000000000000000000, 0.000000000000000000 ) ) ;
#1295 = ORIENTED_EDGE ( 'NONE', *, *, #1519, .T. ) ;
#1296 = LOCAL_TIME ( 12, 1, 50.00000000000000000, #715 ) ;
#1297 = CARTESIAN_POINT ( 'NONE',  ( 32.36119079527189513, 0.000000000000000000, 19.95712604296984338 ) ) ;
#1298 = LINE ( 'NONE', #1446, #447 ) ;
#1299 = EDGE_CURVE ( 'NONE', #1441, #698, #854, .T. ) ;
#1300 = CARTESIAN_POINT ( 'NONE',  ( -9.000000000000000000, -6.000000000000000152E-06, 22.70000000000000284 ) ) ;
#1301 = APPROVAL_DATE_TIME ( #1463, #1466 ) ;
#1302 = VERTEX_POINT ( 'NONE', #1392 ) ;
#1303 = EDGE_CURVE ( 'NONE', #1218, #259, #1138, .T. ) ;
#1304 = CARTESIAN_POINT ( 'NONE',  ( 35.60000000000000142, 52.50000000000000000, 6.000000000000000000 ) ) ;
#1305 = CARTESIAN_POINT ( 'NONE',  ( 31.60000000000000142, -1.200000000000000030E-05, 1.409402627941315211 ) ) ;
#1306 = ORIENTED_EDGE ( 'NONE', *, *, #364, .F. ) ;
#1307 = DIRECTION ( 'NONE',  ( -1.000000000000000000, 0.000000000000000000, 0.000000000000000000 ) ) ;
#1308 = LINE ( 'NONE', #1560, #1694 ) ;
#1309 = LINE ( 'NONE', #200, #1120 ) ;
#1310 = CC_DESIGN_PERSON_AND_ORGANIZATION_ASSIGNMENT ( #1329, #1712, ( #564 ) ) ;
#1311 = ORIENTED_EDGE ( 'NONE', *, *, #1540, .T. ) ;
#1312 = DIRECTION ( 'NONE',  ( -0.000000000000000000, 1.000000000000000000, 0.000000000000000000 ) ) ;
#1313 = CARTESIAN_POINT ( 'NONE',  ( 29.30006951123653636, 0.000000000000000000, 2.774916005115878104 ) ) ;
#1314 = EDGE_CURVE ( 'NONE', #259, #1391, #1401, .T. ) ;
#1315 = ORIENTED_EDGE ( 'NONE', *, *, #1303, .T. ) ;
#1316 = FACE_OUTER_BOUND ( 'NONE', #598, .T. ) ;
#1317 = DIRECTION ( 'NONE',  ( 0.000000000000000000, 0.000000000000000000, -1.000000000000000000 ) ) ;
#1318 = ORIENTED_EDGE ( 'NONE', *, *, #788, .F. ) ;
#1319 = VECTOR ( 'NONE', #270, 1000.000000000000000 ) ;
#1320 = DIRECTION ( 'NONE',  ( -0.000000000000000000, 1.000000000000000000, -0.000000000000000000 ) ) ;
#1321 = CARTESIAN_POINT ( 'NONE',  ( -15.59999999999999964, 57.50000000000000000, 0.000000000000000000 ) ) ;
#1322 = ORIENTED_EDGE ( 'NONE', *, *, #230, .T. ) ;
#1323 = VECTOR ( 'NONE', #696, 1000.000000000000000 ) ;
#1324 = ADVANCED_FACE ( 'NONE', ( #488 ), #203, .F. ) ;
#1325 = AXIS2_PLACEMENT_3D ( 'NONE', #1642, #303, #944 ) ;
#1326 = CARTESIAN_POINT ( 'NONE',  ( 31.19999999999999929, 49.50000000000000000, -1.200000000000000030E-05 ) ) ;
#1327 = CC_DESIGN_SECURITY_CLASSIFICATION ( #18, ( #564 ) ) ;
#1328 = PLANE ( 'NONE',  #1745 ) ;
#1329 = PERSON_AND_ORGANIZATION ( #1429, #1382 ) ;
#1330 = CARTESIAN_POINT ( 'NONE',  ( 31.44263793984766764, -0.000000000000000000, 1.343204658989192612 ) ) ;
#1331 = DIRECTION ( 'NONE',  ( -0.000000000000000000, 1.000000000000000000, -0.000000000000000000 ) ) ;
#1332 = VERTEX_POINT ( 'NONE', #1557 ) ;
#1333 = APPLICATION_CONTEXT ( 'configuration controlled 3d designs of mechanical parts and assemblies' ) ;
#1334 = CARTESIAN_POINT ( 'NONE',  ( 31.60000000000000142, 62.50000000000000000, -1.200000000000000030E-05 ) ) ;
#1335 = EDGE_CURVE ( 'NONE', #456, #223, #603, .T. ) ;
#1336 = CYLINDRICAL_SURFACE ( 'NONE', #271, 1.700000000000000178 ) ;
#1337 = CARTESIAN_POINT ( 'NONE',  ( 32.65679534101004577, -0.000000000000000000, 3.442637939846629802 ) ) ;
#1338 = CARTESIAN_POINT ( 'NONE',  ( -9.000000000000000000, -6.000000000000000152E-06, 22.70000000000000284 ) ) ;
#1339 = ORIENTED_EDGE ( 'NONE', *, *, #65, .F. ) ;
#1340 = CARTESIAN_POINT ( 'NONE',  ( 35.60000000000000142, 62.50000000000000000, -1.200000000000000030E-05 ) ) ;
#1341 = ADVANCED_FACE ( 'NONE', ( #176 ), #1528, .F. ) ;
#1342 = CARTESIAN_POINT ( 'NONE',  ( 0.000000000000000000, 0.000000000000000000, 24.00000000000000000 ) ) ;
#1343 = VECTOR ( 'NONE', #1278, 1000.000000000000000 ) ;
#1344 = CARTESIAN_POINT ( 'NONE',  ( 31.00000000000000355, -6.000000000000000152E-06, 1.299999999999999600 ) ) ;
#1345 = FACE_OUTER_BOUND ( 'NONE', #563, .T. ) ;
#1346 = ORIENTED_EDGE ( 'NONE', *, *, #281, .T. ) ;
#1347 = AXIS2_PLACEMENT_3D ( 'NONE', #454, #462, #834 ) ;
#1348 = AXIS2_PLACEMENT_3D ( 'NONE', #1326, #119, #506 ) ;
#1349 = CARTESIAN_POINT ( 'NONE',  ( -9.000000000000000000, -1.200000000000000030E-05, 3.000000000000000000 ) ) ;
#1350 = AXIS2_PLACEMENT_3D ( 'NONE', #1726, #773, #252 ) ;
#1351 = APPROVAL_PERSON_ORGANIZATION ( #51, #1127, #1002 ) ;
#1352 = ORIENTED_EDGE ( 'NONE', *, *, #294, .T. ) ;
#1353 = DIRECTION ( 'NONE',  ( -1.000000000000000000, 0.000000000000000000, -0.000000000000000000 ) ) ;
#1354 = EDGE_CURVE ( 'NONE', #96, #233, #620, .T. ) ;
#1355 = CARTESIAN_POINT ( 'NONE',  ( -7.300069511236165098, 0.000000000000000000, 3.225083994885764582 ) ) ;
#1356 = CARTESIAN_POINT ( 'NONE',  ( 31.00000000000000000, 71.00000000000000000, 4.700000000000000178 ) ) ;
#1357 = ORIENTED_EDGE ( 'NONE', *, *, #1354, .F. ) ;
#1358 = ADVANCED_FACE ( 'NONE', ( #1004 ), #211, .F. ) ;
#1359 = PRODUCT_DEFINITION_SHAPE ( 'NONE', 'NONE',  #800 ) ;
#1360 = PLANE ( 'NONE',  #335 ) ;
#1361 = VERTEX_POINT ( 'NONE', #1544 ) ;
#1362 = CARTESIAN_POINT ( 'NONE',  ( -9.000000000000000000, 8.000000000000000000, 19.30000000000000071 ) ) ;
#1363 = LINE ( 'NONE', #1383, #1490 ) ;
#1364 = FACE_BOUND ( 'NONE', #118, .T. ) ;
#1365 = ORIENTED_EDGE ( 'NONE', *, *, #7, .T. ) ;
#1366 = EDGE_CURVE ( 'NONE', #370, #237, #330, .T. ) ;
#1367 = DIRECTION ( 'NONE',  ( 0.000000000000000000, -1.000000000000000000, 0.000000000000000000 ) ) ;
#1368 = VERTEX_POINT ( 'NONE', #612 ) ;
#1369 = DIRECTION ( 'NONE',  ( 1.000000000000000000, -0.000000000000000000, 0.000000000000000000 ) ) ;
#1370 = DIRECTION ( 'NONE',  ( -0.000000000000000000, -0.000000000000000000, 1.000000000000000000 ) ) ;
#1371 = LINE ( 'NONE', #155, #1187 ) ;
#1372 = EDGE_LOOP ( 'NONE', ( #1194, #142, #1539, #994 ) ) ;
#1373 = CARTESIAN_POINT ( 'NONE',  ( 31.00000000000000000, 8.000000000000000000, 19.30000000000000071 ) ) ;
#1374 = DIRECTION ( 'NONE',  ( 0.000000000000000000, -1.000000000000000000, 0.000000000000000000 ) ) ;
#1375 = ORIENTED_EDGE ( 'NONE', *, *, #1420, .F. ) ;
#1376 = ADVANCED_FACE ( 'NONE', ( #762 ), #725, .F. ) ;
#1377 = CIRCLE ( 'NONE', #1182, 1.700000000000000178 ) ;
#1378 = ORIENTED_EDGE ( 'NONE', *, *, #1594, .F. ) ;
#1379 = AXIS2_PLACEMENT_3D ( 'NONE', #1637, #9, #1262 ) ;
#1380 = VECTOR ( 'NONE', #1331, 1000.000000000000000 ) ;
#1381 = CARTESIAN_POINT ( 'NONE',  ( 31.19999999999999929, -1.200000000000000030E-05, 4.688194301613412662 ) ) ;
#1382 = ORGANIZATION ( '未', '未', '' ) ;
#1383 = CARTESIAN_POINT ( 'NONE',  ( -15.59999999999999964, 57.50000000000000000, -1.200000000000000030E-05 ) ) ;
#1384 = APPLICATION_PROTOCOL_DEFINITION ( 'international standard', 'config_control_design', 1994, #1425 ) ;
#1385 = VERTEX_POINT ( 'NONE', #1422 ) ;
#1386 = B_SPLINE_CURVE_WITH_KNOTS ( 'NONE', 3,
 ( #273, #257, #1079, #804, #668, #1205, #1619, #1748, #1355, #535, #174, #31, #1504, #600, #1638, #146, #1099, #154 ),
 .UNSPECIFIED., .F., .F.,
 ( 4, 2, 2, 2, 2, 2, 2, 2, 4 ),
 ( 0.000000000000000000, 0.06249999999999986122, 0.1249999999999997224, 0.1874999999999997502, 0.2499999999999997780, 0.3124999999999997780, 0.3749999999999998335, 0.4374999999999998890, 0.5000000000000000000 ),
 .UNSPECIFIED. ) ;
#1387 = CARTESIAN_POINT ( 'NONE',  ( -21.00000000000000000, 8.000000000000000000, 24.00000000000000000 ) ) ;
#1388 = ORIENTED_EDGE ( 'NONE', *, *, #732, .F. ) ;
#1389 = DIRECTION ( 'NONE',  ( 0.000000000000000000, -1.000000000000000000, 0.000000000000000000 ) ) ;
#1390 = CARTESIAN_POINT ( 'NONE',  ( 29.63871090099800654, -0.000000000000000000, 19.95702773923330042 ) ) ;
#1391 = VERTEX_POINT ( 'NONE', #987 ) ;
#1392 = CARTESIAN_POINT ( 'NONE',  ( -10.50000000000000000, 70.50000000000000000, 3.799999999999998046 ) ) ;
#1393 = ORIENTED_EDGE ( 'NONE', *, *, #616, .F. ) ;
#1394 = VERTEX_POINT ( 'NONE', #595 ) ;
#1395 = DIRECTION ( 'NONE',  ( -0.000000000000000000, 1.000000000000000000, 0.000000000000000000 ) ) ;
#1396 = ADVANCED_FACE ( 'NONE', ( #753 ), #84, .F. ) ;
#1397 = CARTESIAN_POINT ( 'NONE',  ( -11.59999999999999964, 57.50000000000000000, 0.000000000000000000 ) ) ;
#1398 = PERSON_AND_ORGANIZATION ( #1429, #1382 ) ;
#1399 = ORIENTED_EDGE ( 'NONE', *, *, #802, .T. ) ;
#1400 = DIRECTION ( 'NONE',  ( 0.000000000000000000, -0.000000000000000000, -1.000000000000000000 ) ) ;
#1401 = LINE ( 'NONE', #864, #134 ) ;
#1402 = ORIENTED_EDGE ( 'NONE', *, *, #1738, .F. ) ;
#1403 = EDGE_LOOP ( 'NONE', ( #45, #1393, #110, #1621 ) ) ;
#1404 = AXIS2_PLACEMENT_3D ( 'NONE', #1342, #1190, #1353 ) ;
#1405 = CARTESIAN_POINT ( 'NONE',  ( -10.49999999999999822, 49.50000000000000000, 3.799999999999998490 ) ) ;
#1406 = AXIS2_PLACEMENT_3D ( 'NONE', #1334, #1461, #658 ) ;
#1407 = AXIS2_PLACEMENT_3D ( 'NONE', #1349, #1516, #848 ) ;
#1408 = DIRECTION ( 'NONE',  ( -0.000000000000000000, 1.000000000000000000, -0.000000000000000000 ) ) ;
#1409 = CARTESIAN_POINT ( 'NONE',  ( -11.59999999999999964, 0.000000000000000000, 6.000000000000000000 ) ) ;
#1410 = EDGE_CURVE ( 'NONE', #891, #978, #1668, .T. ) ;
#1411 = EDGE_LOOP ( 'NONE', ( #1243, #962, #322, #1733 ) ) ;
#1412 = CARTESIAN_POINT ( 'NONE',  ( 0.000000000000000000, 52.50000000000000000, 6.000000000000000000 ) ) ;
#1413 = EDGE_CURVE ( 'NONE', #350, #1527, #1701, .T. ) ;
#1414 = ORIENTED_EDGE ( 'NONE', *, *, #1084, .F. ) ;
#1415 = CARTESIAN_POINT ( 'NONE',  ( -11.59999999999999964, 57.50000000000000000, -1.200000000000000030E-05 ) ) ;
#1416 = CARTESIAN_POINT ( 'NONE',  ( -21.00000000000000000, 71.00000000000000000, 0.000000000000000000 ) ) ;
#1417 = CARTESIAN_POINT ( 'NONE',  ( -9.225083994885922678, 0.000000000000000000, 19.29993048876420403 ) ) ;
#1418 = CARTESIAN_POINT ( 'NONE',  ( 31.60000000000000142, 52.50000000000000000, -1.200000000000000030E-05 ) ) ;
#1419 = ORIENTED_EDGE ( 'NONE', *, *, #1606, .T. ) ;
#1420 = EDGE_CURVE ( 'NONE', #1614, #233, #479, .T. ) ;
#1421 = CARTESIAN_POINT ( 'NONE',  ( -10.65679534101080961, -0.000000000000000000, 2.557362060151740835 ) ) ;
#1422 = CARTESIAN_POINT ( 'NONE',  ( -10.49999999999999822, 49.50000000000000000, 2.200000000000001510 ) ) ;
#1423 = ORIENTED_EDGE ( 'NONE', *, *, #791, .T. ) ;
#1424 = EDGE_CURVE ( 'NONE', #581, #716, #449, .T. ) ;
#1425 = APPLICATION_CONTEXT ( 'configuration controlled 3d designs of mechanical parts and assemblies' ) ;
#1426 = PLANE ( 'NONE',  #504 ) ;
#1427 = DIRECTION ( 'NONE',  ( 0.000000000000000000, 1.000000000000000000, 0.000000000000000000 ) ) ;
#1428 = CARTESIAN_POINT ( 'NONE',  ( -9.225615804907725703, -0.000000000000000000, 22.70000000000000639 ) ) ;
#1429 = PERSON ( '未', '未', '未', ('未'), ('未'), ('未') ) ;
#1430 = ORIENTED_EDGE ( 'NONE', *, *, #1540, .F. ) ;
#1431 = DIRECTION ( 'NONE',  ( 0.000000000000000000, 0.000000000000000000, 1.000000000000000000 ) ) ;
#1432 = DIRECTION ( 'NONE',  ( -1.000000000000000000, 0.000000000000000000, 0.000000000000000000 ) ) ;
#1433 = ORIENTED_EDGE ( 'NONE', *, *, #537, .F. ) ;
#1434 = CARTESIAN_POINT ( 'NONE',  ( 0.000000000000000000, 70.50000000000000000, 6.000000000000000000 ) ) ;
#1435 = EDGE_CURVE ( 'NONE', #497, #581, #394, .T. ) ;
#1436 = CARTESIAN_POINT ( 'NONE',  ( 32.48452350954386247, -0.000000000000000000, 20.14146106820963666 ) ) ;
#1437 = CARTESIAN_POINT ( 'NONE',  ( 43.00000000000000000, 0.000000000000000000, 0.000000000000000000 ) ) ;
#1438 = VECTOR ( 'NONE', #796, 1000.000000000000000 ) ;
#1439 = VECTOR ( 'NONE', #481, 1000.000000000000000 ) ;
#1440 = CARTESIAN_POINT ( 'NONE',  ( 29.34320465898994001, -0.000000000000000000, 20.55736206014979928 ) ) ;
#1441 = VERTEX_POINT ( 'NONE', #805 ) ;
#1442 = CARTESIAN_POINT ( 'NONE',  ( -9.225083994885922678, 0.000000000000000000, 1.299930488764205805 ) ) ;
#1443 = CARTESIAN_POINT ( 'NONE',  ( -9.000000000000000000, 71.00000000000000000, 3.000000000000000000 ) ) ;
#1444 = EDGE_LOOP ( 'NONE', ( #1017, #33, #771, #409 ) ) ;
#1445 = DIRECTION ( 'NONE',  ( -0.000000000000000000, -0.000000000000000000, 1.000000000000000000 ) ) ;
#1446 = CARTESIAN_POINT ( 'NONE',  ( 0.000000000000000000, 67.50000000000000000, 0.000000000000000000 ) ) ;
#1447 = EDGE_CURVE ( 'NONE', #1169, #812, #956, .T. ) ;
#1448 = CARTESIAN_POINT ( 'NONE',  ( 31.60000000000000142, 67.50000000000000000, -1.200000000000000030E-05 ) ) ;
#1449 = ORIENTED_EDGE ( 'NONE', *, *, #230, .F. ) ;
#1450 = LINE ( 'NONE', #91, #1518 ) ;
#1451 = LINE ( 'NONE', #656, #625 ) ;
#1452 = ORIENTED_EDGE ( 'NONE', *, *, #244, .T. ) ;
#1453 = DIRECTION ( 'NONE',  ( 0.000000000000000000, 1.000000000000000000, 0.000000000000000000 ) ) ;
#1454 = CARTESIAN_POINT ( 'NONE',  ( -11.59999999999999964, 67.50000000000000000, -1.200000000000000030E-05 ) ) ;
#1455 = CALENDAR_DATE ( 2026, 17, 9 ) ;
#1456 = VERTEX_POINT ( 'NONE', #1338 ) ;
#1457 = EDGE_CURVE ( 'NONE', #1671, #1529, #1715, .T. ) ;
#1458 = DIRECTION ( 'NONE',  ( -0.000000000000000000, -0.000000000000000000, 1.000000000000000000 ) ) ;
#1459 = DIRECTION ( 'NONE',  ( 0.000000000000000000, 1.000000000000000000, 0.000000000000000000 ) ) ;
#1460 = VERTEX_POINT ( 'NONE', #1042 ) ;
#1461 = DIRECTION ( 'NONE',  ( 0.000000000000000000, -1.000000000000000000, 0.000000000000000000 ) ) ;
#1462 = CARTESIAN_POINT ( 'NONE',  ( 31.00000000000000000, 49.50000000000000000, 3.000000000000000000 ) ) ;
#1463 = DATE_AND_TIME ( #1172, #191 ) ;
#1464 = VECTOR ( 'NONE', #843, 1000.000000000000000 ) ;
#1465 = CARTESIAN_POINT ( 'NONE',  ( -7.299930488763834546, -0.000000000000000000, 20.77491600511498149 ) ) ;
#1466 = APPROVAL ( #1722, '未' ) ;
#1467 = FACE_BOUND ( 'NONE', #1750, .T. ) ;
#1468 = ORIENTED_EDGE ( 'NONE', *, *, #1366, .T. ) ;
#1469 = AXIS2_PLACEMENT_3D ( 'NONE', #1086, #1104, #1249 ) ;
#1470 = VECTOR ( 'NONE', #1176, 1000.000000000000000 ) ;
#1471 = CARTESIAN_POINT ( 'NONE',  ( 0.000000000000000000, 62.50000000000000000, 0.000000000000000000 ) ) ;
#1472 = CARTESIAN_POINT ( 'NONE',  ( 35.60000000000000142, 0.000000000000000000, 0.000000000000000000 ) ) ;
#1473 = CARTESIAN_POINT ( 'NONE',  ( 32.04287395702759511, 0.000000000000000000, 4.361190795275190268 ) ) ;
#1474 = CARTESIAN_POINT ( 'NONE',  ( -9.000000000000000000, 49.50000000000000000, 3.000000000000000000 ) ) ;
#1475 = EDGE_LOOP ( 'NONE', ( #973, #976 ) ) ;
#1476 = DIRECTION ( 'NONE',  ( 1.000000000000000000, -0.000000000000000000, 0.000000000000000000 ) ) ;
#1477 = EDGE_CURVE ( 'NONE', #1277, #167, #1451, .T. ) ;
#1478 = PLANE ( 'NONE',  #649 ) ;
#1479 = LINE ( 'NONE', #416, #14 ) ;
#1480 = DIRECTION ( 'NONE',  ( -0.000000000000000000, -0.000000000000000000, 1.000000000000000000 ) ) ;
#1481 = VERTEX_POINT ( 'NONE', #1184 ) ;
#1482 = FACE_OUTER_BOUND ( 'NONE', #1081, .T. ) ;
#1483 = ADVANCED_FACE ( 'NONE', ( #921 ), #1193, .F. ) ;
#1484 = ORIENTED_EDGE ( 'NONE', *, *, #240, .F. ) ;
#1485 = FACE_OUTER_BOUND ( 'NONE', #347, .T. ) ;
#1486 = EDGE_CURVE ( 'NONE', #47, #618, #117, .T. ) ;
#1487 = DIRECTION ( 'NONE',  ( 0.000000000000000000, 0.000000000000000000, 1.000000000000000000 ) ) ;
#1488 = CARTESIAN_POINT ( 'NONE',  ( -15.59999999999999964, 0.000000000000000000, 6.000000000000000000 ) ) ;
#1489 = ORIENTED_EDGE ( 'NONE', *, *, #376, .T. ) ;
#1490 = VECTOR ( 'NONE', #1370, 1000.000000000000000 ) ;
#1491 = VECTOR ( 'NONE', #461, 1000.000000000000000 ) ;
#1492 = CARTESIAN_POINT ( 'NONE',  ( 31.00000000000000000, 8.000000000000000000, 21.00000000000000000 ) ) ;
#1493 = VECTOR ( 'NONE', #1168, 1000.000000000000000 ) ;
#1494 = ORIENTED_EDGE ( 'NONE', *, *, #755, .T. ) ;
#1495 = CARTESIAN_POINT ( 'NONE',  ( -15.59999999999999964, 67.50000000000000000, -1.200000000000000030E-05 ) ) ;
#1496 = EDGE_CURVE ( 'NONE', #1385, #943, #846, .T. ) ;
#1497 = CARTESIAN_POINT ( 'NONE',  ( 32.48439506952831124, 0.000000000000000000, 3.858485730194677110 ) ) ;
#1498 = CARTESIAN_POINT ( 'NONE',  ( 43.00000000000000000, 0.000000000000000000, 24.00000000000000000 ) ) ;
#1499 = ORIENTED_EDGE ( 'NONE', *, *, #1486, .T. ) ;
#1500 = DIRECTION ( 'NONE',  ( -0.000000000000000000, -0.000000000000000000, 1.000000000000000000 ) ) ;
#1501 = ORIENTED_EDGE ( 'NONE', *, *, #1447, .F. ) ;
#1502 = ORIENTED_EDGE ( 'NONE', *, *, #1587, .F. ) ;
#1503 = CARTESIAN_POINT ( 'NONE',  ( 0.000000000000000000, 52.50000000000000000, 0.000000000000000000 ) ) ;
#1504 = CARTESIAN_POINT ( 'NONE',  ( -7.638809204729263058, 0.000000000000000000, 1.957126042969049795 ) ) ;
#1505 = FACE_BOUND ( 'NONE', #312, .T. ) ;
#1506 = EDGE_CURVE ( 'NONE', #783, #1623, #1028, .T. ) ;
#1507 = ORIENTED_EDGE ( 'NONE', *, *, #593, .T. ) ;
#1508 = FACE_OUTER_BOUND ( 'NONE', #839, .T. ) ;
#1509 = CARTESIAN_POINT ( 'NONE',  ( -21.00000000000000000, 71.00000000000000000, 6.000000000000000000 ) ) ;
#1510 = ORIENTED_EDGE ( 'NONE', *, *, #120, .F. ) ;
#1511 = EDGE_LOOP ( 'NONE', ( #710, #73, #245, #1502 ) ) ;
#1512 = DIRECTION ( 'NONE',  ( -0.000000000000000000, 1.000000000000000000, 0.000000000000000000 ) ) ;
#1513 = CARTESIAN_POINT ( 'NONE',  ( 31.00000000000000000, 8.000000000000000000, 21.00000000000000000 ) ) ;
#1514 = CARTESIAN_POINT ( 'NONE',  ( 31.00000000000000000, 49.50000000000000000, 1.300000000000000044 ) ) ;
#1515 = ORIENTED_EDGE ( 'NONE', *, *, #676, .T. ) ;
#1516 = DIRECTION ( 'NONE',  ( -0.000000000000000000, 1.000000000000000000, -0.000000000000000000 ) ) ;
#1517 = EDGE_LOOP ( 'NONE', ( #865, #1148, #1039, #411, #644, #960 ) ) ;
#1518 = VECTOR ( 'NONE', #881, 1000.000000000000000 ) ;
#1519 = EDGE_CURVE ( 'NONE', #978, #1285, #243, .T. ) ;
#1520 = AXIS2_PLACEMENT_3D ( 'NONE', #1492, #709, #438 ) ;
#1521 = EDGE_LOOP ( 'NONE', ( #1589, #514, #1687, #1226 ) ) ;
#1522 = CIRCLE ( 'NONE', #130, 1.700000000000000178 ) ;
#1523 = AXIS2_PLACEMENT_3D ( 'NONE', #140, #1242, #299 ) ;
#1524 = CARTESIAN_POINT ( 'NONE',  ( 31.60000000000000142, 62.50000000000000000, 0.000000000000000000 ) ) ;
#1525 = DIRECTION ( 'NONE',  ( -0.000000000000000000, 1.000000000000000000, 0.000000000000000000 ) ) ;
#1526 = CARTESIAN_POINT ( 'NONE',  ( 31.60000000000000142, 62.50000000000000000, -1.200000000000000030E-05 ) ) ;
#1527 = VERTEX_POINT ( 'NONE', #1321 ) ;
#1528 = PLANE ( 'NONE',  #367 ) ;
#1529 = VERTEX_POINT ( 'NONE', #109 ) ;
#1530 = EDGE_CURVE ( 'NONE', #567, #1169, #1741, .T. ) ;
#1531 = ORIENTED_EDGE ( 'NONE', *, *, #1025, .T. ) ;
#1532 = PLANE ( 'NONE',  #1547 ) ;
#1533 = LINE ( 'NONE', #318, #899 ) ;
#1534 = APPROVAL_DATE_TIME ( #1274, #1055 ) ;
#1535 = ORIENTED_EDGE ( 'NONE', *, *, #55, .T. ) ;
#1536 = CARTESIAN_POINT ( 'NONE',  ( 31.00000000000000355, -6.000000000000000152E-06, 19.30000000000000071 ) ) ;
#1537 = CARTESIAN_POINT ( 'NONE',  ( 0.000000000000000000, 57.50000000000000000, 0.000000000000000000 ) ) ;
#1538 = ORIENTED_EDGE ( 'NONE', *, *, #1025, .F. ) ;
#1539 = ORIENTED_EDGE ( 'NONE', *, *, #1695, .T. ) ;
#1540 = EDGE_CURVE ( 'NONE', #875, #1302, #372, .T. ) ;
#1541 = CARTESIAN_POINT ( 'NONE',  ( -9.000000000000000000, 49.50000000000000000, 1.300000000000000044 ) ) ;
#1542 = LINE ( 'NONE', #693, #588 ) ;
#1543 = ORIENTED_EDGE ( 'NONE', *, *, #423, .T. ) ;
#1544 = CARTESIAN_POINT ( 'NONE',  ( -15.59999999999999964, 52.50000000000000000, 0.000000000000000000 ) ) ;
#1545 = ORIENTED_EDGE ( 'NONE', *, *, #1279, .F. ) ;
#1546 = DIRECTION ( 'NONE',  ( 0.000000000000000000, 0.000000000000000000, 1.000000000000000000 ) ) ;
#1547 = AXIS2_PLACEMENT_3D ( 'NONE', #1112, #587, #1653 ) ;
#1548 = CARTESIAN_POINT ( 'NONE',  ( 31.60000000000000142, 67.50000000000000000, -1.200000000000000030E-05 ) ) ;
#1549 = CIRCLE ( 'NONE', #1209, 1.700000000000000178 ) ;
#1550 = AXIS2_PLACEMENT_3D ( 'NONE', #313, #1689, #1269 ) ;
#1551 = DIRECTION ( 'NONE',  ( -0.000000000000000000, -0.000000000000000000, 1.000000000000000000 ) ) ;
#1552 = CYLINDRICAL_SURFACE ( 'NONE', #1211, 1.700000000000000178 ) ;
#1553 = ORIENTED_EDGE ( 'NONE', *, *, #1035, .T. ) ;
#1554 = LOCAL_TIME ( 12, 1, 50.00000000000000000, #1732 ) ;
#1555 = EDGE_CURVE ( 'NONE', #1246, #1012, #359, .T. ) ;
#1556 = LINE ( 'NONE', #1183, #75 ) ;
#1557 = CARTESIAN_POINT ( 'NONE',  ( 31.19999999999999929, 70.50000000000000000, 0.000000000000000000 ) ) ;
#1558 = ORIENTED_EDGE ( 'NONE', *, *, #254, .F. ) ;
#1559 = LINE ( 'NONE', #1415, #10 ) ;
#1560 = CARTESIAN_POINT ( 'NONE',  ( 31.19999999999999929, 0.000000000000000000, 0.000000000000000000 ) ) ;
#1561 = CARTESIAN_POINT ( 'NONE',  ( -21.00000000000000000, 0.000000000000000000, 24.00000000000000000 ) ) ;
#1562 = LINE ( 'NONE', #1409, #306 ) ;
#1563 = VERTEX_POINT ( 'NONE', #521 ) ;
#1564 = CARTESIAN_POINT ( 'NONE',  ( -9.442469749914611299, -0.000000000000000000, 4.656865068423062581 ) ) ;
#1565 = ADVANCED_FACE ( 'NONE', ( #386, #1467, #1364, #1505, #948, #1345 ), #705, .F. ) ;
#1566 = DIRECTION ( 'NONE',  ( 0.000000000000000000, 0.000000000000000000, 1.000000000000000000 ) ) ;
#1567 = VERTEX_POINT ( 'NONE', #821 ) ;
#1568 = CARTESIAN_POINT ( 'NONE',  ( -21.00000000000000000, 0.000000000000000000, 24.00000000000000000 ) ) ;
#1569 = CARTESIAN_POINT ( 'NONE',  ( -9.000000000000000000, 70.49999999999998579, 3.000000000000000000 ) ) ;
#1570 = DIRECTION ( 'NONE',  ( 0.000000000000000000, 1.000000000000000000, 0.000000000000000000 ) ) ;
#1571 = DIRECTION ( 'NONE',  ( -0.000000000000000000, 1.000000000000000000, 0.000000000000000000 ) ) ;
#1572 = PERSON_AND_ORGANIZATION ( #1429, #1382 ) ;
#1573 = EDGE_LOOP ( 'NONE', ( #500, #1061, #853, #1736 ) ) ;
#1574 = LINE ( 'NONE', #1283, #1038 ) ;
#1575 = CARTESIAN_POINT ( 'NONE',  ( -9.000000000000000000, -1.200000000000000030E-05, 4.700000000000000178 ) ) ;
#1576 = VERTEX_POINT ( 'NONE', #1214 ) ;
#1577 = LINE ( 'NONE', #1416, #1491 ) ;
#1578 = VECTOR ( 'NONE', #1037, 1000.000000000000000 ) ;
#1579 = VECTOR ( 'NONE', #515, 1000.000000000000000 ) ;
#1580 = CARTESIAN_POINT ( 'NONE',  ( 29.63880920472810132, 0.000000000000000000, 22.04287395703016372 ) ) ;
#1581 = ORIENTED_EDGE ( 'NONE', *, *, #1424, .F. ) ;
#1582 = VECTOR ( 'NONE', #1206, 1000.000000000000000 ) ;
#1583 = DIRECTION ( 'NONE',  ( 0.000000000000000000, 0.000000000000000000, 1.000000000000000000 ) ) ;
#1584 = DIRECTION ( 'NONE',  ( 1.000000000000000000, 0.000000000000000000, 0.000000000000000000 ) ) ;
#1585 = ORIENTED_EDGE ( 'NONE', *, *, #808, .T. ) ;
#1586 = FACE_OUTER_BOUND ( 'NONE', #640, .T. ) ;
#1587 = EDGE_CURVE ( 'NONE', #1460, #223, #1646, .T. ) ;
#1588 = CARTESIAN_POINT ( 'NONE',  ( 43.00000000000000000, 71.00000000000000000, 6.000000000000000000 ) ) ;
#1589 = ORIENTED_EDGE ( 'NONE', *, *, #828, .T. ) ;
#1590 = CARTESIAN_POINT ( 'NONE',  ( 31.60000000000000142, 57.50000000000000000, -1.200000000000000030E-05 ) ) ;
#1591 = CARTESIAN_POINT ( 'NONE',  ( 30.55753025008650781, -0.000000000000000000, 4.656865068423062581 ) ) ;
#1592 = ORIENTED_EDGE ( 'NONE', *, *, #808, .F. ) ;
#1593 = LINE ( 'NONE', #930, #842 ) ;
#1594 = EDGE_CURVE ( 'NONE', #237, #23, #434, .T. ) ;
#1595 = CARTESIAN_POINT ( 'NONE',  ( 31.00000000000000000, 70.49999999999998579, 3.000000000000000000 ) ) ;
#1596 = ORIENTED_EDGE ( 'NONE', *, *, #1695, .F. ) ;
#1597 = UNCERTAINTY_MEASURE_WITH_UNIT (LENGTH_MEASURE( 1.000000000000000082E-05 ), #1135, 'distance_accuracy_value', 'NONE');
#1598 = CARTESIAN_POINT ( 'NONE',  ( -8.141514269807105464, 0.000000000000000000, 19.51560493047243838 ) ) ;
#1599 = CARTESIAN_POINT ( 'NONE',  ( 30.14134607987218928, 0.000000000000000000, 4.484325342115312196 ) ) ;
#1600 = VERTEX_POINT ( 'NONE', #274 ) ;
#1601 = CARTESIAN_POINT ( 'NONE',  ( 31.00000000000000000, 49.50000000000000000, 3.000000000000000000 ) ) ;
#1602 = CARTESIAN_POINT ( 'NONE',  ( -9.000000000000000000, 70.49999999999998579, 4.700000000000000178 ) ) ;
#1603 = AXIS2_PLACEMENT_3D ( 'NONE', #1561, #1171, #231 ) ;
#1604 = CARTESIAN_POINT ( 'NONE',  ( -9.000000000000000000, -6.000000000000000152E-06, 22.70000000000000284 ) ) ;
#1605 = CARTESIAN_POINT ( 'NONE',  ( 30.14146106821291582, -0.000000000000000000, 1.515476490455083480 ) ) ;
#1606 = EDGE_CURVE ( 'NONE', #783, #1633, #1613, .T. ) ;
#1607 = EDGE_LOOP ( 'NONE', ( #790, #1254, #754, #1507 ) ) ;
#1608 = VECTOR ( 'NONE', #1019, 1000.000000000000000 ) ;
#1609 = VECTOR ( 'NONE', #678, 1000.000000000000000 ) ;
#1610 = FACE_OUTER_BOUND ( 'NONE', #1130, .T. ) ;
#1611 = DIRECTION ( 'NONE',  ( -0.000000000000000000, 1.000000000000000000, 0.000000000000000000 ) ) ;
#1612 = CARTESIAN_POINT ( 'NONE',  ( 32.69993048876345654, 0.000000000000000000, 3.225083994884873739 ) ) ;
#1613 = LINE ( 'NONE', #959, #276 ) ;
#1614 = VERTEX_POINT ( 'NONE', #1356 ) ;
#1615 = EDGE_CURVE ( 'NONE', #724, #47, #707, .T. ) ;
#1616 = DIRECTION ( 'NONE',  ( -0.000000000000000000, 1.000000000000000000, -0.000000000000000000 ) ) ;
#1617 = B_SPLINE_CURVE_WITH_KNOTS ( 'NONE', 3,
 ( #1604, #264, #1734, #399, #810, #941, #1087, #520, #526, #1465, #1627, #934, #797, #1059, #1598, #662, #385, #1213 ),
 .UNSPECIFIED., .F., .F.,
 ( 4, 2, 2, 2, 2, 2, 2, 2, 4 ),
 ( 0.000000000000000000, 0.06250000000000000000, 0.1250000000000000000, 0.1875000000000000000, 0.2500000000000000000, 0.3125000000000000000, 0.3750000000000000000, 0.4375000000000000000, 0.5000000000000000000 ),
 .UNSPECIFIED. ) ;
#1618 = DIRECTION ( 'NONE',  ( 0.000000000000000000, 0.000000000000000000, -1.000000000000000000 ) ) ;
#1619 = CARTESIAN_POINT ( 'NONE',  ( -7.515604930472060907, 0.000000000000000000, 3.858485730192894092 ) ) ;
#1620 = DIRECTION ( 'NONE',  ( 0.000000000000000000, 0.000000000000000000, -1.000000000000000000 ) ) ;
#1621 = ORIENTED_EDGE ( 'NONE', *, *, #467, .F. ) ;
#1622 = CARTESIAN_POINT ( 'NONE',  ( -9.000000000000000000, 49.50000000000000000, 3.000000000000000000 ) ) ;
#1623 = VERTEX_POINT ( 'NONE', #1107 ) ;
#1624 = EDGE_CURVE ( 'NONE', #698, #779, #827, .T. ) ;
#1625 = ORIENTED_EDGE ( 'NONE', *, *, #938, .F. ) ;
#1626 = PLANE ( 'NONE',  #248 ) ;
#1627 = CARTESIAN_POINT ( 'NONE',  ( -7.343333099005748821, 0.000000000000000000, 20.55741526174842804 ) ) ;
#1628 = CARTESIAN_POINT ( 'NONE',  ( 31.60000000000000142, -1.200000000000000030E-05, 4.590597372058685011 ) ) ;
#1629 = EDGE_LOOP ( 'NONE', ( #855, #209, #300, #36 ) ) ;
#1630 = VECTOR ( 'NONE', #785, 1000.000000000000000 ) ;
#1631 = VECTOR ( 'NONE', #192, 1000.000000000000000 ) ;
#1632 = CARTESIAN_POINT ( 'NONE',  ( -10.50000000000000000, 70.50000000000000000, -1.200000000000000030E-05 ) ) ;
#1633 = VERTEX_POINT ( 'NONE', #1514 ) ;
#1634 = VECTOR ( 'NONE', #1432, 1000.000000000000000 ) ;
#1635 = ORIENTED_EDGE ( 'NONE', *, *, #699, .F. ) ;
#1636 = ADVANCED_FACE ( 'NONE', ( #942 ), #965, .F. ) ;
#1637 = CARTESIAN_POINT ( 'NONE',  ( -15.59999999999999964, 52.50000000000000000, -1.200000000000000030E-05 ) ) ;
#1638 = CARTESIAN_POINT ( 'NONE',  ( -8.141514269807103688, 0.000000000000000000, 1.515604930472429279 ) ) ;
#1639 = CARTESIAN_POINT ( 'NONE',  ( 31.19999999999999929, 49.50000000000000000, 6.000000000000000000 ) ) ;
#1640 = ORIENTED_EDGE ( 'NONE', *, *, #1098, .F. ) ;
#1641 = CARTESIAN_POINT ( 'NONE',  ( -21.00000000000000000, 8.000000000000000000, 24.00000000000000000 ) ) ;
#1642 = CARTESIAN_POINT ( 'NONE',  ( -15.59999999999999964, 52.50000000000000000, -1.200000000000000030E-05 ) ) ;
#1643 = ORIENTED_EDGE ( 'NONE', *, *, #1648, .F. ) ;
#1644 = CARTESIAN_POINT ( 'NONE',  ( -9.000000000000000000, 8.000000000000000000, 21.00000000000000000 ) ) ;
#1645 = CARTESIAN_POINT ( 'NONE',  ( -10.50000000000000000, 70.50000000000000000, 6.000000000000000000 ) ) ;
#1646 = LINE ( 'NONE', #972, #1582 ) ;
#1647 = ORIENTED_EDGE ( 'NONE', *, *, #384, .F. ) ;
#1648 = EDGE_CURVE ( 'NONE', #314, #370, #1074, .T. ) ;
#1649 = CYLINDRICAL_SURFACE ( 'NONE', #42, 1.700000000000000178 ) ;
#1650 = DIRECTION ( 'NONE',  ( 1.000000000000000000, 0.000000000000000000, 0.000000000000000000 ) ) ;
#1651 = EDGE_LOOP ( 'NONE', ( #279, #1489 ) ) ;
#1652 = EDGE_LOOP ( 'NONE', ( #421, #557, #554, #836 ) ) ;
#1653 = DIRECTION ( 'NONE',  ( 0.000000000000000000, 0.000000000000000000, -1.000000000000000000 ) ) ;
#1654 = CARTESIAN_POINT ( 'NONE',  ( 31.00000000000000355, -6.000000000000000152E-06, 19.30000000000000071 ) ) ;
#1655 = CALENDAR_DATE ( 2026, 17, 9 ) ;
#1656 = ORIENTED_EDGE ( 'NONE', *, *, #384, .T. ) ;
#1657 = EDGE_CURVE ( 'NONE', #1527, #1361, #408, .T. ) ;
#1658 = CARTESIAN_POINT ( 'NONE',  ( -21.00000000000000000, 0.000000000000000000, 6.000000000000000000 ) ) ;
#1659 = EDGE_LOOP ( 'NONE', ( #1275, #575 ) ) ;
#1660 = VECTOR ( 'NONE', #1097, 1000.000000000000000 ) ;
#1661 = VECTOR ( 'NONE', #523, 1000.000000000000000 ) ;
#1662 = ORIENTED_EDGE ( 'NONE', *, *, #908, .T. ) ;
#1663 = VECTOR ( 'NONE', #1735, 1000.000000000000000 ) ;
#1664 = DIRECTION ( 'NONE',  ( -0.000000000000000000, -0.000000000000000000, 1.000000000000000000 ) ) ;
#1665 = CARTESIAN_POINT ( 'NONE',  ( -11.59999999999999964, 57.50000000000000000, 6.000000000000000000 ) ) ;
#1666 = APPROVAL_STATUS ( 'not_yet_approved' ) ;
#1667 = EDGE_LOOP ( 'NONE', ( #1247, #1139, #1165, #1433 ) ) ;
#1668 = LINE ( 'NONE', #995, #674 ) ;
#1669 = ORIENTED_EDGE ( 'NONE', *, *, #111, .F. ) ;
#1670 = EDGE_CURVE ( 'NONE', #497, #724, #1755, .T. ) ;
#1671 = VERTEX_POINT ( 'NONE', #22 ) ;
#1672 = ADVANCED_FACE ( 'NONE', ( #291 ), #694, .F. ) ;
#1673 = PLANE ( 'NONE',  #1157 ) ;
#1674 = PLANE ( 'NONE',  #128 ) ;
#1675 = PERSON_AND_ORGANIZATION_ROLE ( 'design_owner' ) ;
#1676 = ORIENTED_EDGE ( 'NONE', *, *, #974, .F. ) ;
#1677 = LINE ( 'NONE', #708, #126 ) ;
#1678 = CARTESIAN_POINT ( 'NONE',  ( 31.60000000000000142, 67.50000000000000000, -1.200000000000000030E-05 ) ) ;
#1679 = ORIENTED_EDGE ( 'NONE', *, *, #802, .F. ) ;
#1680 = B_SPLINE_CURVE_WITH_KNOTS ( 'NONE', 3,
 ( #1654, #983, #310, #852, #1256, #1390, #722, #1440, #1273, #1020, #1180, #470, #1580, #608, #1143, #499, #1721, #740 ),
 .UNSPECIFIED., .F., .F.,
 ( 4, 2, 2, 2, 2, 2, 2, 2, 4 ),
 ( 0.5000000000000003331, 0.5625000000000003331, 0.6250000000000002220, 0.6875000000000002220, 0.7500000000000002220, 0.8125000000000001110, 0.8750000000000001110, 0.9375000000000000000, 1.000000000000000000 ),
 .UNSPECIFIED. ) ;
#1681 = CC_DESIGN_PERSON_AND_ORGANIZATION_ASSIGNMENT ( #1572, #232, ( #18 ) ) ;
#1682 = CARTESIAN_POINT ( 'NONE',  ( 31.19999999999999929, 49.50000000000000000, -8.271806125530276749E-22 ) ) ;
#1683 = FACE_BOUND ( 'NONE', #1058, .T. ) ;
#1684 = EDGE_CURVE ( 'NONE', #275, #1394, #1371, .T. ) ;
#1685 = FACE_BOUND ( 'NONE', #1259, .T. ) ;
#1686 = APPROVAL_DATE_TIME ( #1144, #1127 ) ;
#1687 = ORIENTED_EDGE ( 'NONE', *, *, #151, .T. ) ;
#1688 = CARTESIAN_POINT ( 'NONE',  ( 31.00000000000000000, 67.49999999999998579, 3.000000000000000000 ) ) ;
#1689 = DIRECTION ( 'NONE',  ( -0.000000000000000000, 1.000000000000000000, -0.000000000000000000 ) ) ;
#1690 = ORIENTED_EDGE ( 'NONE', *, *, #1738, .T. ) ;
#1691 = CARTESIAN_POINT ( 'NONE',  ( -11.59999999999999964, 62.50000000000000000, -1.200000000000000030E-05 ) ) ;
#1692 = VECTOR ( 'NONE', #1551, 1000.000000000000000 ) ;
#1693 = LINE ( 'NONE', #229, #560 ) ;
#1694 = VECTOR ( 'NONE', #1427, 1000.000000000000000 ) ;
#1695 = EDGE_CURVE ( 'NONE', #1713, #1716, #844, .T. ) ;
#1696 = VECTOR ( 'NONE', #471, 1000.000000000000000 ) ;
#1697 = CARTESIAN_POINT ( 'NONE',  ( -10.36119079527047404, 0.000000000000000000, 22.04287395703121177 ) ) ;
#1698 = DIRECTION ( 'NONE',  ( 0.000000000000000000, 0.000000000000000000, 1.000000000000000000 ) ) ;
#1699 = ORIENTED_EDGE ( 'NONE', *, *, #1486, .F. ) ;
#1700 = CARTESIAN_POINT ( 'NONE',  ( -10.65666690099488889, 0.000000000000000000, 3.442584738250936471 ) ) ;
#1701 = LINE ( 'NONE', #1537, #1264 ) ;
#1702 = VERTEX_POINT ( 'NONE', #1230 ) ;
#1703 = CARTESIAN_POINT ( 'NONE',  ( 32.70006951123652783, -0.000000000000000000, 20.77491600511587322 ) ) ;
#1704 = DIRECTION ( 'NONE',  ( 0.000000000000000000, 0.000000000000000000, 1.000000000000000000 ) ) ;
#1705 = FACE_OUTER_BOUND ( 'NONE', #163, .T. ) ;
#1706 = ORIENTED_EDGE ( 'NONE', *, *, #425, .T. ) ;
#1707 = LINE ( 'NONE', #225, #530 ) ;
#1708 = CARTESIAN_POINT ( 'NONE',  ( 29.95712604296720016, 0.000000000000000000, 1.638809204732967650 ) ) ;
#1709 = ORIENTED_EDGE ( 'NONE', *, *, #1047, .T. ) ;
#1710 = CARTESIAN_POINT ( 'NONE',  ( -9.000000000000000000, 71.00000000000000000, 3.000000000000000000 ) ) ;
#1711 = LINE ( 'NONE', #869, #1578 ) ;
#1712 = PERSON_AND_ORGANIZATION_ROLE ( 'creator' ) ;
#1713 = VERTEX_POINT ( 'NONE', #1100 ) ;
#1714 = CARTESIAN_POINT ( 'NONE',  ( -9.858538931789095017, -0.000000000000000000, 1.515476490455610392 ) ) ;
#1715 = LINE ( 'NONE', #901, #1380 ) ;
#1716 = VERTEX_POINT ( 'NONE', #1639 ) ;
#1717 = EDGE_CURVE ( 'NONE', #93, #259, #12, .T. ) ;
#1718 = DIRECTION ( 'NONE',  ( -0.000000000000000000, -0.000000000000000000, 1.000000000000000000 ) ) ;
#1719 = VECTOR ( 'NONE', #337, 1000.000000000000000 ) ;
#1720 = AXIS2_PLACEMENT_3D ( 'NONE', #1548, #366, #757 ) ;
#1721 = CARTESIAN_POINT ( 'NONE',  ( 30.77438419509338985, -0.000000000000000000, 22.70000000000000639 ) ) ;
#1722 = APPROVAL_STATUS ( 'not_yet_approved' ) ;
#1723 = ORIENTED_EDGE ( 'NONE', *, *, #65, .T. ) ;
#1724 = VECTOR ( 'NONE', #1088, 1000.000000000000000 ) ;
#1725 = CARTESIAN_POINT ( 'NONE',  ( 31.60000000000000142, 67.50000000000000000, 6.000000000000000000 ) ) ;
#1726 = CARTESIAN_POINT ( 'NONE',  ( -9.000000000000000000, -1.200000000000000030E-05, 3.000000000000000000 ) ) ;
#1727 = VERTEX_POINT ( 'NONE', #571 ) ;
#1728 = LINE ( 'NONE', #246, #1579 ) ;
#1729 = EDGE_CURVE ( 'NONE', #23, #320, #542, .T. ) ;
#1730 = EDGE_CURVE ( 'NONE', #253, #1460, #69, .T. ) ;
#1731 = LINE ( 'NONE', #1078, #1319 ) ;
#1732 = COORDINATED_UNIVERSAL_TIME_OFFSET ( 5, 0, .BEHIND. ) ;
#1733 = ORIENTED_EDGE ( 'NONE', *, *, #1166, .F. ) ;
#1734 = CARTESIAN_POINT ( 'NONE',  ( -8.557415261748692714, -0.000000000000000000, 22.65666690099451586 ) ) ;
#1735 = DIRECTION ( 'NONE',  ( 0.000000000000000000, 1.000000000000000000, 0.000000000000000000 ) ) ;
#1736 = ORIENTED_EDGE ( 'NONE', *, *, #1457, .F. ) ;
#1737 = CYLINDRICAL_SURFACE ( 'NONE', #1096, 1.700000000000000178 ) ;
#1738 = EDGE_CURVE ( 'NONE', #288, #296, #1562, .T. ) ;
#1739 = LINE ( 'NONE', #114, #1040 ) ;
#1740 = DIRECTION ( 'NONE',  ( -0.000000000000000000, 1.000000000000000000, -0.000000000000000000 ) ) ;
#1741 = LINE ( 'NONE', #1575, #1470 ) ;
#1742 = ORIENTED_EDGE ( 'NONE', *, *, #955, .F. ) ;
#1743 = LINE ( 'NONE', #388, #764 ) ;
#1744 = DIRECTION ( 'NONE',  ( 0.000000000000000000, -1.000000000000000000, 0.000000000000000000 ) ) ;
#1745 = AXIS2_PLACEMENT_3D ( 'NONE', #398, #933, #517 ) ;
#1746 = ADVANCED_FACE ( 'NONE', ( #731 ), #1552, .F. ) ;
#1747 = CIRCLE ( 'NONE', #1520, 1.700000000000000178 ) ;
#1748 = CARTESIAN_POINT ( 'NONE',  ( -7.343204658989566092, -0.000000000000000000, 3.442637939848413264 ) ) ;
#1749 = DIRECTION ( 'NONE',  ( -0.000000000000000000, 1.000000000000000000, 0.000000000000000000 ) ) ;
#1750 = EDGE_LOOP ( 'NONE', ( #763, #1111, #413, #690 ) ) ;
#1751 = AXIS2_PLACEMENT_3D ( 'NONE', #1024, #1117, #321 ) ;
#1752 = DIRECTION ( 'NONE',  ( 0.000000000000000000, 0.000000000000000000, 1.000000000000000000 ) ) ;
#1753 = DIRECTION ( 'NONE',  ( -0.000000000000000000, -0.000000000000000000, 1.000000000000000000 ) ) ;
#1754 = CARTESIAN_POINT ( 'NONE',  ( 32.65666690099504166, 0.000000000000000000, 2.557415261749591551 ) ) ;
#1755 = LINE ( 'NONE', #1628, #986 ) ;
#1756 = VERTEX_POINT ( 'NONE', #580 ) ;
#1757 = ADVANCED_FACE ( 'NONE', ( #338 ), #879, .F. ) ;
#1758 = CARTESIAN_POINT ( 'NONE',  ( -9.000000000000000000, 71.00000000000000000, 4.700000000000000178 ) ) ;
#1759 = ORIENTED_EDGE ( 'NONE', *, *, #317, .T. ) ;
ENDSEC;
END-ISO-10303-21;
