ISO-10303-21;
HEADER;
FILE_DESCRIPTION (( 'STEP AP203' ),
    '1' );
FILE_NAME ('FlipArm_V3_deposit.STEP',
    '2026-09-21T16:23:50',
    ( '15300530775@163.com' ),
    ( '' ),
    'SwSTEP 2.0',
    'SolidWorks 2026',
    '' );
FILE_SCHEMA (( 'CONFIG_CONTROL_DESIGN' ));
ENDSEC;

DATA;
#1 = VERTEX_POINT ( 'NONE', #605 ) ;
#2 =( GEOMETRIC_REPRESENTATION_CONTEXT ( 3 ) GLOBAL_UNCERTAINTY_ASSIGNED_CONTEXT ( ( #10741 ) ) GLOBAL_UNIT_ASSIGNED_CONTEXT ( ( #12540, #8702, #4634 ) ) REPRESENTATION_CONTEXT ( 'NONE', 'WORKASPACE' ) );
#3 = PLANE ( 'NONE',  #1649 ) ;
#4 = CARTESIAN_POINT ( 'NONE',  ( 14.00000000000000000, 1.714505518806294638E-15, 16.00000000000000000 ) ) ;
#5 = PRODUCT_DEFINITION ( 'ๆ', '', #1331, #7557 ) ;
#6 = CARTESIAN_POINT ( 'NONE',  ( 24.30000000000000071, -57.00000000000000000, 0.000000000000000000 ) ) ;
#7 = DIRECTION ( 'NONE',  ( -0.000000000000000000, 1.000000000000000000, 0.000000000000000000 ) ) ;
#8 = AXIS2_PLACEMENT_3D ( 'NONE', #11982, #11044, #6411 ) ;
#9 = AXIS2_PLACEMENT_3D ( 'NONE', #8396, #10390, #8188 ) ;
#10 = CYLINDRICAL_SURFACE ( 'NONE', #10571, 14.00000000000000000 ) ;
#11 = FACE_OUTER_BOUND ( 'NONE', #3622, .T. ) ;
#12 = ORIENTED_EDGE ( 'NONE', *, *, #5994, .T. ) ;
#13 = EDGE_LOOP ( 'NONE', ( #10477, #3350, #10446, #11784 ) ) ;
#14 = ADVANCED_FACE ( 'NONE', ( #3541 ), #1676, .F. ) ;
#15 = DIRECTION ( 'NONE',  ( 0.000000000000000000, -1.000000000000000000, 0.000000000000000000 ) ) ;
#16 = COORDINATED_UNIVERSAL_TIME_OFFSET ( 5, 0, .BEHIND. ) ;
#17 = EDGE_CURVE ( 'NONE', #11508, #4204, #7415, .T. ) ;
#18 = EDGE_LOOP ( 'NONE', ( #6683, #254, #1617, #9987 ) ) ;
#19 = ORIENTED_EDGE ( 'NONE', *, *, #5795, .F. ) ;
#20 = LINE ( 'NONE', #12324, #2461 ) ;
#21 = APPROVAL ( #12670, 'ๆช' ) ;
#22 = CC_DESIGN_APPROVAL ( #11343, ( #12900 ) ) ;
#23 = CALENDAR_DATE ( 2026, 21, 9 ) ;
#24 = DIRECTION ( 'NONE',  ( -0.000000000000000000, 1.000000000000000000, 0.000000000000000000 ) ) ;
#25 = EDGE_CURVE ( 'NONE', #1922, #1871, #10448, .T. ) ;
#26 = CARTESIAN_POINT ( 'NONE',  ( 0.000000000000000000, 0.000000000000000000, 5.000000000000000000 ) ) ;
#27 = CARTESIAN_POINT ( 'NONE',  ( 31.00000000000000000, 80.49999999999998579, 4.000000000000000000 ) ) ;
#28 = EDGE_LOOP ( 'NONE', ( #11868, #12457 ) ) ;
#29 = CC_DESIGN_APPROVAL ( #3846, ( #680 ) ) ;
#30 = LINE ( 'NONE', #4088, #11190 ) ;
#31 = DIRECTION ( 'NONE',  ( -0.000000000000000000, -0.000000000000000000, 1.000000000000000000 ) ) ;
#32 = PERSON_AND_ORGANIZATION ( #2675, #9931 ) ;
#33 = ADVANCED_FACE ( 'NONE', ( #405 ), #476, .T. ) ;
#34 = ORIENTED_EDGE ( 'NONE', *, *, #11750, .T. ) ;
#35 = CONTEXT_DEPENDENT_SHAPE_REPRESENTATION ( #2105, #9303 ) ;
#36 = DIRECTION ( 'NONE',  ( 0.000000000000000000, 0.000000000000000000, -1.000000000000000000 ) ) ;
#37 = ADVANCED_FACE ( 'NONE', ( #1474 ), #5512, .T. ) ;
#38 = CYLINDRICAL_SURFACE ( 'NONE', #3136, 2.600000000000000089 ) ;
#39 = ADVANCED_FACE ( 'NONE', ( #7729 ), #4789, .F. ) ;
#40 = APPROVAL_PERSON_ORGANIZATION ( #10831, #7992, #5749 ) ;
#41 = CARTESIAN_POINT ( 'NONE',  ( -4.299999999999999822, 2.081899558550500526E-16, 20.00000000000000000 ) ) ;
#42 = FACE_OUTER_BOUND ( 'NONE', #1973, .T. ) ;
#43 = CARTESIAN_POINT ( 'NONE',  ( 9.119041486028454102, 10.62286516859881047, 10.52269981392162101 ) ) ;
#44 = ORIENTED_EDGE ( 'NONE', *, *, #8916, .T. ) ;
#45 = LINE ( 'NONE', #9257, #8358 ) ;
#46 = ORIENTED_EDGE ( 'NONE', *, *, #2596, .F. ) ;
#47 = CC_DESIGN_SECURITY_CLASSIFICATION ( #8715, ( #2624 ) ) ;
#48 = PERSON_AND_ORGANIZATION_ROLE ( 'classification_officer' ) ;
#49 = CARTESIAN_POINT ( 'NONE',  ( 1.850048096021194244, 1.832503310753067938, 0.000000000000000000 ) ) ;
#50 = ORIENTED_EDGE ( 'NONE', *, *, #2190, .T. ) ;
#51 = DIRECTION ( 'NONE',  ( -0.000000000000000000, -0.000000000000000000, -1.000000000000000000 ) ) ;
#52 = ORIENTED_EDGE ( 'NONE', *, *, #6653, .T. ) ;
#53 = CARTESIAN_POINT ( 'NONE',  ( 22.00000000000000000, 0.000000000000000000, 8.000000000000000000 ) ) ;
#54 = DIRECTION ( 'NONE',  ( 0.000000000000000000, 0.000000000000000000, -1.000000000000000000 ) ) ;
#55 = CARTESIAN_POINT ( 'NONE',  ( -9.000000000000000000, 57.00000000000000000, 5.000000000000000000 ) ) ;
#56 = DIRECTION ( 'NONE',  ( 0.000000000000000000, 0.000000000000000000, 1.000000000000000000 ) ) ;
#57 =( REPRESENTATION_RELATIONSHIP ('NONE','NONE', #874, #12629 ) REPRESENTATION_RELATIONSHIP_WITH_TRANSFORMATION ( #5668 )SHAPE_REPRESENTATION_RELATIONSHIP( ) );
#58 = DIRECTION ( 'NONE',  ( -0.000000000000000000, -0.000000000000000000, 1.000000000000000000 ) ) ;
#59 = EDGE_LOOP ( 'NONE', ( #12135, #3441, #8511, #1970 ) ) ;
#60 = ORIENTED_EDGE ( 'NONE', *, *, #9500, .F. ) ;
#61 = DIRECTION ( 'NONE',  ( 0.000000000000000000, 0.000000000000000000, 1.000000000000000000 ) ) ;
#62 = CARTESIAN_POINT ( 'NONE',  ( -0.5999999999999998668, 9.000000000000000000, 11.70000000000000107 ) ) ;
#63 = FACE_OUTER_BOUND ( 'NONE', #6872, .T. ) ;
#64 = LINE ( 'NONE', #8994, #9816 ) ;
#65 = LINE ( 'NONE', #1277, #505 ) ;
#66 = EDGE_CURVE ( 'NONE', #5597, #4836, #5875, .T. ) ;
#67 = DIRECTION ( 'NONE',  ( 1.000000000000000000, -0.000000000000000000, 0.000000000000000000 ) ) ;
#68 = PERSON_AND_ORGANIZATION ( #2675, #9931 ) ;
#69 = DIRECTION ( 'NONE',  ( -0.000000000000000000, -0.000000000000000000, -1.000000000000000000 ) ) ;
#70 = DIRECTION ( 'NONE',  ( 0.000000000000000000, 0.000000000000000000, -1.000000000000000000 ) ) ;
#71 = EDGE_LOOP ( 'NONE', ( #629, #12673, #11098, #11661, #174, #3623 ) ) ;
#72 = ORIENTED_EDGE ( 'NONE', *, *, #4267, .T. ) ;
#73 = CARTESIAN_POINT ( 'NONE',  ( 30.55753025008650781, -0.000000000000000000, 5.656865068423062581 ) ) ;
#74 = APPROVAL_DATE_TIME ( #2159, #8253 ) ;
#75 = CALENDAR_DATE ( 2026, 21, 9 ) ;
#76 = VERTEX_POINT ( 'NONE', #9845 ) ;
#77 = DIRECTION ( 'NONE',  ( 1.000000000000000000, 0.000000000000000000, 0.000000000000000000 ) ) ;
#78 = ORIENTED_EDGE ( 'NONE', *, *, #1806, .F. ) ;
#79 = LINE ( 'NONE', #6091, #316 ) ;
#80 = LINE ( 'NONE', #4144, #6893 ) ;
#81 = EDGE_CURVE ( 'NONE', #10179, #11587, #3911, .T. ) ;
#82 = CARTESIAN_POINT ( 'NONE',  ( 7.700000000000000178, -9.000000000000000000, -6.000000000000000152E-06 ) ) ;
#83 = DIRECTION ( 'NONE',  ( 1.000000000000000000, 0.000000000000000000, 0.000000000000000000 ) ) ;
#84 = ORIENTED_EDGE ( 'NONE', *, *, #10439, .F. ) ;
#85 = CC_DESIGN_DATE_AND_TIME_ASSIGNMENT ( #12627, #10696, ( #10724 ) ) ;
#86 = VERTEX_POINT ( 'NONE', #12020 ) ;
#87 = CC_DESIGN_PERSON_AND_ORGANIZATION_ASSIGNMENT ( #12316, #2357, ( #234 ) ) ;
#88 = CARTESIAN_POINT ( 'NONE',  ( 0.5999999999999999778, 13.98713694792469120, 4.000000000000000000 ) ) ;
#89 = DATE_TIME_ROLE ( 'creation_date' ) ;
#90 = VECTOR ( 'NONE', #279, 1000.000000000000000 ) ;
#91 = ORIENTED_EDGE ( 'NONE', *, *, #11105, .T. ) ;
#92 = APPROVAL_DATE_TIME ( #8149, #11666 ) ;
#93 = CARTESIAN_POINT ( 'NONE',  ( 10.00000000000000000, -10.00000000000000000, 35.00000000000000000 ) ) ;
#94 = ORIENTED_EDGE ( 'NONE', *, *, #9670, .T. ) ;
#95 = PRODUCT_DEFINITION_SHAPE ( 'NONE', 'NONE',  #13084 ) ;
#96 = FACE_BOUND ( 'NONE', #2431, .T. ) ;
#97 = CALENDAR_DATE ( 2026, 21, 9 ) ;
#98 = EDGE_CURVE ( 'NONE', #1093, #12535, #1664, .T. ) ;
#99 = CARTESIAN_POINT ( 'NONE',  ( 12.90000000000000036, 1.347111479062088503E-16, 16.00000000000000000 ) ) ;
#101 = ADVANCED_FACE ( 'NONE', ( #5995 ), #8920, .F. ) ;
#100 = PLANE ( 'NONE',  #9285 ) ;
#102 = VECTOR ( 'NONE', #6052, 1000.000000000000000 ) ;
#103 = LINE ( 'NONE', #8162, #11402 ) ;
#105 = EDGE_CURVE ( 'NONE', #1762, #10939, #861, .T. ) ;
#104 = ADVANCED_FACE ( 'NONE', ( #2987 ), #6844, .F. ) ;
#106 = EDGE_LOOP ( 'NONE', ( #7315, #5790, #4710, #2629 ) ) ;
#107 = CARTESIAN_POINT ( 'NONE',  ( -10.50000000000000000, 1.300000000000000044, 0.000000000000000000 ) ) ;
#108 = ORIENTED_EDGE ( 'NONE', *, *, #9853, .F. ) ;
#109 = CALENDAR_DATE ( 2026, 21, 9 ) ;
#110 = CARTESIAN_POINT ( 'NONE',  ( 14.00000000000000000, 0.000000000000000000, 16.00000000000000000 ) ) ;
#111 = CARTESIAN_POINT ( 'NONE',  ( 32.04297226075727423, 67.36128909900769202, -0.000000000000000000 ) ) ;
#112 = VERTEX_POINT ( 'NONE', #7908 ) ;
#113 = FACE_OUTER_BOUND ( 'NONE', #12945, .T. ) ;
#114 = AXIS2_PLACEMENT_3D ( 'NONE', #372, #443, #10619 ) ;
#115 = CARTESIAN_POINT ( 'NONE',  ( -4.299999999999999822, 2.081899558550500526E-16, 0.000000000000000000 ) ) ;
#116 = VECTOR ( 'NONE', #11077, 1000.000000000000000 ) ;
#117 = DIRECTION ( 'NONE',  ( 0.000000000000000000, 1.000000000000000000, 0.000000000000000000 ) ) ;
#118 = CARTESIAN_POINT ( 'NONE',  ( -2.600069548653550999, -0.3444314227433182829, 0.000000000000000000 ) ) ;
#119 = CARTESIAN_POINT ( 'NONE',  ( -7.484523509544121822, -9.858538931789730952, -0.000000000000000000 ) ) ;
#120 = CIRCLE ( 'NONE', #4381, 2.500000000000000000 ) ;
#121 = CIRCLE ( 'NONE', #2709, 1.700000000000000178 ) ;
#122 = EDGE_LOOP ( 'NONE', ( #12140, #2561, #11524, #349 ) ) ;
#123 = VERTEX_POINT ( 'NONE', #8859 ) ;
#124 = DIRECTION ( 'NONE',  ( 0.5000000000000001110, 0.8660254037844385966, 0.000000000000000000 ) ) ;
#125 = VECTOR ( 'NONE', #3745, 1000.000000000000000 ) ;
#126 = DIRECTION ( 'NONE',  ( 0.000000000000000000, 0.000000000000000000, -1.000000000000000000 ) ) ;
#127 = DIRECTION ( 'NONE',  ( 0.000000000000000000, 0.000000000000000000, -1.000000000000000000 ) ) ;
#128 = CARTESIAN_POINT ( 'NONE',  ( -10.50000000000000000, -1.300000000000000044, 0.000000000000000000 ) ) ;
#129 = VECTOR ( 'NONE', #4017, 1000.000000000000000 ) ;
#130 = APPLICATION_CONTEXT ( 'configuration controlled 3d designs of mechanical parts and assemblies' ) ;
#131 = CARTESIAN_POINT ( 'NONE',  ( 2.210066736092913153, 1.378121121058531351, -0.000000000000000000 ) ) ;
#132 = CARTESIAN_POINT ( 'NONE',  ( 0.000000000000000000, 0.000000000000000000, 58.00000000000000000 ) ) ;
#133 = APPROVAL_DATE_TIME ( #11248, #4419 ) ;
#134 = AXIS2_PLACEMENT_3D ( 'NONE', #8261, #10318, #3416 ) ;
#135 = CARTESIAN_POINT ( 'NONE',  ( 13.00000000000000000, -5.000000000000000000, 28.00000000000000000 ) ) ;
#136 = CARTESIAN_POINT ( 'NONE',  ( 9.500000000000000000, 1.163414459189985485E-15, 38.00000000000000000 ) ) ;
#137 = ORIENTED_EDGE ( 'NONE', *, *, #3434, .F. ) ;
#138 = VERTEX_POINT ( 'NONE', #10890 ) ;
#139 = CARTESIAN_POINT ( 'NONE',  ( -15.19999999999999929, 2.000000000000000000, -1.200000000000000030E-05 ) ) ;
#140 = PERSON_AND_ORGANIZATION ( #2675, #9931 ) ;
#141 = ORIENTED_EDGE ( 'NONE', *, *, #2145, .F. ) ;
#142 = PERSON_AND_ORGANIZATION_ROLE ( 'design_supplier' ) ;
#143 = ADVANCED_FACE ( 'NONE', ( #8790 ), #6980, .F. ) ;
#144 = DIRECTION ( 'NONE',  ( 0.000000000000000000, 0.000000000000000000, 1.000000000000000000 ) ) ;
#145 = VERTEX_POINT ( 'NONE', #12891 ) ;
#146 = VECTOR ( 'NONE', #12126, 1000.000000000000000 ) ;
#147 = ORGANIZATION ( 'NAUO-ORG6', 'UNSPECIFIED', 'UNSPECIFIED' ) ;
#148 = CARTESIAN_POINT ( 'NONE',  ( 0.000000000000000000, 0.000000000000000000, 12.00000000000000000 ) ) ;
#149 = AXIS2_PLACEMENT_3D ( 'NONE', #9083, #24, #3078 ) ;
#150 = DIRECTION ( 'NONE',  ( 1.000000000000000000, 0.000000000000000000, 0.000000000000000000 ) ) ;
#151 = CARTESIAN_POINT ( 'NONE',  ( -7.299999999999998934, 66.00000000000000000, 5.000000000000000000 ) ) ;
#152 = ORIENTED_EDGE ( 'NONE', *, *, #3978, .T. ) ;
#153 = CC_DESIGN_APPROVAL ( #7107, ( #12188 ) ) ;
#154 = CARTESIAN_POINT ( 'NONE',  ( 31.22508399488667763, -0.000000000000000000, 11.30006951123579029 ) ) ;
#155 = FACE_OUTER_BOUND ( 'NONE', #1565, .T. ) ;
#156 = APPROVAL_DATE_TIME ( #8290, #6622 ) ;
#157 = ORIENTED_EDGE ( 'NONE', *, *, #5865, .T. ) ;
#158 = ITEM_DEFINED_TRANSFORMATION ( 'NONE', 'NONE', #7418,  #6542 ) ;
#159 = EDGE_CURVE ( 'NONE', #4450, #8535, #10725, .T. ) ;
#160 = FACE_OUTER_BOUND ( 'NONE', #1710, .T. ) ;
#161 = VERTEX_POINT ( 'NONE', #1857 ) ;
#162 = LINE ( 'NONE', #1974, #6494 ) ;
#163 = DIRECTION ( 'NONE',  ( 0.000000000000000000, -1.000000000000000000, 0.000000000000000000 ) ) ;
#164 = SECURITY_CLASSIFICATION ( '', '', #10937 ) ;
#165 = APPROVAL ( #10849, 'ๆช' ) ;
#166 = CARTESIAN_POINT ( 'NONE',  ( 150.0000000000000000, 0.000000000000000000, 0.000000000000000000 ) ) ;
#167 = FACE_OUTER_BOUND ( 'NONE', #11491, .T. ) ;
#168 = CARTESIAN_POINT ( 'NONE',  ( 35.00000000000000000, 0.000000000000000000, 0.000000000000000000 ) ) ;
#169 = VECTOR ( 'NONE', #1503, 1000.000000000000000 ) ;
#170 = CARTESIAN_POINT ( 'NONE',  ( 32.04297226075981087, 58.36128909900665462, -0.000000000000000000 ) ) ;
#171 = CARTESIAN_POINT ( 'NONE',  ( -7.300069511236165098, 0.000000000000000000, 13.22508399488539332 ) ) ;
#172 = VERTEX_POINT ( 'NONE', #4915 ) ;
#173 = CARTESIAN_POINT ( 'NONE',  ( 29.30000000000000071, 57.00000000000000000, -6.000000000000000152E-06 ) ) ;
#174 = ORIENTED_EDGE ( 'NONE', *, *, #620, .F. ) ;
#175 = DATE_AND_TIME ( #5221, #6495 ) ;
#176 = EDGE_CURVE ( 'NONE', #10045, #6610, #2922, .T. ) ;
#177 = CARTESIAN_POINT ( 'NONE',  ( 1.951074882875576399, 1.724777374260472396, -0.000000000000000000 ) ) ;
#178 = VERTEX_POINT ( 'NONE', #12828 ) ;
#179 = ADVANCED_FACE ( 'NONE', ( #2808, #13008 ), #8972, .F. ) ;
#180 = LINE ( 'NONE', #9041, #11320 ) ;
#181 = AXIS2_PLACEMENT_3D ( 'NONE', #12926, #10999, #2899 ) ;
#182 = ORIENTED_EDGE ( 'NONE', *, *, #3565, .T. ) ;
#183 = AXIS2_PLACEMENT_3D ( 'NONE', #6619, #8880, #10670 ) ;
#184 = CARTESIAN_POINT ( 'NONE',  ( 14.00000000000000000, 0.000000000000000000, 2.000000000000000000 ) ) ;
#185 = DIRECTION ( 'NONE',  ( -1.000000000000000000, 0.000000000000000000, 0.000000000000000000 ) ) ;
#186 = EDGE_CURVE ( 'NONE', #9291, #10632, #7795, .T. ) ;
#187 = EDGE_CURVE ( 'NONE', #3144, #10260, #6791, .T. ) ;
#188 = DIRECTION ( 'NONE',  ( 1.000000000000000000, 0.000000000000000000, 0.000000000000000000 ) ) ;
#189 = CARTESIAN_POINT ( 'NONE',  ( -5.774916005113179374, -10.70006951123579064, -0.000000000000000000 ) ) ;
#190 = APPLICATION_PROTOCOL_DEFINITION ( 'international standard', 'config_control_design', 1994, #656 ) ;
#191 = CARTESIAN_POINT ( 'NONE',  ( 0.000000000000000000, 70.00000000000000000, 5.200000000000000178 ) ) ;
#192 = VECTOR ( 'NONE', #661, 1000.000000000000000 ) ;
#193 = VECTOR ( 'NONE', #4751, 1000.000000000000000 ) ;
#194 = VERTEX_POINT ( 'NONE', #5816 ) ;
#195 = COORDINATED_UNIVERSAL_TIME_OFFSET ( 5, 0, .BEHIND. ) ;
#196 = ORIENTED_EDGE ( 'NONE', *, *, #2596, .T. ) ;
#197 = ADVANCED_FACE ( 'NONE', ( #3858 ), #2122, .T. ) ;
#198 = ORIENTED_EDGE ( 'NONE', *, *, #1679, .F. ) ;
#199 = DIRECTION ( 'NONE',  ( 0.000000000000000000, 0.000000000000000000, 1.000000000000000000 ) ) ;
#200 = DIRECTION ( 'NONE',  ( 1.000000000000000000, 0.000000000000000000, 0.000000000000000000 ) ) ;
#201 = DIRECTION ( 'NONE',  ( 0.000000000000000000, 0.000000000000000000, -1.000000000000000000 ) ) ;
#202 = DIRECTION ( 'NONE',  ( 1.000000000000000000, -0.000000000000000000, 0.000000000000000000 ) ) ;
#203 = EDGE_CURVE ( 'NONE', #12601, #937, #8171, .T. ) ;
#204 = VECTOR ( 'NONE', #1519, 1000.000000000000000 ) ;
#205 = VECTOR ( 'NONE', #2318, 1000.000000000000000 ) ;
#206 = DIRECTION ( 'NONE',  ( -1.000000000000000000, 0.000000000000000000, 0.000000000000000000 ) ) ;
#207 = FACE_BOUND ( 'NONE', #4338, .T. ) ;
#208 = AXIS2_PLACEMENT_3D ( 'NONE', #10570, #7662, #1531 ) ;
#209 = CARTESIAN_POINT ( 'NONE',  ( -1.634255756361377543, 2.027746979026365359, 0.000000000000000000 ) ) ;
#210 = LINE ( 'NONE', #7207, #9909 ) ;
#211 = ORIENTED_EDGE ( 'NONE', *, *, #7678, .T. ) ;
#212 = ORIENTED_EDGE ( 'NONE', *, *, #7838, .F. ) ;
#213 =( GEOMETRIC_REPRESENTATION_CONTEXT ( 3 ) GLOBAL_UNCERTAINTY_ASSIGNED_CONTEXT ( ( #9413 ) ) GLOBAL_UNIT_ASSIGNED_CONTEXT ( ( #1795, #7674, #11836 ) ) REPRESENTATION_CONTEXT ( 'NONE', 'WORKASPACE' ) );
#214 = CARTESIAN_POINT ( 'NONE',  ( -10.72380529476361133, 9.000000000000000000, 6.800000000000000711 ) ) ;
#215 = VECTOR ( 'NONE', #6439, 1000.000000000000000 ) ;
#216 = LINE ( 'NONE', #3496, #325 ) ;
#217 = ORIENTED_EDGE ( 'NONE', *, *, #3464, .F. ) ;
#218 = ORIENTED_EDGE ( 'NONE', *, *, #10465, .F. ) ;
#219 = AXIS2_PLACEMENT_3D ( 'NONE', #2540, #3472, #5625 ) ;
#220 = DIRECTION ( 'NONE',  ( -0.000000000000000000, 1.000000000000000000, -0.000000000000000000 ) ) ;
#221 = DIRECTION ( 'NONE',  ( 1.000000000000000000, 0.000000000000000000, 0.000000000000000000 ) ) ;
#222 = AXIS2_PLACEMENT_3D ( 'NONE', #11028, #10421, #3379 ) ;
#223 = LOCAL_TIME ( 12, 23, 50.00000000000000000, #9528 ) ;
#224 = CARTESIAN_POINT ( 'NONE',  ( -34.00000000000000000, 5.000000000000000000, 28.00000000000000000 ) ) ;
#225 = FACE_OUTER_BOUND ( 'NONE', #9728, .T. ) ;
#226 = CARTESIAN_POINT ( 'NONE',  ( -8.774916005115503737, 58.69993048876347075, 0.000000000000000000 ) ) ;
#227 = ORIENTED_EDGE ( 'NONE', *, *, #1138, .T. ) ;
#228 = APPROVAL_STATUS ( 'not_yet_approved' ) ;
#229 = ORIENTED_EDGE ( 'NONE', *, *, #8423, .T. ) ;
#230 = CARTESIAN_POINT ( 'NONE',  ( -9.000000000000000000, 59.50000000000000000, 4.000000000000000000 ) ) ;
#231 = CARTESIAN_POINT ( 'NONE',  ( 0.000000000000000000, 0.000000000000000000, 16.00000000000000000 ) ) ;
#232 = PERSON_AND_ORGANIZATION ( #2675, #9931 ) ;
#233 = ORIENTED_EDGE ( 'NONE', *, *, #6412, .F. ) ;
#234 = PRODUCT_DEFINITION_FORMATION_WITH_SPECIFIED_SOURCE ( 'ไป', '', #630, .NOT_KNOWN. ) ;
#235 = DATE_TIME_ROLE ( 'classification_date' ) ;
#236 = CARTESIAN_POINT ( 'NONE',  ( 255.8000000000000398, 0.000000000000000000, 149.0000000000000000 ) ) ;
#237 = ORIENTED_EDGE ( 'NONE', *, *, #4510, .T. ) ;
#238 = CARTESIAN_POINT ( 'NONE',  ( -9.225615804907725703, -0.000000000000000000, 5.700000000000000178 ) ) ;
#239 = DATE_TIME_ROLE ( 'creation_date' ) ;
#240 = CARTESIAN_POINT ( 'NONE',  ( 124.8585389317929923, -1.484523509542397424, -0.000000000000000000 ) ) ;
#241 = CARTESIAN_POINT ( 'NONE',  ( 3.000000000000000000, 3.000000000000000000, 83.00000000000000000 ) ) ;
#242 = CARTESIAN_POINT ( 'NONE',  ( 5.799999999999999822, 70.00000000000000000, -1.200000000000000030E-05 ) ) ;
#243 = CC_DESIGN_APPROVAL ( #6721, ( #7371 ) ) ;
#244 = EDGE_CURVE ( 'NONE', #2833, #2082, #4245, .T. ) ;
#245 = B_SPLINE_CURVE_WITH_KNOTS ( 'NONE', 3,
 ( #7240, #2872, #7983, #5881, #5947, #6853, #9919, #4926, #171, #8929, #11968, #2186, #1937, #6248, #8233, #11283, #9985, #925 ),
 .UNSPECIFIED., .F., .F.,
 ( 4, 2, 2, 2, 2, 2, 2, 2, 4 ),
 ( 0.000000000000000000, 0.06250000000000000000, 0.1250000000000000000, 0.1875000000000000000, 0.2500000000000000000, 0.3125000000000000000, 0.3750000000000000000, 0.4375000000000000000, 0.5000000000000000000 ),
 .UNSPECIFIED. ) ;
#246 = CARTESIAN_POINT ( 'NONE',  ( 14.00000000000000000, 70.00000000000000000, 8.000000000000000000 ) ) ;
#247 = LINE ( 'NONE', #4306, #11619 ) ;
#248 = VERTEX_POINT ( 'NONE', #6259 ) ;
#249 = CARTESIAN_POINT ( 'NONE',  ( -19.55741526174906753, -15.65666690099488889, 0.000000000000000000 ) ) ;
#250 = ORIENTED_EDGE ( 'NONE', *, *, #8759, .F. ) ;
#251 = CC_DESIGN_PERSON_AND_ORGANIZATION_ASSIGNMENT ( #4628, #8492, ( #5 ) ) ;
#252 = CALENDAR_DATE ( 2026, 21, 9 ) ;
#253 = DIRECTION ( 'NONE',  ( -1.000000000000000000, 0.000000000000000000, 0.000000000000000000 ) ) ;
#254 = ORIENTED_EDGE ( 'NONE', *, *, #4009, .F. ) ;
#255 = CARTESIAN_POINT ( 'NONE',  ( 29.51560493047243483, 66.85848573019067942, 0.000000000000000000 ) ) ;
#256 = PRODUCT_DEFINITION_FORMATION_WITH_SPECIFIED_SOURCE ( 'ไป', '', #6105, .NOT_KNOWN. ) ;
#257 = ORIENTED_EDGE ( 'NONE', *, *, #8616, .F. ) ;
#258 = DIRECTION ( 'NONE',  ( 0.000000000000000000, 0.000000000000000000, -1.000000000000000000 ) ) ;
#259 = PERSON ( 'NAUO-PER12', 'UNSPECIFIED', 'UNSPECIFIED', ('UNSPECIFIED'), ('UNSPECIFIED'), ('UNSPECIFIED') ) ;
#260 = LINE ( 'NONE', #4318, #11831 ) ;
#261 = CARTESIAN_POINT ( 'NONE',  ( -9.000000000000000000, -1.200000000000000030E-05, 11.29999999999999893 ) ) ;
#263 = EDGE_CURVE ( 'NONE', #3126, #2693, #4630, .T. ) ;
#262 = FACE_BOUND ( 'NONE', #4393, .T. ) ;
#264 = EDGE_CURVE ( 'NONE', #10247, #8053, #11362, .T. ) ;
#265 = CARTESIAN_POINT ( 'NONE',  ( 14.00000000000000000, 1.714505518806294638E-15, 12.00000000000000000 ) ) ;
#266 = CC_DESIGN_SECURITY_CLASSIFICATION ( #9778, ( #700 ) ) ;
#267 = CC_DESIGN_PERSON_AND_ORGANIZATION_ASSIGNMENT ( #10715, #4594, ( #8383 ) ) ;
#268 = VERTEX_POINT ( 'NONE', #8040 ) ;
#269 = APPROVAL ( #1887, 'ๆช' ) ;
#270 = VERTEX_POINT ( 'NONE', #4175 ) ;
#271 = ORIENTED_EDGE ( 'NONE', *, *, #1502, .T. ) ;
#272 = ORIENTED_EDGE ( 'NONE', *, *, #2784, .F. ) ;
#273 = DIRECTION ( 'NONE',  ( 0.000000000000000000, 0.000000000000000000, 1.000000000000000000 ) ) ;
#274 = CARTESIAN_POINT ( 'NONE',  ( 31.00000000000000000, -1.200000000000000030E-05, 14.69999999999999929 ) ) ;
#275 = CARTESIAN_POINT ( 'NONE',  ( -10.69999999999999929, 57.00000000000000000, -6.000000000000000152E-06 ) ) ;
#276 =( LENGTH_UNIT ( ) NAMED_UNIT ( * ) SI_UNIT ( .MILLI., .METRE. ) );
#277 = ADVANCED_BREP_SHAPE_REPRESENTATION ( '', ( #11654, #6542 ), #12884 ) ;
#278 = PLANE ( 'NONE',  #9371 ) ;
#280 = ADVANCED_FACE ( 'NONE', ( #10098 ), #1171, .T. ) ;
#279 = DIRECTION ( 'NONE',  ( 0.000000000000000000, 1.000000000000000000, 0.000000000000000000 ) ) ;
#281 = EDGE_CURVE ( 'NONE', #11227, #7827, #180, .T. ) ;
#282 = DIRECTION ( 'NONE',  ( -0.000000000000000000, -0.000000000000000000, -1.000000000000000000 ) ) ;
#283 = CARTESIAN_POINT ( 'NONE',  ( -15.59999999999999964, 72.50000000000000000, 6.000000000000000000 ) ) ;
#284 = VERTEX_POINT ( 'NONE', #10232 ) ;
#285 = ORIENTED_EDGE ( 'NONE', *, *, #7930, .T. ) ;
#286 = EDGE_CURVE ( 'NONE', #10047, #2874, #10168, .T. ) ;
#287 = DIRECTION ( 'NONE',  ( -0.000000000000000000, -0.000000000000000000, -1.000000000000000000 ) ) ;
#288 = EDGE_CURVE ( 'NONE', #9973, #7163, #2496, .T. ) ;
#289 = EDGE_LOOP ( 'NONE', ( #6570, #211, #6379, #12587 ) ) ;
#290 = VERTEX_POINT ( 'NONE', #9172 ) ;
#291 = CARTESIAN_POINT ( 'NONE',  ( 5.557362060152489569, -10.65679534101080783, -0.000000000000000000 ) ) ;
#292 = CARTESIAN_POINT ( 'NONE',  ( 11.32625336758537671, 8.229749050941169486, 11.51924676303362638 ) ) ;
#293 = AXIS2_PLACEMENT_3D ( 'NONE', #5114, #2279, #3270 ) ;
#294 = FACE_BOUND ( 'NONE', #486, .T. ) ;
#295 = DIRECTION ( 'NONE',  ( -0.000000000000000000, -0.000000000000000000, 1.000000000000000000 ) ) ;
#296 = CARTESIAN_POINT ( 'NONE',  ( -7.638809204727039059, 58.04287395702853303, 0.000000000000000000 ) ) ;
#297 = ORIENTED_EDGE ( 'NONE', *, *, #11886, .T. ) ;
#298 = EDGE_LOOP ( 'NONE', ( #1090, #12773, #5332, #12555 ) ) ;
#299 = CARTESIAN_POINT ( 'NONE',  ( 18.63880920472916003, 0.000000000000000000, 13.04287395703121177 ) ) ;
#300 = APPROVAL_ROLE ( '' ) ;
#301 = ORIENTED_EDGE ( 'NONE', *, *, #3216, .F. ) ;
#302 = PERSON_AND_ORGANIZATION_ROLE ( 'classification_officer' ) ;
#303 = LINE ( 'NONE', #8361, #4596 ) ;
#304 = ORIENTED_EDGE ( 'NONE', *, *, #8405, .T. ) ;
#305 = CARTESIAN_POINT ( 'NONE',  ( -11.77429632712486196, 7.574489190830806074, 9.433434849665658817 ) ) ;
#306 = APPROVAL_ROLE ( '' ) ;
#307 = FACE_OUTER_BOUND ( 'NONE', #3702, .T. ) ;
#308 = VECTOR ( 'NONE', #7719, 1000.000000000000000 ) ;
#309 = DIRECTION ( 'NONE',  ( 1.000000000000000000, 0.000000000000000000, 0.000000000000000000 ) ) ;
#310 = LINE ( 'NONE', #2597, #10898 ) ;
#311 = CARTESIAN_POINT ( 'NONE',  ( 16.00000000000000000, -6.000000000000000000, 18.00000000000000355 ) ) ;
#312 = CARTESIAN_POINT ( 'NONE',  ( 11.00000000000000000, 5.000000000000000000, 28.00000000000000000 ) ) ;
#313 = CARTESIAN_POINT ( 'NONE',  ( 0.000000000000000000, 45.00000000000000000, 0.000000000000000000 ) ) ;
#314 = EDGE_LOOP ( 'NONE', ( #7811, #1318, #10861, #12081 ) ) ;
#315 = CARTESIAN_POINT ( 'NONE',  ( 0.5999999999999998668, 9.000000000000000000, 10.20000000000000107 ) ) ;
#316 = VECTOR ( 'NONE', #11123, 1000.000000000000000 ) ;
#317 = VERTEX_POINT ( 'NONE', #1043 ) ;
#318 = APPROVAL_ROLE ( '' ) ;
#319 = CARTESIAN_POINT ( 'NONE',  ( 0.5999999999999999778, 13.98713694792469120, 16.00000000000000000 ) ) ;
#320 = CARTESIAN_POINT ( 'NONE',  ( 11.68536191144595193, 7.710987493569490425, 9.614491627439070598 ) ) ;
#321 = ORIENTED_EDGE ( 'NONE', *, *, #4343, .T. ) ;
#322 = EDGE_CURVE ( 'NONE', #8001, #5125, #8536, .T. ) ;
#323 = DIRECTION ( 'NONE',  ( -1.000000000000000000, 0.000000000000000000, 0.000000000000000000 ) ) ;
#324 = VECTOR ( 'NONE', #3998, 1000.000000000000000 ) ;
#325 = VECTOR ( 'NONE', #2364, 1000.000000000000000 ) ;
#326 = LINE ( 'NONE', #1391, #2585 ) ;
#327 = PRODUCT_DEFINITION_SHAPE ( 'NONE', 'NONE',  #5 ) ;
#328 = LINE ( 'NONE', #4320, #7139 ) ;
#329 = FACE_BOUND ( 'NONE', #11206, .T. ) ;
#330 = ORIENTED_EDGE ( 'NONE', *, *, #3825, .F. ) ;
#331 = PERSON_AND_ORGANIZATION ( #2675, #9931 ) ;
#332 = DATE_TIME_ROLE ( 'creation_date' ) ;
#333 = CIRCLE ( 'NONE', #12988, 2.600000000000000089 ) ;
#334 = ORIENTED_EDGE ( 'NONE', *, *, #918, .T. ) ;
#335 = VECTOR ( 'NONE', #11490, 1000.000000000000000 ) ;
#336 = ORIENTED_EDGE ( 'NONE', *, *, #9567, .F. ) ;
#337 = CARTESIAN_POINT ( 'NONE',  ( 35.00000000000000000, 110.0000000000000000, -27.00000000000000000 ) ) ;
#338 = ADVANCED_FACE ( 'NONE', ( #3316 ), #7321, .F. ) ;
#339 = FACE_OUTER_BOUND ( 'NONE', #3724, .T. ) ;
#340 = CARTESIAN_POINT ( 'NONE',  ( -9.000000000000000000, 80.49999999999998579, 4.000000000000000000 ) ) ;
#341 = CARTESIAN_POINT ( 'NONE',  ( 9.509326000432830384, 10.27740646207855768, 9.641216089630352926 ) ) ;
#342 = APPROVAL ( #7537, 'ๆช' ) ;
#343 = CARTESIAN_POINT ( 'NONE',  ( -12.80000000000000071, 2.000000000000000000, 3.000000000000000000 ) ) ;
#344 = CIRCLE ( 'NONE', #2900, 2.500000000000000000 ) ;
#345 = VECTOR ( 'NONE', #5152, 1000.000000000000000 ) ;
#346 = DIRECTION ( 'NONE',  ( 0.000000000000000000, 0.000000000000000000, -1.000000000000000000 ) ) ;
#347 = CARTESIAN_POINT ( 'NONE',  ( 10.00000000000000000, -10.00000000000000000, 25.00000000000000000 ) ) ;
#348 = ORIENTED_EDGE ( 'NONE', *, *, #10869, .T. ) ;
#349 = ORIENTED_EDGE ( 'NONE', *, *, #10774, .F. ) ;
#350 = FACE_BOUND ( 'NONE', #8587, .T. ) ;
#351 = ORIENTED_EDGE ( 'NONE', *, *, #729, .T. ) ;
#352 = EDGE_CURVE ( 'NONE', #9636, #6928, #6055, .T. ) ;
#353 = VERTEX_POINT ( 'NONE', #4107 ) ;
#354 = VECTOR ( 'NONE', #11535, 1000.000000000000000 ) ;
#355 = EDGE_CURVE ( 'NONE', #6026, #3108, #9650, .T. ) ;
#356 = PERSON_AND_ORGANIZATION ( #2675, #9931 ) ;
#357 = CARTESIAN_POINT ( 'NONE',  ( 12.90000000000000036, 1.347111479062088503E-16, 18.00000000000000355 ) ) ;
#358 = FACE_OUTER_BOUND ( 'NONE', #11664, .T. ) ;
#359 = EDGE_CURVE ( 'NONE', #10498, #5618, #10892, .T. ) ;
#360 = DIRECTION ( 'NONE',  ( -0.000000000000000000, -1.000000000000000000, -0.000000000000000000 ) ) ;
#361 = CARTESIAN_POINT ( 'NONE',  ( -10.65666690099488711, 0.000000000000000000, 13.44258473825093425 ) ) ;
#362 = DIRECTION ( 'NONE',  ( -1.000000000000000000, -0.000000000000000000, -0.000000000000000000 ) ) ;
#363 = AXIS2_PLACEMENT_3D ( 'NONE', #12087, #10175, #9255 ) ;
#364 = ORIENTED_EDGE ( 'NONE', *, *, #3473, .T. ) ;
#365 = VECTOR ( 'NONE', #9531, 1000.000000000000000 ) ;
#366 = EDGE_LOOP ( 'NONE', ( #4949, #72, #4392, #12285 ) ) ;
#367 = CARTESIAN_POINT ( 'NONE',  ( 20.00000000000000000, -6.000000000000000152E-06, 10.30000000000000071 ) ) ;
#368 = PERSON_AND_ORGANIZATION ( #2675, #9931 ) ;
#369 = EDGE_LOOP ( 'NONE', ( #1523, #5068, #5902, #8967 ) ) ;
#370 = SECURITY_CLASSIFICATION ( '', '', #8590 ) ;
#371 = CONTEXT_DEPENDENT_SHAPE_REPRESENTATION ( #9099, #5303 ) ;
#372 = CARTESIAN_POINT ( 'NONE',  ( 130.0000000000000000, 0.000000000000000000, 0.000000000000000000 ) ) ;
#373 = ORIENTED_EDGE ( 'NONE', *, *, #3857, .T. ) ;
#374 = COORDINATED_UNIVERSAL_TIME_OFFSET ( 5, 0, .BEHIND. ) ;
#375 = PLANE ( 'NONE',  #4486 ) ;
#376 = EDGE_CURVE ( 'NONE', #10262, #161, #3661, .T. ) ;
#377 = DIRECTION ( 'NONE',  ( 0.000000000000000000, 0.000000000000000000, -1.000000000000000000 ) ) ;
#378 = LOCAL_TIME ( 12, 23, 50.00000000000000000, #5290 ) ;
#379 = CARTESIAN_POINT ( 'NONE',  ( 19.55736206015248513, 12.34320465898919394, -0.000000000000000000 ) ) ;
#380 = CARTESIAN_POINT ( 'NONE',  ( 32.36119079527443887, 58.04287395702763064, 0.000000000000000000 ) ) ;
#381 = DIRECTION ( 'NONE',  ( -0.000000000000000000, -0.000000000000000000, 1.000000000000000000 ) ) ;
#382 = ORIENTED_EDGE ( 'NONE', *, *, #2382, .T. ) ;
#383 = CARTESIAN_POINT ( 'NONE',  ( -18.95712604296878823, -15.36119079527047404, 0.000000000000000000 ) ) ;
#384 = ORIENTED_EDGE ( 'NONE', *, *, #1824, .F. ) ;
#385 = APPROVAL_DATE_TIME ( #9452, #4073 ) ;
#386 = DIRECTION ( 'NONE',  ( 1.000000000000000000, 0.000000000000000000, 0.000000000000000000 ) ) ;
#387 = CARTESIAN_POINT ( 'NONE',  ( 10.88535465464668484, 8.807508457680029323, 6.800000000000002487 ) ) ;
#388 = LOCAL_TIME ( 12, 23, 50.00000000000000000, #1023 ) ;
#389 = ORIENTED_EDGE ( 'NONE', *, *, #6158, .F. ) ;
#390 = DIRECTION ( 'NONE',  ( 0.000000000000000000, 0.000000000000000000, -1.000000000000000000 ) ) ;
#391 =( NAMED_UNIT ( * ) SI_UNIT ( $, .STERADIAN. ) SOLID_ANGLE_UNIT ( ) );
#392 = CARTESIAN_POINT ( 'NONE',  ( -15.59999999999999964, 0.000000000000000000, -0.000000000000000000 ) ) ;
#393 = CARTESIAN_POINT ( 'NONE',  ( 31.00000000000000000, -6.000000000000000152E-06, 14.69999999999999929 ) ) ;
#394 = CARTESIAN_POINT ( 'NONE',  ( 14.00000000000000000, 0.000000000000000000, 2.000000000000000000 ) ) ;
#395 = CARTESIAN_POINT ( 'NONE',  ( 0.000000000000000000, 0.000000000000000000, -1.200000000000000030E-05 ) ) ;
#396 = ORGANIZATION ( 'NAUO-ORG25', 'UNSPECIFIED', 'UNSPECIFIED' ) ;
#397 = EDGE_CURVE ( 'NONE', #4713, #8477, #9863, .T. ) ;
#398 = EDGE_LOOP ( 'NONE', ( #1186, #12, #7741, #12707 ) ) ;
#399 = APPROVAL_ROLE ( '' ) ;
#400 = EDGE_LOOP ( 'NONE', ( #8608, #7244, #943, #8277 ) ) ;
#401 = PERSON_AND_ORGANIZATION_ROLE ( 'creator' ) ;
#402 = DATE_AND_TIME ( #2016, #8601 ) ;
#403 = CIRCLE ( 'NONE', #5059, 16.00000000000001421 ) ;
#404 = EDGE_LOOP ( 'NONE', ( #13056, #3936, #669, #572 ) ) ;
#405 = FACE_OUTER_BOUND ( 'NONE', #1635, .T. ) ;
#406 = CARTESIAN_POINT ( 'NONE',  ( 0.000000000000000000, 0.000000000000000000, 0.000000000000000000 ) ) ;
#407 = LINE ( 'NONE', #9269, #4987 ) ;
#408 = CARTESIAN_POINT ( 'NONE',  ( -4.299999999999999822, -9.000000000000000000, -6.000000000000000152E-06 ) ) ;
#409 = CIRCLE ( 'NONE', #7381, 1.700000000000000178 ) ;
#410 = CARTESIAN_POINT ( 'NONE',  ( 18.63871090099669559, 15.04297226076352878, -0.000000000000000000 ) ) ;
#411 = CARTESIAN_POINT ( 'NONE',  ( 31.00000000000000000, 81.00000000000000000, 2.299999999999999822 ) ) ;
#412 = EDGE_CURVE ( 'NONE', #8007, #6693, #2533, .T. ) ;
#413 = DIRECTION ( 'NONE',  ( -0.000000000000000000, 1.000000000000000000, 0.000000000000000000 ) ) ;
#415 = VERTEX_POINT ( 'NONE', #1461 ) ;
#414 = APPROVAL_DATE_TIME ( #2155, #6145 ) ;
#416 = AXIS2_PLACEMENT_3D ( 'NONE', #2763, #3879, #1628 ) ;
#417 = EDGE_LOOP ( 'NONE', ( #3989, #9799, #4943, #7737 ) ) ;
#418 = DESIGN_CONTEXT ( 'detailed design', #656, 'design' ) ;
#419 = CARTESIAN_POINT ( 'NONE',  ( -20.85853893178909502, -12.51547649045524224, -0.000000000000000000 ) ) ;
#420 = ORIENTED_EDGE ( 'NONE', *, *, #3560, .T. ) ;
#421 = CARTESIAN_POINT ( 'NONE',  ( 31.60000000000000142, 72.50000000000000000, -1.200000000000000030E-05 ) ) ;
#422 = ORIENTED_EDGE ( 'NONE', *, *, #1139, .T. ) ;
#423 = APPROVAL ( #5199, 'ๆช' ) ;
#424 = VECTOR ( 'NONE', #1243, 1000.000000000000000 ) ;
#425 = VECTOR ( 'NONE', #7553, 1000.000000000000000 ) ;
#426 = VERTEX_POINT ( 'NONE', #3466 ) ;
#427 = CARTESIAN_POINT ( 'NONE',  ( 6.858538931790371329, -10.48452350954348589, -0.000000000000000000 ) ) ;
#428 = CARTESIAN_POINT ( 'NONE',  ( 0.000000000000000000, 40.00000000000000000, 40.00000000000000000 ) ) ;
#429 = VECTOR ( 'NONE', #8091, 1000.000000000000000 ) ;
#430 = FACE_BOUND ( 'NONE', #12412, .T. ) ;
#431 = CARTESIAN_POINT ( 'NONE',  ( -9.000000000000000000, -6.000000000000000152E-06, 11.29999999999999893 ) ) ;
#432 = AXIS2_PLACEMENT_3D ( 'NONE', #1161, #7587, #7707 ) ;
#433 = EDGE_CURVE ( 'NONE', #11205, #9429, #9672, .T. ) ;
#434 = VECTOR ( 'NONE', #1018, 1000.000000000000000 ) ;
#435 = CARTESIAN_POINT ( 'NONE',  ( -7.343333099005669773, 57.44258473825169631, -0.000000000000000000 ) ) ;
#436 = EDGE_CURVE ( 'NONE', #9105, #12478, #8600, .T. ) ;
#437 = ORIENTED_EDGE ( 'NONE', *, *, #1004, .T. ) ;
#438 = ORIENTED_EDGE ( 'NONE', *, *, #4159, .T. ) ;
#439 = LINE ( 'NONE', #2511, #6516 ) ;
#440 = SECURITY_CLASSIFICATION_LEVEL ( 'unclassified' ) ;
#441 = PRODUCT_RELATED_PRODUCT_CATEGORY ( 'detail', '', ( #7594 ) ) ;
#442 = CALENDAR_DATE ( 2026, 21, 9 ) ;
#443 = DIRECTION ( 'NONE',  ( 0.000000000000000000, 0.000000000000000000, 1.000000000000000000 ) ) ;
#444 = ORIENTED_EDGE ( 'NONE', *, *, #1427, .T. ) ;
#445 = PRODUCT_DEFINITION_SHAPE ( 'NONE', 'NONE',  #13086 ) ;
#446 = EDGE_CURVE ( 'NONE', #647, #1999, #9832, .T. ) ;
#447 = DIRECTION ( 'NONE',  ( -1.000000000000000000, -0.000000000000000000, -0.000000000000000000 ) ) ;
#448 = DIRECTION ( 'NONE',  ( -1.000000000000000000, 0.000000000000000000, -0.000000000000000000 ) ) ;
#449 = DIRECTION ( 'NONE',  ( -0.000000000000000000, -1.000000000000000000, -0.000000000000000000 ) ) ;
#450 = CARTESIAN_POINT ( 'NONE',  ( 0.000000000000000000, 0.000000000000000000, 0.000000000000000000 ) ) ;
#451 = CARTESIAN_POINT ( 'NONE',  ( -9.047843225473618745, 10.68357329672709000, 9.730474509234987579 ) ) ;
#452 = EDGE_CURVE ( 'NONE', #7679, #11205, #5684, .T. ) ;
#453 = DIRECTION ( 'NONE',  ( -0.000000000000000000, 1.000000000000000000, -0.000000000000000000 ) ) ;
#454 = AXIS2_PLACEMENT_3D ( 'NONE', #10486, #163, #12417 ) ;
#455 = APPROVAL_PERSON_ORGANIZATION ( #6593, #12217, #2677 ) ;
#456 = DIRECTION ( 'NONE',  ( -0.000000000000000000, -0.000000000000000000, 1.000000000000000000 ) ) ;
#457 = EDGE_LOOP ( 'NONE', ( #78, #5313, #7637, #4103 ) ) ;
#458 = CARTESIAN_POINT ( 'NONE',  ( 0.000000000000000000, 40.00000000000000000, 40.00000000000000000 ) ) ;
#459 = APPROVAL_ROLE ( '' ) ;
#460 = ORIENTED_EDGE ( 'NONE', *, *, #4765, .F. ) ;
#461 = EDGE_CURVE ( 'NONE', #703, #3263, #6267, .T. ) ;
#462 = PERSON_AND_ORGANIZATION ( #7348, #2931 ) ;
#463 = DIRECTION ( 'NONE',  ( -1.000000000000000000, 0.000000000000000000, 0.000000000000000000 ) ) ;
#464 = SHAPE_REPRESENTATION ( 'V3_07_servo_stand', ( #6542 ), #6111 ) ;
#465 = ORIENTED_EDGE ( 'NONE', *, *, #11909, .F. ) ;
#466 = DIRECTION ( 'NONE',  ( -0.000000000000000000, -1.000000000000000000, -0.000000000000000000 ) ) ;
#467 = LOCAL_TIME ( 12, 23, 50.00000000000000000, #6473 ) ;
#468 = PLANE ( 'NONE',  #208 ) ;
#469 = FACE_BOUND ( 'NONE', #4339, .T. ) ;
#470 = DIRECTION ( 'NONE',  ( 0.000000000000000000, 0.000000000000000000, 1.000000000000000000 ) ) ;
#471 = CALENDAR_DATE ( 2026, 21, 9 ) ;
#472 = LOCAL_TIME ( 12, 23, 50.00000000000000000, #9592 ) ;
#473 = ORIENTED_EDGE ( 'NONE', *, *, #4829, .F. ) ;
#474 = DATE_AND_TIME ( #12303, #467 ) ;
#475 = DATE_TIME_ROLE ( 'classification_date' ) ;
#476 = PLANE ( 'NONE',  #1626 ) ;
#477 = CARTESIAN_POINT ( 'NONE',  ( -9.000000000000000000, -6.000000000000000152E-06, 5.700000000000000178 ) ) ;
#478 = CARTESIAN_POINT ( 'NONE',  ( -21.69999999999999929, 14.00000000000000000, -6.000000000000000152E-06 ) ) ;
#479 = LINE ( 'NONE', #1411, #12541 ) ;
#480 = CC_DESIGN_APPROVAL ( #6216, ( #1964 ) ) ;
#481 = CARTESIAN_POINT ( 'NONE',  ( 21.65666690099451586, 14.44258473825130729, -0.000000000000000000 ) ) ;
#482 = CARTESIAN_POINT ( 'NONE',  ( -9.000000000000000000, 66.00000000000000000, -1.200000000000000030E-05 ) ) ;
#483 = LINE ( 'NONE', #6744, #634 ) ;
#484 = VERTEX_POINT ( 'NONE', #842 ) ;
#485 = ORIENTED_EDGE ( 'NONE', *, *, #10027, .T. ) ;
#486 = EDGE_LOOP ( 'NONE', ( #2665, #91 ) ) ;
#487 = ORIENTED_EDGE ( 'NONE', *, *, #11443, .F. ) ;
#488 = PERSON_AND_ORGANIZATION ( #2675, #9931 ) ;
#489 = EDGE_LOOP ( 'NONE', ( #10656, #271, #11237, #4211 ) ) ;
#490 = FACE_OUTER_BOUND ( 'NONE', #12822, .T. ) ;
#491 = ADVANCED_FACE ( 'NONE', ( #10940 ), #11881, .T. ) ;
#492 = DIRECTION ( 'NONE',  ( 1.000000000000000000, 0.000000000000000000, 0.000000000000000000 ) ) ;
#493 = CARTESIAN_POINT ( 'NONE',  ( -16.00000000000000000, 6.000000000000000000, 18.00000000000000355 ) ) ;
#494 = DIRECTION ( 'NONE',  ( 0.000000000000000000, 0.000000000000000000, -1.000000000000000000 ) ) ;
#495 = LINE ( 'NONE', #9427, #1697 ) ;
#496 =( REPRESENTATION_RELATIONSHIP ('NONE','NONE', #874, #10897 ) REPRESENTATION_RELATIONSHIP_WITH_TRANSFORMATION ( #2381 )SHAPE_REPRESENTATION_RELATIONSHIP( ) );
#497 = ORIENTED_EDGE ( 'NONE', *, *, #9668, .T. ) ;
#498 = EDGE_LOOP ( 'NONE', ( #8991, #12178 ) ) ;
#499 = DIRECTION ( 'NONE',  ( -0.000000000000000000, -0.000000000000000000, 1.000000000000000000 ) ) ;
#500 = COORDINATED_UNIVERSAL_TIME_OFFSET ( 5, 0, .BEHIND. ) ;
#501 = CARTESIAN_POINT ( 'NONE',  ( 24.30000000000000071, 45.00000000000000000, 0.000000000000000000 ) ) ;
#502 = ORIENTED_EDGE ( 'NONE', *, *, #2498, .F. ) ;
#503 = DATE_AND_TIME ( #9565, #9324 ) ;
#504 = EDGE_CURVE ( 'NONE', #2615, #4041, #6899, .T. ) ;
#505 = VECTOR ( 'NONE', #5171, 1000.000000000000000 ) ;
#506 = LINE ( 'NONE', #3705, #4498 ) ;
#507 = DIRECTION ( 'NONE',  ( 0.000000000000000000, 1.000000000000000000, 0.000000000000000000 ) ) ;
#508 = CC_DESIGN_PERSON_AND_ORGANIZATION_ASSIGNMENT ( #7300, #302, ( #4426 ) ) ;
#509 = CARTESIAN_POINT ( 'NONE',  ( -12.00000000000000000, 12.00000000000000000, 20.00000000000000000 ) ) ;
#510 = PRODUCT_DEFINITION ( 'ๆ', '', #9111, #3217 ) ;
#511 = CARTESIAN_POINT ( 'NONE',  ( -27.69999999999999929, 45.00000000000000000, 5.000000000000000000 ) ) ;
#512 = FACE_OUTER_BOUND ( 'NONE', #3888, .T. ) ;
#513 = CYLINDRICAL_SURFACE ( 'NONE', #3420, 1.700000000000000178 ) ;
#514 = EDGE_LOOP ( 'NONE', ( #11236, #4514, #3589, #8206 ) ) ;
#515 = FACE_OUTER_BOUND ( 'NONE', #6627, .T. ) ;
#516 = ORIENTED_EDGE ( 'NONE', *, *, #2062, .F. ) ;
#517 = DATE_AND_TIME ( #3714, #9465 ) ;
#518 = CARTESIAN_POINT ( 'NONE',  ( 29.51547649045508237, 65.14146106820992088, -0.000000000000000000 ) ) ;
#519 = ORIENTED_EDGE ( 'NONE', *, *, #10978, .T. ) ;
#520 = CARTESIAN_POINT ( 'NONE',  ( 11.87876165948471652, 7.409364245642842128, 7.888093465597637355 ) ) ;
#521 = EDGE_CURVE ( 'NONE', #6428, #4824, #7288, .T. ) ;
#522 = EDGE_CURVE ( 'NONE', #12827, #4699, #1844, .T. ) ;
#523 = CARTESIAN_POINT ( 'NONE',  ( -10.50000000000000000, 0.000000000000000000, -0.000000000000000000 ) ) ;
#524 = EDGE_CURVE ( 'NONE', #2160, #415, #7845, .T. ) ;
#525 = CARTESIAN_POINT ( 'NONE',  ( -11.77429632712486196, 7.574489190830802521, 10.93343484966565171 ) ) ;
#526 = VECTOR ( 'NONE', #12759, 1000.000000000000000 ) ;
#527 = FACE_BOUND ( 'NONE', #7007, .T. ) ;
#528 = CARTESIAN_POINT ( 'NONE',  ( 122.3432046589899187, 0.4426379398539286858, -0.000000000000000000 ) ) ;
#529 = PERSON_AND_ORGANIZATION ( #2675, #9931 ) ;
#530 = B_SPLINE_CURVE_WITH_KNOTS ( 'NONE', 3,
 ( #275, #9341, #9267, #6141, #3417, #3269, #3206, #4121, #4330, #7420, #7199, #10453, #2207, #6276, #8119, #1407, #12161, #11454 ),
 .UNSPECIFIED., .F., .F.,
 ( 4, 2, 2, 2, 2, 2, 2, 2, 4 ),
 ( 0.5000000000000000000, 0.5625000000000000000, 0.6250000000000000000, 0.6875000000000000000, 0.7500000000000000000, 0.8125000000000000000, 0.8750000000000000000, 0.9375000000000000000, 1.000000000000000000 ),
 .UNSPECIFIED. ) ;
#531 = ORIENTED_EDGE ( 'NONE', *, *, #11796, .F. ) ;
#532 = APPROVAL_ROLE ( '' ) ;
#533 = ORIENTED_EDGE ( 'NONE', *, *, #12537, .T. ) ;
#534 = DATE_AND_TIME ( #12825, #11122 ) ;
#535 = VECTOR ( 'NONE', #11457, 1000.000000000000000 ) ;
#536 = ORIENTED_EDGE ( 'NONE', *, *, #7277, .F. ) ;
#537 = DIRECTION ( 'NONE',  ( 1.000000000000000000, 0.000000000000000000, 0.000000000000000000 ) ) ;
#538 = FACE_OUTER_BOUND ( 'NONE', #5097, .T. ) ;
#539 = VECTOR ( 'NONE', #3003, 1000.000000000000000 ) ;
#540 = CARTESIAN_POINT ( 'NONE',  ( -30.50000000000000000, -10.00000000000000000, 28.00000000000000000 ) ) ;
#541 = CARTESIAN_POINT ( 'NONE',  ( -11.50000000000000000, 6.000000000000000000, 0.000000000000000000 ) ) ;
#542 = PLANE ( 'NONE',  #1829 ) ;
#543 = CARTESIAN_POINT ( 'NONE',  ( 183.0000000000000000, 3.000000000000000000, 3.000000000000002665 ) ) ;
#544 = VECTOR ( 'NONE', #9190, 1000.000000000000000 ) ;
#545 = ORIENTED_EDGE ( 'NONE', *, *, #6653, .F. ) ;
#546 = PRODUCT_DEFINITION_SHAPE ( 'NONE', 'NONE',  #13065 ) ;
#547 = ORIENTED_EDGE ( 'NONE', *, *, #7202, .T. ) ;
#548 = UNCERTAINTY_MEASURE_WITH_UNIT (LENGTH_MEASURE( 1.000000000000000082E-05 ), #8922, 'distance_accuracy_value', 'NONE');
#549 = CARTESIAN_POINT ( 'NONE',  ( -20.44258473825221145, -12.34333309900638653, 0.000000000000000000 ) ) ;
#550 = ORIENTED_EDGE ( 'NONE', *, *, #11439, .F. ) ;
#551 = VERTEX_POINT ( 'NONE', #12009 ) ;
#552 = ORIENTED_EDGE ( 'NONE', *, *, #3211, .T. ) ;
#553 = CARTESIAN_POINT ( 'NONE',  ( -2.533830729021401940, -0.6767371672058377641, -0.000000000000000000 ) ) ;
#554 = DIRECTION ( 'NONE',  ( -0.000000000000000000, 1.000000000000000000, -0.000000000000000000 ) ) ;
#555 = VECTOR ( 'NONE', #4758, 1000.000000000000000 ) ;
#556 = CARTESIAN_POINT ( 'NONE',  ( 31.60000000000000142, 72.50000000000000000, -1.200000000000000030E-05 ) ) ;
#557 = AXIS2_PLACEMENT_3D ( 'NONE', #11823, #10772, #3851 ) ;
#558 = CARTESIAN_POINT ( 'NONE',  ( 15.00000000000000000, 5.000000000000000000, -1.200000000000000030E-05 ) ) ;
#559 = APPLICATION_PROTOCOL_DEFINITION ( 'international standard', 'config_control_design', 1994, #2193 ) ;
#560 = CARTESIAN_POINT ( 'NONE',  ( -12.00000000000000000, -7.000000000000000000, 15.00000000000000000 ) ) ;
#561 = LINE ( 'NONE', #12785, #12864 ) ;
#562 = ORIENTED_EDGE ( 'NONE', *, *, #6805, .T. ) ;
#563 = ORIENTED_EDGE ( 'NONE', *, *, #6805, .F. ) ;
#564 = EDGE_CURVE ( 'NONE', #12304, #2438, #3844, .T. ) ;
#565 = CARTESIAN_POINT ( 'NONE',  ( 13.00000000000000000, 5.000000000000000000, -1.200000000000000030E-05 ) ) ;
#566 = AXIS2_PLACEMENT_3D ( 'NONE', #3158, #6166, #7290 ) ;
#567 = DATE_AND_TIME ( #635, #5350 ) ;
#568 = APPROVAL_DATE_TIME ( #10676, #269 ) ;
#569 = ORIENTED_EDGE ( 'NONE', *, *, #322, .F. ) ;
#570 = DATE_TIME_ROLE ( 'classification_date' ) ;
#571 = DIRECTION ( 'NONE',  ( -0.000000000000000000, -0.000000000000000000, 1.000000000000000000 ) ) ;
#572 = ORIENTED_EDGE ( 'NONE', *, *, #9119, .T. ) ;
#573 = VECTOR ( 'NONE', #5776, 1000.000000000000000 ) ;
#574 = CARTESIAN_POINT ( 'NONE',  ( 125.3612890990017092, -1.042972260763601611, -0.000000000000000000 ) ) ;
#575 = VECTOR ( 'NONE', #9944, 1000.000000000000000 ) ;
#576 = CARTESIAN_POINT ( 'NONE',  ( 31.60000000000000142, -1.200000000000000030E-05, 2.409402627941314989 ) ) ;
#577 = DIRECTION ( 'NONE',  ( -0.000000000000000000, -0.000000000000000000, -1.000000000000000000 ) ) ;
#578 = AXIS2_PLACEMENT_3D ( 'NONE', #2054, #11229, #5298 ) ;
#579 = DIRECTION ( 'NONE',  ( -0.000000000000000000, -0.000000000000000000, -1.000000000000000000 ) ) ;
#580 = DIRECTION ( 'NONE',  ( 1.000000000000000000, 0.000000000000000000, 0.000000000000000000 ) ) ;
#581 = LOCAL_TIME ( 12, 23, 50.00000000000000000, #6596 ) ;
#582 = CARTESIAN_POINT ( 'NONE',  ( -9.000000000000000000, -1.200000000000000030E-05, 5.700000000000000178 ) ) ;
#583 = AXIS2_PLACEMENT_3D ( 'NONE', #8935, #6999, #10797 ) ;
#584 = EDGE_CURVE ( 'NONE', #3277, #5155, #10951, .T. ) ;
#585 = VERTEX_POINT ( 'NONE', #11011 ) ;
#586 = DIRECTION ( 'NONE',  ( -0.000000000000000000, -1.000000000000000000, -0.000000000000000000 ) ) ;
#587 = APPROVAL_DATE_TIME ( #517, #12215 ) ;
#588 = DIRECTION ( 'NONE',  ( 0.000000000000000000, 0.000000000000000000, 1.000000000000000000 ) ) ;
#589 = EDGE_LOOP ( 'NONE', ( #8570, #334, #5392, #6493 ) ) ;
#590 = CARTESIAN_POINT ( 'NONE',  ( 21.69993048876495223, 0.000000000000000000, 12.22508399488808628 ) ) ;
#591 = APPROVAL ( #1506, 'ๆช' ) ;
#592 = CARTESIAN_POINT ( 'NONE',  ( -7.299999999999998934, 66.00000000000000000, -6.000000000000000152E-06 ) ) ;
#593 = SECURITY_CLASSIFICATION ( '', '', #651 ) ;
#594 = CLOSED_SHELL ( 'NONE', ( #12313, #5677, #7346, #1167, #2935, #3682 ) ) ;
#595 = CARTESIAN_POINT ( 'NONE',  ( 4.299999999999999822, -9.000000000000000000, -6.000000000000000152E-06 ) ) ;
#596 = CARTESIAN_POINT ( 'NONE',  ( -11.03982175519196929, 8.612738812327586757, 11.66766443662072206 ) ) ;
#597 = CARTESIAN_POINT ( 'NONE',  ( 118.3810499613777267, 11.00000000000000000, 6.000000000000000000 ) ) ;
#598 = CARTESIAN_POINT ( 'NONE',  ( 122.6387109010005219, 1.042972260769090553, -0.000000000000000000 ) ) ;
#599 = ADVANCED_FACE ( 'NONE', ( #7168 ), #10017, .F. ) ;
#600 = CARTESIAN_POINT ( 'NONE',  ( -27.69999999999999929, 0.000000000000000000, -0.000000000000000000 ) ) ;
#601 = EDGE_CURVE ( 'NONE', #2908, #10329, #7098, .T. ) ;
#602 = ORIENTED_EDGE ( 'NONE', *, *, #433, .T. ) ;
#603 = LOCAL_TIME ( 12, 23, 50.00000000000000000, #2328 ) ;
#604 = CALENDAR_DATE ( 2026, 21, 9 ) ;
#605 = CARTESIAN_POINT ( 'NONE',  ( -15.10000000000000142, 1.347111479062088503E-16, 16.00000000000000000 ) ) ;
#606 = EDGE_CURVE ( 'NONE', #2877, #8858, #10284, .T. ) ;
#607 = EDGE_CURVE ( 'NONE', #1250, #8163, #3036, .T. ) ;
#608 = FACE_OUTER_BOUND ( 'NONE', #5784, .T. ) ;
#609 = CYLINDRICAL_SURFACE ( 'NONE', #11897, 2.500000000000000000 ) ;
#610 = ORGANIZATION ( 'NAUO-ORG23', 'UNSPECIFIED', 'UNSPECIFIED' ) ;
#611 = CARTESIAN_POINT ( 'NONE',  ( 0.000000000000000000, 70.00000000000000000, 5.200000000000000178 ) ) ;
#612 = FACE_OUTER_BOUND ( 'NONE', #8258, .T. ) ;
#613 = FACE_OUTER_BOUND ( 'NONE', #10653, .T. ) ;
#614 = VECTOR ( 'NONE', #9891, 1000.000000000000000 ) ;
#615 = ORIENTED_EDGE ( 'NONE', *, *, #601, .F. ) ;
#616 = EDGE_CURVE ( 'NONE', #3277, #3820, #10152, .T. ) ;
#617 = ORIENTED_EDGE ( 'NONE', *, *, #2402, .T. ) ;
#618 = EDGE_CURVE ( 'NONE', #6432, #123, #4230, .T. ) ;
#619 = VERTEX_POINT ( 'NONE', #2104 ) ;
#620 = EDGE_CURVE ( 'NONE', #7559, #8701, #12341, .T. ) ;
#621 = CARTESIAN_POINT ( 'NONE',  ( 12.34333309900628173, 69.55741526174936951, -0.000000000000000000 ) ) ;
#622 = ORIENTED_EDGE ( 'NONE', *, *, #741, .T. ) ;
#623 = CARTESIAN_POINT ( 'NONE',  ( -1.594977014734535459, -2.082076604084840188, -0.000000000000000000 ) ) ;
#624 = CARTESIAN_POINT ( 'NONE',  ( 31.85848573019362817, 0.000000000000000000, 2.515604930472431722 ) ) ;
#625 = CIRCLE ( 'NONE', #11632, 1.700000000000000178 ) ;
#626 = VECTOR ( 'NONE', #7143, 1000.000000000000000 ) ;
#627 = CARTESIAN_POINT ( 'NONE',  ( 12.30000000000000249, 0.000000000000000000, 2.000000000000000000 ) ) ;
#628 = DIRECTION ( 'NONE',  ( 0.000000000000000000, 0.000000000000000000, 1.000000000000000000 ) ) ;
#629 = ORIENTED_EDGE ( 'NONE', *, *, #5463, .T. ) ;
#630 = PRODUCT ( 'V3_REF_MG995_envelope', 'V3_REF_MG995_envelope', '', ( #4756 ) ) ;
#631 = EDGE_LOOP ( 'NONE', ( #10846, #12521 ) ) ;
#632 = AXIS2_PLACEMENT_3D ( 'NONE', #12445, #7343, #5169 ) ;
#633 = FACE_OUTER_BOUND ( 'NONE', #5545, .T. ) ;
#634 = VECTOR ( 'NONE', #10591, 1000.000000000000000 ) ;
#635 = CALENDAR_DATE ( 2026, 21, 9 ) ;
#636 = ORIENTED_EDGE ( 'NONE', *, *, #7858, .F. ) ;
#637 = COORDINATED_UNIVERSAL_TIME_OFFSET ( 5, 0, .BEHIND. ) ;
#638 = CARTESIAN_POINT ( 'NONE',  ( 10.00000000000000000, 27.50000000000000000, 3.000000000000000000 ) ) ;
#639 = ORIENTED_EDGE ( 'NONE', *, *, #12097, .F. ) ;
#640 = DIRECTION ( 'NONE',  ( -0.000000000000000000, 1.000000000000000000, 0.000000000000000000 ) ) ;
#641 = AXIS2_PLACEMENT_3D ( 'NONE', #6124, #5159, #5997 ) ;
#642 = CARTESIAN_POINT ( 'NONE',  ( -0.6000001182283757339, 2.529936706146719949, -8.999999999999988370E-06 ) ) ;
#643 = DIRECTION ( 'NONE',  ( 0.000000000000000000, 0.000000000000000000, -1.000000000000000000 ) ) ;
#644 = CARTESIAN_POINT ( 'NONE',  ( 21.69999999999999574, 13.77438419509227430, -0.000000000000000000 ) ) ;
#645 = CARTESIAN_POINT ( 'NONE',  ( 31.60000000000000142, 72.50000000000000000, -1.200000000000000030E-05 ) ) ;
#646 = DIRECTION ( 'NONE',  ( 0.000000000000000000, 0.000000000000000000, 1.000000000000000000 ) ) ;
#647 = VERTEX_POINT ( 'NONE', #1027 ) ;
#648 = CYLINDRICAL_SURFACE ( 'NONE', #812, 1.700000000000000178 ) ;
#649 = ORIENTED_EDGE ( 'NONE', *, *, #9119, .F. ) ;
#650 =( GEOMETRIC_REPRESENTATION_CONTEXT ( 3 ) GLOBAL_UNCERTAINTY_ASSIGNED_CONTEXT ( ( #4134 ) ) GLOBAL_UNIT_ASSIGNED_CONTEXT ( ( #1989, #11959, #8044 ) ) REPRESENTATION_CONTEXT ( 'NONE', 'WORKASPACE' ) );
#651 = SECURITY_CLASSIFICATION_LEVEL ( 'unclassified' ) ;
#652 = CARTESIAN_POINT ( 'NONE',  ( 134.5156049304716817, 0.8584857301873821678, 0.000000000000000000 ) ) ;
#653 = VECTOR ( 'NONE', #5595, 1000.000000000000000 ) ;
#654 = ORIENTED_EDGE ( 'NONE', *, *, #7706, .F. ) ;
#655 = CARTESIAN_POINT ( 'NONE',  ( 134.3433330990082197, -0.4425847382506304939, -0.000000000000000000 ) ) ;
#656 = APPLICATION_CONTEXT ( 'configuration controlled 3d designs of mechanical parts and assemblies' ) ;
#657 = DIRECTION ( 'NONE',  ( 0.000000000000000000, 0.000000000000000000, 1.000000000000000000 ) ) ;
#658 = ADVANCED_FACE ( 'NONE', ( #4297, #96, #960 ), #12198, .F. ) ;
#659 = DIRECTION ( 'NONE',  ( -0.000000000000000000, -1.000000000000000000, -0.000000000000000000 ) ) ;
#660 = AXIS2_PLACEMENT_3D ( 'NONE', #1189, #3335, #2349 ) ;
#661 = DIRECTION ( 'NONE',  ( -0.000000000000000000, 1.000000000000000000, -0.000000000000000000 ) ) ;
#662 = CARTESIAN_POINT ( 'NONE',  ( -20.00000000000000000, -12.00000000000000000, 2.000000000000000000 ) ) ;
#663 = DATE_AND_TIME ( #10827, #472 ) ;
#664 = CC_DESIGN_PERSON_AND_ORGANIZATION_ASSIGNMENT ( #10777, #5697, ( #370 ) ) ;
#665 = LINE ( 'NONE', #8719, #6233 ) ;
#666 = ORIENTED_EDGE ( 'NONE', *, *, #4055, .F. ) ;
#667 = ORIENTED_EDGE ( 'NONE', *, *, #1988, .F. ) ;
#668 = APPROVAL_DATE_TIME ( #2680, #2647 ) ;
#669 = ORIENTED_EDGE ( 'NONE', *, *, #10996, .F. ) ;
#670 = ORIENTED_EDGE ( 'NONE', *, *, #11920, .T. ) ;
#671 = PERSON_AND_ORGANIZATION ( #2675, #9931 ) ;
#672 = SECURITY_CLASSIFICATION ( '', '', #6218 ) ;
#673 = ADVANCED_FACE ( 'NONE', ( #8295 ), #38, .F. ) ;
#674 = CARTESIAN_POINT ( 'NONE',  ( 11.50000000000000000, 6.000000000000000000, 22.00000000000000000 ) ) ;
#675 = ADVANCED_FACE ( 'NONE', ( #4096 ), #6968, .F. ) ;
#676 = CARTESIAN_POINT ( 'NONE',  ( 9.118810940736777226, 10.62306291505445444, 7.977880689636082323 ) ) ;
#677 = DIRECTION ( 'NONE',  ( 0.000000000000000000, 1.000000000000000000, 0.000000000000000000 ) ) ;
#678 = EDGE_CURVE ( 'NONE', #3827, #6053, #162, .T. ) ;
#679 = CC_DESIGN_PERSON_AND_ORGANIZATION_ASSIGNMENT ( #8522, #9258, ( #3819 ) ) ;
#680 = PRODUCT_DEFINITION_FORMATION_WITH_SPECIFIED_SOURCE ( 'ไป', '', #5705, .NOT_KNOWN. ) ;
#681 = DIRECTION ( 'NONE',  ( -0.000000000000000000, -0.000000000000000000, 1.000000000000000000 ) ) ;
#682 = FACE_OUTER_BOUND ( 'NONE', #7690, .T. ) ;
#683 = VERTEX_POINT ( 'NONE', #7234 ) ;
#684 = EDGE_LOOP ( 'NONE', ( #12232, #2291, #12786, #3148 ) ) ;
#685 = ORIENTED_EDGE ( 'NONE', *, *, #9480, .F. ) ;
#686 = ORIENTED_EDGE ( 'NONE', *, *, #12556, .T. ) ;
#687 = COORDINATED_UNIVERSAL_TIME_OFFSET ( 5, 0, .BEHIND. ) ;
#688 = ORIENTED_EDGE ( 'NONE', *, *, #6694, .F. ) ;
#689 = CARTESIAN_POINT ( 'NONE',  ( 124.0000000000000000, 0.000000000000000000, -1.200000000000000030E-05 ) ) ;
#690 = LINE ( 'NONE', #11667, #2040 ) ;
#691 = LOCAL_TIME ( 12, 23, 50.00000000000000000, #6269 ) ;
#692 = EDGE_CURVE ( 'NONE', #12574, #6910, #8172, .T. ) ;
#693 = EDGE_CURVE ( 'NONE', #9429, #11205, #7738, .T. ) ;
#694 = CARTESIAN_POINT ( 'NONE',  ( 11.50000000000000000, -6.000000000000000000, 22.00000000000000000 ) ) ;
#695 = ADVANCED_FACE ( 'NONE', ( #5276 ), #9304, .T. ) ;
#696 = FACE_OUTER_BOUND ( 'NONE', #8353, .T. ) ;
#697 = DIRECTION ( 'NONE',  ( -0.000000000000000000, -1.000000000000000000, -0.000000000000000000 ) ) ;
#698 = EDGE_LOOP ( 'NONE', ( #8374, #10011, #7399, #4626 ) ) ;
#699 = VERTEX_POINT ( 'NONE', #7093 ) ;
#700 = PRODUCT_DEFINITION_FORMATION_WITH_SPECIFIED_SOURCE ( 'ไป', '', #12252, .NOT_KNOWN. ) ;
#701 = DIRECTION ( 'NONE',  ( 0.000000000000000000, 0.000000000000000000, -1.000000000000000000 ) ) ;
#702 = APPROVAL_STATUS ( 'not_yet_approved' ) ;
#703 = VERTEX_POINT ( 'NONE', #11139 ) ;
#704 = CALENDAR_DATE ( 2026, 21, 9 ) ;
#705 = CARTESIAN_POINT ( 'NONE',  ( 125.7000000000000028, 0.000000000000000000, 6.000000000000000000 ) ) ;
#706 = EDGE_LOOP ( 'NONE', ( #7508, #7226, #10592, #8647 ) ) ;
#707 = APPLICATION_PROTOCOL_DEFINITION ( 'international standard', 'config_control_design', 1994, #5807 ) ;
#708 = APPROVAL_STATUS ( 'not_yet_approved' ) ;
#709 = CYLINDRICAL_SURFACE ( 'NONE', #11649, 1.700000000000000178 ) ;
#710 = LINE ( 'NONE', #829, #11103 ) ;
#711 = VECTOR ( 'NONE', #3422, 1000.000000000000000 ) ;
#712 = CARTESIAN_POINT ( 'NONE',  ( 21.69999999999999929, 14.00000000000000000, -6.000000000000000152E-06 ) ) ;
#713 = DIRECTION ( 'NONE',  ( -1.000000000000000000, 0.000000000000000000, -0.000000000000000000 ) ) ;
#714 = DIRECTION ( 'NONE',  ( 1.000000000000000000, 0.000000000000000000, 0.000000000000000000 ) ) ;
#715 = VERTEX_POINT ( 'NONE', #1094 ) ;
#716 = DIRECTION ( 'NONE',  ( 1.000000000000000000, -0.000000000000000000, 0.000000000000000000 ) ) ;
#717 = PERSON_AND_ORGANIZATION_ROLE ( 'design_supplier' ) ;
#718 = DIRECTION ( 'NONE',  ( 0.000000000000000000, 0.000000000000000000, -1.000000000000000000 ) ) ;
#719 = AXIS2_PLACEMENT_3D ( 'NONE', #9192, #10321, #206 ) ;
#720 = ORIENTED_EDGE ( 'NONE', *, *, #4550, .F. ) ;
#721 = DIRECTION ( 'NONE',  ( -0.000000000000000000, -0.000000000000000000, -1.000000000000000000 ) ) ;
#722 = DIRECTION ( 'NONE',  ( -0.000000000000000000, 1.000000000000000000, -0.000000000000000000 ) ) ;
#723 = CARTESIAN_POINT ( 'NONE',  ( -15.69999999999999929, 0.000000000000000000, 2.000000000000000000 ) ) ;
#724 = VECTOR ( 'NONE', #8924, 1000.000000000000000 ) ;
#725 = FACE_BOUND ( 'NONE', #6763, .T. ) ;
#726 = DIRECTION ( 'NONE',  ( 0.000000000000000000, 0.000000000000000000, -1.000000000000000000 ) ) ;
#727 = COORDINATED_UNIVERSAL_TIME_OFFSET ( 5, 0, .BEHIND. ) ;
#728 = ORIENTED_EDGE ( 'NONE', *, *, #1147, .T. ) ;
#729 = EDGE_CURVE ( 'NONE', #1073, #2955, #11605, .T. ) ;
#730 = DATE_AND_TIME ( #11828, #4405 ) ;
#731 = DIRECTION ( 'NONE',  ( 0.000000000000000000, 0.000000000000000000, 1.000000000000000000 ) ) ;
#732 = ORIENTED_EDGE ( 'NONE', *, *, #11829, .T. ) ;
#733 = CARTESIAN_POINT ( 'NONE',  ( 17.00000000000000000, 10.00000000000000000, 28.00000000000000000 ) ) ;
#734 = LINE ( 'NONE', #5876, #4617 ) ;
#735 = CYLINDRICAL_SURFACE ( 'NONE', #1357, 2.500000000000000000 ) ;
#736 = CIRCLE ( 'NONE', #11500, 2.500000000000000000 ) ;
#737 = CARTESIAN_POINT ( 'NONE',  ( 27.69999999999999929, 45.00000000000000000, 5.000000000000000000 ) ) ;
#738 = DIRECTION ( 'NONE',  ( -1.000000000000000000, 0.000000000000000000, 0.000000000000000000 ) ) ;
#739 = DIRECTION ( 'NONE',  ( -0.000000000000000000, -0.000000000000000000, -1.000000000000000000 ) ) ;
#740 = EDGE_LOOP ( 'NONE', ( #6087, #2669, #12431, #10402, #4727, #3587, #11924, #5377, #9242, #804, #10429, #8606 ) ) ;
#741 = EDGE_CURVE ( 'NONE', #11238, #7082, #2634, .T. ) ;
#742 = AXIS2_PLACEMENT_3D ( 'NONE', #4736, #8731, #7546 ) ;
#743 = ORIENTED_EDGE ( 'NONE', *, *, #9229, .F. ) ;
#744 = ORIENTED_EDGE ( 'NONE', *, *, #1636, .F. ) ;
#745 = ORIENTED_EDGE ( 'NONE', *, *, #7120, .F. ) ;
#746 = CARTESIAN_POINT ( 'NONE',  ( 0.6767371672055961795, -2.533830729021501416, 0.000000000000000000 ) ) ;
#747 = CARTESIAN_POINT ( 'NONE',  ( 0.000000000000000000, 0.000000000000000000, 38.00000000000000000 ) ) ;
#748 = CC_DESIGN_PERSON_AND_ORGANIZATION_ASSIGNMENT ( #12336, #4292, ( #2616 ) ) ;
#749 = LINE ( 'NONE', #6013, #3345 ) ;
#750 = AXIS2_PLACEMENT_3D ( 'NONE', #10370, #1587, #7396 ) ;
#751 = CARTESIAN_POINT ( 'NONE',  ( -5.500000000000000000, 0.000000000000000000, 22.00000000000000000 ) ) ;
#752 = CARTESIAN_POINT ( 'NONE',  ( -12.00000000000000000, -7.000000000000000000, 15.00000000000000000 ) ) ;
#753 = ORIENTED_EDGE ( 'NONE', *, *, #3384, .T. ) ;
#754 = ORIENTED_EDGE ( 'NONE', *, *, #6465, .T. ) ;
#755 = EDGE_CURVE ( 'NONE', #3738, #6692, #4687, .T. ) ;
#756 = DIRECTION ( 'NONE',  ( 0.000000000000000000, 0.000000000000000000, -1.000000000000000000 ) ) ;
#757 = CALENDAR_DATE ( 2026, 21, 9 ) ;
#758 = ADVANCED_FACE ( 'NONE', ( #9370, #2696 ), #3302, .T. ) ;
#759 = DATE_TIME_ROLE ( 'creation_date' ) ;
#760 = EDGE_LOOP ( 'NONE', ( #1670, #1611, #6512, #744, #7988, #1823 ) ) ;
#761 = DIRECTION ( 'NONE',  ( -0.000000000000000000, -0.000000000000000000, -1.000000000000000000 ) ) ;
#762 = VERTEX_POINT ( 'NONE', #9683 ) ;
#763 = AXIS2_PLACEMENT_3D ( 'NONE', #5863, #12871, #10760 ) ;
#764 = VECTOR ( 'NONE', #7551, 1000.000000000000000 ) ;
#765 = APPROVAL_ROLE ( '' ) ;
#766 = EDGE_CURVE ( 'NONE', #5177, #11269, #4395, .T. ) ;
#767 = CARTESIAN_POINT ( 'NONE',  ( 11.50000000000000000, -6.000000000000000000, 0.000000000000000000 ) ) ;
#768 = EDGE_CURVE ( 'NONE', #3371, #6693, #12779, .T. ) ;
#769 = CYLINDRICAL_SURFACE ( 'NONE', #11331, 2.000000000000001776 ) ;
#770 = CARTESIAN_POINT ( 'NONE',  ( 20.00000000000000000, -12.00000000000000000, 2.000000000000000000 ) ) ;
#771 = VECTOR ( 'NONE', #2660, 1000.000000000000000 ) ;
#772 = CARTESIAN_POINT ( 'NONE',  ( -11.90000000000000036, -6.400000000000000355, 0.000000000000000000 ) ) ;
#773 = FACE_OUTER_BOUND ( 'NONE', #9070, .T. ) ;
#774 = PLANE ( 'NONE',  #8844 ) ;
#775 = PERSON_AND_ORGANIZATION_ROLE ( 'classification_officer' ) ;
#776 = ORIENTED_EDGE ( 'NONE', *, *, #4123, .T. ) ;
#777 = SECURITY_CLASSIFICATION_LEVEL ( 'unclassified' ) ;
#778 = CARTESIAN_POINT ( 'NONE',  ( -0.5999999999999998668, 9.000000000000000000, 8.500000000000000000 ) ) ;
#779 = CARTESIAN_POINT ( 'NONE',  ( 14.00000000000000000, 0.000000000000000000, 2.000000000000000000 ) ) ;
#780 = EDGE_CURVE ( 'NONE', #5582, #7033, #8618, .T. ) ;
#781 = VECTOR ( 'NONE', #1449, 1000.000000000000000 ) ;
#782 = ADVANCED_FACE ( 'NONE', ( #8682 ), #11785, .F. ) ;
#783 = LINE ( 'NONE', #8959, #12563 ) ;
#784 = CYLINDRICAL_SURFACE ( 'NONE', #8207, 2.500000000000000000 ) ;
#785 = PERSON_AND_ORGANIZATION_ROLE ( 'classification_officer' ) ;
#786 = DIRECTION ( 'NONE',  ( -1.000000000000000000, 0.000000000000000000, -0.000000000000000000 ) ) ;
#787 = ORIENTED_EDGE ( 'NONE', *, *, #10771, .T. ) ;
#788 = SECURITY_CLASSIFICATION_LEVEL ( 'unclassified' ) ;
#789 = CARTESIAN_POINT ( 'NONE',  ( 31.00000000000000000, 81.00000000000000000, 4.000000000000000000 ) ) ;
#790 = ORIENTED_EDGE ( 'NONE', *, *, #6061, .F. ) ;
#791 = DIRECTION ( 'NONE',  ( 0.000000000000000000, -0.000000000000000000, -1.000000000000000000 ) ) ;
#792 = ORIENTED_EDGE ( 'NONE', *, *, #524, .F. ) ;
#793 = CLOSED_SHELL ( 'NONE', ( #4582, #9575, #5552, #7630, #3700, #5505, #3904, #4982, #12747, #7531, #5709, #1810, #3697, #12481, #11359, #8691, #4868, #9801, #9661, #5927, #12965, #1432, #1341, #8585, #9662, #2642, #2975, #1507 ) ) ;
#794 = AXIS2_PLACEMENT_3D ( 'NONE', #8483, #3692, #10735 ) ;
#795 = CARTESIAN_POINT ( 'NONE',  ( 22.00000000000000355, 8.000000000000000000, 0.000000000000000000 ) ) ;
#796 = FACE_OUTER_BOUND ( 'NONE', #12441, .T. ) ;
#797 = EDGE_CURVE ( 'NONE', #3032, #1525, #6685, .T. ) ;
#798 = DIRECTION ( 'NONE',  ( -0.000000000000000000, -0.000000000000000000, 1.000000000000000000 ) ) ;
#799 = LOCAL_TIME ( 12, 23, 50.00000000000000000, #7316 ) ;
#800 = CARTESIAN_POINT ( 'NONE',  ( -19.14151426980784976, 0.000000000000000000, 10.51560493047243305 ) ) ;
#801 = DIRECTION ( 'NONE',  ( 0.000000000000000000, 1.000000000000000000, 0.000000000000000000 ) ) ;
#802 = EDGE_LOOP ( 'NONE', ( #4860, #5987, #12459, #6460 ) ) ;
#803 = DIRECTION ( 'NONE',  ( -1.000000000000000000, 0.000000000000000000, 0.000000000000000000 ) ) ;
#804 = ORIENTED_EDGE ( 'NONE', *, *, #8250, .F. ) ;
#805 = DIRECTION ( 'NONE',  ( 0.000000000000000000, 0.000000000000000000, 1.000000000000000000 ) ) ;
#806 = CYLINDRICAL_SURFACE ( 'NONE', #1429, 14.00000000000000000 ) ;
#807 = LOCAL_TIME ( 12, 23, 50.00000000000000000, #7089 ) ;
#808 = CARTESIAN_POINT ( 'NONE',  ( 31.44263793984767474, -0.000000000000000000, 2.343204658989193501 ) ) ;
#809 = CARTESIAN_POINT ( 'NONE',  ( -21.00000000000000000, 0.000000000000000000, 0.000000000000000000 ) ) ;
#810 = EDGE_CURVE ( 'NONE', #8148, #6182, #7798, .T. ) ;
#811 = CARTESIAN_POINT ( 'NONE',  ( -9.000000000000000000, -6.000000000000000152E-06, 2.299999999999999822 ) ) ;
#812 = AXIS2_PLACEMENT_3D ( 'NONE', #10756, #5745, #2845 ) ;
#813 = CARTESIAN_POINT ( 'NONE',  ( -12.00000000000000000, 12.00000000000000000, 0.000000000000000000 ) ) ;
#814 = VERTEX_POINT ( 'NONE', #8874 ) ;
#815 = ORIENTED_EDGE ( 'NONE', *, *, #4343, .F. ) ;
#816 = CC_DESIGN_DATE_AND_TIME_ASSIGNMENT ( #11951, #1039, ( #5234 ) ) ;
#817 = CARTESIAN_POINT ( 'NONE',  ( 29.34320465898994001, -0.000000000000000000, 3.557362060149790839 ) ) ;
#818 = APPLICATION_CONTEXT ( 'configuration controlled 3d designs of mechanical parts and assemblies' ) ;
#819 = SECURITY_CLASSIFICATION_LEVEL ( 'unclassified' ) ;
#820 = SECURITY_CLASSIFICATION_LEVEL ( 'unclassified' ) ;
#821 = EDGE_LOOP ( 'NONE', ( #9366, #5063, #5195, #9894 ) ) ;
#822 = CARTESIAN_POINT ( 'NONE',  ( 15.69999999999999929, 2.081899558550498554E-16, 0.000000000000000000 ) ) ;
#823 = VECTOR ( 'NONE', #9997, 1000.000000000000000 ) ;
#824 = ORIENTED_EDGE ( 'NONE', *, *, #7035, .F. ) ;
#825 = PERSON_AND_ORGANIZATION ( #2675, #9931 ) ;
#826 = LINE ( 'NONE', #12055, #12053 ) ;
#827 = VECTOR ( 'NONE', #6191, 1000.000000000000000 ) ;
#828 = ADVANCED_FACE ( 'NONE', ( #12843 ), #3873, .F. ) ;
#829 = CARTESIAN_POINT ( 'NONE',  ( 31.00000000000000000, -1.200000000000000030E-05, 2.299999999999999822 ) ) ;
#830 = ADVANCED_FACE ( 'NONE', ( #3992 ), #806, .T. ) ;
#831 = AXIS2_PLACEMENT_3D ( 'NONE', #6266, #8387, #9461 ) ;
#832 = AXIS2_PLACEMENT_3D ( 'NONE', #869, #3244, #12899 ) ;
#833 = CARTESIAN_POINT ( 'NONE',  ( -37.50000000000000000, -10.00000000000000000, 25.00000000000000000 ) ) ;
#834 = CC_DESIGN_PERSON_AND_ORGANIZATION_ASSIGNMENT ( #671, #4729, ( #7620 ) ) ;
#835 = CARTESIAN_POINT ( 'NONE',  ( 186.0000000000000000, 0.000000000000000000, 83.00000000000000000 ) ) ;
#836 = DIRECTION ( 'NONE',  ( -0.000000000000000000, -0.000000000000000000, 1.000000000000000000 ) ) ;
#837 = APPLICATION_PROTOCOL_DEFINITION ( 'international standard', 'config_control_design', 1994, #5135 ) ;
#838 = AXIS2_PLACEMENT_3D ( 'NONE', #4000, #2947, #5430 ) ;
#839 = ORIENTED_EDGE ( 'NONE', *, *, #797, .T. ) ;
#840 = PERSON_AND_ORGANIZATION ( #9082, #8401 ) ;
#841 = DIRECTION ( 'NONE',  ( 1.000000000000000000, -0.000000000000000000, 0.000000000000000000 ) ) ;
#842 = CARTESIAN_POINT ( 'NONE',  ( 10.00000000000000178, 10.00000000000000000, 28.00000000000000000 ) ) ;
#843 = VECTOR ( 'NONE', #8370, 1000.000000000000000 ) ;
#844 = AXIS2_PLACEMENT_3D ( 'NONE', #9822, #3895, #3954 ) ;
#845 = CIRCLE ( 'NONE', #3412, 8.099999999999999645 ) ;
#846 = EDGE_CURVE ( 'NONE', #10161, #248, #2878, .T. ) ;
#847 = DIRECTION ( 'NONE',  ( -1.000000000000000000, -0.000000000000000000, -0.000000000000000000 ) ) ;
#849 = EDGE_CURVE ( 'NONE', #8210, #1685, #12158, .T. ) ;
#848 = LINE ( 'NONE', #8906, #4966 ) ;
#850 = VECTOR ( 'NONE', #577, 1000.000000000000000 ) ;
#851 = DIRECTION ( 'NONE',  ( 1.000000000000000000, 0.000000000000000000, -0.000000000000000000 ) ) ;
#852 = CARTESIAN_POINT ( 'NONE',  ( 10.55017837208570519, 9.206882368080758994, 8.299999999999998934 ) ) ;
#853 = ADVANCED_FACE ( 'NONE', ( #8993 ), #7923, .F. ) ;
#854 = DIRECTION ( 'NONE',  ( -1.000000000000000000, 0.000000000000000000, -0.000000000000000000 ) ) ;
#855 = AXIS2_PLACEMENT_3D ( 'NONE', #11743, #2723, #12804 ) ;
#856 = APPROVAL_DATE_TIME ( #2046, #6323 ) ;
#857 = CARTESIAN_POINT ( 'NONE',  ( 0.5999999999999998668, 9.000000000000000000, 8.500000000000000000 ) ) ;
#858 = B_SPLINE_CURVE_WITH_KNOTS ( 'NONE', 3,
 ( #1393, #11232, #10572, #10423, #5413, #9162, #9446, #379, #8159, #3242, #11281, #6245, #4439, #1240, #12203, #6577, #644, #712 ),
 .UNSPECIFIED., .F., .F.,
 ( 4, 2, 2, 2, 2, 2, 2, 2, 4 ),
 ( 0.5000000000000000000, 0.5625000000000000000, 0.6250000000000000000, 0.6875000000000000000, 0.7500000000000000000, 0.8125000000000000000, 0.8750000000000000000, 0.9375000000000000000, 1.000000000000000000 ),
 .UNSPECIFIED. ) ;
#859 = VECTOR ( 'NONE', #5427, 1000.000000000000000 ) ;
#860 = ORIENTED_EDGE ( 'NONE', *, *, #2151, .F. ) ;
#861 = LINE ( 'NONE', #733, #2924 ) ;
#862 = DIRECTION ( 'NONE',  ( -0.000000000000000000, -0.000000000000000000, 1.000000000000000000 ) ) ;
#863 = VECTOR ( 'NONE', #12542, 1000.000000000000000 ) ;
#864 = APPROVAL_PERSON_ORGANIZATION ( #12272, #423, #7161 ) ;
#865 = CARTESIAN_POINT ( 'NONE',  ( 20.00000000000000000, -12.00000000000000000, 2.000000000000000000 ) ) ;
#866 = CARTESIAN_POINT ( 'NONE',  ( 32.70000000000000284, 66.00000000000000000, -6.000000000000000152E-06 ) ) ;
#867 = FACE_OUTER_BOUND ( 'NONE', #13, .T. ) ;
#868 = CARTESIAN_POINT ( 'NONE',  ( -18.30000000000000071, 14.00000000000000000, -6.000000000000000152E-06 ) ) ;
#869 = CARTESIAN_POINT ( 'NONE',  ( 0.000000000000000000, 0.000000000000000000, 12.00000000000000000 ) ) ;
#870 = LOCAL_TIME ( 12, 23, 50.00000000000000000, #9548 ) ;
#871 = CARTESIAN_POINT ( 'NONE',  ( 0.000000000000000000, 0.000000000000000000, 5.000000000000000000 ) ) ;
#872 = ORIENTED_EDGE ( 'NONE', *, *, #8831, .T. ) ;
#873 = DIRECTION ( 'NONE',  ( 0.000000000000000000, 0.000000000000000000, 1.000000000000000000 ) ) ;
#874 = SHAPE_REPRESENTATION ( 'FlipArm_V3_deposit', ( #4049, #12040, #8023, #8678, #1066, #6357, #2797, #7830, #9094, #3839, #10980, #5739, #5101, #11427, #660, #12490, #5315, #2371, #3437, #8878, #10363, #9, #1291, #7418, #2992, #10573, #10148 ), #9745 ) ;
#875 = DIRECTION ( 'NONE',  ( -0.000000000000000000, -0.000000000000000000, -1.000000000000000000 ) ) ;
#876 = CARTESIAN_POINT ( 'NONE',  ( -16.00000000000000000, -6.000000000000000000, 18.00000000000000355 ) ) ;
#877 = DIRECTION ( 'NONE',  ( 1.000000000000000000, 0.000000000000000000, 0.000000000000000000 ) ) ;
#878 = LOCAL_TIME ( 12, 23, 50.00000000000000000, #7850 ) ;
#879 = DIRECTION ( 'NONE',  ( 0.000000000000000000, -0.000000000000000000, 1.000000000000000000 ) ) ;
#880 = DIRECTION ( 'NONE',  ( 1.000000000000000000, 0.000000000000000000, 0.000000000000000000 ) ) ;
#881 = ORIENTED_EDGE ( 'NONE', *, *, #4990, .T. ) ;
#882 = ORIENTED_EDGE ( 'NONE', *, *, #12317, .F. ) ;
#883 = CARTESIAN_POINT ( 'NONE',  ( -20.00000000000000000, -12.00000000000000000, 0.000000000000000000 ) ) ;
#884 = CALENDAR_DATE ( 2026, 21, 9 ) ;
#885 = VERTEX_POINT ( 'NONE', #3002 ) ;
#886 = LOCAL_TIME ( 12, 23, 50.00000000000000000, #7020 ) ;
#887 = EDGE_CURVE ( 'NONE', #12811, #12824, #7990, .T. ) ;
#888 = CARTESIAN_POINT ( 'NONE',  ( 0.000000000000000000, 0.000000000000000000, 2.000000000000000000 ) ) ;
#889 = ORIENTED_EDGE ( 'NONE', *, *, #12390, .F. ) ;
#890 = CYLINDRICAL_SURFACE ( 'NONE', #8265, 2.000000000000000000 ) ;
#891 = PLANE ( 'NONE',  #9703 ) ;
#892 = CC_DESIGN_APPROVAL ( #8253, ( #7661 ) ) ;
#893 = ORIENTED_EDGE ( 'NONE', *, *, #7121, .T. ) ;
#894 = CARTESIAN_POINT ( 'NONE',  ( 9.500000000000000000, 1.163414459189985485E-15, 35.00000000000000000 ) ) ;
#895 = CARTESIAN_POINT ( 'NONE',  ( 150.0000000000000000, 25.00000000000000000, 0.000000000000000000 ) ) ;
#896 = DATE_AND_TIME ( #12807, #8905 ) ;
#897 = EDGE_LOOP ( 'NONE', ( #9583, #3089 ) ) ;
#898 = CONTEXT_DEPENDENT_SHAPE_REPRESENTATION ( #8422, #11297 ) ;
#899 = ADVANCED_FACE ( 'NONE', ( #11910 ), #6995, .F. ) ;
#900 = CARTESIAN_POINT ( 'NONE',  ( 136.4426379398502718, 1.656795341010720568, -0.000000000000000000 ) ) ;
#901 = ORIENTED_EDGE ( 'NONE', *, *, #9979, .F. ) ;
#902 = DIRECTION ( 'NONE',  ( -0.000000000000000000, -0.000000000000000000, 1.000000000000000000 ) ) ;
#903 = APPROVAL_ROLE ( '' ) ;
#904 = APPROVAL ( #1778, 'ๆช' ) ;
#905 = LINE ( 'NONE', #5688, #526 ) ;
#906 = DIRECTION ( 'NONE',  ( 0.000000000000000000, 0.000000000000000000, 1.000000000000000000 ) ) ;
#907 = DIRECTION ( 'NONE',  ( 1.000000000000000000, 0.000000000000000000, 0.000000000000000000 ) ) ;
#908 = ORIENTED_EDGE ( 'NONE', *, *, #8249, .T. ) ;
#909 = CARTESIAN_POINT ( 'NONE',  ( 22.00000000000000000, 84.00000000000000000, 8.000000000000000000 ) ) ;
#910 = DATE_AND_TIME ( #6841, #10910 ) ;
#911 = EDGE_CURVE ( 'NONE', #5049, #7827, #11040, .T. ) ;
#912 = CARTESIAN_POINT ( 'NONE',  ( 20.00000000000000000, -6.000000000000000152E-06, 13.70000000000000107 ) ) ;
#913 = ORIENTED_EDGE ( 'NONE', *, *, #2467, .F. ) ;
#914 = EDGE_CURVE ( 'NONE', #6573, #353, #1873, .T. ) ;
#915 = DIRECTION ( 'NONE',  ( -0.000000000000000000, -1.000000000000000000, -0.000000000000000000 ) ) ;
#916 = CARTESIAN_POINT ( 'NONE',  ( -21.04297226076352700, 12.63871090099631544, -0.000000000000000000 ) ) ;
#917 = CARTESIAN_POINT ( 'NONE',  ( 15.19999999999999929, 2.000000000000000000, -1.200000000000000030E-05 ) ) ;
#918 = EDGE_CURVE ( 'NONE', #11720, #11508, #6930, .T. ) ;
#919 = VECTOR ( 'NONE', #4976, 1000.000000000000000 ) ;
#920 = CARTESIAN_POINT ( 'NONE',  ( -21.48452350954359247, -0.000000000000000000, 12.85853893179063512 ) ) ;
#921 = PLANE ( 'NONE',  #4615 ) ;
#922 = DIRECTION ( 'NONE',  ( 0.000000000000000000, 1.000000000000000000, 0.000000000000000000 ) ) ;
#923 = CARTESIAN_POINT ( 'NONE',  ( 18.51547649045561172, -14.85853893178910390, -0.000000000000000000 ) ) ;
#924 = DIRECTION ( 'NONE',  ( -0.000000000000000000, -0.000000000000000000, -1.000000000000000000 ) ) ;
#925 = CARTESIAN_POINT ( 'NONE',  ( -9.000000000000000000, -6.000000000000000152E-06, 11.29999999999999893 ) ) ;
#926 = ORIENTED_EDGE ( 'NONE', *, *, #1581, .T. ) ;
#927 = CARTESIAN_POINT ( 'NONE',  ( 31.00000000000000000, 66.00000000000000000, 5.000000000000000000 ) ) ;
#928 = ORIENTED_EDGE ( 'NONE', *, *, #8312, .T. ) ;
#929 = EDGE_LOOP ( 'NONE', ( #10889, #1083, #12663, #3957 ) ) ;
#930 = FACE_OUTER_BOUND ( 'NONE', #3157, .T. ) ;
#931 = DIRECTION ( 'NONE',  ( 0.000000000000000000, 0.000000000000000000, 1.000000000000000000 ) ) ;
#932 = CARTESIAN_POINT ( 'NONE',  ( -7.638710900999796216, 64.95702773923075313, -0.000000000000000000 ) ) ;
#933 = PLANE ( 'NONE',  #10235 ) ;
#934 = LINE ( 'NONE', #7406, #3436 ) ;
#935 = DIRECTION ( 'NONE',  ( 1.000000000000000000, 0.000000000000000000, 0.000000000000000000 ) ) ;
#936 = VECTOR ( 'NONE', #12780, 1000.000000000000000 ) ;
#937 = VERTEX_POINT ( 'NONE', #5886 ) ;
#938 = VECTOR ( 'NONE', #7029, 1000.000000000000000 ) ;
#939 = VERTEX_POINT ( 'NONE', #993 ) ;
#940 = CARTESIAN_POINT ( 'NONE',  ( 29.29993048876346151, -0.000000000000000000, 4.225083994884123229 ) ) ;
#941 = PERSON_AND_ORGANIZATION ( #2675, #9931 ) ;
#942 = ORIENTED_EDGE ( 'NONE', *, *, #8020, .F. ) ;
#943 = ORIENTED_EDGE ( 'NONE', *, *, #4921, .T. ) ;
#944 = VECTOR ( 'NONE', #6074, 1000.000000000000000 ) ;
#945 = CARTESIAN_POINT ( 'NONE',  ( 0.000000000000000000, 0.000000000000000000, 90.00000000000000000 ) ) ;
#946 = CIRCLE ( 'NONE', #10245, 1.100000000000000311 ) ;
#947 = CARTESIAN_POINT ( 'NONE',  ( 27.69999999999999929, -57.00000000000000000, -1.200000000000000030E-05 ) ) ;
#948 = CARTESIAN_POINT ( 'NONE',  ( 4.515604930472245648, -8.141514269807107240, 0.000000000000000000 ) ) ;
#949 = LINE ( 'NONE', #7767, #1696 ) ;
#950 = EDGE_CURVE ( 'NONE', #3181, #3445, #1809, .T. ) ;
#951 = VERTEX_POINT ( 'NONE', #5053 ) ;
#952 = DIRECTION ( 'NONE',  ( -1.000000000000000000, 0.000000000000000000, 0.000000000000000000 ) ) ;
#953 = DIRECTION ( 'NONE',  ( 0.000000000000000000, 0.000000000000000000, 1.000000000000000000 ) ) ;
#954 = VECTOR ( 'NONE', #4500, 1000.000000000000000 ) ;
#955 = DATE_TIME_ROLE ( 'classification_date' ) ;
#956 = VERTEX_POINT ( 'NONE', #2939 ) ;
#957 = CALENDAR_DATE ( 2026, 21, 9 ) ;
#958 = DIRECTION ( 'NONE',  ( 0.000000000000000000, 0.000000000000000000, 1.000000000000000000 ) ) ;
#959 = VERTEX_POINT ( 'NONE', #1942 ) ;
#960 = FACE_OUTER_BOUND ( 'NONE', #12102, .T. ) ;
#961 = AXIS2_PLACEMENT_3D ( 'NONE', #13021, #2871, #1114 ) ;
#962 = LINE ( 'NONE', #5023, #3790 ) ;
#963 = AXIS2_PLACEMENT_3D ( 'NONE', #2741, #2802, #5756 ) ;
#964 = EDGE_CURVE ( 'NONE', #12964, #10244, #9058, .T. ) ;
#965 = DIRECTION ( 'NONE',  ( 0.000000000000000000, 0.000000000000000000, 1.000000000000000000 ) ) ;
#966 = EDGE_LOOP ( 'NONE', ( #8473, #12805, #7394, #11850 ) ) ;
#967 = CARTESIAN_POINT ( 'NONE',  ( -21.00000000000000000, 81.00000000000000000, 6.000000000000000000 ) ) ;
#968 = ORIENTED_EDGE ( 'NONE', *, *, #2424, .F. ) ;
#969 = CC_DESIGN_PERSON_AND_ORGANIZATION_ASSIGNMENT ( #32, #1088, ( #5112 ) ) ;
#970 = CALENDAR_DATE ( 2026, 21, 9 ) ;
#971 = CARTESIAN_POINT ( 'NONE',  ( 1.634374254348486266, 2.027707120433111410, -0.000000000000000000 ) ) ;
#972 = AXIS2_PLACEMENT_3D ( 'NONE', #12466, #7440, #9286 ) ;
#973 = ORIENTED_EDGE ( 'NONE', *, *, #1909, .T. ) ;
#974 = CARTESIAN_POINT ( 'NONE',  ( 0.5999999999999999778, 0.000000000000000000, 0.000000000000000000 ) ) ;
#975 = ORIENTED_EDGE ( 'NONE', *, *, #12784, .F. ) ;
#976 = DIRECTION ( 'NONE',  ( -0.000000000000000000, -0.000000000000000000, -1.000000000000000000 ) ) ;
#977 = DIRECTION ( 'NONE',  ( 0.000000000000000000, 0.000000000000000000, 1.000000000000000000 ) ) ;
#978 = FACE_OUTER_BOUND ( 'NONE', #11076, .T. ) ;
#979 = LINE ( 'NONE', #7632, #1195 ) ;
#981 = ADVANCED_FACE ( 'NONE', ( #930 ), #3, .F. ) ;
#980 = DIRECTION ( 'NONE',  ( 0.000000000000000000, 1.000000000000000000, 0.000000000000000000 ) ) ;
#982 = VECTOR ( 'NONE', #1625, 1000.000000000000000 ) ;
#983 =( REPRESENTATION_RELATIONSHIP ('NONE','NONE', #874, #9905 ) REPRESENTATION_RELATIONSHIP_WITH_TRANSFORMATION ( #4714 )SHAPE_REPRESENTATION_RELATIONSHIP( ) );
#984 = ADVANCED_FACE ( 'NONE', ( #10451 ), #5241, .F. ) ;
#985 = AXIS2_PLACEMENT_3D ( 'NONE', #11896, #4973, #3861 ) ;
#986 = CARTESIAN_POINT ( 'NONE',  ( -21.04287395703095598, 15.36119079527073872, 0.000000000000000000 ) ) ;
#987 = CC_DESIGN_APPROVAL ( #2647, ( #6890 ) ) ;
#988 = CC_DESIGN_PERSON_AND_ORGANIZATION_ASSIGNMENT ( #6135, #9468, ( #7594 ) ) ;
#989 = VERTEX_POINT ( 'NONE', #9266 ) ;
#990 = VECTOR ( 'NONE', #13030, 1000.000000000000000 ) ;
#991 = VERTEX_POINT ( 'NONE', #3130 ) ;
#992 = EDGE_LOOP ( 'NONE', ( #10547, #6272, #422, #2157 ) ) ;
#993 = CARTESIAN_POINT ( 'NONE',  ( -21.00000000000000000, 0.000000000000000000, 17.00000000000000000 ) ) ;
#994 = AXIS2_PLACEMENT_3D ( 'NONE', #184, #9387, #12143 ) ;
#995 = FACE_OUTER_BOUND ( 'NONE', #12170, .T. ) ;
#996 = CARTESIAN_POINT ( 'NONE',  ( -35.00000000000000000, -70.00000000000000000, 5.000000000000000000 ) ) ;
#997 = AXIS2_PLACEMENT_3D ( 'NONE', #5495, #11562, #6586 ) ;
#998 = LOCAL_TIME ( 12, 23, 50.00000000000000000, #12212 ) ;
#999 = CARTESIAN_POINT ( 'NONE',  ( -8.141514269807105464, 0.000000000000000000, 2.515604930472431278 ) ) ;
#1000 = EDGE_CURVE ( 'NONE', #6058, #4327, #8118, .T. ) ;
#1001 = DIRECTION ( 'NONE',  ( -0.000000000000000000, 1.000000000000000000, -0.000000000000000000 ) ) ;
#1002 = DIRECTION ( 'NONE',  ( -0.000000000000000000, 1.000000000000000000, 0.000000000000000000 ) ) ;
#1003 = ORIENTED_EDGE ( 'NONE', *, *, #3377, .T. ) ;
#1004 = EDGE_CURVE ( 'NONE', #4218, #4801, #4396, .T. ) ;
#1005 = ORIENTED_EDGE ( 'NONE', *, *, #8814, .T. ) ;
#1006 = EDGE_CURVE ( 'NONE', #7559, #8735, #4269, .T. ) ;
#1007 = EDGE_CURVE ( 'NONE', #1268, #10006, #6198, .T. ) ;
#1008 = CARTESIAN_POINT ( 'NONE',  ( 29.63871090099774364, -0.000000000000000000, 2.957027739233934138 ) ) ;
#1009 = PERSON_AND_ORGANIZATION_ROLE ( 'creator' ) ;
#1010 = ORIENTED_EDGE ( 'NONE', *, *, #3037, .T. ) ;
#1011 = ORIENTED_EDGE ( 'NONE', *, *, #5300, .T. ) ;
#1012 = ORIENTED_EDGE ( 'NONE', *, *, #11240, .F. ) ;
#1013 = CARTESIAN_POINT ( 'NONE',  ( 6.000000000000000000, 0.000000000000000000, 0.000000000000000000 ) ) ;
#1014 = DIRECTION ( 'NONE',  ( -1.000000000000000000, -0.000000000000000000, -0.000000000000000000 ) ) ;
#1015 = CARTESIAN_POINT ( 'NONE',  ( 28.00000000000000000, 0.000000000000000000, 0.000000000000000000 ) ) ;
#1016 = PLANE ( 'NONE',  #2579 ) ;
#1017 = ORIENTED_EDGE ( 'NONE', *, *, #8515, .T. ) ;
#1018 = DIRECTION ( 'NONE',  ( -0.000000000000000000, -0.000000000000000000, -1.000000000000000000 ) ) ;
#1019 = DIRECTION ( 'NONE',  ( 0.000000000000000000, -1.000000000000000000, 0.000000000000000000 ) ) ;
#1020 = VECTOR ( 'NONE', #2095, 1000.000000000000000 ) ;
#1021 = APPROVAL_STATUS ( 'not_yet_approved' ) ;
#1022 = ORIENTED_EDGE ( 'NONE', *, *, #5124, .T. ) ;
#1023 = COORDINATED_UNIVERSAL_TIME_OFFSET ( 5, 0, .BEHIND. ) ;
#1024 = DIRECTION ( 'NONE',  ( -0.000000000000000000, -0.000000000000000000, -1.000000000000000000 ) ) ;
#1025 = ORIENTED_EDGE ( 'NONE', *, *, #4427, .F. ) ;
#1026 = AXIS2_PLACEMENT_3D ( 'NONE', #1865, #4794, #3054 ) ;
#1027 = CARTESIAN_POINT ( 'NONE',  ( 6.000000000000000000, 1.300000000000000044, 0.000000000000000000 ) ) ;
#1028 = CIRCLE ( 'NONE', #8426, 2.000000000000001776 ) ;
#1029 = CARTESIAN_POINT ( 'NONE',  ( 12.80000000000000071, -2.000000000000000000, -1.200000000000000030E-05 ) ) ;
#1030 = VECTOR ( 'NONE', #5663, 1000.000000000000000 ) ;
#1031 = CARTESIAN_POINT ( 'NONE',  ( 31.60000000000000142, 62.50000000000000000, -1.200000000000000030E-05 ) ) ;
#1032 = CARTESIAN_POINT ( 'NONE',  ( 24.30000000000000071, 45.00000000000000000, -1.200000000000000030E-05 ) ) ;
#1034 = VECTOR ( 'NONE', #12041, 1000.000000000000000 ) ;
#1033 = CARTESIAN_POINT ( 'NONE',  ( 9.047774080068554881, 10.68363060322405289, 9.731058013007706009 ) ) ;
#1035 = ORIENTED_EDGE ( 'NONE', *, *, #1730, .F. ) ;
#1036 = CARTESIAN_POINT ( 'NONE',  ( -15.19999999999999929, 0.000000000000000000, -0.000000000000000000 ) ) ;
#1037 = ORIENTED_EDGE ( 'NONE', *, *, #1546, .F. ) ;
#1038 = VECTOR ( 'NONE', #5810, 1000.000000000000000 ) ;
#1039 = DATE_TIME_ROLE ( 'classification_date' ) ;
#1040 = CARTESIAN_POINT ( 'NONE',  ( 2.552147338437895652, 0.5775901837055785748, -0.000000000000000000 ) ) ;
#1041 = AXIS2_PLACEMENT_3D ( 'NONE', #10129, #4129, #2076 ) ;
#1042 = EDGE_LOOP ( 'NONE', ( #7247, #10093, #13025, #7743 ) ) ;
#1043 = CARTESIAN_POINT ( 'NONE',  ( 31.60000000000000142, 72.49999999999998579, 2.409402627941314989 ) ) ;
#1044 = EDGE_LOOP ( 'NONE', ( #7920, #3375, #7726, #3970 ) ) ;
#1045 = EDGE_CURVE ( 'NONE', #12591, #11588, #12622, .T. ) ;
#1046 = DIRECTION ( 'NONE',  ( -0.000000000000000000, -0.000000000000000000, -1.000000000000000000 ) ) ;
#1047 = CARTESIAN_POINT ( 'NONE',  ( 0.000000000000000000, 0.000000000000000000, 4.000000000000000000 ) ) ;
#1048 = AXIS2_PLACEMENT_3D ( 'NONE', #6983, #1046, #185 ) ;
#1049 = FACE_OUTER_BOUND ( 'NONE', #12276, .T. ) ;
#1050 = CIRCLE ( 'NONE', #10340, 1.700000000000000178 ) ;
#1051 = DIRECTION ( 'NONE',  ( 0.000000000000000000, 0.000000000000000000, -1.000000000000000000 ) ) ;
#1052 = ORIENTED_EDGE ( 'NONE', *, *, #1259, .T. ) ;
#1053 = VERTEX_POINT ( 'NONE', #2350 ) ;
#1054 = EDGE_LOOP ( 'NONE', ( #12737, #550, #4176, #10739 ) ) ;
#1055 =( GEOMETRIC_REPRESENTATION_CONTEXT ( 3 ) GLOBAL_UNCERTAINTY_ASSIGNED_CONTEXT ( ( #5458 ) ) GLOBAL_UNIT_ASSIGNED_CONTEXT ( ( #4194, #7829, #4885 ) ) REPRESENTATION_CONTEXT ( 'NONE', 'WORKASPACE' ) );
#1056 = ADVANCED_FACE ( 'NONE', ( #10249 ), #12308, .F. ) ;
#1057 = CARTESIAN_POINT ( 'NONE',  ( 14.44258473825094136, 68.34333309900550546, 0.000000000000000000 ) ) ;
#1058 = CARTESIAN_POINT ( 'NONE',  ( 186.0000000000000000, 149.0000000000000000, 3.000000000000000000 ) ) ;
#1059 = DIRECTION ( 'NONE',  ( 0.000000000000000000, 1.000000000000000000, 0.000000000000000000 ) ) ;
#1060 = LINE ( 'NONE', #6278, #4545 ) ;
#1061 = CC_DESIGN_DATE_AND_TIME_ASSIGNMENT ( #7231, #235, ( #3985 ) ) ;
#1062 = CC_DESIGN_PERSON_AND_ORGANIZATION_ASSIGNMENT ( #331, #11447, ( #3648 ) ) ;
#1063 = B_SPLINE_CURVE_WITH_KNOTS ( 'NONE', 3,
 ( #82, #8946, #12983, #1962, #3950, #11127, #10072, #10004, #2088, #12183, #3154, #7154, #11198, #6163, #948, #5075, #5009, #9016 ),
 .UNSPECIFIED., .F., .F.,
 ( 4, 2, 2, 2, 2, 2, 2, 2, 4 ),
 ( 0.000000000000000000, 0.06250000000000000000, 0.1250000000000000000, 0.1875000000000000000, 0.2500000000000000000, 0.3125000000000000000, 0.3750000000000000000, 0.4375000000000000000, 0.5000000000000000000 ),
 .UNSPECIFIED. ) ;
#1064 = CARTESIAN_POINT ( 'NONE',  ( -7.515604930472060907, 0.000000000000000000, 4.858485730192892760 ) ) ;
#1065 = PERSON_AND_ORGANIZATION ( #2675, #9931 ) ;
#1066 = AXIS2_PLACEMENT_3D ( 'NONE', #5052, #3925, #2068 ) ;
#1067 = CARTESIAN_POINT ( 'NONE',  ( -36.00000000000000711, -5.000000000000000000, 25.00000000000000000 ) ) ;
#1068 = PLANE ( 'NONE',  #8654 ) ;
#1069 = VERTEX_POINT ( 'NONE', #8327 ) ;
#1070 = ORIENTED_EDGE ( 'NONE', *, *, #6864, .T. ) ;
#1071 = CARTESIAN_POINT ( 'NONE',  ( 7.700000000000000178, -9.000000000000000000, -6.000000000000000152E-06 ) ) ;
#1072 = CONTEXT_DEPENDENT_SHAPE_REPRESENTATION ( #6875, #11414 ) ;
#1073 = VERTEX_POINT ( 'NONE', #6420 ) ;
#1074 = EDGE_CURVE ( 'NONE', #7209, #2712, #9399, .T. ) ;
#1075 = EDGE_LOOP ( 'NONE', ( #5289, #11595 ) ) ;
#1076 = EDGE_CURVE ( 'NONE', #3250, #7771, #12371, .T. ) ;
#1077 = CARTESIAN_POINT ( 'NONE',  ( -15.04287395703200048, 71.36119079527041720, 0.000000000000000000 ) ) ;
#1078 = APPROVAL_PERSON_ORGANIZATION ( #8297, #9235, #306 ) ;
#1079 = LINE ( 'NONE', #10003, #11215 ) ;
#1080 = EDGE_CURVE ( 'NONE', #4087, #10329, #9123, .T. ) ;
#1081 = CARTESIAN_POINT ( 'NONE',  ( 22.00000000000000000, 84.00000000000000000, 0.000000000000000000 ) ) ;
#1082 = CARTESIAN_POINT ( 'NONE',  ( -20.00000000000000000, 14.00000000000000000, 5.000000000000000000 ) ) ;
#1083 = ORIENTED_EDGE ( 'NONE', *, *, #7218, .T. ) ;
#1084 = ORIENTED_EDGE ( 'NONE', *, *, #1334, .T. ) ;
#1085 = CC_DESIGN_SECURITY_CLASSIFICATION ( #9949, ( #9111 ) ) ;
#1086 = CARTESIAN_POINT ( 'NONE',  ( 32.48439506952831124, 0.000000000000000000, 13.85848573019467622 ) ) ;
#1087 = CARTESIAN_POINT ( 'NONE',  ( -11.90000000000000036, -6.400000000000000355, 3.000000000000000000 ) ) ;
#1088 = PERSON_AND_ORGANIZATION_ROLE ( 'creator' ) ;
#1089 = ORIENTED_EDGE ( 'NONE', *, *, #3777, .F. ) ;
#1090 = ORIENTED_EDGE ( 'NONE', *, *, #8670, .F. ) ;
#1091 = CONTEXT_DEPENDENT_SHAPE_REPRESENTATION ( #496, #5626 ) ;
#1092 = DIRECTION ( 'NONE',  ( 1.000000000000000000, -0.000000000000000000, 0.000000000000000000 ) ) ;
#1093 = VERTEX_POINT ( 'NONE', #62 ) ;
#1094 = CARTESIAN_POINT ( 'NONE',  ( 27.69999999999999929, 57.00000000000000000, 0.000000000000000000 ) ) ;
#1095 = COORDINATED_UNIVERSAL_TIME_OFFSET ( 5, 0, .BEHIND. ) ;
#1096 = LOCAL_TIME ( 12, 23, 50.00000000000000000, #8218 ) ;
#1097 = CARTESIAN_POINT ( 'NONE',  ( 31.60000000000000142, 0.000000000000000000, 0.000000000000000000 ) ) ;
#1098 = DIRECTION ( 'NONE',  ( -0.000000000000000000, 1.000000000000000000, 0.000000000000000000 ) ) ;
#1099 = CARTESIAN_POINT ( 'NONE',  ( 15.00000000000000000, 5.000000000000000000, 25.00000000000000000 ) ) ;
#1100 = ORIENTED_EDGE ( 'NONE', *, *, #11590, .F. ) ;
#1101 = DIRECTION ( 'NONE',  ( -1.000000000000000000, 0.000000000000000000, 0.000000000000000000 ) ) ;
#1102 = EDGE_LOOP ( 'NONE', ( #3001, #4011 ) ) ;
#1103 = CC_DESIGN_APPROVAL ( #1220, ( #1331 ) ) ;
#1104 = CARTESIAN_POINT ( 'NONE',  ( 3.000000000000000000, 3.673940397442059375E-16, 42.00000000000000000 ) ) ;
#1105 = EDGE_LOOP ( 'NONE', ( #4445, #2221, #11292, #9934, #2379, #7561, #6154, #437, #882, #9513, #8152, #9396 ) ) ;
#1106 = CARTESIAN_POINT ( 'NONE',  ( 0.000000000000000000, 0.000000000000000000, 68.00000000000000000 ) ) ;
#1107 = ORIENTED_EDGE ( 'NONE', *, *, #9818, .T. ) ;
#1108 = PLANE ( 'NONE',  #9017 ) ;
#1109 = DIRECTION ( 'NONE',  ( -1.000000000000000000, 0.000000000000000000, -0.000000000000000000 ) ) ;
#1110 = CARTESIAN_POINT ( 'NONE',  ( -2.600000000000000089, 3.184081677783117698E-16, -6.000000000000000152E-06 ) ) ;
#1111 = LINE ( 'NONE', #9178, #4892 ) ;
#1112 = CARTESIAN_POINT ( 'NONE',  ( -4.957126042969106194, -10.36119079527079201, 0.000000000000000000 ) ) ;
#1113 = DIRECTION ( 'NONE',  ( -0.000000000000000000, -0.000000000000000000, -1.000000000000000000 ) ) ;
#1114 = DIRECTION ( 'NONE',  ( 0.000000000000000000, 0.000000000000000000, -1.000000000000000000 ) ) ;
#1115 = EDGE_CURVE ( 'NONE', #12902, #5393, #3341, .T. ) ;
#1116 = ORIENTED_EDGE ( 'NONE', *, *, #9211, .T. ) ;
#1117 = EDGE_LOOP ( 'NONE', ( #7435, #5064, #8408, #6273, #2620, #12494 ) ) ;
#1118 = CARTESIAN_POINT ( 'NONE',  ( 0.000000000000000000, 0.000000000000000000, 6.000000000000000000 ) ) ;
#1119 = CARTESIAN_POINT ( 'NONE',  ( 43.00000000000000000, 0.000000000000000000, 17.00000000000000000 ) ) ;
#1120 = CARTESIAN_POINT ( 'NONE',  ( 0.000000000000000000, 72.50000000000000000, 0.000000000000000000 ) ) ;
#1121 = DIRECTION ( 'NONE',  ( 1.000000000000000000, 0.000000000000000000, 0.000000000000000000 ) ) ;
#1122 = DIRECTION ( 'NONE',  ( 0.000000000000000000, 0.000000000000000000, 1.000000000000000000 ) ) ;
#1123 = DIRECTION ( 'NONE',  ( 1.000000000000000000, 0.000000000000000000, 0.000000000000000000 ) ) ;
#1124 = EDGE_CURVE ( 'NONE', #647, #2589, #3336, .T. ) ;
#1125 = DIRECTION ( 'NONE',  ( 1.000000000000000000, 0.000000000000000000, 0.000000000000000000 ) ) ;
#1126 = ORIENTED_EDGE ( 'NONE', *, *, #6797, .T. ) ;
#1127 = EDGE_LOOP ( 'NONE', ( #5331, #3261, #10280, #4739, #4493, #7541, #6372, #12793, #6491, #4106, #8337, #3214 ) ) ;
#1128 = CARTESIAN_POINT ( 'NONE',  ( -9.592487695948896942, 10.19791902210260481, 9.710886492289755978 ) ) ;
#1129 = DATE_AND_TIME ( #6153, #9970 ) ;
#1130 = ORIENTED_EDGE ( 'NONE', *, *, #7751, .T. ) ;
#1131 = PRODUCT_RELATED_PRODUCT_CATEGORY ( 'detail', '', ( #9628 ) ) ;
#1132 = ORIENTED_EDGE ( 'NONE', *, *, #5925, .F. ) ;
#1133 = CARTESIAN_POINT ( 'NONE',  ( -9.500000000000000000, 0.000000000000000000, 38.00000000000000000 ) ) ;
#1134 = CARTESIAN_POINT ( 'NONE',  ( 10.72380529476361133, 9.000000000000000000, 8.300000000000000711 ) ) ;
#1135 = FACE_OUTER_BOUND ( 'NONE', #3049, .T. ) ;
#1136 = VECTOR ( 'NONE', #7961, 1000.000000000000000 ) ;
#1137 = DIRECTION ( 'NONE',  ( 1.000000000000000000, 0.000000000000000000, 0.000000000000000000 ) ) ;
#1138 = EDGE_CURVE ( 'NONE', #3093, #10244, #7419, .T. ) ;
#1139 = EDGE_CURVE ( 'NONE', #1227, #1620, #7262, .T. ) ;
#1140 = VERTEX_POINT ( 'NONE', #6358 ) ;
#1141 = ORIENTED_EDGE ( 'NONE', *, *, #6963, .T. ) ;
#1142 = CARTESIAN_POINT ( 'NONE',  ( 32.70006951123653494, -0.000000000000000000, 12.77491600511549663 ) ) ;
#1143 = DIRECTION ( 'NONE',  ( 1.000000000000000000, 0.000000000000000000, 0.000000000000000000 ) ) ;
#1144 = COORDINATED_UNIVERSAL_TIME_OFFSET ( 5, 0, .BEHIND. ) ;
#1145 = ORIENTED_EDGE ( 'NONE', *, *, #11259, .F. ) ;
#1146 = ORIENTED_EDGE ( 'NONE', *, *, #3135, .T. ) ;
#1147 = EDGE_CURVE ( 'NONE', #5220, #2649, #2280, .T. ) ;
#1148 = COORDINATED_UNIVERSAL_TIME_OFFSET ( 5, 0, .BEHIND. ) ;
#1149 = LINE ( 'NONE', #6103, #11735 ) ;
#1150 = EDGE_LOOP ( 'NONE', ( #4056, #44, #5257, #8021 ) ) ;
#1151 = VECTOR ( 'NONE', #12036, 1000.000000000000000 ) ;
#1152 = PRODUCT_DEFINITION_SHAPE ( 'NONE', 'NONE',  #2720 ) ;
#1153 = DIRECTION ( 'NONE',  ( -0.000000000000000000, -0.000000000000000000, 1.000000000000000000 ) ) ;
#1154 = EDGE_CURVE ( 'NONE', #4116, #3871, #1342, .T. ) ;
#1155 = CARTESIAN_POINT ( 'NONE',  ( 11.50000000000000000, 6.000000000000000000, 18.00000000000000355 ) ) ;
#1156 = CARTESIAN_POINT ( 'NONE',  ( 0.000000000000000000, 0.000000000000000000, 0.000000000000000000 ) ) ;
#1157 = CARTESIAN_POINT ( 'NONE',  ( -12.80000000000000071, -2.000000000000000000, -1.200000000000000030E-05 ) ) ;
#1158 = LINE ( 'NONE', #5212, #5285 ) ;
#1159 = VECTOR ( 'NONE', #11023, 1000.000000000000000 ) ;
#1160 = ADVANCED_FACE ( 'NONE', ( #339 ), #8189, .T. ) ;
#1161 = CARTESIAN_POINT ( 'NONE',  ( 27.69999999999999929, 45.00000000000000000, -1.200000000000000030E-05 ) ) ;
#1162 = CARTESIAN_POINT ( 'NONE',  ( -7.899999999999999467, 0.000000000000000000, 29.00000000000000000 ) ) ;
#1163 = ORIENTED_EDGE ( 'NONE', *, *, #10996, .T. ) ;
#1164 = DIRECTION ( 'NONE',  ( -1.000000000000000000, 0.000000000000000000, 0.000000000000000000 ) ) ;
#1165 = EDGE_CURVE ( 'NONE', #2510, #7230, #7536, .T. ) ;
#1166 = ORIENTED_EDGE ( 'NONE', *, *, #4595, .T. ) ;
#1167 = ADVANCED_FACE ( 'NONE', ( #538, #12767 ), #12648, .F. ) ;
#1168 = COORDINATED_UNIVERSAL_TIME_OFFSET ( 5, 0, .BEHIND. ) ;
#1169 = CARTESIAN_POINT ( 'NONE',  ( 1.519706945644463181, 2.115203106444731418, 0.000000000000000000 ) ) ;
#1170 = ORIENTED_EDGE ( 'NONE', *, *, #3565, .F. ) ;
#1171 = CYLINDRICAL_SURFACE ( 'NONE', #11564, 2.500000000000000000 ) ;
#1172 = ORIENTED_EDGE ( 'NONE', *, *, #564, .T. ) ;
#1173 = B_SPLINE_CURVE_WITH_KNOTS ( 'NONE', 3,
 ( #8406, #8201, #5454, #2494, #10258, #4337, #10401, #3276, #5388, #8272, #5520, #9540, #4202, #12250, #7271, #11318, #6283, #10327 ),
 .UNSPECIFIED., .F., .F.,
 ( 4, 2, 2, 2, 2, 2, 2, 2, 4 ),
 ( 0.5000000000000000000, 0.5625000000000000000, 0.6250000000000000000, 0.6875000000000000000, 0.7500000000000000000, 0.8125000000000000000, 0.8750000000000000000, 0.9375000000000000000, 1.000000000000000000 ),
 .UNSPECIFIED. ) ;
#1174 = CYLINDRICAL_SURFACE ( 'NONE', #8165, 16.00000000000001421 ) ;
#1175 = CIRCLE ( 'NONE', #9420, 1.700000000000000178 ) ;
#1176 = DIRECTION ( 'NONE',  ( -0.000000000000000000, -0.000000000000000000, 1.000000000000000000 ) ) ;
#1177 = VECTOR ( 'NONE', #8797, 1000.000000000000000 ) ;
#1178 = CARTESIAN_POINT ( 'NONE',  ( -24.30000000000000071, 45.00000000000000000, 5.000000000000000000 ) ) ;
#1179 = VECTOR ( 'NONE', #9319, 1000.000000000000000 ) ;
#1180 = LINE ( 'NONE', #11161, #12400 ) ;
#1181 = CARTESIAN_POINT ( 'NONE',  ( -4.299999999999999822, -9.000000000000000000, -6.000000000000000152E-06 ) ) ;
#1182 = SHAPE_DEFINITION_REPRESENTATION ( #5805, #3249 ) ;
#1183 = CARTESIAN_POINT ( 'NONE',  ( -24.30000000000000071, -45.00000000000000000, -1.200000000000000030E-05 ) ) ;
#1184 = AXIS2_PLACEMENT_3D ( 'NONE', #5233, #1520, #8252 ) ;
#1185 = CIRCLE ( 'NONE', #3549, 19.00000000000000000 ) ;
#1186 = ORIENTED_EDGE ( 'NONE', *, *, #606, .F. ) ;
#1187 = VERTEX_POINT ( 'NONE', #9666 ) ;
#1188 = VERTEX_POINT ( 'NONE', #3608 ) ;
#1189 = CARTESIAN_POINT ( 'NONE',  ( 35.00000000000000000, 110.0000000000000000, 26.00000000000000000 ) ) ;
#1190 = VECTOR ( 'NONE', #3810, 1000.000000000000000 ) ;
#1191 = CARTESIAN_POINT ( 'NONE',  ( -20.00000000000000000, -14.00000000000000000, -1.200000000000000030E-05 ) ) ;
#1192 = DIRECTION ( 'NONE',  ( 1.000000000000000000, 0.000000000000000000, 0.000000000000000000 ) ) ;
#1193 = DIRECTION ( 'NONE',  ( -1.000000000000000000, -0.000000000000000000, -0.000000000000000000 ) ) ;
#1194 = CARTESIAN_POINT ( 'NONE',  ( 10.72380529476361488, 9.000000000000204281, 10.20000000000065477 ) ) ;
#1195 = VECTOR ( 'NONE', #7913, 1000.000000000000000 ) ;
#1196 = CARTESIAN_POINT ( 'NONE',  ( -30.50000000000000000, 10.00000000000000000, 28.00000000000000000 ) ) ;
#1197 = VECTOR ( 'NONE', #10958, 1000.000000000000000 ) ;
#1198 = DIRECTION ( 'NONE',  ( -0.000000000000000000, -0.000000000000000000, 1.000000000000000000 ) ) ;
#1199 = VECTOR ( 'NONE', #1406, 1000.000000000000000 ) ;
#1200 = FACE_OUTER_BOUND ( 'NONE', #1075, .T. ) ;
#1201 = DIRECTION ( 'NONE',  ( 0.000000000000000000, -0.000000000000000000, 1.000000000000000000 ) ) ;
#1202 = ORIENTED_EDGE ( 'NONE', *, *, #8684, .T. ) ;
#1203 = ORIENTED_EDGE ( 'NONE', *, *, #810, .T. ) ;
#1204 = DIRECTION ( 'NONE',  ( -0.000000000000000000, 1.000000000000000000, 0.000000000000000000 ) ) ;
#1205 = DATE_AND_TIME ( #9204, #7326 ) ;
#1206 = DIRECTION ( 'NONE',  ( 0.000000000000000000, 0.000000000000000000, -1.000000000000000000 ) ) ;
#1207 = VERTEX_POINT ( 'NONE', #10649 ) ;
#1208 = EDGE_CURVE ( 'NONE', #10313, #3495, #2747, .T. ) ;
#1209 = ORIENTED_EDGE ( 'NONE', *, *, #10458, .F. ) ;
#1210 = AXIS2_PLACEMENT_3D ( 'NONE', #8451, #12497, #11633 ) ;
#1211 = DATE_AND_TIME ( #10470, #10994 ) ;
#1212 = ORGANIZATION ( 'NAUO-ORG1', 'UNSPECIFIED', 'UNSPECIFIED' ) ;
#1213 = CARTESIAN_POINT ( 'NONE',  ( -14.85853893179126928, 71.48452350954335088, -0.000000000000000000 ) ) ;
#1214 = AXIS2_PLACEMENT_3D ( 'NONE', #5335, #150, #11195 ) ;
#1215 = ADVANCED_FACE ( 'NONE', ( #3730 ), #8727, .F. ) ;
#1216 = CARTESIAN_POINT ( 'NONE',  ( -9.000000000000000000, -6.000000000000000152E-06, 11.29999999999999893 ) ) ;
#1217 = PERSON_AND_ORGANIZATION ( #2675, #9931 ) ;
#1218 = CARTESIAN_POINT ( 'NONE',  ( 0.000000000000000000, 0.000000000000000000, 40.00000000000000000 ) ) ;
#1219 = CARTESIAN_POINT ( 'NONE',  ( 31.00000000000000000, 57.00000000000000000, 5.000000000000000000 ) ) ;
#1220 = APPROVAL ( #12677, 'ๆช' ) ;
#1221 = CARTESIAN_POINT ( 'NONE',  ( 13.00000000000000000, 5.000000000000000000, 28.00000000000000000 ) ) ;
#1222 = ORIENTED_EDGE ( 'NONE', *, *, #6833, .F. ) ;
#1223 = CC_DESIGN_APPROVAL ( #2302, ( #593 ) ) ;
#1224 = CARTESIAN_POINT ( 'NONE',  ( 0.000000000000000000, 0.000000000000000000, 90.00000000000000000 ) ) ;
#1225 = FACE_OUTER_BOUND ( 'NONE', #8324, .T. ) ;
#1226 = CALENDAR_DATE ( 2026, 21, 9 ) ;
#1227 = VERTEX_POINT ( 'NONE', #7610 ) ;
#1228 = CALENDAR_DATE ( 2026, 21, 9 ) ;
#1229 = FACE_OUTER_BOUND ( 'NONE', #1456, .T. ) ;
#1230 = EDGE_LOOP ( 'NONE', ( #7725, #7003 ) ) ;
#1231 = DIRECTION ( 'NONE',  ( -0.000000000000000000, -0.000000000000000000, 1.000000000000000000 ) ) ;
#1232 = EDGE_CURVE ( 'NONE', #6235, #6925, #7731, .T. ) ;
#1233 = ADVANCED_FACE ( 'NONE', ( #608 ), #4537, .F. ) ;
#1234 = PERSON_AND_ORGANIZATION ( #2675, #9931 ) ;
#1235 = DIRECTION ( 'NONE',  ( -1.000000000000000000, -0.000000000000000000, -0.000000000000000000 ) ) ;
#1236 = APPROVAL_PERSON_ORGANIZATION ( #6385, #4416, #7376 ) ;
#1237 = DIRECTION ( 'NONE',  ( -0.000000000000000000, -1.000000000000000000, -0.000000000000000000 ) ) ;
#1238 = DIRECTION ( 'NONE',  ( -0.000000000000000000, -0.000000000000000000, 1.000000000000000000 ) ) ;
#1239 = CC_DESIGN_DATE_AND_TIME_ASSIGNMENT ( #9761, #4879, ( #9778 ) ) ;
#1240 = CARTESIAN_POINT ( 'NONE',  ( 21.36128909900305217, 12.95702773923621010, -0.000000000000000000 ) ) ;
#1241 = CC_DESIGN_PERSON_AND_ORGANIZATION_ASSIGNMENT ( #9600, #11648, ( #7620 ) ) ;
#1242 = AXIS2_PLACEMENT_3D ( 'NONE', #9951, #953, #4089 ) ;
#1243 = DIRECTION ( 'NONE',  ( -0.000000000000000000, -0.000000000000000000, 1.000000000000000000 ) ) ;
#1244 = CARTESIAN_POINT ( 'NONE',  ( -10.50000000000000000, 80.50000000000000000, 3.200000000000002398 ) ) ;
#1245 = ORIENTED_EDGE ( 'NONE', *, *, #2320, .T. ) ;
#1246 = CARTESIAN_POINT ( 'NONE',  ( 0.000000000000000000, 0.000000000000000000, 0.000000000000000000 ) ) ;
#1247 = EDGE_LOOP ( 'NONE', ( #5716, #4988, #1958, #11149 ) ) ;
#1248 = PERSON_AND_ORGANIZATION_ROLE ( 'classification_officer' ) ;
#1249 = DIRECTION ( 'NONE',  ( -1.000000000000000000, -0.000000000000000000, -0.000000000000000000 ) ) ;
#1250 = VERTEX_POINT ( 'NONE', #4466 ) ;
#1251 = DIRECTION ( 'NONE',  ( -1.000000000000000000, 0.000000000000000000, 0.000000000000000000 ) ) ;
#1252 = VECTOR ( 'NONE', #295, 1000.000000000000000 ) ;
#1253 = EDGE_LOOP ( 'NONE', ( #9332, #6939, #4360, #6666 ) ) ;
#1254 = ADVANCED_FACE ( 'NONE', ( #6599 ), #4667, .F. ) ;
#1255 = CIRCLE ( 'NONE', #12011, 2.500000000000000000 ) ;
#1256 = FACE_BOUND ( 'NONE', #12210, .T. ) ;
#1257 = ADVANCED_FACE ( 'NONE', ( #12713 ), #12576, .F. ) ;
#1258 = DIRECTION ( 'NONE',  ( 0.000000000000000000, 0.000000000000000000, 1.000000000000000000 ) ) ;
#1259 = EDGE_CURVE ( 'NONE', #6137, #5029, #11710, .T. ) ;
#1260 = DIRECTION ( 'NONE',  ( -0.000000000000000000, -1.000000000000000000, -0.000000000000000000 ) ) ;
#1261 = CARTESIAN_POINT ( 'NONE',  ( -30.50000000000000000, -10.00000000000000000, 0.000000000000000000 ) ) ;
#1262 = DIRECTION ( 'NONE',  ( -1.000000000000000000, 0.000000000000000000, 0.000000000000000000 ) ) ;
#1263 = AXIS2_PLACEMENT_3D ( 'NONE', #12941, #4037, #907 ) ;
#1264 = VECTOR ( 'NONE', #11716, 1000.000000000000000 ) ;
#1265 = ORIENTED_EDGE ( 'NONE', *, *, #4730, .T. ) ;
#1266 = COORDINATED_UNIVERSAL_TIME_OFFSET ( 5, 0, .BEHIND. ) ;
#1267 = ORIENTED_EDGE ( 'NONE', *, *, #4142, .T. ) ;
#1268 = VERTEX_POINT ( 'NONE', #2683 ) ;
#1269 = EDGE_LOOP ( 'NONE', ( #3716, #10714, #3411, #4863 ) ) ;
#1270 = CARTESIAN_POINT ( 'NONE',  ( 100.0000000000000142, 222.5833024919770082, -27.00000000000000000 ) ) ;
#1271 = B_SPLINE_CURVE_WITH_KNOTS ( 'NONE', 3,
 ( #2806, #12590, #7906, #6731, #11591, #6789, #1791, #1984, #6978, #8970, #7793, #6909, #3555, #8787 ),
 .UNSPECIFIED., .F., .F.,
 ( 4, 2, 2, 2, 2, 2, 4 ),
 ( 0.2871120064002115058, 0.3403340048001586293, 0.3669450040001321911, 0.3935560032001057529, 0.4201670024000793147, 0.4467780016000528764, 0.5000000000000000000 ),
 .UNSPECIFIED. ) ;
#1272 = DIRECTION ( 'NONE',  ( 1.000000000000000000, 0.000000000000000000, 0.000000000000000000 ) ) ;
#1273 = CARTESIAN_POINT ( 'NONE',  ( 13.00000000000000000, 5.000000000000000000, 28.00000000000000000 ) ) ;
#1274 = FACE_BOUND ( 'NONE', #1424, .T. ) ;
#1275 = AXIS2_PLACEMENT_3D ( 'NONE', #12865, #8833, #6769 ) ;
#1276 = VECTOR ( 'NONE', #7654, 1000.000000000000000 ) ;
#1277 = CARTESIAN_POINT ( 'NONE',  ( 0.000000000000000000, 0.000000000000000000, 0.000000000000000000 ) ) ;
#1278 = DIRECTION ( 'NONE',  ( 0.000000000000000000, 0.000000000000000000, -1.000000000000000000 ) ) ;
#1279 = CIRCLE ( 'NONE', #3423, 1.700000000000000178 ) ;
#1280 = CARTESIAN_POINT ( 'NONE',  ( 35.00000000000000000, 0.000000000000000000, 4.000000000000000000 ) ) ;
#1281 = DIRECTION ( 'NONE',  ( -0.000000000000000000, -0.000000000000000000, 1.000000000000000000 ) ) ;
#1282 = ORIENTED_EDGE ( 'NONE', *, *, #6783, .F. ) ;
#1283 = PRODUCT_DEFINITION_SHAPE ( 'NONE', 'NONE',  #8819 ) ;
#1284 = ORIENTED_EDGE ( 'NONE', *, *, #10120, .T. ) ;
#1285 = CARTESIAN_POINT ( 'NONE',  ( -9.361408682914859725, 10.41030262302256482, 7.544205745375569094 ) ) ;
#1286 = VECTOR ( 'NONE', #11672, 1000.000000000000000 ) ;
#1287 = ORIENTED_EDGE ( 'NONE', *, *, #10998, .T. ) ;
#1288 = ORIENTED_EDGE ( 'NONE', *, *, #4301, .T. ) ;
#1289 = DIRECTION ( 'NONE',  ( -0.000000000000000000, -0.000000000000000000, 1.000000000000000000 ) ) ;
#1290 = CARTESIAN_POINT ( 'NONE',  ( 10.88457178719637142, 8.808441270803237799, 11.70000000000002238 ) ) ;
#1291 = AXIS2_PLACEMENT_3D ( 'NONE', #3129, #10449, #5379 ) ;
#1292 = DIRECTION ( 'NONE',  ( -1.000000000000000000, 0.000000000000000000, 0.000000000000000000 ) ) ;
#1293 = LINE ( 'NONE', #2229, #10750 ) ;
#1294 = B_SPLINE_CURVE_WITH_KNOTS ( 'NONE', 3,
 ( #2686, #8468, #481, #6672, #12516, #11653, #9536, #4605, #3487, #1743, #9475, #8672, #7486, #410, #1607, #6545, #5706, #4672 ),
 .UNSPECIFIED., .F., .F.,
 ( 4, 2, 2, 2, 2, 2, 2, 2, 4 ),
 ( 0.000000000000000000, 0.06250000000000011102, 0.1250000000000002220, 0.1875000000000003331, 0.2500000000000002220, 0.3125000000000001665, 0.3750000000000001110, 0.4375000000000000555, 0.5000000000000000000 ),
 .UNSPECIFIED. ) ;
#1295 = PLANE ( 'NONE',  #3174 ) ;
#1296 = ORIENTED_EDGE ( 'NONE', *, *, #11145, .T. ) ;
#1297 = VERTEX_POINT ( 'NONE', #6668 ) ;
#1298 = EDGE_CURVE ( 'NONE', #6610, #11859, #12512, .T. ) ;
#1299 = CARTESIAN_POINT ( 'NONE',  ( 18.34320465898844077, -0.000000000000000000, 11.55736206015660983 ) ) ;
#1300 = APPLICATION_PROTOCOL_DEFINITION ( 'international standard', 'config_control_design', 1994, #818 ) ;
#1301 = VERTEX_POINT ( 'NONE', #8466 ) ;
#1302 = CC_DESIGN_APPROVAL ( #8834, ( #12132 ) ) ;
#1303 = COORDINATED_UNIVERSAL_TIME_OFFSET ( 5, 0, .BEHIND. ) ;
#1304 = DIRECTION ( 'NONE',  ( -0.000000000000000000, -0.000000000000000000, -1.000000000000000000 ) ) ;
#1305 = ORIENTED_EDGE ( 'NONE', *, *, #9719, .F. ) ;
#1306 = CARTESIAN_POINT ( 'NONE',  ( -11.63076285169010404, 7.793297916477738951, 9.702568250682380935 ) ) ;
#1307 = CARTESIAN_POINT ( 'NONE',  ( 0.000000000000000000, 0.000000000000000000, 0.000000000000000000 ) ) ;
#1308 = CARTESIAN_POINT ( 'NONE',  ( 20.00000000000000000, 8.000000000000000000, 12.00000000000000000 ) ) ;
#1309 = EDGE_CURVE ( 'NONE', #762, #2754, #6478, .T. ) ;
#1310 = CARTESIAN_POINT ( 'NONE',  ( 0.000000000000000000, 80.50000000000000000, 6.000000000000000000 ) ) ;
#1311 = DIRECTION ( 'NONE',  ( 1.000000000000000000, 0.000000000000000000, 0.000000000000000000 ) ) ;
#1312 = LOCAL_TIME ( 12, 23, 50.00000000000000000, #6148 ) ;
#1313 = CARTESIAN_POINT ( 'NONE',  ( -10.50000000000000000, 80.50000000000000000, -1.200000000000000030E-05 ) ) ;
#1314 = FACE_OUTER_BOUND ( 'NONE', #11131, .T. ) ;
#1315 = ADVANCED_FACE ( 'NONE', ( #4731, #5442 ), #9472, .T. ) ;
#1316 = ORIENTED_EDGE ( 'NONE', *, *, #7647, .F. ) ;
#1317 = CARTESIAN_POINT ( 'NONE',  ( -18.63871090099695849, -15.04297226076379168, -0.000000000000000000 ) ) ;
#1318 = ORIENTED_EDGE ( 'NONE', *, *, #11713, .F. ) ;
#1319 = DATE_AND_TIME ( #109, #378 ) ;
#1320 = DIRECTION ( 'NONE',  ( -0.000000000000000000, -0.000000000000000000, 1.000000000000000000 ) ) ;
#1321 = CARTESIAN_POINT ( 'NONE',  ( 11.32499397577940314, 8.231471694506819148, 6.979938983346807291 ) ) ;
#1322 = PRODUCT_RELATED_PRODUCT_CATEGORY ( 'detail', '', ( #3819 ) ) ;
#1323 = LOCAL_TIME ( 12, 23, 50.00000000000000000, #2477 ) ;
#1324 = VERTEX_POINT ( 'NONE', #10515 ) ;
#1325 = FACE_BOUND ( 'NONE', #12137, .T. ) ;
#1326 = DIRECTION ( 'NONE',  ( -0.000000000000000000, -0.000000000000000000, -1.000000000000000000 ) ) ;
#1327 = DIRECTION ( 'NONE',  ( -0.000000000000000000, 1.000000000000000000, 0.000000000000000000 ) ) ;
#1328 = CARTESIAN_POINT ( 'NONE',  ( -27.69999999999999929, 57.00000000000000000, 5.000000000000000000 ) ) ;
#1329 = DIRECTION ( 'NONE',  ( 0.000000000000000000, -1.000000000000000000, 0.000000000000000000 ) ) ;
#1330 = CARTESIAN_POINT ( 'NONE',  ( 3.000000000000000000, 0.000000000000000000, 3.000000000000000000 ) ) ;
#1331 = PRODUCT_DEFINITION_FORMATION_WITH_SPECIFIED_SOURCE ( 'ไป', '', #8224, .NOT_KNOWN. ) ;
#1332 = EDGE_CURVE ( 'NONE', #4327, #3490, #11516, .T. ) ;
#1333 = APPLICATION_CONTEXT ( 'configuration controlled 3d designs of mechanical parts and assemblies' ) ;
#1334 = EDGE_CURVE ( 'NONE', #6157, #585, #2141, .T. ) ;
#1335 = VERTEX_POINT ( 'NONE', #1861 ) ;
#1336 = DATE_TIME_ROLE ( 'classification_date' ) ;
#1337 = ORIENTED_EDGE ( 'NONE', *, *, #11902, .F. ) ;
#1338 = ORIENTED_EDGE ( 'NONE', *, *, #10424, .T. ) ;
#1339 = VERTEX_POINT ( 'NONE', #9975 ) ;
#1340 = DIRECTION ( 'NONE',  ( 0.000000000000000000, -1.000000000000000000, 0.000000000000000000 ) ) ;
#1341 = ADVANCED_FACE ( 'NONE', ( #12892 ), #11835, .T. ) ;
#1342 = LINE ( 'NONE', #2206, #7095 ) ;
#1343 = PLANE ( 'NONE',  #4457 ) ;
#1344 = CARTESIAN_POINT ( 'NONE',  ( 2.600000000000000533, 0.2934883227063208588, -0.000000000000000000 ) ) ;
#1345 = LINE ( 'NONE', #10254, #6504 ) ;
#1346 = CALENDAR_DATE ( 2026, 21, 9 ) ;
#1347 = LINE ( 'NONE', #2429, #7094 ) ;
#1348 = PLANE ( 'NONE',  #6290 ) ;
#1349 = VERTEX_POINT ( 'NONE', #7861 ) ;
#1350 = ORIENTED_EDGE ( 'NONE', *, *, #12886, .F. ) ;
#1351 = FACE_BOUND ( 'NONE', #5270, .T. ) ;
#1352 = EDGE_LOOP ( 'NONE', ( #5587, #1362, #688, #12321 ) ) ;
#1353 = EDGE_LOOP ( 'NONE', ( #9020, #1952, #4187, #6522 ) ) ;
#1354 = EDGE_CURVE ( 'NONE', #5365, #5508, #9851, .T. ) ;
#1355 = DIRECTION ( 'NONE',  ( 0.000000000000000000, 0.000000000000000000, 1.000000000000000000 ) ) ;
#1356 = CARTESIAN_POINT ( 'NONE',  ( 11.03830473322971883, 8.614725053397680909, 8.331724570723052281 ) ) ;
#1357 = AXIS2_PLACEMENT_3D ( 'NONE', #6985, #11898, #5041 ) ;
#1358 = CARTESIAN_POINT ( 'NONE',  ( -0.5999999999999999778, 18.99052395275075256, 0.000000000000000000 ) ) ;
#1359 = CARTESIAN_POINT ( 'NONE',  ( -9.225615804906823314, -0.000000000000000000, 14.70000000000000284 ) ) ;
#1360 = CARTESIAN_POINT ( 'NONE',  ( -8.557362060153382188, 58.65679534101006709, -0.000000000000000000 ) ) ;
#1361 = ORIENTED_EDGE ( 'NONE', *, *, #7292, .F. ) ;
#1362 = ORIENTED_EDGE ( 'NONE', *, *, #9818, .F. ) ;
#1363 = CARTESIAN_POINT ( 'NONE',  ( -35.00000000000000000, -70.00000000000000000, 0.000000000000000000 ) ) ;
#1364 = CALENDAR_DATE ( 2026, 21, 9 ) ;
#1365 = ORIENTED_EDGE ( 'NONE', *, *, #7927, .F. ) ;
#1366 = PERSON ( 'NAUO-PER17', 'UNSPECIFIED', 'UNSPECIFIED', ('UNSPECIFIED'), ('UNSPECIFIED'), ('UNSPECIFIED') ) ;
#1367 = DIRECTION ( 'NONE',  ( -0.000000000000000000, -0.000000000000000000, 1.000000000000000000 ) ) ;
#1368 = ORIENTED_EDGE ( 'NONE', *, *, #5795, .T. ) ;
#1369 = SHAPE_REPRESENTATION_RELATIONSHIP ( 'NONE' , 'NONE' ,  #12706, #11625 ) ;
#1370 = CARTESIAN_POINT ( 'NONE',  ( 122.2999999999999972, 2.081899558550508908E-16, -6.000000000000000152E-06 ) ) ;
#1371 = EDGE_CURVE ( 'NONE', #11286, #9920, #734, .T. ) ;
#1372 = FACE_OUTER_BOUND ( 'NONE', #7102, .T. ) ;
#1373 = CARTESIAN_POINT ( 'NONE',  ( -5.799999999999999822, 0.000000000000000000, 0.000000000000000000 ) ) ;
#1374 = LINE ( 'NONE', #10491, #843 ) ;
#1375 = LINE ( 'NONE', #9448, #5515 ) ;
#1376 = ORIENTED_EDGE ( 'NONE', *, *, #797, .F. ) ;
#1377 = LINE ( 'NONE', #12425, #4440 ) ;
#1378 = VECTOR ( 'NONE', #931, 1000.000000000000000 ) ;
#1380 = VERTEX_POINT ( 'NONE', #2988 ) ;
#1379 = ADVANCED_BREP_SHAPE_REPRESENTATION ( '', ( #3063, #6542 ), #5091 ) ;
#1381 = DATE_AND_TIME ( #10430, #2293 ) ;
#1382 = CARTESIAN_POINT ( 'NONE',  ( 32.48432534211530509, 65.14134607987155334, 0.000000000000000000 ) ) ;
#1383 = CARTESIAN_POINT ( 'NONE',  ( 21.65679534101155568, -0.000000000000000000, 12.44263793984301714 ) ) ;
#1384 = ORIENTED_EDGE ( 'NONE', *, *, #3471, .T. ) ;
#1385 = SHAPE_REPRESENTATION_RELATIONSHIP ( 'NONE' , 'NONE' ,  #2414, #10512 ) ;
#1386 = AXIS2_PLACEMENT_3D ( 'NONE', #10853, #1877, #879 ) ;
#1387 = EDGE_CURVE ( 'NONE', #6573, #6772, #11118, .T. ) ;
#1388 = CARTESIAN_POINT ( 'NONE',  ( 16.00000000000000000, -6.000000000000000000, 16.00000000000000000 ) ) ;
#1389 = B_SPLINE_CURVE_WITH_KNOTS ( 'NONE', 3,
 ( #408, #11455, #4733, #3486, #6481, #4538, #12649, #7545, #9473, #8730, #7485, #10586, #6423, #6671, #1477, #5516, #3421, #6600 ),
 .UNSPECIFIED., .F., .F.,
 ( 4, 2, 2, 2, 2, 2, 2, 2, 4 ),
 ( 0.000000000000000000, 0.06250000000000000000, 0.1250000000000000000, 0.1875000000000000000, 0.2500000000000000000, 0.3125000000000000000, 0.3750000000000000000, 0.4375000000000000000, 0.5000000000000000000 ),
 .UNSPECIFIED. ) ;
#1390 = VECTOR ( 'NONE', #8263, 1000.000000000000000 ) ;
#1391 = CARTESIAN_POINT ( 'NONE',  ( 24.30000000000000071, 57.00000000000000000, -1.200000000000000030E-05 ) ) ;
#1392 = PRODUCT_DEFINITION_SHAPE ( 'NONE', 'NONE',  #13071 ) ;
#1393 = CARTESIAN_POINT ( 'NONE',  ( 18.30000000000000071, 14.00000000000000000, -6.000000000000000152E-06 ) ) ;
#1394 = CARTESIAN_POINT ( 'NONE',  ( -2.081978247435513296, -1.594878658085206125, 0.000000000000000000 ) ) ;
#1395 = CARTESIAN_POINT ( 'NONE',  ( 0.000000000000000000, 0.000000000000000000, 20.00000000000000000 ) ) ;
#1396 = CARTESIAN_POINT ( 'NONE',  ( 15.19999999999999929, -2.000000000000000000, -1.200000000000000030E-05 ) ) ;
#1397 = CC_DESIGN_PERSON_AND_ORGANIZATION_ASSIGNMENT ( #8953, #1969, ( #6105 ) ) ;
#1398 = ORIENTED_EDGE ( 'NONE', *, *, #5624, .T. ) ;
#1399 = APPROVAL_ROLE ( '' ) ;
#1400 = VERTEX_POINT ( 'NONE', #4917 ) ;
#1401 = VECTOR ( 'NONE', #2101, 1000.000000000000000 ) ;
#1402 = VERTEX_POINT ( 'NONE', #4047 ) ;
#1403 = VECTOR ( 'NONE', #12073, 1000.000000000000000 ) ;
#1404 = DIRECTION ( 'NONE',  ( -0.000000000000000000, -0.000000000000000000, -1.000000000000000000 ) ) ;
#1405 = CARTESIAN_POINT ( 'NONE',  ( 123.3435244795093411, 253.2154729155746793, -25.00000000000000000 ) ) ;
#1406 = DIRECTION ( 'NONE',  ( -0.000000000000000000, -1.000000000000000000, -0.000000000000000000 ) ) ;
#1407 = CARTESIAN_POINT ( 'NONE',  ( -7.343134931576937419, 56.55753025008697676, -0.000000000000000000 ) ) ;
#1408 = CARTESIAN_POINT ( 'NONE',  ( 28.00000000000000000, 8.000000000000000000, 24.00000000000000000 ) ) ;
#1409 = EDGE_CURVE ( 'NONE', #2604, #959, #4174, .T. ) ;
#1410 = EDGE_CURVE ( 'NONE', #3263, #703, #1846, .T. ) ;
#1411 = CARTESIAN_POINT ( 'NONE',  ( 15.19999999999999929, -2.000000000000000000, 3.000000000000000000 ) ) ;
#1412 = DIRECTION ( 'NONE',  ( -0.000000000000000000, -0.000000000000000000, 1.000000000000000000 ) ) ;
#1413 = AXIS2_PLACEMENT_3D ( 'NONE', #7742, #1807, #4864 ) ;
#1415 = EDGE_CURVE ( 'NONE', #11227, #12827, #9912, .T. ) ;
#1414 = CC_DESIGN_PERSON_AND_ORGANIZATION_ASSIGNMENT ( #1822, #9875, ( #6561 ) ) ;
#1416 = CARTESIAN_POINT ( 'NONE',  ( -2.348712715335543599, 1.124693889828766391, -0.000000000000000000 ) ) ;
#1417 = DIRECTION ( 'NONE',  ( -0.000000000000000000, 1.000000000000000000, -0.000000000000000000 ) ) ;
#1418 = ORIENTED_EDGE ( 'NONE', *, *, #8736, .F. ) ;
#1419 = VERTEX_POINT ( 'NONE', #795 ) ;
#1420 = CARTESIAN_POINT ( 'NONE',  ( -21.69999999999999929, -14.00000000000000000, 5.000000000000000000 ) ) ;
#1421 = CARTESIAN_POINT ( 'NONE',  ( -9.291956110314004036, 10.47215736457431845, 9.358673877451961332 ) ) ;
#1422 = EDGE_CURVE ( 'NONE', #11096, #11706, #3912, .T. ) ;
#1423 = ORIENTED_EDGE ( 'NONE', *, *, #12366, .F. ) ;
#1424 = EDGE_LOOP ( 'NONE', ( #1852, #8309 ) ) ;
#1425 = AXIS2_PLACEMENT_3D ( 'NONE', #11266, #2227, #7287 ) ;
#1426 = CARTESIAN_POINT ( 'NONE',  ( 7.484325342115312196, -9.858653920127151693, 0.000000000000000000 ) ) ;
#1427 = EDGE_CURVE ( 'NONE', #5037, #2063, #8043, .T. ) ;
#1428 = DIRECTION ( 'NONE',  ( 1.000000000000000000, 0.000000000000000000, 0.000000000000000000 ) ) ;
#1429 = AXIS2_PLACEMENT_3D ( 'NONE', #7812, #10117, #4865 ) ;
#1430 = VECTOR ( 'NONE', #6867, 1000.000000000000000 ) ;
#1431 = FACE_BOUND ( 'NONE', #9121, .T. ) ;
#1432 = ADVANCED_FACE ( 'NONE', ( #5763, #8974 ), #8791, .T. ) ;
#1433 = CARTESIAN_POINT ( 'NONE',  ( -10.69993048876420616, 0.000000000000000000, 12.77491600511318381 ) ) ;
#1434 = EDGE_CURVE ( 'NONE', #6536, #145, #3964, .T. ) ;
#1435 = AXIS2_PLACEMENT_3D ( 'NONE', #6486, #10400, #7488 ) ;
#1436 = EDGE_LOOP ( 'NONE', ( #6926, #10335 ) ) ;
#1437 = AXIS2_PLACEMENT_3D ( 'NONE', #406, #1604, #5577 ) ;
#1438 = EDGE_LOOP ( 'NONE', ( #11371, #6270 ) ) ;
#1439 = CARTESIAN_POINT ( 'NONE',  ( 18.51547649045640753, -0.000000000000000000, 12.85853893179063867 ) ) ;
#1440 = PERSON_AND_ORGANIZATION ( #2675, #9931 ) ;
#1441 = AXIS2_PLACEMENT_3D ( 'NONE', #5145, #8026, #12070 ) ;
#1442 = LOCAL_TIME ( 12, 23, 50.00000000000000000, #10580 ) ;
#1443 = VECTOR ( 'NONE', #9988, 1000.000000000000000 ) ;
#1444 = CIRCLE ( 'NONE', #9237, 1.700000000000000178 ) ;
#1445 = CARTESIAN_POINT ( 'NONE',  ( -9.000000000000000000, 8.000000000000000000, 14.69999999999999929 ) ) ;
#1446 = ORIENTED_EDGE ( 'NONE', *, *, #5778, .T. ) ;
#1447 = CARTESIAN_POINT ( 'NONE',  ( 24.30000000000000071, 45.00000000000000000, 5.000000000000000000 ) ) ;
#1448 = FACE_BOUND ( 'NONE', #7433, .T. ) ;
#1449 = DIRECTION ( 'NONE',  ( 1.000000000000000000, 0.000000000000000000, 0.000000000000000000 ) ) ;
#1450 = DIRECTION ( 'NONE',  ( 0.000000000000000000, 1.000000000000000000, 0.000000000000000000 ) ) ;
#1451 = APPROVAL_PERSON_ORGANIZATION ( #462, #2302, #9711 ) ;
#1452 = CARTESIAN_POINT ( 'NONE',  ( -9.000000000000000000, 81.00000000000000000, 4.000000000000000000 ) ) ;
#1453 = LINE ( 'NONE', #9511, #6095 ) ;
#1454 = LINE ( 'NONE', #1183, #4162 ) ;
#1455 = LINE ( 'NONE', #4950, #12887 ) ;
#1456 = EDGE_LOOP ( 'NONE', ( #4683, #2587, #6098, #1585 ) ) ;
#1457 = FACE_OUTER_BOUND ( 'NONE', #11130, .T. ) ;
#1458 = ORIENTED_EDGE ( 'NONE', *, *, #8749, .F. ) ;
#1459 = COORDINATED_UNIVERSAL_TIME_OFFSET ( 5, 0, .BEHIND. ) ;
#1460 = CARTESIAN_POINT ( 'NONE',  ( 30.77491600510794001, 64.30006951123358760, 0.000000000000000000 ) ) ;
#1461 = CARTESIAN_POINT ( 'NONE',  ( 5.799999999999999822, 7.102951435054647665E-16, 0.000000000000000000 ) ) ;
#1462 = APPROVAL_PERSON_ORGANIZATION ( #1971, #11423, #6965 ) ;
#1463 =( NAMED_UNIT ( * ) PLANE_ANGLE_UNIT ( ) SI_UNIT ( $, .RADIAN. ) );
#1464 = FACE_OUTER_BOUND ( 'NONE', #2437, .T. ) ;
#1465 = CYLINDRICAL_SURFACE ( 'NONE', #831, 1.700000000000000178 ) ;
#1466 = CARTESIAN_POINT ( 'NONE',  ( 29.51547649045614463, -0.000000000000000000, 13.85853893179037755 ) ) ;
#1467 = ORIENTED_EDGE ( 'NONE', *, *, #286, .T. ) ;
#1468 = DATE_AND_TIME ( #10508, #9334 ) ;
#1469 = ORIENTED_EDGE ( 'NONE', *, *, #10626, .T. ) ;
#1470 = EDGE_CURVE ( 'NONE', #6151, #4941, #8860, .T. ) ;
#1471 = CALENDAR_DATE ( 2026, 21, 9 ) ;
#1472 = CIRCLE ( 'NONE', #12440, 14.00000000000000000 ) ;
#1473 = ORIENTED_EDGE ( 'NONE', *, *, #5320, .F. ) ;
#1474 = FACE_OUTER_BOUND ( 'NONE', #12626, .T. ) ;
#1475 = DIRECTION ( 'NONE',  ( 0.000000000000000000, 0.000000000000000000, -1.000000000000000000 ) ) ;
#1476 = VECTOR ( 'NONE', #5231, 1000.000000000000000 ) ;
#1477 = CARTESIAN_POINT ( 'NONE',  ( -7.484395069527756128, -8.141514269807107240, 0.000000000000000000 ) ) ;
#1478 = VECTOR ( 'NONE', #6784, 1000.000000000000000 ) ;
#1479 = DIRECTION ( 'NONE',  ( -1.000000000000000000, 0.000000000000000000, 0.000000000000000000 ) ) ;
#1480 = CARTESIAN_POINT ( 'NONE',  ( 0.000000000000000000, 27.50000000000000000, 3.000000000000000000 ) ) ;
#1481 = FACE_OUTER_BOUND ( 'NONE', #7591, .T. ) ;
#1482 = ORIENTED_EDGE ( 'NONE', *, *, #8319, .T. ) ;
#1483 = VECTOR ( 'NONE', #7238, 1000.000000000000000 ) ;
#1484 = ORIENTED_EDGE ( 'NONE', *, *, #4437, .F. ) ;
#1485 = UNCERTAINTY_MEASURE_WITH_UNIT (LENGTH_MEASURE( 1.000000000000000082E-05 ), #4792, 'distance_accuracy_value', 'NONE');
#1486 = PLANE ( 'NONE',  #8997 ) ;
#1487 = EDGE_CURVE ( 'NONE', #9245, #1618, #2059, .T. ) ;
#1488 = ORIENTED_EDGE ( 'NONE', *, *, #4180, .T. ) ;
#1489 = DATE_AND_TIME ( #4613, #9103 ) ;
#1490 = VECTOR ( 'NONE', #2843, 1000.000000000000000 ) ;
#1491 = EDGE_LOOP ( 'NONE', ( #6548, #8285 ) ) ;
#1492 = CC_DESIGN_PERSON_AND_ORGANIZATION_ASSIGNMENT ( #5561, #5747, ( #7564 ) ) ;
#1493 = LINE ( 'NONE', #10336, #10655 ) ;
#1494 = CC_DESIGN_PERSON_AND_ORGANIZATION_ASSIGNMENT ( #4910, #3055, ( #9111 ) ) ;
#1495 = PLANE ( 'NONE',  #7327 ) ;
#1496 = LINE ( 'NONE', #493, #7534 ) ;
#1497 = CARTESIAN_POINT ( 'NONE',  ( 12.80000000000000071, 0.000000000000000000, 0.000000000000000000 ) ) ;
#1498 = CIRCLE ( 'NONE', #1866, 1.700000000000000178 ) ;
#1499 = LINE ( 'NONE', #5400, #11775 ) ;
#1500 = ORIENTED_EDGE ( 'NONE', *, *, #12781, .T. ) ;
#1501 = EDGE_LOOP ( 'NONE', ( #11258, #3235 ) ) ;
#1502 = EDGE_CURVE ( 'NONE', #2447, #5761, #4380, .T. ) ;
#1503 = DIRECTION ( 'NONE',  ( -0.000000000000000000, -0.000000000000000000, 1.000000000000000000 ) ) ;
#1504 = DIRECTION ( 'NONE',  ( -0.000000000000000000, -1.000000000000000000, -0.000000000000000000 ) ) ;
#1505 = B_SPLINE_CURVE_WITH_KNOTS ( 'NONE', 3,
 ( #2783, #2027, #9023, #2094, #5265, #3229, #1086, #5197, #3083, #1142, #1967, #7083, #8145, #6168, #2965, #9149, #154, #12062 ),
 .UNSPECIFIED., .F., .F.,
 ( 4, 2, 2, 2, 2, 2, 2, 2, 4 ),
 ( -3.330669073875469621E-16, 0.06249999999999975020, 0.1249999999999998335, 0.1874999999999999167, 0.2500000000000000000, 0.3125000000000001110, 0.3750000000000001665, 0.4375000000000002220, 0.5000000000000003331 ),
 .UNSPECIFIED. ) ;
#1506 = APPROVAL_STATUS ( 'not_yet_approved' ) ;
#1507 = ADVANCED_FACE ( 'NONE', ( #113 ), #8244, .F. ) ;
#1508 = ORIENTED_EDGE ( 'NONE', *, *, #12744, .T. ) ;
#1509 = LINE ( 'NONE', #5544, #3539 ) ;
#1510 = ORIENTED_EDGE ( 'NONE', *, *, #2467, .T. ) ;
#1511 = APPROVAL_STATUS ( 'not_yet_approved' ) ;
#1512 = VECTOR ( 'NONE', #10748, 1000.000000000000000 ) ;
#1514 = ADVANCED_FACE ( 'NONE', ( #5366 ), #9250, .F. ) ;
#1513 = EDGE_CURVE ( 'NONE', #1951, #6167, #2124, .T. ) ;
#1515 = LINE ( 'NONE', #9817, #4266 ) ;
#1516 = FACE_OUTER_BOUND ( 'NONE', #12725, .T. ) ;
#1517 = DIRECTION ( 'NONE',  ( -0.000000000000000000, -0.000000000000000000, -1.000000000000000000 ) ) ;
#1518 = CARTESIAN_POINT ( 'NONE',  ( -9.000000000000000000, 8.000000000000000000, 13.00000000000000000 ) ) ;
#1519 = DIRECTION ( 'NONE',  ( -0.000000000000000000, -0.000000000000000000, -1.000000000000000000 ) ) ;
#1520 = DIRECTION ( 'NONE',  ( -0.000000000000000000, 1.000000000000000000, 0.000000000000000000 ) ) ;
#1521 = SECURITY_CLASSIFICATION ( '', '', #2244 ) ;
#1522 = FACE_BOUND ( 'NONE', #10276, .T. ) ;
#1523 = ORIENTED_EDGE ( 'NONE', *, *, #7484, .T. ) ;
#1524 = CARTESIAN_POINT ( 'NONE',  ( 31.00000000000000355, -6.000000000000000152E-06, 2.299999999999999822 ) ) ;
#1525 = VERTEX_POINT ( 'NONE', #3318 ) ;
#1526 = CONTEXT_DEPENDENT_SHAPE_REPRESENTATION ( #5066, #2129 ) ;
#1527 = CARTESIAN_POINT ( 'NONE',  ( -28.00000000000000000, 0.000000000000000000, 24.00000000000000000 ) ) ;
#1528 = ORIENTED_EDGE ( 'NONE', *, *, #4904, .F. ) ;
#1529 = CARTESIAN_POINT ( 'NONE',  ( 11.88038519805911442, 7.406761620341380414, 9.105325610358853794 ) ) ;
#1530 = CC_DESIGN_SECURITY_CLASSIFICATION ( #4282, ( #680 ) ) ;
#1531 = DIRECTION ( 'NONE',  ( -1.000000000000000000, 0.000000000000000000, -0.000000000000000000 ) ) ;
#1532 = FACE_OUTER_BOUND ( 'NONE', #3684, .T. ) ;
#1533 = CARTESIAN_POINT ( 'NONE',  ( 125.3611907952777784, 1.042873957027442122, 0.000000000000000000 ) ) ;
#1534 = DATE_AND_TIME ( #10769, #878 ) ;
#1535 = EDGE_LOOP ( 'NONE', ( #2365, #3526 ) ) ;
#1536 = APPROVAL_STATUS ( 'not_yet_approved' ) ;
#1537 = CC_DESIGN_APPROVAL ( #7613, ( #3875 ) ) ;
#1538 = ORIENTED_EDGE ( 'NONE', *, *, #10919, .T. ) ;
#1539 = APPROVAL_STATUS ( 'not_yet_approved' ) ;
#1540 = B_SPLINE_CURVE_WITH_KNOTS ( 'NONE', 3,
 ( #1742, #10783, #10836, #9847, #6001, #1991, #13013, #2814, #9978, #7732, #11838, #920, #11773, #2865, #6793, #8862, #2749, #10036 ),
 .UNSPECIFIED., .F., .F.,
 ( 4, 2, 2, 2, 2, 2, 2, 2, 4 ),
 ( 0.5000000000000000000, 0.5625000000000000000, 0.6250000000000000000, 0.6875000000000000000, 0.7500000000000000000, 0.8125000000000000000, 0.8750000000000000000, 0.9375000000000000000, 1.000000000000000000 ),
 .UNSPECIFIED. ) ;
#1541 = CARTESIAN_POINT ( 'NONE',  ( 0.000000000000000000, 0.000000000000000000, 24.00000000000000000 ) ) ;
#1542 = APPROVAL_DATE_TIME ( #2551, #10030 ) ;
#1543 = DIRECTION ( 'NONE',  ( -1.000000000000000000, 0.000000000000000000, 0.000000000000000000 ) ) ;
#1544 = LINE ( 'NONE', #3676, #6609 ) ;
#1545 = APPROVAL_PERSON_ORGANIZATION ( #9223, #6622, #6100 ) ;
#1546 = EDGE_CURVE ( 'NONE', #5328, #10047, #6261, .T. ) ;
#1547 = CARTESIAN_POINT ( 'NONE',  ( 0.5999999999999999778, 13.98713694792468587, 12.00000000000000000 ) ) ;
#1548 = CARTESIAN_POINT ( 'NONE',  ( -15.10000000000000142, 1.347111479062088503E-16, -1.200000000000000030E-05 ) ) ;
#1549 = DIRECTION ( 'NONE',  ( 1.000000000000000000, -0.000000000000000000, 0.000000000000000000 ) ) ;
#1550 = ORIENTED_EDGE ( 'NONE', *, *, #11014, .T. ) ;
#1551 = VERTEX_POINT ( 'NONE', #12293 ) ;
#1552 = EDGE_LOOP ( 'NONE', ( #10527, #9766, #5507, #9774 ) ) ;
#1553 = EDGE_LOOP ( 'NONE', ( #7178, #8823, #5696, #7088 ) ) ;
#1554 = PERSON_AND_ORGANIZATION ( #2675, #9931 ) ;
#1555 = ORIENTED_EDGE ( 'NONE', *, *, #1147, .F. ) ;
#1556 = CARTESIAN_POINT ( 'NONE',  ( -11.91263578868202266, 7.355505887541386123, 8.005990645141931594 ) ) ;
#1557 = DATE_TIME_ROLE ( 'classification_date' ) ;
#1558 = DIRECTION ( 'NONE',  ( -1.000000000000000000, 0.000000000000000000, 0.000000000000000000 ) ) ;
#1559 = CARTESIAN_POINT ( 'NONE',  ( 186.0000000000000000, 149.0000000000000000, 83.00000000000000000 ) ) ;
#1560 = EDGE_CURVE ( 'NONE', #5297, #1761, #12184, .T. ) ;
#1561 = LINE ( 'NONE', #4977, #13016 ) ;
#1562 = CARTESIAN_POINT ( 'NONE',  ( -10.70006951123579064, -0.000000000000000000, 13.22508399488681796 ) ) ;
#1563 = LINE ( 'NONE', #12912, #9273 ) ;
#1564 = ORIENTED_EDGE ( 'NONE', *, *, #6880, .F. ) ;
#1565 = EDGE_LOOP ( 'NONE', ( #3743, #9109, #5252, #9120 ) ) ;
#1566 = APPROVAL ( #3774, 'ๆช' ) ;
#1567 = CARTESIAN_POINT ( 'NONE',  ( -34.00000000000000000, -5.000000000000000000, -1.200000000000000030E-05 ) ) ;
#1568 = CALENDAR_DATE ( 2026, 21, 9 ) ;
#1569 = PERSON_AND_ORGANIZATION ( #3609, #396 ) ;
#1570 = CARTESIAN_POINT ( 'NONE',  ( 0.000000000000000000, 0.000000000000000000, 38.00000000000000000 ) ) ;
#1571 = ORIENTED_EDGE ( 'NONE', *, *, #1695, .F. ) ;
#1572 = CIRCLE ( 'NONE', #5782, 1.700000000000000178 ) ;
#1573 = DIRECTION ( 'NONE',  ( 0.000000000000000000, 0.000000000000000000, 1.000000000000000000 ) ) ;
#1574 = ADVANCED_FACE ( 'NONE', ( #1325, #12432, #9174, #1256 ), #3400, .T. ) ;
#1575 = CARTESIAN_POINT ( 'NONE',  ( 22.00000000000000000, 0.000000000000000000, 0.000000000000000000 ) ) ;
#1577 = ADVANCED_FACE ( 'NONE', ( #2333 ), #1174, .T. ) ;
#1576 = CARTESIAN_POINT ( 'NONE',  ( 12.00000000000000000, -7.000000000000000000, 15.00000000000000000 ) ) ;
#1578 = DIRECTION ( 'NONE',  ( 0.000000000000000000, 0.000000000000000000, 1.000000000000000000 ) ) ;
#1579 = ADVANCED_FACE ( 'NONE', ( #7323 ), #3254, .F. ) ;
#1580 = CARTESIAN_POINT ( 'NONE',  ( -11.90000000000000036, -6.400000000000000355, 3.000000000000000000 ) ) ;
#1581 = EDGE_CURVE ( 'NONE', #5263, #1188, #3112, .T. ) ;
#1582 = FACE_BOUND ( 'NONE', #8009, .T. ) ;
#1583 = ORIENTED_EDGE ( 'NONE', *, *, #2715, .T. ) ;
#1584 = LINE ( 'NONE', #9775, #2322 ) ;
#1585 = ORIENTED_EDGE ( 'NONE', *, *, #10673, .T. ) ;
#1586 = APPROVAL_DATE_TIME ( #10634, #2475 ) ;
#1587 = DIRECTION ( 'NONE',  ( 0.000000000000000000, 0.000000000000000000, 1.000000000000000000 ) ) ;
#1588 = EDGE_LOOP ( 'NONE', ( #9164, #1365 ) ) ;
#1589 = PRODUCT ( 'FlipArm_V3_deposit', 'FlipArm_V3_deposit', '', ( #4600 ) ) ;
#1590 = CARTESIAN_POINT ( 'NONE',  ( 20.00000000000000000, -6.000000000000000152E-06, 13.70000000000000107 ) ) ;
#1591 = CARTESIAN_POINT ( 'NONE',  ( -7.515476490454895853, 66.85853893179006491, -0.000000000000000000 ) ) ;
#1593 = ADVANCED_FACE ( 'NONE', ( #11158 ), #6188, .F. ) ;
#1592 = CARTESIAN_POINT ( 'NONE',  ( 0.000000000000000000, 72.50000000000000000, 6.000000000000000000 ) ) ;
#1594 = AXIS2_PLACEMENT_3D ( 'NONE', #1013, #5258, #4281 ) ;
#1595 = LINE ( 'NONE', #11821, #9496 ) ;
#1596 = ADVANCED_FACE ( 'NONE', ( #12356 ), #1108, .F. ) ;
#1597 = CARTESIAN_POINT ( 'NONE',  ( 124.2250839948863330, 1.699930488764121561, 0.000000000000000000 ) ) ;
#1598 = EDGE_CURVE ( 'NONE', #4101, #5812, #6339, .T. ) ;
#1599 = CARTESIAN_POINT ( 'NONE',  ( -19.00000000000000000, 0.000000000000000000, 4.000000000000000000 ) ) ;
#1600 = ORIENTED_EDGE ( 'NONE', *, *, #8027, .T. ) ;
#1601 = COORDINATED_UNIVERSAL_TIME_OFFSET ( 5, 0, .BEHIND. ) ;
#1602 = VERTEX_POINT ( 'NONE', #2609 ) ;
#1603 = COORDINATED_UNIVERSAL_TIME_OFFSET ( 5, 0, .BEHIND. ) ;
#1604 = DIRECTION ( 'NONE',  ( 0.000000000000000000, 0.000000000000000000, 1.000000000000000000 ) ) ;
#1605 = CIRCLE ( 'NONE', #4586, 9.500000000000000000 ) ;
#1606 = CARTESIAN_POINT ( 'NONE',  ( 9.170033982407343132, 10.57908256746159381, 9.141141200381477816 ) ) ;
#1607 = CARTESIAN_POINT ( 'NONE',  ( 18.51560493047243483, 14.85848573019289454, 0.000000000000000000 ) ) ;
#1608 = CARTESIAN_POINT ( 'NONE',  ( -18.51547649045614108, -0.000000000000000000, 11.14146106821000437 ) ) ;
#1609 = CARTESIAN_POINT ( 'NONE',  ( -10.50000000000000000, 0.000000000000000000, 0.000000000000000000 ) ) ;
#1610 = CIRCLE ( 'NONE', #8347, 19.00000000000000000 ) ;
#1611 = ORIENTED_EDGE ( 'NONE', *, *, #7407, .T. ) ;
#1612 = PRODUCT_DEFINITION_SHAPE ( 'NONE', 'NONE',  #5112 ) ;
#1613 = ADVANCED_FACE ( 'NONE', ( #4522 ), #7527, .F. ) ;
#1614 = VERTEX_POINT ( 'NONE', #11634 ) ;
#1615 = DESIGN_CONTEXT ( 'detailed design', #4217, 'design' ) ;
#1616 = CARTESIAN_POINT ( 'NONE',  ( -21.69993048876420971, -13.77491600511408087, -0.000000000000000000 ) ) ;
#1617 = ORIENTED_EDGE ( 'NONE', *, *, #12294, .T. ) ;
#1618 = VERTEX_POINT ( 'NONE', #12499 ) ;
#1619 = FACE_OUTER_BOUND ( 'NONE', #5571, .T. ) ;
#1620 = VERTEX_POINT ( 'NONE', #9518 ) ;
#1621 = CARTESIAN_POINT ( 'NONE',  ( -1.313163450857918635, -2.270214330881944687, 0.000000000000000000 ) ) ;
#1622 = CARTESIAN_POINT ( 'NONE',  ( 31.22525195654806041, -0.000000000000000000, 5.700000000000001066 ) ) ;
#1623 = FACE_OUTER_BOUND ( 'NONE', #11827, .T. ) ;
#1624 = AXIS2_PLACEMENT_3D ( 'NONE', #2284, #10520, #10326 ) ;
#1625 = DIRECTION ( 'NONE',  ( 1.000000000000000000, 0.000000000000000000, 0.000000000000000000 ) ) ;
#1626 = AXIS2_PLACEMENT_3D ( 'NONE', #8464, #12511, #3482 ) ;
#1627 = CARTESIAN_POINT ( 'NONE',  ( -9.442584738251570187, -0.000000000000000000, 11.34333309900574704 ) ) ;
#1628 = DIRECTION ( 'NONE',  ( 0.000000000000000000, 0.000000000000000000, -1.000000000000000000 ) ) ;
#1629 = FACE_OUTER_BOUND ( 'NONE', #11942, .T. ) ;
#1630 = ORIENTED_EDGE ( 'NONE', *, *, #9798, .T. ) ;
#1631 = VERTEX_POINT ( 'NONE', #2536 ) ;
#1632 = DIRECTION ( 'NONE',  ( -0.000000000000000000, -0.000000000000000000, -1.000000000000000000 ) ) ;
#1633 = AXIS2_PLACEMENT_3D ( 'NONE', #224, #4284, #1292 ) ;
#1634 = PERSON_AND_ORGANIZATION ( #2675, #9931 ) ;
#1635 = EDGE_LOOP ( 'NONE', ( #2681, #7622, #1639, #6350 ) ) ;
#1637 = EDGE_CURVE ( 'NONE', #11096, #8897, #8912, .T. ) ;
#1636 = EDGE_CURVE ( 'NONE', #9691, #7279, #8453, .T. ) ;
#1638 = DIRECTION ( 'NONE',  ( 1.000000000000000000, 0.000000000000000000, 0.000000000000000000 ) ) ;
#1639 = ORIENTED_EDGE ( 'NONE', *, *, #10608, .F. ) ;
#1640 = PLANE ( 'NONE',  #3838 ) ;
#1641 = CC_DESIGN_DATE_AND_TIME_ASSIGNMENT ( #3575, #12789, ( #4083 ) ) ;
#1642 = AXIS2_PLACEMENT_3D ( 'NONE', #26, #10997, #4081 ) ;
#1643 = LINE ( 'NONE', #11932, #7079 ) ;
#1644 = AXIS2_PLACEMENT_3D ( 'NONE', #4853, #2812, #12953 ) ;
#1645 = CARTESIAN_POINT ( 'NONE',  ( -9.028254920067322331, 10.70002864950650334, 9.864488971337449286 ) ) ;
#1646 = CARTESIAN_POINT ( 'NONE',  ( 31.60000000000000142, 0.000000000000000000, 0.000000000000000000 ) ) ;
#1647 = CARTESIAN_POINT ( 'NONE',  ( 12.00000000000000000, 12.00000000000000000, 20.00000000000000000 ) ) ;
#1648 = CYLINDRICAL_SURFACE ( 'NONE', #3747, 1.699999999999998401 ) ;
#1649 = AXIS2_PLACEMENT_3D ( 'NONE', #8056, #12095, #2070 ) ;
#1650 = DIRECTION ( 'NONE',  ( 0.000000000000000000, 1.000000000000000000, 0.000000000000000000 ) ) ;
#1651 = AXIS2_PLACEMENT_3D ( 'NONE', #3929, #12908, #12037 ) ;
#1652 = EDGE_LOOP ( 'NONE', ( #9713, #10151, #218, #12155 ) ) ;
#1653 = LINE ( 'NONE', #12752, #614 ) ;
#1654 = APPROVAL_STATUS ( 'not_yet_approved' ) ;
#1655 = ADVANCED_FACE ( 'NONE', ( #10196 ), #4206, .F. ) ;
#1656 = CARTESIAN_POINT ( 'NONE',  ( -22.00000000000000000, 84.00000000000000000, 8.000000000000000000 ) ) ;
#1657 = ORIENTED_EDGE ( 'NONE', *, *, #5213, .F. ) ;
#1658 = VECTOR ( 'NONE', #4248, 1000.000000000000000 ) ;
#1659 = DIRECTION ( 'NONE',  ( 0.000000000000000000, 0.000000000000000000, -1.000000000000000000 ) ) ;
#1660 = APPROVAL ( #9936, 'ๆช' ) ;
#1661 = VECTOR ( 'NONE', #6718, 1000.000000000000000 ) ;
#1662 = SECURITY_CLASSIFICATION ( '', '', #2728 ) ;
#1663 = APPROVAL ( #10153, 'ๆช' ) ;
#1664 = CIRCLE ( 'NONE', #1860, 1.700000000000000178 ) ;
#1665 = DIRECTION ( 'NONE',  ( 1.000000000000000000, 0.000000000000000000, 0.000000000000000000 ) ) ;
#1666 = DIRECTION ( 'NONE',  ( 0.000000000000000000, -1.000000000000000000, 0.000000000000000000 ) ) ;
#1667 = CARTESIAN_POINT ( 'NONE',  ( 31.00000000000000355, -6.000000000000000152E-06, 11.29999999999999893 ) ) ;
#1668 = COORDINATED_UNIVERSAL_TIME_OFFSET ( 5, 0, .BEHIND. ) ;
#1669 = DIRECTION ( 'NONE',  ( -0.000000000000000000, -0.000000000000000000, 1.000000000000000000 ) ) ;
#1670 = ORIENTED_EDGE ( 'NONE', *, *, #4921, .F. ) ;
#1671 = CC_DESIGN_APPROVAL ( #1886, ( #7345 ) ) ;
#1672 = ORIENTED_EDGE ( 'NONE', *, *, #12876, .T. ) ;
#1673 = CONTEXT_DEPENDENT_SHAPE_REPRESENTATION ( #9609, #546 ) ;
#1674 = EDGE_CURVE ( 'NONE', #2415, #7880, #8276, .T. ) ;
#1675 = EDGE_CURVE ( 'NONE', #5621, #7755, #2158, .T. ) ;
#1676 = PLANE ( 'NONE',  #7337 ) ;
#1677 = DIRECTION ( 'NONE',  ( 1.000000000000000000, 0.000000000000000000, 0.000000000000000000 ) ) ;
#1678 =( NAMED_UNIT ( * ) PLANE_ANGLE_UNIT ( ) SI_UNIT ( $, .RADIAN. ) );
#1679 = EDGE_CURVE ( 'NONE', #8881, #8748, #4164, .T. ) ;
#1680 = PLANE ( 'NONE',  #7242 ) ;
#1681 = CARTESIAN_POINT ( 'NONE',  ( 29.30000000000000071, 66.00000000000000000, -6.000000000000000152E-06 ) ) ;
#1682 = DIRECTION ( 'NONE',  ( -0.000000000000000000, -0.000000000000000000, -1.000000000000000000 ) ) ;
#1683 = CARTESIAN_POINT ( 'NONE',  ( -11.50000000000000000, 6.000000000000000000, 22.00000000000000000 ) ) ;
#1684 = CIRCLE ( 'NONE', #4650, 1.700000000000000178 ) ;
#1685 = VERTEX_POINT ( 'NONE', #1420 ) ;
#1686 = EDGE_LOOP ( 'NONE', ( #12961, #3128, #4092, #5661 ) ) ;
#1687 = CARTESIAN_POINT ( 'NONE',  ( -18.95702773923594719, -12.63871090099721783, -0.000000000000000000 ) ) ;
#1688 = EDGE_LOOP ( 'NONE', ( #686, #3432, #1782, #12839 ) ) ;
#1689 = ORIENTED_EDGE ( 'NONE', *, *, #7998, .F. ) ;
#1690 = PERSON_AND_ORGANIZATION ( #2675, #9931 ) ;
#1691 = LINE ( 'NONE', #5774, #11953 ) ;
#1692 = ORIENTED_EDGE ( 'NONE', *, *, #12207, .F. ) ;
#1693 = CARTESIAN_POINT ( 'NONE',  ( -10.72380529476374100, 9.000000000000252243, 10.20000000000124984 ) ) ;
#1694 = CARTESIAN_POINT ( 'NONE',  ( 32.36128909900664041, -0.000000000000000000, 5.042972260759071901 ) ) ;
#1695 = EDGE_CURVE ( 'NONE', #3725, #1775, #2938, .T. ) ;
#1696 = VECTOR ( 'NONE', #11933, 1000.000000000000000 ) ;
#1697 = VECTOR ( 'NONE', #6378, 1000.000000000000000 ) ;
#1698 = DIRECTION ( 'NONE',  ( 0.000000000000000000, -0.000000000000000000, 1.000000000000000000 ) ) ;
#1699 = VECTOR ( 'NONE', #11445, 1000.000000000000000 ) ;
#1700 = CARTESIAN_POINT ( 'NONE',  ( 0.000000000000000000, 0.000000000000000000, 16.00000000000000000 ) ) ;
#1701 = ORIENTED_EDGE ( 'NONE', *, *, #7866, .F. ) ;
#1702 = PRODUCT_DEFINITION_SHAPE ( 'NONE', 'NONE',  #12050 ) ;
#1703 = EDGE_LOOP ( 'NONE', ( #7004, #11682 ) ) ;
#1704 = VECTOR ( 'NONE', #8262, 1000.000000000000000 ) ;
#1705 = CARTESIAN_POINT ( 'NONE',  ( 21.00000000000000000, -12.00000000000000000, 3.000000000000000000 ) ) ;
#1706 = FACE_OUTER_BOUND ( 'NONE', #8709, .T. ) ;
#1707 = CIRCLE ( 'NONE', #9281, 5.799999999999999822 ) ;
#1708 = CALENDAR_DATE ( 2026, 21, 9 ) ;
#1709 = CALENDAR_DATE ( 2026, 21, 9 ) ;
#1710 = EDGE_LOOP ( 'NONE', ( #1808, #9482, #11050, #3657 ) ) ;
#1711 = LINE ( 'NONE', #9938, #7528 ) ;
#1712 = PERSON_AND_ORGANIZATION_ROLE ( 'design_supplier' ) ;
#1713 = ORIENTED_EDGE ( 'NONE', *, *, #10936, .T. ) ;
#1714 = APPROVAL_DATE_TIME ( #4761, #6949 ) ;
#1715 = DIRECTION ( 'NONE',  ( -0.000000000000000000, -0.000000000000000000, -1.000000000000000000 ) ) ;
#1716 = AXIS2_PLACEMENT_3D ( 'NONE', #8504, #12546, #11554 ) ;
#1717 = AXIS2_PLACEMENT_3D ( 'NONE', #8646, #12689, #3386 ) ;
#1718 = CARTESIAN_POINT ( 'NONE',  ( -9.843211314629879638, 9.958146480581250515, 11.42020408556253130 ) ) ;
#1719 = EDGE_CURVE ( 'NONE', #956, #5032, #12659, .T. ) ;
#1720 = VECTOR ( 'NONE', #3380, 1000.000000000000000 ) ;
#1721 = LINE ( 'NONE', #9772, #11178 ) ;
#1722 = CARTESIAN_POINT ( 'NONE',  ( 15.48452350954465118, 70.85853893179071861, -0.000000000000000000 ) ) ;
#1723 = ORIENTED_EDGE ( 'NONE', *, *, #286, .F. ) ;
#1724 = DIRECTION ( 'NONE',  ( 1.000000000000000000, 0.000000000000000000, 0.000000000000000000 ) ) ;
#1725 = DATE_TIME_ROLE ( 'classification_date' ) ;
#1726 = CARTESIAN_POINT ( 'NONE',  ( 9.500000000000000000, 1.163414459189985485E-15, 38.00000000000000000 ) ) ;
#1727 = ORIENTED_EDGE ( 'NONE', *, *, #12812, .T. ) ;
#1728 = CARTESIAN_POINT ( 'NONE',  ( 136.4425847382504742, -1.656666900993888580, 0.000000000000000000 ) ) ;
#1729 = LINE ( 'NONE', #11755, #3718 ) ;
#1730 = EDGE_CURVE ( 'NONE', #585, #1301, #6681, .T. ) ;
#1731 = FACE_BOUND ( 'NONE', #5831, .T. ) ;
#1732 = EDGE_LOOP ( 'NONE', ( #3886, #7965 ) ) ;
#1733 = CC_DESIGN_DATE_AND_TIME_ASSIGNMENT ( #9596, #8524, ( #2720 ) ) ;
#1734 = ORIENTED_EDGE ( 'NONE', *, *, #5560, .T. ) ;
#1735 = ITEM_DEFINED_TRANSFORMATION ( 'NONE', 'NONE', #2797,  #6542 ) ;
#1736 = FACE_OUTER_BOUND ( 'NONE', #5948, .T. ) ;
#1737 = ORIENTED_EDGE ( 'NONE', *, *, #3434, .T. ) ;
#1738 = DIRECTION ( 'NONE',  ( -0.000000000000000000, -0.000000000000000000, -1.000000000000000000 ) ) ;
#1739 = AXIS2_PLACEMENT_3D ( 'NONE', #5851, #5967, #7947 ) ;
#1740 = PRODUCT_DEFINITION_FORMATION_WITH_SPECIFIED_SOURCE ( 'ไป', '', #3717, .NOT_KNOWN. ) ;
#1741 = DIRECTION ( 'NONE',  ( -1.000000000000000000, 0.000000000000000000, 0.000000000000000000 ) ) ;
#1742 = CARTESIAN_POINT ( 'NONE',  ( -20.00000000000000000, -6.000000000000000152E-06, 10.30000000000000071 ) ) ;
#1744 = ADVANCED_FACE ( 'NONE', ( #7492 ), #4411, .T. ) ;
#1743 = CARTESIAN_POINT ( 'NONE',  ( 19.77491600511497083, 15.70006951123579064, -0.000000000000000000 ) ) ;
#1745 = ADVANCED_FACE ( 'NONE', ( #6429 ), #1486, .F. ) ;
#1746 = CC_DESIGN_SECURITY_CLASSIFICATION ( #6780, ( #234 ) ) ;
#1747 = CARTESIAN_POINT ( 'NONE',  ( 0.000000000000000000, 149.0000000000000000, 0.000000000000000000 ) ) ;
#1748 = CARTESIAN_POINT ( 'NONE',  ( 8.000000000000000000, 9.797174393178825657E-16, 5.000000000000000000 ) ) ;
#1749 = ORIENTED_EDGE ( 'NONE', *, *, #10590, .F. ) ;
#1750 = EDGE_CURVE ( 'NONE', #619, #551, #11955, .T. ) ;
#1751 = ORIENTED_EDGE ( 'NONE', *, *, #186, .T. ) ;
#1752 = ORIENTED_EDGE ( 'NONE', *, *, #6998, .T. ) ;
#1753 = DIRECTION ( 'NONE',  ( -0.000000000000000000, -0.000000000000000000, 1.000000000000000000 ) ) ;
#1754 = EDGE_CURVE ( 'NONE', #3647, #6120, #11543, .T. ) ;
#1755 = ORIENTED_EDGE ( 'NONE', *, *, #10087, .T. ) ;
#1756 = DIRECTION ( 'NONE',  ( -0.000000000000000000, -0.000000000000000000, -1.000000000000000000 ) ) ;
#1757 = LINE ( 'NONE', #7748, #8104 ) ;
#1758 = CC_DESIGN_APPROVAL ( #2388, ( #2181 ) ) ;
#1759 = CARTESIAN_POINT ( 'NONE',  ( -7.515674657884688692, 65.14134607987472236, 0.000000000000000000 ) ) ;
#1760 = DIRECTION ( 'NONE',  ( 0.000000000000000000, 0.000000000000000000, -1.000000000000000000 ) ) ;
#1761 = VERTEX_POINT ( 'NONE', #6857 ) ;
#1762 = VERTEX_POINT ( 'NONE', #11036 ) ;
#1763 = APPROVAL_PERSON_ORGANIZATION ( #6876, #10187, #7823 ) ;
#1764 = LINE ( 'NONE', #6817, #1030 ) ;
#1765 = APPLICATION_CONTEXT ( 'configuration controlled 3d designs of mechanical parts and assemblies' ) ;
#1766 = PERSON_AND_ORGANIZATION ( #2675, #9931 ) ;
#1767 = CARTESIAN_POINT ( 'NONE',  ( 43.00000000000000000, 8.000000000000000000, 6.000000000000000000 ) ) ;
#1768 = EDGE_LOOP ( 'NONE', ( #10540, #5757, #2513, #5107 ) ) ;
#1769 = CALENDAR_DATE ( 2026, 21, 9 ) ;
#1770 = DIRECTION ( 'NONE',  ( -0.000000000000000000, 1.000000000000000000, -0.000000000000000000 ) ) ;
#1771 = CARTESIAN_POINT ( 'NONE',  ( -28.00000000000000000, 0.000000000000000000, 24.00000000000000000 ) ) ;
#1772 = PLANE ( 'NONE',  #12695 ) ;
#1773 = DIRECTION ( 'NONE',  ( -0.000000000000000000, -0.000000000000000000, -1.000000000000000000 ) ) ;
#1774 = CARTESIAN_POINT ( 'NONE',  ( 0.000000000000000000, 0.000000000000000000, 12.00000000000000000 ) ) ;
#1775 = VERTEX_POINT ( 'NONE', #4861 ) ;
#1776 = DIRECTION ( 'NONE',  ( -0.000000000000000000, -1.000000000000000000, -0.000000000000000000 ) ) ;
#1777 = PERSON_AND_ORGANIZATION_ROLE ( 'design_supplier' ) ;
#1778 = APPROVAL_STATUS ( 'not_yet_approved' ) ;
#1779 = EDGE_LOOP ( 'NONE', ( #1856, #4660, #7477, #3628 ) ) ;
#1780 = COORDINATED_UNIVERSAL_TIME_OFFSET ( 5, 0, .BEHIND. ) ;
#1781 = LINE ( 'NONE', #6716, #5634 ) ;
#1782 = ORIENTED_EDGE ( 'NONE', *, *, #10793, .T. ) ;
#1783 = CARTESIAN_POINT ( 'NONE',  ( 137.0428739570325263, -1.361190795270670106, 0.000000000000000000 ) ) ;
#1784 = EDGE_CURVE ( 'NONE', #9623, #1380, #121, .T. ) ;
#1785 = DIRECTION ( 'NONE',  ( -0.000000000000000000, -0.000000000000000000, 1.000000000000000000 ) ) ;
#1786 = DIRECTION ( 'NONE',  ( 0.000000000000000000, 0.000000000000000000, -1.000000000000000000 ) ) ;
#1787 = PERSON_AND_ORGANIZATION ( #2675, #9931 ) ;
#1788 = DIRECTION ( 'NONE',  ( -0.000000000000000000, -1.000000000000000000, -0.000000000000000000 ) ) ;
#1789 = ORIENTED_EDGE ( 'NONE', *, *, #461, .T. ) ;
#1790 = SECURITY_CLASSIFICATION_LEVEL ( 'unclassified' ) ;
#1791 = CARTESIAN_POINT ( 'NONE',  ( -1.951082218127032863, 1.724833573237032125, 0.000000000000000000 ) ) ;
#1792 = DIRECTION ( 'NONE',  ( -0.000000000000000000, -0.000000000000000000, 1.000000000000000000 ) ) ;
#1793 = ADVANCED_FACE ( 'NONE', ( #3000 ), #3922, .T. ) ;
#1794 = DIRECTION ( 'NONE',  ( 0.000000000000000000, 0.000000000000000000, -1.000000000000000000 ) ) ;
#1795 =( LENGTH_UNIT ( ) NAMED_UNIT ( * ) SI_UNIT ( .MILLI., .METRE. ) );
#1796 = CARTESIAN_POINT ( 'NONE',  ( -1.000000000000000000, 27.50000000000000000, 0.000000000000000000 ) ) ;
#1797 = APPROVAL ( #4534, 'UNKNOWN' ) ;
#1798 = CYLINDRICAL_SURFACE ( 'NONE', #1026, 1.100000000000000311 ) ;
#1799 = DIRECTION ( 'NONE',  ( 1.000000000000000000, 0.000000000000000000, 0.000000000000000000 ) ) ;
#1800 = DIRECTION ( 'NONE',  ( 0.000000000000000000, -0.000000000000000000, -1.000000000000000000 ) ) ;
#1801 = VERTEX_POINT ( 'NONE', #3988 ) ;
#1802 = CARTESIAN_POINT ( 'NONE',  ( 0.5999999999999999778, 2.200000000000000178, 12.00000000000000000 ) ) ;
#1803 = AXIS2_PLACEMENT_3D ( 'NONE', #747, #7685, #2759 ) ;
#1804 = ORIENTED_EDGE ( 'NONE', *, *, #11906, .T. ) ;
#1805 = ORIENTED_EDGE ( 'NONE', *, *, #81, .T. ) ;
#1806 = EDGE_CURVE ( 'NONE', #484, #12936, #4986, .T. ) ;
#1807 = DIRECTION ( 'NONE',  ( -0.000000000000000000, -0.000000000000000000, -1.000000000000000000 ) ) ;
#1808 = ORIENTED_EDGE ( 'NONE', *, *, #8980, .T. ) ;
#1809 = LINE ( 'NONE', #1058, #9651 ) ;
#1810 = ADVANCED_FACE ( 'NONE', ( #6991 ), #1998, .F. ) ;
#1811 = CARTESIAN_POINT ( 'NONE',  ( 40.00000000000000000, 0.000000000000000000, 40.00000000000000000 ) ) ;
#1812 = CARTESIAN_POINT ( 'NONE',  ( 186.0000000000000000, 149.0000000000000000, 0.000000000000000000 ) ) ;
#1813 = CC_DESIGN_DATE_AND_TIME_ASSIGNMENT ( #3885, #12918, ( #2602 ) ) ;
#1814 = CARTESIAN_POINT ( 'NONE',  ( -7.638710900996050768, -0.000000000000000000, 5.042972260762892844 ) ) ;
#1815 = VECTOR ( 'NONE', #12628, 1000.000000000000000 ) ;
#1816 = SHAPE_DEFINITION_REPRESENTATION ( #1702, #464 ) ;
#1817 = CARTESIAN_POINT ( 'NONE',  ( -11.50000000000000000, -6.000000000000000000, 18.00000000000000355 ) ) ;
#1818 = ORIENTED_EDGE ( 'NONE', *, *, #6937, .F. ) ;
#1819 = ORIENTED_EDGE ( 'NONE', *, *, #849, .F. ) ;
#1820 = DIRECTION ( 'NONE',  ( -0.000000000000000000, -0.000000000000000000, 1.000000000000000000 ) ) ;
#1821 = COORDINATED_UNIVERSAL_TIME_OFFSET ( 5, 0, .BEHIND. ) ;
#1822 = PERSON_AND_ORGANIZATION ( #2675, #9931 ) ;
#1823 = ORIENTED_EDGE ( 'NONE', *, *, #2202, .F. ) ;
#1824 = EDGE_CURVE ( 'NONE', #7774, #885, #1185, .T. ) ;
#1825 = DIRECTION ( 'NONE',  ( 0.000000000000000000, 0.000000000000000000, 1.000000000000000000 ) ) ;
#1826 = ORIENTED_EDGE ( 'NONE', *, *, #4430, .T. ) ;
#1827 = CIRCLE ( 'NONE', #8562, 2.399999999999999911 ) ;
#1828 = EDGE_CURVE ( 'NONE', #2643, #1053, #9795, .T. ) ;
#1829 = AXIS2_PLACEMENT_3D ( 'NONE', #12718, #3679, #6603 ) ;
#1830 = COORDINATED_UNIVERSAL_TIME_OFFSET ( 5, 0, .BEHIND. ) ;
#1831 = DIRECTION ( 'NONE',  ( 0.000000000000000000, 0.000000000000000000, -1.000000000000000000 ) ) ;
#1832 = EDGE_CURVE ( 'NONE', #9291, #5032, #2821, .T. ) ;
#1833 = CARTESIAN_POINT ( 'NONE',  ( -11.59999999999999964, 67.50000000000000000, 0.000000000000000000 ) ) ;
#1834 = CARTESIAN_POINT ( 'NONE',  ( 17.00000000000000000, -10.00000000000000000, 28.00000000000000000 ) ) ;
#1835 = VECTOR ( 'NONE', #58, 1000.000000000000000 ) ;
#1836 = AXIS2_PLACEMENT_3D ( 'NONE', #7921, #10970, #7739 ) ;
#1837 = PLANE ( 'NONE',  #12469 ) ;
#1838 = DIRECTION ( 'NONE',  ( -0.000000000000000000, -1.000000000000000000, -0.000000000000000000 ) ) ;
#1839 = DATE_TIME_ROLE ( 'classification_date' ) ;
#1840 = AXIS2_PLACEMENT_3D ( 'NONE', #2001, #9925, #10052 ) ;
#1841 = APPROVAL_DATE_TIME ( #8024, #11423 ) ;
#1842 = CARTESIAN_POINT ( 'NONE',  ( 137.7000000000000171, 0.2252519565404662583, 0.000000000000000000 ) ) ;
#1843 = ORIENTED_EDGE ( 'NONE', *, *, #9553, .T. ) ;
#1844 = LINE ( 'NONE', #9957, #12420 ) ;
#1845 = AXIS2_PLACEMENT_3D ( 'NONE', #12597, #4922, #5655 ) ;
#1846 = CIRCLE ( 'NONE', #1644, 1.699999999999998401 ) ;
#1847 = DIRECTION ( 'NONE',  ( 1.000000000000000000, 0.000000000000000000, 0.000000000000000000 ) ) ;
#1848 = CYLINDRICAL_SURFACE ( 'NONE', #5635, 1.699999999999998401 ) ;
#1849 = VECTOR ( 'NONE', #6275, 1000.000000000000000 ) ;
#1850 = FACE_BOUND ( 'NONE', #1688, .T. ) ;
#1851 = FACE_BOUND ( 'NONE', #12090, .T. ) ;
#1852 = ORIENTED_EDGE ( 'NONE', *, *, #3556, .T. ) ;
#1853 = APPROVAL_STATUS ( 'not_yet_approved' ) ;
#1854 = DATE_AND_TIME ( #10094, #12633 ) ;
#1855 = PLANE ( 'NONE',  #5818 ) ;
#1856 = ORIENTED_EDGE ( 'NONE', *, *, #9153, .T. ) ;
#1857 = CARTESIAN_POINT ( 'NONE',  ( 0.5999999999999999778, 13.98713694792469120, 16.00000000000000000 ) ) ;
#1858 = VECTOR ( 'NONE', #9456, 1000.000000000000000 ) ;
#1859 = CC_DESIGN_SECURITY_CLASSIFICATION ( #8811, ( #13067 ) ) ;
#1860 = AXIS2_PLACEMENT_3D ( 'NONE', #2745, #3728, #2861 ) ;
#1861 = CARTESIAN_POINT ( 'NONE',  ( 125.7000000000000028, 0.000000000000000000, -6.000000000000000152E-06 ) ) ;
#1862 = EDGE_CURVE ( 'NONE', #1685, #8210, #7364, .T. ) ;
#1863 = CARTESIAN_POINT ( 'NONE',  ( 43.00000000000000000, 81.00000000000000000, 6.000000000000000000 ) ) ;
#1864 = FACE_OUTER_BOUND ( 'NONE', #12214, .T. ) ;
#1865 = CARTESIAN_POINT ( 'NONE',  ( -14.00000000000000000, 0.000000000000000000, -1.200000000000000030E-05 ) ) ;
#1866 = AXIS2_PLACEMENT_3D ( 'NONE', #3188, #10173, #7186 ) ;
#1867 = DIRECTION ( 'NONE',  ( -1.000000000000000000, 0.000000000000000000, 0.000000000000000000 ) ) ;
#1868 = ADVANCED_FACE ( 'NONE', ( #8865 ), #1798, .F. ) ;
#1869 = CARTESIAN_POINT ( 'NONE',  ( -11.50000000000000000, -6.000000000000000000, 22.00000000000000000 ) ) ;
#1870 = CARTESIAN_POINT ( 'NONE',  ( -20.00000000000000000, -14.00000000000000000, 5.000000000000000000 ) ) ;
#1871 = VERTEX_POINT ( 'NONE', #5878 ) ;
#1872 = CARTESIAN_POINT ( 'NONE',  ( 15.04287395703226338, 68.63880920473022229, 0.000000000000000000 ) ) ;
#1873 = LINE ( 'NONE', #11973, #8800 ) ;
#1874 = LINE ( 'NONE', #1933, #9491 ) ;
#1875 = CARTESIAN_POINT ( 'NONE',  ( 32.69993048876345654, 0.000000000000000000, 4.225083994884505145 ) ) ;
#1876 = CARTESIAN_POINT ( 'NONE',  ( -7.343134931576937419, 65.55753025008398538, -0.000000000000000000 ) ) ;
#1877 = DIRECTION ( 'NONE',  ( -0.000000000000000000, 1.000000000000000000, 0.000000000000000000 ) ) ;
#1878 = AXIS2_PLACEMENT_3D ( 'NONE', #10145, #8081, #7893 ) ;
#1879 = EDGE_CURVE ( 'NONE', #6882, #7716, #5691, .T. ) ;
#1880 = PLANE ( 'NONE',  #1041 ) ;
#1881 = ORIENTED_EDGE ( 'NONE', *, *, #203, .F. ) ;
#1882 = ORIENTED_EDGE ( 'NONE', *, *, #9980, .F. ) ;
#1883 = LOCAL_TIME ( 12, 23, 50.00000000000000000, #12195 ) ;
#1884 = DIRECTION ( 'NONE',  ( 0.000000000000000000, 0.000000000000000000, 1.000000000000000000 ) ) ;
#1885 = COORDINATED_UNIVERSAL_TIME_OFFSET ( 5, 0, .BEHIND. ) ;
#1886 = APPROVAL ( #10149, 'UNKNOWN' ) ;
#1887 = APPROVAL_STATUS ( 'not_yet_approved' ) ;
#1888 = ORIENTED_EDGE ( 'NONE', *, *, #3862, .F. ) ;
#1889 = DATE_AND_TIME ( #11767, #1323 ) ;
#1890 = CC_DESIGN_DATE_AND_TIME_ASSIGNMENT ( #12153, #7122, ( #8256 ) ) ;
#1891 = CIRCLE ( 'NONE', #9271, 1.700000000000000178 ) ;
#1892 = CARTESIAN_POINT ( 'NONE',  ( 0.000000000000000000, 0.000000000000000000, 4.000000000000000000 ) ) ;
#1893 = VECTOR ( 'NONE', #2580, 1000.000000000000000 ) ;
#1894 = ORIENTED_EDGE ( 'NONE', *, *, #7749, .F. ) ;
#1895 = APPROVAL_DATE_TIME ( #10924, #3846 ) ;
#1896 = CARTESIAN_POINT ( 'NONE',  ( -9.000000000000000000, -1.200000000000000030E-05, 14.69999999999999929 ) ) ;
#1897 = CARTESIAN_POINT ( 'NONE',  ( 12.80000000000000071, 2.000000000000000000, 3.000000000000000000 ) ) ;
#1898 = CYLINDRICAL_SURFACE ( 'NONE', #2983, 1.700000000000000178 ) ;
#1899 = AXIS2_PLACEMENT_3D ( 'NONE', #6904, #11075, #10303 ) ;
#1900 = ADVANCED_FACE ( 'NONE', ( #867 ), #2867, .F. ) ;
#1901 = AXIS2_PLACEMENT_3D ( 'NONE', #11045, #7064, #1125 ) ;
#1902 = ADVANCED_FACE ( 'NONE', ( #7801 ), #3800, .F. ) ;
#1903 = CARTESIAN_POINT ( 'NONE',  ( 10.00000000000000178, -10.00000000000000000, 28.00000000000000000 ) ) ;
#1904 = ORIENTED_EDGE ( 'NONE', *, *, #17, .T. ) ;
#1905 = DIRECTION ( 'NONE',  ( -0.000000000000000000, -0.000000000000000000, -1.000000000000000000 ) ) ;
#1906 = LINE ( 'NONE', #2172, #7782 ) ;
#1907 = SECURITY_CLASSIFICATION_LEVEL ( 'unclassified' ) ;
#1908 = ORIENTED_EDGE ( 'NONE', *, *, #10007, .F. ) ;
#1910 = EDGE_CURVE ( 'NONE', #6940, #6488, #9709, .T. ) ;
#1909 = EDGE_CURVE ( 'NONE', #3725, #8210, #6003, .T. ) ;
#1911 = CALENDAR_DATE ( 2026, 21, 9 ) ;
#1912 = CARTESIAN_POINT ( 'NONE',  ( 134.3000695112365577, 0.2250839948771373999, -0.000000000000000000 ) ) ;
#1913 = ORIENTED_EDGE ( 'NONE', *, *, #5385, .F. ) ;
#1914 = DIRECTION ( 'NONE',  ( -0.000000000000000000, -0.000000000000000000, 1.000000000000000000 ) ) ;
#1915 = VECTOR ( 'NONE', #12749, 1000.000000000000000 ) ;
#1916 = VECTOR ( 'NONE', #5556, 1000.000000000000000 ) ;
#1917 = COORDINATED_UNIVERSAL_TIME_OFFSET ( 5, 0, .BEHIND. ) ;
#1918 = VECTOR ( 'NONE', #5367, 1000.000000000000000 ) ;
#1919 = CARTESIAN_POINT ( 'NONE',  ( 21.00000000000000000, 12.00000000000000000, 3.000000000000000000 ) ) ;
#1920 = CARTESIAN_POINT ( 'NONE',  ( -28.00000000000000000, 8.000000000000000000, 0.000000000000000000 ) ) ;
#1921 = CARTESIAN_POINT ( 'NONE',  ( 9.118810940736773674, 10.62306291505445799, 9.477880689636080547 ) ) ;
#1922 = VERTEX_POINT ( 'NONE', #12956 ) ;
#1923 = CARTESIAN_POINT ( 'NONE',  ( 32.48432534211531220, 56.14134607986859038, 0.000000000000000000 ) ) ;
#1924 = VECTOR ( 'NONE', #3502, 1000.000000000000000 ) ;
#1925 = DIRECTION ( 'NONE',  ( -0.000000000000000000, -0.000000000000000000, -1.000000000000000000 ) ) ;
#1926 = ORIENTED_EDGE ( 'NONE', *, *, #6395, .T. ) ;
#1927 = DIRECTION ( 'NONE',  ( 0.000000000000000000, -0.000000000000000000, 1.000000000000000000 ) ) ;
#1928 = CARTESIAN_POINT ( 'NONE',  ( -20.85848573019379870, 12.51560493047243661, 0.000000000000000000 ) ) ;
#1929 = CARTESIAN_POINT ( 'NONE',  ( 40.00000000000000000, 40.00000000000000000, 40.00000000000000000 ) ) ;
#1930 = APPROVAL_PERSON_ORGANIZATION ( #2746, #10030, #3542 ) ;
#1931 = DIRECTION ( 'NONE',  ( -1.000000000000000000, 0.000000000000000000, -0.000000000000000000 ) ) ;
#1932 = DIRECTION ( 'NONE',  ( 0.000000000000000000, 0.000000000000000000, 1.000000000000000000 ) ) ;
#1933 = CARTESIAN_POINT ( 'NONE',  ( 183.0000000000000000, 0.000000000000000000, 3.000000000000000000 ) ) ;
#1934 =( REPRESENTATION_RELATIONSHIP ('NONE','NONE', #874, #6766 ) REPRESENTATION_RELATIONSHIP_WITH_TRANSFORMATION ( #7395 )SHAPE_REPRESENTATION_RELATIONSHIP( ) );
#1935 = CARTESIAN_POINT ( 'NONE',  ( 18.29993048876421113, -14.22508399488592090, 0.000000000000000000 ) ) ;
#1936 = CARTESIAN_POINT ( 'NONE',  ( -20.85853893178909502, 15.48452350954476309, -0.000000000000000000 ) ) ;
#1937 = CARTESIAN_POINT ( 'NONE',  ( -7.638809204728629787, 0.000000000000000000, 11.95712604296931225 ) ) ;
#1938 = MECHANICAL_CONTEXT ( 'NONE', #9693, 'mechanical' ) ;
#1939 = ORIENTED_EDGE ( 'NONE', *, *, #7785, .T. ) ;
#1940 = LOCAL_TIME ( 12, 23, 50.00000000000000000, #9306 ) ;
#1941 = ORIENTED_EDGE ( 'NONE', *, *, #3006, .T. ) ;
#1942 = CARTESIAN_POINT ( 'NONE',  ( 31.60000000000000142, 67.50000000000000000, 2.409402627941314989 ) ) ;
#1943 = CARTESIAN_POINT ( 'NONE',  ( 10.00000000000000000, -10.00000000000000000, 35.00000000000000000 ) ) ;
#1944 = APPROVAL_ROLE ( '' ) ;
#1945 = EDGE_CURVE ( 'NONE', #11001, #3491, #4923, .T. ) ;
#1946 = CARTESIAN_POINT ( 'NONE',  ( -9.858485730201509867, 64.51560493047468015, 0.000000000000000000 ) ) ;
#1947 = LOCAL_TIME ( 12, 23, 50.00000000000000000, #2386 ) ;
#1948 = CARTESIAN_POINT ( 'NONE',  ( -8.557415261748692714, -0.000000000000000000, 5.656666900994515856 ) ) ;
#1949 = FACE_BOUND ( 'NONE', #1652, .T. ) ;
#1950 = FACE_BOUND ( 'NONE', #10698, .T. ) ;
#1951 = VERTEX_POINT ( 'NONE', #737 ) ;
#1952 = ORIENTED_EDGE ( 'NONE', *, *, #9084, .F. ) ;
#1953 = CARTESIAN_POINT ( 'NONE',  ( 31.60000000000000142, 62.50000000000000000, -1.200000000000000030E-05 ) ) ;
#1954 = COORDINATED_UNIVERSAL_TIME_OFFSET ( 5, 0, .BEHIND. ) ;
#1955 = COORDINATED_UNIVERSAL_TIME_OFFSET ( 5, 0, .BEHIND. ) ;
#1956 = VERTEX_POINT ( 'NONE', #10896 ) ;
#1957 = LOCAL_TIME ( 12, 23, 50.00000000000000000, #11134 ) ;
#1958 = ORIENTED_EDGE ( 'NONE', *, *, #2217, .T. ) ;
#1959 = LINE ( 'NONE', #1133, #10865 ) ;
#1960 = ADVANCED_FACE ( 'NONE', ( #3916 ), #13015, .F. ) ;
#1961 = CARTESIAN_POINT ( 'NONE',  ( -37.50000000000000000, 10.00000000000000000, 25.00000000000000000 ) ) ;
#1962 = CARTESIAN_POINT ( 'NONE',  ( 7.484523509544177777, -8.141461068210320562, -0.000000000000000000 ) ) ;
#1963 = CARTESIAN_POINT ( 'NONE',  ( 15.69999999999999929, 70.00000000000000000, -6.000000000000000152E-06 ) ) ;
#1964 = PRODUCT_DEFINITION ( 'ๆ', '', #11456, #3492 ) ;
#1965 = LOCAL_TIME ( 12, 23, 50.00000000000000000, #8553 ) ;
#1966 = ORIENTED_EDGE ( 'NONE', *, *, #5764, .F. ) ;
#1967 = CARTESIAN_POINT ( 'NONE',  ( 32.65666690099504166, 0.000000000000000000, 12.55741526174996459 ) ) ;
#1968 = LINE ( 'NONE', #6099, #1020 ) ;
#1969 = PERSON_AND_ORGANIZATION_ROLE ( 'design_owner' ) ;
#1970 = ORIENTED_EDGE ( 'NONE', *, *, #8999, .T. ) ;
#1971 = PERSON_AND_ORGANIZATION ( #2337, #12200 ) ;
#1972 = DIRECTION ( 'NONE',  ( 1.000000000000000000, -0.000000000000000000, -0.000000000000000000 ) ) ;
#1973 = EDGE_LOOP ( 'NONE', ( #9479, #4647, #4108, #9856 ) ) ;
#1974 = CARTESIAN_POINT ( 'NONE',  ( -0.5999999999999999778, 2.200000000000000178, 16.00000000000000000 ) ) ;
#1975 = EDGE_CURVE ( 'NONE', #8768, #2215, #7049, .T. ) ;
#1976 = EDGE_CURVE ( 'NONE', #6979, #8007, #4856, .T. ) ;
#1977 = CARTESIAN_POINT ( 'NONE',  ( -0.5999999999999998668, 9.000000000000000000, 10.20000000000000107 ) ) ;
#1978 = FACE_OUTER_BOUND ( 'NONE', #821, .T. ) ;
#1979 = APPROVAL ( #4533, 'ๆช' ) ;
#1980 = CARTESIAN_POINT ( 'NONE',  ( 10.37022664714423037, 9.408763276675834675, 8.337751006154990208 ) ) ;
#1981 = ORIENTED_EDGE ( 'NONE', *, *, #4828, .T. ) ;
#1982 = DIRECTION ( 'NONE',  ( 1.000000000000000000, 0.000000000000000000, 0.000000000000000000 ) ) ;
#1983 = APPROVAL_STATUS ( 'not_yet_approved' ) ;
#1984 = CARTESIAN_POINT ( 'NONE',  ( -2.130340194382252417, 1.498434379583922782, -0.000000000000000000 ) ) ;
#1985 = ORIENTED_EDGE ( 'NONE', *, *, #436, .F. ) ;
#1986 = DIRECTION ( 'NONE',  ( 1.000000000000000000, -0.000000000000000000, 0.000000000000000000 ) ) ;
#1987 = CARTESIAN_POINT ( 'NONE',  ( -18.34313493157694097, 13.55753025008539048, -0.000000000000000000 ) ) ;
#1988 = EDGE_CURVE ( 'NONE', #6182, #12066, #3983, .T. ) ;
#1989 =( LENGTH_UNIT ( ) NAMED_UNIT ( * ) SI_UNIT ( .MILLI., .METRE. ) );
#1990 = CARTESIAN_POINT ( 'NONE',  ( 122.5154764904563081, -0.8585389317906795270, -0.000000000000000000 ) ) ;
#1991 = CARTESIAN_POINT ( 'NONE',  ( -21.36128909900304862, -0.000000000000000000, 10.95702773923621010 ) ) ;
#1992 = EDGE_CURVE ( 'NONE', #10579, #5037, #1874, .T. ) ;
#1993 = EDGE_CURVE ( 'NONE', #4581, #4713, #12898, .T. ) ;
#1994 = CYLINDRICAL_SURFACE ( 'NONE', #9217, 1.700000000000000178 ) ;
#1995 = CARTESIAN_POINT ( 'NONE',  ( 24.30000000000000071, -45.00000000000000000, -1.200000000000000030E-05 ) ) ;
#1996 = DIRECTION ( 'NONE',  ( 1.000000000000000000, 0.000000000000000000, 0.000000000000000000 ) ) ;
#1997 = PERSON ( 'NAUO-PER9', 'UNSPECIFIED', 'UNSPECIFIED', ('UNSPECIFIED'), ('UNSPECIFIED'), ('UNSPECIFIED') ) ;
#1998 = PLANE ( 'NONE',  #9209 ) ;
#1999 = VERTEX_POINT ( 'NONE', #5944 ) ;
#2000 = CARTESIAN_POINT ( 'NONE',  ( 14.22508399489131214, 68.29993048876643513, -0.000000000000000000 ) ) ;
#2001 = CARTESIAN_POINT ( 'NONE',  ( 0.000000000000000000, 14.00000000000000000, 4.000000000000000000 ) ) ;
#2002 = CIRCLE ( 'NONE', #11917, 3.000000000000000000 ) ;
#2003 = CARTESIAN_POINT ( 'NONE',  ( -15.19999999999999929, -2.000000000000000000, 3.000000000000000000 ) ) ;
#2004 = APPLICATION_CONTEXT ( 'configuration controlled 3d designs of mechanical parts and assemblies' ) ;
#2005 = CARTESIAN_POINT ( 'NONE',  ( 0.000000000000000000, 0.000000000000000000, 83.00000000000000000 ) ) ;
#2006 = DIRECTION ( 'NONE',  ( 1.000000000000000000, 0.000000000000000000, 0.000000000000000000 ) ) ;
#2007 = FACE_OUTER_BOUND ( 'NONE', #4896, .T. ) ;
#2008 = CARTESIAN_POINT ( 'NONE',  ( 20.00000000000000000, 8.000000000000000000, 13.70000000000000107 ) ) ;
#2009 = VECTOR ( 'NONE', #12393, 1000.000000000000000 ) ;
#2010 = ORIENTED_EDGE ( 'NONE', *, *, #1410, .T. ) ;
#2011 = PRODUCT_DEFINITION_SHAPE ( 'NONE', 'NONE',  #12732 ) ;
#2012 = PERSON ( 'NAUO-PER1', 'UNSPECIFIED', 'UNSPECIFIED', ('UNSPECIFIED'), ('UNSPECIFIED'), ('UNSPECIFIED') ) ;
#2013 = EDGE_LOOP ( 'NONE', ( #2236, #3843 ) ) ;
#2014 = UNCERTAINTY_MEASURE_WITH_UNIT (LENGTH_MEASURE( 1.000000000000000082E-05 ), #7324, 'distance_accuracy_value', 'NONE');
#2015 = FACE_BOUND ( 'NONE', #3974, .T. ) ;
#2016 = CALENDAR_DATE ( 2026, 21, 9 ) ;
#2017 = ORIENTED_EDGE ( 'NONE', *, *, #8028, .F. ) ;
#2018 = LINE ( 'NONE', #8943, #5835 ) ;
#2019 = EDGE_LOOP ( 'NONE', ( #4938, #12273, #9564, #9201 ) ) ;
#2020 = VECTOR ( 'NONE', #3878, 1000.000000000000000 ) ;
#2021 = FACE_OUTER_BOUND ( 'NONE', #18, .T. ) ;
#2022 = VECTOR ( 'NONE', #4062, 1000.000000000000000 ) ;
#2023 = FACE_OUTER_BOUND ( 'NONE', #1042, .T. ) ;
#2024 = LINE ( 'NONE', #8139, #575 ) ;
#2025 = CARTESIAN_POINT ( 'NONE',  ( 31.00000000000000000, 66.00000000000000000, 5.000000000000000000 ) ) ;
#2026 = ORIENTED_EDGE ( 'NONE', *, *, #5369, .T. ) ;
#2027 = CARTESIAN_POINT ( 'NONE',  ( 31.22525195654715802, 0.000000000000000000, 14.69999999999999929 ) ) ;
#2028 = EDGE_CURVE ( 'NONE', #3674, #11046, #3865, .T. ) ;
#2029 = DIRECTION ( 'NONE',  ( -1.000000000000000000, -0.000000000000000000, -0.000000000000000000 ) ) ;
#2030 = CIRCLE ( 'NONE', #763, 8.099999999999999645 ) ;
#2031 = MECHANICAL_CONTEXT ( 'NONE', #10785, 'mechanical' ) ;
#2032 = AXIS2_PLACEMENT_3D ( 'NONE', #4784, #3788, #5870 ) ;
#2033 = ORIENTED_EDGE ( 'NONE', *, *, #9168, .T. ) ;
#2034 = ITEM_DEFINED_TRANSFORMATION ( 'NONE', 'NONE', #9,  #6542 ) ;
#2035 = PLANE ( 'NONE',  #4798 ) ;
#2036 = ORIENTED_EDGE ( 'NONE', *, *, #6363, .F. ) ;
#2037 = DIRECTION ( 'NONE',  ( 1.000000000000000000, 0.000000000000000000, 0.000000000000000000 ) ) ;
#2038 = CIRCLE ( 'NONE', #4808, 14.00000000000000000 ) ;
#2039 = CARTESIAN_POINT ( 'NONE',  ( -10.50000000000000000, 80.50000000000000000, 6.000000000000000000 ) ) ;
#2040 = VECTOR ( 'NONE', #9802, 1000.000000000000000 ) ;
#2041 = DIRECTION ( 'NONE',  ( 0.000000000000000000, 1.000000000000000000, 0.000000000000000000 ) ) ;
#2042 = LINE ( 'NONE', #3099, #10332 ) ;
#2043 = EDGE_CURVE ( 'NONE', #3313, #12103, #7864, .T. ) ;
#2044 = ORIENTED_EDGE ( 'NONE', *, *, #7027, .T. ) ;
#2045 = CARTESIAN_POINT ( 'NONE',  ( 32.69999999999999574, 56.77438419509696388, -0.000000000000000000 ) ) ;
#2046 = DATE_AND_TIME ( #2858, #6268 ) ;
#2047 = CARTESIAN_POINT ( 'NONE',  ( 2.600000000000000089, 0.000000000000000000, -6.000000000000000152E-06 ) ) ;
#2048 = CIRCLE ( 'NONE', #1642, 8.000000000000000000 ) ;
#2049 = ORIENTED_EDGE ( 'NONE', *, *, #12876, .F. ) ;
#2050 = CC_DESIGN_DATE_AND_TIME_ASSIGNMENT ( #8699, #570, ( #5685 ) ) ;
#2051 = CARTESIAN_POINT ( 'NONE',  ( 31.22508399489132103, 67.69993048876644082, 0.000000000000000000 ) ) ;
#2052 = CC_DESIGN_DATE_AND_TIME_ASSIGNMENT ( #4907, #4911, ( #7371 ) ) ;
#2053 = VERTEX_POINT ( 'NONE', #12026 ) ;
#2054 = CARTESIAN_POINT ( 'NONE',  ( 0.000000000000000000, 0.000000000000000000, 4.000000000000000000 ) ) ;
#2055 = SHAPE_REPRESENTATION_RELATIONSHIP ( 'NONE' , 'NONE' ,  #7355, #3117 ) ;
#2056 = PLANE ( 'NONE',  #9079 ) ;
#2057 = DIRECTION ( 'NONE',  ( -0.000000000000000000, -0.000000000000000000, -1.000000000000000000 ) ) ;
#2058 = VECTOR ( 'NONE', #11091, 1000.000000000000000 ) ;
#2059 = CIRCLE ( 'NONE', #578, 14.00000000000000000 ) ;
#2060 = FACE_OUTER_BOUND ( 'NONE', #1247, .T. ) ;
#2061 = EDGE_CURVE ( 'NONE', #12472, #11306, #3169, .T. ) ;
#2062 = EDGE_CURVE ( 'NONE', #5238, #9807, #5043, .T. ) ;
#2063 = VERTEX_POINT ( 'NONE', #9256 ) ;
#2064 = CC_DESIGN_SECURITY_CLASSIFICATION ( #13023, ( #13068 ) ) ;
#2065 = ORIENTED_EDGE ( 'NONE', *, *, #12746, .F. ) ;
#2066 = VECTOR ( 'NONE', #3891, 1000.000000000000000 ) ;
#2067 = ORIENTED_EDGE ( 'NONE', *, *, #10742, .F. ) ;
#2068 = DIRECTION ( 'NONE',  ( 1.000000000000000000, 0.000000000000000000, 0.000000000000000000 ) ) ;
#2069 = EDGE_CURVE ( 'NONE', #8971, #4593, #328, .T. ) ;
#2070 = DIRECTION ( 'NONE',  ( 0.000000000000000000, -0.000000000000000000, -1.000000000000000000 ) ) ;
#2071 = LINE ( 'NONE', #7200, #10667 ) ;
#2072 = CARTESIAN_POINT ( 'NONE',  ( 0.000000000000000000, 0.000000000000000000, 17.00000000000000000 ) ) ;
#2073 = LOCAL_TIME ( 12, 23, 50.00000000000000000, #12552 ) ;
#2074 = CARTESIAN_POINT ( 'NONE',  ( -11.59999999999999964, 62.50000000000000000, -1.200000000000000030E-05 ) ) ;
#2075 = CARTESIAN_POINT ( 'NONE',  ( -9.000000000000000000, -1.200000000000000030E-05, 2.299999999999999822 ) ) ;
#2076 = DIRECTION ( 'NONE',  ( 0.000000000000000000, 0.000000000000000000, 1.000000000000000000 ) ) ;
#2077 = ORIENTED_EDGE ( 'NONE', *, *, #11163, .T. ) ;
#2078 = ORIENTED_EDGE ( 'NONE', *, *, #11240, .T. ) ;
#2079 = CARTESIAN_POINT ( 'NONE',  ( 14.00000000000000000, 0.000000000000000000, -1.200000000000000030E-05 ) ) ;
#2080 = DATE_AND_TIME ( #1471, #9664 ) ;
#2081 = APPROVAL_ROLE ( '' ) ;
#2082 = VERTEX_POINT ( 'NONE', #2264 ) ;
#2083 = LOCAL_TIME ( 12, 23, 50.00000000000000000, #12870 ) ;
#2084 = CYLINDRICAL_SURFACE ( 'NONE', #5211, 2.600000000000000089 ) ;
#2085 = ORIENTED_EDGE ( 'NONE', *, *, #10288, .T. ) ;
#2086 = CARTESIAN_POINT ( 'NONE',  ( 12.30000000000000249, 70.00000000000000000, 8.000000000000000000 ) ) ;
#2087 = DIRECTION ( 'NONE',  ( 0.000000000000000000, 0.000000000000000000, 1.000000000000000000 ) ) ;
#2088 = CARTESIAN_POINT ( 'NONE',  ( 6.225083994885842742, -7.300069511235978581, 0.000000000000000000 ) ) ;
#2089 = ORGANIZATION ( 'NAUO-ORG26', 'UNSPECIFIED', 'UNSPECIFIED' ) ;
#2090 = LINE ( 'NONE', #6298, #4661 ) ;
#2091 = EDGE_LOOP ( 'NONE', ( #5389, #4209 ) ) ;
#2092 = CARTESIAN_POINT ( 'NONE',  ( 0.000000000000000000, 0.000000000000000000, 0.000000000000000000 ) ) ;
#2093 = VERTEX_POINT ( 'NONE', #7117 ) ;
#2094 = CARTESIAN_POINT ( 'NONE',  ( 31.85853893179215746, -0.000000000000000000, 14.48452350954317858 ) ) ;
#2095 = DIRECTION ( 'NONE',  ( 1.000000000000000000, 0.000000000000000000, 0.000000000000000000 ) ) ;
#2096 = AXIS2_PLACEMENT_3D ( 'NONE', #12063, #5014, #3030 ) ;
#2097 = DATE_AND_TIME ( #9296, #8914 ) ;
#2098 = ORIENTED_EDGE ( 'NONE', *, *, #6783, .T. ) ;
#2099 = ORIENTED_EDGE ( 'NONE', *, *, #11814, .T. ) ;
#2100 = APPROVAL_STATUS ( 'not_yet_approved' ) ;
#2101 = DIRECTION ( 'NONE',  ( -0.000000000000000000, -0.000000000000000000, 1.000000000000000000 ) ) ;
#2102 = ORIENTED_EDGE ( 'NONE', *, *, #11437, .T. ) ;
#2103 = AXIS2_PLACEMENT_3D ( 'NONE', #2995, #8047, #11031 ) ;
#2104 = CARTESIAN_POINT ( 'NONE',  ( -12.90000000000000036, 0.000000000000000000, 18.00000000000000355 ) ) ;
#2105 =( REPRESENTATION_RELATIONSHIP ('NONE','NONE', #874, #9568 ) REPRESENTATION_RELATIONSHIP_WITH_TRANSFORMATION ( #9095 )SHAPE_REPRESENTATION_RELATIONSHIP( ) );
#2106 = AXIS2_PLACEMENT_3D ( 'NONE', #1395, #4454, #5429 ) ;
#2107 = EDGE_CURVE ( 'NONE', #6693, #1620, #4112, .T. ) ;
#2108 = CARTESIAN_POINT ( 'NONE',  ( 0.000000000000000000, 10.50000000000000000, 0.000000000000000000 ) ) ;
#2109 = VECTOR ( 'NONE', #499, 1000.000000000000000 ) ;
#2110 = DIRECTION ( 'NONE',  ( -0.000000000000000000, -0.000000000000000000, 1.000000000000000000 ) ) ;
#2111 = LINE ( 'NONE', #168, #4663 ) ;
#2112 = CARTESIAN_POINT ( 'NONE',  ( -15.59999999999999964, 62.50000000000000000, -1.200000000000000030E-05 ) ) ;
#2113 = CARTESIAN_POINT ( 'NONE',  ( 10.10522701328291006, 9.690252514121260319, 8.443211237761941490 ) ) ;
#2114 = ORIENTED_EDGE ( 'NONE', *, *, #105, .T. ) ;
#2115 = CARTESIAN_POINT ( 'NONE',  ( -21.00000000000000000, 8.000000000000000000, 6.000000000000000000 ) ) ;
#2116 = ORIENTED_EDGE ( 'NONE', *, *, #3977, .F. ) ;
#2117 = VECTOR ( 'NONE', #10628, 1000.000000000000000 ) ;
#2118 = CALENDAR_DATE ( 2026, 21, 9 ) ;
#2119 = DIRECTION ( 'NONE',  ( 0.000000000000000000, 0.000000000000000000, -1.000000000000000000 ) ) ;
#2120 = CIRCLE ( 'NONE', #1901, 1.700000000000000178 ) ;
#2121 = EDGE_LOOP ( 'NONE', ( #942, #8785, #654, #4574 ) ) ;
#2122 = PLANE ( 'NONE',  #9865 ) ;
#2123 = ORIENTED_EDGE ( 'NONE', *, *, #12881, .F. ) ;
#2124 = LINE ( 'NONE', #9113, #8378 ) ;
#2125 = CARTESIAN_POINT ( 'NONE',  ( 0.000000000000000000, 0.000000000000000000, 0.000000000000000000 ) ) ;
#2126 = CIRCLE ( 'NONE', #10125, 1.700000000000000178 ) ;
#2127 = EDGE_CURVE ( 'NONE', #11252, #4228, #3193, .T. ) ;
#2128 = DIRECTION ( 'NONE',  ( 0.000000000000000000, -0.000000000000000000, -1.000000000000000000 ) ) ;
#2129 = PRODUCT_DEFINITION_SHAPE ( 'NONE', 'NONE',  #13077 ) ;
#2130 = CARTESIAN_POINT ( 'NONE',  ( -6.000000000000000000, -1.300000000000000044, 0.000000000000000000 ) ) ;
#2131 = CARTESIAN_POINT ( 'NONE',  ( 35.00000000000000000, 14.00000000000000000, 4.000000000000000000 ) ) ;
#2132 = VECTOR ( 'NONE', #1237, 1000.000000000000000 ) ;
#2133 = APPROVAL ( #5800, 'ๆช' ) ;
#2134 = CARTESIAN_POINT ( 'NONE',  ( 5.799999999999999822, 70.00000000000000000, 8.000000000000000000 ) ) ;
#2135 = ORIENTED_EDGE ( 'NONE', *, *, #9057, .T. ) ;
#2136 = VERTEX_POINT ( 'NONE', #4182 ) ;
#2137 = MECHANICAL_CONTEXT ( 'NONE', #7408, 'mechanical' ) ;
#2138 = ORIENTED_EDGE ( 'NONE', *, *, #4178, .F. ) ;
#2139 = DIRECTION ( 'NONE',  ( -0.9196152422991569209, -0.3928203229608459579, 0.000000000000000000 ) ) ;
#2140 = CARTESIAN_POINT ( 'NONE',  ( 15.70000000000000284, 69.77438419509041978, -0.000000000000000000 ) ) ;
#2141 = B_SPLINE_CURVE_WITH_KNOTS ( 'NONE', 3,
 ( #478, #7543, #2862, #7910, #4417, #916, #1928, #6913, #10891, #7796, #5038, #6846, #10032, #11026, #11958, #1987, #9846, #12084 ),
 .UNSPECIFIED., .F., .F.,
 ( 4, 2, 2, 2, 2, 2, 2, 2, 4 ),
 ( 0.5000000000000000000, 0.5625000000000000000, 0.6250000000000000000, 0.6875000000000000000, 0.7500000000000000000, 0.8125000000000000000, 0.8750000000000000000, 0.9375000000000000000, 1.000000000000000000 ),
 .UNSPECIFIED. ) ;
#2142 = CARTESIAN_POINT ( 'NONE',  ( 40.00000000000000000, 0.000000000000000000, 0.000000000000000000 ) ) ;
#2143 = LINE ( 'NONE', #1119, #3615 ) ;
#2144 = PLANE ( 'NONE',  #8336 ) ;
#2145 = EDGE_CURVE ( 'NONE', #3759, #6814, #10269, .T. ) ;
#2146 = EDGE_CURVE ( 'NONE', #8477, #4713, #8203, .T. ) ;
#2147 = DIRECTION ( 'NONE',  ( 1.000000000000000000, -0.000000000000000000, 0.000000000000000000 ) ) ;
#2148 = DIRECTION ( 'NONE',  ( 0.000000000000000000, 0.000000000000000000, -1.000000000000000000 ) ) ;
#2149 = PERSON_AND_ORGANIZATION ( #2675, #9931 ) ;
#2150 = CIRCLE ( 'NONE', #8, 5.799999999999999822 ) ;
#2151 = EDGE_CURVE ( 'NONE', #6136, #1871, #6265, .T. ) ;
#2152 = APPROVAL_PERSON_ORGANIZATION ( #4353, #6721, #2915 ) ;
#2153 = CARTESIAN_POINT ( 'NONE',  ( 10.00000000000000000, 27.50000000000000000, 58.00000000000000000 ) ) ;
#2154 = CARTESIAN_POINT ( 'NONE',  ( -12.30000000000000071, 2.081899558550500526E-16, 2.000000000000000000 ) ) ;
#2156 = ORIENTED_EDGE ( 'NONE', *, *, #2715, .F. ) ;
#2155 = DATE_AND_TIME ( #5455, #12507 ) ;
#2157 = ORIENTED_EDGE ( 'NONE', *, *, #5753, .T. ) ;
#2158 = LINE ( 'NONE', #10330, #2267 ) ;
#2159 = DATE_AND_TIME ( #10199, #12300 ) ;
#2160 = VERTEX_POINT ( 'NONE', #7253 ) ;
#2161 = LINE ( 'NONE', #6950, #12151 ) ;
#2162 = ORIENTED_EDGE ( 'NONE', *, *, #918, .F. ) ;
#2163 = LINE ( 'NONE', #2224, #2672 ) ;
#2164 = LOCAL_TIME ( 12, 23, 50.00000000000000000, #3370 ) ;
#2165 = CARTESIAN_POINT ( 'NONE',  ( 11.51689599024726007, 7.960616816174120203, 8.650113106382692152 ) ) ;
#2166 = ADVANCED_FACE ( 'NONE', ( #11299, #262, #8317 ), #12362, .T. ) ;
#2167 = DIRECTION ( 'NONE',  ( -1.000000000000000000, -0.000000000000000000, -0.000000000000000000 ) ) ;
#2168 = EDGE_CURVE ( 'NONE', #1999, #12646, #6347, .T. ) ;
#2169 = ORIENTED_EDGE ( 'NONE', *, *, #9586, .T. ) ;
#2170 = ORIENTED_EDGE ( 'NONE', *, *, #10160, .F. ) ;
#2171 = CC_DESIGN_APPROVAL ( #6559, ( #7438 ) ) ;
#2172 = CARTESIAN_POINT ( 'NONE',  ( -0.5999999999999999778, 2.529822128134703085, -1.200000000000000030E-05 ) ) ;
#2173 = APPLICATION_PROTOCOL_DEFINITION ( 'international standard', 'config_control_design', 1994, #4737 ) ;
#2174 = ORIENTED_EDGE ( 'NONE', *, *, #263, .T. ) ;
#2175 = ORIENTED_EDGE ( 'NONE', *, *, #9964, .T. ) ;
#2176 = ADVANCED_BREP_SHAPE_REPRESENTATION ( '', ( #3028, #6542 ), #213 ) ;
#2177 = PERSON_AND_ORGANIZATION_ROLE ( 'classification_officer' ) ;
#2178 = FACE_OUTER_BOUND ( 'NONE', #6677, .T. ) ;
#2179 = ORIENTED_EDGE ( 'NONE', *, *, #98, .F. ) ;
#2180 = CARTESIAN_POINT ( 'NONE',  ( -9.000000000000000000, -1.200000000000000030E-05, 2.299999999999999822 ) ) ;
#2181 = SECURITY_CLASSIFICATION ( '', '', #2787 ) ;
#2182 = CARTESIAN_POINT ( 'NONE',  ( 35.00000000000000000, 14.00000000000000000, 4.000000000000000000 ) ) ;
#2183 = DIRECTION ( 'NONE',  ( -1.000000000000000000, 0.000000000000000000, 0.000000000000000000 ) ) ;
#2184 = LINE ( 'NONE', #7310, #1483 ) ;
#2185 = CARTESIAN_POINT ( 'NONE',  ( -19.00000000000000000, 9.000000000000000000, 10.00000000000000000 ) ) ;
#2186 = CARTESIAN_POINT ( 'NONE',  ( -7.515476490456402203, -0.000000000000000000, 12.14146106820936666 ) ) ;
#2187 = VERTEX_POINT ( 'NONE', #11758 ) ;
#2188 = CARTESIAN_POINT ( 'NONE',  ( 29.95702773923838080, 55.63871090099441830, -0.000000000000000000 ) ) ;
#2189 = ORIENTED_EDGE ( 'NONE', *, *, #11332, .T. ) ;
#2190 = EDGE_CURVE ( 'NONE', #12851, #7887, #8909, .T. ) ;
#2191 = CALENDAR_DATE ( 2026, 21, 9 ) ;
#2192 = LINE ( 'NONE', #9318, #3300 ) ;
#2193 = APPLICATION_CONTEXT ( 'configuration controlled 3d designs of mechanical parts and assemblies' ) ;
#2194 = CARTESIAN_POINT ( 'NONE',  ( 30.77491600510868608, 67.70006951123356487, -0.000000000000000000 ) ) ;
#2195 = ORIENTED_EDGE ( 'NONE', *, *, #11437, .F. ) ;
#2196 = DIRECTION ( 'NONE',  ( -0.000000000000000000, -0.000000000000000000, -1.000000000000000000 ) ) ;
#2197 = CARTESIAN_POINT ( 'NONE',  ( 43.00000000000000000, 0.000000000000000000, 0.000000000000000000 ) ) ;
#2198 = CARTESIAN_POINT ( 'NONE',  ( -9.000000000000000000, 59.50000000000000000, 2.299999999999999822 ) ) ;
#2199 = CARTESIAN_POINT ( 'NONE',  ( 0.5999999999999998668, 9.000000000000000000, 6.800000000000000711 ) ) ;
#2200 = DIRECTION ( 'NONE',  ( -0.000000000000000000, -0.000000000000000000, -1.000000000000000000 ) ) ;
#2201 = VERTEX_POINT ( 'NONE', #6903 ) ;
#2202 = EDGE_CURVE ( 'NONE', #9796, #8174, #10718, .T. ) ;
#2203 = ORIENTED_EDGE ( 'NONE', *, *, #9571, .F. ) ;
#2204 =( LENGTH_UNIT ( ) NAMED_UNIT ( * ) SI_UNIT ( .MILLI., .METRE. ) );
#2205 = AXIS2_PLACEMENT_3D ( 'NONE', #4401, #8121, #1121 ) ;
#2206 = CARTESIAN_POINT ( 'NONE',  ( -19.00000000000000000, 9.000000000000000000, 8.300000000000000711 ) ) ;
#2207 = CARTESIAN_POINT ( 'NONE',  ( -7.957126042970158686, 55.63880920472777802, 0.000000000000000000 ) ) ;
#2208 = DIRECTION ( 'NONE',  ( 1.000000000000000000, -0.000000000000000000, -0.000000000000000000 ) ) ;
#2209 = CC_DESIGN_DATE_AND_TIME_ASSIGNMENT ( #8723, #3605, ( #370 ) ) ;
#2210 = LINE ( 'NONE', #11104, #12094 ) ;
#2211 = LINE ( 'NONE', #2282, #9613 ) ;
#2212 = APPLICATION_PROTOCOL_DEFINITION ( 'international standard', 'config_control_design', 1994, #12975 ) ;
#2213 = LINE ( 'NONE', #9347, #6665 ) ;
#2214 = LINE ( 'NONE', #9276, #6535 ) ;
#2215 = VERTEX_POINT ( 'NONE', #1920 ) ;
#2216 = EDGE_LOOP ( 'NONE', ( #5829, #4276 ) ) ;
#2217 = EDGE_CURVE ( 'NONE', #8696, #7224, #7721, .T. ) ;
#2218 = CARTESIAN_POINT ( 'NONE',  ( -10.37336209607597404, 9.405379716584157279, 6.836676472900883539 ) ) ;
#2219 = PERSON_AND_ORGANIZATION ( #2675, #9931 ) ;
#2220 = EDGE_CURVE ( 'NONE', #5828, #8768, #5809, .T. ) ;
#2221 = ORIENTED_EDGE ( 'NONE', *, *, #7146, .F. ) ;
#2222 = EDGE_LOOP ( 'NONE', ( #4694, #7258, #4190, #9026 ) ) ;
#2223 = APPROVAL ( #9810, 'ๆช' ) ;
#2224 = CARTESIAN_POINT ( 'NONE',  ( 0.000000000000000000, 0.000000000000000000, 0.000000000000000000 ) ) ;
#2225 = CC_DESIGN_PERSON_AND_ORGANIZATION_ASSIGNMENT ( #1690, #8739, ( #8890 ) ) ;
#2226 = CARTESIAN_POINT ( 'NONE',  ( 11.77425630845663029, 7.574553072307678825, 9.066445093151372703 ) ) ;
#2227 = DIRECTION ( 'NONE',  ( -0.000000000000000000, -0.000000000000000000, -1.000000000000000000 ) ) ;
#2228 = VECTOR ( 'NONE', #4779, 1000.000000000000000 ) ;
#2229 = CARTESIAN_POINT ( 'NONE',  ( 150.0000000000000000, 0.000000000000000000, 90.00000000000000000 ) ) ;
#2230 = CARTESIAN_POINT ( 'NONE',  ( -12.00000000000000000, 7.000000000000000000, 5.000000000000000000 ) ) ;
#2231 = VERTEX_POINT ( 'NONE', #9837 ) ;
#2232 = EDGE_CURVE ( 'NONE', #2663, #112, #8093, .T. ) ;
#2233 = CARTESIAN_POINT ( 'NONE',  ( 19.14134607987366721, 0.000000000000000000, 13.48432534211531397 ) ) ;
#2234 = PERSON_AND_ORGANIZATION_ROLE ( 'creator' ) ;
#2235 = EDGE_CURVE ( 'NONE', #7322, #12045, #2184, .T. ) ;
#2236 = ORIENTED_EDGE ( 'NONE', *, *, #6431, .T. ) ;
#2237 = PERSON_AND_ORGANIZATION_ROLE ( 'classification_officer' ) ;
#2238 = FACE_OUTER_BOUND ( 'NONE', #8430, .T. ) ;
#2239 = ORIENTED_EDGE ( 'NONE', *, *, #810, .F. ) ;
#2240 = VECTOR ( 'NONE', #5965, 1000.000000000000000 ) ;
#2241 = PRODUCT_DEFINITION_SHAPE ( 'NONE', 'NONE',  #13087 ) ;
#2242 = DIRECTION ( 'NONE',  ( -0.000000000000000000, 1.000000000000000000, 0.000000000000000000 ) ) ;
#2243 = EDGE_CURVE ( 'NONE', #989, #3837, #4453, .T. ) ;
#2244 = SECURITY_CLASSIFICATION_LEVEL ( 'unclassified' ) ;
#2245 = CARTESIAN_POINT ( 'NONE',  ( -9.500000000000000000, 0.000000000000000000, 38.00000000000000000 ) ) ;
#2246 = DIRECTION ( 'NONE',  ( -0.000000000000000000, 1.000000000000000000, 0.000000000000000000 ) ) ;
#2247 = CARTESIAN_POINT ( 'NONE',  ( -9.000000000000000000, 59.50000000000000000, 4.000000000000000000 ) ) ;
#2248 = AXIS2_PLACEMENT_3D ( 'NONE', #3338, #6422, #2352 ) ;
#2249 = CARTESIAN_POINT ( 'NONE',  ( 31.44263793984587707, 58.65679534101006709, -0.000000000000000000 ) ) ;
#2250 = FACE_OUTER_BOUND ( 'NONE', #2725, .T. ) ;
#2251 = EDGE_LOOP ( 'NONE', ( #5489, #8072, #7625, #13037 ) ) ;
#2252 = CARTESIAN_POINT ( 'NONE',  ( -20.44263793984752198, -15.65679534101080428, -0.000000000000000000 ) ) ;
#2253 = VERTEX_POINT ( 'NONE', #12734 ) ;
#2254 = DATE_AND_TIME ( #2191, #603 ) ;
#2255 = DIRECTION ( 'NONE',  ( -1.000000000000000000, 0.000000000000000000, 0.000000000000000000 ) ) ;
#2256 = CARTESIAN_POINT ( 'NONE',  ( 30.14146106820962956, 67.48452350954389090, -0.000000000000000000 ) ) ;
#2257 = VERTEX_POINT ( 'NONE', #9805 ) ;
#2258 = DIRECTION ( 'NONE',  ( 1.000000000000000000, -0.000000000000000000, -0.000000000000000000 ) ) ;
#2259 = AXIS2_PLACEMENT_3D ( 'NONE', #1892, #5735, #2839 ) ;
#2260 = VECTOR ( 'NONE', #6836, 1000.000000000000000 ) ;
#2261 = CARTESIAN_POINT ( 'NONE',  ( 21.69999999999999929, -14.00000000000000000, -1.200000000000000030E-05 ) ) ;
#2262 = AXIS2_PLACEMENT_3D ( 'NONE', #7859, #10780, #11956 ) ;
#2263 = DIRECTION ( 'NONE',  ( 0.000000000000000000, 0.000000000000000000, 1.000000000000000000 ) ) ;
#2264 = CARTESIAN_POINT ( 'NONE',  ( 15.19999999999999929, -2.000000000000000000, -8.271806125530276749E-22 ) ) ;
#2265 = CARTESIAN_POINT ( 'NONE',  ( -20.00000000000000000, -14.00000000000000000, -1.200000000000000030E-05 ) ) ;
#2266 = AXIS2_PLACEMENT_3D ( 'NONE', #1157, #10488, #12615 ) ;
#2267 = VECTOR ( 'NONE', #11113, 1000.000000000000000 ) ;
#2268 = EDGE_LOOP ( 'NONE', ( #12510, #336, #4501, #9263 ) ) ;
#2269 = PERSON_AND_ORGANIZATION_ROLE ( 'classification_officer' ) ;
#2270 = EDGE_LOOP ( 'NONE', ( #7123, #7971, #4846, #2695 ) ) ;
#2271 = PERSON_AND_ORGANIZATION ( #2675, #9931 ) ;
#2272 = ORIENTED_EDGE ( 'NONE', *, *, #11796, .T. ) ;
#2273 = ORIENTED_EDGE ( 'NONE', *, *, #4812, .F. ) ;
#2274 = CARTESIAN_POINT ( 'NONE',  ( 35.00000000000000000, 110.0000000000000000, -16.00000000000000000 ) ) ;
#2275 = CARTESIAN_POINT ( 'NONE',  ( -21.00000000000000000, 12.00000000000000000, 0.000000000000000000 ) ) ;
#2276 = CARTESIAN_POINT ( 'NONE',  ( 31.19999999999999929, 59.50000000000000000, -1.200000000000000030E-05 ) ) ;
#2277 =( NAMED_UNIT ( * ) SI_UNIT ( $, .STERADIAN. ) SOLID_ANGLE_UNIT ( ) );
#2278 = CIRCLE ( 'NONE', #6034, 1.700000000000000178 ) ;
#2279 = DIRECTION ( 'NONE',  ( 0.000000000000000000, 0.000000000000000000, -1.000000000000000000 ) ) ;
#2280 = CIRCLE ( 'NONE', #8155, 14.00000000000000000 ) ;
#2281 = EDGE_CURVE ( 'NONE', #5360, #4543, #4811, .T. ) ;
#2282 = CARTESIAN_POINT ( 'NONE',  ( -11.50000000000000000, -6.000000000000000000, 22.00000000000000000 ) ) ;
#2283 = LOCAL_TIME ( 12, 23, 50.00000000000000000, #5123 ) ;
#2284 = CARTESIAN_POINT ( 'NONE',  ( -21.00000000000000000, 0.000000000000000000, 17.00000000000000000 ) ) ;
#2285 = DIRECTION ( 'NONE',  ( -1.000000000000000000, 0.000000000000000000, -0.000000000000000000 ) ) ;
#2286 = ORIENTED_EDGE ( 'NONE', *, *, #9505, .T. ) ;
#2287 = ORIENTED_EDGE ( 'NONE', *, *, #4510, .F. ) ;
#2288 = CARTESIAN_POINT ( 'NONE',  ( -9.119313208099622869, 10.62263300843386737, 7.976430371807635034 ) ) ;
#2289 = DIRECTION ( 'NONE',  ( -1.000000000000000000, 0.000000000000000000, 0.000000000000000000 ) ) ;
#2290 = ORIENTED_EDGE ( 'NONE', *, *, #2576, .T. ) ;
#2291 = ORIENTED_EDGE ( 'NONE', *, *, #7121, .F. ) ;
#2292 = VECTOR ( 'NONE', #466, 1000.000000000000000 ) ;
#2293 = LOCAL_TIME ( 12, 23, 50.00000000000000000, #6399 ) ;
#2294 = CARTESIAN_POINT ( 'NONE',  ( 2.500000000000000000, 3.061616997868383141E-16, 0.000000000000000000 ) ) ;
#2295 = CLOSED_SHELL ( 'NONE', ( #3854, #9590, #8961, #828, #11549, #13028 ) ) ;
#2296 = CARTESIAN_POINT ( 'NONE',  ( 11.90340548161031364, 7.369530314402258142, 9.503034309753191522 ) ) ;
#2297 = ADVANCED_FACE ( 'NONE', ( #10669 ), #3750, .F. ) ;
#2298 = LINE ( 'NONE', #4555, #7734 ) ;
#2299 = DIRECTION ( 'NONE',  ( 1.000000000000000000, 0.000000000000000000, 0.000000000000000000 ) ) ;
#2300 = CARTESIAN_POINT ( 'NONE',  ( -8.141514269805311343, 58.48439506952831124, 0.000000000000000000 ) ) ;
#2301 = ORIENTED_EDGE ( 'NONE', *, *, #3918, .T. ) ;
#2302 = APPROVAL ( #1654, 'UNKNOWN' ) ;
#2303 = ORIENTED_EDGE ( 'NONE', *, *, #2535, .F. ) ;
#2304 = CC_DESIGN_APPROVAL ( #11666, ( #3985 ) ) ;
#2305 = CC_DESIGN_DATE_AND_TIME_ASSIGNMENT ( #5738, #11928, ( #12050 ) ) ;
#2306 = CARTESIAN_POINT ( 'NONE',  ( 19.55741526174896094, -0.000000000000000000, 10.34333309900522124 ) ) ;
#2307 = COORDINATED_UNIVERSAL_TIME_OFFSET ( 5, 0, .BEHIND. ) ;
#2308 = COORDINATED_UNIVERSAL_TIME_OFFSET ( 5, 0, .BEHIND. ) ;
#2309 = ORIENTED_EDGE ( 'NONE', *, *, #5695, .F. ) ;
#2310 = DATE_AND_TIME ( #5407, #2534 ) ;
#2311 = CARTESIAN_POINT ( 'NONE',  ( -22.00000000000000000, 0.000000000000000000, 0.000000000000000000 ) ) ;
#2312 = EDGE_LOOP ( 'NONE', ( #3026, #8372 ) ) ;
#2313 = DIRECTION ( 'NONE',  ( -0.000000000000000000, -0.000000000000000000, -1.000000000000000000 ) ) ;
#2314 = PERSON_AND_ORGANIZATION ( #2675, #9931 ) ;
#2315 = DIRECTION ( 'NONE',  ( -1.000000000000000000, 0.000000000000000000, -0.000000000000000000 ) ) ;
#2316 = APPROVAL_PERSON_ORGANIZATION ( #840, #4244, #2906 ) ;
#2317 = EDGE_CURVE ( 'NONE', #6112, #4581, #5074, .T. ) ;
#2318 = DIRECTION ( 'NONE',  ( 0.000000000000000000, 1.000000000000000000, 0.000000000000000000 ) ) ;
#2320 = EDGE_CURVE ( 'NONE', #9526, #7036, #11856, .T. ) ;
#2319 = DIRECTION ( 'NONE',  ( -0.000000000000000000, -0.000000000000000000, 1.000000000000000000 ) ) ;
#2321 = CARTESIAN_POINT ( 'NONE',  ( 31.00000000000000000, 62.49999999999997868, 4.000000000000000000 ) ) ;
#2322 = VECTOR ( 'NONE', #8769, 1000.000000000000000 ) ;
#2323 = DIRECTION ( 'NONE',  ( 1.000000000000000000, 0.000000000000000000, 0.000000000000000000 ) ) ;
#2324 = EDGE_CURVE ( 'NONE', #9184, #12593, #12869, .T. ) ;
#2325 = LINE ( 'NONE', #9239, #5282 ) ;
#2326 = EDGE_LOOP ( 'NONE', ( #8322, #753, #11321, #4725 ) ) ;
#2327 = LINE ( 'NONE', #4513, #10746 ) ;
#2328 = COORDINATED_UNIVERSAL_TIME_OFFSET ( 5, 0, .BEHIND. ) ;
#2329 = CARTESIAN_POINT ( 'NONE',  ( 2.130521333856785660, 1.498155055651988254, 0.000000000000000000 ) ) ;
#2330 = CARTESIAN_POINT ( 'NONE',  ( 32.36119079527698972, 67.04287395702655772, 0.000000000000000000 ) ) ;
#2331 = ORIENTED_EDGE ( 'NONE', *, *, #2959, .F. ) ;
#2332 = AXIS2_PLACEMENT_3D ( 'NONE', #565, #2835, #8630 ) ;
#2333 = FACE_OUTER_BOUND ( 'NONE', #8243, .T. ) ;
#2334 = CARTESIAN_POINT ( 'NONE',  ( -5.799999999999999822, 0.000000000000000000, 2.000000000000000000 ) ) ;
#2335 = CARTESIAN_POINT ( 'NONE',  ( 0.000000000000000000, 0.000000000000000000, 16.00000000000000000 ) ) ;
#2336 = VECTOR ( 'NONE', #9982, 1000.000000000000000 ) ;
#2337 = PERSON ( 'NAUO-PER20', 'UNSPECIFIED', 'UNSPECIFIED', ('UNSPECIFIED'), ('UNSPECIFIED'), ('UNSPECIFIED') ) ;
#2338 = CARTESIAN_POINT ( 'NONE',  ( -10.50000000000000000, 59.50000000000000000, -1.200000000000000030E-05 ) ) ;
#2339 = CARTESIAN_POINT ( 'NONE',  ( -6.442637939847513096, -10.65679534101080783, -0.000000000000000000 ) ) ;
#2340 = FACE_OUTER_BOUND ( 'NONE', #7241, .T. ) ;
#2341 = DATE_TIME_ROLE ( 'classification_date' ) ;
#2342 = VECTOR ( 'NONE', #2473, 1000.000000000000000 ) ;
#2343 = AXIS2_PLACEMENT_3D ( 'NONE', #2560, #6799, #5643 ) ;
#2344 = EDGE_LOOP ( 'NONE', ( #8478, #4702, #3670, #8738 ) ) ;
#2345 = APPROVAL_DATE_TIME ( #11372, #10763 ) ;
#2346 = ORIENTED_EDGE ( 'NONE', *, *, #11996, .F. ) ;
#2347 = ORIENTED_EDGE ( 'NONE', *, *, #2317, .F. ) ;
#2348 = EDGE_LOOP ( 'NONE', ( #157, #8216, #2549, #10219 ) ) ;
#2349 = DIRECTION ( 'NONE',  ( -1.000000000000000000, 0.000000000000000000, 0.000000000000000000 ) ) ;
#2350 = CARTESIAN_POINT ( 'NONE',  ( 19.00000000000000000, 2.326828918379970970E-15, 0.000000000000000000 ) ) ;
#2351 = PLANE ( 'NONE',  #632 ) ;
#2352 = DIRECTION ( 'NONE',  ( 1.000000000000000000, 0.000000000000000000, 0.000000000000000000 ) ) ;
#2353 = VECTOR ( 'NONE', #2393, 1000.000000000000000 ) ;
#2354 = AXIS2_PLACEMENT_3D ( 'NONE', #11487, #2458, #5415 ) ;
#2355 = DIRECTION ( 'NONE',  ( -1.000000000000000000, -0.000000000000000000, -0.000000000000000000 ) ) ;
#2356 = PLANE ( 'NONE',  #6054 ) ;
#2357 = PERSON_AND_ORGANIZATION_ROLE ( 'design_supplier' ) ;
#2358 = DIRECTION ( 'NONE',  ( 1.000000000000000000, 0.000000000000000000, -0.000000000000000000 ) ) ;
#2359 = CARTESIAN_POINT ( 'NONE',  ( -7.700000000000000178, -9.000000000000000000, -1.200000000000000030E-05 ) ) ;
#2360 = EDGE_LOOP ( 'NONE', ( #11734, #9336, #9967, #9133 ) ) ;
#2361 = PRODUCT_DEFINITION_SHAPE ( 'NONE', 'NONE',  #13064 ) ;
#2362 = ORIENTED_EDGE ( 'NONE', *, *, #1993, .T. ) ;
#2363 = CARTESIAN_POINT ( 'NONE',  ( -9.841304759421173998, 9.959976315290019144, 7.081349739459778192 ) ) ;
#2364 = DIRECTION ( 'NONE',  ( -0.000000000000000000, -0.000000000000000000, -1.000000000000000000 ) ) ;
#2365 = ORIENTED_EDGE ( 'NONE', *, *, #12658, .T. ) ;
#2366 = ADVANCED_FACE ( 'NONE', ( #696 ), #10192, .F. ) ;
#2367 = ORIENTED_EDGE ( 'NONE', *, *, #2043, .F. ) ;
#2368 = PLANE ( 'NONE',  #10015 ) ;
#2369 = B_SPLINE_CURVE_WITH_KNOTS ( 'NONE', 3,
 ( #12770, #11715, #4607, #10841, #5708, #10652, #11585, #3735, #7804, #2626, #4857, #1608, #9740, #2559, #800, #8867, #2817, #2687 ),
 .UNSPECIFIED., .F., .F.,
 ( 4, 2, 2, 2, 2, 2, 2, 2, 4 ),
 ( 0.000000000000000000, 0.06250000000000000000, 0.1250000000000000000, 0.1875000000000000000, 0.2500000000000000000, 0.3125000000000000000, 0.3750000000000000000, 0.4375000000000000000, 0.5000000000000000000 ),
 .UNSPECIFIED. ) ;
#2370 = CARTESIAN_POINT ( 'NONE',  ( 0.000000000000000000, 70.00000000000000000, -1.200000000000000030E-05 ) ) ;
#2371 = AXIS2_PLACEMENT_3D ( 'NONE', #4265, #7341, #124 ) ;
#2372 = CARTESIAN_POINT ( 'NONE',  ( 0.000000000000000000, 0.000000000000000000, 0.000000000000000000 ) ) ;
#2373 = DIRECTION ( 'NONE',  ( -0.000000000000000000, 1.000000000000000000, 0.000000000000000000 ) ) ;
#2374 = CARTESIAN_POINT ( 'NONE',  ( 255.8000000000000398, 0.000000000000000000, 149.0000000000000000 ) ) ;
#2375 =( REPRESENTATION_RELATIONSHIP ('NONE','NONE', #874, #8195 ) REPRESENTATION_RELATIONSHIP_WITH_TRANSFORMATION ( #9317 )SHAPE_REPRESENTATION_RELATIONSHIP( ) );
#2376 = ORIENTED_EDGE ( 'NONE', *, *, #11173, .F. ) ;
#2377 = ORIENTED_EDGE ( 'NONE', *, *, #11974, .T. ) ;
#2378 = PERSON_AND_ORGANIZATION ( #2675, #9931 ) ;
#2379 = ORIENTED_EDGE ( 'NONE', *, *, #4951, .T. ) ;
#2380 = LOCAL_TIME ( 12, 23, 50.00000000000000000, #6877 ) ;
#2381 = ITEM_DEFINED_TRANSFORMATION ( 'NONE', 'NONE', #2992,  #6542 ) ;
#2382 = EDGE_CURVE ( 'NONE', #1956, #6488, #7932, .T. ) ;
#2383 = FACE_OUTER_BOUND ( 'NONE', #929, .T. ) ;
#2384 = ORIENTED_EDGE ( 'NONE', *, *, #6046, .F. ) ;
#2385 = CARTESIAN_POINT ( 'NONE',  ( -5.500000000000000000, 0.000000000000000000, 26.00000000000000000 ) ) ;
#2386 = COORDINATED_UNIVERSAL_TIME_OFFSET ( 5, 0, .BEHIND. ) ;
#2387 = LINE ( 'NONE', #11278, #12039 ) ;
#2388 = APPROVAL ( #8771, 'ๆช' ) ;
#2389 = CARTESIAN_POINT ( 'NONE',  ( 10.50000000000000000, 0.000000000000000000, 0.000000000000000000 ) ) ;
#2390 = CARTESIAN_POINT ( 'NONE',  ( -15.59999999999999964, 67.50000000000000000, 6.000000000000000000 ) ) ;
#2391 = LINE ( 'NONE', #6392, #6005 ) ;
#2392 = APPROVAL_PERSON_ORGANIZATION ( #12796, #3846, #10809 ) ;
#2393 = DIRECTION ( 'NONE',  ( 1.000000000000000000, -0.000000000000000000, -0.000000000000000000 ) ) ;
#2394 = B_SPLINE_CURVE_WITH_KNOTS ( 'NONE', 3,
 ( #3627, #7872, #621, #3687, #2694, #8055, #3991, #7056, #11039, #2000, #1057, #10051, #1872, #9923, #9122, #12159, #2140, #10183 ),
 .UNSPECIFIED., .F., .F.,
 ( 4, 2, 2, 2, 2, 2, 2, 2, 4 ),
 ( 0.5000000000000000000, 0.5625000000000000000, 0.6250000000000000000, 0.6875000000000000000, 0.7500000000000000000, 0.8125000000000000000, 0.8750000000000000000, 0.9375000000000000000, 1.000000000000000000 ),
 .UNSPECIFIED. ) ;
#2395 = DIRECTION ( 'NONE',  ( -1.000000000000000000, 0.000000000000000000, -0.000000000000000000 ) ) ;
#2396 = VERTEX_POINT ( 'NONE', #9197 ) ;
#2397 = CARTESIAN_POINT ( 'NONE',  ( -19.14146106820962956, -15.48452350954349122, -0.000000000000000000 ) ) ;
#2398 = EDGE_LOOP ( 'NONE', ( #2203, #2950, #11512, #8965 ) ) ;
#2399 = SECURITY_CLASSIFICATION_LEVEL ( 'unclassified' ) ;
#2400 = EDGE_CURVE ( 'NONE', #3329, #1069, #4996, .T. ) ;
#2401 = CYLINDRICAL_SURFACE ( 'NONE', #6448, 5.799999999999999822 ) ;
#2402 = EDGE_CURVE ( 'NONE', #6815, #11781, #7136, .T. ) ;
#2403 = CARTESIAN_POINT ( 'NONE',  ( 11.93795499826097561, 7.313427394620799937, 8.746623751672332858 ) ) ;
#2404 = LOCAL_TIME ( 12, 23, 50.00000000000000000, #3478 ) ;
#2405 = ORIENTED_EDGE ( 'NONE', *, *, #12653, .F. ) ;
#2406 = CALENDAR_DATE ( 2026, 21, 9 ) ;
#2407 = APPROVAL ( #11783, 'ๆช' ) ;
#2408 = CARTESIAN_POINT ( 'NONE',  ( 11.00000000000000000, 5.000000000000000000, -1.200000000000000030E-05 ) ) ;
#2409 = CARTESIAN_POINT ( 'NONE',  ( -11.90332728759990921, 7.369655839099086947, 10.49710780759694018 ) ) ;
#2410 = ADVANCED_FACE ( 'NONE', ( #9000 ), #6077, .F. ) ;
#2411 = LINE ( 'NONE', #7532, #7791 ) ;
#2412 = PLANE ( 'NONE',  #4872 ) ;
#2413 = APPROVAL_PERSON_ORGANIZATION ( #6945, #1660, #6696 ) ;
#2414 = SHAPE_REPRESENTATION ( 'V3_REF_wheel_D60', ( #6542 ), #7404 ) ;
#2415 = VERTEX_POINT ( 'NONE', #9129 ) ;
#2416 = PERSON_AND_ORGANIZATION ( #2675, #9931 ) ;
#2417 = EDGE_LOOP ( 'NONE', ( #7071, #10730 ) ) ;
#2418 = EDGE_LOOP ( 'NONE', ( #227, #11406, #4620, #12674 ) ) ;
#2419 = EDGE_CURVE ( 'NONE', #138, #619, #7063, .T. ) ;
#2420 = CARTESIAN_POINT ( 'NONE',  ( -6.000000000000000000, 0.000000000000000000, 16.00000000000000000 ) ) ;
#2421 = DIRECTION ( 'NONE',  ( -0.9196152422991569209, -0.3928203229608459579, 0.000000000000000000 ) ) ;
#2422 = CARTESIAN_POINT ( 'NONE',  ( 0.000000000000000000, 0.000000000000000000, 3.000000000000000000 ) ) ;
#2423 = DIRECTION ( 'NONE',  ( 1.000000000000000000, 0.000000000000000000, 0.000000000000000000 ) ) ;
#2424 = EDGE_CURVE ( 'NONE', #4340, #7368, #3140, .T. ) ;
#2425 = ADVANCED_FACE ( 'NONE', ( #8063, #1949, #7997 ), #2412, .T. ) ;
#2426 = CARTESIAN_POINT ( 'NONE',  ( 9.361280813272383483, 10.41041303537513585, 7.544422475208893530 ) ) ;
#2427 = LINE ( 'NONE', #10456, #6594 ) ;
#2428 = PERSON_AND_ORGANIZATION_ROLE ( 'creator' ) ;
#2429 = CARTESIAN_POINT ( 'NONE',  ( -11.50000000000000000, -6.000000000000000000, 22.00000000000000000 ) ) ;
#2430 = CARTESIAN_POINT ( 'NONE',  ( 28.00000000000000000, 8.000000000000000000, 0.000000000000000000 ) ) ;
#2431 = EDGE_LOOP ( 'NONE', ( #10263, #11727, #11990, #12355 ) ) ;
#2432 = ORIENTED_EDGE ( 'NONE', *, *, #10253, .T. ) ;
#2433 = DESIGN_CONTEXT ( 'detailed design', #5135, 'design' ) ;
#2434 = DIRECTION ( 'NONE',  ( 0.000000000000000000, -0.000000000000000000, 1.000000000000000000 ) ) ;
#2435 = CARTESIAN_POINT ( 'NONE',  ( -9.170466408454513996, 10.57870852589375232, 9.142065046672966488 ) ) ;
#2436 = FACE_OUTER_BOUND ( 'NONE', #400, .T. ) ;
#2437 = EDGE_LOOP ( 'NONE', ( #2135, #1130, #1555, #9078, #6597 ) ) ;
#2438 = VERTEX_POINT ( 'NONE', #11184 ) ;
#2439 = DIRECTION ( 'NONE',  ( 1.000000000000000000, 0.000000000000000000, 0.000000000000000000 ) ) ;
#2440 = CARTESIAN_POINT ( 'NONE',  ( 11.90496487544927184, 7.367007609010136626, 10.48855529786681018 ) ) ;
#2441 = CARTESIAN_POINT ( 'NONE',  ( -10.36119079527110642, 0.000000000000000000, 14.04287395703057761 ) ) ;
#2442 = CARTESIAN_POINT ( 'NONE',  ( -15.69999999999999929, 70.00000000000000000, -1.200000000000000030E-05 ) ) ;
#2443 = ORIENTED_EDGE ( 'NONE', *, *, #1298, .F. ) ;
#2444 = ORIENTED_EDGE ( 'NONE', *, *, #12930, .T. ) ;
#2445 = CARTESIAN_POINT ( 'NONE',  ( -12.30000000000000071, 2.081899558550500526E-16, 0.000000000000000000 ) ) ;
#2446 = PERSON_AND_ORGANIZATION_ROLE ( 'design_owner' ) ;
#2447 = VERTEX_POINT ( 'NONE', #6149 ) ;
#2448 = CARTESIAN_POINT ( 'NONE',  ( 35.00000000000000000, 70.00000000000000000, 5.000000000000000000 ) ) ;
#2449 = ORIENTED_EDGE ( 'NONE', *, *, #288, .T. ) ;
#2450 = CARTESIAN_POINT ( 'NONE',  ( -11.90000000000000036, 6.400000000000000355, 0.000000000000000000 ) ) ;
#2451 = CARTESIAN_POINT ( 'NONE',  ( 17.00000000000000000, -10.00000000000000000, 28.00000000000000000 ) ) ;
#2452 = APPLICATION_CONTEXT ( 'configuration controlled 3d designs of mechanical parts and assemblies' ) ;
#2453 = DIRECTION ( 'NONE',  ( 1.000000000000000000, -0.000000000000000000, -0.000000000000000000 ) ) ;
#2454 = CARTESIAN_POINT ( 'NONE',  ( 8.660254037844389075, -11.00000000000000000, 6.000000000000000000 ) ) ;
#2455 = EDGE_CURVE ( 'NONE', #8746, #7082, #10114, .T. ) ;
#2456 = CARTESIAN_POINT ( 'NONE',  ( 29.30000000000000071, 57.00000000000000000, -6.000000000000000152E-06 ) ) ;
#2457 = PLANE ( 'NONE',  #2491 ) ;
#2458 = DIRECTION ( 'NONE',  ( -0.000000000000000000, -0.000000000000000000, -1.000000000000000000 ) ) ;
#2459 = ORIENTED_EDGE ( 'NONE', *, *, #3749, .F. ) ;
#2460 = FACE_OUTER_BOUND ( 'NONE', #6906, .T. ) ;
#2461 = VECTOR ( 'NONE', #10140, 1000.000000000000000 ) ;
#2462 = EDGE_LOOP ( 'NONE', ( #3010, #3227 ) ) ;
#2463 = ITEM_DEFINED_TRANSFORMATION ( 'NONE', 'NONE', #5101,  #6542 ) ;
#2464 = CARTESIAN_POINT ( 'NONE',  ( 32.70000000000000284, 66.00000000000000000, -6.000000000000000152E-06 ) ) ;
#2465 = ORIENTED_EDGE ( 'NONE', *, *, #11906, .F. ) ;
#2466 = CARTESIAN_POINT ( 'NONE',  ( 10.88457178719636786, 8.808441270803237799, 10.20000000000001883 ) ) ;
#2467 = EDGE_CURVE ( 'NONE', #6503, #6595, #11426, .T. ) ;
#2468 =( LENGTH_UNIT ( ) NAMED_UNIT ( * ) SI_UNIT ( .MILLI., .METRE. ) );
#2469 = AXIS2_PLACEMENT_3D ( 'NONE', #8399, #3485, #9342 ) ;
#2470 = CARTESIAN_POINT ( 'NONE',  ( -35.00000000000000000, 70.00000000000000000, 5.000000000000000000 ) ) ;
#2471 = PRODUCT_DEFINITION_SHAPE ( 'NONE', 'NONE',  #13068 ) ;
#2472 = EDGE_CURVE ( 'NONE', #5582, #4716, #6936, .T. ) ;
#2473 = DIRECTION ( 'NONE',  ( 0.000000000000000000, -1.000000000000000000, 0.000000000000000000 ) ) ;
#2474 = CARTESIAN_POINT ( 'NONE',  ( 125.7000000000000028, 0.000000000000000000, -6.000000000000000152E-06 ) ) ;
#2475 = APPROVAL ( #9580, 'UNKNOWN' ) ;
#2476 = ORIENTED_EDGE ( 'NONE', *, *, #4256, .F. ) ;
#2477 = COORDINATED_UNIVERSAL_TIME_OFFSET ( 5, 0, .BEHIND. ) ;
#2478 = APPLICATION_PROTOCOL_DEFINITION ( 'international standard', 'config_control_design', 1994, #2452 ) ;
#2479 = CC_DESIGN_DATE_AND_TIME_ASSIGNMENT ( #4324, #1336, ( #5126 ) ) ;
#2480 = ORIENTED_EDGE ( 'NONE', *, *, #1208, .F. ) ;
#2481 = APPROVAL_ROLE ( '' ) ;
#2482 = B_SPLINE_CURVE_WITH_KNOTS ( 'NONE', 3,
 ( #214, #8341, #2218, #12386, #2363, #3430, #10198, #1285, #12255, #9415, #2288, #6370, #4413, #5459, #8410, #7432, #2435, #1421, #6288, #9481, #1128, #8476, #5181, #7212, #11254, #4278 ),
 .UNSPECIFIED., .F., .F.,
 ( 4, 2, 2, 2, 2, 2, 2, 2, 2, 2, 2, 2, 4 ),
 ( 0.000000000000000000, 0.0008032955908086675994, 0.001606591181617335199, 0.002008238977021670896, 0.002409886772426007243, 0.002811534567830342723, 0.003213182363234679071, 0.003614830158639014551, 0.004016477954043350465, 0.004418125749447687246, 0.004819773544852022293, 0.005623069135660691518, 0.006426364726469360744 ),
 .UNSPECIFIED. ) ;
#2483 = AXIS2_PLACEMENT_3D ( 'NONE', #3776, #9897, #11815 ) ;
#2484 = ORIENTED_EDGE ( 'NONE', *, *, #8981, .T. ) ;
#2485 = VECTOR ( 'NONE', #9852, 1000.000000000000000 ) ;
#2486 = ORIENTED_EDGE ( 'NONE', *, *, #11228, .F. ) ;
#2487 = CARTESIAN_POINT ( 'NONE',  ( -11.50000000000000000, -6.000000000000000000, 22.00000000000000000 ) ) ;
#2488 = LINE ( 'NONE', #540, #6812 ) ;
#2490 = EDGE_CURVE ( 'NONE', #2160, #6354, #2150, .T. ) ;
#2489 = CARTESIAN_POINT ( 'NONE',  ( 186.0000000000000000, 0.000000000000000000, 3.000000000000000000 ) ) ;
#2491 = AXIS2_PLACEMENT_3D ( 'NONE', #11624, #10559, #4255 ) ;
#2492 = ADVANCED_FACE ( 'NONE', ( #4201, #2007 ), #10, .T. ) ;
#2493 = DIRECTION ( 'NONE',  ( 0.000000000000000000, 0.000000000000000000, -1.000000000000000000 ) ) ;
#2494 = CARTESIAN_POINT ( 'NONE',  ( -15.48452350954464762, 69.14146106820932403, -0.000000000000000000 ) ) ;
#2495 = EDGE_LOOP ( 'NONE', ( #8204, #1003 ) ) ;
#2496 = CIRCLE ( 'NONE', #7325, 5.799999999999999822 ) ;
#2497 = ORIENTED_EDGE ( 'NONE', *, *, #10457, .T. ) ;
#2498 = EDGE_CURVE ( 'NONE', #1402, #2447, #7417, .T. ) ;
#2499 = EDGE_LOOP ( 'NONE', ( #12914, #4956, #5136, #1035 ) ) ;
#2500 = APPLICATION_PROTOCOL_DEFINITION ( 'international standard', 'config_control_design', 1994, #11641 ) ;
#2501 = ORIENTED_EDGE ( 'NONE', *, *, #7221, .T. ) ;
#2502 = VECTOR ( 'NONE', #3079, 1000.000000000000000 ) ;
#2503 = AXIS2_PLACEMENT_3D ( 'NONE', #12458, #11463, #2434 ) ;
#2504 = FACE_OUTER_BOUND ( 'NONE', #7655, .T. ) ;
#2505 = DIRECTION ( 'NONE',  ( -0.000000000000000000, 1.000000000000000000, 0.000000000000000000 ) ) ;
#2506 = DIRECTION ( 'NONE',  ( 0.000000000000000000, -0.000000000000000000, 1.000000000000000000 ) ) ;
#2507 = CARTESIAN_POINT ( 'NONE',  ( -10.04297226076315397, -0.000000000000000000, 14.36128909900368456 ) ) ;
#2508 = DIRECTION ( 'NONE',  ( 0.000000000000000000, 0.000000000000000000, -1.000000000000000000 ) ) ;
#2509 = ORIENTED_EDGE ( 'NONE', *, *, #5256, .F. ) ;
#2510 = VERTEX_POINT ( 'NONE', #1067 ) ;
#2511 = CARTESIAN_POINT ( 'NONE',  ( 0.000000000000000000, -11.00000000000000000, 6.000000000000000000 ) ) ;
#2512 = COORDINATED_UNIVERSAL_TIME_OFFSET ( 5, 0, .BEHIND. ) ;
#2513 = ORIENTED_EDGE ( 'NONE', *, *, #7515, .T. ) ;
#2514 = APPROVAL_PERSON_ORGANIZATION ( #10777, #4567, #7671 ) ;
#2515 = AXIS2_PLACEMENT_3D ( 'NONE', #3975, #5938, #9974 ) ;
#2516 = VECTOR ( 'NONE', #9489, 1000.000000000000000 ) ;
#2517 = CARTESIAN_POINT ( 'NONE',  ( 0.000000000000000000, 14.00000000000000000, 4.000000000000000000 ) ) ;
#2518 = VERTEX_POINT ( 'NONE', #3406 ) ;
#2519 = FACE_BOUND ( 'NONE', #5636, .T. ) ;
#2520 = CARTESIAN_POINT ( 'NONE',  ( 2.600000000000000089, 0.000000000000000000, 12.00000000000000000 ) ) ;
#2521 = LINE ( 'NONE', #6515, #9297 ) ;
#2522 = SECURITY_CLASSIFICATION ( '', '', #2399 ) ;
#2523 = DIRECTION ( 'NONE',  ( 0.000000000000000000, 0.000000000000000000, 1.000000000000000000 ) ) ;
#2524 = FACE_OUTER_BOUND ( 'NONE', #8692, .T. ) ;
#2525 = CARTESIAN_POINT ( 'NONE',  ( -15.70000000000000284, 0.000000000000000000, 0.000000000000000000 ) ) ;
#2526 = FACE_BOUND ( 'NONE', #10731, .T. ) ;
#2527 = ORIENTED_EDGE ( 'NONE', *, *, #9958, .T. ) ;
#2528 = CARTESIAN_POINT ( 'NONE',  ( -21.04297226076352345, -15.36128909900368278, -0.000000000000000000 ) ) ;
#2529 = EDGE_LOOP ( 'NONE', ( #9152, #10464, #1337, #12602 ) ) ;
#2530 = ITEM_DEFINED_TRANSFORMATION ( 'NONE', 'NONE', #5315,  #6542 ) ;
#2531 = LINE ( 'NONE', #12694, #2688 ) ;
#2532 = ORIENTED_EDGE ( 'NONE', *, *, #4965, .T. ) ;
#2533 = LINE ( 'NONE', #10499, #2292 ) ;
#2534 = LOCAL_TIME ( 12, 23, 50.00000000000000000, #1303 ) ;
#2535 = EDGE_CURVE ( 'NONE', #12106, #5220, #934, .T. ) ;
#2536 = CARTESIAN_POINT ( 'NONE',  ( -36.00000000000000711, 5.000000000000000000, 25.00000000000000000 ) ) ;
#2537 =( NAMED_UNIT ( * ) SI_UNIT ( $, .STERADIAN. ) SOLID_ANGLE_UNIT ( ) );
#2538 = B_SPLINE_CURVE_WITH_KNOTS ( 'NONE', 3,
 ( #6702, #11797, #10807, #12921, #2892, #8825, #9879, #3646, #11684, #2652, #12792, #8700, #6628, #7826, #3701, #5789, #2773, #11926 ),
 .UNSPECIFIED., .F., .F.,
 ( 4, 2, 2, 2, 2, 2, 2, 2, 4 ),
 ( 0.000000000000000000, 0.06250000000000000000, 0.1250000000000000000, 0.1875000000000000000, 0.2500000000000000000, 0.3125000000000000000, 0.3750000000000000000, 0.4375000000000000000, 0.5000000000000000000 ),
 .UNSPECIFIED. ) ;
#2539 = VECTOR ( 'NONE', #2029, 1000.000000000000000 ) ;
#2540 = CARTESIAN_POINT ( 'NONE',  ( 0.000000000000000000, 0.000000000000000000, 16.00000000000000000 ) ) ;
#2541 = DIRECTION ( 'NONE',  ( -0.000000000000000000, -0.000000000000000000, -1.000000000000000000 ) ) ;
#2542 = DIRECTION ( 'NONE',  ( -1.000000000000000000, 0.000000000000000000, 0.000000000000000000 ) ) ;
#2543 = EDGE_LOOP ( 'NONE', ( #4558, #12471, #3824, #2480 ) ) ;
#2544 = ORIENTED_EDGE ( 'NONE', *, *, #8177, .F. ) ;
#2545 = VECTOR ( 'NONE', #5672, 1000.000000000000000 ) ;
#2546 = APPLICATION_PROTOCOL_DEFINITION ( 'international standard', 'config_control_design', 1994, #9850 ) ;
#2547 = APPROVAL_DATE_TIME ( #10829, #4567 ) ;
#2548 = AXIS2_PLACEMENT_3D ( 'NONE', #4491, #11404, #12530 ) ;
#2549 = ORIENTED_EDGE ( 'NONE', *, *, #8420, .F. ) ;
#2550 = ORIENTED_EDGE ( 'NONE', *, *, #8343, .F. ) ;
#2551 = DATE_AND_TIME ( #11577, #8687 ) ;
#2552 = ADVANCED_FACE ( 'NONE', ( #4127 ), #12167, .F. ) ;
#2553 = DIRECTION ( 'NONE',  ( 0.000000000000000000, 0.000000000000000000, 1.000000000000000000 ) ) ;
#2554 = CARTESIAN_POINT ( 'NONE',  ( 9.047951289187752266, 10.68348068199795620, 8.769813350790178319 ) ) ;
#2555 = CC_DESIGN_PERSON_AND_ORGANIZATION_ASSIGNMENT ( #5478, #4496, ( #2624 ) ) ;
#2556 = CIRCLE ( 'NONE', #9906, 1.700000000000007061 ) ;
#2557 = CARTESIAN_POINT ( 'NONE',  ( 35.60000000000000142, 62.50000000000000000, -1.200000000000000030E-05 ) ) ;
#2558 = AXIS2_PLACEMENT_3D ( 'NONE', #1869, #3920, #10967 ) ;
#2559 = CARTESIAN_POINT ( 'NONE',  ( -18.95702773923594719, -0.000000000000000000, 10.63871090099721783 ) ) ;
#2560 = CARTESIAN_POINT ( 'NONE',  ( -5.500000000000000000, 0.000000000000000000, 29.00000000000000000 ) ) ;
#2561 = ORIENTED_EDGE ( 'NONE', *, *, #4067, .F. ) ;
#2562 = VECTOR ( 'NONE', #10824, 1000.000000000000000 ) ;
#2563 = ORIENTED_EDGE ( 'NONE', *, *, #3286, .F. ) ;
#2564 = DESIGN_CONTEXT ( 'detailed design', #2004, 'design' ) ;
#2565 = ORIENTED_EDGE ( 'NONE', *, *, #7043, .F. ) ;
#2566 = LINE ( 'NONE', #9786, #2884 ) ;
#2567 = EDGE_LOOP ( 'NONE', ( #4741, #10273 ) ) ;
#2568 = PERSON_AND_ORGANIZATION ( #2675, #9931 ) ;
#2569 = CIRCLE ( 'NONE', #7603, 2.500000000000000000 ) ;
#2570 = EDGE_CURVE ( 'NONE', #9457, #699, #9930, .T. ) ;
#2571 = VERTEX_POINT ( 'NONE', #2614 ) ;
#2572 = ADVANCED_FACE ( 'NONE', ( #7602 ), #11640, .F. ) ;
#2573 = CARTESIAN_POINT ( 'NONE',  ( 15.19999999999999929, -2.000000000000000000, 3.000000000000000000 ) ) ;
#2574 = CARTESIAN_POINT ( 'NONE',  ( -37.50000000000000000, -10.00000000000000000, 28.00000000000000000 ) ) ;
#2575 = AXIS2_PLACEMENT_3D ( 'NONE', #11349, #7514, #11552 ) ;
#2576 = EDGE_CURVE ( 'NONE', #1335, #6509, #10637, .T. ) ;
#2577 = DIRECTION ( 'NONE',  ( -1.000000000000000000, 0.000000000000000000, 0.000000000000000000 ) ) ;
#2578 = LINE ( 'NONE', #12467, #2962 ) ;
#2579 = AXIS2_PLACEMENT_3D ( 'NONE', #6032, #10073, #11056 ) ;
#2580 = DIRECTION ( 'NONE',  ( -0.000000000000000000, -0.000000000000000000, 1.000000000000000000 ) ) ;
#2581 = ORIENTED_EDGE ( 'NONE', *, *, #10869, .F. ) ;
#2582 = ORIENTED_EDGE ( 'NONE', *, *, #12325, .F. ) ;
#2583 = PLANE ( 'NONE',  #11384 ) ;
#2584 = PERSON_AND_ORGANIZATION ( #2675, #9931 ) ;
#2585 = VECTOR ( 'NONE', #3403, 1000.000000000000000 ) ;
#2586 = APPROVAL_ROLE ( '' ) ;
#2587 = ORIENTED_EDGE ( 'NONE', *, *, #10120, .F. ) ;
#2588 = FACE_OUTER_BOUND ( 'NONE', #11024, .T. ) ;
#2589 = VERTEX_POINT ( 'NONE', #8659 ) ;
#2590 = ADVANCED_FACE ( 'NONE', ( #7666 ), #12504, .F. ) ;
#2591 = PRODUCT ( 'V3_REF_chassis_255p8x149', 'V3_REF_chassis_255p8x149', '', ( #11794 ) ) ;
#2592 = APPROVAL_PERSON_ORGANIZATION ( #10804, #2223, #3823 ) ;
#2593 = CARTESIAN_POINT ( 'NONE',  ( 0.000000000000000000, 0.000000000000000000, 35.00000000000000000 ) ) ;
#2594 = EDGE_CURVE ( 'NONE', #6396, #4087, #4783, .T. ) ;
#2595 = EDGE_CURVE ( 'NONE', #415, #4678, #10362, .T. ) ;
#2596 = EDGE_CURVE ( 'NONE', #6009, #4614, #4232, .T. ) ;
#2597 = CARTESIAN_POINT ( 'NONE',  ( 0.000000000000000000, 1.300000000000000044, 16.00000000000000000 ) ) ;
#2598 = CARTESIAN_POINT ( 'NONE',  ( -0.5999999999999999778, 18.99052395275075256, 4.000000000000000000 ) ) ;
#2599 = CARTESIAN_POINT ( 'NONE',  ( -9.047801468925145585, 10.68361031932444760, 10.26966494166327415 ) ) ;
#2600 = LINE ( 'NONE', #6579, #3626 ) ;
#2601 = PLANE ( 'NONE',  #1184 ) ;
#2602 = SECURITY_CLASSIFICATION ( '', '', #820 ) ;
#2603 = CARTESIAN_POINT ( 'NONE',  ( -21.00000000000000000, 12.00000000000000000, 3.000000000000000000 ) ) ;
#2604 = VERTEX_POINT ( 'NONE', #4365 ) ;
#2605 = FACE_OUTER_BOUND ( 'NONE', #11324, .T. ) ;
#2606 = ORIENTED_EDGE ( 'NONE', *, *, #4093, .F. ) ;
#2607 = ITEM_DEFINED_TRANSFORMATION ( 'NONE', 'NONE', #2371,  #6542 ) ;
#2608 = CARTESIAN_POINT ( 'NONE',  ( 30.14151426979811887, 64.51560493047468015, 0.000000000000000000 ) ) ;
#2609 = CARTESIAN_POINT ( 'NONE',  ( 7.700000000000000178, -9.000000000000000000, 3.000000000000000000 ) ) ;
#2610 = APPROVAL_PERSON_ORGANIZATION ( #7336, #5046, #1399 ) ;
#2611 = CARTESIAN_POINT ( 'NONE',  ( -10.69999999999999929, 57.00000000000000000, 5.000000000000000000 ) ) ;
#2612 = CARTESIAN_POINT ( 'NONE',  ( -0.6767903974405510281, -2.533959238176743956, -0.000000000000000000 ) ) ;
#2613 = DIRECTION ( 'NONE',  ( -1.000000000000000000, 0.000000000000000000, 0.000000000000000000 ) ) ;
#2614 = CARTESIAN_POINT ( 'NONE',  ( 11.50000000000000000, -6.000000000000000000, 0.000000000000000000 ) ) ;
#2615 = VERTEX_POINT ( 'NONE', #6449 ) ;
#2616 = PRODUCT_DEFINITION_FORMATION_WITH_SPECIFIED_SOURCE ( 'ไป', '', #9628, .NOT_KNOWN. ) ;
#2617 = ORIENTED_EDGE ( 'NONE', *, *, #7296, .T. ) ;
#2618 = CALENDAR_DATE ( 2026, 21, 9 ) ;
#2619 = VERTEX_POINT ( 'NONE', #5998 ) ;
#2620 = ORIENTED_EDGE ( 'NONE', *, *, #10902, .F. ) ;
#2621 = APPLICATION_PROTOCOL_DEFINITION ( 'international standard', 'config_control_design', 1994, #5394 ) ;
#2622 = CARTESIAN_POINT ( 'NONE',  ( 21.00000000000000000, -12.00000000000000000, 3.000000000000000000 ) ) ;
#2623 = PLANE ( 'NONE',  #9588 ) ;
#2624 = PRODUCT_DEFINITION_FORMATION_WITH_SPECIFIED_SOURCE ( 'ไป', '', #10352, .NOT_KNOWN. ) ;
#2625 = DIRECTION ( 'NONE',  ( 1.000000000000000000, 0.000000000000000000, 0.000000000000000000 ) ) ;
#2626 = CARTESIAN_POINT ( 'NONE',  ( -18.29993048876421113, -0.000000000000000000, 11.77491600511370429 ) ) ;
#2627 = ADVANCED_FACE ( 'NONE', ( #2990 ), #10355, .T. ) ;
#2628 = CYLINDRICAL_SURFACE ( 'NONE', #2343, 2.399999999999999467 ) ;
#2629 = ORIENTED_EDGE ( 'NONE', *, *, #8513, .F. ) ;
#2630 = ORIENTED_EDGE ( 'NONE', *, *, #10673, .F. ) ;
#2631 = APPROVAL_DATE_TIME ( #1489, #10618 ) ;
#2632 = CC_DESIGN_DATE_AND_TIME_ASSIGNMENT ( #7792, #12888, ( #8811 ) ) ;
#2633 = ORIENTED_EDGE ( 'NONE', *, *, #2640, .F. ) ;
#2634 = LINE ( 'NONE', #4805, #2905 ) ;
#2635 = AXIS2_PLACEMENT_3D ( 'NONE', #2557, #12582, #3616 ) ;
#2636 = PLANE ( 'NONE',  #11066 ) ;
#2637 = DIRECTION ( 'NONE',  ( -0.000000000000000000, -1.000000000000000000, -0.000000000000000000 ) ) ;
#2638 = CARTESIAN_POINT ( 'NONE',  ( -9.858538931789734505, -0.000000000000000000, 11.51547649045587640 ) ) ;
#2639 = CARTESIAN_POINT ( 'NONE',  ( 0.000000000000000000, 0.000000000000000000, 0.000000000000000000 ) ) ;
#2640 = EDGE_CURVE ( 'NONE', #9410, #8163, #2387, .T. ) ;
#2641 = DIRECTION ( 'NONE',  ( 1.000000000000000000, 0.000000000000000000, 0.000000000000000000 ) ) ;
#2642 = ADVANCED_FACE ( 'NONE', ( #6389 ), #9307, .F. ) ;
#2643 = VERTEX_POINT ( 'NONE', #11418 ) ;
#2644 = VERTEX_POINT ( 'NONE', #2245 ) ;
#2645 = LINE ( 'NONE', #6625, #5698 ) ;
#2646 = APPROVAL_DATE_TIME ( #6444, #5361 ) ;
#2647 = APPROVAL ( #7540, 'UNKNOWN' ) ;
#2648 = COORDINATED_UNIVERSAL_TIME_OFFSET ( 5, 0, .BEHIND. ) ;
#2649 = VERTEX_POINT ( 'NONE', #8497 ) ;
#2650 = CC_DESIGN_DATE_AND_TIME_ASSIGNMENT ( #7697, #759, ( #11002 ) ) ;
#2651 = PERSON_AND_ORGANIZATION_ROLE ( 'classification_officer' ) ;
#2652 = CARTESIAN_POINT ( 'NONE',  ( 19.77491600511497438, -12.29993048876420936, -0.000000000000000000 ) ) ;
#2653 = ORIENTED_EDGE ( 'NONE', *, *, #6801, .T. ) ;
#2654 = LINE ( 'NONE', #12797, #863 ) ;
#2655 = DIRECTION ( 'NONE',  ( -0.000000000000000000, -0.000000000000000000, 1.000000000000000000 ) ) ;
#2656 = LINE ( 'NONE', #9770, #11597 ) ;
#2657 = ADVANCED_FACE ( 'NONE', ( #307 ), #8298, .F. ) ;
#2658 = EDGE_CURVE ( 'NONE', #123, #11511, #9231, .T. ) ;
#2659 = LINE ( 'NONE', #3585, #204 ) ;
#2660 = DIRECTION ( 'NONE',  ( -0.000000000000000000, -0.000000000000000000, -1.000000000000000000 ) ) ;
#2661 = PERSON ( 'NAUO-PER16', 'UNSPECIFIED', 'UNSPECIFIED', ('UNSPECIFIED'), ('UNSPECIFIED'), ('UNSPECIFIED') ) ;
#2662 = CARTESIAN_POINT ( 'NONE',  ( 13.14146106820873605, 71.48452350954337930, -0.000000000000000000 ) ) ;
#2663 = VERTEX_POINT ( 'NONE', #1155 ) ;
#2664 = DIRECTION ( 'NONE',  ( 0.000000000000000000, -1.000000000000000000, 0.000000000000000000 ) ) ;
#2665 = ORIENTED_EDGE ( 'NONE', *, *, #6413, .T. ) ;
#2666 = ADVANCED_FACE ( 'NONE', ( #3450 ), #375, .T. ) ;
#2667 = DATE_TIME_ROLE ( 'classification_date' ) ;
#2668 = LINE ( 'NONE', #9581, #9185 ) ;
#2669 = ORIENTED_EDGE ( 'NONE', *, *, #5560, .F. ) ;
#2670 = CARTESIAN_POINT ( 'NONE',  ( 10.72380529476361133, 9.000000000000000000, 6.800000000000000711 ) ) ;
#2671 = CARTESIAN_POINT ( 'NONE',  ( -32.00000000000000000, -5.000000000000000000, 28.00000000000000000 ) ) ;
#2672 = VECTOR ( 'NONE', #9141, 1000.000000000000000 ) ;
#2673 = AXIS2_PLACEMENT_3D ( 'NONE', #2247, #6109, #3241 ) ;
#2674 = DIRECTION ( 'NONE',  ( 0.000000000000000000, 0.000000000000000000, 1.000000000000000000 ) ) ;
#2675 = PERSON ( 'ๆช', 'ๆช', 'ๆช', ('ๆช'), ('ๆช'), ('ๆช') ) ;
#2676 = CARTESIAN_POINT ( 'NONE',  ( 30.55741526174642075, -0.000000000000000000, 11.34333309900627995 ) ) ;
#2677 = APPROVAL_ROLE ( '' ) ;
#2678 = FACE_BOUND ( 'NONE', #10817, .T. ) ;
#2679 = DATE_AND_TIME ( #7273, #11655 ) ;
#2680 = DATE_AND_TIME ( #8527, #1442 ) ;
#2681 = ORIENTED_EDGE ( 'NONE', *, *, #12942, .F. ) ;
#2682 = PERSON_AND_ORGANIZATION_ROLE ( 'design_owner' ) ;
#2683 = CARTESIAN_POINT ( 'NONE',  ( 21.00000000000000000, 12.00000000000000000, 0.000000000000000000 ) ) ;
#2684 = VECTOR ( 'NONE', #9453, 1000.000000000000000 ) ;
#2685 = FACE_OUTER_BOUND ( 'NONE', #10427, .T. ) ;
#2686 = CARTESIAN_POINT ( 'NONE',  ( 21.69999999999999929, 14.00000000000000000, -6.000000000000000152E-06 ) ) ;
#2687 = CARTESIAN_POINT ( 'NONE',  ( -20.00000000000000000, -6.000000000000000152E-06, 10.30000000000000071 ) ) ;
#2688 = VECTOR ( 'NONE', #12496, 1000.000000000000000 ) ;
#2689 = ORIENTED_EDGE ( 'NONE', *, *, #12058, .F. ) ;
#2690 = VERTEX_POINT ( 'NONE', #6317 ) ;
#2691 = CARTESIAN_POINT ( 'NONE',  ( 0.5999999999999997558, 13.98713694792468942, 12.00000000000000000 ) ) ;
#2692 = EDGE_LOOP ( 'NONE', ( #6554, #11984, #8079, #11410 ) ) ;
#2693 = VERTEX_POINT ( 'NONE', #7306 ) ;
#2694 = CARTESIAN_POINT ( 'NONE',  ( 12.63880920472417557, 68.95712604297266068, 0.000000000000000000 ) ) ;
#2695 = ORIENTED_EDGE ( 'NONE', *, *, #3921, .F. ) ;
#2696 = FACE_OUTER_BOUND ( 'NONE', #10246, .T. ) ;
#2697 = CARTESIAN_POINT ( 'NONE',  ( 3.000000000000000000, 3.000000000000000000, 83.00000000000000000 ) ) ;
#2698 = EDGE_CURVE ( 'NONE', #3820, #2257, #6125, .T. ) ;
#2699 = AXIS2_PLACEMENT_3D ( 'NONE', #4572, #6518, #12227 ) ;
#2700 = CARTESIAN_POINT ( 'NONE',  ( 3.000000000000000000, 3.000000000000000000, 83.00000000000000000 ) ) ;
#2701 = VECTOR ( 'NONE', #1682, 1000.000000000000000 ) ;
#2702 = CARTESIAN_POINT ( 'NONE',  ( -2.500000000000000000, 0.000000000000000000, 68.00000000000000000 ) ) ;
#2703 = ORIENTED_EDGE ( 'NONE', *, *, #7663, .T. ) ;
#2704 = ORIENTED_EDGE ( 'NONE', *, *, #9927, .F. ) ;
#2705 = FACE_BOUND ( 'NONE', #2417, .T. ) ;
#2706 =( REPRESENTATION_RELATIONSHIP ('NONE','NONE', #874, #12706 ) REPRESENTATION_RELATIONSHIP_WITH_TRANSFORMATION ( #3103 )SHAPE_REPRESENTATION_RELATIONSHIP( ) );
#2707 = PERSON_AND_ORGANIZATION_ROLE ( 'design_supplier' ) ;
#2708 = APPROVAL_ROLE ( '' ) ;
#2709 = AXIS2_PLACEMENT_3D ( 'NONE', #927, #7808, #11907 ) ;
#2710 = ORIENTED_EDGE ( 'NONE', *, *, #12570, .T. ) ;
#2711 = DIRECTION ( 'NONE',  ( 0.000000000000000000, 0.000000000000000000, -1.000000000000000000 ) ) ;
#2712 = VERTEX_POINT ( 'NONE', #1447 ) ;
#2713 = APPLICATION_PROTOCOL_DEFINITION ( 'international standard', 'config_control_design', 1994, #8751 ) ;
#2714 = AXIS2_PLACEMENT_3D ( 'NONE', #4032, #11069, #2037 ) ;
#2715 = EDGE_CURVE ( 'NONE', #3181, #194, #7452, .T. ) ;
#2716 = CARTESIAN_POINT ( 'NONE',  ( 0.000000000000000000, 0.000000000000000000, 4.000000000000000000 ) ) ;
#2717 = VECTOR ( 'NONE', #2057, 1000.000000000000000 ) ;
#2718 = CARTESIAN_POINT ( 'NONE',  ( -14.00000000000000000, 0.000000000000000000, 16.00000000000000000 ) ) ;
#2719 = AXIS2_PLACEMENT_3D ( 'NONE', #8596, #1475, #1543 ) ;
#2720 = PRODUCT_DEFINITION ( 'ๆ', '', #6578, #11659 ) ;
#2721 = DIRECTION ( 'NONE',  ( 1.000000000000000000, 0.000000000000000000, 0.000000000000000000 ) ) ;
#2722 = CC_DESIGN_SECURITY_CLASSIFICATION ( #12180, ( #13069 ) ) ;
#2723 = DIRECTION ( 'NONE',  ( 0.000000000000000000, 0.000000000000000000, 1.000000000000000000 ) ) ;
#2724 = AXIS2_PLACEMENT_3D ( 'NONE', #8809, #10977, #12847 ) ;
#2725 = EDGE_LOOP ( 'NONE', ( #7008, #8052, #11890, #2301 ) ) ;
#2726 = CARTESIAN_POINT ( 'NONE',  ( 31.19999999999999929, 59.50000000000000000, -1.200000000000000030E-05 ) ) ;
#2727 = ORIENTED_EDGE ( 'NONE', *, *, #4965, .F. ) ;
#2728 = SECURITY_CLASSIFICATION_LEVEL ( 'unclassified' ) ;
#2729 = CARTESIAN_POINT ( 'NONE',  ( 137.6566669009919792, 0.4425847382503730332, -0.000000000000000000 ) ) ;
#2730 = ORIENTED_EDGE ( 'NONE', *, *, #1138, .F. ) ;
#2731 = AXIS2_PLACEMENT_3D ( 'NONE', #8175, #258, #4177 ) ;
#2732 = CARTESIAN_POINT ( 'NONE',  ( -10.36119079527047404, 0.000000000000000000, 5.042873957031213550 ) ) ;
#2733 = EDGE_CURVE ( 'NONE', #7125, #2785, #7828, .T. ) ;
#2734 = EDGE_CURVE ( 'NONE', #6509, #1335, #9943, .T. ) ;
#2735 = ORGANIZATION ( 'NAUO-ORG11', 'UNSPECIFIED', 'UNSPECIFIED' ) ;
#2736 = DIRECTION ( 'NONE',  ( 0.000000000000000000, 0.000000000000000000, 1.000000000000000000 ) ) ;
#2737 = ADVANCED_FACE ( 'NONE', ( #12745 ), #4635, .T. ) ;
#2738 = CARTESIAN_POINT ( 'NONE',  ( -11.63433600334116846, 7.787970427872258128, 8.802702401752442896 ) ) ;
#2739 = LINE ( 'NONE', #7722, #1038 ) ;
#2740 = PERSON_AND_ORGANIZATION ( #2675, #9931 ) ;
#2741 = CARTESIAN_POINT ( 'NONE',  ( 0.000000000000000000, 0.000000000000000000, 16.00000000000000000 ) ) ;
#2742 = ORGANIZATION ( 'NAUO-ORG21', 'UNSPECIFIED', 'UNSPECIFIED' ) ;
#2743 = ORIENTED_EDGE ( 'NONE', *, *, #1754, .T. ) ;
#2744 = APPROVAL_STATUS ( 'not_yet_approved' ) ;
#2745 = CARTESIAN_POINT ( 'NONE',  ( -0.5999999999999998668, 9.000000000000000000, 10.00000000000000000 ) ) ;
#2746 = PERSON_AND_ORGANIZATION ( #2675, #9931 ) ;
#2747 = LINE ( 'NONE', #5638, #11335 ) ;
#2748 = SHAPE_REPRESENTATION_RELATIONSHIP ( 'NONE' , 'NONE' ,  #3611, #9883 ) ;
#2749 = CARTESIAN_POINT ( 'NONE',  ( -20.22561580490735267, -0.000000000000000000, 13.70000000000000284 ) ) ;
#2750 = ADVANCED_FACE ( 'NONE', ( #7512 ), #9566, .F. ) ;
#2751 = LINE ( 'NONE', #8260, #3288 ) ;
#2752 = CARTESIAN_POINT ( 'NONE',  ( 3.000000000000000000, 3.673940397442059375E-16, 38.00000000000000000 ) ) ;
#2753 = DIRECTION ( 'NONE',  ( 1.000000000000000000, 0.000000000000000000, 0.000000000000000000 ) ) ;
#2754 = VERTEX_POINT ( 'NONE', #5671 ) ;
#2755 = ORIENTED_EDGE ( 'NONE', *, *, #6768, .F. ) ;
#2756 = DATE_AND_TIME ( #12776, #4499 ) ;
#2757 = ORIENTED_EDGE ( 'NONE', *, *, #10941, .F. ) ;
#2758 = CARTESIAN_POINT ( 'NONE',  ( -11.32690702869582822, 8.231531534232543024, 10.02987977232460004 ) ) ;
#2759 = DIRECTION ( 'NONE',  ( -1.000000000000000000, 0.000000000000000000, 0.000000000000000000 ) ) ;
#2760 = AXIS2_PLACEMENT_3D ( 'NONE', #1518, #5550, #9572 ) ;
#2761 = VECTOR ( 'NONE', #12046, 1000.000000000000000 ) ;
#2762 = FACE_OUTER_BOUND ( 'NONE', #3752, .T. ) ;
#2763 = CARTESIAN_POINT ( 'NONE',  ( -35.00000000000000000, -70.00000000000000000, 5.000000000000000000 ) ) ;
#2764 = DIRECTION ( 'NONE',  ( -0.000000000000000000, -0.000000000000000000, -1.000000000000000000 ) ) ;
#2765 = ORIENTED_EDGE ( 'NONE', *, *, #768, .T. ) ;
#2766 = ORIENTED_EDGE ( 'NONE', *, *, #12812, .F. ) ;
#2767 = AXIS2_PLACEMENT_3D ( 'NONE', #560, #9555, #494 ) ;
#2768 = ADVANCED_FACE ( 'NONE', ( #7580, #6575, #7764, #5792, #10683, #2519 ), #1640, .F. ) ;
#2769 = DIRECTION ( 'NONE',  ( -1.000000000000000000, 0.000000000000000000, -0.000000000000000000 ) ) ;
#2770 = VECTOR ( 'NONE', #3425, 1000.000000000000000 ) ;
#2771 = PERSON_AND_ORGANIZATION ( #2675, #9931 ) ;
#2772 = ORIENTED_EDGE ( 'NONE', *, *, #7035, .T. ) ;
#2773 = CARTESIAN_POINT ( 'NONE',  ( 18.30006951123579384, -13.77491600511408087, -0.000000000000000000 ) ) ;
#2774 = ORIENTED_EDGE ( 'NONE', *, *, #2490, .T. ) ;
#2775 = VECTOR ( 'NONE', #11621, 1000.000000000000000 ) ;
#2776 = SHAPE_REPRESENTATION_RELATIONSHIP ( 'NONE' , 'NONE' ,  #8195, #8639 ) ;
#2777 = CARTESIAN_POINT ( 'NONE',  ( 22.00000000000000000, 7.999999999999996447, 8.000000000000000000 ) ) ;
#2778 = CIRCLE ( 'NONE', #641, 30.00000000000000000 ) ;
#2779 = AXIS2_PLACEMENT_3D ( 'NONE', #3029, #11202, #952 ) ;
#2780 = DIRECTION ( 'NONE',  ( 0.000000000000000000, -1.000000000000000000, 0.000000000000000000 ) ) ;
#2781 = CARTESIAN_POINT ( 'NONE',  ( -19.00000000000000000, 9.000000000000000000, 10.00000000000000000 ) ) ;
#2782 = DIRECTION ( 'NONE',  ( 1.000000000000000000, -0.000000000000000000, 0.000000000000000000 ) ) ;
#2783 = CARTESIAN_POINT ( 'NONE',  ( 31.00000000000000000, -6.000000000000000152E-06, 14.69999999999999929 ) ) ;
#2784 = EDGE_CURVE ( 'NONE', #6772, #1400, #5740, .T. ) ;
#2785 = VERTEX_POINT ( 'NONE', #3581 ) ;
#2786 = CARTESIAN_POINT ( 'NONE',  ( -15.59999999999999964, 62.50000000000000000, -1.200000000000000030E-05 ) ) ;
#2787 = SECURITY_CLASSIFICATION_LEVEL ( 'unclassified' ) ;
#2788 = ORIENTED_EDGE ( 'NONE', *, *, #6246, .F. ) ;
#2789 =( GEOMETRIC_REPRESENTATION_CONTEXT ( 3 ) GLOBAL_UNCERTAINTY_ASSIGNED_CONTEXT ( ( #11253 ) ) GLOBAL_UNIT_ASSIGNED_CONTEXT ( ( #276, #12577, #2277 ) ) REPRESENTATION_CONTEXT ( 'NONE', 'WORKASPACE' ) );
#2790 = CALENDAR_DATE ( 2026, 21, 9 ) ;
#2791 = DIRECTION ( 'NONE',  ( -0.000000000000000000, -0.000000000000000000, 1.000000000000000000 ) ) ;
#2792 = CARTESIAN_POINT ( 'NONE',  ( 134.3000000000000114, 2.081899558550508908E-16, -6.000000000000000152E-06 ) ) ;
#2793 = CC_DESIGN_PERSON_AND_ORGANIZATION_ASSIGNMENT ( #10450, #11515, ( #1964 ) ) ;
#2794 = PERSON_AND_ORGANIZATION ( #2675, #9931 ) ;
#2795 = DIRECTION ( 'NONE',  ( 0.000000000000000000, 0.000000000000000000, -1.000000000000000000 ) ) ;
#2796 = VECTOR ( 'NONE', #1235, 1000.000000000000000 ) ;
#2797 = AXIS2_PLACEMENT_3D ( 'NONE', #6068, #10116, #10248 ) ;
#2798 = CARTESIAN_POINT ( 'NONE',  ( -28.00000000000000000, 8.000000000000000000, 24.00000000000000000 ) ) ;
#2799 = CARTESIAN_POINT ( 'NONE',  ( -37.50000000000000000, -10.00000000000000000, 25.00000000000000000 ) ) ;
#2800 = APPROVAL_ROLE ( '' ) ;
#2801 = ADVANCED_FACE ( 'NONE', ( #11736 ), #4705, .F. ) ;
#2802 = DIRECTION ( 'NONE',  ( 0.000000000000000000, 0.000000000000000000, 1.000000000000000000 ) ) ;
#2803 = EDGE_CURVE ( 'NONE', #12539, #5883, #1515, .T. ) ;
#2804 = EDGE_LOOP ( 'NONE', ( #1727, #6404, #5402, #4548 ) ) ;
#2805 = CONTEXT_DEPENDENT_SHAPE_REPRESENTATION ( #8927, #2361 ) ;
#2806 = CARTESIAN_POINT ( 'NONE',  ( -0.6000001182283759560, 2.529936706146719949, -8.999999999999988370E-06 ) ) ;
#2807 = EDGE_LOOP ( 'NONE', ( #12681, #5201, #7299, #10328 ) ) ;
#2808 = FACE_OUTER_BOUND ( 'NONE', #3143, .T. ) ;
#2809 = VECTOR ( 'NONE', #10926, 1000.000000000000000 ) ;
#2810 = CC_DESIGN_PERSON_AND_ORGANIZATION_ASSIGNMENT ( #4262, #401, ( #12132 ) ) ;
#2811 = LOCAL_TIME ( 12, 23, 50.00000000000000000, #1095 ) ;
#2812 = DIRECTION ( 'NONE',  ( 0.000000000000000000, 0.000000000000000000, 1.000000000000000000 ) ) ;
#2813 = EDGE_CURVE ( 'NONE', #2571, #2754, #8638, .T. ) ;
#2814 = CARTESIAN_POINT ( 'NONE',  ( -21.65679534101080961, -0.000000000000000000, 11.55736206015121326 ) ) ;
#2815 = CARTESIAN_POINT ( 'NONE',  ( 31.00000000000000000, -1.200000000000000030E-05, 4.000000000000000000 ) ) ;
#2816 = APPROVAL_PERSON_ORGANIZATION ( #4844, #8904, #2800 ) ;
#2817 = CARTESIAN_POINT ( 'NONE',  ( -19.77491600511333658, -0.000000000000000000, 10.30006951123579206 ) ) ;
#2818 = DIRECTION ( 'NONE',  ( 0.000000000000000000, -1.000000000000000000, 0.000000000000000000 ) ) ;
#2819 = EDGE_CURVE ( 'NONE', #4815, #290, #2654, .T. ) ;
#2820 = ORIENTED_EDGE ( 'NONE', *, *, #521, .F. ) ;
#2821 = LINE ( 'NONE', #1802, #12014 ) ;
#2822 = ORIENTED_EDGE ( 'NONE', *, *, #6715, .T. ) ;
#2823 = ORIENTED_EDGE ( 'NONE', *, *, #359, .T. ) ;
#2824 = EDGE_CURVE ( 'NONE', #2438, #10990, #12683, .T. ) ;
#2825 = ORIENTED_EDGE ( 'NONE', *, *, #2698, .T. ) ;
#2826 = CARTESIAN_POINT ( 'NONE',  ( -20.00000000000000000, -14.00000000000000000, 5.000000000000000000 ) ) ;
#2827 = CYLINDRICAL_SURFACE ( 'NONE', #1803, 9.500000000000000000 ) ;
#2828 = LOCAL_TIME ( 12, 23, 50.00000000000000000, #12234 ) ;
#2829 = CARTESIAN_POINT ( 'NONE',  ( -8.141461068214713492, 64.51547649045402011, -0.000000000000000000 ) ) ;
#2830 = CARTESIAN_POINT ( 'NONE',  ( -8.774748043452314405, 0.000000000000000000, 5.699999999999998401 ) ) ;
#2831 = LINE ( 'NONE', #10800, #8857 ) ;
#2832 = EDGE_LOOP ( 'NONE', ( #8613, #10315, #8637, #6414 ) ) ;
#2833 = VERTEX_POINT ( 'NONE', #3649 ) ;
#2834 = LOCAL_TIME ( 12, 23, 50.00000000000000000, #1954 ) ;
#2835 = DIRECTION ( 'NONE',  ( -0.000000000000000000, -0.000000000000000000, 1.000000000000000000 ) ) ;
#2836 = COORDINATED_UNIVERSAL_TIME_OFFSET ( 5, 0, .BEHIND. ) ;
#2837 = ORIENTED_EDGE ( 'NONE', *, *, #4796, .T. ) ;
#2838 = EDGE_CURVE ( 'NONE', #2649, #3398, #506, .T. ) ;
#2839 = DIRECTION ( 'NONE',  ( 1.000000000000000000, 0.000000000000000000, 0.000000000000000000 ) ) ;
#2840 = ORIENTED_EDGE ( 'NONE', *, *, #4796, .F. ) ;
#2841 = FACE_OUTER_BOUND ( 'NONE', #10808, .T. ) ;
#2842 = DIRECTION ( 'NONE',  ( 1.000000000000000000, 0.000000000000000000, 0.000000000000000000 ) ) ;
#2843 = DIRECTION ( 'NONE',  ( -0.000000000000000000, -1.000000000000000000, -0.000000000000000000 ) ) ;
#2844 = CARTESIAN_POINT ( 'NONE',  ( 15.04297226075843419, 71.36128909900689621, -0.000000000000000000 ) ) ;
#2845 = DIRECTION ( 'NONE',  ( 0.000000000000000000, 0.000000000000000000, -1.000000000000000000 ) ) ;
#2846 = APPROVAL_DATE_TIME ( #5916, #9946 ) ;
#2847 = ORIENTED_EDGE ( 'NONE', *, *, #10936, .F. ) ;
#2848 = DATE_TIME_ROLE ( 'classification_date' ) ;
#2849 = CARTESIAN_POINT ( 'NONE',  ( -10.50000000000000000, 1.300000000000000044, -0.09997027095160138099 ) ) ;
#2850 = ORIENTED_EDGE ( 'NONE', *, *, #10369, .T. ) ;
#2851 = CARTESIAN_POINT ( 'NONE',  ( -37.50000000000000000, -10.00000000000000000, 25.00000000000000000 ) ) ;
#2852 = ADVANCED_FACE ( 'NONE', ( #4565 ), #709, .F. ) ;
#2853 = CARTESIAN_POINT ( 'NONE',  ( -22.00000000000000000, 84.00000000000000000, 8.000000000000000000 ) ) ;
#2854 = FACE_OUTER_BOUND ( 'NONE', #11627, .T. ) ;
#2855 = CARTESIAN_POINT ( 'NONE',  ( -9.000000000000000000, 8.000000000000000000, 11.29999999999999893 ) ) ;
#2856 = FACE_BOUND ( 'NONE', #5492, .T. ) ;
#2857 = EDGE_LOOP ( 'NONE', ( #6291, #10755, #12156, #1749 ) ) ;
#2858 = CALENDAR_DATE ( 2026, 21, 9 ) ;
#2859 = CARTESIAN_POINT ( 'NONE',  ( 0.000000000000000000, 0.000000000000000000, 12.00000000000000000 ) ) ;
#2860 = ORIENTED_EDGE ( 'NONE', *, *, #6332, .F. ) ;
#2861 = DIRECTION ( 'NONE',  ( 0.000000000000000000, 0.000000000000000000, 1.000000000000000000 ) ) ;
#2862 = CARTESIAN_POINT ( 'NONE',  ( -21.65666690099399361, 13.55741526174779565, -0.000000000000000000 ) ) ;
#2863 =( NAMED_UNIT ( * ) SI_UNIT ( $, .STERADIAN. ) SOLID_ANGLE_UNIT ( ) );
#2864 = EDGE_CURVE ( 'NONE', #11008, #10790, #3652, .T. ) ;
#2865 = CARTESIAN_POINT ( 'NONE',  ( -21.04297226076289107, -0.000000000000000000, 13.36128909900357442 ) ) ;
#2866 = CARTESIAN_POINT ( 'NONE',  ( 0.000000000000000000, 25.00000000000000000, 90.00000000000000000 ) ) ;
#2867 = CYLINDRICAL_SURFACE ( 'NONE', #6312, 1.700000000000000178 ) ;
#2868 = APPLICATION_CONTEXT ( 'configuration controlled 3d designs of mechanical parts and assemblies' ) ;
#2869 = APPROVAL ( #2100, 'UNKNOWN' ) ;
#2870 = PRODUCT_RELATED_PRODUCT_CATEGORY ( 'detail', '', ( #630 ) ) ;
#2871 = DIRECTION ( 'NONE',  ( 1.000000000000000000, -0.000000000000000000, -0.000000000000000000 ) ) ;
#2872 = CARTESIAN_POINT ( 'NONE',  ( -8.774748043453211466, 0.000000000000000000, 14.70000000000000107 ) ) ;
#2873 = AXIS2_PLACEMENT_3D ( 'NONE', #2945, #7, #11913 ) ;
#2874 = VERTEX_POINT ( 'NONE', #11801 ) ;
#2875 = DIRECTION ( 'NONE',  ( 0.000000000000000000, -1.000000000000000000, 0.000000000000000000 ) ) ;
#2876 = VECTOR ( 'NONE', #7676, 1000.000000000000000 ) ;
#2877 = VERTEX_POINT ( 'NONE', #2777 ) ;
#2878 = LINE ( 'NONE', #10974, #1190 ) ;
#2879 = DIRECTION ( 'NONE',  ( -0.000000000000000000, -1.000000000000000000, -0.000000000000000000 ) ) ;
#2880 = EDGE_CURVE ( 'NONE', #6396, #2908, #6765, .T. ) ;
#2881 = ADVANCED_FACE ( 'NONE', ( #6092 ), #9015, .F. ) ;
#2882 = CARTESIAN_POINT ( 'NONE',  ( -7.957126042965939838, 64.63880920473498293, 0.000000000000000000 ) ) ;
#2883 = CARTESIAN_POINT ( 'NONE',  ( -10.50000000000000000, -1.300000000000000044, -0.09997027095160138099 ) ) ;
#2884 = VECTOR ( 'NONE', #4913, 1000.000000000000000 ) ;
#2885 = ADVANCED_FACE ( 'NONE', ( #10141 ), #4080, .F. ) ;
#2886 = CARTESIAN_POINT ( 'NONE',  ( 24.30000000000000071, -57.00000000000000000, -1.200000000000000030E-05 ) ) ;
#2887 = ORIENTED_EDGE ( 'NONE', *, *, #3938, .T. ) ;
#2888 = VERTEX_POINT ( 'NONE', #8012 ) ;
#2889 = LINE ( 'NONE', #8004, #2761 ) ;
#2890 = DATE_AND_TIME ( #12917, #11882 ) ;
#2891 = ORIENTED_EDGE ( 'NONE', *, *, #2864, .F. ) ;
#2892 = CARTESIAN_POINT ( 'NONE',  ( 21.36119079527021114, -12.95712604296852355, 0.000000000000000000 ) ) ;
#2893 = ORIENTED_EDGE ( 'NONE', *, *, #6207, .T. ) ;
#2894 = AXIS2_PLACEMENT_3D ( 'NONE', #12477, #9563, #3447 ) ;
#2895 = PERSON_AND_ORGANIZATION ( #2675, #9931 ) ;
#2896 = LINE ( 'NONE', #10995, #7752 ) ;
#2897 = CLOSED_SHELL ( 'NONE', ( #5424, #7644, #12449, #7257, #2801, #2666 ) ) ;
#2898 = DIRECTION ( 'NONE',  ( -0.000000000000000000, -1.000000000000000000, -0.000000000000000000 ) ) ;
#2899 = DIRECTION ( 'NONE',  ( -1.000000000000000000, 0.000000000000000000, -0.000000000000000000 ) ) ;
#2900 = AXIS2_PLACEMENT_3D ( 'NONE', #9961, #4778, #8845 ) ;
#2901 = CARTESIAN_POINT ( 'NONE',  ( 14.85848573020187935, 71.48439506952531985, 0.000000000000000000 ) ) ;
#2902 = CARTESIAN_POINT ( 'NONE',  ( -27.69999999999999929, 57.00000000000000000, 0.000000000000000000 ) ) ;
#2903 = PERSON_AND_ORGANIZATION ( #2675, #9931 ) ;
#2904 = ORIENTED_EDGE ( 'NONE', *, *, #11317, .F. ) ;
#2905 = VECTOR ( 'NONE', #1756, 1000.000000000000000 ) ;
#2906 = APPROVAL_ROLE ( '' ) ;
#2907 = CARTESIAN_POINT ( 'NONE',  ( 0.5999999999999998668, 9.000000000000000000, 10.00000000000000000 ) ) ;
#2908 = VERTEX_POINT ( 'NONE', #12111 ) ;
#2909 = DIRECTION ( 'NONE',  ( 1.000000000000000000, 0.000000000000000000, 0.000000000000000000 ) ) ;
#2910 = AXIS2_PLACEMENT_3D ( 'NONE', #10268, #5470, #12528 ) ;
#2911 = PERSON_AND_ORGANIZATION_ROLE ( 'creator' ) ;
#2912 = AXIS2_PLACEMENT_3D ( 'NONE', #3796, #6792, #10834 ) ;
#2913 = LINE ( 'NONE', #6723, #4566 ) ;
#2914 = CARTESIAN_POINT ( 'NONE',  ( 9.028198879604028448, 10.70007593451009598, 9.866875471380067708 ) ) ;
#2915 = APPROVAL_ROLE ( '' ) ;
#2916 = ORIENTED_EDGE ( 'NONE', *, *, #4331, .T. ) ;
#2917 = CARTESIAN_POINT ( 'NONE',  ( -15.70000000000000284, 0.000000000000000000, 2.000000000000000000 ) ) ;
#2918 = VERTEX_POINT ( 'NONE', #3949 ) ;
#2919 = ADVANCED_FACE ( 'NONE', ( #2841 ), #4014, .F. ) ;
#2920 = DIRECTION ( 'NONE',  ( 1.000000000000000000, 0.000000000000000000, 0.000000000000000000 ) ) ;
#2921 = ORIENTED_EDGE ( 'NONE', *, *, #9071, .T. ) ;
#2922 = LINE ( 'NONE', #5762, #5036 ) ;
#2923 = DIRECTION ( 'NONE',  ( -1.000000000000000000, 0.000000000000000000, 0.000000000000000000 ) ) ;
#2924 = VECTOR ( 'NONE', #1738, 1000.000000000000000 ) ;
#2925 = MANIFOLD_SOLID_BREP ( 'Adapter_M3_pair12_REFERENCE', #7952 ) ;
#2926 = CARTESIAN_POINT ( 'NONE',  ( -7.299999999999998934, 66.00000000000000000, -1.200000000000000030E-05 ) ) ;
#2927 = DIRECTION ( 'NONE',  ( -0.000000000000000000, -0.000000000000000000, 1.000000000000000000 ) ) ;
#2928 = FACE_OUTER_BOUND ( 'NONE', #10884, .T. ) ;
#2929 = DIRECTION ( 'NONE',  ( 1.000000000000000000, -0.000000000000000000, -0.000000000000000000 ) ) ;
#2930 = DIRECTION ( 'NONE',  ( -0.000000000000000000, 1.000000000000000000, -0.000000000000000000 ) ) ;
#2931 = ORGANIZATION ( 'NAUO-ORG14', 'UNSPECIFIED', 'UNSPECIFIED' ) ;
#2932 = CARTESIAN_POINT ( 'NONE',  ( -21.48439506952757228, 14.85848573019289454, 0.000000000000000000 ) ) ;
#2933 = LINE ( 'NONE', #11354, #12877 ) ;
#2934 = ORIENTED_EDGE ( 'NONE', *, *, #13011, .T. ) ;
#2935 = ADVANCED_FACE ( 'NONE', ( #8945 ), #12982, .T. ) ;
#2936 = ORIENTED_EDGE ( 'NONE', *, *, #5712, .T. ) ;
#2937 = EDGE_LOOP ( 'NONE', ( #250, #3353, #3202, #2162 ) ) ;
#2938 = B_SPLINE_CURVE_WITH_KNOTS ( 'NONE', 3,
 ( #12589, #7558, #5584, #11718, #11589, #1687, #8610, #10595, #3429, #10525, #549, #419, #9544, #6608, #8409, #4611, #1616, #3493 ),
 .UNSPECIFIED., .F., .F.,
 ( 4, 2, 2, 2, 2, 2, 2, 2, 4 ),
 ( 0.000000000000000000, 0.06250000000000000000, 0.1250000000000000000, 0.1875000000000000000, 0.2500000000000000000, 0.3125000000000000000, 0.3750000000000000000, 0.4375000000000000000, 0.5000000000000000000 ),
 .UNSPECIFIED. ) ;
#2939 = CARTESIAN_POINT ( 'NONE',  ( 0.5999999999999999778, 13.98713694792469120, 0.000000000000000000 ) ) ;
#2940 = AXIS2_PLACEMENT_3D ( 'NONE', #2125, #54, #1109 ) ;
#2941 = LINE ( 'NONE', #1120, #2022 ) ;
#2942 = CC_DESIGN_PERSON_AND_ORGANIZATION_ASSIGNMENT ( #1440, #9432, ( #8715 ) ) ;
#2943 = DIRECTION ( 'NONE',  ( 0.000000000000000000, 0.000000000000000000, -1.000000000000000000 ) ) ;
#2944 = MANIFOLD_SOLID_BREP ( 'V2_REF_electronics_envelope', #8160 ) ;
#2945 = CARTESIAN_POINT ( 'NONE',  ( 6.000000000000000000, 1.300000000000000044, -0.09997027095160138099 ) ) ;
#2946 = VECTOR ( 'NONE', #6894, 1000.000000000000000 ) ;
#2947 = DIRECTION ( 'NONE',  ( 0.000000000000000000, 0.000000000000000000, 1.000000000000000000 ) ) ;
#2948 = DIRECTION ( 'NONE',  ( -1.000000000000000000, 0.000000000000000000, 0.000000000000000000 ) ) ;
#2949 = ORIENTED_EDGE ( 'NONE', *, *, #3119, .F. ) ;
#2950 = ORIENTED_EDGE ( 'NONE', *, *, #10439, .T. ) ;
#2951 = EDGE_CURVE ( 'NONE', #1227, #5376, #826, .T. ) ;
#2952 = CARTESIAN_POINT ( 'NONE',  ( 30.55741526174642075, -0.000000000000000000, 2.343333099006275955 ) ) ;
#2953 = APPROVAL_STATUS ( 'not_yet_approved' ) ;
#2954 = EDGE_CURVE ( 'NONE', #10844, #8434, #8469, .T. ) ;
#2955 = VERTEX_POINT ( 'NONE', #12924 ) ;
#2956 = AXIS2_PLACEMENT_3D ( 'NONE', #8077, #10142, #11128 ) ;
#2957 = LINE ( 'NONE', #4942, #4606 ) ;
#2958 = EDGE_LOOP ( 'NONE', ( #5670, #12154, #233, #6193 ) ) ;
#2959 = EDGE_CURVE ( 'NONE', #11571, #6751, #11055, .T. ) ;
#2960 = DIRECTION ( 'NONE',  ( 0.000000000000000000, 0.000000000000000000, 1.000000000000000000 ) ) ;
#2961 = CYLINDRICAL_SURFACE ( 'NONE', #5069, 1.700000000000000178 ) ;
#2962 = VECTOR ( 'NONE', #6618, 1000.000000000000000 ) ;
#2963 = AXIS2_PLACEMENT_3D ( 'NONE', #6150, #5062, #935 ) ;
#2964 = ORIENTED_EDGE ( 'NONE', *, *, #1806, .T. ) ;
#2965 = CARTESIAN_POINT ( 'NONE',  ( 31.85848573019362817, 0.000000000000000000, 11.51560493047243305 ) ) ;
#2966 = FACE_BOUND ( 'NONE', #4458, .T. ) ;
#2967 = PERSON_AND_ORGANIZATION_ROLE ( 'creator' ) ;
#2968 = EDGE_CURVE ( 'NONE', #5848, #1551, #1079, .T. ) ;
#2969 = ORIENTED_EDGE ( 'NONE', *, *, #10042, .F. ) ;
#2970 = ITEM_DEFINED_TRANSFORMATION ( 'NONE', 'NONE', #10363,  #6542 ) ;
#2971 = CARTESIAN_POINT ( 'NONE',  ( 0.000000000000000000, 0.000000000000000000, 0.000000000000000000 ) ) ;
#2972 = ORIENTED_EDGE ( 'NONE', *, *, #2235, .T. ) ;
#2973 = EDGE_CURVE ( 'NONE', #9451, #6643, #11930, .T. ) ;
#2974 = CARTESIAN_POINT ( 'NONE',  ( -10.69999999999999929, 57.00000000000000000, -1.200000000000000030E-05 ) ) ;
#2976 = EDGE_CURVE ( 'NONE', #7322, #11494, #4887, .T. ) ;
#2975 = ADVANCED_FACE ( 'NONE', ( #2023 ), #890, .F. ) ;
#2977 = AXIS2_PLACEMENT_3D ( 'NONE', #1774, #11935, #714 ) ;
#2978 = CARTESIAN_POINT ( 'NONE',  ( 35.00000000000000000, 14.00000000000000000, 0.000000000000000000 ) ) ;
#2979 = DIRECTION ( 'NONE',  ( 0.000000000000000000, -1.000000000000000000, 0.000000000000000000 ) ) ;
#2980 = CARTESIAN_POINT ( 'NONE',  ( 9.511064628574491309, 10.27374944521859668, 8.868648734014357160 ) ) ;
#2981 = ORIENTED_EDGE ( 'NONE', *, *, #1232, .F. ) ;
#2982 = CARTESIAN_POINT ( 'NONE',  ( 30.77491600511513425, 55.30006951123652925, 0.000000000000000000 ) ) ;
#2983 = AXIS2_PLACEMENT_3D ( 'NONE', #5794, #3021, #6825 ) ;
#2984 = COORDINATED_UNIVERSAL_TIME_OFFSET ( 5, 0, .BEHIND. ) ;
#2985 = CARTESIAN_POINT ( 'NONE',  ( 0.000000000000000000, 0.000000000000000000, 90.00000000000000000 ) ) ;
#2986 = VERTEX_POINT ( 'NONE', #9942 ) ;
#2987 = FACE_OUTER_BOUND ( 'NONE', #3410, .T. ) ;
#2988 = CARTESIAN_POINT ( 'NONE',  ( 32.70000000000000284, 66.00000000000000000, 5.000000000000000000 ) ) ;
#2989 = CARTESIAN_POINT ( 'NONE',  ( 20.22508399488682329, -15.70006951123578709, -0.000000000000000000 ) ) ;
#2990 = FACE_OUTER_BOUND ( 'NONE', #12340, .T. ) ;
#2991 = AXIS2_PLACEMENT_3D ( 'NONE', #6592, #6468, #2542 ) ;
#2992 = AXIS2_PLACEMENT_3D ( 'NONE', #1405, #12443, #2139 ) ;
#2993 = DIRECTION ( 'NONE',  ( 0.000000000000000000, 0.000000000000000000, -1.000000000000000000 ) ) ;
#2994 = DIRECTION ( 'NONE',  ( -0.000000000000000000, 1.000000000000000000, -0.000000000000000000 ) ) ;
#2995 = CARTESIAN_POINT ( 'NONE',  ( 31.00000000000000000, 59.50000000000000000, 4.000000000000000000 ) ) ;
#2996 = CARTESIAN_POINT ( 'NONE',  ( 0.5999999999999999778, 18.99052395275075256, 4.000000000000000000 ) ) ;
#2997 = DIRECTION ( 'NONE',  ( 1.000000000000000000, 0.000000000000000000, 0.000000000000000000 ) ) ;
#2998 = ORIENTED_EDGE ( 'NONE', *, *, #5146, .F. ) ;
#2999 = CC_DESIGN_APPROVAL ( #2407, ( #10376 ) ) ;
#3000 = FACE_OUTER_BOUND ( 'NONE', #12152, .T. ) ;
#3001 = ORIENTED_EDGE ( 'NONE', *, *, #263, .F. ) ;
#3002 = CARTESIAN_POINT ( 'NONE',  ( -19.00000000000000000, 0.000000000000000000, 0.000000000000000000 ) ) ;
#3003 = DIRECTION ( 'NONE',  ( -0.000000000000000000, 1.000000000000000000, -0.000000000000000000 ) ) ;
#3004 = DIRECTION ( 'NONE',  ( -1.000000000000000000, 0.000000000000000000, -0.000000000000000000 ) ) ;
#3005 = APPROVAL_PERSON_ORGANIZATION ( #7208, #8503, #5250 ) ;
#3006 = EDGE_CURVE ( 'NONE', #7462, #4247, #2896, .T. ) ;
#3007 = CARTESIAN_POINT ( 'NONE',  ( 15.19999999999999929, -2.000000000000000000, -1.200000000000000030E-05 ) ) ;
#3008 = CARTESIAN_POINT ( 'NONE',  ( -12.90000000000000036, 0.000000000000000000, -1.200000000000000030E-05 ) ) ;
#3009 = CARTESIAN_POINT ( 'NONE',  ( 0.6000001017321888730, 2.529941645714209653, -8.999999999999988370E-06 ) ) ;
#3010 = ORIENTED_EDGE ( 'NONE', *, *, #11018, .T. ) ;
#3011 = EDGE_LOOP ( 'NONE', ( #12253, #5798 ) ) ;
#3012 = CC_DESIGN_PERSON_AND_ORGANIZATION_ASSIGNMENT ( #1766, #4006, ( #12252 ) ) ;
#3013 = CARTESIAN_POINT ( 'NONE',  ( 30.14134607987218928, 0.000000000000000000, 5.484325342115313973 ) ) ;
#3014 = ITEM_DEFINED_TRANSFORMATION ( 'NONE', 'NONE', #8023,  #6542 ) ;
#3015 = EDGE_LOOP ( 'NONE', ( #10485, #1202, #4665, #5255 ) ) ;
#3016 = SECURITY_CLASSIFICATION ( '', '', #6629 ) ;
#3017 = ORIENTED_EDGE ( 'NONE', *, *, #3041, .T. ) ;
#3018 = CARTESIAN_POINT ( 'NONE',  ( 12.00000000000000000, -12.00000000000000000, 0.000000000000000000 ) ) ;
#3019 = CARTESIAN_POINT ( 'NONE',  ( 0.000000000000000000, 72.50000000000000000, 0.000000000000000000 ) ) ;
#3020 = EDGE_CURVE ( 'NONE', #10990, #8711, #8891, .T. ) ;
#3021 = DIRECTION ( 'NONE',  ( 1.000000000000000000, -0.000000000000000000, -0.000000000000000000 ) ) ;
#3022 = CC_DESIGN_APPROVAL ( #5361, ( #5 ) ) ;
#3023 = DIRECTION ( 'NONE',  ( 0.000000000000000000, 0.000000000000000000, 1.000000000000000000 ) ) ;
#3024 = ADVANCED_FACE ( 'NONE', ( #8828 ), #12859, .F. ) ;
#3025 = CC_DESIGN_PERSON_AND_ORGANIZATION_ASSIGNMENT ( #12079, #4849, ( #12180 ) ) ;
#3026 = ORIENTED_EDGE ( 'NONE', *, *, #5781, .F. ) ;
#3027 = CC_DESIGN_DATE_AND_TIME_ASSIGNMENT ( #6367, #4203, ( #510 ) ) ;
#3028 = MANIFOLD_SOLID_BREP ( 'Ear_holes_REFERENCE_47x10', #793 ) ;
#3029 = CARTESIAN_POINT ( 'NONE',  ( 0.000000000000000000, 0.000000000000000000, 4.000000000000000000 ) ) ;
#3030 = DIRECTION ( 'NONE',  ( 0.000000000000000000, 0.000000000000000000, -1.000000000000000000 ) ) ;
#3031 = CALENDAR_DATE ( 2026, 21, 9 ) ;
#3032 = VERTEX_POINT ( 'NONE', #7076 ) ;
#3033 = VERTEX_POINT ( 'NONE', #11125 ) ;
#3034 = CONTEXT_DEPENDENT_SHAPE_REPRESENTATION ( #12905, #8338 ) ;
#3035 = CARTESIAN_POINT ( 'NONE',  ( 15.00000000000000000, -5.000000000000000000, 28.00000000000000000 ) ) ;
#3036 = LINE ( 'NONE', #9157, #146 ) ;
#3037 = EDGE_CURVE ( 'NONE', #8721, #885, #7831, .T. ) ;
#3039 = EDGE_CURVE ( 'NONE', #8304, #6257, #1444, .T. ) ;
#3038 = CARTESIAN_POINT ( 'NONE',  ( 8.000000000000000000, 9.797174393178825657E-16, 5.000000000000000000 ) ) ;
#3040 = CARTESIAN_POINT ( 'NONE',  ( 10.01810743134690185, 9.782858279599741635, 11.52233131936447386 ) ) ;
#3041 = EDGE_CURVE ( 'NONE', #3871, #10212, #9966, .T. ) ;
#3042 = ORIENTED_EDGE ( 'NONE', *, *, #244, .T. ) ;
#3043 = DIRECTION ( 'NONE',  ( 0.000000000000000000, 0.000000000000000000, -1.000000000000000000 ) ) ;
#3044 = SECURITY_CLASSIFICATION_LEVEL ( 'unclassified' ) ;
#3045 = LINE ( 'NONE', #11152, #12981 ) ;
#3046 = ORIENTED_EDGE ( 'NONE', *, *, #911, .F. ) ;
#3047 = CARTESIAN_POINT ( 'NONE',  ( 31.19999999999999929, 80.50000000000000000, -1.200000000000000030E-05 ) ) ;
#3048 = MANIFOLD_SOLID_BREP ( 'Support_and_servo_mount_M3_clearance', #8602 ) ;
#3049 = EDGE_LOOP ( 'NONE', ( #5474, #12751, #7570, #2704 ) ) ;
#3050 = DIRECTION ( 'NONE',  ( -0.000000000000000000, -1.000000000000000000, -0.000000000000000000 ) ) ;
#3051 = CARTESIAN_POINT ( 'NONE',  ( 21.36128909900305572, -15.04297226076379168, -0.000000000000000000 ) ) ;
#3052 = DIRECTION ( 'NONE',  ( -0.000000000000000000, -0.000000000000000000, -1.000000000000000000 ) ) ;
#3053 = FACE_OUTER_BOUND ( 'NONE', #7950, .T. ) ;
#3054 = DIRECTION ( 'NONE',  ( 1.000000000000000000, 0.000000000000000000, 0.000000000000000000 ) ) ;
#3055 = PERSON_AND_ORGANIZATION_ROLE ( 'creator' ) ;
#3056 = LINE ( 'NONE', #11903, #12996 ) ;
#3057 = ORIENTED_EDGE ( 'NONE', *, *, #2107, .T. ) ;
#3058 = DIRECTION ( 'NONE',  ( 1.000000000000000000, 0.000000000000000000, 0.000000000000000000 ) ) ;
#3059 = CARTESIAN_POINT ( 'NONE',  ( -11.46349721022022905, 8.039232687730914151, 7.079762322145246145 ) ) ;
#3060 = AXIS2_PLACEMENT_3D ( 'NONE', #11945, #2736, #5808 ) ;
#3061 = FACE_OUTER_BOUND ( 'NONE', #4999, .T. ) ;
#3062 = CYLINDRICAL_SURFACE ( 'NONE', #2724, 1.700000000000000178 ) ;
#3063 = MANIFOLD_SOLID_BREP ( 'Servo_ears_relief_v3', #11948 ) ;
#3064 = FACE_OUTER_BOUND ( 'NONE', #6035, .T. ) ;
#3065 = DIRECTION ( 'NONE',  ( 0.000000000000000000, 0.000000000000000000, -1.000000000000000000 ) ) ;
#3066 = CARTESIAN_POINT ( 'NONE',  ( -28.00000000000000000, 8.000000000000000000, 0.000000000000000000 ) ) ;
#3067 = CIRCLE ( 'NONE', #4346, 1.700000000000000178 ) ;
#3068 = ORIENTED_EDGE ( 'NONE', *, *, #322, .T. ) ;
#3069 = ORIENTED_EDGE ( 'NONE', *, *, #8777, .F. ) ;
#3070 = CARTESIAN_POINT ( 'NONE',  ( 30.14146106821227278, -0.000000000000000000, 2.515476490455347935 ) ) ;
#3071 = ORIENTED_EDGE ( 'NONE', *, *, #10050, .F. ) ;
#3072 = ADVANCED_FACE ( 'NONE', ( #3359 ), #11397, .F. ) ;
#3073 = CARTESIAN_POINT ( 'NONE',  ( -15.19999999999999929, -2.000000000000000000, 3.000000000000000000 ) ) ;
#3074 = ORIENTED_EDGE ( 'NONE', *, *, #4258, .T. ) ;
#3075 = AXIS2_PLACEMENT_3D ( 'NONE', #11311, #10190, #1122 ) ;
#3076 = FACE_BOUND ( 'NONE', #10201, .T. ) ;
#3077 = VECTOR ( 'NONE', #10585, 1000.000000000000000 ) ;
#3078 = DIRECTION ( 'NONE',  ( 0.000000000000000000, -0.000000000000000000, 1.000000000000000000 ) ) ;
#3079 = DIRECTION ( 'NONE',  ( -1.000000000000000000, -0.000000000000000000, -0.000000000000000000 ) ) ;
#3080 = DIRECTION ( 'NONE',  ( 0.000000000000000000, -1.000000000000000000, 0.000000000000000000 ) ) ;
#3081 = ORIENTED_EDGE ( 'NONE', *, *, #3733, .F. ) ;
#3082 = ORIENTED_EDGE ( 'NONE', *, *, #4902, .F. ) ;
#3083 = CARTESIAN_POINT ( 'NONE',  ( 32.69993048876345654, 0.000000000000000000, 13.22508399488450515 ) ) ;
#3084 = DIRECTION ( 'NONE',  ( 0.000000000000000000, -0.000000000000000000, -1.000000000000000000 ) ) ;
#3085 = VECTOR ( 'NONE', #5273, 1000.000000000000000 ) ;
#3086 = PERSON_AND_ORGANIZATION_ROLE ( 'design_owner' ) ;
#3087 = VECTOR ( 'NONE', #11148, 1000.000000000000000 ) ;
#3088 = ORIENTED_EDGE ( 'NONE', *, *, #911, .T. ) ;
#3089 = ORIENTED_EDGE ( 'NONE', *, *, #7387, .F. ) ;
#3090 = APPROVAL_ROLE ( '' ) ;
#3091 = EDGE_CURVE ( 'NONE', #3365, #1525, #80, .T. ) ;
#3092 = DIRECTION ( 'NONE',  ( -0.000000000000000000, -0.000000000000000000, 1.000000000000000000 ) ) ;
#3093 = VERTEX_POINT ( 'NONE', #6375 ) ;
#3094 = DIRECTION ( 'NONE',  ( -0.000000000000000000, 1.000000000000000000, -0.000000000000000000 ) ) ;
#3095 = CC_DESIGN_PERSON_AND_ORGANIZATION_ASSIGNMENT ( #9826, #775, ( #11235 ) ) ;
#3096 = DIRECTION ( 'NONE',  ( 0.000000000000000000, 0.000000000000000000, 1.000000000000000000 ) ) ;
#3097 = CIRCLE ( 'NONE', #7307, 1.700000000000000178 ) ;
#3098 = CARTESIAN_POINT ( 'NONE',  ( 137.7000000000000171, 0.000000000000000000, 6.000000000000000000 ) ) ;
#3099 = CARTESIAN_POINT ( 'NONE',  ( 14.00000000000000000, 1.714505518806294638E-15, 16.00000000000000000 ) ) ;
#3100 = AXIS2_PLACEMENT_3D ( 'NONE', #6041, #10085, #9097 ) ;
#3101 = VERTEX_POINT ( 'NONE', #1216 ) ;
#3102 = LINE ( 'NONE', #6049, #116 ) ;
#3103 = ITEM_DEFINED_TRANSFORMATION ( 'NONE', 'NONE', #10980,  #6542 ) ;
#3104 = EDGE_CURVE ( 'NONE', #6620, #1951, #3223, .T. ) ;
#3105 = CARTESIAN_POINT ( 'NONE',  ( -12.80000000000000071, 2.000000000000000000, 0.000000000000000000 ) ) ;
#3106 = CIRCLE ( 'NONE', #8367, 14.00000000000000000 ) ;
#3107 = APPLICATION_CONTEXT ( 'configuration controlled 3d designs of mechanical parts and assemblies' ) ;
#3108 = VERTEX_POINT ( 'NONE', #3153 ) ;
#3109 = ADVANCED_FACE ( 'NONE', ( #7152, #5189, #6295, #9422, #358 ), #7439, .F. ) ;
#3110 = CARTESIAN_POINT ( 'NONE',  ( 32.65666690099399005, 66.44258473824999101, -0.000000000000000000 ) ) ;
#3111 = ORIENTED_EDGE ( 'NONE', *, *, #8496, .T. ) ;
#3112 = LINE ( 'NONE', #11293, #1658 ) ;
#3113 = DIRECTION ( 'NONE',  ( -1.000000000000000000, 0.000000000000000000, 0.000000000000000000 ) ) ;
#3114 = EDGE_CURVE ( 'NONE', #8886, #8711, #6160, .T. ) ;
#3115 = VECTOR ( 'NONE', #877, 1000.000000000000000 ) ;
#3116 = PLANE ( 'NONE',  #10569 ) ;
#3117 = ADVANCED_BREP_SHAPE_REPRESENTATION ( '', ( #7498, #6542 ), #650 ) ;
#3118 = CARTESIAN_POINT ( 'NONE',  ( -27.69999999999999929, -57.00000000000000000, -1.200000000000000030E-05 ) ) ;
#3119 = EDGE_CURVE ( 'NONE', #1400, #353, #8604, .T. ) ;
#3120 = AXIS2_PLACEMENT_3D ( 'NONE', #11520, #6282, #8533 ) ;
#3121 = DIRECTION ( 'NONE',  ( -1.000000000000000000, 0.000000000000000000, 0.000000000000000000 ) ) ;
#3122 = VECTOR ( 'NONE', #1914, 1000.000000000000000 ) ;
#3123 = ORIENTED_EDGE ( 'NONE', *, *, #2640, .T. ) ;
#3124 = CC_DESIGN_APPROVAL ( #6299, ( #12180 ) ) ;
#3125 = AXIS2_PLACEMENT_3D ( 'NONE', #2422, #1192, #12444 ) ;
#3126 = VERTEX_POINT ( 'NONE', #6221 ) ;
#3127 = ORIENTED_EDGE ( 'NONE', *, *, #4718, .T. ) ;
#3128 = ORIENTED_EDGE ( 'NONE', *, *, #4093, .T. ) ;
#3129 = CARTESIAN_POINT ( 'NONE',  ( 100.0000000000000142, 222.5833024919770082, -40.00000000000000000 ) ) ;
#3130 = CARTESIAN_POINT ( 'NONE',  ( -6.000000000000000000, 1.300000000000000044, 0.000000000000000000 ) ) ;
#3131 = DIRECTION ( 'NONE',  ( -0.000000000000000000, -0.000000000000000000, -1.000000000000000000 ) ) ;
#3132 = CARTESIAN_POINT ( 'NONE',  ( 0.000000000000000000, 0.000000000000000000, 5.000000000000000000 ) ) ;
#3133 = ADVANCED_FACE ( 'NONE', ( #10266 ), #3567, .F. ) ;
#3134 = DIRECTION ( 'NONE',  ( -1.000000000000000000, 0.000000000000000000, -0.000000000000000000 ) ) ;
#3135 = EDGE_CURVE ( 'NONE', #11227, #5360, #11789, .T. ) ;
#3136 = AXIS2_PLACEMENT_3D ( 'NONE', #3236, #1153, #5205 ) ;
#3137 = APPROVAL_PERSON_ORGANIZATION ( #5561, #12215, #5493 ) ;
#3138 = DIRECTION ( 'NONE',  ( 1.000000000000000000, 0.000000000000000000, 0.000000000000000000 ) ) ;
#3139 = CARTESIAN_POINT ( 'NONE',  ( -10.72380529476361133, 9.000000000000000000, 8.300000000000000711 ) ) ;
#3140 = LINE ( 'NONE', #13034, #8435 ) ;
#3141 = DIRECTION ( 'NONE',  ( 1.000000000000000000, 0.000000000000000000, 0.000000000000000000 ) ) ;
#3143 = EDGE_LOOP ( 'NONE', ( #12424, #12019 ) ) ;
#3142 = PERSON_AND_ORGANIZATION_ROLE ( 'creator' ) ;
#3144 = VERTEX_POINT ( 'NONE', #7499 ) ;
#3145 = CARTESIAN_POINT ( 'NONE',  ( -2.500000000000000000, 0.000000000000000000, 0.000000000000000000 ) ) ;
#3146 = CALENDAR_DATE ( 2026, 21, 9 ) ;
#3147 = PERSON_AND_ORGANIZATION_ROLE ( 'creator' ) ;
#3148 = ORIENTED_EDGE ( 'NONE', *, *, #6922, .T. ) ;
#3149 = CC_DESIGN_APPROVAL ( #2475, ( #10724 ) ) ;
#3150 = EDGE_LOOP ( 'NONE', ( #5138, #5839, #9599, #7672 ) ) ;
#3151 = CARTESIAN_POINT ( 'NONE',  ( -13.77491600510831482, 71.69993048876644082, 0.000000000000000000 ) ) ;
#3152 = AXIS2_PLACEMENT_3D ( 'NONE', #9295, #8355, #12271 ) ;
#3153 = CARTESIAN_POINT ( 'NONE',  ( 20.00000000000000000, -6.000000000000000152E-06, 10.30000000000000071 ) ) ;
#3154 = CARTESIAN_POINT ( 'NONE',  ( 5.557415261748692714, -7.343333099005485032, 0.000000000000000000 ) ) ;
#3155 = CARTESIAN_POINT ( 'NONE',  ( -15.59999999999999964, 72.50000000000000000, -1.200000000000000030E-05 ) ) ;
#3156 = EDGE_CURVE ( 'NONE', #9636, #4170, #3748, .T. ) ;
#3157 = EDGE_LOOP ( 'NONE', ( #11121, #11358, #8537, #9417 ) ) ;
#3158 = CARTESIAN_POINT ( 'NONE',  ( 0.000000000000000000, 0.000000000000000000, 5.000000000000000000 ) ) ;
#3159 = ORIENTED_EDGE ( 'NONE', *, *, #6340, .F. ) ;
#3160 = MANIFOLD_SOLID_BREP ( 'Servo_foot_M3', #5667 ) ;
#3161 = CARTESIAN_POINT ( 'NONE',  ( 16.00000000000000000, 6.000000000000000000, 18.00000000000000355 ) ) ;
#3162 = CARTESIAN_POINT ( 'NONE',  ( 136.0000000000000000, 0.000000000000000000, -1.200000000000000030E-05 ) ) ;
#3163 = CIRCLE ( 'NONE', #1878, 1.700000000000000178 ) ;
#3164 = CALENDAR_DATE ( 2026, 21, 9 ) ;
#3165 = ORIENTED_EDGE ( 'NONE', *, *, #12915, .F. ) ;
#3166 = CALENDAR_DATE ( 2026, 21, 9 ) ;
#3167 = CYLINDRICAL_SURFACE ( 'NONE', #11304, 1.700000000000007061 ) ;
#3168 = EDGE_LOOP ( 'NONE', ( #4325, #12842, #10412, #3498 ) ) ;
#3169 = CIRCLE ( 'NONE', #2103, 1.700000000000000178 ) ;
#3170 = DIRECTION ( 'NONE',  ( 0.000000000000000000, 0.000000000000000000, -1.000000000000000000 ) ) ;
#3171 = APPROVAL_DATE_TIME ( #12199, #1663 ) ;
#3172 = AXIS2_PLACEMENT_3D ( 'NONE', #10768, #4654, #11702 ) ;
#3173 = LINE ( 'NONE', #7096, #3829 ) ;
#3174 = AXIS2_PLACEMENT_3D ( 'NONE', #3751, #7689, #4624 ) ;
#3175 = LINE ( 'NONE', #4234, #12972 ) ;
#3176 = EDGE_CURVE ( 'NONE', #8886, #7166, #7750, .T. ) ;
#3178 = AXIS2_PLACEMENT_3D ( 'NONE', #3325, #7331, #11369 ) ;
#3177 = DIRECTION ( 'NONE',  ( 1.000000000000000000, 0.000000000000000000, 0.000000000000000000 ) ) ;
#3179 = ORIENTED_EDGE ( 'NONE', *, *, #1410, .F. ) ;
#3180 = LINE ( 'NONE', #967, #345 ) ;
#3181 = VERTEX_POINT ( 'NONE', #1559 ) ;
#3182 = CC_DESIGN_PERSON_AND_ORGANIZATION_ASSIGNMENT ( #11360, #4446, ( #3584 ) ) ;
#3183 = VECTOR ( 'NONE', #11087, 1000.000000000000000 ) ;
#3184 = CARTESIAN_POINT ( 'NONE',  ( -12.00000000000000000, 12.00000000000000000, 0.000000000000000000 ) ) ;
#3185 = DIRECTION ( 'NONE',  ( 1.000000000000000000, 0.000000000000000000, 0.000000000000000000 ) ) ;
#3186 = EDGE_LOOP ( 'NONE', ( #11480, #12442 ) ) ;
#3187 = CARTESIAN_POINT ( 'NONE',  ( 20.85853893179037755, -15.48452350954349122, -0.000000000000000000 ) ) ;
#3188 = CARTESIAN_POINT ( 'NONE',  ( 0.5999999999999998668, 9.000000000000000000, 10.00000000000000000 ) ) ;
#3189 = DIRECTION ( 'NONE',  ( 1.000000000000000000, 0.000000000000000000, 0.000000000000000000 ) ) ;
#3190 = PRODUCT_DEFINITION_SHAPE ( 'NONE', 'NONE',  #7371 ) ;
#3191 =( GEOMETRIC_REPRESENTATION_CONTEXT ( 3 ) GLOBAL_UNCERTAINTY_ASSIGNED_CONTEXT ( ( #7431 ) ) GLOBAL_UNIT_ASSIGNED_CONTEXT ( ( #9700, #5791, #9268 ) ) REPRESENTATION_CONTEXT ( 'NONE', 'WORKASPACE' ) );
#3192 = FACE_OUTER_BOUND ( 'NONE', #7700, .T. ) ;
#3194 = EDGE_CURVE ( 'NONE', #6698, #5409, #10605, .T. ) ;
#3193 = LINE ( 'NONE', #2131, #827 ) ;
#3195 = VECTOR ( 'NONE', #11213, 1000.000000000000000 ) ;
#3196 = ADVANCED_FACE ( 'NONE', ( #1623 ), #12596, .T. ) ;
#3197 = PERSON_AND_ORGANIZATION ( #2675, #9931 ) ;
#3198 = CARTESIAN_POINT ( 'NONE',  ( -32.00000000000000000, -5.000000000000000000, 25.00000000000000000 ) ) ;
#3199 = VECTOR ( 'NONE', #7046, 1000.000000000000000 ) ;
#3200 = ORIENTED_EDGE ( 'NONE', *, *, #5385, .T. ) ;
#3201 = APPROVAL ( #10064, 'ๆช' ) ;
#3202 = ORIENTED_EDGE ( 'NONE', *, *, #17, .F. ) ;
#3203 = VERTEX_POINT ( 'NONE', #4485 ) ;
#3204 = CARTESIAN_POINT ( 'NONE',  ( 123.3435244795093411, 253.2154729155746793, 20.99999999999999645 ) ) ;
#3205 = DIRECTION ( 'NONE',  ( -1.000000000000000000, 0.000000000000000000, 0.000000000000000000 ) ) ;
#3206 = CARTESIAN_POINT ( 'NONE',  ( -9.858485730194315622, 55.51560493047169587, 0.000000000000000000 ) ) ;
#3207 = LINE ( 'NONE', #11177, #1151 ) ;
#3208 = CARTESIAN_POINT ( 'NONE',  ( 1.850048096021194244, 1.832503310753067938, 0.000000000000000000 ) ) ;
#3210 = ADVANCED_FACE ( 'NONE', ( #2762 ), #8621, .T. ) ;
#3209 = PLANE ( 'NONE',  #3727 ) ;
#3211 = EDGE_CURVE ( 'NONE', #9577, #3753, #11670, .T. ) ;
#3212 = CC_DESIGN_SECURITY_CLASSIFICATION ( #1521, ( #1740 ) ) ;
#3213 = CARTESIAN_POINT ( 'NONE',  ( -1.000000000000000000, 27.50000000000000000, 58.00000000000000000 ) ) ;
#3214 = ORIENTED_EDGE ( 'NONE', *, *, #5779, .F. ) ;
#3215 = ORIENTED_EDGE ( 'NONE', *, *, #5963, .F. ) ;
#3216 = EDGE_CURVE ( 'NONE', #5773, #2201, #10664, .T. ) ;
#3217 = DESIGN_CONTEXT ( 'detailed design', #9442, 'design' ) ;
#3218 = DATE_AND_TIME ( #6214, #10613 ) ;
#3219 = ORIENTED_EDGE ( 'NONE', *, *, #6315, .F. ) ;
#3220 = ORIENTED_EDGE ( 'NONE', *, *, #914, .F. ) ;
#3221 = DIRECTION ( 'NONE',  ( 0.000000000000000000, 1.000000000000000000, 0.000000000000000000 ) ) ;
#3222 = LOCAL_TIME ( 12, 23, 50.00000000000000000, #1668 ) ;
#3223 = LINE ( 'NONE', #9284, #7552 ) ;
#3224 = DIRECTION ( 'NONE',  ( -1.000000000000000000, -0.000000000000000000, -0.000000000000000000 ) ) ;
#3225 = CARTESIAN_POINT ( 'NONE',  ( -12.00000000000000000, 7.000000000000000000, 15.00000000000000000 ) ) ;
#3226 = DIRECTION ( 'NONE',  ( 1.000000000000000000, -0.000000000000000000, 0.000000000000000000 ) ) ;
#3227 = ORIENTED_EDGE ( 'NONE', *, *, #2594, .T. ) ;
#3228 = LOCAL_TIME ( 12, 23, 50.00000000000000000, #12932 ) ;
#3229 = CARTESIAN_POINT ( 'NONE',  ( 32.36128909900690331, -0.000000000000000000, 14.04297226075843597 ) ) ;
#3230 = B_SPLINE_CURVE_WITH_KNOTS ( 'NONE', 3,
 ( #431, #8485, #1627, #2638, #8625, #9492, #10607, #9425, #1433, #1562, #361, #10537, #2441, #2507, #4422, #5657, #1359, #9616 ),
 .UNSPECIFIED., .F., .F.,
 ( 4, 2, 2, 2, 2, 2, 2, 2, 4 ),
 ( 0.5000000000000000000, 0.5625000000000000000, 0.6250000000000000000, 0.6875000000000000000, 0.7500000000000000000, 0.8125000000000000000, 0.8750000000000000000, 0.9375000000000000000, 1.000000000000000000 ),
 .UNSPECIFIED. ) ;
#3231 = CARTESIAN_POINT ( 'NONE',  ( 18.63871090099441830, -0.000000000000000000, 10.95702773923875206 ) ) ;
#3232 = COORDINATED_UNIVERSAL_TIME_OFFSET ( 5, 0, .BEHIND. ) ;
#3233 = CALENDAR_DATE ( 2026, 21, 9 ) ;
#3234 = CARTESIAN_POINT ( 'NONE',  ( 20.00000000000000000, 12.00000000000000000, 2.000000000000000000 ) ) ;
#3235 = ORIENTED_EDGE ( 'NONE', *, *, #6963, .F. ) ;
#3236 = CARTESIAN_POINT ( 'NONE',  ( 0.000000000000000000, 0.000000000000000000, -1.200000000000000030E-05 ) ) ;
#3237 = APPROVAL_STATUS ( 'not_yet_approved' ) ;
#3238 = DIRECTION ( 'NONE',  ( 0.000000000000000000, 0.000000000000000000, -1.000000000000000000 ) ) ;
#3239 = CC_DESIGN_APPROVAL ( #2223, ( #10028 ) ) ;
#3240 = LINE ( 'NONE', #166, #205 ) ;
#3241 = DIRECTION ( 'NONE',  ( 0.000000000000000000, 0.000000000000000000, -1.000000000000000000 ) ) ;
#3242 = CARTESIAN_POINT ( 'NONE',  ( 20.22508399488681974, 12.29993048876420580, -0.000000000000000000 ) ) ;
#3243 = DIRECTION ( 'NONE',  ( 1.000000000000000000, 0.000000000000000000, 0.000000000000000000 ) ) ;
#3244 = DIRECTION ( 'NONE',  ( -0.000000000000000000, -0.000000000000000000, -1.000000000000000000 ) ) ;
#3245 = ORIENTED_EDGE ( 'NONE', *, *, #5922, .F. ) ;
#3246 = CARTESIAN_POINT ( 'NONE',  ( 31.22508399488487285, 55.29993048876347927, -0.000000000000000000 ) ) ;
#3247 = ORIENTED_EDGE ( 'NONE', *, *, #2400, .F. ) ;
#3248 = DIRECTION ( 'NONE',  ( -1.000000000000000000, 0.000000000000000000, 0.000000000000000000 ) ) ;
#3249 = SHAPE_REPRESENTATION ( 'V3_06_horn_coupler', ( #6542 ), #8455 ) ;
#3250 = VERTEX_POINT ( 'NONE', #428 ) ;
#3251 = CARTESIAN_POINT ( 'NONE',  ( 0.000000000000000000, 70.00000000000000000, 8.000000000000000000 ) ) ;
#3252 = ORIENTED_EDGE ( 'NONE', *, *, #7382, .T. ) ;
#3253 = ADVANCED_FACE ( 'NONE', ( #6560 ), #1495, .F. ) ;
#3254 = CYLINDRICAL_SURFACE ( 'NONE', #994, 1.699999999999998401 ) ;
#3255 =( NAMED_UNIT ( * ) SI_UNIT ( $, .STERADIAN. ) SOLID_ANGLE_UNIT ( ) );
#3256 = DIRECTION ( 'NONE',  ( 1.000000000000000000, 0.000000000000000000, 0.000000000000000000 ) ) ;
#3257 = CARTESIAN_POINT ( 'NONE',  ( 14.00000000000000000, 70.00000000000000000, -1.200000000000000030E-05 ) ) ;
#3258 = LINE ( 'NONE', #4051, #4400 ) ;
#3259 = DIRECTION ( 'NONE',  ( 1.000000000000000000, 0.000000000000000000, 0.000000000000000000 ) ) ;
#3260 = CYLINDRICAL_SURFACE ( 'NONE', #11392, 1.700000000000000178 ) ;
#3261 = ORIENTED_EDGE ( 'NONE', *, *, #8250, .T. ) ;
#3262 = EDGE_LOOP ( 'NONE', ( #12630, #2772, #8443, #7106 ) ) ;
#3263 = VERTEX_POINT ( 'NONE', #627 ) ;
#3264 = EDGE_LOOP ( 'NONE', ( #11927, #5003, #1888, #6840 ) ) ;
#3265 = DIRECTION ( 'NONE',  ( 0.000000000000000000, 0.000000000000000000, 1.000000000000000000 ) ) ;
#3266 = EDGE_CURVE ( 'NONE', #4716, #2918, #11601, .T. ) ;
#3267 = AXIS2_PLACEMENT_3D ( 'NONE', #3732, #5942, #8792 ) ;
#3268 = CARTESIAN_POINT ( 'NONE',  ( 24.30000000000000071, 45.00000000000000000, 5.000000000000000000 ) ) ;
#3269 = CARTESIAN_POINT ( 'NONE',  ( -10.04297226076124794, 55.63871090099441830, -0.000000000000000000 ) ) ;
#3270 = DIRECTION ( 'NONE',  ( -1.000000000000000000, 0.000000000000000000, 0.000000000000000000 ) ) ;
#3271 = CC_DESIGN_DATE_AND_TIME_ASSIGNMENT ( #4700, #10483, ( #9885 ) ) ;
#3272 = CC_DESIGN_PERSON_AND_ORGANIZATION_ASSIGNMENT ( #2149, #7425, ( #234 ) ) ;
#3273 = PLANE ( 'NONE',  #11072 ) ;
#3274 = COORDINATED_UNIVERSAL_TIME_OFFSET ( 5, 0, .BEHIND. ) ;
#3275 = CARTESIAN_POINT ( 'NONE',  ( -0.6000001182283757339, 2.529936706146719949, -8.999999999999988370E-06 ) ) ;
#3276 = CARTESIAN_POINT ( 'NONE',  ( -14.44263793983979838, 68.34320465898694863, -0.000000000000000000 ) ) ;
#3277 = VERTEX_POINT ( 'NONE', #6754 ) ;
#3278 = ORIENTED_EDGE ( 'NONE', *, *, #5813, .T. ) ;
#3279 = CARTESIAN_POINT ( 'NONE',  ( -8.000000000000000000, 0.000000000000000000, 0.000000000000000000 ) ) ;
#3280 = ORIENTED_EDGE ( 'NONE', *, *, #12771, .T. ) ;
#3281 = EDGE_CURVE ( 'NONE', #112, #3674, #12668, .T. ) ;
#3282 = EDGE_LOOP ( 'NONE', ( #7370, #6775 ) ) ;
#3283 = EDGE_CURVE ( 'NONE', #3032, #2093, #4690, .T. ) ;
#3284 = CARTESIAN_POINT ( 'NONE',  ( -15.48439506952757050, 70.85848573019067942, 0.000000000000000000 ) ) ;
#3285 = CARTESIAN_POINT ( 'NONE',  ( 11.93721609031033459, 7.314636773467316111, 9.745133196380875162 ) ) ;
#3286 = EDGE_CURVE ( 'NONE', #12857, #2986, #12731, .T. ) ;
#3287 = CARTESIAN_POINT ( 'NONE',  ( 31.60000000000000142, 0.000000000000000000, 6.000000000000000000 ) ) ;
#3288 = VECTOR ( 'NONE', #5441, 1000.000000000000000 ) ;
#3289 = DIRECTION ( 'NONE',  ( -1.000000000000000000, 0.000000000000000000, -0.000000000000000000 ) ) ;
#3290 = DIRECTION ( 'NONE',  ( -1.000000000000000000, 0.000000000000000000, 0.000000000000000000 ) ) ;
#3291 = ORIENTED_EDGE ( 'NONE', *, *, #12897, .T. ) ;
#3292 = DATE_AND_TIME ( #5869, #12061 ) ;
#3293 = EDGE_LOOP ( 'NONE', ( #5346, #11474, #473, #6217, #5759, #46 ) ) ;
#3294 = B_SPLINE_CURVE_WITH_KNOTS ( 'NONE', 3,
 ( #3275, #4274, #8404, #5387, #209, #6425, #3424, #4473, #10459, #1416, #5452, #8271, #9407, #12318 ),
 .UNSPECIFIED., .F., .F.,
 ( 4, 2, 2, 2, 2, 2, 4 ),
 ( 0.2871120064002115058, 0.3403340048001586293, 0.3669450040001321911, 0.3935560032001057529, 0.4201670024000793147, 0.4467780016000528764, 0.5000000000000000000 ),
 .UNSPECIFIED. ) ;
#3295 = DIRECTION ( 'NONE',  ( 0.000000000000000000, 0.000000000000000000, 1.000000000000000000 ) ) ;
#3296 = CALENDAR_DATE ( 2026, 21, 9 ) ;
#3297 = ORIENTED_EDGE ( 'NONE', *, *, #5778, .F. ) ;
#3298 = CARTESIAN_POINT ( 'NONE',  ( 0.000000000000000000, 27.50000000000000000, 0.000000000000000000 ) ) ;
#3299 = ORIENTED_EDGE ( 'NONE', *, *, #9421, .T. ) ;
#3300 = VECTOR ( 'NONE', #7317, 1000.000000000000000 ) ;
#3301 = PRODUCT_DEFINITION_SHAPE ( 'NONE', 'NONE',  #13070 ) ;
#3302 = PLANE ( 'NONE',  #11107 ) ;
#3303 = CALENDAR_DATE ( 2026, 21, 9 ) ;
#3304 = DIRECTION ( 'NONE',  ( -1.000000000000000000, 0.000000000000000000, -0.000000000000000000 ) ) ;
#3305 = LINE ( 'NONE', #1156, #4243 ) ;
#3306 = DIRECTION ( 'NONE',  ( -0.000000000000000000, 1.000000000000000000, 0.000000000000000000 ) ) ;
#3307 = DIRECTION ( 'NONE',  ( 0.000000000000000000, -0.000000000000000000, -1.000000000000000000 ) ) ;
#3308 = CIRCLE ( 'NONE', #11532, 8.000000000000000000 ) ;
#3309 = PLANE ( 'NONE',  #1716 ) ;
#3310 = CARTESIAN_POINT ( 'NONE',  ( 0.6000001017321888730, 2.529941645714209653, -8.999999999999988370E-06 ) ) ;
#3311 = VERTEX_POINT ( 'NONE', #11723 ) ;
#3312 = DIRECTION ( 'NONE',  ( 0.000000000000000000, 0.000000000000000000, 1.000000000000000000 ) ) ;
#3313 = VERTEX_POINT ( 'NONE', #9753 ) ;
#3314 = APPROVAL_STATUS ( 'not_yet_approved' ) ;
#3315 = CARTESIAN_POINT ( 'NONE',  ( 43.00000000000000000, 0.000000000000000000, 17.00000000000000000 ) ) ;
#3316 = FACE_OUTER_BOUND ( 'NONE', #9680, .T. ) ;
#3317 = ORIENTED_EDGE ( 'NONE', *, *, #6305, .F. ) ;
#3318 = CARTESIAN_POINT ( 'NONE',  ( 0.000000000000000000, 3.000000000000000000, 0.000000000000000000 ) ) ;
#3319 = VECTOR ( 'NONE', #761, 1000.000000000000000 ) ;
#3320 = VECTOR ( 'NONE', #9514, 1000.000000000000000 ) ;
#3321 = LINE ( 'NONE', #2334, #4685 ) ;
#3322 = LINE ( 'NONE', #6127, #7409 ) ;
#3323 = AXIS2_PLACEMENT_3D ( 'NONE', #8725, #6735, #791 ) ;
#3324 = DIRECTION ( 'NONE',  ( 0.000000000000000000, 0.000000000000000000, 1.000000000000000000 ) ) ;
#3325 = CARTESIAN_POINT ( 'NONE',  ( 0.000000000000000000, 0.000000000000000000, 0.000000000000000000 ) ) ;
#3326 = CARTESIAN_POINT ( 'NONE',  ( -15.59999999999999964, 67.50000000000000000, -1.200000000000000030E-05 ) ) ;
#3327 = EDGE_CURVE ( 'NONE', #10299, #8696, #3968, .T. ) ;
#3328 = VECTOR ( 'NONE', #2842, 1000.000000000000000 ) ;
#3329 = VERTEX_POINT ( 'NONE', #8544 ) ;
#3330 = CALENDAR_DATE ( 2026, 21, 9 ) ;
#3331 = EDGE_LOOP ( 'NONE', ( #3408, #1376, #901, #1284 ) ) ;
#3332 = APPROVAL_DATE_TIME ( #5435, #8834 ) ;
#3333 = ORIENTED_EDGE ( 'NONE', *, *, #6833, .T. ) ;
#3334 = VERTEX_POINT ( 'NONE', #7566 ) ;
#3335 = DIRECTION ( 'NONE',  ( 0.000000000000000000, 0.000000000000000000, -1.000000000000000000 ) ) ;
#3336 = LINE ( 'NONE', #7128, #6482 ) ;
#3337 = CARTESIAN_POINT ( 'NONE',  ( -22.00000000000000000, 84.00000000000000000, 0.000000000000000000 ) ) ;
#3338 = CARTESIAN_POINT ( 'NONE',  ( 6.000000000000000000, -9.000000000000000000, 3.000000000000000000 ) ) ;
#3339 = VECTOR ( 'NONE', #1260, 1000.000000000000000 ) ;
#3340 = LINE ( 'NONE', #7344, #5151 ) ;
#3341 = CIRCLE ( 'NONE', #12175, 14.00000000000000000 ) ;
#3342 = FACE_OUTER_BOUND ( 'NONE', #3264, .T. ) ;
#3343 = APPROVAL_PERSON_ORGANIZATION ( #7104, #7696, #12138 ) ;
#3344 = CARTESIAN_POINT ( 'NONE',  ( 8.660254037844389075, -11.00000000000000000, 0.000000000000000000 ) ) ;
#3345 = VECTOR ( 'NONE', #3995, 1000.000000000000000 ) ;
#3346 = EDGE_CURVE ( 'NONE', #3426, #317, #9612, .T. ) ;
#3347 = CARTESIAN_POINT ( 'NONE',  ( -35.00000000000000000, -70.00000000000000000, 5.000000000000000000 ) ) ;
#3349 = ORIENTED_EDGE ( 'NONE', *, *, #12698, .T. ) ;
#3348 = COORDINATED_UNIVERSAL_TIME_OFFSET ( 5, 0, .BEHIND. ) ;
#3350 = ORIENTED_EDGE ( 'NONE', *, *, #3556, .F. ) ;
#3351 = DESIGN_CONTEXT ( 'detailed design', #13049, 'design' ) ;
#3352 = VECTOR ( 'NONE', #6405, 1000.000000000000000 ) ;
#3353 = ORIENTED_EDGE ( 'NONE', *, *, #6957, .F. ) ;
#3354 = PRODUCT_DEFINITION ( 'ๆ', '', #7854, #12722 ) ;
#3355 = EDGE_LOOP ( 'NONE', ( #2459, #5826, #12990, #5788 ) ) ;
#3356 = APPROVAL_PERSON_ORGANIZATION ( #11630, #9485, #7658 ) ;
#3357 = CARTESIAN_POINT ( 'NONE',  ( -24.30000000000000071, 45.00000000000000000, -1.200000000000000030E-05 ) ) ;
#3358 = VECTOR ( 'NONE', #1404, 1000.000000000000000 ) ;
#3359 = FACE_OUTER_BOUND ( 'NONE', #9227, .T. ) ;
#3360 = LINE ( 'NONE', #9424, #354 ) ;
#3361 = DIRECTION ( 'NONE',  ( 0.000000000000000000, 0.000000000000000000, -1.000000000000000000 ) ) ;
#3362 = EDGE_CURVE ( 'NONE', #4247, #290, #5954, .T. ) ;
#3363 = CARTESIAN_POINT ( 'NONE',  ( -7.299999999999998046, 57.22525195654760211, 0.000000000000000000 ) ) ;
#3364 = EDGE_CURVE ( 'NONE', #8070, #12774, #11912, .T. ) ;
#3365 = VERTEX_POINT ( 'NONE', #7875 ) ;
#3366 = EDGE_LOOP ( 'NONE', ( #4220, #2085, #8938, #4263 ) ) ;
#3367 = CC_DESIGN_APPROVAL ( #4244, ( #7572 ) ) ;
#3368 = LINE ( 'NONE', #1363, #6912 ) ;
#3369 = COORDINATED_UNIVERSAL_TIME_OFFSET ( 5, 0, .BEHIND. ) ;
#3370 = COORDINATED_UNIVERSAL_TIME_OFFSET ( 5, 0, .BEHIND. ) ;
#3371 = VERTEX_POINT ( 'NONE', #6 ) ;
#3372 = CC_DESIGN_PERSON_AND_ORGANIZATION_ASSIGNMENT ( #13044, #7009, ( #3653 ) ) ;
#3373 = SECURITY_CLASSIFICATION_LEVEL ( 'unclassified' ) ;
#3374 = DIRECTION ( 'NONE',  ( -0.000000000000000000, -0.000000000000000000, 1.000000000000000000 ) ) ;
#3375 = ORIENTED_EDGE ( 'NONE', *, *, #1074, .F. ) ;
#3376 = DIRECTION ( 'NONE',  ( 0.000000000000000000, 0.000000000000000000, 1.000000000000000000 ) ) ;
#3377 = EDGE_CURVE ( 'NONE', #8897, #11096, #10074, .T. ) ;
#3378 = DATE_AND_TIME ( #3303, #1940 ) ;
#3379 = DIRECTION ( 'NONE',  ( 1.000000000000000000, 0.000000000000000000, 0.000000000000000000 ) ) ;
#3380 = DIRECTION ( 'NONE',  ( -0.000000000000000000, -0.000000000000000000, 1.000000000000000000 ) ) ;
#3381 =( REPRESENTATION_RELATIONSHIP ('NONE','NONE', #874, #7780 ) REPRESENTATION_RELATIONSHIP_WITH_TRANSFORMATION ( #1735 )SHAPE_REPRESENTATION_RELATIONSHIP( ) );
#3382 = CARTESIAN_POINT ( 'NONE',  ( -3.000000000000000000, 0.000000000000000000, 42.00000000000000000 ) ) ;
#3383 = AXIS2_PLACEMENT_3D ( 'NONE', #9024, #1019, #3084 ) ;
#3384 = EDGE_CURVE ( 'NONE', #8679, #11464, #12168, .T. ) ;
#3385 = CARTESIAN_POINT ( 'NONE',  ( 31.85848573019543650, 58.48439506952830413, 0.000000000000000000 ) ) ;
#3386 = DIRECTION ( 'NONE',  ( 0.000000000000000000, 0.000000000000000000, -1.000000000000000000 ) ) ;
#3387 = ORIENTED_EDGE ( 'NONE', *, *, #1560, .T. ) ;
#3388 = LINE ( 'NONE', #10298, #6016 ) ;
#3389 = VECTOR ( 'NONE', #922, 1000.000000000000000 ) ;
#3390 = ADVANCED_FACE ( 'NONE', ( #5780 ), #6934, .F. ) ;
#3391 = ORIENTED_EDGE ( 'NONE', *, *, #7043, .T. ) ;
#3392 = ADVANCED_FACE ( 'NONE', ( #7928, #11042 ), #7995, .F. ) ;
#3393 = EDGE_CURVE ( 'NONE', #2833, #6698, #749, .T. ) ;
#3394 = DATE_AND_TIME ( #252, #9877 ) ;
#3395 = CARTESIAN_POINT ( 'NONE',  ( 12.00000000000000000, -7.000000000000000000, 16.69999999999999929 ) ) ;
#3396 = CARTESIAN_POINT ( 'NONE',  ( 11.51987796860835189, 7.956290687835841702, 9.846496519295632410 ) ) ;
#3397 = CIRCLE ( 'NONE', #12034, 1.700000000000000178 ) ;
#3398 = VERTEX_POINT ( 'NONE', #4063 ) ;
#3399 = VECTOR ( 'NONE', #8421, 1000.000000000000000 ) ;
#3400 = PLANE ( 'NONE',  #2731 ) ;
#3401 =( LENGTH_UNIT ( ) NAMED_UNIT ( * ) SI_UNIT ( .MILLI., .METRE. ) );
#3402 = DIRECTION ( 'NONE',  ( 0.000000000000000000, -1.000000000000000000, 0.000000000000000000 ) ) ;
#3403 = DIRECTION ( 'NONE',  ( -0.000000000000000000, -0.000000000000000000, 1.000000000000000000 ) ) ;
#3404 = VECTOR ( 'NONE', #3784, 1000.000000000000000 ) ;
#3405 = PLANE ( 'NONE',  #2106 ) ;
#3406 = CARTESIAN_POINT ( 'NONE',  ( 0.000000000000000000, 0.000000000000000000, 4.000000000000000000 ) ) ;
#3407 = VECTOR ( 'NONE', #1417, 1000.000000000000000 ) ;
#3408 = ORIENTED_EDGE ( 'NONE', *, *, #3091, .T. ) ;
#3409 = SHAPE_DEFINITION_REPRESENTATION ( #3190, #5445 ) ;
#3410 = EDGE_LOOP ( 'NONE', ( #5166, #8051, #5804, #12985 ) ) ;
#3411 = ORIENTED_EDGE ( 'NONE', *, *, #2959, .T. ) ;
#3412 = AXIS2_PLACEMENT_3D ( 'NONE', #611, #9671, #2625 ) ;
#3413 = AXIS2_PLACEMENT_3D ( 'NONE', #1576, #6452, #7309 ) ;
#3414 = ORIENTED_EDGE ( 'NONE', *, *, #3671, .F. ) ;
#3415 = DIRECTION ( 'NONE',  ( 0.000000000000000000, 0.000000000000000000, 1.000000000000000000 ) ) ;
#3416 = DIRECTION ( 'NONE',  ( -1.000000000000000000, 0.000000000000000000, 0.000000000000000000 ) ) ;
#3417 = CARTESIAN_POINT ( 'NONE',  ( -10.36119079527301423, 55.95712604297133907, 0.000000000000000000 ) ) ;
#3418 = CARTESIAN_POINT ( 'NONE',  ( -20.00000000000000000, -1.200000000000000030E-05, 12.00000000000000000 ) ) ;
#3419 = AXIS2_PLACEMENT_3D ( 'NONE', #645, #11623, #10558 ) ;
#3420 = AXIS2_PLACEMENT_3D ( 'NONE', #7391, #456, #10560 ) ;
#3421 = CARTESIAN_POINT ( 'NONE',  ( -7.699930488764023195, -8.774916005114528517, -0.000000000000000000 ) ) ;
#3422 = DIRECTION ( 'NONE',  ( 1.000000000000000000, 0.000000000000000000, 0.000000000000000000 ) ) ;
#3423 = AXIS2_PLACEMENT_3D ( 'NONE', #12701, #8516, #4452 ) ;
#3424 = CARTESIAN_POINT ( 'NONE',  ( -1.951082218127032863, 1.724833573237032125, 0.000000000000000000 ) ) ;
#3425 = DIRECTION ( 'NONE',  ( -1.000000000000000000, -0.000000000000000000, -0.000000000000000000 ) ) ;
#3426 = VERTEX_POINT ( 'NONE', #4809 ) ;
#3427 = PRODUCT_DEFINITION_SHAPE ( 'NONE', 'NONE',  #13075 ) ;
#3428 = EDGE_LOOP ( 'NONE', ( #217, #1701, #52, #6951 ) ) ;
#3429 = CARTESIAN_POINT ( 'NONE',  ( -19.77491600511497793, -12.30006951123579384, 0.000000000000000000 ) ) ;
#3430 = CARTESIAN_POINT ( 'NONE',  ( -9.593126758156662603, 10.19730458965381281, 7.288598955132498780 ) ) ;
#3431 = ORIENTED_EDGE ( 'NONE', *, *, #12746, .T. ) ;
#3432 = ORIENTED_EDGE ( 'NONE', *, *, #7646, .T. ) ;
#3433 = CARTESIAN_POINT ( 'NONE',  ( 6.225083994886821515, -10.70006951123579064, -0.000000000000000000 ) ) ;
#3434 = EDGE_CURVE ( 'NONE', #7827, #11781, #10055, .T. ) ;
#3435 = CARTESIAN_POINT ( 'NONE',  ( 11.94592245563050525, 7.300338131588374857, 9.870962191954024689 ) ) ;
#3436 = VECTOR ( 'NONE', #69, 1000.000000000000000 ) ;
#3437 = AXIS2_PLACEMENT_3D ( 'NONE', #7126, #8259, #4119 ) ;
#3438 = FACE_OUTER_BOUND ( 'NONE', #106, .T. ) ;
#3439 = LINE ( 'NONE', #11536, #1924 ) ;
#3440 = CARTESIAN_POINT ( 'NONE',  ( 0.000000000000000000, 14.00000000000000000, 0.000000000000000000 ) ) ;
#3441 = ORIENTED_EDGE ( 'NONE', *, *, #11902, .T. ) ;
#3442 = ORIENTED_EDGE ( 'NONE', *, *, #5970, .F. ) ;
#3443 = CARTESIAN_POINT ( 'NONE',  ( 2.600000000000000089, 0.000000000000000000, -1.200000000000000030E-05 ) ) ;
#3444 = COORDINATED_UNIVERSAL_TIME_OFFSET ( 5, 0, .BEHIND. ) ;
#3445 = VERTEX_POINT ( 'NONE', #1812 ) ;
#3446 = LOCAL_TIME ( 12, 23, 50.00000000000000000, #8364 ) ;
#3447 = DIRECTION ( 'NONE',  ( 0.000000000000000000, 0.000000000000000000, 1.000000000000000000 ) ) ;
#3448 = ORIENTED_EDGE ( 'NONE', *, *, #11063, .F. ) ;
#3449 = ADVANCED_FACE ( 'NONE', ( #12098 ), #3062, .F. ) ;
#3450 = FACE_OUTER_BOUND ( 'NONE', #12002, .T. ) ;
#3451 = DIRECTION ( 'NONE',  ( -0.000000000000000000, -0.000000000000000000, 1.000000000000000000 ) ) ;
#3452 = CARTESIAN_POINT ( 'NONE',  ( -9.000000000000000000, 80.49999999999998579, 4.000000000000000000 ) ) ;
#3453 = CC_DESIGN_DATE_AND_TIME_ASSIGNMENT ( #5344, #4432, ( #7345 ) ) ;
#3454 = CARTESIAN_POINT ( 'NONE',  ( -10.55156718449564224, 9.205227550983524409, 11.70000000000000107 ) ) ;
#3455 = CC_DESIGN_PERSON_AND_ORGANIZATION_ASSIGNMENT ( #11707, #142, ( #3866 ) ) ;
#3456 = LOCAL_TIME ( 12, 23, 50.00000000000000000, #8110 ) ;
#3457 = CARTESIAN_POINT ( 'NONE',  ( 32.70000000000000284, 57.22525195654804975, 0.000000000000000000 ) ) ;
#3458 = DIRECTION ( 'NONE',  ( -0.000000000000000000, -0.000000000000000000, -1.000000000000000000 ) ) ;
#3459 = CARTESIAN_POINT ( 'NONE',  ( -21.00000000000000000, -12.00000000000000000, 3.000000000000000000 ) ) ;
#3460 = EDGE_LOOP ( 'NONE', ( #1692, #7759, #2098, #10365 ) ) ;
#3461 = CARTESIAN_POINT ( 'NONE',  ( 32.70000000000000284, 57.00000000000000000, -1.200000000000000030E-05 ) ) ;
#3462 = ORIENTED_EDGE ( 'NONE', *, *, #5272, .T. ) ;
#3463 = DATE_TIME_ROLE ( 'classification_date' ) ;
#3464 = EDGE_CURVE ( 'NONE', #11571, #10447, #8996, .T. ) ;
#3465 = CARTESIAN_POINT ( 'NONE',  ( 32.65686506842305903, 65.55753025008715440, -0.000000000000000000 ) ) ;
#3466 = CARTESIAN_POINT ( 'NONE',  ( -35.00000000000000000, 70.00000000000000000, 0.000000000000000000 ) ) ;
#3467 = LOCAL_TIME ( 12, 23, 50.00000000000000000, #9025 ) ;
#3468 = ORIENTED_EDGE ( 'NONE', *, *, #12846, .F. ) ;
#3469 = EDGE_CURVE ( 'NONE', #9002, #4492, #7814, .T. ) ;
#3470 = CARTESIAN_POINT ( 'NONE',  ( -9.442584738250035414, 67.65666690099503455, 0.000000000000000000 ) ) ;
#3471 = EDGE_CURVE ( 'NONE', #11336, #1801, #9862, .T. ) ;
#3472 = DIRECTION ( 'NONE',  ( 0.000000000000000000, 0.000000000000000000, 1.000000000000000000 ) ) ;
#3473 = EDGE_CURVE ( 'NONE', #2136, #7559, #6143, .T. ) ;
#3474 = CARTESIAN_POINT ( 'NONE',  ( -14.00000000000000000, 0.000000000000000000, 4.000000000000000000 ) ) ;
#3475 = CARTESIAN_POINT ( 'NONE',  ( 29.30006951123653636, 0.000000000000000000, 12.77491600511587677 ) ) ;
#3476 = LOCAL_TIME ( 12, 23, 50.00000000000000000, #2836 ) ;
#3477 = ORIENTED_EDGE ( 'NONE', *, *, #9719, .T. ) ;
#3478 = COORDINATED_UNIVERSAL_TIME_OFFSET ( 5, 0, .BEHIND. ) ;
#3479 = VERTEX_POINT ( 'NONE', #11310 ) ;
#3480 = PERSON_AND_ORGANIZATION_ROLE ( 'creator' ) ;
#3481 = ORIENTED_EDGE ( 'NONE', *, *, #692, .F. ) ;
#3482 = DIRECTION ( 'NONE',  ( -1.000000000000000000, 0.000000000000000000, -0.000000000000000000 ) ) ;
#3483 = APPLICATION_PROTOCOL_DEFINITION ( 'international standard', 'config_control_design', 1994, #11467 ) ;
#3484 = CARTESIAN_POINT ( 'NONE',  ( 0.000000000000000000, 0.000000000000000000, 16.00000000000000000 ) ) ;
#3485 = DIRECTION ( 'NONE',  ( 0.000000000000000000, 0.000000000000000000, 1.000000000000000000 ) ) ;
#3486 = CARTESIAN_POINT ( 'NONE',  ( -4.515476490455820446, -8.141461068210320562, -0.000000000000000000 ) ) ;
#3487 = CARTESIAN_POINT ( 'NONE',  ( 20.22508399488501851, 15.69993048876420438, 0.000000000000000000 ) ) ;
#3488 = DIRECTION ( 'NONE',  ( 1.000000000000000000, 0.000000000000000000, 0.000000000000000000 ) ) ;
#3489 = DIRECTION ( 'NONE',  ( 0.000000000000000000, 1.000000000000000000, 0.000000000000000000 ) ) ;
#3490 = VERTEX_POINT ( 'NONE', #1196 ) ;
#3491 = VERTEX_POINT ( 'NONE', #10189 ) ;
#3492 = DESIGN_CONTEXT ( 'detailed design', #1333, 'design' ) ;
#3493 = CARTESIAN_POINT ( 'NONE',  ( -21.69999999999999929, -14.00000000000000000, -6.000000000000000152E-06 ) ) ;
#3494 = VECTOR ( 'NONE', #3877, 1000.000000000000000 ) ;
#3495 = VERTEX_POINT ( 'NONE', #9126 ) ;
#3496 = CARTESIAN_POINT ( 'NONE',  ( -21.00000000000000000, 0.000000000000000000, 17.00000000000000000 ) ) ;
#3497 = ORIENTED_EDGE ( 'NONE', *, *, #9254, .F. ) ;
#3498 = ORIENTED_EDGE ( 'NONE', *, *, #2028, .T. ) ;
#3499 = CARTESIAN_POINT ( 'NONE',  ( 4.957027739237109820, -10.36128909900394923, -0.000000000000000000 ) ) ;
#3500 = CARTESIAN_POINT ( 'NONE',  ( -14.00000000000000000, 0.000000000000000000, 2.000000000000000000 ) ) ;
#3501 = LINE ( 'NONE', #9554, #4387 ) ;
#3502 = DIRECTION ( 'NONE',  ( -0.000000000000000000, -0.000000000000000000, -1.000000000000000000 ) ) ;
#3503 = FACE_OUTER_BOUND ( 'NONE', #8611, .T. ) ;
#3504 = ORIENTED_EDGE ( 'NONE', *, *, #11377, .F. ) ;
#3505 = EDGE_LOOP ( 'NONE', ( #3220, #3601, #6778, #5373 ) ) ;
#3506 = EDGE_CURVE ( 'NONE', #6215, #647, #2210, .T. ) ;
#3507 = CARTESIAN_POINT ( 'NONE',  ( 19.55753025008501567, -0.000000000000000000, 13.65686506842306436 ) ) ;
#3508 = PERSON_AND_ORGANIZATION_ROLE ( 'design_supplier' ) ;
#3509 = ORIENTED_EDGE ( 'NONE', *, *, #4990, .F. ) ;
#3510 = FACE_BOUND ( 'NONE', #1703, .T. ) ;
#3511 = ORIENTED_EDGE ( 'NONE', *, *, #5693, .F. ) ;
#3512 = CARTESIAN_POINT ( 'NONE',  ( -30.50000000000000000, -10.00000000000000000, 25.00000000000000000 ) ) ;
#3513 = FACE_BOUND ( 'NONE', #6172, .T. ) ;
#3514 = PLANE ( 'NONE',  #2575 ) ;
#3515 = CARTESIAN_POINT ( 'NONE',  ( -9.593126758156664380, 10.19730458965381104, 8.788598955132503221 ) ) ;
#3516 = DIRECTION ( 'NONE',  ( 0.000000000000000000, 0.000000000000000000, 1.000000000000000000 ) ) ;
#3517 = CIRCLE ( 'NONE', #12573, 1.100000000000000311 ) ;
#3518 = CARTESIAN_POINT ( 'NONE',  ( 0.000000000000000000, 0.000000000000000000, 5.000000000000000000 ) ) ;
#3519 = EDGE_CURVE ( 'NONE', #10577, #4118, #10208, .T. ) ;
#3520 = ORIENTED_EDGE ( 'NONE', *, *, #5056, .F. ) ;
#3521 = CARTESIAN_POINT ( 'NONE',  ( -21.65666690099399361, -14.44258473825220612, -0.000000000000000000 ) ) ;
#3522 = AXIS2_PLACEMENT_3D ( 'NONE', #5186, #11054, #4212 ) ;
#3523 = ORIENTED_EDGE ( 'NONE', *, *, #8847, .F. ) ;
#3524 = DATE_AND_TIME ( #5619, #5666 ) ;
#3525 = CARTESIAN_POINT ( 'NONE',  ( 31.19999999999999929, 59.50000000000000000, 2.311805698386586894 ) ) ;
#3526 = ORIENTED_EDGE ( 'NONE', *, *, #11998, .T. ) ;
#3527 = CARTESIAN_POINT ( 'NONE',  ( 11.03830473322971528, 8.614725053397682686, 6.831724570723054946 ) ) ;
#3528 = CC_DESIGN_DATE_AND_TIME_ASSIGNMENT ( #3928, #5113, ( #1964 ) ) ;
#3529 = VECTOR ( 'NONE', #5494, 1000.000000000000000 ) ;
#3530 = CARTESIAN_POINT ( 'NONE',  ( -8.099999999999999645, 70.00000000000000000, 5.200000000000000178 ) ) ;
#3531 = CARTESIAN_POINT ( 'NONE',  ( -22.00000000000000000, 8.000000000000000000, 0.000000000000000000 ) ) ;
#3532 = CARTESIAN_POINT ( 'NONE',  ( 30.55753025008741020, -0.000000000000000000, 14.65686506842306436 ) ) ;
#3533 = ADVANCED_FACE ( 'NONE', ( #8264 ), #278, .F. ) ;
#3534 = EDGE_CURVE ( 'NONE', #8425, #5297, #1060, .T. ) ;
#3535 = EDGE_LOOP ( 'NONE', ( #1037, #11782, #4434, #1723 ) ) ;
#3536 = APPLICATION_PROTOCOL_DEFINITION ( 'international standard', 'config_control_design', 1994, #10530 ) ;
#3537 = EDGE_LOOP ( 'NONE', ( #1966, #487, #11355, #2179 ) ) ;
#3538 = DATE_TIME_ROLE ( 'classification_date' ) ;
#3539 = VECTOR ( 'NONE', #1367, 1000.000000000000000 ) ;
#3540 = DATE_TIME_ROLE ( 'classification_date' ) ;
#3541 = FACE_OUTER_BOUND ( 'NONE', #7460, .T. ) ;
#3542 = APPROVAL_ROLE ( '' ) ;
#3543 = ADVANCED_FACE ( 'NONE', ( #8196 ), #7266, .F. ) ;
#3544 = DIRECTION ( 'NONE',  ( -1.000000000000000000, 0.000000000000000000, -0.000000000000000000 ) ) ;
#3545 = DIRECTION ( 'NONE',  ( 0.000000000000000000, 0.000000000000000000, -1.000000000000000000 ) ) ;
#3546 = CARTESIAN_POINT ( 'NONE',  ( 10.10522701328291184, 9.690252514121260319, 6.943211237761942378 ) ) ;
#3547 = LINE ( 'NONE', #4539, #2876 ) ;
#3548 = VECTOR ( 'NONE', #12260, 1000.000000000000000 ) ;
#3549 = AXIS2_PLACEMENT_3D ( 'NONE', #6007, #11780, #2753 ) ;
#3550 = LINE ( 'NONE', #1480, #8124 ) ;
#3551 = ORIENTED_EDGE ( 'NONE', *, *, #4901, .T. ) ;
#3552 = EDGE_CURVE ( 'NONE', #2693, #3126, #3693, .T. ) ;
#3553 = ORIENTED_EDGE ( 'NONE', *, *, #1080, .T. ) ;
#3554 = AXIS2_PLACEMENT_3D ( 'NONE', #12035, #11851, #13026 ) ;
#3555 = CARTESIAN_POINT ( 'NONE',  ( -2.599940775706751861, 0.2933012580821827142, 0.000000000000000000 ) ) ;
#3556 = EDGE_CURVE ( 'NONE', #8112, #9011, #1572, .T. ) ;
#3557 = ORIENTED_EDGE ( 'NONE', *, *, #461, .F. ) ;
#3558 = PERSON_AND_ORGANIZATION_ROLE ( 'creator' ) ;
#3559 = EDGE_CURVE ( 'NONE', #1188, #4728, #7132, .T. ) ;
#3561 = EDGE_CURVE ( 'NONE', #12850, #4625, #65, .T. ) ;
#3560 = EDGE_CURVE ( 'NONE', #8507, #317, #7203, .T. ) ;
#3562 = ORIENTED_EDGE ( 'NONE', *, *, #4638, .T. ) ;
#3563 = AXIS2_PLACEMENT_3D ( 'NONE', #10684, #7833, #10867 ) ;
#3564 = AXIS2_PLACEMENT_3D ( 'NONE', #6541, #3675, #2553 ) ;
#3565 = EDGE_CURVE ( 'NONE', #2955, #10632, #12963, .T. ) ;
#3566 = FACE_OUTER_BOUND ( 'NONE', #4532, .T. ) ;
#3567 = CYLINDRICAL_SURFACE ( 'NONE', #794, 1.700000000000000178 ) ;
#3568 = VECTOR ( 'NONE', #11379, 1000.000000000000000 ) ;
#3569 = FACE_OUTER_BOUND ( 'NONE', #11556, .T. ) ;
#3570 = LINE ( 'NONE', #4623, #11803 ) ;
#3571 = DIRECTION ( 'NONE',  ( 0.000000000000000000, 0.000000000000000000, -1.000000000000000000 ) ) ;
#3572 = ORIENTED_EDGE ( 'NONE', *, *, #5813, .F. ) ;
#3573 = EDGE_LOOP ( 'NONE', ( #3462, #11138, #2309, #3280 ) ) ;
#3574 = DIRECTION ( 'NONE',  ( -1.000000000000000000, 0.000000000000000000, 0.000000000000000000 ) ) ;
#3575 = DATE_AND_TIME ( #4561, #12738 ) ;
#3576 = ORIENTED_EDGE ( 'NONE', *, *, #11814, .F. ) ;
#3577 = LOCAL_TIME ( 12, 23, 50.00000000000000000, #1601 ) ;
#3578 = AXIS2_PLACEMENT_3D ( 'NONE', #2700, #6615, #5468 ) ;
#3579 = DIRECTION ( 'NONE',  ( 1.000000000000000000, 0.000000000000000000, 0.000000000000000000 ) ) ;
#3580 = ORIENTED_EDGE ( 'NONE', *, *, #4348, .F. ) ;
#3581 = CARTESIAN_POINT ( 'NONE',  ( -30.00000000000000000, 0.000000000000000000, 0.000000000000000000 ) ) ;
#3582 = CARTESIAN_POINT ( 'NONE',  ( 0.000000000000000000, 0.000000000000000000, 0.000000000000000000 ) ) ;
#3583 = CARTESIAN_POINT ( 'NONE',  ( 29.30000000000000071, 66.00000000000000000, -1.200000000000000030E-05 ) ) ;
#3584 = SECURITY_CLASSIFICATION ( '', '', #9971 ) ;
#3585 = CARTESIAN_POINT ( 'NONE',  ( 3.000000000000000000, 3.000000000000000000, 83.00000000000000000 ) ) ;
#3586 = LINE ( 'NONE', #313, #4034 ) ;
#3587 = ORIENTED_EDGE ( 'NONE', *, *, #11600, .F. ) ;
#3588 = CARTESIAN_POINT ( 'NONE',  ( 0.000000000000000000, 0.000000000000000000, 16.00000000000000000 ) ) ;
#3589 = ORIENTED_EDGE ( 'NONE', *, *, #1730, .T. ) ;
#3590 = DATE_AND_TIME ( #11748, #5866 ) ;
#3591 = CARTESIAN_POINT ( 'NONE',  ( 29.63880920472481506, 64.95712604297240489, 0.000000000000000000 ) ) ;
#3592 = CARTESIAN_POINT ( 'NONE',  ( 11.45770097412407651, 8.045736335212735568, 9.910949364641039594 ) ) ;
#3593 = SECURITY_CLASSIFICATION ( '', '', #4898 ) ;
#3594 = EDGE_CURVE ( 'NONE', #1762, #484, #3340, .T. ) ;
#3595 = CIRCLE ( 'NONE', #10934, 1.699999999999998401 ) ;
#3596 = DIRECTION ( 'NONE',  ( 0.000000000000000000, 0.000000000000000000, 1.000000000000000000 ) ) ;
#3597 = CARTESIAN_POINT ( 'NONE',  ( -11.87802137661227775, 7.410552828704601858, 10.61497946977859463 ) ) ;
#3598 = FACE_BOUND ( 'NONE', #8525, .T. ) ;
#3599 = DIRECTION ( 'NONE',  ( 1.000000000000000000, 0.000000000000000000, 0.000000000000000000 ) ) ;
#3600 = APPROVAL ( #9074, 'ๆช' ) ;
#3601 = ORIENTED_EDGE ( 'NONE', *, *, #11756, .F. ) ;
#3602 = PERSON_AND_ORGANIZATION_ROLE ( 'creator' ) ;
#3603 = ORIENTED_EDGE ( 'NONE', *, *, #1409, .F. ) ;
#3604 = VECTOR ( 'NONE', #8640, 1000.000000000000000 ) ;
#3605 = DATE_TIME_ROLE ( 'classification_date' ) ;
#3606 = VECTOR ( 'NONE', #4693, 1000.000000000000000 ) ;
#3607 = ORIENTED_EDGE ( 'NONE', *, *, #4951, .F. ) ;
#3608 = CARTESIAN_POINT ( 'NONE',  ( -11.50000000000000000, 6.000000000000000000, 22.00000000000000000 ) ) ;
#3609 = PERSON ( 'NAUO-PER25', 'UNSPECIFIED', 'UNSPECIFIED', ('UNSPECIFIED'), ('UNSPECIFIED'), ('UNSPECIFIED') ) ;
#3610 = EDGE_CURVE ( 'NONE', #5618, #10498, #9350, .T. ) ;
#3611 = SHAPE_REPRESENTATION ( 'V3_REF_SG90', ( #6542 ), #10972 ) ;
#3612 = EDGE_CURVE ( 'NONE', #5409, #1349, #479, .T. ) ;
#3613 = CARTESIAN_POINT ( 'NONE',  ( 16.00000000000000000, -6.000000000000000000, 18.00000000000000355 ) ) ;
#3614 = B_SPLINE_CURVE_WITH_KNOTS ( 'NONE', 3,
 ( #173, #8164, #11219, #4040, #4964, #2188, #6181, #10227, #2982, #3246, #12077, #5219, #4239, #8235, #1923, #5934, #2045, #3971 ),
 .UNSPECIFIED., .F., .F.,
 ( 4, 2, 2, 2, 2, 2, 2, 2, 4 ),
 ( 0.5000000000000000000, 0.5625000000000004441, 0.6250000000000008882, 0.6875000000000014433, 0.7500000000000018874, 0.8125000000000013323, 0.8750000000000008882, 0.9375000000000004441, 1.000000000000000000 ),
 .UNSPECIFIED. ) ;
#3615 = VECTOR ( 'NONE', #9189, 1000.000000000000000 ) ;
#3616 = DIRECTION ( 'NONE',  ( 0.000000000000000000, 0.000000000000000000, -1.000000000000000000 ) ) ;
#3617 = VECTOR ( 'NONE', #10727, 1000.000000000000000 ) ;
#3618 = CC_DESIGN_DATE_AND_TIME_ASSIGNMENT ( #567, #5541, ( #5 ) ) ;
#3619 = CC_DESIGN_PERSON_AND_ORGANIZATION_ASSIGNMENT ( #5206, #2911, ( #12732 ) ) ;
#3620 = DIRECTION ( 'NONE',  ( 0.000000000000000000, 1.000000000000000000, -0.000000000000000000 ) ) ;
#3621 = LINE ( 'NONE', #1609, #1264 ) ;
#3622 = EDGE_LOOP ( 'NONE', ( #6475, #6048, #6630, #10195 ) ) ;
#3623 = ORIENTED_EDGE ( 'NONE', *, *, #3473, .F. ) ;
#3624 = ORIENTED_EDGE ( 'NONE', *, *, #11530, .F. ) ;
#3625 = ORIENTED_EDGE ( 'NONE', *, *, #11082, .F. ) ;
#3626 = VECTOR ( 'NONE', #5611, 1000.000000000000000 ) ;
#3627 = CARTESIAN_POINT ( 'NONE',  ( 12.30000000000000249, 70.00000000000000000, -6.000000000000000152E-06 ) ) ;
#3628 = ORIENTED_EDGE ( 'NONE', *, *, #1975, .T. ) ;
#3629 = CARTESIAN_POINT ( 'NONE',  ( -0.3444314227433193376, -2.599930451346447846, 0.000000000000000000 ) ) ;
#3630 = DIRECTION ( 'NONE',  ( 1.000000000000000000, 0.000000000000000000, 0.000000000000000000 ) ) ;
#3631 = EDGE_CURVE ( 'NONE', #6814, #3759, #1389, .T. ) ;
#3632 = VECTOR ( 'NONE', #4587, 1000.000000000000000 ) ;
#3633 = EDGE_CURVE ( 'NONE', #172, #12535, #1544, .T. ) ;
#3634 = DIRECTION ( 'NONE',  ( -0.000000000000000000, -1.000000000000000000, -0.000000000000000000 ) ) ;
#3635 = FACE_BOUND ( 'NONE', #4481, .T. ) ;
#3636 = DIRECTION ( 'NONE',  ( 1.000000000000000000, -0.000000000000000000, 0.000000000000000000 ) ) ;
#3637 = ADVANCED_FACE ( 'NONE', ( #9602 ), #2623, .F. ) ;
#3638 = AXIS2_PLACEMENT_3D ( 'NONE', #1452, #4507, #2523 ) ;
#3639 = CARTESIAN_POINT ( 'NONE',  ( 7.700000000000000178, 2.081899558550500526E-16, 20.00000000000000000 ) ) ;
#3640 = ORIENTED_EDGE ( 'NONE', *, *, #6883, .F. ) ;
#3641 = ORIENTED_EDGE ( 'NONE', *, *, #7663, .F. ) ;
#3642 = FACE_OUTER_BOUND ( 'NONE', #9808, .T. ) ;
#3643 = CALENDAR_DATE ( 2026, 21, 9 ) ;
#3644 = ORIENTED_EDGE ( 'NONE', *, *, #2320, .F. ) ;
#3645 = PERSON_AND_ORGANIZATION_ROLE ( 'classification_officer' ) ;
#3646 = CARTESIAN_POINT ( 'NONE',  ( 20.44263793984915978, -12.34320465898918862, -0.000000000000000000 ) ) ;
#3647 = VERTEX_POINT ( 'NONE', #11518 ) ;
#3648 = PRODUCT ( 'V3_REF_5mm_shaft', 'V3_REF_5mm_shaft', '', ( #8392 ) ) ;
#3649 = CARTESIAN_POINT ( 'NONE',  ( 12.80000000000000071, -2.000000000000000000, 0.000000000000000000 ) ) ;
#3650 = CARTESIAN_POINT ( 'NONE',  ( -9.119842274437594654, 10.62218046192215226, 10.52516039174336804 ) ) ;
#3651 = PLANE ( 'NONE',  #1275 ) ;
#3652 = CIRCLE ( 'NONE', #6970, 9.500000000000000000 ) ;
#3653 = PRODUCT_DEFINITION_FORMATION_WITH_SPECIFIED_SOURCE ( 'ไป', '', #7594, .NOT_KNOWN. ) ;
#3654 = CARTESIAN_POINT ( 'NONE',  ( 8.099999999999999645, 70.00000000000000000, 5.200000000000000178 ) ) ;
#3655 = ORIENTED_EDGE ( 'NONE', *, *, #9941, .T. ) ;
#3656 = DIRECTION ( 'NONE',  ( -1.000000000000000000, 0.000000000000000000, 0.000000000000000000 ) ) ;
#3657 = ORIENTED_EDGE ( 'NONE', *, *, #5689, .T. ) ;
#3658 = COORDINATED_UNIVERSAL_TIME_OFFSET ( 5, 0, .BEHIND. ) ;
#3659 = CARTESIAN_POINT ( 'NONE',  ( -30.50000000000000000, -10.00000000000000000, 35.00000000000000000 ) ) ;
#3660 = ORIENTED_EDGE ( 'NONE', *, *, #3787, .T. ) ;
#3661 = LINE ( 'NONE', #6464, #1858 ) ;
#3662 = CARTESIAN_POINT ( 'NONE',  ( -7.957027739241245179, 67.36128909900678252, -0.000000000000000000 ) ) ;
#3663 = LOCAL_TIME ( 12, 23, 50.00000000000000000, #12923 ) ;
#3664 = FACE_OUTER_BOUND ( 'NONE', #7807, .T. ) ;
#3665 = CARTESIAN_POINT ( 'NONE',  ( -11.94667935274166837, 7.299099505034237545, 9.755229362243063918 ) ) ;
#3666 = CARTESIAN_POINT ( 'NONE',  ( 20.00000000000000000, 8.000000000000000000, 12.00000000000000000 ) ) ;
#3667 = CARTESIAN_POINT ( 'NONE',  ( 122.3000695112365577, 0.2250839948843428584, -0.000000000000000000 ) ) ;
#3668 = DIRECTION ( 'NONE',  ( -0.000000000000000000, -0.000000000000000000, -1.000000000000000000 ) ) ;
#3669 = APPROVAL_PERSON_ORGANIZATION ( #5859, #7453, #4895 ) ;
#3670 = ORIENTED_EDGE ( 'NONE', *, *, #2472, .F. ) ;
#3671 = EDGE_CURVE ( 'NONE', #6165, #3490, #2488, .T. ) ;
#3672 = ITEM_DEFINED_TRANSFORMATION ( 'NONE', 'NONE', #6357,  #6542 ) ;
#3673 = ORIENTED_EDGE ( 'NONE', *, *, #1637, .F. ) ;
#3674 = VERTEX_POINT ( 'NONE', #3613 ) ;
#3675 = DIRECTION ( 'NONE',  ( -0.000000000000000000, 1.000000000000000000, -0.000000000000000000 ) ) ;
#3676 = CARTESIAN_POINT ( 'NONE',  ( -19.00000000000000000, 9.000000000000000000, 8.300000000000000711 ) ) ;
#3677 = CC_DESIGN_SECURITY_CLASSIFICATION ( #8278, ( #7661 ) ) ;
#3678 = FACE_OUTER_BOUND ( 'NONE', #404, .T. ) ;
#3679 = DIRECTION ( 'NONE',  ( -0.000000000000000000, 1.000000000000000000, 0.000000000000000000 ) ) ;
#3680 = EDGE_LOOP ( 'NONE', ( #2527, #2377 ) ) ;
#3681 = EDGE_LOOP ( 'NONE', ( #4264, #2033, #11391, #5711, #7112, #12971, #4424, #7280 ) ) ;
#3682 = ADVANCED_FACE ( 'NONE', ( #11652 ), #609, .F. ) ;
#3683 = ORIENTED_EDGE ( 'NONE', *, *, #12524, .T. ) ;
#3684 = EDGE_LOOP ( 'NONE', ( #9042, #10367, #11608, #7259 ) ) ;
#3685 = CALENDAR_DATE ( 2026, 21, 9 ) ;
#3686 = B_SPLINE_CURVE_WITH_KNOTS ( 'NONE', 3,
 ( #13045, #9081, #8010, #12052, #4078, #3499, #7497, #291, #12463, #3433, #6373, #427, #11395, #4484, #1426, #8543, #8620, #6434 ),
 .UNSPECIFIED., .F., .F.,
 ( 4, 2, 2, 2, 2, 2, 2, 2, 4 ),
 ( 0.5000000000000000000, 0.5625000000000000000, 0.6250000000000000000, 0.6875000000000000000, 0.7500000000000000000, 0.8125000000000000000, 0.8750000000000000000, 0.9375000000000000000, 1.000000000000000000 ),
 .UNSPECIFIED. ) ;
#3687 = CARTESIAN_POINT ( 'NONE',  ( 12.51547649045534705, 69.14146106820930981, -0.000000000000000000 ) ) ;
#3688 = ORIENTED_EDGE ( 'NONE', *, *, #4412, .T. ) ;
#3689 = CARTESIAN_POINT ( 'NONE',  ( 24.30000000000000071, -57.00000000000000000, -1.200000000000000030E-05 ) ) ;
#3690 = CARTESIAN_POINT ( 'NONE',  ( 31.22508399488667408, -0.000000000000000000, 2.300069511235792952 ) ) ;
#3691 = CC_DESIGN_PERSON_AND_ORGANIZATION_ASSIGNMENT ( #8050, #11220, ( #4775 ) ) ;
#3692 = DIRECTION ( 'NONE',  ( 1.000000000000000000, -0.000000000000000000, -0.000000000000000000 ) ) ;
#3693 = CIRCLE ( 'NONE', #2205, 1.700000000000000178 ) ;
#3694 = LINE ( 'NONE', #1817, #193 ) ;
#3695 = VERTEX_POINT ( 'NONE', #7675 ) ;
#3696 = ORIENTED_EDGE ( 'NONE', *, *, #11173, .T. ) ;
#3697 = ADVANCED_FACE ( 'NONE', ( #11711, #2685 ), #1680, .F. ) ;
#3698 = CARTESIAN_POINT ( 'NONE',  ( -11.90000000000000036, -6.400000000000000355, 3.000000000000000000 ) ) ;
#3699 = APPROVAL_DATE_TIME ( #6568, #4322 ) ;
#3700 = ADVANCED_FACE ( 'NONE', ( #11960 ), #3913, .T. ) ;
#3701 = CARTESIAN_POINT ( 'NONE',  ( 18.51560493047243483, -13.14151426980710902, 0.000000000000000000 ) ) ;
#3702 = EDGE_LOOP ( 'NONE', ( #6489, #6171, #968, #1017 ) ) ;
#3703 = CARTESIAN_POINT ( 'NONE',  ( -12.34333309900690878, 70.44258473825124156, -0.000000000000000000 ) ) ;
#3704 = EDGE_CURVE ( 'NONE', #11781, #6661, #12833, .T. ) ;
#3705 = CARTESIAN_POINT ( 'NONE',  ( 8.660254037844389075, 11.00000000000000000, 12.00000000000000000 ) ) ;
#3706 = DIRECTION ( 'NONE',  ( 0.000000000000000000, 0.000000000000000000, 1.000000000000000000 ) ) ;
#3707 = CARTESIAN_POINT ( 'NONE',  ( -9.362270370375766149, 10.40952242769113667, 10.95686943361594423 ) ) ;
#3708 = LINE ( 'NONE', #4707, #5896 ) ;
#3709 = DIRECTION ( 'NONE',  ( -0.000000000000000000, -0.000000000000000000, 1.000000000000000000 ) ) ;
#3710 = ORIENTED_EDGE ( 'NONE', *, *, #5605, .T. ) ;
#3711 = LINE ( 'NONE', #9708, #8636 ) ;
#3712 = DATE_AND_TIME ( #9439, #1947 ) ;
#3713 = EDGE_LOOP ( 'NONE', ( #2273, #11413, #10233, #2509 ) ) ;
#3714 = CALENDAR_DATE ( 2026, 21, 9 ) ;
#3715 = DIRECTION ( 'NONE',  ( 0.000000000000000000, 0.000000000000000000, -1.000000000000000000 ) ) ;
#3716 = ORIENTED_EDGE ( 'NONE', *, *, #8345, .T. ) ;
#3718 = VECTOR ( 'NONE', #659, 1000.000000000000000 ) ;
#3717 = PRODUCT ( 'V3_REF_gripper_finger', 'V3_REF_gripper_finger', '', ( #4097 ) ) ;
#3719 = CARTESIAN_POINT ( 'NONE',  ( -10.70006951123579064, -0.000000000000000000, 4.225083994886820626 ) ) ;
#3720 = LINE ( 'NONE', #9780, #2228 ) ;
#3721 = CIRCLE ( 'NONE', #3522, 1.700000000000000178 ) ;
#3722 = CARTESIAN_POINT ( 'NONE',  ( -10.50000000000000000, -1.200000000000000030E-05, 3.200000000000002398 ) ) ;
#3723 = DIRECTION ( 'NONE',  ( -0.000000000000000000, -0.000000000000000000, 1.000000000000000000 ) ) ;
#3724 = EDGE_LOOP ( 'NONE', ( #4007, #10672, #533, #3710 ) ) ;
#3725 = VERTEX_POINT ( 'NONE', #10893 ) ;
#3726 = CONTEXT_DEPENDENT_SHAPE_REPRESENTATION ( #8240, #6211 ) ;
#3727 = AXIS2_PLACEMENT_3D ( 'NONE', #7267, #2148, #11181 ) ;
#3728 = DIRECTION ( 'NONE',  ( -1.000000000000000000, 0.000000000000000000, 0.000000000000000000 ) ) ;
#3729 = CALENDAR_DATE ( 2026, 21, 9 ) ;
#3730 = FACE_OUTER_BOUND ( 'NONE', #8889, .T. ) ;
#3731 = CIRCLE ( 'NONE', #2248, 1.700000000000000178 ) ;
#3732 = CARTESIAN_POINT ( 'NONE',  ( 0.000000000000000000, 0.000000000000000000, 42.00000000000000000 ) ) ;
#3733 = EDGE_CURVE ( 'NONE', #4862, #10059, #5765, .T. ) ;
#3734 = DIRECTION ( 'NONE',  ( 0.000000000000000000, -1.000000000000000000, 0.000000000000000000 ) ) ;
#3735 = CARTESIAN_POINT ( 'NONE',  ( -18.34320465898919394, -0.000000000000000000, 12.44263793984841193 ) ) ;
#3736 = FACE_OUTER_BOUND ( 'NONE', #9156, .T. ) ;
#3737 = AXIS2_PLACEMENT_3D ( 'NONE', #8955, #3715, #12992 ) ;
#3738 = VERTEX_POINT ( 'NONE', #7799 ) ;
#3739 = CIRCLE ( 'NONE', #7298, 2.000000000000000000 ) ;
#3740 = ORIENTED_EDGE ( 'NONE', *, *, #7084, .F. ) ;
#3741 = UNCERTAINTY_MEASURE_WITH_UNIT (LENGTH_MEASURE( 1.000000000000000082E-05 ), #12904, 'distance_accuracy_value', 'NONE');
#3742 = ORIENTED_EDGE ( 'NONE', *, *, #8753, .F. ) ;
#3743 = ORIENTED_EDGE ( 'NONE', *, *, #4526, .F. ) ;
#3744 = ORIENTED_EDGE ( 'NONE', *, *, #5215, .F. ) ;
#3745 = DIRECTION ( 'NONE',  ( -0.000000000000000000, -0.000000000000000000, -1.000000000000000000 ) ) ;
#3746 = CARTESIAN_POINT ( 'NONE',  ( -20.00000000000000000, 12.00000000000000000, 0.000000000000000000 ) ) ;
#3747 = AXIS2_PLACEMENT_3D ( 'NONE', #9183, #7865, #1867 ) ;
#3748 = LINE ( 'NONE', #5653, #8813 ) ;
#3749 = EDGE_CURVE ( 'NONE', #8633, #683, #1540, .T. ) ;
#3750 = PLANE ( 'NONE',  #416 ) ;
#3751 = CARTESIAN_POINT ( 'NONE',  ( -20.00000000000000000, 12.00000000000000000, 2.000000000000000000 ) ) ;
#3752 = EDGE_LOOP ( 'NONE', ( #11007, #10843, #6301, #6858, #3088, #6564 ) ) ;
#3753 = VERTEX_POINT ( 'NONE', #5820 ) ;
#3754 = CC_DESIGN_PERSON_AND_ORGANIZATION_ASSIGNMENT ( #2314, #7268, ( #4362 ) ) ;
#3755 = CYLINDRICAL_SURFACE ( 'NONE', #6924, 5.799999999999999822 ) ;
#3756 = PERSON_AND_ORGANIZATION ( #2675, #9931 ) ;
#3757 = ORIENTED_EDGE ( 'NONE', *, *, #4812, .T. ) ;
#3758 = DIRECTION ( 'NONE',  ( 0.000000000000000000, 0.000000000000000000, 1.000000000000000000 ) ) ;
#3759 = VERTEX_POINT ( 'NONE', #10960 ) ;
#3760 = APPROVAL_STATUS ( 'not_yet_approved' ) ;
#3761 = DIRECTION ( 'NONE',  ( -1.000000000000000000, 0.000000000000000000, 0.000000000000000000 ) ) ;
#3762 = PERSON ( 'NAUO-PER2', 'UNSPECIFIED', 'UNSPECIFIED', ('UNSPECIFIED'), ('UNSPECIFIED'), ('UNSPECIFIED') ) ;
#3763 = ADVANCED_FACE ( 'NONE', ( #796 ), #4854, .F. ) ;
#3764 = AXIS2_PLACEMENT_3D ( 'NONE', #9116, #2923, #56 ) ;
#3765 = DIRECTION ( 'NONE',  ( -1.000000000000000000, 0.000000000000000000, 0.000000000000000000 ) ) ;
#3766 = EDGE_CURVE ( 'NONE', #6520, #10468, #6848, .T. ) ;
#3767 = LINE ( 'NONE', #5010, #8669 ) ;
#3768 = CARTESIAN_POINT ( 'NONE',  ( -12.80000000000000071, -2.000000000000000000, -8.271806125530276749E-22 ) ) ;
#3769 = APPROVAL_PERSON_ORGANIZATION ( #8786, #2647, #9785 ) ;
#3770 = CC_DESIGN_PERSON_AND_ORGANIZATION_ASSIGNMENT ( #4880, #8885, ( #2602 ) ) ;
#3771 = DIRECTION ( 'NONE',  ( 0.000000000000000000, 0.000000000000000000, 1.000000000000000000 ) ) ;
#3772 = ORIENTED_EDGE ( 'NONE', *, *, #3918, .F. ) ;
#3773 = DIRECTION ( 'NONE',  ( 0.000000000000000000, 0.000000000000000000, 1.000000000000000000 ) ) ;
#3774 = APPROVAL_STATUS ( 'not_yet_approved' ) ;
#3775 = ORIENTED_EDGE ( 'NONE', *, *, #452, .T. ) ;
#3776 = CARTESIAN_POINT ( 'NONE',  ( -5.500000000000000000, 0.000000000000000000, 26.00000000000000000 ) ) ;
#3777 = EDGE_CURVE ( 'NONE', #4862, #6549, #5877, .T. ) ;
#3778 = ORIENTED_EDGE ( 'NONE', *, *, #11416, .T. ) ;
#3779 = CARTESIAN_POINT ( 'NONE',  ( -9.858653920126698722, 0.000000000000000000, 5.484325342115313973 ) ) ;
#3780 = VECTOR ( 'NONE', #3094, 1000.000000000000000 ) ;
#3781 = CC_DESIGN_SECURITY_CLASSIFICATION ( #1662, ( #13077 ) ) ;
#3783 = ADVANCED_FACE ( 'NONE', ( #978 ), #735, .T. ) ;
#3782 = DIRECTION ( 'NONE',  ( -1.000000000000000000, -0.000000000000000000, -0.000000000000000000 ) ) ;
#3784 = DIRECTION ( 'NONE',  ( -0.000000000000000000, -0.000000000000000000, -1.000000000000000000 ) ) ;
#3785 = LINE ( 'NONE', #8658, #6932 ) ;
#3786 = ADVANCED_FACE ( 'NONE', ( #3980, #4793, #7976, #7862, #12023, #7912 ), #12954, .F. ) ;
#3787 = EDGE_CURVE ( 'NONE', #6751, #8342, #11029, .T. ) ;
#3788 = DIRECTION ( 'NONE',  ( 0.000000000000000000, 0.000000000000000000, 1.000000000000000000 ) ) ;
#3789 = EDGE_LOOP ( 'NONE', ( #8394, #2067, #12369, #2934 ) ) ;
#3790 = VECTOR ( 'NONE', #4099, 1000.000000000000000 ) ;
#3791 = VERTEX_POINT ( 'NONE', #10379 ) ;
#3792 = PERSON_AND_ORGANIZATION_ROLE ( 'classification_officer' ) ;
#3793 = CARTESIAN_POINT ( 'NONE',  ( 31.60000000000000142, 67.50000000000000000, 6.000000000000000000 ) ) ;
#3794 = ORIENTED_EDGE ( 'NONE', *, *, #2954, .T. ) ;
#3795 = DIRECTION ( 'NONE',  ( 0.000000000000000000, 0.000000000000000000, 1.000000000000000000 ) ) ;
#3796 = CARTESIAN_POINT ( 'NONE',  ( -20.00000000000000000, 8.000000000000000000, 12.00000000000000000 ) ) ;
#3797 = SHAPE_REPRESENTATION_RELATIONSHIP ( 'NONE' , 'NONE' ,  #3249, #3903 ) ;
#3798 = DIRECTION ( 'NONE',  ( -0.000000000000000000, -0.000000000000000000, -1.000000000000000000 ) ) ;
#3799 = CC_DESIGN_SECURITY_CLASSIFICATION ( #5685, ( #13087 ) ) ;
#3800 = CYLINDRICAL_SURFACE ( 'NONE', #8849, 2.600000000000000089 ) ;
#3801 = APPLICATION_CONTEXT ( 'configuration controlled 3d designs of mechanical parts and assemblies' ) ;
#3802 = CARTESIAN_POINT ( 'NONE',  ( 13.00000000000000000, -5.000000000000000000, 25.00000000000000000 ) ) ;
#3803 = LINE ( 'NONE', #1748, #11393 ) ;
#3804 = AXIS2_PLACEMENT_3D ( 'NONE', #6328, #9450, #7243 ) ;
#3805 = ORIENTED_EDGE ( 'NONE', *, *, #6479, .T. ) ;
#3806 = VECTOR ( 'NONE', #2200, 1000.000000000000000 ) ;
#3807 = ORIENTED_EDGE ( 'NONE', *, *, #5932, .T. ) ;
#3808 =( NAMED_UNIT ( * ) PLANE_ANGLE_UNIT ( ) SI_UNIT ( $, .RADIAN. ) );
#3809 = VERTEX_POINT ( 'NONE', #4050 ) ;
#3810 = DIRECTION ( 'NONE',  ( -0.000000000000000000, -1.000000000000000000, -0.000000000000000000 ) ) ;
#3811 = CARTESIAN_POINT ( 'NONE',  ( -34.00000000000000000, 5.000000000000000000, -1.200000000000000030E-05 ) ) ;
#3812 = VECTOR ( 'NONE', #1666, 1000.000000000000000 ) ;
#3813 = AXIS2_PLACEMENT_3D ( 'NONE', #1700, #6691, #9806 ) ;
#3814 = CARTESIAN_POINT ( 'NONE',  ( -15.59999999999999964, 72.50000000000000000, -1.200000000000000030E-05 ) ) ;
#3815 = CARTESIAN_POINT ( 'NONE',  ( -7.343333099005484144, 0.000000000000000000, 3.557415261748694935 ) ) ;
#3816 = VECTOR ( 'NONE', #10799, 1000.000000000000000 ) ;
#3817 = CYLINDRICAL_SURFACE ( 'NONE', #3813, 14.00000000000000000 ) ;
#3818 = ORIENTED_EDGE ( 'NONE', *, *, #1695, .T. ) ;
#3819 = PRODUCT ( 'V3_05_wrist_adapter', 'V3_05_wrist_adapter', '', ( #5232 ) ) ;
#3820 = VERTEX_POINT ( 'NONE', #2198 ) ;
#3821 = AXIS2_PLACEMENT_3D ( 'NONE', #2092, #3023, #6826 ) ;
#3822 = VECTOR ( 'NONE', #4936, 1000.000000000000000 ) ;
#3823 = APPROVAL_ROLE ( '' ) ;
#3824 = ORIENTED_EDGE ( 'NONE', *, *, #9868, .F. ) ;
#3825 = EDGE_CURVE ( 'NONE', #12644, #5338, #12295, .T. ) ;
#3826 = CARTESIAN_POINT ( 'NONE',  ( -4.299999999999999822, -9.000000000000000000, -6.000000000000000152E-06 ) ) ;
#3827 = VERTEX_POINT ( 'NONE', #12359 ) ;
#3828 = DIRECTION ( 'NONE',  ( 1.000000000000000000, 0.000000000000000000, 0.000000000000000000 ) ) ;
#3829 = VECTOR ( 'NONE', #8227, 1000.000000000000000 ) ;
#3830 = PLANE ( 'NONE',  #3563 ) ;
#3831 = CARTESIAN_POINT ( 'NONE',  ( 0.5999999999999999778, 18.99052395275075256, 0.000000000000000000 ) ) ;
#3832 = ADVANCED_FACE ( 'NONE', ( #6059 ), #6189, .F. ) ;
#3833 = CYLINDRICAL_SURFACE ( 'NONE', #6534, 1.700000000000000178 ) ;
#3834 = CYLINDRICAL_SURFACE ( 'NONE', #10136, 1.700000000000000178 ) ;
#3835 = CARTESIAN_POINT ( 'NONE',  ( 130.0000000000000000, 0.000000000000000000, 6.000000000000000000 ) ) ;
#3836 = CALENDAR_DATE ( 2026, 21, 9 ) ;
#3837 = VERTEX_POINT ( 'NONE', #7251 ) ;
#3838 = AXIS2_PLACEMENT_3D ( 'NONE', #10551, #10621, #7645 ) ;
#3839 = AXIS2_PLACEMENT_3D ( 'NONE', #8117, #3265, #9187 ) ;
#3840 = CALENDAR_DATE ( 2026, 21, 9 ) ;
#3841 = EDGE_CURVE ( 'NONE', #8592, #1250, #10238, .T. ) ;
#3842 = CARTESIAN_POINT ( 'NONE',  ( 31.00000000000000355, -6.000000000000000152E-06, 11.29999999999999893 ) ) ;
#3843 = ORIENTED_EDGE ( 'NONE', *, *, #521, .T. ) ;
#3844 = LINE ( 'NONE', #2851, #10075 ) ;
#3845 = CC_DESIGN_DATE_AND_TIME_ASSIGNMENT ( #5862, #2848, ( #3593 ) ) ;
#3846 = APPROVAL ( #3760, 'ๆช' ) ;
#3847 = CARTESIAN_POINT ( 'NONE',  ( 0.000000000000000000, 0.000000000000000000, 42.00000000000000000 ) ) ;
#3848 = APPROVAL_PERSON_ORGANIZATION ( #5309, #342, #399 ) ;
#3849 = LINE ( 'NONE', #7665, #7147 ) ;
#3850 = DATE_TIME_ROLE ( 'classification_date' ) ;
#3851 = DIRECTION ( 'NONE',  ( 1.000000000000000000, 0.000000000000000000, 0.000000000000000000 ) ) ;
#3852 = PERSON_AND_ORGANIZATION ( #2675, #9931 ) ;
#3853 = DATE_AND_TIME ( #2118, #9864 ) ;
#3854 = ADVANCED_FACE ( 'NONE', ( #11367 ), #12223, .F. ) ;
#3855 = CARTESIAN_POINT ( 'NONE',  ( -27.69999999999999929, 45.00000000000000000, 5.000000000000000000 ) ) ;
#3856 = ORIENTED_EDGE ( 'NONE', *, *, #1719, .T. ) ;
#3857 = EDGE_CURVE ( 'NONE', #8804, #9429, #4179, .T. ) ;
#3858 = FACE_OUTER_BOUND ( 'NONE', #6905, .T. ) ;
#3859 = AXIS2_PLACEMENT_3D ( 'NONE', #947, #4945, #1831 ) ;
#3860 = CC_DESIGN_APPROVAL ( #4165, ( #6561 ) ) ;
#3861 = DIRECTION ( 'NONE',  ( 0.000000000000000000, 0.000000000000000000, 1.000000000000000000 ) ) ;
#3863 = EDGE_CURVE ( 'NONE', #426, #5563, #7328, .T. ) ;
#3862 = EDGE_CURVE ( 'NONE', #4699, #2396, #3322, .T. ) ;
#3864 = DIRECTION ( 'NONE',  ( -0.000000000000000000, -0.000000000000000000, -1.000000000000000000 ) ) ;
#3865 = LINE ( 'NONE', #4052, #3389 ) ;
#3866 = PRODUCT_DEFINITION_FORMATION_WITH_SPECIFIED_SOURCE ( 'ไป', '', #8106, .NOT_KNOWN. ) ;
#3867 = CARTESIAN_POINT ( 'NONE',  ( -16.00000000000000000, -6.000000000000000000, 18.00000000000000355 ) ) ;
#3868 = LINE ( 'NONE', #6923, #5506 ) ;
#3869 = ORIENTED_EDGE ( 'NONE', *, *, #8999, .F. ) ;
#3870 = DIRECTION ( 'NONE',  ( 0.000000000000000000, 1.000000000000000000, 0.000000000000000000 ) ) ;
#3871 = VERTEX_POINT ( 'NONE', #5229 ) ;
#3872 = CARTESIAN_POINT ( 'NONE',  ( 0.000000000000000000, 0.000000000000000000, 0.000000000000000000 ) ) ;
#3873 = PLANE ( 'NONE',  #1840 ) ;
#3874 = FACE_OUTER_BOUND ( 'NONE', #2344, .T. ) ;
#3875 = SECURITY_CLASSIFICATION ( '', '', #10146 ) ;
#3876 = B_SPLINE_CURVE_WITH_KNOTS ( 'NONE', 3,
 ( #5485, #4570, #8561, #11553, #4637, #3515, #8642, #10625, #4706, #12486, #11622, #451, #1645, #12618, #2599, #3650, #6707, #7651, #3707, #11739, #11688, #1718, #10557, #5674, #3454, #11485 ),
 .UNSPECIFIED., .F., .F.,
 ( 4, 2, 2, 2, 2, 2, 2, 2, 2, 2, 2, 2, 4 ),
 ( 0.000000000000000000, 0.0008032955908086748635, 0.001606591181617349727, 0.002008238977021684340, 0.002409886772426018519, 0.002811534567830353566, 0.003213182363234687745, 0.003614830158639022791, 0.004016477954043356537, 0.004418125749447691583, 0.004819773544852025762, 0.005623069135660691518, 0.006426364726469357275 ),
 .UNSPECIFIED. ) ;
#3877 = DIRECTION ( 'NONE',  ( -0.000000000000000000, -1.000000000000000000, -0.000000000000000000 ) ) ;
#3878 = DIRECTION ( 'NONE',  ( -0.000000000000000000, -0.000000000000000000, 1.000000000000000000 ) ) ;
#3879 = DIRECTION ( 'NONE',  ( 1.000000000000000000, 0.000000000000000000, 0.000000000000000000 ) ) ;
#3880 = FACE_BOUND ( 'NONE', #12305, .T. ) ;
#3881 = EDGE_LOOP ( 'NONE', ( #4800, #7681, #7138, #10048 ) ) ;
#3882 = ORIENTED_EDGE ( 'NONE', *, *, #2976, .F. ) ;
#3883 = PLANE ( 'NONE',  #12219 ) ;
#3884 = DATE_AND_TIME ( #4755, #2834 ) ;
#3885 = DATE_AND_TIME ( #6697, #2380 ) ;
#3886 = ORIENTED_EDGE ( 'NONE', *, *, #2498, .T. ) ;
#3887 = CARTESIAN_POINT ( 'NONE',  ( 0.000000000000000000, 70.00000000000000000, 0.000000000000000000 ) ) ;
#3888 = EDGE_LOOP ( 'NONE', ( #7619, #2703 ) ) ;
#3889 = COORDINATED_UNIVERSAL_TIME_OFFSET ( 5, 0, .BEHIND. ) ;
#3890 = SHAPE_REPRESENTATION_RELATIONSHIP ( 'NONE' , 'NONE' ,  #5445, #9098 ) ;
#3891 = DIRECTION ( 'NONE',  ( -1.000000000000000000, -0.000000000000000000, -0.000000000000000000 ) ) ;
#3892 = FACE_OUTER_BOUND ( 'NONE', #5251, .T. ) ;
#3893 = FACE_OUTER_BOUND ( 'NONE', #11482, .T. ) ;
#3894 = EDGE_CURVE ( 'NONE', #8950, #10262, #10786, .T. ) ;
#3895 = DIRECTION ( 'NONE',  ( 0.000000000000000000, -1.000000000000000000, 0.000000000000000000 ) ) ;
#3896 = FACE_OUTER_BOUND ( 'NONE', #10581, .T. ) ;
#3897 = APPROVAL_DATE_TIME ( #896, #2388 ) ;
#3898 = CALENDAR_DATE ( 2026, 21, 9 ) ;
#3899 = CARTESIAN_POINT ( 'NONE',  ( 136.8584857301911200, 1.484395069527666866, 0.000000000000000000 ) ) ;
#3900 = ORIENTED_EDGE ( 'NONE', *, *, #2813, .T. ) ;
#3901 = CARTESIAN_POINT ( 'NONE',  ( 137.7000000000000171, 0.000000000000000000, -6.000000000000000152E-06 ) ) ;
#3902 = CARTESIAN_POINT ( 'NONE',  ( -22.00000000000000000, 84.00000000000000000, 0.000000000000000000 ) ) ;
#3903 = ADVANCED_BREP_SHAPE_REPRESENTATION ( '', ( #11776, #6542 ), #8455 ) ;
#3904 = ADVANCED_FACE ( 'NONE', ( #9325 ), #4249, .F. ) ;
#3905 = PLANE ( 'NONE',  #8653 ) ;
#3906 = FACE_OUTER_BOUND ( 'NONE', #11506, .T. ) ;
#3907 = CC_DESIGN_DATE_AND_TIME_ASSIGNMENT ( #1889, #11844, ( #3354 ) ) ;
#3908 = COORDINATED_UNIVERSAL_TIME_OFFSET ( 5, 0, .BEHIND. ) ;
#3909 = CARTESIAN_POINT ( 'NONE',  ( -15.19999999999999929, -2.000000000000000000, 0.000000000000000000 ) ) ;
#3910 = EDGE_LOOP ( 'NONE', ( #3219, #1265, #7193, #13050 ) ) ;
#3911 = LINE ( 'NONE', #974, #10911 ) ;
#3912 = LINE ( 'NONE', #2926, #1197 ) ;
#3913 = CYLINDRICAL_SURFACE ( 'NONE', #3267, 3.000000000000000000 ) ;
#3914 = CIRCLE ( 'NONE', #11068, 1.700000000000000178 ) ;
#3915 = CARTESIAN_POINT ( 'NONE',  ( -5.500000000000000000, 0.000000000000000000, 22.00000000000000000 ) ) ;
#3917 = EDGE_CURVE ( 'NONE', #6802, #3126, #10307, .T. ) ;
#3916 = FACE_OUTER_BOUND ( 'NONE', #8568, .T. ) ;
#3918 = EDGE_CURVE ( 'NONE', #3491, #4041, #7171, .T. ) ;
#3919 = DIRECTION ( 'NONE',  ( 0.000000000000000000, 0.000000000000000000, 1.000000000000000000 ) ) ;
#3920 = DIRECTION ( 'NONE',  ( 0.000000000000000000, 1.000000000000000000, 0.000000000000000000 ) ) ;
#3921 = EDGE_CURVE ( 'NONE', #8053, #4287, #260, .T. ) ;
#3922 = PLANE ( 'NONE',  #1836 ) ;
#3923 = VECTOR ( 'NONE', #2208, 1000.000000000000000 ) ;
#3924 = ORIENTED_EDGE ( 'NONE', *, *, #11105, .F. ) ;
#3925 = DIRECTION ( 'NONE',  ( 0.000000000000000000, 0.000000000000000000, 1.000000000000000000 ) ) ;
#3926 = DIRECTION ( 'NONE',  ( 1.000000000000000000, 0.000000000000000000, 0.000000000000000000 ) ) ;
#3927 = CARTESIAN_POINT ( 'NONE',  ( 0.000000000000000000, 0.000000000000000000, 16.00000000000000000 ) ) ;
#3928 = DATE_AND_TIME ( #5100, #8266 ) ;
#3929 = CARTESIAN_POINT ( 'NONE',  ( 35.60000000000000142, 72.50000000000000000, -1.200000000000000030E-05 ) ) ;
#3930 = CARTESIAN_POINT ( 'NONE',  ( -7.957126042969685287, 0.000000000000000000, 5.361190795271369325 ) ) ;
#3931 = VECTOR ( 'NONE', #4547, 1000.000000000000000 ) ;
#3932 = EDGE_CURVE ( 'NONE', #4664, #2415, #8045, .T. ) ;
#3933 = FACE_OUTER_BOUND ( 'NONE', #8690, .T. ) ;
#3934 = ORIENTED_EDGE ( 'NONE', *, *, #11645, .T. ) ;
#3935 = ADVANCED_FACE ( 'NONE', ( #11090 ), #2056, .F. ) ;
#3936 = ORIENTED_EDGE ( 'NONE', *, *, #950, .F. ) ;
#3937 = ADVANCED_FACE ( 'NONE', ( #12147 ), #3116, .T. ) ;
#3938 = EDGE_CURVE ( 'NONE', #4644, #6009, #1111, .T. ) ;
#3939 = LINE ( 'NONE', #8205, #8199 ) ;
#3940 = PERSON_AND_ORGANIZATION_ROLE ( 'classification_officer' ) ;
#3941 = APPROVAL_ROLE ( '' ) ;
#3942 = EDGE_LOOP ( 'NONE', ( #8202, #1789, #4740, #10231 ) ) ;
#3943 = CARTESIAN_POINT ( 'NONE',  ( -9.000000000000000000, 81.00000000000000000, 5.700000000000000178 ) ) ;
#3944 = ORIENTED_EDGE ( 'NONE', *, *, #11713, .T. ) ;
#3945 = VECTOR ( 'NONE', #9956, 1000.000000000000000 ) ;
#3946 = AXIS2_PLACEMENT_3D ( 'NONE', #8911, #10828, #854 ) ;
#3947 = MECHANICAL_CONTEXT ( 'NONE', #5807, 'mechanical' ) ;
#3948 = PERSON_AND_ORGANIZATION_ROLE ( 'creator' ) ;
#3949 = CARTESIAN_POINT ( 'NONE',  ( -16.00000000000000000, -6.000000000000000000, 16.00000000000000000 ) ) ;
#3950 = CARTESIAN_POINT ( 'NONE',  ( 7.361190795271054021, -7.957126042969366431, 0.000000000000000000 ) ) ;
#3951 = CARTESIAN_POINT ( 'NONE',  ( -15.59999999999999964, 72.50000000000000000, 0.000000000000000000 ) ) ;
#3952 = AXIS2_PLACEMENT_3D ( 'NONE', #7385, #3306, #7513 ) ;
#3953 = ORIENTED_EDGE ( 'NONE', *, *, #4085, .F. ) ;
#3954 = DIRECTION ( 'NONE',  ( 0.000000000000000000, -0.000000000000000000, -1.000000000000000000 ) ) ;
#3955 = LINE ( 'NONE', #7954, #5486 ) ;
#3956 = PERSON_AND_ORGANIZATION ( #2675, #9931 ) ;
#3957 = ORIENTED_EDGE ( 'NONE', *, *, #5056, .T. ) ;
#3958 = CALENDAR_DATE ( 2026, 21, 9 ) ;
#3959 = LINE ( 'NONE', #5748, #8123 ) ;
#3960 = VERTEX_POINT ( 'NONE', #8578 ) ;
#3961 = CARTESIAN_POINT ( 'NONE',  ( -10.36128909900394923, -0.000000000000000000, 2.957027739237109820 ) ) ;
#3962 = VECTOR ( 'NONE', #10474, 1000.000000000000000 ) ;
#3963 =( REPRESENTATION_RELATIONSHIP ('NONE','NONE', #874, #10897 ) REPRESENTATION_RELATIONSHIP_WITH_TRANSFORMATION ( #11344 )SHAPE_REPRESENTATION_RELATIONSHIP( ) );
#3964 = CIRCLE ( 'NONE', #2912, 1.700000000000000178 ) ;
#3965 = CARTESIAN_POINT ( 'NONE',  ( 0.000000000000000000, 0.000000000000000000, 68.00000000000000000 ) ) ;
#3966 = LINE ( 'NONE', #2374, #10113 ) ;
#3967 = CC_DESIGN_APPROVAL ( #9646, ( #5024 ) ) ;
#3968 = CIRCLE ( 'NONE', #7090, 1.700000000000000178 ) ;
#3969 = CARTESIAN_POINT ( 'NONE',  ( 9.361280813272388812, 10.41041303537513585, 9.044422475208895307 ) ) ;
#3970 = ORIENTED_EDGE ( 'NONE', *, *, #1513, .F. ) ;
#3971 = CARTESIAN_POINT ( 'NONE',  ( 32.70000000000000284, 57.00000000000000000, -6.000000000000000152E-06 ) ) ;
#3972 = APPROVAL_DATE_TIME ( #3853, #6299 ) ;
#3973 = PLANE ( 'NONE',  #7272 ) ;
#3974 = EDGE_LOOP ( 'NONE', ( #8113, #7496 ) ) ;
#3975 = CARTESIAN_POINT ( 'NONE',  ( 6.000000000000000000, -9.000000000000000000, -1.200000000000000030E-05 ) ) ;
#3976 = CC_DESIGN_APPROVAL ( #9485, ( #1662 ) ) ;
#3978 = EDGE_CURVE ( 'NONE', #8434, #7493, #9519, .T. ) ;
#3977 = EDGE_CURVE ( 'NONE', #6646, #2231, #12433, .T. ) ;
#3979 = DIRECTION ( 'NONE',  ( 0.000000000000000000, -0.000000000000000000, 1.000000000000000000 ) ) ;
#3980 = FACE_BOUND ( 'NONE', #8901, .T. ) ;
#3981 = APPROVAL ( #2953, 'ๆช' ) ;
#3982 = LINE ( 'NONE', #7979, #6684 ) ;
#3983 = LINE ( 'NONE', #11963, #10105 ) ;
#3984 = CARTESIAN_POINT ( 'NONE',  ( 18.95702773923648010, -15.36128909900368278, -0.000000000000000000 ) ) ;
#3985 = SECURITY_CLASSIFICATION ( '', '', #10281 ) ;
#3986 = CARTESIAN_POINT ( 'NONE',  ( -30.50000000000000000, -10.00000000000000000, 35.00000000000000000 ) ) ;
#3987 = DIRECTION ( 'NONE',  ( 0.000000000000000000, 0.000000000000000000, 1.000000000000000000 ) ) ;
#3988 = CARTESIAN_POINT ( 'NONE',  ( -21.00000000000000000, 0.000000000000000000, 0.000000000000000000 ) ) ;
#3989 = ORIENTED_EDGE ( 'NONE', *, *, #1208, .T. ) ;
#3990 = EDGE_CURVE ( 'NONE', #7413, #7209, #326, .T. ) ;
#3991 = CARTESIAN_POINT ( 'NONE',  ( 13.14151426979811887, 68.51560493047468015, 0.000000000000000000 ) ) ;
#3992 = FACE_OUTER_BOUND ( 'NONE', #122, .T. ) ;
#3993 = EDGE_CURVE ( 'NONE', #7279, #8507, #7402, .T. ) ;
#3994 = CARTESIAN_POINT ( 'NONE',  ( 6.000000000000000000, -1.300000000000000044, -0.09997027095160138099 ) ) ;
#3995 = DIRECTION ( 'NONE',  ( -0.000000000000000000, -0.000000000000000000, 1.000000000000000000 ) ) ;
#3996 = CC_DESIGN_PERSON_AND_ORGANIZATION_ASSIGNMENT ( #6508, #10544, ( #4083 ) ) ;
#3997 = CC_DESIGN_DATE_AND_TIME_ASSIGNMENT ( #1211, #1557, ( #672 ) ) ;
#3998 = DIRECTION ( 'NONE',  ( 0.000000000000000000, 1.000000000000000000, 0.000000000000000000 ) ) ;
#3999 = VECTOR ( 'NONE', #11808, 1000.000000000000000 ) ;
#4000 = CARTESIAN_POINT ( 'NONE',  ( 6.000000000000000000, 0.000000000000000000, 0.000000000000000000 ) ) ;
#4001 = LINE ( 'NONE', #10058, #11179 ) ;
#4002 = ORIENTED_EDGE ( 'NONE', *, *, #3978, .F. ) ;
#4003 = ORIENTED_EDGE ( 'NONE', *, *, #6886, .T. ) ;
#4004 = CARTESIAN_POINT ( 'NONE',  ( -10.69993048876420971, 66.22508399488370401, -0.000000000000000000 ) ) ;
#4005 = CYLINDRICAL_SURFACE ( 'NONE', #6732, 1.100000000000000311 ) ;
#4006 = PERSON_AND_ORGANIZATION_ROLE ( 'design_owner' ) ;
#4007 = ORIENTED_EDGE ( 'NONE', *, *, #6819, .F. ) ;
#4008 = AXIS2_PLACEMENT_3D ( 'NONE', #3155, #3080, #11400 ) ;
#4009 = EDGE_CURVE ( 'NONE', #9292, #1956, #1279, .T. ) ;
#4010 = DIRECTION ( 'NONE',  ( -1.000000000000000000, -0.000000000000000000, 0.000000000000000000 ) ) ;
#4011 = ORIENTED_EDGE ( 'NONE', *, *, #3552, .F. ) ;
#4012 = ADVANCED_FACE ( 'NONE', ( #7598, #9390, #1464 ), #10437, .F. ) ;
#4013 = CARTESIAN_POINT ( 'NONE',  ( -14.44258473825003897, 71.65666690099503455, 0.000000000000000000 ) ) ;
#4014 = PLANE ( 'NONE',  #5105 ) ;
#4015 = VECTOR ( 'NONE', #8926, 1000.000000000000000 ) ;
#4016 = ADVANCED_FACE ( 'NONE', ( #12561, #9649 ), #6408, .F. ) ;
#4017 = DIRECTION ( 'NONE',  ( 0.000000000000000000, 1.000000000000000000, 0.000000000000000000 ) ) ;
#4018 = ADVANCED_FACE ( 'NONE', ( #12501 ), #9459, .F. ) ;
#4019 = DIRECTION ( 'NONE',  ( 0.000000000000000000, 0.000000000000000000, 1.000000000000000000 ) ) ;
#4020 = AXIS2_PLACEMENT_3D ( 'NONE', #2265, #12435, #12298 ) ;
#4021 = CIRCLE ( 'NONE', #11818, 1.700000000000000178 ) ;
#4022 = CARTESIAN_POINT ( 'NONE',  ( -0.5999999999999999778, 13.98713694792468587, 12.00000000000000000 ) ) ;
#4023 = EDGE_LOOP ( 'NONE', ( #7210, #10314, #6302, #2376 ) ) ;
#4024 = FACE_OUTER_BOUND ( 'NONE', #8042, .T. ) ;
#4025 = CARTESIAN_POINT ( 'NONE',  ( -9.000000000000000000, 80.49999999999998579, 5.700000000000000178 ) ) ;
#4026 = CALENDAR_DATE ( 2026, 21, 9 ) ;
#4027 = ORIENTED_EDGE ( 'NONE', *, *, #4980, .T. ) ;
#4028 = VERTEX_POINT ( 'NONE', #11636 ) ;
#4029 = SECURITY_CLASSIFICATION_LEVEL ( 'unclassified' ) ;
#4030 = DIRECTION ( 'NONE',  ( 0.000000000000000000, 0.000000000000000000, -1.000000000000000000 ) ) ;
#4031 = ORIENTED_EDGE ( 'NONE', *, *, #1139, .F. ) ;
#4032 = CARTESIAN_POINT ( 'NONE',  ( 14.00000000000000000, 0.000000000000000000, 0.000000000000000000 ) ) ;
#4033 = VECTOR ( 'NONE', #1176, 1000.000000000000000 ) ;
#4034 = VECTOR ( 'NONE', #11626, 1000.000000000000000 ) ;
#4035 = LINE ( 'NONE', #12131, #7806 ) ;
#4036 = LINE ( 'NONE', #10157, #2260 ) ;
#4037 = DIRECTION ( 'NONE',  ( -0.000000000000000000, -0.000000000000000000, 1.000000000000000000 ) ) ;
#4038 = MECHANICAL_CONTEXT ( 'NONE', #10096, 'mechanical' ) ;
#4039 = ORIENTED_EDGE ( 'NONE', *, *, #159, .F. ) ;
#4040 = CARTESIAN_POINT ( 'NONE',  ( 29.51547649045613753, 56.14146106821038273, -0.000000000000000000 ) ) ;
#4041 = VERTEX_POINT ( 'NONE', #2611 ) ;
#4042 = DIRECTION ( 'NONE',  ( 0.000000000000000000, 0.000000000000000000, -1.000000000000000000 ) ) ;
#4043 = VECTOR ( 'NONE', #5102, 1000.000000000000000 ) ;
#4044 = EDGE_LOOP ( 'NONE', ( #9484, #1510 ) ) ;
#4045 = DIRECTION ( 'NONE',  ( 1.000000000000000000, 0.000000000000000000, 0.000000000000000000 ) ) ;
#4046 = ORIENTED_EDGE ( 'NONE', *, *, #7120, .T. ) ;
#4047 = CARTESIAN_POINT ( 'NONE',  ( -12.00000000000000000, -7.000000000000000000, 3.299999999999999822 ) ) ;
#4048 = DIRECTION ( 'NONE',  ( 0.000000000000000000, 1.000000000000000000, 0.000000000000000000 ) ) ;
#4049 = AXIS2_PLACEMENT_3D ( 'NONE', #7055, #10582, #537 ) ;
#4050 = CARTESIAN_POINT ( 'NONE',  ( 31.60000000000000142, 77.50000000000000000, 5.590597372058685011 ) ) ;
#4051 = CARTESIAN_POINT ( 'NONE',  ( 16.00000000000000000, 6.000000000000000000, 18.00000000000000355 ) ) ;
#4052 = CARTESIAN_POINT ( 'NONE',  ( 16.00000000000000000, -6.000000000000000000, 18.00000000000000355 ) ) ;
#4053 = PERSON_AND_ORGANIZATION_ROLE ( 'classification_officer' ) ;
#4054 = LINE ( 'NONE', #3986, #7294 ) ;
#4055 = EDGE_CURVE ( 'NONE', #7036, #9742, #8384, .T. ) ;
#4056 = ORIENTED_EDGE ( 'NONE', *, *, #6419, .T. ) ;
#4057 = LOCAL_TIME ( 12, 23, 50.00000000000000000, #7623 ) ;
#4058 = ORIENTED_EDGE ( 'NONE', *, *, #3612, .F. ) ;
#4059 = ORIENTED_EDGE ( 'NONE', *, *, #10295, .F. ) ;
#4060 = CARTESIAN_POINT ( 'NONE',  ( 42.00000000000000000, 30.00000000000000000, 74.50000000000000000 ) ) ;
#4061 = DIRECTION ( 'NONE',  ( 0.000000000000000000, -1.000000000000000000, 0.000000000000000000 ) ) ;
#4062 = DIRECTION ( 'NONE',  ( 1.000000000000000000, -0.000000000000000000, 0.000000000000000000 ) ) ;
#4063 = CARTESIAN_POINT ( 'NONE',  ( 8.660254037844389075, 11.00000000000000000, 0.000000000000000000 ) ) ;
#4064 = LOCAL_TIME ( 12, 23, 50.00000000000000000, #3348 ) ;
#4065 = CARTESIAN_POINT ( 'NONE',  ( -7.957027739236473884, -0.000000000000000000, 2.638710900996688036 ) ) ;
#4066 = CARTESIAN_POINT ( 'NONE',  ( 0.000000000000000000, 0.000000000000000000, 16.00000000000000000 ) ) ;
#4067 = EDGE_CURVE ( 'NONE', #3313, #5727, #5909, .T. ) ;
#4068 = CARTESIAN_POINT ( 'NONE',  ( 0.000000000000000000, 25.00000000000000000, 90.00000000000000000 ) ) ;
#4069 = ORIENTED_EDGE ( 'NONE', *, *, #8170, .F. ) ;
#4070 = ORIENTED_EDGE ( 'NONE', *, *, #693, .T. ) ;
#4071 = DIRECTION ( 'NONE',  ( 1.000000000000000000, 0.000000000000000000, 0.000000000000000000 ) ) ;
#4072 = SHAPE_DEFINITION_REPRESENTATION ( #10463, #7355 ) ;
#4073 = APPROVAL ( #3314, 'UNKNOWN' ) ;
#4074 = ORIENTED_EDGE ( 'NONE', *, *, #3362, .T. ) ;
#4075 = CC_DESIGN_PERSON_AND_ORGANIZATION_ASSIGNMENT ( #12883, #785, ( #7438 ) ) ;
#4076 = CC_DESIGN_APPROVAL ( #10763, ( #5126 ) ) ;
#4077 = ORIENTED_EDGE ( 'NONE', *, *, #9211, .F. ) ;
#4078 = CARTESIAN_POINT ( 'NONE',  ( 4.638809204728629787, -10.04287395703031294, 0.000000000000000000 ) ) ;
#4079 = PERSON_AND_ORGANIZATION_ROLE ( 'design_supplier' ) ;
#4080 = CYLINDRICAL_SURFACE ( 'NONE', #1739, 1.700000000000000178 ) ;
#4081 = DIRECTION ( 'NONE',  ( 1.000000000000000000, 0.000000000000000000, 0.000000000000000000 ) ) ;
#4082 = CYLINDRICAL_SURFACE ( 'NONE', #2956, 1.700000000000000178 ) ;
#4083 = SECURITY_CLASSIFICATION ( '', '', #440 ) ;
#4084 = ADVANCED_FACE ( 'NONE', ( #3664 ), #468, .T. ) ;
#4085 = EDGE_CURVE ( 'NONE', #11576, #10047, #4523, .T. ) ;
#4086 = VERTEX_POINT ( 'NONE', #10704 ) ;
#4087 = VERTEX_POINT ( 'NONE', #393 ) ;
#4088 = CARTESIAN_POINT ( 'NONE',  ( 0.000000000000000000, 10.50000000000000000, 3.000000000000000000 ) ) ;
#4089 = DIRECTION ( 'NONE',  ( 1.000000000000000000, 0.000000000000000000, -0.000000000000000000 ) ) ;
#4090 = DATE_AND_TIME ( #3296, #9960 ) ;
#4091 = CALENDAR_DATE ( 2026, 21, 9 ) ;
#4092 = ORIENTED_EDGE ( 'NONE', *, *, #7556, .T. ) ;
#4093 = EDGE_CURVE ( 'NONE', #5615, #4883, #5566, .T. ) ;
#4094 = CALENDAR_DATE ( 2026, 21, 9 ) ;
#4095 = CARTESIAN_POINT ( 'NONE',  ( -20.00000000000000000, 8.000000000000000000, 13.70000000000000107 ) ) ;
#4096 = FACE_OUTER_BOUND ( 'NONE', #5949, .T. ) ;
#4097 = MECHANICAL_CONTEXT ( 'NONE', #6719, 'mechanical' ) ;
#4098 = CARTESIAN_POINT ( 'NONE',  ( 0.000000000000000000, 0.000000000000000000, 58.00000000000000000 ) ) ;
#4099 = DIRECTION ( 'NONE',  ( -1.000000000000000000, -0.000000000000000000, -0.000000000000000000 ) ) ;
#4100 = CARTESIAN_POINT ( 'NONE',  ( 9.047951289187748714, 10.68348068199795442, 10.26981335079017477 ) ) ;
#4101 = VERTEX_POINT ( 'NONE', #595 ) ;
#4102 = DIRECTION ( 'NONE',  ( 0.000000000000000000, 0.000000000000000000, -1.000000000000000000 ) ) ;
#4103 = ORIENTED_EDGE ( 'NONE', *, *, #6569, .T. ) ;
#4104 = SECURITY_CLASSIFICATION_LEVEL ( 'unclassified' ) ;
#4105 = CARTESIAN_POINT ( 'NONE',  ( 0.6000001017321888730, 2.529941645714209653, -8.999999999999988370E-06 ) ) ;
#4106 = ORIENTED_EDGE ( 'NONE', *, *, #4562, .T. ) ;
#4107 = CARTESIAN_POINT ( 'NONE',  ( 12.00000000000000000, 7.000000000000000000, 16.69999999999999929 ) ) ;
#4108 = ORIENTED_EDGE ( 'NONE', *, *, #8513, .T. ) ;
#4109 = CARTESIAN_POINT ( 'NONE',  ( 14.00000000000000000, 70.00000000000000000, 8.000000000000000000 ) ) ;
#4110 = DIRECTION ( 'NONE',  ( 1.000000000000000000, 0.000000000000000000, 0.000000000000000000 ) ) ;
#4111 = CARTESIAN_POINT ( 'NONE',  ( -15.59999999999999964, 77.50000000000000000, -1.200000000000000030E-05 ) ) ;
#4112 = LINE ( 'NONE', #10310, #1476 ) ;
#4113 = DIRECTION ( 'NONE',  ( 0.000000000000000000, 0.000000000000000000, -1.000000000000000000 ) ) ;
#4114 = CARTESIAN_POINT ( 'NONE',  ( -18.30000000000000426, 14.22525195654768737, 0.000000000000000000 ) ) ;
#4115 = EDGE_LOOP ( 'NONE', ( #330, #9682, #10759, #8395 ) ) ;
#4116 = VERTEX_POINT ( 'NONE', #4651 ) ;
#4117 = EDGE_LOOP ( 'NONE', ( #12532, #12384, #3744, #12522 ) ) ;
#4118 = VERTEX_POINT ( 'NONE', #2671 ) ;
#4119 = DIRECTION ( 'NONE',  ( 0.5000000000000001110, 0.8660254037844385966, 0.000000000000000000 ) ) ;
#4120 = CARTESIAN_POINT ( 'NONE',  ( 0.000000000000000000, 0.000000000000000000, 12.00000000000000000 ) ) ;
#4121 = CARTESIAN_POINT ( 'NONE',  ( -9.442637939846992623, 55.34320465898994712, -0.000000000000000000 ) ) ;
#4122 = DIRECTION ( 'NONE',  ( -0.000000000000000000, -0.000000000000000000, -1.000000000000000000 ) ) ;
#4123 = EDGE_CURVE ( 'NONE', #3695, #9742, #7471, .T. ) ;
#4124 = CARTESIAN_POINT ( 'NONE',  ( 2.348801894056212092, 1.124607701293192985, 0.000000000000000000 ) ) ;
#4125 = FACE_OUTER_BOUND ( 'NONE', #10343, .T. ) ;
#4126 = PERSON_AND_ORGANIZATION_ROLE ( 'classification_officer' ) ;
#4127 = FACE_OUTER_BOUND ( 'NONE', #7790, .T. ) ;
#4128 = PERSON_AND_ORGANIZATION_ROLE ( 'classification_officer' ) ;
#4129 = DIRECTION ( 'NONE',  ( -1.000000000000000000, 0.000000000000000000, 0.000000000000000000 ) ) ;
#4130 = VECTOR ( 'NONE', #7565, 1000.000000000000000 ) ;
#4131 = ORIENTED_EDGE ( 'NONE', *, *, #9964, .F. ) ;
#4132 = PRODUCT_DEFINITION_SHAPE ( 'NONE', 'NONE',  #13076 ) ;
#4133 = ORIENTED_EDGE ( 'NONE', *, *, #6046, .T. ) ;
#4134 = UNCERTAINTY_MEASURE_WITH_UNIT (LENGTH_MEASURE( 1.000000000000000082E-05 ), #1989, 'distance_accuracy_value', 'NONE');
#4135 = CARTESIAN_POINT ( 'NONE',  ( 0.000000000000000000, 0.000000000000000000, 12.00000000000000000 ) ) ;
#4136 = PERSON_AND_ORGANIZATION ( #2675, #9931 ) ;
#4137 = APPROVAL_DATE_TIME ( #6086, #3201 ) ;
#4138 = ORIENTED_EDGE ( 'NONE', *, *, #6305, .T. ) ;
#4139 = EDGE_LOOP ( 'NONE', ( #10419, #11547 ) ) ;
#4140 = CARTESIAN_POINT ( 'NONE',  ( 17.00000000000000000, -10.00000000000000000, 28.00000000000000000 ) ) ;
#4141 = DATE_AND_TIME ( #23, #10811 ) ;
#4142 = EDGE_CURVE ( 'NONE', #9105, #12591, #6652, .T. ) ;
#4143 = AXIS2_PLACEMENT_3D ( 'NONE', #9532, #202, #3545 ) ;
#4144 = CARTESIAN_POINT ( 'NONE',  ( 0.000000000000000000, 3.000000000000000000, 0.000000000000000000 ) ) ;
#4145 = CARTESIAN_POINT ( 'NONE',  ( 28.00000000000000000, 8.000000000000000000, 24.00000000000000000 ) ) ;
#4146 = CC_DESIGN_PERSON_AND_ORGANIZATION_ASSIGNMENT ( #3756, #10860, ( #700 ) ) ;
#4147 = EDGE_LOOP ( 'NONE', ( #12743, #2755, #9137, #10856 ) ) ;
#4148 = DIRECTION ( 'NONE',  ( -0.000000000000000000, -0.000000000000000000, 1.000000000000000000 ) ) ;
#4149 = EDGE_LOOP ( 'NONE', ( #11843, #7942, #11728, #7660 ) ) ;
#4150 = APPLICATION_PROTOCOL_DEFINITION ( 'international standard', 'config_control_design', 1994, #1333 ) ;
#4151 = FACE_OUTER_BOUND ( 'NONE', #7479, .T. ) ;
#4152 = PERSON_AND_ORGANIZATION ( #2675, #9931 ) ;
#4153 = CIRCLE ( 'NONE', #6028, 2.000000000000000000 ) ;
#4154 = ORIENTED_EDGE ( 'NONE', *, *, #5301, .F. ) ;
#4155 = APPROVAL_STATUS ( 'not_yet_approved' ) ;
#4156 = CARTESIAN_POINT ( 'NONE',  ( -24.30000000000000071, -57.00000000000000000, -1.200000000000000030E-05 ) ) ;
#4157 = ORIENTED_EDGE ( 'NONE', *, *, #12385, .F. ) ;
#4158 = DIRECTION ( 'NONE',  ( 0.000000000000000000, 1.000000000000000000, 0.000000000000000000 ) ) ;
#4159 = EDGE_CURVE ( 'NONE', #12851, #6432, #5867, .T. ) ;
#4160 = ADVANCED_FACE ( 'NONE', ( #7848, #12012, #4960 ), #6781, .F. ) ;
#4161 = LINE ( 'NONE', #2389, #12256 ) ;
#4162 = VECTOR ( 'NONE', #11690, 1000.000000000000000 ) ;
#4163 = LINE ( 'NONE', #11015, #8107 ) ;
#4164 = CIRCLE ( 'NONE', #12607, 5.500000000000000000 ) ;
#4165 = APPROVAL ( #4820, 'ๆช' ) ;
#4166 = CARTESIAN_POINT ( 'NONE',  ( 10.01747428353794866, 9.780869486404816016, 8.486530660924678671 ) ) ;
#4167 = EDGE_LOOP ( 'NONE', ( #10404, #8666, #10601, #7608 ) ) ;
#4168 = DIRECTION ( 'NONE',  ( 0.000000000000000000, -1.000000000000000000, 0.000000000000000000 ) ) ;
#4169 = EDGE_CURVE ( 'NONE', #11394, #5327, #9835, .T. ) ;
#4170 = VERTEX_POINT ( 'NONE', #1919 ) ;
#4171 = PERSON_AND_ORGANIZATION ( #259, #12642 ) ;
#4172 = LINE ( 'NONE', #9039, #9627 ) ;
#4173 = EDGE_LOOP ( 'NONE', ( #1126, #9466 ) ) ;
#4174 = CIRCLE ( 'NONE', #985, 1.700000000000000178 ) ;
#4175 = CARTESIAN_POINT ( 'NONE',  ( 0.000000000000000000, 14.00000000000000000, 4.000000000000000000 ) ) ;
#4176 = ORIENTED_EDGE ( 'NONE', *, *, #12579, .T. ) ;
#4177 = DIRECTION ( 'NONE',  ( -1.000000000000000000, 0.000000000000000000, -0.000000000000000000 ) ) ;
#4178 = EDGE_CURVE ( 'NONE', #1188, #12349, #783, .T. ) ;
#4179 = LINE ( 'NONE', #2261, #4043 ) ;
#4180 = EDGE_CURVE ( 'NONE', #2201, #1250, #848, .T. ) ;
#4181 = CARTESIAN_POINT ( 'NONE',  ( -2.533830729021401940, -0.6767371672058377641, -0.000000000000000000 ) ) ;
#4182 = CARTESIAN_POINT ( 'NONE',  ( 31.60000000000000142, 62.50000000000000000, 0.000000000000000000 ) ) ;
#4183 = CARTESIAN_POINT ( 'NONE',  ( -24.30000000000000071, 45.00000000000000000, -1.200000000000000030E-05 ) ) ;
#4184 = ORIENTED_EDGE ( 'NONE', *, *, #2281, .T. ) ;
#4185 = ORGANIZATION ( 'NAUO-ORG5', 'UNSPECIFIED', 'UNSPECIFIED' ) ;
#4186 = VECTOR ( 'NONE', #10372, 1000.000000000000000 ) ;
#4187 = ORIENTED_EDGE ( 'NONE', *, *, #3176, .F. ) ;
#4188 = VECTOR ( 'NONE', #7889, 1000.000000000000000 ) ;
#4189 = ORIENTED_EDGE ( 'NONE', *, *, #6132, .T. ) ;
#4190 = ORIENTED_EDGE ( 'NONE', *, *, #7206, .F. ) ;
#4191 = CARTESIAN_POINT ( 'NONE',  ( 35.00000000000000000, 110.0000000000000000, -28.00000000000000000 ) ) ;
#4192 = DIRECTION ( 'NONE',  ( -1.000000000000000000, -1.776356839400250465E-15, 0.000000000000000000 ) ) ;
#4193 = CARTESIAN_POINT ( 'NONE',  ( 12.00000000000000000, 12.00000000000000000, 0.000000000000000000 ) ) ;
#4194 =( LENGTH_UNIT ( ) NAMED_UNIT ( * ) SI_UNIT ( .MILLI., .METRE. ) );
#4195 = DIRECTION ( 'NONE',  ( -1.000000000000000000, 0.000000000000000000, 0.000000000000000000 ) ) ;
#4196 = DIRECTION ( 'NONE',  ( -0.000000000000000000, -0.000000000000000000, -1.000000000000000000 ) ) ;
#4197 = VECTOR ( 'NONE', #1231, 1000.000000000000000 ) ;
#4198 = CARTESIAN_POINT ( 'NONE',  ( 0.000000000000000000, 11.00000000000000000, 6.000000000000000000 ) ) ;
#4199 = DIRECTION ( 'NONE',  ( -1.000000000000000000, 0.000000000000000000, -0.000000000000000000 ) ) ;
#4200 = SHAPE_DEFINITION_REPRESENTATION ( #9069, #12267 ) ;
#4201 = FACE_BOUND ( 'NONE', #8939, .T. ) ;
#4202 = CARTESIAN_POINT ( 'NONE',  ( -12.95712604296626047, 68.63880920473465608, 0.000000000000000000 ) ) ;
#4204 = VERTEX_POINT ( 'NONE', #12997 ) ;
#4203 = DATE_TIME_ROLE ( 'creation_date' ) ;
#4205 = EDGE_LOOP ( 'NONE', ( #460, #5456 ) ) ;
#4206 = PLANE ( 'NONE',  #6050 ) ;
#4207 = DATE_AND_TIME ( #3146, #2283 ) ;
#4208 = CYLINDRICAL_SURFACE ( 'NONE', #6008, 1.700000000000000178 ) ;
#4209 = ORIENTED_EDGE ( 'NONE', *, *, #433, .F. ) ;
#4210 = CC_DESIGN_SECURITY_CLASSIFICATION ( #7572, ( #13079 ) ) ;
#4211 = ORIENTED_EDGE ( 'NONE', *, *, #4638, .F. ) ;
#4212 = DIRECTION ( 'NONE',  ( 0.000000000000000000, 0.000000000000000000, 1.000000000000000000 ) ) ;
#4213 = VECTOR ( 'NONE', #6037, 1000.000000000000000 ) ;
#4214 = DIRECTION ( 'NONE',  ( -0.000000000000000000, -0.000000000000000000, -1.000000000000000000 ) ) ;
#4215 = DIRECTION ( 'NONE',  ( 0.000000000000000000, 0.000000000000000000, 1.000000000000000000 ) ) ;
#4216 = CARTESIAN_POINT ( 'NONE',  ( 31.00000000000000000, 57.00000000000000000, 5.000000000000000000 ) ) ;
#4217 = APPLICATION_CONTEXT ( 'configuration controlled 3d designs of mechanical parts and assemblies' ) ;
#4218 = VERTEX_POINT ( 'NONE', #8779 ) ;
#4219 = PLANE ( 'NONE',  #8576 ) ;
#4220 = ORIENTED_EDGE ( 'NONE', *, *, #3283, .T. ) ;
#4221 = VECTOR ( 'NONE', #12502, 1000.000000000000000 ) ;
#4222 = EDGE_CURVE ( 'NONE', #8735, #4614, #10880, .T. ) ;
#4223 = DIRECTION ( 'NONE',  ( 1.000000000000000000, -0.000000000000000000, -0.000000000000000000 ) ) ;
#4224 = AXIS2_PLACEMENT_3D ( 'NONE', #1953, #15, #7067 ) ;
#4225 = COORDINATED_UNIVERSAL_TIME_OFFSET ( 5, 0, .BEHIND. ) ;
#4226 = CONTEXT_DEPENDENT_SHAPE_REPRESENTATION ( #7050, #95 ) ;
#4227 = PLANE ( 'NONE',  #12144 ) ;
#4228 = VERTEX_POINT ( 'NONE', #2978 ) ;
#4229 = VECTOR ( 'NONE', #11900, 1000.000000000000000 ) ;
#4230 = LINE ( 'NONE', #8153, #7758 ) ;
#4231 = APPROVAL_ROLE ( '' ) ;
#4232 = LINE ( 'NONE', #7235, #4703 ) ;
#4233 = VECTOR ( 'NONE', #6179, 1000.000000000000000 ) ;
#4234 = CARTESIAN_POINT ( 'NONE',  ( 0.000000000000000000, 27.50000000000000000, 3.000000000000000000 ) ) ;
#4235 = FACE_OUTER_BOUND ( 'NONE', #11747, .T. ) ;
#4236 = CARTESIAN_POINT ( 'NONE',  ( -0.5999999999999998668, 9.000000000000000000, 10.00000000000000000 ) ) ;
#4237 = EDGE_CURVE ( 'NONE', #10794, #6703, #10767, .T. ) ;
#4238 = ORIENTED_EDGE ( 'NONE', *, *, #2424, .T. ) ;
#4239 = CARTESIAN_POINT ( 'NONE',  ( 32.04287395702761643, 55.63880920472556824, 0.000000000000000000 ) ) ;
#4240 = EDGE_LOOP ( 'NONE', ( #5012, #908, #4772, #926 ) ) ;
#4241 = CIRCLE ( 'NONE', #7156, 1.699999999999998401 ) ;
#4242 = DIRECTION ( 'NONE',  ( 0.000000000000000000, 0.000000000000000000, 1.000000000000000000 ) ) ;
#4243 = VECTOR ( 'NONE', #9160, 1000.000000000000000 ) ;
#4244 = APPROVAL ( #9829, 'UNKNOWN' ) ;
#4245 = LINE ( 'NONE', #9110, #6860 ) ;
#4246 = CC_DESIGN_PERSON_AND_ORGANIZATION_ASSIGNMENT ( #7964, #10274, ( #8106 ) ) ;
#4247 = VERTEX_POINT ( 'NONE', #9718 ) ;
#4248 = DIRECTION ( 'NONE',  ( -1.000000000000000000, -0.000000000000000000, -0.000000000000000000 ) ) ;
#4249 = PLANE ( 'NONE',  #12700 ) ;
#4250 = PRODUCT_DEFINITION_SHAPE ( 'NONE', 'NONE',  #13072 ) ;
#4251 = DIRECTION ( 'NONE',  ( 0.000000000000000000, 1.000000000000000000, 0.000000000000000000 ) ) ;
#4252 = CARTESIAN_POINT ( 'NONE',  ( -4.515674657884689580, -9.858653920127151693, 0.000000000000000000 ) ) ;
#4253 = CIRCLE ( 'NONE', #12010, 1.700000000000000178 ) ;
#4254 = CARTESIAN_POINT ( 'NONE',  ( 30.00000000000000000, 3.673940397442059178E-15, 28.00000000000000000 ) ) ;
#4255 = DIRECTION ( 'NONE',  ( 0.000000000000000000, -0.000000000000000000, -1.000000000000000000 ) ) ;
#4256 = EDGE_CURVE ( 'NONE', #12644, #2690, #736, .T. ) ;
#4257 = AXIS2_PLACEMENT_3D ( 'NONE', #8454, #5499, #3596 ) ;
#4258 = EDGE_CURVE ( 'NONE', #5071, #2888, #1729, .T. ) ;
#4259 = EDGE_LOOP ( 'NONE', ( #4077, #3247, #7022, #860 ) ) ;
#4260 = COORDINATED_UNIVERSAL_TIME_OFFSET ( 5, 0, .BEHIND. ) ;
#4261 = ORIENTED_EDGE ( 'NONE', *, *, #10754, .T. ) ;
#4262 = PERSON_AND_ORGANIZATION ( #2675, #9931 ) ;
#4263 = ORIENTED_EDGE ( 'NONE', *, *, #9979, .T. ) ;
#4264 = ORIENTED_EDGE ( 'NONE', *, *, #678, .F. ) ;
#4265 = CARTESIAN_POINT ( 'NONE',  ( 35.00000000000000000, 110.0000000000000000, 16.00000000000000000 ) ) ;
#4266 = VECTOR ( 'NONE', #5606, 1000.000000000000000 ) ;
#4267 = EDGE_CURVE ( 'NONE', #1775, #1685, #8846, .T. ) ;
#4268 = APPROVAL_PERSON_ORGANIZATION ( #8526, #8834, #11509 ) ;
#4269 = LINE ( 'NONE', #7198, #10719 ) ;
#4270 = DIRECTION ( 'NONE',  ( 1.000000000000000000, -0.000000000000000000, 0.000000000000000000 ) ) ;
#4271 = CARTESIAN_POINT ( 'NONE',  ( 0.8803804287024865616, 2.463630117896262739, -0.000000000000000000 ) ) ;
#4272 = LINE ( 'NONE', #8267, #9031 ) ;
#4273 = CC_DESIGN_APPROVAL ( #21, ( #4750 ) ) ;
#4274 = CARTESIAN_POINT ( 'NONE',  ( -0.8804363128452402654, 2.463541317978307887, -0.000000000000000000 ) ) ;
#4275 = CARTESIAN_POINT ( 'NONE',  ( 20.00000000000000000, -1.200000000000000030E-05, 10.30000000000000071 ) ) ;
#4276 = ORIENTED_EDGE ( 'NONE', *, *, #3749, .T. ) ;
#4277 = ORIENTED_EDGE ( 'NONE', *, *, #12331, .T. ) ;
#4278 = CARTESIAN_POINT ( 'NONE',  ( -10.72380529476374100, 9.000000000000252243, 10.20000000000124984 ) ) ;
#4279 = EDGE_LOOP ( 'NONE', ( #1132, #8870, #9369, #11865 ) ) ;
#4280 = ORIENTED_EDGE ( 'NONE', *, *, #446, .F. ) ;
#4281 = DIRECTION ( 'NONE',  ( 1.000000000000000000, 0.000000000000000000, 0.000000000000000000 ) ) ;
#4282 = SECURITY_CLASSIFICATION ( '', '', #11124 ) ;
#4283 = CARTESIAN_POINT ( 'NONE',  ( 11.51987796860835367, 7.956290687835843478, 11.34649651929563596 ) ) ;
#4284 = DIRECTION ( 'NONE',  ( 0.000000000000000000, 0.000000000000000000, -1.000000000000000000 ) ) ;
#4285 = PLANE ( 'NONE',  #4008 ) ;
#4286 = CARTESIAN_POINT ( 'NONE',  ( -10.48439506952757228, 57.85848573019363528, 0.000000000000000000 ) ) ;
#4287 = VERTEX_POINT ( 'NONE', #6969 ) ;
#4288 = ORIENTED_EDGE ( 'NONE', *, *, #11089, .T. ) ;
#4289 = LOCAL_TIME ( 12, 23, 50.00000000000000000, #8716 ) ;
#4290 = DIRECTION ( 'NONE',  ( 0.000000000000000000, 0.000000000000000000, -1.000000000000000000 ) ) ;
#4291 = LINE ( 'NONE', #7228, #6294 ) ;
#4292 = PERSON_AND_ORGANIZATION_ROLE ( 'design_supplier' ) ;
#4293 = VERTEX_POINT ( 'NONE', #3902 ) ;
#4294 = CONTEXT_DEPENDENT_SHAPE_REPRESENTATION ( #9783, #10131 ) ;
#4295 = CARTESIAN_POINT ( 'NONE',  ( 12.00000000000000000, -7.000000000000000000, 5.000000000000000000 ) ) ;
#4296 = ORIENTED_EDGE ( 'NONE', *, *, #1232, .T. ) ;
#4297 = FACE_BOUND ( 'NONE', #1553, .T. ) ;
#4298 = CALENDAR_DATE ( 2026, 21, 9 ) ;
#4299 = DIRECTION ( 'NONE',  ( 0.000000000000000000, 0.000000000000000000, 1.000000000000000000 ) ) ;
#4300 = APPROVAL_PERSON_ORGANIZATION ( #5067, #3600, #8462 ) ;
#4301 = EDGE_CURVE ( 'NONE', #10244, #10161, #7900, .T. ) ;
#4302 = PLANE ( 'NONE',  #10566 ) ;
#4303 = LINE ( 'NONE', #6321, #8136 ) ;
#4304 = CARTESIAN_POINT ( 'NONE',  ( 11.50000000000000000, -6.000000000000000000, 22.00000000000000000 ) ) ;
#4305 = CARTESIAN_POINT ( 'NONE',  ( 29.51560493047243128, 57.85848573019363528, 0.000000000000000000 ) ) ;
#4306 = CARTESIAN_POINT ( 'NONE',  ( -24.30000000000000071, 0.000000000000000000, -0.000000000000000000 ) ) ;
#4307 = ORIENTED_EDGE ( 'NONE', *, *, #9145, .F. ) ;
#4308 = DIRECTION ( 'NONE',  ( -0.000000000000000000, -1.000000000000000000, -0.000000000000000000 ) ) ;
#4309 = ORIENTED_EDGE ( 'NONE', *, *, #2576, .F. ) ;
#4310 = APPROVAL_DATE_TIME ( #1381, #6705 ) ;
#4311 = DIRECTION ( 'NONE',  ( -1.000000000000000000, 0.000000000000000000, 0.000000000000000000 ) ) ;
#4312 = CARTESIAN_POINT ( 'NONE',  ( 29.34320465898919750, 66.44263793985066968, -0.000000000000000000 ) ) ;
#4313 = ORIENTED_EDGE ( 'NONE', *, *, #7202, .F. ) ;
#4314 = DIRECTION ( 'NONE',  ( -0.000000000000000000, -0.000000000000000000, 1.000000000000000000 ) ) ;
#4315 =( NAMED_UNIT ( * ) PLANE_ANGLE_UNIT ( ) SI_UNIT ( $, .RADIAN. ) );
#4316 = EDGE_CURVE ( 'NONE', #5812, #1602, #10228, .T. ) ;
#4317 = CARTESIAN_POINT ( 'NONE',  ( -2.600000000000000089, 3.184081677783117698E-16, 16.00000000000000000 ) ) ;
#4318 = CARTESIAN_POINT ( 'NONE',  ( 31.19999999999999929, 0.000000000000000000, 6.000000000000000000 ) ) ;
#4319 = DIRECTION ( 'NONE',  ( 0.000000000000000000, 0.000000000000000000, 1.000000000000000000 ) ) ;
#4320 = CARTESIAN_POINT ( 'NONE',  ( 31.00000000000000000, -1.200000000000000030E-05, 2.299999999999999822 ) ) ;
#4321 = CARTESIAN_POINT ( 'NONE',  ( -10.69999999999999929, 66.00000000000000000, -1.200000000000000030E-05 ) ) ;
#4322 = APPROVAL ( #7447, 'ๆช' ) ;
#4323 = ORIENTED_EDGE ( 'NONE', *, *, #5320, .T. ) ;
#4324 = DATE_AND_TIME ( #8459, #691 ) ;
#4325 = ORIENTED_EDGE ( 'NONE', *, *, #7909, .T. ) ;
#4326 = ORIENTED_EDGE ( 'NONE', *, *, #3825, .T. ) ;
#4327 = VERTEX_POINT ( 'NONE', #12879 ) ;
#4328 = DIRECTION ( 'NONE',  ( 0.000000000000000000, 1.000000000000000000, 0.000000000000000000 ) ) ;
#4329 = CARTESIAN_POINT ( 'NONE',  ( -16.00000000000000000, -6.000000000000000000, 16.00000000000000000 ) ) ;
#4330 = CARTESIAN_POINT ( 'NONE',  ( -9.225083994884121452, 55.30006951123653636, 0.000000000000000000 ) ) ;
#4331 = EDGE_CURVE ( 'NONE', #11494, #10045, #2913, .T. ) ;
#4332 = EDGE_CURVE ( 'NONE', #4581, #6112, #2002, .T. ) ;
#4333 = DIRECTION ( 'NONE',  ( 0.000000000000000000, 0.000000000000000000, -1.000000000000000000 ) ) ;
#4334 = DIRECTION ( 'NONE',  ( -0.000000000000000000, -0.000000000000000000, -1.000000000000000000 ) ) ;
#4335 = PRODUCT_RELATED_PRODUCT_CATEGORY ( 'detail', '', ( #3717 ) ) ;
#4336 = FACE_OUTER_BOUND ( 'NONE', #2251, .T. ) ;
#4337 = CARTESIAN_POINT ( 'NONE',  ( -15.04297226075870242, 68.63871090099335959, -0.000000000000000000 ) ) ;
#4338 = EDGE_LOOP ( 'NONE', ( #11218, #11791 ) ) ;
#4339 = EDGE_LOOP ( 'NONE', ( #8220, #7754 ) ) ;
#4340 = VERTEX_POINT ( 'NONE', #2853 ) ;
#4341 = ORIENTED_EDGE ( 'NONE', *, *, #9080, .T. ) ;
#4342 = LINE ( 'NONE', #10471, #4130 ) ;
#4343 = EDGE_CURVE ( 'NONE', #3791, #10579, #905, .T. ) ;
#4344 = CARTESIAN_POINT ( 'NONE',  ( 11.25723435106464976, 8.324008393740475853, 11.56315928611681443 ) ) ;
#4345 = DIRECTION ( 'NONE',  ( 0.000000000000000000, 0.000000000000000000, -1.000000000000000000 ) ) ;
#4346 = AXIS2_PLACEMENT_3D ( 'NONE', #8933, #9926, #4932 ) ;
#4347 = VECTOR ( 'NONE', #12072, 1000.000000000000000 ) ;
#4348 = EDGE_CURVE ( 'NONE', #7887, #123, #3720, .T. ) ;
#4349 = DIRECTION ( 'NONE',  ( -0.000000000000000000, -0.000000000000000000, 1.000000000000000000 ) ) ;
#4350 = EDGE_CURVE ( 'NONE', #7092, #3738, #3914, .T. ) ;
#4351 = CARTESIAN_POINT ( 'NONE',  ( -9.442584738250030085, 58.65666690099504876, 0.000000000000000000 ) ) ;
#4352 = ORIENTED_EDGE ( 'NONE', *, *, #5553, .T. ) ;
#4353 = PERSON_AND_ORGANIZATION ( #2675, #9931 ) ;
#4354 = VERTEX_POINT ( 'NONE', #3038 ) ;
#4355 = CARTESIAN_POINT ( 'NONE',  ( 20.00000000000000000, -6.000000000000000152E-06, 13.70000000000000107 ) ) ;
#4356 = APPROVAL_DATE_TIME ( #10345, #5834 ) ;
#4357 = ORIENTED_EDGE ( 'NONE', *, *, #2455, .F. ) ;
#4358 = CALENDAR_DATE ( 2026, 21, 9 ) ;
#4359 = LINE ( 'NONE', #2311, #954 ) ;
#4360 = ORIENTED_EDGE ( 'NONE', *, *, #7851, .F. ) ;
#4361 = AXIS2_PLACEMENT_3D ( 'NONE', #7524, #463, #588 ) ;
#4362 = PRODUCT ( 'V3_03_bearing_retainer', 'V3_03_bearing_retainer', '', ( #8296 ) ) ;
#4363 = CARTESIAN_POINT ( 'NONE',  ( 2.534028928176448314, -0.6766222469410452245, -0.000000000000000000 ) ) ;
#4364 = DATE_TIME_ROLE ( 'classification_date' ) ;
#4365 = CARTESIAN_POINT ( 'NONE',  ( 31.60000000000000142, 67.50000000000000000, 5.590597372058685011 ) ) ;
#4366 = LINE ( 'NONE', #5281, #12448 ) ;
#4367 = DIRECTION ( 'NONE',  ( -1.000000000000000000, -0.000000000000000000, 0.000000000000000000 ) ) ;
#4368 = CARTESIAN_POINT ( 'NONE',  ( 13.00000000000000000, -5.000000000000000000, -1.200000000000000030E-05 ) ) ;
#4369 = VECTOR ( 'NONE', #11879, 1000.000000000000000 ) ;
#4370 = DIRECTION ( 'NONE',  ( 0.000000000000000000, 0.000000000000000000, -1.000000000000000000 ) ) ;
#4371 = EDGE_CURVE ( 'NONE', #3837, #4644, #7097, .T. ) ;
#4372 = FACE_BOUND ( 'NONE', #2091, .T. ) ;
#4373 = ORIENTED_EDGE ( 'NONE', *, *, #12960, .F. ) ;
#4374 = LINE ( 'NONE', #11430, #7578 ) ;
#4375 = EDGE_LOOP ( 'NONE', ( #5538, #2405, #5958, #12388 ) ) ;
#4376 = SECURITY_CLASSIFICATION_LEVEL ( 'unclassified' ) ;
#4377 = CARTESIAN_POINT ( 'NONE',  ( 29.95702773924092455, 64.63871090099335959, -0.000000000000000000 ) ) ;
#4378 = CARTESIAN_POINT ( 'NONE',  ( 11.63318911631890806, 7.789676559712269466, 9.698957536639019494 ) ) ;
#4379 = VERTEX_POINT ( 'NONE', #9101 ) ;
#4380 = LINE ( 'NONE', #10101, #4402 ) ;
#4381 = AXIS2_PLACEMENT_3D ( 'NONE', #9206, #144, #8208 ) ;
#4382 = SHAPE_REPRESENTATION_RELATIONSHIP ( 'NONE' , 'NONE' ,  #7780, #12074 ) ;
#4383 = VECTOR ( 'NONE', #3668, 1000.000000000000000 ) ;
#4384 = DIRECTION ( 'NONE',  ( -1.000000000000000000, 0.000000000000000000, -0.000000000000000000 ) ) ;
#4385 = CARTESIAN_POINT ( 'NONE',  ( -6.858485730193795149, -10.48439506952756517, 0.000000000000000000 ) ) ;
#4386 = FACE_BOUND ( 'NONE', #8992, .T. ) ;
#4387 = VECTOR ( 'NONE', #12328, 1000.000000000000000 ) ;
#4388 = EDGE_LOOP ( 'NONE', ( #7216, #8166 ) ) ;
#4389 = DATE_AND_TIME ( #471, #8698 ) ;
#4390 = EDGE_LOOP ( 'NONE', ( #2195, #6416, #7340, #11171 ) ) ;
#4391 = EDGE_CURVE ( 'NONE', #951, #2693, #4163, .T. ) ;
#4392 = ORIENTED_EDGE ( 'NONE', *, *, #1862, .T. ) ;
#4393 = EDGE_LOOP ( 'NONE', ( #2290, #12197 ) ) ;
#4394 = DIRECTION ( 'NONE',  ( 0.000000000000000000, 0.000000000000000000, 1.000000000000000000 ) ) ;
#4395 = CIRCLE ( 'NONE', #6680, 1.700000000000000178 ) ;
#4396 = LINE ( 'NONE', #4329, #1849 ) ;
#4397 = FACE_BOUND ( 'NONE', #2567, .T. ) ;
#4398 = ADVANCED_BREP_SHAPE_REPRESENTATION ( '', ( #11925, #6542 ), #11845 ) ;
#4399 = DIRECTION ( 'NONE',  ( -1.000000000000000000, 0.000000000000000000, -0.000000000000000000 ) ) ;
#4400 = VECTOR ( 'NONE', #11298, 1000.000000000000000 ) ;
#4401 = CARTESIAN_POINT ( 'NONE',  ( 20.00000000000000000, 14.00000000000000000, 5.000000000000000000 ) ) ;
#4402 = VECTOR ( 'NONE', #2258, 1000.000000000000000 ) ;
#4403 = CARTESIAN_POINT ( 'NONE',  ( 10.00000000000000000, -10.00000000000000000, 35.00000000000000000 ) ) ;
#4404 = CALENDAR_DATE ( 2026, 21, 9 ) ;
#4405 = LOCAL_TIME ( 12, 23, 50.00000000000000000, #6663 ) ;
#4406 = CARTESIAN_POINT ( 'NONE',  ( 10.00000000000000178, 10.00000000000000000, 25.00000000000000000 ) ) ;
#4407 = LINE ( 'NONE', #4275, #3407 ) ;
#4408 = ORIENTED_EDGE ( 'NONE', *, *, #2107, .F. ) ;
#4409 = ORIENTED_EDGE ( 'NONE', *, *, #352, .T. ) ;
#4410 = UNCERTAINTY_MEASURE_WITH_UNIT (LENGTH_MEASURE( 1.000000000000000082E-05 ), #4989, 'distance_accuracy_value', 'NONE');
#4411 = PLANE ( 'NONE',  #2503 ) ;
#4412 = EDGE_CURVE ( 'NONE', #4218, #2571, #11280, .T. ) ;
#4413 = CARTESIAN_POINT ( 'NONE',  ( -9.028254920067322331, 10.70002864950650157, 8.364488971337445733 ) ) ;
#4414 = EDGE_LOOP ( 'NONE', ( #9337, #1146, #9501, #11058, #1287, #1368, #6082, #11340 ) ) ;
#4415 = ORIENTED_EDGE ( 'NONE', *, *, #7011, .F. ) ;
#4416 = APPROVAL ( #8898, 'UNKNOWN' ) ;
#4417 = CARTESIAN_POINT ( 'NONE',  ( -21.36119079527073694, 12.95712604296942416, 0.000000000000000000 ) ) ;
#4418 = CARTESIAN_POINT ( 'NONE',  ( -9.000000000000000000, -1.200000000000000030E-05, 13.00000000000000000 ) ) ;
#4419 = APPROVAL ( #9196, 'ๆช' ) ;
#4420 = CARTESIAN_POINT ( 'NONE',  ( 10.88535465464668306, 8.807508457680029323, 8.300000000000000711 ) ) ;
#4421 = DIRECTION ( 'NONE',  ( 0.000000000000000000, 0.000000000000000000, 1.000000000000000000 ) ) ;
#4422 = CARTESIAN_POINT ( 'NONE',  ( -9.858653920127599335, 0.000000000000000000, 14.48432534211531042 ) ) ;
#4423 = CARTESIAN_POINT ( 'NONE',  ( -5.799999999999999822, 70.00000000000000000, 8.000000000000000000 ) ) ;
#4424 = ORIENTED_EDGE ( 'NONE', *, *, #8668, .F. ) ;
#4425 = ORIENTED_EDGE ( 'NONE', *, *, #8496, .F. ) ;
#4426 = SECURITY_CLASSIFICATION ( '', '', #3373 ) ;
#4427 = EDGE_CURVE ( 'NONE', #6815, #8135, #3175, .T. ) ;
#4428 = CARTESIAN_POINT ( 'NONE',  ( 19.14146106820973614, -0.000000000000000000, 10.51547649045640043 ) ) ;
#4429 = APPROVAL_ROLE ( '' ) ;
#4430 = EDGE_CURVE ( 'NONE', #2257, #12539, #5607, .T. ) ;
#4431 = ORIENTED_EDGE ( 'NONE', *, *, #4180, .F. ) ;
#4432 = DATE_TIME_ROLE ( 'classification_date' ) ;
#4433 = CYLINDRICAL_SURFACE ( 'NONE', #7285, 1.700000000000007061 ) ;
#4434 = ORIENTED_EDGE ( 'NONE', *, *, #8583, .T. ) ;
#4435 = EDGE_CURVE ( 'NONE', #8148, #4546, #8157, .T. ) ;
#4436 = DIRECTION ( 'NONE',  ( 1.000000000000000000, 0.000000000000000000, 0.000000000000000000 ) ) ;
#4437 = EDGE_CURVE ( 'NONE', #76, #5557, #4035, .T. ) ;
#4438 = CARTESIAN_POINT ( 'NONE',  ( 35.00000000000000000, -70.00000000000000000, 0.000000000000000000 ) ) ;
#4439 = CARTESIAN_POINT ( 'NONE',  ( 21.04287395703121533, 12.63880920472952951, 0.000000000000000000 ) ) ;
#4440 = VECTOR ( 'NONE', #4308, 1000.000000000000000 ) ;
#4441 = CARTESIAN_POINT ( 'NONE',  ( -9.000000000000000000, 66.00000000000000000, 5.000000000000000000 ) ) ;
#4442 = LINE ( 'NONE', #8442, #6107 ) ;
#4443 = VERTEX_POINT ( 'NONE', #2039 ) ;
#4444 = CARTESIAN_POINT ( 'NONE',  ( -18.51567465788469136, -14.85865392012669872, 0.000000000000000000 ) ) ;
#4445 = ORIENTED_EDGE ( 'NONE', *, *, #11342, .T. ) ;
#4446 = PERSON_AND_ORGANIZATION_ROLE ( 'classification_officer' ) ;
#4447 = PLANE ( 'NONE',  #4361 ) ;
#4448 = CARTESIAN_POINT ( 'NONE',  ( 21.36119079526788056, 0.000000000000000000, 10.95712604296694437 ) ) ;
#4449 = CIRCLE ( 'NONE', #5496, 1.700000000000000178 ) ;
#4450 = VERTEX_POINT ( 'NONE', #3098 ) ;
#4451 = CARTESIAN_POINT ( 'NONE',  ( 0.000000000000000000, 77.50000000000000000, 0.000000000000000000 ) ) ;
#4452 = DIRECTION ( 'NONE',  ( 0.000000000000000000, 0.000000000000000000, 1.000000000000000000 ) ) ;
#4453 = CIRCLE ( 'NONE', #10757, 1.700000000000000178 ) ;
#4454 = DIRECTION ( 'NONE',  ( 0.000000000000000000, 0.000000000000000000, -1.000000000000000000 ) ) ;
#4455 = CARTESIAN_POINT ( 'NONE',  ( 29.34320465898994001, -0.000000000000000000, 12.55736206014941736 ) ) ;
#4456 = APPROVAL_DATE_TIME ( #9463, #8743 ) ;
#4457 = AXIS2_PLACEMENT_3D ( 'NONE', #11175, #4270, #10185 ) ;
#4458 = EDGE_LOOP ( 'NONE', ( #3333, #9186 ) ) ;
#4459 = CALENDAR_DATE ( 2026, 21, 9 ) ;
#4460 = ORIENTED_EDGE ( 'NONE', *, *, #12485, .T. ) ;
#4461 = APPROVAL_DATE_TIME ( #11510, #3600 ) ;
#4462 = ORIENTED_EDGE ( 'NONE', *, *, #5537, .F. ) ;
#4463 = VECTOR ( 'NONE', #2453, 1000.000000000000000 ) ;
#4464 = VERTEX_POINT ( 'NONE', #6177 ) ;
#4465 =( NAMED_UNIT ( * ) PLANE_ANGLE_UNIT ( ) SI_UNIT ( $, .RADIAN. ) );
#4466 = CARTESIAN_POINT ( 'NONE',  ( -24.30000000000000071, 57.00000000000000000, 5.000000000000000000 ) ) ;
#4467 = CARTESIAN_POINT ( 'NONE',  ( 4.299999999999999822, -9.000000000000000000, 3.000000000000000000 ) ) ;
#4468 = VECTOR ( 'NONE', #5488, 1000.000000000000000 ) ;
#4469 = CARTESIAN_POINT ( 'NONE',  ( 9.352038589846046079, 10.41947306943599294, 9.466101123016242624 ) ) ;
#4470 = ADVANCED_FACE ( 'NONE', ( #42 ), #8030, .T. ) ;
#4471 = FACE_OUTER_BOUND ( 'NONE', #2857, .T. ) ;
#4472 = AXIS2_PLACEMENT_3D ( 'NONE', #55, #1258, #5302 ) ;
#4473 = CARTESIAN_POINT ( 'NONE',  ( -2.130340194382252417, 1.498434379583922782, -0.000000000000000000 ) ) ;
#4474 = LINE ( 'NONE', #347, #7384 ) ;
#4476 = ORIENTED_EDGE ( 'NONE', *, *, #1636, .T. ) ;
#4475 = PERSON_AND_ORGANIZATION ( #2675, #9931 ) ;
#4477 = PRODUCT_DEFINITION_SHAPE ( 'NONE', 'NONE',  #13066 ) ;
#4478 = VERTEX_POINT ( 'NONE', #11197 ) ;
#4479 = ORIENTED_EDGE ( 'NONE', *, *, #5022, .F. ) ;
#4480 = DIRECTION ( 'NONE',  ( 0.000000000000000000, 0.000000000000000000, 1.000000000000000000 ) ) ;
#4481 = EDGE_LOOP ( 'NONE', ( #1316, #6195 ) ) ;
#4482 = ORIENTED_EDGE ( 'NONE', *, *, #10160, .T. ) ;
#4483 = APPLICATION_CONTEXT ( 'configuration controlled 3d designs of mechanical parts and assemblies' ) ;
#4484 = CARTESIAN_POINT ( 'NONE',  ( 7.361289099003365699, -10.04297226076347194, -0.000000000000000000 ) ) ;
#4485 = CARTESIAN_POINT ( 'NONE',  ( -21.69999999999999929, 14.00000000000000000, 5.000000000000000000 ) ) ;
#4486 = AXIS2_PLACEMENT_3D ( 'NONE', #12343, #3238, #3304 ) ;
#4487 = APPROVAL_PERSON_ORGANIZATION ( #3956, #2133, #13053 ) ;
#4488 = EDGE_CURVE ( 'NONE', #10524, #814, #5283, .T. ) ;
#4489 = FACE_BOUND ( 'NONE', #2462, .T. ) ;
#4490 = LINE ( 'NONE', #12529, #653 ) ;
#4491 = CARTESIAN_POINT ( 'NONE',  ( -35.00000000000000000, 70.00000000000000000, 5.000000000000000000 ) ) ;
#4492 = VERTEX_POINT ( 'NONE', #9309 ) ;
#4493 = ORIENTED_EDGE ( 'NONE', *, *, #264, .T. ) ;
#4494 = PRODUCT_RELATED_PRODUCT_CATEGORY ( 'detail', '', ( #3648 ) ) ;
#4495 = CARTESIAN_POINT ( 'NONE',  ( -14.00000000000000000, 70.00000000000000000, 8.000000000000000000 ) ) ;
#4496 = PERSON_AND_ORGANIZATION_ROLE ( 'design_supplier' ) ;
#4497 = ORIENTED_EDGE ( 'NONE', *, *, #281, .T. ) ;
#4498 = VECTOR ( 'NONE', #1715, 1000.000000000000000 ) ;
#4499 = LOCAL_TIME ( 12, 23, 50.00000000000000000, #687 ) ;
#4500 = DIRECTION ( 'NONE',  ( -0.000000000000000000, -1.000000000000000000, -0.000000000000000000 ) ) ;
#4501 = ORIENTED_EDGE ( 'NONE', *, *, #9553, .F. ) ;
#4502 = DIRECTION ( 'NONE',  ( 0.000000000000000000, 0.000000000000000000, -1.000000000000000000 ) ) ;
#4503 = EDGE_CURVE ( 'NONE', #11464, #7163, #10155, .T. ) ;
#4504 = CARTESIAN_POINT ( 'NONE',  ( -8.099999999999999645, 70.00000000000000000, 0.000000000000000000 ) ) ;
#4506 = EDGE_CURVE ( 'NONE', #6751, #5621, #1158, .T. ) ;
#4505 = CARTESIAN_POINT ( 'NONE',  ( -16.00000000000000000, -6.000000000000000000, 18.00000000000000355 ) ) ;
#4507 = DIRECTION ( 'NONE',  ( 0.000000000000000000, 1.000000000000000000, 0.000000000000000000 ) ) ;
#4508 = CC_DESIGN_APPROVAL ( #6145, ( #510 ) ) ;
#4509 = CARTESIAN_POINT ( 'NONE',  ( -24.30000000000000071, -57.00000000000000000, 5.000000000000000000 ) ) ;
#4510 = EDGE_CURVE ( 'NONE', #4041, #3491, #7599, .T. ) ;
#4511 = FACE_BOUND ( 'NONE', #1436, .T. ) ;
#4512 = ORIENTED_EDGE ( 'NONE', *, *, #7688, .F. ) ;
#4513 = CARTESIAN_POINT ( 'NONE',  ( -8.000000000000000000, 0.000000000000000000, 5.000000000000000000 ) ) ;
#4514 = ORIENTED_EDGE ( 'NONE', *, *, #7185, .F. ) ;
#4515 = PERSON_AND_ORGANIZATION_ROLE ( 'creator' ) ;
#4516 = COORDINATED_UNIVERSAL_TIME_OFFSET ( 5, 0, .BEHIND. ) ;
#4517 = PLANE ( 'NONE',  #10461 ) ;
#4518 = ADVANCED_FACE ( 'NONE', ( #9233, #5148 ), #100, .F. ) ;
#4519 = ORIENTED_EDGE ( 'NONE', *, *, #81, .F. ) ;
#4520 = CARTESIAN_POINT ( 'NONE',  ( 20.85848573019066876, 0.000000000000000000, 10.51560493047243128 ) ) ;
#4521 = CC_DESIGN_APPROVAL ( #9946, ( #256 ) ) ;
#4522 = FACE_OUTER_BOUND ( 'NONE', #7448, .T. ) ;
#4523 = LINE ( 'NONE', #9585, #1918 ) ;
#4524 = CARTESIAN_POINT ( 'NONE',  ( 0.3444314227433183939, -2.600069548653550555, -0.000000000000000000 ) ) ;
#4525 = DIRECTION ( 'NONE',  ( 1.000000000000000000, -0.000000000000000000, -0.000000000000000000 ) ) ;
#4526 = EDGE_CURVE ( 'NONE', #762, #4218, #10019, .T. ) ;
#4527 = CARTESIAN_POINT ( 'NONE',  ( 122.5156049304716674, 0.8584857301873822788, 0.000000000000000000 ) ) ;
#4528 = ADVANCED_FACE ( 'NONE', ( #167 ), #8300, .F. ) ;
#4529 = CC_DESIGN_APPROVAL ( #10599, ( #9778 ) ) ;
#4530 = ORIENTED_EDGE ( 'NONE', *, *, #4159, .F. ) ;
#4531 = PERSON_AND_ORGANIZATION_ROLE ( 'creator' ) ;
#4532 = EDGE_LOOP ( 'NONE', ( #872, #7555, #7762, #12508 ) ) ;
#4533 = APPROVAL_STATUS ( 'not_yet_approved' ) ;
#4534 = APPROVAL_STATUS ( 'not_yet_approved' ) ;
#4535 = EDGE_LOOP ( 'NONE', ( #3924, #5480, #12790, #8036 ) ) ;
#4536 = DATE_AND_TIME ( #12647, #223 ) ;
#4537 = PLANE ( 'NONE',  #11965 ) ;
#4538 = CARTESIAN_POINT ( 'NONE',  ( -4.957027739236793629, -7.638710900996372288, -0.000000000000000000 ) ) ;
#4539 = CARTESIAN_POINT ( 'NONE',  ( 3.000000000000000000, 3.673940397442059375E-16, 42.00000000000000000 ) ) ;
#4540 = CARTESIAN_POINT ( 'NONE',  ( -11.59999999999999964, 72.50000000000000000, 6.000000000000000000 ) ) ;
#4541 = DIRECTION ( 'NONE',  ( 0.000000000000000000, -1.000000000000000000, 0.000000000000000000 ) ) ;
#4542 = ORIENTED_EDGE ( 'NONE', *, *, #5605, .F. ) ;
#4543 = VERTEX_POINT ( 'NONE', #9033 ) ;
#4544 = DESIGN_CONTEXT ( 'detailed design', #9850, 'design' ) ;
#4545 = VECTOR ( 'NONE', #12314, 1000.000000000000000 ) ;
#4546 = VERTEX_POINT ( 'NONE', #1977 ) ;
#4547 = DIRECTION ( 'NONE',  ( -0.000000000000000000, -1.000000000000000000, -0.000000000000000000 ) ) ;
#4548 = ORIENTED_EDGE ( 'NONE', *, *, #4807, .T. ) ;
#4549 = COORDINATED_UNIVERSAL_TIME_OFFSET ( 5, 0, .BEHIND. ) ;
#4550 = EDGE_CURVE ( 'NONE', #2053, #8007, #962, .T. ) ;
#4551 = ORIENTED_EDGE ( 'NONE', *, *, #3594, .T. ) ;
#4552 = CARTESIAN_POINT ( 'NONE',  ( 118.3810499613777267, -11.00000000000000000, 0.000000000000000000 ) ) ;
#4553 = DIRECTION ( 'NONE',  ( 0.000000000000000000, 1.000000000000000000, 0.000000000000000000 ) ) ;
#4554 = PERSON ( 'NAUO-PER6', 'UNSPECIFIED', 'UNSPECIFIED', ('UNSPECIFIED'), ('UNSPECIFIED'), ('UNSPECIFIED') ) ;
#4555 = CARTESIAN_POINT ( 'NONE',  ( -15.59999999999999964, 0.000000000000000000, -0.000000000000000000 ) ) ;
#4556 = CARTESIAN_POINT ( 'NONE',  ( -11.50000000000000000, -6.000000000000000000, 18.00000000000000355 ) ) ;
#4557 = LINE ( 'NONE', #6440, #3399 ) ;
#4558 = ORIENTED_EDGE ( 'NONE', *, *, #5386, .F. ) ;
#4559 = ORIENTED_EDGE ( 'NONE', *, *, #9640, .F. ) ;
#4560 = CARTESIAN_POINT ( 'NONE',  ( 0.000000000000000000, 0.000000000000000000, 2.000000000000000000 ) ) ;
#4561 = CALENDAR_DATE ( 2026, 21, 9 ) ;
#4562 = EDGE_CURVE ( 'NONE', #1956, #10630, #12682, .T. ) ;
#4563 = CARTESIAN_POINT ( 'NONE',  ( -11.59999999999999964, 72.50000000000001421, -8.271806125530276749E-22 ) ) ;
#4564 = ORIENTED_EDGE ( 'NONE', *, *, #9586, .F. ) ;
#4565 = FACE_OUTER_BOUND ( 'NONE', #10692, .T. ) ;
#4566 = VECTOR ( 'NONE', #6901, 1000.000000000000000 ) ;
#4567 = APPROVAL ( #2744, 'UNKNOWN' ) ;
#4568 = CARTESIAN_POINT ( 'NONE',  ( 125.7000000000000028, 0.000000000000000000, -1.200000000000000030E-05 ) ) ;
#4569 = LINE ( 'NONE', #7386, #4463 ) ;
#4570 = CARTESIAN_POINT ( 'NONE',  ( -10.54980359593110428, 9.207328926581991979, 8.300000000000004263 ) ) ;
#4571 = DIRECTION ( 'NONE',  ( 1.000000000000000000, 0.000000000000000000, 0.000000000000000000 ) ) ;
#4572 = CARTESIAN_POINT ( 'NONE',  ( -20.00000000000000000, 14.00000000000000000, -1.200000000000000030E-05 ) ) ;
#4573 = FACE_OUTER_BOUND ( 'NONE', #8549, .T. ) ;
#4574 = ORIENTED_EDGE ( 'NONE', *, *, #13011, .F. ) ;
#4575 = CYLINDRICAL_SURFACE ( 'NONE', #5005, 1.700000000000000178 ) ;
#4576 = VECTOR ( 'NONE', #9059, 1000.000000000000000 ) ;
#4577 = APPROVAL_STATUS ( 'not_yet_approved' ) ;
#4578 = COORDINATED_UNIVERSAL_TIME_OFFSET ( 5, 0, .BEHIND. ) ;
#4579 = ADVANCED_FACE ( 'NONE', ( #12419 ), #5608, .F. ) ;
#4580 = DIRECTION ( 'NONE',  ( 0.000000000000000000, -1.000000000000000000, 0.000000000000000000 ) ) ;
#4581 = VERTEX_POINT ( 'NONE', #3382 ) ;
#4582 = ADVANCED_FACE ( 'NONE', ( #9631 ), #8501, .F. ) ;
#4583 = CARTESIAN_POINT ( 'NONE',  ( 11.90496487544927362, 7.367007609010137514, 8.988555297866811955 ) ) ;
#4584 = CC_DESIGN_PERSON_AND_ORGANIZATION_ASSIGNMENT ( #5664, #9694, ( #1331 ) ) ;
#4585 = CC_DESIGN_PERSON_AND_ORGANIZATION_ASSIGNMENT ( #11663, #12841, ( #10376 ) ) ;
#4586 = AXIS2_PLACEMENT_3D ( 'NONE', #9842, #8917, #8856 ) ;
#4587 = DIRECTION ( 'NONE',  ( -0.000000000000000000, -1.000000000000000000, -0.000000000000000000 ) ) ;
#4588 = CARTESIAN_POINT ( 'NONE',  ( 0.000000000000000000, 0.000000000000000000, 5.000000000000000000 ) ) ;
#4589 = CARTESIAN_POINT ( 'NONE',  ( 29.95712604296772952, 0.000000000000000000, 11.63880920473206793 ) ) ;
#4590 = SHAPE_DEFINITION_REPRESENTATION ( #12360, #9568 ) ;
#4591 = ORIENTED_EDGE ( 'NONE', *, *, #8312, .F. ) ;
#4592 = APPROVAL_DATE_TIME ( #7411, #5375 ) ;
#4593 = VERTEX_POINT ( 'NONE', #12848 ) ;
#4594 = PERSON_AND_ORGANIZATION_ROLE ( 'classification_officer' ) ;
#4595 = EDGE_CURVE ( 'NONE', #6257, #8304, #6745, .T. ) ;
#4596 = VECTOR ( 'NONE', #3374, 1000.000000000000000 ) ;
#4597 = EDGE_CURVE ( 'NONE', #12736, #6432, #10556, .T. ) ;
#4598 = VECTOR ( 'NONE', #1788, 1000.000000000000000 ) ;
#4599 = ORIENTED_EDGE ( 'NONE', *, *, #3863, .F. ) ;
#4600 = MECHANICAL_CONTEXT ( 'NONE', #11467, 'mechanical' ) ;
#4601 = DIRECTION ( 'NONE',  ( 0.000000000000000000, -1.000000000000000000, 0.000000000000000000 ) ) ;
#4602 = CLOSED_SHELL ( 'NONE', ( #9759, #1868, #10538, #12995, #853, #10213, #1215, #10682, #3253, #10535, #9594, #4084, #4744, #9535, #6450, #11598, #1315, #5535, #9593, #758, #10528, #10916, #8446, #10267 ) ) ;
#4603 = EDGE_CURVE ( 'NONE', #11825, #9381, #2126, .T. ) ;
#4604 = CARTESIAN_POINT ( 'NONE',  ( 9.028379520031954542, 10.69992351637305461, 8.635056883210507905 ) ) ;
#4605 = CARTESIAN_POINT ( 'NONE',  ( 20.44263793984915978, 15.65679534101080073, -0.000000000000000000 ) ) ;
#4606 = VECTOR ( 'NONE', #9139, 1000.000000000000000 ) ;
#4607 = CARTESIAN_POINT ( 'NONE',  ( -19.55741526174779210, -0.000000000000000000, 13.65666690099398828 ) ) ;
#4608 = CARTESIAN_POINT ( 'NONE',  ( 35.60000000000000142, 0.000000000000000000, 6.000000000000000000 ) ) ;
#4609 = VERTEX_POINT ( 'NONE', #9510 ) ;
#4610 = VECTOR ( 'NONE', #10905, 1000.000000000000000 ) ;
#4611 = CARTESIAN_POINT ( 'NONE',  ( -21.65679534101080606, -13.55736206015158984, -0.000000000000000000 ) ) ;
#4612 = EDGE_LOOP ( 'NONE', ( #1734, #94 ) ) ;
#4613 = CALENDAR_DATE ( 2026, 21, 9 ) ;
#4614 = VERTEX_POINT ( 'NONE', #9376 ) ;
#4615 = AXIS2_PLACEMENT_3D ( 'NONE', #2866, #11962, #5042 ) ;
#4616 = CARTESIAN_POINT ( 'NONE',  ( -6.000000000000000000, 0.000000000000000000, 20.00000000000000000 ) ) ;
#4617 = VECTOR ( 'NONE', #3050, 1000.000000000000000 ) ;
#4618 = PLANE ( 'NONE',  #8957 ) ;
#4619 = DIRECTION ( 'NONE',  ( -0.000000000000000000, -1.000000000000000000, -0.000000000000000000 ) ) ;
#4620 = ORIENTED_EDGE ( 'NONE', *, *, #9043, .F. ) ;
#4621 = VECTOR ( 'NONE', #5531, 1000.000000000000000 ) ;
#4622 = CARTESIAN_POINT ( 'NONE',  ( -27.69999999999999929, -57.00000000000000000, 5.000000000000000000 ) ) ;
#4623 = CARTESIAN_POINT ( 'NONE',  ( 0.000000000000000000, -2.000000000000000000, -0.000000000000000000 ) ) ;
#4624 = DIRECTION ( 'NONE',  ( 0.000000000000000000, -0.000000000000000000, -1.000000000000000000 ) ) ;
#4625 = VERTEX_POINT ( 'NONE', #450 ) ;
#4626 = ORIENTED_EDGE ( 'NONE', *, *, #741, .F. ) ;
#4627 = APPROVAL_STATUS ( 'not_yet_approved' ) ;
#4628 = PERSON_AND_ORGANIZATION ( #2675, #9931 ) ;
#4629 = APPROVAL_PERSON_ORGANIZATION ( #10715, #7281, #12764 ) ;
#4630 = CIRCLE ( 'NONE', #10292, 1.700000000000000178 ) ;
#4631 = CONTEXT_DEPENDENT_SHAPE_REPRESENTATION ( #3963, #445 ) ;
#4632 = LINE ( 'NONE', #12339, #9194 ) ;
#4633 = ORIENTED_EDGE ( 'NONE', *, *, #8075, .T. ) ;
#4634 =( NAMED_UNIT ( * ) SI_UNIT ( $, .STERADIAN. ) SOLID_ANGLE_UNIT ( ) );
#4635 = PLANE ( 'NONE',  #9520 ) ;
#4636 = ORGANIZATION ( 'NAUO-ORG10', 'UNSPECIFIED', 'UNSPECIFIED' ) ;
#4637 = CARTESIAN_POINT ( 'NONE',  ( -9.841304759421175774, 9.959976315290019144, 8.581349739459774639 ) ) ;
#4638 = EDGE_CURVE ( 'NONE', #1402, #6337, #4569, .T. ) ;
#4639 = CARTESIAN_POINT ( 'NONE',  ( 35.00000000000000000, 70.00000000000000000, 0.000000000000000000 ) ) ;
#4640 = CARTESIAN_POINT ( 'NONE',  ( 20.00000000000000000, 12.00000000000000000, 2.000000000000000000 ) ) ;
#4641 = FACE_BOUND ( 'NONE', #9814, .T. ) ;
#4642 = ORIENTED_EDGE ( 'NONE', *, *, #9003, .F. ) ;
#4643 = CARTESIAN_POINT ( 'NONE',  ( -37.50000000000000000, -10.00000000000000000, 25.00000000000000000 ) ) ;
#4644 = VERTEX_POINT ( 'NONE', #8438 ) ;
#4645 = CALENDAR_DATE ( 2026, 21, 9 ) ;
#4646 = CARTESIAN_POINT ( 'NONE',  ( 29.30000000000000071, 66.00000000000000000, -6.000000000000000152E-06 ) ) ;
#4647 = ORIENTED_EDGE ( 'NONE', *, *, #1879, .F. ) ;
#4648 = CARTESIAN_POINT ( 'NONE',  ( 20.00000000000000000, -6.000000000000000152E-06, 10.30000000000000071 ) ) ;
#4649 = LOCAL_TIME ( 12, 23, 50.00000000000000000, #7956 ) ;
#4650 = AXIS2_PLACEMENT_3D ( 'NONE', #4834, #11628, #6583 ) ;
#4651 = CARTESIAN_POINT ( 'NONE',  ( 0.5999999999999998668, 9.000000000000000000, 8.300000000000000711 ) ) ;
#4652 = CARTESIAN_POINT ( 'NONE',  ( -11.63076285169010582, 7.793297916477738951, 11.20256825068237916 ) ) ;
#4653 = EDGE_CURVE ( 'NONE', #5080, #7774, #5549, .T. ) ;
#4654 = DIRECTION ( 'NONE',  ( 0.000000000000000000, 0.000000000000000000, -1.000000000000000000 ) ) ;
#4655 = CARTESIAN_POINT ( 'NONE',  ( 122.2999999999999972, 2.081899558550508908E-16, -6.000000000000000152E-06 ) ) ;
#4656 = LINE ( 'NONE', #5694, #12998 ) ;
#4657 = CC_DESIGN_PERSON_AND_ORGANIZATION_ASSIGNMENT ( #4171, #8238, ( #2522 ) ) ;
#4658 = ORIENTED_EDGE ( 'NONE', *, *, #3384, .F. ) ;
#4659 = CC_DESIGN_DATE_AND_TIME_ASSIGNMENT ( #3712, #1725, ( #4282 ) ) ;
#4660 = ORIENTED_EDGE ( 'NONE', *, *, #11517, .F. ) ;
#4661 = VECTOR ( 'NONE', #5133, 1000.000000000000000 ) ;
#4662 = APPROVAL_DATE_TIME ( #534, #7281 ) ;
#4663 = VECTOR ( 'NONE', #2041, 1000.000000000000000 ) ;
#4664 = VERTEX_POINT ( 'NONE', #12484 ) ;
#4665 = ORIENTED_EDGE ( 'NONE', *, *, #10553, .T. ) ;
#4666 = APPROVAL_ROLE ( '' ) ;
#4667 = CYLINDRICAL_SURFACE ( 'NONE', #13018, 2.600000000000000089 ) ;
#4668 =( NAMED_UNIT ( * ) PLANE_ANGLE_UNIT ( ) SI_UNIT ( $, .RADIAN. ) );
#4669 = CARTESIAN_POINT ( 'NONE',  ( 0.000000000000000000, 0.000000000000000000, 5.000000000000000000 ) ) ;
#4670 = PRODUCT_DEFINITION_SHAPE ( 'NONE', 'NONE',  #5999 ) ;
#4671 = VECTOR ( 'NONE', #8251, 1000.000000000000000 ) ;
#4673 = EDGE_CURVE ( 'NONE', #703, #6910, #5412, .T. ) ;
#4672 = CARTESIAN_POINT ( 'NONE',  ( 18.30000000000000071, 14.00000000000000000, -6.000000000000000152E-06 ) ) ;
#4674 = AXIS2_PLACEMENT_3D ( 'NONE', #10460, #12454, #11460 ) ;
#4675 = EDGE_CURVE ( 'NONE', #1207, #12741, #12545, .T. ) ;
#4676 = LINE ( 'NONE', #5822, #1177 ) ;
#4677 = LINE ( 'NONE', #5823, #3617 ) ;
#4678 = VERTEX_POINT ( 'NONE', #1373 ) ;
#4679 = EDGE_LOOP ( 'NONE', ( #4031, #10297, #2765, #3057 ) ) ;
#4680 = ADVANCED_FACE ( 'NONE', ( #11484 ), #3514, .F. ) ;
#4681 = DESIGN_CONTEXT ( 'detailed design', #2193, 'design' ) ;
#4682 = ORIENTED_EDGE ( 'NONE', *, *, #10395, .F. ) ;
#4683 = ORIENTED_EDGE ( 'NONE', *, *, #10608, .T. ) ;
#4684 = AXIS2_PLACEMENT_3D ( 'NONE', #10102, #9977, #3113 ) ;
#4685 = VECTOR ( 'NONE', #1326, 1000.000000000000000 ) ;
#4686 = ORIENTED_EDGE ( 'NONE', *, *, #3862, .T. ) ;
#4687 = LINE ( 'NONE', #7626, #573 ) ;
#4688 = CARTESIAN_POINT ( 'NONE',  ( 31.00000000000000355, -6.000000000000000152E-06, 2.299999999999999822 ) ) ;
#4689 = VECTOR ( 'NONE', #11498, 1000.000000000000000 ) ;
#4690 = LINE ( 'NONE', #6688, #12817 ) ;
#4691 = DIRECTION ( 'NONE',  ( -1.000000000000000000, 0.000000000000000000, 0.000000000000000000 ) ) ;
#4692 = DATE_AND_TIME ( #9688, #5324 ) ;
#4693 = DIRECTION ( 'NONE',  ( -0.000000000000000000, -0.000000000000000000, -1.000000000000000000 ) ) ;
#4694 = ORIENTED_EDGE ( 'NONE', *, *, #2734, .F. ) ;
#4695 = ORIENTED_EDGE ( 'NONE', *, *, #1988, .T. ) ;
#4696 = FACE_OUTER_BOUND ( 'NONE', #4240, .T. ) ;
#4697 = PERSON_AND_ORGANIZATION ( #2675, #9931 ) ;
#4698 = PERSON_AND_ORGANIZATION_ROLE ( 'creator' ) ;
#4699 = VERTEX_POINT ( 'NONE', #5484 ) ;
#4700 = DATE_AND_TIME ( #3166, #1883 ) ;
#4701 = LINE ( 'NONE', #12742, #9843 ) ;
#4702 = ORIENTED_EDGE ( 'NONE', *, *, #3266, .F. ) ;
#4703 = VECTOR ( 'NONE', #7380, 1000.000000000000000 ) ;
#4704 =( GEOMETRIC_REPRESENTATION_CONTEXT ( 3 ) GLOBAL_UNCERTAINTY_ASSIGNED_CONTEXT ( ( #4410 ) ) GLOBAL_UNIT_ASSIGNED_CONTEXT ( ( #4989, #6929, #6804 ) ) REPRESENTATION_CONTEXT ( 'NONE', 'WORKASPACE' ) );
#4705 = PLANE ( 'NONE',  #7174 ) ;
#4706 = CARTESIAN_POINT ( 'NONE',  ( -9.291948759307684824, 10.47216675020139931, 9.141253131056851444 ) ) ;
#4707 = CARTESIAN_POINT ( 'NONE',  ( -11.90000000000000036, 6.400000000000000355, 3.000000000000000000 ) ) ;
#4708 = APPROVAL_PERSON_ORGANIZATION ( #10286, #10206, #4231 ) ;
#4709 = CARTESIAN_POINT ( 'NONE',  ( 12.30006951123579562, 70.22508399488370401, 0.000000000000000000 ) ) ;
#4710 = ORIENTED_EDGE ( 'NONE', *, *, #2733, .T. ) ;
#4711 = LINE ( 'NONE', #4643, #13052 ) ;
#4713 = VERTEX_POINT ( 'NONE', #6576 ) ;
#4712 = PERSON ( 'NAUO-PER23', 'UNSPECIFIED', 'UNSPECIFIED', ('UNSPECIFIED'), ('UNSPECIFIED'), ('UNSPECIFIED') ) ;
#4714 = ITEM_DEFINED_TRANSFORMATION ( 'NONE', 'NONE', #12490,  #6542 ) ;
#4715 = CARTESIAN_POINT ( 'NONE',  ( 11.90000000000000036, -6.400000000000000355, 0.000000000000000000 ) ) ;
#4716 = VERTEX_POINT ( 'NONE', #4505 ) ;
#4717 = CARTESIAN_POINT ( 'NONE',  ( -9.000000000000000000, -6.000000000000000152E-06, 2.299999999999999822 ) ) ;
#4718 = EDGE_CURVE ( 'NONE', #6925, #6058, #2521, .T. ) ;
#4719 = LOCAL_TIME ( 12, 23, 50.00000000000000000, #6785 ) ;
#4720 = CARTESIAN_POINT ( 'NONE',  ( -21.00000000000000000, -12.00000000000000000, 3.000000000000000000 ) ) ;
#4721 = CARTESIAN_POINT ( 'NONE',  ( -20.00000000000000000, -1.200000000000000030E-05, 13.70000000000000107 ) ) ;
#4722 = DIRECTION ( 'NONE',  ( 1.000000000000000000, 0.000000000000000000, 0.000000000000000000 ) ) ;
#4723 = PERSON_AND_ORGANIZATION_ROLE ( 'creator' ) ;
#4724 = LINE ( 'NONE', #8784, #4383 ) ;
#4725 = ORIENTED_EDGE ( 'NONE', *, *, #288, .F. ) ;
#4726 = APPROVAL_PERSON_ORGANIZATION ( #10976, #165, #1944 ) ;
#4727 = ORIENTED_EDGE ( 'NONE', *, *, #12280, .F. ) ;
#4728 = VERTEX_POINT ( 'NONE', #8560 ) ;
#4729 = PERSON_AND_ORGANIZATION_ROLE ( 'creator' ) ;
#4730 = EDGE_CURVE ( 'NONE', #5125, #9623, #12616, .T. ) ;
#4731 = FACE_BOUND ( 'NONE', #3282, .T. ) ;
#4732 = DATE_AND_TIME ( #2406, #9117 ) ;
#4733 = CARTESIAN_POINT ( 'NONE',  ( -4.343333099005803000, -8.557415261748372970, -0.000000000000000000 ) ) ;
#4734 = CC_DESIGN_PERSON_AND_ORGANIZATION_ASSIGNMENT ( #2584, #2446, ( #8224 ) ) ;
#4735 = LOCAL_TIME ( 12, 23, 50.00000000000000000, #2512 ) ;
#4736 = CARTESIAN_POINT ( 'NONE',  ( -9.000000000000000000, -1.200000000000000030E-05, 4.000000000000000000 ) ) ;
#4737 = APPLICATION_CONTEXT ( 'configuration controlled 3d designs of mechanical parts and assemblies' ) ;
#4738 = FACE_OUTER_BOUND ( 'NONE', #2692, .T. ) ;
#4739 = ORIENTED_EDGE ( 'NONE', *, *, #11600, .T. ) ;
#4740 = ORIENTED_EDGE ( 'NONE', *, *, #7624, .T. ) ;
#4741 = ORIENTED_EDGE ( 'NONE', *, *, #355, .T. ) ;
#4742 = ORIENTED_EDGE ( 'NONE', *, *, #5146, .T. ) ;
#4743 = SECURITY_CLASSIFICATION_LEVEL ( 'unclassified' ) ;
#4744 = ADVANCED_FACE ( 'NONE', ( #10624 ), #10360, .F. ) ;
#4745 = EDGE_LOOP ( 'NONE', ( #2017, #8288, #9541, #5294 ) ) ;
#4746 = DIRECTION ( 'NONE',  ( -0.000000000000000000, -0.000000000000000000, 1.000000000000000000 ) ) ;
#4747 = EDGE_CURVE ( 'NONE', #10716, #11306, #2391, .T. ) ;
#4748 = CARTESIAN_POINT ( 'NONE',  ( 15.10000000000000142, 0.000000000000000000, 18.00000000000000355 ) ) ;
#4749 = CARTESIAN_POINT ( 'NONE',  ( 0.000000000000000000, 0.000000000000000000, 0.000000000000000000 ) ) ;
#4750 = PRODUCT_DEFINITION ( 'ๆ', '', #234, #4681 ) ;
#4751 = DIRECTION ( 'NONE',  ( -0.000000000000000000, 1.000000000000000000, 0.000000000000000000 ) ) ;
#4752 = ORIENTED_EDGE ( 'NONE', *, *, #1832, .F. ) ;
#4753 = ORIENTED_EDGE ( 'NONE', *, *, #3787, .F. ) ;
#4754 = DIRECTION ( 'NONE',  ( -0.000000000000000000, -0.000000000000000000, -1.000000000000000000 ) ) ;
#4755 = CALENDAR_DATE ( 2026, 21, 9 ) ;
#4756 = MECHANICAL_CONTEXT ( 'NONE', #8499, 'mechanical' ) ;
#4757 = CALENDAR_DATE ( 2026, 21, 9 ) ;
#4758 = DIRECTION ( 'NONE',  ( -0.000000000000000000, -0.000000000000000000, -1.000000000000000000 ) ) ;
#4759 = VERTEX_POINT ( 'NONE', #11855 ) ;
#4760 = EDGE_CURVE ( 'NONE', #5646, #11720, #7060, .T. ) ;
#4761 = DATE_AND_TIME ( #9882, #7192 ) ;
#4762 = VECTOR ( 'NONE', #3052, 1000.000000000000000 ) ;
#4763 = DIRECTION ( 'NONE',  ( 1.000000000000000000, 0.000000000000000000, 0.000000000000000000 ) ) ;
#4764 = ADVANCED_FACE ( 'NONE', ( #13032 ), #12099, .F. ) ;
#4765 = EDGE_CURVE ( 'NONE', #11706, #4478, #4983, .T. ) ;
#4766 = ADVANCED_FACE ( 'NONE', ( #7000 ), #5837, .F. ) ;
#4767 = CARTESIAN_POINT ( 'NONE',  ( 150.0000000000000000, 25.00000000000000000, 90.00000000000000000 ) ) ;
#4768 = CARTESIAN_POINT ( 'NONE',  ( -5.500000000000000000, 0.000000000000000000, 29.00000000000000000 ) ) ;
#4769 = ORIENTED_EDGE ( 'NONE', *, *, #5108, .T. ) ;
#4770 = FACE_OUTER_BOUND ( 'NONE', #12323, .T. ) ;
#4771 = APPROVAL_ROLE ( '' ) ;
#4772 = ORIENTED_EDGE ( 'NONE', *, *, #5060, .T. ) ;
#4773 = CONTEXT_DEPENDENT_SHAPE_REPRESENTATION ( #7745, #3427 ) ;
#4774 = LINE ( 'NONE', #1656, #4369 ) ;
#4775 = PRODUCT ( 'V3_06_horn_coupler', 'V3_06_horn_coupler', '', ( #1938 ) ) ;
#4776 = CARTESIAN_POINT ( 'NONE',  ( -9.858538931789730952, -0.000000000000000000, 2.515476490455875513 ) ) ;
#4777 = EDGE_CURVE ( 'NONE', #1801, #10097, #6810, .T. ) ;
#4778 = DIRECTION ( 'NONE',  ( 0.000000000000000000, 0.000000000000000000, 1.000000000000000000 ) ) ;
#4779 = DIRECTION ( 'NONE',  ( -0.000000000000000000, -0.000000000000000000, -1.000000000000000000 ) ) ;
#4780 = VECTOR ( 'NONE', #4992, 1000.000000000000000 ) ;
#4781 = DIRECTION ( 'NONE',  ( -0.000000000000000000, -0.000000000000000000, -1.000000000000000000 ) ) ;
#4782 = CALENDAR_DATE ( 2026, 21, 9 ) ;
#4783 = B_SPLINE_CURVE_WITH_KNOTS ( 'NONE', 3,
 ( #1667, #11703, #2676, #8521, #4589, #6657, #5692, #4455, #3475, #11502, #5503, #1466, #9523, #8581, #12565, #3532, #7533, #10575 ),
 .UNSPECIFIED., .F., .F.,
 ( 4, 2, 2, 2, 2, 2, 2, 2, 4 ),
 ( 0.5000000000000003331, 0.5625000000000003331, 0.6250000000000002220, 0.6875000000000002220, 0.7500000000000002220, 0.8125000000000001110, 0.8750000000000001110, 0.9375000000000000000, 1.000000000000000000 ),
 .UNSPECIFIED. ) ;
#4784 = CARTESIAN_POINT ( 'NONE',  ( -20.00000000000000000, 14.00000000000000000, 5.000000000000000000 ) ) ;
#4785 = CALENDAR_DATE ( 2026, 21, 9 ) ;
#4786 = ORIENTED_EDGE ( 'NONE', *, *, #11681, .F. ) ;
#4787 = APPROVAL_STATUS ( 'not_yet_approved' ) ;
#4788 = DIRECTION ( 'NONE',  ( 0.000000000000000000, 1.000000000000000000, 0.000000000000000000 ) ) ;
#4789 = PLANE ( 'NONE',  #13000 ) ;
#4790 = CARTESIAN_POINT ( 'NONE',  ( 0.000000000000000000, 146.0000000000000000, 3.000000000000000000 ) ) ;
#4791 = CIRCLE ( 'NONE', #750, 30.00000000000000000 ) ;
#4792 =( LENGTH_UNIT ( ) NAMED_UNIT ( * ) SI_UNIT ( .MILLI., .METRE. ) );
#4793 = FACE_BOUND ( 'NONE', #10832, .T. ) ;
#4794 = DIRECTION ( 'NONE',  ( -0.000000000000000000, -0.000000000000000000, 1.000000000000000000 ) ) ;
#4795 = DIRECTION ( 'NONE',  ( -0.000000000000000000, -0.000000000000000000, 1.000000000000000000 ) ) ;
#4796 = EDGE_CURVE ( 'NONE', #2082, #5409, #9127, .T. ) ;
#4797 = CARTESIAN_POINT ( 'NONE',  ( 10.72380529476361133, 9.000000000000000000, 6.800000000000000711 ) ) ;
#4798 = AXIS2_PLACEMENT_3D ( 'NONE', #6040, #5408, #8555 ) ;
#4799 = AXIS2_PLACEMENT_3D ( 'NONE', #5988, #8035, #3043 ) ;
#4800 = ORIENTED_EDGE ( 'NONE', *, *, #8193, .F. ) ;
#4801 = VERTEX_POINT ( 'NONE', #12038 ) ;
#4802 = APPROVAL_ROLE ( '' ) ;
#4803 = CARTESIAN_POINT ( 'NONE',  ( 35.60000000000000142, 72.50000000000000000, 6.000000000000000000 ) ) ;
#4804 = ORIENTED_EDGE ( 'NONE', *, *, #8181, .T. ) ;
#4805 = CARTESIAN_POINT ( 'NONE',  ( 4.299999999999999822, 0.000000000000000000, 20.00000000000000000 ) ) ;
#4806 = CARTESIAN_POINT ( 'NONE',  ( 31.85853893179215746, -0.000000000000000000, 5.484523509542809094 ) ) ;
#4807 = EDGE_CURVE ( 'NONE', #12857, #6151, #5891, .T. ) ;
#4808 = AXIS2_PLACEMENT_3D ( 'NONE', #12855, #1825, #5847 ) ;
#4809 = CARTESIAN_POINT ( 'NONE',  ( 31.60000000000000142, 72.50000000000000000, 0.000000000000000000 ) ) ;
#4810 = DIRECTION ( 'NONE',  ( 0.000000000000000000, 0.000000000000000000, 1.000000000000000000 ) ) ;
#4811 = LINE ( 'NONE', #2639, #5500 ) ;
#4812 = EDGE_CURVE ( 'NONE', #10163, #2644, #7708, .T. ) ;
#4813 = CARTESIAN_POINT ( 'NONE',  ( -11.59999999999999964, 62.50000000000000000, 6.000000000000000000 ) ) ;
#4814 = EDGE_LOOP ( 'NONE', ( #12292, #9054, #10139, #1116 ) ) ;
#4815 = VERTEX_POINT ( 'NONE', #8877 ) ;
#4816 = CARTESIAN_POINT ( 'NONE',  ( 13.00000000000000000, -5.000000000000000000, 25.00000000000000000 ) ) ;
#4817 = CIRCLE ( 'NONE', #8141, 1.700000000000000178 ) ;
#4818 = DATE_AND_TIME ( #9873, #5134 ) ;
#4819 = CC_DESIGN_PERSON_AND_ORGANIZATION_ASSIGNMENT ( #6647, #11940, ( #10724 ) ) ;
#4820 = APPROVAL_STATUS ( 'not_yet_approved' ) ;
#4821 = EDGE_LOOP ( 'NONE', ( #198, #12364, #7194, #9831 ) ) ;
#4822 = CC_DESIGN_PERSON_AND_ORGANIZATION_ASSIGNMENT ( #7605, #5374, ( #6578 ) ) ;
#4823 = DIRECTION ( 'NONE',  ( 0.000000000000000000, 0.000000000000000000, -1.000000000000000000 ) ) ;
#4824 = VERTEX_POINT ( 'NONE', #8936 ) ;
#4825 = VECTOR ( 'NONE', #10534, 1000.000000000000000 ) ;
#4826 = CARTESIAN_POINT ( 'NONE',  ( 125.7000000000000028, 0.000000000000000000, -6.000000000000000152E-06 ) ) ;
#4827 = FACE_OUTER_BOUND ( 'NONE', #7606, .T. ) ;
#4828 = EDGE_CURVE ( 'NONE', #5155, #3277, #11712, .T. ) ;
#4829 = EDGE_CURVE ( 'NONE', #86, #959, #5955, .T. ) ;
#4830 = DIRECTION ( 'NONE',  ( -0.000000000000000000, -0.000000000000000000, 1.000000000000000000 ) ) ;
#4831 = APPROVAL_PERSON_ORGANIZATION ( #6022, #1797, #2481 ) ;
#4832 = CARTESIAN_POINT ( 'NONE',  ( 13.55741526174995926, 71.65666690099503455, 0.000000000000000000 ) ) ;
#4833 = VECTOR ( 'NONE', #4214, 1000.000000000000000 ) ;
#4834 = CARTESIAN_POINT ( 'NONE',  ( 12.00000000000000000, 7.000000000000000000, 15.00000000000000000 ) ) ;
#4835 = APPROVAL_ROLE ( '' ) ;
#4836 = VERTEX_POINT ( 'NONE', #7876 ) ;
#4837 = ADVANCED_FACE ( 'NONE', ( #9991 ), #933, .F. ) ;
#4838 = ITEM_DEFINED_TRANSFORMATION ( 'NONE', 'NONE', #8878,  #6542 ) ;
#4839 = LINE ( 'NONE', #2849, #10681 ) ;
#4840 = DIRECTION ( 'NONE',  ( 0.000000000000000000, 0.000000000000000000, 1.000000000000000000 ) ) ;
#4841 = CC_DESIGN_SECURITY_CLASSIFICATION ( #2522, ( #13073 ) ) ;
#4842 = CARTESIAN_POINT ( 'NONE',  ( 35.60000000000000142, 67.50000000000000000, -1.200000000000000030E-05 ) ) ;
#4843 = DIRECTION ( 'NONE',  ( -1.000000000000000000, 0.000000000000000000, 0.000000000000000000 ) ) ;
#4844 = PERSON_AND_ORGANIZATION ( #2675, #9931 ) ;
#4845 = FACE_BOUND ( 'NONE', #12108, .T. ) ;
#4846 = ORIENTED_EDGE ( 'NONE', *, *, #9130, .T. ) ;
#4847 = DIRECTION ( 'NONE',  ( -0.000000000000000000, -0.000000000000000000, 1.000000000000000000 ) ) ;
#4848 = ADVANCED_FACE ( 'NONE', ( #3064 ), #11106, .F. ) ;
#4849 = PERSON_AND_ORGANIZATION_ROLE ( 'classification_officer' ) ;
#4850 = CARTESIAN_POINT ( 'NONE',  ( -28.00000000000000000, 0.000000000000000000, 0.000000000000000000 ) ) ;
#4851 = ORIENTED_EDGE ( 'NONE', *, *, #12744, .F. ) ;
#4852 = DIRECTION ( 'NONE',  ( 0.000000000000000000, -0.000000000000000000, -1.000000000000000000 ) ) ;
#4853 = CARTESIAN_POINT ( 'NONE',  ( 14.00000000000000000, 0.000000000000000000, 2.000000000000000000 ) ) ;
#4854 = CYLINDRICAL_SURFACE ( 'NONE', #9993, 1.700000000000000178 ) ;
#4855 = APPROVAL_PERSON_ORGANIZATION ( #12608, #10275, #10545 ) ;
#4856 = LINE ( 'NONE', #1995, #4015 ) ;
#4857 = CARTESIAN_POINT ( 'NONE',  ( -18.34333309900548770, 0.000000000000000000, 11.55741526174869271 ) ) ;
#4858 = CYLINDRICAL_SURFACE ( 'NONE', #832, 14.00000000000000000 ) ;
#4859 = AXIS2_PLACEMENT_3D ( 'NONE', #4135, #1884, #12974 ) ;
#4860 = ORIENTED_EDGE ( 'NONE', *, *, #12331, .F. ) ;
#4861 = CARTESIAN_POINT ( 'NONE',  ( -21.69999999999999929, -14.00000000000000000, -6.000000000000000152E-06 ) ) ;
#4862 = VERTEX_POINT ( 'NONE', #5173 ) ;
#4863 = ORIENTED_EDGE ( 'NONE', *, *, #4506, .T. ) ;
#4864 = DIRECTION ( 'NONE',  ( -1.000000000000000000, 0.000000000000000000, 0.000000000000000000 ) ) ;
#4865 = DIRECTION ( 'NONE',  ( -1.000000000000000000, 0.000000000000000000, 0.000000000000000000 ) ) ;
#4866 = DIRECTION ( 'NONE',  ( -0.000000000000000000, -0.000000000000000000, 1.000000000000000000 ) ) ;
#4867 = AXIS2_PLACEMENT_3D ( 'NONE', #6359, #10393, #2423 ) ;
#4868 = ADVANCED_FACE ( 'NONE', ( #12375, #207, #7133 ), #3209, .F. ) ;
#4869 = AXIS2_PLACEMENT_3D ( 'NONE', #6567, #10614, #10743 ) ;
#4870 = CARTESIAN_POINT ( 'NONE',  ( -8.774916005108686079, 64.29993048876644934, -0.000000000000000000 ) ) ;
#4871 = DIRECTION ( 'NONE',  ( 0.000000000000000000, 0.000000000000000000, 1.000000000000000000 ) ) ;
#4872 = AXIS2_PLACEMENT_3D ( 'NONE', #5956, #5117, #10127 ) ;
#4873 = DIRECTION ( 'NONE',  ( -0.000000000000000000, -0.000000000000000000, -1.000000000000000000 ) ) ;
#4874 = ORIENTED_EDGE ( 'NONE', *, *, #10700, .T. ) ;
#4875 = ORIENTED_EDGE ( 'NONE', *, *, #5904, .F. ) ;
#4876 = VECTOR ( 'NONE', #8231, 1000.000000000000000 ) ;
#4877 = CARTESIAN_POINT ( 'NONE',  ( 0.000000000000000000, 0.000000000000000000, 0.000000000000000000 ) ) ;
#4878 = AXIS2_PLACEMENT_3D ( 'NONE', #6938, #1002, #11983 ) ;
#4879 = DATE_TIME_ROLE ( 'classification_date' ) ;
#4880 = PERSON_AND_ORGANIZATION ( #2675, #9931 ) ;
#4881 = ORIENTED_EDGE ( 'NONE', *, *, #9500, .T. ) ;
#4882 = LINE ( 'NONE', #7886, #10687 ) ;
#4883 = VERTEX_POINT ( 'NONE', #8122 ) ;
#4884 = VECTOR ( 'NONE', #1517, 1000.000000000000000 ) ;
#4885 =( NAMED_UNIT ( * ) SI_UNIT ( $, .STERADIAN. ) SOLID_ANGLE_UNIT ( ) );
#4886 = ADVANCED_FACE ( 'NONE', ( #4125 ), #3273, .F. ) ;
#4887 = LINE ( 'NONE', #10071, #8697 ) ;
#4888 = VECTOR ( 'NONE', #6108, 1000.000000000000000 ) ;
#4889 = DIRECTION ( 'NONE',  ( 1.000000000000000000, 0.000000000000000000, 0.000000000000000000 ) ) ;
#4890 = DIRECTION ( 'NONE',  ( 0.000000000000000000, 1.000000000000000000, 0.000000000000000000 ) ) ;
#4891 = CC_DESIGN_PERSON_AND_ORGANIZATION_ASSIGNMENT ( #232, #2234, ( #2616 ) ) ;
#4892 = VECTOR ( 'NONE', #117, 1000.000000000000000 ) ;
#4893 = LINE ( 'NONE', #9706, #11403 ) ;
#4894 = CARTESIAN_POINT ( 'NONE',  ( 0.000000000000000000, 45.00000000000000000, 0.000000000000000000 ) ) ;
#4895 = APPROVAL_ROLE ( '' ) ;
#4896 = EDGE_LOOP ( 'NONE', ( #7789, #4460, #7922, #2893 ) ) ;
#4897 = AXIS2_PLACEMENT_3D ( 'NONE', #135, #10057, #10981 ) ;
#4898 = SECURITY_CLASSIFICATION_LEVEL ( 'unclassified' ) ;
#4899 = DIRECTION ( 'NONE',  ( -1.000000000000000000, 0.000000000000000000, 0.000000000000000000 ) ) ;
#4900 = CARTESIAN_POINT ( 'NONE',  ( 134.2999304887634651, -0.2250839948771370391, 0.000000000000000000 ) ) ;
#4901 = EDGE_CURVE ( 'NONE', #5049, #6815, #5323, .T. ) ;
#4902 = EDGE_CURVE ( 'NONE', #10844, #5525, #7205, .T. ) ;
#4903 = DIRECTION ( 'NONE',  ( 0.000000000000000000, 0.000000000000000000, 1.000000000000000000 ) ) ;
#4904 = EDGE_CURVE ( 'NONE', #12936, #5238, #12315, .T. ) ;
#4905 = CC_DESIGN_APPROVAL ( #8255, ( #8890 ) ) ;
#4906 = LINE ( 'NONE', #7173, #4876 ) ;
#4907 = DATE_AND_TIME ( #6839, #7204 ) ;
#4908 = CARTESIAN_POINT ( 'NONE',  ( -5.799999999999999822, 70.00000000000000000, 5.200000000000000178 ) ) ;
#4909 = ADVANCED_FACE ( 'NONE', ( #6147 ), #11247, .F. ) ;
#4910 = PERSON_AND_ORGANIZATION ( #2675, #9931 ) ;
#4911 = DATE_TIME_ROLE ( 'creation_date' ) ;
#4912 = COORDINATED_UNIVERSAL_TIME_OFFSET ( 5, 0, .BEHIND. ) ;
#4913 = DIRECTION ( 'NONE',  ( -1.000000000000000000, 0.000000000000000000, -0.000000000000000000 ) ) ;
#4914 = ORIENTED_EDGE ( 'NONE', *, *, #3346, .T. ) ;
#4915 = CARTESIAN_POINT ( 'NONE',  ( -10.72380529476361133, 9.000000000000000000, 8.300000000000000711 ) ) ;
#4916 = LOCAL_TIME ( 12, 23, 50.00000000000000000, #727 ) ;
#4917 = CARTESIAN_POINT ( 'NONE',  ( 12.00000000000000000, 7.000000000000000000, 13.29999999999999893 ) ) ;
#4918 = ADVANCED_FACE ( 'NONE', ( #3342 ), #9193, .T. ) ;
#4919 = DIRECTION ( 'NONE',  ( -1.000000000000000000, 0.000000000000000000, -0.000000000000000000 ) ) ;
#4920 = EDGE_CURVE ( 'NONE', #1, #138, #3517, .T. ) ;
#4921 = EDGE_CURVE ( 'NONE', #3809, #9796, #8198, .T. ) ;
#4922 = DIRECTION ( 'NONE',  ( -1.000000000000000000, 0.000000000000000000, 0.000000000000000000 ) ) ;
#4923 = LINE ( 'NONE', #6987, #13057 ) ;
#4924 = APPROVAL_PERSON_ORGANIZATION ( #10935, #9946, #4771 ) ;
#4925 = CARTESIAN_POINT ( 'NONE',  ( -37.50000000000000000, -10.00000000000000000, 28.00000000000000000 ) ) ;
#4926 = CARTESIAN_POINT ( 'NONE',  ( -7.343204658989564315, -0.000000000000000000, 13.44263793984841371 ) ) ;
#4927 = ORIENTED_EDGE ( 'NONE', *, *, #7434, .T. ) ;
#4928 = CARTESIAN_POINT ( 'NONE',  ( 10.00000000000000000, -10.00000000000000000, 28.00000000000000000 ) ) ;
#4929 = ORIENTED_EDGE ( 'NONE', *, *, #1470, .T. ) ;
#4930 = DIRECTION ( 'NONE',  ( 1.000000000000000000, 0.000000000000000000, 0.000000000000000000 ) ) ;
#4931 = CARTESIAN_POINT ( 'NONE',  ( -11.33007903152183538, 8.227199449369724249, 6.972143258695725265 ) ) ;
#4932 = DIRECTION ( 'NONE',  ( 0.000000000000000000, 0.000000000000000000, -1.000000000000000000 ) ) ;
#4933 = APPROVAL_PERSON_ORGANIZATION ( #10063, #8253, #5510 ) ;
#4934 = CARTESIAN_POINT ( 'NONE',  ( -10.36119079527555975, 64.95712604297240489, 0.000000000000000000 ) ) ;
#4935 = DIRECTION ( 'NONE',  ( 1.000000000000000000, 0.000000000000000000, 0.000000000000000000 ) ) ;
#4936 = DIRECTION ( 'NONE',  ( -1.000000000000000000, -0.000000000000000000, -0.000000000000000000 ) ) ;
#4937 = ORIENTED_EDGE ( 'NONE', *, *, #3135, .F. ) ;
#4938 = ORIENTED_EDGE ( 'NONE', *, *, #446, .T. ) ;
#4939 = PLANE ( 'NONE',  #4224 ) ;
#4940 = DATE_AND_TIME ( #884, #3476 ) ;
#4941 = VERTEX_POINT ( 'NONE', #343 ) ;
#4942 = CARTESIAN_POINT ( 'NONE',  ( 11.50000000000000000, -6.000000000000000000, 22.00000000000000000 ) ) ;
#4943 = ORIENTED_EDGE ( 'NONE', *, *, #12553, .F. ) ;
#4944 = CALENDAR_DATE ( 2026, 21, 9 ) ;
#4945 = DIRECTION ( 'NONE',  ( 1.000000000000000000, -0.000000000000000000, 0.000000000000000000 ) ) ;
#4946 = DIRECTION ( 'NONE',  ( 1.000000000000000000, 0.000000000000000000, 0.000000000000000000 ) ) ;
#4947 = DIRECTION ( 'NONE',  ( -0.000000000000000000, 1.000000000000000000, 0.000000000000000000 ) ) ;
#4948 = LINE ( 'NONE', #833, #8662 ) ;
#4949 = ORIENTED_EDGE ( 'NONE', *, *, #9005, .F. ) ;
#4950 = CARTESIAN_POINT ( 'NONE',  ( -0.5999999999999999778, 2.200000000000000178, 12.00000000000000000 ) ) ;
#4951 = EDGE_CURVE ( 'NONE', #76, #2888, #2211, .T. ) ;
#4952 = CARTESIAN_POINT ( 'NONE',  ( -21.00000000000000000, 81.00000000000000000, 0.000000000000000000 ) ) ;
#4953 = DATE_AND_TIME ( #3031, #886 ) ;
#4954 = DATE_AND_TIME ( #3958, #388 ) ;
#4955 = FACE_OUTER_BOUND ( 'NONE', #3168, .T. ) ;
#4956 = ORIENTED_EDGE ( 'NONE', *, *, #10200, .T. ) ;
#4957 = CARTESIAN_POINT ( 'NONE',  ( 0.000000000000000000, 0.000000000000000000, 68.00000000000000000 ) ) ;
#4958 = CC_DESIGN_DATE_AND_TIME_ASSIGNMENT ( #12645, #10646, ( #6890 ) ) ;
#4959 = CALENDAR_DATE ( 2026, 21, 9 ) ;
#4960 = FACE_BOUND ( 'NONE', #4745, .T. ) ;
#4961 = CARTESIAN_POINT ( 'NONE',  ( 10.72380529476361488, 9.000000000000204281, 11.70000000000065477 ) ) ;
#4962 = EDGE_CURVE ( 'NONE', #6196, #7880, #1345, .T. ) ;
#4963 = ORIENTED_EDGE ( 'NONE', *, *, #1309, .F. ) ;
#4964 = CARTESIAN_POINT ( 'NONE',  ( 29.63880920472734459, 55.95712604297132486, 0.000000000000000000 ) ) ;
#4965 = EDGE_CURVE ( 'NONE', #5557, #5071, #4272, .T. ) ;
#4966 = VECTOR ( 'NONE', #5754, 1000.000000000000000 ) ;
#4967 = ORIENTED_EDGE ( 'NONE', *, *, #10253, .F. ) ;
#4968 = CARTESIAN_POINT ( 'NONE',  ( 35.00000000000000000, 70.00000000000000000, 5.000000000000000000 ) ) ;
#4969 = ORIENTED_EDGE ( 'NONE', *, *, #4435, .F. ) ;
#4970 = CC_DESIGN_DATE_AND_TIME_ASSIGNMENT ( #730, #3538, ( #8383 ) ) ;
#4971 = CARTESIAN_POINT ( 'NONE',  ( -6.000000000000000000, -1.300000000000000044, -0.09997027095160138099 ) ) ;
#4972 = CC_DESIGN_PERSON_AND_ORGANIZATION_ASSIGNMENT ( #8132, #3147, ( #11002 ) ) ;
#4973 = DIRECTION ( 'NONE',  ( -0.000000000000000000, 1.000000000000000000, 0.000000000000000000 ) ) ;
#4974 = CARTESIAN_POINT ( 'NONE',  ( 21.69999999999999929, -14.00000000000000000, -6.000000000000000152E-06 ) ) ;
#4975 = CIRCLE ( 'NONE', #8761, 2.000000000000000000 ) ;
#4976 = DIRECTION ( 'NONE',  ( 0.000000000000000000, 1.000000000000000000, 0.000000000000000000 ) ) ;
#4977 = CARTESIAN_POINT ( 'NONE',  ( 35.00000000000000000, 0.000000000000000000, 4.000000000000000000 ) ) ;
#4978 = CARTESIAN_POINT ( 'NONE',  ( -18.30000000000000071, -14.00000000000000000, -1.200000000000000030E-05 ) ) ;
#4979 = CARTESIAN_POINT ( 'NONE',  ( -12.00000000000000000, 7.000000000000000000, 3.299999999999999822 ) ) ;
#4980 = EDGE_CURVE ( 'NONE', #699, #9457, #11786, .T. ) ;
#4981 = CARTESIAN_POINT ( 'NONE',  ( -9.000000000000000000, 57.00000000000000000, -1.200000000000000030E-05 ) ) ;
#4982 = ADVANCED_FACE ( 'NONE', ( #11383 ), #2356, .F. ) ;
#4983 = CIRCLE ( 'NONE', #12357, 1.700000000000000178 ) ;
#4984 = ORIENTED_EDGE ( 'NONE', *, *, #9374, .T. ) ;
#4985 = PERSON_AND_ORGANIZATION ( #2675, #9931 ) ;
#4986 = LINE ( 'NONE', #4928, #6674 ) ;
#4987 = VECTOR ( 'NONE', #4399, 1000.000000000000000 ) ;
#4988 = ORIENTED_EDGE ( 'NONE', *, *, #3327, .T. ) ;
#4989 =( LENGTH_UNIT ( ) NAMED_UNIT ( * ) SI_UNIT ( .MILLI., .METRE. ) );
#4990 = EDGE_CURVE ( 'NONE', #7368, #2877, #8402, .T. ) ;
#4991 = CARTESIAN_POINT ( 'NONE',  ( -11.77713143436211318, 7.570080073119065389, 7.573250404111560030 ) ) ;
#4992 = DIRECTION ( 'NONE',  ( -0.000000000000000000, -0.000000000000000000, 1.000000000000000000 ) ) ;
#4993 = CARTESIAN_POINT ( 'NONE',  ( -7.300000000000000711, 65.77438419509088874, -0.000000000000000000 ) ) ;
#4994 = DIRECTION ( 'NONE',  ( 1.000000000000000000, 0.000000000000000000, 0.000000000000000000 ) ) ;
#4995 = CIRCLE ( 'NONE', #12367, 1.100000000000000311 ) ;
#4996 = LINE ( 'NONE', #11108, #7153 ) ;
#4997 = CARTESIAN_POINT ( 'NONE',  ( 10.50000000000000000, -1.300000000000000044, 16.00000000000000000 ) ) ;
#4998 = ORIENTED_EDGE ( 'NONE', *, *, #4730, .F. ) ;
#4999 = EDGE_LOOP ( 'NONE', ( #1446, #12949, #12840, #1107 ) ) ;
#5000 = CARTESIAN_POINT ( 'NONE',  ( 29.95712604296798887, 0.000000000000000000, 2.638809204731805469 ) ) ;
#5001 = SHAPE_DEFINITION_REPRESENTATION ( #327, #7780 ) ;
#5002 = ORIENTED_EDGE ( 'NONE', *, *, #1387, .F. ) ;
#5003 = ORIENTED_EDGE ( 'NONE', *, *, #10371, .F. ) ;
#5004 = VECTOR ( 'NONE', #11993, 1000.000000000000000 ) ;
#5005 = AXIS2_PLACEMENT_3D ( 'NONE', #8305, #10366, #8373 ) ;
#5006 = DIRECTION ( 'NONE',  ( -0.000000000000000000, -0.000000000000000000, -1.000000000000000000 ) ) ;
#5007 = CARTESIAN_POINT ( 'NONE',  ( 0.000000000000000000, 0.000000000000000000, 5.000000000000000000 ) ) ;
#5008 = VECTOR ( 'NONE', #6417, 1000.000000000000000 ) ;
#5009 = CARTESIAN_POINT ( 'NONE',  ( 4.300069511235978581, -8.774916005114528517, -0.000000000000000000 ) ) ;
#5010 = CARTESIAN_POINT ( 'NONE',  ( 0.000000000000000000, 11.00000000000000000, 0.000000000000000000 ) ) ;
#5011 = VECTOR ( 'NONE', #5852, 1000.000000000000000 ) ;
#5012 = ORIENTED_EDGE ( 'NONE', *, *, #4178, .T. ) ;
#5013 = LINE ( 'NONE', #6036, #434 ) ;
#5014 = DIRECTION ( 'NONE',  ( 1.000000000000000000, -0.000000000000000000, -0.000000000000000000 ) ) ;
#5015 = COORDINATED_UNIVERSAL_TIME_OFFSET ( 5, 0, .BEHIND. ) ;
#5016 = ORIENTED_EDGE ( 'NONE', *, *, #4777, .F. ) ;
#5017 = DIRECTION ( 'NONE',  ( 1.000000000000000000, 0.000000000000000000, 0.000000000000000000 ) ) ;
#5018 = ORIENTED_EDGE ( 'NONE', *, *, #7624, .F. ) ;
#5019 = CARTESIAN_POINT ( 'NONE',  ( 31.00000000000000000, 8.000000000000000000, 13.00000000000000000 ) ) ;
#5020 = CIRCLE ( 'NONE', #10062, 1.700000000000000178 ) ;
#5021 = AXIS2_PLACEMENT_3D ( 'NONE', #5996, #976, #5940 ) ;
#5022 = EDGE_CURVE ( 'NONE', #6509, #9205, #2427, .T. ) ;
#5023 = CARTESIAN_POINT ( 'NONE',  ( 24.30000000000000071, -45.00000000000000000, 5.000000000000000000 ) ) ;
#5024 = SECURITY_CLASSIFICATION ( '', '', #12105 ) ;
#5025 = LINE ( 'NONE', #2112, #1403 ) ;
#5026 = DIRECTION ( 'NONE',  ( 1.000000000000000000, 0.000000000000000000, 0.000000000000000000 ) ) ;
#5027 = VERTEX_POINT ( 'NONE', #6741 ) ;
#5028 = LINE ( 'NONE', #12286, #8986 ) ;
#5029 = VERTEX_POINT ( 'NONE', #11714 ) ;
#5030 = CONTEXT_DEPENDENT_SHAPE_REPRESENTATION ( #10358, #10239 ) ;
#5031 = DIRECTION ( 'NONE',  ( -0.000000000000000000, -0.000000000000000000, -1.000000000000000000 ) ) ;
#5032 = VERTEX_POINT ( 'NONE', #1547 ) ;
#5033 = DIRECTION ( 'NONE',  ( 1.000000000000000000, -0.000000000000000000, 0.000000000000000000 ) ) ;
#5034 = AXIS2_PLACEMENT_3D ( 'NONE', #779, #9715, #5864 ) ;
#5035 = ORGANIZATION ( 'NAUO-ORG9', 'UNSPECIFIED', 'UNSPECIFIED' ) ;
#5036 = VECTOR ( 'NONE', #915, 1000.000000000000000 ) ;
#5037 = VERTEX_POINT ( 'NONE', #10723 ) ;
#5038 = CARTESIAN_POINT ( 'NONE',  ( -19.55741526174906397, 12.34333309900511466, 0.000000000000000000 ) ) ;
#5039 = CARTESIAN_POINT ( 'NONE',  ( 21.48432534211531220, -14.85865392012669872, 0.000000000000000000 ) ) ;
#5040 = ADVANCED_FACE ( 'NONE', ( #4471 ), #12651, .F. ) ;
#5041 = DIRECTION ( 'NONE',  ( -1.000000000000000000, 0.000000000000000000, 0.000000000000000000 ) ) ;
#5042 = DIRECTION ( 'NONE',  ( 0.000000000000000000, -0.000000000000000000, -1.000000000000000000 ) ) ;
#5043 = LINE ( 'NONE', #9392, #3806 ) ;
#5044 = CC_DESIGN_PERSON_AND_ORGANIZATION_ASSIGNMENT ( #6385, #2177, ( #164 ) ) ;
#5045 = CC_DESIGN_APPROVAL ( #8903, ( #3593 ) ) ;
#5046 = APPROVAL ( #12506, 'ๆช' ) ;
#5047 = CARTESIAN_POINT ( 'NONE',  ( -21.65679534101080961, 14.44263793984841548, -0.000000000000000000 ) ) ;
#5048 = VERTEX_POINT ( 'NONE', #10784 ) ;
#5049 = VERTEX_POINT ( 'NONE', #10651 ) ;
#5050 = APPLICATION_PROTOCOL_DEFINITION ( 'international standard', 'config_control_design', 1994, #7408 ) ;
#5051 = ORIENTED_EDGE ( 'NONE', *, *, #5108, .F. ) ;
#5052 = CARTESIAN_POINT ( 'NONE',  ( 213.0000000000000000, 30.00000000000000000, -102.5000000000000000 ) ) ;
#5053 = CARTESIAN_POINT ( 'NONE',  ( 18.30000000000000071, 14.00000000000000000, -6.000000000000000152E-06 ) ) ;
#5054 = DIRECTION ( 'NONE',  ( 1.000000000000000000, -0.000000000000000000, -0.000000000000000000 ) ) ;
#5055 = EDGE_CURVE ( 'NONE', #12123, #2215, #7614, .T. ) ;
#5056 = EDGE_CURVE ( 'NONE', #6549, #7462, #10519, .T. ) ;
#5057 = CARTESIAN_POINT ( 'NONE',  ( -10.48452350954464762, 65.14146106820928139, -0.000000000000000000 ) ) ;
#5058 = CARTESIAN_POINT ( 'NONE',  ( -8.557362060151589844, -0.000000000000000000, 2.343204658989193501 ) ) ;
#5059 = AXIS2_PLACEMENT_3D ( 'NONE', #3835, #7772, #12691 ) ;
#5060 = EDGE_CURVE ( 'NONE', #1297, #5263, #5640, .T. ) ;
#5061 = CARTESIAN_POINT ( 'NONE',  ( 31.60000000000000142, 72.50000000000000000, -1.200000000000000030E-05 ) ) ;
#5062 = DIRECTION ( 'NONE',  ( -0.000000000000000000, -0.000000000000000000, 1.000000000000000000 ) ) ;
#5063 = ORIENTED_EDGE ( 'NONE', *, *, #10793, .F. ) ;
#5064 = ORIENTED_EDGE ( 'NONE', *, *, #13033, .T. ) ;
#5065 = CARTESIAN_POINT ( 'NONE',  ( 35.60000000000000142, 77.50000000000000000, 0.000000000000000000 ) ) ;
#5066 =( REPRESENTATION_RELATIONSHIP ('NONE','NONE', #874, #5445 ) REPRESENTATION_RELATIONSHIP_WITH_TRANSFORMATION ( #2530 )SHAPE_REPRESENTATION_RELATIONSHIP( ) );
#5067 = PERSON_AND_ORGANIZATION ( #2675, #9931 ) ;
#5068 = ORIENTED_EDGE ( 'NONE', *, *, #186, .F. ) ;
#5069 = AXIS2_PLACEMENT_3D ( 'NONE', #2781, #8892, #6955 ) ;
#5070 = AXIS2_PLACEMENT_3D ( 'NONE', #12852, #12675, #2769 ) ;
#5071 = VERTEX_POINT ( 'NONE', #541 ) ;
#5072 = LINE ( 'NONE', #8280, #2240 ) ;
#5073 = DIRECTION ( 'NONE',  ( -0.000000000000000000, -0.000000000000000000, 1.000000000000000000 ) ) ;
#5074 = CIRCLE ( 'NONE', #11810, 3.000000000000000000 ) ;
#5075 = CARTESIAN_POINT ( 'NONE',  ( 4.343204658989381350, -8.557362060151586292, -0.000000000000000000 ) ) ;
#5076 = CYLINDRICAL_SURFACE ( 'NONE', #10973, 1.700000000000000178 ) ;
#5077 = EDGE_CURVE ( 'NONE', #6802, #951, #1294, .T. ) ;
#5078 = AXIS2_PLACEMENT_3D ( 'NONE', #394, #10574, #6410 ) ;
#5079 = AXIS2_PLACEMENT_3D ( 'NONE', #11673, #9869, #10609 ) ;
#5080 = VERTEX_POINT ( 'NONE', #8599 ) ;
#5081 = FACE_BOUND ( 'NONE', #4388, .T. ) ;
#5082 = DATE_AND_TIME ( #8147, #1096 ) ;
#5083 = AXIS2_PLACEMENT_3D ( 'NONE', #10489, #377, #10422 ) ;
#5084 = DIRECTION ( 'NONE',  ( 0.000000000000000000, 0.000000000000000000, 1.000000000000000000 ) ) ;
#5085 = DIRECTION ( 'NONE',  ( 0.000000000000000000, 0.000000000000000000, 1.000000000000000000 ) ) ;
#5086 = CIRCLE ( 'NONE', #6941, 19.00000000000000000 ) ;
#5087 = AXIS2_PLACEMENT_3D ( 'NONE', #5161, #3402, #10306 ) ;
#5088 = LINE ( 'NONE', #8090, #13060 ) ;
#5089 = DIRECTION ( 'NONE',  ( 0.000000000000000000, -1.000000000000000000, 0.000000000000000000 ) ) ;
#5090 = CARTESIAN_POINT ( 'NONE',  ( 9.290647558218967816, 10.47331327697886749, 9.143416653029152741 ) ) ;
#5091 =( GEOMETRIC_REPRESENTATION_CONTEXT ( 3 ) GLOBAL_UNCERTAINTY_ASSIGNED_CONTEXT ( ( #12172 ) ) GLOBAL_UNIT_ASSIGNED_CONTEXT ( ( #2468, #1463, #2537 ) ) REPRESENTATION_CONTEXT ( 'NONE', 'WORKASPACE' ) );
#5092 = EDGE_LOOP ( 'NONE', ( #5185, #8407, #1630, #1305 ) ) ;
#5093 = LINE ( 'NONE', #9106, #5825 ) ;
#5094 = EDGE_CURVE ( 'NONE', #8434, #10844, #845, .T. ) ;
#5095 = SECURITY_CLASSIFICATION_LEVEL ( 'unclassified' ) ;
#5096 = CARTESIAN_POINT ( 'NONE',  ( 2.348801894056212092, 1.124607701293192985, 0.000000000000000000 ) ) ;
#5097 = EDGE_LOOP ( 'NONE', ( #6368, #11792 ) ) ;
#5098 = CARTESIAN_POINT ( 'NONE',  ( 21.00000000000000000, -12.00000000000000000, 3.000000000000000000 ) ) ;
#5099 = EDGE_LOOP ( 'NONE', ( #12302, #6104, #2362, #8724 ) ) ;
#5100 = CALENDAR_DATE ( 2026, 21, 9 ) ;
#5101 = AXIS2_PLACEMENT_3D ( 'NONE', #6197, #9398, #8325 ) ;
#5102 = DIRECTION ( 'NONE',  ( -0.000000000000000000, -0.000000000000000000, 1.000000000000000000 ) ) ;
#5103 = PLANE ( 'NONE',  #7744 ) ;
#5104 = CARTESIAN_POINT ( 'NONE',  ( 0.000000000000000000, 0.000000000000000000, 4.000000000000000000 ) ) ;
#5105 = AXIS2_PLACEMENT_3D ( 'NONE', #6885, #11869, #2087 ) ;
#5106 = LOCAL_TIME ( 12, 23, 50.00000000000000000, #12568 ) ;
#5107 = ORIENTED_EDGE ( 'NONE', *, *, #2951, .T. ) ;
#5108 = EDGE_CURVE ( 'NONE', #3791, #5027, #6602, .T. ) ;
#5109 = ORIENTED_EDGE ( 'NONE', *, *, #6915, .T. ) ;
#5110 = CARTESIAN_POINT ( 'NONE',  ( -10.88523795150425677, 8.807647513432989683, 6.800000000000000711 ) ) ;
#5111 = DIRECTION ( 'NONE',  ( 0.000000000000000000, 0.000000000000000000, 1.000000000000000000 ) ) ;
#5112 = PRODUCT_DEFINITION ( 'ๆ', '', #2616, #1615 ) ;
#5113 = DATE_TIME_ROLE ( 'creation_date' ) ;
#5114 = CARTESIAN_POINT ( 'NONE',  ( -34.00000000000000000, -5.000000000000000000, 28.00000000000000000 ) ) ;
#5115 = LOCAL_TIME ( 12, 23, 50.00000000000000000, #11746 ) ;
#5116 = CARTESIAN_POINT ( 'NONE',  ( -7.343204658989564315, -0.000000000000000000, 4.442637939848412820 ) ) ;
#5117 = DIRECTION ( 'NONE',  ( 0.000000000000000000, 0.000000000000000000, 1.000000000000000000 ) ) ;
#5118 = DIRECTION ( 'NONE',  ( 0.000000000000000000, 0.000000000000000000, 1.000000000000000000 ) ) ;
#5119 = ORIENTED_EDGE ( 'NONE', *, *, #2190, .F. ) ;
#5120 = ORIENTED_EDGE ( 'NONE', *, *, #3039, .F. ) ;
#5121 = ADVANCED_FACE ( 'NONE', ( #3678 ), #11519, .F. ) ;
#5122 = LINE ( 'NONE', #11986, #626 ) ;
#5123 = COORDINATED_UNIVERSAL_TIME_OFFSET ( 5, 0, .BEHIND. ) ;
#5124 = EDGE_CURVE ( 'NONE', #6112, #8477, #3547, .T. ) ;
#5125 = VERTEX_POINT ( 'NONE', #1681 ) ;
#5126 = SECURITY_CLASSIFICATION ( '', '', #10384 ) ;
#5127 = ORIENTED_EDGE ( 'NONE', *, *, #9003, .T. ) ;
#5128 = FACE_OUTER_BOUND ( 'NONE', #6463, .T. ) ;
#5129 = CC_DESIGN_PERSON_AND_ORGANIZATION_ASSIGNMENT ( #12416, #12342, ( #1740 ) ) ;
#5130 = CARTESIAN_POINT ( 'NONE',  ( 12.00000000000000000, -7.000000000000000000, 15.00000000000000000 ) ) ;
#5131 = ADVANCED_FACE ( 'NONE', ( #9736 ), #8532, .F. ) ;
#5132 = LINE ( 'NONE', #5906, #6673 ) ;
#5133 = DIRECTION ( 'NONE',  ( 1.000000000000000000, 0.000000000000000000, 0.000000000000000000 ) ) ;
#5134 = LOCAL_TIME ( 12, 23, 50.00000000000000000, #7939 ) ;
#5135 = APPLICATION_CONTEXT ( 'configuration controlled 3d designs of mechanical parts and assemblies' ) ;
#5136 = ORIENTED_EDGE ( 'NONE', *, *, #11724, .T. ) ;
#5137 = LINE ( 'NONE', #8143, #1490 ) ;
#5138 = ORIENTED_EDGE ( 'NONE', *, *, #6864, .F. ) ;
#5139 = DIRECTION ( 'NONE',  ( 1.000000000000000000, 0.000000000000000000, 0.000000000000000000 ) ) ;
#5140 = PERSON_AND_ORGANIZATION_ROLE ( 'classification_officer' ) ;
#5141 = EDGE_CURVE ( 'NONE', #317, #3695, #5426, .T. ) ;
#5142 = ORIENTED_EDGE ( 'NONE', *, *, #4258, .F. ) ;
#5143 = CARTESIAN_POINT ( 'NONE',  ( -19.00000000000000000, 9.000000000000000000, 10.00000000000000000 ) ) ;
#5144 = EDGE_LOOP ( 'NONE', ( #7523, #8918, #9699, #11812 ) ) ;
#5145 = CARTESIAN_POINT ( 'NONE',  ( -27.69999999999999929, 45.00000000000000000, -1.200000000000000030E-05 ) ) ;
#5146 = EDGE_CURVE ( 'NONE', #7166, #6165, #2751, .T. ) ;
#5147 = DIRECTION ( 'NONE',  ( 1.000000000000000000, 0.000000000000000000, 0.000000000000000000 ) ) ;
#5148 = FACE_OUTER_BOUND ( 'NONE', #6025, .T. ) ;
#5149 = CARTESIAN_POINT ( 'NONE',  ( -10.49999999999999822, 59.50000000000000000, 4.799999999999998934 ) ) ;
#5150 = VERTEX_POINT ( 'NONE', #10514 ) ;
#5151 = VECTOR ( 'NONE', #2355, 1000.000000000000000 ) ;
#5152 = DIRECTION ( 'NONE',  ( -0.000000000000000000, -0.000000000000000000, -1.000000000000000000 ) ) ;
#5153 = DATE_TIME_ROLE ( 'classification_date' ) ;
#5154 = CARTESIAN_POINT ( 'NONE',  ( -32.00000000000000000, -5.000000000000000000, -1.200000000000000030E-05 ) ) ;
#5155 = VERTEX_POINT ( 'NONE', #477 ) ;
#5156 = DIRECTION ( 'NONE',  ( 0.000000000000000000, 0.000000000000000000, -1.000000000000000000 ) ) ;
#5157 = ORIENTED_EDGE ( 'NONE', *, *, #5321, .F. ) ;
#5158 = CARTESIAN_POINT ( 'NONE',  ( -12.00000000000000000, 12.00000000000000000, 20.00000000000000000 ) ) ;
#5159 = DIRECTION ( 'NONE',  ( 0.000000000000000000, 0.000000000000000000, 1.000000000000000000 ) ) ;
#5160 = ADVANCED_BREP_SHAPE_REPRESENTATION ( '', ( #7412, #6542 ), #3191 ) ;
#5161 = CARTESIAN_POINT ( 'NONE',  ( 31.00000000000000000, 59.50000000000000000, 4.000000000000000000 ) ) ;
#5162 = DIRECTION ( 'NONE',  ( 0.000000000000000000, 0.000000000000000000, -1.000000000000000000 ) ) ;
#5163 = CARTESIAN_POINT ( 'NONE',  ( 3.000000000000000000, 27.50000000000000000, 3.000000000000000000 ) ) ;
#5164 = CARTESIAN_POINT ( 'NONE',  ( -6.225083994886818850, -10.69993048876420616, 0.000000000000000000 ) ) ;
#5165 = CARTESIAN_POINT ( 'NONE',  ( -19.55736206015084022, 15.65679534101080073, -0.000000000000000000 ) ) ;
#5166 = ORIENTED_EDGE ( 'NONE', *, *, #5718, .T. ) ;
#5167 = EDGE_LOOP ( 'NONE', ( #141, #2850, #4027, #1818 ) ) ;
#5168 = CARTESIAN_POINT ( 'NONE',  ( -30.50000000000000000, 10.00000000000000000, 35.00000000000000000 ) ) ;
#5169 = DIRECTION ( 'NONE',  ( 0.000000000000000000, -0.000000000000000000, 1.000000000000000000 ) ) ;
#5170 = LINE ( 'NONE', #3994, #544 ) ;
#5171 = DIRECTION ( 'NONE',  ( -0.000000000000000000, -1.000000000000000000, -0.000000000000000000 ) ) ;
#5172 = ADVANCED_FACE ( 'NONE', ( #10391 ), #12307, .F. ) ;
#5173 = CARTESIAN_POINT ( 'NONE',  ( 20.00000000000000000, -12.00000000000000000, 2.000000000000000000 ) ) ;
#5174 = DIRECTION ( 'NONE',  ( 0.000000000000000000, -1.000000000000000000, 0.000000000000000000 ) ) ;
#5175 = CARTESIAN_POINT ( 'NONE',  ( 40.00000000000000000, 40.00000000000000000, 0.000000000000000000 ) ) ;
#5176 = AXIS2_PLACEMENT_3D ( 'NONE', #8120, #9124, #6142 ) ;
#5177 = VERTEX_POINT ( 'NONE', #6122 ) ;
#5178 = PRODUCT_DEFINITION_SHAPE ( 'NONE', 'NONE',  #13074 ) ;
#5179 = ORIENTED_EDGE ( 'NONE', *, *, #12407, .T. ) ;
#5180 = CALENDAR_DATE ( 2026, 21, 9 ) ;
#5181 = CARTESIAN_POINT ( 'NONE',  ( -10.01759284330493927, 9.783426788352441505, 10.02219807014628827 ) ) ;
#5182 = COORDINATED_UNIVERSAL_TIME_OFFSET ( 5, 0, .BEHIND. ) ;
#5183 = ORIENTED_EDGE ( 'NONE', *, *, #6253, .F. ) ;
#5184 = LINE ( 'NONE', #3073, #5004 ) ;
#5185 = ORIENTED_EDGE ( 'NONE', *, *, #10839, .F. ) ;
#5186 = CARTESIAN_POINT ( 'NONE',  ( -0.5999999999999998668, 9.000000000000000000, 8.500000000000000000 ) ) ;
#5187 = EDGE_CURVE ( 'NONE', #9577, #8017, #6002, .T. ) ;
#5188 = AXIS2_PLACEMENT_3D ( 'NONE', #421, #2289, #4480 ) ;
#5189 = FACE_BOUND ( 'NONE', #10261, .T. ) ;
#5190 = ADVANCED_FACE ( 'NONE', ( #5128, #3076 ), #7010, .T. ) ;
#5191 = DIRECTION ( 'NONE',  ( -0.000000000000000000, -0.000000000000000000, -1.000000000000000000 ) ) ;
#5192 = CARTESIAN_POINT ( 'NONE',  ( 0.000000000000000000, 0.000000000000000000, 18.00000000000000355 ) ) ;
#5193 = ORIENTED_EDGE ( 'NONE', *, *, #7277, .T. ) ;
#5194 = CC_DESIGN_PERSON_AND_ORGANIZATION_ASSIGNMENT ( #462, #11694, ( #593 ) ) ;
#5195 = ORIENTED_EDGE ( 'NONE', *, *, #8670, .T. ) ;
#5196 = PRODUCT_RELATED_PRODUCT_CATEGORY ( 'detail', '', ( #4775 ) ) ;
#5197 = CARTESIAN_POINT ( 'NONE',  ( 32.65679534101004577, -0.000000000000000000, 13.44263793984663025 ) ) ;
#5198 = DIRECTION ( 'NONE',  ( 0.000000000000000000, 0.000000000000000000, 1.000000000000000000 ) ) ;
#5199 = APPROVAL_STATUS ( 'not_yet_approved' ) ;
#5200 = CIRCLE ( 'NONE', #7518, 5.799999999999999822 ) ;
#5201 = ORIENTED_EDGE ( 'NONE', *, *, #10919, .F. ) ;
#5202 = APPROVAL_DATE_TIME ( #5920, #4416 ) ;
#5203 = DIRECTION ( 'NONE',  ( 0.000000000000000000, 0.000000000000000000, -1.000000000000000000 ) ) ;
#5204 = ORIENTED_EDGE ( 'NONE', *, *, #7648, .F. ) ;
#5205 = DIRECTION ( 'NONE',  ( 1.000000000000000000, 0.000000000000000000, 0.000000000000000000 ) ) ;
#5206 = PERSON_AND_ORGANIZATION ( #2675, #9931 ) ;
#5207 = DIRECTION ( 'NONE',  ( 1.000000000000000000, 0.000000000000000000, 0.000000000000000000 ) ) ;
#5208 = COORDINATED_UNIVERSAL_TIME_OFFSET ( 5, 0, .BEHIND. ) ;
#5209 = EDGE_CURVE ( 'NONE', #2619, #12120, #2163, .T. ) ;
#5210 = CARTESIAN_POINT ( 'NONE',  ( -37.50000000000000000, 10.00000000000000000, 28.00000000000000000 ) ) ;
#5211 = AXIS2_PLACEMENT_3D ( 'NONE', #8071, #7943, #77 ) ;
#5213 = EDGE_CURVE ( 'NONE', #12066, #4546, #3721, .T. ) ;
#5212 = CARTESIAN_POINT ( 'NONE',  ( -11.59999999999999964, 0.000000000000000000, -0.000000000000000000 ) ) ;
#5214 = CARTESIAN_POINT ( 'NONE',  ( 30.14146106820961535, 58.48452350954386247, -0.000000000000000000 ) ) ;
#5215 = EDGE_CURVE ( 'NONE', #10059, #12567, #79, .T. ) ;
#5216 = VECTOR ( 'NONE', #2313, 1000.000000000000000 ) ;
#5217 = DIRECTION ( 'NONE',  ( -0.000000000000000000, -0.000000000000000000, 1.000000000000000000 ) ) ;
#5218 = ORIENTED_EDGE ( 'NONE', *, *, #1165, .T. ) ;
#5219 = CARTESIAN_POINT ( 'NONE',  ( 31.85853893179089980, 55.51547649045665622, -0.000000000000000000 ) ) ;
#5220 = VERTEX_POINT ( 'NONE', #6159 ) ;
#5221 = CALENDAR_DATE ( 2026, 21, 9 ) ;
#5222 = CARTESIAN_POINT ( 'NONE',  ( 0.8803804287024865616, 2.463630117896262739, -0.000000000000000000 ) ) ;
#5223 = VECTOR ( 'NONE', #4889, 1000.000000000000000 ) ;
#5224 = ORIENTED_EDGE ( 'NONE', *, *, #7084, .T. ) ;
#5225 = CARTESIAN_POINT ( 'NONE',  ( 29.95712604296773307, 67.36119079526977771, 0.000000000000000000 ) ) ;
#5226 = ORIENTED_EDGE ( 'NONE', *, *, #6121, .T. ) ;
#5227 = DIRECTION ( 'NONE',  ( 0.000000000000000000, 1.000000000000000000, 0.000000000000000000 ) ) ;
#5228 = CYLINDRICAL_SURFACE ( 'NONE', #1048, 5.500000000000000000 ) ;
#5229 = CARTESIAN_POINT ( 'NONE',  ( 10.72380529476361133, 9.000000000000000000, 8.300000000000000711 ) ) ;
#5230 = LINE ( 'NONE', #12224, #2717 ) ;
#5231 = DIRECTION ( 'NONE',  ( 1.000000000000000000, 0.000000000000000000, 0.000000000000000000 ) ) ;
#5232 = MECHANICAL_CONTEXT ( 'NONE', #1765, 'mechanical' ) ;
#5233 = CARTESIAN_POINT ( 'NONE',  ( -27.69999999999999929, -45.00000000000000000, -1.200000000000000030E-05 ) ) ;
#5234 = SECURITY_CLASSIFICATION ( '', '', #3044 ) ;
#5235 = SECURITY_CLASSIFICATION ( '', '', #11256 ) ;
#5236 = EDGE_LOOP ( 'NONE', ( #536, #4658 ) ) ;
#5237 = VECTOR ( 'NONE', #12782, 1000.000000000000000 ) ;
#5238 = VERTEX_POINT ( 'NONE', #4140 ) ;
#5239 = ORIENTED_EDGE ( 'NONE', *, *, #8027, .F. ) ;
#5240 = CARTESIAN_POINT ( 'NONE',  ( 35.00000000000000000, 39.99999999999999289, 25.99999999999999645 ) ) ;
#5241 = CYLINDRICAL_SURFACE ( 'NONE', #134, 1.700000000000000178 ) ;
#5242 = LINE ( 'NONE', #12309, #1704 ) ;
#5243 = CARTESIAN_POINT ( 'NONE',  ( 0.5999999999999999778, 18.99052395275075256, 4.000000000000000000 ) ) ;
#5244 = CARTESIAN_POINT ( 'NONE',  ( 1.634374254348486266, 2.027707120433111410, -0.000000000000000000 ) ) ;
#5245 = CC_DESIGN_SECURITY_CLASSIFICATION ( #6057, ( #13072 ) ) ;
#5246 = CARTESIAN_POINT ( 'NONE',  ( 8.099999999999999645, 70.00000000000000000, 5.200000000000000178 ) ) ;
#5247 = DATE_TIME_ROLE ( 'classification_date' ) ;
#5248 = DIRECTION ( 'NONE',  ( 0.000000000000000000, 0.000000000000000000, -1.000000000000000000 ) ) ;
#5249 = DIRECTION ( 'NONE',  ( -1.000000000000000000, -0.000000000000000000, -0.000000000000000000 ) ) ;
#5251 = EDGE_LOOP ( 'NONE', ( #7353, #7196, #10695, #2384 ) ) ;
#5250 = APPROVAL_ROLE ( '' ) ;
#5252 = ORIENTED_EDGE ( 'NONE', *, *, #11129, .F. ) ;
#5253 = PERSON_AND_ORGANIZATION_ROLE ( 'design_supplier' ) ;
#5254 = EDGE_LOOP ( 'NONE', ( #790, #7669 ) ) ;
#5255 = ORIENTED_EDGE ( 'NONE', *, *, #10742, .T. ) ;
#5256 = EDGE_CURVE ( 'NONE', #2644, #10790, #1959, .T. ) ;
#5257 = ORIENTED_EDGE ( 'NONE', *, *, #7449, .T. ) ;
#5258 = DIRECTION ( 'NONE',  ( 0.000000000000000000, 0.000000000000000000, 1.000000000000000000 ) ) ;
#5259 = CIRCLE ( 'NONE', #12655, 14.00000000000000000 ) ;
#5260 = CARTESIAN_POINT ( 'NONE',  ( 11.94632831415376728, 7.299673962712884823, 10.11996912003220572 ) ) ;
#5261 = DIRECTION ( 'NONE',  ( 0.000000000000000000, 0.000000000000000000, 1.000000000000000000 ) ) ;
#5262 = CARTESIAN_POINT ( 'NONE',  ( -14.00000000000000000, 0.000000000000000000, 2.000000000000000000 ) ) ;
#5263 = VERTEX_POINT ( 'NONE', #8137 ) ;
#5264 = EDGE_LOOP ( 'NONE', ( #11188, #1070, #1458, #8591 ) ) ;
#5265 = CARTESIAN_POINT ( 'NONE',  ( 32.04287395702734642, 0.000000000000000000, 14.36119079527582443 ) ) ;
#5266 = AXIS2_PLACEMENT_3D ( 'NONE', #770, #10005, #4019 ) ;
#5267 = CYLINDRICAL_SURFACE ( 'NONE', #9262, 1.700000000000000178 ) ;
#5268 = AXIS2_PLACEMENT_3D ( 'NONE', #12916, #9134, #6873 ) ;
#5269 = APPROVAL_ROLE ( '' ) ;
#5270 = EDGE_LOOP ( 'NONE', ( #2710, #3387 ) ) ;
#5271 = COORDINATED_UNIVERSAL_TIME_OFFSET ( 5, 0, .BEHIND. ) ;
#5272 = EDGE_CURVE ( 'NONE', #11859, #12045, #12262, .T. ) ;
#5273 = DIRECTION ( 'NONE',  ( -0.000000000000000000, -0.000000000000000000, -1.000000000000000000 ) ) ;
#5274 = ORIENTED_EDGE ( 'NONE', *, *, #1862, .F. ) ;
#5275 = AXIS2_PLACEMENT_3D ( 'NONE', #5767, #9848, #9050 ) ;
#5276 = FACE_OUTER_BOUND ( 'NONE', #10467, .T. ) ;
#5277 = PERSON_AND_ORGANIZATION_ROLE ( 'classification_officer' ) ;
#5278 = CARTESIAN_POINT ( 'NONE',  ( 124.4425847382483568, -1.656666900995989788, 0.000000000000000000 ) ) ;
#5279 = CC_DESIGN_PERSON_AND_ORGANIZATION_ASSIGNMENT ( #6170, #10215, ( #10352 ) ) ;
#5280 = AXIS2_PLACEMENT_3D ( 'NONE', #2185, #5931, #12134 ) ;
#5281 = CARTESIAN_POINT ( 'NONE',  ( 2.500000000000000000, 3.061616997868383141E-16, 5.000000000000000000 ) ) ;
#5282 = VECTOR ( 'NONE', #10296, 1000.000000000000000 ) ;
#5283 = LINE ( 'NONE', #11144, #429 ) ;
#5284 = CARTESIAN_POINT ( 'NONE',  ( 2.500000000000000000, 3.061616997868383141E-16, 68.00000000000000000 ) ) ;
#5285 = VECTOR ( 'NONE', #9161, 1000.000000000000000 ) ;
#5286 = CYLINDRICAL_SURFACE ( 'NONE', #12676, 1.700000000000000178 ) ;
#5287 = EDGE_LOOP ( 'NONE', ( #11322, #12015, #12171, #9316 ) ) ;
#5288 = DIRECTION ( 'NONE',  ( -0.000000000000000000, 0.000000000000000000, 1.000000000000000000 ) ) ;
#5289 = ORIENTED_EDGE ( 'NONE', *, *, #1879, .T. ) ;
#5290 = COORDINATED_UNIVERSAL_TIME_OFFSET ( 5, 0, .BEHIND. ) ;
#5291 = EDGE_CURVE ( 'NONE', #6428, #8535, #10992, .T. ) ;
#5292 = CARTESIAN_POINT ( 'NONE',  ( 2.500000000000000000, 3.061616997868383141E-16, 5.000000000000000000 ) ) ;
#5293 = CIRCLE ( 'NONE', #855, 2.600000000000000089 ) ;
#5294 = ORIENTED_EDGE ( 'NONE', *, *, #7407, .F. ) ;
#5295 = ADVANCED_FACE ( 'NONE', ( #2021 ), #12109, .F. ) ;
#5296 = CARTESIAN_POINT ( 'NONE',  ( 0.000000000000000000, 0.000000000000000000, 83.00000000000000000 ) ) ;
#5297 = VERTEX_POINT ( 'NONE', #2086 ) ;
#5298 = DIRECTION ( 'NONE',  ( 1.000000000000000000, 0.000000000000000000, 0.000000000000000000 ) ) ;
#5299 = VECTOR ( 'NONE', #6529, 1000.000000000000000 ) ;
#5300 = EDGE_CURVE ( 'NONE', #7082, #8746, #7902, .T. ) ;
#5301 = EDGE_CURVE ( 'NONE', #6620, #715, #5072, .T. ) ;
#5302 = DIRECTION ( 'NONE',  ( 1.000000000000000000, 0.000000000000000000, 0.000000000000000000 ) ) ;
#5303 = PRODUCT_DEFINITION_SHAPE ( 'NONE', 'NONE',  #13082 ) ;
#5304 = CARTESIAN_POINT ( 'NONE',  ( 31.60000000000000142, 67.50000000000000000, -1.200000000000000030E-05 ) ) ;
#5305 = CARTESIAN_POINT ( 'NONE',  ( -7.700000000000000178, -9.000000000000000000, -6.000000000000000152E-06 ) ) ;
#5306 = CIRCLE ( 'NONE', #12666, 1.700000000000000178 ) ;
#5307 = FACE_BOUND ( 'NONE', #12455, .T. ) ;
#5308 = VERTEX_POINT ( 'NONE', #9013 ) ;
#5309 = PERSON_AND_ORGANIZATION ( #2675, #9931 ) ;
#5310 = APPROVAL_ROLE ( '' ) ;
#5311 = EDGE_LOOP ( 'NONE', ( #3511, #2170, #2653, #5601 ) ) ;
#5312 = EDGE_CURVE ( 'NONE', #5376, #6979, #20, .T. ) ;
#5313 = ORIENTED_EDGE ( 'NONE', *, *, #8814, .F. ) ;
#5314 = DIRECTION ( 'NONE',  ( 1.000000000000000000, 0.000000000000000000, 0.000000000000000000 ) ) ;
#5315 = AXIS2_PLACEMENT_3D ( 'NONE', #2274, #4394, #7416 ) ;
#5316 = DIRECTION ( 'NONE',  ( -1.000000000000000000, 0.000000000000000000, 0.000000000000000000 ) ) ;
#5317 = FACE_OUTER_BOUND ( 'NONE', #9707, .T. ) ;
#5318 = EDGE_CURVE ( 'NONE', #11954, #4625, #10002, .T. ) ;
#5319 = LINE ( 'NONE', #12578, #1390 ) ;
#5320 = EDGE_CURVE ( 'NONE', #4101, #9784, #3686, .T. ) ;
#5321 = EDGE_CURVE ( 'NONE', #6790, #12403, #4342, .T. ) ;
#5322 = CARTESIAN_POINT ( 'NONE',  ( 2.552147338437895652, 0.5775901837055785748, -0.000000000000000000 ) ) ;
#5323 = LINE ( 'NONE', #6362, #90 ) ;
#5324 = LOCAL_TIME ( 12, 23, 50.00000000000000000, #7633 ) ;
#5325 = DIRECTION ( 'NONE',  ( 0.000000000000000000, 1.000000000000000000, 0.000000000000000000 ) ) ;
#5326 = DIRECTION ( 'NONE',  ( -0.000000000000000000, -0.000000000000000000, -1.000000000000000000 ) ) ;
#5327 = VERTEX_POINT ( 'NONE', #12665 ) ;
#5328 = VERTEX_POINT ( 'NONE', #9419 ) ;
#5329 = UNCERTAINTY_MEASURE_WITH_UNIT (LENGTH_MEASURE( 1.000000000000000082E-05 ), #5702, 'distance_accuracy_value', 'NONE');
#5330 = CARTESIAN_POINT ( 'NONE',  ( -10.50000000000000000, 59.50000000000000000, 6.000000000000000000 ) ) ;
#5331 = ORIENTED_EDGE ( 'NONE', *, *, #1674, .T. ) ;
#5332 = ORIENTED_EDGE ( 'NONE', *, *, #3990, .T. ) ;
#5333 = CARTESIAN_POINT ( 'NONE',  ( 27.69999999999999929, -45.00000000000000000, 0.000000000000000000 ) ) ;
#5334 = PRODUCT_DEFINITION_FORMATION_WITH_SPECIFIED_SOURCE ( 'ไป', '', #3819, .NOT_KNOWN. ) ;
#5335 = CARTESIAN_POINT ( 'NONE',  ( -12.00000000000000000, -12.00000000000000000, 20.00000000000000000 ) ) ;
#5336 = PLANE ( 'NONE',  #2910 ) ;
#5337 = LINE ( 'NONE', #8213, #1252 ) ;
#5338 = VERTEX_POINT ( 'NONE', #2294 ) ;
#5339 = ORIENTED_EDGE ( 'NONE', *, *, #8583, .F. ) ;
#5340 = LOCAL_TIME ( 12, 23, 50.00000000000000000, #2307 ) ;
#5341 = CARTESIAN_POINT ( 'NONE',  ( 18.30006951123504777, 0.000000000000000000, 11.77491600511191550 ) ) ;
#5342 = APPLICATION_PROTOCOL_DEFINITION ( 'international standard', 'config_control_design', 1994, #4217 ) ;
#5343 = ORIENTED_EDGE ( 'NONE', *, *, #397, .F. ) ;
#5344 = DATE_AND_TIME ( #1228, #10086 ) ;
#5345 = DIRECTION ( 'NONE',  ( 0.000000000000000000, 0.000000000000000000, 1.000000000000000000 ) ) ;
#5346 = ORIENTED_EDGE ( 'NONE', *, *, #11416, .F. ) ;
#5347 = CARTESIAN_POINT ( 'NONE',  ( -11.68331879213511648, 7.714078201723205908, 9.617938645161324018 ) ) ;
#5348 = APPROVAL_STATUS ( 'not_yet_approved' ) ;
#5349 = DIRECTION ( 'NONE',  ( -0.000000000000000000, -0.000000000000000000, 1.000000000000000000 ) ) ;
#5350 = LOCAL_TIME ( 12, 23, 50.00000000000000000, #9621 ) ;
#5351 = DIRECTION ( 'NONE',  ( 0.000000000000000000, 0.000000000000000000, -1.000000000000000000 ) ) ;
#5352 = LINE ( 'NONE', #9569, #12163 ) ;
#5353 = CARTESIAN_POINT ( 'NONE',  ( 15.69999999999999929, 2.081899558550498554E-16, 2.000000000000000000 ) ) ;
#5355 = ADVANCED_FACE ( 'NONE', ( #2504 ), #5395, .F. ) ;
#5354 = DIRECTION ( 'NONE',  ( 0.000000000000000000, -1.000000000000000000, 0.000000000000000000 ) ) ;
#5356 = FACE_OUTER_BOUND ( 'NONE', #1352, .T. ) ;
#5357 = PLANE ( 'NONE',  #10964 ) ;
#5358 = ORIENTED_EDGE ( 'NONE', *, *, #2146, .T. ) ;
#5359 = CARTESIAN_POINT ( 'NONE',  ( -21.36119079527073694, -15.04287395703057761, 0.000000000000000000 ) ) ;
#5360 = VERTEX_POINT ( 'NONE', #5467 ) ;
#5361 = APPROVAL ( #11479, 'ๆช' ) ;
#5362 = PERSON_AND_ORGANIZATION ( #5637, #2735 ) ;
#5363 = LINE ( 'NONE', #6524, #6854 ) ;
#5364 = CARTESIAN_POINT ( 'NONE',  ( 21.36128909900559592, -0.000000000000000000, 13.04297226076161920 ) ) ;
#5365 = VERTEX_POINT ( 'NONE', #357 ) ;
#5366 = FACE_OUTER_BOUND ( 'NONE', #398, .T. ) ;
#5367 = DIRECTION ( 'NONE',  ( 0.000000000000000000, -1.000000000000000000, 0.000000000000000000 ) ) ;
#5369 = EDGE_CURVE ( 'NONE', #5773, #8592, #6292, .T. ) ;
#5368 = DIRECTION ( 'NONE',  ( -0.000000000000000000, -0.000000000000000000, -1.000000000000000000 ) ) ;
#5370 = DIRECTION ( 'NONE',  ( 0.000000000000000000, 0.000000000000000000, -1.000000000000000000 ) ) ;
#5371 = ADVANCED_FACE ( 'NONE', ( #3566 ), #8346, .F. ) ;
#5372 = CC_DESIGN_PERSON_AND_ORGANIZATION_ASSIGNMENT ( #2771, #6761, ( #2591 ) ) ;
#5373 = ORIENTED_EDGE ( 'NONE', *, *, #3119, .T. ) ;
#5374 = PERSON_AND_ORGANIZATION_ROLE ( 'design_supplier' ) ;
#5375 = APPROVAL ( #1536, 'ๆช' ) ;
#5376 = VERTEX_POINT ( 'NONE', #5333 ) ;
#5377 = ORIENTED_EDGE ( 'NONE', *, *, #7647, .T. ) ;
#5378 = ORIENTED_EDGE ( 'NONE', *, *, #11422, .F. ) ;
#5379 = DIRECTION ( 'NONE',  ( -0.9196152422991569209, -0.3928203229608459579, 0.000000000000000000 ) ) ;
#5380 = ADVANCED_FACE ( 'NONE', ( #8480 ), #4618, .T. ) ;
#5381 = DIRECTION ( 'NONE',  ( 1.000000000000000000, -0.000000000000000000, -0.000000000000000000 ) ) ;
#5382 = DIRECTION ( 'NONE',  ( 0.000000000000000000, 1.000000000000000000, 0.000000000000000000 ) ) ;
#5383 = CARTESIAN_POINT ( 'NONE',  ( 10.37234568834891668, 9.406446595082069706, 10.16287729469196321 ) ) ;
#5385 = EDGE_CURVE ( 'NONE', #3445, #8488, #1493, .T. ) ;
#5384 = DIRECTION ( 'NONE',  ( 0.000000000000000000, 0.000000000000000000, 1.000000000000000000 ) ) ;
#5386 = EDGE_CURVE ( 'NONE', #9092, #10313, #8414, .T. ) ;
#5387 = CARTESIAN_POINT ( 'NONE',  ( -1.519536942383790556, 2.115299939237502702, -0.000000000000000000 ) ) ;
#5388 = CARTESIAN_POINT ( 'NONE',  ( -14.22508399489131214, 68.30006951123358760, 0.000000000000000000 ) ) ;
#5389 = ORIENTED_EDGE ( 'NONE', *, *, #693, .F. ) ;
#5390 = ORIENTED_EDGE ( 'NONE', *, *, #4427, .T. ) ;
#5391 = ADVANCED_FACE ( 'NONE', ( #6496 ), #10603, .F. ) ;
#5392 = ORIENTED_EDGE ( 'NONE', *, *, #5624, .F. ) ;
#5393 = VERTEX_POINT ( 'NONE', #7358 ) ;
#5394 = APPLICATION_CONTEXT ( 'configuration controlled 3d designs of mechanical parts and assemblies' ) ;
#5395 = CYLINDRICAL_SURFACE ( 'NONE', #7073, 1.700000000000000178 ) ;
#5396 = CARTESIAN_POINT ( 'NONE',  ( 11.45770097412407829, 8.045736335212733792, 11.41094936464103959 ) ) ;
#5397 = DIRECTION ( 'NONE',  ( 1.000000000000000000, 0.000000000000000000, 0.000000000000000000 ) ) ;
#5398 = AXIS2_PLACEMENT_3D ( 'NONE', #2489, #1479, #6483 ) ;
#5399 = CARTESIAN_POINT ( 'NONE',  ( 12.00000000000000000, -12.00000000000000000, 0.000000000000000000 ) ) ;
#5400 = CARTESIAN_POINT ( 'NONE',  ( 31.00000000000000000, -1.200000000000000030E-05, 5.700000000000000178 ) ) ;
#5401 = ORIENTED_EDGE ( 'NONE', *, *, #7382, .F. ) ;
#5402 = ORIENTED_EDGE ( 'NONE', *, *, #11909, .T. ) ;
#5403 = DIRECTION ( 'NONE',  ( 0.000000000000000000, 0.000000000000000000, 1.000000000000000000 ) ) ;
#5404 = APPLICATION_PROTOCOL_DEFINITION ( 'international standard', 'config_control_design', 1994, #7131 ) ;
#5405 = VECTOR ( 'NONE', #7584, 1000.000000000000000 ) ;
#5406 = ORIENTED_EDGE ( 'NONE', *, *, #6251, .T. ) ;
#5407 = CALENDAR_DATE ( 2026, 21, 9 ) ;
#5408 = DIRECTION ( 'NONE',  ( 0.000000000000000000, 1.000000000000000000, 0.000000000000000000 ) ) ;
#5409 = VERTEX_POINT ( 'NONE', #2573 ) ;
#5410 = AXIS2_PLACEMENT_3D ( 'NONE', #9546, #1206, #12889 ) ;
#5411 = CARTESIAN_POINT ( 'NONE',  ( 122.2999304887634509, -0.2250839948843424976, 0.000000000000000000 ) ) ;
#5412 = LINE ( 'NONE', #5353, #850 ) ;
#5413 = CARTESIAN_POINT ( 'NONE',  ( 18.63880920472925951, 12.95712604296942416, 0.000000000000000000 ) ) ;
#5414 = CARTESIAN_POINT ( 'NONE',  ( 32.65666690099504876, 57.44258473825042444, -0.000000000000000000 ) ) ;
#5415 = DIRECTION ( 'NONE',  ( 1.000000000000000000, 0.000000000000000000, 0.000000000000000000 ) ) ;
#5416 = ORIENTED_EDGE ( 'NONE', *, *, #9853, .T. ) ;
#5417 = CARTESIAN_POINT ( 'NONE',  ( -21.48452350954438828, -14.85853893178910390, -0.000000000000000000 ) ) ;
#5418 = ORIENTED_EDGE ( 'NONE', *, *, #9737, .T. ) ;
#5419 = CALENDAR_DATE ( 2026, 21, 9 ) ;
#5420 = LINE ( 'NONE', #319, #2684 ) ;
#5421 = VERTEX_POINT ( 'NONE', #10532 ) ;
#5422 = CARTESIAN_POINT ( 'NONE',  ( 11.25723435106464798, 8.324008393740474077, 10.06315928611680910 ) ) ;
#5423 = ORIENTED_EDGE ( 'NONE', *, *, #7101, .T. ) ;
#5424 = ADVANCED_FACE ( 'NONE', ( #490 ), #2368, .F. ) ;
#5425 = CARTESIAN_POINT ( 'NONE',  ( 0.000000000000000000, 0.000000000000000000, 3.000000000000000000 ) ) ;
#5426 = CIRCLE ( 'NONE', #6438, 1.700000000000000178 ) ;
#5427 = DIRECTION ( 'NONE',  ( -1.000000000000000000, -0.000000000000000000, -0.000000000000000000 ) ) ;
#5428 = CARTESIAN_POINT ( 'NONE',  ( -11.81331098413178893, 7.513279486513933847, 10.83318915821548956 ) ) ;
#5429 = DIRECTION ( 'NONE',  ( -1.000000000000000000, 0.000000000000000000, -0.000000000000000000 ) ) ;
#5430 = DIRECTION ( 'NONE',  ( 1.000000000000000000, 0.000000000000000000, 0.000000000000000000 ) ) ;
#5431 = APPROVAL_STATUS ( 'not_yet_approved' ) ;
#5432 = AXIS2_PLACEMENT_3D ( 'NONE', #3915, #9915, #2577 ) ;
#5433 = VERTEX_POINT ( 'NONE', #4552 ) ;
#5434 = APPLICATION_PROTOCOL_DEFINITION ( 'international standard', 'config_control_design', 1994, #130 ) ;
#5435 = DATE_AND_TIME ( #5509, #11854 ) ;
#5436 = ORIENTED_EDGE ( 'NONE', *, *, #412, .F. ) ;
#5437 = ORIENTED_EDGE ( 'NONE', *, *, #4267, .F. ) ;
#5438 = CARTESIAN_POINT ( 'NONE',  ( 120.5358983867662204, 266.1525218728658615, -20.00000000000000000 ) ) ;
#5439 = VECTOR ( 'NONE', #9751, 1000.000000000000000 ) ;
#5440 = EDGE_CURVE ( 'NONE', #6595, #6503, #4975, .T. ) ;
#5441 = DIRECTION ( 'NONE',  ( 1.000000000000000000, 0.000000000000000000, 0.000000000000000000 ) ) ;
#5442 = FACE_OUTER_BOUND ( 'NONE', #11062, .T. ) ;
#5443 = DIRECTION ( 'NONE',  ( 1.000000000000000000, -0.000000000000000000, 0.000000000000000000 ) ) ;
#5444 = FACE_OUTER_BOUND ( 'NONE', #7563, .T. ) ;
#5445 = SHAPE_REPRESENTATION ( 'V3_04_arm_plate', ( #6542 ), #1055 ) ;
#5446 = DIRECTION ( 'NONE',  ( -1.000000000000000000, 0.000000000000000000, 0.000000000000000000 ) ) ;
#5447 = AXIS2_PLACEMENT_3D ( 'NONE', #2487, #5701, #9732 ) ;
#5448 = CC_DESIGN_DATE_AND_TIME_ASSIGNMENT ( #5973, #10873, ( #8819 ) ) ;
#5449 = DIRECTION ( 'NONE',  ( 0.000000000000000000, 0.000000000000000000, -1.000000000000000000 ) ) ;
#5450 = AXIS2_PLACEMENT_3D ( 'NONE', #6336, #4847, #4045 ) ;
#5451 = ORGANIZATION ( 'NAUO-ORG4', 'UNSPECIFIED', 'UNSPECIFIED' ) ;
#5452 = CARTESIAN_POINT ( 'NONE',  ( -2.408641179952662359, 0.9895630205432096593, 0.000000000000000000 ) ) ;
#5453 = AXIS2_PLACEMENT_3D ( 'NONE', #12263, #221, #7219 ) ;
#5454 = CARTESIAN_POINT ( 'NONE',  ( -15.65666690099372360, 69.55741526174936951, -0.000000000000000000 ) ) ;
#5456 = ORIENTED_EDGE ( 'NONE', *, *, #12652, .F. ) ;
#5455 = CALENDAR_DATE ( 2026, 21, 9 ) ;
#5457 = EDGE_LOOP ( 'NONE', ( #4415, #9828, #9880, #12401 ) ) ;
#5458 = UNCERTAINTY_MEASURE_WITH_UNIT (LENGTH_MEASURE( 1.000000000000000082E-05 ), #4194, 'distance_accuracy_value', 'NONE');
#5459 = CARTESIAN_POINT ( 'NONE',  ( -9.028322918593277180, 10.69997127470831977, 8.636228900012632437 ) ) ;
#5460 = EDGE_LOOP ( 'NONE', ( #4742, #9278, #8039, #10713 ) ) ;
#5461 = DIRECTION ( 'NONE',  ( 0.000000000000000000, 0.000000000000000000, 1.000000000000000000 ) ) ;
#5462 = ORIENTED_EDGE ( 'NONE', *, *, #2281, .F. ) ;
#5463 = EDGE_CURVE ( 'NONE', #2136, #989, #5591, .T. ) ;
#5464 = ORIENTED_EDGE ( 'NONE', *, *, #9421, .F. ) ;
#5465 = EDGE_CURVE ( 'NONE', #2589, #3144, #690, .T. ) ;
#5466 = CC_DESIGN_APPROVAL ( #6705, ( #3584 ) ) ;
#5467 = CARTESIAN_POINT ( 'NONE',  ( 0.000000000000000000, 0.000000000000000000, 0.000000000000000000 ) ) ;
#5468 = DIRECTION ( 'NONE',  ( 0.000000000000000000, -0.000000000000000000, 1.000000000000000000 ) ) ;
#5469 = EDGE_CURVE ( 'NONE', #6337, #5761, #3067, .T. ) ;
#5470 = DIRECTION ( 'NONE',  ( -0.000000000000000000, 1.000000000000000000, 0.000000000000000000 ) ) ;
#5471 = DIRECTION ( 'NONE',  ( 1.000000000000000000, -0.000000000000000000, -0.000000000000000000 ) ) ;
#5472 = EDGE_CURVE ( 'NONE', #9658, #3093, #11852, .T. ) ;
#5473 = CARTESIAN_POINT ( 'NONE',  ( -7.957027739238696107, 58.36128909900575223, -0.000000000000000000 ) ) ;
#5474 = ORIENTED_EDGE ( 'NONE', *, *, #10349, .F. ) ;
#5475 = ORIENTED_EDGE ( 'NONE', *, *, #8949, .F. ) ;
#5476 = ORGANIZATION ( 'NAUO-ORG24', 'UNSPECIFIED', 'UNSPECIFIED' ) ;
#5477 = CARTESIAN_POINT ( 'NONE',  ( -4.299999999999999822, -9.000000000000000000, 3.000000000000000000 ) ) ;
#5478 = PERSON_AND_ORGANIZATION ( #2675, #9931 ) ;
#5479 = DIRECTION ( 'NONE',  ( 1.000000000000000000, 0.000000000000000000, 0.000000000000000000 ) ) ;
#5480 = ORIENTED_EDGE ( 'NONE', *, *, #12572, .T. ) ;
#5481 = CARTESIAN_POINT ( 'NONE',  ( 122.6388092047274654, -1.042873957029619714, 0.000000000000000000 ) ) ;
#5482 = PLANE ( 'NONE',  #8197 ) ;
#5483 = CARTESIAN_POINT ( 'NONE',  ( 24.30000000000000071, 57.00000000000000000, 0.000000000000000000 ) ) ;
#5484 = CARTESIAN_POINT ( 'NONE',  ( 3.000000000000000000, 10.50000000000000000, 58.00000000000000000 ) ) ;
#5485 = CARTESIAN_POINT ( 'NONE',  ( -10.72380529476361133, 9.000000000000000000, 8.300000000000000711 ) ) ;
#5486 = VECTOR ( 'NONE', #5972, 1000.000000000000000 ) ;
#5487 = LINE ( 'NONE', #12346, #7800 ) ;
#5488 = DIRECTION ( 'NONE',  ( -0.000000000000000000, -0.000000000000000000, -1.000000000000000000 ) ) ;
#5489 = ORIENTED_EDGE ( 'NONE', *, *, #3377, .F. ) ;
#5490 = DIRECTION ( 'NONE',  ( 0.000000000000000000, 0.000000000000000000, 1.000000000000000000 ) ) ;
#5491 = APPLICATION_PROTOCOL_DEFINITION ( 'international standard', 'config_control_design', 1994, #9442 ) ;
#5492 = EDGE_LOOP ( 'NONE', ( #7378, #2099, #3042, #6020 ) ) ;
#5493 = APPROVAL_ROLE ( '' ) ;
#5494 = DIRECTION ( 'NONE',  ( -0.000000000000000000, -0.000000000000000000, 1.000000000000000000 ) ) ;
#5495 = CARTESIAN_POINT ( 'NONE',  ( 20.00000000000000000, -14.00000000000000000, 5.000000000000000000 ) ) ;
#5496 = AXIS2_PLACEMENT_3D ( 'NONE', #3666, #6724, #9903 ) ;
#5497 = AXIS2_PLACEMENT_3D ( 'NONE', #752, #7817, #1760 ) ;
#5498 = DIRECTION ( 'NONE',  ( -1.000000000000000000, 0.000000000000000000, -0.000000000000000000 ) ) ;
#5499 = DIRECTION ( 'NONE',  ( -1.000000000000000000, 0.000000000000000000, 0.000000000000000000 ) ) ;
#5500 = VECTOR ( 'NONE', #12911, 1000.000000000000000 ) ;
#5501 = CARTESIAN_POINT ( 'NONE',  ( -1.313163450857918635, -2.270214330881944687, 0.000000000000000000 ) ) ;
#5502 = LINE ( 'NONE', #9522, #12863 ) ;
#5503 = CARTESIAN_POINT ( 'NONE',  ( 29.34333309900547704, 0.000000000000000000, 13.44258473825092715 ) ) ;
#5504 = AXIS2_PLACEMENT_3D ( 'NONE', #9633, #1578, #12802 ) ;
#5505 = ADVANCED_FACE ( 'NONE', ( #6753 ), #2827, .T. ) ;
#5506 = VECTOR ( 'NONE', #801, 1000.000000000000000 ) ;
#5507 = ORIENTED_EDGE ( 'NONE', *, *, #12042, .F. ) ;
#5508 = VERTEX_POINT ( 'NONE', #4748 ) ;
#5509 = CALENDAR_DATE ( 2026, 21, 9 ) ;
#5510 = APPROVAL_ROLE ( '' ) ;
#5511 = EDGE_LOOP ( 'NONE', ( #7066, #6180, #7958, #11373 ) ) ;
#5512 = PLANE ( 'NONE',  #6242 ) ;
#5513 = APPROVAL_DATE_TIME ( #12575, #6640 ) ;
#5514 = CARTESIAN_POINT ( 'NONE',  ( -30.50000000000000000, 10.00000000000000000, 35.00000000000000000 ) ) ;
#5515 = VECTOR ( 'NONE', #381, 1000.000000000000000 ) ;
#5516 = CARTESIAN_POINT ( 'NONE',  ( -7.656795341010621314, -8.557362060151586292, -0.000000000000000000 ) ) ;
#5517 = CARTESIAN_POINT ( 'NONE',  ( 11.50000000000000000, -6.000000000000000000, 22.00000000000000000 ) ) ;
#5518 = FACE_OUTER_BOUND ( 'NONE', #7256, .T. ) ;
#5519 = EDGE_CURVE ( 'NONE', #12567, #4247, #7874, .T. ) ;
#5520 = CARTESIAN_POINT ( 'NONE',  ( -13.55741526174398537, 68.34333309900759446, 0.000000000000000000 ) ) ;
#5521 = ORIENTED_EDGE ( 'NONE', *, *, #9331, .T. ) ;
#5522 = VECTOR ( 'NONE', #6633, 1000.000000000000000 ) ;
#5523 = AXIS2_PLACEMENT_3D ( 'NONE', #3872, #11848, #4930 ) ;
#5524 = CARTESIAN_POINT ( 'NONE',  ( -10.50000000000000000, -1.300000000000000044, -0.09997027095160138099 ) ) ;
#5525 = VERTEX_POINT ( 'NONE', #10796 ) ;
#5526 = PERSON_AND_ORGANIZATION ( #2675, #9931 ) ;
#5527 = PRODUCT_RELATED_PRODUCT_CATEGORY ( 'detail', '', ( #12252 ) ) ;
#5528 = SHAPE_REPRESENTATION ( 'V3_01_base', ( #6542 ), #6755 ) ;
#5529 = ORIENTED_EDGE ( 'NONE', *, *, #10500, .F. ) ;
#5530 = DIRECTION ( 'NONE',  ( 0.000000000000000000, 0.000000000000000000, -1.000000000000000000 ) ) ;
#5531 = DIRECTION ( 'NONE',  ( -0.000000000000000000, -0.000000000000000000, 1.000000000000000000 ) ) ;
#5532 = CC_DESIGN_APPROVAL ( #10618, ( #8470 ) ) ;
#5533 = FACE_OUTER_BOUND ( 'NONE', #7907, .T. ) ;
#5534 = DIRECTION ( 'NONE',  ( -0.000000000000000000, -0.000000000000000000, 1.000000000000000000 ) ) ;
#5535 = ADVANCED_FACE ( 'NONE', ( #3874 ), #2636, .F. ) ;
#5536 = DIRECTION ( 'NONE',  ( -0.000000000000000000, 1.000000000000000000, -0.000000000000000000 ) ) ;
#5537 = EDGE_CURVE ( 'NONE', #2093, #2619, #1757, .T. ) ;
#5538 = ORIENTED_EDGE ( 'NONE', *, *, #10548, .F. ) ;
#5539 = ORIENTED_EDGE ( 'NONE', *, *, #8668, .T. ) ;
#5540 = CARTESIAN_POINT ( 'NONE',  ( -5.500000000000000000, 0.000000000000000000, 26.00000000000000000 ) ) ;
#5541 = DATE_TIME_ROLE ( 'creation_date' ) ;
#5542 = PRODUCT_RELATED_PRODUCT_CATEGORY ( 'detail', '', ( #1589 ) ) ;
#5543 = LOCAL_TIME ( 12, 23, 50.00000000000000000, #9622 ) ;
#5544 = CARTESIAN_POINT ( 'NONE',  ( -15.19999999999999929, -2.000000000000000000, -1.200000000000000030E-05 ) ) ;
#5545 = EDGE_LOOP ( 'NONE', ( #8078, #1267, #12525, #1689 ) ) ;
#5546 = APPROVAL_ROLE ( '' ) ;
#5547 = CARTESIAN_POINT ( 'NONE',  ( 125.7000000000000028, -0.2256158049110661423, -0.000000000000000000 ) ) ;
#5548 = DIRECTION ( 'NONE',  ( 0.000000000000000000, 1.000000000000000000, 0.000000000000000000 ) ) ;
#5549 = LINE ( 'NONE', #2598, #4884 ) ;
#5550 = DIRECTION ( 'NONE',  ( 0.000000000000000000, -1.000000000000000000, 0.000000000000000000 ) ) ;
#5551 = LOCAL_TIME ( 12, 23, 50.00000000000000000, #10709 ) ;
#5552 = ADVANCED_FACE ( 'NONE', ( #12907 ), #10907, .F. ) ;
#5553 = EDGE_CURVE ( 'NONE', #11847, #6698, #10848, .T. ) ;
#5554 = DIRECTION ( 'NONE',  ( -0.000000000000000000, -0.000000000000000000, -1.000000000000000000 ) ) ;
#5555 = LINE ( 'NONE', #1580, #10041 ) ;
#5556 = DIRECTION ( 'NONE',  ( 0.000000000000000000, 1.000000000000000000, 0.000000000000000000 ) ) ;
#5557 = VERTEX_POINT ( 'NONE', #7813 ) ;
#5558 = LINE ( 'NONE', #458, #8415 ) ;
#5559 = ORIENTED_EDGE ( 'NONE', *, *, #766, .F. ) ;
#5560 = EDGE_CURVE ( 'NONE', #10716, #8971, #10894, .T. ) ;
#5561 = PERSON_AND_ORGANIZATION ( #7962, #11350 ) ;
#5562 = LINE ( 'NONE', #10635, #1815 ) ;
#5563 = VERTEX_POINT ( 'NONE', #7628 ) ;
#5564 = CARTESIAN_POINT ( 'NONE',  ( 20.44258473825274791, -0.000000000000000000, 13.65666690099345892 ) ) ;
#5565 = CC_DESIGN_APPROVAL ( #6622, ( #2616 ) ) ;
#5566 = LINE ( 'NONE', #523, #3632 ) ;
#5567 = CARTESIAN_POINT ( 'NONE',  ( 12.00000000000000000, -12.00000000000000000, 20.00000000000000000 ) ) ;
#5568 = CARTESIAN_POINT ( 'NONE',  ( 125.0429722607564429, 1.361289099006829373, -0.000000000000000000 ) ) ;
#5569 = APPROVAL_DATE_TIME ( #1534, #6559 ) ;
#5570 = APPLICATION_CONTEXT ( 'configuration controlled 3d designs of mechanical parts and assemblies' ) ;
#5571 = EDGE_LOOP ( 'NONE', ( #12051, #12320, #8393, #6352 ) ) ;
#5572 = ORIENTED_EDGE ( 'NONE', *, *, #3346, .F. ) ;
#5573 = COORDINATED_UNIVERSAL_TIME_OFFSET ( 5, 0, .BEHIND. ) ;
#5574 = EDGE_LOOP ( 'NONE', ( #1005, #11035, #2114, #10914, #9089, #10181, #11047, #9354, #9280, #8842, #12913, #9470 ) ) ;
#5575 = ORIENTED_EDGE ( 'NONE', *, *, #3519, .F. ) ;
#5576 = CALENDAR_DATE ( 2026, 21, 9 ) ;
#5577 = DIRECTION ( 'NONE',  ( 1.000000000000000000, 0.000000000000000000, -0.000000000000000000 ) ) ;
#5578 = CARTESIAN_POINT ( 'NONE',  ( 9.290647558218967816, 10.47331327697886394, 7.643416653029154517 ) ) ;
#5579 = CARTESIAN_POINT ( 'NONE',  ( -20.00000000000000000, 12.00000000000000000, 2.000000000000000000 ) ) ;
#5580 = DIRECTION ( 'NONE',  ( -0.000000000000000000, -0.000000000000000000, -1.000000000000000000 ) ) ;
#5581 = CARTESIAN_POINT ( 'NONE',  ( -36.00000000000000711, -5.000000000000000000, 28.00000000000000000 ) ) ;
#5582 = VERTEX_POINT ( 'NONE', #8683 ) ;
#5583 = ORIENTED_EDGE ( 'NONE', *, *, #914, .T. ) ;
#5584 = CARTESIAN_POINT ( 'NONE',  ( -18.34333309900548770, -13.55741526174869449, -0.000000000000000000 ) ) ;
#5585 = VECTOR ( 'NONE', #12164, 1000.000000000000000 ) ;
#5586 = EDGE_LOOP ( 'NONE', ( #4998, #569, #9351, #9948 ) ) ;
#5587 = ORIENTED_EDGE ( 'NONE', *, *, #1007, .T. ) ;
#5588 = PERSON_AND_ORGANIZATION_ROLE ( 'design_owner' ) ;
#5589 = ORIENTED_EDGE ( 'NONE', *, *, #584, .T. ) ;
#5590 = CARTESIAN_POINT ( 'NONE',  ( -11.46082835472130235, 8.043006970812543344, 9.922450563566831860 ) ) ;
#5591 = LINE ( 'NONE', #12845, #936 ) ;
#5592 = ADVANCED_FACE ( 'NONE', ( #12728 ), #11722, .T. ) ;
#5593 = CARTESIAN_POINT ( 'NONE',  ( -12.30000000000000071, 70.00000000000000000, -1.200000000000000030E-05 ) ) ;
#5594 = CARTESIAN_POINT ( 'NONE',  ( 150.0000000000000000, 0.000000000000000000, 90.00000000000000000 ) ) ;
#5595 = DIRECTION ( 'NONE',  ( -1.000000000000000000, 0.000000000000000000, -0.000000000000000000 ) ) ;
#5596 = CYLINDRICAL_SURFACE ( 'NONE', #5497, 1.700000000000000178 ) ;
#5597 = VERTEX_POINT ( 'NONE', #9752 ) ;
#5598 = ORIENTED_EDGE ( 'NONE', *, *, #4301, .F. ) ;
#5599 = DIRECTION ( 'NONE',  ( 0.000000000000000000, 1.000000000000000000, 0.000000000000000000 ) ) ;
#5600 = DATE_TIME_ROLE ( 'creation_date' ) ;
#5601 = ORIENTED_EDGE ( 'NONE', *, *, #2324, .T. ) ;
#5602 = APPROVAL_STATUS ( 'not_yet_approved' ) ;
#5603 = CYLINDRICAL_SURFACE ( 'NONE', #2894, 1.700000000000000178 ) ;
#5604 = ORIENTED_EDGE ( 'NONE', *, *, #4902, .T. ) ;
#5605 = EDGE_CURVE ( 'NONE', #11587, #7080, #11101, .T. ) ;
#5606 = DIRECTION ( 'NONE',  ( -0.000000000000000000, -0.000000000000000000, 1.000000000000000000 ) ) ;
#5607 = CIRCLE ( 'NONE', #2673, 1.700000000000000178 ) ;
#5608 = CYLINDRICAL_SURFACE ( 'NONE', #5083, 8.099999999999999645 ) ;
#5609 = CC_DESIGN_PERSON_AND_ORGANIZATION_ASSIGNMENT ( #11630, #7775, ( #1662 ) ) ;
#5610 = PRODUCT_DEFINITION ( 'ๆ', '', #5334, #418 ) ;
#5611 = DIRECTION ( 'NONE',  ( 0.000000000000000000, 1.000000000000000000, 0.000000000000000000 ) ) ;
#5612 = AXIS2_PLACEMENT_3D ( 'NONE', #2074, #10124, #5449 ) ;
#5613 = DIRECTION ( 'NONE',  ( 1.000000000000000000, 0.000000000000000000, 0.000000000000000000 ) ) ;
#5614 = LINE ( 'NONE', #582, #8664 ) ;
#5615 = VERTEX_POINT ( 'NONE', #12967 ) ;
#5616 = CARTESIAN_POINT ( 'NONE',  ( -14.00000000000000000, 0.000000000000000000, 12.00000000000000000 ) ) ;
#5617 = AXIS2_PLACEMENT_3D ( 'NONE', #857, #9972, #7560 ) ;
#5618 = VERTEX_POINT ( 'NONE', #1194 ) ;
#5619 = CALENDAR_DATE ( 2026, 21, 9 ) ;
#5620 = DIRECTION ( 'NONE',  ( 0.000000000000000000, 1.000000000000000000, -0.000000000000000000 ) ) ;
#5621 = VERTEX_POINT ( 'NONE', #10053 ) ;
#5622 = CARTESIAN_POINT ( 'NONE',  ( 20.22525195654657182, 0.000000000000000000, 13.69999999999999751 ) ) ;
#5623 = EDGE_CURVE ( 'NONE', #5727, #161, #6000, .T. ) ;
#5624 = EDGE_CURVE ( 'NONE', #8187, #11508, #8057, .T. ) ;
#5625 = DIRECTION ( 'NONE',  ( 1.000000000000000000, 0.000000000000000000, 0.000000000000000000 ) ) ;
#5626 = PRODUCT_DEFINITION_SHAPE ( 'NONE', 'NONE',  #13085 ) ;
#5627 = ADVANCED_FACE ( 'NONE', ( #3061 ), #11975, .F. ) ;
#5628 = CARTESIAN_POINT ( 'NONE',  ( -10.72380529476374278, 9.000000000000252243, 11.70000000000124984 ) ) ;
#5629 = DIRECTION ( 'NONE',  ( -1.000000000000000000, 0.000000000000000000, 0.000000000000000000 ) ) ;
#5630 = CARTESIAN_POINT ( 'NONE',  ( 123.5574152617459305, 1.656666900993485791, 0.000000000000000000 ) ) ;
#5631 = DATE_AND_TIME ( #4782, #4719 ) ;
#5632 = CARTESIAN_POINT ( 'NONE',  ( 0.000000000000000000, 0.000000000000000000, 5.000000000000000000 ) ) ;
#5633 = ORIENTED_EDGE ( 'NONE', *, *, #3733, .T. ) ;
#5634 = VECTOR ( 'NONE', #6648, 1000.000000000000000 ) ;
#5635 = AXIS2_PLACEMENT_3D ( 'NONE', #10946, #5929, #6786 ) ;
#5636 = EDGE_LOOP ( 'NONE', ( #9524, #4682, #5119, #1361 ) ) ;
#5637 = PERSON ( 'NAUO-PER11', 'UNSPECIFIED', 'UNSPECIFIED', ('UNSPECIFIED'), ('UNSPECIFIED'), ('UNSPECIFIED') ) ;
#5638 = CARTESIAN_POINT ( 'NONE',  ( 0.000000000000000000, 0.000000000000000000, 0.000000000000000000 ) ) ;
#5639 = CARTESIAN_POINT ( 'NONE',  ( 10.72380529476361133, 9.000000000000000000, 6.800000000000000711 ) ) ;
#5640 = LINE ( 'NONE', #5517, #7357 ) ;
#5641 = VECTOR ( 'NONE', #7699, 1000.000000000000000 ) ;
#5642 = CYLINDRICAL_SURFACE ( 'NONE', #8780, 1.100000000000000311 ) ;
#5643 = DIRECTION ( 'NONE',  ( -1.000000000000000000, 0.000000000000000000, 0.000000000000000000 ) ) ;
#5644 = ORIENTED_EDGE ( 'NONE', *, *, #6083, .T. ) ;
#5645 = ORIENTED_EDGE ( 'NONE', *, *, #6207, .F. ) ;
#5646 = VERTEX_POINT ( 'NONE', #128 ) ;
#5647 = APPROVAL_DATE_TIME ( #2756, #2407 ) ;
#5648 = ORIENTED_EDGE ( 'NONE', *, *, #6345, .T. ) ;
#5649 = AXIS2_PLACEMENT_3D ( 'NONE', #7567, #5943, #6917 ) ;
#5650 = DIRECTION ( 'NONE',  ( 0.000000000000000000, 0.000000000000000000, 1.000000000000000000 ) ) ;
#5651 = VECTOR ( 'NONE', #10392, 1000.000000000000000 ) ;
#5652 = CARTESIAN_POINT ( 'NONE',  ( 32.36119079527190934, 0.000000000000000000, 2.957126042969841162 ) ) ;
#5653 = CARTESIAN_POINT ( 'NONE',  ( 21.00000000000000000, -12.00000000000000000, 3.000000000000000000 ) ) ;
#5654 = CC_DESIGN_SECURITY_CLASSIFICATION ( #8383, ( #13065 ) ) ;
#5655 = DIRECTION ( 'NONE',  ( 0.000000000000000000, 0.000000000000000000, 1.000000000000000000 ) ) ;
#5656 = APPROVAL_ROLE ( '' ) ;
#5657 = CARTESIAN_POINT ( 'NONE',  ( -9.442469749913707133, -0.000000000000000000, 14.65686506842306436 ) ) ;
#5658 = DIRECTION ( 'NONE',  ( -0.000000000000000000, -0.000000000000000000, 1.000000000000000000 ) ) ;
#5659 = ORIENTED_EDGE ( 'NONE', *, *, #3194, .T. ) ;
#5660 = VECTOR ( 'NONE', #4314, 1000.000000000000000 ) ;
#5661 = ORIENTED_EDGE ( 'NONE', *, *, #3932, .T. ) ;
#5662 = EDGE_CURVE ( 'NONE', #9381, #6257, #64, .T. ) ;
#5663 = DIRECTION ( 'NONE',  ( -1.000000000000000000, -0.000000000000000000, -0.000000000000000000 ) ) ;
#5664 = PERSON_AND_ORGANIZATION ( #2675, #9931 ) ;
#5665 = EDGE_LOOP ( 'NONE', ( #9076, #9132, #1482, #3391 ) ) ;
#5666 = LOCAL_TIME ( 12, 23, 50.00000000000000000, #12809 ) ;
#5667 = CLOSED_SHELL ( 'NONE', ( #1257, #6730, #11678, #5131, #1960, #7763, #7911, #11957, #5860, #2919, #10333, #9230, #8340, #7899, #6161, #3533, #3786, #8061, #8092, #4766, #7354, #10885, #5391, #10197, #4848, #9146, #12858, #7779, #3390, #2366, #4837, #11495, #5040, #9704, #8168, #3935, #5827, #11686, #4160, #5295, #2885, #5355 ) ) ;
#5668 = ITEM_DEFINED_TRANSFORMATION ( 'NONE', 'NONE', #10148,  #6542 ) ;
#5669 = CARTESIAN_POINT ( 'NONE',  ( -9.000000000000000000, 8.000000000000000000, 13.00000000000000000 ) ) ;
#5670 = ORIENTED_EDGE ( 'NONE', *, *, #6246, .T. ) ;
#5671 = CARTESIAN_POINT ( 'NONE',  ( 11.50000000000000000, 6.000000000000000000, 0.000000000000000000 ) ) ;
#5672 = DIRECTION ( 'NONE',  ( -1.000000000000000000, -0.000000000000000000, 0.000000000000000000 ) ) ;
#5673 = LOCAL_TIME ( 12, 23, 50.00000000000000000, #7592 ) ;
#5674 = CARTESIAN_POINT ( 'NONE',  ( -10.37396001519468491, 9.404709442637157579, 11.66344665213694931 ) ) ;
#5675 = CYLINDRICAL_SURFACE ( 'NONE', #9914, 1.700000000000000178 ) ;
#5676 = FACE_OUTER_BOUND ( 'NONE', #10170, .T. ) ;
#5677 = ADVANCED_FACE ( 'NONE', ( #995 ), #10251, .T. ) ;
#5678 = ORIENTED_EDGE ( 'NONE', *, *, #7788, .F. ) ;
#5679 = CARTESIAN_POINT ( 'NONE',  ( -28.00000000000000000, 0.000000000000000000, 0.000000000000000000 ) ) ;
#5680 = VERTEX_POINT ( 'NONE', #2003 ) ;
#5681 = DATE_AND_TIME ( #9639, #8619 ) ;
#5682 = CARTESIAN_POINT ( 'NONE',  ( 3.000000000000000000, 10.50000000000000000, 83.00000000000000000 ) ) ;
#5683 = ORIENTED_EDGE ( 'NONE', *, *, #11079, .T. ) ;
#5684 = LINE ( 'NONE', #5923, #1661 ) ;
#5685 = SECURITY_CLASSIFICATION ( '', '', #8554 ) ;
#5686 = CC_DESIGN_PERSON_AND_ORGANIZATION_ASSIGNMENT ( #8019, #12064, ( #256 ) ) ;
#5687 = VECTOR ( 'NONE', #1776, 1000.000000000000000 ) ;
#5688 = CARTESIAN_POINT ( 'NONE',  ( 183.0000000000000000, 3.000000000000000000, 83.00000000000000000 ) ) ;
#5689 = EDGE_CURVE ( 'NONE', #9349, #9527, #3207, .T. ) ;
#5691 = CIRCLE ( 'NONE', #8418, 30.00000000000000000 ) ;
#5690 = PLANE ( 'NONE',  #5888 ) ;
#5692 = CARTESIAN_POINT ( 'NONE',  ( 29.51560493047168521, 0.000000000000000000, 12.14151426980927262 ) ) ;
#5693 = EDGE_CURVE ( 'NONE', #8881, #12593, #10975, .T. ) ;
#5694 = CARTESIAN_POINT ( 'NONE',  ( 0.000000000000000000, 0.000000000000000000, 40.00000000000000000 ) ) ;
#5695 = EDGE_CURVE ( 'NONE', #814, #7322, #13027, .T. ) ;
#5696 = ORIENTED_EDGE ( 'NONE', *, *, #11504, .T. ) ;
#5697 = PERSON_AND_ORGANIZATION_ROLE ( 'classification_officer' ) ;
#5698 = VECTOR ( 'NONE', #10674, 1000.000000000000000 ) ;
#5699 = ORIENTED_EDGE ( 'NONE', *, *, #5904, .T. ) ;
#5700 = APPROVAL ( #9833, 'ๆช' ) ;
#5701 = DIRECTION ( 'NONE',  ( 1.000000000000000000, 0.000000000000000000, 0.000000000000000000 ) ) ;
#5702 =( LENGTH_UNIT ( ) NAMED_UNIT ( * ) SI_UNIT ( .MILLI., .METRE. ) );
#5703 = EDGE_CURVE ( 'NONE', #12539, #10845, #7058, .T. ) ;
#5704 = CARTESIAN_POINT ( 'NONE',  ( 0.000000000000000000, 0.000000000000000000, 35.00000000000000000 ) ) ;
#5705 = PRODUCT ( 'V3_07_servo_stand', 'V3_07_servo_stand', '', ( #11315 ) ) ;
#5706 = CARTESIAN_POINT ( 'NONE',  ( 18.30006951123579384, 14.22508399488592090, -0.000000000000000000 ) ) ;
#5707 = AXIS2_PLACEMENT_3D ( 'NONE', #8676, #5770, #12585 ) ;
#5708 = CARTESIAN_POINT ( 'NONE',  ( -18.95712604296878467, 0.000000000000000000, 13.36119079527010101 ) ) ;
#5709 = ADVANCED_FACE ( 'NONE', ( #6996 ), #2144, .F. ) ;
#5710 = CARTESIAN_POINT ( 'NONE',  ( -16.00000000000000000, -6.000000000000000000, 16.00000000000000000 ) ) ;
#5711 = ORIENTED_EDGE ( 'NONE', *, *, #5623, .T. ) ;
#5712 = EDGE_CURVE ( 'NONE', #3426, #9526, #2941, .T. ) ;
#5713 = AXIS2_PLACEMENT_3D ( 'NONE', #12345, #5089, #3307 ) ;
#5714 = EDGE_LOOP ( 'NONE', ( #12270, #10509, #732, #11647 ) ) ;
#5715 = CARTESIAN_POINT ( 'NONE',  ( -18.30000000000000071, 14.00000000000000000, -1.200000000000000030E-05 ) ) ;
#5716 = ORIENTED_EDGE ( 'NONE', *, *, #8089, .F. ) ;
#5717 = ORIENTED_EDGE ( 'NONE', *, *, #6162, .T. ) ;
#5718 = EDGE_CURVE ( 'NONE', #2589, #12646, #5170, .T. ) ;
#5719 = EDGE_CURVE ( 'NONE', #3827, #8133, #6931, .T. ) ;
#5720 = AXIS2_PLACEMENT_3D ( 'NONE', #4183, #10242, #4113 ) ;
#5721 = AXIS2_PLACEMENT_3D ( 'NONE', #6771, #3771, #7770 ) ;
#5722 = EDGE_LOOP ( 'NONE', ( #9823, #8758, #3553, #615 ) ) ;
#5723 = CARTESIAN_POINT ( 'NONE',  ( 2.082076604084940108, -1.594977014734290321, -0.000000000000000000 ) ) ;
#5724 = CARTESIAN_POINT ( 'NONE',  ( 31.00000000000000000, -6.000000000000000152E-06, 5.700000000000000178 ) ) ;
#5725 = DIRECTION ( 'NONE',  ( -1.000000000000000000, 0.000000000000000000, 0.000000000000000000 ) ) ;
#5726 = CARTESIAN_POINT ( 'NONE',  ( 118.3810499613777267, -11.00000000000000000, 6.000000000000000000 ) ) ;
#5727 = VERTEX_POINT ( 'NONE', #4 ) ;
#5728 = ORIENTED_EDGE ( 'NONE', *, *, #3327, .F. ) ;
#5729 = CARTESIAN_POINT ( 'NONE',  ( 31.00000000000000355, -6.000000000000000152E-06, 2.299999999999999822 ) ) ;
#5730 = PLANE ( 'NONE',  #5720 ) ;
#5731 = APPROVAL_DATE_TIME ( #11863, #3981 ) ;
#5732 = APPROVAL_DATE_TIME ( #12678, #4165 ) ;
#5733 = ORIENTED_EDGE ( 'NONE', *, *, #8075, .F. ) ;
#5734 = CONTEXT_DEPENDENT_SHAPE_REPRESENTATION ( #57, #2241 ) ;
#5735 = DIRECTION ( 'NONE',  ( 0.000000000000000000, 0.000000000000000000, 1.000000000000000000 ) ) ;
#5736 = ORIENTED_EDGE ( 'NONE', *, *, #397, .T. ) ;
#5737 = VECTOR ( 'NONE', #8125, 1000.000000000000000 ) ;
#5738 = DATE_AND_TIME ( #4944, #3663 ) ;
#5739 = AXIS2_PLACEMENT_3D ( 'NONE', #4191, #6274, #7260 ) ;
#5740 = LINE ( 'NONE', #8559, #5522 ) ;
#5741 = DIRECTION ( 'NONE',  ( -0.000000000000000000, -0.000000000000000000, 1.000000000000000000 ) ) ;
#5742 = LOCAL_TIME ( 12, 23, 50.00000000000000000, #12662 ) ;
#5743 = CARTESIAN_POINT ( 'NONE',  ( 13.77491600510831482, 71.70006951123355066, -0.000000000000000000 ) ) ;
#5744 = ORIENTED_EDGE ( 'NONE', *, *, #2069, .T. ) ;
#5745 = DIRECTION ( 'NONE',  ( 1.000000000000000000, -0.000000000000000000, -0.000000000000000000 ) ) ;
#5746 = ORIENTED_EDGE ( 'NONE', *, *, #12207, .T. ) ;
#5747 = PERSON_AND_ORGANIZATION_ROLE ( 'classification_officer' ) ;
#5748 = CARTESIAN_POINT ( 'NONE',  ( 0.000000000000000000, 59.50000000000000000, 6.000000000000000000 ) ) ;
#5749 = APPROVAL_ROLE ( '' ) ;
#5750 = ORIENTED_EDGE ( 'NONE', *, *, #6862, .T. ) ;
#5751 = CARTESIAN_POINT ( 'NONE',  ( 6.000000000000000000, 1.300000000000000044, -0.09997027095160138099 ) ) ;
#5752 = LOCAL_TIME ( 12, 23, 50.00000000000000000, #11573 ) ;
#5753 = EDGE_CURVE ( 'NONE', #1620, #2053, #2071, .T. ) ;
#5754 = DIRECTION ( 'NONE',  ( -0.000000000000000000, -0.000000000000000000, 1.000000000000000000 ) ) ;
#5755 = CARTESIAN_POINT ( 'NONE',  ( 0.000000000000000000, 0.000000000000000000, 0.000000000000000000 ) ) ;
#5756 = DIRECTION ( 'NONE',  ( 1.000000000000000000, 0.000000000000000000, 0.000000000000000000 ) ) ;
#5757 = ORIENTED_EDGE ( 'NONE', *, *, #7464, .T. ) ;
#5758 = CC_DESIGN_APPROVAL ( #2133, ( #8819 ) ) ;
#5759 = ORIENTED_EDGE ( 'NONE', *, *, #4222, .T. ) ;
#5760 = DIRECTION ( 'NONE',  ( 1.000000000000000000, 0.000000000000000000, 0.000000000000000000 ) ) ;
#5761 = VERTEX_POINT ( 'NONE', #12243 ) ;
#5762 = CARTESIAN_POINT ( 'NONE',  ( -12.00000000000000000, -12.00000000000000000, 0.000000000000000000 ) ) ;
#5763 = FACE_BOUND ( 'NONE', #9547, .T. ) ;
#5764 = EDGE_CURVE ( 'NONE', #4609, #1093, #11243, .T. ) ;
#5765 = LINE ( 'NONE', #8977, #12327 ) ;
#5766 = CC_DESIGN_APPROVAL ( #1660, ( #700 ) ) ;
#5767 = CARTESIAN_POINT ( 'NONE',  ( -9.000000000000000000, 81.00000000000000000, 4.000000000000000000 ) ) ;
#5768 = PRODUCT_RELATED_PRODUCT_CATEGORY ( 'detail', '', ( #5705 ) ) ;
#5769 = DIRECTION ( 'NONE',  ( 0.000000000000000000, 0.000000000000000000, -1.000000000000000000 ) ) ;
#5770 = DIRECTION ( 'NONE',  ( -0.000000000000000000, -0.000000000000000000, -1.000000000000000000 ) ) ;
#5771 = VERTEX_POINT ( 'NONE', #9989 ) ;
#5772 = DIRECTION ( 'NONE',  ( 0.000000000000000000, 0.000000000000000000, -1.000000000000000000 ) ) ;
#5773 = VERTEX_POINT ( 'NONE', #6200 ) ;
#5774 = CARTESIAN_POINT ( 'NONE',  ( 11.00000000000000000, -5.000000000000000000, -1.200000000000000030E-05 ) ) ;
#5775 = ORIENTED_EDGE ( 'NONE', *, *, #9976, .T. ) ;
#5776 = DIRECTION ( 'NONE',  ( 1.000000000000000000, -0.000000000000000000, -0.000000000000000000 ) ) ;
#5777 = CARTESIAN_POINT ( 'NONE',  ( 31.44258473824912414, 0.000000000000000000, 5.656666900995568348 ) ) ;
#5778 = EDGE_CURVE ( 'NONE', #10006, #10203, #7991, .T. ) ;
#5779 = EDGE_CURVE ( 'NONE', #2415, #5615, #407, .T. ) ;
#5780 = FACE_OUTER_BOUND ( 'NONE', #12462, .T. ) ;
#5781 = EDGE_CURVE ( 'NONE', #1602, #5812, #3731, .T. ) ;
#5782 = AXIS2_PLACEMENT_3D ( 'NONE', #6073, #2147, #4333 ) ;
#5783 = LINE ( 'NONE', #7635, #3606 ) ;
#5784 = EDGE_LOOP ( 'NONE', ( #787, #3215, #7444, #4409 ) ) ;
#5785 = ORIENTED_EDGE ( 'NONE', *, *, #2243, .F. ) ;
#5786 = CYLINDRICAL_SURFACE ( 'NONE', #2332, 2.000000000000000000 ) ;
#5787 = COORDINATED_UNIVERSAL_TIME_OFFSET ( 5, 0, .BEHIND. ) ;
#5788 = ORIENTED_EDGE ( 'NONE', *, *, #12407, .F. ) ;
#5789 = CARTESIAN_POINT ( 'NONE',  ( 18.34320465898919394, -13.55736206015158984, -0.000000000000000000 ) ) ;
#5790 = ORIENTED_EDGE ( 'NONE', *, *, #12946, .T. ) ;
#5791 =( NAMED_UNIT ( * ) PLANE_ANGLE_UNIT ( ) SI_UNIT ( $, .RADIAN. ) );
#5792 = FACE_BOUND ( 'NONE', #8223, .T. ) ;
#5793 = CARTESIAN_POINT ( 'NONE',  ( 12.30000000000000249, 0.000000000000000000, 2.000000000000000000 ) ) ;
#5794 = CARTESIAN_POINT ( 'NONE',  ( -14.00000000000000000, 9.000000000000000000, 8.500000000000000000 ) ) ;
#5795 = EDGE_CURVE ( 'NONE', #8488, #6661, #5319, .T. ) ;
#5796 = CARTESIAN_POINT ( 'NONE',  ( 35.00000000000000000, -70.00000000000000000, 5.000000000000000000 ) ) ;
#5797 = CARTESIAN_POINT ( 'NONE',  ( 15.65666690099372360, 70.44258473825063049, -0.000000000000000000 ) ) ;
#5798 = ORIENTED_EDGE ( 'NONE', *, *, #2145, .T. ) ;
#5799 = CYLINDRICAL_SURFACE ( 'NONE', #6722, 5.799999999999999822 ) ;
#5800 = APPROVAL_STATUS ( 'not_yet_approved' ) ;
#5801 = ORIENTED_EDGE ( 'NONE', *, *, #9895, .F. ) ;
#5802 = LINE ( 'NONE', #1726, #3945 ) ;
#5803 = APPROVAL_DATE_TIME ( #8774, #6216 ) ;
#5804 = ORIENTED_EDGE ( 'NONE', *, *, #187, .F. ) ;
#5805 = PRODUCT_DEFINITION_SHAPE ( 'NONE', 'NONE',  #510 ) ;
#5806 = CARTESIAN_POINT ( 'NONE',  ( 137.4843253421153406, -0.8586539201233609475, 0.000000000000000000 ) ) ;
#5807 = APPLICATION_CONTEXT ( 'configuration controlled 3d designs of mechanical parts and assemblies' ) ;
#5808 = DIRECTION ( 'NONE',  ( 1.000000000000000000, 0.000000000000000000, 0.000000000000000000 ) ) ;
#5809 = LINE ( 'NONE', #2798, #2562 ) ;
#5810 = DIRECTION ( 'NONE',  ( 0.000000000000000000, -1.000000000000000000, 0.000000000000000000 ) ) ;
#5811 = FACE_BOUND ( 'NONE', #10026, .T. ) ;
#5812 = VERTEX_POINT ( 'NONE', #4467 ) ;
#5813 = EDGE_CURVE ( 'NONE', #885, #1053, #11295, .T. ) ;
#5814 = CALENDAR_DATE ( 2026, 21, 9 ) ;
#5815 = LINE ( 'NONE', #4850, #9615 ) ;
#5816 = CARTESIAN_POINT ( 'NONE',  ( 0.000000000000000000, 149.0000000000000000, 83.00000000000000000 ) ) ;
#5817 = CARTESIAN_POINT ( 'NONE',  ( -12.80000000000000071, 2.000000000000000000, -1.200000000000000030E-05 ) ) ;
#5818 = AXIS2_PLACEMENT_3D ( 'NONE', #11952, #5760, #11893 ) ;
#5819 =( LENGTH_UNIT ( ) NAMED_UNIT ( * ) SI_UNIT ( .MILLI., .METRE. ) );
#5820 = CARTESIAN_POINT ( 'NONE',  ( -12.30000000000000071, 70.00000000000000000, 8.000000000000000000 ) ) ;
#5821 = DIRECTION ( 'NONE',  ( 0.000000000000000000, 0.000000000000000000, -1.000000000000000000 ) ) ;
#5822 = CARTESIAN_POINT ( 'NONE',  ( -22.00000000000000000, 84.00000000000000000, 8.000000000000000000 ) ) ;
#5823 = CARTESIAN_POINT ( 'NONE',  ( -24.30000000000000071, -57.00000000000000000, -1.200000000000000030E-05 ) ) ;
#5824 = VECTOR ( 'NONE', #10546, 1000.000000000000000 ) ;
#5825 = VECTOR ( 'NONE', #7966, 1000.000000000000000 ) ;
#5826 = ORIENTED_EDGE ( 'NONE', *, *, #6069, .T. ) ;
#5827 = ADVANCED_FACE ( 'NONE', ( #7483 ), #12446, .F. ) ;
#5828 = VERTEX_POINT ( 'NONE', #1408 ) ;
#5829 = ORIENTED_EDGE ( 'NONE', *, *, #8439, .T. ) ;
#5830 = CARTESIAN_POINT ( 'NONE',  ( 0.000000000000000000, 14.00000000000000000, 4.000000000000000000 ) ) ;
#5831 = EDGE_LOOP ( 'NONE', ( #3818, #10469 ) ) ;
#5832 = CARTESIAN_POINT ( 'NONE',  ( -11.63433600334116846, 7.787970427872258128, 7.302702401752442007 ) ) ;
#5833 = CARTESIAN_POINT ( 'NONE',  ( 32.65679534101005288, -0.000000000000000000, 4.442637939846629358 ) ) ;
#5834 = APPROVAL ( #6232, 'ๆช' ) ;
#5835 = VECTOR ( 'NONE', #4010, 1000.000000000000000 ) ;
#5836 = DIRECTION ( 'NONE',  ( -1.000000000000000000, -0.000000000000000000, -0.000000000000000000 ) ) ;
#5837 = PLANE ( 'NONE',  #1386 ) ;
#5838 = PLANE ( 'NONE',  #5079 ) ;
#5839 = ORIENTED_EDGE ( 'NONE', *, *, #6816, .T. ) ;
#5840 = EDGE_LOOP ( 'NONE', ( #11081, #11985, #2169, #6327 ) ) ;
#5841 = ADVANCED_FACE ( 'NONE', ( #10320 ), #7264, .F. ) ;
#5842 = LINE ( 'NONE', #5897, #12451 ) ;
#5843 = VECTOR ( 'NONE', #5191, 1000.000000000000000 ) ;
#5844 = APPLICATION_PROTOCOL_DEFINITION ( 'international standard', 'config_control_design', 1994, #2868 ) ;
#5845 = ADVANCED_FACE ( 'NONE', ( #5444 ), #12310, .F. ) ;
#5846 = EDGE_LOOP ( 'NONE', ( #3179, #3557 ) ) ;
#5847 = DIRECTION ( 'NONE',  ( 1.000000000000000000, 0.000000000000000000, 0.000000000000000000 ) ) ;
#5848 = VERTEX_POINT ( 'NONE', #8754 ) ;
#5849 = PERSON_AND_ORGANIZATION_ROLE ( 'design_owner' ) ;
#5850 = ADVANCED_FACE ( 'NONE', ( #7940 ), #4208, .F. ) ;
#5851 = CARTESIAN_POINT ( 'NONE',  ( 31.00000000000000000, -1.200000000000000030E-05, 13.00000000000000000 ) ) ;
#5852 = DIRECTION ( 'NONE',  ( -0.000000000000000000, -0.000000000000000000, -1.000000000000000000 ) ) ;
#5853 = PLANE ( 'NONE',  #181 ) ;
#5854 = AXIS2_PLACEMENT_3D ( 'NONE', #4957, #4840, #7959 ) ;
#5855 = APPROVAL_PERSON_ORGANIZATION ( #12079, #6299, #8855 ) ;
#5856 = VECTOR ( 'NONE', #1251, 1000.000000000000000 ) ;
#5857 = LINE ( 'NONE', #835, #12027 ) ;
#5858 = CARTESIAN_POINT ( 'NONE',  ( -28.00000000000000000, 0.000000000000000000, 24.00000000000000000 ) ) ;
#5859 = PERSON_AND_ORGANIZATION ( #2675, #9931 ) ;
#5860 = ADVANCED_FACE ( 'NONE', ( #2436 ), #11390, .F. ) ;
#5861 = ORIENTED_EDGE ( 'NONE', *, *, #2658, .F. ) ;
#5862 = DATE_AND_TIME ( #12121, #2083 ) ;
#5863 = CARTESIAN_POINT ( 'NONE',  ( 0.000000000000000000, 70.00000000000000000, 0.000000000000000000 ) ) ;
#5864 = DIRECTION ( 'NONE',  ( 1.000000000000000000, 0.000000000000000000, 0.000000000000000000 ) ) ;
#5865 = EDGE_CURVE ( 'NONE', #939, #1801, #216, .T. ) ;
#5866 = LOCAL_TIME ( 12, 23, 50.00000000000000000, #1459 ) ;
#5867 = LINE ( 'NONE', #10945, #11279 ) ;
#5868 = CARTESIAN_POINT ( 'NONE',  ( 136.0000000000000000, 0.000000000000000000, 6.000000000000000000 ) ) ;
#5869 = CALENDAR_DATE ( 2026, 21, 9 ) ;
#5870 = DIRECTION ( 'NONE',  ( 1.000000000000000000, 0.000000000000000000, 0.000000000000000000 ) ) ;
#5871 = ORIENTED_EDGE ( 'NONE', *, *, #4597, .F. ) ;
#5872 = CC_DESIGN_SECURITY_CLASSIFICATION ( #12000, ( #13081 ) ) ;
#5873 = CARTESIAN_POINT ( 'NONE',  ( 31.00000000000000000, 80.49999999999998579, 5.700000000000000178 ) ) ;
#5874 = ORIENTED_EDGE ( 'NONE', *, *, #2973, .F. ) ;
#5875 = LINE ( 'NONE', #10957, #10694 ) ;
#5876 = CARTESIAN_POINT ( 'NONE',  ( -21.00000000000000000, 0.000000000000000000, 6.000000000000000000 ) ) ;
#5877 = LINE ( 'NONE', #865, #919 ) ;
#5878 = CARTESIAN_POINT ( 'NONE',  ( 10.00000000000000000, -10.00000000000000000, 0.000000000000000000 ) ) ;
#5879 = LINE ( 'NONE', #6131, #8356 ) ;
#5880 = CIRCLE ( 'NONE', #3638, 1.700000000000000178 ) ;
#5881 = CARTESIAN_POINT ( 'NONE',  ( -8.141461068209997265, -0.000000000000000000, 14.48452350954423018 ) ) ;
#5882 = VECTOR ( 'NONE', #10476, 1000.000000000000000 ) ;
#5883 = VERTEX_POINT ( 'NONE', #5330 ) ;
#5884 = DIRECTION ( 'NONE',  ( 0.000000000000000000, 0.000000000000000000, 1.000000000000000000 ) ) ;
#5885 = ORIENTED_EDGE ( 'NONE', *, *, #4169, .T. ) ;
#5886 = CARTESIAN_POINT ( 'NONE',  ( 186.0000000000000000, 0.000000000000000000, 83.00000000000000000 ) ) ;
#5887 = CARTESIAN_POINT ( 'NONE',  ( 32.70006951123654204, -0.000000000000000000, 3.774916005115497963 ) ) ;
#5888 = AXIS2_PLACEMENT_3D ( 'NONE', #5755, #9781, #10641 ) ;
#5889 = CARTESIAN_POINT ( 'NONE',  ( -8.557415261743981816, 64.34333309900758024, 0.000000000000000000 ) ) ;
#5890 = ADVANCED_FACE ( 'NONE', ( #1351, #350, #7494, #6490 ), #10526, .F. ) ;
#5891 = LINE ( 'NONE', #9929, #324 ) ;
#5892 = CARTESIAN_POINT ( 'NONE',  ( -21.00000000000000000, -12.00000000000000000, 0.000000000000000000 ) ) ;
#5893 = VERTEX_POINT ( 'NONE', #3909 ) ;
#5894 = ORIENTED_EDGE ( 'NONE', *, *, #11886, .F. ) ;
#5895 = CC_DESIGN_PERSON_AND_ORGANIZATION_ASSIGNMENT ( #4136, #5253, ( #7661 ) ) ;
#5896 = VECTOR ( 'NONE', #9821, 1000.000000000000000 ) ;
#5897 = CARTESIAN_POINT ( 'NONE',  ( -12.00000000000000000, -12.00000000000000000, 20.00000000000000000 ) ) ;
#5898 = AXIS2_PLACEMENT_3D ( 'NONE', #11555, #12623, #7588 ) ;
#5899 = PERSON_AND_ORGANIZATION_ROLE ( 'creator' ) ;
#5900 = ORIENTED_EDGE ( 'NONE', *, *, #10040, .T. ) ;
#5901 = DIRECTION ( 'NONE',  ( 0.000000000000000000, 0.000000000000000000, -1.000000000000000000 ) ) ;
#5902 = ORIENTED_EDGE ( 'NONE', *, *, #1832, .T. ) ;
#5903 = DIRECTION ( 'NONE',  ( -0.000000000000000000, -0.000000000000000000, -1.000000000000000000 ) ) ;
#5904 = EDGE_CURVE ( 'NONE', #8163, #5933, #11830, .T. ) ;
#5905 = VECTOR ( 'NONE', #4890, 1000.000000000000000 ) ;
#5906 = CARTESIAN_POINT ( 'NONE',  ( -7.700000000000000178, 0.000000000000000000, 20.00000000000000000 ) ) ;
#5907 = EDGE_CURVE ( 'NONE', #4492, #9920, #10887, .T. ) ;
#5908 = CARTESIAN_POINT ( 'NONE',  ( -22.00000000000000000, 84.00000000000000000, 8.000000000000000000 ) ) ;
#5909 = CIRCLE ( 'NONE', #219, 14.00000000000000000 ) ;
#5910 = LINE ( 'NONE', #9019, #10770 ) ;
#5911 = CC_DESIGN_PERSON_AND_ORGANIZATION_ASSIGNMENT ( #2219, #8131, ( #8278 ) ) ;
#5912 = ORIENTED_EDGE ( 'NONE', *, *, #10590, .T. ) ;
#5913 = PRODUCT_RELATED_PRODUCT_CATEGORY ( 'detail', '', ( #12125 ) ) ;
#5914 = CARTESIAN_POINT ( 'NONE',  ( 15.70000000000000284, 70.22525195654509389, 0.000000000000000000 ) ) ;
#5915 = PLANE ( 'NONE',  #1242 ) ;
#5916 = DATE_AND_TIME ( #4026, #3467 ) ;
#5917 = ORIENTED_EDGE ( 'NONE', *, *, #6636, .T. ) ;
#5918 = VECTOR ( 'NONE', #640, 1000.000000000000000 ) ;
#5919 = LOCAL_TIME ( 12, 23, 50.00000000000000000, #1603 ) ;
#5920 = DATE_AND_TIME ( #1911, #12430 ) ;
#5921 = CARTESIAN_POINT ( 'NONE',  ( 134.3000000000000114, 2.081899558550508908E-16, -6.000000000000000152E-06 ) ) ;
#5922 = EDGE_CURVE ( 'NONE', #6646, #12741, #7856, .T. ) ;
#5923 = CARTESIAN_POINT ( 'NONE',  ( 18.30000000000000071, -14.00000000000000000, -1.200000000000000030E-05 ) ) ;
#5924 = EDGE_CURVE ( 'NONE', #4379, #11135, #1271, .T. ) ;
#5925 = EDGE_CURVE ( 'NONE', #9011, #8112, #11937, .T. ) ;
#5927 = ADVANCED_FACE ( 'NONE', ( #13005 ), #1855, .F. ) ;
#5926 = DIRECTION ( 'NONE',  ( -0.000000000000000000, -1.000000000000000000, -0.000000000000000000 ) ) ;
#5928 = VECTOR ( 'NONE', #1770, 1000.000000000000000 ) ;
#5929 = DIRECTION ( 'NONE',  ( -0.000000000000000000, -0.000000000000000000, 1.000000000000000000 ) ) ;
#5930 = LOCAL_TIME ( 12, 23, 50.00000000000000000, #7941 ) ;
#5931 = DIRECTION ( 'NONE',  ( 1.000000000000000000, -0.000000000000000000, -0.000000000000000000 ) ) ;
#5932 = EDGE_CURVE ( 'NONE', #2201, #9410, #2566, .T. ) ;
#5933 = VERTEX_POINT ( 'NONE', #3855 ) ;
#5934 = CARTESIAN_POINT ( 'NONE',  ( 32.65686506842305903, 56.55753025009011026, -0.000000000000000000 ) ) ;
#5935 = COORDINATED_UNIVERSAL_TIME_OFFSET ( 5, 0, .BEHIND. ) ;
#5936 = DIRECTION ( 'NONE',  ( -0.000000000000000000, -0.000000000000000000, -1.000000000000000000 ) ) ;
#5937 = EDGE_LOOP ( 'NONE', ( #12049, #10814 ) ) ;
#5938 = DIRECTION ( 'NONE',  ( -0.000000000000000000, -0.000000000000000000, 1.000000000000000000 ) ) ;
#5939 = CC_DESIGN_SECURITY_CLASSIFICATION ( #7438, ( #5334 ) ) ;
#5940 = DIRECTION ( 'NONE',  ( -1.000000000000000000, 0.000000000000000000, 0.000000000000000000 ) ) ;
#5941 = CYLINDRICAL_SURFACE ( 'NONE', #4684, 9.500000000000000000 ) ;
#5942 = DIRECTION ( 'NONE',  ( -0.000000000000000000, -0.000000000000000000, -1.000000000000000000 ) ) ;
#5943 = DIRECTION ( 'NONE',  ( -0.000000000000000000, -0.000000000000000000, 1.000000000000000000 ) ) ;
#5944 = CARTESIAN_POINT ( 'NONE',  ( 6.000000000000000000, 1.300000000000000044, 16.00000000000000000 ) ) ;
#5945 = CC_DESIGN_APPROVAL ( #1566, ( #7854 ) ) ;
#5946 = CARTESIAN_POINT ( 'NONE',  ( 4.299999999999999822, 0.000000000000000000, 0.000000000000000000 ) ) ;
#5947 = CARTESIAN_POINT ( 'NONE',  ( -7.957126042969945523, 0.000000000000000000, 14.36119079527200526 ) ) ;
#5948 = EDGE_LOOP ( 'NONE', ( #2581, #8083, #6974, #519, #4752, #745, #8680, #563 ) ) ;
#5949 = EDGE_LOOP ( 'NONE', ( #2633, #8320, #1488, #12754 ) ) ;
#5950 =( NAMED_UNIT ( * ) SI_UNIT ( $, .STERADIAN. ) SOLID_ANGLE_UNIT ( ) );
#5951 = CARTESIAN_POINT ( 'NONE',  ( 40.00000000000000000, 40.00000000000000000, 40.00000000000000000 ) ) ;
#5952 = CARTESIAN_POINT ( 'NONE',  ( -19.00000000000000000, 9.000000000000000000, 11.70000000000000107 ) ) ;
#5953 = CC_DESIGN_APPROVAL ( #10187, ( #4083 ) ) ;
#5954 = LINE ( 'NONE', #11853, #9665 ) ;
#5955 = LINE ( 'NONE', #7815, #2020 ) ;
#5956 = CARTESIAN_POINT ( 'NONE',  ( 0.000000000000000000, 0.000000000000000000, 16.00000000000000000 ) ) ;
#5957 = FACE_BOUND ( 'NONE', #7429, .T. ) ;
#5958 = ORIENTED_EDGE ( 'NONE', *, *, #7223, .T. ) ;
#5959 = ORIENTED_EDGE ( 'NONE', *, *, #4673, .T. ) ;
#5960 = CARTESIAN_POINT ( 'NONE',  ( -12.00000000000000000, 7.000000000000000000, 3.299999999999999822 ) ) ;
#5961 = PERSON_AND_ORGANIZATION ( #2675, #9931 ) ;
#5962 = ORIENTED_EDGE ( 'NONE', *, *, #3990, .F. ) ;
#5963 = EDGE_CURVE ( 'NONE', #4170, #1268, #10954, .T. ) ;
#5964 = VERTEX_POINT ( 'NONE', #5873 ) ;
#5965 = DIRECTION ( 'NONE',  ( 0.000000000000000000, 1.000000000000000000, 0.000000000000000000 ) ) ;
#5966 = PERSON_AND_ORGANIZATION_ROLE ( 'creator' ) ;
#5967 = DIRECTION ( 'NONE',  ( -0.000000000000000000, 1.000000000000000000, -0.000000000000000000 ) ) ;
#5968 = CARTESIAN_POINT ( 'NONE',  ( 18.30000000000000071, -14.00000000000000000, -6.000000000000000152E-06 ) ) ;
#5969 = PLANE ( 'NONE',  #5266 ) ;
#5970 = EDGE_CURVE ( 'NONE', #11436, #12403, #5815, .T. ) ;
#5971 = ORIENTED_EDGE ( 'NONE', *, *, #524, .T. ) ;
#5972 = DIRECTION ( 'NONE',  ( -0.000000000000000000, -1.000000000000000000, -0.000000000000000000 ) ) ;
#5973 = DATE_AND_TIME ( #10816, #6381 ) ;
#5974 = ORIENTED_EDGE ( 'NONE', *, *, #4350, .T. ) ;
#5975 = DATE_AND_TIME ( #3840, #4649 ) ;
#5977 = EDGE_CURVE ( 'NONE', #10790, #11008, #1605, .T. ) ;
#5976 = ADVANCED_FACE ( 'NONE', ( #1736 ), #3973, .T. ) ;
#5978 = CARTESIAN_POINT ( 'NONE',  ( -5.500000000000000000, 0.000000000000000000, 29.00000000000000000 ) ) ;
#5979 = VECTOR ( 'NONE', #5836, 1000.000000000000000 ) ;
#5980 = ORIENTED_EDGE ( 'NONE', *, *, #5865, .F. ) ;
#5981 = CARTESIAN_POINT ( 'NONE',  ( -9.000000000000000000, -6.000000000000000152E-06, 5.700000000000000178 ) ) ;
#5982 = CC_DESIGN_PERSON_AND_ORGANIZATION_ASSIGNMENT ( #12608, #2651, ( #5685 ) ) ;
#5983 = APPROVAL ( #1853, 'ๆช' ) ;
#5984 = DIRECTION ( 'NONE',  ( 1.000000000000000000, 0.000000000000000000, 0.000000000000000000 ) ) ;
#5985 = DIRECTION ( 'NONE',  ( 0.000000000000000000, -0.000000000000000000, -1.000000000000000000 ) ) ;
#5986 = CARTESIAN_POINT ( 'NONE',  ( -0.5999999999999998668, 9.000000000000000000, 8.300000000000000711 ) ) ;
#5987 = ORIENTED_EDGE ( 'NONE', *, *, #11505, .T. ) ;
#5988 = CARTESIAN_POINT ( 'NONE',  ( -12.00000000000000000, -7.000000000000000000, 15.00000000000000000 ) ) ;
#5989 = VECTOR ( 'NONE', #1785, 1000.000000000000000 ) ;
#5990 = CONTEXT_DEPENDENT_SHAPE_REPRESENTATION ( #12389, #3301 ) ;
#5991 = EDGE_CURVE ( 'NONE', #8323, #11615, #9825, .T. ) ;
#5992 = DIRECTION ( 'NONE',  ( 1.000000000000000000, 0.000000000000000000, 0.000000000000000000 ) ) ;
#5993 = ORIENTED_EDGE ( 'NONE', *, *, #6883, .T. ) ;
#5994 = EDGE_CURVE ( 'NONE', #2877, #1419, #12826, .T. ) ;
#5995 = FACE_OUTER_BOUND ( 'NONE', #7736, .T. ) ;
#5996 = CARTESIAN_POINT ( 'NONE',  ( 0.000000000000000000, 0.000000000000000000, 42.00000000000000000 ) ) ;
#5997 = DIRECTION ( 'NONE',  ( 1.000000000000000000, 0.000000000000000000, 0.000000000000000000 ) ) ;
#5998 = CARTESIAN_POINT ( 'NONE',  ( 0.000000000000000000, 0.000000000000000000, 0.000000000000000000 ) ) ;
#5999 = PRODUCT_DEFINITION ( 'ๆ', '', #7620, #9543 ) ;
#6000 = CIRCLE ( 'NONE', #10452, 14.00000000000000000 ) ;
#6001 = CARTESIAN_POINT ( 'NONE',  ( -21.04287395703121177, 0.000000000000000000, 10.63880920472952596 ) ) ;
#6002 = B_SPLINE_CURVE_WITH_KNOTS ( 'NONE', 3,
 ( #10031, #12414, #3703, #8827, #9881, #9283, #10205, #11194, #3151, #7074, #4013, #1213, #1077, #10069, #3284, #7151, #11262, #6029 ),
 .UNSPECIFIED., .F., .F.,
 ( 4, 2, 2, 2, 2, 2, 2, 2, 4 ),
 ( 0.000000000000000000, 0.06250000000000002776, 0.1250000000000000555, 0.1875000000000000833, 0.2500000000000001110, 0.3125000000000001110, 0.3750000000000001665, 0.4375000000000002220, 0.5000000000000000000 ),
 .UNSPECIFIED. ) ;
#6003 = LINE ( 'NONE', #4978, #2336 ) ;
#6004 = CARTESIAN_POINT ( 'NONE',  ( 11.50000000000000000, 6.000000000000000000, 22.00000000000000000 ) ) ;
#6005 = VECTOR ( 'NONE', #11043, 1000.000000000000000 ) ;
#6006 = ORIENTED_EDGE ( 'NONE', *, *, #12366, .T. ) ;
#6007 = CARTESIAN_POINT ( 'NONE',  ( 0.000000000000000000, 0.000000000000000000, 0.000000000000000000 ) ) ;
#6008 = AXIS2_PLACEMENT_3D ( 'NONE', #11988, #6023, #5461 ) ;
#6009 = VERTEX_POINT ( 'NONE', #3793 ) ;
#6010 = DIRECTION ( 'NONE',  ( 1.000000000000000000, 0.000000000000000000, 0.000000000000000000 ) ) ;
#6011 = CARTESIAN_POINT ( 'NONE',  ( 10.00000000000000000, 10.50000000000000000, 58.00000000000000000 ) ) ;
#6012 = DIRECTION ( 'NONE',  ( 1.000000000000000000, 0.000000000000000000, 0.000000000000000000 ) ) ;
#6013 = CARTESIAN_POINT ( 'NONE',  ( 12.80000000000000071, -2.000000000000000000, -1.200000000000000030E-05 ) ) ;
#6014 = CARTESIAN_POINT ( 'NONE',  ( -7.300069511236165098, 0.000000000000000000, 4.225083994885395988 ) ) ;
#6015 = AXIS2_PLACEMENT_3D ( 'NONE', #10083, #5084, #6966 ) ;
#6016 = VECTOR ( 'NONE', #8444, 1000.000000000000000 ) ;
#6017 = DIRECTION ( 'NONE',  ( -0.000000000000000000, -1.000000000000000000, -0.000000000000000000 ) ) ;
#6018 = DIRECTION ( 'NONE',  ( 1.000000000000000000, -0.000000000000000000, -0.000000000000000000 ) ) ;
#6019 = ORIENTED_EDGE ( 'NONE', *, *, #8685, .F. ) ;
#6020 = ORIENTED_EDGE ( 'NONE', *, *, #9249, .T. ) ;
#6021 = CARTESIAN_POINT ( 'NONE',  ( 0.000000000000000000, 0.000000000000000000, 28.00000000000000000 ) ) ;
#6022 = PERSON_AND_ORGANIZATION ( #2012, #1212 ) ;
#6023 = DIRECTION ( 'NONE',  ( -0.000000000000000000, 1.000000000000000000, -0.000000000000000000 ) ) ;
#6024 = PERSON_AND_ORGANIZATION ( #2675, #9931 ) ;
#6025 = EDGE_LOOP ( 'NONE', ( #348, #7617, #1600, #6820 ) ) ;
#6026 = VERTEX_POINT ( 'NONE', #912 ) ;
#6027 = VECTOR ( 'NONE', #847, 1000.000000000000000 ) ;
#6028 = AXIS2_PLACEMENT_3D ( 'NONE', #3802, #5769, #738 ) ;
#6029 = CARTESIAN_POINT ( 'NONE',  ( -15.69999999999999929, 70.00000000000000000, -6.000000000000000152E-06 ) ) ;
#6030 = CARTESIAN_POINT ( 'NONE',  ( 0.000000000000000000, 70.00000000000000000, 5.200000000000000178 ) ) ;
#6031 = CARTESIAN_POINT ( 'NONE',  ( -27.69999999999999929, -45.00000000000000000, 5.000000000000000000 ) ) ;
#6032 = CARTESIAN_POINT ( 'NONE',  ( -28.00000000000000000, 8.000000000000000000, 24.00000000000000000 ) ) ;
#6033 = EDGE_CURVE ( 'NONE', #11954, #5848, #12018, .T. ) ;
#6034 = AXIS2_PLACEMENT_3D ( 'NONE', #11399, #5261, #5397 ) ;
#6035 = EDGE_LOOP ( 'NONE', ( #1282, #12919, #6286, #3953 ) ) ;
#6036 = CARTESIAN_POINT ( 'NONE',  ( -30.50000000000000000, -10.00000000000000000, 35.00000000000000000 ) ) ;
#6037 = DIRECTION ( 'NONE',  ( -1.000000000000000000, -0.000000000000000000, -0.000000000000000000 ) ) ;
#6038 = CALENDAR_DATE ( 2026, 21, 9 ) ;
#6039 = ORIENTED_EDGE ( 'NONE', *, *, #2455, .T. ) ;
#6040 = CARTESIAN_POINT ( 'NONE',  ( 0.000000000000000000, 0.000000000000000000, 3.000000000000000000 ) ) ;
#6041 = CARTESIAN_POINT ( 'NONE',  ( 0.000000000000000000, 0.000000000000000000, 0.000000000000000000 ) ) ;
#6042 = CIRCLE ( 'NONE', #363, 2.399999999999999911 ) ;
#6043 = VECTOR ( 'NONE', #3979, 1000.000000000000000 ) ;
#6044 = CARTESIAN_POINT ( 'NONE',  ( -9.000000000000000000, 57.00000000000000000, 5.000000000000000000 ) ) ;
#6045 = CC_DESIGN_SECURITY_CLASSIFICATION ( #5235, ( #13062 ) ) ;
#6046 = EDGE_CURVE ( 'NONE', #7230, #4118, #10025, .T. ) ;
#6047 = CARTESIAN_POINT ( 'NONE',  ( 10.37234568834891668, 9.406446595082066153, 11.66287729469195966 ) ) ;
#6048 = ORIENTED_EDGE ( 'NONE', *, *, #7464, .F. ) ;
#6049 = CARTESIAN_POINT ( 'NONE',  ( 10.00000000000000000, 10.00000000000000000, 35.00000000000000000 ) ) ;
#6050 = AXIS2_PLACEMENT_3D ( 'NONE', #139, #1204, #12254 ) ;
#6051 = CC_DESIGN_PERSON_AND_ORGANIZATION_ASSIGNMENT ( #11938, #2967, ( #8819 ) ) ;
#6052 = DIRECTION ( 'NONE',  ( -0.000000000000000000, -0.000000000000000000, 1.000000000000000000 ) ) ;
#6053 = VERTEX_POINT ( 'NONE', #6184 ) ;
#6054 = AXIS2_PLACEMENT_3D ( 'NONE', #4403, #10399, #5384 ) ;
#6055 = LINE ( 'NONE', #5098, #6889 ) ;
#6056 = AXIS2_PLACEMENT_3D ( 'NONE', #9899, #1659, #10878 ) ;
#6057 = SECURITY_CLASSIFICATION ( '', '', #10300 ) ;
#6058 = VERTEX_POINT ( 'NONE', #10301 ) ;
#6059 = FACE_OUTER_BOUND ( 'NONE', #2807, .T. ) ;
#6060 = FACE_OUTER_BOUND ( 'NONE', #12778, .T. ) ;
#6061 = EDGE_CURVE ( 'NONE', #268, #11303, #946, .T. ) ;
#6062 = ADVANCED_FACE ( 'NONE', ( #7038 ), #6900, .F. ) ;
#6063 = APPROVAL_PERSON_ORGANIZATION ( #8360, #1886, #9367 ) ;
#6064 = CARTESIAN_POINT ( 'NONE',  ( 30.00000000000000000, 3.673940397442059178E-15, 0.000000000000000000 ) ) ;
#6065 = CC_DESIGN_PERSON_AND_ORGANIZATION_ASSIGNMENT ( #9731, #8529, ( #5999 ) ) ;
#6066 = ORIENTED_EDGE ( 'NONE', *, *, #4503, .F. ) ;
#6067 = EDGE_LOOP ( 'NONE', ( #2044, #7150 ) ) ;
#6068 = CARTESIAN_POINT ( 'NONE',  ( 86.99999999999998579, 35.00000000000000000, -45.00000000000000000 ) ) ;
#6069 = EDGE_CURVE ( 'NONE', #8633, #145, #4172, .T. ) ;
#6070 = CARTESIAN_POINT ( 'NONE',  ( 0.000000000000000000, -1.300000000000000044, 16.00000000000000000 ) ) ;
#6071 = LOCAL_TIME ( 12, 23, 50.00000000000000000, #11545 ) ;
#6072 = CARTESIAN_POINT ( 'NONE',  ( 0.000000000000000000, 6.735557395310441037E-16, 26.00000000000000000 ) ) ;
#6073 = CARTESIAN_POINT ( 'NONE',  ( 0.5999999999999998668, 9.000000000000000000, 8.500000000000000000 ) ) ;
#6074 = DIRECTION ( 'NONE',  ( -0.000000000000000000, -0.000000000000000000, 1.000000000000000000 ) ) ;
#6075 = AXIS2_PLACEMENT_3D ( 'NONE', #6397, #12350, #5490 ) ;
#6076 = EDGE_CURVE ( 'NONE', #268, #5508, #12080, .T. ) ;
#6077 = CYLINDRICAL_SURFACE ( 'NONE', #6530, 2.600000000000000089 ) ;
#6078 = DIRECTION ( 'NONE',  ( 1.000000000000000000, 0.000000000000000000, 0.000000000000000000 ) ) ;
#6079 = ORIENTED_EDGE ( 'NONE', *, *, #7047, .T. ) ;
#6080 = VECTOR ( 'NONE', #9792, 1000.000000000000000 ) ;
#6081 = PERSON ( 'NAUO-PER7', 'UNSPECIFIED', 'UNSPECIFIED', ('UNSPECIFIED'), ('UNSPECIFIED'), ('UNSPECIFIED') ) ;
#6082 = ORIENTED_EDGE ( 'NONE', *, *, #8268, .F. ) ;
#6083 = EDGE_CURVE ( 'NONE', #10262, #10179, #3045, .T. ) ;
#6084 = DIRECTION ( 'NONE',  ( 1.000000000000000000, 0.000000000000000000, 0.000000000000000000 ) ) ;
#6085 = APPROVAL_DATE_TIME ( #2080, #9646 ) ;
#6086 = DATE_AND_TIME ( #75, #9538 ) ;
#6087 = ORIENTED_EDGE ( 'NONE', *, *, #2069, .F. ) ;
#6088 = VECTOR ( 'NONE', #4525, 1000.000000000000000 ) ;
#6089 = CARTESIAN_POINT ( 'NONE',  ( -4.299999999999999822, -9.000000000000000000, -1.200000000000000030E-05 ) ) ;
#6090 = ORIENTED_EDGE ( 'NONE', *, *, #9643, .F. ) ;
#6091 = CARTESIAN_POINT ( 'NONE',  ( 20.00000000000000000, -12.00000000000000000, 0.000000000000000000 ) ) ;
#6092 = FACE_OUTER_BOUND ( 'NONE', #992, .T. ) ;
#6093 = LINE ( 'NONE', #12112, #8584 ) ;
#6094 = DIRECTION ( 'NONE',  ( 0.000000000000000000, 0.000000000000000000, 1.000000000000000000 ) ) ;
#6095 = VECTOR ( 'NONE', #453, 1000.000000000000000 ) ;
#6096 = AXIS2_PLACEMENT_3D ( 'NONE', #8626, #12849, #10855 ) ;
#6097 = VERTEX_POINT ( 'NONE', #9244 ) ;
#6098 = ORIENTED_EDGE ( 'NONE', *, *, #9887, .F. ) ;
#6099 = CARTESIAN_POINT ( 'NONE',  ( -21.00000000000000000, -12.00000000000000000, 0.000000000000000000 ) ) ;
#6100 = APPROVAL_ROLE ( '' ) ;
#6101 = ORIENTED_EDGE ( 'NONE', *, *, #4506, .F. ) ;
#6102 = DATE_TIME_ROLE ( 'classification_date' ) ;
#6103 = CARTESIAN_POINT ( 'NONE',  ( -12.00000000000000000, -12.00000000000000000, 20.00000000000000000 ) ) ;
#6104 = ORIENTED_EDGE ( 'NONE', *, *, #4332, .F. ) ;
#6105 = PRODUCT ( 'V3_02_bearing_tower', 'V3_02_bearing_tower', '', ( #2031 ) ) ;
#6106 = DIRECTION ( 'NONE',  ( 1.000000000000000000, 0.000000000000000000, -0.000000000000000000 ) ) ;
#6107 = VECTOR ( 'NONE', #12491, 1000.000000000000000 ) ;
#6108 = DIRECTION ( 'NONE',  ( 0.000000000000000000, 1.000000000000000000, 0.000000000000000000 ) ) ;
#6109 = DIRECTION ( 'NONE',  ( 0.000000000000000000, -1.000000000000000000, 0.000000000000000000 ) ) ;
#6110 = CARTESIAN_POINT ( 'NONE',  ( 10.72380529476361133, 9.000000000000000000, 8.300000000000000711 ) ) ;
#6111 =( GEOMETRIC_REPRESENTATION_CONTEXT ( 3 ) GLOBAL_UNCERTAINTY_ASSIGNED_CONTEXT ( ( #5329 ) ) GLOBAL_UNIT_ASSIGNED_CONTEXT ( ( #5702, #9733, #6669 ) ) REPRESENTATION_CONTEXT ( 'NONE', 'WORKASPACE' ) );
#6112 = VERTEX_POINT ( 'NONE', #1104 ) ;
#6113 = CARTESIAN_POINT ( 'NONE',  ( 21.69999999999999929, -14.00000000000000000, -6.000000000000000152E-06 ) ) ;
#6114 = VERTEX_POINT ( 'NONE', #10230 ) ;
#6115 = APPROVAL_ROLE ( '' ) ;
#6116 = DIRECTION ( 'NONE',  ( 0.000000000000000000, 0.000000000000000000, -1.000000000000000000 ) ) ;
#6117 = AXIS2_PLACEMENT_3D ( 'NONE', #2335, #6263, #188 ) ;
#6118 = ORIENTED_EDGE ( 'NONE', *, *, #4348, .T. ) ;
#6119 = CARTESIAN_POINT ( 'NONE',  ( 0.000000000000000000, 62.50000000000000000, 6.000000000000000000 ) ) ;
#6120 = VERTEX_POINT ( 'NONE', #5292 ) ;
#6121 = EDGE_CURVE ( 'NONE', #10084, #10179, #8518, .T. ) ;
#6122 = CARTESIAN_POINT ( 'NONE',  ( -7.700000000000000178, 0.000000000000000000, 20.00000000000000000 ) ) ;
#6123 = DIRECTION ( 'NONE',  ( -0.000000000000000000, -0.000000000000000000, 1.000000000000000000 ) ) ;
#6124 = CARTESIAN_POINT ( 'NONE',  ( 0.000000000000000000, 0.000000000000000000, 28.00000000000000000 ) ) ;
#6125 = CIRCLE ( 'NONE', #454, 1.700000000000000178 ) ;
#6126 = APPROVAL_PERSON_ORGANIZATION ( #8624, #21, #5656 ) ;
#6127 = CARTESIAN_POINT ( 'NONE',  ( 3.000000000000000000, 3.000000000000000000, 58.00000000000000000 ) ) ;
#6128 = FACE_OUTER_BOUND ( 'NONE', #314, .T. ) ;
#6129 = CARTESIAN_POINT ( 'NONE',  ( -7.700069511235977160, -9.225083994885473260, 0.000000000000000000 ) ) ;
#6130 = DATE_AND_TIME ( #11164, #3456 ) ;
#6131 = CARTESIAN_POINT ( 'NONE',  ( -20.00000000000000000, -12.00000000000000000, 2.000000000000000000 ) ) ;
#6132 = EDGE_CURVE ( 'NONE', #12045, #10045, #8099, .T. ) ;
#6133 = CC_DESIGN_SECURITY_CLASSIFICATION ( #672, ( #3653 ) ) ;
#6134 = ORIENTED_EDGE ( 'NONE', *, *, #5187, .F. ) ;
#6135 = PERSON_AND_ORGANIZATION ( #2675, #9931 ) ;
#6136 = VERTEX_POINT ( 'NONE', #7179 ) ;
#6137 = VERTEX_POINT ( 'NONE', #6333 ) ;
#6138 = DIRECTION ( 'NONE',  ( -0.9196152422991569209, -0.3928203229608459579, 0.000000000000000000 ) ) ;
#6139 = EDGE_CURVE ( 'NONE', #12902, #7451, #12139, .T. ) ;
#6140 = CARTESIAN_POINT ( 'NONE',  ( 27.69999999999999929, -57.00000000000000000, -1.200000000000000030E-05 ) ) ;
#6141 = CARTESIAN_POINT ( 'NONE',  ( -10.48452350954359247, 56.14146106820972193, -0.000000000000000000 ) ) ;
#6142 = DIRECTION ( 'NONE',  ( 0.000000000000000000, 0.000000000000000000, -1.000000000000000000 ) ) ;
#6143 = LINE ( 'NONE', #8400, #11265 ) ;
#6144 = CC_DESIGN_DATE_AND_TIME_ASSIGNMENT ( #9243, #5153, ( #6057 ) ) ;
#6145 = APPROVAL ( #4577, 'ๆช' ) ;
#6146 = LOCAL_TIME ( 12, 23, 50.00000000000000000, #11183 ) ;
#6147 = FACE_OUTER_BOUND ( 'NONE', #6537, .T. ) ;
#6148 = COORDINATED_UNIVERSAL_TIME_OFFSET ( 5, 0, .BEHIND. ) ;
#6149 = CARTESIAN_POINT ( 'NONE',  ( -12.00000000000000000, -7.000000000000000000, 6.700000000000000178 ) ) ;
#6150 = CARTESIAN_POINT ( 'NONE',  ( 14.00000000000000000, 0.000000000000000000, -1.200000000000000030E-05 ) ) ;
#6151 = VERTEX_POINT ( 'NONE', #3105 ) ;
#6152 = ORIENTED_EDGE ( 'NONE', *, *, #10998, .F. ) ;
#6153 = CALENDAR_DATE ( 2026, 21, 9 ) ;
#6154 = ORIENTED_EDGE ( 'NONE', *, *, #4412, .F. ) ;
#6155 = CC_DESIGN_APPROVAL ( #12715, ( #3354 ) ) ;
#6156 = EDGE_CURVE ( 'NONE', #1631, #12811, #7053, .T. ) ;
#6157 = VERTEX_POINT ( 'NONE', #7246 ) ;
#6158 = EDGE_CURVE ( 'NONE', #4492, #939, #2192, .T. ) ;
#6159 = CARTESIAN_POINT ( 'NONE',  ( 14.00000000000000000, 1.714505518806294638E-15, 6.000000000000000000 ) ) ;
#6160 = LINE ( 'NONE', #10207, #4833 ) ;
#6162 = EDGE_CURVE ( 'NONE', #3753, #8853, #10020, .T. ) ;
#6161 = ADVANCED_FACE ( 'NONE', ( #8308 ), #11288, .F. ) ;
#6163 = CARTESIAN_POINT ( 'NONE',  ( 4.638710900996369624, -7.957027739236790076, -0.000000000000000000 ) ) ;
#6164 = FACE_OUTER_BOUND ( 'NONE', #5840, .T. ) ;
#6165 = VERTEX_POINT ( 'NONE', #12353 ) ;
#6166 = DIRECTION ( 'NONE',  ( 0.000000000000000000, 0.000000000000000000, 1.000000000000000000 ) ) ;
#6167 = VERTEX_POINT ( 'NONE', #6585 ) ;
#6168 = CARTESIAN_POINT ( 'NONE',  ( 32.04297226076172933, -0.000000000000000000, 11.63871090099562977 ) ) ;
#6169 = LINE ( 'NONE', #9150, #11157 ) ;
#6170 = PERSON_AND_ORGANIZATION ( #2675, #9931 ) ;
#6171 = ORIENTED_EDGE ( 'NONE', *, *, #8949, .T. ) ;
#6172 = EDGE_LOOP ( 'NONE', ( #1538, #6079 ) ) ;
#6173 = CARTESIAN_POINT ( 'NONE',  ( 43.00000000000000000, 81.00000000000000000, 6.000000000000000000 ) ) ;
#6174 = EDGE_LOOP ( 'NONE', ( #2303, #10144, #4341, #4003, #1843, #2286 ) ) ;
#6175 = CARTESIAN_POINT ( 'NONE',  ( -9.442469749914609523, -0.000000000000000000, 5.656865068423062581 ) ) ;
#6176 = CARTESIAN_POINT ( 'NONE',  ( 0.000000000000000000, 0.000000000000000000, 0.000000000000000000 ) ) ;
#6177 = CARTESIAN_POINT ( 'NONE',  ( 0.5999999999999998668, 9.000000000000000000, 11.70000000000000107 ) ) ;
#6178 = DIRECTION ( 'NONE',  ( -0.000000000000000000, -1.000000000000000000, -0.000000000000000000 ) ) ;
#6179 = DIRECTION ( 'NONE',  ( -0.000000000000000000, -0.000000000000000000, -1.000000000000000000 ) ) ;
#6180 = ORIENTED_EDGE ( 'NONE', *, *, #8847, .T. ) ;
#6181 = CARTESIAN_POINT ( 'NONE',  ( 30.14151426980530957, 55.51560493047168166, 0.000000000000000000 ) ) ;
#6182 = VERTEX_POINT ( 'NONE', #9515 ) ;
#6183 = CONTEXT_DEPENDENT_SHAPE_REPRESENTATION ( #1934, #4250 ) ;
#6184 = CARTESIAN_POINT ( 'NONE',  ( -0.5999999999999999778, 2.529822128134703529, 16.00000000000000000 ) ) ;
#6185 = ORIENTED_EDGE ( 'NONE', *, *, #11439, .T. ) ;
#6186 = CARTESIAN_POINT ( 'NONE',  ( 30.55741526174906042, 67.65666690099450875, 0.000000000000000000 ) ) ;
#6187 = ORIENTED_EDGE ( 'NONE', *, *, #176, .F. ) ;
#6188 = CYLINDRICAL_SURFACE ( 'NONE', #7333, 1.700000000000000178 ) ;
#6189 = CYLINDRICAL_SURFACE ( 'NONE', #10143, 1.699999999999998401 ) ;
#6190 = PLANE ( 'NONE',  #11764 ) ;
#6191 = DIRECTION ( 'NONE',  ( -0.000000000000000000, -0.000000000000000000, -1.000000000000000000 ) ) ;
#6192 = ADVANCED_FACE ( 'NONE', ( #6462 ), #4517, .F. ) ;
#6193 = ORIENTED_EDGE ( 'NONE', *, *, #11357, .F. ) ;
#6194 = ORIENTED_EDGE ( 'NONE', *, *, #11477, .F. ) ;
#6195 = ORIENTED_EDGE ( 'NONE', *, *, #5991, .F. ) ;
#6196 = VERTEX_POINT ( 'NONE', #3525 ) ;
#6197 = CARTESIAN_POINT ( 'NONE',  ( 35.00000000000000000, 110.0000000000000000, 28.00000000000000000 ) ) ;
#6198 = LINE ( 'NONE', #2275, #3568 ) ;
#6199 = FACE_OUTER_BOUND ( 'NONE', #369, .T. ) ;
#6200 = CARTESIAN_POINT ( 'NONE',  ( -24.30000000000000071, 45.00000000000000000, -8.271806125530276749E-22 ) ) ;
#6201 = APPLICATION_CONTEXT ( 'configuration controlled 3d designs of mechanical parts and assemblies' ) ;
#6202 = CARTESIAN_POINT ( 'NONE',  ( 1.951074882875576399, 1.724777374260472396, -0.000000000000000000 ) ) ;
#6203 = CARTESIAN_POINT ( 'NONE',  ( -14.00000000000000000, 0.000000000000000000, 16.00000000000000000 ) ) ;
#6204 = AXIS2_PLACEMENT_3D ( 'NONE', #12969, #10979, #4994 ) ;
#6205 = CALENDAR_DATE ( 2026, 21, 9 ) ;
#6206 = FACE_OUTER_BOUND ( 'NONE', #3366, .T. ) ;
#6207 = EDGE_CURVE ( 'NONE', #9245, #161, #5420, .T. ) ;
#6208 = CARTESIAN_POINT ( 'NONE',  ( 0.000000000000000000, 0.000000000000000000, 0.000000000000000000 ) ) ;
#6209 = AXIS2_PLACEMENT_3D ( 'NONE', #2697, #6687, #10734 ) ;
#6210 = ORIENTED_EDGE ( 'NONE', *, *, #2419, .T. ) ;
#6211 = PRODUCT_DEFINITION_SHAPE ( 'NONE', 'NONE',  #13063 ) ;
#6212 = ORIENTED_EDGE ( 'NONE', *, *, #9130, .F. ) ;
#6213 = DESIGN_CONTEXT ( 'detailed design', #11641, 'design' ) ;
#6214 = CALENDAR_DATE ( 2026, 21, 9 ) ;
#6215 = VERTEX_POINT ( 'NONE', #11695 ) ;
#6216 = APPROVAL ( #4627, 'ๆช' ) ;
#6217 = ORIENTED_EDGE ( 'NONE', *, *, #6862, .F. ) ;
#6218 = SECURITY_CLASSIFICATION_LEVEL ( 'unclassified' ) ;
#6219 = DIRECTION ( 'NONE',  ( -0.000000000000000000, -0.000000000000000000, 1.000000000000000000 ) ) ;
#6220 = AXIS2_PLACEMENT_3D ( 'NONE', #12289, #8038, #10166 ) ;
#6221 = CARTESIAN_POINT ( 'NONE',  ( 21.69999999999999929, 14.00000000000000000, 5.000000000000000000 ) ) ;
#6222 = CARTESIAN_POINT ( 'NONE',  ( -11.90000000000000036, -6.400000000000000355, 3.000000000000000000 ) ) ;
#6223 = DIRECTION ( 'NONE',  ( 0.000000000000000000, 1.000000000000000000, 0.000000000000000000 ) ) ;
#6224 = ADVANCED_FACE ( 'NONE', ( #10497 ), #4447, .T. ) ;
#6225 = CARTESIAN_POINT ( 'NONE',  ( -10.04287395702989549, 58.36119079527254883, 0.000000000000000000 ) ) ;
#6226 = ADVANCED_FACE ( 'NONE', ( #7659 ), #2401, .F. ) ;
#6227 = ORIENTED_EDGE ( 'NONE', *, *, #2824, .F. ) ;
#6228 = DIRECTION ( 'NONE',  ( 0.000000000000000000, 0.000000000000000000, -1.000000000000000000 ) ) ;
#6229 = EDGE_LOOP ( 'NONE', ( #11539, #8142, #7065, #6335, #8550, #7636, #12142, #5224 ) ) ;
#6230 = LINE ( 'NONE', #3443, #169 ) ;
#6231 = AXIS2_PLACEMENT_3D ( 'NONE', #236, #8293, #11009 ) ;
#6232 = APPROVAL_STATUS ( 'not_yet_approved' ) ;
#6233 = VECTOR ( 'NONE', #3723, 1000.000000000000000 ) ;
#6234 = ORIENTED_EDGE ( 'NONE', *, *, #1750, .T. ) ;
#6235 = VERTEX_POINT ( 'NONE', #3659 ) ;
#6236 = EDGE_CURVE ( 'NONE', #2785, #7125, #4791, .T. ) ;
#6237 = ADVANCED_BREP_SHAPE_REPRESENTATION ( '', ( #2925, #6542 ), #12033 ) ;
#6238 = DATE_TIME_ROLE ( 'classification_date' ) ;
#6239 = CARTESIAN_POINT ( 'NONE',  ( 137.7000000000000171, 0.000000000000000000, -1.200000000000000030E-05 ) ) ;
#6240 = ORIENTED_EDGE ( 'NONE', *, *, #2803, .F. ) ;
#6241 = DIRECTION ( 'NONE',  ( 1.000000000000000000, 0.000000000000000000, 0.000000000000000000 ) ) ;
#6242 = AXIS2_PLACEMENT_3D ( 'NONE', #9787, #6911, #4852 ) ;
#6243 = CARTESIAN_POINT ( 'NONE',  ( -34.00000000000000000, 5.000000000000000000, -1.200000000000000030E-05 ) ) ;
#6244 = CARTESIAN_POINT ( 'NONE',  ( 0.000000000000000000, 0.000000000000000000, 28.00000000000000000 ) ) ;
#6245 = CARTESIAN_POINT ( 'NONE',  ( 20.85853893179037755, 12.51547649045651411, -0.000000000000000000 ) ) ;
#6246 = EDGE_CURVE ( 'NONE', #991, #4204, #8449, .T. ) ;
#6247 = CARTESIAN_POINT ( 'NONE',  ( 31.22508399488411612, 58.69993048876347075, 0.000000000000000000 ) ) ;
#6248 = CARTESIAN_POINT ( 'NONE',  ( -7.957027739237105379, -0.000000000000000000, 11.63871090099642558 ) ) ;
#6249 = ORIENTED_EDGE ( 'NONE', *, *, #5719, .F. ) ;
#6250 = CARTESIAN_POINT ( 'NONE',  ( -18.30000000000000071, -14.00000000000000000, -6.000000000000000152E-06 ) ) ;
#6251 = EDGE_CURVE ( 'NONE', #7491, #11576, #5562, .T. ) ;
#6252 = ORIENTED_EDGE ( 'NONE', *, *, #8191, .T. ) ;
#6253 = EDGE_CURVE ( 'NONE', #8187, #991, #2668, .T. ) ;
#6254 = CONTEXT_DEPENDENT_SHAPE_REPRESENTATION ( #2706, #1392 ) ;
#6255 = CARTESIAN_POINT ( 'NONE',  ( -14.00000000000000000, 70.00000000000000000, 8.000000000000000000 ) ) ;
#6256 = VECTOR ( 'NONE', #11030, 1000.000000000000000 ) ;
#6257 = VERTEX_POINT ( 'NONE', #3395 ) ;
#6258 = VECTOR ( 'NONE', #862, 1000.000000000000000 ) ;
#6259 = CARTESIAN_POINT ( 'NONE',  ( 0.000000000000000000, 0.000000000000000000, 0.000000000000000000 ) ) ;
#6260 = EDGE_LOOP ( 'NONE', ( #9969, #8274, #3520, #2617 ) ) ;
#6261 = LINE ( 'NONE', #10305, #5660 ) ;
#6262 = APPROVAL_PERSON_ORGANIZATION ( #11078, #12938, #6115 ) ;
#6263 = DIRECTION ( 'NONE',  ( 0.000000000000000000, 0.000000000000000000, 1.000000000000000000 ) ) ;
#6264 = LINE ( 'NONE', #10309, #3339 ) ;
#6265 = LINE ( 'NONE', #1261, #8861 ) ;
#6266 = CARTESIAN_POINT ( 'NONE',  ( 31.00000000000000000, 66.00000000000000000, -1.200000000000000030E-05 ) ) ;
#6267 = CIRCLE ( 'NONE', #5034, 1.699999999999998401 ) ;
#6268 = LOCAL_TIME ( 12, 23, 50.00000000000000000, #11892 ) ;
#6269 = COORDINATED_UNIVERSAL_TIME_OFFSET ( 5, 0, .BEHIND. ) ;
#6270 = ORIENTED_EDGE ( 'NONE', *, *, #2317, .T. ) ;
#6271 = CALENDAR_DATE ( 2026, 21, 9 ) ;
#6272 = ORIENTED_EDGE ( 'NONE', *, *, #2951, .F. ) ;
#6273 = ORIENTED_EDGE ( 'NONE', *, *, #8793, .F. ) ;
#6274 = DIRECTION ( 'NONE',  ( 0.000000000000000000, 0.000000000000000000, 1.000000000000000000 ) ) ;
#6275 = DIRECTION ( 'NONE',  ( 1.000000000000000000, 0.000000000000000000, 0.000000000000000000 ) ) ;
#6276 = CARTESIAN_POINT ( 'NONE',  ( -7.638710900995580921, 55.95702773923796514, -0.000000000000000000 ) ) ;
#6277 = DIRECTION ( 'NONE',  ( -1.000000000000000000, 0.000000000000000000, 0.000000000000000000 ) ) ;
#6278 = CARTESIAN_POINT ( 'NONE',  ( 12.30000000000000249, 70.00000000000000000, -1.200000000000000030E-05 ) ) ;
#6279 = CC_DESIGN_SECURITY_CLASSIFICATION ( #7564, ( #13076 ) ) ;
#6280 = DIRECTION ( 'NONE',  ( 0.000000000000000000, 0.000000000000000000, 1.000000000000000000 ) ) ;
#6281 = APPROVAL_DATE_TIME ( #4692, #21 ) ;
#6282 = DIRECTION ( 'NONE',  ( -0.000000000000000000, 1.000000000000000000, 0.000000000000000000 ) ) ;
#6283 = CARTESIAN_POINT ( 'NONE',  ( -12.30000000000000426, 69.77438419509134349, -0.000000000000000000 ) ) ;
#6285 = ORIENTED_EDGE ( 'NONE', *, *, #7688, .T. ) ;
#6284 = COORDINATED_UNIVERSAL_TIME_OFFSET ( 5, 0, .BEHIND. ) ;
#6286 = ORIENTED_EDGE ( 'NONE', *, *, #1546, .T. ) ;
#6287 = DIRECTION ( 'NONE',  ( -0.000000000000000000, -0.000000000000000000, 1.000000000000000000 ) ) ;
#6288 = CARTESIAN_POINT ( 'NONE',  ( -9.362270370375764372, 10.40952242769113489, 9.456869433615946008 ) ) ;
#6289 = ORIENTED_EDGE ( 'NONE', *, *, #4597, .T. ) ;
#6290 = AXIS2_PLACEMENT_3D ( 'NONE', #6366, #11521, #1201 ) ;
#6291 = ORIENTED_EDGE ( 'NONE', *, *, #4222, .F. ) ;
#6292 = LINE ( 'NONE', #3357, #7501 ) ;
#6293 = EDGE_CURVE ( 'NONE', #8001, #1380, #7593, .T. ) ;
#6294 = VECTOR ( 'NONE', #5403, 1000.000000000000000 ) ;
#6295 = FACE_BOUND ( 'NONE', #498, .T. ) ;
#6296 = FACE_BOUND ( 'NONE', #4612, .T. ) ;
#6297 = CC_DESIGN_APPROVAL ( #12640, ( #9885 ) ) ;
#6298 = CARTESIAN_POINT ( 'NONE',  ( 0.000000000000000000, -11.00000000000000000, 0.000000000000000000 ) ) ;
#6299 = APPROVAL ( #1983, 'UNKNOWN' ) ;
#6300 = CARTESIAN_POINT ( 'NONE',  ( -28.00000000000000000, 0.000000000000000000, 24.00000000000000000 ) ) ;
#6301 = ORIENTED_EDGE ( 'NONE', *, *, #6345, .F. ) ;
#6302 = ORIENTED_EDGE ( 'NONE', *, *, #5463, .F. ) ;
#6303 = CIRCLE ( 'NONE', #2760, 1.700000000000000178 ) ;
#6304 = CARTESIAN_POINT ( 'NONE',  ( 18.95712604297132842, 0.000000000000000000, 10.63880920472698577 ) ) ;
#6305 = EDGE_CURVE ( 'NONE', #7755, #8342, #5363, .T. ) ;
#6306 = CIRCLE ( 'NONE', #7984, 1.700000000000000178 ) ;
#6307 = DATE_AND_TIME ( #1226, #11871 ) ;
#6308 = VERTEX_POINT ( 'NONE', #11560 ) ;
#6309 = SECURITY_CLASSIFICATION_LEVEL ( 'unclassified' ) ;
#6310 = FACE_OUTER_BOUND ( 'NONE', #1552, .T. ) ;
#6311 = ORIENTED_EDGE ( 'NONE', *, *, #5469, .T. ) ;
#6312 = AXIS2_PLACEMENT_3D ( 'NONE', #11839, #11092, #5821 ) ;
#6313 = CARTESIAN_POINT ( 'NONE',  ( -10.88360175605741631, 8.809597095810334011, 10.20000000000000462 ) ) ;
#6314 = EDGE_CURVE ( 'NONE', #10044, #8746, #2531, .T. ) ;
#6315 = EDGE_CURVE ( 'NONE', #5125, #8001, #7877, .T. ) ;
#6316 = COORDINATED_UNIVERSAL_TIME_OFFSET ( 5, 0, .BEHIND. ) ;
#6317 = CARTESIAN_POINT ( 'NONE',  ( -2.500000000000000000, 0.000000000000000000, 68.00000000000000000 ) ) ;
#6318 = VECTOR ( 'NONE', #1193, 1000.000000000000000 ) ;
#6319 = CARTESIAN_POINT ( 'NONE',  ( 35.00000000000000000, -70.00000000000000000, 5.000000000000000000 ) ) ;
#6320 = AXIS2_PLACEMENT_3D ( 'NONE', #1683, #4541, #10842 ) ;
#6321 = CARTESIAN_POINT ( 'NONE',  ( -0.5999999999999999778, 0.000000000000000000, 0.000000000000000000 ) ) ;
#6322 = DIRECTION ( 'NONE',  ( -0.000000000000000000, 1.000000000000000000, 0.000000000000000000 ) ) ;
#6323 = APPROVAL ( #7037, 'UNKNOWN' ) ;
#6324 = CC_DESIGN_PERSON_AND_ORGANIZATION_ASSIGNMENT ( #2895, #5588, ( #12125 ) ) ;
#6325 = CARTESIAN_POINT ( 'NONE',  ( 0.000000000000000000, 0.000000000000000000, 83.00000000000000000 ) ) ;
#6326 = DIRECTION ( 'NONE',  ( -0.000000000000000000, 1.000000000000000000, -0.000000000000000000 ) ) ;
#6327 = ORIENTED_EDGE ( 'NONE', *, *, #2472, .T. ) ;
#6328 = CARTESIAN_POINT ( 'NONE',  ( -12.00000000000000000, -12.00000000000000000, 20.00000000000000000 ) ) ;
#6329 = ORIENTED_EDGE ( 'NONE', *, *, #2535, .T. ) ;
#6330 = VECTOR ( 'NONE', #8176, 1000.000000000000000 ) ;
#6331 = CALENDAR_DATE ( 2026, 21, 9 ) ;
#6332 = EDGE_CURVE ( 'NONE', #4546, #12066, #6651, .T. ) ;
#6333 = CARTESIAN_POINT ( 'NONE',  ( 3.000000000000000000, 10.50000000000000000, 3.000000000000000000 ) ) ;
#6334 = VECTOR ( 'NONE', #1905, 1000.000000000000000 ) ;
#6335 = ORIENTED_EDGE ( 'NONE', *, *, #6819, .T. ) ;
#6336 = CARTESIAN_POINT ( 'NONE',  ( -14.00000000000000000, 70.00000000000000000, -1.200000000000000030E-05 ) ) ;
#6337 = VERTEX_POINT ( 'NONE', #7843 ) ;
#6338 = EDGE_CURVE ( 'NONE', #10163, #11008, #5802, .T. ) ;
#6339 = LINE ( 'NONE', #10375, #8388 ) ;
#6340 = EDGE_CURVE ( 'NONE', #8858, #4340, #4774, .T. ) ;
#6341 =( NAMED_UNIT ( * ) SI_UNIT ( $, .STERADIAN. ) SOLID_ANGLE_UNIT ( ) );
#6342 = CARTESIAN_POINT ( 'NONE',  ( -7.299999999999998934, 66.00000000000000000, -6.000000000000000152E-06 ) ) ;
#6343 = CARTESIAN_POINT ( 'NONE',  ( -30.50000000000000000, -10.00000000000000000, 35.00000000000000000 ) ) ;
#6344 = CARTESIAN_POINT ( 'NONE',  ( -21.00000000000000000, 81.00000000000000000, 6.000000000000000000 ) ) ;
#6345 = EDGE_CURVE ( 'NONE', #6137, #4699, #8773, .T. ) ;
#6346 = CARTESIAN_POINT ( 'NONE',  ( 0.000000000000000000, 0.000000000000000000, 149.0000000000000000 ) ) ;
#6347 = LINE ( 'NONE', #10381, #12456 ) ;
#6348 = VECTOR ( 'NONE', #5534, 1000.000000000000000 ) ;
#6349 = FACE_OUTER_BOUND ( 'NONE', #5586, .T. ) ;
#6350 = ORIENTED_EDGE ( 'NONE', *, *, #5209, .F. ) ;
#6351 = SHAPE_DEFINITION_REPRESENTATION ( #1152, #9905 ) ;
#6352 = ORIENTED_EDGE ( 'NONE', *, *, #1824, .T. ) ;
#6353 = ORIENTED_EDGE ( 'NONE', *, *, #887, .F. ) ;
#6354 = VERTEX_POINT ( 'NONE', #12810 ) ;
#6355 = DIRECTION ( 'NONE',  ( 0.000000000000000000, 0.000000000000000000, 1.000000000000000000 ) ) ;
#6356 = AXIS2_PLACEMENT_3D ( 'NONE', #1307, #4299, #4436 ) ;
#6357 = AXIS2_PLACEMENT_3D ( 'NONE', #8054, #12093, #3058 ) ;
#6358 = CARTESIAN_POINT ( 'NONE',  ( 32.70000000000000284, 57.00000000000000000, 5.000000000000000000 ) ) ;
#6359 = CARTESIAN_POINT ( 'NONE',  ( 0.000000000000000000, 0.000000000000000000, 0.000000000000000000 ) ) ;
#6360 = B_SPLINE_CURVE_WITH_KNOTS ( 'NONE', 3,
 ( #6393, #3457, #5414, #9447, #380, #170, #3385, #2249, #6247, #11425, #7239, #5214, #7517, #10294, #4305, #11353, #7458, #2456 ),
 .UNSPECIFIED., .F., .F.,
 ( 4, 2, 2, 2, 2, 2, 2, 2, 4 ),
 ( 0.000000000000000000, 0.06250000000000000000, 0.1250000000000000000, 0.1875000000000000000, 0.2500000000000000000, 0.3125000000000000000, 0.3750000000000000000, 0.4375000000000000000, 0.5000000000000000000 ),
 .UNSPECIFIED. ) ;
#6361 = CARTESIAN_POINT ( 'NONE',  ( 10.72380529476361488, 9.000000000000204281, 10.20000000000065477 ) ) ;
#6362 = CARTESIAN_POINT ( 'NONE',  ( 10.00000000000000000, 0.000000000000000000, 3.000000000000000000 ) ) ;
#6363 = EDGE_CURVE ( 'NONE', #7493, #5525, #2030, .T. ) ;
#6364 = CC_DESIGN_APPROVAL ( #10030, ( #7620 ) ) ;
#6365 = PLANE ( 'NONE',  #12378 ) ;
#6366 = CARTESIAN_POINT ( 'NONE',  ( 12.80000000000000071, 2.000000000000000000, -1.200000000000000030E-05 ) ) ;
#6368 = ORIENTED_EDGE ( 'NONE', *, *, #9006, .F. ) ;
#6367 = DATE_AND_TIME ( #9200, #4064 ) ;
#6369 = ORIENTED_EDGE ( 'NONE', *, *, #3216, .T. ) ;
#6370 = CARTESIAN_POINT ( 'NONE',  ( -9.047843225473620521, 10.68357329672708644, 8.230474509234989355 ) ) ;
#6371 = VERTEX_POINT ( 'NONE', #9830 ) ;
#6372 = ORIENTED_EDGE ( 'NONE', *, *, #11660, .F. ) ;
#6373 = CARTESIAN_POINT ( 'NONE',  ( 6.442584738250936027, -10.65666690099488711, 0.000000000000000000 ) ) ;
#6374 = APPROVAL_PERSON_ORGANIZATION ( #10442, #8743, #9329 ) ;
#6375 = CARTESIAN_POINT ( 'NONE',  ( 40.00000000000000000, 0.000000000000000000, 0.000000000000000000 ) ) ;
#6376 = LINE ( 'NONE', #6222, #9008 ) ;
#6377 = LINE ( 'NONE', #4145, #8643 ) ;
#6378 = DIRECTION ( 'NONE',  ( 0.000000000000000000, 1.000000000000000000, 0.000000000000000000 ) ) ;
#6379 = ORIENTED_EDGE ( 'NONE', *, *, #3156, .T. ) ;
#6380 = ORIENTED_EDGE ( 'NONE', *, *, #1992, .F. ) ;
#6381 = LOCAL_TIME ( 12, 23, 50.00000000000000000, #5015 ) ;
#6382 = EDGE_CURVE ( 'NONE', #7230, #2510, #11312, .T. ) ;
#6383 = DATE_AND_TIME ( #11731, #1965 ) ;
#6384 = ORIENTED_EDGE ( 'NONE', *, *, #12190, .T. ) ;
#6385 = PERSON_AND_ORGANIZATION ( #7832, #2742 ) ;
#6386 = FACE_BOUND ( 'NONE', #11696, .T. ) ;
#6387 = ORIENTED_EDGE ( 'NONE', *, *, #4085, .T. ) ;
#6388 = CARTESIAN_POINT ( 'NONE',  ( -11.94584366002182740, 7.300467076545174017, 8.631649655577877667 ) ) ;
#6389 = FACE_OUTER_BOUND ( 'NONE', #5457, .T. ) ;
#6390 = CC_DESIGN_APPROVAL ( #3981, ( #9630 ) ) ;
#6391 = FACE_BOUND ( 'NONE', #1491, .T. ) ;
#6392 = CARTESIAN_POINT ( 'NONE',  ( 31.00000000000000000, -1.200000000000000030E-05, 5.700000000000000178 ) ) ;
#6393 = CARTESIAN_POINT ( 'NONE',  ( 32.70000000000000284, 57.00000000000000000, -6.000000000000000152E-06 ) ) ;
#6394 = DIRECTION ( 'NONE',  ( 0.000000000000000000, 0.000000000000000000, -1.000000000000000000 ) ) ;
#6395 = EDGE_CURVE ( 'NONE', #8818, #4836, #9632, .T. ) ;
#6396 = VERTEX_POINT ( 'NONE', #3842 ) ;
#6397 = CARTESIAN_POINT ( 'NONE',  ( 35.00000000000000000, 0.000000000000000000, 4.000000000000000000 ) ) ;
#6398 = ORIENTED_EDGE ( 'NONE', *, *, #5977, .F. ) ;
#6399 = COORDINATED_UNIVERSAL_TIME_OFFSET ( 5, 0, .BEHIND. ) ;
#6400 = CARTESIAN_POINT ( 'NONE',  ( 32.36128909900243400, 64.95702773923299844, -0.000000000000000000 ) ) ;
#6401 = CC_DESIGN_PERSON_AND_ORGANIZATION_ASSIGNMENT ( #9300, #11136, ( #3985 ) ) ;
#6402 = CARTESIAN_POINT ( 'NONE',  ( 11.32625336758537848, 8.229749050941169486, 10.01924676303362993 ) ) ;
#6403 = CC_DESIGN_DATE_AND_TIME_ASSIGNMENT ( #10191, #5247, ( #6780 ) ) ;
#6404 = ORIENTED_EDGE ( 'NONE', *, *, #8736, .T. ) ;
#6405 = DIRECTION ( 'NONE',  ( -1.000000000000000000, 0.000000000000000000, -0.000000000000000000 ) ) ;
#6406 = DIRECTION ( 'NONE',  ( 0.000000000000000000, 1.000000000000000000, 0.000000000000000000 ) ) ;
#6407 = CARTESIAN_POINT ( 'NONE',  ( -22.00000000000000000, 8.000000000000000000, 8.000000000000000000 ) ) ;
#6408 = PLANE ( 'NONE',  #4257 ) ;
#6409 = CARTESIAN_POINT ( 'NONE',  ( -11.91263578868202089, 7.355505887541386123, 9.505990645141926265 ) ) ;
#6410 = DIRECTION ( 'NONE',  ( -1.000000000000000000, 0.000000000000000000, 0.000000000000000000 ) ) ;
#6411 = DIRECTION ( 'NONE',  ( 1.000000000000000000, 0.000000000000000000, 0.000000000000000000 ) ) ;
#6412 = EDGE_CURVE ( 'NONE', #8737, #6097, #4839, .T. ) ;
#6413 = EDGE_CURVE ( 'NONE', #4116, #4464, #10879, .T. ) ;
#6414 = ORIENTED_EDGE ( 'NONE', *, *, #3469, .T. ) ;
#6415 = ORIENTED_EDGE ( 'NONE', *, *, #12878, .F. ) ;
#6416 = ORIENTED_EDGE ( 'NONE', *, *, #4391, .T. ) ;
#6417 = DIRECTION ( 'NONE',  ( 0.000000000000000000, 1.000000000000000000, -0.000000000000000000 ) ) ;
#6418 = DIRECTION ( 'NONE',  ( 0.000000000000000000, 0.000000000000000000, -1.000000000000000000 ) ) ;
#6419 = EDGE_CURVE ( 'NONE', #4287, #5883, #3959, .T. ) ;
#6420 = CARTESIAN_POINT ( 'NONE',  ( -2.600000000000000089, 3.184081677783117698E-16, -6.000000000000000152E-06 ) ) ;
#6421 = DIRECTION ( 'NONE',  ( 0.000000000000000000, 0.000000000000000000, -1.000000000000000000 ) ) ;
#6422 = DIRECTION ( 'NONE',  ( 0.000000000000000000, 0.000000000000000000, 1.000000000000000000 ) ) ;
#6423 = CARTESIAN_POINT ( 'NONE',  ( -7.042873957030633569, -7.638809204728945090, 0.000000000000000000 ) ) ;
#6424 = CARTESIAN_POINT ( 'NONE',  ( -37.50000000000000000, -10.00000000000000000, 28.00000000000000000 ) ) ;
#6425 = CARTESIAN_POINT ( 'NONE',  ( -1.850251865230340353, 1.832291515499593126, -0.000000000000000000 ) ) ;
#6426 = DIRECTION ( 'NONE',  ( 0.000000000000000000, -1.000000000000000000, 0.000000000000000000 ) ) ;
#6427 = ORIENTED_EDGE ( 'NONE', *, *, #8615, .F. ) ;
#6428 = VERTEX_POINT ( 'NONE', #6831 ) ;
#6429 = FACE_OUTER_BOUND ( 'NONE', #589, .T. ) ;
#6430 = ORIENTED_EDGE ( 'NONE', *, *, #9339, .F. ) ;
#6431 = EDGE_CURVE ( 'NONE', #4824, #6428, #6607, .T. ) ;
#6432 = VERTEX_POINT ( 'NONE', #4715 ) ;
#6433 = PERSON_AND_ORGANIZATION_ROLE ( 'design_supplier' ) ;
#6434 = CARTESIAN_POINT ( 'NONE',  ( 7.700000000000000178, -9.000000000000000000, -6.000000000000000152E-06 ) ) ;
#6435 = B_SPLINE_CURVE_WITH_KNOTS ( 'NONE', 3,
 ( #5628, #7472, #596, #8385, #9460, #4652, #12434, #525, #5428, #3597, #2409, #6654, #10706, #3665, #6409, #9391, #7664, #11499, #2738, #8908, #12940, #6782, #10293, #3139 ),
 .UNSPECIFIED., .F., .F.,
 ( 4, 2, 2, 2, 2, 2, 2, 2, 2, 2, 2, 4 ),
 ( 0.006426364726469357275, 0.007171634124655618808, 0.007916903522841880342, 0.008289538221935011109, 0.008662172921028141875, 0.009034807620121272642, 0.009407442319214403409, 0.01015271171740067015, 0.01052534641649380438, 0.01089798111558693688, 0.01164325051377320709, 0.01238851991195947556 ),
 .UNSPECIFIED. ) ;
#6436 = DIRECTION ( 'NONE',  ( -1.000000000000000000, -0.000000000000000000, -0.000000000000000000 ) ) ;
#6437 = PLANE ( 'NONE',  #11753 ) ;
#6438 = AXIS2_PLACEMENT_3D ( 'NONE', #12769, #3734, #7733 ) ;
#6439 = DIRECTION ( 'NONE',  ( -0.000000000000000000, -1.000000000000000000, -0.000000000000000000 ) ) ;
#6440 = CARTESIAN_POINT ( 'NONE',  ( 0.000000000000000000, 3.000000000000000000, 149.0000000000000000 ) ) ;
#6441 = ORIENTED_EDGE ( 'NONE', *, *, #1598, .F. ) ;
#6442 = ORIENTED_EDGE ( 'NONE', *, *, #6332, .T. ) ;
#6443 = CARTESIAN_POINT ( 'NONE',  ( 0.000000000000000000, 25.00000000000000000, 90.00000000000000000 ) ) ;
#6444 = DATE_AND_TIME ( #12534, #9125 ) ;
#6445 = ORIENTED_EDGE ( 'NONE', *, *, #10103, .F. ) ;
#6446 = CARTESIAN_POINT ( 'NONE',  ( -21.00000000000000000, -12.00000000000000000, 3.000000000000000000 ) ) ;
#6447 = ORIENTED_EDGE ( 'NONE', *, *, #4488, .F. ) ;
#6448 = AXIS2_PLACEMENT_3D ( 'NONE', #8510, #11493, #11631 ) ;
#6449 = CARTESIAN_POINT ( 'NONE',  ( -10.69999999999999929, 57.00000000000000000, -6.000000000000000152E-06 ) ) ;
#6450 = ADVANCED_FACE ( 'NONE', ( #8713, #4955 ), #12756, .F. ) ;
#6451 = DIRECTION ( 'NONE',  ( 0.000000000000000000, 0.000000000000000000, 1.000000000000000000 ) ) ;
#6452 = DIRECTION ( 'NONE',  ( 1.000000000000000000, 0.000000000000000000, 0.000000000000000000 ) ) ;
#6453 = AXIS2_PLACEMENT_3D ( 'NONE', #7509, #11546, #10418 ) ;
#6454 = DIRECTION ( 'NONE',  ( -1.000000000000000000, 0.000000000000000000, -0.000000000000000000 ) ) ;
#6455 = VECTOR ( 'NONE', #9037, 1000.000000000000000 ) ;
#6456 = CARTESIAN_POINT ( 'NONE',  ( 31.60000000000000142, 77.50000000000000000, 0.000000000000000000 ) ) ;
#6457 = CARTESIAN_POINT ( 'NONE',  ( -14.00000000000000000, 9.000000000000000000, 10.20000000000000107 ) ) ;
#6458 = EDGE_LOOP ( 'NONE', ( #3523, #11538, #6747, #12032 ) ) ;
#6459 = CARTESIAN_POINT ( 'NONE',  ( -10.50000000000000000, 0.000000000000000000, 6.000000000000000000 ) ) ;
#6460 = ORIENTED_EDGE ( 'NONE', *, *, #7751, .F. ) ;
#6461 = CONTEXT_DEPENDENT_SHAPE_REPRESENTATION ( #2375, #5178 ) ;
#6462 = FACE_OUTER_BOUND ( 'NONE', #1779, .T. ) ;
#6463 = EDGE_LOOP ( 'NONE', ( #11446, #9812, #11544, #1939 ) ) ;
#6464 = CARTESIAN_POINT ( 'NONE',  ( 0.5999999999999999778, 2.200000000000000178, 16.00000000000000000 ) ) ;
#6465 = EDGE_CURVE ( 'NONE', #6167, #7209, #1781, .T. ) ;
#6466 = DIRECTION ( 'NONE',  ( 0.000000000000000000, 0.000000000000000000, -1.000000000000000000 ) ) ;
#6467 = DIRECTION ( 'NONE',  ( -1.000000000000000000, 0.000000000000000000, 0.000000000000000000 ) ) ;
#6468 = DIRECTION ( 'NONE',  ( -0.000000000000000000, -0.000000000000000000, -1.000000000000000000 ) ) ;
#6469 = CC_DESIGN_DATE_AND_TIME_ASSIGNMENT ( #4207, #7727, ( #5024 ) ) ;
#6470 = VECTOR ( 'NONE', #8641, 1000.000000000000000 ) ;
#6471 = AXIS2_PLACEMENT_3D ( 'NONE', #871, #7985, #12962 ) ;
#6472 = CALENDAR_DATE ( 2026, 21, 9 ) ;
#6473 = COORDINATED_UNIVERSAL_TIME_OFFSET ( 5, 0, .BEHIND. ) ;
#6474 = DATE_TIME_ROLE ( 'creation_date' ) ;
#6475 = ORIENTED_EDGE ( 'NONE', *, *, #768, .F. ) ;
#6476 = DIRECTION ( 'NONE',  ( -1.000000000000000000, 0.000000000000000000, -0.000000000000000000 ) ) ;
#6477 = AXIS2_PLACEMENT_3D ( 'NONE', #1273, #126, #5316 ) ;
#6478 = LINE ( 'NONE', #674, #12617 ) ;
#6479 = EDGE_CURVE ( 'NONE', #12439, #6595, #10697, .T. ) ;
#6480 = ADVANCED_FACE ( 'NONE', ( #2178 ), #3167, .F. ) ;
#6481 = CARTESIAN_POINT ( 'NONE',  ( -4.638809204728946867, -7.957126042969366431, 0.000000000000000000 ) ) ;
#6482 = VECTOR ( 'NONE', #11174, 1000.000000000000000 ) ;
#6483 = DIRECTION ( 'NONE',  ( 0.000000000000000000, 0.000000000000000000, 1.000000000000000000 ) ) ;
#6484 = LOCAL_TIME ( 12, 23, 50.00000000000000000, #4912 ) ;
#6485 = CC_DESIGN_PERSON_AND_ORGANIZATION_ASSIGNMENT ( #1234, #5277, ( #1521 ) ) ;
#6486 = CARTESIAN_POINT ( 'NONE',  ( -9.000000000000000000, 57.00000000000000000, -1.200000000000000030E-05 ) ) ;
#6487 = FACE_BOUND ( 'NONE', #1269, .T. ) ;
#6488 = VERTEX_POINT ( 'NONE', #13055 ) ;
#6489 = ORIENTED_EDGE ( 'NONE', *, *, #6700, .T. ) ;
#6490 = FACE_OUTER_BOUND ( 'NONE', #9663, .T. ) ;
#6491 = ORIENTED_EDGE ( 'NONE', *, *, #4009, .T. ) ;
#6492 = DATE_AND_TIME ( #12592, #4057 ) ;
#6493 = ORIENTED_EDGE ( 'NONE', *, *, #11504, .F. ) ;
#6494 = VECTOR ( 'NONE', #8225, 1000.000000000000000 ) ;
#6495 = LOCAL_TIME ( 12, 23, 50.00000000000000000, #10368 ) ;
#6496 = FACE_OUTER_BOUND ( 'NONE', #10617, .T. ) ;
#6497 = EDGE_CURVE ( 'NONE', #10524, #6610, #1149, .T. ) ;
#6498 = CARTESIAN_POINT ( 'NONE',  ( -24.30000000000000071, 0.000000000000000000, -0.000000000000000000 ) ) ;
#6499 = FACE_OUTER_BOUND ( 'NONE', #760, .T. ) ;
#6500 = LINE ( 'NONE', #11603, #6348 ) ;
#6501 = ADVANCED_FACE ( 'NONE', ( #7165 ), #11210, .F. ) ;
#6502 = DIRECTION ( 'NONE',  ( 1.000000000000000000, -0.000000000000000000, -0.000000000000000000 ) ) ;
#6503 = VERTEX_POINT ( 'NONE', #7091 ) ;
#6504 = VECTOR ( 'NONE', #12165, 1000.000000000000000 ) ;
#6505 = ORIENTED_EDGE ( 'NONE', *, *, #2220, .F. ) ;
#6506 = CC_DESIGN_APPROVAL ( #2869, ( #4426 ) ) ;
#6507 = DIRECTION ( 'NONE',  ( 0.000000000000000000, 0.000000000000000000, -1.000000000000000000 ) ) ;
#6508 = PERSON_AND_ORGANIZATION ( #2675, #9931 ) ;
#6509 = VERTEX_POINT ( 'NONE', #8025 ) ;
#6510 = CARTESIAN_POINT ( 'NONE',  ( 24.30000000000000071, -57.00000000000000000, 5.000000000000000000 ) ) ;
#6511 = VECTOR ( 'NONE', #11745, 1000.000000000000000 ) ;
#6512 = ORIENTED_EDGE ( 'NONE', *, *, #3993, .F. ) ;
#6513 = DIRECTION ( 'NONE',  ( 1.000000000000000000, 0.000000000000000000, -0.000000000000000000 ) ) ;
#6514 = CARTESIAN_POINT ( 'NONE',  ( 0.000000000000000000, 1.300000000000000044, 0.000000000000000000 ) ) ;
#6515 = CARTESIAN_POINT ( 'NONE',  ( 10.00000000000000000, -10.00000000000000000, 35.00000000000000000 ) ) ;
#6516 = VECTOR ( 'NONE', #9430, 1000.000000000000000 ) ;
#6517 = PLANE ( 'NONE',  #3419 ) ;
#6518 = DIRECTION ( 'NONE',  ( -0.000000000000000000, -0.000000000000000000, 1.000000000000000000 ) ) ;
#6519 = FACE_OUTER_BOUND ( 'NONE', #4390, .T. ) ;
#6520 = VERTEX_POINT ( 'NONE', #6173 ) ;
#6521 = CARTESIAN_POINT ( 'NONE',  ( -20.22508399488681619, -15.69993048876420438, 0.000000000000000000 ) ) ;
#6522 = ORIENTED_EDGE ( 'NONE', *, *, #3114, .T. ) ;
#6523 = DATE_AND_TIME ( #2790, #9021 ) ;
#6524 = CARTESIAN_POINT ( 'NONE',  ( -11.59999999999999964, 0.000000000000000000, 6.000000000000000000 ) ) ;
#6525 = CARTESIAN_POINT ( 'NONE',  ( 11.04041184224593763, 8.612030553185554993, 10.16769485529068717 ) ) ;
#6526 = AXIS2_PLACEMENT_3D ( 'NONE', #2276, #5443, #6421 ) ;
#6527 = VECTOR ( 'NONE', #6870, 1000.000000000000000 ) ;
#6528 =( LENGTH_UNIT ( ) NAMED_UNIT ( * ) SI_UNIT ( .MILLI., .METRE. ) );
#6529 = DIRECTION ( 'NONE',  ( -0.000000000000000000, -0.000000000000000000, 1.000000000000000000 ) ) ;
#6530 = AXIS2_PLACEMENT_3D ( 'NONE', #395, #10441, #1123 ) ;
#6531 = FACE_OUTER_BOUND ( 'NONE', #3942, .T. ) ;
#6532 = CARTESIAN_POINT ( 'NONE',  ( 125.6566669009919508, 0.4425847382503730332, -0.000000000000000000 ) ) ;
#6533 = COORDINATED_UNIVERSAL_TIME_OFFSET ( 5, 0, .BEHIND. ) ;
#6534 = AXIS2_PLACEMENT_3D ( 'NONE', #7835, #5741, #4571 ) ;
#6535 = VECTOR ( 'NONE', #5249, 1000.000000000000000 ) ;
#6536 = VERTEX_POINT ( 'NONE', #4095 ) ;
#6537 = EDGE_LOOP ( 'NONE', ( #7680, #3245, #1145, #229 ) ) ;
#6538 = EDGE_CURVE ( 'NONE', #4824, #4450, #11137, .T. ) ;
#6539 = PERSON_AND_ORGANIZATION_ROLE ( 'classification_officer' ) ;
#6540 = ORIENTED_EDGE ( 'NONE', *, *, #7868, .T. ) ;
#6541 = CARTESIAN_POINT ( 'NONE',  ( -9.000000000000000000, -1.200000000000000030E-05, 13.00000000000000000 ) ) ;
#6542 = AXIS2_PLACEMENT_3D ( 'NONE', #7975, #977, #4110 ) ;
#6543 = AXIS2_PLACEMENT_3D ( 'NONE', #12423, #10493, #6394 ) ;
#6544 = CARTESIAN_POINT ( 'NONE',  ( 9.047774080068554881, 10.68363060322405289, 8.231058013007709562 ) ) ;
#6545 = CARTESIAN_POINT ( 'NONE',  ( 18.34320465898919750, 14.44263793984841548, -0.000000000000000000 ) ) ;
#6546 = CARTESIAN_POINT ( 'NONE',  ( 43.00000000000000000, 0.000000000000000000, 17.00000000000000000 ) ) ;
#6547 = CARTESIAN_POINT ( 'NONE',  ( 0.000000000000000000, -57.00000000000000000, -0.000000000000000000 ) ) ;
#6548 = ORIENTED_EDGE ( 'NONE', *, *, #6363, .T. ) ;
#6549 = VERTEX_POINT ( 'NONE', #3234 ) ;
#6550 = AXIS2_PLACEMENT_3D ( 'NONE', #9701, #11687, #11548 ) ;
#6551 = APPROVAL_PERSON_ORGANIZATION ( #11431, #6145, #459 ) ;
#6552 = EDGE_CURVE ( 'NONE', #5761, #6337, #1175, .T. ) ;
#6553 = EDGE_LOOP ( 'NONE', ( #11251, #2689, #3123, #5699 ) ) ;
#6554 = ORIENTED_EDGE ( 'NONE', *, *, #6636, .F. ) ;
#6555 = APPROVAL_STATUS ( 'not_yet_approved' ) ;
#6556 = EDGE_LOOP ( 'NONE', ( #5002, #5583, #7935, #272 ) ) ;
#6557 = CC_DESIGN_PERSON_AND_ORGANIZATION_ASSIGNMENT ( #1569, #3645, ( #9885 ) ) ;
#6558 = DIRECTION ( 'NONE',  ( 0.000000000000000000, 0.000000000000000000, -1.000000000000000000 ) ) ;
#6559 = APPROVAL ( #6725, 'ๆช' ) ;
#6560 = FACE_OUTER_BOUND ( 'NONE', #9483, .T. ) ;
#6561 = PRODUCT_DEFINITION_FORMATION_WITH_SPECIFIED_SOURCE ( 'ไป', '', #8747, .NOT_KNOWN. ) ;
#6562 = DIRECTION ( 'NONE',  ( -1.000000000000000000, 0.000000000000000000, 0.000000000000000000 ) ) ;
#6563 = DIRECTION ( 'NONE',  ( 0.000000000000000000, 0.000000000000000000, 1.000000000000000000 ) ) ;
#6564 = ORIENTED_EDGE ( 'NONE', *, *, #281, .F. ) ;
#6565 = ORIENTED_EDGE ( 'NONE', *, *, #10548, .T. ) ;
#6566 = ADVANCED_FACE ( 'NONE', ( #10218 ), #8084, .F. ) ;
#6567 = CARTESIAN_POINT ( 'NONE',  ( 0.000000000000000000, 0.000000000000000000, 4.000000000000000000 ) ) ;
#6568 = DATE_AND_TIME ( #1364, #11465 ) ;
#6569 = EDGE_CURVE ( 'NONE', #6925, #12936, #12069, .T. ) ;
#6570 = ORIENTED_EDGE ( 'NONE', *, *, #4237, .T. ) ;
#6571 = CC_DESIGN_APPROVAL ( #6949, ( #12050 ) ) ;
#6572 = LINE ( 'NONE', #2517, #8778 ) ;
#6573 = VERTEX_POINT ( 'NONE', #12196 ) ;
#6574 = EDGE_CURVE ( 'NONE', #3033, #9857, #3308, .T. ) ;
#6575 = FACE_BOUND ( 'NONE', #2312, .T. ) ;
#6576 = CARTESIAN_POINT ( 'NONE',  ( -3.000000000000000000, 0.000000000000000000, 38.00000000000000000 ) ) ;
#6577 = CARTESIAN_POINT ( 'NONE',  ( 21.65686506842306969, 13.55753025008539048, -0.000000000000000000 ) ) ;
#6578 = PRODUCT_DEFINITION_FORMATION_WITH_SPECIFIED_SOURCE ( 'ไป', '', #3648, .NOT_KNOWN. ) ;
#6579 = CARTESIAN_POINT ( 'NONE',  ( -12.80000000000000071, -2.000000000000000000, 3.000000000000000000 ) ) ;
#6580 = LINE ( 'NONE', #7191, #6866 ) ;
#6581 = FACE_OUTER_BOUND ( 'NONE', #10529, .T. ) ;
#6582 = ORIENTED_EDGE ( 'NONE', *, *, #11833, .T. ) ;
#6583 = DIRECTION ( 'NONE',  ( 0.000000000000000000, 0.000000000000000000, -1.000000000000000000 ) ) ;
#6584 = DATE_TIME_ROLE ( 'classification_date' ) ;
#6585 = CARTESIAN_POINT ( 'NONE',  ( 27.69999999999999929, 57.00000000000000000, 5.000000000000000000 ) ) ;
#6586 = DIRECTION ( 'NONE',  ( 1.000000000000000000, 0.000000000000000000, 0.000000000000000000 ) ) ;
#6587 = LOCAL_TIME ( 12, 23, 50.00000000000000000, #3369 ) ;
#6588 = CARTESIAN_POINT ( 'NONE',  ( -7.299999999999998934, 66.22525195654463914, 0.000000000000000000 ) ) ;
#6589 = DIRECTION ( 'NONE',  ( 0.000000000000000000, -0.000000000000000000, 1.000000000000000000 ) ) ;
#6590 = CARTESIAN_POINT ( 'NONE',  ( 0.6767371672055961795, -2.533830729021501416, 0.000000000000000000 ) ) ;
#6591 = FACE_BOUND ( 'NONE', #8474, .T. ) ;
#6592 = CARTESIAN_POINT ( 'NONE',  ( 6.000000000000000000, 0.000000000000000000, 20.00000000000000000 ) ) ;
#6593 = PERSON_AND_ORGANIZATION ( #2675, #9931 ) ;
#6594 = VECTOR ( 'NONE', #1412, 1000.000000000000000 ) ;
#6595 = VERTEX_POINT ( 'NONE', #3035 ) ;
#6596 = COORDINATED_UNIVERSAL_TIME_OFFSET ( 5, 0, .BEHIND. ) ;
#6597 = ORIENTED_EDGE ( 'NONE', *, *, #9567, .T. ) ;
#6598 = SECURITY_CLASSIFICATION_LEVEL ( 'unclassified' ) ;
#6599 = FACE_OUTER_BOUND ( 'NONE', #9260, .T. ) ;
#6600 = CARTESIAN_POINT ( 'NONE',  ( -7.700000000000000178, -9.000000000000000000, -6.000000000000000152E-06 ) ) ;
#6601 = ADVANCED_FACE ( 'NONE', ( #160 ), #4227, .F. ) ;
#6602 = LINE ( 'NONE', #12716, #12124 ) ;
#6603 = DIRECTION ( 'NONE',  ( 0.000000000000000000, -0.000000000000000000, 1.000000000000000000 ) ) ;
#6604 = ORIENTED_EDGE ( 'NONE', *, *, #98, .T. ) ;
#6605 = ORIENTED_EDGE ( 'NONE', *, *, #2803, .T. ) ;
#6606 = DESIGN_CONTEXT ( 'detailed design', #5570, 'design' ) ;
#6607 = B_SPLINE_CURVE_WITH_KNOTS ( 'NONE', 3,
 ( #7957, #1842, #2729, #8900, #6777, #12935, #3899, #900, #7896, #12008, #11941, #6898, #9712, #10938, #652, #10819, #1912, #5921 ),
 .UNSPECIFIED., .F., .F.,
 ( 4, 2, 2, 2, 2, 2, 2, 2, 4 ),
 ( 0.000000000000000000, 0.06250000000000000000, 0.1250000000000000000, 0.1875000000000000000, 0.2500000000000000000, 0.3125000000000000000, 0.3750000000000000000, 0.4375000000000000000, 0.5000000000000000000 ),
 .UNSPECIFIED. ) ;
#6608 = CARTESIAN_POINT ( 'NONE',  ( -21.36128909900331152, -12.95702773923647833, -0.000000000000000000 ) ) ;
#6609 = VECTOR ( 'NONE', #9735, 1000.000000000000000 ) ;
#6610 = VERTEX_POINT ( 'NONE', #7024 ) ;
#6611 = CALENDAR_DATE ( 2026, 21, 9 ) ;
#6612 = VERTEX_POINT ( 'NONE', #11274 ) ;
#6613 = CARTESIAN_POINT ( 'NONE',  ( -2.600000000000000089, 3.184081677783117698E-16, -6.000000000000000152E-06 ) ) ;
#6614 = DIRECTION ( 'NONE',  ( -0.000000000000000000, -0.000000000000000000, -1.000000000000000000 ) ) ;
#6615 = DIRECTION ( 'NONE',  ( 0.000000000000000000, 1.000000000000000000, 0.000000000000000000 ) ) ;
#6616 = ADVANCED_FACE ( 'NONE', ( #2238 ), #10282, .F. ) ;
#6617 = DIRECTION ( 'NONE',  ( -0.000000000000000000, 1.000000000000000000, -0.000000000000000000 ) ) ;
#6618 = DIRECTION ( 'NONE',  ( 1.000000000000000000, 0.000000000000000000, 0.000000000000000000 ) ) ;
#6619 = CARTESIAN_POINT ( 'NONE',  ( 31.00000000000000000, 59.50000000000000000, 4.000000000000000000 ) ) ;
#6620 = VERTEX_POINT ( 'NONE', #10013 ) ;
#6621 = ORIENTED_EDGE ( 'NONE', *, *, #6569, .F. ) ;
#6622 = APPROVAL ( #1021, 'ๆช' ) ;
#6623 = COORDINATED_UNIVERSAL_TIME_OFFSET ( 5, 0, .BEHIND. ) ;
#6624 = UNCERTAINTY_MEASURE_WITH_UNIT (LENGTH_MEASURE( 1.000000000000000082E-05 ), #12129, 'distance_accuracy_value', 'NONE');
#6625 = CARTESIAN_POINT ( 'NONE',  ( 10.00000000000000000, -10.00000000000000000, 0.000000000000000000 ) ) ;
#6626 = SECURITY_CLASSIFICATION_LEVEL ( 'unclassified' ) ;
#6627 = EDGE_LOOP ( 'NONE', ( #12922, #7740, #7319, #10802 ) ) ;
#6628 = CARTESIAN_POINT ( 'NONE',  ( 18.95712604296905113, -12.63880920472926483, 0.000000000000000000 ) ) ;
#6629 = SECURITY_CLASSIFICATION_LEVEL ( 'unclassified' ) ;
#6630 = ORIENTED_EDGE ( 'NONE', *, *, #1976, .T. ) ;
#6631 =( LENGTH_UNIT ( ) NAMED_UNIT ( * ) SI_UNIT ( .MILLI., .METRE. ) );
#6632 = AXIS2_PLACEMENT_3D ( 'NONE', #9486, #11531, #10407 ) ;
#6633 = DIRECTION ( 'NONE',  ( 1.000000000000000000, -0.000000000000000000, -0.000000000000000000 ) ) ;
#6634 = ADVANCED_FACE ( 'NONE', ( #1229 ), #9301, .F. ) ;
#6635 = FACE_OUTER_BOUND ( 'NONE', #2529, .T. ) ;
#6636 = EDGE_CURVE ( 'NONE', #5597, #10728, #1827, .T. ) ;
#6637 = CARTESIAN_POINT ( 'NONE',  ( -32.00000000000000000, 5.000000000000000000, 28.00000000000000000 ) ) ;
#6638 = VECTOR ( 'NONE', #4935, 1000.000000000000000 ) ;
#6639 = FACE_OUTER_BOUND ( 'NONE', #12610, .T. ) ;
#6641 = ADVANCED_FACE ( 'NONE', ( #11064 ), #2035, .F. ) ;
#6640 = APPROVAL ( #6667, 'ๆช' ) ;
#6642 = CARTESIAN_POINT ( 'NONE',  ( 12.63871090099773831, 71.04297226076383254, -0.000000000000000000 ) ) ;
#6643 = VERTEX_POINT ( 'NONE', #1445 ) ;
#6644 = DIRECTION ( 'NONE',  ( 0.000000000000000000, -0.000000000000000000, -1.000000000000000000 ) ) ;
#6645 = AXIS2_PLACEMENT_3D ( 'NONE', #789, #4788, #7970 ) ;
#6646 = VERTEX_POINT ( 'NONE', #2448 ) ;
#6647 = PERSON_AND_ORGANIZATION ( #1366, #7118 ) ;
#6648 = DIRECTION ( 'NONE',  ( -1.000000000000000000, -0.000000000000000000, -0.000000000000000000 ) ) ;
#6649 = EDGE_LOOP ( 'NONE', ( #7039, #9937, #2544, #12115 ) ) ;
#6650 = CARTESIAN_POINT ( 'NONE',  ( 11.25500529808220485, 8.327020506907690134, 6.935553284710733735 ) ) ;
#6651 = CIRCLE ( 'NONE', #10033, 1.700000000000000178 ) ;
#6653 = EDGE_CURVE ( 'NONE', #5771, #3334, #4632, .T. ) ;
#6652 = LINE ( 'NONE', #2408, #4689 ) ;
#6654 = CARTESIAN_POINT ( 'NONE',  ( -11.93695299064316551, 7.315065345002939701, 10.25716427385520113 ) ) ;
#6655 = LINE ( 'NONE', #10825, #1478 ) ;
#6656 = EDGE_CURVE ( 'NONE', #270, #9092, #6572, .T. ) ;
#6657 = CARTESIAN_POINT ( 'NONE',  ( 29.63871090099800654, -0.000000000000000000, 11.95702773923367168 ) ) ;
#6658 = EDGE_CURVE ( 'NONE', #5433, #7054, #10472, .T. ) ;
#6659 = DIRECTION ( 'NONE',  ( 0.000000000000000000, 0.000000000000000000, 1.000000000000000000 ) ) ;
#6660 = APPROVAL_DATE_TIME ( #2679, #8503 ) ;
#6661 = VERTEX_POINT ( 'NONE', #3298 ) ;
#6662 = VERTEX_POINT ( 'NONE', #7301 ) ;
#6663 = COORDINATED_UNIVERSAL_TIME_OFFSET ( 5, 0, .BEHIND. ) ;
#6664 = CIRCLE ( 'NONE', #12800, 2.600000000000000089 ) ;
#6665 = VECTOR ( 'NONE', #282, 1000.000000000000000 ) ;
#6666 = ORIENTED_EDGE ( 'NONE', *, *, #2217, .F. ) ;
#6667 = APPROVAL_STATUS ( 'not_yet_approved' ) ;
#6668 = CARTESIAN_POINT ( 'NONE',  ( 11.50000000000000000, -6.000000000000000000, 22.00000000000000000 ) ) ;
#6669 =( NAMED_UNIT ( * ) SI_UNIT ( $, .STERADIAN. ) SOLID_ANGLE_UNIT ( ) );
#6670 = CLOSED_SHELL ( 'NONE', ( #7781, #4470, #8194, #9294 ) ) ;
#6671 = CARTESIAN_POINT ( 'NONE',  ( -7.361289099003629488, -7.957027739236790076, -0.000000000000000000 ) ) ;
#6672 = CARTESIAN_POINT ( 'NONE',  ( 21.48452350954385892, 14.85853893178999741, -0.000000000000000000 ) ) ;
#6673 = VECTOR ( 'NONE', #9143, 1000.000000000000000 ) ;
#6674 = VECTOR ( 'NONE', #2875, 1000.000000000000000 ) ;
#6675 = CARTESIAN_POINT ( 'NONE',  ( 12.30000000000000249, 70.00000000000000000, -6.000000000000000152E-06 ) ) ;
#6676 = CARTESIAN_POINT ( 'NONE',  ( 43.00000000000000000, 81.00000000000000000, 0.000000000000000000 ) ) ;
#6677 = EDGE_LOOP ( 'NONE', ( #4479, #4309, #11574, #9218 ) ) ;
#6678 = ADVANCED_FACE ( 'NONE', ( #9502 ), #12609, .F. ) ;
#6679 = ORIENTED_EDGE ( 'NONE', *, *, #12881, .T. ) ;
#6680 = AXIS2_PLACEMENT_3D ( 'NONE', #4616, #3376, #12664 ) ;
#6681 = LINE ( 'NONE', #5715, #9647 ) ;
#6682 = ORIENTED_EDGE ( 'NONE', *, *, #5094, .T. ) ;
#6683 = ORIENTED_EDGE ( 'NONE', *, *, #2382, .F. ) ;
#6684 = VECTOR ( 'NONE', #12025, 1000.000000000000000 ) ;
#6685 = LINE ( 'NONE', #11347, #5216 ) ;
#6686 = VECTOR ( 'NONE', #7342, 1000.000000000000000 ) ;
#6687 = DIRECTION ( 'NONE',  ( 1.000000000000000000, 0.000000000000000000, 0.000000000000000000 ) ) ;
#6688 = CARTESIAN_POINT ( 'NONE',  ( 0.000000000000000000, 0.000000000000000000, 149.0000000000000000 ) ) ;
#6689 = CC_DESIGN_SECURITY_CLASSIFICATION ( #5024, ( #13063 ) ) ;
#6690 = SHAPE_DEFINITION_REPRESENTATION ( #11637, #8195 ) ;
#6691 = DIRECTION ( 'NONE',  ( -0.000000000000000000, -0.000000000000000000, -1.000000000000000000 ) ) ;
#6692 = VERTEX_POINT ( 'NONE', #9436 ) ;
#6693 = VERTEX_POINT ( 'NONE', #6510 ) ;
#6694 = EDGE_CURVE ( 'NONE', #4170, #10794, #11345, .T. ) ;
#6695 = DIRECTION ( 'NONE',  ( -1.000000000000000000, 0.000000000000000000, 0.000000000000000000 ) ) ;
#6696 = APPROVAL_ROLE ( '' ) ;
#6697 = CALENDAR_DATE ( 2026, 21, 9 ) ;
#6698 = VERTEX_POINT ( 'NONE', #12411 ) ;
#6699 = CC_DESIGN_SECURITY_CLASSIFICATION ( #5234, ( #13070 ) ) ;
#6701 = ADVANCED_FACE ( 'NONE', ( #2588 ), #4433, .F. ) ;
#6700 = EDGE_CURVE ( 'NONE', #4293, #12123, #4359, .T. ) ;
#6702 = CARTESIAN_POINT ( 'NONE',  ( 21.69999999999999929, -14.00000000000000000, -6.000000000000000152E-06 ) ) ;
#6703 = VERTEX_POINT ( 'NONE', #6446 ) ;
#6704 = DIRECTION ( 'NONE',  ( -1.000000000000000000, 0.000000000000000000, -0.000000000000000000 ) ) ;
#6705 = APPROVAL ( #8969, 'UNKNOWN' ) ;
#6706 = CC_DESIGN_SECURITY_CLASSIFICATION ( #3593, ( #13080 ) ) ;
#6707 = CARTESIAN_POINT ( 'NONE',  ( -9.170466408454513996, 10.57870852589375055, 10.64206504667296649 ) ) ;
#6708 = CARTESIAN_POINT ( 'NONE',  ( -32.00000000000000000, 5.000000000000000000, 25.00000000000000000 ) ) ;
#6709 = ADVANCED_BREP_SHAPE_REPRESENTATION ( '', ( #3160, #6542 ), #6111 ) ;
#6710 = DIRECTION ( 'NONE',  ( -0.000000000000000000, -1.000000000000000000, -0.000000000000000000 ) ) ;
#6711 = ORIENTED_EDGE ( 'NONE', *, *, #2819, .F. ) ;
#6712 = FACE_OUTER_BOUND ( 'NONE', #3535, .T. ) ;
#6713 = ORIENTED_EDGE ( 'NONE', *, *, #3506, .F. ) ;
#6714 = APPROVAL_STATUS ( 'not_yet_approved' ) ;
#6715 = EDGE_CURVE ( 'NONE', #5893, #5680, #1509, .T. ) ;
#6716 = CARTESIAN_POINT ( 'NONE',  ( 24.30000000000000071, 57.00000000000000000, 5.000000000000000000 ) ) ;
#6717 = ORIENTED_EDGE ( 'NONE', *, *, #5924, .F. ) ;
#6718 = DIRECTION ( 'NONE',  ( -0.000000000000000000, -0.000000000000000000, 1.000000000000000000 ) ) ;
#6719 = APPLICATION_CONTEXT ( 'configuration controlled 3d designs of mechanical parts and assemblies' ) ;
#6720 = CC_DESIGN_DATE_AND_TIME_ASSIGNMENT ( #4954, #9896, ( #12000 ) ) ;
#6721 = APPROVAL ( #228, 'ๆช' ) ;
#6722 = AXIS2_PLACEMENT_3D ( 'NONE', #12867, #6773, #3656 ) ;
#6723 = CARTESIAN_POINT ( 'NONE',  ( -12.00000000000000000, 12.00000000000000000, 20.00000000000000000 ) ) ;
#6724 = DIRECTION ( 'NONE',  ( 0.000000000000000000, -1.000000000000000000, 0.000000000000000000 ) ) ;
#6725 = APPROVAL_STATUS ( 'not_yet_approved' ) ;
#6726 = FACE_BOUND ( 'NONE', #3011, .T. ) ;
#6727 = ORIENTED_EDGE ( 'NONE', *, *, #564, .F. ) ;
#6728 = ORIENTED_EDGE ( 'NONE', *, *, #3559, .F. ) ;
#6729 = AXIS2_PLACEMENT_3D ( 'NONE', #5262, #7155, #2299 ) ;
#6730 = ADVANCED_FACE ( 'NONE', ( #6310 ), #5603, .F. ) ;
#6731 = CARTESIAN_POINT ( 'NONE',  ( -1.519536942383790556, 2.115299939237502702, -0.000000000000000000 ) ) ;
#6732 = AXIS2_PLACEMENT_3D ( 'NONE', #2079, #1820, #6084 ) ;
#6733 = ORIENTED_EDGE ( 'NONE', *, *, #618, .T. ) ;
#6734 = EDGE_CURVE ( 'NONE', #5080, #8721, #1610, .T. ) ;
#6735 = DIRECTION ( 'NONE',  ( 0.000000000000000000, -1.000000000000000000, 0.000000000000000000 ) ) ;
#6736 = DIRECTION ( 'NONE',  ( -0.000000000000000000, -0.000000000000000000, 1.000000000000000000 ) ) ;
#6737 = AXIS2_PLACEMENT_3D ( 'NONE', #751, #7687, #10737 ) ;
#6738 = EDGE_CURVE ( 'NONE', #11269, #13041, #10350, .T. ) ;
#6739 = DIRECTION ( 'NONE',  ( 0.000000000000000000, 0.000000000000000000, -1.000000000000000000 ) ) ;
#6740 = AXIS2_PLACEMENT_3D ( 'NONE', #7129, #201, #11380 ) ;
#6741 = CARTESIAN_POINT ( 'NONE',  ( 183.0000000000000000, 146.0000000000000000, 83.00000000000000000 ) ) ;
#6742 = CIRCLE ( 'NONE', #10121, 1.700000000000000178 ) ;
#6743 = FACE_OUTER_BOUND ( 'NONE', #2958, .T. ) ;
#6744 = CARTESIAN_POINT ( 'NONE',  ( 10.50000000000000000, 0.000000000000000000, 16.00000000000000000 ) ) ;
#6745 = CIRCLE ( 'NONE', #3413, 1.700000000000000178 ) ;
#6746 = VERTEX_POINT ( 'NONE', #501 ) ;
#6747 = ORIENTED_EDGE ( 'NONE', *, *, #3469, .F. ) ;
#6748 = ORIENTED_EDGE ( 'NONE', *, *, #10839, .T. ) ;
#6749 = AXIS2_PLACEMENT_3D ( 'NONE', #11964, #2930, #6919 ) ;
#6750 = CIRCLE ( 'NONE', #9289, 2.000000000000001776 ) ;
#6751 = VERTEX_POINT ( 'NONE', #4563 ) ;
#6752 = CARTESIAN_POINT ( 'NONE',  ( -2.270342840037289811, -1.313216681092628013, -0.000000000000000000 ) ) ;
#6753 = FACE_OUTER_BOUND ( 'NONE', #3713, .T. ) ;
#6754 = CARTESIAN_POINT ( 'NONE',  ( -9.000000000000000000, -6.000000000000000152E-06, 2.299999999999999822 ) ) ;
#6755 =( GEOMETRIC_REPRESENTATION_CONTEXT ( 3 ) GLOBAL_UNCERTAINTY_ASSIGNED_CONTEXT ( ( #7573 ) ) GLOBAL_UNIT_ASSIGNED_CONTEXT ( ( #6528, #4315, #3255 ) ) REPRESENTATION_CONTEXT ( 'NONE', 'WORKASPACE' ) );
#6756 = DIRECTION ( 'NONE',  ( 0.000000000000000000, 0.000000000000000000, 1.000000000000000000 ) ) ;
#6757 = CARTESIAN_POINT ( 'NONE',  ( 0.000000000000000000, 27.50000000000000000, 58.00000000000000000 ) ) ;
#6758 = ORIENTED_EDGE ( 'NONE', *, *, #10465, .T. ) ;
#6759 = ORIENTED_EDGE ( 'NONE', *, *, #244, .F. ) ;
#6760 = CARTESIAN_POINT ( 'NONE',  ( 30.77491600511331882, 0.000000000000000000, 2.299930488764208025 ) ) ;
#6761 = PERSON_AND_ORGANIZATION_ROLE ( 'design_owner' ) ;
#6762 = DIRECTION ( 'NONE',  ( 0.000000000000000000, -1.000000000000000000, 0.000000000000000000 ) ) ;
#6763 = EDGE_LOOP ( 'NONE', ( #11389, #2102 ) ) ;
#6764 = APPROVAL_PERSON_ORGANIZATION ( #11140, #1663, #903 ) ;
#6765 = LINE ( 'NONE', #10810, #5928 ) ;
#6766 = SHAPE_REPRESENTATION ( 'V3_03_bearing_retainer', ( #6542 ), #12884 ) ;
#6767 = FACE_OUTER_BOUND ( 'NONE', #4279, .T. ) ;
#6768 = EDGE_CURVE ( 'NONE', #2644, #10163, #12595, .T. ) ;
#6769 = DIRECTION ( 'NONE',  ( 0.000000000000000000, 0.000000000000000000, -1.000000000000000000 ) ) ;
#6770 = LOCAL_TIME ( 12, 23, 50.00000000000000000, #6316 ) ;
#6771 = CARTESIAN_POINT ( 'NONE',  ( 0.000000000000000000, 0.000000000000000000, 16.00000000000000000 ) ) ;
#6772 = VERTEX_POINT ( 'NONE', #7450 ) ;
#6773 = DIRECTION ( 'NONE',  ( -0.000000000000000000, -0.000000000000000000, -1.000000000000000000 ) ) ;
#6774 = CALENDAR_DATE ( 2026, 21, 9 ) ;
#6775 = ORIENTED_EDGE ( 'NONE', *, *, #4920, .F. ) ;
#6776 = DATE_TIME_ROLE ( 'classification_date' ) ;
#6777 = CARTESIAN_POINT ( 'NONE',  ( 137.3611907952756610, 1.042873957029554211, 0.000000000000000000 ) ) ;
#6778 = ORIENTED_EDGE ( 'NONE', *, *, #2784, .T. ) ;
#6779 = CARTESIAN_POINT ( 'NONE',  ( 136.8585389317908607, -1.484523509544498410, -0.000000000000000000 ) ) ;
#6780 = SECURITY_CLASSIFICATION ( '', '', #10325 ) ;
#6781 = CYLINDRICAL_SURFACE ( 'NONE', #8947, 1.700000000000000178 ) ;
#6782 = CARTESIAN_POINT ( 'NONE',  ( -11.04168123444022420, 8.610387747206914355, 8.332736012061415565 ) ) ;
#6783 = EDGE_CURVE ( 'NONE', #7621, #11576, #303, .T. ) ;
#6784 = DIRECTION ( 'NONE',  ( -0.000000000000000000, -0.000000000000000000, 1.000000000000000000 ) ) ;
#6785 = COORDINATED_UNIVERSAL_TIME_OFFSET ( 5, 0, .BEHIND. ) ;
#6786 = DIRECTION ( 'NONE',  ( 1.000000000000000000, 0.000000000000000000, 0.000000000000000000 ) ) ;
#6787 = PRODUCT_RELATED_PRODUCT_CATEGORY ( 'detail', '', ( #6105 ) ) ;
#6788 = CC_DESIGN_APPROVAL ( #7992, ( #3016 ) ) ;
#6789 = CARTESIAN_POINT ( 'NONE',  ( -1.850251865230340353, 1.832291515499593126, -0.000000000000000000 ) ) ;
#6790 = VERTEX_POINT ( 'NONE', #10484 ) ;
#6791 = LINE ( 'NONE', #10833, #9236 ) ;
#6792 = DIRECTION ( 'NONE',  ( 0.000000000000000000, -1.000000000000000000, 0.000000000000000000 ) ) ;
#6793 = CARTESIAN_POINT ( 'NONE',  ( -20.85865392012706820, 0.000000000000000000, 13.48432534211531397 ) ) ;
#6794 = APPROVAL_PERSON_ORGANIZATION ( #10987, #10599, #12976 ) ;
#6796 = ADVANCED_FACE ( 'NONE', ( #2383, #3510, #6386, #8494 ), #12538, .F. ) ;
#6795 = DIRECTION ( 'NONE',  ( 0.000000000000000000, 0.000000000000000000, 1.000000000000000000 ) ) ;
#6797 = EDGE_CURVE ( 'NONE', #8804, #7679, #2538, .T. ) ;
#6798 = CARTESIAN_POINT ( 'NONE',  ( -30.00000000000000000, 0.000000000000000000, 28.00000000000000000 ) ) ;
#6799 = DIRECTION ( 'NONE',  ( -0.000000000000000000, -0.000000000000000000, -1.000000000000000000 ) ) ;
#6800 = ORIENTED_EDGE ( 'NONE', *, *, #6497, .F. ) ;
#6801 = EDGE_CURVE ( 'NONE', #8748, #9184, #11733, .T. ) ;
#6802 = VERTEX_POINT ( 'NONE', #7642 ) ;
#6803 = VERTEX_POINT ( 'NONE', #1767 ) ;
#6804 =( NAMED_UNIT ( * ) SI_UNIT ( $, .STERADIAN. ) SOLID_ANGLE_UNIT ( ) );
#6805 = EDGE_CURVE ( 'NONE', #5327, #3479, #333, .T. ) ;
#6806 = ORIENTED_EDGE ( 'NONE', *, *, #11914, .T. ) ;
#6807 = DIRECTION ( 'NONE',  ( 0.000000000000000000, 0.000000000000000000, 1.000000000000000000 ) ) ;
#6808 = DIRECTION ( 'NONE',  ( 0.000000000000000000, 0.000000000000000000, -1.000000000000000000 ) ) ;
#6809 = CARTESIAN_POINT ( 'NONE',  ( -7.299999999999998934, 66.00000000000000000, -6.000000000000000152E-06 ) ) ;
#6810 = LINE ( 'NONE', #6935, #6638 ) ;
#6811 = CARTESIAN_POINT ( 'NONE',  ( 35.60000000000000142, 72.50000000000000000, -1.200000000000000030E-05 ) ) ;
#6812 = VECTOR ( 'NONE', #8597, 1000.000000000000000 ) ;
#6813 = CARTESIAN_POINT ( 'NONE',  ( -15.19999999999999929, 2.000000000000000000, -1.200000000000000030E-05 ) ) ;
#6814 = VERTEX_POINT ( 'NONE', #3826 ) ;
#6815 = VERTEX_POINT ( 'NONE', #638 ) ;
#6816 = EDGE_CURVE ( 'NONE', #11303, #268, #4995, .T. ) ;
#6817 = CARTESIAN_POINT ( 'NONE',  ( -16.00000000000000000, 6.000000000000000000, 18.00000000000000355 ) ) ;
#6818 = DATE_TIME_ROLE ( 'creation_date' ) ;
#6819 = EDGE_CURVE ( 'NONE', #2643, #7080, #7918, .T. ) ;
#6820 = ORIENTED_EDGE ( 'NONE', *, *, #6139, .F. ) ;
#6821 = DIRECTION ( 'NONE',  ( -0.000000000000000000, -1.000000000000000000, -0.000000000000000000 ) ) ;
#6822 = ORIENTED_EDGE ( 'NONE', *, *, #10978, .F. ) ;
#6823 = CARTESIAN_POINT ( 'NONE',  ( -19.00000000000000000, 0.000000000000000000, 4.000000000000000000 ) ) ;
#6824 = DIRECTION ( 'NONE',  ( 0.000000000000000000, -0.000000000000000000, 1.000000000000000000 ) ) ;
#6825 = DIRECTION ( 'NONE',  ( 0.000000000000000000, 0.000000000000000000, -1.000000000000000000 ) ) ;
#6826 = DIRECTION ( 'NONE',  ( 1.000000000000000000, 0.000000000000000000, 0.000000000000000000 ) ) ;
#6827 = DIRECTION ( 'NONE',  ( 1.000000000000000000, 0.000000000000000000, 0.000000000000000000 ) ) ;
#6828 = DIRECTION ( 'NONE',  ( -1.000000000000000000, -0.000000000000000000, -0.000000000000000000 ) ) ;
#6829 = DATE_AND_TIME ( #3836, #8048 ) ;
#6830 = APPROVAL_STATUS ( 'not_yet_approved' ) ;
#6831 = CARTESIAN_POINT ( 'NONE',  ( 134.3000000000000114, 2.081899558550508908E-16, -6.000000000000000152E-06 ) ) ;
#6832 = CARTESIAN_POINT ( 'NONE',  ( -9.225083994885922678, 0.000000000000000000, 2.299930488764208025 ) ) ;
#6833 = EDGE_CURVE ( 'NONE', #6643, #12301, #7728, .T. ) ;
#6834 = CARTESIAN_POINT ( 'NONE',  ( -0.5999999999999997558, 2.529822128134703085, -1.200000000000000030E-05 ) ) ;
#6835 = VECTOR ( 'NONE', #1198, 1000.000000000000000 ) ;
#6836 = DIRECTION ( 'NONE',  ( -1.000000000000000000, -0.000000000000000000, -0.000000000000000000 ) ) ;
#6837 = AXIS2_PLACEMENT_3D ( 'NONE', #12181, #220, #10265 ) ;
#6838 = LINE ( 'NONE', #9653, #11166 ) ;
#6839 = CALENDAR_DATE ( 2026, 21, 9 ) ;
#6840 = ORIENTED_EDGE ( 'NONE', *, *, #522, .F. ) ;
#6841 = CALENDAR_DATE ( 2026, 21, 9 ) ;
#6842 = CARTESIAN_POINT ( 'NONE',  ( -27.69999999999999929, 45.00000000000000000, 5.000000000000000000 ) ) ;
#6843 = EDGE_LOOP ( 'NONE', ( #12588, #5785, #10612, #3603 ) ) ;
#6844 = PLANE ( 'NONE',  #3323 ) ;
#6845 = EDGE_CURVE ( 'NONE', #5525, #7493, #13006, .T. ) ;
#6846 = CARTESIAN_POINT ( 'NONE',  ( -19.14146106820962956, 12.51547649045651411, -0.000000000000000000 ) ) ;
#6847 = AXIS2_PLACEMENT_3D ( 'NONE', #8239, #2119, #3248 ) ;
#6848 = LINE ( 'NONE', #1863, #10420 ) ;
#6849 = PRODUCT_RELATED_PRODUCT_CATEGORY ( 'detail', '', ( #2591 ) ) ;
#6850 = CARTESIAN_POINT ( 'NONE',  ( 24.30000000000000071, -45.00000000000000000, 5.000000000000000000 ) ) ;
#6851 = DIRECTION ( 'NONE',  ( -0.000000000000000000, -0.000000000000000000, 1.000000000000000000 ) ) ;
#6852 = DIRECTION ( 'NONE',  ( 1.000000000000000000, 0.000000000000000000, 0.000000000000000000 ) ) ;
#6853 = CARTESIAN_POINT ( 'NONE',  ( -7.638710900995789643, -0.000000000000000000, 14.04297226076225513 ) ) ;
#6854 = VECTOR ( 'NONE', #4580, 1000.000000000000000 ) ;
#6855 = VECTOR ( 'NONE', #5580, 1000.000000000000000 ) ;
#6856 = PERSON ( 'NAUO-PER8', 'UNSPECIFIED', 'UNSPECIFIED', ('UNSPECIFIED'), ('UNSPECIFIED'), ('UNSPECIFIED') ) ;
#6857 = CARTESIAN_POINT ( 'NONE',  ( 15.69999999999999929, 70.00000000000000000, 8.000000000000000000 ) ) ;
#6858 = ORIENTED_EDGE ( 'NONE', *, *, #11082, .T. ) ;
#6859 = EDGE_LOOP ( 'NONE', ( #4074, #6711, #2757, #1941 ) ) ;
#6860 = VECTOR ( 'NONE', #5033, 1000.000000000000000 ) ;
#6861 = CARTESIAN_POINT ( 'NONE',  ( 42.00000000000000000, 30.00000000000000000, -102.5000000000000000 ) ) ;
#6862 = EDGE_CURVE ( 'NONE', #8735, #86, #1711, .T. ) ;
#6863 = CARTESIAN_POINT ( 'NONE',  ( 24.30000000000000071, -57.00000000000000000, -1.200000000000000030E-05 ) ) ;
#6864 = EDGE_CURVE ( 'NONE', #11303, #5365, #7761, .T. ) ;
#6865 = CARTESIAN_POINT ( 'NONE',  ( 32.04287395702758801, 0.000000000000000000, 5.361190795275187604 ) ) ;
#6866 = VECTOR ( 'NONE', #12621, 1000.000000000000000 ) ;
#6867 = DIRECTION ( 'NONE',  ( -0.000000000000000000, -0.000000000000000000, 1.000000000000000000 ) ) ;
#6868 = CC_DESIGN_PERSON_AND_ORGANIZATION_ASSIGNMENT ( #5526, #9749, ( #8470 ) ) ;
#6869 = DIRECTION ( 'NONE',  ( 0.000000000000000000, 0.000000000000000000, 1.000000000000000000 ) ) ;
#6870 = DIRECTION ( 'NONE',  ( -0.000000000000000000, -0.000000000000000000, -1.000000000000000000 ) ) ;
#6871 = ORIENTED_EDGE ( 'NONE', *, *, #12558, .T. ) ;
#6872 = EDGE_LOOP ( 'NONE', ( #13003, #5157, #11186, #7275 ) ) ;
#6873 = DIRECTION ( 'NONE',  ( 0.000000000000000000, 0.000000000000000000, -1.000000000000000000 ) ) ;
#6874 = CIRCLE ( 'NONE', #1633, 2.000000000000001776 ) ;
#6875 =( REPRESENTATION_RELATIONSHIP ('NONE','NONE', #874, #7355 ) REPRESENTATION_RELATIONSHIP_WITH_TRANSFORMATION ( #11049 )SHAPE_REPRESENTATION_RELATIONSHIP( ) );
#6876 = PERSON_AND_ORGANIZATION ( #2675, #9931 ) ;
#6877 = COORDINATED_UNIVERSAL_TIME_OFFSET ( 5, 0, .BEHIND. ) ;
#6878 = AXIS2_PLACEMENT_3D ( 'NONE', #12021, #8921, #9789 ) ;
#6879 = VERTEX_POINT ( 'NONE', #705 ) ;
#6880 = EDGE_CURVE ( 'NONE', #5048, #10654, #4701, .T. ) ;
#6881 = CARTESIAN_POINT ( 'NONE',  ( 14.00000000000000000, 0.000000000000000000, 16.00000000000000000 ) ) ;
#6882 = VERTEX_POINT ( 'NONE', #8757 ) ;
#6883 = EDGE_CURVE ( 'NONE', #3250, #10161, #10862, .T. ) ;
#6884 = PERSON_AND_ORGANIZATION ( #2675, #9931 ) ;
#6885 = CARTESIAN_POINT ( 'NONE',  ( 31.60000000000000142, 62.50000000000000000, -1.200000000000000030E-05 ) ) ;
#6886 = EDGE_CURVE ( 'NONE', #9939, #8257, #2038, .T. ) ;
#6887 = CARTESIAN_POINT ( 'NONE',  ( 30.00000000000000000, 3.673940397442059178E-15, 28.00000000000000000 ) ) ;
#6888 = DIRECTION ( 'NONE',  ( 1.000000000000000000, 0.000000000000000000, 0.000000000000000000 ) ) ;
#6889 = VECTOR ( 'NONE', #51, 1000.000000000000000 ) ;
#6890 = SECURITY_CLASSIFICATION ( '', '', #9729 ) ;
#6891 = AXIS2_PLACEMENT_3D ( 'NONE', #4971, #1986, #9911 ) ;
#6892 = LINE ( 'NONE', #7709, #6334 ) ;
#6893 = VECTOR ( 'NONE', #6436, 1000.000000000000000 ) ;
#6894 = DIRECTION ( 'NONE',  ( 0.000000000000000000, 1.000000000000000000, 0.000000000000000000 ) ) ;
#6895 = SHAPE_DEFINITION_REPRESENTATION ( #9179, #6766 ) ;
#6896 = ORIENTED_EDGE ( 'NONE', *, *, #12347, .T. ) ;
#6897 = COORDINATED_UNIVERSAL_TIME_OFFSET ( 5, 0, .BEHIND. ) ;
#6898 = CARTESIAN_POINT ( 'NONE',  ( 135.1414610682097930, 1.484523509544901421, -0.000000000000000000 ) ) ;
#6899 = LINE ( 'NONE', #2974, #3122 ) ;
#6900 = PLANE ( 'NONE',  #6220 ) ;
#6901 = DIRECTION ( 'NONE',  ( -0.000000000000000000, -0.000000000000000000, -1.000000000000000000 ) ) ;
#6902 = PLANE ( 'NONE',  #7919 ) ;
#6903 = CARTESIAN_POINT ( 'NONE',  ( -24.30000000000000071, 57.00000000000000000, 0.000000000000000000 ) ) ;
#6904 = CARTESIAN_POINT ( 'NONE',  ( 40.00000000000000000, 0.000000000000000000, 40.00000000000000000 ) ) ;
#6905 = EDGE_LOOP ( 'NONE', ( #3551, #617, #137, #3046 ) ) ;
#6906 = EDGE_LOOP ( 'NONE', ( #7410, #7181, #6447, #12194 ) ) ;
#6907 = CC_DESIGN_APPROVAL ( #4416, ( #164 ) ) ;
#6908 = DATE_AND_TIME ( #970, #6484 ) ;
#6909 = CARTESIAN_POINT ( 'NONE',  ( -2.552093532249216423, 0.5780252676397000799, -0.000000000000000000 ) ) ;
#6910 = VERTEX_POINT ( 'NONE', #822 ) ;
#6911 = DIRECTION ( 'NONE',  ( 0.000000000000000000, -1.000000000000000000, 0.000000000000000000 ) ) ;
#6912 = VECTOR ( 'NONE', #9222, 1000.000000000000000 ) ;
#6913 = CARTESIAN_POINT ( 'NONE',  ( -20.44263793984751487, 12.34320465898919394, -0.000000000000000000 ) ) ;
#6914 = PLANE ( 'NONE',  #2940 ) ;
#6915 = EDGE_CURVE ( 'NONE', #6215, #5421, #4882, .T. ) ;
#6916 = DIRECTION ( 'NONE',  ( -1.000000000000000000, -0.000000000000000000, -0.000000000000000000 ) ) ;
#6917 = DIRECTION ( 'NONE',  ( 1.000000000000000000, 0.000000000000000000, 0.000000000000000000 ) ) ;
#6918 = DIRECTION ( 'NONE',  ( 1.000000000000000000, 0.000000000000000000, 0.000000000000000000 ) ) ;
#6919 = DIRECTION ( 'NONE',  ( 0.000000000000000000, 0.000000000000000000, 1.000000000000000000 ) ) ;
#6920 = FACE_OUTER_BOUND ( 'NONE', #3505, .T. ) ;
#6921 = AXIS2_PLACEMENT_3D ( 'NONE', #27, #2373, #12330 ) ;
#6922 = EDGE_CURVE ( 'NONE', #1297, #112, #2957, .T. ) ;
#6923 = CARTESIAN_POINT ( 'NONE',  ( 255.8000000000000398, 0.000000000000000000, 0.000000000000000000 ) ) ;
#6924 = AXIS2_PLACEMENT_3D ( 'NONE', #4560, #1632, #6695 ) ;
#6925 = VERTEX_POINT ( 'NONE', #11120 ) ;
#6926 = ORIENTED_EDGE ( 'NONE', *, *, #8612, .F. ) ;
#6927 = AXIS2_PLACEMENT_3D ( 'NONE', #2815, #7914, #6795 ) ;
#6928 = VERTEX_POINT ( 'NONE', #11052 ) ;
#6929 =( NAMED_UNIT ( * ) PLANE_ANGLE_UNIT ( ) SI_UNIT ( $, .RADIAN. ) );
#6930 = LINE ( 'NONE', #6070, #7931 ) ;
#6931 = LINE ( 'NONE', #8192, #11074 ) ;
#6932 = VECTOR ( 'NONE', #8580, 1000.000000000000000 ) ;
#6933 = AXIS2_PLACEMENT_3D ( 'NONE', #3347, #3489, #12319 ) ;
#6934 = PLANE ( 'NONE',  #1651 ) ;
#6935 = CARTESIAN_POINT ( 'NONE',  ( -21.00000000000000000, 0.000000000000000000, 0.000000000000000000 ) ) ;
#6936 = LINE ( 'NONE', #7001, #5737 ) ;
#6937 = EDGE_CURVE ( 'NONE', #6814, #9457, #7070, .T. ) ;
#6938 = CARTESIAN_POINT ( 'NONE',  ( -15.59999999999999964, 67.50000000000000000, -1.200000000000000030E-05 ) ) ;
#6939 = ORIENTED_EDGE ( 'NONE', *, *, #8089, .T. ) ;
#6940 = VERTEX_POINT ( 'NONE', #3943 ) ;
#6941 = AXIS2_PLACEMENT_3D ( 'NONE', #9035, #965, #5026 ) ;
#6942 = CARTESIAN_POINT ( 'NONE',  ( -10.65679534101080606, 66.44263793985066968, -0.000000000000000000 ) ) ;
#6943 = CARTESIAN_POINT ( 'NONE',  ( 29.95702773923763829, -0.000000000000000000, 5.361289099004101111 ) ) ;
#6944 = AXIS2_PLACEMENT_3D ( 'NONE', #6176, #3096, #309 ) ;
#6945 = PERSON_AND_ORGANIZATION ( #2675, #9931 ) ;
#6946 = APPROVAL ( #9382, 'UNKNOWN' ) ;
#6947 = SHAPE_DEFINITION_REPRESENTATION ( #9714, #11255 ) ;
#6948 = ORIENTED_EDGE ( 'NONE', *, *, #6658, .T. ) ;
#6949 = APPROVAL ( #708, 'ๆช' ) ;
#6950 = CARTESIAN_POINT ( 'NONE',  ( -36.00000000000000711, 5.000000000000000000, -1.200000000000000030E-05 ) ) ;
#6951 = ORIENTED_EDGE ( 'NONE', *, *, #12190, .F. ) ;
#6952 = DIRECTION ( 'NONE',  ( -0.000000000000000000, 1.000000000000000000, -0.000000000000000000 ) ) ;
#6953 = VECTOR ( 'NONE', #4349, 1000.000000000000000 ) ;
#6954 = CARTESIAN_POINT ( 'NONE',  ( -2.500000000000000000, 0.000000000000000000, 5.000000000000000000 ) ) ;
#6955 = DIRECTION ( 'NONE',  ( 0.000000000000000000, 0.000000000000000000, -1.000000000000000000 ) ) ;
#6956 = ADVANCED_FACE ( 'NONE', ( #8008 ), #2084, .F. ) ;
#6957 = EDGE_CURVE ( 'NONE', #4204, #6097, #2018, .T. ) ;
#6958 = EDGE_LOOP ( 'NONE', ( #1713, #7810, #531, #6353 ) ) ;
#6959 = CARTESIAN_POINT ( 'NONE',  ( 150.0000000000000000, 25.00000000000000000, 90.00000000000000000 ) ) ;
#6960 = APPROVAL_ROLE ( '' ) ;
#6961 = ORIENTED_EDGE ( 'NONE', *, *, #10610, .T. ) ;
#6962 = AXIS2_PLACEMENT_3D ( 'NONE', #662, #4722, #12703 ) ;
#6963 = EDGE_CURVE ( 'NONE', #10044, #11238, #3097, .T. ) ;
#6964 = APPROVAL_PERSON_ORGANIZATION ( #12377, #12715, #2586 ) ;
#6965 = APPROVAL_ROLE ( '' ) ;
#6966 = DIRECTION ( 'NONE',  ( 1.000000000000000000, 0.000000000000000000, -0.000000000000000000 ) ) ;
#6967 = EDGE_LOOP ( 'NONE', ( #1288, #3640, #3869, #9797 ) ) ;
#6968 = PLANE ( 'NONE',  #8822 ) ;
#6969 = CARTESIAN_POINT ( 'NONE',  ( 31.19999999999999929, 59.50000000000000000, 6.000000000000000000 ) ) ;
#6970 = AXIS2_PLACEMENT_3D ( 'NONE', #2593, #8762, #3761 ) ;
#6971 = LOCAL_TIME ( 12, 23, 50.00000000000000000, #2648 ) ;
#6972 = CARTESIAN_POINT ( 'NONE',  ( 9.756929129572647241, 10.04069481642486572, 8.651627607700786982 ) ) ;
#6973 = PERSON_AND_ORGANIZATION ( #2675, #9931 ) ;
#6974 = ORIENTED_EDGE ( 'NONE', *, *, #9815, .T. ) ;
#6975 = FACE_OUTER_BOUND ( 'NONE', #10747, .T. ) ;
#6976 = ORIENTED_EDGE ( 'NONE', *, *, #10050, .T. ) ;
#6977 = CALENDAR_DATE ( 2026, 21, 9 ) ;
#6978 = CARTESIAN_POINT ( 'NONE',  ( -2.209866293823954386, 1.378406442902269768, 0.000000000000000000 ) ) ;
#6979 = VERTEX_POINT ( 'NONE', #10000 ) ;
#6980 = PLANE ( 'NONE',  #6891 ) ;
#6981 = CC_DESIGN_SECURITY_CLASSIFICATION ( #8256, ( #3866 ) ) ;
#6982 = DIRECTION ( 'NONE',  ( 0.000000000000000000, 0.000000000000000000, 1.000000000000000000 ) ) ;
#6983 = CARTESIAN_POINT ( 'NONE',  ( -5.500000000000000000, 0.000000000000000000, 26.00000000000000000 ) ) ;
#6984 = DIRECTION ( 'NONE',  ( -0.000000000000000000, -0.000000000000000000, 1.000000000000000000 ) ) ;
#6985 = CARTESIAN_POINT ( 'NONE',  ( 0.000000000000000000, 0.000000000000000000, 68.00000000000000000 ) ) ;
#6986 = CARTESIAN_POINT ( 'NONE',  ( 31.19999999999999929, 80.50000000000000000, 6.000000000000000000 ) ) ;
#6987 = CARTESIAN_POINT ( 'NONE',  ( -7.299999999999998934, 57.00000000000000000, -1.200000000000000030E-05 ) ) ;
#6988 = APPROVAL_PERSON_ORGANIZATION ( #12566, #5375, #532 ) ;
#6989 = CARTESIAN_POINT ( 'NONE',  ( 118.3810499613777267, 11.00000000000000000, 0.000000000000000000 ) ) ;
#6990 = LINE ( 'NONE', #9312, #4233 ) ;
#6991 = FACE_OUTER_BOUND ( 'NONE', #5574, .T. ) ;
#6992 = ORIENTED_EDGE ( 'NONE', *, *, #12347, .F. ) ;
#6993 = EDGE_LOOP ( 'NONE', ( #2175, #7392, #1100, #7430 ) ) ;
#6994 = APPLICATION_PROTOCOL_DEFINITION ( 'international standard', 'config_control_design', 1994, #3107 ) ;
#6995 = PLANE ( 'NONE',  #12611 ) ;
#6996 = FACE_OUTER_BOUND ( 'NONE', #9352, .T. ) ;
#6997 = CC_DESIGN_SECURITY_CLASSIFICATION ( #4083, ( #1331 ) ) ;
#6998 = EDGE_CURVE ( 'NONE', #5680, #2986, #5184, .T. ) ;
#6999 = DIRECTION ( 'NONE',  ( -0.000000000000000000, -0.000000000000000000, -1.000000000000000000 ) ) ;
#7000 = FACE_OUTER_BOUND ( 'NONE', #1127, .T. ) ;
#7001 = CARTESIAN_POINT ( 'NONE',  ( -16.00000000000000000, -6.000000000000000000, 18.00000000000000355 ) ) ;
#7002 = FACE_OUTER_BOUND ( 'NONE', #3460, .T. ) ;
#7003 = ORIENTED_EDGE ( 'NONE', *, *, #12390, .T. ) ;
#7004 = ORIENTED_EDGE ( 'NONE', *, *, #10180, .F. ) ;
#7005 = CARTESIAN_POINT ( 'NONE',  ( 31.60000000000000142, 72.50000000000000000, 6.000000000000000000 ) ) ;
#7006 = APPROVAL_DATE_TIME ( #2890, #2223 ) ;
#7007 = EDGE_LOOP ( 'NONE', ( #5120, #7351 ) ) ;
#7008 = ORIENTED_EDGE ( 'NONE', *, *, #504, .F. ) ;
#7009 = PERSON_AND_ORGANIZATION_ROLE ( 'creator' ) ;
#7010 = CYLINDRICAL_SURFACE ( 'NONE', #12803, 14.00000000000000000 ) ;
#7011 = EDGE_CURVE ( 'NONE', #1631, #178, #2161, .T. ) ;
#7012 = DIRECTION ( 'NONE',  ( -0.000000000000000000, -0.000000000000000000, -1.000000000000000000 ) ) ;
#7013 = PERSON ( 'NAUO-PER26', 'UNSPECIFIED', 'UNSPECIFIED', ('UNSPECIFIED'), ('UNSPECIFIED'), ('UNSPECIFIED') ) ;
#7014 = CYLINDRICAL_SURFACE ( 'NONE', #7938, 1.700000000000000178 ) ;
#7015 = FACE_OUTER_BOUND ( 'NONE', #12065, .T. ) ;
#7016 = PRODUCT_RELATED_PRODUCT_CATEGORY ( 'detail', '', ( #10352 ) ) ;
#7017 = LINE ( 'NONE', #10930, #12684 ) ;
#7018 = ORIENTED_EDGE ( 'NONE', *, *, #8981, .F. ) ;
#7019 = CARTESIAN_POINT ( 'NONE',  ( -6.000000000000000000, 0.000000000000000000, 0.000000000000000000 ) ) ;
#7020 = COORDINATED_UNIVERSAL_TIME_OFFSET ( 5, 0, .BEHIND. ) ;
#7021 = EDGE_LOOP ( 'NONE', ( #84, #12387, #3349, #2904 ) ) ;
#7022 = ORIENTED_EDGE ( 'NONE', *, *, #9668, .F. ) ;
#7023 = PERSON_AND_ORGANIZATION_ROLE ( 'classification_officer' ) ;
#7024 = CARTESIAN_POINT ( 'NONE',  ( -12.00000000000000000, -12.00000000000000000, 0.000000000000000000 ) ) ;
#7025 = ORIENTED_EDGE ( 'NONE', *, *, #12915, .T. ) ;
#7026 = DIRECTION ( 'NONE',  ( 0.000000000000000000, 1.000000000000000000, 0.000000000000000000 ) ) ;
#7027 = EDGE_CURVE ( 'NONE', #2690, #12644, #120, .T. ) ;
#7028 = ADVANCED_FACE ( 'NONE', ( #1619 ), #12777, .T. ) ;
#7029 = DIRECTION ( 'NONE',  ( -0.000000000000000000, -0.000000000000000000, -1.000000000000000000 ) ) ;
#7030 = FACE_OUTER_BOUND ( 'NONE', #1438, .T. ) ;
#7031 = CC_DESIGN_PERSON_AND_ORGANIZATION_ASSIGNMENT ( #8755, #10736, ( #630 ) ) ;
#7032 = CYLINDRICAL_SURFACE ( 'NONE', #5280, 1.700000000000000178 ) ;
#7033 = VERTEX_POINT ( 'NONE', #10659 ) ;
#7034 = CARTESIAN_POINT ( 'NONE',  ( 14.00000000000000000, 0.000000000000000000, 18.00000000000000355 ) ) ;
#7035 = EDGE_CURVE ( 'NONE', #11751, #6503, #1691, .T. ) ;
#7036 = VERTEX_POINT ( 'NONE', #4803 ) ;
#7037 = APPROVAL_STATUS ( 'not_yet_approved' ) ;
#7038 = FACE_OUTER_BOUND ( 'NONE', #802, .T. ) ;
#7039 = ORIENTED_EDGE ( 'NONE', *, *, #3863, .T. ) ;
#7040 = DIRECTION ( 'NONE',  ( 1.000000000000000000, 0.000000000000000000, 0.000000000000000000 ) ) ;
#7041 = EDGE_LOOP ( 'NONE', ( #11768, #1804 ) ) ;
#7042 = CARTESIAN_POINT ( 'NONE',  ( 14.00000000000000000, 0.000000000000000000, 18.00000000000000355 ) ) ;
#7043 = EDGE_CURVE ( 'NONE', #11252, #270, #11849, .T. ) ;
#7044 = FACE_OUTER_BOUND ( 'NONE', #4821, .T. ) ;
#7045 = VECTOR ( 'NONE', #2879, 1000.000000000000000 ) ;
#7046 = DIRECTION ( 'NONE',  ( 0.000000000000000000, 1.000000000000000000, 0.000000000000000000 ) ) ;
#7047 = EDGE_CURVE ( 'NONE', #8425, #11558, #2394, .T. ) ;
#7048 = CARTESIAN_POINT ( 'NONE',  ( 35.60000000000000142, 77.50000000000000000, 6.000000000000000000 ) ) ;
#7049 = LINE ( 'NONE', #10837, #7987 ) ;
#7050 =( REPRESENTATION_RELATIONSHIP ('NONE','NONE', #874, #11255 ) REPRESENTATION_RELATIONSHIP_WITH_TRANSFORMATION ( #158 )SHAPE_REPRESENTATION_RELATIONSHIP( ) );
#7051 = CARTESIAN_POINT ( 'NONE',  ( -19.77491600511497083, 15.69993048876420438, 0.000000000000000000 ) ) ;
#7052 = ORIENTED_EDGE ( 'NONE', *, *, #7127, .F. ) ;
#7053 = CIRCLE ( 'NONE', #6847, 2.000000000000001776 ) ;
#7054 = VERTEX_POINT ( 'NONE', #6989 ) ;
#7055 = CARTESIAN_POINT ( 'NONE',  ( 0.000000000000000000, 0.000000000000000000, 0.000000000000000000 ) ) ;
#7056 = CARTESIAN_POINT ( 'NONE',  ( 13.55736206016057466, 68.34320465898694863, -0.000000000000000000 ) ) ;
#7057 = DIRECTION ( 'NONE',  ( 0.000000000000000000, -0.000000000000000000, -1.000000000000000000 ) ) ;
#7058 = LINE ( 'NONE', #12096, #539 ) ;
#7059 = CARTESIAN_POINT ( 'NONE',  ( 9.840129390273620658, 9.961135384681568894, 9.917871716659957926 ) ) ;
#7060 = LINE ( 'NONE', #2883, #10665 ) ;
#7061 = AXIS2_PLACEMENT_3D ( 'NONE', #5143, #1972, #5203 ) ;
#7062 = VECTOR ( 'NONE', #5325, 1000.000000000000000 ) ;
#7063 = LINE ( 'NONE', #3008, #1699 ) ;
#7064 = DIRECTION ( 'NONE',  ( 0.000000000000000000, 0.000000000000000000, 1.000000000000000000 ) ) ;
#7065 = ORIENTED_EDGE ( 'NONE', *, *, #9229, .T. ) ;
#7066 = ORIENTED_EDGE ( 'NONE', *, *, #1371, .T. ) ;
#7067 = DIRECTION ( 'NONE',  ( 0.000000000000000000, -0.000000000000000000, -1.000000000000000000 ) ) ;
#7068 = APPROVAL_STATUS ( 'not_yet_approved' ) ;
#7069 = ORIENTED_EDGE ( 'NONE', *, *, #8345, .F. ) ;
#7070 = LINE ( 'NONE', #6089, #3548 ) ;
#7071 = ORIENTED_EDGE ( 'NONE', *, *, #6382, .F. ) ;
#7072 = VECTOR ( 'NONE', #7529, 1000.000000000000000 ) ;
#7073 = AXIS2_PLACEMENT_3D ( 'NONE', #4418, #554, #9611 ) ;
#7074 = CARTESIAN_POINT ( 'NONE',  ( -14.22508399489168873, 71.70006951123355066, -0.000000000000000000 ) ) ;
#7075 = PERSON_AND_ORGANIZATION ( #2675, #9931 ) ;
#7076 = CARTESIAN_POINT ( 'NONE',  ( 0.000000000000000000, 3.000000000000000000, 149.0000000000000000 ) ) ;
#7077 = LINE ( 'NONE', #6031, #9849 ) ;
#7078 = DIRECTION ( 'NONE',  ( 0.000000000000000000, 0.000000000000000000, 1.000000000000000000 ) ) ;
#7079 = VECTOR ( 'NONE', #2898, 1000.000000000000000 ) ;
#7080 = VERTEX_POINT ( 'NONE', #2996 ) ;
#7081 = LINE ( 'NONE', #9088, #9507 ) ;
#7082 = VERTEX_POINT ( 'NONE', #5946 ) ;
#7083 = CARTESIAN_POINT ( 'NONE',  ( 32.48452350954332957, -0.000000000000000000, 12.14146106820873072 ) ) ;
#7084 = EDGE_CURVE ( 'NONE', #12103, #8133, #10480, .T. ) ;
#7085 = CARTESIAN_POINT ( 'NONE',  ( 0.5999999999999997558, 2.529822128134703085, 12.00000000000000000 ) ) ;
#7086 = APPROVAL_DATE_TIME ( #2097, #423 ) ;
#7087 = EDGE_LOOP ( 'NONE', ( #4559, #4425 ) ) ;
#7088 = ORIENTED_EDGE ( 'NONE', *, *, #6253, .T. ) ;
#7089 = COORDINATED_UNIVERSAL_TIME_OFFSET ( 5, 0, .BEHIND. ) ;
#7090 = AXIS2_PLACEMENT_3D ( 'NONE', #3500, #9552, #492 ) ;
#7091 = CARTESIAN_POINT ( 'NONE',  ( 11.00000000000000000, -5.000000000000000000, 28.00000000000000000 ) ) ;
#7092 = VERTEX_POINT ( 'NONE', #4979 ) ;
#7093 = CARTESIAN_POINT ( 'NONE',  ( -7.700000000000000178, -9.000000000000000000, 3.000000000000000000 ) ) ;
#7094 = VECTOR ( 'NONE', #11249, 1000.000000000000000 ) ;
#7095 = VECTOR ( 'NONE', #5381, 1000.000000000000000 ) ;
#7096 = CARTESIAN_POINT ( 'NONE',  ( 0.000000000000000000, 0.000000000000000000, 83.00000000000000000 ) ) ;
#7097 = LINE ( 'NONE', #1031, #10016 ) ;
#7098 = CIRCLE ( 'NONE', #8810, 1.700000000000000178 ) ;
#7099 = APPROVAL_PERSON_ORGANIZATION ( #7144, #9646, #12257 ) ;
#7100 = CYLINDRICAL_SURFACE ( 'NONE', #1263, 1.700000000000000178 ) ;
#7101 = EDGE_CURVE ( 'NONE', #9784, #1602, #7916, .T. ) ;
#7102 = EDGE_LOOP ( 'NONE', ( #1894, #3442, #10971, #10167, #8495, #10596, #3504, #4059 ) ) ;
#7103 = LINE ( 'NONE', #2115, #11741 ) ;
#7104 = PERSON_AND_ORGANIZATION ( #6081, #11341 ) ;
#7105 = CARTESIAN_POINT ( 'NONE',  ( 1.155213855929388300, 2.347373307994384373, -0.000000000000000000 ) ) ;
#7106 = ORIENTED_EDGE ( 'NONE', *, *, #6479, .F. ) ;
#7107 = APPROVAL ( #9169, 'UNKNOWN' ) ;
#7108 = DIRECTION ( 'NONE',  ( -1.000000000000000000, 0.000000000000000000, 0.000000000000000000 ) ) ;
#7109 = AXIS2_PLACEMENT_3D ( 'NONE', #9030, #5085, #6106 ) ;
#7110 = APPROVAL_PERSON_ORGANIZATION ( #11360, #6705, #12288 ) ;
#7111 = CC_DESIGN_PERSON_AND_ORGANIZATION_ASSIGNMENT ( #10993, #4079, ( #680 ) ) ;
#7112 = ORIENTED_EDGE ( 'NONE', *, *, #376, .F. ) ;
#7113 = CARTESIAN_POINT ( 'NONE',  ( 130.0000000000000000, 0.000000000000000000, 6.000000000000000000 ) ) ;
#7114 = CARTESIAN_POINT ( 'NONE',  ( 21.69999999999999929, -14.22561580490772393, -0.000000000000000000 ) ) ;
#7115 = CARTESIAN_POINT ( 'NONE',  ( 3.000000000000000000, 146.0000000000000000, 83.00000000000000000 ) ) ;
#7116 = DIRECTION ( 'NONE',  ( -1.000000000000000000, 0.000000000000000000, 0.000000000000000000 ) ) ;
#7117 = CARTESIAN_POINT ( 'NONE',  ( 0.000000000000000000, 0.000000000000000000, 149.0000000000000000 ) ) ;
#7118 = ORGANIZATION ( 'NAUO-ORG17', 'UNSPECIFIED', 'UNSPECIFIED' ) ;
#7119 = DIRECTION ( 'NONE',  ( -0.000000000000000000, -1.000000000000000000, -0.000000000000000000 ) ) ;
#7120 = EDGE_CURVE ( 'NONE', #7525, #9291, #6664, .T. ) ;
#7121 = EDGE_CURVE ( 'NONE', #5263, #2663, #12029, .T. ) ;
#7122 = DATE_TIME_ROLE ( 'classification_date' ) ;
#7123 = ORIENTED_EDGE ( 'NONE', *, *, #264, .F. ) ;
#7124 = SHAPE_DEFINITION_REPRESENTATION ( #2011, #10897 ) ;
#7125 = VERTEX_POINT ( 'NONE', #6064 ) ;
#7126 = CARTESIAN_POINT ( 'NONE',  ( 100.0000000000000142, 222.5833024919770082, -10.00000000000000000 ) ) ;
#7127 = EDGE_CURVE ( 'NONE', #7033, #2918, #3056, .T. ) ;
#7128 = CARTESIAN_POINT ( 'NONE',  ( 6.000000000000000000, 0.000000000000000000, 0.000000000000000000 ) ) ;
#7129 = CARTESIAN_POINT ( 'NONE',  ( -34.00000000000000000, -5.000000000000000000, 28.00000000000000000 ) ) ;
#7130 = DIRECTION ( 'NONE',  ( -0.000000000000000000, -0.000000000000000000, -1.000000000000000000 ) ) ;
#7131 = APPLICATION_CONTEXT ( 'configuration controlled 3d designs of mechanical parts and assemblies' ) ;
#7132 = LINE ( 'NONE', #10123, #8729 ) ;
#7133 = FACE_OUTER_BOUND ( 'NONE', #11097, .T. ) ;
#7134 = AXIS2_PLACEMENT_3D ( 'NONE', #2786, #2664, #6644 ) ;
#7135 = COORDINATED_UNIVERSAL_TIME_OFFSET ( 5, 0, .BEHIND. ) ;
#7136 = LINE ( 'NONE', #2153, #1034 ) ;
#7137 = LINE ( 'NONE', #3066, #3822 ) ;
#7138 = ORIENTED_EDGE ( 'NONE', *, *, #10610, .F. ) ;
#7139 = VECTOR ( 'NONE', #8248, 1000.000000000000000 ) ;
#7140 = VERTEX_POINT ( 'NONE', #8049 ) ;
#7141 = UNCERTAINTY_MEASURE_WITH_UNIT (LENGTH_MEASURE( 1.000000000000000082E-05 ), #2204, 'distance_accuracy_value', 'NONE');
#7142 = CARTESIAN_POINT ( 'NONE',  ( -5.500000000000000000, 0.000000000000000000, 26.00000000000000000 ) ) ;
#7143 = DIRECTION ( 'NONE',  ( -1.000000000000000000, 0.000000000000000000, 0.000000000000000000 ) ) ;
#7144 = PERSON_AND_ORGANIZATION ( #3762, #11770 ) ;
#7145 = ORIENTED_EDGE ( 'NONE', *, *, #10164, .F. ) ;
#7146 = EDGE_CURVE ( 'NONE', #4716, #11908, #10039, .T. ) ;
#7147 = VECTOR ( 'NONE', #4843, 1000.000000000000000 ) ;
#7148 = DIRECTION ( 'NONE',  ( 1.000000000000000000, 0.000000000000000000, 0.000000000000000000 ) ) ;
#7149 = CIRCLE ( 'NONE', #183, 1.700000000000000178 ) ;
#7150 = ORIENTED_EDGE ( 'NONE', *, *, #4256, .T. ) ;
#7151 = CARTESIAN_POINT ( 'NONE',  ( -15.65679534101080783, 70.44263793985066968, -0.000000000000000000 ) ) ;
#7152 = FACE_BOUND ( 'NONE', #7041, .T. ) ;
#7153 = VECTOR ( 'NONE', #8200, 1000.000000000000000 ) ;
#7154 = CARTESIAN_POINT ( 'NONE',  ( 5.141461068210001706, -7.515476490456138414, -0.000000000000000000 ) ) ;
#7155 = DIRECTION ( 'NONE',  ( 0.000000000000000000, 0.000000000000000000, 1.000000000000000000 ) ) ;
#7156 = AXIS2_PLACEMENT_3D ( 'NONE', #246, #4370, #12283 ) ;
#7157 = AXIS2_PLACEMENT_3D ( 'NONE', #9131, #6018, #70 ) ;
#7158 = ORIENTED_EDGE ( 'NONE', *, *, #7705, .T. ) ;
#7159 = CYLINDRICAL_SURFACE ( 'NONE', #2779, 19.00000000000000000 ) ;
#7160 = DIRECTION ( 'NONE',  ( -0.000000000000000000, -0.000000000000000000, 1.000000000000000000 ) ) ;
#7161 = APPROVAL_ROLE ( '' ) ;
#7162 = ORIENTED_EDGE ( 'NONE', *, *, #5994, .F. ) ;
#7163 = VERTEX_POINT ( 'NONE', #2134 ) ;
#7164 = DATE_AND_TIME ( #4358, #9684 ) ;
#7165 = FACE_OUTER_BOUND ( 'NONE', #4535, .T. ) ;
#7166 = VERTEX_POINT ( 'NONE', #4925 ) ;
#7167 = PRODUCT_DEFINITION_SHAPE ( 'NONE', 'NONE',  #13067 ) ;
#7168 = FACE_OUTER_BOUND ( 'NONE', #6553, .T. ) ;
#7169 = CIRCLE ( 'NONE', #2977, 14.00000000000000000 ) ;
#7170 = ADVANCED_FACE ( 'NONE', ( #6920 ), #12957, .F. ) ;
#7171 = CIRCLE ( 'NONE', #4472, 1.700000000000000178 ) ;
#7172 = DIRECTION ( 'NONE',  ( -1.000000000000000000, 0.000000000000000000, 0.000000000000000000 ) ) ;
#7173 = CARTESIAN_POINT ( 'NONE',  ( 0.000000000000000000, 57.00000000000000000, 0.000000000000000000 ) ) ;
#7174 = AXIS2_PLACEMENT_3D ( 'NONE', #9768, #7703, #6704 ) ;
#7175 = APPROVAL_PERSON_ORGANIZATION ( #10481, #5361, #10415 ) ;
#7176 = ORIENTED_EDGE ( 'NONE', *, *, #66, .F. ) ;
#7177 = DIRECTION ( 'NONE',  ( 1.000000000000000000, 0.000000000000000000, 0.000000000000000000 ) ) ;
#7178 = ORIENTED_EDGE ( 'NONE', *, *, #11357, .T. ) ;
#7179 = CARTESIAN_POINT ( 'NONE',  ( -30.50000000000000000, -10.00000000000000000, 0.000000000000000000 ) ) ;
#7180 = DIRECTION ( 'NONE',  ( -1.000000000000000000, 0.000000000000000000, 0.000000000000000000 ) ) ;
#7181 = ORIENTED_EDGE ( 'NONE', *, *, #12771, .F. ) ;
#7182 = DIRECTION ( 'NONE',  ( 0.000000000000000000, 0.000000000000000000, 1.000000000000000000 ) ) ;
#7183 = FACE_OUTER_BOUND ( 'NONE', #2543, .T. ) ;
#7184 = LOCAL_TIME ( 12, 23, 50.00000000000000000, #12766 ) ;
#7185 = EDGE_CURVE ( 'NONE', #585, #6157, #9299, .T. ) ;
#7186 = DIRECTION ( 'NONE',  ( 0.000000000000000000, 0.000000000000000000, -1.000000000000000000 ) ) ;
#7187 = DIRECTION ( 'NONE',  ( 1.000000000000000000, 0.000000000000000000, 0.000000000000000000 ) ) ;
#7188 = CARTESIAN_POINT ( 'NONE',  ( -21.00000000000000000, 81.00000000000000000, 6.000000000000000000 ) ) ;
#7189 = CARTESIAN_POINT ( 'NONE',  ( -4.343134931576939195, -9.442469749914158328, -0.000000000000000000 ) ) ;
#7190 = CC_DESIGN_PERSON_AND_ORGANIZATION_ASSIGNMENT ( #11809, #8896, ( #2181 ) ) ;
#7191 = CARTESIAN_POINT ( 'NONE',  ( -0.5999999999999999778, 0.000000000000000000, 4.000000000000000000 ) ) ;
#7192 = LOCAL_TIME ( 12, 23, 50.00000000000000000, #1830 ) ;
#7193 = ORIENTED_EDGE ( 'NONE', *, *, #1784, .T. ) ;
#7194 = ORIENTED_EDGE ( 'NONE', *, *, #7927, .T. ) ;
#7195 = CALENDAR_DATE ( 2026, 21, 9 ) ;
#7196 = ORIENTED_EDGE ( 'NONE', *, *, #10103, .T. ) ;
#7197 = DIRECTION ( 'NONE',  ( 0.000000000000000000, 0.000000000000000000, 1.000000000000000000 ) ) ;
#7198 = CARTESIAN_POINT ( 'NONE',  ( 35.60000000000000142, 0.000000000000000000, 0.000000000000000000 ) ) ;
#7199 = CARTESIAN_POINT ( 'NONE',  ( -8.557415261749071078, 55.34333309900549125, 0.000000000000000000 ) ) ;
#7200 = CARTESIAN_POINT ( 'NONE',  ( 27.69999999999999929, -57.00000000000000000, 5.000000000000000000 ) ) ;
#7201 = ADVANCED_FACE ( 'NONE', ( #2060 ), #1648, .F. ) ;
#7202 = EDGE_CURVE ( 'NONE', #4327, #6235, #4054, .T. ) ;
#7203 = LINE ( 'NONE', #11244, #5585 ) ;
#7204 = LOCAL_TIME ( 12, 23, 50.00000000000000000, #8286 ) ;
#7205 = LINE ( 'NONE', #5246, #8766 ) ;
#7206 = EDGE_CURVE ( 'NONE', #6879, #9205, #12605, .T. ) ;
#7207 = CARTESIAN_POINT ( 'NONE',  ( -35.00000000000000000, 70.00000000000000000, 5.000000000000000000 ) ) ;
#7209 = VERTEX_POINT ( 'NONE', #11165 ) ;
#7208 = PERSON_AND_ORGANIZATION ( #2675, #9931 ) ;
#7210 = ORIENTED_EDGE ( 'NONE', *, *, #4829, .T. ) ;
#7211 = DIRECTION ( 'NONE',  ( 0.000000000000000000, 0.000000000000000000, 1.000000000000000000 ) ) ;
#7212 = CARTESIAN_POINT ( 'NONE',  ( -10.37396001519468314, 9.404709442637161132, 10.16344665213695109 ) ) ;
#7213 = APPROVAL_STATUS ( 'not_yet_approved' ) ;
#7214 = ORIENTED_EDGE ( 'NONE', *, *, #3104, .T. ) ;
#7215 = LOCAL_TIME ( 12, 23, 50.00000000000000000, #3232 ) ;
#7216 = ORIENTED_EDGE ( 'NONE', *, *, #12042, .T. ) ;
#7217 = CARTESIAN_POINT ( 'NONE',  ( 134.3000000000000114, 2.081899558550508908E-16, -1.200000000000000030E-05 ) ) ;
#7218 = EDGE_CURVE ( 'NONE', #4815, #4862, #5879, .T. ) ;
#7219 = DIRECTION ( 'NONE',  ( 0.000000000000000000, 0.000000000000000000, -1.000000000000000000 ) ) ;
#7220 = CYLINDRICAL_SURFACE ( 'NONE', #972, 30.00000000000000000 ) ;
#7221 = EDGE_CURVE ( 'NONE', #5080, #8133, #6580, .T. ) ;
#7222 = DIRECTION ( 'NONE',  ( 0.000000000000000000, 0.000000000000000000, -1.000000000000000000 ) ) ;
#7223 = EDGE_CURVE ( 'NONE', #4086, #1339, #1454, .T. ) ;
#7224 = VERTEX_POINT ( 'NONE', #2525 ) ;
#7225 = ADVANCED_FACE ( 'NONE', ( #10243 ), #10690, .F. ) ;
#7226 = ORIENTED_EDGE ( 'NONE', *, *, #12128, .F. ) ;
#7227 = FACE_OUTER_BOUND ( 'NONE', #9147, .T. ) ;
#7228 = CARTESIAN_POINT ( 'NONE',  ( 8.660254037844389075, -11.00000000000000000, 12.00000000000000000 ) ) ;
#7229 = CALENDAR_DATE ( 2026, 21, 9 ) ;
#7230 = VERTEX_POINT ( 'NONE', #3198 ) ;
#7231 = DATE_AND_TIME ( #8221, #11363 ) ;
#7232 = DIRECTION ( 'NONE',  ( -0.000000000000000000, -0.000000000000000000, 1.000000000000000000 ) ) ;
#7233 = EDGE_LOOP ( 'NONE', ( #4184, #649, #1881, #9673 ) ) ;
#7234 = CARTESIAN_POINT ( 'NONE',  ( -20.00000000000000000, -6.000000000000000152E-06, 13.70000000000000107 ) ) ;
#7235 = CARTESIAN_POINT ( 'NONE',  ( 0.000000000000000000, 67.50000000000000000, 6.000000000000000000 ) ) ;
#7236 = CARTESIAN_POINT ( 'NONE',  ( 4.299999999999999822, 0.000000000000000000, 20.00000000000000000 ) ) ;
#7237 = CARTESIAN_POINT ( 'NONE',  ( -0.5999999999999999778, 2.200000000000000178, -0.09997027095160138099 ) ) ;
#7238 = DIRECTION ( 'NONE',  ( -0.000000000000000000, -0.000000000000000000, -1.000000000000000000 ) ) ;
#7239 = CARTESIAN_POINT ( 'NONE',  ( 30.55741526174906753, 58.65666690099451586, 0.000000000000000000 ) ) ;
#7240 = CARTESIAN_POINT ( 'NONE',  ( -9.000000000000000000, -6.000000000000000152E-06, 14.69999999999999929 ) ) ;
#7241 = EDGE_LOOP ( 'NONE', ( #5418, #13043, #9642, #7885 ) ) ;
#7242 = AXIS2_PLACEMENT_3D ( 'NONE', #5704, #6739, #1931 ) ;
#7243 = DIRECTION ( 'NONE',  ( 0.000000000000000000, -0.000000000000000000, 1.000000000000000000 ) ) ;
#7244 = ORIENTED_EDGE ( 'NONE', *, *, #8028, .T. ) ;
#7245 = APPROVAL_ROLE ( '' ) ;
#7246 = CARTESIAN_POINT ( 'NONE',  ( -21.69999999999999929, 14.00000000000000000, -6.000000000000000152E-06 ) ) ;
#7247 = ORIENTED_EDGE ( 'NONE', *, *, #4142, .F. ) ;
#7248 = CARTESIAN_POINT ( 'NONE',  ( 32.70000000000000284, 66.22525195654509389, 0.000000000000000000 ) ) ;
#7249 = ORIENTED_EDGE ( 'NONE', *, *, #846, .F. ) ;
#7250 = DIRECTION ( 'NONE',  ( -1.000000000000000000, 0.000000000000000000, 0.000000000000000000 ) ) ;
#7251 = CARTESIAN_POINT ( 'NONE',  ( 31.60000000000000142, 62.49999999999997868, 5.590597372058685011 ) ) ;
#7252 = CARTESIAN_POINT ( 'NONE',  ( 28.00000000000000000, 0.000000000000000000, 24.00000000000000000 ) ) ;
#7253 = CARTESIAN_POINT ( 'NONE',  ( 5.799999999999999822, 7.102951435054647665E-16, 2.000000000000000000 ) ) ;
#7254 = PLANE ( 'NONE',  #11609 ) ;
#7255 = EDGE_LOOP ( 'NONE', ( #9730, #1141, #622, #4357 ) ) ;
#7256 = EDGE_LOOP ( 'NONE', ( #12657, #10389, #237, #10983 ) ) ;
#7257 = ADVANCED_FACE ( 'NONE', ( #9259 ), #2457, .F. ) ;
#7258 = ORIENTED_EDGE ( 'NONE', *, *, #5022, .T. ) ;
#7259 = ORIENTED_EDGE ( 'NONE', *, *, #7705, .F. ) ;
#7260 = DIRECTION ( 'NONE',  ( 1.000000000000000000, 0.000000000000000000, 0.000000000000000000 ) ) ;
#7261 = DIRECTION ( 'NONE',  ( -0.000000000000000000, -0.000000000000000000, 1.000000000000000000 ) ) ;
#7262 = LINE ( 'NONE', #6140, #6686 ) ;
#7263 = CARTESIAN_POINT ( 'NONE',  ( 31.00000000000000000, 8.000000000000000000, 13.00000000000000000 ) ) ;
#7264 = PLANE ( 'NONE',  #9409 ) ;
#7265 = CC_DESIGN_PERSON_AND_ORGANIZATION_ASSIGNMENT ( #7144, #6539, ( #5024 ) ) ;
#7266 = CYLINDRICAL_SURFACE ( 'NONE', #719, 1.699999999999998401 ) ;
#7267 = CARTESIAN_POINT ( 'NONE',  ( 0.000000000000000000, 0.000000000000000000, 28.00000000000000000 ) ) ;
#7268 = PERSON_AND_ORGANIZATION_ROLE ( 'design_owner' ) ;
#7269 = APPROVAL_ROLE ( '' ) ;
#7270 = CARTESIAN_POINT ( 'NONE',  ( 12.00000000000000000, -7.000000000000000000, 13.29999999999999893 ) ) ;
#7271 = CARTESIAN_POINT ( 'NONE',  ( -12.51567465788468958, 69.14134607987428183, 0.000000000000000000 ) ) ;
#7272 = AXIS2_PLACEMENT_3D ( 'NONE', #2859, #731, #9908 ) ;
#7274 = EDGE_LOOP ( 'NONE', ( #9464, #3757 ) ) ;
#7273 = CALENDAR_DATE ( 2026, 21, 9 ) ;
#7275 = ORIENTED_EDGE ( 'NONE', *, *, #11517, .T. ) ;
#7276 = CARTESIAN_POINT ( 'NONE',  ( 31.19999999999999929, 80.50000000000000000, -1.200000000000000030E-05 ) ) ;
#7277 = EDGE_CURVE ( 'NONE', #11464, #8679, #10888, .T. ) ;
#7278 = ADVANCED_FACE ( 'NONE', ( #7519 ), #2601, .F. ) ;
#7279 = VERTEX_POINT ( 'NONE', #6456 ) ;
#7280 = ORIENTED_EDGE ( 'NONE', *, *, #11016, .F. ) ;
#7281 = APPROVAL ( #1539, 'UNKNOWN' ) ;
#7282 = CARTESIAN_POINT ( 'NONE',  ( 11.90000000000000036, -6.400000000000000355, 3.000000000000000000 ) ) ;
#7283 = CC_DESIGN_PERSON_AND_ORGANIZATION_ASSIGNMENT ( #9136, #11257, ( #8747 ) ) ;
#7284 = APPROVAL_DATE_TIME ( #4141, #165 ) ;
#7285 = AXIS2_PLACEMENT_3D ( 'NONE', #8433, #11412, #5479 ) ;
#7286 = CARTESIAN_POINT ( 'NONE',  ( 10.72380529476361488, 9.000000000000204281, 11.70000000000065477 ) ) ;
#7287 = DIRECTION ( 'NONE',  ( 1.000000000000000000, 0.000000000000000000, 0.000000000000000000 ) ) ;
#7288 = B_SPLINE_CURVE_WITH_KNOTS ( 'NONE', 3,
 ( #2792, #4900, #655, #10820, #8902, #10762, #12937, #7777, #7897, #11816, #1728, #6779, #1783, #8843, #5806, #11943, #12874, #3901 ),
 .UNSPECIFIED., .F., .F.,
 ( 4, 2, 2, 2, 2, 2, 2, 2, 4 ),
 ( 0.5000000000000000000, 0.5625000000000000000, 0.6250000000000000000, 0.6875000000000000000, 0.7500000000000000000, 0.8125000000000000000, 0.8750000000000000000, 0.9375000000000000000, 1.000000000000000000 ),
 .UNSPECIFIED. ) ;
#7289 = DIRECTION ( 'NONE',  ( 1.000000000000000000, 0.000000000000000000, 0.000000000000000000 ) ) ;
#7290 = DIRECTION ( 'NONE',  ( 1.000000000000000000, 0.000000000000000000, -0.000000000000000000 ) ) ;
#7291 = ORIENTED_EDGE ( 'NONE', *, *, #3704, .F. ) ;
#7292 = EDGE_CURVE ( 'NONE', #9579, #12851, #5555, .T. ) ;
#7293 = DIRECTION ( 'NONE',  ( 1.000000000000000000, 0.000000000000000000, 0.000000000000000000 ) ) ;
#7294 = VECTOR ( 'NONE', #7119, 1000.000000000000000 ) ;
#7295 = PERSON_AND_ORGANIZATION ( #2675, #9931 ) ;
#7296 = EDGE_CURVE ( 'NONE', #6549, #12567, #10492, .T. ) ;
#7297 = APPROVAL_STATUS ( 'not_yet_approved' ) ;
#7298 = AXIS2_PLACEMENT_3D ( 'NONE', #8097, #4102, #1164 ) ;
#7299 = ORIENTED_EDGE ( 'NONE', *, *, #9643, .T. ) ;
#7300 = PERSON_AND_ORGANIZATION ( #4712, #610 ) ;
#7301 = CARTESIAN_POINT ( 'NONE',  ( 12.00000000000000000, 7.000000000000000000, 3.299999999999999822 ) ) ;
#7302 = ORIENTED_EDGE ( 'NONE', *, *, #1675, .T. ) ;
#7303 = DIRECTION ( 'NONE',  ( 1.000000000000000000, 0.000000000000000000, -0.000000000000000000 ) ) ;
#7304 = ADVANCED_FACE ( 'NONE', ( #6639 ), #8505, .F. ) ;
#7305 = PERSON_AND_ORGANIZATION_ROLE ( 'design_supplier' ) ;
#7306 = CARTESIAN_POINT ( 'NONE',  ( 18.30000000000000071, 14.00000000000000000, 5.000000000000000000 ) ) ;
#7307 = AXIS2_PLACEMENT_3D ( 'NONE', #12177, #12107, #7148 ) ;
#7308 = LINE ( 'NONE', #1310, #781 ) ;
#7309 = DIRECTION ( 'NONE',  ( 0.000000000000000000, 0.000000000000000000, -1.000000000000000000 ) ) ;
#7310 = CARTESIAN_POINT ( 'NONE',  ( 12.00000000000000000, 12.00000000000000000, 20.00000000000000000 ) ) ;
#7311 = LINE ( 'NONE', #1313, #424 ) ;
#7312 = PLANE ( 'NONE',  #2558 ) ;
#7313 = ORIENTED_EDGE ( 'NONE', *, *, #12058, .T. ) ;
#7314 = CARTESIAN_POINT ( 'NONE',  ( 3.000000000000000000, 27.50000000000000000, 83.00000000000000000 ) ) ;
#7315 = ORIENTED_EDGE ( 'NONE', *, *, #13029, .F. ) ;
#7316 = COORDINATED_UNIVERSAL_TIME_OFFSET ( 5, 0, .BEHIND. ) ;
#7317 = DIRECTION ( 'NONE',  ( -0.000000000000000000, -1.000000000000000000, -0.000000000000000000 ) ) ;
#7318 = VECTOR ( 'NONE', #2780, 1000.000000000000000 ) ;
#7319 = ORIENTED_EDGE ( 'NONE', *, *, #8319, .F. ) ;
#7320 = VECTOR ( 'NONE', #1677, 1000.000000000000000 ) ;
#7321 = CYLINDRICAL_SURFACE ( 'NONE', #5450, 1.700000000000000178 ) ;
#7322 = VERTEX_POINT ( 'NONE', #1647 ) ;
#7323 = FACE_OUTER_BOUND ( 'NONE', #12763, .T. ) ;
#7324 =( LENGTH_UNIT ( ) NAMED_UNIT ( * ) SI_UNIT ( .MILLI., .METRE. ) );
#7325 = AXIS2_PLACEMENT_3D ( 'NONE', #3251, #5156, #7180 ) ;
#7326 = LOCAL_TIME ( 12, 23, 50.00000000000000000, #16 ) ;
#7327 = AXIS2_PLACEMENT_3D ( 'NONE', #694, #5725, #8686 ) ;
#7328 = LINE ( 'NONE', #9115, #9087 ) ;
#7329 = LINE ( 'NONE', #6344, #4221 ) ;
#7330 = CARTESIAN_POINT ( 'NONE',  ( -2.600000000000000089, 3.184081677783117698E-16, -6.000000000000000152E-06 ) ) ;
#7331 = DIRECTION ( 'NONE',  ( 0.000000000000000000, 0.000000000000000000, -1.000000000000000000 ) ) ;
#7332 = DIRECTION ( 'NONE',  ( -0.000000000000000000, -0.000000000000000000, -1.000000000000000000 ) ) ;
#7333 = AXIS2_PLACEMENT_3D ( 'NONE', #10171, #8313, #11085 ) ;
#7334 = EDGE_LOOP ( 'NONE', ( #2347, #1022, #5343, #12322 ) ) ;
#7335 = APPROVAL_STATUS ( 'not_yet_approved' ) ;
#7336 = PERSON_AND_ORGANIZATION ( #2675, #9931 ) ;
#7337 = AXIS2_PLACEMENT_3D ( 'NONE', #1541, #11451, #6476 ) ;
#7338 = ORIENTED_EDGE ( 'NONE', *, *, #849, .T. ) ;
#7339 = EDGE_LOOP ( 'NONE', ( #6682, #5604, #2036, #4002 ) ) ;
#7340 = ORIENTED_EDGE ( 'NONE', *, *, #3552, .T. ) ;
#7341 = DIRECTION ( 'NONE',  ( 0.000000000000000000, 0.000000000000000000, -1.000000000000000000 ) ) ;
#7342 = DIRECTION ( 'NONE',  ( -0.000000000000000000, -0.000000000000000000, 1.000000000000000000 ) ) ;
#7343 = DIRECTION ( 'NONE',  ( 0.000000000000000000, 1.000000000000000000, 0.000000000000000000 ) ) ;
#7344 = CARTESIAN_POINT ( 'NONE',  ( -37.50000000000000000, 10.00000000000000000, 28.00000000000000000 ) ) ;
#7345 = SECURITY_CLASSIFICATION ( '', '', #6309 ) ;
#7346 = ADVANCED_FACE ( 'NONE', ( #512, #8016 ), #12116, .T. ) ;
#7347 = CARTESIAN_POINT ( 'NONE',  ( -6.000000000000000000, -9.000000000000000000, 3.000000000000000000 ) ) ;
#7348 = PERSON ( 'NAUO-PER14', 'UNSPECIFIED', 'UNSPECIFIED', ('UNSPECIFIED'), ('UNSPECIFIED'), ('UNSPECIFIED') ) ;
#7349 = DIRECTION ( 'NONE',  ( -1.000000000000000000, 0.000000000000000000, -0.000000000000000000 ) ) ;
#7350 = DIRECTION ( 'NONE',  ( 0.000000000000000000, 0.000000000000000000, 1.000000000000000000 ) ) ;
#7351 = ORIENTED_EDGE ( 'NONE', *, *, #4595, .F. ) ;
#7352 = EDGE_LOOP ( 'NONE', ( #8066, #1084 ) ) ;
#7353 = ORIENTED_EDGE ( 'NONE', *, *, #6382, .T. ) ;
#7354 = ADVANCED_FACE ( 'NONE', ( #9220 ), #4219, .F. ) ;
#7355 = SHAPE_REPRESENTATION ( 'V3_REF_chassis_255p8x149', ( #6542 ), #650 ) ;
#7356 = EDGE_LOOP ( 'NONE', ( #6234, #9449 ) ) ;
#7357 = VECTOR ( 'NONE', #9603, 1000.000000000000000 ) ;
#7358 = CARTESIAN_POINT ( 'NONE',  ( -14.00000000000000000, 0.000000000000000000, 12.00000000000000000 ) ) ;
#7359 = MANIFOLD_SOLID_BREP ( 'Foot_M3_through', #12634 ) ;
#7360 = VECTOR ( 'NONE', #586, 1000.000000000000000 ) ;
#7361 = CARTESIAN_POINT ( 'NONE',  ( 11.77675979958275754, 7.570663098460283180, 10.92770730904898002 ) ) ;
#7362 = EDGE_CURVE ( 'NONE', #12382, #7670, #8287, .T. ) ;
#7363 = LINE ( 'NONE', #8417, #3962 ) ;
#7364 = CIRCLE ( 'NONE', #10949, 1.700000000000000178 ) ;
#7365 = ADVANCED_BREP_SHAPE_REPRESENTATION ( '', ( #3048, #6542 ), #6755 ) ;
#7366 = CARTESIAN_POINT ( 'NONE',  ( -34.00000000000000000, 5.000000000000000000, 28.00000000000000000 ) ) ;
#7367 = CARTESIAN_POINT ( 'NONE',  ( -10.69999999999999929, 57.00000000000000000, -6.000000000000000152E-06 ) ) ;
#7368 = VERTEX_POINT ( 'NONE', #6407 ) ;
#7369 = CC_DESIGN_DATE_AND_TIME_ASSIGNMENT ( #8772, #12755, ( #7564 ) ) ;
#7370 = ORIENTED_EDGE ( 'NONE', *, *, #7548, .F. ) ;
#7371 = PRODUCT_DEFINITION ( 'ๆ', '', #3866, #10594 ) ;
#7372 = VECTOR ( 'NONE', #2246, 1000.000000000000000 ) ;
#7373 = CARTESIAN_POINT ( 'NONE',  ( 21.69999999999999929, -14.00000000000000000, 5.000000000000000000 ) ) ;
#7374 = VECTOR ( 'NONE', #362, 1000.000000000000000 ) ;
#7375 = SHAPE_DEFINITION_REPRESENTATION ( #1283, #12706 ) ;
#7376 = APPROVAL_ROLE ( '' ) ;
#7377 = CARTESIAN_POINT ( 'NONE',  ( -21.00000000000000000, 12.00000000000000000, 3.000000000000000000 ) ) ;
#7378 = ORIENTED_EDGE ( 'NONE', *, *, #10633, .T. ) ;
#7379 = CARTESIAN_POINT ( 'NONE',  ( -11.90332728759990211, 7.369655839099087835, 8.997107807596941953 ) ) ;
#7380 = DIRECTION ( 'NONE',  ( 1.000000000000000000, 0.000000000000000000, 0.000000000000000000 ) ) ;
#7381 = AXIS2_PLACEMENT_3D ( 'NONE', #340, #11242, #8398 ) ;
#7382 = EDGE_CURVE ( 'NONE', #2754, #5071, #7470, .T. ) ;
#7383 = FACE_OUTER_BOUND ( 'NONE', #9264, .T. ) ;
#7384 = VECTOR ( 'NONE', #6426, 1000.000000000000000 ) ;
#7385 = CARTESIAN_POINT ( 'NONE',  ( 31.00000000000000000, 77.49999999999998579, 4.000000000000000000 ) ) ;
#7387 = EDGE_CURVE ( 'NONE', #6120, #3647, #344, .T. ) ;
#7386 = CARTESIAN_POINT ( 'NONE',  ( -12.00000000000000000, -7.000000000000000000, 3.299999999999999822 ) ) ;
#7388 = MANIFOLD_SOLID_BREP ( 'Purchased_625ZZ_5x16x5_NOT_PRINT', #594 ) ;
#7389 = CARTESIAN_POINT ( 'NONE',  ( 20.00000000000000000, 12.00000000000000000, 0.000000000000000000 ) ) ;
#7390 = ADVANCED_FACE ( 'NONE', ( #7783 ), #11883, .F. ) ;
#7391 = CARTESIAN_POINT ( 'NONE',  ( 20.00000000000000000, -14.00000000000000000, -1.200000000000000030E-05 ) ) ;
#7392 = ORIENTED_EDGE ( 'NONE', *, *, #105, .F. ) ;
#7393 = DIRECTION ( 'NONE',  ( -0.000000000000000000, -0.000000000000000000, -1.000000000000000000 ) ) ;
#7394 = ORIENTED_EDGE ( 'NONE', *, *, #6937, .T. ) ;
#7395 = ITEM_DEFINED_TRANSFORMATION ( 'NONE', 'NONE', #5739,  #6542 ) ;
#7396 = DIRECTION ( 'NONE',  ( 1.000000000000000000, 0.000000000000000000, 0.000000000000000000 ) ) ;
#7397 = VECTOR ( 'NONE', #6406, 1000.000000000000000 ) ;
#7398 = CARTESIAN_POINT ( 'NONE',  ( 11.77675979958275931, 7.570663098460284068, 9.427707309048980022 ) ) ;
#7399 = ORIENTED_EDGE ( 'NONE', *, *, #5300, .F. ) ;
#7400 = CARTESIAN_POINT ( 'NONE',  ( -8.557362060160576434, 67.65679534101302295, -0.000000000000000000 ) ) ;
#7401 = FACE_OUTER_BOUND ( 'NONE', #7571, .T. ) ;
#7402 = LINE ( 'NONE', #8657, #5299 ) ;
#7403 = PRODUCT_DEFINITION_SHAPE ( 'NONE', 'NONE',  #13080 ) ;
#7404 =( GEOMETRIC_REPRESENTATION_CONTEXT ( 3 ) GLOBAL_UNCERTAINTY_ASSIGNED_CONTEXT ( ( #2014 ) ) GLOBAL_UNIT_ASSIGNED_CONTEXT ( ( #7324, #11366, #6341 ) ) REPRESENTATION_CONTEXT ( 'NONE', 'WORKASPACE' ) );
#7405 = DIRECTION ( 'NONE',  ( -0.000000000000000000, -0.000000000000000000, 1.000000000000000000 ) ) ;
#7406 = CARTESIAN_POINT ( 'NONE',  ( 14.00000000000000000, 1.714505518806294638E-15, 12.00000000000000000 ) ) ;
#7407 = EDGE_CURVE ( 'NONE', #3809, #8507, #9645, .T. ) ;
#7408 = APPLICATION_CONTEXT ( 'configuration controlled 3d designs of mechanical parts and assemblies' ) ;
#7409 = VECTOR ( 'NONE', #1327, 1000.000000000000000 ) ;
#7410 = ORIENTED_EDGE ( 'NONE', *, *, #1298, .T. ) ;
#7411 = DATE_AND_TIME ( #4459, #2404 ) ;
#7412 = MANIFOLD_SOLID_BREP ( 'Purchased_steel_shaft_D5_L68_NOT_PRINT', #11980 ) ;
#7413 = VERTEX_POINT ( 'NONE', #5483 ) ;
#7414 = ORIENTED_EDGE ( 'NONE', *, *, #11762, .F. ) ;
#7415 = LINE ( 'NONE', #2420, #5008 ) ;
#7416 = DIRECTION ( 'NONE',  ( 0.5000000000000001110, 0.8660254037844385966, 0.000000000000000000 ) ) ;
#7417 = CIRCLE ( 'NONE', #11196, 1.700000000000000178 ) ;
#7418 = AXIS2_PLACEMENT_3D ( 'NONE', #1270, #273, #11452 ) ;
#7419 = LINE ( 'NONE', #2142, #5651 ) ;
#7420 = CARTESIAN_POINT ( 'NONE',  ( -8.774916005115880324, 55.29993048876347217, -0.000000000000000000 ) ) ;
#7421 = SHAPE_REPRESENTATION_RELATIONSHIP ( 'NONE' , 'NONE' ,  #9568, #10826 ) ;
#7422 = DIRECTION ( 'NONE',  ( -0.000000000000000000, 1.000000000000000000, -0.000000000000000000 ) ) ;
#7423 = CARTESIAN_POINT ( 'NONE',  ( 10.01747428353794689, 9.780869486404817792, 6.986530660924680447 ) ) ;
#7424 = DIRECTION ( 'NONE',  ( 0.000000000000000000, 0.000000000000000000, -1.000000000000000000 ) ) ;
#7425 = PERSON_AND_ORGANIZATION_ROLE ( 'creator' ) ;
#7426 = LOCAL_TIME ( 12, 23, 50.00000000000000000, #1917 ) ;
#7427 = CARTESIAN_POINT ( 'NONE',  ( 0.000000000000000000, 70.00000000000000000, 8.000000000000000000 ) ) ;
#7428 = PLANE ( 'NONE',  #12245 ) ;
#7429 = EDGE_LOOP ( 'NONE', ( #4476, #1672, #2936, #12660 ) ) ;
#7430 = ORIENTED_EDGE ( 'NONE', *, *, #2062, .T. ) ;
#7431 = UNCERTAINTY_MEASURE_WITH_UNIT (LENGTH_MEASURE( 1.000000000000000082E-05 ), #9700, 'distance_accuracy_value', 'NONE');
#7432 = CARTESIAN_POINT ( 'NONE',  ( -9.119842274437596430, 10.62218046192215759, 9.025160391743369814 ) ) ;
#7433 = EDGE_LOOP ( 'NONE', ( #9314, #2497 ) ) ;
#7434 = EDGE_CURVE ( 'NONE', #7774, #4379, #4303, .T. ) ;
#7435 = ORIENTED_EDGE ( 'NONE', *, *, #8420, .T. ) ;
#7436 = PERSON_AND_ORGANIZATION_ROLE ( 'classification_officer' ) ;
#7437 = CARTESIAN_POINT ( 'NONE',  ( -15.59999999999999964, 62.50000000000000000, -1.200000000000000030E-05 ) ) ;
#7438 = SECURITY_CLASSIFICATION ( '', '', #9839 ) ;
#7439 = PLANE ( 'NONE',  #1214 ) ;
#7440 = DIRECTION ( 'NONE',  ( -0.000000000000000000, -0.000000000000000000, -1.000000000000000000 ) ) ;
#7441 = CARTESIAN_POINT ( 'NONE',  ( 118.3810499613777267, -11.00000000000000000, 6.000000000000000000 ) ) ;
#7442 = CARTESIAN_POINT ( 'NONE',  ( -21.00000000000000000, 8.000000000000000000, 6.000000000000000000 ) ) ;
#7443 = EDGE_LOOP ( 'NONE', ( #12679, #4804, #1222, #5874 ) ) ;
#7444 = ORIENTED_EDGE ( 'NONE', *, *, #3156, .F. ) ;
#7445 = APPROVAL_PERSON_ORGANIZATION ( #11876, #2388, #4835 ) ;
#7446 = DIRECTION ( 'NONE',  ( -1.000000000000000000, 1.776356839400250465E-15, 0.000000000000000000 ) ) ;
#7447 = APPROVAL_STATUS ( 'not_yet_approved' ) ;
#7448 = EDGE_LOOP ( 'NONE', ( #3625, #1052, #9148, #11717, #444, #9996, #1025, #9995 ) ) ;
#7449 = EDGE_CURVE ( 'NONE', #4443, #8053, #7308, .T. ) ;
#7450 = CARTESIAN_POINT ( 'NONE',  ( -12.00000000000000000, 7.000000000000000000, 13.29999999999999893 ) ) ;
#7451 = VERTEX_POINT ( 'NONE', #12482 ) ;
#7452 = LINE ( 'NONE', #9373, #12893 ) ;
#7453 = APPROVAL ( #9893, 'ๆช' ) ;
#7454 = LOCAL_TIME ( 12, 23, 50.00000000000000000, #1885 ) ;
#7455 = PLANE ( 'NONE',  #9900 ) ;
#7456 = CARTESIAN_POINT ( 'NONE',  ( 0.5999999999999999778, 0.000000000000000000, 0.000000000000000000 ) ) ;
#7457 = CARTESIAN_POINT ( 'NONE',  ( -11.90000000000000036, -6.400000000000000355, 0.000000000000000000 ) ) ;
#7458 = CARTESIAN_POINT ( 'NONE',  ( 29.30006951123579739, 57.22508399488668118, -0.000000000000000000 ) ) ;
#7459 = CARTESIAN_POINT ( 'NONE',  ( 29.30000000000000071, 57.00000000000000000, 5.000000000000000000 ) ) ;
#7460 = EDGE_LOOP ( 'NONE', ( #5775, #11744, #285, #10920 ) ) ;
#7461 = LINE ( 'NONE', #7314, #11374 ) ;
#7462 = VERTEX_POINT ( 'NONE', #9509 ) ;
#7463 = PERSON_AND_ORGANIZATION ( #7977, #7760 ) ;
#7464 = EDGE_CURVE ( 'NONE', #6979, #3371, #5352, .T. ) ;
#7465 = CARTESIAN_POINT ( 'NONE',  ( 32.70000000000001705, 65.77438419509401513, -0.000000000000000000 ) ) ;
#7466 = EDGE_CURVE ( 'NONE', #1335, #6879, #9443, .T. ) ;
#7467 = CARTESIAN_POINT ( 'NONE',  ( 11.94592245563050525, 7.300338131588374857, 8.370962191954024689 ) ) ;
#7468 = CARTESIAN_POINT ( 'NONE',  ( -8.141514269798118875, 67.48439506952533407, 0.000000000000000000 ) ) ;
#7469 = CC_DESIGN_DATE_AND_TIME_ASSIGNMENT ( #11277, #239, ( #12732 ) ) ;
#7470 = LINE ( 'NONE', #10503, #6027 ) ;
#7471 = LINE ( 'NONE', #11699, #10346 ) ;
#7472 = CARTESIAN_POINT ( 'NONE',  ( -10.88360175605741631, 8.809597095810328682, 11.70000000000000639 ) ) ;
#7473 = FACE_OUTER_BOUND ( 'NONE', #9922, .T. ) ;
#7474 = CARTESIAN_POINT ( 'NONE',  ( 125.7000000000000028, 0.2252519565404662583, 0.000000000000000000 ) ) ;
#7475 = ORIENTED_EDGE ( 'NONE', *, *, #8923, .T. ) ;
#7476 = APPROVAL_DATE_TIME ( #1468, #5046 ) ;
#7477 = ORIENTED_EDGE ( 'NONE', *, *, #9976, .F. ) ;
#7478 = PERSON_AND_ORGANIZATION ( #2675, #9931 ) ;
#7479 = EDGE_LOOP ( 'NONE', ( #2969, #4851, #3291, #10989 ) ) ;
#7480 = EDGE_CURVE ( 'NONE', #5421, #1999, #310, .T. ) ;
#7481 = ORIENTED_EDGE ( 'NONE', *, *, #1422, .T. ) ;
#7482 = DIRECTION ( 'NONE',  ( 0.000000000000000000, 0.000000000000000000, -1.000000000000000000 ) ) ;
#7483 = FACE_OUTER_BOUND ( 'NONE', #7539, .T. ) ;
#7484 = EDGE_CURVE ( 'NONE', #956, #10632, #8368, .T. ) ;
#7485 = CARTESIAN_POINT ( 'NONE',  ( -6.442584738251305509, -7.343333099005485032, 0.000000000000000000 ) ) ;
#7486 = CARTESIAN_POINT ( 'NONE',  ( 18.95712604296905113, 15.36119079527073872, 0.000000000000000000 ) ) ;
#7487 = B_SPLINE_CURVE_WITH_KNOTS ( 'NONE', 3,
 ( #8708, #5914, #5797, #1722, #7953, #2844, #2901, #10753, #12986, #5743, #4832, #2662, #8951, #6642, #10932, #10813, #4709, #12866 ),
 .UNSPECIFIED., .F., .F.,
 ( 4, 2, 2, 2, 2, 2, 2, 2, 4 ),
 ( 0.000000000000000000, 0.06250000000000015266, 0.1250000000000001110, 0.1875000000000000833, 0.2500000000000000555, 0.3125000000000000555, 0.3750000000000000000, 0.4375000000000000000, 0.5000000000000000000 ),
 .UNSPECIFIED. ) ;
#7488 = DIRECTION ( 'NONE',  ( 1.000000000000000000, 0.000000000000000000, 0.000000000000000000 ) ) ;
#7489 = CARTESIAN_POINT ( 'NONE',  ( -11.59999999999999964, 0.000000000000000000, -0.000000000000000000 ) ) ;
#7490 = ORIENTED_EDGE ( 'NONE', *, *, #8684, .F. ) ;
#7491 = VERTEX_POINT ( 'NONE', #2390 ) ;
#7492 = FACE_OUTER_BOUND ( 'NONE', #10387, .T. ) ;
#7493 = VERTEX_POINT ( 'NONE', #4504 ) ;
#7494 = FACE_BOUND ( 'NONE', #12117, .T. ) ;
#7495 = ORIENTED_EDGE ( 'NONE', *, *, #8594, .T. ) ;
#7496 = ORIENTED_EDGE ( 'NONE', *, *, #3519, .T. ) ;
#7497 = CARTESIAN_POINT ( 'NONE',  ( 5.141514269806205739, -10.48439506952756517, 0.000000000000000000 ) ) ;
#7498 = MANIFOLD_SOLID_BREP ( 'V2_REF_chassis_255p8x149', #9674 ) ;
#7499 = CARTESIAN_POINT ( 'NONE',  ( 10.50000000000000000, -1.300000000000000044, 0.000000000000000000 ) ) ;
#7500 = FACE_OUTER_BOUND ( 'NONE', #2348, .T. ) ;
#7501 = VECTOR ( 'NONE', #1289, 1000.000000000000000 ) ;
#7502 = DIRECTION ( 'NONE',  ( 0.000000000000000000, 0.000000000000000000, -1.000000000000000000 ) ) ;
#7503 = CARTESIAN_POINT ( 'NONE',  ( -7.515476490455951009, 57.85853893178961016, -0.000000000000000000 ) ) ;
#7504 = ORIENTED_EDGE ( 'NONE', *, *, #1784, .F. ) ;
#7505 = ORIENTED_EDGE ( 'NONE', *, *, #2813, .F. ) ;
#7506 = CARTESIAN_POINT ( 'NONE',  ( 19.77438419509190837, -0.000000000000000000, 13.70000000000000284 ) ) ;
#7507 = PERSON_AND_ORGANIZATION ( #2675, #9931 ) ;
#7508 = ORIENTED_EDGE ( 'NONE', *, *, #5386, .T. ) ;
#7509 = CARTESIAN_POINT ( 'NONE',  ( -10.50000000000000000, -1.300000000000000044, -0.09997027095160138099 ) ) ;
#7510 = ORIENTED_EDGE ( 'NONE', *, *, #606, .T. ) ;
#7511 = VECTOR ( 'NONE', #1320, 1000.000000000000000 ) ;
#7512 = FACE_OUTER_BOUND ( 'NONE', #3331, .T. ) ;
#7513 = DIRECTION ( 'NONE',  ( 0.000000000000000000, 0.000000000000000000, 1.000000000000000000 ) ) ;
#7514 = DIRECTION ( 'NONE',  ( 0.000000000000000000, 1.000000000000000000, 0.000000000000000000 ) ) ;
#7515 = EDGE_CURVE ( 'NONE', #3371, #1227, #8500, .T. ) ;
#7516 = AXIS2_PLACEMENT_3D ( 'NONE', #2907, #841, #11749 ) ;
#7517 = CARTESIAN_POINT ( 'NONE',  ( 29.95712604296984338, 58.36119079527190223, 0.000000000000000000 ) ) ;
#7518 = AXIS2_PLACEMENT_3D ( 'NONE', #7427, #2493, #9539 ) ;
#7519 = FACE_OUTER_BOUND ( 'NONE', #4375, .T. ) ;
#7520 = CARTESIAN_POINT ( 'NONE',  ( 21.00000000000000000, -12.00000000000000000, 0.000000000000000000 ) ) ;
#7521 = EDGE_LOOP ( 'NONE', ( #2367, #8463, #12237, #3740 ) ) ;
#7522 = LINE ( 'NONE', #6459, #335 ) ;
#7523 = ORIENTED_EDGE ( 'NONE', *, *, #10457, .F. ) ;
#7524 = CARTESIAN_POINT ( 'NONE',  ( 183.0000000000000000, 3.000000000000000000, 83.00000000000000000 ) ) ;
#7525 = VERTEX_POINT ( 'NONE', #2520 ) ;
#7526 = CARTESIAN_POINT ( 'NONE',  ( 11.77425630845663029, 7.574553072307678825, 7.566445093151377144 ) ) ;
#7527 = PLANE ( 'NONE',  #10906 ) ;
#7528 = VECTOR ( 'NONE', #9765, 1000.000000000000000 ) ;
#7529 = DIRECTION ( 'NONE',  ( -0.000000000000000000, -1.000000000000000000, -0.000000000000000000 ) ) ;
#7530 = DIRECTION ( 'NONE',  ( -0.000000000000000000, 1.000000000000000000, 0.000000000000000000 ) ) ;
#7531 = ADVANCED_FACE ( 'NONE', ( #1516 ), #7583, .F. ) ;
#7532 = CARTESIAN_POINT ( 'NONE',  ( -30.50000000000000000, 10.00000000000000000, 35.00000000000000000 ) ) ;
#7533 = CARTESIAN_POINT ( 'NONE',  ( 30.77438419509429224, -0.000000000000000000, 14.70000000000000284 ) ) ;
#7534 = VECTOR ( 'NONE', #3224, 1000.000000000000000 ) ;
#7535 = CC_DESIGN_PERSON_AND_ORGANIZATION_ASSIGNMENT ( #8360, #2237, ( #7345 ) ) ;
#7536 = CIRCLE ( 'NONE', #2719, 2.000000000000001776 ) ;
#7537 = APPROVAL_STATUS ( 'not_yet_approved' ) ;
#7538 = CC_DESIGN_PERSON_AND_ORGANIZATION_ASSIGNMENT ( #2416, #2269, ( #5126 ) ) ;
#7539 = EDGE_LOOP ( 'NONE', ( #9140, #6101, #3660, #3317 ) ) ;
#7540 = APPROVAL_STATUS ( 'not_yet_approved' ) ;
#7541 = ORIENTED_EDGE ( 'NONE', *, *, #7449, .F. ) ;
#7542 = COORDINATED_UNIVERSAL_TIME_OFFSET ( 5, 0, .BEHIND. ) ;
#7543 = CARTESIAN_POINT ( 'NONE',  ( -21.70006951123579597, 13.77491600511408087, 0.000000000000000000 ) ) ;
#7544 = DIRECTION ( 'NONE',  ( 0.000000000000000000, 0.000000000000000000, 1.000000000000000000 ) ) ;
#7545 = CARTESIAN_POINT ( 'NONE',  ( -5.557362060151588068, -7.343204658989380462, -0.000000000000000000 ) ) ;
#7547 = EDGE_CURVE ( 'NONE', #959, #989, #9819, .T. ) ;
#7546 = DIRECTION ( 'NONE',  ( 0.000000000000000000, 0.000000000000000000, 1.000000000000000000 ) ) ;
#7548 = EDGE_CURVE ( 'NONE', #138, #1, #8795, .T. ) ;
#7549 = ORGANIZATION ( 'NAUO-ORG3', 'UNSPECIFIED', 'UNSPECIFIED' ) ;
#7550 = CLOSED_SHELL ( 'NONE', ( #8887, #9888, #3133, #9467, #2572, #12239, #12240, #8688, #3109, #8987, #12110, #1596, #7304, #984, #9313, #7170, #10850, #10035 ) ) ;
#7551 = DIRECTION ( 'NONE',  ( -1.000000000000000000, 0.000000000000000000, -0.000000000000000000 ) ) ;
#7552 = VECTOR ( 'NONE', #8138, 1000.000000000000000 ) ;
#7553 = DIRECTION ( 'NONE',  ( 1.000000000000000000, 0.000000000000000000, 0.000000000000000000 ) ) ;
#7554 = ORIENTED_EDGE ( 'NONE', *, *, #7218, .F. ) ;
#7555 = ORIENTED_EDGE ( 'NONE', *, *, #2968, .F. ) ;
#7556 = EDGE_CURVE ( 'NONE', #4883, #4664, #8830, .T. ) ;
#7557 = DESIGN_CONTEXT ( 'detailed design', #7822, 'design' ) ;
#7558 = CARTESIAN_POINT ( 'NONE',  ( -18.30000000000000071, -13.77474804345230908, 0.000000000000000000 ) ) ;
#7559 = VERTEX_POINT ( 'NONE', #12686 ) ;
#7560 = DIRECTION ( 'NONE',  ( 0.000000000000000000, 0.000000000000000000, -1.000000000000000000 ) ) ;
#7561 = ORIENTED_EDGE ( 'NONE', *, *, #12799, .T. ) ;
#7562 = DATE_TIME_ROLE ( 'classification_date' ) ;
#7563 = EDGE_LOOP ( 'NONE', ( #10660, #9379, #5179, #5801 ) ) ;
#7564 = SECURITY_CLASSIFICATION ( '', '', #8509 ) ;
#7565 = DIRECTION ( 'NONE',  ( -0.000000000000000000, -0.000000000000000000, -1.000000000000000000 ) ) ;
#7566 = CARTESIAN_POINT ( 'NONE',  ( -15.59999999999999964, 77.50000000000000000, 6.000000000000000000 ) ) ;
#7567 = CARTESIAN_POINT ( 'NONE',  ( 20.00000000000000000, 14.00000000000000000, -1.200000000000000030E-05 ) ) ;
#7568 = CARTESIAN_POINT ( 'NONE',  ( -7.899999999999999467, 0.000000000000000000, 29.00000000000000000 ) ) ;
#7569 = CARTESIAN_POINT ( 'NONE',  ( -20.00000000000000000, 8.000000000000000000, 12.00000000000000000 ) ) ;
#7570 = ORIENTED_EDGE ( 'NONE', *, *, #5991, .T. ) ;
#7571 = EDGE_LOOP ( 'NONE', ( #9747, #11799, #1550, #2582 ) ) ;
#7572 = SECURITY_CLASSIFICATION ( '', '', #777 ) ;
#7573 = UNCERTAINTY_MEASURE_WITH_UNIT (LENGTH_MEASURE( 1.000000000000000082E-05 ), #6528, 'distance_accuracy_value', 'NONE');
#7574 = FACE_OUTER_BOUND ( 'NONE', #9750, .T. ) ;
#7575 = APPROVAL_ROLE ( '' ) ;
#7576 = ORIENTED_EDGE ( 'NONE', *, *, #8923, .F. ) ;
#7577 = CARTESIAN_POINT ( 'NONE',  ( 0.000000000000000000, 0.000000000000000000, 4.000000000000000000 ) ) ;
#7578 = VECTOR ( 'NONE', #5288, 1000.000000000000000 ) ;
#7579 = VERTEX_POINT ( 'NONE', #8704 ) ;
#7580 = FACE_BOUND ( 'NONE', #10347, .T. ) ;
#7581 = DIRECTION ( 'NONE',  ( -1.000000000000000000, 0.000000000000000000, 0.000000000000000000 ) ) ;
#7582 = APPLICATION_CONTEXT ( 'configuration controlled 3d designs of mechanical parts and assemblies' ) ;
#7583 = PLANE ( 'NONE',  #10054 ) ;
#7584 = DIRECTION ( 'NONE',  ( -0.000000000000000000, -0.000000000000000000, 1.000000000000000000 ) ) ;
#7585 = VECTOR ( 'NONE', #11442, 1000.000000000000000 ) ;
#7586 = AXIS2_PLACEMENT_3D ( 'NONE', #1567, #9620, #9692 ) ;
#7587 = DIRECTION ( 'NONE',  ( 1.000000000000000000, -0.000000000000000000, 0.000000000000000000 ) ) ;
#7588 = DIRECTION ( 'NONE',  ( 1.000000000000000000, 0.000000000000000000, 0.000000000000000000 ) ) ;
#7589 = EDGE_LOOP ( 'NONE', ( #545, #7069, #7302, #10740 ) ) ;
#7590 = CARTESIAN_POINT ( 'NONE',  ( -15.19999999999999929, -2.000000000000000000, -1.200000000000000030E-05 ) ) ;
#7591 = EDGE_LOOP ( 'NONE', ( #8617, #9626, #11642, #6285 ) ) ;
#7592 = COORDINATED_UNIVERSAL_TIME_OFFSET ( 5, 0, .BEHIND. ) ;
#7593 = LINE ( 'NONE', #10431, #3529 ) ;
#7594 = PRODUCT ( 'V3_08_SG90_mount', 'V3_08_SG90_mount', '', ( #2137 ) ) ;
#7595 = CARTESIAN_POINT ( 'NONE',  ( 21.48439506952681555, 0.000000000000000000, 12.85848573019829111 ) ) ;
#7596 = EDGE_CURVE ( 'NONE', #939, #12890, #8763, .T. ) ;
#7597 = AXIS2_PLACEMENT_3D ( 'NONE', #11606, #6563, #2641 ) ;
#7598 = FACE_BOUND ( 'NONE', #4139, .T. ) ;
#7599 = CIRCLE ( 'NONE', #12880, 1.700000000000000178 ) ;
#7600 = CARTESIAN_POINT ( 'NONE',  ( -1.594977014734535459, -2.082076604084840188, -0.000000000000000000 ) ) ;
#7601 = FACE_BOUND ( 'NONE', #4173, .T. ) ;
#7602 = FACE_OUTER_BOUND ( 'NONE', #698, .T. ) ;
#7603 = AXIS2_PLACEMENT_3D ( 'NONE', #9310, #3516, #2323 ) ;
#7604 = CIRCLE ( 'NONE', #2354, 14.00000000000000000 ) ;
#7605 = PERSON_AND_ORGANIZATION ( #2675, #9931 ) ;
#7606 = EDGE_LOOP ( 'NONE', ( #12978, #10432, #1089, #5633 ) ) ;
#7607 = CONTEXT_DEPENDENT_SHAPE_REPRESENTATION ( #10942, #4477 ) ;
#7608 = ORIENTED_EDGE ( 'NONE', *, *, #7788, .T. ) ;
#7609 = EDGE_CURVE ( 'NONE', #9068, #6790, #7765, .T. ) ;
#7610 = CARTESIAN_POINT ( 'NONE',  ( 27.69999999999999929, -57.00000000000000711, -8.271806125530276749E-22 ) ) ;
#7611 = VECTOR ( 'NONE', #5471, 1000.000000000000000 ) ;
#7612 = CARTESIAN_POINT ( 'NONE',  ( 9.170132238024914173, 10.57899323120674140, 7.858776623762611990 ) ) ;
#7613 = APPROVAL ( #9151, 'ๆช' ) ;
#7614 = LINE ( 'NONE', #11774, #9360 ) ;
#7615 = LINE ( 'NONE', #6798, #6855 ) ;
#7616 = PLANE ( 'NONE',  #6320 ) ;
#7617 = ORIENTED_EDGE ( 'NONE', *, *, #4169, .F. ) ;
#7618 = PRODUCT_DEFINITION_SHAPE ( 'NONE', 'NONE',  #13073 ) ;
#7619 = ORIENTED_EDGE ( 'NONE', *, *, #8616, .T. ) ;
#7620 = PRODUCT_DEFINITION_FORMATION_WITH_SPECIFIED_SOURCE ( 'ไป', '', #1589, .NOT_KNOWN. ) ;
#7621 = VERTEX_POINT ( 'NONE', #1833 ) ;
#7622 = ORIENTED_EDGE ( 'NONE', *, *, #3091, .F. ) ;
#7623 = COORDINATED_UNIVERSAL_TIME_OFFSET ( 5, 0, .BEHIND. ) ;
#7624 = EDGE_CURVE ( 'NONE', #3263, #12574, #10749, .T. ) ;
#7625 = ORIENTED_EDGE ( 'NONE', *, *, #12652, .T. ) ;
#7626 = CARTESIAN_POINT ( 'NONE',  ( -12.00000000000000000, 7.000000000000000000, 6.700000000000000178 ) ) ;
#7627 = EDGE_CURVE ( 'NONE', #8424, #8323, #710, .T. ) ;
#7628 = CARTESIAN_POINT ( 'NONE',  ( -35.00000000000000000, -70.00000000000000000, 0.000000000000000000 ) ) ;
#7629 = DIRECTION ( 'NONE',  ( -0.000000000000000000, -0.000000000000000000, -1.000000000000000000 ) ) ;
#7630 = ADVANCED_FACE ( 'NONE', ( #3892 ), #769, .F. ) ;
#7631 = CC_DESIGN_SECURITY_CLASSIFICATION ( #12900, ( #7620 ) ) ;
#7632 = CARTESIAN_POINT ( 'NONE',  ( 28.00000000000000000, 0.000000000000000000, 24.00000000000000000 ) ) ;
#7633 = COORDINATED_UNIVERSAL_TIME_OFFSET ( 5, 0, .BEHIND. ) ;
#7634 = LINE ( 'NONE', #7441, #10542 ) ;
#7635 = CARTESIAN_POINT ( 'NONE',  ( 255.8000000000000398, 3.000000000000000000, 149.0000000000000000 ) ) ;
#7636 = ORIENTED_EDGE ( 'NONE', *, *, #1487, .T. ) ;
#7637 = ORIENTED_EDGE ( 'NONE', *, *, #4718, .F. ) ;
#7638 = FACE_OUTER_BOUND ( 'NONE', #417, .T. ) ;
#7639 = MECHANICAL_CONTEXT ( 'NONE', #7131, 'mechanical' ) ;
#7640 = APPROVAL_PERSON_ORGANIZATION ( #11811, #904, #12753 ) ;
#7641 = DATE_AND_TIME ( #442, #11593 ) ;
#7642 = CARTESIAN_POINT ( 'NONE',  ( 21.69999999999999929, 14.00000000000000000, -6.000000000000000152E-06 ) ) ;
#7643 = ORIENTED_EDGE ( 'NONE', *, *, #11590, .T. ) ;
#7644 = ADVANCED_FACE ( 'NONE', ( #6635 ), #3830, .F. ) ;
#7645 = DIRECTION ( 'NONE',  ( -1.000000000000000000, 0.000000000000000000, -0.000000000000000000 ) ) ;
#7646 = EDGE_CURVE ( 'NONE', #7413, #6746, #1643, .T. ) ;
#7647 = EDGE_CURVE ( 'NONE', #11615, #8323, #4817, .T. ) ;
#7648 = EDGE_CURVE ( 'NONE', #3647, #10462, #8014, .T. ) ;
#7649 = LINE ( 'NONE', #6514, #2545 ) ;
#7650 = CARTESIAN_POINT ( 'NONE',  ( -34.00000000000000000, -5.000000000000000000, -1.200000000000000030E-05 ) ) ;
#7651 = CARTESIAN_POINT ( 'NONE',  ( -9.291956110314004036, 10.47215736457432023, 10.85867387745195778 ) ) ;
#7652 = CC_DESIGN_APPROVAL ( #7453, ( #11235 ) ) ;
#7653 = FACE_OUTER_BOUND ( 'NONE', #4814, .T. ) ;
#7654 = DIRECTION ( 'NONE',  ( 1.000000000000000000, -0.000000000000000000, -0.000000000000000000 ) ) ;
#7655 = EDGE_LOOP ( 'NONE', ( #11607, #7809, #8803, #9166 ) ) ;
#7656 = LINE ( 'NONE', #11693, #3999 ) ;
#7657 = ORIENTED_EDGE ( 'NONE', *, *, #11505, .F. ) ;
#7658 = APPROVAL_ROLE ( '' ) ;
#7659 = FACE_OUTER_BOUND ( 'NONE', #2326, .T. ) ;
#7660 = ORIENTED_EDGE ( 'NONE', *, *, #12878, .T. ) ;
#7661 = PRODUCT_DEFINITION_FORMATION_WITH_SPECIFIED_SOURCE ( 'ไป', '', #2591, .NOT_KNOWN. ) ;
#7662 = DIRECTION ( 'NONE',  ( 0.000000000000000000, 0.000000000000000000, -1.000000000000000000 ) ) ;
#7663 = EDGE_CURVE ( 'NONE', #4354, #8487, #2048, .T. ) ;
#7664 = CARTESIAN_POINT ( 'NONE',  ( -11.77713143436211141, 7.570080073119063613, 9.073250404111556477 ) ) ;
#7665 = CARTESIAN_POINT ( 'NONE',  ( 0.000000000000000000, 72.50000000000000000, 6.000000000000000000 ) ) ;
#7666 = FACE_OUTER_BOUND ( 'NONE', #6859, .T. ) ;
#7667 = CALENDAR_DATE ( 2026, 21, 9 ) ;
#7668 = DIRECTION ( 'NONE',  ( 1.000000000000000000, 0.000000000000000000, 0.000000000000000000 ) ) ;
#7669 = ORIENTED_EDGE ( 'NONE', *, *, #6816, .F. ) ;
#7670 = VERTEX_POINT ( 'NONE', #8076 ) ;
#7671 = APPROVAL_ROLE ( '' ) ;
#7672 = ORIENTED_EDGE ( 'NONE', *, *, #1354, .F. ) ;
#7673 = CARTESIAN_POINT ( 'NONE',  ( -30.50000000000000000, -10.00000000000000000, 35.00000000000000000 ) ) ;
#7674 =( NAMED_UNIT ( * ) PLANE_ANGLE_UNIT ( ) SI_UNIT ( $, .RADIAN. ) );
#7675 = CARTESIAN_POINT ( 'NONE',  ( 31.60000000000000142, 72.49999999999998579, 5.590597372058685011 ) ) ;
#7676 = DIRECTION ( 'NONE',  ( -0.000000000000000000, -0.000000000000000000, -1.000000000000000000 ) ) ;
#7677 = CARTESIAN_POINT ( 'NONE',  ( -8.099999999999999645, 70.00000000000000000, 5.200000000000000178 ) ) ;
#7678 = EDGE_CURVE ( 'NONE', #6703, #9636, #6093, .T. ) ;
#7679 = VERTEX_POINT ( 'NONE', #5968 ) ;
#7680 = ORIENTED_EDGE ( 'NONE', *, *, #4675, .T. ) ;
#7681 = ORIENTED_EDGE ( 'NONE', *, *, #5764, .T. ) ;
#7682 = CC_DESIGN_PERSON_AND_ORGANIZATION_ASSIGNMENT ( #8786, #3792, ( #6890 ) ) ;
#7683 = VERTEX_POINT ( 'NONE', #1081 ) ;
#7684 = CARTESIAN_POINT ( 'NONE',  ( 1.594878658085105760, -2.081978247435756213, 0.000000000000000000 ) ) ;
#7685 = DIRECTION ( 'NONE',  ( -0.000000000000000000, -0.000000000000000000, -1.000000000000000000 ) ) ;
#7686 = CARTESIAN_POINT ( 'NONE',  ( -12.80000000000000071, -2.000000000000000000, -1.200000000000000030E-05 ) ) ;
#7687 = DIRECTION ( 'NONE',  ( -0.000000000000000000, -0.000000000000000000, 1.000000000000000000 ) ) ;
#7688 = EDGE_CURVE ( 'NONE', #1349, #11847, #10927, .T. ) ;
#7689 = DIRECTION ( 'NONE',  ( 0.000000000000000000, -1.000000000000000000, 0.000000000000000000 ) ) ;
#7690 = EDGE_LOOP ( 'NONE', ( #893, #9549, #8956, #4984, #11305, #3252, #2727, #12709, #7818, #4564, #6728, #11376 ) ) ;
#7691 = VECTOR ( 'NONE', #11820, 1000.000000000000000 ) ;
#7692 = ORIENTED_EDGE ( 'NONE', *, *, #13033, .F. ) ;
#7693 = UNCERTAINTY_MEASURE_WITH_UNIT (LENGTH_MEASURE( 1.000000000000000082E-05 ), #6631, 'distance_accuracy_value', 'NONE');
#7694 = PLANE ( 'NONE',  #4869 ) ;
#7695 = APPLICATION_PROTOCOL_DEFINITION ( 'international standard', 'config_control_design', 1994, #7822 ) ;
#7696 = APPROVAL ( #7335, 'UNKNOWN' ) ;
#7697 = DATE_AND_TIME ( #9811, #2164 ) ;
#7698 = CC_DESIGN_DATE_AND_TIME_ASSIGNMENT ( #7730, #10550, ( #12900 ) ) ;
#7699 = DIRECTION ( 'NONE',  ( -0.000000000000000000, -0.000000000000000000, 1.000000000000000000 ) ) ;
#7700 = EDGE_LOOP ( 'NONE', ( #11529, #4462, #11629, #839 ) ) ;
#7701 = EDGE_CURVE ( 'NONE', #12646, #10260, #2024, .T. ) ;
#7702 = VECTOR ( 'NONE', #5006, 1000.000000000000000 ) ;
#7703 = DIRECTION ( 'NONE',  ( 0.000000000000000000, 0.000000000000000000, -1.000000000000000000 ) ) ;
#7704 = CARTESIAN_POINT ( 'NONE',  ( 0.000000000000000000, 59.50000000000000000, 0.000000000000000000 ) ) ;
#7705 = EDGE_CURVE ( 'NONE', #5177, #7579, #5132, .T. ) ;
#7706 = EDGE_CURVE ( 'NONE', #1339, #10523, #7077, .T. ) ;
#7707 = DIRECTION ( 'NONE',  ( 0.000000000000000000, 0.000000000000000000, -1.000000000000000000 ) ) ;
#7708 = CIRCLE ( 'NONE', #6204, 9.500000000000000000 ) ;
#7709 = CARTESIAN_POINT ( 'NONE',  ( 0.000000000000000000, 149.0000000000000000, 3.000000000000000000 ) ) ;
#7710 = ORIENTED_EDGE ( 'NONE', *, *, #5077, .F. ) ;
#7711 = CARTESIAN_POINT ( 'NONE',  ( -30.50000000000000000, -10.00000000000000000, 0.000000000000000000 ) ) ;
#7712 = ORIENTED_EDGE ( 'NONE', *, *, #9798, .F. ) ;
#7713 = EDGE_CURVE ( 'NONE', #9784, #4101, #1063, .T. ) ;
#7714 = CONTEXT_DEPENDENT_SHAPE_REPRESENTATION ( #983, #4132 ) ;
#7715 = CARTESIAN_POINT ( 'NONE',  ( -34.00000000000000000, -5.000000000000000000, 25.00000000000000000 ) ) ;
#7716 = VERTEX_POINT ( 'NONE', #6887 ) ;
#7717 = CARTESIAN_POINT ( 'NONE',  ( -10.65666690099488711, 0.000000000000000000, 4.442584738250936027 ) ) ;
#7718 = VECTOR ( 'NONE', #1304, 1000.000000000000000 ) ;
#7719 = DIRECTION ( 'NONE',  ( -0.000000000000000000, -0.000000000000000000, 1.000000000000000000 ) ) ;
#7720 = CIRCLE ( 'NONE', #10256, 8.000000000000000000 ) ;
#7721 = LINE ( 'NONE', #723, #3404 ) ;
#7722 = CARTESIAN_POINT ( 'NONE',  ( 31.19999999999999929, -1.200000000000000030E-05, 5.688194301613412662 ) ) ;
#7723 = APPROVAL_DATE_TIME ( #11888, #12217 ) ;
#7724 = CARTESIAN_POINT ( 'NONE',  ( 35.60000000000000142, 67.50000000000000000, 0.000000000000000000 ) ) ;
#7725 = ORIENTED_EDGE ( 'NONE', *, *, #159, .T. ) ;
#7726 = ORIENTED_EDGE ( 'NONE', *, *, #6465, .F. ) ;
#7727 = DATE_TIME_ROLE ( 'classification_date' ) ;
#7728 = CIRCLE ( 'NONE', #11094, 1.700000000000000178 ) ;
#7729 = FACE_OUTER_BOUND ( 'NONE', #2268, .T. ) ;
#7730 = DATE_AND_TIME ( #3729, #7184 ) ;
#7731 = LINE ( 'NONE', #7673, #7747 ) ;
#7732 = CARTESIAN_POINT ( 'NONE',  ( -21.70006951123579242, -0.000000000000000000, 12.22508399488629038 ) ) ;
#7733 = DIRECTION ( 'NONE',  ( 0.000000000000000000, 0.000000000000000000, -1.000000000000000000 ) ) ;
#7734 = VECTOR ( 'NONE', #360, 1000.000000000000000 ) ;
#7735 = CARTESIAN_POINT ( 'NONE',  ( -14.00000000000000000, 0.000000000000000000, -1.200000000000000030E-05 ) ) ;
#7736 = EDGE_LOOP ( 'NONE', ( #6441, #9659, #5423, #8115 ) ) ;
#7737 = ORIENTED_EDGE ( 'NONE', *, *, #12128, .T. ) ;
#7738 = CIRCLE ( 'NONE', #12396, 1.700000000000000178 ) ;
#7739 = DIRECTION ( 'NONE',  ( 0.000000000000000000, -0.000000000000000000, -1.000000000000000000 ) ) ;
#7740 = ORIENTED_EDGE ( 'NONE', *, *, #2127, .F. ) ;
#7741 = ORIENTED_EDGE ( 'NONE', *, *, #11377, .T. ) ;
#7742 = CARTESIAN_POINT ( 'NONE',  ( 0.000000000000000000, 0.000000000000000000, 4.000000000000000000 ) ) ;
#7743 = ORIENTED_EDGE ( 'NONE', *, *, #1045, .F. ) ;
#7744 = AXIS2_PLACEMENT_3D ( 'NONE', #7252, #11368, #2263 ) ;
#7745 =( REPRESENTATION_RELATIONSHIP ('NONE','NONE', #874, #8195 ) REPRESENTATION_RELATIONSHIP_WITH_TRANSFORMATION ( #12427 )SHAPE_REPRESENTATION_RELATIONSHIP( ) );
#7746 = CARTESIAN_POINT ( 'NONE',  ( -11.03982175519196751, 8.612738812327586757, 10.16766443662072206 ) ) ;
#7747 = VECTOR ( 'NONE', #11651, 1000.000000000000000 ) ;
#7748 = CARTESIAN_POINT ( 'NONE',  ( 0.000000000000000000, 0.000000000000000000, 149.0000000000000000 ) ) ;
#7749 = EDGE_CURVE ( 'NONE', #12403, #10374, #13047, .T. ) ;
#7750 = LINE ( 'NONE', #2574, #8161 ) ;
#7751 = EDGE_CURVE ( 'NONE', #4028, #2649, #13010, .T. ) ;
#7752 = VECTOR ( 'NONE', #10866, 1000.000000000000000 ) ;
#7753 = CARTESIAN_POINT ( 'NONE',  ( 20.00000000000000000, -12.00000000000000000, 0.000000000000000000 ) ) ;
#7754 = ORIENTED_EDGE ( 'NONE', *, *, #6552, .F. ) ;
#7755 = VERTEX_POINT ( 'NONE', #12056 ) ;
#7756 = CARTESIAN_POINT ( 'NONE',  ( 40.00000000000000000, 0.000000000000000000, 40.00000000000000000 ) ) ;
#7757 = APPLICATION_PROTOCOL_DEFINITION ( 'international standard', 'config_control_design', 1994, #4483 ) ;
#7758 = VECTOR ( 'NONE', #7026, 1000.000000000000000 ) ;
#7759 = ORIENTED_EDGE ( 'NONE', *, *, #11901, .F. ) ;
#7760 = ORGANIZATION ( 'NAUO-ORG13', 'UNSPECIFIED', 'UNSPECIFIED' ) ;
#7761 = LINE ( 'NONE', #9697, #5641 ) ;
#7762 = ORIENTED_EDGE ( 'NONE', *, *, #6033, .F. ) ;
#7763 = ADVANCED_FACE ( 'NONE', ( #1135 ), #7014, .F. ) ;
#7764 = FACE_BOUND ( 'NONE', #11375, .T. ) ;
#7765 = LINE ( 'NONE', #1771, #5223 ) ;
#7766 = LOCAL_TIME ( 12, 23, 50.00000000000000000, #9955 ) ;
#7767 = CARTESIAN_POINT ( 'NONE',  ( 0.000000000000000000, -1.300000000000000044, 0.000000000000000000 ) ) ;
#7768 = CC_DESIGN_PERSON_AND_ORGANIZATION_ASSIGNMENT ( #11003, #11337, ( #11187 ) ) ;
#7769 = FACE_OUTER_BOUND ( 'NONE', #8720, .T. ) ;
#7770 = DIRECTION ( 'NONE',  ( 1.000000000000000000, 0.000000000000000000, 0.000000000000000000 ) ) ;
#7771 = VERTEX_POINT ( 'NONE', #1218 ) ;
#7772 = DIRECTION ( 'NONE',  ( 0.000000000000000000, 0.000000000000000000, 1.000000000000000000 ) ) ;
#7773 = PERSON_AND_ORGANIZATION ( #2675, #9931 ) ;
#7774 = VERTEX_POINT ( 'NONE', #1358 ) ;
#7775 = PERSON_AND_ORGANIZATION_ROLE ( 'classification_officer' ) ;
#7776 = DIRECTION ( 'NONE',  ( -1.000000000000000000, 0.000000000000000000, 0.000000000000000000 ) ) ;
#7777 = CARTESIAN_POINT ( 'NONE',  ( 135.5573620601498703, -1.656795341010720568, -0.000000000000000000 ) ) ;
#7778 = LOCAL_TIME ( 12, 23, 50.00000000000000000, #637 ) ;
#7779 = ADVANCED_FACE ( 'NONE', ( #6499 ), #5336, .F. ) ;
#7780 = SHAPE_REPRESENTATION ( 'V3_REF_electronics_envelope', ( #6542 ), #9734 ) ;
#7781 = ADVANCED_FACE ( 'NONE', ( #3438 ), #7220, .T. ) ;
#7782 = VECTOR ( 'NONE', #31, 1000.000000000000000 ) ;
#7783 = FACE_OUTER_BOUND ( 'NONE', #4149, .T. ) ;
#7784 = DIRECTION ( 'NONE',  ( 1.000000000000000000, 0.000000000000000000, 0.000000000000000000 ) ) ;
#7785 = EDGE_CURVE ( 'NONE', #7451, #9939, #3106, .T. ) ;
#7786 = CARTESIAN_POINT ( 'NONE',  ( -11.50000000000000000, -6.000000000000000000, 22.00000000000000000 ) ) ;
#7787 = LINE ( 'NONE', #10710, #12795 ) ;
#7788 = EDGE_CURVE ( 'NONE', #8174, #7036, #3501, .T. ) ;
#7789 = ORIENTED_EDGE ( 'NONE', *, *, #5623, .F. ) ;
#7790 = EDGE_LOOP ( 'NONE', ( #9282, #10331, #2837, #8236 ) ) ;
#7791 = VECTOR ( 'NONE', #2541, 1000.000000000000000 ) ;
#7792 = DATE_AND_TIME ( #2618, #12409 ) ;
#7793 = CARTESIAN_POINT ( 'NONE',  ( -2.408641179952662359, 0.9895630205432096593, 0.000000000000000000 ) ) ;
#7794 = CIRCLE ( 'NONE', #5268, 1.700000000000000178 ) ;
#7795 = LINE ( 'NONE', #10029, #12598 ) ;
#7796 = CARTESIAN_POINT ( 'NONE',  ( -19.77491600511318026, 12.29993048876420580, -0.000000000000000000 ) ) ;
#7797 = VECTOR ( 'NONE', #12204, 1000.000000000000000 ) ;
#7798 = B_SPLINE_CURVE_WITH_KNOTS ( 'NONE', 3,
 ( #1693, #6313, #7746, #2758, #5590, #1306, #5347, #305, #8363, #12413, #7379, #11415, #6388, #10602, #1556, #9610, #4991, #8932, #5832, #3059, #4931, #9860, #5110, #12906 ),
 .UNSPECIFIED., .F., .F.,
 ( 4, 2, 2, 2, 2, 2, 2, 2, 2, 2, 2, 4 ),
 ( 0.006426364726469360744, 0.007171634124655619676, 0.007916903522841878607, 0.008289538221935009374, 0.008662172921028141875, 0.009034807620121272642, 0.009407442319214403409, 0.01015271171740066841, 0.01052534641649380438, 0.01089798111558693688, 0.01164325051377321056, 0.01238851991195948424 ),
 .UNSPECIFIED. ) ;
#7799 = CARTESIAN_POINT ( 'NONE',  ( -12.00000000000000000, 7.000000000000000000, 6.700000000000000178 ) ) ;
#7800 = VECTOR ( 'NONE', #6454, 1000.000000000000000 ) ;
#7801 = FACE_OUTER_BOUND ( 'NONE', #11224, .T. ) ;
#7802 = CIRCLE ( 'NONE', #7597, 5.500000000000000000 ) ;
#7803 = ADVANCED_FACE ( 'NONE', ( #294, #5533 ), #6437, .F. ) ;
#7804 = CARTESIAN_POINT ( 'NONE',  ( -18.30006951123579384, 0.000000000000000000, 12.22508399488629394 ) ) ;
#7805 = CARTESIAN_POINT ( 'NONE',  ( -2.500000000000000000, 0.000000000000000000, 0.000000000000000000 ) ) ;
#7806 = VECTOR ( 'NONE', #1098, 1000.000000000000000 ) ;
#7807 = EDGE_LOOP ( 'NONE', ( #5142, #5401, #7505, #11388 ) ) ;
#7808 = DIRECTION ( 'NONE',  ( 0.000000000000000000, 0.000000000000000000, 1.000000000000000000 ) ) ;
#7809 = ORIENTED_EDGE ( 'NONE', *, *, #10700, .F. ) ;
#7810 = ORIENTED_EDGE ( 'NONE', *, *, #7011, .T. ) ;
#7811 = ORIENTED_EDGE ( 'NONE', *, *, #7749, .T. ) ;
#7812 = CARTESIAN_POINT ( 'NONE',  ( 0.000000000000000000, 0.000000000000000000, 16.00000000000000000 ) ) ;
#7813 = CARTESIAN_POINT ( 'NONE',  ( -11.50000000000000000, 6.000000000000000000, 16.00000000000000000 ) ) ;
#7814 = LINE ( 'NONE', #10852, #5979 ) ;
#7815 = CARTESIAN_POINT ( 'NONE',  ( 31.60000000000000142, 67.50000000000000000, -1.200000000000000030E-05 ) ) ;
#7816 = DIRECTION ( 'NONE',  ( 1.000000000000000000, 0.000000000000000000, 0.000000000000000000 ) ) ;
#7817 = DIRECTION ( 'NONE',  ( 1.000000000000000000, -0.000000000000000000, -0.000000000000000000 ) ) ;
#7818 = ORIENTED_EDGE ( 'NONE', *, *, #780, .F. ) ;
#7819 = ORIENTED_EDGE ( 'NONE', *, *, #10087, .F. ) ;
#7820 = EDGE_CURVE ( 'NONE', #9742, #9796, #11470, .T. ) ;
#7821 = FACE_OUTER_BOUND ( 'NONE', #10680, .T. ) ;
#7822 = APPLICATION_CONTEXT ( 'configuration controlled 3d designs of mechanical parts and assemblies' ) ;
#7823 = APPROVAL_ROLE ( '' ) ;
#7824 = APPROVAL_ROLE ( '' ) ;
#7825 = ORIENTED_EDGE ( 'NONE', *, *, #6715, .F. ) ;
#7826 = CARTESIAN_POINT ( 'NONE',  ( 18.63871090099669203, -12.95702773923647833, -0.000000000000000000 ) ) ;
#7827 = VERTEX_POINT ( 'NONE', #12397 ) ;
#7828 = CIRCLE ( 'NONE', #222, 30.00000000000000000 ) ;
#7829 =( NAMED_UNIT ( * ) PLANE_ANGLE_UNIT ( ) SI_UNIT ( $, .RADIAN. ) );
#7830 = AXIS2_PLACEMENT_3D ( 'NONE', #11172, #4328, #9338 ) ;
#7831 = LINE ( 'NONE', #6823, #4188 ) ;
#7832 = PERSON ( 'NAUO-PER21', 'UNSPECIFIED', 'UNSPECIFIED', ('UNSPECIFIED'), ('UNSPECIFIED'), ('UNSPECIFIED') ) ;
#7833 = DIRECTION ( 'NONE',  ( 0.000000000000000000, 1.000000000000000000, 0.000000000000000000 ) ) ;
#7834 = CARTESIAN_POINT ( 'NONE',  ( -28.00000000000000000, 0.000000000000000000, 24.00000000000000000 ) ) ;
#7835 = CARTESIAN_POINT ( 'NONE',  ( -6.000000000000000000, -9.000000000000000000, -1.200000000000000030E-05 ) ) ;
#7836 = CC_DESIGN_APPROVAL ( #3201, ( #11002 ) ) ;
#7837 = FACE_OUTER_BOUND ( 'NONE', #2499, .T. ) ;
#7838 = EDGE_CURVE ( 'NONE', #4836, #8818, #12614, .T. ) ;
#7839 = LINE ( 'NONE', #2726, #12205 ) ;
#7840 = PERSON_AND_ORGANIZATION ( #2675, #9931 ) ;
#7841 = ORIENTED_EDGE ( 'NONE', *, *, #2819, .T. ) ;
#7842 = APPROVAL_DATE_TIME ( #12007, #4244 ) ;
#7843 = CARTESIAN_POINT ( 'NONE',  ( 12.00000000000000000, -7.000000000000000000, 3.299999999999999822 ) ) ;
#7844 = EDGE_LOOP ( 'NONE', ( #10076, #5648, #4686, #2484, #639, #2550, #12259, #3431 ) ) ;
#7845 = LINE ( 'NONE', #9777, #8390 ) ;
#7846 = CC_DESIGN_DATE_AND_TIME_ASSIGNMENT ( #3394, #8307, ( #3584 ) ) ;
#7847 = APPROVAL_PERSON_ORGANIZATION ( #2740, #6559, #11704 ) ;
#7848 = FACE_OUTER_BOUND ( 'NONE', #740, .T. ) ;
#7849 = FACE_OUTER_BOUND ( 'NONE', #12723, .T. ) ;
#7850 = COORDINATED_UNIVERSAL_TIME_OFFSET ( 5, 0, .BEHIND. ) ;
#7851 = EDGE_CURVE ( 'NONE', #7224, #9434, #2278, .T. ) ;
#7852 = CARTESIAN_POINT ( 'NONE',  ( -37.50000000000000000, 10.00000000000000000, 25.00000000000000000 ) ) ;
#7853 = EDGE_CURVE ( 'NONE', #5029, #10579, #3360, .T. ) ;
#7854 = PRODUCT_DEFINITION_FORMATION_WITH_SPECIFIED_SOURCE ( 'ไป', '', #4362, .NOT_KNOWN. ) ;
#7855 = ITEM_DEFINED_TRANSFORMATION ( 'NONE', 'NONE', #3839,  #6542 ) ;
#7856 = LINE ( 'NONE', #4968, #1159 ) ;
#7857 = ORIENTED_EDGE ( 'NONE', *, *, #1975, .F. ) ;
#7858 = EDGE_CURVE ( 'NONE', #9579, #12736, #6376, .T. ) ;
#7859 = CARTESIAN_POINT ( 'NONE',  ( 136.0000000000000000, 0.000000000000000000, 6.000000000000000000 ) ) ;
#7860 = CC_DESIGN_PERSON_AND_ORGANIZATION_ASSIGNMENT ( #488, #3558, ( #8470 ) ) ;
#7861 = CARTESIAN_POINT ( 'NONE',  ( 15.19999999999999929, 2.000000000000000000, 3.000000000000000000 ) ) ;
#7862 = FACE_BOUND ( 'NONE', #8359, .T. ) ;
#7863 = LINE ( 'NONE', #558, #6256 ) ;
#7864 = LINE ( 'NONE', #7980, #4229 ) ;
#7865 = DIRECTION ( 'NONE',  ( -0.000000000000000000, -0.000000000000000000, -1.000000000000000000 ) ) ;
#7866 = EDGE_CURVE ( 'NONE', #5771, #11571, #2298, .T. ) ;
#7867 = CARTESIAN_POINT ( 'NONE',  ( 255.8000000000000398, 0.000000000000000000, 149.0000000000000000 ) ) ;
#7868 = EDGE_CURVE ( 'NONE', #178, #12824, #6874, .T. ) ;
#7869 = ORIENTED_EDGE ( 'NONE', *, *, #12489, .T. ) ;
#7870 = ORIENTED_EDGE ( 'NONE', *, *, #11645, .F. ) ;
#7871 = EDGE_CURVE ( 'NONE', #3311, #10857, #7363, .T. ) ;
#7872 = CARTESIAN_POINT ( 'NONE',  ( 12.29993048876420936, 69.77491600511629599, 0.000000000000000000 ) ) ;
#7873 = DIRECTION ( 'NONE',  ( -0.000000000000000000, -0.000000000000000000, 1.000000000000000000 ) ) ;
#7874 = LINE ( 'NONE', #3746, #9177 ) ;
#7875 = CARTESIAN_POINT ( 'NONE',  ( 255.8000000000000398, 3.000000000000000000, 0.000000000000000000 ) ) ;
#7876 = CARTESIAN_POINT ( 'NONE',  ( -3.100000000000000089, 2.939152317953647106E-16, 26.00000000000000000 ) ) ;
#7877 = B_SPLINE_CURVE_WITH_KNOTS ( 'NONE', 3,
 ( #4646, #10565, #9383, #518, #3591, #4377, #2608, #8376, #1460, #9641, #8650, #12428, #11434, #6400, #1382, #3465, #7465, #2464 ),
 .UNSPECIFIED., .F., .F.,
 ( 4, 2, 2, 2, 2, 2, 2, 2, 4 ),
 ( 0.5000000000000000000, 0.5625000000000000000, 0.6250000000000000000, 0.6875000000000000000, 0.7500000000000000000, 0.8125000000000000000, 0.8750000000000000000, 0.9375000000000000000, 1.000000000000000000 ),
 .UNSPECIFIED. ) ;
#7878 = APPLICATION_PROTOCOL_DEFINITION ( 'international standard', 'config_control_design', 1994, #9693 ) ;
#7879 = CARTESIAN_POINT ( 'NONE',  ( 31.19999999999999929, 80.50000000000000000, 5.688194301613412662 ) ) ;
#7880 = VERTEX_POINT ( 'NONE', #9357 ) ;
#7881 = ORIENTED_EDGE ( 'NONE', *, *, #9739, .T. ) ;
#7882 = LINE ( 'NONE', #5960, #823 ) ;
#7883 = APPLICATION_PROTOCOL_DEFINITION ( 'international standard', 'config_control_design', 1994, #5570 ) ;
#7884 = PERSON_AND_ORGANIZATION ( #2675, #9931 ) ;
#7885 = ORIENTED_EDGE ( 'NONE', *, *, #2976, .T. ) ;
#7886 = CARTESIAN_POINT ( 'NONE',  ( 10.50000000000000000, 1.300000000000000044, -0.09997027095160138099 ) ) ;
#7887 = VERTEX_POINT ( 'NONE', #10410 ) ;
#7888 = SHAPE_DEFINITION_REPRESENTATION ( #4670, #874 ) ;
#7889 = DIRECTION ( 'NONE',  ( -0.000000000000000000, -0.000000000000000000, -1.000000000000000000 ) ) ;
#7890 = DIRECTION ( 'NONE',  ( 1.000000000000000000, 0.000000000000000000, 0.000000000000000000 ) ) ;
#7891 = DIRECTION ( 'NONE',  ( 0.000000000000000000, -1.000000000000000000, 0.000000000000000000 ) ) ;
#7892 = CARTESIAN_POINT ( 'NONE',  ( -30.50000000000000000, 10.00000000000000000, 25.00000000000000000 ) ) ;
#7893 = DIRECTION ( 'NONE',  ( 0.000000000000000000, 0.000000000000000000, -1.000000000000000000 ) ) ;
#7894 = APPLICATION_PROTOCOL_DEFINITION ( 'international standard', 'config_control_design', 1994, #10785 ) ;
#7895 = DATE_AND_TIME ( #3898, #12844 ) ;
#7896 = CARTESIAN_POINT ( 'NONE',  ( 136.2250839948833345, 1.699930488764123337, 0.000000000000000000 ) ) ;
#7897 = CARTESIAN_POINT ( 'NONE',  ( 135.7749160051163244, -1.699930488764123337, 0.000000000000000000 ) ) ;
#7898 = PERSON_AND_ORGANIZATION_ROLE ( 'design_owner' ) ;
#7899 = ADVANCED_FACE ( 'NONE', ( #430, #6296, #4489, #1431, #7500 ), #10338, .F. ) ;
#7900 = LINE ( 'NONE', #9902, #8539 ) ;
#7901 = AXIS2_PLACEMENT_3D ( 'NONE', #132, #1278, #4199 ) ;
#7902 = CIRCLE ( 'NONE', #1594, 1.700000000000000178 ) ;
#7903 = DIRECTION ( 'NONE',  ( -0.000000000000000000, -0.000000000000000000, -1.000000000000000000 ) ) ;
#7904 = CARTESIAN_POINT ( 'NONE',  ( 0.000000000000000000, 0.000000000000000000, 25.00000000000000000 ) ) ;
#7905 = PERSON_AND_ORGANIZATION_ROLE ( 'classification_officer' ) ;
#7906 = CARTESIAN_POINT ( 'NONE',  ( -1.155218221821713742, 2.347434505214176070, -0.000000000000000000 ) ) ;
#7907 = EDGE_LOOP ( 'NONE', ( #12368, #4542, #4519, #8869, #11221, #5645 ) ) ;
#7908 = CARTESIAN_POINT ( 'NONE',  ( 11.50000000000000000, -6.000000000000000000, 18.00000000000000355 ) ) ;
#7909 = EDGE_CURVE ( 'NONE', #11046, #2663, #1496, .T. ) ;
#7910 = CARTESIAN_POINT ( 'NONE',  ( -21.48452350954438472, 13.14146106821090143, -0.000000000000000000 ) ) ;
#7911 = ADVANCED_FACE ( 'NONE', ( #1864 ), #10606, .F. ) ;
#7912 = FACE_OUTER_BOUND ( 'NONE', #5511, .T. ) ;
#7913 = DIRECTION ( 'NONE',  ( 0.000000000000000000, 1.000000000000000000, 0.000000000000000000 ) ) ;
#7914 = DIRECTION ( 'NONE',  ( -0.000000000000000000, 1.000000000000000000, -0.000000000000000000 ) ) ;
#7915 = CC_DESIGN_PERSON_AND_ORGANIZATION_ASSIGNMENT ( #68, #4126, ( #6780 ) ) ;
#7916 = LINE ( 'NONE', #11033, #1835 ) ;
#7917 = LINE ( 'NONE', #7867, #12230 ) ;
#7918 = CIRCLE ( 'NONE', #2259, 19.00000000000000000 ) ;
#7919 = AXIS2_PLACEMENT_3D ( 'NONE', #1032, #2979, #5985 ) ;
#7920 = ORIENTED_EDGE ( 'NONE', *, *, #8899, .F. ) ;
#7921 = CARTESIAN_POINT ( 'NONE',  ( -1.000000000000000000, 27.50000000000000000, 58.00000000000000000 ) ) ;
#7922 = ORIENTED_EDGE ( 'NONE', *, *, #1487, .F. ) ;
#7923 = PLANE ( 'NONE',  #3554 ) ;
#7924 = DIRECTION ( 'NONE',  ( -1.000000000000000000, 0.000000000000000000, 0.000000000000000000 ) ) ;
#7925 = ADVANCED_FACE ( 'NONE', ( #11602 ), #1994, .F. ) ;
#7926 = VECTOR ( 'NONE', #924, 1000.000000000000000 ) ;
#7927 = EDGE_CURVE ( 'NONE', #12593, #9184, #8995, .T. ) ;
#7928 = FACE_OUTER_BOUND ( 'NONE', #12757, .T. ) ;
#7929 = CARTESIAN_POINT ( 'NONE',  ( -7.638809204729263058, 0.000000000000000000, 2.957126042969049795 ) ) ;
#7930 = EDGE_CURVE ( 'NONE', #6790, #5828, #979, .T. ) ;
#7931 = VECTOR ( 'NONE', #10847, 1000.000000000000000 ) ;
#7932 = LINE ( 'NONE', #2075, #10549 ) ;
#7933 = FACE_BOUND ( 'NONE', #1686, .T. ) ;
#7934 = ORIENTED_EDGE ( 'NONE', *, *, #4391, .F. ) ;
#7935 = ORIENTED_EDGE ( 'NONE', *, *, #9145, .T. ) ;
#7936 = CARTESIAN_POINT ( 'NONE',  ( -10.48439506952757050, 66.85848573019067942, 0.000000000000000000 ) ) ;
#7937 = CARTESIAN_POINT ( 'NONE',  ( 31.00000000000000000, -6.000000000000000152E-06, 5.700000000000000178 ) ) ;
#7938 = AXIS2_PLACEMENT_3D ( 'NONE', #9085, #9214, #4215 ) ;
#7939 = COORDINATED_UNIVERSAL_TIME_OFFSET ( 5, 0, .BEHIND. ) ;
#7940 = FACE_OUTER_BOUND ( 'NONE', #3355, .T. ) ;
#7941 = COORDINATED_UNIVERSAL_TIME_OFFSET ( 5, 0, .BEHIND. ) ;
#7942 = ORIENTED_EDGE ( 'NONE', *, *, #4807, .F. ) ;
#7943 = DIRECTION ( 'NONE',  ( -0.000000000000000000, -0.000000000000000000, 1.000000000000000000 ) ) ;
#7944 = EDGE_LOOP ( 'NONE', ( #9437, #11192, #373, #4070 ) ) ;
#7945 = VECTOR ( 'NONE', #2674, 1000.000000000000000 ) ;
#7946 = ADVANCED_FACE ( 'NONE', ( #3569 ), #8925, .F. ) ;
#7947 = DIRECTION ( 'NONE',  ( 0.000000000000000000, 0.000000000000000000, 1.000000000000000000 ) ) ;
#7948 = DIRECTION ( 'NONE',  ( -0.000000000000000000, -0.000000000000000000, -1.000000000000000000 ) ) ;
#7949 = CARTESIAN_POINT ( 'NONE',  ( 0.000000000000000000, 0.000000000000000000, 0.000000000000000000 ) ) ;
#7950 = EDGE_LOOP ( 'NONE', ( #6871, #9248, #7414, #2606 ) ) ;
#7951 = APPROVAL_PERSON_ORGANIZATION ( #12947, #6323, #8915 ) ;
#7952 = CLOSED_SHELL ( 'NONE', ( #12808, #3763, #8656, #2768, #5627, #10135, #1233, #12712, #9388, #1744, #5380, #37, #12619, #10396, #2552, #11182, #9191, #1655, #7390, #4528, #101, #12727 ) ) ;
#7953 = CARTESIAN_POINT ( 'NONE',  ( 15.36119079527582620, 71.04287395702736774, 0.000000000000000000 ) ) ;
#7954 = CARTESIAN_POINT ( 'NONE',  ( -27.69999999999999929, -57.00000000000000000, 5.000000000000000000 ) ) ;
#7955 = COORDINATED_UNIVERSAL_TIME_OFFSET ( 5, 0, .BEHIND. ) ;
#7956 = COORDINATED_UNIVERSAL_TIME_OFFSET ( 5, 0, .BEHIND. ) ;
#7957 = CARTESIAN_POINT ( 'NONE',  ( 137.7000000000000171, 0.000000000000000000, -6.000000000000000152E-06 ) ) ;
#7958 = ORIENTED_EDGE ( 'NONE', *, *, #8793, .T. ) ;
#7959 = DIRECTION ( 'NONE',  ( 1.000000000000000000, 0.000000000000000000, -0.000000000000000000 ) ) ;
#7960 = ORGANIZATION ( 'NAUO-ORG22', 'UNSPECIFIED', 'UNSPECIFIED' ) ;
#7961 = DIRECTION ( 'NONE',  ( -0.000000000000000000, -0.000000000000000000, 1.000000000000000000 ) ) ;
#7962 = PERSON ( 'NAUO-PER15', 'UNSPECIFIED', 'UNSPECIFIED', ('UNSPECIFIED'), ('UNSPECIFIED'), ('UNSPECIFIED') ) ;
#7963 = CARTESIAN_POINT ( 'NONE',  ( -15.19999999999999929, -2.000000000000000000, 3.000000000000000000 ) ) ;
#7964 = PERSON_AND_ORGANIZATION ( #2675, #9931 ) ;
#7965 = ORIENTED_EDGE ( 'NONE', *, *, #8006, .T. ) ;
#7966 = DIRECTION ( 'NONE',  ( -0.000000000000000000, -0.000000000000000000, 1.000000000000000000 ) ) ;
#7967 = APPROVAL_PERSON_ORGANIZATION ( #7300, #2869, #11411 ) ;
#7968 = ADVANCED_FACE ( 'NONE', ( #2928 ), #921, .F. ) ;
#7969 = PERSON_AND_ORGANIZATION_ROLE ( 'classification_officer' ) ;
#7970 = DIRECTION ( 'NONE',  ( 0.000000000000000000, 0.000000000000000000, 1.000000000000000000 ) ) ;
#7971 = ORIENTED_EDGE ( 'NONE', *, *, #12280, .T. ) ;
#7972 = CARTESIAN_POINT ( 'NONE',  ( 0.000000000000000000, 70.00000000000000000, 5.200000000000000178 ) ) ;
#7973 = AXIS2_PLACEMENT_3D ( 'NONE', #1246, #3312, #9380 ) ;
#7974 = CARTESIAN_POINT ( 'NONE',  ( 0.000000000000000000, 10.50000000000000000, 3.000000000000000000 ) ) ;
#7975 = CARTESIAN_POINT ( 'NONE',  ( 0.000000000000000000, 0.000000000000000000, 0.000000000000000000 ) ) ;
#7976 = FACE_BOUND ( 'NONE', #4167, .T. ) ;
#7977 = PERSON ( 'NAUO-PER13', 'UNSPECIFIED', 'UNSPECIFIED', ('UNSPECIFIED'), ('UNSPECIFIED'), ('UNSPECIFIED') ) ;
#7978 = APPROVAL_PERSON_ORGANIZATION ( #1569, #12640, #12536 ) ;
#7979 = CARTESIAN_POINT ( 'NONE',  ( -0.5999999999999999778, 0.000000000000000000, 0.000000000000000000 ) ) ;
#7980 = CARTESIAN_POINT ( 'NONE',  ( -14.00000000000000000, 0.000000000000000000, 16.00000000000000000 ) ) ;
#7981 = CARTESIAN_POINT ( 'NONE',  ( 19.14151426980620840, -15.48439506952757050, 0.000000000000000000 ) ) ;
#7982 = CARTESIAN_POINT ( 'NONE',  ( 0.000000000000000000, 0.000000000000000000, 12.00000000000000000 ) ) ;
#7983 = CARTESIAN_POINT ( 'NONE',  ( -8.557415261748694491, -0.000000000000000000, 14.65666690099414460 ) ) ;
#7984 = AXIS2_PLACEMENT_3D ( 'NONE', #7569, #11473, #2508 ) ;
#7985 = DIRECTION ( 'NONE',  ( 0.000000000000000000, 0.000000000000000000, 1.000000000000000000 ) ) ;
#7986 = ADVANCED_FACE ( 'NONE', ( #9687 ), #10962, .F. ) ;
#7987 = VECTOR ( 'NONE', #10037, 1000.000000000000000 ) ;
#7988 = ORIENTED_EDGE ( 'NONE', *, *, #12896, .T. ) ;
#7989 = CARTESIAN_POINT ( 'NONE',  ( 0.000000000000000000, 32.00000000000000000, -74.50000000000000000 ) ) ;
#7990 = LINE ( 'NONE', #12966, #12816 ) ;
#7991 = LINE ( 'NONE', #12513, #3077 ) ;
#7992 = APPROVAL ( #10302, 'ๆช' ) ;
#7993 = CIRCLE ( 'NONE', #6740, 2.000000000000001776 ) ;
#7994 = VECTOR ( 'NONE', #8335, 1000.000000000000000 ) ;
#7995 = PLANE ( 'NONE',  #9014 ) ;
#7996 = CARTESIAN_POINT ( 'NONE',  ( -9.000000000000000000, 66.00000000000000000, 5.000000000000000000 ) ) ;
#7997 = FACE_OUTER_BOUND ( 'NONE', #3681, .T. ) ;
#7998 = EDGE_CURVE ( 'NONE', #12478, #11588, #7863, .T. ) ;
#7999 = FACE_OUTER_BOUND ( 'NONE', #684, .T. ) ;
#8000 = EDGE_LOOP ( 'NONE', ( #7819, #2766, #4929, #34 ) ) ;
#8001 = VERTEX_POINT ( 'NONE', #866 ) ;
#8002 = AXIS2_PLACEMENT_3D ( 'NONE', #11282, #8440, #10361 ) ;
#8003 = EDGE_CURVE ( 'NONE', #10657, #3495, #1561, .T. ) ;
#8004 = CARTESIAN_POINT ( 'NONE',  ( -35.00000000000000000, 70.00000000000000000, 0.000000000000000000 ) ) ;
#8005 = PERSON_AND_ORGANIZATION ( #2675, #9931 ) ;
#8006 = EDGE_CURVE ( 'NONE', #2447, #1402, #5020, .T. ) ;
#8007 = VERTEX_POINT ( 'NONE', #6850 ) ;
#8008 = FACE_OUTER_BOUND ( 'NONE', #10801, .T. ) ;
#8009 = EDGE_LOOP ( 'NONE', ( #4786, #7870 ) ) ;
#8010 = CARTESIAN_POINT ( 'NONE',  ( 4.343333099005747933, -9.442584738251568410, -0.000000000000000000 ) ) ;
#8011 = CC_DESIGN_PERSON_AND_ORGANIZATION_ASSIGNMENT ( #10204, #7436, ( #672 ) ) ;
#8012 = CARTESIAN_POINT ( 'NONE',  ( -11.50000000000000000, -6.000000000000000000, 0.000000000000000000 ) ) ;
#8013 =( GEOMETRIC_REPRESENTATION_CONTEXT ( 3 ) GLOBAL_UNCERTAINTY_ASSIGNED_CONTEXT ( ( #6624 ) ) GLOBAL_UNIT_ASSIGNED_CONTEXT ( ( #12129, #9159, #10285 ) ) REPRESENTATION_CONTEXT ( 'NONE', 'WORKASPACE' ) );
#8014 = LINE ( 'NONE', #6954, #5843 ) ;
#8015 = FACE_BOUND ( 'NONE', #5937, .T. ) ;
#8016 = FACE_BOUND ( 'NONE', #897, .T. ) ;
#8017 = VERTEX_POINT ( 'NONE', #10895 ) ;
#8018 = CYLINDRICAL_SURFACE ( 'NONE', #2096, 1.700000000000000178 ) ;
#8019 = PERSON_AND_ORGANIZATION ( #2675, #9931 ) ;
#8020 = EDGE_CURVE ( 'NONE', #7140, #12661, #12955, .T. ) ;
#8021 = ORIENTED_EDGE ( 'NONE', *, *, #3921, .T. ) ;
#8022 = ORIENTED_EDGE ( 'NONE', *, *, #6656, .F. ) ;
#8023 = AXIS2_PLACEMENT_3D ( 'NONE', #6861, #10904, #8931 ) ;
#8024 = DATE_AND_TIME ( #10082, #7766 ) ;
#8025 = CARTESIAN_POINT ( 'NONE',  ( 122.2999999999999972, 2.081899558550508908E-16, -6.000000000000000152E-06 ) ) ;
#8026 = DIRECTION ( 'NONE',  ( -1.000000000000000000, 0.000000000000000000, 0.000000000000000000 ) ) ;
#8027 = EDGE_CURVE ( 'NONE', #11394, #7451, #3982, .T. ) ;
#8028 = EDGE_CURVE ( 'NONE', #3695, #3809, #10666, .T. ) ;
#8029 = PERSON_AND_ORGANIZATION ( #2675, #9931 ) ;
#8030 = CYLINDRICAL_SURFACE ( 'NONE', #9065, 30.00000000000000000 ) ;
#8031 = AXIS2_PLACEMENT_3D ( 'NONE', #6030, #2960, #3828 ) ;
#8032 = CC_DESIGN_APPROVAL ( #1979, ( #3653 ) ) ;
#8033 = FACE_OUTER_BOUND ( 'NONE', #2418, .T. ) ;
#8034 = ORIENTED_EDGE ( 'NONE', *, *, #187, .T. ) ;
#8035 = DIRECTION ( 'NONE',  ( 1.000000000000000000, -0.000000000000000000, -0.000000000000000000 ) ) ;
#8036 = ORIENTED_EDGE ( 'NONE', *, *, #1154, .F. ) ;
#8037 = APPROVAL_DATE_TIME ( #11151, #12938 ) ;
#8038 = DIRECTION ( 'NONE',  ( 0.000000000000000000, -1.000000000000000000, 0.000000000000000000 ) ) ;
#8039 = ORIENTED_EDGE ( 'NONE', *, *, #11352, .T. ) ;
#8040 = CARTESIAN_POINT ( 'NONE',  ( 15.10000000000000142, 0.000000000000000000, 16.00000000000000000 ) ) ;
#8041 = APPROVAL_PERSON_ORGANIZATION ( #3852, #5983, #8913 ) ;
#8042 = EDGE_LOOP ( 'NONE', ( #9910, #743, #1010, #3278 ) ) ;
#8043 = LINE ( 'NONE', #4790, #10065 ) ;
#8044 =( NAMED_UNIT ( * ) SI_UNIT ( $, .STERADIAN. ) SOLID_ANGLE_UNIT ( ) );
#8045 = LINE ( 'NONE', #12086, #3199 ) ;
#8046 = DIRECTION ( 'NONE',  ( -1.000000000000000000, 0.000000000000000000, 0.000000000000000000 ) ) ;
#8047 = DIRECTION ( 'NONE',  ( 0.000000000000000000, -1.000000000000000000, 0.000000000000000000 ) ) ;
#8048 = LOCAL_TIME ( 12, 23, 50.00000000000000000, #12868 ) ;
#8049 = CARTESIAN_POINT ( 'NONE',  ( -27.69999999999999929, -57.00000000000000000, 5.000000000000000000 ) ) ;
#8050 = PERSON_AND_ORGANIZATION ( #2675, #9931 ) ;
#8051 = ORIENTED_EDGE ( 'NONE', *, *, #7701, .T. ) ;
#8052 = ORIENTED_EDGE ( 'NONE', *, *, #9958, .F. ) ;
#8053 = VERTEX_POINT ( 'NONE', #6986 ) ;
#8054 = CARTESIAN_POINT ( 'NONE',  ( 213.0000000000000000, 30.00000000000000000, 74.50000000000000000 ) ) ;
#8055 = CARTESIAN_POINT ( 'NONE',  ( 12.95702773924156759, 68.63871090099310379, -0.000000000000000000 ) ) ;
#8056 = CARTESIAN_POINT ( 'NONE',  ( -27.69999999999999929, -57.00000000000000000, -1.200000000000000030E-05 ) ) ;
#8057 = LINE ( 'NONE', #12162, #4780 ) ;
#8058 = CC_DESIGN_APPROVAL ( #4322, ( #2624 ) ) ;
#8059 = APPLICATION_CONTEXT ( 'configuration controlled 3d designs of mechanical parts and assemblies' ) ;
#8060 = CARTESIAN_POINT ( 'NONE',  ( -10.04297226075870242, 64.63871090099334538, -0.000000000000000000 ) ) ;
#8061 = ADVANCED_FACE ( 'NONE', ( #3635, #11671, #1049 ), #6190, .F. ) ;
#8062 = DIRECTION ( 'NONE',  ( -1.000000000000000000, 0.000000000000000000, 0.000000000000000000 ) ) ;
#8063 = FACE_BOUND ( 'NONE', #2937, .T. ) ;
#8064 = CARTESIAN_POINT ( 'NONE',  ( 0.000000000000000000, 0.000000000000000000, 149.0000000000000000 ) ) ;
#8065 = ORIENTED_EDGE ( 'NONE', *, *, #3993, .T. ) ;
#8066 = ORIENTED_EDGE ( 'NONE', *, *, #7185, .T. ) ;
#8067 = FACE_OUTER_BOUND ( 'NONE', #5460, .T. ) ;
#8068 = PERSON_AND_ORGANIZATION_ROLE ( 'classification_officer' ) ;
#8069 = APPROVAL_DATE_TIME ( #13040, #5700 ) ;
#8070 = VERTEX_POINT ( 'NONE', #10106 ) ;
#8071 = CARTESIAN_POINT ( 'NONE',  ( 0.000000000000000000, 0.000000000000000000, -1.200000000000000030E-05 ) ) ;
#8072 = ORIENTED_EDGE ( 'NONE', *, *, #12148, .T. ) ;
#8073 = DIRECTION ( 'NONE',  ( -0.000000000000000000, -0.000000000000000000, -1.000000000000000000 ) ) ;
#8074 = CARTESIAN_POINT ( 'NONE',  ( 13.00000000000000000, 5.000000000000000000, -1.200000000000000030E-05 ) ) ;
#8075 = EDGE_CURVE ( 'NONE', #2874, #7491, #1180, .T. ) ;
#8076 = CARTESIAN_POINT ( 'NONE',  ( -15.59999999999999964, 62.50000000000000000, 0.000000000000000000 ) ) ;
#8077 = CARTESIAN_POINT ( 'NONE',  ( -9.000000000000000000, -1.200000000000000030E-05, 4.000000000000000000 ) ) ;
#8078 = ORIENTED_EDGE ( 'NONE', *, *, #8777, .T. ) ;
#8079 = ORIENTED_EDGE ( 'NONE', *, *, #6395, .F. ) ;
#8080 = CC_DESIGN_PERSON_AND_ORGANIZATION_ASSIGNMENT ( #6884, #5849, ( #5705 ) ) ;
#8081 = DIRECTION ( 'NONE',  ( 1.000000000000000000, 0.000000000000000000, 0.000000000000000000 ) ) ;
#8082 = SHAPE_DEFINITION_REPRESENTATION ( #1612, #5528 ) ;
#8083 = ORIENTED_EDGE ( 'NONE', *, *, #1115, .T. ) ;
#8084 = PLANE ( 'NONE',  #8975 ) ;
#8085 = VECTOR ( 'NONE', #10587, 1000.000000000000000 ) ;
#8086 = ORIENTED_EDGE ( 'NONE', *, *, #5209, .T. ) ;
#8087 = CARTESIAN_POINT ( 'NONE',  ( 22.00000000000000000, 0.000000000000000000, 8.000000000000000000 ) ) ;
#8088 = APPLICATION_PROTOCOL_DEFINITION ( 'international standard', 'config_control_design', 1994, #13049 ) ;
#8089 = EDGE_CURVE ( 'NONE', #10299, #9434, #5230, .T. ) ;
#8090 = CARTESIAN_POINT ( 'NONE',  ( -11.50000000000000000, -6.000000000000000000, 22.00000000000000000 ) ) ;
#8092 = ADVANCED_FACE ( 'NONE', ( #3053 ), #12296, .F. ) ;
#8091 = DIRECTION ( 'NONE',  ( 1.000000000000000000, 0.000000000000000000, 0.000000000000000000 ) ) ;
#8093 = LINE ( 'NONE', #8301, #7797 ) ;
#8094 = CARTESIAN_POINT ( 'NONE',  ( 9.028379520031956318, 10.69992351637305283, 10.13505688321050791 ) ) ;
#8095 = ADVANCED_FACE ( 'NONE', ( #3192 ), #8108, .F. ) ;
#8096 = ORIENTED_EDGE ( 'NONE', *, *, #1007, .F. ) ;
#8097 = CARTESIAN_POINT ( 'NONE',  ( 13.00000000000000000, 5.000000000000000000, 25.00000000000000000 ) ) ;
#8098 = ITEM_DEFINED_TRANSFORMATION ( 'NONE', 'NONE', #9094,  #6542 ) ;
#8099 = LINE ( 'NONE', #3184, #11522 ) ;
#8100 = EDGE_LOOP ( 'NONE', ( #4753, #2331, #8775, #6992 ) ) ;
#8101 = CARTESIAN_POINT ( 'NONE',  ( 20.00000000000000000, 14.00000000000000000, 5.000000000000000000 ) ) ;
#8102 = ORIENTED_EDGE ( 'NONE', *, *, #6431, .F. ) ;
#8103 = DIRECTION ( 'NONE',  ( -1.000000000000000000, 0.000000000000000000, 0.000000000000000000 ) ) ;
#8104 = VECTOR ( 'NONE', #11911, 1000.000000000000000 ) ;
#8105 = DIRECTION ( 'NONE',  ( 0.000000000000000000, -0.000000000000000000, 1.000000000000000000 ) ) ;
#8107 = VECTOR ( 'NONE', #12281, 1000.000000000000000 ) ;
#8106 = PRODUCT ( 'V3_04_arm_plate', 'V3_04_arm_plate', '', ( #4038 ) ) ;
#8108 = PLANE ( 'NONE',  #10711 ) ;
#8109 = LINE ( 'NONE', #4254, #8863 ) ;
#8110 = COORDINATED_UNIVERSAL_TIME_OFFSET ( 5, 0, .BEHIND. ) ;
#8111 = CARTESIAN_POINT ( 'NONE',  ( -18.34333309900548770, 14.44258473825130729, -0.000000000000000000 ) ) ;
#8112 = VERTEX_POINT ( 'NONE', #2199 ) ;
#8113 = ORIENTED_EDGE ( 'NONE', *, *, #11992, .T. ) ;
#8114 = VECTOR ( 'NONE', #5936, 1000.000000000000000 ) ;
#8115 = ORIENTED_EDGE ( 'NONE', *, *, #5781, .T. ) ;
#8116 = ORIENTED_EDGE ( 'NONE', *, *, #12570, .F. ) ;
#8117 = CARTESIAN_POINT ( 'NONE',  ( 35.00000000000000000, 39.99999999999999289, -26.00000000000000000 ) ) ;
#8118 = LINE ( 'NONE', #5168, #8812 ) ;
#8119 = CARTESIAN_POINT ( 'NONE',  ( -7.515674657884689580, 56.14134607987173808, 0.000000000000000000 ) ) ;
#8120 = CARTESIAN_POINT ( 'NONE',  ( -21.00000000000000000, -12.00000000000000000, 3.000000000000000000 ) ) ;
#8121 = DIRECTION ( 'NONE',  ( 0.000000000000000000, 0.000000000000000000, 1.000000000000000000 ) ) ;
#8122 = CARTESIAN_POINT ( 'NONE',  ( -10.50000000000000000, 59.50000000000000000, 0.000000000000000000 ) ) ;
#8123 = VECTOR ( 'NONE', #4899, 1000.000000000000000 ) ;
#8124 = VECTOR ( 'NONE', #346, 1000.000000000000000 ) ;
#8125 = DIRECTION ( 'NONE',  ( -0.000000000000000000, -1.000000000000000000, -0.000000000000000000 ) ) ;
#8126 = CARTESIAN_POINT ( 'NONE',  ( 0.5999999999999999778, 2.529822128134703529, 16.00000000000000000 ) ) ;
#8127 = ORIENTED_EDGE ( 'NONE', *, *, #11089, .F. ) ;
#8128 = ORIENTED_EDGE ( 'NONE', *, *, #1910, .F. ) ;
#8129 = CARTESIAN_POINT ( 'NONE',  ( -10.69999999999999929, 66.00000000000000000, -6.000000000000000152E-06 ) ) ;
#8130 = CARTESIAN_POINT ( 'NONE',  ( 29.51560493047168876, 0.000000000000000000, 3.141514269808900917 ) ) ;
#8131 = PERSON_AND_ORGANIZATION_ROLE ( 'classification_officer' ) ;
#8132 = PERSON_AND_ORGANIZATION ( #2675, #9931 ) ;
#8133 = VERTEX_POINT ( 'NONE', #8179 ) ;
#8134 = EDGE_CURVE ( 'NONE', #11046, #11674, #3258, .T. ) ;
#8135 = VERTEX_POINT ( 'NONE', #5163 ) ;
#8136 = VECTOR ( 'NONE', #10359, 1000.000000000000000 ) ;
#8137 = CARTESIAN_POINT ( 'NONE',  ( 11.50000000000000000, 6.000000000000000000, 22.00000000000000000 ) ) ;
#8138 = DIRECTION ( 'NONE',  ( -0.000000000000000000, -0.000000000000000000, 1.000000000000000000 ) ) ;
#8139 = CARTESIAN_POINT ( 'NONE',  ( 0.000000000000000000, -1.300000000000000044, 16.00000000000000000 ) ) ;
#8140 = CARTESIAN_POINT ( 'NONE',  ( 16.00000000000000000, 6.000000000000000000, 16.00000000000000000 ) ) ;
#8141 = AXIS2_PLACEMENT_3D ( 'NONE', #10623, #12748, #3706 ) ;
#8142 = ORIENTED_EDGE ( 'NONE', *, *, #6734, .T. ) ;
#8143 = CARTESIAN_POINT ( 'NONE',  ( -11.90000000000000036, -6.400000000000000355, 3.000000000000000000 ) ) ;
#8144 = ORIENTED_EDGE ( 'NONE', *, *, #6738, .F. ) ;
#8145 = CARTESIAN_POINT ( 'NONE',  ( 32.36119079527253461, 0.000000000000000000, 11.95712604297010628 ) ) ;
#8146 = CARTESIAN_POINT ( 'NONE',  ( -12.00000000000000000, -7.000000000000000000, 16.69999999999999929 ) ) ;
#8147 = CALENDAR_DATE ( 2026, 21, 9 ) ;
#8148 = VERTEX_POINT ( 'NONE', #10380 ) ;
#8149 = DATE_AND_TIME ( #8432, #11787 ) ;
#8150 = ADVANCED_FACE ( 'NONE', ( #6128 ), #5103, .F. ) ;
#8151 = CARTESIAN_POINT ( 'NONE',  ( 124.0000000000000000, 0.000000000000000000, -1.200000000000000030E-05 ) ) ;
#8152 = ORIENTED_EDGE ( 'NONE', *, *, #6922, .F. ) ;
#8153 = CARTESIAN_POINT ( 'NONE',  ( 11.90000000000000036, -6.400000000000000355, 0.000000000000000000 ) ) ;
#8154 = APPLICATION_PROTOCOL_DEFINITION ( 'international standard', 'config_control_design', 1994, #6719 ) ;
#8155 = AXIS2_PLACEMENT_3D ( 'NONE', #1118, #9188, #4192 ) ;
#8156 = PRODUCT_DEFINITION ( 'ๆ', '', #2624, #11525 ) ;
#8157 = LINE ( 'NONE', #10223, #4347 ) ;
#8158 = CC_DESIGN_SECURITY_CLASSIFICATION ( #6890, ( #13064 ) ) ;
#8159 = CARTESIAN_POINT ( 'NONE',  ( 19.77491600511318026, 12.30006951123579384, 0.000000000000000000 ) ) ;
#8160 = CLOSED_SHELL ( 'NONE', ( #11032, #5371, #7946, #7968, #6601, #695 ) ) ;
#8161 = VECTOR ( 'NONE', #4619, 1000.000000000000000 ) ;
#8162 = CARTESIAN_POINT ( 'NONE',  ( 0.000000000000000000, 0.000000000000000000, 4.000000000000000000 ) ) ;
#8163 = VERTEX_POINT ( 'NONE', #1328 ) ;
#8164 = CARTESIAN_POINT ( 'NONE',  ( 29.29993048876420403, 56.77491600511331882, -0.000000000000000000 ) ) ;
#8165 = AXIS2_PLACEMENT_3D ( 'NONE', #7113, #2196, #8103 ) ;
#8166 = ORIENTED_EDGE ( 'NONE', *, *, #601, .T. ) ;
#8167 = CONTEXT_DEPENDENT_SHAPE_REPRESENTATION ( #11116, #7618 ) ;
#8168 = ADVANCED_FACE ( 'NONE', ( #10240 ), #9049, .F. ) ;
#8169 = CARTESIAN_POINT ( 'NONE',  ( 2.600000000000000533, 0.2934883227063208588, -0.000000000000000000 ) ) ;
#8170 = EDGE_CURVE ( 'NONE', #10728, #5597, #6042, .T. ) ;
#8171 = LINE ( 'NONE', #5296, #4186 ) ;
#8172 = CIRCLE ( 'NONE', #2714, 1.699999999999998401 ) ;
#8173 = CC_DESIGN_SECURITY_CLASSIFICATION ( #593, ( #13075 ) ) ;
#8174 = VERTEX_POINT ( 'NONE', #7048 ) ;
#8175 = CARTESIAN_POINT ( 'NONE',  ( 0.000000000000000000, 0.000000000000000000, 0.000000000000000000 ) ) ;
#8176 = DIRECTION ( 'NONE',  ( -0.000000000000000000, -0.000000000000000000, 1.000000000000000000 ) ) ;
#8177 = EDGE_CURVE ( 'NONE', #2231, #8070, #6264, .T. ) ;
#8178 = CARTESIAN_POINT ( 'NONE',  ( 2.500000000000000000, 3.061616997868383141E-16, 68.00000000000000000 ) ) ;
#8179 = CARTESIAN_POINT ( 'NONE',  ( -0.5999999999999999778, 13.98713694792469120, 4.000000000000000000 ) ) ;
#8180 = CARTESIAN_POINT ( 'NONE',  ( -4.638710900996636077, -10.04297226076347194, -0.000000000000000000 ) ) ;
#8181 = EDGE_CURVE ( 'NONE', #3101, #12301, #9326, .T. ) ;
#8182 = LOCAL_TIME ( 12, 23, 50.00000000000000000, #1780 ) ;
#8183 = DIRECTION ( 'NONE',  ( 1.000000000000000000, 0.000000000000000000, 0.000000000000000000 ) ) ;
#8184 = ORIENTED_EDGE ( 'NONE', *, *, #4350, .F. ) ;
#8185 = ORIENTED_EDGE ( 'NONE', *, *, #9779, .F. ) ;
#8186 = ADVANCED_FACE ( 'NONE', ( #6060 ), #8316, .F. ) ;
#8187 = VERTEX_POINT ( 'NONE', #2130 ) ;
#8188 = DIRECTION ( 'NONE',  ( -1.000000000000000000, 0.000000000000000000, 0.000000000000000000 ) ) ;
#8189 = CYLINDRICAL_SURFACE ( 'NONE', #9219, 19.00000000000000000 ) ;
#8190 = LINE ( 'NONE', #3337, #6318 ) ;
#8191 = EDGE_CURVE ( 'NONE', #11135, #10084, #10373, .T. ) ;
#8192 = CARTESIAN_POINT ( 'NONE',  ( -0.5999999999999999778, 13.98713694792469120, 16.00000000000000000 ) ) ;
#8193 = EDGE_CURVE ( 'NONE', #4609, #172, #6435, .T. ) ;
#8194 = ADVANCED_FACE ( 'NONE', ( #1200 ), #9275, .T. ) ;
#8195 = SHAPE_REPRESENTATION ( 'V3_REF_625ZZ', ( #6542 ), #2 ) ;
#8196 = FACE_OUTER_BOUND ( 'NONE', #1253, .T. ) ;
#8197 = AXIS2_PLACEMENT_3D ( 'NONE', #3582, #9508, #448 ) ;
#8198 = LINE ( 'NONE', #10323, #6835 ) ;
#8199 = VECTOR ( 'NONE', #287, 1000.000000000000000 ) ;
#8200 = DIRECTION ( 'NONE',  ( -1.000000000000000000, -0.000000000000000000, -0.000000000000000000 ) ) ;
#8201 = CARTESIAN_POINT ( 'NONE',  ( -15.70006951123579420, 69.77491600511629599, 0.000000000000000000 ) ) ;
#8202 = ORIENTED_EDGE ( 'NONE', *, *, #4673, .F. ) ;
#8203 = CIRCLE ( 'NONE', #9504, 3.000000000000000000 ) ;
#8204 = ORIENTED_EDGE ( 'NONE', *, *, #1637, .T. ) ;
#8205 = CARTESIAN_POINT ( 'NONE',  ( -21.00000000000000000, 12.00000000000000000, 3.000000000000000000 ) ) ;
#8206 = ORIENTED_EDGE ( 'NONE', *, *, #8612, .T. ) ;
#8207 = AXIS2_PLACEMENT_3D ( 'NONE', #4588, #8848, #5629 ) ;
#8208 = DIRECTION ( 'NONE',  ( 1.000000000000000000, 0.000000000000000000, 0.000000000000000000 ) ) ;
#8209 = VECTOR ( 'NONE', #3141, 1000.000000000000000 ) ;
#8210 = VERTEX_POINT ( 'NONE', #12584 ) ;
#8211 = DIRECTION ( 'NONE',  ( -1.000000000000000000, 0.000000000000000000, 0.000000000000000000 ) ) ;
#8212 = CARTESIAN_POINT ( 'NONE',  ( 11.45560253456880062, 8.048713274734506484, 8.587104102551560203 ) ) ;
#8213 = CARTESIAN_POINT ( 'NONE',  ( -10.50000000000000000, 80.50000000000000000, -1.200000000000000030E-05 ) ) ;
#8214 = VECTOR ( 'NONE', #6178, 1000.000000000000000 ) ;
#8215 = CIRCLE ( 'NONE', #9917, 1.699999999999998401 ) ;
#8216 = ORIENTED_EDGE ( 'NONE', *, *, #4777, .T. ) ;
#8217 = PLANE ( 'NONE',  #12005 ) ;
#8218 = COORDINATED_UNIVERSAL_TIME_OFFSET ( 5, 0, .BEHIND. ) ;
#8219 = VECTOR ( 'NONE', #1450, 1000.000000000000000 ) ;
#8220 = ORIENTED_EDGE ( 'NONE', *, *, #5469, .F. ) ;
#8221 = CALENDAR_DATE ( 2026, 21, 9 ) ;
#8222 = CARTESIAN_POINT ( 'NONE',  ( 0.000000000000000000, 0.000000000000000000, 90.00000000000000000 ) ) ;
#8223 = EDGE_LOOP ( 'NONE', ( #8479, #10863, #4512, #4058 ) ) ;
#8224 = PRODUCT ( 'V3_REF_electronics_envelope', 'V3_REF_electronics_envelope', '', ( #7639 ) ) ;
#8225 = DIRECTION ( 'NONE',  ( -0.000000000000000000, -1.000000000000000000, -0.000000000000000000 ) ) ;
#8226 = CARTESIAN_POINT ( 'NONE',  ( 122.9570277392382707, -1.361289099004650893, -0.000000000000000000 ) ) ;
#8227 = DIRECTION ( 'NONE',  ( -0.000000000000000000, -1.000000000000000000, -0.000000000000000000 ) ) ;
#8228 = VECTOR ( 'NONE', #6466, 1000.000000000000000 ) ;
#8229 = DIRECTION ( 'NONE',  ( 0.000000000000000000, 0.000000000000000000, 1.000000000000000000 ) ) ;
#8230 = ADVANCED_FACE ( 'NONE', ( #5518 ), #10257, .F. ) ;
#8231 = DIRECTION ( 'NONE',  ( -1.000000000000000000, 0.000000000000000000, -0.000000000000000000 ) ) ;
#8232 = APPROVAL_PERSON_ORGANIZATION ( #8005, #3981, #10918 ) ;
#8233 = CARTESIAN_POINT ( 'NONE',  ( -8.141514269807105464, 0.000000000000000000, 11.51560493047243128 ) ) ;
#8234 = ORIENTED_EDGE ( 'NONE', *, *, #12801, .T. ) ;
#8235 = CARTESIAN_POINT ( 'NONE',  ( 32.36128909900664752, 55.95702773924018913, -0.000000000000000000 ) ) ;
#8236 = ORIENTED_EDGE ( 'NONE', *, *, #3612, .T. ) ;
#8237 = CC_DESIGN_DATE_AND_TIME_ASSIGNMENT ( #1129, #475, ( #8278 ) ) ;
#8238 = PERSON_AND_ORGANIZATION_ROLE ( 'classification_officer' ) ;
#8239 = CARTESIAN_POINT ( 'NONE',  ( -34.00000000000000000, 5.000000000000000000, 25.00000000000000000 ) ) ;
#8240 =( REPRESENTATION_RELATIONSHIP ('NONE','NONE', #874, #2414 ) REPRESENTATION_RELATIONSHIP_WITH_TRANSFORMATION ( #3014 )SHAPE_REPRESENTATION_RELATIONSHIP( ) );
#8241 = PERSON_AND_ORGANIZATION_ROLE ( 'creator' ) ;
#8242 = CARTESIAN_POINT ( 'NONE',  ( 10.00000000000000000, 19.50000000000000000, 58.00000000000000000 ) ) ;
#8243 = EDGE_LOOP ( 'NONE', ( #11657, #6806, #6948, #4277 ) ) ;
#8244 = CYLINDRICAL_SURFACE ( 'NONE', #9455, 2.000000000000000000 ) ;
#8245 = APPROVAL_PERSON_ORGANIZATION ( #8632, #4165, #7824 ) ;
#8246 = DIRECTION ( 'NONE',  ( -0.000000000000000000, -0.000000000000000000, 1.000000000000000000 ) ) ;
#8247 = DIRECTION ( 'NONE',  ( 0.000000000000000000, 1.000000000000000000, 0.000000000000000000 ) ) ;
#8249 = EDGE_CURVE ( 'NONE', #12349, #1297, #1347, .T. ) ;
#8248 = DIRECTION ( 'NONE',  ( -0.000000000000000000, 1.000000000000000000, -0.000000000000000000 ) ) ;
#8250 = EDGE_CURVE ( 'NONE', #7880, #8424, #8805, .T. ) ;
#8251 = DIRECTION ( 'NONE',  ( -0.000000000000000000, -0.000000000000000000, -1.000000000000000000 ) ) ;
#8252 = DIRECTION ( 'NONE',  ( 0.000000000000000000, -0.000000000000000000, 1.000000000000000000 ) ) ;
#8253 = APPROVAL ( #7213, 'ๆช' ) ;
#8254 = ORIENTED_EDGE ( 'NONE', *, *, #1976, .F. ) ;
#8255 = APPROVAL ( #6555, 'ๆช' ) ;
#8256 = SECURITY_CLASSIFICATION ( '', '', #9198 ) ;
#8257 = VERTEX_POINT ( 'NONE', #3344 ) ;
#8258 = EDGE_LOOP ( 'NONE', ( #10494, #10644, #6210, #4157 ) ) ;
#8259 = DIRECTION ( 'NONE',  ( 0.000000000000000000, 0.000000000000000000, 1.000000000000000000 ) ) ;
#8260 = CARTESIAN_POINT ( 'NONE',  ( -37.50000000000000000, -10.00000000000000000, 28.00000000000000000 ) ) ;
#8261 = CARTESIAN_POINT ( 'NONE',  ( 6.000000000000000000, 0.000000000000000000, 20.00000000000000000 ) ) ;
#8262 = DIRECTION ( 'NONE',  ( -0.000000000000000000, -1.000000000000000000, -0.000000000000000000 ) ) ;
#8263 = DIRECTION ( 'NONE',  ( -0.000000000000000000, -1.000000000000000000, -0.000000000000000000 ) ) ;
#8264 = FACE_OUTER_BOUND ( 'NONE', #2832, .T. ) ;
#8265 = AXIS2_PLACEMENT_3D ( 'NONE', #8074, #5073, #13046 ) ;
#8266 = LOCAL_TIME ( 12, 23, 50.00000000000000000, #8973 ) ;
#8268 = EDGE_CURVE ( 'NONE', #10081, #6661, #3550, .T. ) ;
#8267 = CARTESIAN_POINT ( 'NONE',  ( -11.50000000000000000, 6.000000000000000000, 22.00000000000000000 ) ) ;
#8269 = ADVANCED_FACE ( 'NONE', ( #6206 ), #6365, .F. ) ;
#8270 = DATE_TIME_ROLE ( 'creation_date' ) ;
#8271 = CARTESIAN_POINT ( 'NONE',  ( -2.552093532249216423, 0.5780252676397000799, -0.000000000000000000 ) ) ;
#8272 = CARTESIAN_POINT ( 'NONE',  ( -13.77491600510868430, 68.29993048876644934, -0.000000000000000000 ) ) ;
#8273 = ORIENTED_EDGE ( 'NONE', *, *, #3393, .F. ) ;
#8274 = ORIENTED_EDGE ( 'NONE', *, *, #3006, .F. ) ;
#8275 = EDGE_CURVE ( 'NONE', #11394, #1073, #3294, .T. ) ;
#8276 = LINE ( 'NONE', #7276, #9445 ) ;
#8277 = ORIENTED_EDGE ( 'NONE', *, *, #7820, .F. ) ;
#8278 = SECURITY_CLASSIFICATION ( '', '', #9525 ) ;
#8279 = ORIENTED_EDGE ( 'NONE', *, *, #4765, .T. ) ;
#8280 = CARTESIAN_POINT ( 'NONE',  ( 27.69999999999999929, 0.000000000000000000, 0.000000000000000000 ) ) ;
#8281 = CARTESIAN_POINT ( 'NONE',  ( 11.63116903760836074, 7.792703007474886867, 8.797940933140290909 ) ) ;
#8282 = CARTESIAN_POINT ( 'NONE',  ( 0.5999999999999999778, 2.200000000000000178, -0.09997027095160138099 ) ) ;
#8283 = FACE_BOUND ( 'NONE', #7356, .T. ) ;
#8284 = CARTESIAN_POINT ( 'NONE',  ( -10.65679534101080783, 57.44263793984767119, -0.000000000000000000 ) ) ;
#8285 = ORIENTED_EDGE ( 'NONE', *, *, #6845, .T. ) ;
#8286 = COORDINATED_UNIVERSAL_TIME_OFFSET ( 5, 0, .BEHIND. ) ;
#8287 = LINE ( 'NONE', #392, #7072 ) ;
#8288 = ORIENTED_EDGE ( 'NONE', *, *, #5141, .F. ) ;
#8289 = CARTESIAN_POINT ( 'NONE',  ( 19.77491600511334013, 0.000000000000000000, 10.29993048876420936 ) ) ;
#8290 = DATE_AND_TIME ( #7229, #1957 ) ;
#8291 = EDGE_LOOP ( 'NONE', ( #5239, #12692, #351, #182, #11778, #1012, #7657, #10010, #8294, #10597, #13036 ) ) ;
#8292 = APPROVAL_DATE_TIME ( #7164, #1886 ) ;
#8293 = DIRECTION ( 'NONE',  ( -1.000000000000000000, 0.000000000000000000, 0.000000000000000000 ) ) ;
#8294 = ORIENTED_EDGE ( 'NONE', *, *, #11738, .F. ) ;
#8295 = FACE_OUTER_BOUND ( 'NONE', #8493, .T. ) ;
#8296 = MECHANICAL_CONTEXT ( 'NONE', #3107, 'mechanical' ) ;
#8297 = PERSON_AND_ORGANIZATION ( #2675, #9931 ) ;
#8298 = PLANE ( 'NONE',  #12488 ) ;
#8299 = DIRECTION ( 'NONE',  ( 0.000000000000000000, -0.000000000000000000, -1.000000000000000000 ) ) ;
#8300 = PLANE ( 'NONE',  #5713 ) ;
#8301 = CARTESIAN_POINT ( 'NONE',  ( 11.50000000000000000, -6.000000000000000000, 18.00000000000000355 ) ) ;
#8302 = CARTESIAN_POINT ( 'NONE',  ( 0.000000000000000000, 6.735557395310441037E-16, 22.00000000000000000 ) ) ;
#8303 = DIRECTION ( 'NONE',  ( 0.000000000000000000, 1.000000000000000000, 0.000000000000000000 ) ) ;
#8304 = VERTEX_POINT ( 'NONE', #7270 ) ;
#8305 = CARTESIAN_POINT ( 'NONE',  ( 31.00000000000000000, 57.00000000000000000, -1.200000000000000030E-05 ) ) ;
#8306 = ORIENTED_EDGE ( 'NONE', *, *, #616, .F. ) ;
#8307 = DATE_TIME_ROLE ( 'classification_date' ) ;
#8308 = FACE_OUTER_BOUND ( 'NONE', #1117, .T. ) ;
#8309 = ORIENTED_EDGE ( 'NONE', *, *, #5925, .T. ) ;
#8310 = CARTESIAN_POINT ( 'NONE',  ( 29.30000000000000071, 66.00000000000000000, -6.000000000000000152E-06 ) ) ;
#8311 = VERTEX_POINT ( 'NONE', #4406 ) ;
#8312 = EDGE_CURVE ( 'NONE', #7163, #9973, #5200, .T. ) ;
#8313 = DIRECTION ( 'NONE',  ( -0.000000000000000000, -0.000000000000000000, 1.000000000000000000 ) ) ;
#8314 = LINE ( 'NONE', #241, #3195 ) ;
#8315 = DIRECTION ( 'NONE',  ( 0.000000000000000000, -1.000000000000000000, 0.000000000000000000 ) ) ;
#8316 = PLANE ( 'NONE',  #9454 ) ;
#8317 = FACE_BOUND ( 'NONE', #2013, .T. ) ;
#8318 = LINE ( 'NONE', #1330, #2342 ) ;
#8319 = EDGE_CURVE ( 'NONE', #10657, #11252, #11459, .T. ) ;
#8320 = ORIENTED_EDGE ( 'NONE', *, *, #5932, .F. ) ;
#8321 = PERSON_AND_ORGANIZATION ( #2675, #9931 ) ;
#8322 = ORIENTED_EDGE ( 'NONE', *, *, #12930, .F. ) ;
#8323 = VERTEX_POINT ( 'NONE', #411 ) ;
#8324 = EDGE_LOOP ( 'NONE', ( #3200, #6152, #2156, #11429 ) ) ;
#8325 = DIRECTION ( 'NONE',  ( -1.000000000000000000, 0.000000000000000000, 0.000000000000000000 ) ) ;
#8326 = ADVANCED_FACE ( 'NONE', ( #4336 ), #8471, .F. ) ;
#8327 = CARTESIAN_POINT ( 'NONE',  ( -30.50000000000000000, 10.00000000000000000, 0.000000000000000000 ) ) ;
#8328 = AXIS2_PLACEMENT_3D ( 'NONE', #7437, #11468, #11325 ) ;
#8329 = CARTESIAN_POINT ( 'NONE',  ( 0.000000000000000000, 0.000000000000000000, 90.00000000000000000 ) ) ;
#8330 = CARTESIAN_POINT ( 'NONE',  ( 2.408589353751582784, 0.9896632826438699349, -0.000000000000000000 ) ) ;
#8331 = CC_DESIGN_DATE_AND_TIME_ASSIGNMENT ( #3524, #2667, ( #1662 ) ) ;
#8332 = CC_DESIGN_PERSON_AND_ORGANIZATION_ASSIGNMENT ( #10128, #4128, ( #8256 ) ) ;
#8333 = DIRECTION ( 'NONE',  ( -1.000000000000000000, 0.000000000000000000, 0.000000000000000000 ) ) ;
#8334 = LINE ( 'NONE', #11777, #764 ) ;
#8335 = DIRECTION ( 'NONE',  ( 0.000000000000000000, 1.000000000000000000, 0.000000000000000000 ) ) ;
#8336 = AXIS2_PLACEMENT_3D ( 'NONE', #1943, #7924, #10186 ) ;
#8337 = ORIENTED_EDGE ( 'NONE', *, *, #12558, .F. ) ;
#8338 = PRODUCT_DEFINITION_SHAPE ( 'NONE', 'NONE',  #13081 ) ;
#8339 = ORIENTED_EDGE ( 'NONE', *, *, #7556, .F. ) ;
#8340 = ADVANCED_FACE ( 'NONE', ( #11386 ), #11316, .F. ) ;
#8341 = CARTESIAN_POINT ( 'NONE',  ( -10.54980359593110606, 9.207328926581988426, 6.800000000000001599 ) ) ;
#8342 = VERTEX_POINT ( 'NONE', #4540 ) ;
#8343 = EDGE_CURVE ( 'NONE', #5048, #2063, #2213, .T. ) ;
#8344 = ORIENTED_EDGE ( 'NONE', *, *, #4747, .F. ) ;
#8345 = EDGE_CURVE ( 'NONE', #5621, #5771, #8334, .T. ) ;
#8346 = PLANE ( 'NONE',  #6632 ) ;
#8347 = AXIS2_PLACEMENT_3D ( 'NONE', #7577, #11481, #3579 ) ;
#8348 = CARTESIAN_POINT ( 'NONE',  ( 11.04041184224593941, 8.612030553185553217, 11.66769485529068540 ) ) ;
#8349 = CC_DESIGN_PERSON_AND_ORGANIZATION_ASSIGNMENT ( #12710, #2682, ( #1589 ) ) ;
#8350 = DIRECTION ( 'NONE',  ( 0.000000000000000000, 1.000000000000000000, 0.000000000000000000 ) ) ;
#8351 = PLANE ( 'NONE',  #10943 ) ;
#8352 = CARTESIAN_POINT ( 'NONE',  ( -9.858538931791278159, 58.48452350954333667, -0.000000000000000000 ) ) ;
#8353 = EDGE_LOOP ( 'NONE', ( #4914, #8681, #776, #666, #3644, #11489 ) ) ;
#8354 = ORIENTED_EDGE ( 'NONE', *, *, #1076, .F. ) ;
#8355 = DIRECTION ( 'NONE',  ( 0.000000000000000000, -1.000000000000000000, 0.000000000000000000 ) ) ;
#8356 = VECTOR ( 'NONE', #9918, 1000.000000000000000 ) ;
#8357 = COORDINATED_UNIVERSAL_TIME_OFFSET ( 5, 0, .BEHIND. ) ;
#8358 = VECTOR ( 'NONE', #4168, 1000.000000000000000 ) ;
#8359 = EDGE_LOOP ( 'NONE', ( #1467, #4633, #5406, #6387 ) ) ;
#8360 = PERSON_AND_ORGANIZATION ( #11126, #7960 ) ;
#8361 = CARTESIAN_POINT ( 'NONE',  ( -11.59999999999999964, 67.50000000000000000, -1.200000000000000030E-05 ) ) ;
#8362 = ORIENTED_EDGE ( 'NONE', *, *, #2419, .F. ) ;
#8363 = CARTESIAN_POINT ( 'NONE',  ( -11.81331098413178893, 7.513279486513934735, 9.333189158215489556 ) ) ;
#8364 = COORDINATED_UNIVERSAL_TIME_OFFSET ( 5, 0, .BEHIND. ) ;
#8365 = DIRECTION ( 'NONE',  ( 0.000000000000000000, 0.000000000000000000, -1.000000000000000000 ) ) ;
#8366 = CARTESIAN_POINT ( 'NONE',  ( -21.00000000000000000, 81.00000000000000000, 0.000000000000000000 ) ) ;
#8367 = AXIS2_PLACEMENT_3D ( 'NONE', #2372, #4421, #10536 ) ;
#8368 = LINE ( 'NONE', #7456, #10272 ) ;
#8369 = DIRECTION ( 'NONE',  ( -1.000000000000000000, 0.000000000000000000, 0.000000000000000000 ) ) ;
#8370 = DIRECTION ( 'NONE',  ( -1.000000000000000000, -0.000000000000000000, -0.000000000000000000 ) ) ;
#8371 = CYLINDRICAL_SURFACE ( 'NONE', #6543, 1.700000000000000178 ) ;
#8372 = ORIENTED_EDGE ( 'NONE', *, *, #4316, .F. ) ;
#8373 = DIRECTION ( 'NONE',  ( 1.000000000000000000, 0.000000000000000000, 0.000000000000000000 ) ) ;
#8374 = ORIENTED_EDGE ( 'NONE', *, *, #10290, .T. ) ;
#8375 = PERSON_AND_ORGANIZATION_ROLE ( 'classification_officer' ) ;
#8376 = CARTESIAN_POINT ( 'NONE',  ( 30.55736206016057466, 64.34320465898696284, -0.000000000000000000 ) ) ;
#8377 = VECTOR ( 'NONE', #2994, 1000.000000000000000 ) ;
#8378 = VECTOR ( 'NONE', #5227, 1000.000000000000000 ) ;
#8379 = CARTESIAN_POINT ( 'NONE',  ( 11.68311043139274830, 7.714395407957672646, 7.381677801039299602 ) ) ;
#8380 = ORIENTED_EDGE ( 'NONE', *, *, #3393, .T. ) ;
#8381 = DIRECTION ( 'NONE',  ( 1.000000000000000000, 0.000000000000000000, 0.000000000000000000 ) ) ;
#8382 =( NAMED_UNIT ( * ) PLANE_ANGLE_UNIT ( ) SI_UNIT ( $, .RADIAN. ) );
#8383 = SECURITY_CLASSIFICATION ( '', '', #1790 ) ;
#8384 = LINE ( 'NONE', #1592, #11635 ) ;
#8385 = CARTESIAN_POINT ( 'NONE',  ( -11.32690702869583532, 8.231531534232544800, 11.52987977232460182 ) ) ;
#8386 = CARTESIAN_POINT ( 'NONE',  ( -7.042972260762891068, -10.36128909900394923, -0.000000000000000000 ) ) ;
#8387 = DIRECTION ( 'NONE',  ( -0.000000000000000000, -0.000000000000000000, 1.000000000000000000 ) ) ;
#8388 = VECTOR ( 'NONE', #12632, 1000.000000000000000 ) ;
#8389 = ADVANCED_FACE ( 'NONE', ( #6743 ), #542, .F. ) ;
#8390 = VECTOR ( 'NONE', #721, 1000.000000000000000 ) ;
#8391 = LOCAL_TIME ( 12, 23, 50.00000000000000000, #3908 ) ;
#8392 = MECHANICAL_CONTEXT ( 'NONE', #10530, 'mechanical' ) ;
#8393 = ORIENTED_EDGE ( 'NONE', *, *, #4653, .T. ) ;
#8394 = ORIENTED_EDGE ( 'NONE', *, *, #7223, .F. ) ;
#8395 = ORIENTED_EDGE ( 'NONE', *, *, #9744, .T. ) ;
#8396 = CARTESIAN_POINT ( 'NONE',  ( 35.00000000000000000, 110.0000000000000000, 87.00000000000000000 ) ) ;
#8397 = DIRECTION ( 'NONE',  ( -0.000000000000000000, 1.000000000000000000, -0.000000000000000000 ) ) ;
#8398 = DIRECTION ( 'NONE',  ( 0.000000000000000000, 0.000000000000000000, 1.000000000000000000 ) ) ;
#8399 = CARTESIAN_POINT ( 'NONE',  ( 0.000000000000000000, 0.000000000000000000, 0.000000000000000000 ) ) ;
#8400 = CARTESIAN_POINT ( 'NONE',  ( 0.000000000000000000, 62.50000000000000000, 0.000000000000000000 ) ) ;
#8401 = ORGANIZATION ( 'NAUO-ORG18', 'UNSPECIFIED', 'UNSPECIFIED' ) ;
#8402 = LINE ( 'NONE', #12450, #711 ) ;
#8403 = PERSON_AND_ORGANIZATION ( #2675, #9931 ) ;
#8404 = CARTESIAN_POINT ( 'NONE',  ( -1.155218221821713742, 2.347434505214176070, -0.000000000000000000 ) ) ;
#8405 = EDGE_CURVE ( 'NONE', #1, #551, #9793, .T. ) ;
#8406 = CARTESIAN_POINT ( 'NONE',  ( -15.69999999999999929, 70.00000000000000000, -6.000000000000000152E-06 ) ) ;
#8407 = ORIENTED_EDGE ( 'NONE', *, *, #755, .T. ) ;
#8408 = ORIENTED_EDGE ( 'NONE', *, *, #3766, .F. ) ;
#8409 = CARTESIAN_POINT ( 'NONE',  ( -21.48439506952757228, -13.14151426980710902, 0.000000000000000000 ) ) ;
#8410 = CARTESIAN_POINT ( 'NONE',  ( -9.047801468925145585, 10.68361031932444760, 8.769664941663275926 ) ) ;
#8411 = EDGE_LOOP ( 'NONE', ( #12092, #10677, #10478, #8556 ) ) ;
#8412 = CC_DESIGN_PERSON_AND_ORGANIZATION_ASSIGNMENT ( #11290, #1712, ( #11456 ) ) ;
#8413 = ORIENTED_EDGE ( 'NONE', *, *, #616, .T. ) ;
#8414 = LINE ( 'NONE', #9355, #2009 ) ;
#8415 = VECTOR ( 'NONE', #12550, 1000.000000000000000 ) ;
#8416 = CARTESIAN_POINT ( 'NONE',  ( 11.81430917424337323, 7.511707916502316174, 9.169615520327001335 ) ) ;
#8417 = CARTESIAN_POINT ( 'NONE',  ( 29.30000000000000071, 57.00000000000000000, -1.200000000000000030E-05 ) ) ;
#8418 = AXIS2_PLACEMENT_3D ( 'NONE', #8794, #12834, #9916 ) ;
#8419 = LINE ( 'NONE', #7568, #1286 ) ;
#8420 = EDGE_CURVE ( 'NONE', #12890, #10097, #12836, .T. ) ;
#8421 = DIRECTION ( 'NONE',  ( -1.000000000000000000, -0.000000000000000000, -0.000000000000000000 ) ) ;
#8422 =( REPRESENTATION_RELATIONSHIP ('NONE','NONE', #874, #5445 ) REPRESENTATION_RELATIONSHIP_WITH_TRANSFORMATION ( #2607 )SHAPE_REPRESENTATION_RELATIONSHIP( ) );
#8423 = EDGE_CURVE ( 'NONE', #12774, #1207, #11841, .T. ) ;
#8424 = VERTEX_POINT ( 'NONE', #8603 ) ;
#8425 = VERTEX_POINT ( 'NONE', #6675 ) ;
#8426 = AXIS2_PLACEMENT_3D ( 'NONE', #7366, #7502, #6562 ) ;
#8427 = PLANE ( 'NONE',  #3152 ) ;
#8428 = VECTOR ( 'NONE', #4071, 1000.000000000000000 ) ;
#8429 = CALENDAR_DATE ( 2026, 21, 9 ) ;
#8430 = EDGE_LOOP ( 'NONE', ( #12076, #3468 ) ) ;
#8431 = CC_DESIGN_DATE_AND_TIME_ASSIGNMENT ( #12379, #8270, ( #4750 ) ) ;
#8432 = CALENDAR_DATE ( 2026, 21, 9 ) ;
#8433 = CARTESIAN_POINT ( 'NONE',  ( 136.0000000000000000, 0.000000000000000000, -1.200000000000000030E-05 ) ) ;
#8434 = VERTEX_POINT ( 'NONE', #7677 ) ;
#8435 = VECTOR ( 'NONE', #6017, 1000.000000000000000 ) ;
#8436 = CARTESIAN_POINT ( 'NONE',  ( 0.000000000000000000, 0.000000000000000000, 0.000000000000000000 ) ) ;
#8437 = AXIS2_PLACEMENT_3D ( 'NONE', #8456, #5370, #6467 ) ;
#8438 = CARTESIAN_POINT ( 'NONE',  ( 31.60000000000000142, 62.50000000000000000, 6.000000000000000000 ) ) ;
#8439 = EDGE_CURVE ( 'NONE', #683, #8633, #2369, .T. ) ;
#8440 = DIRECTION ( 'NONE',  ( -1.000000000000000000, 0.000000000000000000, 0.000000000000000000 ) ) ;
#8441 = VECTOR ( 'NONE', #11071, 1000.000000000000000 ) ;
#8442 = CARTESIAN_POINT ( 'NONE',  ( 22.00000000000000000, 84.00000000000000000, 8.000000000000000000 ) ) ;
#8443 = ORIENTED_EDGE ( 'NONE', *, *, #5440, .F. ) ;
#8444 = DIRECTION ( 'NONE',  ( 1.000000000000000000, 0.000000000000000000, 0.000000000000000000 ) ) ;
#8445 = ORIENTED_EDGE ( 'NONE', *, *, #3766, .T. ) ;
#8446 = ADVANCED_FACE ( 'NONE', ( #612 ), #5642, .F. ) ;
#8447 = AXIS2_PLACEMENT_3D ( 'NONE', #4441, #11486, #3243 ) ;
#8448 = APPROVAL_ROLE ( '' ) ;
#8449 = LINE ( 'NONE', #12554, #7511 ) ;
#8450 = AXIS2_PLACEMENT_3D ( 'NONE', #1224, #12003, #9293 ) ;
#8451 = CARTESIAN_POINT ( 'NONE',  ( 0.000000000000000000, 0.000000000000000000, 38.00000000000000000 ) ) ;
#8452 = ORIENTED_EDGE ( 'NONE', *, *, #2698, .F. ) ;
#8453 = LINE ( 'NONE', #4451, #3352 ) ;
#8454 = CARTESIAN_POINT ( 'NONE',  ( -0.5999999999999999778, 2.200000000000000178, -0.09997027095160138099 ) ) ;
#8455 =( GEOMETRIC_REPRESENTATION_CONTEXT ( 3 ) GLOBAL_UNCERTAINTY_ASSIGNED_CONTEXT ( ( #8475 ) ) GLOBAL_UNIT_ASSIGNED_CONTEXT ( ( #5819, #1678, #8728 ) ) REPRESENTATION_CONTEXT ( 'NONE', 'WORKASPACE' ) );
#8456 = CARTESIAN_POINT ( 'NONE',  ( 124.0000000000000000, 0.000000000000000000, 6.000000000000000000 ) ) ;
#8457 = CARTESIAN_POINT ( 'NONE',  ( 123.7749160051136244, 1.700069511235893005, -0.000000000000000000 ) ) ;
#8458 = ORIENTED_EDGE ( 'NONE', *, *, #10851, .T. ) ;
#8459 = CALENDAR_DATE ( 2026, 21, 9 ) ;
#8460 = ORIENTED_EDGE ( 'NONE', *, *, #11762, .T. ) ;
#8461 = APPROVAL_STATUS ( 'not_yet_approved' ) ;
#8462 = APPROVAL_ROLE ( '' ) ;
#8463 = ORIENTED_EDGE ( 'NONE', *, *, #9168, .F. ) ;
#8464 = CARTESIAN_POINT ( 'NONE',  ( 0.000000000000000000, 0.000000000000000000, 0.000000000000000000 ) ) ;
#8465 = APPROVAL_PERSON_ORGANIZATION ( #10598, #2407, #9681 ) ;
#8466 = CARTESIAN_POINT ( 'NONE',  ( -18.30000000000000071, 14.00000000000000000, 5.000000000000000000 ) ) ;
#8467 = CARTESIAN_POINT ( 'NONE',  ( 9.756929129572649018, 10.04069481642486927, 7.151627607700788758 ) ) ;
#8468 = CARTESIAN_POINT ( 'NONE',  ( 21.70000000000000284, 14.22525195654768737, 0.000000000000000000 ) ) ;
#8469 = CIRCLE ( 'NONE', #8031, 8.099999999999999645 ) ;
#8470 = PRODUCT_DEFINITION_FORMATION_WITH_SPECIFIED_SOURCE ( 'ไป', '', #12125, .NOT_KNOWN. ) ;
#8471 = CYLINDRICAL_SURFACE ( 'NONE', #10881, 1.700000000000000178 ) ;
#8472 = FACE_OUTER_BOUND ( 'NONE', #8802, .T. ) ;
#8473 = ORIENTED_EDGE ( 'NONE', *, *, #10369, .F. ) ;
#8474 = EDGE_LOOP ( 'NONE', ( #8789, #9261 ) ) ;
#8475 = UNCERTAINTY_MEASURE_WITH_UNIT (LENGTH_MEASURE( 1.000000000000000082E-05 ), #5819, 'distance_accuracy_value', 'NONE');
#8476 = CARTESIAN_POINT ( 'NONE',  ( -9.843211314629879638, 9.958146480581250515, 9.920204085562533081 ) ) ;
#8477 = VERTEX_POINT ( 'NONE', #2752 ) ;
#8478 = ORIENTED_EDGE ( 'NONE', *, *, #7127, .T. ) ;
#8479 = ORIENTED_EDGE ( 'NONE', *, *, #3194, .F. ) ;
#8480 = FACE_OUTER_BOUND ( 'NONE', #9898, .T. ) ;
#8481 = CC_DESIGN_APPROVAL ( #12217, ( #5610 ) ) ;
#8482 = EDGE_CURVE ( 'NONE', #9245, #7080, #12654, .T. ) ;
#8483 = CARTESIAN_POINT ( 'NONE',  ( -12.00000000000000000, 7.000000000000000000, 15.00000000000000000 ) ) ;
#8484 = DIRECTION ( 'NONE',  ( 0.000000000000000000, 1.000000000000000000, 0.000000000000000000 ) ) ;
#8485 = CARTESIAN_POINT ( 'NONE',  ( -9.225083994885922678, 0.000000000000000000, 11.29993048876420758 ) ) ;
#8486 = LINE ( 'NONE', #6300, #9053 ) ;
#8487 = VERTEX_POINT ( 'NONE', #9604 ) ;
#8488 = VERTEX_POINT ( 'NONE', #1747 ) ;
#8489 = PERSON_AND_ORGANIZATION ( #2675, #9931 ) ;
#8490 = LOCAL_TIME ( 12, 23, 50.00000000000000000, #12365 ) ;
#8491 = CARTESIAN_POINT ( 'NONE',  ( 18.95702773923658668, -0.000000000000000000, 13.36128909900305395 ) ) ;
#8492 = PERSON_AND_ORGANIZATION_ROLE ( 'creator' ) ;
#8493 = EDGE_LOOP ( 'NONE', ( #10001, #297, #5539, #685 ) ) ;
#8494 = FACE_BOUND ( 'NONE', #5846, .T. ) ;
#8495 = ORIENTED_EDGE ( 'NONE', *, *, #6700, .F. ) ;
#8496 = EDGE_CURVE ( 'NONE', #11751, #12439, #4153, .T. ) ;
#8497 = CARTESIAN_POINT ( 'NONE',  ( 8.660254037844389075, 11.00000000000000000, 6.000000000000000000 ) ) ;
#8498 = APPROVAL_PERSON_ORGANIZATION ( #7507, #4322, #7575 ) ;
#8499 = APPLICATION_CONTEXT ( 'configuration controlled 3d designs of mechanical parts and assemblies' ) ;
#8500 = LINE ( 'NONE', #12544, #9656 ) ;
#8501 = CYLINDRICAL_SURFACE ( 'NONE', #12248, 2.000000000000000000 ) ;
#8502 = CC_DESIGN_PERSON_AND_ORGANIZATION_ASSIGNMENT ( #840, #10012, ( #7572 ) ) ;
#8503 = APPROVAL ( #10259, 'ๆช' ) ;
#8504 = CARTESIAN_POINT ( 'NONE',  ( -21.00000000000000000, 12.00000000000000000, 3.000000000000000000 ) ) ;
#8505 = CYLINDRICAL_SURFACE ( 'NONE', #8788, 1.700000000000000178 ) ;
#8506 = FACE_BOUND ( 'NONE', #2121, .T. ) ;
#8507 = VERTEX_POINT ( 'NONE', #10589 ) ;
#8508 = CARTESIAN_POINT ( 'NONE',  ( -21.70006951123579597, -14.22508399488592090, 0.000000000000000000 ) ) ;
#8509 = SECURITY_CLASSIFICATION_LEVEL ( 'unclassified' ) ;
#8510 = CARTESIAN_POINT ( 'NONE',  ( 0.000000000000000000, 70.00000000000000000, -1.200000000000000030E-05 ) ) ;
#8511 = ORIENTED_EDGE ( 'NONE', *, *, #9043, .T. ) ;
#8512 = CARTESIAN_POINT ( 'NONE',  ( 11.94632831415376373, 7.299673962712883046, 8.619969120032207499 ) ) ;
#8513 = EDGE_CURVE ( 'NONE', #6882, #2785, #7615, .T. ) ;
#8514 = PERSON_AND_ORGANIZATION_ROLE ( 'classification_officer' ) ;
#8515 = EDGE_CURVE ( 'NONE', #4340, #4293, #4676, .T. ) ;
#8516 = DIRECTION ( 'NONE',  ( -0.000000000000000000, 1.000000000000000000, 0.000000000000000000 ) ) ;
#8517 = EDGE_CURVE ( 'NONE', #270, #2518, #11656, .T. ) ;
#8518 = B_SPLINE_CURVE_WITH_KNOTS ( 'NONE', 3,
 ( #2047, #8169, #1040, #12213, #5096, #11361, #2329, #177, #49, #971, #1169, #7105, #5222, #4105 ),
 .UNSPECIFIED., .F., .F.,
 ( 4, 2, 2, 2, 2, 2, 4 ),
 ( 0.000000000000000000, 0.05322997919402821382, 0.07984496879104228950, 0.1064599583880563721, 0.1330749479850704686, 0.1596899375820845512, 0.2129199167761126610 ),
 .UNSPECIFIED. ) ;
#8519 = CARTESIAN_POINT ( 'NONE',  ( 2.082076604084940108, -1.594977014734290321, -0.000000000000000000 ) ) ;
#8520 = FACE_OUTER_BOUND ( 'NONE', #3573, .T. ) ;
#8521 = CARTESIAN_POINT ( 'NONE',  ( 30.14146106821227633, -0.000000000000000000, 11.51547649045534882 ) ) ;
#8522 = PERSON_AND_ORGANIZATION ( #2675, #9931 ) ;
#8523 = ORIENTED_EDGE ( 'NONE', *, *, #10180, .T. ) ;
#8524 = DATE_TIME_ROLE ( 'creation_date' ) ;
#8525 = EDGE_LOOP ( 'NONE', ( #3068, #8589 ) ) ;
#8526 = PERSON_AND_ORGANIZATION ( #2675, #9931 ) ;
#8527 = CALENDAR_DATE ( 2026, 21, 9 ) ;
#8528 = ORIENTED_EDGE ( 'NONE', *, *, #8759, .T. ) ;
#8529 = PERSON_AND_ORGANIZATION_ROLE ( 'creator' ) ;
#8530 = DIRECTION ( 'NONE',  ( 1.000000000000000000, 0.000000000000000000, 0.000000000000000000 ) ) ;
#8531 = CARTESIAN_POINT ( 'NONE',  ( 9.843673541100125490, 9.955766678045154805, 7.090440972410965159 ) ) ;
#8532 = CYLINDRICAL_SURFACE ( 'NONE', #742, 1.700000000000000178 ) ;
#8533 = DIRECTION ( 'NONE',  ( 0.000000000000000000, 0.000000000000000000, 1.000000000000000000 ) ) ;
#8534 = LINE ( 'NONE', #6547, #8866 ) ;
#8535 = VERTEX_POINT ( 'NONE', #8675 ) ;
#8536 = B_SPLINE_CURVE_WITH_KNOTS ( 'NONE', 3,
 ( #12290, #7248, #3110, #11083, #2330, #111, #11291, #11225, #2051, #2194, #6186, #2256, #5225, #9246, #255, #4312, #12354, #8310 ),
 .UNSPECIFIED., .F., .F.,
 ( 4, 2, 2, 2, 2, 2, 2, 2, 4 ),
 ( 0.000000000000000000, 0.06250000000000000000, 0.1250000000000000000, 0.1875000000000000000, 0.2500000000000000000, 0.3125000000000000000, 0.3750000000000000000, 0.4375000000000000000, 0.5000000000000000000 ),
 .UNSPECIFIED. ) ;
#8537 = ORIENTED_EDGE ( 'NONE', *, *, #8722, .T. ) ;
#8538 = CARTESIAN_POINT ( 'NONE',  ( -21.00000000000000000, 8.000000000000000000, 17.00000000000000000 ) ) ;
#8539 = VECTOR ( 'NONE', #3782, 1000.000000000000000 ) ;
#8540 = ORIENTED_EDGE ( 'NONE', *, *, #1502, .F. ) ;
#8541 = DATE_AND_TIME ( #3685, #870 ) ;
#8542 = ORIENTED_EDGE ( 'NONE', *, *, #8851, .F. ) ;
#8543 = CARTESIAN_POINT ( 'NONE',  ( 7.656865068423064358, -9.442469749914158328, -0.000000000000000000 ) ) ;
#8544 = CARTESIAN_POINT ( 'NONE',  ( 10.00000000000000000, 10.00000000000000000, 0.000000000000000000 ) ) ;
#8545 = DIRECTION ( 'NONE',  ( 1.000000000000000000, -0.000000000000000000, 0.000000000000000000 ) ) ;
#8546 = AXIS2_PLACEMENT_3D ( 'NONE', #3132, #7130, #4195 ) ;
#8547 = CARTESIAN_POINT ( 'NONE',  ( -12.00000000000000000, -7.000000000000000000, 13.29999999999999893 ) ) ;
#8548 = FACE_OUTER_BOUND ( 'NONE', #6260, .T. ) ;
#8549 = EDGE_LOOP ( 'NONE', ( #10671, #10593, #10984, #11010 ) ) ;
#8550 = ORIENTED_EDGE ( 'NONE', *, *, #8482, .F. ) ;
#8551 = EDGE_CURVE ( 'NONE', #10939, #8311, #4036, .T. ) ;
#8552 = FACE_BOUND ( 'NONE', #1588, .T. ) ;
#8553 = COORDINATED_UNIVERSAL_TIME_OFFSET ( 5, 0, .BEHIND. ) ;
#8554 = SECURITY_CLASSIFICATION_LEVEL ( 'unclassified' ) ;
#8555 = DIRECTION ( 'NONE',  ( 0.000000000000000000, -0.000000000000000000, 1.000000000000000000 ) ) ;
#8556 = ORIENTED_EDGE ( 'NONE', *, *, #12317, .T. ) ;
#8557 = APPROVAL_DATE_TIME ( #503, #11343 ) ;
#8558 = SHAPE_REPRESENTATION_RELATIONSHIP ( 'NONE' , 'NONE' ,  #6766, #277 ) ;
#8559 = CARTESIAN_POINT ( 'NONE',  ( -12.00000000000000000, 7.000000000000000000, 13.29999999999999893 ) ) ;
#8560 = CARTESIAN_POINT ( 'NONE',  ( -11.50000000000000000, 6.000000000000000000, 18.00000000000000355 ) ) ;
#8561 = CARTESIAN_POINT ( 'NONE',  ( -10.37336209607597226, 9.405379716584157279, 8.336676472900883539 ) ) ;
#8562 = AXIS2_PLACEMENT_3D ( 'NONE', #5978, #958, #5017 ) ;
#8563 = CARTESIAN_POINT ( 'NONE',  ( -6.000000000000000000, -9.000000000000000000, -1.200000000000000030E-05 ) ) ;
#8564 = VECTOR ( 'NONE', #11885, 1000.000000000000000 ) ;
#8565 = DIRECTION ( 'NONE',  ( -1.000000000000000000, 0.000000000000000000, 0.000000000000000000 ) ) ;
#8566 = FACE_BOUND ( 'NONE', #1102, .T. ) ;
#8567 = ADVANCED_FACE ( 'NONE', ( #1978 ), #6902, .F. ) ;
#8568 = EDGE_LOOP ( 'NONE', ( #11211, #5744, #3071, #8344 ) ) ;
#8569 = PLANE ( 'NONE',  #6075 ) ;
#8570 = ORIENTED_EDGE ( 'NONE', *, *, #4760, .T. ) ;
#8571 = CALENDAR_DATE ( 2026, 21, 9 ) ;
#8572 = DIRECTION ( 'NONE',  ( 0.000000000000000000, 0.000000000000000000, -1.000000000000000000 ) ) ;
#8573 = ORIENTED_EDGE ( 'NONE', *, *, #7853, .F. ) ;
#8574 = CARTESIAN_POINT ( 'NONE',  ( 21.65666690099398650, 0.000000000000000000, 11.55741526174742262 ) ) ;
#8575 = PRODUCT_RELATED_PRODUCT_CATEGORY ( 'detail', '', ( #11187 ) ) ;
#8576 = AXIS2_PLACEMENT_3D ( 'NONE', #12269, #3226, #6228 ) ;
#8577 = VECTOR ( 'NONE', #8801, 1000.000000000000000 ) ;
#8578 = CARTESIAN_POINT ( 'NONE',  ( -24.30000000000000071, -57.00000000000000711, -8.271806125530276749E-22 ) ) ;
#8579 = CARTESIAN_POINT ( 'NONE',  ( 2.599999999999999645, -0.3449632722246336325, -0.000000000000000000 ) ) ;
#8580 = DIRECTION ( 'NONE',  ( -0.000000000000000000, -0.000000000000000000, 1.000000000000000000 ) ) ;
#8581 = CARTESIAN_POINT ( 'NONE',  ( 29.95702773923826712, -0.000000000000000000, 14.36128909900473971 ) ) ;
#8582 = DATE_AND_TIME ( #7667, #3222 ) ;
#8583 = EDGE_CURVE ( 'NONE', #7670, #2874, #5025, .T. ) ;
#8584 = VECTOR ( 'NONE', #4946, 1000.000000000000000 ) ;
#8585 = ADVANCED_FACE ( 'NONE', ( #7030 ), #9102, .T. ) ;
#8586 = AXIS2_PLACEMENT_3D ( 'NONE', #13009, #6982, #12832 ) ;
#8587 = EDGE_LOOP ( 'NONE', ( #5717, #4881 ) ) ;
#8588 = PERSON_AND_ORGANIZATION ( #2675, #9931 ) ;
#8589 = ORIENTED_EDGE ( 'NONE', *, *, #6315, .T. ) ;
#8590 = SECURITY_CLASSIFICATION_LEVEL ( 'unclassified' ) ;
#8591 = ORIENTED_EDGE ( 'NONE', *, *, #6076, .F. ) ;
#8592 = VERTEX_POINT ( 'NONE', #9963 ) ;
#8593 =( NAMED_UNIT ( * ) SI_UNIT ( $, .STERADIAN. ) SOLID_ANGLE_UNIT ( ) );
#8594 = EDGE_CURVE ( 'NONE', #3334, #7755, #8960, .T. ) ;
#8595 = VECTOR ( 'NONE', #8397, 1000.000000000000000 ) ;
#8596 = CARTESIAN_POINT ( 'NONE',  ( -34.00000000000000000, -5.000000000000000000, 25.00000000000000000 ) ) ;
#8597 = DIRECTION ( 'NONE',  ( -0.000000000000000000, 1.000000000000000000, 0.000000000000000000 ) ) ;
#8598 = AXIS2_PLACEMENT_3D ( 'NONE', #4109, #9322, #323 ) ;
#8599 = CARTESIAN_POINT ( 'NONE',  ( -0.5999999999999999778, 18.99052395275075256, 4.000000000000000000 ) ) ;
#8600 = CIRCLE ( 'NONE', #6056, 2.000000000000000000 ) ;
#8601 = LOCAL_TIME ( 12, 23, 50.00000000000000000, #11191 ) ;
#8602 = CLOSED_SHELL ( 'NONE', ( #8230, #10791, #10766, #10925, #1593, #8919, #8326, #5172, #12404, #2297, #10436, #4909, #9959, #10788, #8186, #7278, #6566, #981, #3637, #4018, #12724, #8567, #10216, #3024, #2881, #899, #599, #675, #12944, #10552, #12067, #2852, #3449, #12145, #7225, #8705, #7986, #10702 ) ) ;
#8603 = CARTESIAN_POINT ( 'NONE',  ( 31.00000000000000000, 80.49999999999998579, 2.299999999999999822 ) ) ;
#8604 = CIRCLE ( 'NONE', #5453, 1.700000000000000178 ) ;
#8605 = DIRECTION ( 'NONE',  ( 0.000000000000000000, -1.000000000000000000, 0.000000000000000000 ) ) ;
#8606 = ORIENTED_EDGE ( 'NONE', *, *, #11145, .F. ) ;
#8607 = ADVANCED_FACE ( 'NONE', ( #2854 ), #1848, .F. ) ;
#8608 = ORIENTED_EDGE ( 'NONE', *, *, #4123, .F. ) ;
#8609 = DESIGN_CONTEXT ( 'detailed design', #8751, 'design' ) ;
#8610 = CARTESIAN_POINT ( 'NONE',  ( -19.14151426980785331, -12.51560493047243128, 0.000000000000000000 ) ) ;
#8611 = EDGE_LOOP ( 'NONE', ( #11995, #9234, #2116, #9606 ) ) ;
#8612 = EDGE_CURVE ( 'NONE', #1301, #3203, #9836, .T. ) ;
#8613 = ORIENTED_EDGE ( 'NONE', *, *, #6158, .T. ) ;
#8614 = APPROVAL_ROLE ( '' ) ;
#8615 = EDGE_CURVE ( 'NONE', #8311, #3329, #4724, .T. ) ;
#8616 = EDGE_CURVE ( 'NONE', #8487, #4354, #7720, .T. ) ;
#8617 = ORIENTED_EDGE ( 'NONE', *, *, #13012, .F. ) ;
#8618 = LINE ( 'NONE', #11665, #125 ) ;
#8619 = LOCAL_TIME ( 12, 23, 50.00000000000000000, #11813 ) ;
#8620 = CARTESIAN_POINT ( 'NONE',  ( 7.700000000000001954, -9.225615804907270956, -0.000000000000000000 ) ) ;
#8621 = PLANE ( 'NONE',  #9866 ) ;
#8622 = PERSON ( 'NAUO-PER5', 'UNSPECIFIED', 'UNSPECIFIED', ('UNSPECIFIED'), ('UNSPECIFIED'), ('UNSPECIFIED') ) ;
#8623 = CARTESIAN_POINT ( 'NONE',  ( 31.60000000000000142, -1.200000000000000030E-05, 5.590597372058685011 ) ) ;
#8624 = PERSON_AND_ORGANIZATION ( #2675, #9931 ) ;
#8625 = CARTESIAN_POINT ( 'NONE',  ( -10.04287395703057761, 0.000000000000000000, 11.63880920472889358 ) ) ;
#8626 = CARTESIAN_POINT ( 'NONE',  ( 0.000000000000000000, 0.000000000000000000, 12.00000000000000000 ) ) ;
#8627 = ORIENTED_EDGE ( 'NONE', *, *, #3894, .T. ) ;
#8628 = EDGE_LOOP ( 'NONE', ( #10903, #4875, #10229, #9302 ) ) ;
#8629 = CC_DESIGN_SECURITY_CLASSIFICATION ( #7345, ( #13083 ) ) ;
#8630 = DIRECTION ( 'NONE',  ( 1.000000000000000000, 0.000000000000000000, 0.000000000000000000 ) ) ;
#8631 = DATE_AND_TIME ( #1568, #6587 ) ;
#8632 = PERSON_AND_ORGANIZATION ( #2675, #9931 ) ;
#8633 = VERTEX_POINT ( 'NONE', #10883 ) ;
#8634 = APPROVAL_DATE_TIME ( #11683, #12640 ) ;
#8635 = CARTESIAN_POINT ( 'NONE',  ( -11.00000000000000000, 0.000000000000000000, 26.00000000000000000 ) ) ;
#8636 = VECTOR ( 'NONE', #6828, 1000.000000000000000 ) ;
#8637 = ORIENTED_EDGE ( 'NONE', *, *, #12030, .T. ) ;
#8638 = LINE ( 'NONE', #767, #1512 ) ;
#8639 = ADVANCED_BREP_SHAPE_REPRESENTATION ( '', ( #7388, #6542 ), #2 ) ;
#8640 = DIRECTION ( 'NONE',  ( -1.000000000000000000, -0.000000000000000000, -0.000000000000000000 ) ) ;
#8641 = DIRECTION ( 'NONE',  ( 1.000000000000000000, -0.000000000000000000, 0.000000000000000000 ) ) ;
#8642 = CARTESIAN_POINT ( 'NONE',  ( -9.511878329221135075, 10.27300072430434952, 8.867760934432130426 ) ) ;
#8643 = VECTOR ( 'NONE', #11328, 1000.000000000000000 ) ;
#8644 = CIRCLE ( 'NONE', #10543, 2.000000000000000000 ) ;
#8645 = LINE ( 'NONE', #9573, #12244 ) ;
#8646 = CARTESIAN_POINT ( 'NONE',  ( -12.00000000000000000, 7.000000000000000000, 5.000000000000000000 ) ) ;
#8647 = ORIENTED_EDGE ( 'NONE', *, *, #6656, .T. ) ;
#8648 = LINE ( 'NONE', #4894, #11586 ) ;
#8649 = APPROVAL_STATUS ( 'not_yet_approved' ) ;
#8650 = CARTESIAN_POINT ( 'NONE',  ( 31.44258473825548705, 64.34333309900708286, 0.000000000000000000 ) ) ;
#8651 = ORIENTED_EDGE ( 'NONE', *, *, #8916, .F. ) ;
#8652 = CARTESIAN_POINT ( 'NONE',  ( 21.48452350954438472, -0.000000000000000000, 11.14146106821127091 ) ) ;
#8653 = AXIS2_PLACEMENT_3D ( 'NONE', #9163, #12075, #10159 ) ;
#8654 = AXIS2_PLACEMENT_3D ( 'NONE', #2886, #2948, #5118 ) ;
#8655 = CARTESIAN_POINT ( 'NONE',  ( -7.343333099006723153, 66.44258473825125577, -0.000000000000000000 ) ) ;
#8656 = ADVANCED_FACE ( 'NONE', ( #4845, #8663, #1851, #2856, #12820, #6726 ), #9904, .T. ) ;
#8657 = CARTESIAN_POINT ( 'NONE',  ( 31.60000000000000142, 77.50000000000000000, -1.200000000000000030E-05 ) ) ;
#8658 = CARTESIAN_POINT ( 'NONE',  ( 2.600000000000000089, 0.000000000000000000, -1.200000000000000030E-05 ) ) ;
#8659 = CARTESIAN_POINT ( 'NONE',  ( 6.000000000000000000, -1.300000000000000044, 0.000000000000000000 ) ) ;
#8660 = CALENDAR_DATE ( 2026, 21, 9 ) ;
#8661 = CC_DESIGN_DATE_AND_TIME_ASSIGNMENT ( #1854, #10886, ( #13023 ) ) ;
#8662 = VECTOR ( 'NONE', #6888, 1000.000000000000000 ) ;
#8663 = FACE_OUTER_BOUND ( 'NONE', #10023, .T. ) ;
#8664 = VECTOR ( 'NONE', #6326, 1000.000000000000000 ) ;
#8665 = ORIENTED_EDGE ( 'NONE', *, *, #6412, .T. ) ;
#8666 = ORIENTED_EDGE ( 'NONE', *, *, #7820, .T. ) ;
#8667 = CARTESIAN_POINT ( 'NONE',  ( 0.000000000000000000, 0.000000000000000000, -1.200000000000000030E-05 ) ) ;
#8668 = EDGE_CURVE ( 'NONE', #11111, #8950, #11088, .T. ) ;
#8669 = VECTOR ( 'NONE', #12001, 1000.000000000000000 ) ;
#8670 = EDGE_CURVE ( 'NONE', #6746, #2712, #7787, .T. ) ;
#8671 = DIRECTION ( 'NONE',  ( -0.000000000000000000, -0.000000000000000000, -1.000000000000000000 ) ) ;
#8672 = CARTESIAN_POINT ( 'NONE',  ( 19.14146106821090854, 15.48452350954476309, -0.000000000000000000 ) ) ;
#8673 = CC_DESIGN_PERSON_AND_ORGANIZATION_ASSIGNMENT ( #7104, #7905, ( #13023 ) ) ;
#8674 = CC_DESIGN_PERSON_AND_ORGANIZATION_ASSIGNMENT ( #9372, #7305, ( #1740 ) ) ;
#8675 = CARTESIAN_POINT ( 'NONE',  ( 134.3000000000000114, 2.081899558550508908E-16, 6.000000000000000000 ) ) ;
#8676 = CARTESIAN_POINT ( 'NONE',  ( -5.500000000000000000, 0.000000000000000000, 29.00000000000000000 ) ) ;
#8677 = ORIENTED_EDGE ( 'NONE', *, *, #11261, .T. ) ;
#8678 = AXIS2_PLACEMENT_3D ( 'NONE', #4060, #873, #6010 ) ;
#8679 = VERTEX_POINT ( 'NONE', #4908 ) ;
#8680 = ORIENTED_EDGE ( 'NONE', *, *, #11014, .F. ) ;
#8681 = ORIENTED_EDGE ( 'NONE', *, *, #5141, .T. ) ;
#8682 = FACE_OUTER_BOUND ( 'NONE', #2222, .T. ) ;
#8683 = CARTESIAN_POINT ( 'NONE',  ( -16.00000000000000000, 6.000000000000000000, 18.00000000000000355 ) ) ;
#8684 = EDGE_CURVE ( 'NONE', #1324, #2187, #9655, .T. ) ;
#8685 = EDGE_CURVE ( 'NONE', #7771, #248, #4656, .T. ) ;
#8686 = DIRECTION ( 'NONE',  ( 0.000000000000000000, 0.000000000000000000, 1.000000000000000000 ) ) ;
#8687 = LOCAL_TIME ( 12, 23, 50.00000000000000000, #7542 ) ;
#8688 = ADVANCED_FACE ( 'NONE', ( #5811, #11705, #2678 ), #12885, .T. ) ;
#8689 = DIRECTION ( 'NONE',  ( 1.000000000000000000, 0.000000000000000000, 0.000000000000000000 ) ) ;
#8690 = EDGE_LOOP ( 'NONE', ( #11147, #12176, #7692, #5016 ) ) ;
#8691 = ADVANCED_FACE ( 'NONE', ( #8852, #9723, #3906 ), #9840, .T. ) ;
#8692 = EDGE_LOOP ( 'NONE', ( #2123, #4154, #7214, #9608 ) ) ;
#8693 = DIRECTION ( 'NONE',  ( 0.000000000000000000, -0.000000000000000000, 1.000000000000000000 ) ) ;
#8694 = DATE_AND_TIME ( #8429, #10188 ) ;
#8695 = APPLICATION_PROTOCOL_DEFINITION ( 'international standard', 'config_control_design', 1994, #8499 ) ;
#8696 = VERTEX_POINT ( 'NONE', #2917 ) ;
#8697 = VECTOR ( 'NONE', #1014, 1000.000000000000000 ) ;
#8698 = LOCAL_TIME ( 12, 23, 50.00000000000000000, #10444 ) ;
#8699 = DATE_AND_TIME ( #704, #7778 ) ;
#8700 = CARTESIAN_POINT ( 'NONE',  ( 19.14146106821090498, -12.51547649045524224, -0.000000000000000000 ) ) ;
#8701 = VERTEX_POINT ( 'NONE', #11763 ) ;
#8702 =( NAMED_UNIT ( * ) PLANE_ANGLE_UNIT ( ) SI_UNIT ( $, .RADIAN. ) );
#8703 = CARTESIAN_POINT ( 'NONE',  ( 125.4843253421153122, -0.8586539201233609475, 0.000000000000000000 ) ) ;
#8704 = CARTESIAN_POINT ( 'NONE',  ( -7.700000000000000178, 0.000000000000000000, 0.000000000000000000 ) ) ;
#8705 = ADVANCED_FACE ( 'NONE', ( #11889 ), #9782, .F. ) ;
#8706 = CC_DESIGN_SECURITY_CLASSIFICATION ( #2181, ( #7854 ) ) ;
#8707 = LINE ( 'NONE', #10752, #12468 ) ;
#8708 = CARTESIAN_POINT ( 'NONE',  ( 15.69999999999999929, 70.00000000000000000, -6.000000000000000152E-06 ) ) ;
#8709 = EDGE_LOOP ( 'NONE', ( #4431, #301, #2026, #10874 ) ) ;
#8710 = CARTESIAN_POINT ( 'NONE',  ( 11.00000000000000000, 5.000000000000000000, 25.00000000000000000 ) ) ;
#8711 = VERTEX_POINT ( 'NONE', #7852 ) ;
#8712 = CALENDAR_DATE ( 2026, 21, 9 ) ;
#8713 = FACE_BOUND ( 'NONE', #3186, .T. ) ;
#8714 = CARTESIAN_POINT ( 'NONE',  ( -10.48439506952756517, 0.000000000000000000, 3.141514269806205295 ) ) ;
#8715 = SECURITY_CLASSIFICATION ( '', '', #6626 ) ;
#8716 = COORDINATED_UNIVERSAL_TIME_OFFSET ( 5, 0, .BEHIND. ) ;
#8717 = DIRECTION ( 'NONE',  ( 0.000000000000000000, 0.000000000000000000, 1.000000000000000000 ) ) ;
#8718 = FACE_OUTER_BOUND ( 'NONE', #2360, .T. ) ;
#8719 = CARTESIAN_POINT ( 'NONE',  ( -27.69999999999999929, -57.00000000000000000, -1.200000000000000030E-05 ) ) ;
#8720 = EDGE_LOOP ( 'NONE', ( #8065, #420, #5572, #2049 ) ) ;
#8721 = VERTEX_POINT ( 'NONE', #1599 ) ;
#8722 = EDGE_CURVE ( 'NONE', #2187, #7140, #665, .T. ) ;
#8723 = DATE_AND_TIME ( #12708, #9012 ) ;
#8724 = ORIENTED_EDGE ( 'NONE', *, *, #2146, .F. ) ;
#8725 = CARTESIAN_POINT ( 'NONE',  ( 6.000000000000000000, -1.300000000000000044, -0.09997027095160138099 ) ) ;
#8726 = PERSON_AND_ORGANIZATION ( #2675, #9931 ) ;
#8727 = PLANE ( 'NONE',  #5447 ) ;
#8728 =( NAMED_UNIT ( * ) SI_UNIT ( $, .STERADIAN. ) SOLID_ANGLE_UNIT ( ) );
#8729 = VECTOR ( 'NONE', #4196, 1000.000000000000000 ) ;
#8730 = CARTESIAN_POINT ( 'NONE',  ( -6.225083994885843630, -7.299930488764021064, -0.000000000000000000 ) ) ;
#8731 = DIRECTION ( 'NONE',  ( -0.000000000000000000, 1.000000000000000000, -0.000000000000000000 ) ) ;
#8732 = CARTESIAN_POINT ( 'NONE',  ( 35.00000000000000000, -70.00000000000000000, 5.000000000000000000 ) ) ;
#8733 = CYLINDRICAL_SURFACE ( 'NONE', #5707, 2.399999999999999467 ) ;
#8734 = EDGE_LOOP ( 'NONE', ( #7825, #1418, #1755, #7869 ) ) ;
#8735 = VERTEX_POINT ( 'NONE', #7724 ) ;
#8736 = EDGE_CURVE ( 'NONE', #5150, #5893, #9165, .T. ) ;
#8737 = VERTEX_POINT ( 'NONE', #107 ) ;
#8738 = ORIENTED_EDGE ( 'NONE', *, *, #780, .T. ) ;
#8739 = PERSON_AND_ORGANIZATION_ROLE ( 'classification_officer' ) ;
#8740 = ORIENTED_EDGE ( 'NONE', *, *, #3364, .F. ) ;
#8741 = CARTESIAN_POINT ( 'NONE',  ( 1.313216681092871818, -2.270342840037188559, -0.000000000000000000 ) ) ;
#8742 = DIRECTION ( 'NONE',  ( -1.000000000000000000, -0.000000000000000000, -0.000000000000000000 ) ) ;
#8743 = APPROVAL ( #5431, 'ๆช' ) ;
#8744 = CARTESIAN_POINT ( 'NONE',  ( -1.000000000000000000, 10.50000000000000000, 58.00000000000000000 ) ) ;
#8745 = CYLINDRICAL_SURFACE ( 'NONE', #6096, 14.00000000000000000 ) ;
#8746 = VERTEX_POINT ( 'NONE', #10024 ) ;
#8747 = PRODUCT ( 'V3_REF_SG90', 'V3_REF_SG90', '', ( #9075 ) ) ;
#8748 = VERTEX_POINT ( 'NONE', #10952 ) ;
#8749 = EDGE_CURVE ( 'NONE', #5508, #5365, #9423, .T. ) ;
#8750 = CARTESIAN_POINT ( 'NONE',  ( 0.000000000000000000, 0.000000000000000000, 149.0000000000000000 ) ) ;
#8751 = APPLICATION_CONTEXT ( 'configuration controlled 3d designs of mechanical parts and assemblies' ) ;
#8752 = SHAPE_DEFINITION_REPRESENTATION ( #9411, #2414 ) ;
#8753 = EDGE_CURVE ( 'NONE', #1073, #3479, #5093, .T. ) ;
#8754 = CARTESIAN_POINT ( 'NONE',  ( 150.0000000000000000, 0.000000000000000000, 90.00000000000000000 ) ) ;
#8755 = PERSON_AND_ORGANIZATION ( #2675, #9931 ) ;
#8756 = ORIENTED_EDGE ( 'NONE', *, *, #10288, .F. ) ;
#8757 = CARTESIAN_POINT ( 'NONE',  ( -30.00000000000000000, 0.000000000000000000, 28.00000000000000000 ) ) ;
#8758 = ORIENTED_EDGE ( 'NONE', *, *, #11018, .F. ) ;
#8759 = EDGE_CURVE ( 'NONE', #6097, #11720, #45, .T. ) ;
#8760 =( NAMED_UNIT ( * ) SI_UNIT ( $, .STERADIAN. ) SOLID_ANGLE_UNIT ( ) );
#8761 = AXIS2_PLACEMENT_3D ( 'NONE', #12594, #6558, #1558 ) ;
#8762 = DIRECTION ( 'NONE',  ( -0.000000000000000000, -0.000000000000000000, 1.000000000000000000 ) ) ;
#8763 = LINE ( 'NONE', #12860, #3328 ) ;
#8764 = CARTESIAN_POINT ( 'NONE',  ( -11.90000000000000036, 6.400000000000000355, 0.000000000000000000 ) ) ;
#8765 = CARTESIAN_POINT ( 'NONE',  ( 0.000000000000000000, 10.50000000000000000, 58.00000000000000000 ) ) ;
#8766 = VECTOR ( 'NONE', #7424, 1000.000000000000000 ) ;
#8767 = CARTESIAN_POINT ( 'NONE',  ( -7.299999999999998934, 57.00000000000000000, -6.000000000000000152E-06 ) ) ;
#8768 = VERTEX_POINT ( 'NONE', #12209 ) ;
#8769 = DIRECTION ( 'NONE',  ( 0.000000000000000000, 1.000000000000000000, 0.000000000000000000 ) ) ;
#8770 = AXIS2_PLACEMENT_3D ( 'NONE', #3315, #2255, #4242 ) ;
#8771 = APPROVAL_STATUS ( 'not_yet_approved' ) ;
#8772 = DATE_AND_TIME ( #8712, #2073 ) ;
#8773 = LINE ( 'NONE', #5682, #12794 ) ;
#8774 = DATE_AND_TIME ( #4091, #12515 ) ;
#8775 = ORIENTED_EDGE ( 'NONE', *, *, #3464, .T. ) ;
#8776 = CARTESIAN_POINT ( 'NONE',  ( -10.69993048876420616, 0.000000000000000000, 3.774916005113179818 ) ) ;
#8777 = EDGE_CURVE ( 'NONE', #12478, #9105, #3739, .T. ) ;
#8778 = VECTOR ( 'NONE', #9625, 1000.000000000000000 ) ;
#8779 = CARTESIAN_POINT ( 'NONE',  ( 11.50000000000000000, -6.000000000000000000, 16.00000000000000000 ) ) ;
#8780 = AXIS2_PLACEMENT_3D ( 'NONE', #7735, #681, #1799 ) ;
#8781 = CARTESIAN_POINT ( 'NONE',  ( 11.90000000000000036, -6.400000000000000355, 3.000000000000000000 ) ) ;
#8782 = FACE_BOUND ( 'NONE', #2495, .T. ) ;
#8783 = DATE_TIME_ROLE ( 'creation_date' ) ;
#8784 = CARTESIAN_POINT ( 'NONE',  ( 10.00000000000000000, 10.00000000000000000, 35.00000000000000000 ) ) ;
#8785 = ORIENTED_EDGE ( 'NONE', *, *, #9416, .F. ) ;
#8786 = PERSON_AND_ORGANIZATION ( #11471, #7549 ) ;
#8787 = CARTESIAN_POINT ( 'NONE',  ( -2.600000000000000089, 3.184081677783117698E-16, -6.000000000000000152E-06 ) ) ;
#8788 = AXIS2_PLACEMENT_3D ( 'NONE', #9574, #12547, #8565 ) ;
#8789 = ORIENTED_EDGE ( 'NONE', *, *, #12637, .T. ) ;
#8790 = FACE_OUTER_BOUND ( 'NONE', #9279, .T. ) ;
#8791 = PLANE ( 'NONE',  #8586 ) ;
#8792 = DIRECTION ( 'NONE',  ( -1.000000000000000000, 0.000000000000000000, 0.000000000000000000 ) ) ;
#8793 = EDGE_CURVE ( 'NONE', #6803, #6520, #9241, .T. ) ;
#8794 = CARTESIAN_POINT ( 'NONE',  ( 0.000000000000000000, 0.000000000000000000, 28.00000000000000000 ) ) ;
#8795 = CIRCLE ( 'NONE', #10701, 1.100000000000000311 ) ;
#8796 = VECTOR ( 'NONE', #9679, 1000.000000000000000 ) ;
#8797 = DIRECTION ( 'NONE',  ( -0.000000000000000000, -0.000000000000000000, -1.000000000000000000 ) ) ;
#8798 = DIRECTION ( 'NONE',  ( -0.000000000000000000, -0.000000000000000000, 1.000000000000000000 ) ) ;
#8799 = ORIENTED_EDGE ( 'NONE', *, *, #11102, .T. ) ;
#8800 = VECTOR ( 'NONE', #11100, 1000.000000000000000 ) ;
#8801 = DIRECTION ( 'NONE',  ( -0.000000000000000000, -0.000000000000000000, -1.000000000000000000 ) ) ;
#8802 = EDGE_LOOP ( 'NONE', ( #12333, #10099, #8740, #485 ) ) ;
#8803 = ORIENTED_EDGE ( 'NONE', *, *, #2973, .T. ) ;
#8804 = VERTEX_POINT ( 'NONE', #6113 ) ;
#8805 = CIRCLE ( 'NONE', #3120, 1.700000000000000178 ) ;
#8806 = CARTESIAN_POINT ( 'NONE',  ( 0.3444314227433183939, -2.600069548653550555, -0.000000000000000000 ) ) ;
#8807 = AXIS2_PLACEMENT_3D ( 'NONE', #53, #7250, #7182 ) ;
#8808 = CARTESIAN_POINT ( 'NONE',  ( 32.48439506952830413, 0.000000000000000000, 4.858485730194675334 ) ) ;
#8809 = CARTESIAN_POINT ( 'NONE',  ( 31.00000000000000000, 57.00000000000000000, -1.200000000000000030E-05 ) ) ;
#8810 = AXIS2_PLACEMENT_3D ( 'NONE', #5019, #11212, #3170 ) ;
#8811 = SECURITY_CLASSIFICATION ( '', '', #788 ) ;
#8812 = VECTOR ( 'NONE', #9340, 1000.000000000000000 ) ;
#8813 = VECTOR ( 'NONE', #4553, 1000.000000000000000 ) ;
#8814 = EDGE_CURVE ( 'NONE', #6058, #484, #3102, .T. ) ;
#8815 = DIRECTION ( 'NONE',  ( 1.000000000000000000, 0.000000000000000000, 0.000000000000000000 ) ) ;
#8816 = FACE_OUTER_BOUND ( 'NONE', #9221, .T. ) ;
#8817 = ORIENTED_EDGE ( 'NONE', *, *, #9339, .T. ) ;
#8818 = VERTEX_POINT ( 'NONE', #10162 ) ;
#8819 = PRODUCT_DEFINITION ( 'ๆ', '', #256, #2433 ) ;
#8820 = CARTESIAN_POINT ( 'NONE',  ( 15.69999999999999929, 70.00000000000000000, -1.200000000000000030E-05 ) ) ;
#8821 = APPROVAL_DATE_TIME ( #3884, #10599 ) ;
#8822 = AXIS2_PLACEMENT_3D ( 'NONE', #13058, #2242, #9228 ) ;
#8823 = ORIENTED_EDGE ( 'NONE', *, *, #10500, .T. ) ;
#8824 = LOCAL_TIME ( 12, 23, 50.00000000000000000, #1168 ) ;
#8825 = CARTESIAN_POINT ( 'NONE',  ( 21.04297226076405281, -12.63871090099721783, -0.000000000000000000 ) ) ;
#8826 = ORIENTED_EDGE ( 'NONE', *, *, #5907, .T. ) ;
#8827 = CARTESIAN_POINT ( 'NONE',  ( -12.51547649045471466, 70.85853893179005070, -0.000000000000000000 ) ) ;
#8828 = FACE_OUTER_BOUND ( 'NONE', #11119, .T. ) ;
#8829 = EDGE_CURVE ( 'NONE', #11286, #11336, #3180, .T. ) ;
#8830 = LINE ( 'NONE', #7704, #6470 ) ;
#8831 = EDGE_CURVE ( 'NONE', #4625, #1551, #5028, .T. ) ;
#8832 = APPROVAL_PERSON_ORGANIZATION ( #9300, #11666, #3090 ) ;
#8833 = DIRECTION ( 'NONE',  ( 1.000000000000000000, 0.000000000000000000, 0.000000000000000000 ) ) ;
#8834 = APPROVAL ( #8461, 'ๆช' ) ;
#8835 = PLANE ( 'NONE',  #844 ) ;
#8836 = CARTESIAN_POINT ( 'NONE',  ( -11.00000000000000000, 0.000000000000000000, 22.00000000000000000 ) ) ;
#8837 = AXIS2_PLACEMENT_3D ( 'NONE', #12533, #3295, #7293 ) ;
#8838 = DATE_AND_TIME ( #6774, #11669 ) ;
#8839 = ORIENTED_EDGE ( 'NONE', *, *, #6915, .F. ) ;
#8840 = APPROVAL_STATUS ( 'not_yet_approved' ) ;
#8841 = DIRECTION ( 'NONE',  ( 0.000000000000000000, -0.000000000000000000, 1.000000000000000000 ) ) ;
#8842 = ORIENTED_EDGE ( 'NONE', *, *, #11352, .F. ) ;
#8843 = CARTESIAN_POINT ( 'NONE',  ( 137.3612890990017377, -1.042972260763601611, -0.000000000000000000 ) ) ;
#8844 = AXIS2_PLACEMENT_3D ( 'NONE', #7590, #12806, #3773 ) ;
#8845 = DIRECTION ( 'NONE',  ( 1.000000000000000000, 0.000000000000000000, 0.000000000000000000 ) ) ;
#8847 = EDGE_CURVE ( 'NONE', #9920, #6803, #7103, .T. ) ;
#8846 = LINE ( 'NONE', #9962, #1136 ) ;
#8849 = AXIS2_PLACEMENT_3D ( 'NONE', #12088, #6851, #8979 ) ;
#8848 = DIRECTION ( 'NONE',  ( -0.000000000000000000, -0.000000000000000000, -1.000000000000000000 ) ) ;
#8850 = PERSON_AND_ORGANIZATION_ROLE ( 'design_supplier' ) ;
#8851 = EDGE_CURVE ( 'NONE', #3311, #6371, #3614, .T. ) ;
#8852 = FACE_BOUND ( 'NONE', #7087, .T. ) ;
#8853 = VERTEX_POINT ( 'NONE', #9968 ) ;
#8854 = CIRCLE ( 'NONE', #3172, 1.100000000000000311 ) ;
#8855 = APPROVAL_ROLE ( '' ) ;
#8856 = DIRECTION ( 'NONE',  ( -1.000000000000000000, 0.000000000000000000, 0.000000000000000000 ) ) ;
#8857 = VECTOR ( 'NONE', #2764, 1000.000000000000000 ) ;
#8858 = VERTEX_POINT ( 'NONE', #909 ) ;
#8859 = CARTESIAN_POINT ( 'NONE',  ( 11.90000000000000036, 6.400000000000000355, 0.000000000000000000 ) ) ;
#8860 = LINE ( 'NONE', #5817, #6258 ) ;
#8861 = VECTOR ( 'NONE', #9327, 1000.000000000000000 ) ;
#8862 = CARTESIAN_POINT ( 'NONE',  ( -20.44246974991423471, -0.000000000000000000, 13.65686506842306436 ) ) ;
#8863 = VECTOR ( 'NONE', #1113, 1000.000000000000000 ) ;
#8864 = DIRECTION ( 'NONE',  ( 0.000000000000000000, 0.000000000000000000, 1.000000000000000000 ) ) ;
#8865 = FACE_OUTER_BOUND ( 'NONE', #10956, .T. ) ;
#8866 = VECTOR ( 'NONE', #1549, 1000.000000000000000 ) ;
#8867 = CARTESIAN_POINT ( 'NONE',  ( -19.55736206015084022, -0.000000000000000000, 10.34320465898919217 ) ) ;
#8868 = CARTESIAN_POINT ( 'NONE',  ( 35.00000000000000000, 0.000000000000000000, 4.000000000000000000 ) ) ;
#8869 = ORIENTED_EDGE ( 'NONE', *, *, #6083, .F. ) ;
#8870 = ORIENTED_EDGE ( 'NONE', *, *, #10835, .T. ) ;
#8871 =( NAMED_UNIT ( * ) SI_UNIT ( $, .STERADIAN. ) SOLID_ANGLE_UNIT ( ) );
#8872 = DIRECTION ( 'NONE',  ( -1.000000000000000000, -0.000000000000000000, -0.000000000000000000 ) ) ;
#8873 = CIRCLE ( 'NONE', #6944, 14.00000000000000000 ) ;
#8874 = CARTESIAN_POINT ( 'NONE',  ( 12.00000000000000000, -12.00000000000000000, 20.00000000000000000 ) ) ;
#8875 = CARTESIAN_POINT ( 'NONE',  ( 32.48452350954359957, -0.000000000000000000, 3.141461068209369767 ) ) ;
#8876 = DIRECTION ( 'NONE',  ( -0.000000000000000000, -1.000000000000000000, -0.000000000000000000 ) ) ;
#8877 = CARTESIAN_POINT ( 'NONE',  ( -20.00000000000000000, -12.00000000000000000, 2.000000000000000000 ) ) ;
#8878 = AXIS2_PLACEMENT_3D ( 'NONE', #12370, #6418, #11307 ) ;
#8879 = DIRECTION ( 'NONE',  ( 0.000000000000000000, 0.000000000000000000, -1.000000000000000000 ) ) ;
#8880 = DIRECTION ( 'NONE',  ( 0.000000000000000000, -1.000000000000000000, 0.000000000000000000 ) ) ;
#8881 = VERTEX_POINT ( 'NONE', #8966 ) ;
#8882 = ORIENTED_EDGE ( 'NONE', *, *, #678, .T. ) ;
#8883 = FACE_OUTER_BOUND ( 'NONE', #5264, .T. ) ;
#8884 = COORDINATED_UNIVERSAL_TIME_OFFSET ( 5, 0, .BEHIND. ) ;
#8885 = PERSON_AND_ORGANIZATION_ROLE ( 'classification_officer' ) ;
#8886 = VERTEX_POINT ( 'NONE', #13002 ) ;
#8887 = ADVANCED_FACE ( 'NONE', ( #6975 ), #11020, .F. ) ;
#8888 = DIRECTION ( 'NONE',  ( -1.000000000000000000, 0.000000000000000000, -0.000000000000000000 ) ) ;
#8889 = EDGE_LOOP ( 'NONE', ( #3607, #10563, #2532, #3074 ) ) ;
#8890 = SECURITY_CLASSIFICATION ( '', '', #4743 ) ;
#8891 = LINE ( 'NONE', #1961, #2066 ) ;
#8892 = DIRECTION ( 'NONE',  ( 1.000000000000000000, -0.000000000000000000, -0.000000000000000000 ) ) ;
#8893 = LOCAL_TIME ( 12, 23, 50.00000000000000000, #6533 ) ;
#8894 = DIRECTION ( 'NONE',  ( 1.000000000000000000, 0.000000000000000000, -0.000000000000000000 ) ) ;
#8895 = LINE ( 'NONE', #5616, #6511 ) ;
#8896 = PERSON_AND_ORGANIZATION_ROLE ( 'classification_officer' ) ;
#8897 = VERTEX_POINT ( 'NONE', #10092 ) ;
#8898 = APPROVAL_STATUS ( 'not_yet_approved' ) ;
#8899 = EDGE_CURVE ( 'NONE', #2712, #1951, #3388, .T. ) ;
#8900 = CARTESIAN_POINT ( 'NONE',  ( 137.4845235095464488, 0.8585389317909376539, -0.000000000000000000 ) ) ;
#8901 = EDGE_LOOP ( 'NONE', ( #6896, #6384, #7495, #4138 ) ) ;
#8902 = CARTESIAN_POINT ( 'NONE',  ( 134.6388092047245095, -1.042873957029619714, 0.000000000000000000 ) ) ;
#8903 = APPROVAL ( #8840, 'UNKNOWN' ) ;
#8904 = APPROVAL ( #11822, 'ๆช' ) ;
#8905 = LOCAL_TIME ( 12, 23, 50.00000000000000000, #11006 ) ;
#8906 = CARTESIAN_POINT ( 'NONE',  ( -24.30000000000000071, 57.00000000000000000, -1.200000000000000030E-05 ) ) ;
#8907 = CARTESIAN_POINT ( 'NONE',  ( 0.000000000000000000, 77.50000000000000000, 6.000000000000000000 ) ) ;
#8908 = CARTESIAN_POINT ( 'NONE',  ( -11.46349721022023083, 8.039232687730912374, 8.579762322145247921 ) ) ;
#8909 = LINE ( 'NONE', #8781, #11170 ) ;
#8910 = FACE_OUTER_BOUND ( 'NONE', #5144, .T. ) ;
#8911 = CARTESIAN_POINT ( 'NONE',  ( 0.000000000000000000, 0.000000000000000000, 0.000000000000000000 ) ) ;
#8912 = B_SPLINE_CURVE_WITH_KNOTS ( 'NONE', 3,
 ( #592, #6588, #8655, #1591, #12699, #3662, #7468, #7400, #11438, #10435, #3470, #11861, #10858, #11921, #7936, #6942, #4004, #8129 ),
 .UNSPECIFIED., .F., .F.,
 ( 4, 2, 2, 2, 2, 2, 2, 2, 4 ),
 ( 0.000000000000000000, 0.06250000000000000000, 0.1250000000000000000, 0.1875000000000000000, 0.2500000000000000000, 0.3125000000000000000, 0.3750000000000000000, 0.4375000000000000000, 0.5000000000000000000 ),
 .UNSPECIFIED. ) ;
#8913 = APPROVAL_ROLE ( '' ) ;
#8914 = LOCAL_TIME ( 12, 23, 50.00000000000000000, #1144 ) ;
#8915 = APPROVAL_ROLE ( '' ) ;
#8916 = EDGE_CURVE ( 'NONE', #5883, #4443, #7522, .T. ) ;
#8917 = DIRECTION ( 'NONE',  ( -0.000000000000000000, -0.000000000000000000, 1.000000000000000000 ) ) ;
#8918 = ORIENTED_EDGE ( 'NONE', *, *, #9980, .T. ) ;
#8919 = ADVANCED_FACE ( 'NONE', ( #1457 ), #4575, .F. ) ;
#8920 = CYLINDRICAL_SURFACE ( 'NONE', #2515, 1.700000000000000178 ) ;
#8921 = DIRECTION ( 'NONE',  ( 1.000000000000000000, 0.000000000000000000, 0.000000000000000000 ) ) ;
#8922 =( LENGTH_UNIT ( ) NAMED_UNIT ( * ) SI_UNIT ( .MILLI., .METRE. ) );
#8923 = EDGE_CURVE ( 'NONE', #6371, #1140, #11557, .T. ) ;
#8924 = DIRECTION ( 'NONE',  ( -0.000000000000000000, -0.000000000000000000, 1.000000000000000000 ) ) ;
#8925 = PLANE ( 'NONE',  #12814 ) ;
#8926 = DIRECTION ( 'NONE',  ( -0.000000000000000000, -0.000000000000000000, 1.000000000000000000 ) ) ;
#8927 =( REPRESENTATION_RELATIONSHIP ('NONE','NONE', #874, #2414 ) REPRESENTATION_RELATIONSHIP_WITH_TRANSFORMATION ( #9598 )SHAPE_REPRESENTATION_RELATIONSHIP( ) );
#8928 = DIRECTION ( 'NONE',  ( -0.000000000000000000, -0.000000000000000000, -1.000000000000000000 ) ) ;
#8929 = CARTESIAN_POINT ( 'NONE',  ( -7.299930488763833658, -0.000000000000000000, 12.77491600511460490 ) ) ;
#8930 = EDGE_LOOP ( 'NONE', ( #7934, #7710, #11766, #2174 ) ) ;
#8931 = DIRECTION ( 'NONE',  ( 1.000000000000000000, 0.000000000000000000, 0.000000000000000000 ) ) ;
#8932 = CARTESIAN_POINT ( 'NONE',  ( -11.68622841836827497, 7.709669415052520236, 7.387083654392811560 ) ) ;
#8933 = CARTESIAN_POINT ( 'NONE',  ( 12.00000000000000000, -7.000000000000000000, 5.000000000000000000 ) ) ;
#8934 = B_SPLINE_CURVE_WITH_KNOTS ( 'NONE', 3,
 ( #5729, #6760, #2952, #3070, #5000, #1008, #8130, #817, #10134, #940, #11114, #9935, #10986, #6943, #3013, #73, #9007, #7937 ),
 .UNSPECIFIED., .F., .F.,
 ( 4, 2, 2, 2, 2, 2, 2, 2, 4 ),
 ( 0.5000000000000003331, 0.5625000000000003331, 0.6250000000000002220, 0.6875000000000002220, 0.7500000000000002220, 0.8125000000000001110, 0.8750000000000001110, 0.9375000000000000000, 1.000000000000000000 ),
 .UNSPECIFIED. ) ;
#8935 = CARTESIAN_POINT ( 'NONE',  ( 0.000000000000000000, 70.00000000000000000, 5.200000000000000178 ) ) ;
#8936 = CARTESIAN_POINT ( 'NONE',  ( 137.7000000000000171, 0.000000000000000000, -6.000000000000000152E-06 ) ) ;
#8937 = FACE_OUTER_BOUND ( 'NONE', #10541, .T. ) ;
#8938 = ORIENTED_EDGE ( 'NONE', *, *, #9887, .T. ) ;
#8939 = EDGE_LOOP ( 'NONE', ( #3017, #3683 ) ) ;
#8940 = CARTESIAN_POINT ( 'NONE',  ( 31.60000000000000142, 77.50000000000000000, 6.000000000000000000 ) ) ;
#8941 = PERSON_AND_ORGANIZATION ( #2675, #9931 ) ;
#8942 = ORIENTED_EDGE ( 'NONE', *, *, #11163, .F. ) ;
#8943 = CARTESIAN_POINT ( 'NONE',  ( 0.000000000000000000, 1.300000000000000044, 16.00000000000000000 ) ) ;
#8944 = ORIENTED_EDGE ( 'NONE', *, *, #9251, .T. ) ;
#8945 = FACE_OUTER_BOUND ( 'NONE', #12060, .T. ) ;
#8946 = CARTESIAN_POINT ( 'NONE',  ( 7.700000000000001066, -8.774748043452762047, 0.000000000000000000 ) ) ;
#8947 = AXIS2_PLACEMENT_3D ( 'NONE', #10823, #722, #11884 ) ;
#8948 = DIRECTION ( 'NONE',  ( 0.000000000000000000, -0.000000000000000000, 1.000000000000000000 ) ) ;
#8949 = EDGE_CURVE ( 'NONE', #12123, #7368, #4374, .T. ) ;
#8950 = VERTEX_POINT ( 'NONE', #10428 ) ;
#8951 = CARTESIAN_POINT ( 'NONE',  ( 12.95712604296800485, 71.36119079527043141, 0.000000000000000000 ) ) ;
#8952 = FACE_OUTER_BOUND ( 'NONE', #6458, .T. ) ;
#8953 = PERSON_AND_ORGANIZATION ( #2675, #9931 ) ;
#8954 = CONTEXT_DEPENDENT_SHAPE_REPRESENTATION ( #9533, #7403 ) ;
#8955 = CARTESIAN_POINT ( 'NONE',  ( 0.000000000000000000, 0.000000000000000000, 18.00000000000000355 ) ) ;
#8956 = ORIENTED_EDGE ( 'NONE', *, *, #8134, .T. ) ;
#8957 = AXIS2_PLACEMENT_3D ( 'NONE', #7282, #11596, #1355 ) ;
#8958 = CARTESIAN_POINT ( 'NONE',  ( -9.442584738251570187, -0.000000000000000000, 2.343333099005747933 ) ) ;
#8959 = CARTESIAN_POINT ( 'NONE',  ( -11.50000000000000000, -6.000000000000000000, 22.00000000000000000 ) ) ;
#8960 = LINE ( 'NONE', #8907, #8564 ) ;
#8961 = ADVANCED_FACE ( 'NONE', ( #515 ), #8569, .F. ) ;
#8962 = VECTOR ( 'NONE', #5031, 1000.000000000000000 ) ;
#8963 = CARTESIAN_POINT ( 'NONE',  ( 9.170132238024915949, 10.57899323120674140, 9.358776623762611990 ) ) ;
#8964 = COORDINATED_UNIVERSAL_TIME_OFFSET ( 5, 0, .BEHIND. ) ;
#8965 = ORIENTED_EDGE ( 'NONE', *, *, #12698, .F. ) ;
#8966 = CARTESIAN_POINT ( 'NONE',  ( 0.000000000000000000, 6.735557395310441037E-16, 26.00000000000000000 ) ) ;
#8967 = ORIENTED_EDGE ( 'NONE', *, *, #1719, .F. ) ;
#8968 = CC_DESIGN_DATE_AND_TIME_ASSIGNMENT ( #12571, #3540, ( #3016 ) ) ;
#8969 = APPROVAL_STATUS ( 'not_yet_approved' ) ;
#8970 = CARTESIAN_POINT ( 'NONE',  ( -2.348712715335543599, 1.124693889828766391, -0.000000000000000000 ) ) ;
#8971 = VERTEX_POINT ( 'NONE', #1524 ) ;
#8972 = PLANE ( 'NONE',  #12383 ) ;
#8973 = COORDINATED_UNIVERSAL_TIME_OFFSET ( 5, 0, .BEHIND. ) ;
#8974 = FACE_OUTER_BOUND ( 'NONE', #7274, .T. ) ;
#8975 = AXIS2_PLACEMENT_3D ( 'NONE', #4156, #1092, #9155 ) ;
#8976 = LINE ( 'NONE', #11159, #12024 ) ;
#8977 = CARTESIAN_POINT ( 'NONE',  ( 20.00000000000000000, -12.00000000000000000, 2.000000000000000000 ) ) ;
#8978 = DIRECTION ( 'NONE',  ( -0.000000000000000000, -0.000000000000000000, -1.000000000000000000 ) ) ;
#8980 = EDGE_CURVE ( 'NONE', #9527, #11954, #1377, .T. ) ;
#8979 = DIRECTION ( 'NONE',  ( 1.000000000000000000, 0.000000000000000000, 0.000000000000000000 ) ) ;
#8981 = EDGE_CURVE ( 'NONE', #2396, #8135, #7461, .T. ) ;
#8982 = CARTESIAN_POINT ( 'NONE',  ( 18.63880920472925951, -15.04287395703057761, 0.000000000000000000 ) ) ;
#8983 = CARTESIAN_POINT ( 'NONE',  ( -21.69999999999999929, 14.00000000000000000, -6.000000000000000152E-06 ) ) ;
#8984 = DIRECTION ( 'NONE',  ( -0.000000000000000000, -0.000000000000000000, 1.000000000000000000 ) ) ;
#8985 = AXIS2_PLACEMENT_3D ( 'NONE', #191, #3458, #8183 ) ;
#8986 = VECTOR ( 'NONE', #1982, 1000.000000000000000 ) ;
#8987 = ADVANCED_FACE ( 'NONE', ( #2460 ), #12625, .F. ) ;
#8988 = CALENDAR_DATE ( 2026, 21, 9 ) ;
#8989 = CC_DESIGN_PERSON_AND_ORGANIZATION_ASSIGNMENT ( #8029, #7898, ( #3717 ) ) ;
#8990 = DIRECTION ( 'NONE',  ( 0.000000000000000000, -1.000000000000000000, 0.000000000000000000 ) ) ;
#8991 = ORIENTED_EDGE ( 'NONE', *, *, #11756, .T. ) ;
#8992 = EDGE_LOOP ( 'NONE', ( #2949, #4307 ) ) ;
#8993 = FACE_OUTER_BOUND ( 'NONE', #9677, .T. ) ;
#8994 = CARTESIAN_POINT ( 'NONE',  ( -12.00000000000000000, -7.000000000000000000, 16.69999999999999929 ) ) ;
#8995 = CIRCLE ( 'NONE', #5432, 5.500000000000000000 ) ;
#8996 = LINE ( 'NONE', #3814, #990 ) ;
#8997 = AXIS2_PLACEMENT_3D ( 'NONE', #5524, #10466, #9921 ) ;
#8998 = CARTESIAN_POINT ( 'NONE',  ( -7.515476490456141079, -0.000000000000000000, 3.141461068210001262 ) ) ;
#8999 = EDGE_CURVE ( 'NONE', #12964, #3250, #5558, .T. ) ;
#9000 = FACE_OUTER_BOUND ( 'NONE', #11475, .T. ) ;
#9001 = CYLINDRICAL_SURFACE ( 'NONE', #7157, 1.700000000000000178 ) ;
#9002 = VERTEX_POINT ( 'NONE', #11285 ) ;
#9003 = EDGE_CURVE ( 'NONE', #8487, #9857, #2327, .T. ) ;
#9004 = ORIENTED_EDGE ( 'NONE', *, *, #3534, .T. ) ;
#9005 = EDGE_CURVE ( 'NONE', #1775, #3725, #11476, .T. ) ;
#9006 = EDGE_CURVE ( 'NONE', #9857, #3033, #9698, .T. ) ;
#9007 = CARTESIAN_POINT ( 'NONE',  ( 30.77438419509338985, -0.000000000000000000, 5.700000000000000178 ) ) ;
#9008 = VECTOR ( 'NONE', #11327, 1000.000000000000000 ) ;
#9009 = APPROVAL_DATE_TIME ( #4940, #1660 ) ;
#9010 = ORIENTED_EDGE ( 'NONE', *, *, #12658, .F. ) ;
#9011 = VERTEX_POINT ( 'NONE', #315 ) ;
#9012 = LOCAL_TIME ( 12, 23, 50.00000000000000000, #11575 ) ;
#9013 = CARTESIAN_POINT ( 'NONE',  ( 255.8000000000000398, 0.000000000000000000, 149.0000000000000000 ) ) ;
#9014 = AXIS2_PLACEMENT_3D ( 'NONE', #2005, #2943, #3004 ) ;
#9015 = PLANE ( 'NONE',  #3859 ) ;
#9016 = CARTESIAN_POINT ( 'NONE',  ( 4.299999999999999822, -9.000000000000000000, -6.000000000000000152E-06 ) ) ;
#9017 = AXIS2_PLACEMENT_3D ( 'NONE', #5158, #12220, #10234 ) ;
#9018 = LINE ( 'NONE', #7834, #10112 ) ;
#9019 = CARTESIAN_POINT ( 'NONE',  ( 35.60000000000000142, 77.50000000000000000, -1.200000000000000030E-05 ) ) ;
#9020 = ORIENTED_EDGE ( 'NONE', *, *, #9027, .T. ) ;
#9021 = LOCAL_TIME ( 12, 23, 50.00000000000000000, #3658 ) ;
#9022 = CLOSED_SHELL ( 'NONE', ( #6501, #11528, #673, #2410, #2492, #830, #1160, #11051, #7028, #2737, #658, #10022, #2425, #1902, #7803, #4016, #5841, #4764, #4886, #104, #6678, #8389, #143, #1745, #11604, #12415 ) ) ;
#9023 = CARTESIAN_POINT ( 'NONE',  ( 31.44258473824912414, -0.000000000000000000, 14.65666690099519975 ) ) ;
#9024 = CARTESIAN_POINT ( 'NONE',  ( -21.00000000000000000, 8.000000000000000000, 17.00000000000000000 ) ) ;
#9025 = COORDINATED_UNIVERSAL_TIME_OFFSET ( 5, 0, .BEHIND. ) ;
#9026 = ORIENTED_EDGE ( 'NONE', *, *, #7466, .F. ) ;
#9027 = EDGE_CURVE ( 'NONE', #8711, #12304, #4711, .T. ) ;
#9028 = DIRECTION ( 'NONE',  ( 1.000000000000000000, 0.000000000000000000, 0.000000000000000000 ) ) ;
#9029 = ORIENTED_EDGE ( 'NONE', *, *, #10771, .F. ) ;
#9030 = CARTESIAN_POINT ( 'NONE',  ( 0.000000000000000000, 0.000000000000000000, 0.000000000000000000 ) ) ;
#9031 = VECTOR ( 'NONE', #4334, 1000.000000000000000 ) ;
#9032 = CC_DESIGN_SECURITY_CLASSIFICATION ( #3985, ( #13085 ) ) ;
#9033 = CARTESIAN_POINT ( 'NONE',  ( 186.0000000000000000, 0.000000000000000000, 0.000000000000000000 ) ) ;
#9034 = DIRECTION ( 'NONE',  ( 0.000000000000000000, 1.000000000000000000, 0.000000000000000000 ) ) ;
#9035 = CARTESIAN_POINT ( 'NONE',  ( 0.000000000000000000, 0.000000000000000000, 0.000000000000000000 ) ) ;
#9036 = ORIENTED_EDGE ( 'NONE', *, *, #11079, .F. ) ;
#9037 = DIRECTION ( 'NONE',  ( -0.000000000000000000, -1.000000000000000000, -0.000000000000000000 ) ) ;
#9038 = APPROVAL_DATE_TIME ( #910, #7696 ) ;
#9039 = CARTESIAN_POINT ( 'NONE',  ( -20.00000000000000000, -1.200000000000000030E-05, 10.30000000000000071 ) ) ;
#9040 = ORIENTED_EDGE ( 'NONE', *, *, #4430, .F. ) ;
#9041 = CARTESIAN_POINT ( 'NONE',  ( -1.000000000000000000, 10.50000000000000000, 0.000000000000000000 ) ) ;
#9042 = ORIENTED_EDGE ( 'NONE', *, *, #766, .T. ) ;
#9043 = EDGE_CURVE ( 'NONE', #9658, #12964, #1584, .T. ) ;
#9044 = CIRCLE ( 'NONE', #11798, 19.00000000000000000 ) ;
#9045 = DIRECTION ( 'NONE',  ( -1.000000000000000000, 0.000000000000000000, 0.000000000000000000 ) ) ;
#9046 = LINE ( 'NONE', #2197, #3183 ) ;
#9047 = DIRECTION ( 'NONE',  ( 0.000000000000000000, 0.000000000000000000, -1.000000000000000000 ) ) ;
#9048 = CC_DESIGN_PERSON_AND_ORGANIZATION_ASSIGNMENT ( #12947, #48, ( #5234 ) ) ;
#9049 = PLANE ( 'NONE',  #3764 ) ;
#9050 = DIRECTION ( 'NONE',  ( 0.000000000000000000, 0.000000000000000000, 1.000000000000000000 ) ) ;
#9051 = DIRECTION ( 'NONE',  ( -0.000000000000000000, -1.000000000000000000, -0.000000000000000000 ) ) ;
#9052 = AXIS2_PLACEMENT_3D ( 'NONE', #4216, #6094, #7289 ) ;
#9053 = VECTOR ( 'NONE', #10341, 1000.000000000000000 ) ;
#9054 = ORIENTED_EDGE ( 'NONE', *, *, #2824, .T. ) ;
#9055 = AXIS2_PLACEMENT_3D ( 'NONE', #5061, #5174, #9066 ) ;
#9056 = EDGE_LOOP ( 'NONE', ( #9597, #3081, #7554, #7841 ) ) ;
#9057 = EDGE_CURVE ( 'NONE', #10115, #4028, #403, .T. ) ;
#9058 = LINE ( 'NONE', #5951, #1443 ) ;
#9059 = DIRECTION ( 'NONE',  ( 0.000000000000000000, 1.000000000000000000, 0.000000000000000000 ) ) ;
#9060 = CIRCLE ( 'NONE', #2767, 1.700000000000000178 ) ;
#9061 = DIRECTION ( 'NONE',  ( 0.000000000000000000, 1.000000000000000000, 0.000000000000000000 ) ) ;
#9062 = CC_DESIGN_PERSON_AND_ORGANIZATION_ASSIGNMENT ( #5362, #1248, ( #6057 ) ) ;
#9063 = CC_DESIGN_PERSON_AND_ORGANIZATION_ASSIGNMENT ( #1787, #8850, ( #5334 ) ) ;
#9064 = CARTESIAN_POINT ( 'NONE',  ( 31.60000000000000142, 62.50000000000000000, -1.200000000000000030E-05 ) ) ;
#9065 = AXIS2_PLACEMENT_3D ( 'NONE', #6244, #10289, #2183 ) ;
#9066 = DIRECTION ( 'NONE',  ( 0.000000000000000000, -0.000000000000000000, -1.000000000000000000 ) ) ;
#9067 = CYLINDRICAL_SURFACE ( 'NONE', #2963, 1.100000000000000311 ) ;
#9068 = VERTEX_POINT ( 'NONE', #5858 ) ;
#9069 = PRODUCT_DEFINITION_SHAPE ( 'NONE', 'NONE',  #4750 ) ;
#9070 = EDGE_LOOP ( 'NONE', ( #11168, #5917 ) ) ;
#9071 = EDGE_CURVE ( 'NONE', #4759, #5773, #8648, .T. ) ;
#9072 = DIRECTION ( 'NONE',  ( -0.000000000000000000, -1.000000000000000000, -0.000000000000000000 ) ) ;
#9073 = CIRCLE ( 'NONE', #5087, 1.700000000000000178 ) ;
#9074 = APPROVAL_STATUS ( 'not_yet_approved' ) ;
#9075 = MECHANICAL_CONTEXT ( 'NONE', #7582, 'mechanical' ) ;
#9076 = ORIENTED_EDGE ( 'NONE', *, *, #8517, .T. ) ;
#9077 = ADVANCED_FACE ( 'NONE', ( #4770 ), #5799, .F. ) ;
#9078 = ORIENTED_EDGE ( 'NONE', *, *, #9505, .F. ) ;
#9079 = AXIS2_PLACEMENT_3D ( 'NONE', #4111, #10174, #8105 ) ;
#9080 = EDGE_CURVE ( 'NONE', #5393, #9939, #8895, .T. ) ;
#9081 = CARTESIAN_POINT ( 'NONE',  ( 4.299930488764022840, -9.225083994885473260, 0.000000000000000000 ) ) ;
#9082 = PERSON ( 'NAUO-PER18', 'UNSPECIFIED', 'UNSPECIFIED', ('UNSPECIFIED'), ('UNSPECIFIED'), ('UNSPECIFIED') ) ;
#9083 = CARTESIAN_POINT ( 'NONE',  ( 24.30000000000000071, -45.00000000000000000, -1.200000000000000030E-05 ) ) ;
#9084 = EDGE_CURVE ( 'NONE', #7166, #12304, #1653, .T. ) ;
#9085 = CARTESIAN_POINT ( 'NONE',  ( 31.00000000000000000, -1.200000000000000030E-05, 4.000000000000000000 ) ) ;
#9086 = CARTESIAN_POINT ( 'NONE',  ( 31.00000000000000000, 81.00000000000000000, 5.700000000000000178 ) ) ;
#9087 = VECTOR ( 'NONE', #9253, 1000.000000000000000 ) ;
#9088 = CARTESIAN_POINT ( 'NONE',  ( 27.69999999999999929, 57.00000000000000000, -1.200000000000000030E-05 ) ) ;
#9089 = ORIENTED_EDGE ( 'NONE', *, *, #8615, .T. ) ;
#9090 = DIRECTION ( 'NONE',  ( 1.000000000000000000, 0.000000000000000000, 0.000000000000000000 ) ) ;
#9091 = PERSON_AND_ORGANIZATION ( #2675, #9931 ) ;
#9092 = VERTEX_POINT ( 'NONE', #10815 ) ;
#9093 = AXIS2_PLACEMENT_3D ( 'NONE', #1396, #9721, #10506 ) ;
#9094 = AXIS2_PLACEMENT_3D ( 'NONE', #11239, #1340, #5314 ) ;
#9095 = ITEM_DEFINED_TRANSFORMATION ( 'NONE', 'NONE', #3437,  #6542 ) ;
#9096 = DIRECTION ( 'NONE',  ( 1.000000000000000000, 0.000000000000000000, 0.000000000000000000 ) ) ;
#9097 = DIRECTION ( 'NONE',  ( -1.000000000000000000, 0.000000000000000000, -0.000000000000000000 ) ) ;
#9098 = ADVANCED_BREP_SHAPE_REPRESENTATION ( '', ( #11966, #6542 ), #1055 ) ;
#9099 =( REPRESENTATION_RELATIONSHIP ('NONE','NONE', #874, #12267 ) REPRESENTATION_RELATIONSHIP_WITH_TRANSFORMATION ( #2034 )SHAPE_REPRESENTATION_RELATIONSHIP( ) );
#9100 = CARTESIAN_POINT ( 'NONE',  ( -21.00000000000000000, 81.00000000000000000, 6.000000000000000000 ) ) ;
#9101 = CARTESIAN_POINT ( 'NONE',  ( -0.6000001182283759560, 2.529936706146719949, -8.999999999999988370E-06 ) ) ;
#9102 = PLANE ( 'NONE',  #9634 ) ;
#9103 = LOCAL_TIME ( 12, 23, 50.00000000000000000, #4549 ) ;
#9104 = CARTESIAN_POINT ( 'NONE',  ( 9.509326000432832160, 10.27740646207855590, 11.14121608963035470 ) ) ;
#9105 = VERTEX_POINT ( 'NONE', #8710 ) ;
#9106 = CARTESIAN_POINT ( 'NONE',  ( -2.600000000000000089, 3.184081677783117698E-16, -1.200000000000000030E-05 ) ) ;
#9107 = COORDINATED_UNIVERSAL_TIME_OFFSET ( 5, 0, .BEHIND. ) ;
#9108 = DIRECTION ( 'NONE',  ( -0.000000000000000000, 1.000000000000000000, -0.000000000000000000 ) ) ;
#9109 = ORIENTED_EDGE ( 'NONE', *, *, #9374, .F. ) ;
#9110 = CARTESIAN_POINT ( 'NONE',  ( 0.000000000000000000, -2.000000000000000000, -0.000000000000000000 ) ) ;
#9111 = PRODUCT_DEFINITION_FORMATION_WITH_SPECIFIED_SOURCE ( 'ไป', '', #4775, .NOT_KNOWN. ) ;
#9112 = EDGE_LOOP ( 'NONE', ( #10283, #9876 ) ) ;
#9113 = CARTESIAN_POINT ( 'NONE',  ( 27.69999999999999929, 45.00000000000000000, 5.000000000000000000 ) ) ;
#9114 = DIRECTION ( 'NONE',  ( -1.000000000000000000, -0.000000000000000000, -0.000000000000000000 ) ) ;
#9115 = CARTESIAN_POINT ( 'NONE',  ( -35.00000000000000000, -70.00000000000000000, 0.000000000000000000 ) ) ;
#9116 = CARTESIAN_POINT ( 'NONE',  ( -15.59999999999999964, 72.50000000000000000, -1.200000000000000030E-05 ) ) ;
#9117 = LOCAL_TIME ( 12, 23, 50.00000000000000000, #2308 ) ;
#9118 = DIRECTION ( 'NONE',  ( 1.000000000000000000, 0.000000000000000000, 0.000000000000000000 ) ) ;
#9119 = EDGE_CURVE ( 'NONE', #937, #4543, #7656, .T. ) ;
#9120 = ORIENTED_EDGE ( 'NONE', *, *, #1004, .F. ) ;
#9121 = EDGE_LOOP ( 'NONE', ( #1981, #5589 ) ) ;
#9122 = CARTESIAN_POINT ( 'NONE',  ( 15.48432534211531220, 69.14134607987517711, 0.000000000000000000 ) ) ;
#9123 = LINE ( 'NONE', #274, #8595 ) ;
#9124 = DIRECTION ( 'NONE',  ( 1.000000000000000000, 0.000000000000000000, 0.000000000000000000 ) ) ;
#9125 = LOCAL_TIME ( 12, 23, 50.00000000000000000, #11612 ) ;
#9126 = CARTESIAN_POINT ( 'NONE',  ( 35.00000000000000000, 0.000000000000000000, 0.000000000000000000 ) ) ;
#9127 = LINE ( 'NONE', #3007, #944 ) ;
#9128 = APPROVAL_STATUS ( 'not_yet_approved' ) ;
#9129 = CARTESIAN_POINT ( 'NONE',  ( 31.19999999999999929, 80.50000000000000000, 0.000000000000000000 ) ) ;
#9130 = EDGE_CURVE ( 'NONE', #12472, #4287, #7839, .T. ) ;
#9131 = CARTESIAN_POINT ( 'NONE',  ( -14.00000000000000000, 9.000000000000000000, 8.500000000000000000 ) ) ;
#9132 = ORIENTED_EDGE ( 'NONE', *, *, #12553, .T. ) ;
#9133 = ORIENTED_EDGE ( 'NONE', *, *, #12524, .F. ) ;
#9134 = DIRECTION ( 'NONE',  ( 1.000000000000000000, 0.000000000000000000, 0.000000000000000000 ) ) ;
#9135 = COORDINATED_UNIVERSAL_TIME_OFFSET ( 5, 0, .BEHIND. ) ;
#9136 = PERSON_AND_ORGANIZATION ( #2675, #9931 ) ;
#9137 = ORIENTED_EDGE ( 'NONE', *, *, #5256, .T. ) ;
#9138 = CC_DESIGN_PERSON_AND_ORGANIZATION_ASSIGNMENT ( #9091, #3086, ( #9628 ) ) ;
#9139 = DIRECTION ( 'NONE',  ( -0.000000000000000000, -0.000000000000000000, -1.000000000000000000 ) ) ;
#9140 = ORIENTED_EDGE ( 'NONE', *, *, #1675, .F. ) ;
#9141 = DIRECTION ( 'NONE',  ( 1.000000000000000000, 0.000000000000000000, 0.000000000000000000 ) ) ;
#9142 = DIRECTION ( 'NONE',  ( 1.000000000000000000, 0.000000000000000000, 0.000000000000000000 ) ) ;
#9143 = DIRECTION ( 'NONE',  ( -0.000000000000000000, -0.000000000000000000, -1.000000000000000000 ) ) ;
#9144 = CARTESIAN_POINT ( 'NONE',  ( -15.19999999999999929, 2.000000000000000000, 3.000000000000000000 ) ) ;
#9145 = EDGE_CURVE ( 'NONE', #353, #1400, #1684, .T. ) ;
#9146 = ADVANCED_FACE ( 'NONE', ( #6712 ), #11875, .F. ) ;
#9147 = EDGE_LOOP ( 'NONE', ( #12787, #11894, #11333, #2432 ) ) ;
#9148 = ORIENTED_EDGE ( 'NONE', *, *, #7853, .T. ) ;
#9149 = CARTESIAN_POINT ( 'NONE',  ( 31.44263793984766764, -0.000000000000000000, 11.34320465898919217 ) ) ;
#9150 = CARTESIAN_POINT ( 'NONE',  ( 35.60000000000000142, 0.000000000000000000, 0.000000000000000000 ) ) ;
#9151 = APPROVAL_STATUS ( 'not_yet_approved' ) ;
#9152 = ORIENTED_EDGE ( 'NONE', *, *, #11264, .T. ) ;
#9153 = EDGE_CURVE ( 'NONE', #2215, #11436, #10693, .T. ) ;
#9154 = SECURITY_CLASSIFICATION_LEVEL ( 'unclassified' ) ;
#9155 = DIRECTION ( 'NONE',  ( 0.000000000000000000, 0.000000000000000000, -1.000000000000000000 ) ) ;
#9156 = EDGE_LOOP ( 'NONE', ( #7176, #4069, #9224, #212 ) ) ;
#9157 = CARTESIAN_POINT ( 'NONE',  ( -27.69999999999999929, 57.00000000000000000, 5.000000000000000000 ) ) ;
#9158 = EDGE_CURVE ( 'NONE', #5557, #7033, #3711, .T. ) ;
#9159 =( NAMED_UNIT ( * ) PLANE_ANGLE_UNIT ( ) SI_UNIT ( $, .RADIAN. ) );
#9160 = DIRECTION ( 'NONE',  ( 1.000000000000000000, 0.000000000000000000, 0.000000000000000000 ) ) ;
#9161 = DIRECTION ( 'NONE',  ( 0.000000000000000000, 1.000000000000000000, 0.000000000000000000 ) ) ;
#9162 = CARTESIAN_POINT ( 'NONE',  ( 18.95702773923648010, 12.63871090099631544, -0.000000000000000000 ) ) ;
#9163 = CARTESIAN_POINT ( 'NONE',  ( 0.000000000000000000, 0.000000000000000000, 0.000000000000000000 ) ) ;
#9164 = ORIENTED_EDGE ( 'NONE', *, *, #2324, .F. ) ;
#9165 = LINE ( 'NONE', #1036, #6455 ) ;
#9166 = ORIENTED_EDGE ( 'NONE', *, *, #11488, .F. ) ;
#9167 = ADVANCED_FACE ( 'NONE', ( #2605 ), #648, .F. ) ;
#9168 = EDGE_CURVE ( 'NONE', #3827, #3313, #1472, .T. ) ;
#9169 = APPROVAL_STATUS ( 'not_yet_approved' ) ;
#9170 = CARTESIAN_POINT ( 'NONE',  ( 15.10000000000000142, 0.000000000000000000, -1.200000000000000030E-05 ) ) ;
#9171 = APPLICATION_CONTEXT ( 'configuration controlled 3d designs of mechanical parts and assemblies' ) ;
#9172 = CARTESIAN_POINT ( 'NONE',  ( -20.00000000000000000, -12.00000000000000000, 0.000000000000000000 ) ) ;
#9173 = ORIENTED_EDGE ( 'NONE', *, *, #10295, .T. ) ;
#9174 = FACE_BOUND ( 'NONE', #631, .T. ) ;
#9175 = CARTESIAN_POINT ( 'NONE',  ( 12.80000000000000071, 2.000000000000000000, -1.200000000000000030E-05 ) ) ;
#9176 = CARTESIAN_POINT ( 'NONE',  ( 0.000000000000000000, 0.000000000000000000, -1.200000000000000030E-05 ) ) ;
#9177 = VECTOR ( 'NONE', #8742, 1000.000000000000000 ) ;
#9178 = CARTESIAN_POINT ( 'NONE',  ( 31.60000000000000142, 0.000000000000000000, 6.000000000000000000 ) ) ;
#9179 = PRODUCT_DEFINITION_SHAPE ( 'NONE', 'NONE',  #3354 ) ;
#9180 = CARTESIAN_POINT ( 'NONE',  ( -28.00000000000000000, 0.000000000000000000, 0.000000000000000000 ) ) ;
#9181 = DIRECTION ( 'NONE',  ( 0.000000000000000000, -0.000000000000000000, -1.000000000000000000 ) ) ;
#9182 = FACE_OUTER_BOUND ( 'NONE', #2398, .T. ) ;
#9183 = CARTESIAN_POINT ( 'NONE',  ( -14.00000000000000000, 0.000000000000000000, 2.000000000000000000 ) ) ;
#9184 = VERTEX_POINT ( 'NONE', #8836 ) ;
#9185 = VECTOR ( 'NONE', #5620, 1000.000000000000000 ) ;
#9186 = ORIENTED_EDGE ( 'NONE', *, *, #11488, .T. ) ;
#9187 = DIRECTION ( 'NONE',  ( 1.000000000000000000, 0.000000000000000000, 0.000000000000000000 ) ) ;
#9188 = DIRECTION ( 'NONE',  ( -0.000000000000000000, -0.000000000000000000, 1.000000000000000000 ) ) ;
#9189 = DIRECTION ( 'NONE',  ( 0.000000000000000000, 1.000000000000000000, 0.000000000000000000 ) ) ;
#9190 = DIRECTION ( 'NONE',  ( -0.000000000000000000, -0.000000000000000000, 1.000000000000000000 ) ) ;
#9191 = ADVANCED_FACE ( 'NONE', ( #9824 ), #774, .F. ) ;
#9192 = CARTESIAN_POINT ( 'NONE',  ( -14.00000000000000000, 0.000000000000000000, 2.000000000000000000 ) ) ;
#9193 = PLANE ( 'NONE',  #7901 ) ;
#9194 = VECTOR ( 'NONE', #571, 1000.000000000000000 ) ;
#9195 = VECTOR ( 'NONE', #4795, 1000.000000000000000 ) ;
#9196 = APPROVAL_STATUS ( 'not_yet_approved' ) ;
#9197 = CARTESIAN_POINT ( 'NONE',  ( 3.000000000000000000, 27.50000000000000000, 58.00000000000000000 ) ) ;
#9198 = SECURITY_CLASSIFICATION_LEVEL ( 'unclassified' ) ;
#9199 = CARTESIAN_POINT ( 'NONE',  ( 0.000000000000000000, 0.000000000000000000, 2.000000000000000000 ) ) ;
#9201 = ORIENTED_EDGE ( 'NONE', *, *, #1124, .F. ) ;
#9200 = CALENDAR_DATE ( 2026, 21, 9 ) ;
#9202 = EDGE_LOOP ( 'NONE', ( #6961, #6604 ) ) ;
#9203 = DATE_AND_TIME ( #5180, #3446 ) ;
#9204 = CALENDAR_DATE ( 2026, 21, 9 ) ;
#9205 = VERTEX_POINT ( 'NONE', #10631 ) ;
#9206 = CARTESIAN_POINT ( 'NONE',  ( 0.000000000000000000, 0.000000000000000000, 68.00000000000000000 ) ) ;
#9207 = ORIENTED_EDGE ( 'NONE', *, *, #8829, .F. ) ;
#9208 = AXIS2_PLACEMENT_3D ( 'NONE', #5104, #8928, #1996 ) ;
#9209 = AXIS2_PLACEMENT_3D ( 'NONE', #10789, #8990, #13024 ) ;
#9210 = DIRECTION ( 'NONE',  ( -0.000000000000000000, -0.000000000000000000, -1.000000000000000000 ) ) ;
#9211 = EDGE_CURVE ( 'NONE', #1069, #6136, #9637, .T. ) ;
#9212 = CARTESIAN_POINT ( 'NONE',  ( 11.63318911631890806, 7.789676559712269466, 11.19895753663901772 ) ) ;
#9213 = AXIS2_PLACEMENT_3D ( 'NONE', #2826, #6807, #3926 ) ;
#9214 = DIRECTION ( 'NONE',  ( -0.000000000000000000, 1.000000000000000000, -0.000000000000000000 ) ) ;
#9215 = FACE_OUTER_BOUND ( 'NONE', #3537, .T. ) ;
#9216 = CC_DESIGN_PERSON_AND_ORGANIZATION_ASSIGNMENT ( #5961, #3940, ( #9778 ) ) ;
#9217 = AXIS2_PLACEMENT_3D ( 'NONE', #13014, #6617, #1932 ) ;
#9218 = ORIENTED_EDGE ( 'NONE', *, *, #12127, .F. ) ;
#9219 = AXIS2_PLACEMENT_3D ( 'NONE', #11453, #12241, #3205 ) ;
#9220 = FACE_OUTER_BOUND ( 'NONE', #2270, .T. ) ;
#9221 = EDGE_LOOP ( 'NONE', ( #6822, #6329, #728, #10226, #2078, #3856 ) ) ;
#9222 = DIRECTION ( 'NONE',  ( 1.000000000000000000, 0.000000000000000000, 0.000000000000000000 ) ) ;
#9223 = PERSON_AND_ORGANIZATION ( #2675, #9931 ) ;
#9224 = ORIENTED_EDGE ( 'NONE', *, *, #11837, .T. ) ;
#9225 = ORIENTED_EDGE ( 'NONE', *, *, #10626, .F. ) ;
#9226 = DIRECTION ( 'NONE',  ( 0.000000000000000000, 0.000000000000000000, 1.000000000000000000 ) ) ;
#9227 = EDGE_LOOP ( 'NONE', ( #5193, #2444, #4591, #6066 ) ) ;
#9228 = DIRECTION ( 'NONE',  ( 0.000000000000000000, -0.000000000000000000, 1.000000000000000000 ) ) ;
#9229 = EDGE_CURVE ( 'NONE', #8721, #2643, #9044, .T. ) ;
#9230 = ADVANCED_FACE ( 'NONE', ( #2966, #5081, #8952 ), #11936, .F. ) ;
#9231 = LINE ( 'NONE', #2450, #2796 ) ;
#9232 = CARTESIAN_POINT ( 'NONE',  ( 14.00000000000000000, 0.000000000000000000, 0.000000000000000000 ) ) ;
#9233 = FACE_BOUND ( 'NONE', #11284, .T. ) ;
#9234 = ORIENTED_EDGE ( 'NONE', *, *, #10388, .F. ) ;
#9235 = APPROVAL ( #5348, 'ๆช' ) ;
#9236 = VECTOR ( 'NONE', #1792, 1000.000000000000000 ) ;
#9237 = AXIS2_PLACEMENT_3D ( 'NONE', #5130, #10337, #11263 ) ;
#9238 = LINE ( 'NONE', #12487, #2353 ) ;
#9239 = CARTESIAN_POINT ( 'NONE',  ( 0.000000000000000000, 25.00000000000000000, 0.000000000000000000 ) ) ;
#9240 = ORIENTED_EDGE ( 'NONE', *, *, #352, .F. ) ;
#9241 = LINE ( 'NONE', #12016, #3087 ) ;
#9242 = ORIENTED_EDGE ( 'NONE', *, *, #7627, .F. ) ;
#9243 = DATE_AND_TIME ( #5419, #998 ) ;
#9244 = CARTESIAN_POINT ( 'NONE',  ( -10.50000000000000000, 1.300000000000000044, 16.00000000000000000 ) ) ;
#9245 = VERTEX_POINT ( 'NONE', #88 ) ;
#9246 = CARTESIAN_POINT ( 'NONE',  ( 29.63871090099800654, 67.04297226076447203, -0.000000000000000000 ) ) ;
#9247 = CC_DESIGN_APPROVAL ( #12215, ( #7564 ) ) ;
#9248 = ORIENTED_EDGE ( 'NONE', *, *, #12311, .T. ) ;
#9249 = EDGE_CURVE ( 'NONE', #2082, #6308, #10008, .T. ) ;
#9250 = PLANE ( 'NONE',  #8807 ) ;
#9251 = EDGE_CURVE ( 'NONE', #10203, #6928, #1968, .T. ) ;
#9252 = B_SPLINE_CURVE_WITH_KNOTS ( 'NONE', 3,
 ( #10965, #1935, #9983, #923, #8982, #3984, #7981, #12028, #11027, #2989, #12146, #3187, #12221, #3051, #5039, #12085, #7114, #4974 ),
 .UNSPECIFIED., .F., .F.,
 ( 4, 2, 2, 2, 2, 2, 2, 2, 4 ),
 ( 0.5000000000000000000, 0.5625000000000001110, 0.6250000000000002220, 0.6875000000000003331, 0.7500000000000002220, 0.8125000000000002220, 0.8750000000000001110, 0.9375000000000000000, 1.000000000000000000 ),
 .UNSPECIFIED. ) ;
#9253 = DIRECTION ( 'NONE',  ( -0.000000000000000000, -1.000000000000000000, -0.000000000000000000 ) ) ;
#9254 = EDGE_CURVE ( 'NONE', #4379, #6053, #1906, .T. ) ;
#9255 = DIRECTION ( 'NONE',  ( 1.000000000000000000, 0.000000000000000000, 0.000000000000000000 ) ) ;
#9256 = CARTESIAN_POINT ( 'NONE',  ( 3.000000000000000000, 146.0000000000000000, 3.000000000000000000 ) ) ;
#9257 = CARTESIAN_POINT ( 'NONE',  ( -10.50000000000000000, 0.000000000000000000, 16.00000000000000000 ) ) ;
#9258 = PERSON_AND_ORGANIZATION_ROLE ( 'design_owner' ) ;
#9259 = FACE_OUTER_BOUND ( 'NONE', #6967, .T. ) ;
#9260 = EDGE_LOOP ( 'NONE', ( #1170, #10611, #4046, #1751 ) ) ;
#9261 = ORIENTED_EDGE ( 'NONE', *, *, #8851, .T. ) ;
#9262 = AXIS2_PLACEMENT_3D ( 'NONE', #12335, #4223, #6507 ) ;
#9263 = ORIENTED_EDGE ( 'NONE', *, *, #11738, .T. ) ;
#9264 = EDGE_LOOP ( 'NONE', ( #2840, #6759, #8380, #5659 ) ) ;
#9265 = DIRECTION ( 'NONE',  ( 0.000000000000000000, 0.000000000000000000, -1.000000000000000000 ) ) ;
#9266 = CARTESIAN_POINT ( 'NONE',  ( 31.60000000000000142, 62.49999999999997868, 2.409402627941314989 ) ) ;
#9267 = CARTESIAN_POINT ( 'NONE',  ( -10.65666690099477876, 56.55741526174897160, -0.000000000000000000 ) ) ;
#9268 =( NAMED_UNIT ( * ) SI_UNIT ( $, .STERADIAN. ) SOLID_ANGLE_UNIT ( ) );
#9269 = CARTESIAN_POINT ( 'NONE',  ( 0.000000000000000000, 80.50000000000000000, 0.000000000000000000 ) ) ;
#9270 = CARTESIAN_POINT ( 'NONE',  ( 1.155213855929388300, 2.347373307994384373, -0.000000000000000000 ) ) ;
#9271 = AXIS2_PLACEMENT_3D ( 'NONE', #2025, #13048, #10929 ) ;
#9272 = DIRECTION ( 'NONE',  ( -0.000000000000000000, -0.000000000000000000, -1.000000000000000000 ) ) ;
#9273 = VECTOR ( 'NONE', #5658, 1000.000000000000000 ) ;
#9274 = DATE_AND_TIME ( #12166, #6146 ) ;
#9275 = PLANE ( 'NONE',  #11115 ) ;
#9276 = CARTESIAN_POINT ( 'NONE',  ( -11.90000000000000036, 6.400000000000000355, 3.000000000000000000 ) ) ;
#9278 = ORIENTED_EDGE ( 'NONE', *, *, #3671, .T. ) ;
#9277 = COORDINATED_UNIVERSAL_TIME_OFFSET ( 5, 0, .BEHIND. ) ;
#9279 = EDGE_LOOP ( 'NONE', ( #1398, #1904, #2788, #5183 ) ) ;
#9280 = ORIENTED_EDGE ( 'NONE', *, *, #3114, .F. ) ;
#9281 = AXIS2_PLACEMENT_3D ( 'NONE', #9199, #12970, #6078 ) ;
#9282 = ORIENTED_EDGE ( 'NONE', *, *, #13061, .F. ) ;
#9283 = CARTESIAN_POINT ( 'NONE',  ( -12.95702773924156759, 71.36128909900689621, -0.000000000000000000 ) ) ;
#9284 = CARTESIAN_POINT ( 'NONE',  ( 27.69999999999999929, 45.00000000000000000, -1.200000000000000030E-05 ) ) ;
#9285 = AXIS2_PLACEMENT_3D ( 'NONE', #7237, #10089, #12202 ) ;
#9286 = DIRECTION ( 'NONE',  ( -1.000000000000000000, 0.000000000000000000, 0.000000000000000000 ) ) ;
#9287 = CARTESIAN_POINT ( 'NONE',  ( -10.50000000000000000, 59.50000000000000000, -1.200000000000000030E-05 ) ) ;
#9288 = VECTOR ( 'NONE', #1773, 1000.000000000000000 ) ;
#9289 = AXIS2_PLACEMENT_3D ( 'NONE', #11806, #12750, #9950 ) ;
#9290 = LINE ( 'NONE', #3440, #7374 ) ;
#9291 = VERTEX_POINT ( 'NONE', #7085 ) ;
#9292 = VERTEX_POINT ( 'NONE', #4025 ) ;
#9293 = DIRECTION ( 'NONE',  ( 0.000000000000000000, 0.000000000000000000, -1.000000000000000000 ) ) ;
#9294 = ADVANCED_FACE ( 'NONE', ( #3896 ), #5915, .F. ) ;
#9295 = CARTESIAN_POINT ( 'NONE',  ( 0.000000000000000000, 149.0000000000000000, 3.000000000000000000 ) ) ;
#9296 = CALENDAR_DATE ( 2026, 21, 9 ) ;
#9297 = VECTOR ( 'NONE', #507, 1000.000000000000000 ) ;
#9298 = VERTEX_POINT ( 'NONE', #895 ) ;
#9299 = B_SPLINE_CURVE_WITH_KNOTS ( 'NONE', 3,
 ( #868, #4114, #8111, #12089, #11967, #10966, #10899, #5165, #7051, #11093, #12150, #1936, #986, #9984, #2932, #5047, #10178, #8983 ),
 .UNSPECIFIED., .F., .F.,
 ( 4, 2, 2, 2, 2, 2, 2, 2, 4 ),
 ( 0.000000000000000000, 0.06250000000000011102, 0.1250000000000002220, 0.1875000000000003331, 0.2500000000000002220, 0.3125000000000001665, 0.3750000000000001110, 0.4375000000000000555, 0.5000000000000000000 ),
 .UNSPECIFIED. ) ;
#9300 = PERSON_AND_ORGANIZATION ( #11931, #5476 ) ;
#9301 = PLANE ( 'NONE',  #6231 ) ;
#9302 = ORIENTED_EDGE ( 'NONE', *, *, #3841, .F. ) ;
#9303 = PRODUCT_DEFINITION_SHAPE ( 'NONE', 'NONE',  #13079 ) ;
#9304 = PLANE ( 'NONE',  #3100 ) ;
#9305 = VECTOR ( 'NONE', #5548, 1000.000000000000000 ) ;
#9306 = COORDINATED_UNIVERSAL_TIME_OFFSET ( 5, 0, .BEHIND. ) ;
#9307 = CYLINDRICAL_SURFACE ( 'NONE', #12264, 2.000000000000001776 ) ;
#9308 = DIRECTION ( 'NONE',  ( -0.000000000000000000, -0.000000000000000000, -1.000000000000000000 ) ) ;
#9309 = CARTESIAN_POINT ( 'NONE',  ( -21.00000000000000000, 8.000000000000000000, 17.00000000000000000 ) ) ;
#9310 = CARTESIAN_POINT ( 'NONE',  ( 0.000000000000000000, 0.000000000000000000, 0.000000000000000000 ) ) ;
#9311 = CC_DESIGN_APPROVAL ( #6640, ( #5999 ) ) ;
#9312 = CARTESIAN_POINT ( 'NONE',  ( 0.000000000000000000, 0.000000000000000000, 3.000000000000000000 ) ) ;
#9313 = ADVANCED_FACE ( 'NONE', ( #11133 ), #8018, .F. ) ;
#9314 = ORIENTED_EDGE ( 'NONE', *, *, #5187, .T. ) ;
#9315 = CARTESIAN_POINT ( 'NONE',  ( -21.69999999999999929, -14.00000000000000000, -6.000000000000000152E-06 ) ) ;
#9316 = ORIENTED_EDGE ( 'NONE', *, *, #11998, .F. ) ;
#9317 = ITEM_DEFINED_TRANSFORMATION ( 'NONE', 'NONE', #11427,  #6542 ) ;
#9318 = CARTESIAN_POINT ( 'NONE',  ( -21.00000000000000000, 0.000000000000000000, 17.00000000000000000 ) ) ;
#9319 = DIRECTION ( 'NONE',  ( -0.000000000000000000, -0.000000000000000000, 1.000000000000000000 ) ) ;
#9320 = CC_DESIGN_DATE_AND_TIME_ASSIGNMENT ( #8582, #3850, ( #7438 ) ) ;
#9321 = ORIENTED_EDGE ( 'NONE', *, *, #8722, .F. ) ;
#9322 = DIRECTION ( 'NONE',  ( 0.000000000000000000, 0.000000000000000000, -1.000000000000000000 ) ) ;
#9323 = SHAPE_REPRESENTATION_RELATIONSHIP ( 'NONE' , 'NONE' ,  #5528, #7365 ) ;
#9324 = LOCAL_TIME ( 12, 23, 50.00000000000000000, #374 ) ;
#9325 = FACE_OUTER_BOUND ( 'NONE', #9870, .T. ) ;
#9326 = LINE ( 'NONE', #261, #2058 ) ;
#9327 = DIRECTION ( 'NONE',  ( 1.000000000000000000, 0.000000000000000000, 0.000000000000000000 ) ) ;
#9328 = LINE ( 'NONE', #10505, #4671 ) ;
#9329 = APPROVAL_ROLE ( '' ) ;
#9330 = EDGE_CURVE ( 'NONE', #10468, #11336, #12931, .T. ) ;
#9331 = EDGE_CURVE ( 'NONE', #7579, #13041, #10522, .T. ) ;
#9332 = ORIENTED_EDGE ( 'NONE', *, *, #11737, .T. ) ;
#9333 = APPROVAL_DATE_TIME ( #4389, #342 ) ;
#9334 = LOCAL_TIME ( 12, 23, 50.00000000000000000, #1266 ) ;
#9335 = ORIENTED_EDGE ( 'NONE', *, *, #4526, .T. ) ;
#9336 = ORIENTED_EDGE ( 'NONE', *, *, #6413, .F. ) ;
#9337 = ORIENTED_EDGE ( 'NONE', *, *, #1415, .F. ) ;
#9338 = DIRECTION ( 'NONE',  ( 1.000000000000000000, 0.000000000000000000, 0.000000000000000000 ) ) ;
#9339 = EDGE_CURVE ( 'NONE', #6662, #6692, #3163, .T. ) ;
#9340 = DIRECTION ( 'NONE',  ( -1.000000000000000000, -0.000000000000000000, -0.000000000000000000 ) ) ;
#9341 = CARTESIAN_POINT ( 'NONE',  ( -10.70006951123578887, 56.77491600511331882, 0.000000000000000000 ) ) ;
#9342 = DIRECTION ( 'NONE',  ( 1.000000000000000000, 0.000000000000000000, 0.000000000000000000 ) ) ;
#9343 = CARTESIAN_POINT ( 'NONE',  ( 1.519706945644463181, 2.115203106444731418, 0.000000000000000000 ) ) ;
#9344 = APPROVAL_PERSON_ORGANIZATION ( #4985, #1566, #6960 ) ;
#9345 = DIRECTION ( 'NONE',  ( 0.000000000000000000, 0.000000000000000000, -1.000000000000000000 ) ) ;
#9346 = PERSON_AND_ORGANIZATION ( #2675, #9931 ) ;
#9347 = CARTESIAN_POINT ( 'NONE',  ( 3.000000000000000000, 146.0000000000000000, 83.00000000000000000 ) ) ;
#9348 = FACE_OUTER_BOUND ( 'NONE', #7339, .T. ) ;
#9349 = VERTEX_POINT ( 'NONE', #6959 ) ;
#9350 = B_SPLINE_CURVE_WITH_KNOTS ( 'NONE', 3,
 ( #6361, #10397, #5383, #9404, #7059, #341, #4469, #1606, #12580, #2554, #4604, #10722, #6544, #676, #7612, #5578, #2426, #10516, #11581, #8467, #8531, #7423, #3546, #10650, #12514, #5639 ),
 .UNSPECIFIED., .F., .F.,
 ( 4, 2, 2, 2, 2, 2, 2, 2, 2, 2, 2, 2, 4 ),
 ( 0.005952082253735858745, 0.006751715355029122567, 0.007551348456322386389, 0.008350981557615650211, 0.008750798108262278219, 0.009150614658908907961, 0.009550431209555537704, 0.009950247760202163977, 0.01035006431084879372, 0.01074988086149542346, 0.01114969741214205320, 0.01154951396278868295, 0.01234914706408193896 ),
 .UNSPECIFIED. ) ;
#9351 = ORIENTED_EDGE ( 'NONE', *, *, #6293, .T. ) ;
#9352 = EDGE_LOOP ( 'NONE', ( #6427, #1338, #9619, #497 ) ) ;
#9353 = CC_DESIGN_APPROVAL ( #3600, ( #8278 ) ) ;
#9354 = ORIENTED_EDGE ( 'NONE', *, *, #3020, .T. ) ;
#9355 = CARTESIAN_POINT ( 'NONE',  ( 0.000000000000000000, 0.000000000000000000, 0.000000000000000000 ) ) ;
#9356 = CARTESIAN_POINT ( 'NONE',  ( 11.81583934084839704, 7.509301620396099608, 10.82622392244466170 ) ) ;
#9357 = CARTESIAN_POINT ( 'NONE',  ( 31.19999999999999929, 80.50000000000000000, 2.311805698386587338 ) ) ;
#9358 = DIRECTION ( 'NONE',  ( 0.000000000000000000, 0.000000000000000000, 1.000000000000000000 ) ) ;
#9359 = CARTESIAN_POINT ( 'NONE',  ( -7.299999999999998934, 57.00000000000000000, -6.000000000000000152E-06 ) ) ;
#9360 = VECTOR ( 'NONE', #11583, 1000.000000000000000 ) ;
#9361 = ORIENTED_EDGE ( 'NONE', *, *, #11063, .T. ) ;
#9362 = PERSON_AND_ORGANIZATION_ROLE ( 'creator' ) ;
#9363 = EDGE_LOOP ( 'NONE', ( #2743, #2189, #9010, #5204 ) ) ;
#9364 = CARTESIAN_POINT ( 'NONE',  ( 18.29993048876495010, -0.000000000000000000, 12.22508399488808628 ) ) ;
#9365 = MECHANICAL_CONTEXT ( 'NONE', #4737, 'mechanical' ) ;
#9366 = ORIENTED_EDGE ( 'NONE', *, *, #3104, .F. ) ;
#9367 = APPROVAL_ROLE ( '' ) ;
#9368 = DIRECTION ( 'NONE',  ( 1.000000000000000000, 0.000000000000000000, 0.000000000000000000 ) ) ;
#9369 = ORIENTED_EDGE ( 'NONE', *, *, #359, .F. ) ;
#9370 = FACE_BOUND ( 'NONE', #12973, .T. ) ;
#9371 = AXIS2_PLACEMENT_3D ( 'NONE', #2072, #10252, #3134 ) ;
#9372 = PERSON_AND_ORGANIZATION ( #2675, #9931 ) ;
#9373 = CARTESIAN_POINT ( 'NONE',  ( 0.000000000000000000, 149.0000000000000000, 83.00000000000000000 ) ) ;
#9374 = EDGE_CURVE ( 'NONE', #11674, #762, #11059, .T. ) ;
#9375 = LINE ( 'NONE', #4098, #7372 ) ;
#9376 = CARTESIAN_POINT ( 'NONE',  ( 35.60000000000000142, 67.50000000000000000, 6.000000000000000000 ) ) ;
#9377 = CARTESIAN_POINT ( 'NONE',  ( 12.30000000000000249, 0.000000000000000000, 0.000000000000000000 ) ) ;
#9378 = LINE ( 'NONE', #6457, #1276 ) ;
#9379 = ORIENTED_EDGE ( 'NONE', *, *, #8439, .F. ) ;
#9380 = DIRECTION ( 'NONE',  ( 1.000000000000000000, 0.000000000000000000, 0.000000000000000000 ) ) ;
#9381 = VERTEX_POINT ( 'NONE', #8146 ) ;
#9382 = APPROVAL_STATUS ( 'not_yet_approved' ) ;
#9383 = CARTESIAN_POINT ( 'NONE',  ( 29.34333309900654285, 65.55741526174877265, -0.000000000000000000 ) ) ;
#9384 = CARTESIAN_POINT ( 'NONE',  ( 11.45560253456880062, 8.048713274734506484, 7.087104102551561979 ) ) ;
#9385 = ORIENTED_EDGE ( 'NONE', *, *, #9254, .T. ) ;
#9386 = B_SPLINE_CURVE_WITH_KNOTS ( 'NONE', 3,
 ( #9359, #3363, #435, #7503, #296, #5473, #2300, #1360, #226, #9556, #4351, #8352, #6225, #9493, #4286, #8284, #12399, #7367 ),
 .UNSPECIFIED., .F., .F.,
 ( 4, 2, 2, 2, 2, 2, 2, 2, 4 ),
 ( 0.000000000000000000, 0.06250000000000000000, 0.1250000000000000000, 0.1875000000000000000, 0.2500000000000000000, 0.3125000000000000000, 0.3750000000000000000, 0.4375000000000000000, 0.5000000000000000000 ),
 .UNSPECIFIED. ) ;
#9387 = DIRECTION ( 'NONE',  ( -0.000000000000000000, -0.000000000000000000, -1.000000000000000000 ) ) ;
#9388 = ADVANCED_FACE ( 'NONE', ( #4151 ), #10079, .T. ) ;
#9389 = CARTESIAN_POINT ( 'NONE',  ( 31.60000000000000142, -1.200000000000000030E-05, 5.590597372058685011 ) ) ;
#9390 = FACE_BOUND ( 'NONE', #1230, .T. ) ;
#9391 = CARTESIAN_POINT ( 'NONE',  ( -11.81690003789738164, 7.507626993145152028, 9.176942079461829493 ) ) ;
#9392 = CARTESIAN_POINT ( 'NONE',  ( 17.00000000000000000, -10.00000000000000000, 28.00000000000000000 ) ) ;
#9393 = CYLINDRICAL_SURFACE ( 'NONE', #5078, 1.699999999999998401 ) ;
#9394 = CC_DESIGN_DATE_AND_TIME_ASSIGNMENT ( #6383, #12740, ( #8715 ) ) ;
#9395 = ORIENTED_EDGE ( 'NONE', *, *, #11872, .T. ) ;
#9396 = ORIENTED_EDGE ( 'NONE', *, *, #8249, .F. ) ;
#9397 = ORIENTED_EDGE ( 'NONE', *, *, #7047, .F. ) ;
#9398 = DIRECTION ( 'NONE',  ( 0.000000000000000000, 0.000000000000000000, -1.000000000000000000 ) ) ;
#9399 = LINE ( 'NONE', #3268, #1199 ) ;
#9400 = VECTOR ( 'NONE', #6614, 1000.000000000000000 ) ;
#9401 = FACE_BOUND ( 'NONE', #2216, .T. ) ;
#9402 = EDGE_CURVE ( 'NONE', #9526, #9691, #6169, .T. ) ;
#9403 = ADVANCED_FACE ( 'NONE', ( #12191 ), #10214, .F. ) ;
#9404 = CARTESIAN_POINT ( 'NONE',  ( 10.01810743134690718, 9.782858279599741635, 10.02233131936447741 ) ) ;
#9405 = DIRECTION ( 'NONE',  ( 0.000000000000000000, 0.000000000000000000, -1.000000000000000000 ) ) ;
#9406 = PRODUCT_RELATED_PRODUCT_CATEGORY ( 'detail', '', ( #8747 ) ) ;
#9407 = CARTESIAN_POINT ( 'NONE',  ( -2.599940775706751861, 0.2933012580821827142, 0.000000000000000000 ) ) ;
#9408 = CYLINDRICAL_SURFACE ( 'NONE', #4674, 8.099999999999999645 ) ;
#9409 = AXIS2_PLACEMENT_3D ( 'NONE', #10454, #6277, #7544 ) ;
#9410 = VERTEX_POINT ( 'NONE', #2902 ) ;
#9411 = PRODUCT_DEFINITION_SHAPE ( 'NONE', 'NONE',  #9630 ) ;
#9412 = ORIENTED_EDGE ( 'NONE', *, *, #4980, .F. ) ;
#9413 = UNCERTAINTY_MEASURE_WITH_UNIT (LENGTH_MEASURE( 1.000000000000000082E-05 ), #1795, 'distance_accuracy_value', 'NONE');
#9414 = DIRECTION ( 'NONE',  ( 1.000000000000000000, 0.000000000000000000, 0.000000000000000000 ) ) ;
#9415 = CARTESIAN_POINT ( 'NONE',  ( -9.169899438923804880, 10.57920282770153264, 7.859032329756264090 ) ) ;
#9416 = EDGE_CURVE ( 'NONE', #10523, #7140, #3955, .T. ) ;
#9417 = ORIENTED_EDGE ( 'NONE', *, *, #8020, .T. ) ;
#9418 = ORIENTED_EDGE ( 'NONE', *, *, #10627, .T. ) ;
#9419 = CARTESIAN_POINT ( 'NONE',  ( -11.59999999999999964, 62.50000000000000000, -8.271806125530276749E-22 ) ) ;
#9420 = AXIS2_PLACEMENT_3D ( 'NONE', #4295, #10150, #4030 ) ;
#9421 = EDGE_CURVE ( 'NONE', #13041, #7579, #9892, .T. ) ;
#9422 = FACE_BOUND ( 'NONE', #1732, .T. ) ;
#9423 = CIRCLE ( 'NONE', #11314, 1.100000000000000311 ) ;
#9424 = CARTESIAN_POINT ( 'NONE',  ( 0.000000000000000000, 3.000000000000000000, 3.000000000000000000 ) ) ;
#9425 = CARTESIAN_POINT ( 'NONE',  ( -10.65679534101080783, -0.000000000000000000, 12.55736206015211565 ) ) ;
#9426 = ADVANCED_FACE ( 'NONE', ( #1225 ), #8427, .F. ) ;
#9427 = CARTESIAN_POINT ( 'NONE',  ( 17.00000000000000000, -10.00000000000000000, 25.00000000000000000 ) ) ;
#9428 = ORIENTED_EDGE ( 'NONE', *, *, #584, .F. ) ;
#9429 = VERTEX_POINT ( 'NONE', #7373 ) ;
#9430 = DIRECTION ( 'NONE',  ( 1.000000000000000000, 0.000000000000000000, 0.000000000000000000 ) ) ;
#9431 = AXIS2_PLACEMENT_3D ( 'NONE', #10111, #1051, #3121 ) ;
#9432 = PERSON_AND_ORGANIZATION_ROLE ( 'classification_officer' ) ;
#9433 = AXIS2_PLACEMENT_3D ( 'NONE', #3811, #4866, #10662 ) ;
#9434 = VERTEX_POINT ( 'NONE', #2445 ) ;
#9435 = APPROVAL_DATE_TIME ( #2310, #2869 ) ;
#9436 = CARTESIAN_POINT ( 'NONE',  ( 12.00000000000000000, 7.000000000000000000, 6.700000000000000178 ) ) ;
#9437 = ORIENTED_EDGE ( 'NONE', *, *, #452, .F. ) ;
#9438 = PERSON_AND_ORGANIZATION ( #2675, #9931 ) ;
#9439 = CALENDAR_DATE ( 2026, 21, 9 ) ;
#9440 = CARTESIAN_POINT ( 'NONE',  ( 122.3433330990052639, -0.4425847382506304939, -0.000000000000000000 ) ) ;
#9441 = AXIS2_PLACEMENT_3D ( 'NONE', #9490, #8484, #2506 ) ;
#9442 = APPLICATION_CONTEXT ( 'configuration controlled 3d designs of mechanical parts and assemblies' ) ;
#9443 = LINE ( 'NONE', #4568, #10487 ) ;
#9444 = CARTESIAN_POINT ( 'NONE',  ( -12.00000000000000000, -7.000000000000000000, 15.00000000000000000 ) ) ;
#9445 = VECTOR ( 'NONE', #6287, 1000.000000000000000 ) ;
#9446 = CARTESIAN_POINT ( 'NONE',  ( 19.14151426980620840, 12.51560493047243661, 0.000000000000000000 ) ) ;
#9447 = CARTESIAN_POINT ( 'NONE',  ( 32.48452350954332957, 57.85853893179090335, -0.000000000000000000 ) ) ;
#9448 = CARTESIAN_POINT ( 'NONE',  ( -27.69999999999999929, 45.00000000000000000, -1.200000000000000030E-05 ) ) ;
#9449 = ORIENTED_EDGE ( 'NONE', *, *, #12385, .T. ) ;
#9450 = DIRECTION ( 'NONE',  ( 0.000000000000000000, 1.000000000000000000, 0.000000000000000000 ) ) ;
#9451 = VERTEX_POINT ( 'NONE', #10414 ) ;
#9452 = DATE_AND_TIME ( #11433, #799 ) ;
#9453 = DIRECTION ( 'NONE',  ( 0.000000000000000000, 0.000000000000000000, 1.000000000000000000 ) ) ;
#9454 = AXIS2_PLACEMENT_3D ( 'NONE', #3118, #7116, #3324 ) ;
#9455 = AXIS2_PLACEMENT_3D ( 'NONE', #11365, #6123, #8381 ) ;
#9456 = DIRECTION ( 'NONE',  ( 0.000000000000000000, 1.000000000000000000, 0.000000000000000000 ) ) ;
#9457 = VERTEX_POINT ( 'NONE', #5477 ) ;
#9458 = CC_DESIGN_APPROVAL ( #12938, ( #8811 ) ) ;
#9459 = PLANE ( 'NONE',  #12687 ) ;
#9460 = CARTESIAN_POINT ( 'NONE',  ( -11.46082835472130235, 8.043006970812543344, 11.42245056356683186 ) ) ;
#9461 = DIRECTION ( 'NONE',  ( 1.000000000000000000, 0.000000000000000000, 0.000000000000000000 ) ) ;
#9462 = DIRECTION ( 'NONE',  ( -1.000000000000000000, 0.000000000000000000, 0.000000000000000000 ) ) ;
#9463 = DATE_AND_TIME ( #11301, #8893 ) ;
#9464 = ORIENTED_EDGE ( 'NONE', *, *, #6768, .T. ) ;
#9465 = LOCAL_TIME ( 12, 23, 50.00000000000000000, #4516 ) ;
#9466 = ORIENTED_EDGE ( 'NONE', *, *, #12960, .T. ) ;
#9467 = ADVANCED_FACE ( 'NONE', ( #12474 ), #5267, .F. ) ;
#9468 = PERSON_AND_ORGANIZATION_ROLE ( 'design_owner' ) ;
#9469 = CALENDAR_DATE ( 2026, 21, 9 ) ;
#9470 = ORIENTED_EDGE ( 'NONE', *, *, #1000, .F. ) ;
#9471 = ORIENTED_EDGE ( 'NONE', *, *, #4316, .T. ) ;
#9472 = PLANE ( 'NONE',  #9657 ) ;
#9473 = CARTESIAN_POINT ( 'NONE',  ( -5.774916005114157258, -7.300069511235978581, 0.000000000000000000 ) ) ;
#9474 = APPROVAL_PERSON_ORGANIZATION ( #6647, #2475, #12693 ) ;
#9475 = CARTESIAN_POINT ( 'NONE',  ( 19.55741526174779565, 15.65666690099361880, 0.000000000000000000 ) ) ;
#9476 = CARTESIAN_POINT ( 'NONE',  ( 0.000000000000000000, 0.000000000000000000, 149.0000000000000000 ) ) ;
#9477 = CARTESIAN_POINT ( 'NONE',  ( 31.00000000000000000, 80.49999999999998579, 4.000000000000000000 ) ) ;
#9478 = ORIENTED_EDGE ( 'NONE', *, *, #4371, .F. ) ;
#9479 = ORIENTED_EDGE ( 'NONE', *, *, #12946, .F. ) ;
#9480 = EDGE_CURVE ( 'NONE', #10084, #8950, #6230, .T. ) ;
#9481 = CARTESIAN_POINT ( 'NONE',  ( -9.511937134729814503, 10.27294094237714717, 9.632242882235434678 ) ) ;
#9482 = ORIENTED_EDGE ( 'NONE', *, *, #6033, .T. ) ;
#9483 = EDGE_LOOP ( 'NONE', ( #4963, #9335, #3688, #3900 ) ) ;
#9484 = ORIENTED_EDGE ( 'NONE', *, *, #5440, .T. ) ;
#9485 = APPROVAL ( #6714, 'UNKNOWN' ) ;
#9486 = CARTESIAN_POINT ( 'NONE',  ( 0.000000000000000000, 0.000000000000000000, 90.00000000000000000 ) ) ;
#9487 = CC_DESIGN_PERSON_AND_ORGANIZATION_ASSIGNMENT ( #1217, #11616, ( #4282 ) ) ;
#9488 = AXIS2_PLACEMENT_3D ( 'NONE', #1087, #5139, #11203 ) ;
#9489 = DIRECTION ( 'NONE',  ( 1.000000000000000000, 0.000000000000000000, 0.000000000000000000 ) ) ;
#9490 = CARTESIAN_POINT ( 'NONE',  ( -21.00000000000000000, 0.000000000000000000, 17.00000000000000000 ) ) ;
#9491 = VECTOR ( 'NONE', #980, 1000.000000000000000 ) ;
#9492 = CARTESIAN_POINT ( 'NONE',  ( -10.36128909900368456, -0.000000000000000000, 11.95702773923684781 ) ) ;
#9493 = CARTESIAN_POINT ( 'NONE',  ( -10.36128909900436668, 58.04297226076172223, -0.000000000000000000 ) ) ;
#9494 = ORIENTED_EDGE ( 'NONE', *, *, #10458, .T. ) ;
#9495 = ORIENTED_EDGE ( 'NONE', *, *, #5689, .F. ) ;
#9496 = VECTOR ( 'NONE', #12760, 1000.000000000000000 ) ;
#9497 = EDGE_CURVE ( 'NONE', #5563, #1207, #3368, .T. ) ;
#9498 = DIRECTION ( 'NONE',  ( -1.000000000000000000, 0.000000000000000000, 0.000000000000000000 ) ) ;
#9499 = APPROVAL_ROLE ( '' ) ;
#9500 = EDGE_CURVE ( 'NONE', #8853, #3753, #3595, .T. ) ;
#9501 = ORIENTED_EDGE ( 'NONE', *, *, #10705, .F. ) ;
#9502 = FACE_OUTER_BOUND ( 'NONE', #11084, .T. ) ;
#9503 = EDGE_LOOP ( 'NONE', ( #2847, #12775 ) ) ;
#9504 = AXIS2_PLACEMENT_3D ( 'NONE', #12297, #5368, #3259 ) ;
#9505 = EDGE_CURVE ( 'NONE', #11450, #5220, #5259, .T. ) ;
#9506 = CARTESIAN_POINT ( 'NONE',  ( 123.5573620601527693, -1.656795341010720346, -0.000000000000000000 ) ) ;
#9507 = VECTOR ( 'NONE', #11934, 1000.000000000000000 ) ;
#9508 = DIRECTION ( 'NONE',  ( 0.000000000000000000, 0.000000000000000000, -1.000000000000000000 ) ) ;
#9509 = CARTESIAN_POINT ( 'NONE',  ( -20.00000000000000000, 12.00000000000000000, 2.000000000000000000 ) ) ;
#9510 = CARTESIAN_POINT ( 'NONE',  ( -10.72380529476374278, 9.000000000000252243, 11.70000000000124984 ) ) ;
#9511 = CARTESIAN_POINT ( 'NONE',  ( 20.00000000000000000, -1.200000000000000030E-05, 13.70000000000000107 ) ) ;
#9512 = FACE_BOUND ( 'NONE', #8628, .T. ) ;
#9513 = ORIENTED_EDGE ( 'NONE', *, *, #3281, .F. ) ;
#9514 = DIRECTION ( 'NONE',  ( -0.000000000000000000, -0.000000000000000000, 1.000000000000000000 ) ) ;
#9515 = CARTESIAN_POINT ( 'NONE',  ( -10.72380529476361133, 9.000000000000000000, 6.800000000000000711 ) ) ;
#9516 = AXIS2_PLACEMENT_3D ( 'NONE', #9176, #8246, #3256 ) ;
#9517 = CARTESIAN_POINT ( 'NONE',  ( 11.63116903760836074, 7.792703007474884203, 7.297940933140290909 ) ) ;
#9518 = CARTESIAN_POINT ( 'NONE',  ( 27.69999999999999929, -57.00000000000000000, 5.000000000000000000 ) ) ;
#9519 = LINE ( 'NONE', #3530, #8228 ) ;
#9520 = AXIS2_PLACEMENT_3D ( 'NONE', #2716, #1573, #6513 ) ;
#9521 = APPROVAL_PERSON_ORGANIZATION ( #6024, #3201, #2081 ) ;
#9522 = CARTESIAN_POINT ( 'NONE',  ( -15.59999999999999964, 0.000000000000000000, 6.000000000000000000 ) ) ;
#9523 = CARTESIAN_POINT ( 'NONE',  ( 29.63880920472746539, 0.000000000000000000, 14.04287395702952246 ) ) ;
#9524 = ORIENTED_EDGE ( 'NONE', *, *, #12897, .F. ) ;
#9525 = SECURITY_CLASSIFICATION_LEVEL ( 'unclassified' ) ;
#9526 = VERTEX_POINT ( 'NONE', #11407 ) ;
#9527 = VERTEX_POINT ( 'NONE', #6443 ) ;
#9528 = COORDINATED_UNIVERSAL_TIME_OFFSET ( 5, 0, .BEHIND. ) ;
#9529 = AXIS2_PLACEMENT_3D ( 'NONE', #12639, #470, #3599 ) ;
#9530 = APPROVAL_PERSON_ORGANIZATION ( #10864, #6949, #765 ) ;
#9531 = DIRECTION ( 'NONE',  ( -0.000000000000000000, -0.000000000000000000, -1.000000000000000000 ) ) ;
#9532 = CARTESIAN_POINT ( 'NONE',  ( -11.59999999999999964, 72.50000000000000000, -1.200000000000000030E-05 ) ) ;
#9533 =( REPRESENTATION_RELATIONSHIP ('NONE','NONE', #874, #3249 ) REPRESENTATION_RELATIONSHIP_WITH_TRANSFORMATION ( #4838 )SHAPE_REPRESENTATION_RELATIONSHIP( ) );
#9534 = CARTESIAN_POINT ( 'NONE',  ( 24.30000000000000071, 45.00000000000000000, -1.200000000000000030E-05 ) ) ;
#9535 = ADVANCED_FACE ( 'NONE', ( #10278, #155 ), #8217, .T. ) ;
#9536 = CARTESIAN_POINT ( 'NONE',  ( 20.85848573019215024, 15.48439506952757050, 0.000000000000000000 ) ) ;
#9537 = DATE_AND_TIME ( #1346, #2828 ) ;
#9538 = LOCAL_TIME ( 12, 23, 50.00000000000000000, #1955 ) ;
#9539 = DIRECTION ( 'NONE',  ( -1.000000000000000000, 0.000000000000000000, 0.000000000000000000 ) ) ;
#9540 = CARTESIAN_POINT ( 'NONE',  ( -13.14146106821471349, 68.51547649045403432, -0.000000000000000000 ) ) ;
#9541 = ORIENTED_EDGE ( 'NONE', *, *, #3560, .F. ) ;
#9542 = ORIENTED_EDGE ( 'NONE', *, *, #3938, .F. ) ;
#9543 = DESIGN_CONTEXT ( 'detailed design', #5394, 'design' ) ;
#9544 = CARTESIAN_POINT ( 'NONE',  ( -21.04287395703095953, -12.63880920472926483, 0.000000000000000000 ) ) ;
#9545 = ORIENTED_EDGE ( 'NONE', *, *, #11761, .F. ) ;
#9546 = CARTESIAN_POINT ( 'NONE',  ( 0.000000000000000000, 0.000000000000000000, 8.000000000000000000 ) ) ;
#9547 = EDGE_LOOP ( 'NONE', ( #5736, #5358 ) ) ;
#9548 = COORDINATED_UNIVERSAL_TIME_OFFSET ( 5, 0, .BEHIND. ) ;
#9549 = ORIENTED_EDGE ( 'NONE', *, *, #7909, .F. ) ;
#9550 = DIRECTION ( 'NONE',  ( -1.000000000000000000, -0.000000000000000000, -0.000000000000000000 ) ) ;
#9551 = LOCAL_TIME ( 12, 23, 50.00000000000000000, #3889 ) ;
#9552 = DIRECTION ( 'NONE',  ( 0.000000000000000000, 0.000000000000000000, 1.000000000000000000 ) ) ;
#9553 = EDGE_CURVE ( 'NONE', #8257, #11450, #4291, .T. ) ;
#9554 = CARTESIAN_POINT ( 'NONE',  ( 35.60000000000000142, 0.000000000000000000, 6.000000000000000000 ) ) ;
#9555 = DIRECTION ( 'NONE',  ( 1.000000000000000000, 0.000000000000000000, 0.000000000000000000 ) ) ;
#9556 = CARTESIAN_POINT ( 'NONE',  ( -9.225083994884492711, 58.70006951123654915, -0.000000000000000000 ) ) ;
#9557 = ORIENTED_EDGE ( 'NONE', *, *, #11302, .F. ) ;
#9558 = ORIENTED_EDGE ( 'NONE', *, *, #12896, .F. ) ;
#9559 = CC_DESIGN_PERSON_AND_ORGANIZATION_ASSIGNMENT ( #12475, #11542, ( #2624 ) ) ;
#9560 = CC_DESIGN_APPROVAL ( #423, ( #5112 ) ) ;
#9561 = FACE_OUTER_BOUND ( 'NONE', #10620, .T. ) ;
#9562 = SHAPE_DEFINITION_REPRESENTATION ( #12479, #11994 ) ;
#9563 = DIRECTION ( 'NONE',  ( -0.000000000000000000, 1.000000000000000000, -0.000000000000000000 ) ) ;
#9564 = ORIENTED_EDGE ( 'NONE', *, *, #5718, .F. ) ;
#9565 = CALENDAR_DATE ( 2026, 21, 9 ) ;
#9566 = PLANE ( 'NONE',  #6550 ) ;
#9567 = EDGE_CURVE ( 'NONE', #11450, #10115, #439, .T. ) ;
#9568 = SHAPE_REPRESENTATION ( 'V3_05_wrist_adapter', ( #6542 ), #2789 ) ;
#9569 = CARTESIAN_POINT ( 'NONE',  ( 24.30000000000000071, 0.000000000000000000, 0.000000000000000000 ) ) ;
#9571 = EDGE_CURVE ( 'NONE', #3108, #6026, #12581, .T. ) ;
#9570 = DIRECTION ( 'NONE',  ( 0.000000000000000000, 0.000000000000000000, -1.000000000000000000 ) ) ;
#9572 = DIRECTION ( 'NONE',  ( 0.000000000000000000, 0.000000000000000000, -1.000000000000000000 ) ) ;
#9573 = CARTESIAN_POINT ( 'NONE',  ( -11.50000000000000000, -6.000000000000000000, 0.000000000000000000 ) ) ;
#9574 = CARTESIAN_POINT ( 'NONE',  ( -6.000000000000000000, 0.000000000000000000, 20.00000000000000000 ) ) ;
#9575 = ADVANCED_FACE ( 'NONE', ( #633 ), #5786, .F. ) ;
#9576 = FACE_BOUND ( 'NONE', #4205, .T. ) ;
#9577 = VERTEX_POINT ( 'NONE', #11862 ) ;
#9578 = CARTESIAN_POINT ( 'NONE',  ( -18.30000000000000426, -14.22561580490772393, -0.000000000000000000 ) ) ;
#9579 = VERTEX_POINT ( 'NONE', #3698 ) ;
#9580 = APPROVAL_STATUS ( 'not_yet_approved' ) ;
#9581 = CARTESIAN_POINT ( 'NONE',  ( -6.000000000000000000, 0.000000000000000000, 0.000000000000000000 ) ) ;
#9582 = ADVANCED_FACE ( 'NONE', ( #3642 ), #3755, .F. ) ;
#9583 = ORIENTED_EDGE ( 'NONE', *, *, #1754, .F. ) ;
#9584 = CARTESIAN_POINT ( 'NONE',  ( 21.04287395702867514, 0.000000000000000000, 13.36119079527264830 ) ) ;
#9586 = EDGE_CURVE ( 'NONE', #4728, #5582, #1764, .T. ) ;
#9585 = CARTESIAN_POINT ( 'NONE',  ( -11.59999999999999964, 0.000000000000000000, 6.000000000000000000 ) ) ;
#9587 = CARTESIAN_POINT ( 'NONE',  ( 1.594878658085105760, -2.081978247435756213, 0.000000000000000000 ) ) ;
#9588 = AXIS2_PLACEMENT_3D ( 'NONE', #9534, #5446, #9669 ) ;
#9589 = DIRECTION ( 'NONE',  ( -1.000000000000000000, 0.000000000000000000, 0.000000000000000000 ) ) ;
#9590 = ADVANCED_FACE ( 'NONE', ( #7638 ), #7694, .F. ) ;
#9591 = CARTESIAN_POINT ( 'NONE',  ( 124.4426379398472022, 1.656795341010720346, -0.000000000000000000 ) ) ;
#9592 = COORDINATED_UNIVERSAL_TIME_OFFSET ( 5, 0, .BEHIND. ) ;
#9593 = ADVANCED_FACE ( 'NONE', ( #10803 ), #10859, .T. ) ;
#9594 = ADVANCED_FACE ( 'NONE', ( #8552, #4696 ), #2583, .F. ) ;
#9595 = ORIENTED_EDGE ( 'NONE', *, *, #9027, .F. ) ;
#9596 = DATE_AND_TIME ( #6472, #5752 ) ;
#9597 = ORIENTED_EDGE ( 'NONE', *, *, #9788, .T. ) ;
#9598 = ITEM_DEFINED_TRANSFORMATION ( 'NONE', 'NONE', #8678,  #6542 ) ;
#9599 = ORIENTED_EDGE ( 'NONE', *, *, #6076, .T. ) ;
#9600 = PERSON_AND_ORGANIZATION ( #2675, #9931 ) ;
#9601 = DIRECTION ( 'NONE',  ( 1.000000000000000000, 0.000000000000000000, 0.000000000000000000 ) ) ;
#9602 = FACE_OUTER_BOUND ( 'NONE', #298, .T. ) ;
#9603 = DIRECTION ( 'NONE',  ( 0.000000000000000000, 1.000000000000000000, 0.000000000000000000 ) ) ;
#9604 = CARTESIAN_POINT ( 'NONE',  ( -8.000000000000000000, 0.000000000000000000, 5.000000000000000000 ) ) ;
#9605 = LINE ( 'NONE', #4608, #10955 ) ;
#9606 = ORIENTED_EDGE ( 'NONE', *, *, #5922, .T. ) ;
#9607 = ORIENTED_EDGE ( 'NONE', *, *, #4331, .F. ) ;
#9608 = ORIENTED_EDGE ( 'NONE', *, *, #1513, .T. ) ;
#9609 =( REPRESENTATION_RELATIONSHIP ('NONE','NONE', #874, #2414 ) REPRESENTATION_RELATIONSHIP_WITH_TRANSFORMATION ( #12569 )SHAPE_REPRESENTATION_RELATIONSHIP( ) );
#9610 = CARTESIAN_POINT ( 'NONE',  ( -11.81690003789738519, 7.507626993145152916, 7.676942079461834822 ) ) ;
#9611 = DIRECTION ( 'NONE',  ( 0.000000000000000000, 0.000000000000000000, 1.000000000000000000 ) ) ;
#9612 = LINE ( 'NONE', #556, #1430 ) ;
#9613 = VECTOR ( 'NONE', #9272, 1000.000000000000000 ) ;
#9614 = DIRECTION ( 'NONE',  ( 0.000000000000000000, 0.000000000000000000, -1.000000000000000000 ) ) ;
#9615 = VECTOR ( 'NONE', #2920, 1000.000000000000000 ) ;
#9616 = CARTESIAN_POINT ( 'NONE',  ( -9.000000000000000000, -6.000000000000000152E-06, 14.69999999999999929 ) ) ;
#9617 = CARTESIAN_POINT ( 'NONE',  ( -14.00000000000000000, 0.000000000000000000, 0.000000000000000000 ) ) ;
#9618 = ORIENTED_EDGE ( 'NONE', *, *, #11829, .F. ) ;
#9619 = ORIENTED_EDGE ( 'NONE', *, *, #25, .T. ) ;
#9620 = DIRECTION ( 'NONE',  ( -0.000000000000000000, -0.000000000000000000, 1.000000000000000000 ) ) ;
#9621 = COORDINATED_UNIVERSAL_TIME_OFFSET ( 5, 0, .BEHIND. ) ;
#9622 = COORDINATED_UNIVERSAL_TIME_OFFSET ( 5, 0, .BEHIND. ) ;
#9623 = VERTEX_POINT ( 'NONE', #11730 ) ;
#9624 = ADVANCED_FACE ( 'NONE', ( #9561 ), #11679, .F. ) ;
#9625 = DIRECTION ( 'NONE',  ( -0.000000000000000000, -0.000000000000000000, -1.000000000000000000 ) ) ;
#9626 = ORIENTED_EDGE ( 'NONE', *, *, #10633, .F. ) ;
#9627 = VECTOR ( 'NONE', #9108, 1000.000000000000000 ) ;
#9628 = PRODUCT ( 'V3_01_base', 'V3_01_base', '', ( #12192 ) ) ;
#9629 = CARTESIAN_POINT ( 'NONE',  ( 125.6568650684231017, -0.4424697499179515714, -0.000000000000000000 ) ) ;
#9630 = PRODUCT_DEFINITION ( 'ๆ', '', #700, #6606 ) ;
#9631 = FACE_OUTER_BOUND ( 'NONE', #3262, .T. ) ;
#9632 = CIRCLE ( 'NONE', #2483, 2.399999999999999911 ) ;
#9633 = CARTESIAN_POINT ( 'NONE',  ( 0.000000000000000000, 0.000000000000000000, 0.000000000000000000 ) ) ;
#9634 = AXIS2_PLACEMENT_3D ( 'NONE', #11073, #906, #851 ) ;
#9635 = FACE_BOUND ( 'NONE', #1044, .T. ) ;
#9636 = VERTEX_POINT ( 'NONE', #1705 ) ;
#9637 = LINE ( 'NONE', #7711, #7360 ) ;
#9638 = CLOSED_SHELL ( 'NONE', ( #1579, #3543, #9077, #6796, #1574, #2590, #4680, #11579, #9981, #9582, #7201, #12231 ) ) ;
#9639 = CALENDAR_DATE ( 2026, 21, 9 ) ;
#9640 = EDGE_CURVE ( 'NONE', #12439, #11751, #8644, .T. ) ;
#9641 = CARTESIAN_POINT ( 'NONE',  ( 31.22508399489206354, 64.29993048876646355, -0.000000000000000000 ) ) ;
#9642 = ORIENTED_EDGE ( 'NONE', *, *, #5695, .T. ) ;
#9643 = EDGE_CURVE ( 'NONE', #11558, #1761, #12739, .T. ) ;
#9644 = CARTESIAN_POINT ( 'NONE',  ( 11.51689599024726007, 7.960616816174120203, 7.150113106382693040 ) ) ;
#9645 = CIRCLE ( 'NONE', #3952, 1.700000000000000178 ) ;
#9646 = APPROVAL ( #7068, 'UNKNOWN' ) ;
#9647 = VECTOR ( 'NONE', #9746, 1000.000000000000000 ) ;
#9648 = CC_DESIGN_PERSON_AND_ORGANIZATION_ASSIGNMENT ( #356, #6433, ( #3653 ) ) ;
#9650 = B_SPLINE_CURVE_WITH_KNOTS ( 'NONE', 3,
 ( #1590, #5622, #5564, #10433, #9584, #5364, #7595, #1383, #590, #10636, #8574, #8652, #4448, #11435, #4520, #11697, #11496, #4648 ),
 .UNSPECIFIED., .F., .F.,
 ( 4, 2, 2, 2, 2, 2, 2, 2, 4 ),
 ( 0.000000000000000000, 0.06250000000000000000, 0.1250000000000000000, 0.1875000000000000000, 0.2500000000000000000, 0.3125000000000000000, 0.3750000000000000000, 0.4375000000000000000, 0.5000000000000000000 ),
 .UNSPECIFIED. ) ;
#9649 = FACE_OUTER_BOUND ( 'NONE', #12334, .T. ) ;
#9651 = VECTOR ( 'NONE', #875, 1000.000000000000000 ) ;
#9652 = CARTESIAN_POINT ( 'NONE',  ( -0.3444314227433193376, -2.599930451346447846, 0.000000000000000000 ) ) ;
#9653 = CARTESIAN_POINT ( 'NONE',  ( 16.00000000000000000, -6.000000000000000000, 18.00000000000000355 ) ) ;
#9654 = CARTESIAN_POINT ( 'NONE',  ( 122.9571260429652142, 1.361190795265180498, 0.000000000000000000 ) ) ;
#9655 = LINE ( 'NONE', #600, #4598 ) ;
#9656 = VECTOR ( 'NONE', #11551, 1000.000000000000000 ) ;
#9657 = AXIS2_PLACEMENT_3D ( 'NONE', #3484, #7482, #3544 ) ;
#9658 = VERTEX_POINT ( 'NONE', #7756 ) ;
#9659 = ORIENTED_EDGE ( 'NONE', *, *, #7713, .F. ) ;
#9660 = COORDINATED_UNIVERSAL_TIME_OFFSET ( 5, 0, .BEHIND. ) ;
#9661 = ADVANCED_FACE ( 'NONE', ( #11793, #2705, #7821 ), #12604, .T. ) ;
#9662 = ADVANCED_FACE ( 'NONE', ( #7574 ), #11610, .F. ) ;
#9663 = EDGE_LOOP ( 'NONE', ( #4238, #881, #7510, #11662 ) ) ;
#9664 = LOCAL_TIME ( 12, 23, 50.00000000000000000, #11117 ) ;
#9665 = VECTOR ( 'NONE', #8876, 1000.000000000000000 ) ;
#9666 = CARTESIAN_POINT ( 'NONE',  ( 20.00000000000000000, 8.000000000000000000, 10.30000000000000071 ) ) ;
#9667 = SHAPE_REPRESENTATION_RELATIONSHIP ( 'NONE' , 'NONE' ,  #12267, #2176 ) ;
#9668 = EDGE_CURVE ( 'NONE', #1871, #3329, #2645, .T. ) ;
#9669 = DIRECTION ( 'NONE',  ( 0.000000000000000000, 0.000000000000000000, 1.000000000000000000 ) ) ;
#9670 = EDGE_CURVE ( 'NONE', #8971, #10716, #8934, .T. ) ;
#9671 = DIRECTION ( 'NONE',  ( 0.000000000000000000, 0.000000000000000000, 1.000000000000000000 ) ) ;
#9672 = CIRCLE ( 'NONE', #997, 1.700000000000000178 ) ;
#9673 = ORIENTED_EDGE ( 'NONE', *, *, #10705, .T. ) ;
#9674 = CLOSED_SHELL ( 'NONE', ( #8095, #9624, #6634, #2750, #8269, #33 ) ) ;
#9675 = CARTESIAN_POINT ( 'NONE',  ( 0.000000000000000000, 0.000000000000000000, 4.000000000000000000 ) ) ;
#9676 = CARTESIAN_POINT ( 'NONE',  ( -27.69999999999999929, -45.00000000000000000, -1.200000000000000030E-05 ) ) ;
#9677 = EDGE_LOOP ( 'NONE', ( #12235, #12044, #2138, #11675 ) ) ;
#9678 = ORIENTED_EDGE ( 'NONE', *, *, #6538, .T. ) ;
#9679 = DIRECTION ( 'NONE',  ( 0.000000000000000000, 0.000000000000000000, 1.000000000000000000 ) ) ;
#9680 = EDGE_LOOP ( 'NONE', ( #1882, #6134, #552, #60 ) ) ;
#9681 = APPROVAL_ROLE ( '' ) ;
#9682 = ORIENTED_EDGE ( 'NONE', *, *, #7027, .F. ) ;
#9683 = CARTESIAN_POINT ( 'NONE',  ( 11.50000000000000000, 6.000000000000000000, 16.00000000000000000 ) ) ;
#9684 = LOCAL_TIME ( 12, 23, 50.00000000000000000, #1148 ) ;
#9685 = CARTESIAN_POINT ( 'NONE',  ( 32.04297226076236171, -0.000000000000000000, 2.638710900995898445 ) ) ;
#9686 = CARTESIAN_POINT ( 'NONE',  ( -16.00000000000000000, -6.000000000000000000, 18.00000000000000355 ) ) ;
#9687 = FACE_OUTER_BOUND ( 'NONE', #8930, .T. ) ;
#9688 = CALENDAR_DATE ( 2026, 21, 9 ) ;
#9689 = LINE ( 'NONE', #2702, #10751 ) ;
#9690 = ORIENTED_EDGE ( 'NONE', *, *, #7292, .T. ) ;
#9691 = VERTEX_POINT ( 'NONE', #5065 ) ;
#9692 = DIRECTION ( 'NONE',  ( 1.000000000000000000, 0.000000000000000000, 0.000000000000000000 ) ) ;
#9693 = APPLICATION_CONTEXT ( 'configuration controlled 3d designs of mechanical parts and assemblies' ) ;
#9694 = PERSON_AND_ORGANIZATION_ROLE ( 'creator' ) ;
#9695 = SHAPE_DEFINITION_REPRESENTATION ( #11067, #3611 ) ;
#9696 = ORIENTED_EDGE ( 'NONE', *, *, #4562, .F. ) ;
#9697 = CARTESIAN_POINT ( 'NONE',  ( 12.90000000000000036, 1.347111479062088503E-16, -1.200000000000000030E-05 ) ) ;
#9698 = CIRCLE ( 'NONE', #7973, 8.000000000000000000 ) ;
#9699 = ORIENTED_EDGE ( 'NONE', *, *, #6162, .F. ) ;
#9700 =( LENGTH_UNIT ( ) NAMED_UNIT ( * ) SI_UNIT ( .MILLI., .METRE. ) );
#9701 = CARTESIAN_POINT ( 'NONE',  ( 0.000000000000000000, 3.000000000000000000, 149.0000000000000000 ) ) ;
#9702 = FACE_OUTER_BOUND ( 'NONE', #6993, .T. ) ;
#9703 = AXIS2_PLACEMENT_3D ( 'NONE', #12798, #4947, #8948 ) ;
#9704 = ADVANCED_FACE ( 'NONE', ( #11922 ), #4939, .F. ) ;
#9705 = CARTESIAN_POINT ( 'NONE',  ( 12.00000000000000000, -12.00000000000000000, 20.00000000000000000 ) ) ;
#9706 = CARTESIAN_POINT ( 'NONE',  ( 43.00000000000000000, 8.000000000000000000, 17.00000000000000000 ) ) ;
#9707 = EDGE_LOOP ( 'NONE', ( #6006, #12083, #12977, #11364 ) ) ;
#9708 = CARTESIAN_POINT ( 'NONE',  ( -16.00000000000000000, 6.000000000000000000, 16.00000000000000000 ) ) ;
#9709 = CIRCLE ( 'NONE', #5275, 1.700000000000000178 ) ;
#9710 = VERTEX_POINT ( 'NONE', #3145 ) ;
#9711 = APPROVAL_ROLE ( '' ) ;
#9712 = CARTESIAN_POINT ( 'NONE',  ( 134.9571260429673032, 1.361190795270272424, 0.000000000000000000 ) ) ;
#9713 = ORIENTED_EDGE ( 'NONE', *, *, #2168, .F. ) ;
#9714 = PRODUCT_DEFINITION_SHAPE ( 'NONE', 'NONE',  #12132 ) ;
#9715 = DIRECTION ( 'NONE',  ( 0.000000000000000000, 0.000000000000000000, 1.000000000000000000 ) ) ;
#9716 = AXIS2_PLACEMENT_3D ( 'NONE', #7263, #10250, #127 ) ;
#9717 = CIRCLE ( 'NONE', #10334, 1.700000000000000178 ) ;
#9718 = CARTESIAN_POINT ( 'NONE',  ( -20.00000000000000000, 12.00000000000000000, 0.000000000000000000 ) ) ;
#9719 = EDGE_CURVE ( 'NONE', #7092, #6662, #7882, .T. ) ;
#9720 = LINE ( 'NONE', #4721, #192 ) ;
#9721 = DIRECTION ( 'NONE',  ( 1.000000000000000000, -0.000000000000000000, 0.000000000000000000 ) ) ;
#9722 = VECTOR ( 'NONE', #9114, 1000.000000000000000 ) ;
#9723 = FACE_BOUND ( 'NONE', #11268, .T. ) ;
#9724 = CIRCLE ( 'NONE', #5721, 2.600000000000000089 ) ;
#9725 = CC_DESIGN_PERSON_AND_ORGANIZATION_ASSIGNMENT ( #7463, #8375, ( #12188 ) ) ;
#9726 = ORIENTED_EDGE ( 'NONE', *, *, #12311, .F. ) ;
#9727 = CC_DESIGN_DATE_AND_TIME_ASSIGNMENT ( #6130, #2341, ( #9949 ) ) ;
#9728 = EDGE_LOOP ( 'NONE', ( #9428, #8413, #3448, #9726, #9696, #382, #10403, #10386, #11319, #10413, #9040, #12520 ) ) ;
#9729 = SECURITY_CLASSIFICATION_LEVEL ( 'unclassified' ) ;
#9730 = ORIENTED_EDGE ( 'NONE', *, *, #6314, .F. ) ;
#9731 = PERSON_AND_ORGANIZATION ( #2675, #9931 ) ;
#9732 = DIRECTION ( 'NONE',  ( 0.000000000000000000, 0.000000000000000000, -1.000000000000000000 ) ) ;
#9733 =( NAMED_UNIT ( * ) PLANE_ANGLE_UNIT ( ) SI_UNIT ( $, .RADIAN. ) );
#9734 =( GEOMETRIC_REPRESENTATION_CONTEXT ( 3 ) GLOBAL_UNCERTAINTY_ASSIGNED_CONTEXT ( ( #12603 ) ) GLOBAL_UNIT_ASSIGNED_CONTEXT ( ( #3401, #8382, #391 ) ) REPRESENTATION_CONTEXT ( 'NONE', 'WORKASPACE' ) );
#9735 = DIRECTION ( 'NONE',  ( 1.000000000000000000, -0.000000000000000000, -0.000000000000000000 ) ) ;
#9737 = EDGE_CURVE ( 'NONE', #11494, #10524, #5842, .T. ) ;
#9736 = FACE_OUTER_BOUND ( 'NONE', #12854, .T. ) ;
#9738 = VECTOR ( 'NONE', #8247, 1000.000000000000000 ) ;
#9739 = EDGE_CURVE ( 'NONE', #8701, #4644, #5122, .T. ) ;
#9740 = CARTESIAN_POINT ( 'NONE',  ( -18.63880920472979241, 0.000000000000000000, 10.95712604296852177 ) ) ;
#9741 = CARTESIAN_POINT ( 'NONE',  ( -27.69999999999999929, -45.00000000000000000, 5.000000000000000000 ) ) ;
#9742 = VERTEX_POINT ( 'NONE', #7005 ) ;
#9743 = AXIS2_PLACEMENT_3D ( 'NONE', #8436, #4502, #2315 ) ;
#9744 = EDGE_CURVE ( 'NONE', #9710, #5338, #1255, .T. ) ;
#9745 =( GEOMETRIC_REPRESENTATION_CONTEXT ( 3 ) GLOBAL_UNCERTAINTY_ASSIGNED_CONTEXT ( ( #7141 ) ) GLOBAL_UNIT_ASSIGNED_CONTEXT ( ( #2204, #4465, #8593 ) ) REPRESENTATION_CONTEXT ( 'NONE', 'WORKASPACE' ) );
#9746 = DIRECTION ( 'NONE',  ( -0.000000000000000000, -0.000000000000000000, 1.000000000000000000 ) ) ;
#9747 = ORIENTED_EDGE ( 'NONE', *, *, #729, .F. ) ;
#9748 = ORIENTED_EDGE ( 'NONE', *, *, #618, .F. ) ;
#9749 = PERSON_AND_ORGANIZATION_ROLE ( 'design_supplier' ) ;
#9750 = EDGE_LOOP ( 'NONE', ( #6445, #5218, #4133, #5575 ) ) ;
#9751 = DIRECTION ( 'NONE',  ( -0.000000000000000000, -0.000000000000000000, 1.000000000000000000 ) ) ;
#9752 = CARTESIAN_POINT ( 'NONE',  ( -3.100000000000000089, 2.939152317953647106E-16, 29.00000000000000000 ) ) ;
#9753 = CARTESIAN_POINT ( 'NONE',  ( -14.00000000000000000, 0.000000000000000000, 16.00000000000000000 ) ) ;
#9754 = APPROVAL_PERSON_ORGANIZATION ( #9438, #11343, #5546 ) ;
#9755 = CARTESIAN_POINT ( 'NONE',  ( 0.000000000000000000, 0.000000000000000000, 42.00000000000000000 ) ) ;
#9756 = FACE_OUTER_BOUND ( 'NONE', #7521, .T. ) ;
#9757 = EDGE_LOOP ( 'NONE', ( #8540, #502, #3562, #6311 ) ) ;
#9758 = ORIENTED_EDGE ( 'NONE', *, *, #7362, .T. ) ;
#9759 = ADVANCED_FACE ( 'NONE', ( #8883 ), #4005, .F. ) ;
#9760 = DIRECTION ( 'NONE',  ( -1.000000000000000000, 0.000000000000000000, -0.000000000000000000 ) ) ;
#9761 = DATE_AND_TIME ( #1708, #12523 ) ;
#9762 = CALENDAR_DATE ( 2026, 21, 9 ) ;
#9763 = EDGE_LOOP ( 'NONE', ( #2272, #6540 ) ) ;
#9764 = CC_DESIGN_APPROVAL ( #342, ( #2720 ) ) ;
#9765 = DIRECTION ( 'NONE',  ( -1.000000000000000000, 0.000000000000000000, -0.000000000000000000 ) ) ;
#9766 = ORIENTED_EDGE ( 'NONE', *, *, #2880, .T. ) ;
#9767 =( NAMED_UNIT ( * ) PLANE_ANGLE_UNIT ( ) SI_UNIT ( $, .RADIAN. ) );
#9768 = CARTESIAN_POINT ( 'NONE',  ( 0.000000000000000000, 0.000000000000000000, 40.00000000000000000 ) ) ;
#9769 = DIRECTION ( 'NONE',  ( 0.000000000000000000, 1.000000000000000000, 0.000000000000000000 ) ) ;
#9770 = CARTESIAN_POINT ( 'NONE',  ( 183.0000000000000000, 146.0000000000000000, 83.00000000000000000 ) ) ;
#9771 = APPROVAL_PERSON_ORGANIZATION ( #8321, #10763, #11507 ) ;
#9772 = CARTESIAN_POINT ( 'NONE',  ( 0.000000000000000000, 2.000000000000000000, 0.000000000000000000 ) ) ;
#9773 = LINE ( 'NONE', #10691, #11824 ) ;
#9774 = ORIENTED_EDGE ( 'NONE', *, *, #1080, .F. ) ;
#9775 = CARTESIAN_POINT ( 'NONE',  ( 40.00000000000000000, 0.000000000000000000, 40.00000000000000000 ) ) ;
#9776 = DIRECTION ( 'NONE',  ( 0.000000000000000000, 0.000000000000000000, 1.000000000000000000 ) ) ;
#9777 = CARTESIAN_POINT ( 'NONE',  ( 5.799999999999999822, 7.102951435054647665E-16, 2.000000000000000000 ) ) ;
#9778 = SECURITY_CLASSIFICATION ( '', '', #819 ) ;
#9779 = EDGE_CURVE ( 'NONE', #12741, #426, #2889, .T. ) ;
#9780 = CARTESIAN_POINT ( 'NONE',  ( 11.90000000000000036, 6.400000000000000355, 3.000000000000000000 ) ) ;
#9781 = DIRECTION ( 'NONE',  ( 0.000000000000000000, 0.000000000000000000, -1.000000000000000000 ) ) ;
#9782 = CYLINDRICAL_SURFACE ( 'NONE', #557, 1.700000000000000178 ) ;
#9783 =( REPRESENTATION_RELATIONSHIP ('NONE','NONE', #874, #3611 ) REPRESENTATION_RELATIONSHIP_WITH_TRANSFORMATION ( #10417 )SHAPE_REPRESENTATION_RELATIONSHIP( ) );
#9784 = VERTEX_POINT ( 'NONE', #1071 ) ;
#9785 = APPROVAL_ROLE ( '' ) ;
#9786 = CARTESIAN_POINT ( 'NONE',  ( 0.000000000000000000, 57.00000000000000000, 0.000000000000000000 ) ) ;
#9787 = CARTESIAN_POINT ( 'NONE',  ( -11.90000000000000036, 6.400000000000000355, 3.000000000000000000 ) ) ;
#9788 = EDGE_CURVE ( 'NONE', #290, #10059, #9872, .T. ) ;
#9789 = DIRECTION ( 'NONE',  ( 0.000000000000000000, 0.000000000000000000, -1.000000000000000000 ) ) ;
#9790 = CARTESIAN_POINT ( 'NONE',  ( 6.000000000000000000, -9.000000000000000000, -1.200000000000000030E-05 ) ) ;
#9791 = CC_DESIGN_DATE_AND_TIME_ASSIGNMENT ( #6829, #1839, ( #11235 ) ) ;
#9792 = DIRECTION ( 'NONE',  ( -0.000000000000000000, -0.000000000000000000, -1.000000000000000000 ) ) ;
#9793 = LINE ( 'NONE', #1548, #9195 ) ;
#9794 = LINE ( 'NONE', #9676, #10765 ) ;
#9795 = LINE ( 'NONE', #10901, #8577 ) ;
#9796 = VERTEX_POINT ( 'NONE', #8940 ) ;
#9797 = ORIENTED_EDGE ( 'NONE', *, *, #964, .T. ) ;
#9798 = EDGE_CURVE ( 'NONE', #6692, #6662, #7794, .T. ) ;
#9799 = ORIENTED_EDGE ( 'NONE', *, *, #8003, .F. ) ;
#9800 = CARTESIAN_POINT ( 'NONE',  ( -2.600069548653550999, -0.3444314227433182829, 0.000000000000000000 ) ) ;
#9801 = ADVANCED_FACE ( 'NONE', ( #11048, #2015, #8067 ), #3883, .F. ) ;
#9802 = DIRECTION ( 'NONE',  ( 1.000000000000000000, 0.000000000000000000, -0.000000000000000000 ) ) ;
#9803 = CARTESIAN_POINT ( 'NONE',  ( -9.225083994891313921, 64.30006951123358760, 0.000000000000000000 ) ) ;
#9804 = CC_DESIGN_DATE_AND_TIME_ASSIGNMENT ( #8541, #7562, ( #8890 ) ) ;
#9805 = CARTESIAN_POINT ( 'NONE',  ( -9.000000000000000000, 59.50000000000000000, 5.700000000000000178 ) ) ;
#9806 = DIRECTION ( 'NONE',  ( -1.000000000000000000, 0.000000000000000000, 0.000000000000000000 ) ) ;
#9807 = VERTEX_POINT ( 'NONE', #12104 ) ;
#9808 = EDGE_LOOP ( 'NONE', ( #792, #2774, #4288, #10211 ) ) ;
#9809 = CARTESIAN_POINT ( 'NONE',  ( 0.000000000000000000, 0.000000000000000000, 22.00000000000000000 ) ) ;
#9810 = APPROVAL_STATUS ( 'not_yet_approved' ) ;
#9811 = CALENDAR_DATE ( 2026, 21, 9 ) ;
#9812 = ORIENTED_EDGE ( 'NONE', *, *, #1115, .F. ) ;
#9813 = CARTESIAN_POINT ( 'NONE',  ( 0.000000000000000000, 40.00000000000000000, 40.00000000000000000 ) ) ;
#9814 = EDGE_LOOP ( 'NONE', ( #1819, #5274 ) ) ;
#9815 = EDGE_CURVE ( 'NONE', #5393, #12106, #10324, .T. ) ;
#9816 = VECTOR ( 'NONE', #5054, 1000.000000000000000 ) ;
#9817 = CARTESIAN_POINT ( 'NONE',  ( -10.50000000000000000, 59.50000000000000000, -1.200000000000000030E-05 ) ) ;
#9818 = EDGE_CURVE ( 'NONE', #10794, #10006, #3939, .T. ) ;
#9819 = LINE ( 'NONE', #576, #7318 ) ;
#9820 = CARTESIAN_POINT ( 'NONE',  ( -6.000000000000000000, -1.300000000000000044, 16.00000000000000000 ) ) ;
#9821 = DIRECTION ( 'NONE',  ( -0.000000000000000000, -0.000000000000000000, -1.000000000000000000 ) ) ;
#9822 = CARTESIAN_POINT ( 'NONE',  ( -10.50000000000000000, 59.50000000000000000, -1.200000000000000030E-05 ) ) ;
#9823 = ORIENTED_EDGE ( 'NONE', *, *, #2880, .F. ) ;
#9824 = FACE_OUTER_BOUND ( 'NONE', #8734, .T. ) ;
#9825 = CIRCLE ( 'NONE', #6645, 1.700000000000000178 ) ;
#9826 = PERSON_AND_ORGANIZATION ( #2675, #9931 ) ;
#9827 = DATE_AND_TIME ( #10758, #5115 ) ;
#9828 = ORIENTED_EDGE ( 'NONE', *, *, #6156, .T. ) ;
#9829 = APPROVAL_STATUS ( 'not_yet_approved' ) ;
#9830 = CARTESIAN_POINT ( 'NONE',  ( 32.70000000000000284, 57.00000000000000000, -6.000000000000000152E-06 ) ) ;
#9831 = ORIENTED_EDGE ( 'NONE', *, *, #6801, .F. ) ;
#9832 = LINE ( 'NONE', #5751, #12829 ) ;
#9833 = APPROVAL_STATUS ( 'not_yet_approved' ) ;
#9834 = AXIS2_PLACEMENT_3D ( 'NONE', #7715, #718, #7776 ) ;
#9835 = LINE ( 'NONE', #6834, #5989 ) ;
#9836 = CIRCLE ( 'NONE', #2032, 1.700000000000000178 ) ;
#9837 = CARTESIAN_POINT ( 'NONE',  ( -35.00000000000000000, 70.00000000000000000, 5.000000000000000000 ) ) ;
#9838 = FACE_BOUND ( 'NONE', #7352, .T. ) ;
#9839 = SECURITY_CLASSIFICATION_LEVEL ( 'unclassified' ) ;
#9840 = PLANE ( 'NONE',  #11534 ) ;
#9841 = PERSON_AND_ORGANIZATION_ROLE ( 'creator' ) ;
#9842 = CARTESIAN_POINT ( 'NONE',  ( 0.000000000000000000, 0.000000000000000000, 35.00000000000000000 ) ) ;
#9843 = VECTOR ( 'NONE', #6821, 1000.000000000000000 ) ;
#9844 = ORIENTED_EDGE ( 'NONE', *, *, #7362, .F. ) ;
#9845 = CARTESIAN_POINT ( 'NONE',  ( -11.50000000000000000, -6.000000000000000000, 16.00000000000000000 ) ) ;
#9846 = CARTESIAN_POINT ( 'NONE',  ( -18.30000000000000071, 13.77438419509227430, -0.000000000000000000 ) ) ;
#9847 = CARTESIAN_POINT ( 'NONE',  ( -20.85853893179025675, -0.000000000000000000, 10.51547649045640220 ) ) ;
#9848 = DIRECTION ( 'NONE',  ( 0.000000000000000000, 1.000000000000000000, 0.000000000000000000 ) ) ;
#9849 = VECTOR ( 'NONE', #10209, 1000.000000000000000 ) ;
#9850 = APPLICATION_CONTEXT ( 'configuration controlled 3d designs of mechanical parts and assemblies' ) ;
#9851 = CIRCLE ( 'NONE', #11765, 1.100000000000000311 ) ;
#9852 = DIRECTION ( 'NONE',  ( -0.000000000000000000, -1.000000000000000000, -0.000000000000000000 ) ) ;
#9853 = EDGE_CURVE ( 'NONE', #6182, #8148, #2482, .T. ) ;
#9854 = FACE_OUTER_BOUND ( 'NONE', #1105, .T. ) ;
#9855 = VECTOR ( 'NONE', #1428, 1000.000000000000000 ) ;
#9856 = ORIENTED_EDGE ( 'NONE', *, *, #6236, .T. ) ;
#9857 = VERTEX_POINT ( 'NONE', #3279 ) ;
#9858 = DIRECTION ( 'NONE',  ( 1.000000000000000000, 0.000000000000000000, 0.000000000000000000 ) ) ;
#9859 = EDGE_LOOP ( 'NONE', ( #5962, #10561, #6679, #754 ) ) ;
#9860 = CARTESIAN_POINT ( 'NONE',  ( -11.04168123444021887, 8.610387747206912579, 6.832736012061417341 ) ) ;
#9861 = CARTESIAN_POINT ( 'NONE',  ( 32.65666690099477165, 0.000000000000000000, 3.557415261749326874 ) ) ;
#9862 = LINE ( 'NONE', #809, #3494 ) ;
#9863 = CIRCLE ( 'NONE', #1210, 3.000000000000000000 ) ;
#9864 = LOCAL_TIME ( 12, 23, 50.00000000000000000, #9107 ) ;
#9865 = AXIS2_PLACEMENT_3D ( 'NONE', #8242, #7108, #12082 ) ;
#9866 = AXIS2_PLACEMENT_3D ( 'NONE', #8744, #2505, #1698 ) ;
#9867 = CARTESIAN_POINT ( 'NONE',  ( -7.299930488763835434, -0.000000000000000000, 3.774916005114604900 ) ) ;
#9868 = EDGE_CURVE ( 'NONE', #3495, #4228, #2111, .T. ) ;
#9869 = DIRECTION ( 'NONE',  ( 0.000000000000000000, 1.000000000000000000, 0.000000000000000000 ) ) ;
#9870 = EDGE_LOOP ( 'NONE', ( #3414, #9036, #4313, #10066 ) ) ;
#9871 = EDGE_LOOP ( 'NONE', ( #4189, #9607, #3882, #2972 ) ) ;
#9872 = LINE ( 'NONE', #883, #8428 ) ;
#9873 = CALENDAR_DATE ( 2026, 21, 9 ) ;
#9874 = CC_DESIGN_PERSON_AND_ORGANIZATION_ASSIGNMENT ( #13054, #7023, ( #3593 ) ) ;
#9875 = PERSON_AND_ORGANIZATION_ROLE ( 'design_supplier' ) ;
#9876 = ORIENTED_EDGE ( 'NONE', *, *, #8193, .T. ) ;
#9877 = LOCAL_TIME ( 12, 23, 50.00000000000000000, #2984 ) ;
#9878 = CC_DESIGN_PERSON_AND_ORGANIZATION_ASSIGNMENT ( #529, #11760, ( #5334 ) ) ;
#9879 = CARTESIAN_POINT ( 'NONE',  ( 20.85848573019215024, -12.51560493047243128, 0.000000000000000000 ) ) ;
#9880 = ORIENTED_EDGE ( 'NONE', *, *, #887, .T. ) ;
#9881 = CARTESIAN_POINT ( 'NONE',  ( -12.63880920472417735, 71.04287395702736774, 0.000000000000000000 ) ) ;
#9882 = CALENDAR_DATE ( 2026, 21, 9 ) ;
#9883 = ADVANCED_BREP_SHAPE_REPRESENTATION ( '', ( #11698, #6542 ), #10972 ) ;
#9884 = DIRECTION ( 'NONE',  ( -1.000000000000000000, 0.000000000000000000, 0.000000000000000000 ) ) ;
#9885 = SECURITY_CLASSIFICATION ( '', '', #9154 ) ;
#9886 = FACE_OUTER_BOUND ( 'NONE', #3293, .T. ) ;
#9887 = EDGE_CURVE ( 'NONE', #5308, #6612, #3966, .T. ) ;
#9888 = ADVANCED_FACE ( 'NONE', ( #10539 ), #11537, .F. ) ;
#9889 = CARTESIAN_POINT ( 'NONE',  ( 43.00000000000000000, 0.000000000000000000, 17.00000000000000000 ) ) ;
#9890 = CARTESIAN_POINT ( 'NONE',  ( -20.00000000000000000, 14.00000000000000000, -1.200000000000000030E-05 ) ) ;
#9891 = DIRECTION ( 'NONE',  ( -0.000000000000000000, -0.000000000000000000, -1.000000000000000000 ) ) ;
#9892 = CIRCLE ( 'NONE', #8837, 1.700000000000000178 ) ;
#9893 = APPROVAL_STATUS ( 'not_yet_approved' ) ;
#9894 = ORIENTED_EDGE ( 'NONE', *, *, #8899, .T. ) ;
#9895 = EDGE_CURVE ( 'NONE', #145, #6536, #6306, .T. ) ;
#9896 = DATE_TIME_ROLE ( 'classification_date' ) ;
#9897 = DIRECTION ( 'NONE',  ( -0.000000000000000000, -0.000000000000000000, -1.000000000000000000 ) ) ;
#9898 = EDGE_LOOP ( 'NONE', ( #9748, #4530, #50, #6118 ) ) ;
#9899 = CARTESIAN_POINT ( 'NONE',  ( 13.00000000000000000, 5.000000000000000000, 25.00000000000000000 ) ) ;
#9900 = AXIS2_PLACEMENT_3D ( 'NONE', #2451, #7581, #6451 ) ;
#9901 = CIRCLE ( 'NONE', #11167, 1.700000000000000178 ) ;
#9902 = CARTESIAN_POINT ( 'NONE',  ( 0.000000000000000000, 40.00000000000000000, 0.000000000000000000 ) ) ;
#9903 = DIRECTION ( 'NONE',  ( 0.000000000000000000, 0.000000000000000000, -1.000000000000000000 ) ) ;
#9904 = PLANE ( 'NONE',  #3946 ) ;
#9905 = SHAPE_REPRESENTATION ( 'V3_REF_5mm_shaft', ( #6542 ), #3191 ) ;
#9906 = AXIS2_PLACEMENT_3D ( 'NONE', #5868, #1786, #2613 ) ;
#9907 = DATE_TIME_ROLE ( 'classification_date' ) ;
#9908 = DIRECTION ( 'NONE',  ( 1.000000000000000000, 0.000000000000000000, -0.000000000000000000 ) ) ;
#9909 = VECTOR ( 'NONE', #5326, 1000.000000000000000 ) ;
#9910 = ORIENTED_EDGE ( 'NONE', *, *, #1828, .F. ) ;
#9911 = DIRECTION ( 'NONE',  ( 0.000000000000000000, 0.000000000000000000, -1.000000000000000000 ) ) ;
#9912 = LINE ( 'NONE', #7974, #6043 ) ;
#9913 = CARTESIAN_POINT ( 'NONE',  ( 0.000000000000000000, 0.000000000000000000, 6.000000000000000000 ) ) ;
#9914 = AXIS2_PLACEMENT_3D ( 'NONE', #8563, #4830, #580 ) ;
#9915 = DIRECTION ( 'NONE',  ( -0.000000000000000000, -0.000000000000000000, 1.000000000000000000 ) ) ;
#9916 = DIRECTION ( 'NONE',  ( 1.000000000000000000, 0.000000000000000000, 0.000000000000000000 ) ) ;
#9917 = AXIS2_PLACEMENT_3D ( 'NONE', #9232, #10357, #5147 ) ;
#9918 = DIRECTION ( 'NONE',  ( 1.000000000000000000, 0.000000000000000000, 0.000000000000000000 ) ) ;
#9919 = CARTESIAN_POINT ( 'NONE',  ( -7.515604930472060907, 0.000000000000000000, 13.85848573019289276 ) ) ;
#9920 = VERTEX_POINT ( 'NONE', #7442 ) ;
#9921 = DIRECTION ( 'NONE',  ( 0.000000000000000000, -0.000000000000000000, -1.000000000000000000 ) ) ;
#9922 = EDGE_LOOP ( 'NONE', ( #5437, #1571, #973, #7338 ) ) ;
#9923 = CARTESIAN_POINT ( 'NONE',  ( 15.36128909900199169, 68.95702773923554219, -0.000000000000000000 ) ) ;
#9924 = CIRCLE ( 'NONE', #9052, 1.700000000000000178 ) ;
#9925 = DIRECTION ( 'NONE',  ( 0.000000000000000000, -1.000000000000000000, 0.000000000000000000 ) ) ;
#9926 = DIRECTION ( 'NONE',  ( 1.000000000000000000, 0.000000000000000000, 0.000000000000000000 ) ) ;
#9927 = EDGE_CURVE ( 'NONE', #5964, #11615, #1499, .T. ) ;
#9928 = CARTESIAN_POINT ( 'NONE',  ( -10.70006951123578887, 65.77491600511628178, 0.000000000000000000 ) ) ;
#9929 = CARTESIAN_POINT ( 'NONE',  ( -12.80000000000000071, 0.000000000000000000, -0.000000000000000000 ) ) ;
#9930 = CIRCLE ( 'NONE', #9529, 1.700000000000000178 ) ;
#9931 = ORGANIZATION ( 'ๆช', 'ๆช', '' ) ;
#9932 = CARTESIAN_POINT ( 'NONE',  ( 6.000000000000000000, 0.000000000000000000, 20.00000000000000000 ) ) ;
#9933 = ORIENTED_EDGE ( 'NONE', *, *, #2658, .T. ) ;
#9934 = ORIENTED_EDGE ( 'NONE', *, *, #10513, .T. ) ;
#9935 = CARTESIAN_POINT ( 'NONE',  ( 29.51547649045614463, -0.000000000000000000, 4.858538931790376658 ) ) ;
#9936 = APPROVAL_STATUS ( 'not_yet_approved' ) ;
#9937 = ORIENTED_EDGE ( 'NONE', *, *, #10027, .F. ) ;
#9938 = CARTESIAN_POINT ( 'NONE',  ( 0.000000000000000000, 67.50000000000000000, 0.000000000000000000 ) ) ;
#9939 = VERTEX_POINT ( 'NONE', #12600 ) ;
#9940 = CC_DESIGN_SECURITY_CLASSIFICATION ( #2602, ( #6561 ) ) ;
#9941 = EDGE_CURVE ( 'NONE', #4228, #9092, #9290, .T. ) ;
#9942 = CARTESIAN_POINT ( 'NONE',  ( -12.80000000000000071, -2.000000000000000000, 3.000000000000000000 ) ) ;
#9943 = B_SPLINE_CURVE_WITH_KNOTS ( 'NONE', 3,
 ( #1370, #5411, #9440, #1990, #5481, #8226, #12279, #9506, #10287, #10034, #5278, #240, #11348, #574, #8703, #9629, #5547, #4826 ),
 .UNSPECIFIED., .F., .F.,
 ( 4, 2, 2, 2, 2, 2, 2, 2, 4 ),
 ( 0.5000000000000000000, 0.5625000000000000000, 0.6250000000000000000, 0.6875000000000000000, 0.7500000000000000000, 0.8125000000000000000, 0.8750000000000000000, 0.9375000000000000000, 1.000000000000000000 ),
 .UNSPECIFIED. ) ;
#9944 = DIRECTION ( 'NONE',  ( 1.000000000000000000, 0.000000000000000000, -0.000000000000000000 ) ) ;
#9945 = CARTESIAN_POINT ( 'NONE',  ( -11.59999999999999964, 67.50000000000000000, 6.000000000000000000 ) ) ;
#9946 = APPROVAL ( #10009, 'ๆช' ) ;
#9947 = LINE ( 'NONE', #7949, #10554 ) ;
#9948 = ORIENTED_EDGE ( 'NONE', *, *, #11530, .T. ) ;
#9949 = SECURITY_CLASSIFICATION ( '', '', #13019 ) ;
#9950 = DIRECTION ( 'NONE',  ( -1.000000000000000000, 0.000000000000000000, 0.000000000000000000 ) ) ;
#9951 = CARTESIAN_POINT ( 'NONE',  ( 0.000000000000000000, 0.000000000000000000, 0.000000000000000000 ) ) ;
#9952 = EDGE_CURVE ( 'NONE', #11588, #12591, #11599, .T. ) ;
#9953 = APPROVAL_DATE_TIME ( #12989, #1566 ) ;
#9954 = ORIENTED_EDGE ( 'NONE', *, *, #4675, .F. ) ;
#9955 = COORDINATED_UNIVERSAL_TIME_OFFSET ( 5, 0, .BEHIND. ) ;
#9956 = DIRECTION ( 'NONE',  ( -0.000000000000000000, -0.000000000000000000, -1.000000000000000000 ) ) ;
#9957 = CARTESIAN_POINT ( 'NONE',  ( -1.000000000000000000, 10.50000000000000000, 58.00000000000000000 ) ) ;
#9958 = EDGE_CURVE ( 'NONE', #11001, #2615, #9386, .T. ) ;
#9959 = ADVANCED_FACE ( 'NONE', ( #3503 ), #11330, .F. ) ;
#9960 = LOCAL_TIME ( 12, 23, 50.00000000000000000, #8357 ) ;
#9961 = CARTESIAN_POINT ( 'NONE',  ( 0.000000000000000000, 0.000000000000000000, 5.000000000000000000 ) ) ;
#9962 = CARTESIAN_POINT ( 'NONE',  ( -21.69999999999999929, -14.00000000000000000, -1.200000000000000030E-05 ) ) ;
#9963 = CARTESIAN_POINT ( 'NONE',  ( -24.30000000000000071, 45.00000000000000000, 5.000000000000000000 ) ) ;
#9964 = EDGE_CURVE ( 'NONE', #9807, #10939, #495, .T. ) ;
#9965 = PLANE ( 'NONE',  #1899 ) ;
#9966 = B_SPLINE_CURVE_WITH_KNOTS ( 'NONE', 3,
 ( #1134, #4420, #1356, #12395, #12464, #8212, #2165, #8281, #11469, #2226, #8416, #12182, #2296, #3285, #3435, #5260, #10473, #2440, #10408, #9356, #7361, #11326, #9212, #4283, #5396, #292, #4344, #8348, #1290, #7286 ),
 .UNSPECIFIED., .F., .F.,
 ( 4, 2, 2, 2, 2, 2, 2, 2, 2, 2, 2, 2, 2, 2, 4 ),
 ( 0.000000000000000000, 0.0007440102817169809337, 0.001116015422575471943, 0.001488020563433963168, 0.001860025704292454177, 0.002232030845150945186, 0.002604035986009436629, 0.002976041126867927638, 0.003348046267726418647, 0.003720051408584909656, 0.004092056549443400665, 0.004464061690301892107, 0.004836066831160383550, 0.005208071972018874125, 0.005952082253735857878 ),
 .UNSPECIFIED. ) ;
#9967 = ORIENTED_EDGE ( 'NONE', *, *, #1154, .T. ) ;
#9968 = CARTESIAN_POINT ( 'NONE',  ( -15.70000000000000284, 70.00000000000000000, 8.000000000000000000 ) ) ;
#9969 = ORIENTED_EDGE ( 'NONE', *, *, #5519, .T. ) ;
#9970 = LOCAL_TIME ( 12, 23, 50.00000000000000000, #10137 ) ;
#9971 = SECURITY_CLASSIFICATION_LEVEL ( 'unclassified' ) ;
#9972 = DIRECTION ( 'NONE',  ( 1.000000000000000000, -0.000000000000000000, 0.000000000000000000 ) ) ;
#9973 = VERTEX_POINT ( 'NONE', #4423 ) ;
#9974 = DIRECTION ( 'NONE',  ( 1.000000000000000000, 0.000000000000000000, 0.000000000000000000 ) ) ;
#9975 = CARTESIAN_POINT ( 'NONE',  ( -24.30000000000000071, -45.00000000000000000, 5.000000000000000000 ) ) ;
#9976 = EDGE_CURVE ( 'NONE', #8768, #9068, #8486, .T. ) ;
#9977 = DIRECTION ( 'NONE',  ( -0.000000000000000000, -0.000000000000000000, -1.000000000000000000 ) ) ;
#9978 = CARTESIAN_POINT ( 'NONE',  ( -21.69993048876420971, 0.000000000000000000, 11.77491600511370606 ) ) ;
#9979 = EDGE_CURVE ( 'NONE', #6612, #3032, #4557, .T. ) ;
#9980 = EDGE_CURVE ( 'NONE', #8017, #8853, #12470, .T. ) ;
#9981 = ADVANCED_FACE ( 'NONE', ( #8548 ), #1295, .F. ) ;
#9982 = DIRECTION ( 'NONE',  ( -0.000000000000000000, -0.000000000000000000, 1.000000000000000000 ) ) ;
#9983 = CARTESIAN_POINT ( 'NONE',  ( 18.34333309900601350, -14.44258473825220612, -0.000000000000000000 ) ) ;
#9984 = CARTESIAN_POINT ( 'NONE',  ( -21.36128909900331863, 15.04297226076352878, -0.000000000000000000 ) ) ;
#9985 = CARTESIAN_POINT ( 'NONE',  ( -8.774916005114079098, -0.000000000000000000, 11.30006951123579029 ) ) ;
#9986 = ORIENTED_EDGE ( 'NONE', *, *, #3561, .F. ) ;
#9987 = ORIENTED_EDGE ( 'NONE', *, *, #1910, .T. ) ;
#9988 = DIRECTION ( 'NONE',  ( -0.000000000000000000, -0.000000000000000000, -1.000000000000000000 ) ) ;
#9989 = CARTESIAN_POINT ( 'NONE',  ( -15.59999999999999964, 77.50000000000000000, 0.000000000000000000 ) ) ;
#9990 = CARTESIAN_POINT ( 'NONE',  ( 10.00000000000000000, 19.50000000000000000, 0.000000000000000000 ) ) ;
#9991 = FACE_OUTER_BOUND ( 'NONE', #4023, .T. ) ;
#9992 = DIRECTION ( 'NONE',  ( -0.000000000000000000, -0.000000000000000000, -1.000000000000000000 ) ) ;
#9993 = AXIS2_PLACEMENT_3D ( 'NONE', #9790, #2927, #12895 ) ;
#9994 = FACE_BOUND ( 'NONE', #11692, .T. ) ;
#9995 = ORIENTED_EDGE ( 'NONE', *, *, #4901, .F. ) ;
#9996 = ORIENTED_EDGE ( 'NONE', *, *, #12097, .T. ) ;
#9997 = DIRECTION ( 'NONE',  ( 1.000000000000000000, -0.000000000000000000, -0.000000000000000000 ) ) ;
#9998 = APPROVAL_STATUS ( 'not_yet_approved' ) ;
#9999 = ORIENTED_EDGE ( 'NONE', *, *, #1371, .F. ) ;
#10000 = CARTESIAN_POINT ( 'NONE',  ( 24.30000000000000071, -45.00000000000000000, 0.000000000000000000 ) ) ;
#10001 = ORIENTED_EDGE ( 'NONE', *, *, #8191, .F. ) ;
#10002 = LINE ( 'NONE', #945, #7702 ) ;
#10003 = CARTESIAN_POINT ( 'NONE',  ( 150.0000000000000000, 0.000000000000000000, 90.00000000000000000 ) ) ;
#10004 = CARTESIAN_POINT ( 'NONE',  ( 6.442637939848412820, -7.343204658989380462, -0.000000000000000000 ) ) ;
#10005 = DIRECTION ( 'NONE',  ( -1.000000000000000000, 0.000000000000000000, 0.000000000000000000 ) ) ;
#10006 = VERTEX_POINT ( 'NONE', #11726 ) ;
#10007 = EDGE_CURVE ( 'NONE', #2690, #9710, #9689, .T. ) ;
#10008 = LINE ( 'NONE', #10933, #2946 ) ;
#10009 = APPROVAL_STATUS ( 'not_yet_approved' ) ;
#10010 = ORIENTED_EDGE ( 'NONE', *, *, #6658, .F. ) ;
#10011 = ORIENTED_EDGE ( 'NONE', *, *, #6314, .T. ) ;
#10012 = PERSON_AND_ORGANIZATION_ROLE ( 'classification_officer' ) ;
#10013 = CARTESIAN_POINT ( 'NONE',  ( 27.69999999999999929, 45.00000000000000000, -8.271806125530276749E-22 ) ) ;
#10014 = ORIENTED_EDGE ( 'NONE', *, *, #10424, .F. ) ;
#10015 = AXIS2_PLACEMENT_3D ( 'NONE', #12526, #2439, #5530 ) ;
#10016 = VECTOR ( 'NONE', #1238, 1000.000000000000000 ) ;
#10017 = PLANE ( 'NONE',  #1441 ) ;
#10018 = CC_DESIGN_PERSON_AND_ORGANIZATION_ASSIGNMENT ( #941, #5899, ( #9630 ) ) ;
#10019 = LINE ( 'NONE', #11214, #8441 ) ;
#10020 = CIRCLE ( 'NONE', #11725, 1.699999999999998401 ) ;
#10021 = CARTESIAN_POINT ( 'NONE',  ( 31.19999999999999929, 59.50000000000000000, 5.688194301613413550 ) ) ;
#10022 = ADVANCED_FACE ( 'NONE', ( #9756, #11858 ), #3817, .T. ) ;
#10023 = EDGE_LOOP ( 'NONE', ( #3297, #8096, #9029, #11201 ) ) ;
#10024 = CARTESIAN_POINT ( 'NONE',  ( 7.700000000000000178, 2.081899558550500526E-16, 0.000000000000000000 ) ) ;
#10025 = LINE ( 'NONE', #5154, #102 ) ;
#10026 = EDGE_LOOP ( 'NONE', ( #5521, #3299 ) ) ;
#10027 = EDGE_CURVE ( 'NONE', #8070, #5563, #2831, .T. ) ;
#10028 = PRODUCT_DEFINITION ( 'ๆ', '', #7661, #2564 ) ;
#10029 = CARTESIAN_POINT ( 'NONE',  ( 0.5999999999999997558, 2.529822128134703085, -1.200000000000000030E-05 ) ) ;
#10030 = APPROVAL ( #10717, 'ๆช' ) ;
#10031 = CARTESIAN_POINT ( 'NONE',  ( -12.30000000000000071, 70.00000000000000000, -6.000000000000000152E-06 ) ) ;
#10032 = CARTESIAN_POINT ( 'NONE',  ( -18.95712604296878467, 12.63880920472952951, 0.000000000000000000 ) ) ;
#10033 = AXIS2_PLACEMENT_3D ( 'NONE', #778, #10876, #9776 ) ;
#10034 = CARTESIAN_POINT ( 'NONE',  ( 124.2250839948866883, -1.700069511235892339, -0.000000000000000000 ) ) ;
#10035 = ADVANCED_FACE ( 'NONE', ( #12735 ), #5596, .F. ) ;
#10036 = CARTESIAN_POINT ( 'NONE',  ( -20.00000000000000000, -6.000000000000000152E-06, 13.70000000000000107 ) ) ;
#10037 = DIRECTION ( 'NONE',  ( -0.000000000000000000, -0.000000000000000000, -1.000000000000000000 ) ) ;
#10038 = CYLINDRICAL_SURFACE ( 'NONE', #6749, 1.700000000000000178 ) ;
#10039 = LINE ( 'NONE', #3867, #11541 ) ;
#10040 = EDGE_CURVE ( 'NONE', #9434, #7224, #9901, .T. ) ;
#10041 = VECTOR ( 'NONE', #5613, 1000.000000000000000 ) ;
#10042 = EDGE_CURVE ( 'NONE', #11511, #12736, #561, .T. ) ;
#10043 = VECTOR ( 'NONE', #3620, 1000.000000000000000 ) ;
#10044 = VERTEX_POINT ( 'NONE', #3639 ) ;
#10045 = VERTEX_POINT ( 'NONE', #813 ) ;
#10046 = APPROVAL_DATE_TIME ( #9203, #9235 ) ;
#10047 = VERTEX_POINT ( 'NONE', #4813 ) ;
#10048 = ORIENTED_EDGE ( 'NONE', *, *, #3633, .F. ) ;
#10049 = SHAPE_REPRESENTATION_RELATIONSHIP ( 'NONE' , 'NONE' ,  #11255, #6237 ) ;
#10050 = EDGE_CURVE ( 'NONE', #11306, #4593, #7149, .T. ) ;
#10051 = CARTESIAN_POINT ( 'NONE',  ( 14.85853893179036689, 68.51547649045612332, -0.000000000000000000 ) ) ;
#10052 = DIRECTION ( 'NONE',  ( 0.000000000000000000, -0.000000000000000000, -1.000000000000000000 ) ) ;
#10053 = CARTESIAN_POINT ( 'NONE',  ( -11.59999999999999964, 77.50000000000000000, 0.000000000000000000 ) ) ;
#10054 = AXIS2_PLACEMENT_3D ( 'NONE', #11620, #9769, #6824 ) ;
#10055 = LINE ( 'NONE', #9990, #10720 ) ;
#10056 = CARTESIAN_POINT ( 'NONE',  ( -9.000000000000000000, -6.000000000000000152E-06, 5.700000000000000178 ) ) ;
#10057 = DIRECTION ( 'NONE',  ( 0.000000000000000000, 0.000000000000000000, -1.000000000000000000 ) ) ;
#10058 = CARTESIAN_POINT ( 'NONE',  ( -21.69999999999999929, 14.00000000000000000, -1.200000000000000030E-05 ) ) ;
#10059 = VERTEX_POINT ( 'NONE', #7753 ) ;
#10060 = ORIENTED_EDGE ( 'NONE', *, *, #6845, .F. ) ;
#10061 = DIRECTION ( 'NONE',  ( 0.000000000000000000, 0.000000000000000000, -1.000000000000000000 ) ) ;
#10062 = AXIS2_PLACEMENT_3D ( 'NONE', #11899, #12669, #9614 ) ;
#10063 = PERSON_AND_ORGANIZATION ( #2675, #9931 ) ;
#10064 = APPROVAL_STATUS ( 'not_yet_approved' ) ;
#10065 = VECTOR ( 'NONE', #1741, 1000.000000000000000 ) ;
#10066 = ORIENTED_EDGE ( 'NONE', *, *, #1332, .T. ) ;
#10067 = EDGE_LOOP ( 'NONE', ( #8128, #6194 ) ) ;
#10068 = CC_DESIGN_APPROVAL ( #7696, ( #13023 ) ) ;
#10069 = CARTESIAN_POINT ( 'NONE',  ( -15.36128909900226169, 71.04297226076383254, -0.000000000000000000 ) ) ;
#10070 = APPROVAL_DATE_TIME ( #4732, #12715 ) ;
#10071 = CARTESIAN_POINT ( 'NONE',  ( -12.00000000000000000, 12.00000000000000000, 20.00000000000000000 ) ) ;
#10072 = CARTESIAN_POINT ( 'NONE',  ( 6.858485730192892760, -7.515604930472246537, 0.000000000000000000 ) ) ;
#10073 = DIRECTION ( 'NONE',  ( 0.000000000000000000, -1.000000000000000000, 0.000000000000000000 ) ) ;
#10074 = B_SPLINE_CURVE_WITH_KNOTS ( 'NONE', 3,
 ( #10909, #9928, #11976, #5057, #4934, #8060, #1946, #12968, #9803, #4870, #5889, #2829, #2882, #932, #1759, #1876, #4993, #6809 ),
 .UNSPECIFIED., .F., .F.,
 ( 4, 2, 2, 2, 2, 2, 2, 2, 4 ),
 ( 0.5000000000000000000, 0.5624999999999998890, 0.6249999999999997780, 0.6874999999999997780, 0.7499999999999996669, 0.8124999999999995559, 0.8749999999999995559, 0.9374999999999997780, 1.000000000000000000 ),
 .UNSPECIFIED. ) ;
#10075 = VECTOR ( 'NONE', #2909, 1000.000000000000000 ) ;
#10076 = ORIENTED_EDGE ( 'NONE', *, *, #1259, .F. ) ;
#10077 = CC_DESIGN_SECURITY_CLASSIFICATION ( #12188, ( #13074 ) ) ;
#10078 = DIRECTION ( 'NONE',  ( 0.000000000000000000, -1.000000000000000000, 0.000000000000000000 ) ) ;
#10079 = PLANE ( 'NONE',  #9488 ) ;
#10080 = APPROVAL_DATE_TIME ( #11204, #7613 ) ;
#10081 = VERTEX_POINT ( 'NONE', #6757 ) ;
#10082 = CALENDAR_DATE ( 2026, 21, 9 ) ;
#10083 = CARTESIAN_POINT ( 'NONE',  ( 0.000000000000000000, 0.000000000000000000, 0.000000000000000000 ) ) ;
#10084 = VERTEX_POINT ( 'NONE', #10738 ) ;
#10085 = DIRECTION ( 'NONE',  ( 0.000000000000000000, 0.000000000000000000, -1.000000000000000000 ) ) ;
#10086 = LOCAL_TIME ( 12, 23, 50.00000000000000000, #12338 ) ;
#10087 = EDGE_CURVE ( 'NONE', #5150, #284, #11790, .T. ) ;
#10088 = CARTESIAN_POINT ( 'NONE',  ( 31.00000000000000000, 59.50000000000000000, 5.700000000000000178 ) ) ;
#10089 = DIRECTION ( 'NONE',  ( -1.000000000000000000, 0.000000000000000000, 0.000000000000000000 ) ) ;
#10090 = CARTESIAN_POINT ( 'NONE',  ( 9.352038589846049632, 10.41947306943599116, 10.96610112301624618 ) ) ;
#10091 = ORIENTED_EDGE ( 'NONE', *, *, #8515, .F. ) ;
#10092 = CARTESIAN_POINT ( 'NONE',  ( -10.69999999999999929, 66.00000000000000000, -6.000000000000000152E-06 ) ) ;
#10093 = ORIENTED_EDGE ( 'NONE', *, *, #436, .T. ) ;
#10094 = CALENDAR_DATE ( 2026, 21, 9 ) ;
#10095 = DIRECTION ( 'NONE',  ( -0.000000000000000000, -0.000000000000000000, 1.000000000000000000 ) ) ;
#10096 = APPLICATION_CONTEXT ( 'configuration controlled 3d designs of mechanical parts and assemblies' ) ;
#10097 = VERTEX_POINT ( 'NONE', #12672 ) ;
#10098 = FACE_OUTER_BOUND ( 'NONE', #4115, .T. ) ;
#10099 = ORIENTED_EDGE ( 'NONE', *, *, #8423, .F. ) ;
#10100 = AXIS2_PLACEMENT_3D ( 'NONE', #7019, #12987, #13051 ) ;
#10101 = CARTESIAN_POINT ( 'NONE',  ( -12.00000000000000000, -7.000000000000000000, 6.700000000000000178 ) ) ;
#10102 = CARTESIAN_POINT ( 'NONE',  ( 0.000000000000000000, 0.000000000000000000, 38.00000000000000000 ) ) ;
#10103 = EDGE_CURVE ( 'NONE', #2510, #10577, #1563, .T. ) ;
#10104 = DIRECTION ( 'NONE',  ( -0.000000000000000000, -0.000000000000000000, 1.000000000000000000 ) ) ;
#10105 = VECTOR ( 'NONE', #2929, 1000.000000000000000 ) ;
#10106 = CARTESIAN_POINT ( 'NONE',  ( -35.00000000000000000, -70.00000000000000000, 5.000000000000000000 ) ) ;
#10107 = CARTESIAN_POINT ( 'NONE',  ( -5.557415261749064861, -10.65666690099488711, 0.000000000000000000 ) ) ;
#10108 = CC_DESIGN_DATE_AND_TIME_ASSIGNMENT ( #7895, #6238, ( #164 ) ) ;
#10109 = PERSON_AND_ORGANIZATION ( #2675, #9931 ) ;
#10110 = CC_DESIGN_DATE_AND_TIME_ASSIGNMENT ( #6307, #89, ( #5112 ) ) ;
#10111 = CARTESIAN_POINT ( 'NONE',  ( 124.0000000000000000, 0.000000000000000000, 6.000000000000000000 ) ) ;
#10112 = VECTOR ( 'NONE', #7948, 1000.000000000000000 ) ;
#10113 = VECTOR ( 'NONE', #10271, 1000.000000000000000 ) ;
#10114 = CIRCLE ( 'NONE', #838, 1.700000000000000178 ) ;
#10115 = VERTEX_POINT ( 'NONE', #5726 ) ;
#10116 = DIRECTION ( 'NONE',  ( 0.000000000000000000, 0.000000000000000000, 1.000000000000000000 ) ) ;
#10117 = DIRECTION ( 'NONE',  ( -0.000000000000000000, -0.000000000000000000, -1.000000000000000000 ) ) ;
#10118 = CARTESIAN_POINT ( 'NONE',  ( 12.00000000000000000, -12.00000000000000000, 20.00000000000000000 ) ) ;
#10119 = CIRCLE ( 'NONE', #4867, 2.500000000000000000 ) ;
#10120 = EDGE_CURVE ( 'NONE', #6612, #3365, #5783, .T. ) ;
#10121 = AXIS2_PLACEMENT_3D ( 'NONE', #4236, #10900, #3987 ) ;
#10122 = EDGE_CURVE ( 'NONE', #11908, #4728, #3694, .T. ) ;
#10123 = CARTESIAN_POINT ( 'NONE',  ( -11.50000000000000000, 6.000000000000000000, 22.00000000000000000 ) ) ;
#10124 = DIRECTION ( 'NONE',  ( 1.000000000000000000, -0.000000000000000000, 0.000000000000000000 ) ) ;
#10125 = AXIS2_PLACEMENT_3D ( 'NONE', #9444, #1311, #9570 ) ;
#10126 = ADVANCED_FACE ( 'NONE', ( #3880, #8816 ), #8745, .T. ) ;
#10127 = DIRECTION ( 'NONE',  ( 1.000000000000000000, 0.000000000000000000, -0.000000000000000000 ) ) ;
#10128 = PERSON_AND_ORGANIZATION ( #2675, #9931 ) ;
#10129 = CARTESIAN_POINT ( 'NONE',  ( 11.50000000000000000, -6.000000000000000000, 22.00000000000000000 ) ) ;
#10130 = ORIENTED_EDGE ( 'NONE', *, *, #11737, .F. ) ;
#10131 = PRODUCT_DEFINITION_SHAPE ( 'NONE', 'NONE',  #13083 ) ;
#10132 = ORIENTED_EDGE ( 'NONE', *, *, #5312, .F. ) ;
#10133 = VECTOR ( 'NONE', #5554, 1000.000000000000000 ) ;
#10134 = CARTESIAN_POINT ( 'NONE',  ( 29.30006951123653636, 0.000000000000000000, 3.774916005115878548 ) ) ;
#10135 = ADVANCED_FACE ( 'NONE', ( #1629 ), #5838, .F. ) ;
#10136 = AXIS2_PLACEMENT_3D ( 'NONE', #9890, #3709, #6827 ) ;
#10137 = COORDINATED_UNIVERSAL_TIME_OFFSET ( 5, 0, .BEHIND. ) ;
#10138 = ORIENTED_EDGE ( 'NONE', *, *, #10371, .T. ) ;
#10139 = ORIENTED_EDGE ( 'NONE', *, *, #12229, .T. ) ;
#10140 = DIRECTION ( 'NONE',  ( -1.000000000000000000, 0.000000000000000000, -0.000000000000000000 ) ) ;
#10141 = FACE_OUTER_BOUND ( 'NONE', #5722, .T. ) ;
#10142 = DIRECTION ( 'NONE',  ( -0.000000000000000000, 1.000000000000000000, -0.000000000000000000 ) ) ;
#10143 = AXIS2_PLACEMENT_3D ( 'NONE', #3257, #10104, #3189 ) ;
#10144 = ORIENTED_EDGE ( 'NONE', *, *, #9815, .F. ) ;
#10145 = CARTESIAN_POINT ( 'NONE',  ( 12.00000000000000000, 7.000000000000000000, 5.000000000000000000 ) ) ;
#10146 = SECURITY_CLASSIFICATION_LEVEL ( 'unclassified' ) ;
#10147 = ORIENTED_EDGE ( 'NONE', *, *, #6236, .F. ) ;
#10148 = AXIS2_PLACEMENT_3D ( 'NONE', #5438, #61, #6138 ) ;
#10149 = APPROVAL_STATUS ( 'not_yet_approved' ) ;
#10150 = DIRECTION ( 'NONE',  ( 1.000000000000000000, 0.000000000000000000, 0.000000000000000000 ) ) ;
#10151 = ORIENTED_EDGE ( 'NONE', *, *, #7480, .F. ) ;
#10152 = LINE ( 'NONE', #2180, #3780 ) ;
#10153 = APPROVAL_STATUS ( 'not_yet_approved' ) ;
#10154 = LINE ( 'NONE', #5210, #3604 ) ;
#10155 = LINE ( 'NONE', #242, #11398 ) ;
#10156 = VECTOR ( 'NONE', #6952, 1000.000000000000000 ) ;
#10157 = CARTESIAN_POINT ( 'NONE',  ( -37.50000000000000000, 10.00000000000000000, 25.00000000000000000 ) ) ;
#10158 = CC_DESIGN_APPROVAL ( #9235, ( #1521 ) ) ;
#10159 = DIRECTION ( 'NONE',  ( -1.000000000000000000, 0.000000000000000000, -0.000000000000000000 ) ) ;
#10160 = EDGE_CURVE ( 'NONE', #8748, #8881, #7802, .T. ) ;
#10161 = VERTEX_POINT ( 'NONE', #12043 ) ;
#10162 = CARTESIAN_POINT ( 'NONE',  ( -7.899999999999999467, 0.000000000000000000, 26.00000000000000000 ) ) ;
#10163 = VERTEX_POINT ( 'NONE', #136 ) ;
#10164 = EDGE_CURVE ( 'NONE', #11269, #5177, #2120, .T. ) ;
#10165 = CONTEXT_DEPENDENT_SHAPE_REPRESENTATION ( #3381, #7167 ) ;
#10166 = DIRECTION ( 'NONE',  ( 0.000000000000000000, -0.000000000000000000, -1.000000000000000000 ) ) ;
#10167 = ORIENTED_EDGE ( 'NONE', *, *, #5055, .F. ) ;
#10168 = LINE ( 'NONE', #6119, #5856 ) ;
#10169 = CC_DESIGN_APPROVAL ( #4419, ( #6780 ) ) ;
#10170 = EDGE_LOOP ( 'NONE', ( #6212, #11053, #6976, #1296, #1423, #8339, #8460, #9361, #2825, #1826, #6605, #10729 ) ) ;
#10171 = CARTESIAN_POINT ( 'NONE',  ( 31.00000000000000000, 66.00000000000000000, -1.200000000000000030E-05 ) ) ;
#10172 = FACE_OUTER_BOUND ( 'NONE', #4147, .T. ) ;
#10173 = DIRECTION ( 'NONE',  ( 1.000000000000000000, -0.000000000000000000, 0.000000000000000000 ) ) ;
#10174 = DIRECTION ( 'NONE',  ( -0.000000000000000000, 1.000000000000000000, 0.000000000000000000 ) ) ;
#10175 = DIRECTION ( 'NONE',  ( 0.000000000000000000, 0.000000000000000000, 1.000000000000000000 ) ) ;
#10176 = CARTESIAN_POINT ( 'NONE',  ( -7.656666900994254732, -9.442584738251568410, -0.000000000000000000 ) ) ;
#10177 = CC_DESIGN_APPROVAL ( #5375, ( #6578 ) ) ;
#10178 = CARTESIAN_POINT ( 'NONE',  ( -21.69993048876420616, 14.22508399488592090, -0.000000000000000000 ) ) ;
#10179 = VERTEX_POINT ( 'NONE', #3009 ) ;
#10180 = EDGE_CURVE ( 'NONE', #6354, #2160, #1707, .T. ) ;
#10181 = ORIENTED_EDGE ( 'NONE', *, *, #2400, .T. ) ;
#10182 = DIRECTION ( 'NONE',  ( 1.000000000000000000, 0.000000000000000000, 0.000000000000000000 ) ) ;
#10183 = CARTESIAN_POINT ( 'NONE',  ( 15.69999999999999929, 70.00000000000000000, -6.000000000000000152E-06 ) ) ;
#10184 = CARTESIAN_POINT ( 'NONE',  ( 0.000000000000000000, 0.000000000000000000, 40.00000000000000000 ) ) ;
#10185 = DIRECTION ( 'NONE',  ( 0.000000000000000000, 0.000000000000000000, -1.000000000000000000 ) ) ;
#10186 = DIRECTION ( 'NONE',  ( 0.000000000000000000, 0.000000000000000000, 1.000000000000000000 ) ) ;
#10187 = APPROVAL ( #9998, 'ๆช' ) ;
#10188 = LOCAL_TIME ( 12, 23, 50.00000000000000000, #12606 ) ;
#10189 = CARTESIAN_POINT ( 'NONE',  ( -7.299999999999998934, 57.00000000000000000, 5.000000000000000000 ) ) ;
#10190 = DIRECTION ( 'NONE',  ( -1.000000000000000000, 0.000000000000000000, 0.000000000000000000 ) ) ;
#10191 = DATE_AND_TIME ( #6205, #1312 ) ;
#10192 = PLANE ( 'NONE',  #9055 ) ;
#10193 = CARTESIAN_POINT ( 'NONE',  ( 0.000000000000000000, 0.000000000000000000, 0.000000000000000000 ) ) ;
#10194 = ORIENTED_EDGE ( 'NONE', *, *, #3857, .F. ) ;
#10195 = ORIENTED_EDGE ( 'NONE', *, *, #412, .T. ) ;
#10196 = FACE_OUTER_BOUND ( 'NONE', #8000, .T. ) ;
#10197 = ADVANCED_FACE ( 'NONE', ( #7002 ), #13035, .F. ) ;
#10198 = CARTESIAN_POINT ( 'NONE',  ( -9.511878329221133299, 10.27300072430434952, 7.367760934432131315 ) ) ;
#10199 = CALENDAR_DATE ( 2026, 21, 9 ) ;
#10200 = EDGE_CURVE ( 'NONE', #6157, #3203, #4001, .T. ) ;
#10201 = EDGE_LOOP ( 'NONE', ( #5416, #1203 ) ) ;
#10202 = DIRECTION ( 'NONE',  ( -0.000000000000000000, -0.000000000000000000, 1.000000000000000000 ) ) ;
#10203 = VERTEX_POINT ( 'NONE', #5892 ) ;
#10204 = PERSON_AND_ORGANIZATION ( #2675, #9931 ) ;
#10205 = CARTESIAN_POINT ( 'NONE',  ( -13.14151426979812065, 71.48439506952533407, 0.000000000000000000 ) ) ;
#10206 = APPROVAL ( #3237, 'ๆช' ) ;
#10207 = CARTESIAN_POINT ( 'NONE',  ( -37.50000000000000000, 10.00000000000000000, 28.00000000000000000 ) ) ;
#10208 = CIRCLE ( 'NONE', #293, 2.000000000000001776 ) ;
#10209 = DIRECTION ( 'NONE',  ( -1.000000000000000000, -0.000000000000000000, -0.000000000000000000 ) ) ;
#10210 = CARTESIAN_POINT ( 'NONE',  ( -19.00000000000000000, 9.000000000000000000, 10.00000000000000000 ) ) ;
#10211 = ORIENTED_EDGE ( 'NONE', *, *, #2595, .F. ) ;
#10212 = VERTEX_POINT ( 'NONE', #11185 ) ;
#10213 = ADVANCED_FACE ( 'NONE', ( #7999 ), #1880, .F. ) ;
#10214 = CYLINDRICAL_SURFACE ( 'NONE', #12856, 1.700000000000007061 ) ;
#10215 = PERSON_AND_ORGANIZATION_ROLE ( 'design_owner' ) ;
#10216 = ADVANCED_FACE ( 'NONE', ( #11 ), #1068, .F. ) ;
#10217 = VERTEX_POINT ( 'NONE', #2008 ) ;
#10218 = FACE_OUTER_BOUND ( 'NONE', #3789, .T. ) ;
#10219 = ORIENTED_EDGE ( 'NONE', *, *, #7596, .F. ) ;
#10220 = CARTESIAN_POINT ( 'NONE',  ( 35.60000000000000142, 62.50000000000000000, -1.200000000000000030E-05 ) ) ;
#10221 = ADVANCED_FACE ( 'NONE', ( #8937 ), #9001, .F. ) ;
#10222 = DIRECTION ( 'NONE',  ( 0.000000000000000000, -1.000000000000000000, 0.000000000000000000 ) ) ;
#10223 = CARTESIAN_POINT ( 'NONE',  ( -14.00000000000000000, 9.000000000000000000, 10.20000000000000107 ) ) ;
#10224 = PLANE ( 'NONE',  #432 ) ;
#10225 = CARTESIAN_POINT ( 'NONE',  ( 31.00000000000000000, -6.000000000000000152E-06, 5.700000000000000178 ) ) ;
#10226 = ORIENTED_EDGE ( 'NONE', *, *, #2838, .T. ) ;
#10227 = CARTESIAN_POINT ( 'NONE',  ( 30.55736206015338752, 55.34320465898994001, -0.000000000000000000 ) ) ;
#10228 = CIRCLE ( 'NONE', #3060, 1.700000000000000178 ) ;
#10229 = ORIENTED_EDGE ( 'NONE', *, *, #607, .F. ) ;
#10230 = CARTESIAN_POINT ( 'NONE',  ( -10.49999999999999822, 59.50000000000000000, 3.200000000000001510 ) ) ;
#10231 = ORIENTED_EDGE ( 'NONE', *, *, #11261, .F. ) ;
#10232 = CARTESIAN_POINT ( 'NONE',  ( -15.19999999999999929, 2.000000000000000000, 3.000000000000000000 ) ) ;
#10233 = ORIENTED_EDGE ( 'NONE', *, *, #2864, .T. ) ;
#10234 = DIRECTION ( 'NONE',  ( 0.000000000000000000, -0.000000000000000000, -1.000000000000000000 ) ) ;
#10235 = AXIS2_PLACEMENT_3D ( 'NONE', #9064, #8062, #4871 ) ;
#10236 = CYLINDRICAL_SURFACE ( 'NONE', #9516, 2.600000000000000089 ) ;
#10237 = VECTOR ( 'NONE', #4122, 1000.000000000000000 ) ;
#10238 = LINE ( 'NONE', #1178, #9738 ) ;
#10239 = PRODUCT_DEFINITION_SHAPE ( 'NONE', 'NONE',  #13069 ) ;
#10240 = FACE_OUTER_BOUND ( 'NONE', #3428, .T. ) ;
#10241 = CARTESIAN_POINT ( 'NONE',  ( -5.141461068209629559, -10.48452350954348589, -0.000000000000000000 ) ) ;
#10242 = DIRECTION ( 'NONE',  ( 1.000000000000000000, -0.000000000000000000, 0.000000000000000000 ) ) ;
#10243 = FACE_OUTER_BOUND ( 'NONE', #514, .T. ) ;
#10244 = VERTEX_POINT ( 'NONE', #5175 ) ;
#10245 = AXIS2_PLACEMENT_3D ( 'NONE', #110, #4042, #4311 ) ;
#10246 = EDGE_LOOP ( 'NONE', ( #4482, #10805 ) ) ;
#10247 = VERTEX_POINT ( 'NONE', #7879 ) ;
#10248 = DIRECTION ( 'NONE',  ( 1.000000000000000000, 0.000000000000000000, 0.000000000000000000 ) ) ;
#10249 = FACE_OUTER_BOUND ( 'NONE', #4414, .T. ) ;
#10250 = DIRECTION ( 'NONE',  ( 0.000000000000000000, -1.000000000000000000, 0.000000000000000000 ) ) ;
#10251 = CYLINDRICAL_SURFACE ( 'NONE', #8546, 8.000000000000000000 ) ;
#10252 = DIRECTION ( 'NONE',  ( 0.000000000000000000, 0.000000000000000000, -1.000000000000000000 ) ) ;
#10253 = EDGE_CURVE ( 'NONE', #9527, #12850, #10982, .T. ) ;
#10254 = CARTESIAN_POINT ( 'NONE',  ( 31.19999999999999929, -1.200000000000000030E-05, 2.311805698386587338 ) ) ;
#10255 = AXIS2_PLACEMENT_3D ( 'NONE', #1570, #5345, #9368 ) ;
#10256 = AXIS2_PLACEMENT_3D ( 'NONE', #5632, #6659, #7668 ) ;
#10257 = CYLINDRICAL_SURFACE ( 'NONE', #1435, 1.700000000000000178 ) ;
#10258 = CARTESIAN_POINT ( 'NONE',  ( -15.36119079527556153, 68.95712604297240489, 0.000000000000000000 ) ) ;
#10260 = VERTEX_POINT ( 'NONE', #4997 ) ;
#10259 = APPROVAL_STATUS ( 'not_yet_approved' ) ;
#10261 = EDGE_LOOP ( 'NONE', ( #5974, #6748 ) ) ;
#10262 = VERTEX_POINT ( 'NONE', #8126 ) ;
#10263 = ORIENTED_EDGE ( 'NONE', *, *, #3506, .T. ) ;
#10264 = VECTOR ( 'NONE', #8872, 1000.000000000000000 ) ;
#10265 = DIRECTION ( 'NONE',  ( 0.000000000000000000, 0.000000000000000000, 1.000000000000000000 ) ) ;
#10266 = FACE_OUTER_BOUND ( 'NONE', #6556, .T. ) ;
#10267 = ADVANCED_FACE ( 'NONE', ( #10913 ), #9067, .F. ) ;
#10268 = CARTESIAN_POINT ( 'NONE',  ( 31.60000000000000142, 77.50000000000000000, -1.200000000000000030E-05 ) ) ;
#10269 = B_SPLINE_CURVE_WITH_KNOTS ( 'NONE', 3,
 ( #5305, #6129, #10176, #119, #12225, #8386, #4385, #2339, #5164, #189, #10107, #10241, #1112, #8180, #4252, #7189, #11234, #1181 ),
 .UNSPECIFIED., .F., .F.,
 ( 4, 2, 2, 2, 2, 2, 2, 2, 4 ),
 ( 0.5000000000000000000, 0.5625000000000000000, 0.6250000000000000000, 0.6875000000000000000, 0.7500000000000000000, 0.8125000000000000000, 0.8750000000000000000, 0.9375000000000000000, 1.000000000000000000 ),
 .UNSPECIFIED. ) ;
#10270 = LINE ( 'NONE', #9287, #6953 ) ;
#10271 = DIRECTION ( 'NONE',  ( 0.000000000000000000, 1.000000000000000000, 0.000000000000000000 ) ) ;
#10272 = VECTOR ( 'NONE', #11420, 1000.000000000000000 ) ;
#10273 = ORIENTED_EDGE ( 'NONE', *, *, #9571, .T. ) ;
#10274 = PERSON_AND_ORGANIZATION_ROLE ( 'design_owner' ) ;
#10275 = APPROVAL ( #5602, 'UNKNOWN' ) ;
#10276 = EDGE_LOOP ( 'NONE', ( #4408, #5436, #720, #10434 ) ) ;
#10277 = CC_DESIGN_PERSON_AND_ORGANIZATION_ASSIGNMENT ( #10576, #4723, ( #5610 ) ) ;
#10278 = FACE_BOUND ( 'NONE', #5254, .T. ) ;
#10279 = DATE_TIME_ROLE ( 'classification_date' ) ;
#10280 = ORIENTED_EDGE ( 'NONE', *, *, #10349, .T. ) ;
#10281 = SECURITY_CLASSIFICATION_LEVEL ( 'unclassified' ) ;
#10282 = PLANE ( 'NONE',  #6015 ) ;
#10283 = ORIENTED_EDGE ( 'NONE', *, *, #11443, .T. ) ;
#10284 = LINE ( 'NONE', #8087, #12179 ) ;
#10285 =( NAMED_UNIT ( * ) SI_UNIT ( $, .STERADIAN. ) SOLID_ANGLE_UNIT ( ) );
#10286 = PERSON_AND_ORGANIZATION ( #2675, #9931 ) ;
#10287 = CARTESIAN_POINT ( 'NONE',  ( 123.7749160051133401, -1.699930488764121561, 0.000000000000000000 ) ) ;
#10288 = EDGE_CURVE ( 'NONE', #2093, #5308, #12169, .T. ) ;
#10290 = EDGE_CURVE ( 'NONE', #11238, #10044, #9717, .T. ) ;
#10289 = DIRECTION ( 'NONE',  ( -0.000000000000000000, -0.000000000000000000, -1.000000000000000000 ) ) ;
#10291 = CC_DESIGN_APPROVAL ( #7281, ( #8383 ) ) ;
#10292 = AXIS2_PLACEMENT_3D ( 'NONE', #8101, #12216, #7040 ) ;
#10293 = CARTESIAN_POINT ( 'NONE',  ( -10.88523795150426032, 8.807647513432991460, 8.300000000000004263 ) ) ;
#10294 = CARTESIAN_POINT ( 'NONE',  ( 29.63871090099589978, 58.04297226076236171, -0.000000000000000000 ) ) ;
#10295 = EDGE_CURVE ( 'NONE', #10374, #1419, #7137, .T. ) ;
#10296 = DIRECTION ( 'NONE',  ( -1.000000000000000000, -0.000000000000000000, -0.000000000000000000 ) ) ;
#10297 = ORIENTED_EDGE ( 'NONE', *, *, #7515, .F. ) ;
#10298 = CARTESIAN_POINT ( 'NONE',  ( 24.30000000000000071, 45.00000000000000000, 5.000000000000000000 ) ) ;
#10299 = VERTEX_POINT ( 'NONE', #2154 ) ;
#10300 = SECURITY_CLASSIFICATION_LEVEL ( 'unclassified' ) ;
#10301 = CARTESIAN_POINT ( 'NONE',  ( 10.00000000000000000, 10.00000000000000000, 35.00000000000000000 ) ) ;
#10302 = APPROVAL_STATUS ( 'not_yet_approved' ) ;
#10303 = DIRECTION ( 'NONE',  ( 0.000000000000000000, 0.000000000000000000, 1.000000000000000000 ) ) ;
#10304 = ORIENTED_EDGE ( 'NONE', *, *, #6132, .F. ) ;
#10305 = CARTESIAN_POINT ( 'NONE',  ( -11.59999999999999964, 62.50000000000000000, -1.200000000000000030E-05 ) ) ;
#10306 = DIRECTION ( 'NONE',  ( 0.000000000000000000, 0.000000000000000000, -1.000000000000000000 ) ) ;
#10307 = LINE ( 'NONE', #11231, #1720 ) ;
#10308 = LINE ( 'NONE', #5304, #7585 ) ;
#10309 = CARTESIAN_POINT ( 'NONE',  ( -35.00000000000000000, -70.00000000000000000, 5.000000000000000000 ) ) ;
#10310 = CARTESIAN_POINT ( 'NONE',  ( 24.30000000000000071, -57.00000000000000000, 5.000000000000000000 ) ) ;
#10311 = LINE ( 'NONE', #4321, #12228 ) ;
#10312 = ORGANIZATION ( 'NAUO-ORG19', 'UNSPECIFIED', 'UNSPECIFIED' ) ;
#10313 = VERTEX_POINT ( 'NONE', #10193 ) ;
#10314 = ORIENTED_EDGE ( 'NONE', *, *, #7547, .T. ) ;
#10315 = ORIENTED_EDGE ( 'NONE', *, *, #7596, .T. ) ;
#10316 = ORIENTED_EDGE ( 'NONE', *, *, #5662, .T. ) ;
#10317 = CARTESIAN_POINT ( 'NONE',  ( 35.00000000000000000, 39.99999999999999289, 53.00000000000000000 ) ) ;
#10318 = DIRECTION ( 'NONE',  ( -0.000000000000000000, -0.000000000000000000, -1.000000000000000000 ) ) ;
#10319 = LINE ( 'NONE', #12372, #10764 ) ;
#10320 = FACE_OUTER_BOUND ( 'NONE', #2019, .T. ) ;
#10321 = DIRECTION ( 'NONE',  ( -0.000000000000000000, -0.000000000000000000, -1.000000000000000000 ) ) ;
#10322 = CIRCLE ( 'NONE', #6729, 1.700000000000000178 ) ;
#10323 = CARTESIAN_POINT ( 'NONE',  ( 31.60000000000000142, 77.50000000000000000, -1.200000000000000030E-05 ) ) ;
#10324 = CIRCLE ( 'NONE', #4859, 14.00000000000000000 ) ;
#10325 = SECURITY_CLASSIFICATION_LEVEL ( 'unclassified' ) ;
#10326 = DIRECTION ( 'NONE',  ( 0.000000000000000000, 0.000000000000000000, -1.000000000000000000 ) ) ;
#10327 = CARTESIAN_POINT ( 'NONE',  ( -12.30000000000000071, 70.00000000000000000, -6.000000000000000152E-06 ) ) ;
#10328 = ORIENTED_EDGE ( 'NONE', *, *, #1560, .F. ) ;
#10329 = VERTEX_POINT ( 'NONE', #11915 ) ;
#10330 = CARTESIAN_POINT ( 'NONE',  ( -11.59999999999999964, 77.50000000000000000, -1.200000000000000030E-05 ) ) ;
#10331 = ORIENTED_EDGE ( 'NONE', *, *, #9249, .F. ) ;
#10332 = VECTOR ( 'NONE', #7903, 1000.000000000000000 ) ;
#10333 = ADVANCED_FACE ( 'NONE', ( #3933, #7933, #1950, #5957, #9994, #6487 ), #7428, .T. ) ;
#10334 = AXIS2_PLACEMENT_3D ( 'NONE', #9932, #12101, #880 ) ;
#10335 = ORIENTED_EDGE ( 'NONE', *, *, #11724, .F. ) ;
#10336 = CARTESIAN_POINT ( 'NONE',  ( 0.000000000000000000, 149.0000000000000000, 0.000000000000000000 ) ) ;
#10337 = DIRECTION ( 'NONE',  ( 1.000000000000000000, 0.000000000000000000, 0.000000000000000000 ) ) ;
#10338 = PLANE ( 'NONE',  #9441 ) ;
#10339 = DIRECTION ( 'NONE',  ( 1.000000000000000000, 0.000000000000000000, 0.000000000000000000 ) ) ;
#10340 = AXIS2_PLACEMENT_3D ( 'NONE', #230, #10078, #4290 ) ;
#10341 = DIRECTION ( 'NONE',  ( -0.000000000000000000, -1.000000000000000000, -0.000000000000000000 ) ) ;
#10342 = ORIENTED_EDGE ( 'NONE', *, *, #11681, .T. ) ;
#10343 = EDGE_LOOP ( 'NONE', ( #8034, #6758, #8839, #2486 ) ) ;
#10344 = DIRECTION ( 'NONE',  ( -1.000000000000000000, 0.000000000000000000, -0.000000000000000000 ) ) ;
#10345 = DATE_AND_TIME ( #11408, #5340 ) ;
#10346 = VECTOR ( 'NONE', #11441, 1000.000000000000000 ) ;
#10347 = EDGE_LOOP ( 'NONE', ( #12762, #9412 ) ) ;
#10348 = PERSON ( 'NAUO-PER4', 'UNSPECIFIED', 'UNSPECIFIED', ('UNSPECIFIED'), ('UNSPECIFIED'), ('UNSPECIFIED') ) ;
#10349 = EDGE_CURVE ( 'NONE', #8424, #5964, #4021, .T. ) ;
#10350 = LINE ( 'NONE', #11614, #7718 ) ;
#10351 = ORIENTED_EDGE ( 'NONE', *, *, #8831, .F. ) ;
#10352 = PRODUCT ( 'V3_bin_180x143x80', 'V3_bin_180x143x80', '', ( #9365 ) ) ;
#10353 = CARTESIAN_POINT ( 'NONE',  ( -2.081978247435513296, -1.594878658085206125, 0.000000000000000000 ) ) ;
#10354 = CIRCLE ( 'NONE', #6921, 1.700000000000000178 ) ;
#10355 = PLANE ( 'NONE',  #9743 ) ;
#10356 = CC_DESIGN_DATE_AND_TIME_ASSIGNMENT ( #4953, #955, ( #2181 ) ) ;
#10357 = DIRECTION ( 'NONE',  ( 0.000000000000000000, 0.000000000000000000, 1.000000000000000000 ) ) ;
#10358 =( REPRESENTATION_RELATIONSHIP ('NONE','NONE', #874, #5528 ) REPRESENTATION_RELATIONSHIP_WITH_TRANSFORMATION ( #8098 )SHAPE_REPRESENTATION_RELATIONSHIP( ) );
#10359 = DIRECTION ( 'NONE',  ( 0.000000000000000000, -1.000000000000000000, 0.000000000000000000 ) ) ;
#10360 = PLANE ( 'NONE',  #12979 ) ;
#10361 = DIRECTION ( 'NONE',  ( 0.000000000000000000, 0.000000000000000000, 1.000000000000000000 ) ) ;
#10362 = CIRCLE ( 'NONE', #6356, 5.799999999999999822 ) ;
#10363 = AXIS2_PLACEMENT_3D ( 'NONE', #10317, #3415, #10182 ) ;
#10364 = CARTESIAN_POINT ( 'NONE',  ( -10.50000000000000000, 80.50000000000000000, 4.799999999999998046 ) ) ;
#10365 = ORIENTED_EDGE ( 'NONE', *, *, #6251, .F. ) ;
#10366 = DIRECTION ( 'NONE',  ( -0.000000000000000000, -0.000000000000000000, 1.000000000000000000 ) ) ;
#10367 = ORIENTED_EDGE ( 'NONE', *, *, #6738, .T. ) ;
#10368 = COORDINATED_UNIVERSAL_TIME_OFFSET ( 5, 0, .BEHIND. ) ;
#10369 = EDGE_CURVE ( 'NONE', #3759, #699, #11387, .T. ) ;
#10370 = CARTESIAN_POINT ( 'NONE',  ( 0.000000000000000000, 0.000000000000000000, 0.000000000000000000 ) ) ;
#10371 = EDGE_CURVE ( 'NONE', #2396, #10081, #10521, .T. ) ;
#10372 = DIRECTION ( 'NONE',  ( 1.000000000000000000, 0.000000000000000000, 0.000000000000000000 ) ) ;
#10373 = B_SPLINE_CURVE_WITH_KNOTS ( 'NONE', 3,
 ( #7330, #118, #4181, #12636, #1394, #7600, #5501, #2612, #9652, #4524, #6590, #10438, #9587, #8519, #10639, #12562, #8579, #11700 ),
 .UNSPECIFIED., .F., .F.,
 ( 4, 2, 2, 2, 2, 2, 2, 2, 4 ),
 ( 0.5000000000000000000, 0.5625000000000000000, 0.6250000000000000000, 0.6875000000000000000, 0.7500000000000000000, 0.8125000000000000000, 0.8750000000000000000, 0.9375000000000000000, 1.000000000000000000 ),
 .UNSPECIFIED. ) ;
#10374 = VERTEX_POINT ( 'NONE', #2430 ) ;
#10375 = CARTESIAN_POINT ( 'NONE',  ( 4.299999999999999822, -9.000000000000000000, -1.200000000000000030E-05 ) ) ;
#10376 = PRODUCT_DEFINITION ( 'ๆ', '', #8470, #6213 ) ;
#10377 = CC_DESIGN_SECURITY_CLASSIFICATION ( #8890, ( #8470 ) ) ;
#10378 = LINE ( 'NONE', #9389, #12685 ) ;
#10379 = CARTESIAN_POINT ( 'NONE',  ( 183.0000000000000000, 3.000000000000000000, 83.00000000000000000 ) ) ;
#10380 = CARTESIAN_POINT ( 'NONE',  ( -10.72380529476374100, 9.000000000000252243, 10.20000000000124984 ) ) ;
#10381 = CARTESIAN_POINT ( 'NONE',  ( 6.000000000000000000, 0.000000000000000000, 16.00000000000000000 ) ) ;
#10382 = CARTESIAN_POINT ( 'NONE',  ( -0.5999999999999998668, 9.000000000000000000, 6.800000000000000711 ) ) ;
#10383 = ORIENTED_EDGE ( 'NONE', *, *, #7548, .T. ) ;
#10384 = SECURITY_CLASSIFICATION_LEVEL ( 'unclassified' ) ;
#10385 = CC_DESIGN_APPROVAL ( #8904, ( #5334 ) ) ;
#10386 = ORIENTED_EDGE ( 'NONE', *, *, #12294, .F. ) ;
#10387 = EDGE_LOOP ( 'NONE', ( #5871, #636, #9690, #438 ) ) ;
#10388 = EDGE_CURVE ( 'NONE', #2231, #426, #210, .T. ) ;
#10389 = ORIENTED_EDGE ( 'NONE', *, *, #504, .T. ) ;
#10390 = DIRECTION ( 'NONE',  ( 0.000000000000000000, 0.000000000000000000, -1.000000000000000000 ) ) ;
#10391 = FACE_OUTER_BOUND ( 'NONE', #366, .T. ) ;
#10392 = DIRECTION ( 'NONE',  ( 0.000000000000000000, 1.000000000000000000, 0.000000000000000000 ) ) ;
#10393 = DIRECTION ( 'NONE',  ( 0.000000000000000000, 0.000000000000000000, 1.000000000000000000 ) ) ;
#10394 = EDGE_CURVE ( 'NONE', #5328, #7621, #12381, .T. ) ;
#10395 = EDGE_CURVE ( 'NONE', #7887, #11905, #2214, .T. ) ;
#10396 = ADVANCED_FACE ( 'NONE', ( #1481 ), #1348, .F. ) ;
#10397 = CARTESIAN_POINT ( 'NONE',  ( 10.55101976734915148, 9.205879817082850636, 10.19999999999998153 ) ) ;
#10398 = CC_DESIGN_SECURITY_CLASSIFICATION ( #5126, ( #6578 ) ) ;
#10399 = DIRECTION ( 'NONE',  ( -1.000000000000000000, 0.000000000000000000, 0.000000000000000000 ) ) ;
#10400 = DIRECTION ( 'NONE',  ( -0.000000000000000000, -0.000000000000000000, 1.000000000000000000 ) ) ;
#10401 = CARTESIAN_POINT ( 'NONE',  ( -14.85848573020151342, 68.51560493047469436, 0.000000000000000000 ) ) ;
#10402 = ORIENTED_EDGE ( 'NONE', *, *, #2061, .F. ) ;
#10403 = ORIENTED_EDGE ( 'NONE', *, *, #11477, .T. ) ;
#10404 = ORIENTED_EDGE ( 'NONE', *, *, #4055, .T. ) ;
#10405 = APPROVAL_PERSON_ORGANIZATION ( #1634, #1220, #9499 ) ;
#10406 = EDGE_LOOP ( 'NONE', ( #3082, #3794, #152, #10060 ) ) ;
#10407 = DIRECTION ( 'NONE',  ( 0.000000000000000000, -0.000000000000000000, 1.000000000000000000 ) ) ;
#10408 = CARTESIAN_POINT ( 'NONE',  ( 11.88038519805911619, 7.406761620341381303, 10.60532561035885202 ) ) ;
#10409 = ADVANCED_FACE ( 'NONE', ( #9348 ), #9408, .F. ) ;
#10410 = CARTESIAN_POINT ( 'NONE',  ( 11.90000000000000036, 6.400000000000000355, 3.000000000000000000 ) ) ;
#10411 = DIRECTION ( 'NONE',  ( 0.000000000000000000, 0.000000000000000000, -1.000000000000000000 ) ) ;
#10412 = ORIENTED_EDGE ( 'NONE', *, *, #3281, .T. ) ;
#10413 = ORIENTED_EDGE ( 'NONE', *, *, #5703, .F. ) ;
#10414 = CARTESIAN_POINT ( 'NONE',  ( -9.000000000000000000, -6.000000000000000152E-06, 14.69999999999999929 ) ) ;
#10415 = APPROVAL_ROLE ( '' ) ;
#10416 = ORIENTED_EDGE ( 'NONE', *, *, #7434, .F. ) ;
#10417 = ITEM_DEFINED_TRANSFORMATION ( 'NONE', 'NONE', #1291,  #6542 ) ;
#10418 = DIRECTION ( 'NONE',  ( 0.000000000000000000, 0.000000000000000000, 1.000000000000000000 ) ) ;
#10419 = ORIENTED_EDGE ( 'NONE', *, *, #7206, .T. ) ;
#10420 = VECTOR ( 'NONE', #3864, 1000.000000000000000 ) ;
#10421 = DIRECTION ( 'NONE',  ( 0.000000000000000000, 0.000000000000000000, 1.000000000000000000 ) ) ;
#10422 = DIRECTION ( 'NONE',  ( -1.000000000000000000, 0.000000000000000000, 0.000000000000000000 ) ) ;
#10423 = CARTESIAN_POINT ( 'NONE',  ( 18.51547649045561172, 13.14146106821090143, -0.000000000000000000 ) ) ;
#10424 = EDGE_CURVE ( 'NONE', #8311, #1922, #4474, .T. ) ;
#10425 = CARTESIAN_POINT ( 'NONE',  ( 6.000000000000000000, -1.300000000000000044, 16.00000000000000000 ) ) ;
#10426 = CYLINDRICAL_SURFACE ( 'NONE', #5898, 1.700000000000000178 ) ;
#10427 = EDGE_LOOP ( 'NONE', ( #547, #4296, #3127, #12696 ) ) ;
#10428 = CARTESIAN_POINT ( 'NONE',  ( 2.600000000000000089, 0.000000000000000000, 16.00000000000000000 ) ) ;
#10429 = ORIENTED_EDGE ( 'NONE', *, *, #4962, .F. ) ;
#10430 = CALENDAR_DATE ( 2026, 21, 9 ) ;
#10431 = CARTESIAN_POINT ( 'NONE',  ( 32.70000000000000284, 66.00000000000000000, -1.200000000000000030E-05 ) ) ;
#10432 = ORIENTED_EDGE ( 'NONE', *, *, #7296, .F. ) ;
#10433 = CARTESIAN_POINT ( 'NONE',  ( 20.85853893178856922, -0.000000000000000000, 13.48452350954491585 ) ) ;
#10434 = ORIENTED_EDGE ( 'NONE', *, *, #5753, .F. ) ;
#10435 = CARTESIAN_POINT ( 'NONE',  ( -9.225083994891685180, 67.70006951123353645, -0.000000000000000000 ) ) ;
#10436 = ADVANCED_FACE ( 'NONE', ( #8472 ), #12518, .F. ) ;
#10437 = PLANE ( 'NONE',  #11409 ) ;
#10438 = CARTESIAN_POINT ( 'NONE',  ( 1.313216681092871818, -2.270342840037188559, -0.000000000000000000 ) ) ;
#10439 = EDGE_CURVE ( 'NONE', #3108, #1187, #4407, .T. ) ;
#10440 = CARTESIAN_POINT ( 'NONE',  ( -6.000000000000000000, 0.000000000000000000, 20.00000000000000000 ) ) ;
#10441 = DIRECTION ( 'NONE',  ( -0.000000000000000000, -0.000000000000000000, 1.000000000000000000 ) ) ;
#10442 = PERSON_AND_ORGANIZATION ( #2675, #9931 ) ;
#10443 = CC_DESIGN_DATE_AND_TIME_ASSIGNMENT ( #5975, #6776, ( #7572 ) ) ;
#10444 = COORDINATED_UNIVERSAL_TIME_OFFSET ( 5, 0, .BEHIND. ) ;
#10445 = PRODUCT_RELATED_PRODUCT_CATEGORY ( 'detail', '', ( #8106 ) ) ;
#10446 = ORIENTED_EDGE ( 'NONE', *, *, #12059, .T. ) ;
#10447 = VERTEX_POINT ( 'NONE', #283 ) ;
#10448 = LINE ( 'NONE', #10510, #3358 ) ;
#10449 = DIRECTION ( 'NONE',  ( 0.000000000000000000, 0.000000000000000000, 1.000000000000000000 ) ) ;
#10450 = PERSON_AND_ORGANIZATION ( #2675, #9931 ) ;
#10451 = FACE_OUTER_BOUND ( 'NONE', #7255, .T. ) ;
#10452 = AXIS2_PLACEMENT_3D ( 'NONE', #3927, #5111, #6012 ) ;
#10453 = CARTESIAN_POINT ( 'NONE',  ( -8.141461068209626006, 55.51547649045616595, -0.000000000000000000 ) ) ;
#10454 = CARTESIAN_POINT ( 'NONE',  ( 6.000000000000000000, -1.300000000000000044, -0.09997027095160138099 ) ) ;
#10455 = DIRECTION ( 'NONE',  ( 0.000000000000000000, 1.000000000000000000, 0.000000000000000000 ) ) ;
#10457 = EDGE_CURVE ( 'NONE', #8017, #9577, #1173, .T. ) ;
#10456 = CARTESIAN_POINT ( 'NONE',  ( 122.2999999999999972, 2.081899558550508908E-16, -1.200000000000000030E-05 ) ) ;
#10458 = EDGE_CURVE ( 'NONE', #4354, #3033, #3803, .T. ) ;
#10459 = CARTESIAN_POINT ( 'NONE',  ( -2.209866293823954386, 1.378406442902269768, 0.000000000000000000 ) ) ;
#10460 = CARTESIAN_POINT ( 'NONE',  ( 0.000000000000000000, 70.00000000000000000, 5.200000000000000178 ) ) ;
#10461 = AXIS2_PLACEMENT_3D ( 'NONE', #1527, #386, #8572 ) ;
#10462 = VERTEX_POINT ( 'NONE', #7805 ) ;
#10463 = PRODUCT_DEFINITION_SHAPE ( 'NONE', 'NONE',  #10028 ) ;
#10464 = ORIENTED_EDGE ( 'NONE', *, *, #5472, .F. ) ;
#10465 = EDGE_CURVE ( 'NONE', #10260, #5421, #483, .T. ) ;
#10466 = DIRECTION ( 'NONE',  ( 0.000000000000000000, -1.000000000000000000, 0.000000000000000000 ) ) ;
#10467 = EDGE_LOOP ( 'NONE', ( #9986, #9225, #9557, #10351 ) ) ;
#10468 = VERTEX_POINT ( 'NONE', #6676 ) ;
#10469 = ORIENTED_EDGE ( 'NONE', *, *, #9005, .T. ) ;
#10470 = CALENDAR_DATE ( 2026, 21, 9 ) ;
#10471 = CARTESIAN_POINT ( 'NONE',  ( 28.00000000000000000, 0.000000000000000000, 24.00000000000000000 ) ) ;
#10472 = CIRCLE ( 'NONE', #114, 16.00000000000001421 ) ;
#10473 = CARTESIAN_POINT ( 'NONE',  ( 11.93795499826097739, 7.313427394620801714, 10.24662375167233108 ) ) ;
#10474 = DIRECTION ( 'NONE',  ( -0.000000000000000000, -0.000000000000000000, 1.000000000000000000 ) ) ;
#10475 = CARTESIAN_POINT ( 'NONE',  ( 12.80000000000000071, 2.000000000000000000, 3.000000000000000000 ) ) ;
#10476 = DIRECTION ( 'NONE',  ( -0.000000000000000000, -0.000000000000000000, 1.000000000000000000 ) ) ;
#10477 = ORIENTED_EDGE ( 'NONE', *, *, #10835, .F. ) ;
#10478 = ORIENTED_EDGE ( 'NONE', *, *, #2028, .F. ) ;
#10479 = CARTESIAN_POINT ( 'NONE',  ( 18.34333309900522480, 0.000000000000000000, 12.44258473825066780 ) ) ;
#10480 = CIRCLE ( 'NONE', #9208, 14.00000000000000000 ) ;
#10481 = PERSON_AND_ORGANIZATION ( #2675, #9931 ) ;
#10482 = ORIENTED_EDGE ( 'NONE', *, *, #7713, .T. ) ;
#10483 = DATE_TIME_ROLE ( 'classification_date' ) ;
#10484 = CARTESIAN_POINT ( 'NONE',  ( 28.00000000000000000, 0.000000000000000000, 24.00000000000000000 ) ) ;
#10485 = ORIENTED_EDGE ( 'NONE', *, *, #12653, .T. ) ;
#10486 = CARTESIAN_POINT ( 'NONE',  ( -9.000000000000000000, 59.50000000000000000, 4.000000000000000000 ) ) ;
#10487 = VECTOR ( 'NONE', #3451, 1000.000000000000000 ) ;
#10488 = DIRECTION ( 'NONE',  ( 1.000000000000000000, -0.000000000000000000, 0.000000000000000000 ) ) ;
#10489 = CARTESIAN_POINT ( 'NONE',  ( 0.000000000000000000, 70.00000000000000000, 5.200000000000000178 ) ) ;
#10490 = CARTESIAN_POINT ( 'NONE',  ( 5.799999999999999822, 70.00000000000000000, 5.200000000000000178 ) ) ;
#10491 = CARTESIAN_POINT ( 'NONE',  ( 3.000000000000000000, 146.0000000000000000, 83.00000000000000000 ) ) ;
#10492 = LINE ( 'NONE', #4640, #771 ) ;
#10493 = DIRECTION ( 'NONE',  ( 1.000000000000000000, -0.000000000000000000, -0.000000000000000000 ) ) ;
#10494 = ORIENTED_EDGE ( 'NONE', *, *, #8405, .F. ) ;
#10495 = DIRECTION ( 'NONE',  ( 0.000000000000000000, 0.000000000000000000, -1.000000000000000000 ) ) ;
#10496 = SECURITY_CLASSIFICATION_LEVEL ( 'unclassified' ) ;
#10497 = FACE_OUTER_BOUND ( 'NONE', #12498, .T. ) ;
#10498 = VERTEX_POINT ( 'NONE', #4797 ) ;
#10499 = CARTESIAN_POINT ( 'NONE',  ( 24.30000000000000071, -57.00000000000000000, 5.000000000000000000 ) ) ;
#10500 = EDGE_CURVE ( 'NONE', #8737, #5646, #3621, .T. ) ;
#10501 = CC_DESIGN_SECURITY_CLASSIFICATION ( #370, ( #13066 ) ) ;
#10502 = VECTOR ( 'NONE', #11241, 1000.000000000000000 ) ;
#10503 = CARTESIAN_POINT ( 'NONE',  ( -11.50000000000000000, 6.000000000000000000, 0.000000000000000000 ) ) ;
#10504 = CARTESIAN_POINT ( 'NONE',  ( 0.000000000000000000, 0.000000000000000000, 6.000000000000000000 ) ) ;
#10505 = CARTESIAN_POINT ( 'NONE',  ( 0.000000000000000000, 0.000000000000000000, 4.000000000000000000 ) ) ;
#10506 = DIRECTION ( 'NONE',  ( 0.000000000000000000, 0.000000000000000000, -1.000000000000000000 ) ) ;
#10507 = APPROVAL_PERSON_ORGANIZATION ( #7463, #7107, #7245 ) ;
#10508 = CALENDAR_DATE ( 2026, 21, 9 ) ;
#10509 = ORIENTED_EDGE ( 'NONE', *, *, #4603, .F. ) ;
#10510 = CARTESIAN_POINT ( 'NONE',  ( 10.00000000000000000, -10.00000000000000000, 35.00000000000000000 ) ) ;
#10511 = PERSON_AND_ORGANIZATION ( #2675, #9931 ) ;
#10512 = ADVANCED_BREP_SHAPE_REPRESENTATION ( '', ( #11795, #6542 ), #7404 ) ;
#10513 = EDGE_CURVE ( 'NONE', #2918, #76, #12772, .T. ) ;
#10514 = CARTESIAN_POINT ( 'NONE',  ( -15.19999999999999929, 2.000000000000000000, 0.000000000000000000 ) ) ;
#10515 = CARTESIAN_POINT ( 'NONE',  ( -27.69999999999999929, -45.00000000000000000, 0.000000000000000000 ) ) ;
#10516 = CARTESIAN_POINT ( 'NONE',  ( 9.511064628574489532, 10.27374944521859312, 7.368648734014357160 ) ) ;
#10517 = LOCAL_TIME ( 12, 23, 50.00000000000000000, #10818 ) ;
#10518 = CC_DESIGN_DATE_AND_TIME_ASSIGNMENT ( #4090, #10279, ( #3875 ) ) ;
#10519 = LINE ( 'NONE', #5579, #8085 ) ;
#10520 = DIRECTION ( 'NONE',  ( 1.000000000000000000, 0.000000000000000000, 0.000000000000000000 ) ) ;
#10521 = LINE ( 'NONE', #3213, #2770 ) ;
#10522 = CIRCLE ( 'NONE', #10100, 1.700000000000000178 ) ;
#10523 = VERTEX_POINT ( 'NONE', #9741 ) ;
#10524 = VERTEX_POINT ( 'NONE', #11842 ) ;
#10525 = CARTESIAN_POINT ( 'NONE',  ( -20.22508399488501496, -12.29993048876420936, -0.000000000000000000 ) ) ;
#10526 = PLANE ( 'NONE',  #5410 ) ;
#10527 = ORIENTED_EDGE ( 'NONE', *, *, #2594, .F. ) ;
#10528 = ADVANCED_FACE ( 'NONE', ( #3736 ), #2628, .T. ) ;
#10529 = EDGE_LOOP ( 'NONE', ( #4373, #3775, #602, #10194 ) ) ;
#10530 = APPLICATION_CONTEXT ( 'configuration controlled 3d designs of mechanical parts and assemblies' ) ;
#10531 = EDGE_CURVE ( 'NONE', #3960, #12661, #4677, .T. ) ;
#10532 = CARTESIAN_POINT ( 'NONE',  ( 10.50000000000000000, 1.300000000000000044, 16.00000000000000000 ) ) ;
#10533 = AXIS2_PLACEMENT_3D ( 'NONE', #8750, #5599, #8693 ) ;
#10534 = DIRECTION ( 'NONE',  ( 0.000000000000000000, 1.000000000000000000, 0.000000000000000000 ) ) ;
#10535 = ADVANCED_FACE ( 'NONE', ( #682 ), #7616, .F. ) ;
#10536 = DIRECTION ( 'NONE',  ( 1.000000000000000000, 0.000000000000000000, 0.000000000000000000 ) ) ;
#10537 = CARTESIAN_POINT ( 'NONE',  ( -10.48452350954348766, -0.000000000000000000, 13.85853893179037044 ) ) ;
#10538 = ADVANCED_FACE ( 'NONE', ( #4738 ), #8733, .T. ) ;
#10539 = FACE_OUTER_BOUND ( 'NONE', #5092, .T. ) ;
#10540 = ORIENTED_EDGE ( 'NONE', *, *, #5312, .T. ) ;
#10541 = EDGE_LOOP ( 'NONE', ( #4969, #108, #4695, #2860 ) ) ;
#10542 = VECTOR ( 'NONE', #3131, 1000.000000000000000 ) ;
#10543 = AXIS2_PLACEMENT_3D ( 'NONE', #4816, #701, #12788 ) ;
#10544 = PERSON_AND_ORGANIZATION_ROLE ( 'classification_officer' ) ;
#10545 = APPROVAL_ROLE ( '' ) ;
#10546 = DIRECTION ( 'NONE',  ( -1.000000000000000000, -0.000000000000000000, -0.000000000000000000 ) ) ;
#10547 = ORIENTED_EDGE ( 'NONE', *, *, #10627, .F. ) ;
#10548 = EDGE_CURVE ( 'NONE', #1324, #10523, #9794, .T. ) ;
#10549 = VECTOR ( 'NONE', #1001, 1000.000000000000000 ) ;
#10550 = DATE_TIME_ROLE ( 'classification_date' ) ;
#10551 = CARTESIAN_POINT ( 'NONE',  ( 0.000000000000000000, 0.000000000000000000, 3.000000000000000000 ) ) ;
#10552 = ADVANCED_FACE ( 'NONE', ( #613 ), #12837, .F. ) ;
#10553 = EDGE_CURVE ( 'NONE', #2187, #3960, #8534, .T. ) ;
#10554 = VECTOR ( 'NONE', #1504, 1000.000000000000000 ) ;
#10555 = VECTOR ( 'NONE', #11904, 1000.000000000000000 ) ;
#10556 = LINE ( 'NONE', #7457, #2775 ) ;
#10557 = CARTESIAN_POINT ( 'NONE',  ( -10.01759284330493927, 9.783426788352441505, 11.52219807014628472 ) ) ;
#10558 = DIRECTION ( 'NONE',  ( 0.000000000000000000, 0.000000000000000000, 1.000000000000000000 ) ) ;
#10559 = DIRECTION ( 'NONE',  ( 0.000000000000000000, -1.000000000000000000, 0.000000000000000000 ) ) ;
#10560 = DIRECTION ( 'NONE',  ( 1.000000000000000000, 0.000000000000000000, 0.000000000000000000 ) ) ;
#10561 = ORIENTED_EDGE ( 'NONE', *, *, #12556, .F. ) ;
#10562 = CARTESIAN_POINT ( 'NONE',  ( -19.77491600511317671, -15.70006951123578709, -0.000000000000000000 ) ) ;
#10563 = ORIENTED_EDGE ( 'NONE', *, *, #4437, .T. ) ;
#10564 = APPROVAL_DATE_TIME ( #6523, #9485 ) ;
#10565 = CARTESIAN_POINT ( 'NONE',  ( 29.29993048876421113, 65.77491600511631020, 0.000000000000000000 ) ) ;
#10566 = AXIS2_PLACEMENT_3D ( 'NONE', #1029, #10222, #8299 ) ;
#10567 = ORIENTED_EDGE ( 'NONE', *, *, #6538, .F. ) ;
#10568 = CARTESIAN_POINT ( 'NONE',  ( 11.90340548161031542, 7.369530314402258142, 8.003034309753193298 ) ) ;
#10569 = AXIS2_PLACEMENT_3D ( 'NONE', #7115, #11160, #2128 ) ;
#10570 = CARTESIAN_POINT ( 'NONE',  ( 0.000000000000000000, 0.000000000000000000, 0.000000000000000000 ) ) ;
#10571 = AXIS2_PLACEMENT_3D ( 'NONE', #4066, #9992, #9462 ) ;
#10572 = CARTESIAN_POINT ( 'NONE',  ( 18.34333309900601705, 13.55741526174779565, -0.000000000000000000 ) ) ;
#10573 = AXIS2_PLACEMENT_3D ( 'NONE', #3204, #7197, #2421 ) ;
#10574 = DIRECTION ( 'NONE',  ( -0.000000000000000000, -0.000000000000000000, -1.000000000000000000 ) ) ;
#10575 = CARTESIAN_POINT ( 'NONE',  ( 31.00000000000000000, -6.000000000000000152E-06, 14.69999999999999929 ) ) ;
#10576 = PERSON_AND_ORGANIZATION ( #2675, #9931 ) ;
#10577 = VERTEX_POINT ( 'NONE', #5581 ) ;
#10578 = PERSON_AND_ORGANIZATION ( #2675, #9931 ) ;
#10579 = VERTEX_POINT ( 'NONE', #543 ) ;
#10580 = COORDINATED_UNIVERSAL_TIME_OFFSET ( 5, 0, .BEHIND. ) ;
#10581 = EDGE_LOOP ( 'NONE', ( #10147, #10792 ) ) ;
#10582 = DIRECTION ( 'NONE',  ( 0.000000000000000000, 0.000000000000000000, 1.000000000000000000 ) ) ;
#10583 = APPROVAL_PERSON_ORGANIZATION ( #2271, #1979, #5310 ) ;
#10584 = DIRECTION ( 'NONE',  ( -0.000000000000000000, -0.000000000000000000, -1.000000000000000000 ) ) ;
#10585 = DIRECTION ( 'NONE',  ( -0.000000000000000000, -1.000000000000000000, -0.000000000000000000 ) ) ;
#10586 = CARTESIAN_POINT ( 'NONE',  ( -6.858538931789999182, -7.515476490456138414, -0.000000000000000000 ) ) ;
#10587 = DIRECTION ( 'NONE',  ( -1.000000000000000000, -0.000000000000000000, -0.000000000000000000 ) ) ;
#10588 = CC_DESIGN_APPROVAL ( #11169, ( #234 ) ) ;
#10589 = CARTESIAN_POINT ( 'NONE',  ( 31.60000000000000142, 77.50000000000000000, 2.409402627941314989 ) ) ;
#10590 = EDGE_CURVE ( 'NONE', #4614, #8701, #9605, .T. ) ;
#10591 = DIRECTION ( 'NONE',  ( 0.000000000000000000, 1.000000000000000000, -0.000000000000000000 ) ) ;
#10592 = ORIENTED_EDGE ( 'NONE', *, *, #8517, .F. ) ;
#10593 = ORIENTED_EDGE ( 'NONE', *, *, #3364, .T. ) ;
#10594 = DESIGN_CONTEXT ( 'detailed design', #3801, 'design' ) ;
#10595 = CARTESIAN_POINT ( 'NONE',  ( -19.55736206015084022, -12.34320465898918862, -0.000000000000000000 ) ) ;
#10596 = ORIENTED_EDGE ( 'NONE', *, *, #11920, .F. ) ;
#10597 = ORIENTED_EDGE ( 'NONE', *, *, #6886, .F. ) ;
#10598 = PERSON_AND_ORGANIZATION ( #2675, #9931 ) ;
#10599 = APPROVAL ( #702, 'ๆช' ) ;
#10600 = PERSON_AND_ORGANIZATION ( #2675, #9931 ) ;
#10601 = ORIENTED_EDGE ( 'NONE', *, *, #2202, .T. ) ;
#10602 = CARTESIAN_POINT ( 'NONE',  ( -11.94667935274167192, 7.299099505034238433, 8.255229362243065694 ) ) ;
#10603 = PLANE ( 'NONE',  #8328 ) ;
#10604 = CC_DESIGN_SECURITY_CLASSIFICATION ( #3016, ( #11456 ) ) ;
#10605 = LINE ( 'NONE', #11533, #2516 ) ;
#10606 = PLANE ( 'NONE',  #1845 ) ;
#10607 = CARTESIAN_POINT ( 'NONE',  ( -10.48439506952756339, 0.000000000000000000, 12.14151426980657966 ) ) ;
#10608 = EDGE_CURVE ( 'NONE', #12120, #3365, #3868, .T. ) ;
#10609 = DIRECTION ( 'NONE',  ( 0.000000000000000000, -0.000000000000000000, 1.000000000000000000 ) ) ;
#10610 = EDGE_CURVE ( 'NONE', #12535, #1093, #6742, .T. ) ;
#10611 = ORIENTED_EDGE ( 'NONE', *, *, #12325, .T. ) ;
#10612 = ORIENTED_EDGE ( 'NONE', *, *, #7547, .F. ) ;
#10613 = LOCAL_TIME ( 12, 23, 50.00000000000000000, #12174 ) ;
#10614 = DIRECTION ( 'NONE',  ( 0.000000000000000000, 1.000000000000000000, 0.000000000000000000 ) ) ;
#10615 = APPROVAL_DATE_TIME ( #8694, #591 ) ;
#10616 = CC_DESIGN_PERSON_AND_ORGANIZATION_ASSIGNMENT ( #140, #3480, ( #10028 ) ) ;
#10617 = EDGE_LOOP ( 'NONE', ( #5339, #9844, #5746, #5733 ) ) ;
#10618 = APPROVAL ( #11527, 'ๆช' ) ;
#10619 = DIRECTION ( 'NONE',  ( 1.000000000000000000, 0.000000000000000000, 0.000000000000000000 ) ) ;
#10620 = EDGE_LOOP ( 'NONE', ( #8086, #2630, #8756, #11466 ) ) ;
#10621 = DIRECTION ( 'NONE',  ( 0.000000000000000000, 0.000000000000000000, -1.000000000000000000 ) ) ;
#10622 = B_SPLINE_CURVE_WITH_KNOTS ( 'NONE', 3,
 ( #4961, #10948, #6047, #3040, #11947, #9104, #10090, #11146, #43, #4100, #8094, #2914, #1033, #1921, #8963, #5090, #3969, #2980, #11217, #6972, #11017, #4166, #2113, #1980, #852, #6110 ),
 .UNSPECIFIED., .F., .F.,
 ( 4, 2, 2, 2, 2, 2, 2, 2, 2, 2, 2, 2, 4 ),
 ( 0.005952082253735857878, 0.006751715355029116496, 0.007551348456322374246, 0.008350981557615632864, 0.008750798108262262606, 0.009150614658908894083, 0.009550431209555523826, 0.009950247760202153569, 0.01035006431084878505, 0.01074988086149541652, 0.01114969741214204627, 0.01154951396278867601, 0.01234914706408193723 ),
 .UNSPECIFIED. ) ;
#10623 = CARTESIAN_POINT ( 'NONE',  ( 31.00000000000000000, 81.00000000000000000, 4.000000000000000000 ) ) ;
#10624 = FACE_OUTER_BOUND ( 'NONE', #8411, .T. ) ;
#10625 = CARTESIAN_POINT ( 'NONE',  ( -9.361408682914866830, 10.41030262302256482, 9.044205745375567318 ) ) ;
#10626 = EDGE_CURVE ( 'NONE', #9298, #12850, #2325, .T. ) ;
#10627 = EDGE_CURVE ( 'NONE', #5376, #2053, #2933, .T. ) ;
#10628 = DIRECTION ( 'NONE',  ( -0.000000000000000000, -1.000000000000000000, -0.000000000000000000 ) ) ;
#10629 = FACE_BOUND ( 'NONE', #11461, .T. ) ;
#10630 = VERTEX_POINT ( 'NONE', #1244 ) ;
#10631 = CARTESIAN_POINT ( 'NONE',  ( 122.2999999999999972, 2.081899558550508908E-16, 6.000000000000000000 ) ) ;
#10632 = VERTEX_POINT ( 'NONE', #3310 ) ;
#10633 = EDGE_CURVE ( 'NONE', #6308, #2253, #12959, .T. ) ;
#10634 = DATE_AND_TIME ( #4645, #5673 ) ;
#10635 = CARTESIAN_POINT ( 'NONE',  ( 0.000000000000000000, 67.50000000000000000, 6.000000000000000000 ) ) ;
#10636 = CARTESIAN_POINT ( 'NONE',  ( 21.70006951123505345, -0.000000000000000000, 11.77491600511191550 ) ) ;
#10637 = B_SPLINE_CURVE_WITH_KNOTS ( 'NONE', 3,
 ( #2474, #7474, #6532, #10642, #1533, #5568, #11569, #9591, #1597, #8457, #5630, #10708, #9654, #598, #4527, #528, #3667, #4655 ),
 .UNSPECIFIED., .F., .F.,
 ( 4, 2, 2, 2, 2, 2, 2, 2, 4 ),
 ( 0.000000000000000000, 0.06250000000000000000, 0.1250000000000000000, 0.1875000000000000000, 0.2500000000000000000, 0.3125000000000000000, 0.3750000000000000000, 0.4375000000000000000, 0.5000000000000000000 ),
 .UNSPECIFIED. ) ;
#10638 = DIRECTION ( 'NONE',  ( -1.000000000000000000, 0.000000000000000000, 0.000000000000000000 ) ) ;
#10639 = CARTESIAN_POINT ( 'NONE',  ( 2.270144640882241216, -1.313331601357424328, 0.000000000000000000 ) ) ;
#10640 = VECTOR ( 'NONE', #6916, 1000.000000000000000 ) ;
#10641 = DIRECTION ( 'NONE',  ( -1.000000000000000000, 0.000000000000000000, -0.000000000000000000 ) ) ;
#10642 = CARTESIAN_POINT ( 'NONE',  ( 125.4845235095464773, 0.8585389317909373208, -0.000000000000000000 ) ) ;
#10643 = APPROVAL_STATUS ( 'not_yet_approved' ) ;
#10644 = ORIENTED_EDGE ( 'NONE', *, *, #4920, .T. ) ;
#10645 = ORIENTED_EDGE ( 'NONE', *, *, #203, .T. ) ;
#10646 = DATE_TIME_ROLE ( 'classification_date' ) ;
#10647 = ORIENTED_EDGE ( 'NONE', *, *, #10042, .T. ) ;
#10648 = PERSON_AND_ORGANIZATION_ROLE ( 'classification_officer' ) ;
#10649 = CARTESIAN_POINT ( 'NONE',  ( 35.00000000000000000, -70.00000000000000000, 0.000000000000000000 ) ) ;
#10650 = CARTESIAN_POINT ( 'NONE',  ( 10.37022664714423570, 9.408763276675836451, 6.837751006154996425 ) ) ;
#10651 = CARTESIAN_POINT ( 'NONE',  ( 10.00000000000000000, 10.50000000000000000, 3.000000000000016431 ) ) ;
#10652 = CARTESIAN_POINT ( 'NONE',  ( -18.63871090099695493, -0.000000000000000000, 13.04297226076415939 ) ) ;
#10653 = EDGE_LOOP ( 'NONE', ( #13001, #12187, #8458, #8234 ) ) ;
#10654 = VERTEX_POINT ( 'NONE', #12284 ) ;
#10655 = VECTOR ( 'NONE', #9550, 1000.000000000000000 ) ;
#10656 = ORIENTED_EDGE ( 'NONE', *, *, #8006, .F. ) ;
#10657 = VERTEX_POINT ( 'NONE', #8868 ) ;
#10658 = DATE_AND_TIME ( #6611, #5742 ) ;
#10659 = CARTESIAN_POINT ( 'NONE',  ( -16.00000000000000000, 6.000000000000000000, 16.00000000000000000 ) ) ;
#10660 = ORIENTED_EDGE ( 'NONE', *, *, #6069, .F. ) ;
#10661 = CARTESIAN_POINT ( 'NONE',  ( 2.599999999999999645, -0.3449632722246336325, -0.000000000000000000 ) ) ;
#10662 = DIRECTION ( 'NONE',  ( 1.000000000000000000, 0.000000000000000000, 0.000000000000000000 ) ) ;
#10663 = ADVANCED_FACE ( 'NONE', ( #11034 ), #4858, .T. ) ;
#10664 = LINE ( 'NONE', #6498, #4825 ) ;
#10665 = VECTOR ( 'NONE', #10912, 1000.000000000000000 ) ;
#10666 = LINE ( 'NONE', #8623, #8377 ) ;
#10667 = VECTOR ( 'NONE', #1059, 1000.000000000000000 ) ;
#10668 = LINE ( 'NONE', #12599, #7611 ) ;
#10669 = FACE_OUTER_BOUND ( 'NONE', #6649, .T. ) ;
#10670 = DIRECTION ( 'NONE',  ( 0.000000000000000000, 0.000000000000000000, -1.000000000000000000 ) ) ;
#10671 = ORIENTED_EDGE ( 'NONE', *, *, #8177, .T. ) ;
#10672 = ORIENTED_EDGE ( 'NONE', *, *, #1828, .T. ) ;
#10673 = EDGE_CURVE ( 'NONE', #5308, #12120, #7917, .T. ) ;
#10674 = DIRECTION ( 'NONE',  ( 0.000000000000000000, 1.000000000000000000, 0.000000000000000000 ) ) ;
#10675 = DATE_AND_TIME ( #3643, #4735 ) ;
#10676 = DATE_AND_TIME ( #9762, #5543 ) ;
#10677 = ORIENTED_EDGE ( 'NONE', *, *, #8134, .F. ) ;
#10678 = APPROVAL_DATE_TIME ( #7641, #10275 ) ;
#10679 = DIRECTION ( 'NONE',  ( 1.000000000000000000, 0.000000000000000000, 0.000000000000000000 ) ) ;
#10680 = EDGE_LOOP ( 'NONE', ( #6227, #6727, #9595, #11061 ) ) ;
#10681 = VECTOR ( 'NONE', #2791, 1000.000000000000000 ) ;
#10682 = ADVANCED_FACE ( 'NONE', ( #9854 ), #7312, .F. ) ;
#10683 = FACE_OUTER_BOUND ( 'NONE', #289, .T. ) ;
#10684 = CARTESIAN_POINT ( 'NONE',  ( 0.000000000000000000, 0.000000000000000000, 40.00000000000000000 ) ) ;
#10685 = CC_DESIGN_DATE_AND_TIME_ASSIGNMENT ( #175, #11287, ( #12188 ) ) ;
#10686 = CC_DESIGN_PERSON_AND_ORGANIZATION_ASSIGNMENT ( #11643, #9841, ( #3866 ) ) ;
#10687 = VECTOR ( 'NONE', #10922, 1000.000000000000000 ) ;
#10688 = LINE ( 'NONE', #1646, #2117 ) ;
#10689 = VECTOR ( 'NONE', #10726, 1000.000000000000000 ) ;
#10690 = CYLINDRICAL_SURFACE ( 'NONE', #2699, 1.700000000000000178 ) ;
#10691 = CARTESIAN_POINT ( 'NONE',  ( -20.00000000000000000, -12.00000000000000000, 2.000000000000000000 ) ) ;
#10692 = EDGE_LOOP ( 'NONE', ( #10931, #3673, #7481, #8279 ) ) ;
#10693 = LINE ( 'NONE', #5679, #5687 ) ;
#10695 = ORIENTED_EDGE ( 'NONE', *, *, #11992, .F. ) ;
#10694 = VECTOR ( 'NONE', #11769, 1000.000000000000000 ) ;
#10696 = DATE_TIME_ROLE ( 'classification_date' ) ;
#10697 = LINE ( 'NONE', #12122, #11086 ) ;
#10698 = EDGE_LOOP ( 'NONE', ( #11019, #9758, #1500, #11644 ) ) ;
#10699 = DIRECTION ( 'NONE',  ( 1.000000000000000000, 0.000000000000000000, 0.000000000000000000 ) ) ;
#10700 = EDGE_CURVE ( 'NONE', #9451, #3101, #245, .T. ) ;
#10701 = AXIS2_PLACEMENT_3D ( 'NONE', #2718, #643, #3765 ) ;
#10702 = ADVANCED_FACE ( 'NONE', ( #2250 ), #5286, .F. ) ;
#10703 = AXIS2_PLACEMENT_3D ( 'NONE', #12901, #5772, #803 ) ;
#10704 = CARTESIAN_POINT ( 'NONE',  ( -24.30000000000000071, -45.00000000000000000, 0.000000000000000000 ) ) ;
#10705 = EDGE_CURVE ( 'NONE', #12601, #5360, #6990, .T. ) ;
#10706 = CARTESIAN_POINT ( 'NONE',  ( -11.94584366002183273, 7.300467076545174905, 10.13164965557787767 ) ) ;
#10707 = FACE_BOUND ( 'NONE', #3680, .T. ) ;
#10708 = CARTESIAN_POINT ( 'NONE',  ( 123.1414610682127631, 1.484523509544901643, -0.000000000000000000 ) ) ;
#10709 = COORDINATED_UNIVERSAL_TIME_OFFSET ( 5, 0, .BEHIND. ) ;
#10710 = CARTESIAN_POINT ( 'NONE',  ( 24.30000000000000071, 45.00000000000000000, -1.200000000000000030E-05 ) ) ;
#10711 = AXIS2_PLACEMENT_3D ( 'NONE', #6346, #12149, #11233 ) ;
#10712 = VECTOR ( 'NONE', #4601, 1000.000000000000000 ) ;
#10713 = ORIENTED_EDGE ( 'NONE', *, *, #3176, .T. ) ;
#10714 = ORIENTED_EDGE ( 'NONE', *, *, #7866, .T. ) ;
#10715 = PERSON_AND_ORGANIZATION ( #10348, #5451 ) ;
#10716 = VERTEX_POINT ( 'NONE', #10225 ) ;
#10717 = APPROVAL_STATUS ( 'not_yet_approved' ) ;
#10718 = LINE ( 'NONE', #12818, #12236 ) ;
#10719 = VECTOR ( 'NONE', #11308, 1000.000000000000000 ) ;
#10720 = VECTOR ( 'NONE', #9061, 1000.000000000000000 ) ;
#10721 = CARTESIAN_POINT ( 'NONE',  ( -12.00000000000000000, -12.00000000000000000, 0.000000000000000000 ) ) ;
#10722 = CARTESIAN_POINT ( 'NONE',  ( 9.028198879604028448, 10.70007593451009953, 8.366875471380069484 ) ) ;
#10723 = CARTESIAN_POINT ( 'NONE',  ( 183.0000000000000000, 146.0000000000000000, 3.000000000000002665 ) ) ;
#10724 = SECURITY_CLASSIFICATION ( '', '', #10496 ) ;
#10725 = CIRCLE ( 'NONE', #2262, 1.700000000000007061 ) ;
#10726 = DIRECTION ( 'NONE',  ( -0.000000000000000000, -0.000000000000000000, -1.000000000000000000 ) ) ;
#10727 = DIRECTION ( 'NONE',  ( -0.000000000000000000, -0.000000000000000000, 1.000000000000000000 ) ) ;
#10728 = VERTEX_POINT ( 'NONE', #1162 ) ;
#10729 = ORIENTED_EDGE ( 'NONE', *, *, #6419, .F. ) ;
#10730 = ORIENTED_EDGE ( 'NONE', *, *, #1165, .F. ) ;
#10731 = EDGE_LOOP ( 'NONE', ( #3772, #2287 ) ) ;
#10732 = CARTESIAN_POINT ( 'NONE',  ( 2.270144640882241216, -1.313331601357424328, 0.000000000000000000 ) ) ;
#10733 = CC_DESIGN_SECURITY_CLASSIFICATION ( #164, ( #13082 ) ) ;
#10734 = DIRECTION ( 'NONE',  ( 0.000000000000000000, 0.000000000000000000, -1.000000000000000000 ) ) ;
#10735 = DIRECTION ( 'NONE',  ( 0.000000000000000000, 0.000000000000000000, -1.000000000000000000 ) ) ;
#10736 = PERSON_AND_ORGANIZATION_ROLE ( 'design_owner' ) ;
#10737 = DIRECTION ( 'NONE',  ( -1.000000000000000000, 0.000000000000000000, 0.000000000000000000 ) ) ;
#10738 = CARTESIAN_POINT ( 'NONE',  ( 2.600000000000000089, 0.000000000000000000, -6.000000000000000152E-06 ) ) ;
#10739 = ORIENTED_EDGE ( 'NONE', *, *, #8343, .T. ) ;
#10740 = ORIENTED_EDGE ( 'NONE', *, *, #8594, .F. ) ;
#10741 = UNCERTAINTY_MEASURE_WITH_UNIT (LENGTH_MEASURE( 1.000000000000000082E-05 ), #12540, 'distance_accuracy_value', 'NONE');
#10742 = EDGE_CURVE ( 'NONE', #3960, #4086, #247, .T. ) ;
#10743 = DIRECTION ( 'NONE',  ( 0.000000000000000000, -0.000000000000000000, 1.000000000000000000 ) ) ;
#10744 = CALENDAR_DATE ( 2026, 21, 9 ) ;
#10745 = DIRECTION ( 'NONE',  ( -1.000000000000000000, 0.000000000000000000, 0.000000000000000000 ) ) ;
#10746 = VECTOR ( 'NONE', #7393, 1000.000000000000000 ) ;
#10747 = EDGE_LOOP ( 'NONE', ( #2465, #10316, #1166, #9618 ) ) ;
#10748 = DIRECTION ( 'NONE',  ( 0.000000000000000000, 1.000000000000000000, 0.000000000000000000 ) ) ;
#10749 = LINE ( 'NONE', #5793, #5011 ) ;
#10750 = VECTOR ( 'NONE', #6223, 1000.000000000000000 ) ;
#10751 = VECTOR ( 'NONE', #4873, 1000.000000000000000 ) ;
#10752 = CARTESIAN_POINT ( 'NONE',  ( 0.000000000000000000, 62.50000000000000000, 0.000000000000000000 ) ) ;
#10753 = CARTESIAN_POINT ( 'NONE',  ( 14.44263793983941824, 71.65679534101303716, -0.000000000000000000 ) ) ;
#10754 = EDGE_CURVE ( 'NONE', #6703, #10203, #12348, .T. ) ;
#10755 = ORIENTED_EDGE ( 'NONE', *, *, #1006, .F. ) ;
#10756 = CARTESIAN_POINT ( 'NONE',  ( -14.00000000000000000, 9.000000000000000000, 8.500000000000000000 ) ) ;
#10757 = AXIS2_PLACEMENT_3D ( 'NONE', #2321, #5354, #8879 ) ;
#10758 = CALENDAR_DATE ( 2026, 21, 9 ) ;
#10759 = ORIENTED_EDGE ( 'NONE', *, *, #10007, .T. ) ;
#10760 = DIRECTION ( 'NONE',  ( 1.000000000000000000, 0.000000000000000000, 0.000000000000000000 ) ) ;
#10761 = ORIENTED_EDGE ( 'NONE', *, *, #4828, .F. ) ;
#10762 = CARTESIAN_POINT ( 'NONE',  ( 134.9570277392412549, -1.361289099004650893, -0.000000000000000000 ) ) ;
#10763 = APPROVAL ( #12438, 'ๆช' ) ;
#10764 = VECTOR ( 'NONE', #5382, 1000.000000000000000 ) ;
#10765 = VECTOR ( 'NONE', #8798, 1000.000000000000000 ) ;
#10766 = ADVANCED_FACE ( 'NONE', ( #6581 ), #513, .F. ) ;
#10767 = LINE ( 'NONE', #4720, #7691 ) ;
#10768 = CARTESIAN_POINT ( 'NONE',  ( -14.00000000000000000, 0.000000000000000000, 18.00000000000000355 ) ) ;
#10769 = CALENDAR_DATE ( 2026, 21, 9 ) ;
#10770 = VECTOR ( 'NONE', #4148, 1000.000000000000000 ) ;
#10771 = EDGE_CURVE ( 'NONE', #6928, #1268, #12548, .T. ) ;
#10772 = DIRECTION ( 'NONE',  ( -0.000000000000000000, -0.000000000000000000, 1.000000000000000000 ) ) ;
#10773 = CIRCLE ( 'NONE', #1717, 1.700000000000000178 ) ;
#10774 = EDGE_CURVE ( 'NONE', #1618, #12103, #7604, .T. ) ;
#10775 = ORIENTED_EDGE ( 'NONE', *, *, #6121, .F. ) ;
#10776 = ORIENTED_EDGE ( 'NONE', *, *, #2151, .T. ) ;
#10777 = PERSON_AND_ORGANIZATION ( #8622, #4185 ) ;
#10778 = CARTESIAN_POINT ( 'NONE',  ( 21.00000000000000000, 12.00000000000000000, 3.000000000000000000 ) ) ;
#10779 = ORIENTED_EDGE ( 'NONE', *, *, #1598, .T. ) ;
#10780 = DIRECTION ( 'NONE',  ( 0.000000000000000000, 0.000000000000000000, -1.000000000000000000 ) ) ;
#10781 = CC_DESIGN_PERSON_AND_ORGANIZATION_ASSIGNMENT ( #9346, #2428, ( #4750 ) ) ;
#10782 = DIRECTION ( 'NONE',  ( -1.000000000000000000, 0.000000000000000000, 0.000000000000000000 ) ) ;
#10783 = CARTESIAN_POINT ( 'NONE',  ( -20.22508399488666697, 0.000000000000000000, 10.29993048876420936 ) ) ;
#10784 = CARTESIAN_POINT ( 'NONE',  ( 3.000000000000000000, 146.0000000000000000, 83.00000000000000000 ) ) ;
#10785 = APPLICATION_CONTEXT ( 'configuration controlled 3d designs of mechanical parts and assemblies' ) ;
#10786 = CIRCLE ( 'NONE', #6117, 2.600000000000000089 ) ;
#10787 = CARTESIAN_POINT ( 'NONE',  ( 0.5999999999999999778, 0.000000000000000000, 4.000000000000000000 ) ) ;
#10788 = ADVANCED_FACE ( 'NONE', ( #2526, #8566, #4372, #4511, #10629, #1582, #9576, #4641, #9512, #1522, #9635, #8506, #4573 ), #5357, .F. ) ;
#10789 = CARTESIAN_POINT ( 'NONE',  ( -30.50000000000000000, 10.00000000000000000, 35.00000000000000000 ) ) ;
#10790 = VERTEX_POINT ( 'NONE', #11691 ) ;
#10791 = ADVANCED_FACE ( 'NONE', ( #6519 ), #10426, .F. ) ;
#10792 = ORIENTED_EDGE ( 'NONE', *, *, #2733, .F. ) ;
#10793 = EDGE_CURVE ( 'NONE', #6746, #6620, #3586, .T. ) ;
#10794 = VERTEX_POINT ( 'NONE', #2603 ) ;
#10795 = CARTESIAN_POINT ( 'NONE',  ( -0.6767903974405510281, -2.533959238176743956, -0.000000000000000000 ) ) ;
#10796 = CARTESIAN_POINT ( 'NONE',  ( 8.099999999999999645, 70.00000000000000000, 0.000000000000000000 ) ) ;
#10797 = DIRECTION ( 'NONE',  ( 1.000000000000000000, 0.000000000000000000, 0.000000000000000000 ) ) ;
#10798 = CC_DESIGN_APPROVAL ( #1663, ( #12732 ) ) ;
#10799 = DIRECTION ( 'NONE',  ( -0.000000000000000000, -0.000000000000000000, 1.000000000000000000 ) ) ;
#10800 = CARTESIAN_POINT ( 'NONE',  ( -35.00000000000000000, -70.00000000000000000, 5.000000000000000000 ) ) ;
#10801 = EDGE_LOOP ( 'NONE', ( #3742, #11807, #5885, #562 ) ) ;
#10802 = ORIENTED_EDGE ( 'NONE', *, *, #8003, .T. ) ;
#10803 = FACE_OUTER_BOUND ( 'NONE', #5311, .T. ) ;
#10804 = PERSON_AND_ORGANIZATION ( #2675, #9931 ) ;
#10805 = ORIENTED_EDGE ( 'NONE', *, *, #1679, .T. ) ;
#10806 = CC_DESIGN_APPROVAL ( #904, ( #4282 ) ) ;
#10807 = CARTESIAN_POINT ( 'NONE',  ( 21.65666690099451941, -13.55741526174869449, -0.000000000000000000 ) ) ;
#10808 = EDGE_LOOP ( 'NONE', ( #9478, #8799, #3778, #9542 ) ) ;
#10809 = APPROVAL_ROLE ( '' ) ;
#10810 = CARTESIAN_POINT ( 'NONE',  ( 31.00000000000000000, -1.200000000000000030E-05, 11.29999999999999893 ) ) ;
#10811 = LOCAL_TIME ( 12, 23, 50.00000000000000000, #5208 ) ;
#10812 = LINE ( 'NONE', #9705, #9288 ) ;
#10813 = CARTESIAN_POINT ( 'NONE',  ( 12.34320465898919394, 70.44263793985065547, -0.000000000000000000 ) ) ;
#10814 = ORIENTED_EDGE ( 'NONE', *, *, #11317, .T. ) ;
#10815 = CARTESIAN_POINT ( 'NONE',  ( 0.000000000000000000, 14.00000000000000000, 0.000000000000000000 ) ) ;
#10816 = CALENDAR_DATE ( 2026, 21, 9 ) ;
#10817 = EDGE_LOOP ( 'NONE', ( #1011, #6039 ) ) ;
#10818 = COORDINATED_UNIVERSAL_TIME_OFFSET ( 5, 0, .BEHIND. ) ;
#10819 = CARTESIAN_POINT ( 'NONE',  ( 134.3432046589899471, 0.4426379398539287413, -0.000000000000000000 ) ) ;
#10820 = CARTESIAN_POINT ( 'NONE',  ( 134.5154764904533806, -0.8585389317906795270, -0.000000000000000000 ) ) ;
#10821 = CC_DESIGN_APPROVAL ( #591, ( #8715 ) ) ;
#10822 = EDGE_CURVE ( 'NONE', #5155, #2257, #5614, .T. ) ;
#10823 = CARTESIAN_POINT ( 'NONE',  ( 31.00000000000000000, -1.200000000000000030E-05, 4.000000000000000000 ) ) ;
#10824 = DIRECTION ( 'NONE',  ( -1.000000000000000000, -0.000000000000000000, -0.000000000000000000 ) ) ;
#10825 = CARTESIAN_POINT ( 'NONE',  ( 31.19999999999999929, 59.50000000000000000, -1.200000000000000030E-05 ) ) ;
#10826 = ADVANCED_BREP_SHAPE_REPRESENTATION ( '', ( #11840, #6542 ), #2789 ) ;
#10827 = CALENDAR_DATE ( 2026, 21, 9 ) ;
#10828 = DIRECTION ( 'NONE',  ( 0.000000000000000000, 0.000000000000000000, -1.000000000000000000 ) ) ;
#10829 = DATE_AND_TIME ( #5814, #3577 ) ;
#10830 = DIRECTION ( 'NONE',  ( 0.000000000000000000, 0.000000000000000000, -1.000000000000000000 ) ) ;
#10831 = PERSON_AND_ORGANIZATION ( #2675, #9931 ) ;
#10832 = EDGE_LOOP ( 'NONE', ( #7881, #2887, #196, #5912 ) ) ;
#10833 = CARTESIAN_POINT ( 'NONE',  ( 10.50000000000000000, -1.300000000000000044, -0.09997027095160138099 ) ) ;
#10834 = DIRECTION ( 'NONE',  ( 0.000000000000000000, 0.000000000000000000, -1.000000000000000000 ) ) ;
#10835 = EDGE_CURVE ( 'NONE', #9011, #5618, #9378, .T. ) ;
#10836 = CARTESIAN_POINT ( 'NONE',  ( -20.44258473825104261, -0.000000000000000000, 10.34333309900522124 ) ) ;
#10837 = CARTESIAN_POINT ( 'NONE',  ( -28.00000000000000000, 8.000000000000000000, 24.00000000000000000 ) ) ;
#10839 = EDGE_CURVE ( 'NONE', #3738, #7092, #10773, .T. ) ;
#10838 = CC_DESIGN_DATE_AND_TIME_ASSIGNMENT ( #2254, #3463, ( #2522 ) ) ;
#10840 = CC_DESIGN_PERSON_AND_ORGANIZATION_ASSIGNMENT ( #4475, #3142, ( #510 ) ) ;
#10841 = CARTESIAN_POINT ( 'NONE',  ( -19.14146106821090143, -0.000000000000000000, 13.48452350954438650 ) ) ;
#10842 = DIRECTION ( 'NONE',  ( 0.000000000000000000, -0.000000000000000000, -1.000000000000000000 ) ) ;
#10843 = ORIENTED_EDGE ( 'NONE', *, *, #522, .T. ) ;
#10844 = VERTEX_POINT ( 'NONE', #3654 ) ;
#10845 = VERTEX_POINT ( 'NONE', #10364 ) ;
#10846 = ORIENTED_EDGE ( 'NONE', *, *, #12886, .T. ) ;
#10847 = DIRECTION ( 'NONE',  ( 1.000000000000000000, 0.000000000000000000, -0.000000000000000000 ) ) ;
#10848 = LINE ( 'NONE', #11788, #7045 ) ;
#10849 = APPROVAL_STATUS ( 'not_yet_approved' ) ;
#10850 = ADVANCED_FACE ( 'NONE', ( #1314 ), #8371, .F. ) ;
#10851 = EDGE_CURVE ( 'NONE', #4759, #5933, #1375, .T. ) ;
#10852 = CARTESIAN_POINT ( 'NONE',  ( -21.00000000000000000, 8.000000000000000000, 17.00000000000000000 ) ) ;
#10853 = CARTESIAN_POINT ( 'NONE',  ( -10.50000000000000000, 80.50000000000000000, -1.200000000000000030E-05 ) ) ;
#10854 = EDGE_CURVE ( 'NONE', #8858, #7683, #4442, .T. ) ;
#10855 = DIRECTION ( 'NONE',  ( -1.000000000000000000, 0.000000000000000000, 0.000000000000000000 ) ) ;
#10856 = ORIENTED_EDGE ( 'NONE', *, *, #5977, .T. ) ;
#10857 = VERTEX_POINT ( 'NONE', #7459 ) ;
#10858 = CARTESIAN_POINT ( 'NONE',  ( -10.04287395703199870, 67.36119079527041720, 0.000000000000000000 ) ) ;
#10859 = CYLINDRICAL_SURFACE ( 'NONE', #10944, 5.500000000000000000 ) ;
#10860 = PERSON_AND_ORGANIZATION_ROLE ( 'creator' ) ;
#10861 = ORIENTED_EDGE ( 'NONE', *, *, #7930, .F. ) ;
#10862 = LINE ( 'NONE', #9813, #3319 ) ;
#10863 = ORIENTED_EDGE ( 'NONE', *, *, #5553, .F. ) ;
#10864 = PERSON_AND_ORGANIZATION ( #2675, #9931 ) ;
#10865 = VECTOR ( 'NONE', #9210, 1000.000000000000000 ) ;
#10866 = DIRECTION ( 'NONE',  ( -0.000000000000000000, -0.000000000000000000, -1.000000000000000000 ) ) ;
#10867 = DIRECTION ( 'NONE',  ( 0.000000000000000000, -0.000000000000000000, 1.000000000000000000 ) ) ;
#10868 = LINE ( 'NONE', #1834, #5905 ) ;
#10869 = EDGE_CURVE ( 'NONE', #12902, #5327, #1455, .T. ) ;
#10870 = CARTESIAN_POINT ( 'NONE',  ( 17.00000000000000000, 10.00000000000000000, 25.00000000000000000 ) ) ;
#10871 = DIRECTION ( 'NONE',  ( 0.000000000000000000, 0.000000000000000000, 1.000000000000000000 ) ) ;
#10872 = VECTOR ( 'NONE', #5992, 1000.000000000000000 ) ;
#10873 = DATE_TIME_ROLE ( 'creation_date' ) ;
#10874 = ORIENTED_EDGE ( 'NONE', *, *, #3841, .T. ) ;
#10875 = DATE_AND_TIME ( #957, #10517 ) ;
#10876 = DIRECTION ( 'NONE',  ( -1.000000000000000000, 0.000000000000000000, 0.000000000000000000 ) ) ;
#10877 = ORIENTED_EDGE ( 'NONE', *, *, #9330, .T. ) ;
#10878 = DIRECTION ( 'NONE',  ( -1.000000000000000000, 0.000000000000000000, 0.000000000000000000 ) ) ;
#10879 = CIRCLE ( 'NONE', #7516, 1.700000000000000178 ) ;
#10880 = LINE ( 'NONE', #4842, #308 ) ;
#10881 = AXIS2_PLACEMENT_3D ( 'NONE', #482, #12517, #3488 ) ;
#10882 = FACE_BOUND ( 'NONE', #3015, .T. ) ;
#10883 = CARTESIAN_POINT ( 'NONE',  ( -20.00000000000000000, -6.000000000000000152E-06, 10.30000000000000071 ) ) ;
#10884 = EDGE_LOOP ( 'NONE', ( #1469, #4967, #9495, #12268 ) ) ;
#10885 = ADVANCED_FACE ( 'NONE', ( #5676 ), #8835, .F. ) ;
#10886 = DATE_TIME_ROLE ( 'classification_date' ) ;
#10887 = LINE ( 'NONE', #8538, #8114 ) ;
#10888 = CIRCLE ( 'NONE', #8985, 5.799999999999999822 ) ;
#10889 = ORIENTED_EDGE ( 'NONE', *, *, #10941, .T. ) ;
#10890 = CARTESIAN_POINT ( 'NONE',  ( -12.90000000000000036, 0.000000000000000000, 16.00000000000000000 ) ) ;
#10891 = CARTESIAN_POINT ( 'NONE',  ( -20.22508399488682329, 12.30006951123579384, 0.000000000000000000 ) ) ;
#10892 = B_SPLINE_CURVE_WITH_KNOTS ( 'NONE', 3,
 ( #2670, #387, #3527, #6650, #1321, #9384, #9644, #9517, #8379, #7526, #12429, #520, #10568, #12557, #7467, #8512, #2403, #4583, #1529, #12631, #7398, #320, #4378, #3396, #3592, #6402, #5422, #6525, #2466, #12697 ),
 .UNSPECIFIED., .F., .F.,
 ( 4, 2, 2, 2, 2, 2, 2, 2, 2, 2, 2, 2, 2, 2, 4 ),
 ( 0.000000000000000000, 0.0007440102817169829937, 0.001116015422575474111, 0.001488020563433965337, 0.001860025704292456563, 0.002232030845150947788, 0.002604035986009438797, 0.002976041126867930240, 0.003348046267726420382, 0.003720051408584912258, 0.004092056549443403267, 0.004464061690301895577, 0.004836066831160386152, 0.005208071972018878462, 0.005952082253735858745 ),
 .UNSPECIFIED. ) ;
#10893 = CARTESIAN_POINT ( 'NONE',  ( -18.30000000000000071, -14.00000000000000000, -6.000000000000000152E-06 ) ) ;
#10894 = B_SPLINE_CURVE_WITH_KNOTS ( 'NONE', 3,
 ( #5724, #1622, #5777, #4806, #6865, #1694, #8808, #5833, #1875, #5887, #9861, #8875, #5652, #9685, #624, #808, #3690, #4688 ),
 .UNSPECIFIED., .F., .F.,
 ( 4, 2, 2, 2, 2, 2, 2, 2, 4 ),
 ( -3.330669073875469621E-16, 0.06249999999999980571, 0.1249999999999999445, 0.1875000000000000833, 0.2500000000000002220, 0.3125000000000002776, 0.3750000000000002776, 0.4375000000000003331, 0.5000000000000003331 ),
 .UNSPECIFIED. ) ;
#10895 = CARTESIAN_POINT ( 'NONE',  ( -15.69999999999999929, 70.00000000000000000, -6.000000000000000152E-06 ) ) ;
#10896 = CARTESIAN_POINT ( 'NONE',  ( -9.000000000000000000, 80.49999999999998579, 2.299999999999999822 ) ) ;
#10897 = SHAPE_REPRESENTATION ( 'V3_REF_gripper_finger', ( #6542 ), #4704 ) ;
#10898 = VECTOR ( 'NONE', #4367, 1000.000000000000000 ) ;
#10899 = CARTESIAN_POINT ( 'NONE',  ( -19.14151426980785331, 15.48439506952757050, 0.000000000000000000 ) ) ;
#10900 = DIRECTION ( 'NONE',  ( -1.000000000000000000, 0.000000000000000000, 0.000000000000000000 ) ) ;
#10901 = CARTESIAN_POINT ( 'NONE',  ( 19.00000000000000000, 2.326828918379970970E-15, 4.000000000000000000 ) ) ;
#10902 = EDGE_CURVE ( 'NONE', #9002, #6803, #4893, .T. ) ;
#10903 = ORIENTED_EDGE ( 'NONE', *, *, #12801, .F. ) ;
#10904 = DIRECTION ( 'NONE',  ( 0.000000000000000000, 0.000000000000000000, 1.000000000000000000 ) ) ;
#10905 = DIRECTION ( 'NONE',  ( 0.000000000000000000, 0.000000000000000000, -1.000000000000000000 ) ) ;
#10906 = AXIS2_PLACEMENT_3D ( 'NONE', #5425, #390, #5498 ) ;
#10907 = CYLINDRICAL_SURFACE ( 'NONE', #9433, 2.000000000000001776 ) ;
#10908 = CC_DESIGN_PERSON_AND_ORGANIZATION_ASSIGNMENT ( #10600, #8514, ( #3016 ) ) ;
#10909 = CARTESIAN_POINT ( 'NONE',  ( -10.69999999999999929, 66.00000000000000000, -6.000000000000000152E-06 ) ) ;
#10910 = LOCAL_TIME ( 12, 23, 50.00000000000000000, #12017 ) ;
#10911 = VECTOR ( 'NONE', #11895, 1000.000000000000000 ) ;
#10912 = DIRECTION ( 'NONE',  ( -0.000000000000000000, -0.000000000000000000, 1.000000000000000000 ) ) ;
#10913 = FACE_OUTER_BOUND ( 'NONE', #3150, .T. ) ;
#10914 = ORIENTED_EDGE ( 'NONE', *, *, #8551, .T. ) ;
#10915 = ORIENTED_EDGE ( 'NONE', *, *, #3704, .T. ) ;
#10916 = ADVANCED_FACE ( 'NONE', ( #773 ), #1837, .T. ) ;
#10917 = DIRECTION ( 'NONE',  ( -1.000000000000000000, 0.000000000000000000, -0.000000000000000000 ) ) ;
#10918 = APPROVAL_ROLE ( '' ) ;
#10919 = EDGE_CURVE ( 'NONE', #11558, #8425, #7487, .T. ) ;
#10920 = ORIENTED_EDGE ( 'NONE', *, *, #2220, .T. ) ;
#10921 = APPROVAL_PERSON_ORGANIZATION ( #5362, #4073, #8448 ) ;
#10922 = DIRECTION ( 'NONE',  ( -0.000000000000000000, -0.000000000000000000, 1.000000000000000000 ) ) ;
#10923 = EDGE_LOOP ( 'NONE', ( #5109, #12408, #4280, #6713 ) ) ;
#10924 = DATE_AND_TIME ( #1769, #9551 ) ;
#10925 = ADVANCED_FACE ( 'NONE', ( #7837 ), #3834, .F. ) ;
#10926 = DIRECTION ( 'NONE',  ( 1.000000000000000000, -0.000000000000000000, 0.000000000000000000 ) ) ;
#10927 = LINE ( 'NONE', #1897, #2502 ) ;
#10928 = APPROVAL_PERSON_ORGANIZATION ( #13054, #8903, #12991 ) ;
#10929 = DIRECTION ( 'NONE',  ( 1.000000000000000000, 0.000000000000000000, 0.000000000000000000 ) ) ;
#10930 = CARTESIAN_POINT ( 'NONE',  ( -5.799999999999999822, 70.00000000000000000, -1.200000000000000030E-05 ) ) ;
#10931 = ORIENTED_EDGE ( 'NONE', *, *, #12148, .F. ) ;
#10932 = CARTESIAN_POINT ( 'NONE',  ( 12.51560493047243305, 70.85848573019067942, 0.000000000000000000 ) ) ;
#10933 = CARTESIAN_POINT ( 'NONE',  ( 15.19999999999999929, 0.000000000000000000, 0.000000000000000000 ) ) ;
#10934 = AXIS2_PLACEMENT_3D ( 'NONE', #4495, #12405, #9498 ) ;
#10935 = PERSON_AND_ORGANIZATION ( #2675, #9931 ) ;
#10936 = EDGE_CURVE ( 'NONE', #12811, #1631, #6750, .T. ) ;
#10937 = SECURITY_CLASSIFICATION_LEVEL ( 'unclassified' ) ;
#10938 = CARTESIAN_POINT ( 'NONE',  ( 134.6387109009984613, 1.042972260763998849, -0.000000000000000000 ) ) ;
#10939 = VERTEX_POINT ( 'NONE', #10870 ) ;
#10940 = FACE_OUTER_BOUND ( 'NONE', #6067, .T. ) ;
#10941 = EDGE_CURVE ( 'NONE', #7462, #4815, #9773, .T. ) ;
#10942 =( REPRESENTATION_RELATIONSHIP ('NONE','NONE', #874, #2414 ) REPRESENTATION_RELATIONSHIP_WITH_TRANSFORMATION ( #3672 )SHAPE_REPRESENTATION_RELATIONSHIP( ) );
#10943 = AXIS2_PLACEMENT_3D ( 'NONE', #5192, #10411, #3289 ) ;
#10944 = AXIS2_PLACEMENT_3D ( 'NONE', #5540, #4754, #3574 ) ;
#10945 = CARTESIAN_POINT ( 'NONE',  ( 11.90000000000000036, -6.400000000000000355, 3.000000000000000000 ) ) ;
#10946 = CARTESIAN_POINT ( 'NONE',  ( 14.00000000000000000, 70.00000000000000000, -1.200000000000000030E-05 ) ) ;
#10947 = DIRECTION ( 'NONE',  ( 1.000000000000000000, 0.000000000000000000, 0.000000000000000000 ) ) ;
#10949 = AXIS2_PLACEMENT_3D ( 'NONE', #1870, #5884, #6918 ) ;
#10948 = CARTESIAN_POINT ( 'NONE',  ( 10.55101976734915326, 9.205879817082850636, 11.69999999999997975 ) ) ;
#10950 = ORIENTED_EDGE ( 'NONE', *, *, #9084, .T. ) ;
#10951 = B_SPLINE_CURVE_WITH_KNOTS ( 'NONE', 3,
 ( #4717, #6832, #8958, #4776, #12994, #3961, #8714, #12758, #8776, #3719, #7717, #11752, #2732, #12813, #3779, #6175, #238, #5981 ),
 .UNSPECIFIED., .F., .F.,
 ( 4, 2, 2, 2, 2, 2, 2, 2, 4 ),
 ( 0.5000000000000000000, 0.5625000000000000000, 0.6250000000000000000, 0.6875000000000000000, 0.7500000000000000000, 0.8125000000000000000, 0.8750000000000000000, 0.9375000000000000000, 1.000000000000000000 ),
 .UNSPECIFIED. ) ;
#10952 = CARTESIAN_POINT ( 'NONE',  ( -11.00000000000000000, 0.000000000000000000, 26.00000000000000000 ) ) ;
#10953 = CIRCLE ( 'NONE', #8437, 1.700000000000007061 ) ;
#10954 = LINE ( 'NONE', #10778, #12783 ) ;
#10955 = VECTOR ( 'NONE', #8605, 1000.000000000000000 ) ;
#10956 = EDGE_LOOP ( 'NONE', ( #10383, #304, #12261, #8362 ) ) ;
#10957 = CARTESIAN_POINT ( 'NONE',  ( -3.100000000000000089, 2.939152317953647106E-16, 29.00000000000000000 ) ) ;
#10958 = DIRECTION ( 'NONE',  ( -0.000000000000000000, -0.000000000000000000, 1.000000000000000000 ) ) ;
#10959 = AXIS2_PLACEMENT_3D ( 'NONE', #3452, #6322, #4810 ) ;
#10960 = CARTESIAN_POINT ( 'NONE',  ( -7.700000000000000178, -9.000000000000000000, -6.000000000000000152E-06 ) ) ;
#10961 = CIRCLE ( 'NONE', #3821, 5.799999999999999822 ) ;
#10962 = CYLINDRICAL_SURFACE ( 'NONE', #5649, 1.700000000000000178 ) ;
#10963 = CARTESIAN_POINT ( 'NONE',  ( -3.000000000000000000, 0.000000000000000000, 42.00000000000000000 ) ) ;
#10964 = AXIS2_PLACEMENT_3D ( 'NONE', #3518, #11428, #2395 ) ;
#10965 = CARTESIAN_POINT ( 'NONE',  ( 18.30000000000000071, -14.00000000000000000, -6.000000000000000152E-06 ) ) ;
#10966 = CARTESIAN_POINT ( 'NONE',  ( -18.95702773923595430, 15.36128909900278749, -0.000000000000000000 ) ) ;
#10967 = DIRECTION ( 'NONE',  ( 0.000000000000000000, -0.000000000000000000, 1.000000000000000000 ) ) ;
#10968 = ORIENTED_EDGE ( 'NONE', *, *, #9006, .T. ) ;
#10969 = PERSON ( 'NAUO-PER10', 'UNSPECIFIED', 'UNSPECIFIED', ('UNSPECIFIED'), ('UNSPECIFIED'), ('UNSPECIFIED') ) ;
#10970 = DIRECTION ( 'NONE',  ( 0.000000000000000000, -1.000000000000000000, 0.000000000000000000 ) ) ;
#10971 = ORIENTED_EDGE ( 'NONE', *, *, #9153, .F. ) ;
#10972 =( GEOMETRIC_REPRESENTATION_CONTEXT ( 3 ) GLOBAL_UNCERTAINTY_ASSIGNED_CONTEXT ( ( #548 ) ) GLOBAL_UNIT_ASSIGNED_CONTEXT ( ( #8922, #4668, #2863 ) ) REPRESENTATION_CONTEXT ( 'NONE', 'WORKASPACE' ) );
#10973 = AXIS2_PLACEMENT_3D ( 'NONE', #10210, #11267, #3361 ) ;
#10974 = CARTESIAN_POINT ( 'NONE',  ( 0.000000000000000000, 0.000000000000000000, 0.000000000000000000 ) ) ;
#10975 = LINE ( 'NONE', #6072, #10237 ) ;
#10976 = PERSON_AND_ORGANIZATION ( #2675, #9931 ) ;
#10977 = DIRECTION ( 'NONE',  ( -0.000000000000000000, -0.000000000000000000, 1.000000000000000000 ) ) ;
#10978 = EDGE_CURVE ( 'NONE', #12106, #5032, #7169, .T. ) ;
#10979 = DIRECTION ( 'NONE',  ( 0.000000000000000000, 0.000000000000000000, 1.000000000000000000 ) ) ;
#10980 = AXIS2_PLACEMENT_3D ( 'NONE', #5240, #9265, #12238 ) ;
#10981 = DIRECTION ( 'NONE',  ( -1.000000000000000000, 0.000000000000000000, 0.000000000000000000 ) ) ;
#10982 = LINE ( 'NONE', #4068, #6527 ) ;
#10983 = ORIENTED_EDGE ( 'NONE', *, *, #1945, .F. ) ;
#10984 = ORIENTED_EDGE ( 'NONE', *, *, #11259, .T. ) ;
#10985 = CC_DESIGN_PERSON_AND_ORGANIZATION_ASSIGNMENT ( #7478, #1009, ( #7661 ) ) ;
#10986 = CARTESIAN_POINT ( 'NONE',  ( 29.63880920472810132, 0.000000000000000000, 5.042873957030161058 ) ) ;
#10987 = PERSON_AND_ORGANIZATION ( #2675, #9931 ) ;
#10988 = APPLICATION_PROTOCOL_DEFINITION ( 'international standard', 'config_control_design', 1994, #8059 ) ;
#10989 = ORIENTED_EDGE ( 'NONE', *, *, #7858, .T. ) ;
#10990 = VERTEX_POINT ( 'NONE', #7892 ) ;
#10991 = APPROVAL_DATE_TIME ( #11800, #1979 ) ;
#10992 = LINE ( 'NONE', #7217, #12351 ) ;
#10993 = PERSON_AND_ORGANIZATION ( #2675, #9931 ) ;
#10994 = LOCAL_TIME ( 12, 23, 50.00000000000000000, #12392 ) ;
#10995 = CARTESIAN_POINT ( 'NONE',  ( -20.00000000000000000, 12.00000000000000000, 2.000000000000000000 ) ) ;
#10996 = EDGE_CURVE ( 'NONE', #937, #3181, #5857, .T. ) ;
#10997 = DIRECTION ( 'NONE',  ( 0.000000000000000000, 0.000000000000000000, 1.000000000000000000 ) ) ;
#10998 = EDGE_CURVE ( 'NONE', #194, #8488, #6892, .T. ) ;
#10999 = DIRECTION ( 'NONE',  ( 0.000000000000000000, 0.000000000000000000, -1.000000000000000000 ) ) ;
#11000 = CC_DESIGN_DATE_AND_TIME_ASSIGNMENT ( #4818, #6818, ( #9630 ) ) ;
#11001 = VERTEX_POINT ( 'NONE', #8767 ) ;
#11002 = PRODUCT_DEFINITION ( 'ๆ', '', #6561, #11779 ) ;
#11003 = PERSON_AND_ORGANIZATION ( #2675, #9931 ) ;
#11004 = CC_DESIGN_APPROVAL ( #5046, ( #8256 ) ) ;
#11005 = DIRECTION ( 'NONE',  ( 0.000000000000000000, 1.000000000000000000, 0.000000000000000000 ) ) ;
#11006 = COORDINATED_UNIVERSAL_TIME_OFFSET ( 5, 0, .BEHIND. ) ;
#11007 = ORIENTED_EDGE ( 'NONE', *, *, #1415, .T. ) ;
#11008 = VERTEX_POINT ( 'NONE', #894 ) ;
#11009 = DIRECTION ( 'NONE',  ( 0.000000000000000000, 0.000000000000000000, 1.000000000000000000 ) ) ;
#11010 = ORIENTED_EDGE ( 'NONE', *, *, #3977, .T. ) ;
#11011 = CARTESIAN_POINT ( 'NONE',  ( -18.30000000000000071, 14.00000000000000000, -6.000000000000000152E-06 ) ) ;
#11012 = APPROVAL_DATE_TIME ( #10658, #8255 ) ;
#11013 = CC_DESIGN_SECURITY_CLASSIFICATION ( #3875, ( #2616 ) ) ;
#11014 = EDGE_CURVE ( 'NONE', #3479, #7525, #5293, .T. ) ;
#11016 = EDGE_CURVE ( 'NONE', #6053, #11111, #9724, .T. ) ;
#11015 = CARTESIAN_POINT ( 'NONE',  ( 18.30000000000000071, 14.00000000000000000, -1.200000000000000030E-05 ) ) ;
#11017 = CARTESIAN_POINT ( 'NONE',  ( 9.843673541100129043, 9.955766678045158358, 8.590440972410966936 ) ) ;
#11018 = EDGE_CURVE ( 'NONE', #4087, #6396, #1505, .T. ) ;
#11019 = ORIENTED_EDGE ( 'NONE', *, *, #11901, .T. ) ;
#11020 = CYLINDRICAL_SURFACE ( 'NONE', #4799, 1.700000000000000178 ) ;
#11021 = APPROVAL_PERSON_ORGANIZATION ( #368, #591, #4429 ) ;
#11022 = ITEM_DEFINED_TRANSFORMATION ( 'NONE', 'NONE', #7830,  #6542 ) ;
#11023 = DIRECTION ( 'NONE',  ( -0.000000000000000000, -0.000000000000000000, -1.000000000000000000 ) ) ;
#11024 = EDGE_LOOP ( 'NONE', ( #12549, #8102, #9678, #889 ) ) ;
#11025 = DIRECTION ( 'NONE',  ( 1.000000000000000000, 0.000000000000000000, -0.000000000000000000 ) ) ;
#11026 = CARTESIAN_POINT ( 'NONE',  ( -18.63871090099695493, 12.95702773923621010, -0.000000000000000000 ) ) ;
#11027 = CARTESIAN_POINT ( 'NONE',  ( 19.77491600511317316, -15.69993048876420438, 0.000000000000000000 ) ) ;
#11028 = CARTESIAN_POINT ( 'NONE',  ( 0.000000000000000000, 0.000000000000000000, 0.000000000000000000 ) ) ;
#11029 = LINE ( 'NONE', #12768, #724 ) ;
#11030 = DIRECTION ( 'NONE',  ( -0.000000000000000000, -0.000000000000000000, 1.000000000000000000 ) ) ;
#11031 = DIRECTION ( 'NONE',  ( 0.000000000000000000, 0.000000000000000000, -1.000000000000000000 ) ) ;
#11032 = ADVANCED_FACE ( 'NONE', ( #7227 ), #12189, .F. ) ;
#11033 = CARTESIAN_POINT ( 'NONE',  ( 7.700000000000000178, -9.000000000000000000, -1.200000000000000030E-05 ) ) ;
#11034 = FACE_OUTER_BOUND ( 'NONE', #6174, .T. ) ;
#11035 = ORIENTED_EDGE ( 'NONE', *, *, #3594, .F. ) ;
#11036 = CARTESIAN_POINT ( 'NONE',  ( 17.00000000000000000, 10.00000000000000000, 28.00000000000000000 ) ) ;
#11037 = ORIENTED_EDGE ( 'NONE', *, *, #12579, .F. ) ;
#11038 = SHAPE_REPRESENTATION_RELATIONSHIP ( 'NONE' , 'NONE' ,  #10897, #12733 ) ;
#11039 = CARTESIAN_POINT ( 'NONE',  ( 13.77491600510868786, 68.30006951123358760, 0.000000000000000000 ) ) ;
#11040 = LINE ( 'NONE', #6011, #4610 ) ;
#11041 = DIRECTION ( 'NONE',  ( -0.000000000000000000, -0.000000000000000000, -1.000000000000000000 ) ) ;
#11042 = FACE_BOUND ( 'NONE', #11112, .T. ) ;
#11043 = DIRECTION ( 'NONE',  ( -0.000000000000000000, 1.000000000000000000, -0.000000000000000000 ) ) ;
#11044 = DIRECTION ( 'NONE',  ( 0.000000000000000000, 0.000000000000000000, 1.000000000000000000 ) ) ;
#11045 = CARTESIAN_POINT ( 'NONE',  ( -6.000000000000000000, 0.000000000000000000, 20.00000000000000000 ) ) ;
#11046 = VERTEX_POINT ( 'NONE', #3161 ) ;
#11047 = ORIENTED_EDGE ( 'NONE', *, *, #12229, .F. ) ;
#11048 = FACE_BOUND ( 'NONE', #9763, .T. ) ;
#11049 = ITEM_DEFINED_TRANSFORMATION ( 'NONE', 'NONE', #12040,  #6542 ) ;
#11050 = ORIENTED_EDGE ( 'NONE', *, *, #11761, .T. ) ;
#11051 = ADVANCED_FACE ( 'NONE', ( #4024 ), #7159, .T. ) ;
#11052 = CARTESIAN_POINT ( 'NONE',  ( 21.00000000000000000, -12.00000000000000000, 0.000000000000000000 ) ) ;
#11053 = ORIENTED_EDGE ( 'NONE', *, *, #2061, .T. ) ;
#11054 = DIRECTION ( 'NONE',  ( -1.000000000000000000, 0.000000000000000000, 0.000000000000000000 ) ) ;
#11055 = LINE ( 'NONE', #3019, #2809 ) ;
#11056 = DIRECTION ( 'NONE',  ( 0.000000000000000000, -0.000000000000000000, -1.000000000000000000 ) ) ;
#11057 = DIRECTION ( 'NONE',  ( -0.000000000000000000, -0.000000000000000000, 1.000000000000000000 ) ) ;
#11058 = ORIENTED_EDGE ( 'NONE', *, *, #11189, .F. ) ;
#11059 = LINE ( 'NONE', #12118, #2539 ) ;
#11060 = PERSON_AND_ORGANIZATION_ROLE ( 'creator' ) ;
#11061 = ORIENTED_EDGE ( 'NONE', *, *, #3020, .F. ) ;
#11062 = EDGE_LOOP ( 'NONE', ( #1484, #11156, #7052, #12251 ) ) ;
#11063 = EDGE_CURVE ( 'NONE', #6114, #3820, #1050, .T. ) ;
#11064 = FACE_OUTER_BOUND ( 'NONE', #7233, .T. ) ;
#11065 = ORIENTED_EDGE ( 'NONE', *, *, #7871, .F. ) ;
#11066 = AXIS2_PLACEMENT_3D ( 'NONE', #876, #3630, #6808 ) ;
#11068 = AXIS2_PLACEMENT_3D ( 'NONE', #12815, #7784, #2795 ) ;
#11067 = PRODUCT_DEFINITION_SHAPE ( 'NONE', 'NONE',  #11002 ) ;
#11069 = DIRECTION ( 'NONE',  ( 0.000000000000000000, 0.000000000000000000, 1.000000000000000000 ) ) ;
#11070 = CC_DESIGN_PERSON_AND_ORGANIZATION_ASSIGNMENT ( #10578, #4531, ( #2720 ) ) ;
#11071 = DIRECTION ( 'NONE',  ( 0.000000000000000000, -1.000000000000000000, 0.000000000000000000 ) ) ;
#11072 = AXIS2_PLACEMENT_3D ( 'NONE', #12247, #67, #9345 ) ;
#11073 = CARTESIAN_POINT ( 'NONE',  ( 0.000000000000000000, 0.000000000000000000, 42.00000000000000000 ) ) ;
#11074 = VECTOR ( 'NONE', #11041, 1000.000000000000000 ) ;
#11075 = DIRECTION ( 'NONE',  ( -1.000000000000000000, 0.000000000000000000, 0.000000000000000000 ) ) ;
#11076 = EDGE_LOOP ( 'NONE', ( #2476, #4326, #12551, #1908 ) ) ;
#11077 = DIRECTION ( 'NONE',  ( -0.000000000000000000, -0.000000000000000000, -1.000000000000000000 ) ) ;
#11078 = PERSON_AND_ORGANIZATION ( #4554, #147 ) ;
#11079 = EDGE_CURVE ( 'NONE', #6235, #6165, #5013, .T. ) ;
#11080 = DIRECTION ( 'NONE',  ( 0.000000000000000000, 0.000000000000000000, -1.000000000000000000 ) ) ;
#11081 = ORIENTED_EDGE ( 'NONE', *, *, #7146, .T. ) ;
#11082 = EDGE_CURVE ( 'NONE', #6137, #5049, #30, .T. ) ;
#11083 = CARTESIAN_POINT ( 'NONE',  ( 32.48452350954437406, 66.85853893179132967, -0.000000000000000000 ) ) ;
#11084 = EDGE_LOOP ( 'NONE', ( #8665, #8528, #11880, #5529 ) ) ;
#11085 = DIRECTION ( 'NONE',  ( 1.000000000000000000, 0.000000000000000000, 0.000000000000000000 ) ) ;
#11086 = VECTOR ( 'NONE', #7232, 1000.000000000000000 ) ;
#11087 = DIRECTION ( 'NONE',  ( 0.000000000000000000, 1.000000000000000000, 0.000000000000000000 ) ) ;
#11088 = CIRCLE ( 'NONE', #963, 2.600000000000000089 ) ;
#11089 = EDGE_CURVE ( 'NONE', #6354, #4678, #3321, .T. ) ;
#11090 = FACE_OUTER_BOUND ( 'NONE', #7589, .T. ) ;
#11091 = DIRECTION ( 'NONE',  ( -0.000000000000000000, 1.000000000000000000, -0.000000000000000000 ) ) ;
#11092 = DIRECTION ( 'NONE',  ( 1.000000000000000000, -0.000000000000000000, -0.000000000000000000 ) ) ;
#11093 = CARTESIAN_POINT ( 'NONE',  ( -20.22508399488502207, 15.70006951123579064, -0.000000000000000000 ) ) ;
#11094 = AXIS2_PLACEMENT_3D ( 'NONE', #5669, #6762, #5901 ) ;
#11095 = AXIS2_PLACEMENT_3D ( 'NONE', #1191, #7261, #1272 ) ;
#11096 = VERTEX_POINT ( 'NONE', #6342 ) ;
#11097 = EDGE_LOOP ( 'NONE', ( #4551, #2964, #11939, #7643 ) ) ;
#11098 = ORIENTED_EDGE ( 'NONE', *, *, #4371, .T. ) ;
#11099 = SHAPE_REPRESENTATION_RELATIONSHIP ( 'NONE' , 'NONE' ,  #12629, #4398 ) ;
#11100 = DIRECTION ( 'NONE',  ( 1.000000000000000000, -0.000000000000000000, -0.000000000000000000 ) ) ;
#11101 = LINE ( 'NONE', #5243, #1378 ) ;
#11102 = EDGE_CURVE ( 'NONE', #3837, #2604, #10378, .T. ) ;
#11103 = VECTOR ( 'NONE', #12925, 1000.000000000000000 ) ;
#11104 = CARTESIAN_POINT ( 'NONE',  ( 0.000000000000000000, 1.300000000000000044, 0.000000000000000000 ) ) ;
#11105 = EDGE_CURVE ( 'NONE', #4464, #4116, #1498, .T. ) ;
#11106 = PLANE ( 'NONE',  #5612 ) ;
#11107 = AXIS2_PLACEMENT_3D ( 'NONE', #2385, #5650, #7303 ) ;
#11108 = CARTESIAN_POINT ( 'NONE',  ( -30.50000000000000000, 10.00000000000000000, 0.000000000000000000 ) ) ;
#11109 = VECTOR ( 'NONE', #7629, 1000.000000000000000 ) ;
#11110 = DIRECTION ( 'NONE',  ( -0.000000000000000000, -0.000000000000000000, 1.000000000000000000 ) ) ;
#11111 = VERTEX_POINT ( 'NONE', #4317 ) ;
#11112 = EDGE_LOOP ( 'NONE', ( #1564, #11037, #5051, #8942 ) ) ;
#11113 = DIRECTION ( 'NONE',  ( -0.000000000000000000, -0.000000000000000000, 1.000000000000000000 ) ) ;
#11114 = CARTESIAN_POINT ( 'NONE',  ( 29.34333309900548414, 0.000000000000000000, 4.442584738250932475 ) ) ;
#11115 = AXIS2_PLACEMENT_3D ( 'NONE', #12380, #12453, #2358 ) ;
#11116 =( REPRESENTATION_RELATIONSHIP ('NONE','NONE', #874, #6766 ) REPRESENTATION_RELATIONSHIP_WITH_TRANSFORMATION ( #2463 )SHAPE_REPRESENTATION_RELATIONSHIP( ) );
#11117 = COORDINATED_UNIVERSAL_TIME_OFFSET ( 5, 0, .BEHIND. ) ;
#11118 = CIRCLE ( 'NONE', #6878, 1.700000000000000178 ) ;
#11119 = EDGE_LOOP ( 'NONE', ( #8254, #10132, #9418, #12993 ) ) ;
#11120 = CARTESIAN_POINT ( 'NONE',  ( 10.00000000000000000, -10.00000000000000000, 35.00000000000000000 ) ) ;
#11121 = ORIENTED_EDGE ( 'NONE', *, *, #10531, .F. ) ;
#11122 = LOCAL_TIME ( 12, 23, 50.00000000000000000, #5573 ) ;
#11123 = DIRECTION ( 'NONE',  ( 0.000000000000000000, 1.000000000000000000, 0.000000000000000000 ) ) ;
#11124 = SECURITY_CLASSIFICATION_LEVEL ( 'unclassified' ) ;
#11125 = CARTESIAN_POINT ( 'NONE',  ( 8.000000000000000000, 9.797174393178825657E-16, 0.000000000000000000 ) ) ;
#11126 = PERSON ( 'NAUO-PER22', 'UNSPECIFIED', 'UNSPECIFIED', ('UNSPECIFIED'), ('UNSPECIFIED'), ('UNSPECIFIED') ) ;
#11127 = CARTESIAN_POINT ( 'NONE',  ( 7.042972260763207260, -7.638710900996372288, -0.000000000000000000 ) ) ;
#11128 = DIRECTION ( 'NONE',  ( 0.000000000000000000, 0.000000000000000000, 1.000000000000000000 ) ) ;
#11129 = EDGE_CURVE ( 'NONE', #4801, #11674, #11294, .T. ) ;
#11130 = EDGE_LOOP ( 'NONE', ( #8542, #12337, #3934, #7576 ) ) ;
#11131 = EDGE_LOOP ( 'NONE', ( #11832, #8184, #3477, #8817 ) ) ;
#11132 = CC_DESIGN_SECURITY_CLASSIFICATION ( #3584, ( #13071 ) ) ;
#11133 = FACE_OUTER_BOUND ( 'NONE', #9757, .T. ) ;
#11134 = COORDINATED_UNIVERSAL_TIME_OFFSET ( 5, 0, .BEHIND. ) ;
#11135 = VERTEX_POINT ( 'NONE', #1110 ) ;
#11136 = PERSON_AND_ORGANIZATION_ROLE ( 'classification_officer' ) ;
#11137 = LINE ( 'NONE', #6239, #1401 ) ;
#11138 = ORIENTED_EDGE ( 'NONE', *, *, #2235, .F. ) ;
#11139 = CARTESIAN_POINT ( 'NONE',  ( 15.69999999999999929, 2.081899558550498554E-16, 2.000000000000000000 ) ) ;
#11140 = PERSON_AND_ORGANIZATION ( #2675, #9931 ) ;
#11141 = AXIS2_PLACEMENT_3D ( 'NONE', #7347, #6280, #3138 ) ;
#11142 = CC_DESIGN_SECURITY_CLASSIFICATION ( #4426, ( #13084 ) ) ;
#11143 = LINE ( 'NONE', #1097, #2132 ) ;
#11144 = CARTESIAN_POINT ( 'NONE',  ( -12.00000000000000000, -12.00000000000000000, 20.00000000000000000 ) ) ;
#11145 = EDGE_CURVE ( 'NONE', #4593, #6196, #9073, .T. ) ;
#11146 = CARTESIAN_POINT ( 'NONE',  ( 9.170033982407341355, 10.57908256746159203, 10.64114120038147249 ) ) ;
#11147 = ORIENTED_EDGE ( 'NONE', *, *, #3471, .F. ) ;
#11148 = DIRECTION ( 'NONE',  ( 0.000000000000000000, 1.000000000000000000, 0.000000000000000000 ) ) ;
#11149 = ORIENTED_EDGE ( 'NONE', *, *, #10040, .F. ) ;
#11150 = PRODUCT_RELATED_PRODUCT_CATEGORY ( 'detail', '', ( #4362 ) ) ;
#11151 = DATE_AND_TIME ( #604, #11978 ) ;
#11152 = CARTESIAN_POINT ( 'NONE',  ( 0.5999999999999999778, 2.529822128134703085, -1.200000000000000030E-05 ) ) ;
#11153 = ORIENTED_EDGE ( 'NONE', *, *, #692, .T. ) ;
#11154 = PERSON_AND_ORGANIZATION ( #2675, #9931 ) ;
#11155 = DIRECTION ( 'NONE',  ( -0.000000000000000000, -0.000000000000000000, -1.000000000000000000 ) ) ;
#11156 = ORIENTED_EDGE ( 'NONE', *, *, #10513, .F. ) ;
#11157 = VECTOR ( 'NONE', #11005, 1000.000000000000000 ) ;
#11158 = FACE_OUTER_BOUND ( 'NONE', #3910, .T. ) ;
#11159 = CARTESIAN_POINT ( 'NONE',  ( -24.30000000000000071, -57.00000000000000000, 5.000000000000000000 ) ) ;
#11160 = DIRECTION ( 'NONE',  ( 0.000000000000000000, -1.000000000000000000, 0.000000000000000000 ) ) ;
#11161 = CARTESIAN_POINT ( 'NONE',  ( -15.59999999999999964, 0.000000000000000000, 6.000000000000000000 ) ) ;
#11162 = ADVANCED_FACE ( 'NONE', ( #7401 ), #10236, .F. ) ;
#11163 = EDGE_CURVE ( 'NONE', #10654, #3791, #8314, .T. ) ;
#11164 = CALENDAR_DATE ( 2026, 21, 9 ) ;
#11165 = CARTESIAN_POINT ( 'NONE',  ( 24.30000000000000071, 57.00000000000000000, 5.000000000000000000 ) ) ;
#11166 = VECTOR ( 'NONE', #4781, 1000.000000000000000 ) ;
#11167 = AXIS2_PLACEMENT_3D ( 'NONE', #9617, #628, #8689 ) ;
#11168 = ORIENTED_EDGE ( 'NONE', *, *, #8170, .T. ) ;
#11169 = APPROVAL ( #9128, 'ๆช' ) ;
#11170 = VECTOR ( 'NONE', #9034, 1000.000000000000000 ) ;
#11171 = ORIENTED_EDGE ( 'NONE', *, *, #3917, .F. ) ;
#11172 = CARTESIAN_POINT ( 'NONE',  ( 69.79999999999999716, 65.00000000000001421, 74.49999999999998579 ) ) ;
#11173 = EDGE_CURVE ( 'NONE', #86, #2136, #11143, .T. ) ;
#11174 = DIRECTION ( 'NONE',  ( 0.000000000000000000, -1.000000000000000000, 0.000000000000000000 ) ) ;
#11175 = CARTESIAN_POINT ( 'NONE',  ( 0.5999999999999999778, 2.200000000000000178, -0.09997027095160138099 ) ) ;
#11176 = SHAPE_REPRESENTATION_RELATIONSHIP ( 'NONE' , 'NONE' ,  #9905, #5160 ) ;
#11177 = CARTESIAN_POINT ( 'NONE',  ( 0.000000000000000000, 25.00000000000000000, 90.00000000000000000 ) ) ;
#11178 = VECTOR ( 'NONE', #713, 1000.000000000000000 ) ;
#11179 = VECTOR ( 'NONE', #11110, 1000.000000000000000 ) ;
#11180 = DIRECTION ( 'NONE',  ( 1.000000000000000000, -0.000000000000000000, 0.000000000000000000 ) ) ;
#11181 = DIRECTION ( 'NONE',  ( -1.000000000000000000, 0.000000000000000000, -0.000000000000000000 ) ) ;
#11182 = ADVANCED_FACE ( 'NONE', ( #7383 ), #4302, .F. ) ;
#11183 = COORDINATED_UNIVERSAL_TIME_OFFSET ( 5, 0, .BEHIND. ) ;
#11184 = CARTESIAN_POINT ( 'NONE',  ( -30.50000000000000000, -10.00000000000000000, 25.00000000000000000 ) ) ;
#11185 = CARTESIAN_POINT ( 'NONE',  ( 10.72380529476361488, 9.000000000000204281, 11.70000000000065477 ) ) ;
#11186 = ORIENTED_EDGE ( 'NONE', *, *, #7609, .F. ) ;
#11187 = PRODUCT ( 'V3_REF_625ZZ', 'V3_REF_625ZZ', '', ( #12928 ) ) ;
#11188 = ORIENTED_EDGE ( 'NONE', *, *, #6061, .T. ) ;
#11189 = EDGE_CURVE ( 'NONE', #194, #12601, #3173, .T. ) ;
#11190 = VECTOR ( 'NONE', #12730, 1000.000000000000000 ) ;
#11191 = COORDINATED_UNIVERSAL_TIME_OFFSET ( 5, 0, .BEHIND. ) ;
#11192 = ORIENTED_EDGE ( 'NONE', *, *, #6797, .F. ) ;
#11193 = ORIENTED_EDGE ( 'NONE', *, *, #8268, .T. ) ;
#11194 = CARTESIAN_POINT ( 'NONE',  ( -13.55736206016057999, 71.65679534101306558, -0.000000000000000000 ) ) ;
#11195 = DIRECTION ( 'NONE',  ( 0.000000000000000000, 0.000000000000000000, -1.000000000000000000 ) ) ;
#11196 = AXIS2_PLACEMENT_3D ( 'NONE', #12100, #12436, #3065 ) ;
#11197 = CARTESIAN_POINT ( 'NONE',  ( -10.69999999999999929, 66.00000000000000000, 5.000000000000000000 ) ) ;
#11198 = CARTESIAN_POINT ( 'NONE',  ( 4.957126042969369095, -7.638809204728945090, 0.000000000000000000 ) ) ;
#11199 = LINE ( 'NONE', #9144, #11382 ) ;
#11200 = ORIENTED_EDGE ( 'NONE', *, *, #7851, .T. ) ;
#11201 = ORIENTED_EDGE ( 'NONE', *, *, #9251, .F. ) ;
#11202 = DIRECTION ( 'NONE',  ( -0.000000000000000000, -0.000000000000000000, -1.000000000000000000 ) ) ;
#11203 = DIRECTION ( 'NONE',  ( 0.000000000000000000, 0.000000000000000000, -1.000000000000000000 ) ) ;
#11204 = DATE_AND_TIME ( #3164, #7215 ) ;
#11205 = VERTEX_POINT ( 'NONE', #12201 ) ;
#11206 = EDGE_LOOP ( 'NONE', ( #5559, #7145 ) ) ;
#11207 = AXIS2_PLACEMENT_3D ( 'NONE', #5007, #5903, #9884 ) ;
#11208 = CC_DESIGN_APPROVAL ( #269, ( #2602 ) ) ;
#11209 = APPROVAL_STATUS ( 'not_yet_approved' ) ;
#11210 = CYLINDRICAL_SURFACE ( 'NONE', #7061, 1.700000000000000178 ) ;
#11211 = ORIENTED_EDGE ( 'NONE', *, *, #9670, .F. ) ;
#11212 = DIRECTION ( 'NONE',  ( 0.000000000000000000, -1.000000000000000000, 0.000000000000000000 ) ) ;
#11213 = DIRECTION ( 'NONE',  ( 1.000000000000000000, 0.000000000000000000, 0.000000000000000000 ) ) ;
#11214 = CARTESIAN_POINT ( 'NONE',  ( 11.50000000000000000, -6.000000000000000000, 16.00000000000000000 ) ) ;
#11215 = VECTOR ( 'NONE', #7012, 1000.000000000000000 ) ;
#11216 = APPROVAL_PERSON_ORGANIZATION ( #7884, #269, #2708 ) ;
#11217 = CARTESIAN_POINT ( 'NONE',  ( 9.590710974038341163, 10.19958241540039801, 8.790803639638935962 ) ) ;
#11218 = ORIENTED_EDGE ( 'NONE', *, *, #9952, .T. ) ;
#11219 = CARTESIAN_POINT ( 'NONE',  ( 29.34333309900548414, 56.55741526174832501, 0.000000000000000000 ) ) ;
#11220 = PERSON_AND_ORGANIZATION_ROLE ( 'design_owner' ) ;
#11221 = ORIENTED_EDGE ( 'NONE', *, *, #376, .T. ) ;
#11222 = APPROVAL_DATE_TIME ( #12495, #6946 ) ;
#11223 = CARTESIAN_POINT ( 'NONE',  ( -0.5999999999999997558, 13.98713694792468942, 12.00000000000000000 ) ) ;
#11224 = EDGE_LOOP ( 'NONE', ( #5894, #6717, #9385, #11860 ) ) ;
#11225 = CARTESIAN_POINT ( 'NONE',  ( 31.44263793983866861, 67.65679534101302295, -0.000000000000000000 ) ) ;
#11226 = CC_DESIGN_APPROVAL ( #8503, ( #9111 ) ) ;
#11227 = VERTEX_POINT ( 'NONE', #2108 ) ;
#11228 = EDGE_CURVE ( 'NONE', #3144, #6215, #4161, .T. ) ;
#11229 = DIRECTION ( 'NONE',  ( -0.000000000000000000, -0.000000000000000000, -1.000000000000000000 ) ) ;
#11230 = LINE ( 'NONE', #9175, #6330 ) ;
#11231 = CARTESIAN_POINT ( 'NONE',  ( 21.69999999999999929, 14.00000000000000000, -1.200000000000000030E-05 ) ) ;
#11232 = CARTESIAN_POINT ( 'NONE',  ( 18.29993048876420758, 13.77491600511408087, 0.000000000000000000 ) ) ;
#11233 = DIRECTION ( 'NONE',  ( 0.000000000000000000, 0.000000000000000000, -1.000000000000000000 ) ) ;
#11234 = CARTESIAN_POINT ( 'NONE',  ( -4.299999999999998934, -9.225615804907270956, -0.000000000000000000 ) ) ;
#11235 = SECURITY_CLASSIFICATION ( '', '', #1907 ) ;
#11236 = ORIENTED_EDGE ( 'NONE', *, *, #10200, .F. ) ;
#11237 = ORIENTED_EDGE ( 'NONE', *, *, #6552, .T. ) ;
#11238 = VERTEX_POINT ( 'NONE', #7236 ) ;
#11239 = CARTESIAN_POINT ( 'NONE',  ( 35.00000000000000000, 40.00000000000000000, 0.000000000000000000 ) ) ;
#11240 = EDGE_CURVE ( 'NONE', #3398, #956, #8873, .T. ) ;
#11241 = DIRECTION ( 'NONE',  ( -0.000000000000000000, -1.000000000000000000, -0.000000000000000000 ) ) ;
#11242 = DIRECTION ( 'NONE',  ( -0.000000000000000000, 1.000000000000000000, 0.000000000000000000 ) ) ;
#11243 = LINE ( 'NONE', #5952, #3923 ) ;
#11244 = CARTESIAN_POINT ( 'NONE',  ( 31.60000000000000142, -1.200000000000000030E-05, 2.409402627941314989 ) ) ;
#11245 = CC_DESIGN_DATE_AND_TIME_ASSIGNMENT ( #12410, #6102, ( #4426 ) ) ;
#11246 = CC_DESIGN_PERSON_AND_ORGANIZATION_ASSIGNMENT ( #3197, #4053, ( #9949 ) ) ;
#11247 = PLANE ( 'NONE',  #3075 ) ;
#11248 = DATE_AND_TIME ( #12452, #11448 ) ;
#11249 = DIRECTION ( 'NONE',  ( 1.000000000000000000, 0.000000000000000000, 0.000000000000000000 ) ) ;
#11250 = DIRECTION ( 'NONE',  ( 0.000000000000000000, 0.000000000000000000, -1.000000000000000000 ) ) ;
#11251 = ORIENTED_EDGE ( 'NONE', *, *, #10851, .F. ) ;
#11252 = VERTEX_POINT ( 'NONE', #2182 ) ;
#11253 = UNCERTAINTY_MEASURE_WITH_UNIT (LENGTH_MEASURE( 1.000000000000000082E-05 ), #276, 'distance_accuracy_value', 'NONE');
#11254 = CARTESIAN_POINT ( 'NONE',  ( -10.55156718449564224, 9.205227550983527962, 10.20000000000000462 ) ) ;
#11255 = SHAPE_REPRESENTATION ( 'V3_08_SG90_mount', ( #6542 ), #12033 ) ;
#11256 = SECURITY_CLASSIFICATION_LEVEL ( 'unclassified' ) ;
#11257 = PERSON_AND_ORGANIZATION_ROLE ( 'design_owner' ) ;
#11258 = ORIENTED_EDGE ( 'NONE', *, *, #10290, .F. ) ;
#11259 = EDGE_CURVE ( 'NONE', #12774, #6646, #11419, .T. ) ;
#11260 = ORIENTED_EDGE ( 'NONE', *, *, #1006, .T. ) ;
#11261 = EDGE_CURVE ( 'NONE', #6910, #12574, #8215, .T. ) ;
#11262 = CARTESIAN_POINT ( 'NONE',  ( -15.69993048876420616, 70.22508399488370401, 0.000000000000000000 ) ) ;
#11263 = DIRECTION ( 'NONE',  ( 0.000000000000000000, 0.000000000000000000, -1.000000000000000000 ) ) ;
#11264 = EDGE_CURVE ( 'NONE', #248, #3093, #3305, .T. ) ;
#11265 = VECTOR ( 'NONE', #11180, 1000.000000000000000 ) ;
#11266 = CARTESIAN_POINT ( 'NONE',  ( -5.500000000000000000, 0.000000000000000000, 26.00000000000000000 ) ) ;
#11267 = DIRECTION ( 'NONE',  ( 1.000000000000000000, -0.000000000000000000, -0.000000000000000000 ) ) ;
#11268 = EDGE_LOOP ( 'NONE', ( #3069, #1985 ) ) ;
#11269 = VERTEX_POINT ( 'NONE', #41 ) ;
#11270 = CARTESIAN_POINT ( 'NONE',  ( 18.51560493047318801, 0.000000000000000000, 11.14151426980208015 ) ) ;
#11271 = APPLICATION_PROTOCOL_DEFINITION ( 'international standard', 'config_control_design', 1994, #6201 ) ;
#11272 = ORIENTED_EDGE ( 'NONE', *, *, #12637, .F. ) ;
#11273 = COORDINATED_UNIVERSAL_TIME_OFFSET ( 5, 0, .BEHIND. ) ;
#11274 = CARTESIAN_POINT ( 'NONE',  ( 255.8000000000000398, 3.000000000000000000, 149.0000000000000000 ) ) ;
#11275 = ORIENTED_EDGE ( 'NONE', *, *, #5924, .T. ) ;
#11276 = DIRECTION ( 'NONE',  ( 0.000000000000000000, 0.000000000000000000, 1.000000000000000000 ) ) ;
#11277 = DATE_AND_TIME ( #4959, #7426 ) ;
#11278 = CARTESIAN_POINT ( 'NONE',  ( -27.69999999999999929, 57.00000000000000000, -1.200000000000000030E-05 ) ) ;
#11279 = VECTOR ( 'NONE', #12939, 1000.000000000000000 ) ;
#11280 = LINE ( 'NONE', #4304, #938 ) ;
#11281 = CARTESIAN_POINT ( 'NONE',  ( 20.44258473825093603, 12.34333309900511466, 0.000000000000000000 ) ) ;
#11282 = CARTESIAN_POINT ( 'NONE',  ( 12.80000000000000071, -2.000000000000000000, -1.200000000000000030E-05 ) ) ;
#11283 = CARTESIAN_POINT ( 'NONE',  ( -8.557362060151589844, -0.000000000000000000, 11.34320465898919217 ) ) ;
#11284 = EDGE_LOOP ( 'NONE', ( #12903, #6442 ) ) ;
#11285 = CARTESIAN_POINT ( 'NONE',  ( 43.00000000000000000, 8.000000000000000000, 17.00000000000000000 ) ) ;
#11286 = VERTEX_POINT ( 'NONE', #9100 ) ;
#11287 = DATE_TIME_ROLE ( 'classification_date' ) ;
#11288 = PLANE ( 'NONE',  #8770 ) ;
#11289 = EDGE_LOOP ( 'NONE', ( #11065, #11272, #7475, #10342 ) ) ;
#11290 = PERSON_AND_ORGANIZATION ( #2675, #9931 ) ;
#11291 = CARTESIAN_POINT ( 'NONE',  ( 31.85848573020262720, 67.48439506952534828, 0.000000000000000000 ) ) ;
#11292 = ORIENTED_EDGE ( 'NONE', *, *, #3266, .T. ) ;
#11293 = CARTESIAN_POINT ( 'NONE',  ( -11.50000000000000000, 6.000000000000000000, 22.00000000000000000 ) ) ;
#11294 = LINE ( 'NONE', #1388, #7397 ) ;
#11295 = CIRCLE ( 'NONE', #2469, 19.00000000000000000 ) ;
#11296 = DIRECTION ( 'NONE',  ( 1.000000000000000000, 0.000000000000000000, 0.000000000000000000 ) ) ;
#11297 = PRODUCT_DEFINITION_SHAPE ( 'NONE', 'NONE',  #13078 ) ;
#11298 = DIRECTION ( 'NONE',  ( -0.000000000000000000, -0.000000000000000000, -1.000000000000000000 ) ) ;
#11299 = FACE_OUTER_BOUND ( 'NONE', #8291, .T. ) ;
#11300 = CYLINDRICAL_SURFACE ( 'NONE', #4020, 1.700000000000000178 ) ;
#11301 = CALENDAR_DATE ( 2026, 21, 9 ) ;
#11302 = EDGE_CURVE ( 'NONE', #1551, #9298, #3240, .T. ) ;
#11303 = VERTEX_POINT ( 'NONE', #99 ) ;
#11304 = AXIS2_PLACEMENT_3D ( 'NONE', #8151, #3092, #9028 ) ;
#11305 = ORIENTED_EDGE ( 'NONE', *, *, #1309, .T. ) ;
#11306 = VERTEX_POINT ( 'NONE', #10088 ) ;
#11307 = DIRECTION ( 'NONE',  ( -1.000000000000000000, 0.000000000000000000, 0.000000000000000000 ) ) ;
#11308 = DIRECTION ( 'NONE',  ( 0.000000000000000000, 1.000000000000000000, 0.000000000000000000 ) ) ;
#11309 = LINE ( 'NONE', #11370, #6088 ) ;
#11310 = CARTESIAN_POINT ( 'NONE',  ( -2.600000000000000089, 3.184081677783117698E-16, 12.00000000000000000 ) ) ;
#11311 = CARTESIAN_POINT ( 'NONE',  ( 35.00000000000000000, -70.00000000000000000, 5.000000000000000000 ) ) ;
#11312 = CIRCLE ( 'NONE', #9834, 2.000000000000001776 ) ;
#11313 = APPLICATION_PROTOCOL_DEFINITION ( 'international standard', 'config_control_design', 1994, #9171 ) ;
#11314 = AXIS2_PLACEMENT_3D ( 'NONE', #7034, #12136, #1101 ) ;
#11315 = MECHANICAL_CONTEXT ( 'NONE', #12975, 'mechanical' ) ;
#11316 = PLANE ( 'NONE',  #1624 ) ;
#11317 = EDGE_CURVE ( 'NONE', #1187, #10217, #5306, .T. ) ;
#11318 = CARTESIAN_POINT ( 'NONE',  ( -12.34313493157694097, 69.55753025008442592, -0.000000000000000000 ) ) ;
#11319 = ORIENTED_EDGE ( 'NONE', *, *, #11918, .F. ) ;
#11320 = VECTOR ( 'NONE', #3185, 1000.000000000000000 ) ;
#11321 = ORIENTED_EDGE ( 'NONE', *, *, #4503, .T. ) ;
#11322 = ORIENTED_EDGE ( 'NONE', *, *, #11332, .F. ) ;
#11323 = CC_DESIGN_PERSON_AND_ORGANIZATION_ASSIGNMENT ( #11154, #8241, ( #11456 ) ) ;
#11324 = EDGE_LOOP ( 'NONE', ( #2239, #12287, #1657, #667 ) ) ;
#11325 = DIRECTION ( 'NONE',  ( 0.000000000000000000, 0.000000000000000000, 1.000000000000000000 ) ) ;
#11326 = CARTESIAN_POINT ( 'NONE',  ( 11.68536191144594838, 7.710987493569489537, 11.11449162743906705 ) ) ;
#11327 = DIRECTION ( 'NONE',  ( -0.000000000000000000, -0.000000000000000000, -1.000000000000000000 ) ) ;
#11328 = DIRECTION ( 'NONE',  ( -0.000000000000000000, -0.000000000000000000, -1.000000000000000000 ) ) ;
#11329 = EDGE_CURVE ( 'NONE', #12827, #10081, #9375, .T. ) ;
#11330 = PLANE ( 'NONE',  #2548 ) ;
#11331 = AXIS2_PLACEMENT_3D ( 'NONE', #7650, #2655, #7890 ) ;
#11332 = EDGE_CURVE ( 'NONE', #6120, #1614, #4366, .T. ) ;
#11333 = ORIENTED_EDGE ( 'NONE', *, *, #8980, .F. ) ;
#11334 = APPLICATION_PROTOCOL_DEFINITION ( 'international standard', 'config_control_design', 1994, #3801 ) ;
#11335 = VECTOR ( 'NONE', #8530, 1000.000000000000000 ) ;
#11336 = VERTEX_POINT ( 'NONE', #8366 ) ;
#11337 = PERSON_AND_ORGANIZATION_ROLE ( 'design_owner' ) ;
#11338 = DIRECTION ( 'NONE',  ( 0.000000000000000000, 0.000000000000000000, -1.000000000000000000 ) ) ;
#11339 = APPROVAL_DATE_TIME ( #5082, #7453 ) ;
#11340 = ORIENTED_EDGE ( 'NONE', *, *, #11329, .F. ) ;
#11341 = ORGANIZATION ( 'NAUO-ORG7', 'UNSPECIFIED', 'UNSPECIFIED' ) ;
#11342 = EDGE_CURVE ( 'NONE', #12349, #11908, #5088, .T. ) ;
#11343 = APPROVAL ( #1511, 'ๆช' ) ;
#11344 = ITEM_DEFINED_TRANSFORMATION ( 'NONE', 'NONE', #10573,  #6542 ) ;
#11345 = LINE ( 'NONE', #7377, #5824 ) ;
#11346 = ORIENTED_EDGE ( 'NONE', *, *, #10822, .T. ) ;
#11347 = CARTESIAN_POINT ( 'NONE',  ( 0.000000000000000000, 3.000000000000000000, 149.0000000000000000 ) ) ;
#11348 = CARTESIAN_POINT ( 'NONE',  ( 125.0428739570325121, -1.361190795270670106, 0.000000000000000000 ) ) ;
#11349 = CARTESIAN_POINT ( 'NONE',  ( -20.00000000000000000, -12.00000000000000000, 2.000000000000000000 ) ) ;
#11350 = ORGANIZATION ( 'NAUO-ORG15', 'UNSPECIFIED', 'UNSPECIFIED' ) ;
#11351 = CLOSED_SHELL ( 'NONE', ( #11566, #9167, #782, #9403, #11162, #1254, #10126, #10663, #2166, #39, #6062, #4012, #5190, #5976, #1577, #6956, #6701, #6480, #11999, #4518, #10221, #1900 ) ) ;
#11352 = EDGE_CURVE ( 'NONE', #3490, #8886, #10154, .T. ) ;
#11353 = CARTESIAN_POINT ( 'NONE',  ( 29.34320465898919750, 57.44263793984767119, -0.000000000000000000 ) ) ;
#11354 = CARTESIAN_POINT ( 'NONE',  ( 27.69999999999999929, -45.00000000000000000, -1.200000000000000030E-05 ) ) ;
#11355 = ORIENTED_EDGE ( 'NONE', *, *, #3633, .T. ) ;
#11356 = CARTESIAN_POINT ( 'NONE',  ( -18.34313493157694808, -14.44246974991461663, -0.000000000000000000 ) ) ;
#11357 = EDGE_CURVE ( 'NONE', #991, #8737, #7649, .T. ) ;
#11358 = ORIENTED_EDGE ( 'NONE', *, *, #10553, .F. ) ;
#11359 = ADVANCED_FACE ( 'NONE', ( #9702 ), #7455, .F. ) ;
#11360 = PERSON_AND_ORGANIZATION ( #10969, #4636 ) ;
#11361 = CARTESIAN_POINT ( 'NONE',  ( 2.210066736092913153, 1.378121121058531351, -0.000000000000000000 ) ) ;
#11362 = LINE ( 'NONE', #3047, #1179 ) ;
#11363 = LOCAL_TIME ( 12, 23, 50.00000000000000000, #11273 ) ;
#11364 = ORIENTED_EDGE ( 'NONE', *, *, #3932, .F. ) ;
#11365 = CARTESIAN_POINT ( 'NONE',  ( 13.00000000000000000, -5.000000000000000000, -1.200000000000000030E-05 ) ) ;
#11366 =( NAMED_UNIT ( * ) PLANE_ANGLE_UNIT ( ) SI_UNIT ( $, .RADIAN. ) );
#11367 = FACE_OUTER_BOUND ( 'NONE', #706, .T. ) ;
#11368 = DIRECTION ( 'NONE',  ( -1.000000000000000000, 0.000000000000000000, 0.000000000000000000 ) ) ;
#11369 = DIRECTION ( 'NONE',  ( -1.000000000000000000, 0.000000000000000000, -0.000000000000000000 ) ) ;
#11370 = CARTESIAN_POINT ( 'NONE',  ( -14.00000000000000000, 9.000000000000000000, 6.800000000000000711 ) ) ;
#11371 = ORIENTED_EDGE ( 'NONE', *, *, #4332, .T. ) ;
#11372 = DATE_AND_TIME ( #3330, #8490 ) ;
#11373 = ORIENTED_EDGE ( 'NONE', *, *, #11422, .T. ) ;
#11374 = VECTOR ( 'NONE', #10495, 1000.000000000000000 ) ;
#11375 = EDGE_LOOP ( 'NONE', ( #11449, #12492, #12193, #6415 ) ) ;
#11376 = ORIENTED_EDGE ( 'NONE', *, *, #1581, .F. ) ;
#11377 = EDGE_CURVE ( 'NONE', #1419, #7683, #12613, .T. ) ;
#11378 = CARTESIAN_POINT ( 'NONE',  ( 35.00000000000000000, 110.0000000000000000, -26.00000000000000000 ) ) ;
#11379 = DIRECTION ( 'NONE',  ( -1.000000000000000000, -0.000000000000000000, -0.000000000000000000 ) ) ;
#11380 = DIRECTION ( 'NONE',  ( -1.000000000000000000, 0.000000000000000000, 0.000000000000000000 ) ) ;
#11381 = CARTESIAN_POINT ( 'NONE',  ( 2.600000000000000089, 0.000000000000000000, -6.000000000000000152E-06 ) ) ;
#11382 = VECTOR ( 'NONE', #2167, 1000.000000000000000 ) ;
#11383 = FACE_OUTER_BOUND ( 'NONE', #457, .T. ) ;
#11384 = AXIS2_PLACEMENT_3D ( 'NONE', #9809, #756, #9760 ) ;
#11385 = APPROVAL_ROLE ( '' ) ;
#11386 = FACE_OUTER_BOUND ( 'NONE', #11919, .T. ) ;
#11387 = LINE ( 'NONE', #2359, #11611 ) ;
#11388 = ORIENTED_EDGE ( 'NONE', *, *, #12799, .F. ) ;
#11389 = ORIENTED_EDGE ( 'NONE', *, *, #5077, .T. ) ;
#11390 = PLANE ( 'NONE',  #5188 ) ;
#11391 = ORIENTED_EDGE ( 'NONE', *, *, #4067, .T. ) ;
#11392 = AXIS2_PLACEMENT_3D ( 'NONE', #10440, #7332, #1262 ) ;
#11393 = VECTOR ( 'NONE', #739, 1000.000000000000000 ) ;
#11394 = VERTEX_POINT ( 'NONE', #642 ) ;
#11395 = CARTESIAN_POINT ( 'NONE',  ( 7.042873957030896470, -10.36119079527079201, 0.000000000000000000 ) ) ;
#11396 = ADVANCED_FACE ( 'NONE', ( #6391, #1448, #1372, #3513 ), #5482, .T. ) ;
#11397 = CYLINDRICAL_SURFACE ( 'NONE', #12831, 5.799999999999999822 ) ;
#11398 = VECTOR ( 'NONE', #2110, 1000.000000000000000 ) ;
#11399 = CARTESIAN_POINT ( 'NONE',  ( -14.00000000000000000, 0.000000000000000000, 0.000000000000000000 ) ) ;
#11400 = DIRECTION ( 'NONE',  ( 0.000000000000000000, -0.000000000000000000, -1.000000000000000000 ) ) ;
#11401 = CC_DESIGN_DATE_AND_TIME_ASSIGNMENT ( #6908, #9907, ( #12180 ) ) ;
#11402 = VECTOR ( 'NONE', #3177, 1000.000000000000000 ) ;
#11403 = VECTOR ( 'NONE', #12929, 1000.000000000000000 ) ;
#11404 = DIRECTION ( 'NONE',  ( 0.000000000000000000, -1.000000000000000000, 0.000000000000000000 ) ) ;
#11405 = ORIENTED_EDGE ( 'NONE', *, *, #5055, .T. ) ;
#11406 = ORIENTED_EDGE ( 'NONE', *, *, #964, .F. ) ;
#11407 = CARTESIAN_POINT ( 'NONE',  ( 35.60000000000000142, 72.50000000000001421, -8.271806125530276749E-22 ) ) ;
#11408 = CALENDAR_DATE ( 2026, 21, 9 ) ;
#11409 = AXIS2_PLACEMENT_3D ( 'NONE', #10504, #12635, #4384 ) ;
#11410 = ORIENTED_EDGE ( 'NONE', *, *, #11837, .F. ) ;
#11411 = APPROVAL_ROLE ( '' ) ;
#11412 = DIRECTION ( 'NONE',  ( -0.000000000000000000, -0.000000000000000000, 1.000000000000000000 ) ) ;
#11413 = ORIENTED_EDGE ( 'NONE', *, *, #6338, .T. ) ;
#11414 = PRODUCT_DEFINITION_SHAPE ( 'NONE', 'NONE',  #13062 ) ;
#11415 = CARTESIAN_POINT ( 'NONE',  ( -11.93695299064316373, 7.315065345002940589, 8.757164273855202907 ) ) ;
#11416 = EDGE_CURVE ( 'NONE', #2604, #6009, #10308, .T. ) ;
#11417 = APPROVAL_DATE_TIME ( #12278, #10206 ) ;
#11418 = CARTESIAN_POINT ( 'NONE',  ( 19.00000000000000000, 2.326828918379970970E-15, 4.000000000000000000 ) ) ;
#11419 = LINE ( 'NONE', #6319, #4888 ) ;
#11420 = DIRECTION ( 'NONE',  ( 0.000000000000000000, -1.000000000000000000, 0.000000000000000000 ) ) ;
#11421 = DIRECTION ( 'NONE',  ( 0.000000000000000000, 0.000000000000000000, 1.000000000000000000 ) ) ;
#11422 = EDGE_CURVE ( 'NONE', #6520, #11286, #7329, .T. ) ;
#11423 = APPROVAL ( #6830, 'UNKNOWN' ) ;
#11424 = CC_DESIGN_PERSON_AND_ORGANIZATION_ASSIGNMENT ( #825, #5966, ( #12050 ) ) ;
#11425 = CARTESIAN_POINT ( 'NONE',  ( 30.77491600511588032, 58.70006951123654204, -0.000000000000000000 ) ) ;
#11426 = CIRCLE ( 'NONE', #4897, 2.000000000000000000 ) ;
#11427 = AXIS2_PLACEMENT_3D ( 'NONE', #11378, #199, #12306 ) ;
#11428 = DIRECTION ( 'NONE',  ( 0.000000000000000000, 0.000000000000000000, -1.000000000000000000 ) ) ;
#11429 = ORIENTED_EDGE ( 'NONE', *, *, #950, .T. ) ;
#11430 = CARTESIAN_POINT ( 'NONE',  ( -22.00000000000000000, 8.000000000000000000, 24.00000000000000000 ) ) ;
#11431 = PERSON_AND_ORGANIZATION ( #2675, #9931 ) ;
#11432 = ORIENTED_EDGE ( 'NONE', *, *, #5291, .T. ) ;
#11433 = CALENDAR_DATE ( 2026, 21, 9 ) ;
#11434 = CARTESIAN_POINT ( 'NONE',  ( 32.04287395703182995, 64.63880920473276603, 0.000000000000000000 ) ) ;
#11435 = CARTESIAN_POINT ( 'NONE',  ( 21.04297226076638339, -0.000000000000000000, 10.63871090099879879 ) ) ;
#11436 = VERTEX_POINT ( 'NONE', #9180 ) ;
#11437 = EDGE_CURVE ( 'NONE', #951, #6802, #858, .T. ) ;
#11438 = CARTESIAN_POINT ( 'NONE',  ( -8.774916005108313044, 67.69993048876644082, 0.000000000000000000 ) ) ;
#11439 = EDGE_CURVE ( 'NONE', #5027, #5037, #2656, .T. ) ;
#11440 = APPROVAL_PERSON_ORGANIZATION ( #2568, #8255, #8614 ) ;
#11441 = DIRECTION ( 'NONE',  ( -0.000000000000000000, -0.000000000000000000, 1.000000000000000000 ) ) ;
#11442 = DIRECTION ( 'NONE',  ( -0.000000000000000000, -0.000000000000000000, 1.000000000000000000 ) ) ;
#11443 = EDGE_CURVE ( 'NONE', #172, #4609, #3876, .T. ) ;
#11444 = LINE ( 'NONE', #3326, #11817 ) ;
#11445 = DIRECTION ( 'NONE',  ( -0.000000000000000000, -0.000000000000000000, 1.000000000000000000 ) ) ;
#11446 = ORIENTED_EDGE ( 'NONE', *, *, #9080, .F. ) ;
#11447 = PERSON_AND_ORGANIZATION_ROLE ( 'design_owner' ) ;
#11448 = LOCAL_TIME ( 12, 23, 50.00000000000000000, #3274 ) ;
#11449 = ORIENTED_EDGE ( 'NONE', *, *, #6998, .F. ) ;
#11450 = VERTEX_POINT ( 'NONE', #2454 ) ;
#11451 = DIRECTION ( 'NONE',  ( 0.000000000000000000, 0.000000000000000000, -1.000000000000000000 ) ) ;
#11452 = DIRECTION ( 'NONE',  ( -0.9196152422991569209, -0.3928203229608459579, 0.000000000000000000 ) ) ;
#11453 = CARTESIAN_POINT ( 'NONE',  ( 0.000000000000000000, 0.000000000000000000, 4.000000000000000000 ) ) ;
#11454 = CARTESIAN_POINT ( 'NONE',  ( -7.299999999999998934, 57.00000000000000000, -6.000000000000000152E-06 ) ) ;
#11455 = CARTESIAN_POINT ( 'NONE',  ( -4.300000000000000711, -8.774748043452762047, 0.000000000000000000 ) ) ;
#11456 = PRODUCT_DEFINITION_FORMATION_WITH_SPECIFIED_SOURCE ( 'ไป', '', #11187, .NOT_KNOWN. ) ;
#11457 = DIRECTION ( 'NONE',  ( 1.000000000000000000, 0.000000000000000000, 0.000000000000000000 ) ) ;
#11458 = PERSON ( 'NAUO-PER19', 'UNSPECIFIED', 'UNSPECIFIED', ('UNSPECIFIED'), ('UNSPECIFIED'), ('UNSPECIFIED') ) ;
#11459 = LINE ( 'NONE', #1280, #7062 ) ;
#11460 = DIRECTION ( 'NONE',  ( -1.000000000000000000, 0.000000000000000000, 0.000000000000000000 ) ) ;
#11461 = EDGE_LOOP ( 'NONE', ( #3624, #7504 ) ) ;
#11462 = EDGE_LOOP ( 'NONE', ( #6187, #10304, #12690, #2443 ) ) ;
#11463 = DIRECTION ( 'NONE',  ( 0.000000000000000000, 1.000000000000000000, 0.000000000000000000 ) ) ;
#11464 = VERTEX_POINT ( 'NONE', #10490 ) ;
#11465 = LOCAL_TIME ( 12, 23, 50.00000000000000000, #3444 ) ;
#11466 = ORIENTED_EDGE ( 'NONE', *, *, #5537, .T. ) ;
#11467 = APPLICATION_CONTEXT ( 'configuration controlled 3d designs of mechanical parts and assemblies' ) ;
#11468 = DIRECTION ( 'NONE',  ( -1.000000000000000000, 0.000000000000000000, 0.000000000000000000 ) ) ;
#11469 = CARTESIAN_POINT ( 'NONE',  ( 11.68311043139274830, 7.714395407957674422, 8.881677801039298714 ) ) ;
#11470 = LINE ( 'NONE', #3287, #11550 ) ;
#11471 = PERSON ( 'NAUO-PER3', 'UNSPECIFIED', 'UNSPECIFIED', ('UNSPECIFIED'), ('UNSPECIFIED'), ('UNSPECIFIED') ) ;
#11472 = LINE ( 'NONE', #1497, #215 ) ;
#11473 = DIRECTION ( 'NONE',  ( 0.000000000000000000, -1.000000000000000000, 0.000000000000000000 ) ) ;
#11474 = ORIENTED_EDGE ( 'NONE', *, *, #1409, .T. ) ;
#11475 = EDGE_LOOP ( 'NONE', ( #10775, #12091, #8627, #5644 ) ) ;
#11476 = B_SPLINE_CURVE_WITH_KNOTS ( 'NONE', 3,
 ( #9315, #8508, #3521, #5417, #5359, #2528, #12493, #2252, #6521, #10562, #249, #2397, #383, #1317, #4444, #11356, #9578, #6250 ),
 .UNSPECIFIED., .F., .F.,
 ( 4, 2, 2, 2, 2, 2, 2, 2, 4 ),
 ( 0.5000000000000000000, 0.5625000000000001110, 0.6250000000000002220, 0.6875000000000003331, 0.7500000000000002220, 0.8125000000000002220, 0.8750000000000001110, 0.9375000000000000000, 1.000000000000000000 ),
 .UNSPECIFIED. ) ;
#11477 = EDGE_CURVE ( 'NONE', #6488, #6940, #5880, .T. ) ;
#11478 = DIRECTION ( 'NONE',  ( -0.000000000000000000, -0.000000000000000000, 1.000000000000000000 ) ) ;
#11479 = APPROVAL_STATUS ( 'not_yet_approved' ) ;
#11480 = ORIENTED_EDGE ( 'NONE', *, *, #8749, .T. ) ;
#11481 = DIRECTION ( 'NONE',  ( 0.000000000000000000, 0.000000000000000000, 1.000000000000000000 ) ) ;
#11482 = EDGE_LOOP ( 'NONE', ( #670, #10091, #3159, #12505 ) ) ;
#11483 = CARTESIAN_POINT ( 'NONE',  ( -22.00000000000000000, 0.000000000000000000, 8.000000000000000000 ) ) ;
#11484 = FACE_OUTER_BOUND ( 'NONE', #9056, .T. ) ;
#11485 = CARTESIAN_POINT ( 'NONE',  ( -10.72380529476374278, 9.000000000000252243, 11.70000000000124984 ) ) ;
#11486 = DIRECTION ( 'NONE',  ( 0.000000000000000000, 0.000000000000000000, 1.000000000000000000 ) ) ;
#11487 = CARTESIAN_POINT ( 'NONE',  ( 0.000000000000000000, 0.000000000000000000, 4.000000000000000000 ) ) ;
#11488 = EDGE_CURVE ( 'NONE', #12301, #6643, #6303, .T. ) ;
#11489 = ORIENTED_EDGE ( 'NONE', *, *, #5712, .F. ) ;
#11490 = DIRECTION ( 'NONE',  ( 0.000000000000000000, 1.000000000000000000, 0.000000000000000000 ) ) ;
#11491 = EDGE_LOOP ( 'NONE', ( #2563, #465, #2822, #1752 ) ) ;
#11492 = APPROVAL_DATE_TIME ( #1319, #7107 ) ;
#11493 = DIRECTION ( 'NONE',  ( -0.000000000000000000, -0.000000000000000000, 1.000000000000000000 ) ) ;
#11494 = VERTEX_POINT ( 'NONE', #509 ) ;
#11495 = ADVANCED_FACE ( 'NONE', ( #9886 ), #891, .F. ) ;
#11496 = CARTESIAN_POINT ( 'NONE',  ( 20.22508399488666697, -0.000000000000000000, 10.30006951123579206 ) ) ;
#11497 = CC_DESIGN_PERSON_AND_ORGANIZATION_ASSIGNMENT ( #7075, #4515, ( #3354 ) ) ;
#11498 = DIRECTION ( 'NONE',  ( -0.000000000000000000, -0.000000000000000000, 1.000000000000000000 ) ) ;
#11499 = CARTESIAN_POINT ( 'NONE',  ( -11.68622841836827320, 7.709669415052518460, 8.887083654392810672 ) ) ;
#11500 = AXIS2_PLACEMENT_3D ( 'NONE', #3965, #4903, #1847 ) ;
#11501 = DIRECTION ( 'NONE',  ( 0.000000000000000000, 0.000000000000000000, 1.000000000000000000 ) ) ;
#11502 = CARTESIAN_POINT ( 'NONE',  ( 29.29993048876346151, -0.000000000000000000, 13.22508399488411968 ) ) ;
#11503 = APPLICATION_PROTOCOL_DEFINITION ( 'international standard', 'config_control_design', 1994, #1765 ) ;
#11504 = EDGE_CURVE ( 'NONE', #5646, #8187, #949, .T. ) ;
#11505 = EDGE_CURVE ( 'NONE', #7054, #3398, #3767, .T. ) ;
#11506 = EDGE_LOOP ( 'NONE', ( #10014, #11709, #4131, #3165 ) ) ;
#11507 = APPROVAL_ROLE ( '' ) ;
#11508 = VERTEX_POINT ( 'NONE', #9820 ) ;
#11509 = APPROVAL_ROLE ( '' ) ;
#11510 = DATE_AND_TIME ( #9469, #11677 ) ;
#11511 = VERTEX_POINT ( 'NONE', #8764 ) ;
#11512 = ORIENTED_EDGE ( 'NONE', *, *, #12329, .F. ) ;
#11513 = DATE_TIME_ROLE ( 'creation_date' ) ;
#11514 = ADVANCED_FACE ( 'NONE', ( #3893 ), #1772, .F. ) ;
#11515 = PERSON_AND_ORGANIZATION_ROLE ( 'creator' ) ;
#11516 = LINE ( 'NONE', #5514, #365 ) ;
#11517 = EDGE_CURVE ( 'NONE', #9068, #11436, #9018, .T. ) ;
#11518 = CARTESIAN_POINT ( 'NONE',  ( -2.500000000000000000, 0.000000000000000000, 5.000000000000000000 ) ) ;
#11519 = PLANE ( 'NONE',  #5398 ) ;
#11520 = CARTESIAN_POINT ( 'NONE',  ( 31.00000000000000000, 80.49999999999998579, 4.000000000000000000 ) ) ;
#11521 = DIRECTION ( 'NONE',  ( -0.000000000000000000, 1.000000000000000000, 0.000000000000000000 ) ) ;
#11522 = VECTOR ( 'NONE', #1249, 1000.000000000000000 ) ;
#11523 = ORIENTED_EDGE ( 'NONE', *, *, #11264, .F. ) ;
#11524 = ORIENTED_EDGE ( 'NONE', *, *, #2043, .T. ) ;
#11525 = DESIGN_CONTEXT ( 'detailed design', #818, 'design' ) ;
#11526 = EDGE_LOOP ( 'NONE', ( #3655, #8022, #2565, #12352 ) ) ;
#11527 = APPROVAL_STATUS ( 'not_yet_approved' ) ;
#11528 = ADVANCED_FACE ( 'NONE', ( #12984 ), #2961, .F. ) ;
#11529 = ORIENTED_EDGE ( 'NONE', *, *, #12942, .T. ) ;
#11530 = EDGE_CURVE ( 'NONE', #1380, #9623, #1891, .T. ) ;
#11531 = DIRECTION ( 'NONE',  ( 0.000000000000000000, 1.000000000000000000, 0.000000000000000000 ) ) ;
#11532 = AXIS2_PLACEMENT_3D ( 'NONE', #2971, #9226, #9096 ) ;
#11533 = CARTESIAN_POINT ( 'NONE',  ( 12.80000000000000071, -2.000000000000000000, 3.000000000000000000 ) ) ;
#11534 = AXIS2_PLACEMENT_3D ( 'NONE', #7904, #726, #11950 ) ;
#11535 = DIRECTION ( 'NONE',  ( 1.000000000000000000, -0.000000000000000000, 0.000000000000000000 ) ) ;
#11536 = CARTESIAN_POINT ( 'NONE',  ( -30.50000000000000000, -10.00000000000000000, 35.00000000000000000 ) ) ;
#11537 = CYLINDRICAL_SURFACE ( 'NONE', #12667, 1.700000000000000178 ) ;
#11538 = ORIENTED_EDGE ( 'NONE', *, *, #5907, .F. ) ;
#11539 = ORIENTED_EDGE ( 'NONE', *, *, #7221, .F. ) ;
#11540 = CARTESIAN_POINT ( 'NONE',  ( 0.000000000000000000, 0.000000000000000000, 6.000000000000000000 ) ) ;
#11541 = VECTOR ( 'NONE', #9118, 1000.000000000000000 ) ;
#11542 = PERSON_AND_ORGANIZATION_ROLE ( 'creator' ) ;
#11543 = CIRCLE ( 'NONE', #6471, 2.500000000000000000 ) ;
#11544 = ORIENTED_EDGE ( 'NONE', *, *, #6139, .T. ) ;
#11545 = COORDINATED_UNIVERSAL_TIME_OFFSET ( 5, 0, .BEHIND. ) ;
#11546 = DIRECTION ( 'NONE',  ( -1.000000000000000000, 0.000000000000000000, 0.000000000000000000 ) ) ;
#11547 = ORIENTED_EDGE ( 'NONE', *, *, #12127, .T. ) ;
#11548 = DIRECTION ( 'NONE',  ( 0.000000000000000000, -0.000000000000000000, -1.000000000000000000 ) ) ;
#11549 = ADVANCED_FACE ( 'NONE', ( #12057 ), #5853, .F. ) ;
#11550 = VECTOR ( 'NONE', #8350, 1000.000000000000000 ) ;
#11551 = DIRECTION ( 'NONE',  ( 1.000000000000000000, -0.000000000000000000, 0.000000000000000000 ) ) ;
#11552 = DIRECTION ( 'NONE',  ( 0.000000000000000000, -0.000000000000000000, 1.000000000000000000 ) ) ;
#11553 = CARTESIAN_POINT ( 'NONE',  ( -10.01642623006862109, 9.784631539666255762, 8.478378753637999310 ) ) ;
#11554 = DIRECTION ( 'NONE',  ( 0.000000000000000000, -0.000000000000000000, -1.000000000000000000 ) ) ;
#11555 = CARTESIAN_POINT ( 'NONE',  ( 20.00000000000000000, 14.00000000000000000, -1.200000000000000030E-05 ) ) ;
#11556 = EDGE_LOOP ( 'NONE', ( #12720, #975, #9545, #11592 ) ) ;
#11557 = LINE ( 'NONE', #3461, #3320 ) ;
#11558 = VERTEX_POINT ( 'NONE', #1963 ) ;
#11559 = APPROVAL_DATE_TIME ( #5681, #2302 ) ;
#11560 = CARTESIAN_POINT ( 'NONE',  ( 15.19999999999999929, 2.000000000000000000, 0.000000000000000000 ) ) ;
#11561 = ORIENTED_EDGE ( 'NONE', *, *, #9416, .T. ) ;
#11562 = DIRECTION ( 'NONE',  ( 0.000000000000000000, 0.000000000000000000, 1.000000000000000000 ) ) ;
#11563 = ORGANIZATION ( 'NAUO-ORG8', 'UNSPECIFIED', 'UNSPECIFIED' ) ;
#11564 = AXIS2_PLACEMENT_3D ( 'NONE', #1106, #11155, #12141 ) ;
#11565 = VECTOR ( 'NONE', #3634, 1000.000000000000000 ) ;
#11566 = ADVANCED_FACE ( 'NONE', ( #6767 ), #1898, .F. ) ;
#11567 = CARTESIAN_POINT ( 'NONE',  ( 24.30000000000000071, 57.00000000000000000, -1.200000000000000030E-05 ) ) ;
#11568 = DIRECTION ( 'NONE',  ( -0.000000000000000000, -0.000000000000000000, 1.000000000000000000 ) ) ;
#11569 = CARTESIAN_POINT ( 'NONE',  ( 124.8584857301940900, 1.484395069527666866, 0.000000000000000000 ) ) ;
#11570 = CC_DESIGN_PERSON_AND_ORGANIZATION_ASSIGNMENT ( #4697, #3508, ( #1331 ) ) ;
#11571 = VERTEX_POINT ( 'NONE', #3951 ) ;
#11572 = CC_DESIGN_APPROVAL ( #6946, ( #2522 ) ) ;
#11573 = COORDINATED_UNIVERSAL_TIME_OFFSET ( 5, 0, .BEHIND. ) ;
#11574 = ORIENTED_EDGE ( 'NONE', *, *, #7466, .T. ) ;
#11575 = COORDINATED_UNIVERSAL_TIME_OFFSET ( 5, 0, .BEHIND. ) ;
#11576 = VERTEX_POINT ( 'NONE', #9945 ) ;
#11577 = CALENDAR_DATE ( 2026, 21, 9 ) ;
#11578 = CARTESIAN_POINT ( 'NONE',  ( 3.000000000000000000, 0.000000000000000000, 3.000000000000000000 ) ) ;
#11579 = ADVANCED_FACE ( 'NONE', ( #4827 ), #5969, .F. ) ;
#11580 = ADVANCED_FACE ( 'NONE', ( #12861, #8015, #7015 ), #1016, .F. ) ;
#11581 = CARTESIAN_POINT ( 'NONE',  ( 9.590710974038342940, 10.19958241540039268, 7.290803639638933298 ) ) ;
#11582 = LOCAL_TIME ( 12, 23, 50.00000000000000000, #4578 ) ;
#11583 = DIRECTION ( 'NONE',  ( -1.000000000000000000, -0.000000000000000000, -0.000000000000000000 ) ) ;
#11584 = CC_DESIGN_PERSON_AND_ORGANIZATION_ASSIGNMENT ( #8726, #10648, ( #12900 ) ) ;
#11585 = CARTESIAN_POINT ( 'NONE',  ( -18.51560493047243128, 0.000000000000000000, 12.85848573019289454 ) ) ;
#11586 = VECTOR ( 'NONE', #716, 1000.000000000000000 ) ;
#11587 = VERTEX_POINT ( 'NONE', #3831 ) ;
#11588 = VERTEX_POINT ( 'NONE', #11870 ) ;
#11589 = CARTESIAN_POINT ( 'NONE',  ( -18.63880920472979241, -12.95712604296852355, 0.000000000000000000 ) ) ;
#11590 = EDGE_CURVE ( 'NONE', #5238, #1762, #10868, .T. ) ;
#11591 = CARTESIAN_POINT ( 'NONE',  ( -1.634255756361377543, 2.027746979026365359, 0.000000000000000000 ) ) ;
#11592 = ORIENTED_EDGE ( 'NONE', *, *, #2968, .T. ) ;
#11593 = LOCAL_TIME ( 12, 23, 50.00000000000000000, #11613 ) ;
#11594 = DATE_TIME_ROLE ( 'creation_date' ) ;
#11595 = ORIENTED_EDGE ( 'NONE', *, *, #13029, .T. ) ;
#11596 = DIRECTION ( 'NONE',  ( -1.000000000000000000, 0.000000000000000000, 0.000000000000000000 ) ) ;
#11597 = VECTOR ( 'NONE', #579, 1000.000000000000000 ) ;
#11598 = ADVANCED_FACE ( 'NONE', ( #8283, #6164 ), #8351, .F. ) ;
#11599 = CIRCLE ( 'NONE', #11804, 2.000000000000000000 ) ;
#11600 = EDGE_CURVE ( 'NONE', #5964, #10247, #10354, .T. ) ;
#11601 = LINE ( 'NONE', #12527, #11109 ) ;
#11602 = FACE_OUTER_BOUND ( 'NONE', #7021, .T. ) ;
#11603 = CARTESIAN_POINT ( 'NONE',  ( -2.600000000000000089, 3.184081677783117698E-16, -1.200000000000000030E-05 ) ) ;
#11604 = ADVANCED_FACE ( 'NONE', ( #9215 ), #5076, .F. ) ;
#11605 = B_SPLINE_CURVE_WITH_KNOTS ( 'NONE', 3,
 ( #6613, #9800, #553, #6752, #10353, #623, #1621, #10795, #3629, #8806, #746, #8741, #7684, #5723, #10732, #4363, #10661, #11721 ),
 .UNSPECIFIED., .F., .F.,
 ( 4, 2, 2, 2, 2, 2, 2, 2, 4 ),
 ( 0.5000000000000000000, 0.5625000000000000000, 0.6250000000000000000, 0.6875000000000000000, 0.7500000000000000000, 0.8125000000000000000, 0.8750000000000000000, 0.9375000000000000000, 1.000000000000000000 ),
 .UNSPECIFIED. ) ;
#11606 = CARTESIAN_POINT ( 'NONE',  ( -5.500000000000000000, 0.000000000000000000, 26.00000000000000000 ) ) ;
#11607 = ORIENTED_EDGE ( 'NONE', *, *, #8181, .F. ) ;
#11608 = ORIENTED_EDGE ( 'NONE', *, *, #9331, .F. ) ;
#11609 = AXIS2_PLACEMENT_3D ( 'NONE', #5567, #9589, #11501 ) ;
#11610 = CYLINDRICAL_SURFACE ( 'NONE', #7586, 2.000000000000001776 ) ;
#11611 = VECTOR ( 'NONE', #1281, 1000.000000000000000 ) ;
#11612 = COORDINATED_UNIVERSAL_TIME_OFFSET ( 5, 0, .BEHIND. ) ;
#11613 = COORDINATED_UNIVERSAL_TIME_OFFSET ( 5, 0, .BEHIND. ) ;
#11614 = CARTESIAN_POINT ( 'NONE',  ( -4.299999999999999822, 2.081899558550500526E-16, 20.00000000000000000 ) ) ;
#11615 = VERTEX_POINT ( 'NONE', #9086 ) ;
#11616 = PERSON_AND_ORGANIZATION_ROLE ( 'classification_officer' ) ;
#11617 = DIRECTION ( 'NONE',  ( -0.000000000000000000, -0.000000000000000000, 1.000000000000000000 ) ) ;
#11618 = CIRCLE ( 'NONE', #8447, 1.700000000000000178 ) ;
#11619 = VECTOR ( 'NONE', #8303, 1000.000000000000000 ) ;
#11620 = CARTESIAN_POINT ( 'NONE',  ( -30.50000000000000000, -10.00000000000000000, 35.00000000000000000 ) ) ;
#11621 = DIRECTION ( 'NONE',  ( 1.000000000000000000, 0.000000000000000000, 0.000000000000000000 ) ) ;
#11622 = CARTESIAN_POINT ( 'NONE',  ( -9.119313208099621093, 10.62263300843386560, 9.476430371807628816 ) ) ;
#11623 = DIRECTION ( 'NONE',  ( -1.000000000000000000, 0.000000000000000000, 0.000000000000000000 ) ) ;
#11624 = CARTESIAN_POINT ( 'NONE',  ( 0.000000000000000000, 40.00000000000000000, 40.00000000000000000 ) ) ;
#11625 = ADVANCED_BREP_SHAPE_REPRESENTATION ( '', ( #7359, #6542 ), #8013 ) ;
#11626 = DIRECTION ( 'NONE',  ( 1.000000000000000000, -0.000000000000000000, 0.000000000000000000 ) ) ;
#11627 = EDGE_LOOP ( 'NONE', ( #9397, #9004, #8116, #6090 ) ) ;
#11628 = DIRECTION ( 'NONE',  ( 1.000000000000000000, 0.000000000000000000, 0.000000000000000000 ) ) ;
#11629 = ORIENTED_EDGE ( 'NONE', *, *, #3283, .F. ) ;
#11630 = PERSON_AND_ORGANIZATION ( #2661, #13031 ) ;
#11631 = DIRECTION ( 'NONE',  ( 1.000000000000000000, 0.000000000000000000, 0.000000000000000000 ) ) ;
#11632 = AXIS2_PLACEMENT_3D ( 'NONE', #1082, #7078, #1137 ) ;
#11633 = DIRECTION ( 'NONE',  ( 1.000000000000000000, 0.000000000000000000, 0.000000000000000000 ) ) ;
#11634 = CARTESIAN_POINT ( 'NONE',  ( 2.500000000000000000, 3.061616997868383141E-16, 0.000000000000000000 ) ) ;
#11635 = VECTOR ( 'NONE', #10638, 1000.000000000000000 ) ;
#11636 = CARTESIAN_POINT ( 'NONE',  ( 118.3810499613777267, 11.00000000000000000, 6.000000000000000000 ) ) ;
#11637 = PRODUCT_DEFINITION_SHAPE ( 'NONE', 'NONE',  #1964 ) ;
#11638 = APPROVAL_PERSON_ORGANIZATION ( #10511, #6640, #4666 ) ;
#11639 = LINE ( 'NONE', #3722, #3812 ) ;
#11640 = CYLINDRICAL_SURFACE ( 'NONE', #2991, 1.700000000000000178 ) ;
#11641 = APPLICATION_CONTEXT ( 'configuration controlled 3d designs of mechanical parts and assemblies' ) ;
#11642 = ORIENTED_EDGE ( 'NONE', *, *, #13061, .T. ) ;
#11643 = PERSON_AND_ORGANIZATION ( #2675, #9931 ) ;
#11644 = ORIENTED_EDGE ( 'NONE', *, *, #10394, .T. ) ;
#11645 = EDGE_CURVE ( 'NONE', #10857, #1140, #9924, .T. ) ;
#11646 = COORDINATED_UNIVERSAL_TIME_OFFSET ( 5, 0, .BEHIND. ) ;
#11647 = ORIENTED_EDGE ( 'NONE', *, *, #3039, .T. ) ;
#11648 = PERSON_AND_ORGANIZATION_ROLE ( 'design_supplier' ) ;
#11649 = AXIS2_PLACEMENT_3D ( 'NONE', #12612, #11617, #4763 ) ;
#11650 = LOCAL_TIME ( 12, 23, 50.00000000000000000, #7135 ) ;
#11651 = DIRECTION ( 'NONE',  ( 1.000000000000000000, 0.000000000000000000, 0.000000000000000000 ) ) ;
#11652 = FACE_OUTER_BOUND ( 'NONE', #5287, .T. ) ;
#11653 = CARTESIAN_POINT ( 'NONE',  ( 21.04297226076404925, 15.36128909900278749, -0.000000000000000000 ) ) ;
#11654 = MANIFOLD_SOLID_BREP ( 'Bearing_retainer_40x24x2', #9638 ) ;
#11655 = LOCAL_TIME ( 12, 23, 50.00000000000000000, #9277 ) ;
#11656 = LINE ( 'NONE', #9675, #2485 ) ;
#11657 = ORIENTED_EDGE ( 'NONE', *, *, #9057, .F. ) ;
#11658 = EDGE_LOOP ( 'NONE', ( #3807, #7313, #2921, #6369 ) ) ;
#11659 = DESIGN_CONTEXT ( 'detailed design', #130, 'design' ) ;
#11660 = EDGE_CURVE ( 'NONE', #10845, #4443, #5337, .T. ) ;
#11661 = ORIENTED_EDGE ( 'NONE', *, *, #9739, .F. ) ;
#11662 = ORIENTED_EDGE ( 'NONE', *, *, #6340, .T. ) ;
#11663 = PERSON_AND_ORGANIZATION ( #2675, #9931 ) ;
#11664 = EDGE_LOOP ( 'NONE', ( #12624, #6800, #12233, #2916 ) ) ;
#11665 = CARTESIAN_POINT ( 'NONE',  ( -16.00000000000000000, 6.000000000000000000, 18.00000000000000355 ) ) ;
#11666 = APPROVAL ( #11209, 'UNKNOWN' ) ;
#11667 = CARTESIAN_POINT ( 'NONE',  ( 0.000000000000000000, -1.300000000000000044, 0.000000000000000000 ) ) ;
#11668 = CC_DESIGN_PERSON_AND_ORGANIZATION_ASSIGNMENT ( #10109, #12226, ( #9111 ) ) ;
#11669 = LOCAL_TIME ( 12, 23, 50.00000000000000000, #7955 ) ;
#11670 = LINE ( 'NONE', #5593, #5237 ) ;
#11671 = FACE_BOUND ( 'NONE', #10067, .T. ) ;
#11672 = DIRECTION ( 'NONE',  ( -0.000000000000000000, -0.000000000000000000, -1.000000000000000000 ) ) ;
#11673 = CARTESIAN_POINT ( 'NONE',  ( -21.00000000000000000, -12.00000000000000000, 3.000000000000000000 ) ) ;
#11674 = VERTEX_POINT ( 'NONE', #8140 ) ;
#11675 = ORIENTED_EDGE ( 'NONE', *, *, #3559, .T. ) ;
#11676 = APPROVAL_ROLE ( '' ) ;
#11677 = LOCAL_TIME ( 12, 23, 50.00000000000000000, #5182 ) ;
#11678 = ADVANCED_FACE ( 'NONE', ( #225 ), #4082, .F. ) ;
#11679 = PLANE ( 'NONE',  #10533 ) ;
#11680 = APPROVAL_DATE_TIME ( #10675, #1220 ) ;
#11681 = EDGE_CURVE ( 'NONE', #1140, #10857, #4253, .T. ) ;
#11682 = ORIENTED_EDGE ( 'NONE', *, *, #2490, .F. ) ;
#11683 = DATE_AND_TIME ( #4757, #6071 ) ;
#11684 = CARTESIAN_POINT ( 'NONE',  ( 20.22508399488502207, -12.30006951123579384, 0.000000000000000000 ) ) ;
#11685 = ORIENTED_EDGE ( 'NONE', *, *, #7101, .F. ) ;
#11686 = ADVANCED_FACE ( 'NONE', ( #12113 ), #4285, .F. ) ;
#11687 = DIRECTION ( 'NONE',  ( 0.000000000000000000, -1.000000000000000000, 0.000000000000000000 ) ) ;
#11688 = CARTESIAN_POINT ( 'NONE',  ( -9.592487695948898718, 10.19791902210260304, 11.21088649228975775 ) ) ;
#11689 = CARTESIAN_POINT ( 'NONE',  ( 0.000000000000000000, 25.00000000000000000, 0.000000000000000000 ) ) ;
#11690 = DIRECTION ( 'NONE',  ( -0.000000000000000000, -0.000000000000000000, 1.000000000000000000 ) ) ;
#11691 = CARTESIAN_POINT ( 'NONE',  ( -9.500000000000000000, 0.000000000000000000, 35.00000000000000000 ) ) ;
#11692 = EDGE_LOOP ( 'NONE', ( #5750, #3696, #364, #11260 ) ) ;
#11693 = CARTESIAN_POINT ( 'NONE',  ( 186.0000000000000000, 0.000000000000000000, 3.000000000000000000 ) ) ;
#11694 = PERSON_AND_ORGANIZATION_ROLE ( 'classification_officer' ) ;
#11695 = CARTESIAN_POINT ( 'NONE',  ( 10.50000000000000000, 1.300000000000000044, 0.000000000000000000 ) ) ;
#11696 = EDGE_LOOP ( 'NONE', ( #10130, #5728 ) ) ;
#11697 = CARTESIAN_POINT ( 'NONE',  ( 20.44263793985065192, -0.000000000000000000, 10.34320465898919217 ) ) ;
#11698 = MANIFOLD_SOLID_BREP ( 'SG90_ear_holes_REFERENCE28', #4602 ) ;
#11699 = CARTESIAN_POINT ( 'NONE',  ( 31.60000000000000142, 72.50000000000000000, -1.200000000000000030E-05 ) ) ;
#11700 = CARTESIAN_POINT ( 'NONE',  ( 2.600000000000000089, 0.000000000000000000, -6.000000000000000152E-06 ) ) ;
#11701 = AXIS2_PLACEMENT_3D ( 'NONE', #9913, #2993, #4919 ) ;
#11702 = DIRECTION ( 'NONE',  ( -1.000000000000000000, 0.000000000000000000, 0.000000000000000000 ) ) ;
#11703 = CARTESIAN_POINT ( 'NONE',  ( 30.77491600511331882, 0.000000000000000000, 11.29993048876420580 ) ) ;
#11704 = APPROVAL_ROLE ( '' ) ;
#11705 = FACE_OUTER_BOUND ( 'NONE', #11462, .T. ) ;
#11706 = VERTEX_POINT ( 'NONE', #151 ) ;
#11707 = PERSON_AND_ORGANIZATION ( #2675, #9931 ) ;
#11708 = CALENDAR_DATE ( 2026, 21, 9 ) ;
#11709 = ORIENTED_EDGE ( 'NONE', *, *, #8551, .F. ) ;
#11710 = LINE ( 'NONE', #11578, #10712 ) ;
#11711 = FACE_BOUND ( 'NONE', #11916, .T. ) ;
#11712 = B_SPLINE_CURVE_WITH_KNOTS ( 'NONE', 3,
 ( #10056, #2830, #1948, #12910, #3930, #1814, #1064, #5116, #6014, #9867, #3815, #8998, #7929, #4065, #999, #5058, #11981, #811 ),
 .UNSPECIFIED., .F., .F.,
 ( 4, 2, 2, 2, 2, 2, 2, 2, 4 ),
 ( 0.000000000000000000, 0.06250000000000000000, 0.1250000000000000000, 0.1875000000000000000, 0.2500000000000000000, 0.3125000000000000000, 0.3750000000000000000, 0.4375000000000000000, 0.5000000000000000000 ),
 .UNSPECIFIED. ) ;
#11713 = EDGE_CURVE ( 'NONE', #5828, #10374, #6377, .T. ) ;
#11714 = CARTESIAN_POINT ( 'NONE',  ( 3.000000000000000000, 3.000000000000000000, 3.000000000000002665 ) ) ;
#11715 = CARTESIAN_POINT ( 'NONE',  ( -19.77474804345268566, 0.000000000000000000, 13.69999999999999751 ) ) ;
#11716 = DIRECTION ( 'NONE',  ( 0.000000000000000000, -1.000000000000000000, 0.000000000000000000 ) ) ;
#11717 = ORIENTED_EDGE ( 'NONE', *, *, #1992, .T. ) ;
#11718 = CARTESIAN_POINT ( 'NONE',  ( -18.51547649045614108, -13.14146106821000259, -0.000000000000000000 ) ) ;
#11719 = ORIENTED_EDGE ( 'NONE', *, *, #7678, .F. ) ;
#11720 = VERTEX_POINT ( 'NONE', #12185 ) ;
#11721 = CARTESIAN_POINT ( 'NONE',  ( 2.600000000000000089, 0.000000000000000000, -6.000000000000000152E-06 ) ) ;
#11722 = PLANE ( 'NONE',  #6209 ) ;
#11723 = CARTESIAN_POINT ( 'NONE',  ( 29.30000000000000071, 57.00000000000000000, -6.000000000000000152E-06 ) ) ;
#11724 = EDGE_CURVE ( 'NONE', #3203, #1301, #625, .T. ) ;
#11725 = AXIS2_PLACEMENT_3D ( 'NONE', #6255, #6116, #253 ) ;
#11726 = CARTESIAN_POINT ( 'NONE',  ( -21.00000000000000000, 12.00000000000000000, 0.000000000000000000 ) ) ;
#11727 = ORIENTED_EDGE ( 'NONE', *, *, #1124, .T. ) ;
#11728 = ORIENTED_EDGE ( 'NONE', *, *, #3286, .T. ) ;
#11729 = CC_DESIGN_PERSON_AND_ORGANIZATION_ASSIGNMENT ( #12119, #12406, ( #8156 ) ) ;
#11730 = CARTESIAN_POINT ( 'NONE',  ( 29.30000000000000071, 66.00000000000000000, 5.000000000000000000 ) ) ;
#11731 = CALENDAR_DATE ( 2026, 21, 9 ) ;
#11732 = ORIENTED_EDGE ( 'NONE', *, *, #2402, .F. ) ;
#11733 = LINE ( 'NONE', #8635, #555 ) ;
#11734 = ORIENTED_EDGE ( 'NONE', *, *, #12572, .F. ) ;
#11735 = VECTOR ( 'NONE', #1024, 1000.000000000000000 ) ;
#11736 = FACE_OUTER_BOUND ( 'NONE', #59, .T. ) ;
#11737 = EDGE_CURVE ( 'NONE', #8696, #10299, #10322, .T. ) ;
#11738 = EDGE_CURVE ( 'NONE', #8257, #5433, #2090, .T. ) ;
#11739 = CARTESIAN_POINT ( 'NONE',  ( -9.511937134729810950, 10.27294094237714717, 11.13224288223542402 ) ) ;
#11740 = LINE ( 'NONE', #4767, #10133 ) ;
#11741 = VECTOR ( 'NONE', #7177, 1000.000000000000000 ) ;
#11742 = CC_DESIGN_PERSON_AND_ORGANIZATION_ASSIGNMENT ( #11864, #4698, ( #6561 ) ) ;
#11743 = CARTESIAN_POINT ( 'NONE',  ( 0.000000000000000000, 0.000000000000000000, 12.00000000000000000 ) ) ;
#11744 = ORIENTED_EDGE ( 'NONE', *, *, #7609, .T. ) ;
#11745 = DIRECTION ( 'NONE',  ( -0.000000000000000000, -0.000000000000000000, -1.000000000000000000 ) ) ;
#11746 = COORDINATED_UNIVERSAL_TIME_OFFSET ( 5, 0, .BEHIND. ) ;
#11747 = EDGE_LOOP ( 'NONE', ( #8273, #3576, #13007, #4352 ) ) ;
#11748 = CALENDAR_DATE ( 2026, 21, 9 ) ;
#11749 = DIRECTION ( 'NONE',  ( 0.000000000000000000, 0.000000000000000000, -1.000000000000000000 ) ) ;
#11750 = EDGE_CURVE ( 'NONE', #4941, #284, #11199, .T. ) ;
#11751 = VERTEX_POINT ( 'NONE', #12266 ) ;
#11752 = CARTESIAN_POINT ( 'NONE',  ( -10.48452350954348766, -0.000000000000000000, 4.858538931790371329 ) ) ;
#11753 = AXIS2_PLACEMENT_3D ( 'NONE', #8282, #8545, #4345 ) ;
#11754 = MANIFOLD_SOLID_BREP ( 'V2_REF_gripper_finger', #2295 ) ;
#11756 = EDGE_CURVE ( 'NONE', #6772, #6573, #3397, .T. ) ;
#11755 = CARTESIAN_POINT ( 'NONE',  ( -11.50000000000000000, -6.000000000000000000, 0.000000000000000000 ) ) ;
#11757 = AXIS2_PLACEMENT_3D ( 'NONE', #689, #4746, #12726 ) ;
#11758 = CARTESIAN_POINT ( 'NONE',  ( -27.69999999999999929, -57.00000000000000000, 0.000000000000000000 ) ) ;
#11759 = FACE_BOUND ( 'NONE', #11658, .T. ) ;
#11760 = PERSON_AND_ORGANIZATION_ROLE ( 'creator' ) ;
#11761 = EDGE_CURVE ( 'NONE', #5848, #9349, #1293, .T. ) ;
#11762 = EDGE_CURVE ( 'NONE', #4883, #6114, #10270, .T. ) ;
#11763 = CARTESIAN_POINT ( 'NONE',  ( 35.60000000000000142, 62.50000000000000000, 6.000000000000000000 ) ) ;
#11764 = AXIS2_PLACEMENT_3D ( 'NONE', #7188, #12361, #9181 ) ;
#11765 = AXIS2_PLACEMENT_3D ( 'NONE', #7042, #1794, #9045 ) ;
#11766 = ORIENTED_EDGE ( 'NONE', *, *, #3917, .T. ) ;
#11767 = CALENDAR_DATE ( 2026, 21, 9 ) ;
#11768 = ORIENTED_EDGE ( 'NONE', *, *, #4603, .T. ) ;
#11769 = DIRECTION ( 'NONE',  ( -0.000000000000000000, -0.000000000000000000, -1.000000000000000000 ) ) ;
#11770 = ORGANIZATION ( 'NAUO-ORG2', 'UNSPECIFIED', 'UNSPECIFIED' ) ;
#11771 = DIRECTION ( 'NONE',  ( 0.000000000000000000, 0.000000000000000000, 1.000000000000000000 ) ) ;
#11772 = SHAPE_REPRESENTATION_RELATIONSHIP ( 'NONE' , 'NONE' ,  #464, #6709 ) ;
#11773 = CARTESIAN_POINT ( 'NONE',  ( -21.36119079527136932, 0.000000000000000000, 13.04287395703068952 ) ) ;
#11774 = CARTESIAN_POINT ( 'NONE',  ( -28.00000000000000000, 8.000000000000000000, 0.000000000000000000 ) ) ;
#11775 = VECTOR ( 'NONE', #5536, 1000.000000000000000 ) ;
#11776 = MANIFOLD_SOLID_BREP ( 'Coupler_clamp_M3', #9022 ) ;
#11777 = CARTESIAN_POINT ( 'NONE',  ( 0.000000000000000000, 77.50000000000000000, 0.000000000000000000 ) ) ;
#11778 = ORIENTED_EDGE ( 'NONE', *, *, #7484, .F. ) ;
#11779 = DESIGN_CONTEXT ( 'detailed design', #8059, 'design' ) ;
#11780 = DIRECTION ( 'NONE',  ( 0.000000000000000000, 0.000000000000000000, 1.000000000000000000 ) ) ;
#11781 = VERTEX_POINT ( 'NONE', #12398 ) ;
#11782 = ORIENTED_EDGE ( 'NONE', *, *, #12781, .F. ) ;
#11783 = APPROVAL_STATUS ( 'not_yet_approved' ) ;
#11784 = ORIENTED_EDGE ( 'NONE', *, *, #3610, .F. ) ;
#11785 = CYLINDRICAL_SURFACE ( 'NONE', #11757, 1.700000000000007061 ) ;
#11786 = CIRCLE ( 'NONE', #11141, 1.700000000000000178 ) ;
#11787 = LOCAL_TIME ( 12, 23, 50.00000000000000000, #5271 ) ;
#11788 = CARTESIAN_POINT ( 'NONE',  ( 12.80000000000000071, -2.000000000000000000, 3.000000000000000000 ) ) ;
#11789 = LINE ( 'NONE', #4749, #11565 ) ;
#11790 = LINE ( 'NONE', #6813, #1893 ) ;
#11791 = ORIENTED_EDGE ( 'NONE', *, *, #1045, .T. ) ;
#11792 = ORIENTED_EDGE ( 'NONE', *, *, #6574, .F. ) ;
#11793 = FACE_BOUND ( 'NONE', #9503, .T. ) ;
#11794 = MECHANICAL_CONTEXT ( 'NONE', #4483, 'mechanical' ) ;
#11795 = MANIFOLD_SOLID_BREP ( 'Wheel_width28_PLACEHOLDER', #6670 ) ;
#11796 = EDGE_CURVE ( 'NONE', #12824, #178, #1028, .T. ) ;
#11797 = CARTESIAN_POINT ( 'NONE',  ( 21.70000000000000284, -13.77474804345230908, 0.000000000000000000 ) ) ;
#11798 = AXIS2_PLACEMENT_3D ( 'NONE', #12004, #5198, #9090 ) ;
#11799 = ORIENTED_EDGE ( 'NONE', *, *, #8753, .T. ) ;
#11800 = DATE_AND_TIME ( #6271, #5106 ) ;
#11801 = CARTESIAN_POINT ( 'NONE',  ( -15.59999999999999964, 62.50000000000000000, 6.000000000000000000 ) ) ;
#11802 = DIRECTION ( 'NONE',  ( 0.000000000000000000, -0.000000000000000000, -1.000000000000000000 ) ) ;
#11803 = VECTOR ( 'NONE', #3636, 1000.000000000000000 ) ;
#11804 = AXIS2_PLACEMENT_3D ( 'NONE', #1221, #3571, #3290 ) ;
#11805 = FACE_OUTER_BOUND ( 'NONE', #966, .T. ) ;
#11806 = CARTESIAN_POINT ( 'NONE',  ( -34.00000000000000000, 5.000000000000000000, 25.00000000000000000 ) ) ;
#11807 = ORIENTED_EDGE ( 'NONE', *, *, #8275, .F. ) ;
#11808 = DIRECTION ( 'NONE',  ( -0.000000000000000000, -0.000000000000000000, -1.000000000000000000 ) ) ;
#11809 = PERSON_AND_ORGANIZATION ( #2675, #9931 ) ;
#11810 = AXIS2_PLACEMENT_3D ( 'NONE', #9755, #6756, #7816 ) ;
#11811 = PERSON_AND_ORGANIZATION ( #2675, #9931 ) ;
#11812 = ORIENTED_EDGE ( 'NONE', *, *, #3211, .F. ) ;
#11813 = COORDINATED_UNIVERSAL_TIME_OFFSET ( 5, 0, .BEHIND. ) ;
#11814 = EDGE_CURVE ( 'NONE', #2253, #2833, #11472, .T. ) ;
#11815 = DIRECTION ( 'NONE',  ( 1.000000000000000000, 0.000000000000000000, 0.000000000000000000 ) ) ;
#11816 = CARTESIAN_POINT ( 'NONE',  ( 136.2250839948836756, -1.700069511235890563, -0.000000000000000000 ) ) ;
#11817 = VECTOR ( 'NONE', #11568, 1000.000000000000000 ) ;
#11818 = AXIS2_PLACEMENT_3D ( 'NONE', #9477, #413, #7350 ) ;
#11819 = CC_DESIGN_PERSON_AND_ORGANIZATION_ASSIGNMENT ( #8588, #3602, ( #6578 ) ) ;
#11820 = DIRECTION ( 'NONE',  ( -0.000000000000000000, -1.000000000000000000, -0.000000000000000000 ) ) ;
#11821 = CARTESIAN_POINT ( 'NONE',  ( -9.000000000000000000, -1.200000000000000030E-05, 5.700000000000000178 ) ) ;
#11822 = APPROVAL_STATUS ( 'not_yet_approved' ) ;
#11823 = CARTESIAN_POINT ( 'NONE',  ( 20.00000000000000000, -14.00000000000000000, -1.200000000000000030E-05 ) ) ;
#11824 = VECTOR ( 'NONE', #6710, 1000.000000000000000 ) ;
#11825 = VERTEX_POINT ( 'NONE', #8547 ) ;
#11826 = APPROVAL_DATE_TIME ( #12823, #5983 ) ;
#11827 = EDGE_LOOP ( 'NONE', ( #8573, #2065, #2077, #321 ) ) ;
#11828 = CALENDAR_DATE ( 2026, 21, 9 ) ;
#11829 = EDGE_CURVE ( 'NONE', #11825, #8304, #10668, .T. ) ;
#11830 = LINE ( 'NONE', #6842, #3931 ) ;
#11831 = VECTOR ( 'NONE', #8315, 1000.000000000000000 ) ;
#11832 = ORIENTED_EDGE ( 'NONE', *, *, #755, .F. ) ;
#11833 = EDGE_CURVE ( 'NONE', #2438, #6136, #3439, .T. ) ;
#11834 = DIRECTION ( 'NONE',  ( 0.000000000000000000, 0.000000000000000000, -1.000000000000000000 ) ) ;
#11835 = CYLINDRICAL_SURFACE ( 'NONE', #5021, 3.000000000000000000 ) ;
#11836 =( NAMED_UNIT ( * ) SI_UNIT ( $, .STERADIAN. ) SOLID_ANGLE_UNIT ( ) );
#11837 = EDGE_CURVE ( 'NONE', #10728, #8818, #8419, .T. ) ;
#11838 = CARTESIAN_POINT ( 'NONE',  ( -21.65666690099477876, 0.000000000000000000, 12.44258473825066957 ) ) ;
#11839 = CARTESIAN_POINT ( 'NONE',  ( -14.00000000000000000, 9.000000000000000000, 8.500000000000000000 ) ) ;
#11840 = MANIFOLD_SOLID_BREP ( 'Gripper_adapter_M3_14x10_NOT_SG90_DIRECT', #7550 ) ;
#11841 = LINE ( 'NONE', #8732, #2701 ) ;
#11842 = CARTESIAN_POINT ( 'NONE',  ( -12.00000000000000000, -12.00000000000000000, 20.00000000000000000 ) ) ;
#11843 = ORIENTED_EDGE ( 'NONE', *, *, #1470, .F. ) ;
#11844 = DATE_TIME_ROLE ( 'creation_date' ) ;
#11845 =( GEOMETRIC_REPRESENTATION_CONTEXT ( 3 ) GLOBAL_UNCERTAINTY_ASSIGNED_CONTEXT ( ( #3741 ) ) GLOBAL_UNIT_ASSIGNED_CONTEXT ( ( #12904, #3808, #5950 ) ) REPRESENTATION_CONTEXT ( 'NONE', 'WORKASPACE' ) );
#11846 = ORIENTED_EDGE ( 'NONE', *, *, #846, .T. ) ;
#11847 = VERTEX_POINT ( 'NONE', #10475 ) ;
#11848 = DIRECTION ( 'NONE',  ( 0.000000000000000000, 0.000000000000000000, 1.000000000000000000 ) ) ;
#11849 = LINE ( 'NONE', #5830, #10264 ) ;
#11850 = ORIENTED_EDGE ( 'NONE', *, *, #2570, .T. ) ;
#11851 = DIRECTION ( 'NONE',  ( 1.000000000000000000, 0.000000000000000000, 0.000000000000000000 ) ) ;
#11852 = LINE ( 'NONE', #1811, #9400 ) ;
#11853 = CARTESIAN_POINT ( 'NONE',  ( -20.00000000000000000, -12.00000000000000000, 0.000000000000000000 ) ) ;
#11854 = LOCAL_TIME ( 12, 23, 50.00000000000000000, #195 ) ;
#11855 = CARTESIAN_POINT ( 'NONE',  ( -27.69999999999999929, 45.00000000000000000, 0.000000000000000000 ) ) ;
#11856 = LINE ( 'NONE', #6811, #3816 ) ;
#11857 = APPROVAL_DATE_TIME ( #9827, #904 ) ;
#11858 = FACE_BOUND ( 'NONE', #9112, .T. ) ;
#11859 = VERTEX_POINT ( 'NONE', #5399 ) ;
#11860 = ORIENTED_EDGE ( 'NONE', *, *, #11016, .T. ) ;
#11861 = CARTESIAN_POINT ( 'NONE',  ( -9.858538931791269277, 67.48452350954335088, -0.000000000000000000 ) ) ;
#11862 = CARTESIAN_POINT ( 'NONE',  ( -12.30000000000000071, 70.00000000000000000, -6.000000000000000152E-06 ) ) ;
#11863 = DATE_AND_TIME ( #757, #7454 ) ;
#11864 = PERSON_AND_ORGANIZATION ( #2675, #9931 ) ;
#11865 = ORIENTED_EDGE ( 'NONE', *, *, #12059, .F. ) ;
#11866 = CC_DESIGN_APPROVAL ( #8743, ( #9949 ) ) ;
#11867 = DIRECTION ( 'NONE',  ( 0.000000000000000000, 0.000000000000000000, 1.000000000000000000 ) ) ;
#11868 = ORIENTED_EDGE ( 'NONE', *, *, #1434, .T. ) ;
#11869 = DIRECTION ( 'NONE',  ( -1.000000000000000000, 0.000000000000000000, 0.000000000000000000 ) ) ;
#11870 = CARTESIAN_POINT ( 'NONE',  ( 15.00000000000000000, 5.000000000000000000, 28.00000000000000000 ) ) ;
#11871 = LOCAL_TIME ( 12, 23, 50.00000000000000000, #4225 ) ;
#11872 = EDGE_CURVE ( 'NONE', #3101, #9451, #3230, .T. ) ;
#11873 = FACE_OUTER_BOUND ( 'NONE', #5167, .T. ) ;
#11874 = DIRECTION ( 'NONE',  ( -0.000000000000000000, -1.000000000000000000, -0.000000000000000000 ) ) ;
#11875 = PLANE ( 'NONE',  #7134 ) ;
#11876 = PERSON_AND_ORGANIZATION ( #2675, #9931 ) ;
#11877 = ORIENTED_EDGE ( 'NONE', *, *, #10395, .T. ) ;
#11878 = APPROVAL_DATE_TIME ( #10875, #8903 ) ;
#11879 = DIRECTION ( 'NONE',  ( -1.000000000000000000, -0.000000000000000000, -0.000000000000000000 ) ) ;
#11880 = ORIENTED_EDGE ( 'NONE', *, *, #4760, .F. ) ;
#11881 = PLANE ( 'NONE',  #5854 ) ;
#11882 = LOCAL_TIME ( 12, 23, 50.00000000000000000, #8884 ) ;
#11883 = PLANE ( 'NONE',  #2266 ) ;
#11884 = DIRECTION ( 'NONE',  ( 0.000000000000000000, 0.000000000000000000, 1.000000000000000000 ) ) ;
#11885 = DIRECTION ( 'NONE',  ( 1.000000000000000000, 0.000000000000000000, 0.000000000000000000 ) ) ;
#11886 = EDGE_CURVE ( 'NONE', #11135, #11111, #6500, .T. ) ;
#11887 = CARTESIAN_POINT ( 'NONE',  ( 28.00000000000000000, 0.000000000000000000, 0.000000000000000000 ) ) ;
#11888 = DATE_AND_TIME ( #8660, #5551 ) ;
#11889 = FACE_OUTER_BOUND ( 'NONE', #7944, .T. ) ;
#11890 = ORIENTED_EDGE ( 'NONE', *, *, #1945, .T. ) ;
#11891 = CC_DESIGN_DATE_AND_TIME_ASSIGNMENT ( #8631, #5600, ( #8156 ) ) ;
#11892 = COORDINATED_UNIVERSAL_TIME_OFFSET ( 5, 0, .BEHIND. ) ;
#11893 = DIRECTION ( 'NONE',  ( 0.000000000000000000, 0.000000000000000000, -1.000000000000000000 ) ) ;
#11894 = ORIENTED_EDGE ( 'NONE', *, *, #5318, .F. ) ;
#11895 = DIRECTION ( 'NONE',  ( 0.000000000000000000, 1.000000000000000000, -0.000000000000000000 ) ) ;
#11896 = CARTESIAN_POINT ( 'NONE',  ( 31.00000000000000000, 67.49999999999998579, 4.000000000000000000 ) ) ;
#11897 = AXIS2_PLACEMENT_3D ( 'NONE', #4669, #8671, #12714 ) ;
#11898 = DIRECTION ( 'NONE',  ( -0.000000000000000000, -0.000000000000000000, -1.000000000000000000 ) ) ;
#11899 = CARTESIAN_POINT ( 'NONE',  ( -12.00000000000000000, -7.000000000000000000, 5.000000000000000000 ) ) ;
#11901 = EDGE_CURVE ( 'NONE', #7621, #12382, #4490, .T. ) ;
#11900 = DIRECTION ( 'NONE',  ( -0.000000000000000000, -0.000000000000000000, -1.000000000000000000 ) ) ;
#11902 = EDGE_CURVE ( 'NONE', #7771, #9658, #2578, .T. ) ;
#11903 = CARTESIAN_POINT ( 'NONE',  ( -16.00000000000000000, -6.000000000000000000, 16.00000000000000000 ) ) ;
#11904 = DIRECTION ( 'NONE',  ( -1.000000000000000000, 0.000000000000000000, -0.000000000000000000 ) ) ;
#11905 = VERTEX_POINT ( 'NONE', #12671 ) ;
#11906 = EDGE_CURVE ( 'NONE', #9381, #11825, #9060, .T. ) ;
#11907 = DIRECTION ( 'NONE',  ( 1.000000000000000000, 0.000000000000000000, 0.000000000000000000 ) ) ;
#11908 = VERTEX_POINT ( 'NONE', #4556 ) ;
#11909 = EDGE_CURVE ( 'NONE', #5893, #12857, #3570, .T. ) ;
#11910 = FACE_OUTER_BOUND ( 'NONE', #4679, .T. ) ;
#11911 = DIRECTION ( 'NONE',  ( -0.000000000000000000, -0.000000000000000000, -1.000000000000000000 ) ) ;
#11912 = LINE ( 'NONE', #996, #3115 ) ;
#11913 = DIRECTION ( 'NONE',  ( 0.000000000000000000, -0.000000000000000000, 1.000000000000000000 ) ) ;
#11914 = EDGE_CURVE ( 'NONE', #10115, #5433, #7634, .T. ) ;
#11915 = CARTESIAN_POINT ( 'NONE',  ( 31.00000000000000000, 8.000000000000000000, 14.69999999999999929 ) ) ;
#11916 = EDGE_LOOP ( 'NONE', ( #6398, #2891 ) ) ;
#11917 = AXIS2_PLACEMENT_3D ( 'NONE', #3847, #8717, #1665 ) ;
#11918 = EDGE_CURVE ( 'NONE', #10845, #9292, #409, .T. ) ;
#11919 = EDGE_LOOP ( 'NONE', ( #8826, #9999, #12656, #1384, #5980, #389 ) ) ;
#11920 = EDGE_CURVE ( 'NONE', #7683, #4293, #8190, .T. ) ;
#11921 = CARTESIAN_POINT ( 'NONE',  ( -10.36128909900225814, 67.04297226076383254, -0.000000000000000000 ) ) ;
#11922 = FACE_OUTER_BOUND ( 'NONE', #71, .T. ) ;
#11923 = MECHANICAL_CONTEXT ( 'NONE', #2868, 'mechanical' ) ;
#11924 = ORIENTED_EDGE ( 'NONE', *, *, #9927, .T. ) ;
#11925 = MANIFOLD_SOLID_BREP ( 'V2_REF_block40', #2897 ) ;
#11926 = CARTESIAN_POINT ( 'NONE',  ( 18.30000000000000071, -14.00000000000000000, -6.000000000000000152E-06 ) ) ;
#11927 = ORIENTED_EDGE ( 'NONE', *, *, #11329, .T. ) ;
#11928 = DATE_TIME_ROLE ( 'creation_date' ) ;
#11929 = VECTOR ( 'NONE', #3221, 1000.000000000000000 ) ;
#11930 = LINE ( 'NONE', #1896, #10156 ) ;
#11931 = PERSON ( 'NAUO-PER24', 'UNSPECIFIED', 'UNSPECIFIED', ('UNSPECIFIED'), ('UNSPECIFIED'), ('UNSPECIFIED') ) ;
#11932 = CARTESIAN_POINT ( 'NONE',  ( 24.30000000000000071, 0.000000000000000000, 0.000000000000000000 ) ) ;
#11933 = DIRECTION ( 'NONE',  ( 1.000000000000000000, 0.000000000000000000, -0.000000000000000000 ) ) ;
#11934 = DIRECTION ( 'NONE',  ( -0.000000000000000000, -0.000000000000000000, 1.000000000000000000 ) ) ;
#11935 = DIRECTION ( 'NONE',  ( 0.000000000000000000, 0.000000000000000000, 1.000000000000000000 ) ) ;
#11936 = PLANE ( 'NONE',  #3383 ) ;
#11937 = CIRCLE ( 'NONE', #5617, 1.700000000000000178 ) ;
#11938 = PERSON_AND_ORGANIZATION ( #2675, #9931 ) ;
#11939 = ORIENTED_EDGE ( 'NONE', *, *, #4904, .T. ) ;
#11940 = PERSON_AND_ORGANIZATION_ROLE ( 'classification_officer' ) ;
#11941 = CARTESIAN_POINT ( 'NONE',  ( 135.5574152617489290, 1.656666900993485569, 0.000000000000000000 ) ) ;
#11942 = EDGE_LOOP ( 'NONE', ( #8944, #9240, #11719, #4261 ) ) ;
#11943 = CARTESIAN_POINT ( 'NONE',  ( 137.6568650684230875, -0.4424697499179515714, -0.000000000000000000 ) ) ;
#11944 = AXIS2_PLACEMENT_3D ( 'NONE', #888, #4823, #8888 ) ;
#11945 = CARTESIAN_POINT ( 'NONE',  ( 6.000000000000000000, -9.000000000000000000, 3.000000000000000000 ) ) ;
#11946 = AXIS2_PLACEMENT_3D ( 'NONE', #12943, #12761, #786 ) ;
#11947 = CARTESIAN_POINT ( 'NONE',  ( 9.840129390273625987, 9.961135384681570670, 11.41787171665996325 ) ) ;
#11948 = CLOSED_SHELL ( 'NONE', ( #2627, #1056, #5592, #1613, #6641, #5121, #9426, #3196, #6224, #3937, #3392, #4918, #197, #1793, #3210 ) ) ;
#11949 = APPLICATION_PROTOCOL_DEFINITION ( 'international standard', 'config_control_design', 1994, #10096 ) ;
#11950 = DIRECTION ( 'NONE',  ( -1.000000000000000000, 0.000000000000000000, -0.000000000000000000 ) ) ;
#11951 = DATE_AND_TIME ( #6977, #8391 ) ;
#11952 = CARTESIAN_POINT ( 'NONE',  ( -37.50000000000000000, -10.00000000000000000, 28.00000000000000000 ) ) ;
#11953 = VECTOR ( 'NONE', #1753, 1000.000000000000000 ) ;
#11954 = VERTEX_POINT ( 'NONE', #8329 ) ;
#11955 = CIRCLE ( 'NONE', #10703, 1.100000000000000311 ) ;
#11956 = DIRECTION ( 'NONE',  ( -1.000000000000000000, 0.000000000000000000, 0.000000000000000000 ) ) ;
#11957 = ADVANCED_FACE ( 'NONE', ( #5317 ), #12242, .F. ) ;
#11958 = CARTESIAN_POINT ( 'NONE',  ( -18.51567465788469136, 13.14134607987330305, 0.000000000000000000 ) ) ;
#11959 =( NAMED_UNIT ( * ) PLANE_ANGLE_UNIT ( ) SI_UNIT ( $, .RADIAN. ) );
#11960 = FACE_OUTER_BOUND ( 'NONE', #7334, .T. ) ;
#11961 = CC_DESIGN_DATE_AND_TIME_ASSIGNMENT ( #1205, #12047, ( #5235 ) ) ;
#11962 = DIRECTION ( 'NONE',  ( 0.000000000000000000, -1.000000000000000000, 0.000000000000000000 ) ) ;
#11963 = CARTESIAN_POINT ( 'NONE',  ( -14.00000000000000000, 9.000000000000000000, 6.800000000000000711 ) ) ;
#11964 = CARTESIAN_POINT ( 'NONE',  ( 20.00000000000000000, -1.200000000000000030E-05, 12.00000000000000000 ) ) ;
#11965 = AXIS2_PLACEMENT_3D ( 'NONE', #2622, #10782, #11771 ) ;
#11966 = MANIFOLD_SOLID_BREP ( 'Clamp_crossbolt_M3', #11351 ) ;
#11967 = CARTESIAN_POINT ( 'NONE',  ( -18.63880920472979241, 15.04287395703147645, 0.000000000000000000 ) ) ;
#11968 = CARTESIAN_POINT ( 'NONE',  ( -7.343333099005222131, 0.000000000000000000, 12.55741526174933220 ) ) ;
#11969 = CC_DESIGN_APPROVAL ( #1797, ( #5235 ) ) ;
#11970 = ORIENTED_EDGE ( 'NONE', *, *, #5703, .T. ) ;
#11971 =( NAMED_UNIT ( * ) PLANE_ANGLE_UNIT ( ) SI_UNIT ( $, .RADIAN. ) );
#11972 = ADVANCED_FACE ( 'NONE', ( #9401, #4397, #63 ), #2351, .F. ) ;
#11973 = CARTESIAN_POINT ( 'NONE',  ( -12.00000000000000000, 7.000000000000000000, 16.69999999999999929 ) ) ;
#11974 = EDGE_CURVE ( 'NONE', #2615, #11001, #530, .T. ) ;
#11975 = PLANE ( 'NONE',  #5176 ) ;
#11976 = CARTESIAN_POINT ( 'NONE',  ( -10.65666690099372182, 65.55741526174938372, -0.000000000000000000 ) ) ;
#11977 = CC_DESIGN_PERSON_AND_ORGANIZATION_ASSIGNMENT ( #6022, #8068, ( #5235 ) ) ;
#11978 = LOCAL_TIME ( 12, 23, 50.00000000000000000, #9660 ) ;
#11979 = CC_DESIGN_DATE_AND_TIME_ASSIGNMENT ( #474, #332, ( #12132 ) ) ;
#11980 = CLOSED_SHELL ( 'NONE', ( #3783, #280, #491, #6616 ) ) ;
#11981 = CARTESIAN_POINT ( 'NONE',  ( -8.774916005114079098, -0.000000000000000000, 2.300069511235792064 ) ) ;
#11982 = CARTESIAN_POINT ( 'NONE',  ( 0.000000000000000000, 0.000000000000000000, 2.000000000000000000 ) ) ;
#11983 = DIRECTION ( 'NONE',  ( 0.000000000000000000, -0.000000000000000000, 1.000000000000000000 ) ) ;
#11984 = ORIENTED_EDGE ( 'NONE', *, *, #66, .T. ) ;
#11985 = ORIENTED_EDGE ( 'NONE', *, *, #10122, .T. ) ;
#11986 = CARTESIAN_POINT ( 'NONE',  ( 0.000000000000000000, 62.50000000000000000, 6.000000000000000000 ) ) ;
#11987 = DATE_AND_TIME ( #10744, #12078 ) ;
#11988 = CARTESIAN_POINT ( 'NONE',  ( -20.00000000000000000, -1.200000000000000030E-05, 12.00000000000000000 ) ) ;
#11989 = APPLICATION_PROTOCOL_DEFINITION ( 'international standard', 'config_control_design', 1994, #7582 ) ;
#11990 = ORIENTED_EDGE ( 'NONE', *, *, #5465, .T. ) ;
#11991 = APPROVAL_PERSON_ORGANIZATION ( #4171, #6946, #318 ) ;
#11992 = EDGE_CURVE ( 'NONE', #4118, #10577, #7993, .T. ) ;
#11993 = DIRECTION ( 'NONE',  ( 1.000000000000000000, 0.000000000000000000, 0.000000000000000000 ) ) ;
#11994 = SHAPE_REPRESENTATION ( 'V3_bin_180x143x80', ( #6542 ), #5091 ) ;
#11995 = ORIENTED_EDGE ( 'NONE', *, *, #9779, .T. ) ;
#11996 = EDGE_CURVE ( 'NONE', #4543, #3445, #10319, .T. ) ;
#11997 = DIRECTION ( 'NONE',  ( 0.000000000000000000, 1.000000000000000000, 0.000000000000000000 ) ) ;
#11998 = EDGE_CURVE ( 'NONE', #1614, #10462, #10119, .T. ) ;
#11999 = ADVANCED_FACE ( 'NONE', ( #1274, #6199 ), #1343, .F. ) ;
#12000 = SECURITY_CLASSIFICATION ( '', '', #4029 ) ;
#12001 = DIRECTION ( 'NONE',  ( -1.000000000000000000, -0.000000000000000000, -0.000000000000000000 ) ) ;
#12002 = EDGE_LOOP ( 'NONE', ( #7249, #5598, #2730, #11523 ) ) ;
#12003 = DIRECTION ( 'NONE',  ( 1.000000000000000000, 0.000000000000000000, 0.000000000000000000 ) ) ;
#12004 = CARTESIAN_POINT ( 'NONE',  ( 0.000000000000000000, 0.000000000000000000, 4.000000000000000000 ) ) ;
#12005 = AXIS2_PLACEMENT_3D ( 'NONE', #231, #11338, #10344 ) ;
#12006 = APPROVAL_DATE_TIME ( #8838, #2133 ) ;
#12007 = DATE_AND_TIME ( #4094, #8182 ) ;
#12008 = CARTESIAN_POINT ( 'NONE',  ( 135.7749160051166939, 1.700069511235890785, -0.000000000000000000 ) ) ;
#12009 = CARTESIAN_POINT ( 'NONE',  ( -15.10000000000000142, 1.347111479062088503E-16, 18.00000000000000355 ) ) ;
#12010 = AXIS2_PLACEMENT_3D ( 'NONE', #1219, #9358, #83 ) ;
#12011 = AXIS2_PLACEMENT_3D ( 'NONE', #4877, #12173, #13038 ) ;
#12012 = FACE_BOUND ( 'NONE', #6843, .T. ) ;
#12014 = VECTOR ( 'NONE', #3870, 1000.000000000000000 ) ;
#12013 = FACE_OUTER_BOUND ( 'NONE', #4259, .T. ) ;
#12015 = ORIENTED_EDGE ( 'NONE', *, *, #7387, .T. ) ;
#12016 = CARTESIAN_POINT ( 'NONE',  ( 43.00000000000000000, 0.000000000000000000, 6.000000000000000000 ) ) ;
#12017 = COORDINATED_UNIVERSAL_TIME_OFFSET ( 5, 0, .BEHIND. ) ;
#12018 = LINE ( 'NONE', #2985, #10872 ) ;
#12019 = ORIENTED_EDGE ( 'NONE', *, *, #2954, .F. ) ;
#12020 = CARTESIAN_POINT ( 'NONE',  ( 31.60000000000000142, 67.50000000000000000, 0.000000000000000000 ) ) ;
#12021 = CARTESIAN_POINT ( 'NONE',  ( -12.00000000000000000, 7.000000000000000000, 15.00000000000000000 ) ) ;
#12022 = LINE ( 'NONE', #917, #4033 ) ;
#12023 = FACE_BOUND ( 'NONE', #1150, .T. ) ;
#12024 = VECTOR ( 'NONE', #4048, 1000.000000000000000 ) ;
#12025 = DIRECTION ( 'NONE',  ( 0.000000000000000000, 1.000000000000000000, 0.000000000000000000 ) ) ;
#12026 = CARTESIAN_POINT ( 'NONE',  ( 27.69999999999999929, -45.00000000000000000, 5.000000000000000000 ) ) ;
#12027 = VECTOR ( 'NONE', #1650, 1000.000000000000000 ) ;
#12028 = CARTESIAN_POINT ( 'NONE',  ( 19.55736206015248868, -15.65679534101080428, -0.000000000000000000 ) ) ;
#12029 = LINE ( 'NONE', #6004, #7926 ) ;
#12030 = EDGE_CURVE ( 'NONE', #12890, #9002, #2143, .T. ) ;
#12031 = DIRECTION ( 'NONE',  ( -0.000000000000000000, -0.000000000000000000, -1.000000000000000000 ) ) ;
#12032 = ORIENTED_EDGE ( 'NONE', *, *, #10902, .T. ) ;
#12033 =( GEOMETRIC_REPRESENTATION_CONTEXT ( 3 ) GLOBAL_UNCERTAINTY_ASSIGNED_CONTEXT ( ( #1485 ) ) GLOBAL_UNIT_ASSIGNED_CONTEXT ( ( #4792, #11971, #8871 ) ) REPRESENTATION_CONTEXT ( 'NONE', 'WORKASPACE' ) );
#12034 = AXIS2_PLACEMENT_3D ( 'NONE', #3225, #10339, #7222 ) ;
#12035 = CARTESIAN_POINT ( 'NONE',  ( -11.50000000000000000, -6.000000000000000000, 22.00000000000000000 ) ) ;
#12036 = DIRECTION ( 'NONE',  ( -1.000000000000000000, -0.000000000000000000, -0.000000000000000000 ) ) ;
#12037 = DIRECTION ( 'NONE',  ( 0.000000000000000000, 0.000000000000000000, -1.000000000000000000 ) ) ;
#12038 = CARTESIAN_POINT ( 'NONE',  ( 16.00000000000000000, -6.000000000000000000, 16.00000000000000000 ) ) ;
#12039 = VECTOR ( 'NONE', #6984, 1000.000000000000000 ) ;
#12040 = AXIS2_PLACEMENT_3D ( 'NONE', #7989, #805, #9858 ) ;
#12041 = DIRECTION ( 'NONE',  ( 0.000000000000000000, 0.000000000000000000, -1.000000000000000000 ) ) ;
#12042 = EDGE_CURVE ( 'NONE', #10329, #2908, #12460, .T. ) ;
#12043 = CARTESIAN_POINT ( 'NONE',  ( 0.000000000000000000, 40.00000000000000000, 0.000000000000000000 ) ) ;
#12044 = ORIENTED_EDGE ( 'NONE', *, *, #11342, .F. ) ;
#12045 = VERTEX_POINT ( 'NONE', #4193 ) ;
#12046 = DIRECTION ( 'NONE',  ( -1.000000000000000000, -0.000000000000000000, -0.000000000000000000 ) ) ;
#12047 = DATE_TIME_ROLE ( 'classification_date' ) ;
#12048 = CC_DESIGN_PERSON_AND_ORGANIZATION_ASSIGNMENT ( #1971, #12068, ( #12000 ) ) ;
#12049 = ORIENTED_EDGE ( 'NONE', *, *, #12329, .T. ) ;
#12050 = PRODUCT_DEFINITION ( 'ๆ', '', #680, #8609 ) ;
#12051 = ORIENTED_EDGE ( 'NONE', *, *, #3037, .F. ) ;
#12052 = CARTESIAN_POINT ( 'NONE',  ( 4.515476490455874625, -9.858538931789730952, -0.000000000000000000 ) ) ;
#12053 = VECTOR ( 'NONE', #11997, 1000.000000000000000 ) ;
#12054 = CC_DESIGN_APPROVAL ( #10206, ( #1740 ) ) ;
#12055 = CARTESIAN_POINT ( 'NONE',  ( 27.69999999999999929, 0.000000000000000000, 0.000000000000000000 ) ) ;
#12056 = CARTESIAN_POINT ( 'NONE',  ( -11.59999999999999964, 77.50000000000000000, 6.000000000000000000 ) ) ;
#12057 = FACE_OUTER_BOUND ( 'NONE', #5665, .T. ) ;
#12058 = EDGE_CURVE ( 'NONE', #9410, #4759, #5242, .T. ) ;
#12059 = EDGE_CURVE ( 'NONE', #8112, #10498, #11309, .T. ) ;
#12060 = EDGE_LOOP ( 'NONE', ( #1209, #257, #5127, #10968 ) ) ;
#12061 = LOCAL_TIME ( 12, 23, 50.00000000000000000, #8964 ) ;
#12062 = CARTESIAN_POINT ( 'NONE',  ( 31.00000000000000355, -6.000000000000000152E-06, 11.29999999999999893 ) ) ;
#12063 = CARTESIAN_POINT ( 'NONE',  ( -12.00000000000000000, -7.000000000000000000, 5.000000000000000000 ) ) ;
#12064 = PERSON_AND_ORGANIZATION_ROLE ( 'creator' ) ;
#12065 = EDGE_LOOP ( 'NONE', ( #5475, #11405, #7857, #6505, #3944, #9173, #7162, #3509 ) ) ;
#12066 = VERTEX_POINT ( 'NONE', #10382 ) ;
#12067 = ADVANCED_FACE ( 'NONE', ( #7473 ), #11300, .F. ) ;
#12068 = PERSON_AND_ORGANIZATION_ROLE ( 'classification_officer' ) ;
#12069 = LINE ( 'NONE', #93, #3085 ) ;
#12070 = DIRECTION ( 'NONE',  ( 0.000000000000000000, 0.000000000000000000, 1.000000000000000000 ) ) ;
#12071 = CC_DESIGN_APPROVAL ( #165, ( #11456 ) ) ;
#12072 = DIRECTION ( 'NONE',  ( 1.000000000000000000, -0.000000000000000000, -0.000000000000000000 ) ) ;
#12073 = DIRECTION ( 'NONE',  ( -0.000000000000000000, -0.000000000000000000, 1.000000000000000000 ) ) ;
#12074 = ADVANCED_BREP_SHAPE_REPRESENTATION ( '', ( #2944, #6542 ), #9734 ) ;
#12075 = DIRECTION ( 'NONE',  ( 0.000000000000000000, 0.000000000000000000, -1.000000000000000000 ) ) ;
#12076 = ORIENTED_EDGE ( 'NONE', *, *, #9744, .F. ) ;
#12077 = CARTESIAN_POINT ( 'NONE',  ( 31.44258473825039957, 55.34333309900496545, 0.000000000000000000 ) ) ;
#12078 = LOCAL_TIME ( 12, 23, 50.00000000000000000, #5787 ) ;
#12079 = PERSON_AND_ORGANIZATION ( #6856, #11563 ) ;
#12080 = LINE ( 'NONE', #9170, #12133 ) ;
#12081 = ORIENTED_EDGE ( 'NONE', *, *, #5321, .T. ) ;
#12082 = DIRECTION ( 'NONE',  ( 0.000000000000000000, 0.000000000000000000, 1.000000000000000000 ) ) ;
#12083 = ORIENTED_EDGE ( 'NONE', *, *, #4962, .T. ) ;
#12084 = CARTESIAN_POINT ( 'NONE',  ( -18.30000000000000071, 14.00000000000000000, -6.000000000000000152E-06 ) ) ;
#12085 = CARTESIAN_POINT ( 'NONE',  ( 21.65686506842306969, -14.44246974991461663, -0.000000000000000000 ) ) ;
#12086 = CARTESIAN_POINT ( 'NONE',  ( 31.19999999999999929, 0.000000000000000000, 0.000000000000000000 ) ) ;
#12087 = CARTESIAN_POINT ( 'NONE',  ( -5.500000000000000000, 0.000000000000000000, 29.00000000000000000 ) ) ;
#12088 = CARTESIAN_POINT ( 'NONE',  ( 0.000000000000000000, 0.000000000000000000, -1.200000000000000030E-05 ) ) ;
#12089 = CARTESIAN_POINT ( 'NONE',  ( -18.51547649045614463, 14.85853893178999741, -0.000000000000000000 ) ) ;
#12090 = EDGE_LOOP ( 'NONE', ( #9933, #10647, #6289, #6733 ) ) ;
#12091 = ORIENTED_EDGE ( 'NONE', *, *, #9480, .T. ) ;
#12092 = ORIENTED_EDGE ( 'NONE', *, *, #11129, .T. ) ;
#12093 = DIRECTION ( 'NONE',  ( 0.000000000000000000, 0.000000000000000000, 1.000000000000000000 ) ) ;
#12094 = VECTOR ( 'NONE', #12447, 1000.000000000000000 ) ;
#12095 = DIRECTION ( 'NONE',  ( 0.000000000000000000, -1.000000000000000000, 0.000000000000000000 ) ) ;
#12096 = CARTESIAN_POINT ( 'NONE',  ( -10.50000000000000000, -1.200000000000000030E-05, 4.799999999999998046 ) ) ;
#12097 = EDGE_CURVE ( 'NONE', #2063, #8135, #8318, .T. ) ;
#12098 = FACE_OUTER_BOUND ( 'NONE', #11289, .T. ) ;
#12099 = PLANE ( 'NONE',  #2873 ) ;
#12100 = CARTESIAN_POINT ( 'NONE',  ( -12.00000000000000000, -7.000000000000000000, 5.000000000000000000 ) ) ;
#12101 = DIRECTION ( 'NONE',  ( 0.000000000000000000, 0.000000000000000000, 1.000000000000000000 ) ) ;
#12102 = EDGE_LOOP ( 'NONE', ( #384, #4927, #11275, #6252, #5226, #1805, #12519, #3572 ) ) ;
#12103 = VERTEX_POINT ( 'NONE', #3474 ) ;
#12104 = CARTESIAN_POINT ( 'NONE',  ( 17.00000000000000000, -10.00000000000000000, 25.00000000000000000 ) ) ;
#12105 = SECURITY_CLASSIFICATION_LEVEL ( 'unclassified' ) ;
#12106 = VERTEX_POINT ( 'NONE', #265 ) ;
#12107 = DIRECTION ( 'NONE',  ( 0.000000000000000000, 0.000000000000000000, 1.000000000000000000 ) ) ;
#12108 = EDGE_LOOP ( 'NONE', ( #10482, #4323 ) ) ;
#12109 = CYLINDRICAL_SURFACE ( 'NONE', #6837, 1.700000000000000178 ) ;
#12110 = ADVANCED_FACE ( 'NONE', ( #527, #5307, #4386, #469, #8520 ), #7254, .F. ) ;
#12111 = CARTESIAN_POINT ( 'NONE',  ( 31.00000000000000000, 8.000000000000000000, 11.29999999999999893 ) ) ;
#12112 = CARTESIAN_POINT ( 'NONE',  ( -21.00000000000000000, -12.00000000000000000, 3.000000000000000000 ) ) ;
#12113 = FACE_OUTER_BOUND ( 'NONE', #8100, .T. ) ;
#12114 = CC_DESIGN_PERSON_AND_ORGANIZATION_ASSIGNMENT ( #7773, #11060, ( #7854 ) ) ;
#12115 = ORIENTED_EDGE ( 'NONE', *, *, #10388, .T. ) ;
#12116 = PLANE ( 'NONE',  #566 ) ;
#12117 = EDGE_LOOP ( 'NONE', ( #928, #2449 ) ) ;
#12118 = CARTESIAN_POINT ( 'NONE',  ( -16.00000000000000000, 6.000000000000000000, 16.00000000000000000 ) ) ;
#12119 = PERSON_AND_ORGANIZATION ( #2675, #9931 ) ;
#12120 = VERTEX_POINT ( 'NONE', #12564 ) ;
#12121 = CALENDAR_DATE ( 2026, 21, 9 ) ;
#12122 = CARTESIAN_POINT ( 'NONE',  ( 15.00000000000000000, -5.000000000000000000, -1.200000000000000030E-05 ) ) ;
#12123 = VERTEX_POINT ( 'NONE', #3531 ) ;
#12124 = VECTOR ( 'NONE', #677, 1000.000000000000000 ) ;
#12125 = PRODUCT ( 'V3_REF_block40', 'V3_REF_block40', '', ( #3947 ) ) ;
#12126 = DIRECTION ( 'NONE',  ( -1.000000000000000000, -0.000000000000000000, -0.000000000000000000 ) ) ;
#12127 = EDGE_CURVE ( 'NONE', #9205, #6879, #10953, .T. ) ;
#12128 = EDGE_CURVE ( 'NONE', #2518, #10313, #9328, .T. ) ;
#12129 =( LENGTH_UNIT ( ) NAMED_UNIT ( * ) SI_UNIT ( .MILLI., .METRE. ) );
#12130 = DIRECTION ( 'NONE',  ( -0.000000000000000000, -0.000000000000000000, -1.000000000000000000 ) ) ;
#12131 = CARTESIAN_POINT ( 'NONE',  ( -11.50000000000000000, -6.000000000000000000, 16.00000000000000000 ) ) ;
#12132 = PRODUCT_DEFINITION ( 'ๆ', '', #3653, #4544 ) ;
#12133 = VECTOR ( 'NONE', #10095, 1000.000000000000000 ) ;
#12134 = DIRECTION ( 'NONE',  ( 0.000000000000000000, 0.000000000000000000, -1.000000000000000000 ) ) ;
#12135 = ORIENTED_EDGE ( 'NONE', *, *, #1076, .T. ) ;
#12136 = DIRECTION ( 'NONE',  ( 0.000000000000000000, 0.000000000000000000, -1.000000000000000000 ) ) ;
#12137 = EDGE_LOOP ( 'NONE', ( #11200, #5900 ) ) ;
#12138 = APPROVAL_ROLE ( '' ) ;
#12139 = LINE ( 'NONE', #11223, #8962 ) ;
#12140 = ORIENTED_EDGE ( 'NONE', *, *, #12485, .F. ) ;
#12141 = DIRECTION ( 'NONE',  ( -1.000000000000000000, 0.000000000000000000, 0.000000000000000000 ) ) ;
#12142 = ORIENTED_EDGE ( 'NONE', *, *, #10774, .T. ) ;
#12143 = DIRECTION ( 'NONE',  ( -1.000000000000000000, 0.000000000000000000, 0.000000000000000000 ) ) ;
#12144 = AXIS2_PLACEMENT_3D ( 'NONE', #8222, #36, #12275 ) ;
#12145 = ADVANCED_FACE ( 'NONE', ( #6349 ), #1465, .F. ) ;
#12146 = CARTESIAN_POINT ( 'NONE',  ( 20.44258473825093958, -15.65666690099488889, 0.000000000000000000 ) ) ;
#12147 = FACE_OUTER_BOUND ( 'NONE', #1054, .T. ) ;
#12148 = EDGE_CURVE ( 'NONE', #8897, #4478, #10311, .T. ) ;
#12149 = DIRECTION ( 'NONE',  ( 1.000000000000000000, 0.000000000000000000, 0.000000000000000000 ) ) ;
#12150 = CARTESIAN_POINT ( 'NONE',  ( -20.44258473825221145, 15.65666690099361880, 0.000000000000000000 ) ) ;
#12151 = VECTOR ( 'NONE', #10202, 1000.000000000000000 ) ;
#12152 = EDGE_LOOP ( 'NONE', ( #11193, #7291, #11732, #5390, #7018, #10138 ) ) ;
#12153 = DATE_AND_TIME ( #8988, #12717 ) ;
#12154 = ORIENTED_EDGE ( 'NONE', *, *, #6957, .T. ) ;
#12155 = ORIENTED_EDGE ( 'NONE', *, *, #7701, .F. ) ;
#12156 = ORIENTED_EDGE ( 'NONE', *, *, #620, .T. ) ;
#12157 = DIRECTION ( 'NONE',  ( 1.000000000000000000, 0.000000000000000000, 0.000000000000000000 ) ) ;
#12158 = CIRCLE ( 'NONE', #9213, 1.700000000000000178 ) ;
#12159 = CARTESIAN_POINT ( 'NONE',  ( 15.65686506842306791, 69.55753025008354484, -0.000000000000000000 ) ) ;
#12160 = DIRECTION ( 'NONE',  ( 0.000000000000000000, 0.000000000000000000, 1.000000000000000000 ) ) ;
#12161 = CARTESIAN_POINT ( 'NONE',  ( -7.300000000000000711, 56.77438419509384460, -0.000000000000000000 ) ) ;
#12162 = CARTESIAN_POINT ( 'NONE',  ( -6.000000000000000000, -1.300000000000000044, -0.09997027095160138099 ) ) ;
#12163 = VECTOR ( 'NONE', #449, 1000.000000000000000 ) ;
#12164 = DIRECTION ( 'NONE',  ( 0.000000000000000000, -1.000000000000000000, 0.000000000000000000 ) ) ;
#12165 = DIRECTION ( 'NONE',  ( -0.000000000000000000, 1.000000000000000000, -0.000000000000000000 ) ) ;
#12166 = CALENDAR_DATE ( 2026, 21, 9 ) ;
#12167 = PLANE ( 'NONE',  #9093 ) ;
#12168 = CIRCLE ( 'NONE', #583, 5.799999999999999822 ) ;
#12169 = LINE ( 'NONE', #8064, #8209 ) ;
#12170 = EDGE_LOOP ( 'NONE', ( #3641, #9494, #12218, #4642 ) ) ;
#12171 = ORIENTED_EDGE ( 'NONE', *, *, #7648, .T. ) ;
#12172 = UNCERTAINTY_MEASURE_WITH_UNIT (LENGTH_MEASURE( 1.000000000000000082E-05 ), #2468, 'distance_accuracy_value', 'NONE');
#12173 = DIRECTION ( 'NONE',  ( 0.000000000000000000, 0.000000000000000000, 1.000000000000000000 ) ) ;
#12174 = COORDINATED_UNIVERSAL_TIME_OFFSET ( 5, 0, .BEHIND. ) ;
#12175 = AXIS2_PLACEMENT_3D ( 'NONE', #4120, #12160, #200 ) ;
#12176 = ORIENTED_EDGE ( 'NONE', *, *, #9330, .F. ) ;
#12177 = CARTESIAN_POINT ( 'NONE',  ( 6.000000000000000000, 0.000000000000000000, 20.00000000000000000 ) ) ;
#12178 = ORIENTED_EDGE ( 'NONE', *, *, #1387, .T. ) ;
#12179 = VECTOR ( 'NONE', #4158, 1000.000000000000000 ) ;
#12180 = SECURITY_CLASSIFICATION ( '', '', #4104 ) ;
#12181 = CARTESIAN_POINT ( 'NONE',  ( -9.000000000000000000, -1.200000000000000030E-05, 4.000000000000000000 ) ) ;
#12182 = CARTESIAN_POINT ( 'NONE',  ( 11.87876165948471829, 7.409364245642842128, 9.388093465597638243 ) ) ;
#12183 = CARTESIAN_POINT ( 'NONE',  ( 5.774916005114157258, -7.299930488764021064, -0.000000000000000000 ) ) ;
#12184 = CIRCLE ( 'NONE', #8598, 1.699999999999998401 ) ;
#12185 = CARTESIAN_POINT ( 'NONE',  ( -10.50000000000000000, -1.300000000000000044, 16.00000000000000000 ) ) ;
#12186 = ORIENTED_EDGE ( 'NONE', *, *, #9402, .F. ) ;
#12187 = ORIENTED_EDGE ( 'NONE', *, *, #9071, .F. ) ;
#12188 = SECURITY_CLASSIFICATION ( '', '', #4376 ) ;
#12189 = PLANE ( 'NONE',  #8450 ) ;
#12190 = EDGE_CURVE ( 'NONE', #10447, #3334, #5502, .T. ) ;
#12191 = FACE_OUTER_BOUND ( 'NONE', #12872, .T. ) ;
#12192 = MECHANICAL_CONTEXT ( 'NONE', #6201, 'mechanical' ) ;
#12193 = ORIENTED_EDGE ( 'NONE', *, *, #11750, .F. ) ;
#12194 = ORIENTED_EDGE ( 'NONE', *, *, #6497, .T. ) ;
#12195 = COORDINATED_UNIVERSAL_TIME_OFFSET ( 5, 0, .BEHIND. ) ;
#12196 = CARTESIAN_POINT ( 'NONE',  ( -12.00000000000000000, 7.000000000000000000, 16.69999999999999929 ) ) ;
#12197 = ORIENTED_EDGE ( 'NONE', *, *, #2734, .T. ) ;
#12198 = PLANE ( 'NONE',  #7109 ) ;
#12199 = DATE_AND_TIME ( #97, #2811 ) ;
#12200 = ORGANIZATION ( 'NAUO-ORG20', 'UNSPECIFIED', 'UNSPECIFIED' ) ;
#12201 = CARTESIAN_POINT ( 'NONE',  ( 18.30000000000000071, -14.00000000000000000, 5.000000000000000000 ) ) ;
#12202 = DIRECTION ( 'NONE',  ( 0.000000000000000000, 0.000000000000000000, 1.000000000000000000 ) ) ;
#12203 = CARTESIAN_POINT ( 'NONE',  ( 21.48432534211531575, 13.14134607987330305, 0.000000000000000000 ) ) ;
#12204 = DIRECTION ( 'NONE',  ( 0.000000000000000000, -1.000000000000000000, 0.000000000000000000 ) ) ;
#12205 = VECTOR ( 'NONE', #836, 1000.000000000000000 ) ;
#12206 = CARTESIAN_POINT ( 'NONE',  ( 15.00000000000000000, -5.000000000000000000, 25.00000000000000000 ) ) ;
#12207 = EDGE_CURVE ( 'NONE', #12382, #7491, #11444, .T. ) ;
#12208 = ORIENTED_EDGE ( 'NONE', *, *, #10164, .T. ) ;
#12209 = CARTESIAN_POINT ( 'NONE',  ( -28.00000000000000000, 8.000000000000000000, 24.00000000000000000 ) ) ;
#12210 = EDGE_LOOP ( 'NONE', ( #11153, #8677 ) ) ;
#12211 = CC_DESIGN_APPROVAL ( #10275, ( #5685 ) ) ;
#12212 = COORDINATED_UNIVERSAL_TIME_OFFSET ( 5, 0, .BEHIND. ) ;
#12213 = CARTESIAN_POINT ( 'NONE',  ( 2.408589353751582784, 0.9896632826438699349, -0.000000000000000000 ) ) ;
#12214 = EDGE_LOOP ( 'NONE', ( #6240, #11970, #12426, #8651 ) ) ;
#12215 = APPROVAL ( #8649, 'UNKNOWN' ) ;
#12216 = DIRECTION ( 'NONE',  ( 0.000000000000000000, 0.000000000000000000, 1.000000000000000000 ) ) ;
#12217 = APPROVAL ( #10643, 'ๆช' ) ;
#12218 = ORIENTED_EDGE ( 'NONE', *, *, #6574, .T. ) ;
#12219 = AXIS2_PLACEMENT_3D ( 'NONE', #6021, #10061, #10917 ) ;
#12220 = DIRECTION ( 'NONE',  ( 0.000000000000000000, -1.000000000000000000, 0.000000000000000000 ) ) ;
#12221 = CARTESIAN_POINT ( 'NONE',  ( 21.04287395703121888, -15.36119079527047404, 0.000000000000000000 ) ) ;
#12222 = DIRECTION ( 'NONE',  ( -0.000000000000000000, 1.000000000000000000, -0.000000000000000000 ) ) ;
#12223 = PLANE ( 'NONE',  #12483 ) ;
#12224 = CARTESIAN_POINT ( 'NONE',  ( -12.30000000000000071, 2.081899558550500526E-16, 2.000000000000000000 ) ) ;
#12225 = CARTESIAN_POINT ( 'NONE',  ( -7.361190795271371101, -10.04287395703031294, 0.000000000000000000 ) ) ;
#12226 = PERSON_AND_ORGANIZATION_ROLE ( 'design_supplier' ) ;
#12227 = DIRECTION ( 'NONE',  ( 1.000000000000000000, 0.000000000000000000, 0.000000000000000000 ) ) ;
#12228 = VECTOR ( 'NONE', #7405, 1000.000000000000000 ) ;
#12229 = EDGE_CURVE ( 'NONE', #10990, #1069, #2411, .T. ) ;
#12230 = VECTOR ( 'NONE', #12031, 1000.000000000000000 ) ;
#12231 = ADVANCED_FACE ( 'NONE', ( #6531 ), #9393, .F. ) ;
#12232 = ORIENTED_EDGE ( 'NONE', *, *, #2232, .F. ) ;
#12233 = ORIENTED_EDGE ( 'NONE', *, *, #9737, .F. ) ;
#12234 = COORDINATED_UNIVERSAL_TIME_OFFSET ( 5, 0, .BEHIND. ) ;
#12235 = ORIENTED_EDGE ( 'NONE', *, *, #10122, .F. ) ;
#12236 = VECTOR ( 'NONE', #10947, 1000.000000000000000 ) ;
#12237 = ORIENTED_EDGE ( 'NONE', *, *, #5719, .T. ) ;
#12238 = DIRECTION ( 'NONE',  ( -1.000000000000000000, 0.000000000000000000, 0.000000000000000000 ) ) ;
#12240 = ADVANCED_FACE ( 'NONE', ( #2340, #329, #12503 ), #3405, .F. ) ;
#12239 = ADVANCED_FACE ( 'NONE', ( #1532 ), #3260, .F. ) ;
#12241 = DIRECTION ( 'NONE',  ( -0.000000000000000000, -0.000000000000000000, -1.000000000000000000 ) ) ;
#12242 = PLANE ( 'NONE',  #6526 ) ;
#12243 = CARTESIAN_POINT ( 'NONE',  ( 12.00000000000000000, -7.000000000000000000, 6.700000000000000178 ) ) ;
#12244 = VECTOR ( 'NONE', #2721, 1000.000000000000000 ) ;
#12245 = AXIS2_PLACEMENT_3D ( 'NONE', #6208, #11250, #2285 ) ;
#12246 = CARTESIAN_POINT ( 'NONE',  ( 2.130521333856785660, 1.498155055651988254, 0.000000000000000000 ) ) ;
#12247 = CARTESIAN_POINT ( 'NONE',  ( 10.50000000000000000, -1.300000000000000044, -0.09997027095160138099 ) ) ;
#12248 = AXIS2_PLACEMENT_3D ( 'NONE', #4368, #2319, #8815 ) ;
#12249 = APPROVAL_DATE_TIME ( #9274, #11169 ) ;
#12250 = CARTESIAN_POINT ( 'NONE',  ( -12.63871090099948091, 68.95702773923107998, -0.000000000000000000 ) ) ;
#12251 = ORIENTED_EDGE ( 'NONE', *, *, #9158, .F. ) ;
#12252 = PRODUCT ( 'V3_REF_wheel_D60', 'V3_REF_wheel_D60', '', ( #11923 ) ) ;
#12253 = ORIENTED_EDGE ( 'NONE', *, *, #3631, .T. ) ;
#12254 = DIRECTION ( 'NONE',  ( 0.000000000000000000, -0.000000000000000000, 1.000000000000000000 ) ) ;
#12255 = CARTESIAN_POINT ( 'NONE',  ( -9.291948759307684824, 10.47216675020139931, 7.641253131056851444 ) ) ;
#12256 = VECTOR ( 'NONE', #12344, 1000.000000000000000 ) ;
#12257 = APPROVAL_ROLE ( '' ) ;
#12258 = CALENDAR_DATE ( 2026, 21, 9 ) ;
#12259 = ORIENTED_EDGE ( 'NONE', *, *, #6880, .T. ) ;
#12260 = DIRECTION ( 'NONE',  ( -0.000000000000000000, -0.000000000000000000, 1.000000000000000000 ) ) ;
#12261 = ORIENTED_EDGE ( 'NONE', *, *, #1750, .F. ) ;
#12262 = LINE ( 'NONE', #3018, #11929 ) ;
#12263 = CARTESIAN_POINT ( 'NONE',  ( 12.00000000000000000, 7.000000000000000000, 15.00000000000000000 ) ) ;
#12264 = AXIS2_PLACEMENT_3D ( 'NONE', #6243, #5349, #5207 ) ;
#12265 = APPROVAL_PERSON_ORGANIZATION ( #8489, #6216, #11676 ) ;
#12266 = CARTESIAN_POINT ( 'NONE',  ( 11.00000000000000000, -5.000000000000000000, 25.00000000000000000 ) ) ;
#12267 = SHAPE_REPRESENTATION ( 'V3_REF_MG995_envelope', ( #6542 ), #213 ) ;
#12268 = ORIENTED_EDGE ( 'NONE', *, *, #12784, .T. ) ;
#12269 = CARTESIAN_POINT ( 'NONE',  ( 31.19999999999999929, 59.50000000000000000, -1.200000000000000030E-05 ) ) ;
#12270 = ORIENTED_EDGE ( 'NONE', *, *, #5662, .F. ) ;
#12271 = DIRECTION ( 'NONE',  ( 0.000000000000000000, -0.000000000000000000, -1.000000000000000000 ) ) ;
#12272 = PERSON_AND_ORGANIZATION ( #2675, #9931 ) ;
#12273 = ORIENTED_EDGE ( 'NONE', *, *, #2168, .T. ) ;
#12274 = APPROVAL_PERSON_ORGANIZATION ( #2794, #5700, #3941 ) ;
#12275 = DIRECTION ( 'NONE',  ( -1.000000000000000000, 0.000000000000000000, -0.000000000000000000 ) ) ;
#12276 = EDGE_LOOP ( 'NONE', ( #10877, #9207, #5378, #8445 ) ) ;
#12277 = CARTESIAN_POINT ( 'NONE',  ( 20.00000000000000000, -14.00000000000000000, 5.000000000000000000 ) ) ;
#12278 = DATE_AND_TIME ( #4298, #6770 ) ;
#12279 = CARTESIAN_POINT ( 'NONE',  ( 123.1415142698059100, -1.484395069527666422, 0.000000000000000000 ) ) ;
#12280 = EDGE_CURVE ( 'NONE', #10247, #12472, #2739, .T. ) ;
#12281 = DIRECTION ( 'NONE',  ( -0.000000000000000000, -0.000000000000000000, 1.000000000000000000 ) ) ;
#12282 = CC_DESIGN_APPROVAL ( #5983, ( #3866 ) ) ;
#12283 = DIRECTION ( 'NONE',  ( -1.000000000000000000, 0.000000000000000000, 0.000000000000000000 ) ) ;
#12284 = CARTESIAN_POINT ( 'NONE',  ( 3.000000000000000000, 3.000000000000000000, 83.00000000000000000 ) ) ;
#12285 = ORIENTED_EDGE ( 'NONE', *, *, #1909, .F. ) ;
#12286 = CARTESIAN_POINT ( 'NONE',  ( 0.000000000000000000, 0.000000000000000000, 0.000000000000000000 ) ) ;
#12287 = ORIENTED_EDGE ( 'NONE', *, *, #4435, .T. ) ;
#12288 = APPROVAL_ROLE ( '' ) ;
#12289 = CARTESIAN_POINT ( 'NONE',  ( 0.000000000000000000, 11.00000000000000000, 6.000000000000000000 ) ) ;
#12290 = CARTESIAN_POINT ( 'NONE',  ( 32.70000000000000284, 66.00000000000000000, -6.000000000000000152E-06 ) ) ;
#12291 = CC_DESIGN_SECURITY_CLASSIFICATION ( #11235, ( #256 ) ) ;
#12292 = ORIENTED_EDGE ( 'NONE', *, *, #11833, .F. ) ;
#12293 = CARTESIAN_POINT ( 'NONE',  ( 150.0000000000000000, 0.000000000000000000, 0.000000000000000000 ) ) ;
#12294 = EDGE_CURVE ( 'NONE', #9292, #6940, #1595, .T. ) ;
#12295 = LINE ( 'NONE', #8178, #4762 ) ;
#12296 = PLANE ( 'NONE',  #12821 ) ;
#12297 = CARTESIAN_POINT ( 'NONE',  ( 0.000000000000000000, 0.000000000000000000, 38.00000000000000000 ) ) ;
#12298 = DIRECTION ( 'NONE',  ( 1.000000000000000000, 0.000000000000000000, 0.000000000000000000 ) ) ;
#12299 = CC_DESIGN_PERSON_AND_ORGANIZATION_ASSIGNMENT ( #2378, #5140, ( #3875 ) ) ;
#12300 = LOCAL_TIME ( 12, 23, 50.00000000000000000, #9135 ) ;
#12301 = VERTEX_POINT ( 'NONE', #2855 ) ;
#12302 = ORIENTED_EDGE ( 'NONE', *, *, #5124, .F. ) ;
#12303 = CALENDAR_DATE ( 2026, 21, 9 ) ;
#12304 = VERTEX_POINT ( 'NONE', #2799 ) ;
#12305 = EDGE_LOOP ( 'NONE', ( #2823, #12838 ) ) ;
#12306 = DIRECTION ( 'NONE',  ( 1.000000000000000000, 0.000000000000000000, 0.000000000000000000 ) ) ;
#12307 = CYLINDRICAL_SURFACE ( 'NONE', #11095, 1.700000000000000178 ) ;
#12308 = PLANE ( 'NONE',  #3125 ) ;
#12309 = CARTESIAN_POINT ( 'NONE',  ( -27.69999999999999929, 0.000000000000000000, -0.000000000000000000 ) ) ;
#12310 = CYLINDRICAL_SURFACE ( 'NONE', #12358, 1.700000000000000178 ) ;
#12311 = EDGE_CURVE ( 'NONE', #10630, #6114, #11639, .T. ) ;
#12312 =( REPRESENTATION_RELATIONSHIP ('NONE','NONE', #874, #11994 ) REPRESENTATION_RELATIONSHIP_WITH_TRANSFORMATION ( #11022 )SHAPE_REPRESENTATION_RELATIONSHIP( ) );
#12313 = ADVANCED_FACE ( 'NONE', ( #12882 ), #784, .F. ) ;
#12314 = DIRECTION ( 'NONE',  ( -0.000000000000000000, -0.000000000000000000, 1.000000000000000000 ) ) ;
#12315 = LINE ( 'NONE', #6424, #535 ) ;
#12316 = PERSON_AND_ORGANIZATION ( #2675, #9931 ) ;
#12317 = EDGE_CURVE ( 'NONE', #3674, #4801, #6838, .T. ) ;
#12318 = CARTESIAN_POINT ( 'NONE',  ( -2.600000000000000089, 3.184081677783117698E-16, -6.000000000000000152E-06 ) ) ;
#12319 = DIRECTION ( 'NONE',  ( 0.000000000000000000, -0.000000000000000000, 1.000000000000000000 ) ) ;
#12320 = ORIENTED_EDGE ( 'NONE', *, *, #6734, .F. ) ;
#12321 = ORIENTED_EDGE ( 'NONE', *, *, #5963, .T. ) ;
#12322 = ORIENTED_EDGE ( 'NONE', *, *, #1993, .F. ) ;
#12323 = EDGE_LOOP ( 'NONE', ( #8523, #5971, #1350, #8127 ) ) ;
#12324 = CARTESIAN_POINT ( 'NONE',  ( 0.000000000000000000, -45.00000000000000000, -0.000000000000000000 ) ) ;
#12325 = EDGE_CURVE ( 'NONE', #2955, #7525, #3785, .T. ) ;
#12326 = DIRECTION ( 'NONE',  ( -0.000000000000000000, -0.000000000000000000, 1.000000000000000000 ) ) ;
#12327 = VECTOR ( 'NONE', #3798, 1000.000000000000000 ) ;
#12328 = DIRECTION ( 'NONE',  ( 0.000000000000000000, -1.000000000000000000, 0.000000000000000000 ) ) ;
#12329 = EDGE_CURVE ( 'NONE', #10217, #1187, #4449, .T. ) ;
#12330 = DIRECTION ( 'NONE',  ( 0.000000000000000000, 0.000000000000000000, 1.000000000000000000 ) ) ;
#12331 = EDGE_CURVE ( 'NONE', #7054, #4028, #12819, .T. ) ;
#12332 = DIRECTION ( 'NONE',  ( 0.000000000000000000, 0.000000000000000000, -1.000000000000000000 ) ) ;
#12333 = ORIENTED_EDGE ( 'NONE', *, *, #9497, .T. ) ;
#12334 = EDGE_LOOP ( 'NONE', ( #8882, #3497, #10416, #12476, #2501, #6249 ) ) ;
#12335 = CARTESIAN_POINT ( 'NONE',  ( -12.00000000000000000, -7.000000000000000000, 5.000000000000000000 ) ) ;
#12336 = PERSON_AND_ORGANIZATION ( #2675, #9931 ) ;
#12337 = ORIENTED_EDGE ( 'NONE', *, *, #7871, .T. ) ;
#12338 = COORDINATED_UNIVERSAL_TIME_OFFSET ( 5, 0, .BEHIND. ) ;
#12339 = CARTESIAN_POINT ( 'NONE',  ( -15.59999999999999964, 77.50000000000000000, -1.200000000000000030E-05 ) ) ;
#12340 = EDGE_LOOP ( 'NONE', ( #4497, #1737, #10915, #19, #1913, #2346, #5462, #4937 ) ) ;
#12341 = LINE ( 'NONE', #10220, #4197 ) ;
#12342 = PERSON_AND_ORGANIZATION_ROLE ( 'creator' ) ;
#12343 = CARTESIAN_POINT ( 'NONE',  ( 0.000000000000000000, 0.000000000000000000, 0.000000000000000000 ) ) ;
#12344 = DIRECTION ( 'NONE',  ( 0.000000000000000000, 1.000000000000000000, -0.000000000000000000 ) ) ;
#12345 = CARTESIAN_POINT ( 'NONE',  ( -15.19999999999999929, -2.000000000000000000, -1.200000000000000030E-05 ) ) ;
#12346 = CARTESIAN_POINT ( 'NONE',  ( 0.000000000000000000, -45.00000000000000000, -0.000000000000000000 ) ) ;
#12347 = EDGE_CURVE ( 'NONE', #8342, #10447, #3849, .T. ) ;
#12348 = LINE ( 'NONE', #3459, #4468 ) ;
#12349 = VERTEX_POINT ( 'NONE', #7786 ) ;
#12350 = DIRECTION ( 'NONE',  ( -1.000000000000000000, 0.000000000000000000, 0.000000000000000000 ) ) ;
#12351 = VECTOR ( 'NONE', #6219, 1000.000000000000000 ) ;
#12352 = ORIENTED_EDGE ( 'NONE', *, *, #2127, .T. ) ;
#12353 = CARTESIAN_POINT ( 'NONE',  ( -30.50000000000000000, -10.00000000000000000, 28.00000000000000000 ) ) ;
#12354 = CARTESIAN_POINT ( 'NONE',  ( 29.30006951123579739, 66.22508399488370401, -0.000000000000000000 ) ) ;
#12355 = ORIENTED_EDGE ( 'NONE', *, *, #11228, .T. ) ;
#12356 = FACE_OUTER_BOUND ( 'NONE', #9871, .T. ) ;
#12357 = AXIS2_PLACEMENT_3D ( 'NONE', #7996, #6869, #2006 ) ;
#12358 = AXIS2_PLACEMENT_3D ( 'NONE', #3418, #7422, #657 ) ;
#12359 = CARTESIAN_POINT ( 'NONE',  ( -0.5999999999999999778, 13.98713694792469120, 16.00000000000000000 ) ) ;
#12360 = PRODUCT_DEFINITION_SHAPE ( 'NONE', 'NONE',  #5610 ) ;
#12361 = DIRECTION ( 'NONE',  ( 0.000000000000000000, -1.000000000000000000, 0.000000000000000000 ) ) ;
#12362 = PLANE ( 'NONE',  #3178 ) ;
#12363 = DIRECTION ( 'NONE',  ( 0.000000000000000000, 1.000000000000000000, 0.000000000000000000 ) ) ;
#12364 = ORIENTED_EDGE ( 'NONE', *, *, #5693, .T. ) ;
#12365 = COORDINATED_UNIVERSAL_TIME_OFFSET ( 5, 0, .BEHIND. ) ;
#12366 = EDGE_CURVE ( 'NONE', #4664, #6196, #6655, .T. ) ;
#12367 = AXIS2_PLACEMENT_3D ( 'NONE', #6881, #2711, #10745 ) ;
#12368 = ORIENTED_EDGE ( 'NONE', *, *, #8482, .T. ) ;
#12369 = ORIENTED_EDGE ( 'NONE', *, *, #10531, .T. ) ;
#12370 = CARTESIAN_POINT ( 'NONE',  ( 35.00000000000000000, 110.0000000000000000, 45.00000000000000000 ) ) ;
#12371 = LINE ( 'NONE', #10184, #10502 ) ;
#12372 = CARTESIAN_POINT ( 'NONE',  ( 186.0000000000000000, 0.000000000000000000, 0.000000000000000000 ) ) ;
#12373 = PRODUCT_RELATED_PRODUCT_CATEGORY ( 'detail', '', ( #8224 ) ) ;
#12374 = CARTESIAN_POINT ( 'NONE',  ( 0.6000001017321888730, 2.529941645714209653, -8.999999999999988370E-06 ) ) ;
#12375 = FACE_BOUND ( 'NONE', #4044, .T. ) ;
#12376 = AXIS2_PLACEMENT_3D ( 'NONE', #3887, #3758, #1638 ) ;
#12377 = PERSON_AND_ORGANIZATION ( #2675, #9931 ) ;
#12378 = AXIS2_PLACEMENT_3D ( 'NONE', #9476, #5248, #7349 ) ;
#12379 = DATE_AND_TIME ( #4404, #11650 ) ;
#12380 = CARTESIAN_POINT ( 'NONE',  ( 0.000000000000000000, 0.000000000000000000, 28.00000000000000000 ) ) ;
#12381 = LINE ( 'NONE', #7489, #7994 ) ;
#12382 = VERTEX_POINT ( 'NONE', #12702 ) ;
#12383 = AXIS2_PLACEMENT_3D ( 'NONE', #7972, #3795, #11025 ) ;
#12384 = ORIENTED_EDGE ( 'NONE', *, *, #5519, .F. ) ;
#12385 = EDGE_CURVE ( 'NONE', #551, #619, #8854, .T. ) ;
#12386 = CARTESIAN_POINT ( 'NONE',  ( -10.01642623006862465, 9.784631539666259314, 6.978378753637993981 ) ) ;
#12387 = ORIENTED_EDGE ( 'NONE', *, *, #355, .F. ) ;
#12388 = ORIENTED_EDGE ( 'NONE', *, *, #7706, .T. ) ;
#12389 =( REPRESENTATION_RELATIONSHIP ('NONE','NONE', #874, #12706 ) REPRESENTATION_RELATIONSHIP_WITH_TRANSFORMATION ( #7855 )SHAPE_REPRESENTATION_RELATIONSHIP( ) );
#12390 = EDGE_CURVE ( 'NONE', #8535, #4450, #2556, .T. ) ;
#12391 = CC_DESIGN_PERSON_AND_ORGANIZATION_ASSIGNMENT ( #8941, #2707, ( #700 ) ) ;
#12392 = COORDINATED_UNIVERSAL_TIME_OFFSET ( 5, 0, .BEHIND. ) ;
#12393 = DIRECTION ( 'NONE',  ( -0.000000000000000000, -1.000000000000000000, -0.000000000000000000 ) ) ;
#12394 = CC_DESIGN_DATE_AND_TIME_ASSIGNMENT ( #4536, #11513, ( #5999 ) ) ;
#12395 = CARTESIAN_POINT ( 'NONE',  ( 11.25500529808220485, 8.327020506907691910, 8.435553284710737287 ) ) ;
#12396 = AXIS2_PLACEMENT_3D ( 'NONE', #12277, #11276, #6241 ) ;
#12397 = CARTESIAN_POINT ( 'NONE',  ( 10.00000000000000000, 10.50000000000000000, 0.000000000000000000 ) ) ;
#12398 = CARTESIAN_POINT ( 'NONE',  ( 10.00000000000000000, 27.50000000000000000, 0.000000000000000000 ) ) ;
#12399 = CARTESIAN_POINT ( 'NONE',  ( -10.69993048876420616, 57.22508399488668118, -0.000000000000000000 ) ) ;
#12400 = VECTOR ( 'NONE', #4251, 1000.000000000000000 ) ;
#12401 = ORIENTED_EDGE ( 'NONE', *, *, #7868, .F. ) ;
#12402 = APPROVAL_DATE_TIME ( #3292, #6721 ) ;
#12403 = VERTEX_POINT ( 'NONE', #11887 ) ;
#12404 = ADVANCED_FACE ( 'NONE', ( #725, #9838, #6591, #1731, #7849, #10882, #1850, #12638, #11759, #8782, #3598, #7601, #10707 ), #5690, .T. ) ;
#12405 = DIRECTION ( 'NONE',  ( 0.000000000000000000, 0.000000000000000000, -1.000000000000000000 ) ) ;
#12406 = PERSON_AND_ORGANIZATION_ROLE ( 'creator' ) ;
#12407 = EDGE_CURVE ( 'NONE', #683, #6536, #9720, .T. ) ;
#12408 = ORIENTED_EDGE ( 'NONE', *, *, #7480, .T. ) ;
#12409 = LOCAL_TIME ( 12, 23, 50.00000000000000000, #11646 ) ;
#12410 = DATE_AND_TIME ( #3233, #807 ) ;
#12411 = CARTESIAN_POINT ( 'NONE',  ( 12.80000000000000071, -2.000000000000000000, 3.000000000000000000 ) ) ;
#12412 = EDGE_LOOP ( 'NONE', ( #4874, #9395 ) ) ;
#12413 = CARTESIAN_POINT ( 'NONE',  ( -11.87802137661227597, 7.410552828704602746, 9.114979469778596410 ) ) ;
#12414 = CARTESIAN_POINT ( 'NONE',  ( -12.30000000000000071, 70.22525195654419861, 0.000000000000000000 ) ) ;
#12415 = ADVANCED_FACE ( 'NONE', ( #8718 ), #7032, .F. ) ;
#12416 = PERSON_AND_ORGANIZATION ( #2675, #9931 ) ;
#12417 = DIRECTION ( 'NONE',  ( 0.000000000000000000, 0.000000000000000000, -1.000000000000000000 ) ) ;
#12418 = DIRECTION ( 'NONE',  ( 0.000000000000000000, -1.000000000000000000, 0.000000000000000000 ) ) ;
#12419 = FACE_OUTER_BOUND ( 'NONE', #10406, .T. ) ;
#12420 = VECTOR ( 'NONE', #10699, 1000.000000000000000 ) ;
#12421 = CC_DESIGN_APPROVAL ( #6323, ( #5234 ) ) ;
#12422 = PLANE ( 'NONE',  #8002 ) ;
#12423 = CARTESIAN_POINT ( 'NONE',  ( -12.00000000000000000, 7.000000000000000000, 5.000000000000000000 ) ) ;
#12424 = ORIENTED_EDGE ( 'NONE', *, *, #5094, .F. ) ;
#12425 = CARTESIAN_POINT ( 'NONE',  ( 0.000000000000000000, 0.000000000000000000, 90.00000000000000000 ) ) ;
#12426 = ORIENTED_EDGE ( 'NONE', *, *, #11660, .T. ) ;
#12427 = ITEM_DEFINED_TRANSFORMATION ( 'NONE', 'NONE', #660,  #6542 ) ;
#12428 = CARTESIAN_POINT ( 'NONE',  ( 31.85853893178582652, 64.51547649045457433, -0.000000000000000000 ) ) ;
#12429 = CARTESIAN_POINT ( 'NONE',  ( 11.81430917424337501, 7.511707916502317062, 7.669615520327004887 ) ) ;
#12430 = LOCAL_TIME ( 12, 23, 50.00000000000000000, #6897 ) ;
#12431 = ORIENTED_EDGE ( 'NONE', *, *, #4747, .T. ) ;
#12432 = FACE_OUTER_BOUND ( 'NONE', #4117, .T. ) ;
#12433 = LINE ( 'NONE', #2470, #859 ) ;
#12434 = CARTESIAN_POINT ( 'NONE',  ( -11.68331879213512003, 7.714078201723205019, 11.11793864516132224 ) ) ;
#12435 = DIRECTION ( 'NONE',  ( -0.000000000000000000, -0.000000000000000000, 1.000000000000000000 ) ) ;
#12436 = DIRECTION ( 'NONE',  ( 1.000000000000000000, 0.000000000000000000, 0.000000000000000000 ) ) ;
#12437 = CC_DESIGN_SECURITY_CLASSIFICATION ( #9885, ( #13086 ) ) ;
#12438 = APPROVAL_STATUS ( 'not_yet_approved' ) ;
#12439 = VERTEX_POINT ( 'NONE', #12206 ) ;
#12440 = AXIS2_PLACEMENT_3D ( 'NONE', #3588, #10871, #1724 ) ;
#12441 = EDGE_LOOP ( 'NONE', ( #1473, #10779, #9471, #11685 ) ) ;
#12442 = ORIENTED_EDGE ( 'NONE', *, *, #1354, .T. ) ;
#12443 = DIRECTION ( 'NONE',  ( 0.000000000000000000, 0.000000000000000000, 1.000000000000000000 ) ) ;
#12444 = DIRECTION ( 'NONE',  ( 0.000000000000000000, 0.000000000000000000, -1.000000000000000000 ) ) ;
#12445 = CARTESIAN_POINT ( 'NONE',  ( -28.00000000000000000, 0.000000000000000000, 24.00000000000000000 ) ) ;
#12446 = PLANE ( 'NONE',  #4143 ) ;
#12447 = DIRECTION ( 'NONE',  ( -1.000000000000000000, -0.000000000000000000, 0.000000000000000000 ) ) ;
#12448 = VECTOR ( 'NONE', #9308, 1000.000000000000000 ) ;
#12449 = ADVANCED_FACE ( 'NONE', ( #8033 ), #9965, .F. ) ;
#12450 = CARTESIAN_POINT ( 'NONE',  ( -28.00000000000000000, 8.000000000000000000, 8.000000000000000000 ) ) ;
#12451 = VECTOR ( 'NONE', #9072, 1000.000000000000000 ) ;
#12452 = CALENDAR_DATE ( 2026, 21, 9 ) ;
#12453 = DIRECTION ( 'NONE',  ( 0.000000000000000000, 0.000000000000000000, 1.000000000000000000 ) ) ;
#12454 = DIRECTION ( 'NONE',  ( 0.000000000000000000, 0.000000000000000000, -1.000000000000000000 ) ) ;
#12455 = EDGE_LOOP ( 'NONE', ( #6430, #7712 ) ) ;
#12456 = VECTOR ( 'NONE', #1329, 1000.000000000000000 ) ;
#12457 = ORIENTED_EDGE ( 'NONE', *, *, #9895, .T. ) ;
#12458 = CARTESIAN_POINT ( 'NONE',  ( -11.90000000000000036, -6.400000000000000355, 3.000000000000000000 ) ) ;
#12459 = ORIENTED_EDGE ( 'NONE', *, *, #2838, .F. ) ;
#12460 = CIRCLE ( 'NONE', #9716, 1.700000000000000178 ) ;
#12461 = AXIS2_PLACEMENT_3D ( 'NONE', #12719, #2818, #1800 ) ;
#12462 = EDGE_LOOP ( 'NONE', ( #9558, #12186, #1245, #5678 ) ) ;
#12463 = CARTESIAN_POINT ( 'NONE',  ( 5.774916005113181150, -10.69993048876420616, 0.000000000000000000 ) ) ;
#12464 = CARTESIAN_POINT ( 'NONE',  ( 11.32499397577940314, 8.231471694506819148, 8.479938983346805514 ) ) ;
#12465 = ADVANCED_FACE ( 'NONE', ( #8910 ), #7100, .F. ) ;
#12466 = CARTESIAN_POINT ( 'NONE',  ( 0.000000000000000000, 0.000000000000000000, 28.00000000000000000 ) ) ;
#12467 = CARTESIAN_POINT ( 'NONE',  ( 0.000000000000000000, 0.000000000000000000, 40.00000000000000000 ) ) ;
#12468 = VECTOR ( 'NONE', #2782, 1000.000000000000000 ) ;
#12469 = AXIS2_PLACEMENT_3D ( 'NONE', #4768, #646, #8894 ) ;
#12470 = LINE ( 'NONE', #2442, #5882 ) ;
#12471 = ORIENTED_EDGE ( 'NONE', *, *, #9941, .F. ) ;
#12472 = VERTEX_POINT ( 'NONE', #10021 ) ;
#12473 = CC_DESIGN_PERSON_AND_ORGANIZATION_ASSIGNMENT ( #7840, #717, ( #7854 ) ) ;
#12474 = FACE_OUTER_BOUND ( 'NONE', #489, .T. ) ;
#12475 = PERSON_AND_ORGANIZATION ( #2675, #9931 ) ;
#12476 = ORIENTED_EDGE ( 'NONE', *, *, #4653, .F. ) ;
#12477 = CARTESIAN_POINT ( 'NONE',  ( 31.00000000000000000, -1.200000000000000030E-05, 13.00000000000000000 ) ) ;
#12478 = VERTEX_POINT ( 'NONE', #1099 ) ;
#12479 = PRODUCT_DEFINITION_SHAPE ( 'NONE', 'NONE',  #8156 ) ;
#12480 = DIRECTION ( 'NONE',  ( 1.000000000000000000, 0.000000000000000000, 0.000000000000000000 ) ) ;
#12481 = ADVANCED_FACE ( 'NONE', ( #12013 ), #3905, .T. ) ;
#12482 = CARTESIAN_POINT ( 'NONE',  ( -0.5999999999999999778, 13.98713694792469120, 0.000000000000000000 ) ) ;
#12483 = AXIS2_PLACEMENT_3D ( 'NONE', #1047, #11296, #5162 ) ;
#12485 = EDGE_CURVE ( 'NONE', #5727, #1618, #2042, .T. ) ;
#12484 = CARTESIAN_POINT ( 'NONE',  ( 31.19999999999999929, 59.50000000000000000, -8.271806125530276749E-22 ) ) ;
#12486 = CARTESIAN_POINT ( 'NONE',  ( -9.169899438923808432, 10.57920282770153264, 9.359032329756258761 ) ) ;
#12487 = CARTESIAN_POINT ( 'NONE',  ( -19.00000000000000000, 9.000000000000000000, 11.70000000000000107 ) ) ;
#12488 = AXIS2_PLACEMENT_3D ( 'NONE', #11483, #12480, #8365 ) ;
#12489 = EDGE_CURVE ( 'NONE', #284, #5680, #12999, .T. ) ;
#12490 = AXIS2_PLACEMENT_3D ( 'NONE', #337, #6355, #12157 ) ;
#12491 = DIRECTION ( 'NONE',  ( -0.000000000000000000, -0.000000000000000000, -1.000000000000000000 ) ) ;
#12492 = ORIENTED_EDGE ( 'NONE', *, *, #12489, .F. ) ;
#12493 = CARTESIAN_POINT ( 'NONE',  ( -20.85848573019379870, -15.48439506952757050, 0.000000000000000000 ) ) ;
#12494 = ORIENTED_EDGE ( 'NONE', *, *, #12030, .F. ) ;
#12495 = DATE_AND_TIME ( #6331, #8824 ) ;
#12496 = DIRECTION ( 'NONE',  ( -0.000000000000000000, -0.000000000000000000, -1.000000000000000000 ) ) ;
#12497 = DIRECTION ( 'NONE',  ( -0.000000000000000000, -0.000000000000000000, -1.000000000000000000 ) ) ;
#12498 = EDGE_LOOP ( 'NONE', ( #6380, #815, #4769, #6185 ) ) ;
#12499 = CARTESIAN_POINT ( 'NONE',  ( 14.00000000000000000, 1.714505518806294638E-15, 4.000000000000000000 ) ) ;
#12500 = CC_DESIGN_APPROVAL ( #5700, ( #672 ) ) ;
#12501 = FACE_OUTER_BOUND ( 'NONE', #9859, .T. ) ;
#12502 = DIRECTION ( 'NONE',  ( -1.000000000000000000, -0.000000000000000000, -0.000000000000000000 ) ) ;
#12503 = FACE_BOUND ( 'NONE', #1501, .T. ) ;
#12504 = PLANE ( 'NONE',  #6962 ) ;
#12505 = ORIENTED_EDGE ( 'NONE', *, *, #10854, .T. ) ;
#12506 = APPROVAL_STATUS ( 'not_yet_approved' ) ;
#12507 = LOCAL_TIME ( 12, 23, 50.00000000000000000, #6284 ) ;
#12508 = ORIENTED_EDGE ( 'NONE', *, *, #5318, .T. ) ;
#12509 = APPROVAL_DATE_TIME ( #402, #1797 ) ;
#12510 = ORIENTED_EDGE ( 'NONE', *, *, #11914, .F. ) ;
#12511 = DIRECTION ( 'NONE',  ( 0.000000000000000000, 0.000000000000000000, -1.000000000000000000 ) ) ;
#12512 = LINE ( 'NONE', #10721, #7320 ) ;
#12513 = CARTESIAN_POINT ( 'NONE',  ( -21.00000000000000000, -12.00000000000000000, 0.000000000000000000 ) ) ;
#12514 = CARTESIAN_POINT ( 'NONE',  ( 10.55017837208570874, 9.206882368080758994, 6.800000000000003375 ) ) ;
#12515 = LOCAL_TIME ( 12, 23, 50.00000000000000000, #6623 ) ;
#12516 = CARTESIAN_POINT ( 'NONE',  ( 21.36119079527021114, 15.04287395703147645, 0.000000000000000000 ) ) ;
#12517 = DIRECTION ( 'NONE',  ( -0.000000000000000000, -0.000000000000000000, 1.000000000000000000 ) ) ;
#12518 = PLANE ( 'NONE',  #6933 ) ;
#12519 = ORIENTED_EDGE ( 'NONE', *, *, #12537, .F. ) ;
#12520 = ORIENTED_EDGE ( 'NONE', *, *, #10822, .F. ) ;
#12521 = ORIENTED_EDGE ( 'NONE', *, *, #2595, .T. ) ;
#12522 = ORIENTED_EDGE ( 'NONE', *, *, #9788, .F. ) ;
#12523 = LOCAL_TIME ( 12, 23, 50.00000000000000000, #1821 ) ;
#12524 = EDGE_CURVE ( 'NONE', #10212, #3871, #10622, .T. ) ;
#12525 = ORIENTED_EDGE ( 'NONE', *, *, #9952, .F. ) ;
#12526 = CARTESIAN_POINT ( 'NONE',  ( 0.000000000000000000, 0.000000000000000000, 40.00000000000000000 ) ) ;
#12527 = CARTESIAN_POINT ( 'NONE',  ( -16.00000000000000000, -6.000000000000000000, 18.00000000000000355 ) ) ;
#12528 = DIRECTION ( 'NONE',  ( 0.000000000000000000, -0.000000000000000000, 1.000000000000000000 ) ) ;
#12529 = CARTESIAN_POINT ( 'NONE',  ( 0.000000000000000000, 67.50000000000000000, 0.000000000000000000 ) ) ;
#12530 = DIRECTION ( 'NONE',  ( 0.000000000000000000, -0.000000000000000000, -1.000000000000000000 ) ) ;
#12531 = ORIENTED_EDGE ( 'NONE', *, *, #25, .F. ) ;
#12532 = ORIENTED_EDGE ( 'NONE', *, *, #3362, .F. ) ;
#12533 = CARTESIAN_POINT ( 'NONE',  ( -6.000000000000000000, 0.000000000000000000, 0.000000000000000000 ) ) ;
#12534 = CALENDAR_DATE ( 2026, 21, 9 ) ;
#12535 = VERTEX_POINT ( 'NONE', #5986 ) ;
#12536 = APPROVAL_ROLE ( '' ) ;
#12537 = EDGE_CURVE ( 'NONE', #1053, #11587, #5086, .T. ) ;
#12538 = PLANE ( 'NONE',  #11944 ) ;
#12539 = VERTEX_POINT ( 'NONE', #5149 ) ;
#12540 =( LENGTH_UNIT ( ) NAMED_UNIT ( * ) SI_UNIT ( .MILLI., .METRE. ) );
#12541 = VECTOR ( 'NONE', #10455, 1000.000000000000000 ) ;
#12542 = DIRECTION ( 'NONE',  ( -0.000000000000000000, -0.000000000000000000, -1.000000000000000000 ) ) ;
#12543 = CC_DESIGN_PERSON_AND_ORGANIZATION_ASSIGNMENT ( #11078, #7969, ( #8811 ) ) ;
#12544 = CARTESIAN_POINT ( 'NONE',  ( 0.000000000000000000, -57.00000000000000000, -0.000000000000000000 ) ) ;
#12545 = LINE ( 'NONE', #4438, #8219 ) ;
#12546 = DIRECTION ( 'NONE',  ( 0.000000000000000000, -1.000000000000000000, 0.000000000000000000 ) ) ;
#12547 = DIRECTION ( 'NONE',  ( -0.000000000000000000, -0.000000000000000000, -1.000000000000000000 ) ) ;
#12548 = LINE ( 'NONE', #7520, #1916 ) ;
#12549 = ORIENTED_EDGE ( 'NONE', *, *, #5291, .F. ) ;
#12550 = DIRECTION ( 'NONE',  ( -1.000000000000000000, -0.000000000000000000, -0.000000000000000000 ) ) ;
#12551 = ORIENTED_EDGE ( 'NONE', *, *, #12846, .T. ) ;
#12552 = COORDINATED_UNIVERSAL_TIME_OFFSET ( 5, 0, .BEHIND. ) ;
#12553 = EDGE_CURVE ( 'NONE', #2518, #10657, #103, .T. ) ;
#12554 = CARTESIAN_POINT ( 'NONE',  ( -6.000000000000000000, 1.300000000000000044, -0.09997027095160138099 ) ) ;
#12555 = ORIENTED_EDGE ( 'NONE', *, *, #1074, .T. ) ;
#12556 = EDGE_CURVE ( 'NONE', #715, #7413, #4906, .T. ) ;
#12557 = CARTESIAN_POINT ( 'NONE',  ( 11.93721609031033637, 7.314636773467314335, 8.245133196380873386 ) ) ;
#12558 = EDGE_CURVE ( 'NONE', #5615, #10630, #7311, .T. ) ;
#12559 = SHAPE_REPRESENTATION_RELATIONSHIP ( 'NONE' , 'NONE' ,  #11994, #1379 ) ;
#12560 = CC_DESIGN_DATE_AND_TIME_ASSIGNMENT ( #3378, #4364, ( #1521 ) ) ;
#12561 = FACE_BOUND ( 'NONE', #9202, .T. ) ;
#12562 = CARTESIAN_POINT ( 'NONE',  ( 2.534028928176448314, -0.6766222469410452245, -0.000000000000000000 ) ) ;
#12563 = VECTOR ( 'NONE', #5926, 1000.000000000000000 ) ;
#12564 = CARTESIAN_POINT ( 'NONE',  ( 255.8000000000000398, 0.000000000000000000, 0.000000000000000000 ) ) ;
#12565 = CARTESIAN_POINT ( 'NONE',  ( 30.14134607987128689, 0.000000000000000000, 14.48432534211531042 ) ) ;
#12566 = PERSON_AND_ORGANIZATION ( #2675, #9931 ) ;
#12567 = VERTEX_POINT ( 'NONE', #7389 ) ;
#12568 = COORDINATED_UNIVERSAL_TIME_OFFSET ( 5, 0, .BEHIND. ) ;
#12569 = ITEM_DEFINED_TRANSFORMATION ( 'NONE', 'NONE', #1066,  #6542 ) ;
#12570 = EDGE_CURVE ( 'NONE', #1761, #5297, #4241, .T. ) ;
#12571 = DATE_AND_TIME ( #7195, #4289 ) ;
#12572 = EDGE_CURVE ( 'NONE', #4464, #10212, #9238, .T. ) ;
#12573 = AXIS2_PLACEMENT_3D ( 'NONE', #6203, #9405, #8333 ) ;
#12574 = VERTEX_POINT ( 'NONE', #9377 ) ;
#12575 = DATE_AND_TIME ( #5576, #5919 ) ;
#12576 = CYLINDRICAL_SURFACE ( 'NONE', #3564, 1.700000000000000178 ) ;
#12577 =( NAMED_UNIT ( * ) PLANE_ANGLE_UNIT ( ) SI_UNIT ( $, .RADIAN. ) );
#12578 = CARTESIAN_POINT ( 'NONE',  ( 0.000000000000000000, 0.000000000000000000, 0.000000000000000000 ) ) ;
#12579 = EDGE_CURVE ( 'NONE', #5027, #5048, #1374, .T. ) ;
#12580 = CARTESIAN_POINT ( 'NONE',  ( 9.119041486028459431, 10.62286516859881225, 9.022699813921626344 ) ) ;
#12581 = B_SPLINE_CURVE_WITH_KNOTS ( 'NONE', 3,
 ( #367, #8289, #2306, #4428, #6304, #3231, #11270, #1299, #5341, #9364, #10479, #1439, #299, #8491, #2233, #3507, #7506, #4355 ),
 .UNSPECIFIED., .F., .F.,
 ( 4, 2, 2, 2, 2, 2, 2, 2, 4 ),
 ( 0.5000000000000000000, 0.5625000000000000000, 0.6250000000000000000, 0.6875000000000000000, 0.7500000000000000000, 0.8125000000000000000, 0.8750000000000000000, 0.9375000000000000000, 1.000000000000000000 ),
 .UNSPECIFIED. ) ;
#12582 = DIRECTION ( 'NONE',  ( 1.000000000000000000, -0.000000000000000000, 0.000000000000000000 ) ) ;
#12583 = APPROVAL_DATE_TIME ( #9537, #7992 ) ;
#12584 = CARTESIAN_POINT ( 'NONE',  ( -18.30000000000000071, -14.00000000000000000, 5.000000000000000000 ) ) ;
#12585 = DIRECTION ( 'NONE',  ( -1.000000000000000000, 0.000000000000000000, 0.000000000000000000 ) ) ;
#12586 = VECTOR ( 'NONE', #10830, 1000.000000000000000 ) ;
#12587 = ORIENTED_EDGE ( 'NONE', *, *, #6694, .T. ) ;
#12588 = ORIENTED_EDGE ( 'NONE', *, *, #11102, .F. ) ;
#12589 = CARTESIAN_POINT ( 'NONE',  ( -18.30000000000000071, -14.00000000000000000, -6.000000000000000152E-06 ) ) ;
#12590 = CARTESIAN_POINT ( 'NONE',  ( -0.8804363128452402654, 2.463541317978307887, -0.000000000000000000 ) ) ;
#12591 = VERTEX_POINT ( 'NONE', #312 ) ;
#12592 = CALENDAR_DATE ( 2026, 21, 9 ) ;
#12593 = VERTEX_POINT ( 'NONE', #8302 ) ;
#12594 = CARTESIAN_POINT ( 'NONE',  ( 13.00000000000000000, -5.000000000000000000, 28.00000000000000000 ) ) ;
#12595 = CIRCLE ( 'NONE', #10255, 9.500000000000000000 ) ;
#12596 = PLANE ( 'NONE',  #3578 ) ;
#12597 = CARTESIAN_POINT ( 'NONE',  ( -10.50000000000000000, 59.50000000000000000, -1.200000000000000030E-05 ) ) ;
#12598 = VECTOR ( 'NONE', #11834, 1000.000000000000000 ) ;
#12599 = CARTESIAN_POINT ( 'NONE',  ( -12.00000000000000000, -7.000000000000000000, 13.29999999999999893 ) ) ;
#12600 = CARTESIAN_POINT ( 'NONE',  ( -14.00000000000000000, 0.000000000000000000, 0.000000000000000000 ) ) ;
#12601 = VERTEX_POINT ( 'NONE', #6325 ) ;
#12602 = ORIENTED_EDGE ( 'NONE', *, *, #8685, .T. ) ;
#12603 = UNCERTAINTY_MEASURE_WITH_UNIT (LENGTH_MEASURE( 1.000000000000000082E-05 ), #3401, 'distance_accuracy_value', 'NONE');
#12604 = PLANE ( 'NONE',  #5070 ) ;
#12605 = CIRCLE ( 'NONE', #9431, 1.700000000000007061 ) ;
#12606 = COORDINATED_UNIVERSAL_TIME_OFFSET ( 5, 0, .BEHIND. ) ;
#12607 = AXIS2_PLACEMENT_3D ( 'NONE', #7142, #7211, #9414 ) ;
#12608 = PERSON_AND_ORGANIZATION ( #7013, #2089 ) ;
#12609 = PLANE ( 'NONE',  #6453 ) ;
#12610 = EDGE_LOOP ( 'NONE', ( #8144, #12208, #7158, #5464 ) ) ;
#12611 = AXIS2_PLACEMENT_3D ( 'NONE', #6863, #4061, #7057 ) ;
#12612 = CARTESIAN_POINT ( 'NONE',  ( -9.000000000000000000, 66.00000000000000000, -1.200000000000000030E-05 ) ) ;
#12613 = LINE ( 'NONE', #1575, #9305 ) ;
#12614 = CIRCLE ( 'NONE', #1425, 2.399999999999999911 ) ;
#12615 = DIRECTION ( 'NONE',  ( 0.000000000000000000, 0.000000000000000000, -1.000000000000000000 ) ) ;
#12616 = LINE ( 'NONE', #3583, #5405 ) ;
#12617 = VECTOR ( 'NONE', #10584, 1000.000000000000000 ) ;
#12618 = CARTESIAN_POINT ( 'NONE',  ( -9.028322918593271851, 10.69997127470831622, 10.13622890001263066 ) ) ;
#12619 = ADVANCED_FACE ( 'NONE', ( #4235 ), #12422, .F. ) ;
#12620 = CARTESIAN_POINT ( 'NONE',  ( 11.90000000000000036, -6.400000000000000355, 3.000000000000000000 ) ) ;
#12621 = DIRECTION ( 'NONE',  ( 0.000000000000000000, -1.000000000000000000, 0.000000000000000000 ) ) ;
#12622 = CIRCLE ( 'NONE', #6477, 2.000000000000000000 ) ;
#12623 = DIRECTION ( 'NONE',  ( -0.000000000000000000, -0.000000000000000000, 1.000000000000000000 ) ) ;
#12624 = ORIENTED_EDGE ( 'NONE', *, *, #176, .T. ) ;
#12625 = PLANE ( 'NONE',  #3804 ) ;
#12626 = EDGE_LOOP ( 'NONE', ( #5861, #3580, #11877, #1508 ) ) ;
#12627 = DATE_AND_TIME ( #8571, #11582 ) ;
#12628 = DIRECTION ( 'NONE',  ( 1.000000000000000000, 0.000000000000000000, 0.000000000000000000 ) ) ;
#12629 = SHAPE_REPRESENTATION ( 'V3_REF_block40', ( #6542 ), #11845 ) ;
#12630 = ORIENTED_EDGE ( 'NONE', *, *, #9640, .T. ) ;
#12631 = CARTESIAN_POINT ( 'NONE',  ( 11.81583934084839349, 7.509301620396097832, 9.326223922444665249 ) ) ;
#12632 = DIRECTION ( 'NONE',  ( -0.000000000000000000, -0.000000000000000000, 1.000000000000000000 ) ) ;
#12633 = LOCAL_TIME ( 12, 23, 50.00000000000000000, #5935 ) ;
#12634 = CLOSED_SHELL ( 'NONE', ( #5850, #12958, #10409, #8607, #12465, #3072, #11396, #11580, #6192, #11972, #8150, #14, #2657, #1514, #5890, #11514, #6226, #338, #3832, #179, #4579, #7925, #5845 ) ) ;
#12635 = DIRECTION ( 'NONE',  ( 0.000000000000000000, 0.000000000000000000, -1.000000000000000000 ) ) ;
#12636 = CARTESIAN_POINT ( 'NONE',  ( -2.270342840037289811, -1.313216681092628013, -0.000000000000000000 ) ) ;
#12637 = EDGE_CURVE ( 'NONE', #6371, #3311, #6360, .T. ) ;
#12638 = FACE_BOUND ( 'NONE', #1768, .T. ) ;
#12639 = CARTESIAN_POINT ( 'NONE',  ( -6.000000000000000000, -9.000000000000000000, 3.000000000000000000 ) ) ;
#12640 = APPROVAL ( #4155, 'UNKNOWN' ) ;
#12641 = ORIENTED_EDGE ( 'NONE', *, *, #7838, .T. ) ;
#12642 = ORGANIZATION ( 'NAUO-ORG12', 'UNSPECIFIED', 'UNSPECIFIED' ) ;
#12643 = CC_DESIGN_PERSON_AND_ORGANIZATION_ASSIGNMENT ( #6973, #9362, ( #7371 ) ) ;
#12644 = VERTEX_POINT ( 'NONE', #5284 ) ;
#12645 = DATE_AND_TIME ( #11708, #581 ) ;
#12646 = VERTEX_POINT ( 'NONE', #10425 ) ;
#12647 = CALENDAR_DATE ( 2026, 21, 9 ) ;
#12648 = PLANE ( 'NONE',  #1437 ) ;
#12649 = CARTESIAN_POINT ( 'NONE',  ( -5.141514269807108128, -7.515604930472246537, 0.000000000000000000 ) ) ;
#12650 = CC_DESIGN_SECURITY_CLASSIFICATION ( #10724, ( #13078 ) ) ;
#12652 = EDGE_CURVE ( 'NONE', #4478, #11706, #11618, .T. ) ;
#12651 = PLANE ( 'NONE',  #2635 ) ;
#12653 = EDGE_CURVE ( 'NONE', #4086, #1324, #5487, .T. ) ;
#12654 = LINE ( 'NONE', #10787, #10043 ) ;
#12655 = AXIS2_PLACEMENT_3D ( 'NONE', #11540, #11478, #7446 ) ;
#12656 = ORIENTED_EDGE ( 'NONE', *, *, #8829, .T. ) ;
#12657 = ORIENTED_EDGE ( 'NONE', *, *, #11974, .F. ) ;
#12658 = EDGE_CURVE ( 'NONE', #10462, #1614, #2569, .T. ) ;
#12659 = LINE ( 'NONE', #2691, #8796 ) ;
#12660 = ORIENTED_EDGE ( 'NONE', *, *, #9402, .T. ) ;
#12661 = VERTEX_POINT ( 'NONE', #4509 ) ;
#12662 = COORDINATED_UNIVERSAL_TIME_OFFSET ( 5, 0, .BEHIND. ) ;
#12663 = ORIENTED_EDGE ( 'NONE', *, *, #3777, .T. ) ;
#12664 = DIRECTION ( 'NONE',  ( 1.000000000000000000, 0.000000000000000000, 0.000000000000000000 ) ) ;
#12665 = CARTESIAN_POINT ( 'NONE',  ( -0.5999999999999998668, 2.529822128134703529, 12.00000000000000000 ) ) ;
#12666 = AXIS2_PLACEMENT_3D ( 'NONE', #1308, #12418, #5351 ) ;
#12667 = AXIS2_PLACEMENT_3D ( 'NONE', #2230, #6502, #12332 ) ;
#12668 = LINE ( 'NONE', #9686, #9855 ) ;
#12669 = DIRECTION ( 'NONE',  ( 1.000000000000000000, 0.000000000000000000, 0.000000000000000000 ) ) ;
#12670 = APPROVAL_STATUS ( 'not_yet_approved' ) ;
#12671 = CARTESIAN_POINT ( 'NONE',  ( -11.90000000000000036, 6.400000000000000355, 3.000000000000000000 ) ) ;
#12672 = CARTESIAN_POINT ( 'NONE',  ( 43.00000000000000000, 0.000000000000000000, 0.000000000000000000 ) ) ;
#12673 = ORIENTED_EDGE ( 'NONE', *, *, #2243, .T. ) ;
#12674 = ORIENTED_EDGE ( 'NONE', *, *, #5472, .T. ) ;
#12675 = DIRECTION ( 'NONE',  ( 0.000000000000000000, 0.000000000000000000, -1.000000000000000000 ) ) ;
#12676 = AXIS2_PLACEMENT_3D ( 'NONE', #4981, #8984, #2997 ) ;
#12677 = APPROVAL_STATUS ( 'not_yet_approved' ) ;
#12678 = DATE_AND_TIME ( #1709, #6971 ) ;
#12679 = ORIENTED_EDGE ( 'NONE', *, *, #11872, .F. ) ;
#12680 = CARTESIAN_POINT ( 'NONE',  ( 0.000000000000000000, 0.000000000000000000, 12.00000000000000000 ) ) ;
#12681 = ORIENTED_EDGE ( 'NONE', *, *, #3534, .F. ) ;
#12682 = CIRCLE ( 'NONE', #10959, 1.700000000000000178 ) ;
#12683 = LINE ( 'NONE', #3512, #5918 ) ;
#12684 = VECTOR ( 'NONE', #11057, 1000.000000000000000 ) ;
#12685 = VECTOR ( 'NONE', #12222, 1000.000000000000000 ) ;
#12686 = CARTESIAN_POINT ( 'NONE',  ( 35.60000000000000142, 62.50000000000000000, -8.271806125530276749E-22 ) ) ;
#12687 = AXIS2_PLACEMENT_3D ( 'NONE', #11567, #7530, #6589 ) ;
#12688 = LINE ( 'NONE', #511, #1915 ) ;
#12689 = DIRECTION ( 'NONE',  ( 1.000000000000000000, 0.000000000000000000, 0.000000000000000000 ) ) ;
#12690 = ORIENTED_EDGE ( 'NONE', *, *, #5272, .F. ) ;
#12691 = DIRECTION ( 'NONE',  ( 1.000000000000000000, 0.000000000000000000, 0.000000000000000000 ) ) ;
#12692 = ORIENTED_EDGE ( 'NONE', *, *, #8275, .T. ) ;
#12693 = APPROVAL_ROLE ( '' ) ;
#12694 = CARTESIAN_POINT ( 'NONE',  ( 7.700000000000000178, 2.081899558550500526E-16, 20.00000000000000000 ) ) ;
#12695 = AXIS2_PLACEMENT_3D ( 'NONE', #5908, #7891, #11802 ) ;
#12696 = ORIENTED_EDGE ( 'NONE', *, *, #1000, .T. ) ;
#12697 = CARTESIAN_POINT ( 'NONE',  ( 10.72380529476361488, 9.000000000000204281, 10.20000000000065477 ) ) ;
#12698 = EDGE_CURVE ( 'NONE', #6026, #10217, #1453, .T. ) ;
#12699 = CARTESIAN_POINT ( 'NONE',  ( -7.638809204724493540, 67.04287395702746721, 0.000000000000000000 ) ) ;
#12700 = AXIS2_PLACEMENT_3D ( 'NONE', #6343, #7187, #9047 ) ;
#12701 = CARTESIAN_POINT ( 'NONE',  ( -9.000000000000000000, 80.49999999999998579, 4.000000000000000000 ) ) ;
#12702 = CARTESIAN_POINT ( 'NONE',  ( -15.59999999999999964, 67.50000000000000000, 0.000000000000000000 ) ) ;
#12703 = DIRECTION ( 'NONE',  ( 0.000000000000000000, 0.000000000000000000, -1.000000000000000000 ) ) ;
#12704 = APPROVAL_DATE_TIME ( #663, #8904 ) ;
#12705 = DIRECTION ( 'NONE',  ( -0.000000000000000000, -0.000000000000000000, -1.000000000000000000 ) ) ;
#12706 = SHAPE_REPRESENTATION ( 'V3_02_bearing_tower', ( #6542 ), #8013 ) ;
#12707 = ORIENTED_EDGE ( 'NONE', *, *, #10854, .F. ) ;
#12708 = CALENDAR_DATE ( 2026, 21, 9 ) ;
#12709 = ORIENTED_EDGE ( 'NONE', *, *, #9158, .T. ) ;
#12710 = PERSON_AND_ORGANIZATION ( #2675, #9931 ) ;
#12711 = APPROVAL_PERSON_ORGANIZATION ( #1554, #10618, #4802 ) ;
#12712 = ADVANCED_FACE ( 'NONE', ( #5356 ), #3309, .F. ) ;
#12713 = FACE_OUTER_BOUND ( 'NONE', #7443, .T. ) ;
#12714 = DIRECTION ( 'NONE',  ( -1.000000000000000000, 0.000000000000000000, 0.000000000000000000 ) ) ;
#12715 = APPROVAL ( #7297, 'ๆช' ) ;
#12716 = CARTESIAN_POINT ( 'NONE',  ( 183.0000000000000000, 3.000000000000000000, 83.00000000000000000 ) ) ;
#12717 = LOCAL_TIME ( 12, 23, 50.00000000000000000, #4260 ) ;
#12718 = CARTESIAN_POINT ( 'NONE',  ( -10.50000000000000000, 1.300000000000000044, -0.09997027095160138099 ) ) ;
#12719 = CARTESIAN_POINT ( 'NONE',  ( -27.69999999999999929, 45.00000000000000000, -1.200000000000000030E-05 ) ) ;
#12720 = ORIENTED_EDGE ( 'NONE', *, *, #11302, .T. ) ;
#12721 = ORIENTED_EDGE ( 'NONE', *, *, #11189, .T. ) ;
#12722 = DESIGN_CONTEXT ( 'detailed design', #9171, 'design' ) ;
#12723 = EDGE_LOOP ( 'NONE', ( #4599, #8185, #9954, #12933 ) ) ;
#12724 = ADVANCED_FACE ( 'NONE', ( #2524 ), #10224, .F. ) ;
#12725 = EDGE_LOOP ( 'NONE', ( #5683, #2998, #10950, #1172, #6582, #10776, #12531, #7025, #516, #1528, #6621, #2981 ) ) ;
#12726 = DIRECTION ( 'NONE',  ( 1.000000000000000000, 0.000000000000000000, 0.000000000000000000 ) ) ;
#12727 = ADVANCED_FACE ( 'NONE', ( #11805 ), #3833, .F. ) ;
#12728 = FACE_OUTER_BOUND ( 'NONE', #7844, .T. ) ;
#12729 = CC_DESIGN_APPROVAL ( #5834, ( #8156 ) ) ;
#12730 = DIRECTION ( 'NONE',  ( 1.000000000000000000, 0.000000000000000000, 0.000000000000000000 ) ) ;
#12731 = LINE ( 'NONE', #7686, #4621 ) ;
#12732 = PRODUCT_DEFINITION ( 'ๆ', '', #1740, #3351 ) ;
#12733 = ADVANCED_BREP_SHAPE_REPRESENTATION ( '', ( #11754, #6542 ), #4704 ) ;
#12734 = CARTESIAN_POINT ( 'NONE',  ( 12.80000000000000071, 2.000000000000000000, 0.000000000000000000 ) ) ;
#12735 = FACE_OUTER_BOUND ( 'NONE', #5714, .T. ) ;
#12736 = VERTEX_POINT ( 'NONE', #772 ) ;
#12737 = ORIENTED_EDGE ( 'NONE', *, *, #1427, .F. ) ;
#12738 = LOCAL_TIME ( 12, 23, 50.00000000000000000, #500 ) ;
#12739 = LINE ( 'NONE', #8820, #2109 ) ;
#12740 = DATE_TIME_ROLE ( 'classification_date' ) ;
#12741 = VERTEX_POINT ( 'NONE', #4639 ) ;
#12742 = CARTESIAN_POINT ( 'NONE',  ( 3.000000000000000000, 3.000000000000000000, 83.00000000000000000 ) ) ;
#12743 = ORIENTED_EDGE ( 'NONE', *, *, #6338, .F. ) ;
#12744 = EDGE_CURVE ( 'NONE', #11905, #11511, #3708, .T. ) ;
#12745 = FACE_OUTER_BOUND ( 'NONE', #6229, .T. ) ;
#12746 = EDGE_CURVE ( 'NONE', #10654, #5029, #2659, .T. ) ;
#12747 = ADVANCED_FACE ( 'NONE', ( #7653 ), #3651, .F. ) ;
#12748 = DIRECTION ( 'NONE',  ( 0.000000000000000000, 1.000000000000000000, 0.000000000000000000 ) ) ;
#12749 = DIRECTION ( 'NONE',  ( 1.000000000000000000, 0.000000000000000000, 0.000000000000000000 ) ) ;
#12750 = DIRECTION ( 'NONE',  ( 0.000000000000000000, 0.000000000000000000, -1.000000000000000000 ) ) ;
#12751 = ORIENTED_EDGE ( 'NONE', *, *, #7627, .T. ) ;
#12752 = CARTESIAN_POINT ( 'NONE',  ( -37.50000000000000000, -10.00000000000000000, 28.00000000000000000 ) ) ;
#12753 = APPROVAL_ROLE ( '' ) ;
#12754 = ORIENTED_EDGE ( 'NONE', *, *, #607, .T. ) ;
#12755 = DATE_TIME_ROLE ( 'classification_date' ) ;
#12756 = PLANE ( 'NONE',  #3737 ) ;
#12757 = EDGE_LOOP ( 'NONE', ( #12721, #10645, #1163, #1583 ) ) ;
#12758 = CARTESIAN_POINT ( 'NONE',  ( -10.65679534101080783, -0.000000000000000000, 3.557362060152486460 ) ) ;
#12759 = DIRECTION ( 'NONE',  ( -0.000000000000000000, -0.000000000000000000, -1.000000000000000000 ) ) ;
#12760 = DIRECTION ( 'NONE',  ( -0.000000000000000000, 1.000000000000000000, -0.000000000000000000 ) ) ;
#12761 = DIRECTION ( 'NONE',  ( 0.000000000000000000, 0.000000000000000000, -1.000000000000000000 ) ) ;
#12762 = ORIENTED_EDGE ( 'NONE', *, *, #2570, .F. ) ;
#12763 = EDGE_LOOP ( 'NONE', ( #2010, #5959, #3481, #5018 ) ) ;
#12764 = APPROVAL_ROLE ( '' ) ;
#12765 = DIRECTION ( 'NONE',  ( 0.000000000000000000, 1.000000000000000000, 0.000000000000000000 ) ) ;
#12766 = COORDINATED_UNIVERSAL_TIME_OFFSET ( 5, 0, .BEHIND. ) ;
#12767 = FACE_BOUND ( 'NONE', #1535, .T. ) ;
#12768 = CARTESIAN_POINT ( 'NONE',  ( -11.59999999999999964, 72.50000000000000000, -1.200000000000000030E-05 ) ) ;
#12769 = CARTESIAN_POINT ( 'NONE',  ( 31.00000000000000000, 72.49999999999998579, 4.000000000000000000 ) ) ;
#12770 = CARTESIAN_POINT ( 'NONE',  ( -20.00000000000000000, -6.000000000000000152E-06, 13.70000000000000107 ) ) ;
#12771 = EDGE_CURVE ( 'NONE', #814, #11859, #10812, .T. ) ;
#12772 = LINE ( 'NONE', #5710, #425 ) ;
#12773 = ORIENTED_EDGE ( 'NONE', *, *, #7646, .F. ) ;
#12774 = VERTEX_POINT ( 'NONE', #5796 ) ;
#12775 = ORIENTED_EDGE ( 'NONE', *, *, #6156, .F. ) ;
#12776 = CALENDAR_DATE ( 2026, 21, 9 ) ;
#12777 = CYLINDRICAL_SURFACE ( 'NONE', #1413, 19.00000000000000000 ) ;
#12778 = EDGE_LOOP ( 'NONE', ( #9321, #7490, #6565, #11561 ) ) ;
#12779 = LINE ( 'NONE', #3689, #5439 ) ;
#12780 = DIRECTION ( 'NONE',  ( -0.000000000000000000, -0.000000000000000000, 1.000000000000000000 ) ) ;
#12781 = EDGE_CURVE ( 'NONE', #7670, #5328, #8707, .T. ) ;
#12782 = DIRECTION ( 'NONE',  ( -0.000000000000000000, -0.000000000000000000, 1.000000000000000000 ) ) ;
#12783 = VECTOR ( 'NONE', #1925, 1000.000000000000000 ) ;
#12784 = EDGE_CURVE ( 'NONE', #9349, #9298, #11740, .T. ) ;
#12785 = CARTESIAN_POINT ( 'NONE',  ( -11.90000000000000036, -6.400000000000000355, 0.000000000000000000 ) ) ;
#12786 = ORIENTED_EDGE ( 'NONE', *, *, #5060, .F. ) ;
#12787 = ORIENTED_EDGE ( 'NONE', *, *, #3561, .T. ) ;
#12788 = DIRECTION ( 'NONE',  ( -1.000000000000000000, 0.000000000000000000, 0.000000000000000000 ) ) ;
#12789 = DATE_TIME_ROLE ( 'classification_date' ) ;
#12790 = ORIENTED_EDGE ( 'NONE', *, *, #3041, .F. ) ;
#12791 = CC_DESIGN_PERSON_AND_ORGANIZATION_ASSIGNMENT ( #12980, #3948, ( #680 ) ) ;
#12792 = CARTESIAN_POINT ( 'NONE',  ( 19.55741526174779210, -12.34333309900638653, 0.000000000000000000 ) ) ;
#12793 = ORIENTED_EDGE ( 'NONE', *, *, #11918, .T. ) ;
#12794 = VECTOR ( 'NONE', #8841, 1000.000000000000000 ) ;
#12795 = VECTOR ( 'NONE', #1669, 1000.000000000000000 ) ;
#12796 = PERSON_AND_ORGANIZATION ( #2675, #9931 ) ;
#12797 = CARTESIAN_POINT ( 'NONE',  ( -20.00000000000000000, -12.00000000000000000, 2.000000000000000000 ) ) ;
#12798 = CARTESIAN_POINT ( 'NONE',  ( 31.60000000000000142, 67.50000000000000000, -1.200000000000000030E-05 ) ) ;
#12799 = EDGE_CURVE ( 'NONE', #2888, #2571, #8645, .T. ) ;
#12800 = AXIS2_PLACEMENT_3D ( 'NONE', #7982, #3919, #6852 ) ;
#12801 = EDGE_CURVE ( 'NONE', #5933, #8592, #12688, .T. ) ;
#12802 = DIRECTION ( 'NONE',  ( 1.000000000000000000, 0.000000000000000000, 0.000000000000000000 ) ) ;
#12803 = AXIS2_PLACEMENT_3D ( 'NONE', #148, #8073, #8211 ) ;
#12804 = DIRECTION ( 'NONE',  ( 1.000000000000000000, 0.000000000000000000, 0.000000000000000000 ) ) ;
#12805 = ORIENTED_EDGE ( 'NONE', *, *, #3631, .F. ) ;
#12806 = DIRECTION ( 'NONE',  ( -1.000000000000000000, 0.000000000000000000, 0.000000000000000000 ) ) ;
#12807 = CALENDAR_DATE ( 2026, 21, 9 ) ;
#12808 = ADVANCED_FACE ( 'NONE', ( #11873 ), #5675, .F. ) ;
#12809 = COORDINATED_UNIVERSAL_TIME_OFFSET ( 5, 0, .BEHIND. ) ;
#12810 = CARTESIAN_POINT ( 'NONE',  ( -5.799999999999999822, 0.000000000000000000, 2.000000000000000000 ) ) ;
#12811 = VERTEX_POINT ( 'NONE', #6708 ) ;
#12812 = EDGE_CURVE ( 'NONE', #6151, #5150, #1721, .T. ) ;
#12813 = CARTESIAN_POINT ( 'NONE',  ( -10.04297226076378635, -0.000000000000000000, 5.361289099003049508 ) ) ;
#12814 = AXIS2_PLACEMENT_3D ( 'NONE', #5594, #4691, #8864 ) ;
#12815 = CARTESIAN_POINT ( 'NONE',  ( -12.00000000000000000, 7.000000000000000000, 5.000000000000000000 ) ) ;
#12816 = VECTOR ( 'NONE', #7873, 1000.000000000000000 ) ;
#12817 = VECTOR ( 'NONE', #2637, 1000.000000000000000 ) ;
#12818 = CARTESIAN_POINT ( 'NONE',  ( 0.000000000000000000, 77.50000000000000000, 6.000000000000000000 ) ) ;
#12819 = LINE ( 'NONE', #597, #7945 ) ;
#12820 = FACE_BOUND ( 'NONE', #2804, .T. ) ;
#12821 = AXIS2_PLACEMENT_3D ( 'NONE', #2338, #8046, #4319 ) ;
#12822 = EDGE_LOOP ( 'NONE', ( #11846, #6019, #8354, #5993 ) ) ;
#12823 = DATE_AND_TIME ( #4785, #4916 ) ;
#12824 = VERTEX_POINT ( 'NONE', #6637 ) ;
#12825 = CALENDAR_DATE ( 2026, 21, 9 ) ;
#12826 = LINE ( 'NONE', #12948, #12586 ) ;
#12827 = VERTEX_POINT ( 'NONE', #8765 ) ;
#12828 = CARTESIAN_POINT ( 'NONE',  ( -36.00000000000000711, 5.000000000000000000, 28.00000000000000000 ) ) ;
#12829 = VECTOR ( 'NONE', #902, 1000.000000000000000 ) ;
#12830 = CC_DESIGN_APPROVAL ( #4567, ( #370 ) ) ;
#12831 = AXIS2_PLACEMENT_3D ( 'NONE', #2370, #12326, #9142 ) ;
#12832 = DIRECTION ( 'NONE',  ( 1.000000000000000000, 0.000000000000000000, -0.000000000000000000 ) ) ;
#12833 = LINE ( 'NONE', #1796, #10640 ) ;
#12834 = DIRECTION ( 'NONE',  ( 0.000000000000000000, 0.000000000000000000, 1.000000000000000000 ) ) ;
#12835 = CC_DESIGN_APPROVAL ( #4073, ( #6057 ) ) ;
#12836 = LINE ( 'NONE', #6546, #10689 ) ;
#12837 = PLANE ( 'NONE',  #12461 ) ;
#12838 = ORIENTED_EDGE ( 'NONE', *, *, #3610, .T. ) ;
#12839 = ORIENTED_EDGE ( 'NONE', *, *, #5301, .T. ) ;
#12840 = ORIENTED_EDGE ( 'NONE', *, *, #4237, .F. ) ;
#12841 = PERSON_AND_ORGANIZATION_ROLE ( 'creator' ) ;
#12842 = ORIENTED_EDGE ( 'NONE', *, *, #2232, .T. ) ;
#12843 = FACE_OUTER_BOUND ( 'NONE', #11526, .T. ) ;
#12844 = LOCAL_TIME ( 12, 23, 50.00000000000000000, #12934 ) ;
#12845 = CARTESIAN_POINT ( 'NONE',  ( 31.60000000000000142, 62.50000000000000000, -1.200000000000000030E-05 ) ) ;
#12846 = EDGE_CURVE ( 'NONE', #5338, #9710, #12875, .T. ) ;
#12847 = DIRECTION ( 'NONE',  ( 1.000000000000000000, 0.000000000000000000, 0.000000000000000000 ) ) ;
#12848 = CARTESIAN_POINT ( 'NONE',  ( 31.00000000000000000, 59.50000000000000000, 2.299999999999999822 ) ) ;
#12849 = DIRECTION ( 'NONE',  ( -0.000000000000000000, -0.000000000000000000, -1.000000000000000000 ) ) ;
#12850 = VERTEX_POINT ( 'NONE', #11689 ) ;
#12851 = VERTEX_POINT ( 'NONE', #12620 ) ;
#12852 = CARTESIAN_POINT ( 'NONE',  ( 0.000000000000000000, 0.000000000000000000, 25.00000000000000000 ) ) ;
#12853 = APPLICATION_PROTOCOL_DEFINITION ( 'international standard', 'config_control_design', 1994, #2004 ) ;
#12854 = EDGE_LOOP ( 'NONE', ( #8306, #10761, #11346, #8452 ) ) ;
#12855 = CARTESIAN_POINT ( 'NONE',  ( 0.000000000000000000, 0.000000000000000000, 0.000000000000000000 ) ) ;
#12856 = AXIS2_PLACEMENT_3D ( 'NONE', #3162, #7160, #1143 ) ;
#12857 = VERTEX_POINT ( 'NONE', #3768 ) ;
#12858 = ADVANCED_FACE ( 'NONE', ( #7769 ), #6517, .F. ) ;
#12859 = PLANE ( 'NONE',  #149 ) ;
#12860 = CARTESIAN_POINT ( 'NONE',  ( -21.00000000000000000, 0.000000000000000000, 17.00000000000000000 ) ) ;
#12861 = FACE_BOUND ( 'NONE', #28, .T. ) ;
#12862 = CC_DESIGN_PERSON_AND_ORGANIZATION_ASSIGNMENT ( #2903, #1777, ( #256 ) ) ;
#12863 = VECTOR ( 'NONE', #12363, 1000.000000000000000 ) ;
#12864 = VECTOR ( 'NONE', #697, 1000.000000000000000 ) ;
#12865 = CARTESIAN_POINT ( 'NONE',  ( -30.50000000000000000, -10.00000000000000000, 35.00000000000000000 ) ) ;
#12866 = CARTESIAN_POINT ( 'NONE',  ( 12.30000000000000249, 70.00000000000000000, -6.000000000000000152E-06 ) ) ;
#12867 = CARTESIAN_POINT ( 'NONE',  ( 0.000000000000000000, 0.000000000000000000, 2.000000000000000000 ) ) ;
#12868 = COORDINATED_UNIVERSAL_TIME_OFFSET ( 5, 0, .BEHIND. ) ;
#12869 = CIRCLE ( 'NONE', #6737, 5.500000000000000000 ) ;
#12870 = COORDINATED_UNIVERSAL_TIME_OFFSET ( 5, 0, .BEHIND. ) ;
#12871 = DIRECTION ( 'NONE',  ( 0.000000000000000000, 0.000000000000000000, 1.000000000000000000 ) ) ;
#12872 = EDGE_LOOP ( 'NONE', ( #2820, #11432, #4039, #10567 ) ) ;
#12873 = PRODUCT_DEFINITION_SHAPE ( 'NONE', 'NONE',  #10376 ) ;
#12874 = CARTESIAN_POINT ( 'NONE',  ( 137.6999999999999886, -0.2256158049110661423, -0.000000000000000000 ) ) ;
#12875 = CIRCLE ( 'NONE', #5504, 2.500000000000000000 ) ;
#12876 = EDGE_CURVE ( 'NONE', #7279, #3426, #10688, .T. ) ;
#12877 = VECTOR ( 'NONE', #5217, 1000.000000000000000 ) ;
#12878 = EDGE_CURVE ( 'NONE', #2986, #4941, #2600, .T. ) ;
#12879 = CARTESIAN_POINT ( 'NONE',  ( -30.50000000000000000, 10.00000000000000000, 35.00000000000000000 ) ) ;
#12880 = AXIS2_PLACEMENT_3D ( 'NONE', #6044, #8229, #5984 ) ;
#12881 = EDGE_CURVE ( 'NONE', #715, #6167, #7081, .T. ) ;
#12882 = FACE_OUTER_BOUND ( 'NONE', #9363, .T. ) ;
#12883 = PERSON_AND_ORGANIZATION ( #2675, #9931 ) ;
#12884 =( GEOMETRIC_REPRESENTATION_CONTEXT ( 3 ) GLOBAL_UNCERTAINTY_ASSIGNED_CONTEXT ( ( #7693 ) ) GLOBAL_UNIT_ASSIGNED_CONTEXT ( ( #6631, #9767, #8760 ) ) REPRESENTATION_CONTEXT ( 'NONE', 'WORKASPACE' ) );
#12885 = PLANE ( 'NONE',  #11946 ) ;
#12886 = EDGE_CURVE ( 'NONE', #4678, #415, #10961, .T. ) ;
#12887 = VECTOR ( 'NONE', #11874, 1000.000000000000000 ) ;
#12888 = DATE_TIME_ROLE ( 'classification_date' ) ;
#12889 = DIRECTION ( 'NONE',  ( -1.000000000000000000, 0.000000000000000000, -0.000000000000000000 ) ) ;
#12890 = VERTEX_POINT ( 'NONE', #9889 ) ;
#12891 = CARTESIAN_POINT ( 'NONE',  ( -20.00000000000000000, 8.000000000000000000, 10.30000000000000071 ) ) ;
#12892 = FACE_OUTER_BOUND ( 'NONE', #5099, .T. ) ;
#12893 = VECTOR ( 'NONE', #447, 1000.000000000000000 ) ;
#12894 = APPROVAL_PERSON_ORGANIZATION ( #7295, #5834, #5269 ) ;
#12895 = DIRECTION ( 'NONE',  ( 1.000000000000000000, 0.000000000000000000, 0.000000000000000000 ) ) ;
#12896 = EDGE_CURVE ( 'NONE', #9691, #8174, #5910, .T. ) ;
#12897 = EDGE_CURVE ( 'NONE', #11905, #9579, #5137, .T. ) ;
#12898 = LINE ( 'NONE', #10963, #6080 ) ;
#12899 = DIRECTION ( 'NONE',  ( -1.000000000000000000, 0.000000000000000000, 0.000000000000000000 ) ) ;
#12900 = SECURITY_CLASSIFICATION ( '', '', #6598 ) ;
#12901 = CARTESIAN_POINT ( 'NONE',  ( -14.00000000000000000, 0.000000000000000000, 18.00000000000000355 ) ) ;
#12902 = VERTEX_POINT ( 'NONE', #4022 ) ;
#12903 = ORIENTED_EDGE ( 'NONE', *, *, #5213, .T. ) ;
#12904 =( LENGTH_UNIT ( ) NAMED_UNIT ( * ) SI_UNIT ( .MILLI., .METRE. ) );
#12905 =( REPRESENTATION_RELATIONSHIP ('NONE','NONE', #874, #464 ) REPRESENTATION_RELATIONSHIP_WITH_TRANSFORMATION ( #2970 )SHAPE_REPRESENTATION_RELATIONSHIP( ) );
#12906 = CARTESIAN_POINT ( 'NONE',  ( -10.72380529476361133, 9.000000000000000000, 6.800000000000000711 ) ) ;
#12907 = FACE_OUTER_BOUND ( 'NONE', #6958, .T. ) ;
#12908 = DIRECTION ( 'NONE',  ( 1.000000000000000000, -0.000000000000000000, 0.000000000000000000 ) ) ;
#12909 = APPROVAL_PERSON_ORGANIZATION ( #8403, #4419, #7269 ) ;
#12910 = CARTESIAN_POINT ( 'NONE',  ( -8.141461068210000818, -0.000000000000000000, 5.484523509543860698 ) ) ;
#12911 = DIRECTION ( 'NONE',  ( 1.000000000000000000, 0.000000000000000000, 0.000000000000000000 ) ) ;
#12912 = CARTESIAN_POINT ( 'NONE',  ( -36.00000000000000711, -5.000000000000000000, -1.200000000000000030E-05 ) ) ;
#12913 = ORIENTED_EDGE ( 'NONE', *, *, #1332, .F. ) ;
#12914 = ORIENTED_EDGE ( 'NONE', *, *, #1334, .F. ) ;
#12915 = EDGE_CURVE ( 'NONE', #1922, #9807, #4948, .T. ) ;
#12916 = CARTESIAN_POINT ( 'NONE',  ( 12.00000000000000000, 7.000000000000000000, 5.000000000000000000 ) ) ;
#12917 = CALENDAR_DATE ( 2026, 21, 9 ) ;
#12918 = DATE_TIME_ROLE ( 'classification_date' ) ;
#12919 = ORIENTED_EDGE ( 'NONE', *, *, #10394, .F. ) ;
#12920 = APPROVAL_PERSON_ORGANIZATION ( #1065, #11169, #11385 ) ;
#12921 = CARTESIAN_POINT ( 'NONE',  ( 21.48452350954385537, -13.14146106821000259, -0.000000000000000000 ) ) ;
#12922 = ORIENTED_EDGE ( 'NONE', *, *, #9868, .T. ) ;
#12923 = COORDINATED_UNIVERSAL_TIME_OFFSET ( 5, 0, .BEHIND. ) ;
#12924 = CARTESIAN_POINT ( 'NONE',  ( 2.600000000000000089, 0.000000000000000000, -6.000000000000000152E-06 ) ) ;
#12925 = DIRECTION ( 'NONE',  ( -0.000000000000000000, 1.000000000000000000, -0.000000000000000000 ) ) ;
#12926 = CARTESIAN_POINT ( 'NONE',  ( 0.000000000000000000, 0.000000000000000000, 4.000000000000000000 ) ) ;
#12927 = APPROVAL_PERSON_ORGANIZATION ( #4152, #7613, #300 ) ;
#12928 = MECHANICAL_CONTEXT ( 'NONE', #2452, 'mechanical' ) ;
#12929 = DIRECTION ( 'NONE',  ( -0.000000000000000000, -0.000000000000000000, -1.000000000000000000 ) ) ;
#12930 = EDGE_CURVE ( 'NONE', #8679, #9973, #7017, .T. ) ;
#12931 = LINE ( 'NONE', #4952, #4213 ) ;
#12932 = COORDINATED_UNIVERSAL_TIME_OFFSET ( 5, 0, .BEHIND. ) ;
#12933 = ORIENTED_EDGE ( 'NONE', *, *, #9497, .F. ) ;
#12934 = COORDINATED_UNIVERSAL_TIME_OFFSET ( 5, 0, .BEHIND. ) ;
#12935 = CARTESIAN_POINT ( 'NONE',  ( 137.0429722607585745, 1.361289099004716840, -0.000000000000000000 ) ) ;
#12936 = VERTEX_POINT ( 'NONE', #1903 ) ;
#12937 = CARTESIAN_POINT ( 'NONE',  ( 135.1415142698088800, -1.484395069527666422, 0.000000000000000000 ) ) ;
#12938 = APPROVAL ( #4787, 'UNKNOWN' ) ;
#12939 = DIRECTION ( 'NONE',  ( -0.000000000000000000, -0.000000000000000000, -1.000000000000000000 ) ) ;
#12940 = CARTESIAN_POINT ( 'NONE',  ( -11.33007903152183360, 8.227199449369724249, 8.472143258695723489 ) ) ;
#12941 = CARTESIAN_POINT ( 'NONE',  ( -14.00000000000000000, 70.00000000000000000, -1.200000000000000030E-05 ) ) ;
#12942 = EDGE_CURVE ( 'NONE', #1525, #2619, #9947, .T. ) ;
#12943 = CARTESIAN_POINT ( 'NONE',  ( 0.000000000000000000, 0.000000000000000000, 0.000000000000000000 ) ) ;
#12944 = ADVANCED_FACE ( 'NONE', ( #1706 ), #5730, .F. ) ;
#12945 = EDGE_LOOP ( 'NONE', ( #824, #3111, #3805, #913 ) ) ;
#12946 = EDGE_CURVE ( 'NONE', #7716, #7125, #8109, .T. ) ;
#12947 = PERSON_AND_ORGANIZATION ( #1997, #5035 ) ;
#12948 = CARTESIAN_POINT ( 'NONE',  ( 22.00000000000000355, 8.000000000000000000, 24.00000000000000000 ) ) ;
#12949 = ORIENTED_EDGE ( 'NONE', *, *, #10754, .F. ) ;
#12950 = CC_DESIGN_DATE_AND_TIME_ASSIGNMENT ( #3218, #6474, ( #10028 ) ) ;
#12951 = CARTESIAN_POINT ( 'NONE',  ( 0.000000000000000000, -11.00000000000000000, 6.000000000000000000 ) ) ;
#12952 = CC_DESIGN_DATE_AND_TIME_ASSIGNMENT ( #6492, #11594, ( #10376 ) ) ;
#12953 = DIRECTION ( 'NONE',  ( 1.000000000000000000, 0.000000000000000000, 0.000000000000000000 ) ) ;
#12954 = PLANE ( 'NONE',  #11701 ) ;
#12955 = LINE ( 'NONE', #4622, #982 ) ;
#12956 = CARTESIAN_POINT ( 'NONE',  ( 10.00000000000000000, -10.00000000000000000, 25.00000000000000000 ) ) ;
#12957 = CYLINDRICAL_SURFACE ( 'NONE', #961, 1.700000000000000178 ) ;
#12958 = ADVANCED_FACE ( 'NONE', ( #9182 ), #10038, .F. ) ;
#12959 = LINE ( 'NONE', #13022, #10555 ) ;
#12960 = EDGE_CURVE ( 'NONE', #7679, #8804, #9252, .T. ) ;
#12961 = ORIENTED_EDGE ( 'NONE', *, *, #5779, .T. ) ;
#12962 = DIRECTION ( 'NONE',  ( 1.000000000000000000, 0.000000000000000000, 0.000000000000000000 ) ) ;
#12963 = B_SPLINE_CURVE_WITH_KNOTS ( 'NONE', 3,
 ( #11381, #1344, #5322, #8330, #4124, #131, #12246, #6202, #3208, #5244, #9343, #9270, #4271, #12374 ),
 .UNSPECIFIED., .F., .F.,
 ( 4, 2, 2, 2, 2, 2, 4 ),
 ( 0.000000000000000000, 0.05322997919402821382, 0.07984496879104228950, 0.1064599583880563721, 0.1330749479850704686, 0.1596899375820845512, 0.2129199167761126610 ),
 .UNSPECIFIED. ) ;
#12964 = VERTEX_POINT ( 'NONE', #1929 ) ;
#12965 = ADVANCED_FACE ( 'NONE', ( #10172 ), #5941, .T. ) ;
#12966 = CARTESIAN_POINT ( 'NONE',  ( -32.00000000000000000, 5.000000000000000000, -1.200000000000000030E-05 ) ) ;
#12967 = CARTESIAN_POINT ( 'NONE',  ( -10.50000000000000000, 80.50000000000000000, 0.000000000000000000 ) ) ;
#12968 = CARTESIAN_POINT ( 'NONE',  ( -9.442637939839798378, 64.34320465898697705, -0.000000000000000000 ) ) ;
#12969 = CARTESIAN_POINT ( 'NONE',  ( 0.000000000000000000, 0.000000000000000000, 38.00000000000000000 ) ) ;
#12970 = DIRECTION ( 'NONE',  ( 0.000000000000000000, 0.000000000000000000, 1.000000000000000000 ) ) ;
#12971 = ORIENTED_EDGE ( 'NONE', *, *, #3894, .F. ) ;
#12972 = VECTOR ( 'NONE', #7172, 1000.000000000000000 ) ;
#12973 = EDGE_LOOP ( 'NONE', ( #1926, #12641 ) ) ;
#12974 = DIRECTION ( 'NONE',  ( 1.000000000000000000, 0.000000000000000000, 0.000000000000000000 ) ) ;
#12975 = APPLICATION_CONTEXT ( 'configuration controlled 3d designs of mechanical parts and assemblies' ) ;
#12976 = APPROVAL_ROLE ( '' ) ;
#12977 = ORIENTED_EDGE ( 'NONE', *, *, #1674, .F. ) ;
#12978 = ORIENTED_EDGE ( 'NONE', *, *, #5215, .T. ) ;
#12979 = AXIS2_PLACEMENT_3D ( 'NONE', #311, #8369, #11421 ) ;
#12980 = PERSON_AND_ORGANIZATION ( #2675, #9931 ) ;
#12981 = VECTOR ( 'NONE', #11080, 1000.000000000000000 ) ;
#12982 = CYLINDRICAL_SURFACE ( 'NONE', #11207, 8.000000000000000000 ) ;
#12983 = CARTESIAN_POINT ( 'NONE',  ( 7.656666900994198777, -8.557415261748372970, -0.000000000000000000 ) ) ;
#12984 = FACE_OUTER_BOUND ( 'NONE', #3881, .T. ) ;
#12985 = ORIENTED_EDGE ( 'NONE', *, *, #5465, .F. ) ;
#12986 = CARTESIAN_POINT ( 'NONE',  ( 14.22508399489168340, 71.69993048876642661, 0.000000000000000000 ) ) ;
#12987 = DIRECTION ( 'NONE',  ( 0.000000000000000000, 0.000000000000000000, 1.000000000000000000 ) ) ;
#12988 = AXIS2_PLACEMENT_3D ( 'NONE', #12680, #11867, #10679 ) ;
#12989 = DATE_AND_TIME ( #6038, #3228 ) ;
#12990 = ORIENTED_EDGE ( 'NONE', *, *, #1434, .F. ) ;
#12991 = APPROVAL_ROLE ( '' ) ;
#12992 = DIRECTION ( 'NONE',  ( -1.000000000000000000, 0.000000000000000000, -0.000000000000000000 ) ) ;
#12993 = ORIENTED_EDGE ( 'NONE', *, *, #4550, .T. ) ;
#12994 = CARTESIAN_POINT ( 'NONE',  ( -10.04287395703031294, 0.000000000000000000, 2.638809204728629343 ) ) ;
#12995 = ADVANCED_FACE ( 'NONE', ( #7044 ), #5228, .T. ) ;
#12996 = VECTOR ( 'NONE', #9051, 1000.000000000000000 ) ;
#12997 = CARTESIAN_POINT ( 'NONE',  ( -6.000000000000000000, 1.300000000000000044, 16.00000000000000000 ) ) ;
#12998 = VECTOR ( 'NONE', #12705, 1000.000000000000000 ) ;
#12999 = LINE ( 'NONE', #7963, #8214 ) ;
#13000 = AXIS2_PLACEMENT_3D ( 'NONE', #12951, #12765, #1927 ) ;
#13001 = ORIENTED_EDGE ( 'NONE', *, *, #5369, .F. ) ;
#13002 = CARTESIAN_POINT ( 'NONE',  ( -37.50000000000000000, 10.00000000000000000, 28.00000000000000000 ) ) ;
#13003 = ORIENTED_EDGE ( 'NONE', *, *, #5970, .T. ) ;
#13004 = CONTEXT_DEPENDENT_SHAPE_REPRESENTATION ( #12312, #2471 ) ;
#13005 = FACE_OUTER_BOUND ( 'NONE', #1353, .T. ) ;
#13006 = CIRCLE ( 'NONE', #12376, 8.099999999999999645 ) ;
#13007 = ORIENTED_EDGE ( 'NONE', *, *, #13012, .T. ) ;
#13008 = FACE_BOUND ( 'NONE', #5236, .T. ) ;
#13009 = CARTESIAN_POINT ( 'NONE',  ( 0.000000000000000000, 0.000000000000000000, 38.00000000000000000 ) ) ;
#13010 = LINE ( 'NONE', #4198, #9722 ) ;
#13012 = EDGE_CURVE ( 'NONE', #2253, #11847, #11230, .T. ) ;
#13011 = EDGE_CURVE ( 'NONE', #12661, #1339, #8976, .T. ) ;
#13013 = CARTESIAN_POINT ( 'NONE',  ( -21.48439506952757228, 0.000000000000000000, 11.14151426980747850 ) ) ;
#13014 = CARTESIAN_POINT ( 'NONE',  ( 20.00000000000000000, -1.200000000000000030E-05, 12.00000000000000000 ) ) ;
#13015 = CYLINDRICAL_SURFACE ( 'NONE', #6927, 1.700000000000000178 ) ;
#13016 = VECTOR ( 'NONE', #8978, 1000.000000000000000 ) ;
#13017 = CC_DESIGN_DATE_AND_TIME_ASSIGNMENT ( #3590, #6584, ( #593 ) ) ;
#13018 = AXIS2_PLACEMENT_3D ( 'NONE', #8667, #6736, #9601 ) ;
#13019 = SECURITY_CLASSIFICATION_LEVEL ( 'unclassified' ) ;
#13020 = CC_DESIGN_DATE_AND_TIME_ASSIGNMENT ( #5631, #8783, ( #5610 ) ) ;
#13021 = CARTESIAN_POINT ( 'NONE',  ( -12.00000000000000000, 7.000000000000000000, 15.00000000000000000 ) ) ;
#13022 = CARTESIAN_POINT ( 'NONE',  ( 0.000000000000000000, 2.000000000000000000, 0.000000000000000000 ) ) ;
#13023 = SECURITY_CLASSIFICATION ( '', '', #5095 ) ;
#13024 = DIRECTION ( 'NONE',  ( 0.000000000000000000, -0.000000000000000000, -1.000000000000000000 ) ) ;
#13025 = ORIENTED_EDGE ( 'NONE', *, *, #7998, .T. ) ;
#13026 = DIRECTION ( 'NONE',  ( 0.000000000000000000, 0.000000000000000000, -1.000000000000000000 ) ) ;
#13027 = LINE ( 'NONE', #10118, #4576 ) ;
#13028 = ADVANCED_FACE ( 'NONE', ( #7183 ), #6914, .T. ) ;
#13029 = EDGE_CURVE ( 'NONE', #7716, #6882, #2778, .T. ) ;
#13030 = DIRECTION ( 'NONE',  ( -0.000000000000000000, -0.000000000000000000, 1.000000000000000000 ) ) ;
#13031 = ORGANIZATION ( 'NAUO-ORG16', 'UNSPECIFIED', 'UNSPECIFIED' ) ;
#13032 = FACE_OUTER_BOUND ( 'NONE', #10923, .T. ) ;
#13033 = EDGE_CURVE ( 'NONE', #10097, #10468, #9046, .T. ) ;
#13034 = CARTESIAN_POINT ( 'NONE',  ( -22.00000000000000000, 0.000000000000000000, 8.000000000000000000 ) ) ;
#13035 = PLANE ( 'NONE',  #4878 ) ;
#13036 = ORIENTED_EDGE ( 'NONE', *, *, #7785, .F. ) ;
#13037 = ORIENTED_EDGE ( 'NONE', *, *, #1422, .F. ) ;
#13038 = DIRECTION ( 'NONE',  ( 1.000000000000000000, 0.000000000000000000, 0.000000000000000000 ) ) ;
#13039 = APPROVAL_DATE_TIME ( #11987, #10187 ) ;
#13040 = DATE_AND_TIME ( #12258, #5930 ) ;
#13041 = VERTEX_POINT ( 'NONE', #115 ) ;
#13042 = CC_DESIGN_APPROVAL ( #11423, ( #12000 ) ) ;
#13043 = ORIENTED_EDGE ( 'NONE', *, *, #4488, .T. ) ;
#13044 = PERSON_AND_ORGANIZATION ( #2675, #9931 ) ;
#13045 = CARTESIAN_POINT ( 'NONE',  ( 4.299999999999999822, -9.000000000000000000, -6.000000000000000152E-06 ) ) ;
#13046 = DIRECTION ( 'NONE',  ( 1.000000000000000000, 0.000000000000000000, 0.000000000000000000 ) ) ;
#13047 = LINE ( 'NONE', #1015, #129 ) ;
#13048 = DIRECTION ( 'NONE',  ( 0.000000000000000000, 0.000000000000000000, 1.000000000000000000 ) ) ;
#13049 = APPLICATION_CONTEXT ( 'configuration controlled 3d designs of mechanical parts and assemblies' ) ;
#13050 = ORIENTED_EDGE ( 'NONE', *, *, #6293, .F. ) ;
#13051 = DIRECTION ( 'NONE',  ( 1.000000000000000000, 0.000000000000000000, 0.000000000000000000 ) ) ;
#13052 = VECTOR ( 'NONE', #1838, 1000.000000000000000 ) ;
#13053 = APPROVAL_ROLE ( '' ) ;
#13054 = PERSON_AND_ORGANIZATION ( #11458, #10312 ) ;
#13055 = CARTESIAN_POINT ( 'NONE',  ( -9.000000000000000000, 81.00000000000000000, 2.299999999999999822 ) ) ;
#13056 = ORIENTED_EDGE ( 'NONE', *, *, #11996, .T. ) ;
#13057 = VECTOR ( 'NONE', #798, 1000.000000000000000 ) ;
#13058 = CARTESIAN_POINT ( 'NONE',  ( -27.69999999999999929, 57.00000000000000000, -1.200000000000000030E-05 ) ) ;
#13059 = SHAPE_DEFINITION_REPRESENTATION ( #12873, #12629 ) ;
#13060 = VECTOR ( 'NONE', #12130, 1000.000000000000000 ) ;
#13061 = EDGE_CURVE ( 'NONE', #6308, #1349, #12022, .T. ) ;
#13062 = NEXT_ASSEMBLY_USAGE_OCCURRENCE ( 'NAUO1', ' ', ' ', #5999, #10028, $ ) ;
#13063 = NEXT_ASSEMBLY_USAGE_OCCURRENCE ( 'NAUO2', ' ', ' ', #5999, #9630, $ ) ;
#13064 = NEXT_ASSEMBLY_USAGE_OCCURRENCE ( 'NAUO3', ' ', ' ', #5999, #9630, $ ) ;
#13065 = NEXT_ASSEMBLY_USAGE_OCCURRENCE ( 'NAUO4', ' ', ' ', #5999, #9630, $ ) ;
#13066 = NEXT_ASSEMBLY_USAGE_OCCURRENCE ( 'NAUO5', ' ', ' ', #5999, #9630, $ ) ;
#13067 = NEXT_ASSEMBLY_USAGE_OCCURRENCE ( 'NAUO6', ' ', ' ', #5999, #5, $ ) ;
#13068 = NEXT_ASSEMBLY_USAGE_OCCURRENCE ( 'NAUO7', ' ', ' ', #5999, #8156, $ ) ;
#13069 = NEXT_ASSEMBLY_USAGE_OCCURRENCE ( 'NAUO8', ' ', ' ', #5999, #5112, $ ) ;
#13070 = NEXT_ASSEMBLY_USAGE_OCCURRENCE ( 'NAUO9', ' ', ' ', #5999, #8819, $ ) ;
#13071 = NEXT_ASSEMBLY_USAGE_OCCURRENCE ( 'NAUO10', ' ', ' ', #5999, #8819, $ ) ;
#13072 = NEXT_ASSEMBLY_USAGE_OCCURRENCE ( 'NAUO11', ' ', ' ', #5999, #3354, $ ) ;
#13073 = NEXT_ASSEMBLY_USAGE_OCCURRENCE ( 'NAUO12', ' ', ' ', #5999, #3354, $ ) ;
#13074 = NEXT_ASSEMBLY_USAGE_OCCURRENCE ( 'NAUO13', ' ', ' ', #5999, #1964, $ ) ;
#13075 = NEXT_ASSEMBLY_USAGE_OCCURRENCE ( 'NAUO14', ' ', ' ', #5999, #1964, $ ) ;
#13076 = NEXT_ASSEMBLY_USAGE_OCCURRENCE ( 'NAUO15', ' ', ' ', #5999, #2720, $ ) ;
#13077 = NEXT_ASSEMBLY_USAGE_OCCURRENCE ( 'NAUO16', ' ', ' ', #5999, #7371, $ ) ;
#13078 = NEXT_ASSEMBLY_USAGE_OCCURRENCE ( 'NAUO17', ' ', ' ', #5999, #7371, $ ) ;
#13079 = NEXT_ASSEMBLY_USAGE_OCCURRENCE ( 'NAUO18', ' ', ' ', #5999, #5610, $ ) ;
#13080 = NEXT_ASSEMBLY_USAGE_OCCURRENCE ( 'NAUO19', ' ', ' ', #5999, #510, $ ) ;
#13081 = NEXT_ASSEMBLY_USAGE_OCCURRENCE ( 'NAUO20', ' ', ' ', #5999, #12050, $ ) ;
#13082 = NEXT_ASSEMBLY_USAGE_OCCURRENCE ( 'NAUO21', ' ', ' ', #5999, #4750, $ ) ;
#13083 = NEXT_ASSEMBLY_USAGE_OCCURRENCE ( 'NAUO22', ' ', ' ', #5999, #11002, $ ) ;
#13084 = NEXT_ASSEMBLY_USAGE_OCCURRENCE ( 'NAUO23', ' ', ' ', #5999, #12132, $ ) ;
#13085 = NEXT_ASSEMBLY_USAGE_OCCURRENCE ( 'NAUO24', ' ', ' ', #5999, #12732, $ ) ;
#13086 = NEXT_ASSEMBLY_USAGE_OCCURRENCE ( 'NAUO25', ' ', ' ', #5999, #12732, $ ) ;
#13087 = NEXT_ASSEMBLY_USAGE_OCCURRENCE ( 'NAUO26', ' ', ' ', #5999, #10376, $ ) ;
ENDSEC;
END-ISO-10303-21;
