ISO-10303-21;
HEADER;
FILE_DESCRIPTION (( 'STEP AP203' ),
    '1' );
FILE_NAME ('FlipArm_V3_raised.STEP',
    '2026-09-21T16:23:36',
    ( '15300530775@163.com' ),
    ( '' ),
    'SwSTEP 2.0',
    'SolidWorks 2026',
    '' );
FILE_SCHEMA (( 'CONFIG_CONTROL_DESIGN' ));
ENDSEC;

DATA;
#1 = CIRCLE ( 'NONE', #12242, 1.100000000000000311 ) ;
#2 = EDGE_CURVE ( 'NONE', #800, #10839, #7696, .T. ) ;
#3 = CARTESIAN_POINT ( 'NONE',  ( 10.00000000000000178, -10.00000000000000000, 28.00000000000000000 ) ) ;
#4 = COORDINATED_UNIVERSAL_TIME_OFFSET ( 5, 0, .BEHIND. ) ;
#5 = AXIS2_PLACEMENT_3D ( 'NONE', #768, #1944, #10047 ) ;
#6 = CARTESIAN_POINT ( 'NONE',  ( 11.04041184224593941, 8.612030553185553217, 11.66769485529068540 ) ) ;
#7 = SHAPE_REPRESENTATION ( 'V3_REF_SG90', ( #1284 ), #8664 ) ;
#8 = CARTESIAN_POINT ( 'NONE',  ( -12.00000000000000000, -12.00000000000000000, 20.00000000000000000 ) ) ;
#9 = DIRECTION ( 'NONE',  ( 1.000000000000000000, -0.000000000000000000, -0.000000000000000000 ) ) ;
#10 = CYLINDRICAL_SURFACE ( 'NONE', #7470, 2.500000000000000000 ) ;
#11 = AXIS2_PLACEMENT_3D ( 'NONE', #7582, #10646, #2714 ) ;
#12 = AXIS2_PLACEMENT_3D ( 'NONE', #5241, #9132, #10130 ) ;
#13 = FACE_OUTER_BOUND ( 'NONE', #2989, .T. ) ;
#14 = ORIENTED_EDGE ( 'NONE', *, *, #6292, .T. ) ;
#15 = ORIENTED_EDGE ( 'NONE', *, *, #5818, .T. ) ;
#16 = DIRECTION ( 'NONE',  ( 0.000000000000000000, 0.000000000000000000, 1.000000000000000000 ) ) ;
#17 = ORIENTED_EDGE ( 'NONE', *, *, #11501, .T. ) ;
#18 = EDGE_CURVE ( 'NONE', #10915, #1764, #11757, .T. ) ;
#19 = DIRECTION ( 'NONE',  ( -1.000000000000000000, -0.000000000000000000, -0.000000000000000000 ) ) ;
#20 = CARTESIAN_POINT ( 'NONE',  ( -30.50000000000000000, 10.00000000000000000, 28.00000000000000000 ) ) ;
#21 = FACE_OUTER_BOUND ( 'NONE', #1578, .T. ) ;
#22 =( GEOMETRIC_REPRESENTATION_CONTEXT ( 3 ) GLOBAL_UNCERTAINTY_ASSIGNED_CONTEXT ( ( #10450 ) ) GLOBAL_UNIT_ASSIGNED_CONTEXT ( ( #9742, #2670, #7727 ) ) REPRESENTATION_CONTEXT ( 'NONE', 'WORKASPACE' ) );
#23 = APPROVAL_DATE_TIME ( #8691, #393 ) ;
#24 = APPROVAL_DATE_TIME ( #11378, #9798 ) ;
#25 = DIRECTION ( 'NONE',  ( 0.000000000000000000, 1.000000000000000000, 0.000000000000000000 ) ) ;
#26 = EDGE_CURVE ( 'NONE', #12103, #2415, #10955, .T. ) ;
#27 = CARTESIAN_POINT ( 'NONE',  ( -21.69993048876420971, -13.77491600511408087, -0.000000000000000000 ) ) ;
#28 = ORIENTED_EDGE ( 'NONE', *, *, #3669, .F. ) ;
#29 = DIRECTION ( 'NONE',  ( -0.000000000000000000, 1.000000000000000000, 0.000000000000000000 ) ) ;
#30 = ORIENTED_EDGE ( 'NONE', *, *, #2200, .T. ) ;
#31 = DIRECTION ( 'NONE',  ( 0.000000000000000000, 0.000000000000000000, -1.000000000000000000 ) ) ;
#32 = CARTESIAN_POINT ( 'NONE',  ( -11.32690702869583532, 8.231531534232544800, 11.52987977232460182 ) ) ;
#33 = APPROVAL_PERSON_ORGANIZATION ( #7212, #2865, #7483 ) ;
#34 = ORIENTED_EDGE ( 'NONE', *, *, #11991, .F. ) ;
#35 = ORIENTED_EDGE ( 'NONE', *, *, #2185, .F. ) ;
#36 = EDGE_CURVE ( 'NONE', #3406, #12929, #3937, .T. ) ;
#37 = CARTESIAN_POINT ( 'NONE',  ( -11.59999999999999964, 0.000000000000000000, -0.000000000000000000 ) ) ;
#38 = EDGE_CURVE ( 'NONE', #3201, #11215, #3814, .T. ) ;
#39 = CARTESIAN_POINT ( 'NONE',  ( 6.000000000000000000, -1.300000000000000044, -0.09997027095160138099 ) ) ;
#40 = APPROVAL_PERSON_ORGANIZATION ( #8068, #1172, #3067 ) ;
#41 = FACE_BOUND ( 'NONE', #1048, .T. ) ;
#42 = ORIENTED_EDGE ( 'NONE', *, *, #12570, .F. ) ;
#43 = ORIENTED_EDGE ( 'NONE', *, *, #7600, .T. ) ;
#44 = EDGE_LOOP ( 'NONE', ( #12969, #3988, #1435, #752 ) ) ;
#45 = CC_DESIGN_PERSON_AND_ORGANIZATION_ASSIGNMENT ( #1748, #6724, ( #12629 ) ) ;
#46 = CC_DESIGN_APPROVAL ( #10206, ( #4262 ) ) ;
#47 = CARTESIAN_POINT ( 'NONE',  ( -19.00000000000000000, 9.000000000000000000, 8.300000000000000711 ) ) ;
#48 = CC_DESIGN_DATE_AND_TIME_ASSIGNMENT ( #7580, #498, ( #708 ) ) ;
#49 = FACE_BOUND ( 'NONE', #3950, .T. ) ;
#50 = DIRECTION ( 'NONE',  ( -0.000000000000000000, -0.000000000000000000, -1.000000000000000000 ) ) ;
#51 = CARTESIAN_POINT ( 'NONE',  ( 20.85853893178856922, -0.000000000000000000, 13.48452350954491585 ) ) ;
#52 = CARTESIAN_POINT ( 'NONE',  ( 35.60000000000000142, 62.50000000000000000, -8.271806125530276749E-22 ) ) ;
#53 = CALENDAR_DATE ( 2026, 21, 9 ) ;
#54 = CARTESIAN_POINT ( 'NONE',  ( -6.000000000000000000, 0.000000000000000000, 20.00000000000000000 ) ) ;
#55 = ORIENTED_EDGE ( 'NONE', *, *, #9749, .T. ) ;
#56 = CARTESIAN_POINT ( 'NONE',  ( 0.000000000000000000, 0.000000000000000000, 4.000000000000000000 ) ) ;
#57 = VERTEX_POINT ( 'NONE', #871 ) ;
#58 = LINE ( 'NONE', #10882, #12137 ) ;
#59 = DIRECTION ( 'NONE',  ( -1.000000000000000000, 0.000000000000000000, 0.000000000000000000 ) ) ;
#60 = CARTESIAN_POINT ( 'NONE',  ( -3.000000000000000000, 0.000000000000000000, 42.00000000000000000 ) ) ;
#61 = EDGE_CURVE ( 'NONE', #11200, #6192, #4807, .T. ) ;
#62 = LINE ( 'NONE', #7295, #4992 ) ;
#63 = APPLICATION_PROTOCOL_DEFINITION ( 'international standard', 'config_control_design', 1994, #12406 ) ;
#64 = DIRECTION ( 'NONE',  ( -0.000000000000000000, -0.000000000000000000, -1.000000000000000000 ) ) ;
#65 = CARTESIAN_POINT ( 'NONE',  ( -20.44246974991423471, -0.000000000000000000, 13.65686506842306436 ) ) ;
#66 = CARTESIAN_POINT ( 'NONE',  ( 0.000000000000000000, 0.000000000000000000, 5.000000000000000000 ) ) ;
#67 = APPROVAL_DATE_TIME ( #8799, #1981 ) ;
#68 = DIRECTION ( 'NONE',  ( -1.000000000000000000, 0.000000000000000000, -0.000000000000000000 ) ) ;
#69 = CARTESIAN_POINT ( 'NONE',  ( 125.7000000000000028, 0.000000000000000000, -1.200000000000000030E-05 ) ) ;
#70 = EDGE_CURVE ( 'NONE', #7454, #10559, #5730, .T. ) ;
#71 = CALENDAR_DATE ( 2026, 21, 9 ) ;
#72 = CARTESIAN_POINT ( 'NONE',  ( 0.000000000000000000, 0.000000000000000000, 6.000000000000000000 ) ) ;
#73 = ORIENTED_EDGE ( 'NONE', *, *, #8160, .T. ) ;
#74 = EDGE_LOOP ( 'NONE', ( #219, #1275, #8047, #12249, #5043, #4488, #10307, #816 ) ) ;
#75 = DIRECTION ( 'NONE',  ( -0.000000000000000000, 1.000000000000000000, -0.000000000000000000 ) ) ;
#76 = ORIENTED_EDGE ( 'NONE', *, *, #6314, .T. ) ;
#77 = APPROVAL_STATUS ( 'not_yet_approved' ) ;
#78 = CARTESIAN_POINT ( 'NONE',  ( 31.60000000000000142, 72.50000000000000000, -1.200000000000000030E-05 ) ) ;
#79 = CARTESIAN_POINT ( 'NONE',  ( -14.22508399489131214, 68.30006951123358760, 0.000000000000000000 ) ) ;
#80 = CARTESIAN_POINT ( 'NONE',  ( 32.36119079527253461, 0.000000000000000000, 11.95712604297010628 ) ) ;
#81 = DATE_TIME_ROLE ( 'classification_date' ) ;
#82 = DIRECTION ( 'NONE',  ( -0.000000000000000000, 1.000000000000000000, 0.000000000000000000 ) ) ;
#83 = DIRECTION ( 'NONE',  ( 0.000000000000000000, 1.000000000000000000, 0.000000000000000000 ) ) ;
#84 = EDGE_LOOP ( 'NONE', ( #11718, #4387, #11296, #9170 ) ) ;
#85 = EDGE_CURVE ( 'NONE', #6719, #448, #10885, .T. ) ;
#86 = CARTESIAN_POINT ( 'NONE',  ( -2.600000000000000089, 3.184081677783117698E-16, -1.200000000000000030E-05 ) ) ;
#87 = ORIENTED_EDGE ( 'NONE', *, *, #11401, .T. ) ;
#88 = CARTESIAN_POINT ( 'NONE',  ( -19.00000000000000000, 9.000000000000000000, 10.00000000000000000 ) ) ;
#89 = ADVANCED_FACE ( 'NONE', ( #4872 ), #3866, .F. ) ;
#90 = CARTESIAN_POINT ( 'NONE',  ( 0.000000000000000000, 11.00000000000000000, 0.000000000000000000 ) ) ;
#91 = EDGE_LOOP ( 'NONE', ( #1878, #6583, #11411, #2681 ) ) ;
#92 = VERTEX_POINT ( 'NONE', #13014 ) ;
#93 = PLANE ( 'NONE',  #11994 ) ;
#94 = DIRECTION ( 'NONE',  ( -0.000000000000000000, -0.000000000000000000, -1.000000000000000000 ) ) ;
#95 = PRODUCT ( 'V3_03_bearing_retainer', 'V3_03_bearing_retainer', '', ( #487 ) ) ;
#96 = PERSON_AND_ORGANIZATION ( #12991, #11636 ) ;
#97 = ITEM_DEFINED_TRANSFORMATION ( 'NONE', 'NONE', #9729,  #1284 ) ;
#98 =( LENGTH_UNIT ( ) NAMED_UNIT ( * ) SI_UNIT ( .MILLI., .METRE. ) );
#99 = CARTESIAN_POINT ( 'NONE',  ( -0.6767903974405510281, -2.533959238176743956, -0.000000000000000000 ) ) ;
#100 = EDGE_LOOP ( 'NONE', ( #5524, #3750, #10347, #3783 ) ) ;
#101 = EDGE_CURVE ( 'NONE', #10121, #11456, #7949, .T. ) ;
#102 = ORIENTED_EDGE ( 'NONE', *, *, #1859, .T. ) ;
#103 = VECTOR ( 'NONE', #7407, 1000.000000000000000 ) ;
#104 = EDGE_CURVE ( 'NONE', #5599, #12930, #8774, .T. ) ;
#105 = ORIENTED_EDGE ( 'NONE', *, *, #2004, .T. ) ;
#106 = CARTESIAN_POINT ( 'NONE',  ( 0.000000000000000000, 0.000000000000000000, 12.00000000000000000 ) ) ;
#107 = DIRECTION ( 'NONE',  ( -0.000000000000000000, -0.000000000000000000, -1.000000000000000000 ) ) ;
#108 = DIRECTION ( 'NONE',  ( 0.000000000000000000, 1.000000000000000000, 0.000000000000000000 ) ) ;
#109 = CARTESIAN_POINT ( 'NONE',  ( 22.00000000000000000, 0.000000000000000000, 0.000000000000000000 ) ) ;
#110 = AXIS2_PLACEMENT_3D ( 'NONE', #12096, #3762, #1060 ) ;
#111 = DATE_AND_TIME ( #10943, #6537 ) ;
#112 = DIRECTION ( 'NONE',  ( 1.000000000000000000, -0.000000000000000000, -0.000000000000000000 ) ) ;
#113 = ORIENTED_EDGE ( 'NONE', *, *, #11164, .T. ) ;
#114 = EDGE_CURVE ( 'NONE', #5740, #12930, #812, .T. ) ;
#115 = EDGE_CURVE ( 'NONE', #820, #11587, #122, .T. ) ;
#116 = PLANE ( 'NONE',  #3380 ) ;
#117 = CARTESIAN_POINT ( 'NONE',  ( -11.59999999999999964, 62.50000000000000000, -1.200000000000000030E-05 ) ) ;
#118 = VERTEX_POINT ( 'NONE', #1210 ) ;
#119 = ORIENTED_EDGE ( 'NONE', *, *, #11087, .T. ) ;
#120 = AXIS2_PLACEMENT_3D ( 'NONE', #11533, #7672, #3732 ) ;
#121 = AXIS2_PLACEMENT_3D ( 'NONE', #4181, #6195, #1087 ) ;
#122 = LINE ( 'NONE', #7292, #8391 ) ;
#123 = DIRECTION ( 'NONE',  ( 0.000000000000000000, -0.000000000000000000, 1.000000000000000000 ) ) ;
#124 = CARTESIAN_POINT ( 'NONE',  ( 30.55741526174642075, -0.000000000000000000, 11.34333309900627995 ) ) ;
#125 = PERSON_AND_ORGANIZATION_ROLE ( 'design_supplier' ) ;
#126 = CARTESIAN_POINT ( 'NONE',  ( 11.68311043139274830, 7.714395407957674422, 8.881677801039298714 ) ) ;
#127 = CARTESIAN_POINT ( 'NONE',  ( 17.00000000000000000, -10.00000000000000000, 25.00000000000000000 ) ) ;
#128 = LINE ( 'NONE', #6375, #5273 ) ;
#129 = APPROVAL_DATE_TIME ( #12917, #9153 ) ;
#130 = DIRECTION ( 'NONE',  ( -0.000000000000000000, -0.000000000000000000, -1.000000000000000000 ) ) ;
#131 = VECTOR ( 'NONE', #12777, 1000.000000000000000 ) ;
#132 = CC_DESIGN_PERSON_AND_ORGANIZATION_ASSIGNMENT ( #5237, #314, ( #12848 ) ) ;
#133 = LOCAL_TIME ( 12, 23, 36.00000000000000000, #11366 ) ;
#134 = EDGE_CURVE ( 'NONE', #7451, #4316, #8296, .T. ) ;
#135 = CARTESIAN_POINT ( 'NONE',  ( -11.50000000000000000, 6.000000000000000000, 18.00000000000000355 ) ) ;
#136 = APPROVAL_DATE_TIME ( #10166, #2147 ) ;
#137 = PLANE ( 'NONE',  #792 ) ;
#138 = ORIENTED_EDGE ( 'NONE', *, *, #2525, .T. ) ;
#139 = CARTESIAN_POINT ( 'NONE',  ( 12.80000000000000071, -2.000000000000000000, 0.000000000000000000 ) ) ;
#140 = ORIENTED_EDGE ( 'NONE', *, *, #7205, .F. ) ;
#141 = DESIGN_CONTEXT ( 'detailed design', #10176, 'design' ) ;
#142 = CARTESIAN_POINT ( 'NONE',  ( 0.000000000000000000, 0.000000000000000000, 8.000000000000000000 ) ) ;
#143 = LINE ( 'NONE', #5211, #10044 ) ;
#144 = ORIENTED_EDGE ( 'NONE', *, *, #1885, .T. ) ;
#145 = VECTOR ( 'NONE', #10250, 1000.000000000000000 ) ;
#146 = DIRECTION ( 'NONE',  ( -0.000000000000000000, -0.000000000000000000, 1.000000000000000000 ) ) ;
#147 = APPROVAL_STATUS ( 'not_yet_approved' ) ;
#148 = APPROVAL_PERSON_ORGANIZATION ( #9407, #10935, #251 ) ;
#149 = CARTESIAN_POINT ( 'NONE',  ( -12.34313493157694097, 69.55753025008442592, -0.000000000000000000 ) ) ;
#150 = DIRECTION ( 'NONE',  ( -1.000000000000000000, 0.000000000000000000, -0.000000000000000000 ) ) ;
#151 = AXIS2_PLACEMENT_3D ( 'NONE', #4486, #12560, #12628 ) ;
#152 = COORDINATED_UNIVERSAL_TIME_OFFSET ( 5, 0, .BEHIND. ) ;
#153 = LINE ( 'NONE', #11238, #1703 ) ;
#154 = EDGE_CURVE ( 'NONE', #7439, #2671, #8914, .T. ) ;
#155 = AXIS2_PLACEMENT_3D ( 'NONE', #7837, #2972, #3954 ) ;
#156 = VERTEX_POINT ( 'NONE', #10154 ) ;
#157 = DIRECTION ( 'NONE',  ( -1.000000000000000000, 0.000000000000000000, 0.000000000000000000 ) ) ;
#158 = ADVANCED_BREP_SHAPE_REPRESENTATION ( '', ( #7475, #1284 ), #1502 ) ;
#159 = LOCAL_TIME ( 12, 23, 36.00000000000000000, #4895 ) ;
#160 =( REPRESENTATION_RELATIONSHIP ('NONE','NONE', #6877, #10979 ) REPRESENTATION_RELATIONSHIP_WITH_TRANSFORMATION ( #7656 )SHAPE_REPRESENTATION_RELATIONSHIP( ) );
#161 = VERTEX_POINT ( 'NONE', #7152 ) ;
#162 = DIRECTION ( 'NONE',  ( -0.000000000000000000, -0.000000000000000000, 1.000000000000000000 ) ) ;
#163 = VERTEX_POINT ( 'NONE', #3077 ) ;
#164 = FACE_OUTER_BOUND ( 'NONE', #8205, .T. ) ;
#165 = ORIENTED_EDGE ( 'NONE', *, *, #618, .F. ) ;
#166 = ORIENTED_EDGE ( 'NONE', *, *, #4509, .F. ) ;
#167 = AXIS2_PLACEMENT_3D ( 'NONE', #8590, #5547, #7509 ) ;
#168 = CARTESIAN_POINT ( 'NONE',  ( 14.00000000000000000, 0.000000000000000000, 2.000000000000000000 ) ) ;
#169 = CARTESIAN_POINT ( 'NONE',  ( 0.000000000000000000, 0.000000000000000000, 16.00000000000000000 ) ) ;
#170 = AXIS2_PLACEMENT_3D ( 'NONE', #5586, #4608, #6559 ) ;
#171 = CARTESIAN_POINT ( 'NONE',  ( 31.00000000000000000, 57.00000000000000000, -1.200000000000000030E-05 ) ) ;
#172 = ADVANCED_FACE ( 'NONE', ( #11216 ), #2169, .F. ) ;
#173 = COORDINATED_UNIVERSAL_TIME_OFFSET ( 5, 0, .BEHIND. ) ;
#174 = DIRECTION ( 'NONE',  ( 0.000000000000000000, 0.000000000000000000, -1.000000000000000000 ) ) ;
#175 = CARTESIAN_POINT ( 'NONE',  ( -1.313163450857918635, -2.270214330881944687, 0.000000000000000000 ) ) ;
#176 = CLOSED_SHELL ( 'NONE', ( #3303, #5105, #8335, #2030, #1515, #9390 ) ) ;
#177 = ORIENTED_EDGE ( 'NONE', *, *, #1885, .F. ) ;
#178 = LOCAL_TIME ( 12, 23, 36.00000000000000000, #1459 ) ;
#179 = ORIENTED_EDGE ( 'NONE', *, *, #8952, .F. ) ;
#180 = VERTEX_POINT ( 'NONE', #11081 ) ;
#181 = ORIENTED_EDGE ( 'NONE', *, *, #7542, .T. ) ;
#182 = CARTESIAN_POINT ( 'NONE',  ( -2.500000000000000000, 0.000000000000000000, 0.000000000000000000 ) ) ;
#183 = AXIS2_PLACEMENT_3D ( 'NONE', #8998, #10687, #8758 ) ;
#184 = CARTESIAN_POINT ( 'NONE',  ( 11.88038519805911442, 7.406761620341380414, 9.105325610358853794 ) ) ;
#185 = ADVANCED_FACE ( 'NONE', ( #10015 ), #10220, .F. ) ;
#186 = AXIS2_PLACEMENT_3D ( 'NONE', #7235, #7312, #2256 ) ;
#187 = DIRECTION ( 'NONE',  ( 1.000000000000000000, 0.000000000000000000, 0.000000000000000000 ) ) ;
#188 = ORGANIZATION ( 'NAUO-ORG2', 'UNSPECIFIED', 'UNSPECIFIED' ) ;
#189 = CARTESIAN_POINT ( 'NONE',  ( -30.50000000000000000, -10.00000000000000000, 35.00000000000000000 ) ) ;
#190 = CALENDAR_DATE ( 2026, 21, 9 ) ;
#191 = CARTESIAN_POINT ( 'NONE',  ( -10.01642623006862465, 9.784631539666259314, 6.978378753637993981 ) ) ;
#192 = ORIENTED_EDGE ( 'NONE', *, *, #204, .F. ) ;
#193 = CARTESIAN_POINT ( 'NONE',  ( 0.000000000000000000, 10.50000000000000000, 0.000000000000000000 ) ) ;
#194 = ORIENTED_EDGE ( 'NONE', *, *, #12039, .T. ) ;
#195 = COORDINATED_UNIVERSAL_TIME_OFFSET ( 5, 0, .BEHIND. ) ;
#196 = FACE_OUTER_BOUND ( 'NONE', #5938, .T. ) ;
#197 = VECTOR ( 'NONE', #2159, 1000.000000000000000 ) ;
#198 = ORIENTED_EDGE ( 'NONE', *, *, #6926, .F. ) ;
#199 = VECTOR ( 'NONE', #3521, 1000.000000000000000 ) ;
#200 = CARTESIAN_POINT ( 'NONE',  ( 0.000000000000000000, 0.000000000000000000, 12.00000000000000000 ) ) ;
#201 = CARTESIAN_POINT ( 'NONE',  ( -16.00000000000000000, 6.000000000000000000, 18.00000000000000355 ) ) ;
#202 = PERSON_AND_ORGANIZATION ( #12991, #11636 ) ;
#203 = CARTESIAN_POINT ( 'NONE',  ( 29.51560493047168521, 0.000000000000000000, 12.14151426980927262 ) ) ;
#204 = EDGE_CURVE ( 'NONE', #8816, #3043, #983, .T. ) ;
#205 = COORDINATED_UNIVERSAL_TIME_OFFSET ( 5, 0, .BEHIND. ) ;
#206 = EDGE_CURVE ( 'NONE', #2303, #5444, #5650, .T. ) ;
#207 = CARTESIAN_POINT ( 'NONE',  ( 186.0000000000000000, 149.0000000000000000, 83.00000000000000000 ) ) ;
#208 = DIRECTION ( 'NONE',  ( 0.000000000000000000, 0.000000000000000000, -1.000000000000000000 ) ) ;
#209 = CARTESIAN_POINT ( 'NONE',  ( 10.72380529476361133, 9.000000000000000000, 6.800000000000000711 ) ) ;
#210 = APPROVAL_ROLE ( '' ) ;
#211 = VECTOR ( 'NONE', #9615, 1000.000000000000000 ) ;
#212 = CARTESIAN_POINT ( 'NONE',  ( -21.00000000000000000, -12.00000000000000000, 3.000000000000000000 ) ) ;
#213 = DIRECTION ( 'NONE',  ( -0.000000000000000000, -0.000000000000000000, -1.000000000000000000 ) ) ;
#214 = VECTOR ( 'NONE', #5350, 1000.000000000000000 ) ;
#215 = CARTESIAN_POINT ( 'NONE',  ( 35.60000000000000142, 0.000000000000000000, 6.000000000000000000 ) ) ;
#216 = ORIENTED_EDGE ( 'NONE', *, *, #12373, .T. ) ;
#217 = CIRCLE ( 'NONE', #3991, 14.00000000000000000 ) ;
#218 = PRODUCT_DEFINITION_SHAPE ( 'NONE', 'NONE',  #13070 ) ;
#219 = ORIENTED_EDGE ( 'NONE', *, *, #10362, .F. ) ;
#220 = CIRCLE ( 'NONE', #1273, 2.000000000000001776 ) ;
#221 = CARTESIAN_POINT ( 'NONE',  ( -10.50000000000000000, 59.50000000000000000, -1.200000000000000030E-05 ) ) ;
#222 = EDGE_LOOP ( 'NONE', ( #7911, #1490, #10061, #7412 ) ) ;
#223 = VECTOR ( 'NONE', #9918, 1000.000000000000000 ) ;
#224 = B_SPLINE_CURVE_WITH_KNOTS ( 'NONE', 3,
 ( #6984, #2066, #11055, #32, #4040, #2000, #6133, #3045, #8046, #10189, #953, #4175, #7042, #13049, #8995, #11119, #4961, #10993, #7917, #1142, #8189, #5152, #12184, #3975 ),
 .UNSPECIFIED., .F., .F.,
 ( 4, 2, 2, 2, 2, 2, 2, 2, 2, 2, 2, 4 ),
 ( 0.006426364726469357275, 0.007171634124655618808, 0.007916903522841880342, 0.008289538221935011109, 0.008662172921028141875, 0.009034807620121272642, 0.009407442319214403409, 0.01015271171740067015, 0.01052534641649380438, 0.01089798111558693688, 0.01164325051377320709, 0.01238851991195947556 ),
 .UNSPECIFIED. ) ;
#225 = CARTESIAN_POINT ( 'NONE',  ( -21.36128909900331863, 15.04297226076352878, -0.000000000000000000 ) ) ;
#226 = CC_DESIGN_DATE_AND_TIME_ASSIGNMENT ( #7129, #12402, ( #10893 ) ) ;
#227 = CC_DESIGN_PERSON_AND_ORGANIZATION_ASSIGNMENT ( #10422, #1372, ( #2789 ) ) ;
#228 = DIRECTION ( 'NONE',  ( 0.000000000000000000, -0.000000000000000000, -1.000000000000000000 ) ) ;
#229 = CIRCLE ( 'NONE', #1891, 2.000000000000000000 ) ;
#230 = CYLINDRICAL_SURFACE ( 'NONE', #7765, 1.700000000000000178 ) ;
#231 = PERSON ( 'NAUO-PER13', 'UNSPECIFIED', 'UNSPECIFIED', ('UNSPECIFIED'), ('UNSPECIFIED'), ('UNSPECIFIED') ) ;
#232 = PERSON_AND_ORGANIZATION ( #5079, #6849 ) ;
#233 = LINE ( 'NONE', #11379, #214 ) ;
#234 = VECTOR ( 'NONE', #6710, 1000.000000000000000 ) ;
#235 = CIRCLE ( 'NONE', #12, 1.700000000000000178 ) ;
#236 = PLANE ( 'NONE',  #10092 ) ;
#237 = ORIENTED_EDGE ( 'NONE', *, *, #8325, .F. ) ;
#238 = LINE ( 'NONE', #5223, #5872 ) ;
#239 = EDGE_LOOP ( 'NONE', ( #1682, #7723, #7860, #12185 ) ) ;
#240 = LINE ( 'NONE', #1212, #4767 ) ;
#241 = COORDINATED_UNIVERSAL_TIME_OFFSET ( 5, 0, .BEHIND. ) ;
#242 = VERTEX_POINT ( 'NONE', #3284 ) ;
#243 = CARTESIAN_POINT ( 'NONE',  ( 0.000000000000000000, 0.000000000000000000, 0.000000000000000000 ) ) ;
#244 = ORIENTED_EDGE ( 'NONE', *, *, #12139, .T. ) ;
#245 = ORIENTED_EDGE ( 'NONE', *, *, #3847, .F. ) ;
#246 = CARTESIAN_POINT ( 'NONE',  ( 137.7000000000000171, 0.000000000000000000, -6.000000000000000152E-06 ) ) ;
#247 =( GEOMETRIC_REPRESENTATION_CONTEXT ( 3 ) GLOBAL_UNCERTAINTY_ASSIGNED_CONTEXT ( ( #12597 ) ) GLOBAL_UNIT_ASSIGNED_CONTEXT ( ( #11211, #12496, #9135 ) ) REPRESENTATION_CONTEXT ( 'NONE', 'WORKASPACE' ) );
#248 = EDGE_CURVE ( 'NONE', #371, #7980, #11352, .T. ) ;
#249 = CYLINDRICAL_SURFACE ( 'NONE', #12886, 1.700000000000000178 ) ;
#250 = APPROVAL_DATE_TIME ( #12272, #6328 ) ;
#251 = APPROVAL_ROLE ( '' ) ;
#252 = CARTESIAN_POINT ( 'NONE',  ( 0.5999999999999998668, 9.000000000000000000, 10.20000000000000107 ) ) ;
#253 = DIRECTION ( 'NONE',  ( 0.000000000000000000, 0.000000000000000000, 1.000000000000000000 ) ) ;
#254 = FACE_OUTER_BOUND ( 'NONE', #7250, .T. ) ;
#255 = ORIENTED_EDGE ( 'NONE', *, *, #9813, .T. ) ;
#256 = APPROVAL_PERSON_ORGANIZATION ( #1090, #9896, #904 ) ;
#257 = EDGE_LOOP ( 'NONE', ( #2424, #5862, #5635, #8500 ) ) ;
#258 = ADVANCED_FACE ( 'NONE', ( #4993 ), #7011, .F. ) ;
#259 = VERTEX_POINT ( 'NONE', #12563 ) ;
#260 = ORIENTED_EDGE ( 'NONE', *, *, #204, .T. ) ;
#261 = CARTESIAN_POINT ( 'NONE',  ( 11.25723435106464798, 8.324008393740474077, 10.06315928611680910 ) ) ;
#262 = LOCAL_TIME ( 12, 23, 36.00000000000000000, #1588 ) ;
#263 = CARTESIAN_POINT ( 'NONE',  ( -10.50000000000000000, 80.50000000000000000, 4.799999999999998046 ) ) ;
#264 = DIRECTION ( 'NONE',  ( 1.000000000000000000, 0.000000000000000000, 0.000000000000000000 ) ) ;
#265 = CARTESIAN_POINT ( 'NONE',  ( -9.169899438923804880, 10.57920282770153264, 7.859032329756264090 ) ) ;
#266 = ORIENTED_EDGE ( 'NONE', *, *, #8972, .F. ) ;
#267 = DIRECTION ( 'NONE',  ( -0.000000000000000000, -0.000000000000000000, 1.000000000000000000 ) ) ;
#268 = CARTESIAN_POINT ( 'NONE',  ( 12.80000000000000071, -2.000000000000000000, -1.200000000000000030E-05 ) ) ;
#269 = ORIENTED_EDGE ( 'NONE', *, *, #10014, .T. ) ;
#270 = DIRECTION ( 'NONE',  ( 0.000000000000000000, 0.000000000000000000, 1.000000000000000000 ) ) ;
#271 = CARTESIAN_POINT ( 'NONE',  ( 35.00000000000000000, 110.0000000000000000, 87.00000000000000000 ) ) ;
#272 = ADVANCED_FACE ( 'NONE', ( #8507 ), #12631, .F. ) ;
#273 = APPROVAL_PERSON_ORGANIZATION ( #6483, #11348, #959 ) ;
#274 = VERTEX_POINT ( 'NONE', #406 ) ;
#275 = DIRECTION ( 'NONE',  ( 0.000000000000000000, 0.000000000000000000, 1.000000000000000000 ) ) ;
#276 = CARTESIAN_POINT ( 'NONE',  ( 0.000000000000000000, -11.00000000000000000, 6.000000000000000000 ) ) ;
#277 = CARTESIAN_POINT ( 'NONE',  ( 27.69999999999999929, -57.00000000000000000, 5.000000000000000000 ) ) ;
#278 = SECURITY_CLASSIFICATION_LEVEL ( 'unclassified' ) ;
#279 = PLANE ( 'NONE',  #10753 ) ;
#280 = CARTESIAN_POINT ( 'NONE',  ( -21.00000000000000000, 8.000000000000000000, 17.00000000000000000 ) ) ;
#281 = CARTESIAN_POINT ( 'NONE',  ( 118.3810499613777267, -11.00000000000000000, 6.000000000000000000 ) ) ;
#282 = PERSON_AND_ORGANIZATION ( #12991, #11636 ) ;
#283 = CARTESIAN_POINT ( 'NONE',  ( 27.69999999999999929, 45.00000000000000000, 5.000000000000000000 ) ) ;
#284 = FACE_OUTER_BOUND ( 'NONE', #1245, .T. ) ;
#285 = EDGE_CURVE ( 'NONE', #6930, #7607, #4350, .T. ) ;
#286 = EDGE_CURVE ( 'NONE', #5913, #12730, #11624, .T. ) ;
#287 = PLANE ( 'NONE',  #2098 ) ;
#288 = ORIENTED_EDGE ( 'NONE', *, *, #719, .F. ) ;
#289 = EDGE_LOOP ( 'NONE', ( #10987, #12501, #9418, #6606 ) ) ;
#290 = DIRECTION ( 'NONE',  ( 1.000000000000000000, 0.000000000000000000, 0.000000000000000000 ) ) ;
#291 = ORIENTED_EDGE ( 'NONE', *, *, #11381, .F. ) ;
#292 = EDGE_CURVE ( 'NONE', #259, #8633, #7362, .T. ) ;
#293 = FACE_OUTER_BOUND ( 'NONE', #3276, .T. ) ;
#294 = CARTESIAN_POINT ( 'NONE',  ( -6.000000000000000000, -1.300000000000000044, 16.00000000000000000 ) ) ;
#295 = DIRECTION ( 'NONE',  ( -0.000000000000000000, 1.000000000000000000, -0.000000000000000000 ) ) ;
#296 = DATE_AND_TIME ( #2130, #9857 ) ;
#297 = DIRECTION ( 'NONE',  ( -1.000000000000000000, 0.000000000000000000, 0.000000000000000000 ) ) ;
#298 = CIRCLE ( 'NONE', #11032, 2.500000000000000000 ) ;
#299 = CARTESIAN_POINT ( 'NONE',  ( -34.00000000000000000, -5.000000000000000000, -1.200000000000000030E-05 ) ) ;
#300 = VERTEX_POINT ( 'NONE', #3495 ) ;
#301 = EDGE_CURVE ( 'NONE', #2758, #12101, #8443, .T. ) ;
#302 = DIRECTION ( 'NONE',  ( 1.000000000000000000, 0.000000000000000000, 0.000000000000000000 ) ) ;
#303 = EDGE_CURVE ( 'NONE', #5295, #10766, #5329, .T. ) ;
#304 = PRODUCT_DEFINITION ( 'æœ', '', #9323, #7505 ) ;
#305 = ORIENTED_EDGE ( 'NONE', *, *, #3668, .F. ) ;
#306 = LINE ( 'NONE', #9333, #12608 ) ;
#307 = ORIENTED_EDGE ( 'NONE', *, *, #7905, .T. ) ;
#308 = CARTESIAN_POINT ( 'NONE',  ( -24.30000000000000071, 0.000000000000000000, -0.000000000000000000 ) ) ;
#309 = ORIENTED_EDGE ( 'NONE', *, *, #6094, .T. ) ;
#310 = ORIENTED_EDGE ( 'NONE', *, *, #5517, .F. ) ;
#311 = DIRECTION ( 'NONE',  ( -1.000000000000000000, 0.000000000000000000, 0.000000000000000000 ) ) ;
#312 = LINE ( 'NONE', #10831, #7134 ) ;
#313 = DIRECTION ( 'NONE',  ( 0.000000000000000000, 1.000000000000000000, 0.000000000000000000 ) ) ;
#314 = PERSON_AND_ORGANIZATION_ROLE ( 'design_supplier' ) ;
#315 = CALENDAR_DATE ( 2026, 21, 9 ) ;
#316 = DIRECTION ( 'NONE',  ( -0.000000000000000000, -0.000000000000000000, 1.000000000000000000 ) ) ;
#317 = VECTOR ( 'NONE', #10945, 1000.000000000000000 ) ;
#318 = LINE ( 'NONE', #10475, #103 ) ;
#319 = CARTESIAN_POINT ( 'NONE',  ( 18.30006951123504777, 0.000000000000000000, 11.77491600511191550 ) ) ;
#320 = APPROVAL ( #7259, 'æœª' ) ;
#321 = CC_DESIGN_PERSON_AND_ORGANIZATION_ASSIGNMENT ( #8819, #9751, ( #9302 ) ) ;
#322 = ORIENTED_EDGE ( 'NONE', *, *, #6189, .F. ) ;
#323 = VERTEX_POINT ( 'NONE', #12432 ) ;
#324 = EDGE_LOOP ( 'NONE', ( #1315, #2837, #5643, #5729 ) ) ;
#325 = CARTESIAN_POINT ( 'NONE',  ( -7.343333099006723153, 66.44258473825125577, -0.000000000000000000 ) ) ;
#326 = LINE ( 'NONE', #9423, #11785 ) ;
#327 = DIRECTION ( 'NONE',  ( 0.000000000000000000, 0.000000000000000000, -1.000000000000000000 ) ) ;
#328 = DATE_TIME_ROLE ( 'creation_date' ) ;
#329 = CARTESIAN_POINT ( 'NONE',  ( -9.000000000000000000, 66.00000000000000000, -1.200000000000000030E-05 ) ) ;
#330 = ORIENTED_EDGE ( 'NONE', *, *, #3919, .F. ) ;
#331 = PRODUCT_DEFINITION_SHAPE ( 'NONE', 'NONE',  #7120 ) ;
#332 = PLANE ( 'NONE',  #10477 ) ;
#333 = EDGE_LOOP ( 'NONE', ( #9329, #12615, #3198, #11902 ) ) ;
#334 = PERSON_AND_ORGANIZATION_ROLE ( 'design_owner' ) ;
#335 = ORIENTED_EDGE ( 'NONE', *, *, #5675, .F. ) ;
#336 = PERSON_AND_ORGANIZATION_ROLE ( 'design_supplier' ) ;
#337 = CARTESIAN_POINT ( 'NONE',  ( 21.48452350954385892, 14.85853893178999741, -0.000000000000000000 ) ) ;
#338 = PERSON_AND_ORGANIZATION_ROLE ( 'creator' ) ;
#339 = AXIS2_PLACEMENT_3D ( 'NONE', #4926, #4067, #11885 ) ;
#340 = CARTESIAN_POINT ( 'NONE',  ( 30.14146106821227633, -0.000000000000000000, 11.51547649045534882 ) ) ;
#341 = PERSON_AND_ORGANIZATION ( #12991, #11636 ) ;
#342 = CARTESIAN_POINT ( 'NONE',  ( 40.00000000000000000, 0.000000000000000000, 40.00000000000000000 ) ) ;
#343 = DIRECTION ( 'NONE',  ( 1.000000000000000000, -0.000000000000000000, 0.000000000000000000 ) ) ;
#344 = DIRECTION ( 'NONE',  ( 0.000000000000000000, 1.000000000000000000, 0.000000000000000000 ) ) ;
#345 = CALENDAR_DATE ( 2026, 21, 9 ) ;
#346 = EDGE_CURVE ( 'NONE', #1136, #12200, #7426, .T. ) ;
#347 = CARTESIAN_POINT ( 'NONE',  ( 3.000000000000000000, 3.000000000000000000, 83.00000000000000000 ) ) ;
#348 = CARTESIAN_POINT ( 'NONE',  ( -9.593126758156664380, 10.19730458965381104, 8.788598955132503221 ) ) ;
#349 = CARTESIAN_POINT ( 'NONE',  ( 12.30000000000000249, 0.000000000000000000, 2.000000000000000000 ) ) ;
#350 = ORIENTED_EDGE ( 'NONE', *, *, #5957, .T. ) ;
#351 = ORIENTED_EDGE ( 'NONE', *, *, #6608, .F. ) ;
#352 = CARTESIAN_POINT ( 'NONE',  ( -9.000000000000000000, -1.200000000000000030E-05, 13.00000000000000000 ) ) ;
#353 = VERTEX_POINT ( 'NONE', #11488 ) ;
#354 = DIRECTION ( 'NONE',  ( -0.000000000000000000, 1.000000000000000000, -0.000000000000000000 ) ) ;
#355 = DIRECTION ( 'NONE',  ( 0.000000000000000000, -0.000000000000000000, -1.000000000000000000 ) ) ;
#356 = AXIS2_PLACEMENT_3D ( 'NONE', #6854, #10930, #8752 ) ;
#357 = EDGE_CURVE ( 'NONE', #3094, #11916, #9870, .T. ) ;
#358 = PERSON_AND_ORGANIZATION_ROLE ( 'classification_officer' ) ;
#359 = CARTESIAN_POINT ( 'NONE',  ( -15.69999999999999929, 70.00000000000000000, -1.200000000000000030E-05 ) ) ;
#360 = LINE ( 'NONE', #7242, #6495 ) ;
#361 = ORIENTED_EDGE ( 'NONE', *, *, #674, .F. ) ;
#362 = CARTESIAN_POINT ( 'NONE',  ( -7.515476490456141079, -0.000000000000000000, 3.141461068210001262 ) ) ;
#363 = EDGE_CURVE ( 'NONE', #6479, #7797, #5532, .T. ) ;
#364 = ORIENTED_EDGE ( 'NONE', *, *, #3199, .T. ) ;
#365 = LINE ( 'NONE', #1793, #9833 ) ;
#366 = VECTOR ( 'NONE', #6060, 1000.000000000000000 ) ;
#367 = AXIS2_PLACEMENT_3D ( 'NONE', #3499, #7565, #7493 ) ;
#368 = LINE ( 'NONE', #11317, #5455 ) ;
#369 = ORIENTED_EDGE ( 'NONE', *, *, #4787, .F. ) ;
#370 = APPROVAL_PERSON_ORGANIZATION ( #6171, #4716, #7092 ) ;
#371 = VERTEX_POINT ( 'NONE', #2433 ) ;
#372 = CARTESIAN_POINT ( 'NONE',  ( 13.00000000000000000, -5.000000000000000000, 25.00000000000000000 ) ) ;
#373 = DIRECTION ( 'NONE',  ( 0.000000000000000000, 0.000000000000000000, 1.000000000000000000 ) ) ;
#374 = EDGE_CURVE ( 'NONE', #6322, #6144, #10434, .T. ) ;
#375 = SHAPE_DEFINITION_REPRESENTATION ( #5762, #10870 ) ;
#376 = DIRECTION ( 'NONE',  ( 0.000000000000000000, 0.000000000000000000, -1.000000000000000000 ) ) ;
#377 = EDGE_CURVE ( 'NONE', #8419, #11916, #9503, .T. ) ;
#378 = CALENDAR_DATE ( 2026, 21, 9 ) ;
#379 = CARTESIAN_POINT ( 'NONE',  ( -27.69999999999999929, 0.000000000000000000, -0.000000000000000000 ) ) ;
#380 = VECTOR ( 'NONE', #7167, 1000.000000000000000 ) ;
#381 = ADVANCED_FACE ( 'NONE', ( #6496 ), #10568, .F. ) ;
#382 = LOCAL_TIME ( 12, 23, 36.00000000000000000, #4263 ) ;
#383 = LINE ( 'NONE', #8486, #2441 ) ;
#384 = VERTEX_POINT ( 'NONE', #10630 ) ;
#385 =( LENGTH_UNIT ( ) NAMED_UNIT ( * ) SI_UNIT ( .MILLI., .METRE. ) );
#386 = ORIENTED_EDGE ( 'NONE', *, *, #2701, .F. ) ;
#387 =( NAMED_UNIT ( * ) SI_UNIT ( $, .STERADIAN. ) SOLID_ANGLE_UNIT ( ) );
#388 = EDGE_LOOP ( 'NONE', ( #660, #1825 ) ) ;
#389 = VERTEX_POINT ( 'NONE', #4544 ) ;
#390 = AXIS2_PLACEMENT_3D ( 'NONE', #7824, #872, #9959 ) ;
#391 = SECURITY_CLASSIFICATION ( '', '', #9854 ) ;
#392 = CARTESIAN_POINT ( 'NONE',  ( 21.65666690099451941, -13.55741526174869449, -0.000000000000000000 ) ) ;
#393 = APPROVAL ( #8211, 'UNKNOWN' ) ;
#394 = DIRECTION ( 'NONE',  ( -0.000000000000000000, -0.000000000000000000, 1.000000000000000000 ) ) ;
#395 = CC_DESIGN_PERSON_AND_ORGANIZATION_ASSIGNMENT ( #7785, #2799, ( #7770 ) ) ;
#396 = CARTESIAN_POINT ( 'NONE',  ( -14.00000000000000000, 9.000000000000000000, 8.500000000000000000 ) ) ;
#397 = PERSON_AND_ORGANIZATION ( #12991, #11636 ) ;
#398 = CARTESIAN_POINT ( 'NONE',  ( -35.00000000000000000, 70.00000000000000000, 5.000000000000000000 ) ) ;
#399 = DIRECTION ( 'NONE',  ( -0.000000000000000000, -0.000000000000000000, -1.000000000000000000 ) ) ;
#400 = ORIENTED_EDGE ( 'NONE', *, *, #10423, .F. ) ;
#401 = ORIENTED_EDGE ( 'NONE', *, *, #4863, .F. ) ;
#402 = CARTESIAN_POINT ( 'NONE',  ( -37.50000000000000000, 10.00000000000000000, 28.00000000000000000 ) ) ;
#403 = ORIENTED_EDGE ( 'NONE', *, *, #6654, .T. ) ;
#404 = VECTOR ( 'NONE', #6369, 1000.000000000000000 ) ;
#405 = DATE_AND_TIME ( #12562, #8622 ) ;
#406 = CARTESIAN_POINT ( 'NONE',  ( 24.30000000000000071, 57.00000000000000000, 5.000000000000000000 ) ) ;
#407 = LINE ( 'NONE', #2571, #11967 ) ;
#408 = DATE_AND_TIME ( #6227, #3340 ) ;
#409 = CC_DESIGN_APPROVAL ( #11020, ( #4400 ) ) ;
#410 = LINE ( 'NONE', #10690, #7488 ) ;
#411 = APPROVAL_ROLE ( '' ) ;
#412 = EDGE_CURVE ( 'NONE', #3171, #1950, #8569, .T. ) ;
#413 = CARTESIAN_POINT ( 'NONE',  ( -12.80000000000000071, -2.000000000000000000, -1.200000000000000030E-05 ) ) ;
#414 = LINE ( 'NONE', #8575, #2764 ) ;
#415 = VECTOR ( 'NONE', #354, 1000.000000000000000 ) ;
#416 = CARTESIAN_POINT ( 'NONE',  ( -35.00000000000000000, -70.00000000000000000, 5.000000000000000000 ) ) ;
#417 = CIRCLE ( 'NONE', #8628, 1.700000000000000178 ) ;
#418 = CARTESIAN_POINT ( 'NONE',  ( 30.14146106820962956, 67.48452350954389090, -0.000000000000000000 ) ) ;
#419 = SECURITY_CLASSIFICATION ( '', '', #1524 ) ;
#420 = PLANE ( 'NONE',  #10106 ) ;
#421 = ORIENTED_EDGE ( 'NONE', *, *, #7751, .T. ) ;
#422 = DATE_AND_TIME ( #10235, #12611 ) ;
#423 = VECTOR ( 'NONE', #11631, 1000.000000000000000 ) ;
#424 = EDGE_CURVE ( 'NONE', #1232, #10856, #5585, .T. ) ;
#425 = EDGE_LOOP ( 'NONE', ( #7440, #2270, #6892, #7394 ) ) ;
#426 = DESIGN_CONTEXT ( 'detailed design', #1997, 'design' ) ;
#427 = VERTEX_POINT ( 'NONE', #1023 ) ;
#428 = DIRECTION ( 'NONE',  ( 0.000000000000000000, 0.000000000000000000, -1.000000000000000000 ) ) ;
#429 = ORIENTED_EDGE ( 'NONE', *, *, #9487, .T. ) ;
#430 = CARTESIAN_POINT ( 'NONE',  ( 9.118810940736777226, 10.62306291505445444, 7.977880689636082323 ) ) ;
#431 = CIRCLE ( 'NONE', #5249, 3.000000000000000000 ) ;
#432 = VECTOR ( 'NONE', #4570, 1000.000000000000000 ) ;
#433 = CARTESIAN_POINT ( 'NONE',  ( -11.50000000000000000, -6.000000000000000000, 22.00000000000000000 ) ) ;
#434 = DIRECTION ( 'NONE',  ( 1.000000000000000000, 0.000000000000000000, 0.000000000000000000 ) ) ;
#435 = B_SPLINE_CURVE_WITH_KNOTS ( 'NONE', 3,
 ( #8596, #5680, #6450, #7446, #12775, #5421, #560, #4693, #2719, #1605, #2454, #2648, #436, #8528, #8465, #11510, #7642, #7584 ),
 .UNSPECIFIED., .F., .F.,
 ( 4, 2, 2, 2, 2, 2, 2, 2, 4 ),
 ( 0.000000000000000000, 0.06250000000000002776, 0.1250000000000000555, 0.1875000000000000833, 0.2500000000000001110, 0.3125000000000001110, 0.3750000000000001665, 0.4375000000000002220, 0.5000000000000000000 ),
 .UNSPECIFIED. ) ;
#436 = CARTESIAN_POINT ( 'NONE',  ( -15.04287395703200048, 71.36119079527041720, 0.000000000000000000 ) ) ;
#437 = VECTOR ( 'NONE', #2320, 1000.000000000000000 ) ;
#438 = PLANE ( 'NONE',  #12455 ) ;
#439 = CARTESIAN_POINT ( 'NONE',  ( 29.34320465898994001, -0.000000000000000000, 3.557362060149790839 ) ) ;
#440 = VECTOR ( 'NONE', #6166, 1000.000000000000000 ) ;
#441 = AXIS2_PLACEMENT_3D ( 'NONE', #3622, #7616, #11674 ) ;
#442 = EDGE_LOOP ( 'NONE', ( #10451, #9748, #2331, #10996 ) ) ;
#443 = CARTESIAN_POINT ( 'NONE',  ( 0.5999999999999999778, 18.99052395275075256, 4.000000000000000000 ) ) ;
#444 = ORIENTED_EDGE ( 'NONE', *, *, #11895, .T. ) ;
#445 = EDGE_CURVE ( 'NONE', #4006, #6613, #2072, .T. ) ;
#446 = CARTESIAN_POINT ( 'NONE',  ( 31.85853893178582652, 64.51547649045457433, -0.000000000000000000 ) ) ;
#447 = VERTEX_POINT ( 'NONE', #12060 ) ;
#448 = VERTEX_POINT ( 'NONE', #6615 ) ;
#449 = DIRECTION ( 'NONE',  ( 0.000000000000000000, 0.000000000000000000, -1.000000000000000000 ) ) ;
#450 = PRODUCT_DEFINITION_SHAPE ( 'NONE', 'NONE',  #10639 ) ;
#451 = DIRECTION ( 'NONE',  ( 0.000000000000000000, 1.000000000000000000, 0.000000000000000000 ) ) ;
#452 = CALENDAR_DATE ( 2026, 21, 9 ) ;
#453 = AXIS2_PLACEMENT_3D ( 'NONE', #2189, #12172, #150 ) ;
#454 = EDGE_CURVE ( 'NONE', #11383, #7861, #2991, .T. ) ;
#455 = DATE_TIME_ROLE ( 'classification_date' ) ;
#456 = CARTESIAN_POINT ( 'NONE',  ( 12.00000000000000000, -7.000000000000000000, 15.00000000000000000 ) ) ;
#457 =( NAMED_UNIT ( * ) PLANE_ANGLE_UNIT ( ) SI_UNIT ( $, .RADIAN. ) );
#458 = LINE ( 'NONE', #1431, #10860 ) ;
#459 = DIRECTION ( 'NONE',  ( 0.000000000000000000, 1.000000000000000000, -0.000000000000000000 ) ) ;
#460 = ORIENTED_EDGE ( 'NONE', *, *, #8312, .T. ) ;
#461 = CARTESIAN_POINT ( 'NONE',  ( -6.225083994886818850, -10.69993048876420616, 0.000000000000000000 ) ) ;
#462 = ORIENTED_EDGE ( 'NONE', *, *, #9626, .F. ) ;
#463 = EDGE_CURVE ( 'NONE', #5980, #10596, #11058, .T. ) ;
#464 = AXIS2_PLACEMENT_3D ( 'NONE', #12399, #3332, #622 ) ;
#465 = EDGE_CURVE ( 'NONE', #9579, #1468, #5943, .T. ) ;
#466 = AXIS2_PLACEMENT_3D ( 'NONE', #66, #2379, #6168 ) ;
#467 = ORIENTED_EDGE ( 'NONE', *, *, #707, .F. ) ;
#468 = ORIENTED_EDGE ( 'NONE', *, *, #8850, .F. ) ;
#469 = PERSON_AND_ORGANIZATION_ROLE ( 'classification_officer' ) ;
#470 = CARTESIAN_POINT ( 'NONE',  ( -9.858538931791269277, 67.48452350954335088, -0.000000000000000000 ) ) ;
#471 = PERSON_AND_ORGANIZATION ( #12991, #11636 ) ;
#472 = AXIS2_PLACEMENT_3D ( 'NONE', #3545, #7545, #11604 ) ;
#473 = LINE ( 'NONE', #1892, #9802 ) ;
#474 = ORIENTED_EDGE ( 'NONE', *, *, #1240, .F. ) ;
#475 = ORIENTED_EDGE ( 'NONE', *, *, #5499, .F. ) ;
#476 = DATE_AND_TIME ( #12294, #10578 ) ;
#477 = CARTESIAN_POINT ( 'NONE',  ( -3.000000000000000000, 0.000000000000000000, 38.00000000000000000 ) ) ;
#478 = ADVANCED_FACE ( 'NONE', ( #4966 ), #11122, .F. ) ;
#479 = CC_DESIGN_PERSON_AND_ORGANIZATION_ASSIGNMENT ( #3162, #9369, ( #5004 ) ) ;
#480 = ORIENTED_EDGE ( 'NONE', *, *, #9182, .F. ) ;
#481 = PERSON_AND_ORGANIZATION_ROLE ( 'design_owner' ) ;
#482 = APPROVAL_PERSON_ORGANIZATION ( #3334, #943, #7331 ) ;
#483 = DIRECTION ( 'NONE',  ( -0.000000000000000000, -0.000000000000000000, -1.000000000000000000 ) ) ;
#484 = LINE ( 'NONE', #9367, #8145 ) ;
#485 = APPROVAL_STATUS ( 'not_yet_approved' ) ;
#486 = CARTESIAN_POINT ( 'NONE',  ( -21.00000000000000000, 0.000000000000000000, 17.00000000000000000 ) ) ;
#487 = MECHANICAL_CONTEXT ( 'NONE', #6761, 'mechanical' ) ;
#488 = DIRECTION ( 'NONE',  ( 0.000000000000000000, 0.000000000000000000, -1.000000000000000000 ) ) ;
#489 = DIRECTION ( 'NONE',  ( -0.000000000000000000, -0.000000000000000000, -1.000000000000000000 ) ) ;
#490 = CARTESIAN_POINT ( 'NONE',  ( 31.60000000000000142, 72.49999999999998579, 2.409402627941314989 ) ) ;
#491 = LOCAL_TIME ( 12, 23, 36.00000000000000000, #2734 ) ;
#492 = DIRECTION ( 'NONE',  ( -0.000000000000000000, -0.000000000000000000, -1.000000000000000000 ) ) ;
#493 = CARTESIAN_POINT ( 'NONE',  ( -12.00000000000000000, 7.000000000000000000, 15.00000000000000000 ) ) ;
#494 = EDGE_CURVE ( 'NONE', #7797, #1242, #4406, .T. ) ;
#495 = ORIENTED_EDGE ( 'NONE', *, *, #10462, .F. ) ;
#496 = FACE_OUTER_BOUND ( 'NONE', #7360, .T. ) ;
#497 = CARTESIAN_POINT ( 'NONE',  ( 28.00000000000000000, 0.000000000000000000, 0.000000000000000000 ) ) ;
#498 = DATE_TIME_ROLE ( 'creation_date' ) ;
#499 = DIRECTION ( 'NONE',  ( 1.000000000000000000, 0.000000000000000000, 0.000000000000000000 ) ) ;
#500 = DIRECTION ( 'NONE',  ( 0.000000000000000000, 0.000000000000000000, -1.000000000000000000 ) ) ;
#501 = DIRECTION ( 'NONE',  ( -0.000000000000000000, -0.000000000000000000, 1.000000000000000000 ) ) ;
#502 = DIRECTION ( 'NONE',  ( -1.000000000000000000, 0.000000000000000000, -0.000000000000000000 ) ) ;
#503 = CARTESIAN_POINT ( 'NONE',  ( -7.638809204729263058, 0.000000000000000000, 2.957126042969049795 ) ) ;
#504 = ORIENTED_EDGE ( 'NONE', *, *, #9055, .F. ) ;
#505 = CARTESIAN_POINT ( 'NONE',  ( -37.50000000000000000, 10.00000000000000000, 28.00000000000000000 ) ) ;
#506 = VERTEX_POINT ( 'NONE', #726 ) ;
#507 = CARTESIAN_POINT ( 'NONE',  ( 0.000000000000000000, 70.00000000000000000, 8.000000000000000000 ) ) ;
#508 = ADVANCED_BREP_SHAPE_REPRESENTATION ( '', ( #12051, #1284 ), #22 ) ;
#509 = ORIENTED_EDGE ( 'NONE', *, *, #11253, .T. ) ;
#510 = EDGE_LOOP ( 'NONE', ( #6839, #1636, #10132, #2328 ) ) ;
#511 = LINE ( 'NONE', #11657, #2939 ) ;
#512 = PERSON_AND_ORGANIZATION_ROLE ( 'design_owner' ) ;
#513 = CARTESIAN_POINT ( 'NONE',  ( -0.8804363128452402654, 2.463541317978307887, -0.000000000000000000 ) ) ;
#514 = VECTOR ( 'NONE', #1563, 1000.000000000000000 ) ;
#515 = PERSON_AND_ORGANIZATION_ROLE ( 'classification_officer' ) ;
#516 = PLANE ( 'NONE',  #9561 ) ;
#517 = EDGE_CURVE ( 'NONE', #6325, #11480, #5652, .T. ) ;
#518 = CARTESIAN_POINT ( 'NONE',  ( -8.141461068209626006, 55.51547649045616595, -0.000000000000000000 ) ) ;
#519 = ORIENTED_EDGE ( 'NONE', *, *, #5608, .F. ) ;
#520 = CARTESIAN_POINT ( 'NONE',  ( 6.858485730192892760, -7.515604930472246537, 0.000000000000000000 ) ) ;
#521 = ORIENTED_EDGE ( 'NONE', *, *, #6765, .F. ) ;
#522 = CARTESIAN_POINT ( 'NONE',  ( 0.000000000000000000, 0.000000000000000000, 0.000000000000000000 ) ) ;
#523 = CARTESIAN_POINT ( 'NONE',  ( 124.2250839948866883, -1.700069511235892339, -0.000000000000000000 ) ) ;
#524 = VERTEX_POINT ( 'NONE', #9692 ) ;
#525 = EDGE_LOOP ( 'NONE', ( #12711, #8639 ) ) ;
#526 = DIRECTION ( 'NONE',  ( -0.000000000000000000, -1.000000000000000000, -0.000000000000000000 ) ) ;
#527 = EDGE_CURVE ( 'NONE', #7322, #5167, #9071, .T. ) ;
#528 = CARTESIAN_POINT ( 'NONE',  ( -16.00000000000000000, -6.000000000000000000, 16.00000000000000000 ) ) ;
#529 = ORIENTED_EDGE ( 'NONE', *, *, #6204, .F. ) ;
#530 = CARTESIAN_POINT ( 'NONE',  ( 255.8000000000000398, 0.000000000000000000, 0.000000000000000000 ) ) ;
#531 = ORIENTED_EDGE ( 'NONE', *, *, #1058, .T. ) ;
#532 = VECTOR ( 'NONE', #732, 1000.000000000000000 ) ;
#533 = LINE ( 'NONE', #12500, #4764 ) ;
#534 = CALENDAR_DATE ( 2026, 21, 9 ) ;
#535 = ORIENTED_EDGE ( 'NONE', *, *, #8875, .T. ) ;
#536 = EDGE_CURVE ( 'NONE', #1144, #4440, #8117, .T. ) ;
#537 = COORDINATED_UNIVERSAL_TIME_OFFSET ( 5, 0, .BEHIND. ) ;
#538 = DIRECTION ( 'NONE',  ( 0.000000000000000000, 0.000000000000000000, 1.000000000000000000 ) ) ;
#539 = DIRECTION ( 'NONE',  ( -0.000000000000000000, 1.000000000000000000, 0.000000000000000000 ) ) ;
#540 = DIRECTION ( 'NONE',  ( -0.000000000000000000, -0.000000000000000000, 1.000000000000000000 ) ) ;
#541 = APPROVAL_ROLE ( '' ) ;
#542 = CARTESIAN_POINT ( 'NONE',  ( 0.000000000000000000, 0.000000000000000000, 5.000000000000000000 ) ) ;
#543 = CARTESIAN_POINT ( 'NONE',  ( -0.5999999999999999778, 2.529822128134703529, 16.00000000000000000 ) ) ;
#544 = PERSON_AND_ORGANIZATION ( #12991, #11636 ) ;
#545 = EDGE_CURVE ( 'NONE', #5700, #1792, #2690, .T. ) ;
#546 = ADVANCED_FACE ( 'NONE', ( #3680, #1085 ), #8049, .F. ) ;
#547 = DIRECTION ( 'NONE',  ( -0.000000000000000000, -0.000000000000000000, 1.000000000000000000 ) ) ;
#548 = CARTESIAN_POINT ( 'NONE',  ( -12.80000000000000071, 0.000000000000000000, -0.000000000000000000 ) ) ;
#549 = CARTESIAN_POINT ( 'NONE',  ( -7.299999999999998934, 57.00000000000000000, -6.000000000000000152E-06 ) ) ;
#550 = ORIENTED_EDGE ( 'NONE', *, *, #1656, .T. ) ;
#551 = VECTOR ( 'NONE', #8582, 1000.000000000000000 ) ;
#552 = ORIENTED_EDGE ( 'NONE', *, *, #3513, .T. ) ;
#553 = CARTESIAN_POINT ( 'NONE',  ( -34.00000000000000000, -5.000000000000000000, 28.00000000000000000 ) ) ;
#554 = LINE ( 'NONE', #3697, #10714 ) ;
#555 = PLANE ( 'NONE',  #13057 ) ;
#556 = LINE ( 'NONE', #8334, #10560 ) ;
#557 = CC_DESIGN_PERSON_AND_ORGANIZATION_ASSIGNMENT ( #2869, #8936, ( #12858 ) ) ;
#558 = FACE_OUTER_BOUND ( 'NONE', #2093, .T. ) ;
#559 = CC_DESIGN_PERSON_AND_ORGANIZATION_ASSIGNMENT ( #7674, #12626, ( #12902 ) ) ;
#560 = CARTESIAN_POINT ( 'NONE',  ( -13.14151426979812065, 71.48439506952533407, 0.000000000000000000 ) ) ;
#561 = AXIS2_PLACEMENT_3D ( 'NONE', #2382, #11163, #10443 ) ;
#562 = FACE_OUTER_BOUND ( 'NONE', #257, .T. ) ;
#563 = PERSON_AND_ORGANIZATION ( #1325, #11741 ) ;
#564 = CARTESIAN_POINT ( 'NONE',  ( 29.30006951123653636, 0.000000000000000000, 3.774916005115878548 ) ) ;
#565 = ORIENTED_EDGE ( 'NONE', *, *, #3876, .T. ) ;
#566 = CYLINDRICAL_SURFACE ( 'NONE', #10881, 1.700000000000000178 ) ;
#567 = ORIENTED_EDGE ( 'NONE', *, *, #115, .F. ) ;
#568 = DIRECTION ( 'NONE',  ( -0.000000000000000000, -0.000000000000000000, -1.000000000000000000 ) ) ;
#569 = ORIENTED_EDGE ( 'NONE', *, *, #10821, .T. ) ;
#570 = ORIENTED_EDGE ( 'NONE', *, *, #650, .T. ) ;
#571 = AXIS2_PLACEMENT_3D ( 'NONE', #6627, #4683, #3572 ) ;
#572 = CALENDAR_DATE ( 2026, 21, 9 ) ;
#573 = DIRECTION ( 'NONE',  ( 1.000000000000000000, 0.000000000000000000, 0.000000000000000000 ) ) ;
#574 = FACE_OUTER_BOUND ( 'NONE', #12423, .T. ) ;
#575 = LINE ( 'NONE', #11658, #10340 ) ;
#576 = APPROVAL_DATE_TIME ( #6658, #6951 ) ;
#577 = ADVANCED_FACE ( 'NONE', ( #12119 ), #93, .F. ) ;
#578 = DATE_AND_TIME ( #9600, #12415 ) ;
#579 = CARTESIAN_POINT ( 'NONE',  ( 0.000000000000000000, 0.000000000000000000, 4.000000000000000000 ) ) ;
#580 = LINE ( 'NONE', #7790, #6887 ) ;
#581 = LINE ( 'NONE', #3874, #4339 ) ;
#582 = VECTOR ( 'NONE', #7364, 1000.000000000000000 ) ;
#583 = ORIENTED_EDGE ( 'NONE', *, *, #10247, .T. ) ;
#584 = DIRECTION ( 'NONE',  ( 1.000000000000000000, 0.000000000000000000, 0.000000000000000000 ) ) ;
#585 = CC_DESIGN_SECURITY_CLASSIFICATION ( #11949, ( #13072 ) ) ;
#586 = ORIENTED_EDGE ( 'NONE', *, *, #10613, .T. ) ;
#587 = ORIENTED_EDGE ( 'NONE', *, *, #3852, .F. ) ;
#588 = VECTOR ( 'NONE', #8438, 1000.000000000000000 ) ;
#589 = ORIENTED_EDGE ( 'NONE', *, *, #2029, .T. ) ;
#590 = EDGE_CURVE ( 'NONE', #2101, #3420, #1463, .T. ) ;
#591 = VECTOR ( 'NONE', #11706, 1000.000000000000000 ) ;
#592 = CARTESIAN_POINT ( 'NONE',  ( 0.000000000000000000, 67.50000000000000000, 6.000000000000000000 ) ) ;
#593 = APPROVAL_PERSON_ORGANIZATION ( #11399, #2940, #7260 ) ;
#594 = CARTESIAN_POINT ( 'NONE',  ( 0.000000000000000000, 0.000000000000000000, 149.0000000000000000 ) ) ;
#595 = CARTESIAN_POINT ( 'NONE',  ( -0.5999999999999999778, 2.529822128134703085, -1.200000000000000030E-05 ) ) ;
#596 = ORIENTED_EDGE ( 'NONE', *, *, #7750, .T. ) ;
#597 = CARTESIAN_POINT ( 'NONE',  ( 134.3000000000000114, 2.081899558550508908E-16, -1.200000000000000030E-05 ) ) ;
#598 = ORIENTED_EDGE ( 'NONE', *, *, #6376, .T. ) ;
#599 = VECTOR ( 'NONE', #10371, 1000.000000000000000 ) ;
#600 = APPROVAL_ROLE ( '' ) ;
#601 = CARTESIAN_POINT ( 'NONE',  ( 11.90000000000000036, -6.400000000000000355, 3.000000000000000000 ) ) ;
#602 = LOCAL_TIME ( 12, 23, 36.00000000000000000, #2406 ) ;
#603 = ORIENTED_EDGE ( 'NONE', *, *, #4396, .T. ) ;
#604 = ADVANCED_FACE ( 'NONE', ( #10757 ), #1715, .T. ) ;
#605 = LINE ( 'NONE', #2630, #9219 ) ;
#606 = FACE_OUTER_BOUND ( 'NONE', #1016, .T. ) ;
#607 = CYLINDRICAL_SURFACE ( 'NONE', #11596, 1.700000000000000178 ) ;
#608 = CARTESIAN_POINT ( 'NONE',  ( 11.50000000000000000, 6.000000000000000000, 18.00000000000000355 ) ) ;
#609 = AXIS2_PLACEMENT_3D ( 'NONE', #3798, #3854, #2816 ) ;
#610 = DATE_TIME_ROLE ( 'creation_date' ) ;
#611 = CARTESIAN_POINT ( 'NONE',  ( -20.44263793984752198, -15.65679534101080428, -0.000000000000000000 ) ) ;
#612 = FACE_OUTER_BOUND ( 'NONE', #10266, .T. ) ;
#613 = ORIENTED_EDGE ( 'NONE', *, *, #11473, .F. ) ;
#614 = LINE ( 'NONE', #2640, #1598 ) ;
#615 = ORIENTED_EDGE ( 'NONE', *, *, #8238, .F. ) ;
#616 = PRODUCT_DEFINITION_FORMATION_WITH_SPECIFIED_SOURCE ( 'ä»', '', #12350, .NOT_KNOWN. ) ;
#617 = EDGE_CURVE ( 'NONE', #2080, #5222, #2760, .T. ) ;
#618 = EDGE_CURVE ( 'NONE', #3935, #10186, #9473, .T. ) ;
#619 = DIRECTION ( 'NONE',  ( 0.000000000000000000, 0.000000000000000000, 1.000000000000000000 ) ) ;
#620 = CARTESIAN_POINT ( 'NONE',  ( 10.01747428353794689, 9.780869486404817792, 6.986530660924680447 ) ) ;
#621 = CARTESIAN_POINT ( 'NONE',  ( -30.50000000000000000, -10.00000000000000000, 35.00000000000000000 ) ) ;
#622 = DIRECTION ( 'NONE',  ( -1.000000000000000000, 0.000000000000000000, 0.000000000000000000 ) ) ;
#623 = AXIS2_PLACEMENT_3D ( 'NONE', #1603, #2589, #9455 ) ;
#624 = CC_DESIGN_SECURITY_CLASSIFICATION ( #7328, ( #10927 ) ) ;
#625 = CARTESIAN_POINT ( 'NONE',  ( 12.90000000000000036, 1.347111479062088503E-16, 16.00000000000000000 ) ) ;
#626 = ORIENTED_EDGE ( 'NONE', *, *, #12885, .T. ) ;
#627 = FACE_BOUND ( 'NONE', #9773, .T. ) ;
#628 = EDGE_LOOP ( 'NONE', ( #1352, #11862, #6461, #2411 ) ) ;
#629 = CC_DESIGN_DATE_AND_TIME_ASSIGNMENT ( #2545, #3603, ( #1429 ) ) ;
#630 = ORIENTED_EDGE ( 'NONE', *, *, #1941, .F. ) ;
#631 = VECTOR ( 'NONE', #9905, 1000.000000000000000 ) ;
#632 = CC_DESIGN_DATE_AND_TIME_ASSIGNMENT ( #11476, #2490, ( #10163 ) ) ;
#633 = EDGE_LOOP ( 'NONE', ( #3229, #6088, #2195, #12778, #7449, #11328, #9147, #6771, #42, #8033, #6350, #4986 ) ) ;
#634 = AXIS2_PLACEMENT_3D ( 'NONE', #6125, #5935, #1942 ) ;
#635 = LINE ( 'NONE', #11656, #9698 ) ;
#636 = DIRECTION ( 'NONE',  ( 1.000000000000000000, -0.000000000000000000, -0.000000000000000000 ) ) ;
#637 = CARTESIAN_POINT ( 'NONE',  ( 32.36128909900690331, -0.000000000000000000, 14.04297226075843597 ) ) ;
#638 = CALENDAR_DATE ( 2026, 21, 9 ) ;
#639 = APPROVAL_ROLE ( '' ) ;
#640 = DIRECTION ( 'NONE',  ( -1.000000000000000000, 0.000000000000000000, 0.000000000000000000 ) ) ;
#641 = AXIS2_PLACEMENT_3D ( 'NONE', #2471, #6468, #11589 ) ;
#642 =( NAMED_UNIT ( * ) PLANE_ANGLE_UNIT ( ) SI_UNIT ( $, .RADIAN. ) );
#643 = VECTOR ( 'NONE', #5618, 1000.000000000000000 ) ;
#644 = CYLINDRICAL_SURFACE ( 'NONE', #7755, 1.700000000000000178 ) ;
#645 = ORIENTED_EDGE ( 'NONE', *, *, #4985, .F. ) ;
#646 = CARTESIAN_POINT ( 'NONE',  ( -12.00000000000000000, 7.000000000000000000, 13.29999999999999893 ) ) ;
#647 = ORIENTED_EDGE ( 'NONE', *, *, #5236, .T. ) ;
#648 = CARTESIAN_POINT ( 'NONE',  ( 0.000000000000000000, 32.00000000000000000, -74.50000000000000000 ) ) ;
#649 = ORIENTED_EDGE ( 'NONE', *, *, #5937, .F. ) ;
#650 = EDGE_CURVE ( 'NONE', #4082, #9992, #11393, .T. ) ;
#651 = VERTEX_POINT ( 'NONE', #246 ) ;
#652 = VECTOR ( 'NONE', #19, 1000.000000000000000 ) ;
#653 = VECTOR ( 'NONE', #7793, 1000.000000000000000 ) ;
#654 = AXIS2_PLACEMENT_3D ( 'NONE', #10108, #1069, #5077 ) ;
#655 = DIRECTION ( 'NONE',  ( -0.000000000000000000, -0.000000000000000000, -1.000000000000000000 ) ) ;
#656 = CARTESIAN_POINT ( 'NONE',  ( -11.50000000000000000, -6.000000000000000000, 22.00000000000000000 ) ) ;
#657 = EDGE_CURVE ( 'NONE', #6773, #9220, #3408, .T. ) ;
#658 = VERTEX_POINT ( 'NONE', #7399 ) ;
#659 = VECTOR ( 'NONE', #2175, 1000.000000000000000 ) ;
#660 = ORIENTED_EDGE ( 'NONE', *, *, #10887, .T. ) ;
#661 = DATE_AND_TIME ( #5827, #12277 ) ;
#662 = DIRECTION ( 'NONE',  ( -1.000000000000000000, 0.000000000000000000, -0.000000000000000000 ) ) ;
#663 = DATE_TIME_ROLE ( 'creation_date' ) ;
#664 = ORIENTED_EDGE ( 'NONE', *, *, #6696, .F. ) ;
#665 = DIRECTION ( 'NONE',  ( 0.000000000000000000, 1.000000000000000000, 0.000000000000000000 ) ) ;
#666 = CARTESIAN_POINT ( 'NONE',  ( -14.00000000000000000, 0.000000000000000000, 18.00000000000000355 ) ) ;
#667 = DIRECTION ( 'NONE',  ( 0.000000000000000000, 0.000000000000000000, 1.000000000000000000 ) ) ;
#668 = PERSON_AND_ORGANIZATION ( #12991, #11636 ) ;
#670 = EDGE_CURVE ( 'NONE', #7963, #10566, #12233, .T. ) ;
#669 = DIRECTION ( 'NONE',  ( 0.000000000000000000, -1.000000000000000000, 0.000000000000000000 ) ) ;
#671 = CARTESIAN_POINT ( 'NONE',  ( -32.00000000000000000, 5.000000000000000000, 28.00000000000000000 ) ) ;
#672 = COORDINATED_UNIVERSAL_TIME_OFFSET ( 5, 0, .BEHIND. ) ;
#673 = CARTESIAN_POINT ( 'NONE',  ( -18.51567465788469136, -14.85865392012669872, 0.000000000000000000 ) ) ;
#674 = EDGE_CURVE ( 'NONE', #5248, #353, #10405, .T. ) ;
#675 = LINE ( 'NONE', #12762, #6628 ) ;
#676 = APPLICATION_CONTEXT ( 'configuration controlled 3d designs of mechanical parts and assemblies' ) ;
#677 = ORIENTED_EDGE ( 'NONE', *, *, #3774, .F. ) ;
#678 = ADVANCED_FACE ( 'NONE', ( #10333 ), #11462, .F. ) ;
#679 = CC_DESIGN_APPROVAL ( #6560, ( #4858 ) ) ;
#680 = FACE_OUTER_BOUND ( 'NONE', #12977, .T. ) ;
#681 = ORIENTED_EDGE ( 'NONE', *, *, #11243, .T. ) ;
#682 = FACE_OUTER_BOUND ( 'NONE', #8061, .T. ) ;
#683 = DIRECTION ( 'NONE',  ( 1.000000000000000000, 0.000000000000000000, 0.000000000000000000 ) ) ;
#684 = COORDINATED_UNIVERSAL_TIME_OFFSET ( 5, 0, .BEHIND. ) ;
#685 = LINE ( 'NONE', #12771, #6886 ) ;
#686 = LINE ( 'NONE', #9652, #3398 ) ;
#687 = CC_DESIGN_APPROVAL ( #10555, ( #2149 ) ) ;
#688 = CARTESIAN_POINT ( 'NONE',  ( 15.10000000000000142, 0.000000000000000000, -1.200000000000000030E-05 ) ) ;
#689 = ADVANCED_FACE ( 'NONE', ( #6194 ), #10193, .T. ) ;
#690 = ADVANCED_FACE ( 'NONE', ( #5302 ), #5363, .F. ) ;
#691 = CARTESIAN_POINT ( 'NONE',  ( 3.000000000000000000, 146.0000000000000000, 3.000000000000000000 ) ) ;
#692 = VERTEX_POINT ( 'NONE', #5156 ) ;
#693 = CARTESIAN_POINT ( 'NONE',  ( -2.500000000000000000, 0.000000000000000000, 0.000000000000000000 ) ) ;
#694 = ORIENTED_EDGE ( 'NONE', *, *, #1606, .T. ) ;
#695 = LINE ( 'NONE', #8724, #12463 ) ;
#696 = CC_DESIGN_APPROVAL ( #8681, ( #12295 ) ) ;
#697 = ORIENTED_EDGE ( 'NONE', *, *, #248, .T. ) ;
#698 = ORIENTED_EDGE ( 'NONE', *, *, #10772, .T. ) ;
#699 = EDGE_CURVE ( 'NONE', #13002, #9604, #7569, .T. ) ;
#700 = LINE ( 'NONE', #3709, #3388 ) ;
#701 = CARTESIAN_POINT ( 'NONE',  ( 15.00000000000000000, -5.000000000000000000, 28.00000000000000000 ) ) ;
#702 = APPLICATION_PROTOCOL_DEFINITION ( 'international standard', 'config_control_design', 1994, #6275 ) ;
#703 = CARTESIAN_POINT ( 'NONE',  ( 32.65666690099504166, 0.000000000000000000, 12.55741526174996459 ) ) ;
#704 = APPROVAL_ROLE ( '' ) ;
#705 = CARTESIAN_POINT ( 'NONE',  ( 32.70000000000000284, 57.00000000000000000, 5.000000000000000000 ) ) ;
#706 = EDGE_CURVE ( 'NONE', #3201, #9006, #12472, .T. ) ;
#707 = EDGE_CURVE ( 'NONE', #4452, #5966, #6908, .T. ) ;
#708 = PRODUCT_DEFINITION ( 'æœ', '', #11449, #12715 ) ;
#709 = DIRECTION ( 'NONE',  ( -0.000000000000000000, -0.000000000000000000, 1.000000000000000000 ) ) ;
#710 = VECTOR ( 'NONE', #4413, 1000.000000000000000 ) ;
#711 = ORIENTED_EDGE ( 'NONE', *, *, #7732, .F. ) ;
#712 = CARTESIAN_POINT ( 'NONE',  ( 7.042972260763207260, -7.638710900996372288, -0.000000000000000000 ) ) ;
#713 = EDGE_LOOP ( 'NONE', ( #12066, #8667, #12752, #10803 ) ) ;
#714 = CARTESIAN_POINT ( 'NONE',  ( -20.00000000000000000, -12.00000000000000000, 2.000000000000000000 ) ) ;
#715 = ORIENTED_EDGE ( 'NONE', *, *, #1396, .F. ) ;
#716 = EDGE_LOOP ( 'NONE', ( #6522, #5711, #10425, #11966 ) ) ;
#717 = CARTESIAN_POINT ( 'NONE',  ( 0.000000000000000000, 67.50000000000000000, 0.000000000000000000 ) ) ;
#718 = CC_DESIGN_PERSON_AND_ORGANIZATION_ASSIGNMENT ( #7386, #358, ( #2899 ) ) ;
#719 = EDGE_CURVE ( 'NONE', #5966, #4452, #1, .T. ) ;
#720 = CARTESIAN_POINT ( 'NONE',  ( 0.000000000000000000, 0.000000000000000000, 40.00000000000000000 ) ) ;
#721 = ORIENTED_EDGE ( 'NONE', *, *, #2585, .T. ) ;
#722 = DIRECTION ( 'NONE',  ( 1.000000000000000000, 0.000000000000000000, 0.000000000000000000 ) ) ;
#723 = DATE_TIME_ROLE ( 'classification_date' ) ;
#724 = ORIENTED_EDGE ( 'NONE', *, *, #4785, .T. ) ;
#725 = APPROVAL_DATE_TIME ( #4855, #4655 ) ;
#726 = CARTESIAN_POINT ( 'NONE',  ( -21.69999999999999929, 14.00000000000000000, 5.000000000000000000 ) ) ;
#727 = CARTESIAN_POINT ( 'NONE',  ( -0.6767903974405510281, -2.533959238176743956, -0.000000000000000000 ) ) ;
#728 = DIRECTION ( 'NONE',  ( 0.000000000000000000, 0.000000000000000000, -1.000000000000000000 ) ) ;
#729 = CARTESIAN_POINT ( 'NONE',  ( 0.000000000000000000, 0.000000000000000000, 38.00000000000000000 ) ) ;
#730 = LINE ( 'NONE', #7747, #7748 ) ;
#731 = APPROVAL_DATE_TIME ( #10695, #2559 ) ;
#732 = DIRECTION ( 'NONE',  ( -1.000000000000000000, 0.000000000000000000, 0.000000000000000000 ) ) ;
#733 = AXIS2_PLACEMENT_3D ( 'NONE', #10576, #7629, #8451 ) ;
#734 = PRODUCT_DEFINITION_SHAPE ( 'NONE', 'NONE',  #7191 ) ;
#735 = CARTESIAN_POINT ( 'NONE',  ( 14.00000000000000000, 1.714505518806294638E-15, 16.00000000000000000 ) ) ;
#736 = ORIENTED_EDGE ( 'NONE', *, *, #2004, .F. ) ;
#737 = DIRECTION ( 'NONE',  ( 0.000000000000000000, 0.000000000000000000, 1.000000000000000000 ) ) ;
#738 = DIRECTION ( 'NONE',  ( 0.000000000000000000, 1.000000000000000000, 0.000000000000000000 ) ) ;
#739 = ORIENTED_EDGE ( 'NONE', *, *, #2050, .F. ) ;
#740 = AXIS2_PLACEMENT_3D ( 'NONE', #329, #10424, #12621 ) ;
#741 = LINE ( 'NONE', #12768, #10505 ) ;
#742 = EDGE_CURVE ( 'NONE', #8170, #11720, #9195, .T. ) ;
#743 = CARTESIAN_POINT ( 'NONE',  ( -7.299999999999998934, 66.00000000000000000, -6.000000000000000152E-06 ) ) ;
#744 = CARTESIAN_POINT ( 'NONE',  ( -19.00000000000000000, 9.000000000000000000, 8.300000000000000711 ) ) ;
#745 = PLANE ( 'NONE',  #10968 ) ;
#746 = CARTESIAN_POINT ( 'NONE',  ( -20.00000000000000000, 12.00000000000000000, 0.000000000000000000 ) ) ;
#747 = AXIS2_PLACEMENT_3D ( 'NONE', #7262, #7466, #4264 ) ;
#748 = CYLINDRICAL_SURFACE ( 'NONE', #10073, 1.700000000000000178 ) ;
#749 = ORIENTED_EDGE ( 'NONE', *, *, #346, .F. ) ;
#750 = DIRECTION ( 'NONE',  ( -1.000000000000000000, 0.000000000000000000, 0.000000000000000000 ) ) ;
#751 = ORIENTED_EDGE ( 'NONE', *, *, #7320, .F. ) ;
#752 = ORIENTED_EDGE ( 'NONE', *, *, #5764, .T. ) ;
#753 = FACE_BOUND ( 'NONE', #3046, .T. ) ;
#754 = ORIENTED_EDGE ( 'NONE', *, *, #11165, .F. ) ;
#755 = DATE_AND_TIME ( #4759, #4410 ) ;
#756 = ADVANCED_FACE ( 'NONE', ( #12330 ), #3249, .F. ) ;
#757 = CARTESIAN_POINT ( 'NONE',  ( 0.000000000000000000, 0.000000000000000000, 5.000000000000000000 ) ) ;
#758 = CARTESIAN_POINT ( 'NONE',  ( -0.5999999999999999778, 2.200000000000000178, -0.09997027095160138099 ) ) ;
#759 = CIRCLE ( 'NONE', #3693, 30.00000000000000000 ) ;
#760 = CARTESIAN_POINT ( 'NONE',  ( -30.00000000000000000, 0.000000000000000000, 28.00000000000000000 ) ) ;
#761 = CALENDAR_DATE ( 2026, 21, 9 ) ;
#762 = ITEM_DEFINED_TRANSFORMATION ( 'NONE', 'NONE', #8003,  #1284 ) ;
#763 = DIRECTION ( 'NONE',  ( -0.000000000000000000, -0.000000000000000000, -1.000000000000000000 ) ) ;
#764 = EDGE_CURVE ( 'NONE', #923, #3325, #1446, .T. ) ;
#765 = FACE_OUTER_BOUND ( 'NONE', #10236, .T. ) ;
#766 = EDGE_LOOP ( 'NONE', ( #11665, #9427, #1915, #4136 ) ) ;
#767 = CARTESIAN_POINT ( 'NONE',  ( 6.000000000000000000, 0.000000000000000000, 0.000000000000000000 ) ) ;
#768 = CARTESIAN_POINT ( 'NONE',  ( 0.000000000000000000, 0.000000000000000000, 12.00000000000000000 ) ) ;
#769 = ORIENTED_EDGE ( 'NONE', *, *, #10825, .T. ) ;
#770 = CARTESIAN_POINT ( 'NONE',  ( 0.000000000000000000, 0.000000000000000000, -1.200000000000000030E-05 ) ) ;
#771 =( NAMED_UNIT ( * ) PLANE_ANGLE_UNIT ( ) SI_UNIT ( $, .RADIAN. ) );
#772 = VERTEX_POINT ( 'NONE', #5561 ) ;
#773 = ORIENTED_EDGE ( 'NONE', *, *, #527, .F. ) ;
#774 = EDGE_CURVE ( 'NONE', #9865, #6541, #11709, .T. ) ;
#775 = EDGE_CURVE ( 'NONE', #9429, #12682, #635, .T. ) ;
#776 = DIRECTION ( 'NONE',  ( 0.000000000000000000, 0.000000000000000000, 1.000000000000000000 ) ) ;
#777 = AXIS2_PLACEMENT_3D ( 'NONE', #3278, #2166, #6157 ) ;
#778 = EDGE_CURVE ( 'NONE', #5951, #1651, #5692, .T. ) ;
#779 = ORGANIZATION ( 'NAUO-ORG3', 'UNSPECIFIED', 'UNSPECIFIED' ) ;
#780 = CARTESIAN_POINT ( 'NONE',  ( 18.95702773923648010, 12.63871090099631544, -0.000000000000000000 ) ) ;
#781 = ORIENTED_EDGE ( 'NONE', *, *, #1599, .T. ) ;
#782 = EDGE_LOOP ( 'NONE', ( #6806, #4105, #11229, #4502 ) ) ;
#783 = PERSON_AND_ORGANIZATION ( #12991, #11636 ) ;
#784 = COORDINATED_UNIVERSAL_TIME_OFFSET ( 5, 0, .BEHIND. ) ;
#785 = EDGE_LOOP ( 'NONE', ( #6894, #9985 ) ) ;
#786 = VECTOR ( 'NONE', #8401, 1000.000000000000000 ) ;
#787 = CC_DESIGN_DATE_AND_TIME_ASSIGNMENT ( #5369, #6141, ( #10048 ) ) ;
#788 = SECURITY_CLASSIFICATION ( '', '', #7225 ) ;
#789 = CARTESIAN_POINT ( 'NONE',  ( 1.594878658085105760, -2.081978247435756213, 0.000000000000000000 ) ) ;
#790 = CC_DESIGN_PERSON_AND_ORGANIZATION_ASSIGNMENT ( #2577, #1838, ( #3627 ) ) ;
#791 = CARTESIAN_POINT ( 'NONE',  ( -9.858653920126698722, 0.000000000000000000, 5.484325342115313973 ) ) ;
#792 = AXIS2_PLACEMENT_3D ( 'NONE', #5005, #9967, #7961 ) ;
#793 = CARTESIAN_POINT ( 'NONE',  ( -30.50000000000000000, 10.00000000000000000, 35.00000000000000000 ) ) ;
#794 = CARTESIAN_POINT ( 'NONE',  ( -10.04297226075870242, 64.63871090099334538, -0.000000000000000000 ) ) ;
#795 = APPROVAL_ROLE ( '' ) ;
#796 = CARTESIAN_POINT ( 'NONE',  ( 12.34333309900628173, 69.55741526174936951, -0.000000000000000000 ) ) ;
#797 = VECTOR ( 'NONE', #3302, 1000.000000000000000 ) ;
#798 = LOCAL_TIME ( 12, 23, 36.00000000000000000, #10342 ) ;
#799 = FACE_BOUND ( 'NONE', #4480, .T. ) ;
#800 = VERTEX_POINT ( 'NONE', #2602 ) ;
#801 = DIRECTION ( 'NONE',  ( 1.000000000000000000, -0.000000000000000000, 0.000000000000000000 ) ) ;
#802 = VERTEX_POINT ( 'NONE', #8730 ) ;
#803 = DIRECTION ( 'NONE',  ( -0.000000000000000000, -0.000000000000000000, 1.000000000000000000 ) ) ;
#804 = CARTESIAN_POINT ( 'NONE',  ( 31.60000000000000142, 67.50000000000000000, 2.409402627941314989 ) ) ;
#805 = EDGE_CURVE ( 'NONE', #7644, #7607, #3589, .T. ) ;
#806 = AXIS2_PLACEMENT_3D ( 'NONE', #10289, #3078, #6027 ) ;
#807 = DIRECTION ( 'NONE',  ( 0.000000000000000000, 1.000000000000000000, 0.000000000000000000 ) ) ;
#808 = APPROVAL_ROLE ( '' ) ;
#809 = CC_DESIGN_SECURITY_CLASSIFICATION ( #6457, ( #13087 ) ) ;
#810 = CARTESIAN_POINT ( 'NONE',  ( 7.700000000000000178, 2.081899558550500526E-16, 20.00000000000000000 ) ) ;
#811 = CARTESIAN_POINT ( 'NONE',  ( -11.94667935274167192, 7.299099505034238433, 8.255229362243065694 ) ) ;
#812 = CIRCLE ( 'NONE', #1018, 14.00000000000000000 ) ;
#813 = CARTESIAN_POINT ( 'NONE',  ( -10.72380529476361133, 9.000000000000000000, 8.300000000000000711 ) ) ;
#814 = CC_DESIGN_SECURITY_CLASSIFICATION ( #1456, ( #12848 ) ) ;
#815 = EDGE_CURVE ( 'NONE', #962, #5324, #4647, .T. ) ;
#816 = ORIENTED_EDGE ( 'NONE', *, *, #1619, .F. ) ;
#817 = LINE ( 'NONE', #8788, #131 ) ;
#818 = EDGE_LOOP ( 'NONE', ( #11301, #3173 ) ) ;
#819 = ORIENTED_EDGE ( 'NONE', *, *, #5060, .T. ) ;
#820 = VERTEX_POINT ( 'NONE', #9728 ) ;
#821 = ITEM_DEFINED_TRANSFORMATION ( 'NONE', 'NONE', #6097,  #1284 ) ;
#822 = DIRECTION ( 'NONE',  ( 0.000000000000000000, 0.000000000000000000, 1.000000000000000000 ) ) ;
#823 = CC_DESIGN_SECURITY_CLASSIFICATION ( #4806, ( #13063 ) ) ;
#824 = CARTESIAN_POINT ( 'NONE',  ( 31.60000000000000142, 62.50000000000000000, -1.200000000000000030E-05 ) ) ;
#825 = CARTESIAN_POINT ( 'NONE',  ( -11.50000000000000000, -6.000000000000000000, 0.000000000000000000 ) ) ;
#826 = DATE_AND_TIME ( #9852, #2668 ) ;
#827 = PERSON_AND_ORGANIZATION_ROLE ( 'classification_officer' ) ;
#828 = FACE_OUTER_BOUND ( 'NONE', #5757, .T. ) ;
#829 = CIRCLE ( 'NONE', #10933, 1.700000000000000178 ) ;
#830 = LINE ( 'NONE', #12678, #834 ) ;
#831 = EDGE_LOOP ( 'NONE', ( #12261, #11313 ) ) ;
#832 = EDGE_CURVE ( 'NONE', #12388, #1594, #700, .T. ) ;
#833 = VECTOR ( 'NONE', #9289, 1000.000000000000000 ) ;
#834 = VECTOR ( 'NONE', #5751, 1000.000000000000000 ) ;
#835 = EDGE_LOOP ( 'NONE', ( #7729, #12742, #364, #13029 ) ) ;
#836 = DIRECTION ( 'NONE',  ( -1.000000000000000000, -0.000000000000000000, -0.000000000000000000 ) ) ;
#837 = DIRECTION ( 'NONE',  ( 0.000000000000000000, 0.000000000000000000, 1.000000000000000000 ) ) ;
#838 = ORIENTED_EDGE ( 'NONE', *, *, #4341, .F. ) ;
#839 = CARTESIAN_POINT ( 'NONE',  ( 0.000000000000000000, 0.000000000000000000, 90.00000000000000000 ) ) ;
#840 = ORIENTED_EDGE ( 'NONE', *, *, #6031, .T. ) ;
#841 = VECTOR ( 'NONE', #9887, 1000.000000000000000 ) ;
#842 = LINE ( 'NONE', #1817, #2452 ) ;
#843 = VECTOR ( 'NONE', #1040, 1000.000000000000000 ) ;
#844 = CIRCLE ( 'NONE', #9028, 2.399999999999999911 ) ;
#845 = CIRCLE ( 'NONE', #9332, 14.00000000000000000 ) ;
#846 = FACE_OUTER_BOUND ( 'NONE', #13047, .T. ) ;
#847 = CARTESIAN_POINT ( 'NONE',  ( 20.00000000000000000, -12.00000000000000000, 0.000000000000000000 ) ) ;
#848 = CIRCLE ( 'NONE', #2527, 2.600000000000000089 ) ;
#849 = ORIENTED_EDGE ( 'NONE', *, *, #1196, .T. ) ;
#850 = EDGE_CURVE ( 'NONE', #6969, #427, #9781, .T. ) ;
#851 = ADVANCED_FACE ( 'NONE', ( #2730 ), #10788, .T. ) ;
#852 = ORIENTED_EDGE ( 'NONE', *, *, #8293, .F. ) ;
#853 = AXIS2_PLACEMENT_3D ( 'NONE', #9457, #9325, #434 ) ;
#854 = ORIENTED_EDGE ( 'NONE', *, *, #7898, .F. ) ;
#855 = AXIS2_PLACEMENT_3D ( 'NONE', #11710, #1560, #8613 ) ;
#856 = LINE ( 'NONE', #12879, #2275 ) ;
#857 = AXIS2_PLACEMENT_3D ( 'NONE', #8105, #9181, #8182 ) ;
#858 = CARTESIAN_POINT ( 'NONE',  ( -10.48439506952756517, 0.000000000000000000, 3.141514269806205295 ) ) ;
#859 = CARTESIAN_POINT ( 'NONE',  ( 20.22525195654657182, 0.000000000000000000, 13.69999999999999751 ) ) ;
#860 = CYLINDRICAL_SURFACE ( 'NONE', #4816, 1.700000000000000178 ) ;
#861 = PERSON_AND_ORGANIZATION_ROLE ( 'classification_officer' ) ;
#862 = VECTOR ( 'NONE', #9832, 1000.000000000000000 ) ;
#863 = CARTESIAN_POINT ( 'NONE',  ( 21.00000000000000000, 12.00000000000000000, 3.000000000000000000 ) ) ;
#864 = ADVANCED_FACE ( 'NONE', ( #11523 ), #2468, .F. ) ;
#865 = APPROVAL ( #4742, 'æœª' ) ;
#866 = DIRECTION ( 'NONE',  ( 0.000000000000000000, 0.000000000000000000, -1.000000000000000000 ) ) ;
#867 = LINE ( 'NONE', #9893, #4119 ) ;
#868 = EDGE_LOOP ( 'NONE', ( #6283, #138, #10403, #4419 ) ) ;
#869 = DIRECTION ( 'NONE',  ( 0.000000000000000000, 1.000000000000000000, 0.000000000000000000 ) ) ;
#870 = ORIENTED_EDGE ( 'NONE', *, *, #2299, .F. ) ;
#871 = CARTESIAN_POINT ( 'NONE',  ( 4.299999999999999822, 0.000000000000000000, 20.00000000000000000 ) ) ;
#872 = DIRECTION ( 'NONE',  ( -0.000000000000000000, -0.000000000000000000, -1.000000000000000000 ) ) ;
#873 = CARTESIAN_POINT ( 'NONE',  ( 19.14151426980620840, -15.48439506952757050, 0.000000000000000000 ) ) ;
#874 = PERSON_AND_ORGANIZATION ( #12991, #11636 ) ;
#875 = CARTESIAN_POINT ( 'NONE',  ( 11.45560253456880062, 8.048713274734506484, 8.587104102551560203 ) ) ;
#876 = LINE ( 'NONE', #6958, #11179 ) ;
#877 = CARTESIAN_POINT ( 'NONE',  ( -11.77713143436211318, 7.570080073119065389, 7.573250404111560030 ) ) ;
#878 = LOCAL_TIME ( 12, 23, 36.00000000000000000, #4602 ) ;
#879 = EDGE_CURVE ( 'NONE', #5980, #1084, #217, .T. ) ;
#880 = FACE_OUTER_BOUND ( 'NONE', #2049, .T. ) ;
#881 = ORIENTED_EDGE ( 'NONE', *, *, #10222, .T. ) ;
#882 = PLANE ( 'NONE',  #3716 ) ;
#883 = ORIENTED_EDGE ( 'NONE', *, *, #13008, .T. ) ;
#884 = EDGE_LOOP ( 'NONE', ( #291, #870, #8175, #3189 ) ) ;
#885 = CARTESIAN_POINT ( 'NONE',  ( 0.000000000000000000, 0.000000000000000000, 16.00000000000000000 ) ) ;
#886 = ORIENTED_EDGE ( 'NONE', *, *, #3445, .F. ) ;
#887 = LINE ( 'NONE', #5983, #6296 ) ;
#888 = LOCAL_TIME ( 12, 23, 36.00000000000000000, #4061 ) ;
#889 = FACE_OUTER_BOUND ( 'NONE', #6145, .T. ) ;
#890 = DIRECTION ( 'NONE',  ( -0.000000000000000000, -0.000000000000000000, -1.000000000000000000 ) ) ;
#891 = CALENDAR_DATE ( 2026, 21, 9 ) ;
#892 = DATE_AND_TIME ( #6906, #9649 ) ;
#893 = FACE_OUTER_BOUND ( 'NONE', #5297, .T. ) ;
#894 = ORIENTED_EDGE ( 'NONE', *, *, #8967, .T. ) ;
#895 = CARTESIAN_POINT ( 'NONE',  ( 1.519706945644463181, 2.115203106444731418, 0.000000000000000000 ) ) ;
#896 = LOCAL_TIME ( 12, 23, 36.00000000000000000, #684 ) ;
#897 = ORIENTED_EDGE ( 'NONE', *, *, #3169, .T. ) ;
#898 = FACE_OUTER_BOUND ( 'NONE', #9676, .T. ) ;
#899 = DIRECTION ( 'NONE',  ( -0.000000000000000000, -1.000000000000000000, -0.000000000000000000 ) ) ;
#900 = ORIENTED_EDGE ( 'NONE', *, *, #12551, .F. ) ;
#901 = ORIENTED_EDGE ( 'NONE', *, *, #5182, .F. ) ;
#902 = CARTESIAN_POINT ( 'NONE',  ( 11.50000000000000000, -6.000000000000000000, 22.00000000000000000 ) ) ;
#903 = EDGE_CURVE ( 'NONE', #6155, #4737, #3772, .T. ) ;
#904 = APPROVAL_ROLE ( '' ) ;
#905 = PLANE ( 'NONE',  #8550 ) ;
#906 = ORIENTED_EDGE ( 'NONE', *, *, #12736, .F. ) ;
#907 = ORIENTED_EDGE ( 'NONE', *, *, #6632, .F. ) ;
#908 = CARTESIAN_POINT ( 'NONE',  ( 2.599999999999999645, -0.3449632722246336325, -0.000000000000000000 ) ) ;
#909 = APPLICATION_CONTEXT ( 'configuration controlled 3d designs of mechanical parts and assemblies' ) ;
#910 = LINE ( 'NONE', #4916, #6208 ) ;
#911 = EDGE_CURVE ( 'NONE', #5525, #8170, #13034, .T. ) ;
#912 = DIRECTION ( 'NONE',  ( -0.000000000000000000, -0.000000000000000000, -1.000000000000000000 ) ) ;
#913 = CARTESIAN_POINT ( 'NONE',  ( 35.00000000000000000, -70.00000000000000000, 5.000000000000000000 ) ) ;
#914 = PERSON_AND_ORGANIZATION_ROLE ( 'design_supplier' ) ;
#915 = AXIS2_PLACEMENT_3D ( 'NONE', #7846, #13040, #7975 ) ;
#916 = CARTESIAN_POINT ( 'NONE',  ( 15.70000000000000284, 69.77438419509041978, -0.000000000000000000 ) ) ;
#917 = DIRECTION ( 'NONE',  ( -0.000000000000000000, -0.000000000000000000, -1.000000000000000000 ) ) ;
#918 = DIRECTION ( 'NONE',  ( 1.000000000000000000, 0.000000000000000000, 0.000000000000000000 ) ) ;
#919 = ADVANCED_FACE ( 'NONE', ( #8795 ), #7781, .F. ) ;
#920 = ORIENTED_EDGE ( 'NONE', *, *, #11701, .F. ) ;
#921 = CARTESIAN_POINT ( 'NONE',  ( 35.00000000000000711, 240.0000000000000000, -10.00000000000000000 ) ) ;
#922 = CARTESIAN_POINT ( 'NONE',  ( 31.60000000000000142, 62.49999999999997868, 5.590597372058685011 ) ) ;
#923 = VERTEX_POINT ( 'NONE', #5012 ) ;
#924 = CARTESIAN_POINT ( 'NONE',  ( -30.50000000000000000, -10.00000000000000000, 28.00000000000000000 ) ) ;
#925 = DIRECTION ( 'NONE',  ( 0.000000000000000000, 0.000000000000000000, -1.000000000000000000 ) ) ;
#926 = CARTESIAN_POINT ( 'NONE',  ( -27.69999999999999929, -57.00000000000000000, -1.200000000000000030E-05 ) ) ;
#927 = EDGE_CURVE ( 'NONE', #7607, #7644, #12025, .T. ) ;
#928 = B_SPLINE_CURVE_WITH_KNOTS ( 'NONE', 3,
 ( #1907, #8945, #4277, #191, #8008, #5114, #2021, #2163, #6154, #265, #3275, #6214, #8287, #12211, #10145, #7280, #4005, #11271, #7070, #7004, #5051, #10212, #6294, #12348, #1163, #4203 ),
 .UNSPECIFIED., .F., .F.,
 ( 4, 2, 2, 2, 2, 2, 2, 2, 2, 2, 2, 2, 4 ),
 ( 0.000000000000000000, 0.0008032955908086675994, 0.001606591181617335199, 0.002008238977021670896, 0.002409886772426007243, 0.002811534567830342723, 0.003213182363234679071, 0.003614830158639014551, 0.004016477954043350465, 0.004418125749447687246, 0.004819773544852022293, 0.005623069135660691518, 0.006426364726469360744 ),
 .UNSPECIFIED. ) ;
#929 = EDGE_CURVE ( 'NONE', #5829, #7307, #6295, .T. ) ;
#930 = CARTESIAN_POINT ( 'NONE',  ( -30.50000000000000000, -10.00000000000000000, 35.00000000000000000 ) ) ;
#931 = DIRECTION ( 'NONE',  ( -0.000000000000000000, 1.000000000000000000, 0.000000000000000000 ) ) ;
#932 = CARTESIAN_POINT ( 'NONE',  ( -11.93695299064316373, 7.315065345002940589, 8.757164273855202907 ) ) ;
#933 = CARTESIAN_POINT ( 'NONE',  ( -9.000000000000000000, 8.000000000000000000, 11.29999999999999893 ) ) ;
#934 = CARTESIAN_POINT ( 'NONE',  ( -10.72380529476374278, 9.000000000000252243, 11.70000000000124984 ) ) ;
#935 = ORIENTED_EDGE ( 'NONE', *, *, #3508, .T. ) ;
#936 = DIRECTION ( 'NONE',  ( -0.000000000000000000, 1.000000000000000000, 0.000000000000000000 ) ) ;
#937 = CIRCLE ( 'NONE', #12964, 1.700000000000000178 ) ;
#938 = PRODUCT_DEFINITION_SHAPE ( 'NONE', 'NONE',  #7374 ) ;
#939 = ORIENTED_EDGE ( 'NONE', *, *, #9565, .F. ) ;
#940 = ORIENTED_EDGE ( 'NONE', *, *, #3026, .T. ) ;
#941 = CARTESIAN_POINT ( 'NONE',  ( 12.51560493047243305, 70.85848573019067942, 0.000000000000000000 ) ) ;
#942 = CC_DESIGN_PERSON_AND_ORGANIZATION_ASSIGNMENT ( #5266, #336, ( #10927 ) ) ;
#943 = APPROVAL ( #3127, 'æœª' ) ;
#944 = CARTESIAN_POINT ( 'NONE',  ( -9.000000000000000000, 66.00000000000000000, 5.000000000000000000 ) ) ;
#945 = CARTESIAN_POINT ( 'NONE',  ( 30.55741526174906753, 58.65666690099451586, 0.000000000000000000 ) ) ;
#946 = COORDINATED_UNIVERSAL_TIME_OFFSET ( 5, 0, .BEHIND. ) ;
#947 = LINE ( 'NONE', #10042, #9704 ) ;
#948 = CARTESIAN_POINT ( 'NONE',  ( -20.44258473825221145, -12.34333309900638653, 0.000000000000000000 ) ) ;
#949 = ORIENTED_EDGE ( 'NONE', *, *, #4474, .T. ) ;
#950 = CARTESIAN_POINT ( 'NONE',  ( 1.850048096021194244, 1.832503310753067938, 0.000000000000000000 ) ) ;
#951 = VERTEX_POINT ( 'NONE', #4824 ) ;
#952 = CARTESIAN_POINT ( 'NONE',  ( 0.5999999999999998668, 9.000000000000000000, 6.800000000000000711 ) ) ;
#953 = CARTESIAN_POINT ( 'NONE',  ( -11.90332728759990921, 7.369655839099086947, 10.49710780759694018 ) ) ;
#954 = ORIENTED_EDGE ( 'NONE', *, *, #6073, .T. ) ;
#955 = ORIENTED_EDGE ( 'NONE', *, *, #5182, .T. ) ;
#956 = VECTOR ( 'NONE', #1845, 1000.000000000000000 ) ;
#957 = EDGE_CURVE ( 'NONE', #3525, #5702, #1799, .T. ) ;
#958 = DIRECTION ( 'NONE',  ( 1.000000000000000000, 0.000000000000000000, 0.000000000000000000 ) ) ;
#959 = APPROVAL_ROLE ( '' ) ;
#960 = CARTESIAN_POINT ( 'NONE',  ( 2.270144640882241216, -1.313331601357424328, 0.000000000000000000 ) ) ;
#961 = AXIS2_PLACEMENT_3D ( 'NONE', #5765, #12803, #2932 ) ;
#962 = VERTEX_POINT ( 'NONE', #5800 ) ;
#963 = ORIENTED_EDGE ( 'NONE', *, *, #6165, .T. ) ;
#964 = EDGE_CURVE ( 'NONE', #7998, #12990, #5257, .T. ) ;
#965 = VERTEX_POINT ( 'NONE', #8860 ) ;
#966 = CARTESIAN_POINT ( 'NONE',  ( -21.00000000000000000, 8.000000000000000000, 6.000000000000000000 ) ) ;
#967 = AXIS2_PLACEMENT_3D ( 'NONE', #6805, #12824, #11817 ) ;
#968 = DIRECTION ( 'NONE',  ( -0.000000000000000000, -0.000000000000000000, -1.000000000000000000 ) ) ;
#969 = CARTESIAN_POINT ( 'NONE',  ( -18.95702773923594719, -0.000000000000000000, 10.63871090099721783 ) ) ;
#970 = CARTESIAN_POINT ( 'NONE',  ( -10.69999999999999929, 66.00000000000000000, 5.000000000000000000 ) ) ;
#971 = CARTESIAN_POINT ( 'NONE',  ( -8.557415261743981816, 64.34333309900758024, 0.000000000000000000 ) ) ;
#972 = PERSON_AND_ORGANIZATION ( #12991, #11636 ) ;
#973 = CARTESIAN_POINT ( 'NONE',  ( 15.36128909900199169, 68.95702773923554219, -0.000000000000000000 ) ) ;
#974 = VERTEX_POINT ( 'NONE', #2974 ) ;
#975 = LINE ( 'NONE', #12590, #199 ) ;
#976 = LINE ( 'NONE', #7754, #2856 ) ;
#977 = EDGE_LOOP ( 'NONE', ( #1003, #509 ) ) ;
#978 = VECTOR ( 'NONE', #1017, 1000.000000000000000 ) ;
#979 = CIRCLE ( 'NONE', #1821, 19.00000000000000000 ) ;
#980 = EDGE_CURVE ( 'NONE', #1173, #10329, #887, .T. ) ;
#981 = DIRECTION ( 'NONE',  ( -0.000000000000000000, -0.000000000000000000, -1.000000000000000000 ) ) ;
#982 = CC_DESIGN_APPROVAL ( #2147, ( #788 ) ) ;
#983 = LINE ( 'NONE', #7214, #3117 ) ;
#984 = AXIS2_PLACEMENT_3D ( 'NONE', #2206, #11323, #10474 ) ;
#985 = CARTESIAN_POINT ( 'NONE',  ( -27.69999999999999929, -45.00000000000000000, -1.200000000000000030E-05 ) ) ;
#986 = CARTESIAN_POINT ( 'NONE',  ( 18.63880920472925951, -15.04287395703057761, 0.000000000000000000 ) ) ;
#987 = CARTESIAN_POINT ( 'NONE',  ( 11.94592245563050525, 7.300338131588374857, 9.870962191954024689 ) ) ;
#988 = EDGE_CURVE ( 'NONE', #10064, #3793, #1004, .T. ) ;
#989 = DIRECTION ( 'NONE',  ( 1.000000000000000000, 0.000000000000000000, 0.000000000000000000 ) ) ;
#990 = AXIS2_PLACEMENT_3D ( 'NONE', #6772, #12371, #2052 ) ;
#991 = ORGANIZATION ( 'NAUO-ORG16', 'UNSPECIFIED', 'UNSPECIFIED' ) ;
#992 = DIRECTION ( 'NONE',  ( -0.000000000000000000, -0.000000000000000000, -1.000000000000000000 ) ) ;
#993 = FACE_OUTER_BOUND ( 'NONE', #12293, .T. ) ;
#994 = EDGE_CURVE ( 'NONE', #2671, #7439, #12509, .T. ) ;
#995 = EDGE_CURVE ( 'NONE', #8188, #8190, #12252, .T. ) ;
#996 = DIRECTION ( 'NONE',  ( 0.000000000000000000, 0.000000000000000000, -1.000000000000000000 ) ) ;
#997 = ORIENTED_EDGE ( 'NONE', *, *, #5277, .T. ) ;
#998 = AXIS2_PLACEMENT_3D ( 'NONE', #9451, #428, #4442 ) ;
#999 = ADVANCED_FACE ( 'NONE', ( #293 ), #3174, .F. ) ;
#1000 = VERTEX_POINT ( 'NONE', #9385 ) ;
#1001 = CC_DESIGN_SECURITY_CLASSIFICATION ( #391, ( #13082 ) ) ;
#1002 = DIRECTION ( 'NONE',  ( -0.000000000000000000, -1.000000000000000000, -0.000000000000000000 ) ) ;
#1003 = ORIENTED_EDGE ( 'NONE', *, *, #5947, .T. ) ;
#1004 = LINE ( 'NONE', #12912, #652 ) ;
#1005 = CARTESIAN_POINT ( 'NONE',  ( -12.95712604296626047, 68.63880920473465608, 0.000000000000000000 ) ) ;
#1006 = AXIS2_PLACEMENT_3D ( 'NONE', #926, #7953, #2778 ) ;
#1007 = CARTESIAN_POINT ( 'NONE',  ( 32.65666690099504876, 57.44258473825042444, -0.000000000000000000 ) ) ;
#1008 = PERSON ( 'NAUO-PER6', 'UNSPECIFIED', 'UNSPECIFIED', ('UNSPECIFIED'), ('UNSPECIFIED'), ('UNSPECIFIED') ) ;
#1009 = PERSON_AND_ORGANIZATION ( #5721, #10508 ) ;
#1010 = DIRECTION ( 'NONE',  ( 1.000000000000000000, 0.000000000000000000, 0.000000000000000000 ) ) ;
#1011 = CARTESIAN_POINT ( 'NONE',  ( -34.00000000000000000, 5.000000000000000000, -1.200000000000000030E-05 ) ) ;
#1012 = EDGE_LOOP ( 'NONE', ( #1140, #6006 ) ) ;
#1013 = APPROVAL ( #2657, 'UNKNOWN' ) ;
#1014 = CARTESIAN_POINT ( 'NONE',  ( -16.00000000000000000, 6.000000000000000000, 16.00000000000000000 ) ) ;
#1015 = CC_DESIGN_PERSON_AND_ORGANIZATION_ASSIGNMENT ( #7869, #7000, ( #3031 ) ) ;
#1016 = EDGE_LOOP ( 'NONE', ( #12811, #7651, #3666, #3401 ) ) ;
#1017 = DIRECTION ( 'NONE',  ( -0.000000000000000000, 1.000000000000000000, -0.000000000000000000 ) ) ;
#1018 = AXIS2_PLACEMENT_3D ( 'NONE', #200, #5058, #5121 ) ;
#1019 = CARTESIAN_POINT ( 'NONE',  ( 31.60000000000000142, 77.50000000000000000, -1.200000000000000030E-05 ) ) ;
#1020 = EDGE_LOOP ( 'NONE', ( #3523, #11873 ) ) ;
#1021 = ORIENTED_EDGE ( 'NONE', *, *, #6084, .T. ) ;
#1022 = CC_DESIGN_SECURITY_CLASSIFICATION ( #2899, ( #616 ) ) ;
#1023 = CARTESIAN_POINT ( 'NONE',  ( -21.00000000000000000, 8.000000000000000000, 17.00000000000000000 ) ) ;
#1024 = VECTOR ( 'NONE', #3272, 1000.000000000000000 ) ;
#1025 = DIRECTION ( 'NONE',  ( 0.000000000000000000, 0.000000000000000000, -1.000000000000000000 ) ) ;
#1026 = AXIS2_PLACEMENT_3D ( 'NONE', #8100, #5138, #11303 ) ;
#1027 = CIRCLE ( 'NONE', #654, 2.500000000000000000 ) ;
#1028 =( NAMED_UNIT ( * ) SI_UNIT ( $, .STERADIAN. ) SOLID_ANGLE_UNIT ( ) );
#1029 = LOCAL_TIME ( 12, 23, 36.00000000000000000, #537 ) ;
#1030 = LINE ( 'NONE', #6198, #9606 ) ;
#1031 = EDGE_CURVE ( 'NONE', #8386, #5727, #5213, .T. ) ;
#1032 = EDGE_LOOP ( 'NONE', ( #11050, #4335 ) ) ;
#1033 = VECTOR ( 'NONE', #10694, 1000.000000000000000 ) ;
#1034 = ORIENTED_EDGE ( 'NONE', *, *, #6383, .F. ) ;
#1035 = CIRCLE ( 'NONE', #8416, 1.699999999999998401 ) ;
#1036 = CARTESIAN_POINT ( 'NONE',  ( -15.10000000000000142, 1.347111479062088503E-16, -1.200000000000000030E-05 ) ) ;
#1037 = AXIS2_PLACEMENT_3D ( 'NONE', #6254, #4510, #11240 ) ;
#1038 = DIRECTION ( 'NONE',  ( -1.000000000000000000, -0.000000000000000000, -0.000000000000000000 ) ) ;
#1039 = CARTESIAN_POINT ( 'NONE',  ( 31.00000000000000000, 81.00000000000000000, 4.000000000000000000 ) ) ;
#1040 = DIRECTION ( 'NONE',  ( -0.000000000000000000, -0.000000000000000000, -1.000000000000000000 ) ) ;
#1041 = DATE_AND_TIME ( #6083, #4476 ) ;
#1042 = EDGE_CURVE ( 'NONE', #5434, #4309, #7310, .T. ) ;
#1043 = CARTESIAN_POINT ( 'NONE',  ( 13.00000000000000000, -5.000000000000000000, -1.200000000000000030E-05 ) ) ;
#1044 = ORIENTED_EDGE ( 'NONE', *, *, #4127, .T. ) ;
#1045 = PRODUCT_DEFINITION_SHAPE ( 'NONE', 'NONE',  #2149 ) ;
#1046 = DIRECTION ( 'NONE',  ( 1.000000000000000000, -0.000000000000000000, 0.000000000000000000 ) ) ;
#1047 = AXIS2_PLACEMENT_3D ( 'NONE', #8148, #3210, #7208 ) ;
#1048 = EDGE_LOOP ( 'NONE', ( #12118, #10781 ) ) ;
#1049 = FACE_OUTER_BOUND ( 'NONE', #1895, .T. ) ;
#1050 = CARTESIAN_POINT ( 'NONE',  ( -18.95712604296878467, 12.63880920472952951, 0.000000000000000000 ) ) ;
#1051 = DIRECTION ( 'NONE',  ( 0.000000000000000000, 1.000000000000000000, 0.000000000000000000 ) ) ;
#1052 = AXIS2_PLACEMENT_3D ( 'NONE', #7186, #7255, #6266 ) ;
#1053 = DIRECTION ( 'NONE',  ( -0.000000000000000000, -0.000000000000000000, -1.000000000000000000 ) ) ;
#1054 = APPLICATION_PROTOCOL_DEFINITION ( 'international standard', 'config_control_design', 1994, #1343 ) ;
#1055 = AXIS2_PLACEMENT_3D ( 'NONE', #1868, #2845, #11777 ) ;
#1056 = CARTESIAN_POINT ( 'NONE',  ( 11.03830473322971883, 8.614725053397680909, 8.331724570723052281 ) ) ;
#1057 = DIRECTION ( 'NONE',  ( 0.000000000000000000, 1.000000000000000000, 0.000000000000000000 ) ) ;
#1058 = EDGE_CURVE ( 'NONE', #1884, #3468, #8020, .T. ) ;
#1059 = PLANE ( 'NONE',  #12672 ) ;
#1060 = DIRECTION ( 'NONE',  ( 0.000000000000000000, 0.000000000000000000, -1.000000000000000000 ) ) ;
#1061 = APPROVAL_STATUS ( 'not_yet_approved' ) ;
#1062 = AXIS2_PLACEMENT_3D ( 'NONE', #11309, #6256, #6127 ) ;
#1063 = LINE ( 'NONE', #2044, #12818 ) ;
#1064 = VERTEX_POINT ( 'NONE', #10239 ) ;
#1065 = VERTEX_POINT ( 'NONE', #9322 ) ;
#1066 = DIRECTION ( 'NONE',  ( 0.000000000000000000, 0.000000000000000000, 1.000000000000000000 ) ) ;
#1067 = ORIENTED_EDGE ( 'NONE', *, *, #9425, .F. ) ;
#1068 = CARTESIAN_POINT ( 'NONE',  ( -21.04287395703095598, 15.36119079527073872, 0.000000000000000000 ) ) ;
#1069 = DIRECTION ( 'NONE',  ( 0.000000000000000000, 0.000000000000000000, 1.000000000000000000 ) ) ;
#1070 = ADVANCED_FACE ( 'NONE', ( #6326 ), #1342, .F. ) ;
#1071 = CARTESIAN_POINT ( 'NONE',  ( 32.36119079527443887, 58.04287395702763064, 0.000000000000000000 ) ) ;
#1072 = DATE_AND_TIME ( #1202, #6021 ) ;
#1073 = PLANE ( 'NONE',  #3648 ) ;
#1074 = CARTESIAN_POINT ( 'NONE',  ( -7.899999999999999467, 0.000000000000000000, 26.00000000000000000 ) ) ;
#1075 = VERTEX_POINT ( 'NONE', #10312 ) ;
#1076 = CARTESIAN_POINT ( 'NONE',  ( -14.00000000000000000, 9.000000000000000000, 8.500000000000000000 ) ) ;
#1077 =( REPRESENTATION_RELATIONSHIP ('NONE','NONE', #6877, #10870 ) REPRESENTATION_RELATIONSHIP_WITH_TRANSFORMATION ( #1922 )SHAPE_REPRESENTATION_RELATIONSHIP( ) );
#1078 = EDGE_CURVE ( 'NONE', #3845, #12369, #6678, .T. ) ;
#1079 = ORIENTED_EDGE ( 'NONE', *, *, #6963, .T. ) ;
#1080 = CARTESIAN_POINT ( 'NONE',  ( 32.69999999999999574, 56.77438419509696388, -0.000000000000000000 ) ) ;
#1081 = DIRECTION ( 'NONE',  ( -0.000000000000000000, -0.000000000000000000, 1.000000000000000000 ) ) ;
#1082 = AXIS2_PLACEMENT_3D ( 'NONE', #6874, #10952, #9956 ) ;
#1083 = ORIENTED_EDGE ( 'NONE', *, *, #11381, .T. ) ;
#1084 = VERTEX_POINT ( 'NONE', #9248 ) ;
#1085 = FACE_BOUND ( 'NONE', #1143, .T. ) ;
#1086 = DIRECTION ( 'NONE',  ( 0.000000000000000000, 0.000000000000000000, -1.000000000000000000 ) ) ;
#1087 = DIRECTION ( 'NONE',  ( -1.000000000000000000, 0.000000000000000000, -0.000000000000000000 ) ) ;
#1088 = ADVANCED_FACE ( 'NONE', ( #12169 ), #3102, .F. ) ;
#1089 = ADVANCED_FACE ( 'NONE', ( #4161 ), #4237, .F. ) ;
#1090 = PERSON_AND_ORGANIZATION ( #12991, #11636 ) ;
#1091 = CALENDAR_DATE ( 2026, 21, 9 ) ;
#1092 = DATE_AND_TIME ( #12123, #8248 ) ;
#1093 = LOCAL_TIME ( 12, 23, 36.00000000000000000, #4893 ) ;
#1094 = CARTESIAN_POINT ( 'NONE',  ( 125.7000000000000028, 0.000000000000000000, 6.000000000000000000 ) ) ;
#1095 = ORIENTED_EDGE ( 'NONE', *, *, #12280, .F. ) ;
#1096 = ORIENTED_EDGE ( 'NONE', *, *, #4467, .F. ) ;
#1097 =( NAMED_UNIT ( * ) SI_UNIT ( $, .STERADIAN. ) SOLID_ANGLE_UNIT ( ) );
#1098 = ORIENTED_EDGE ( 'NONE', *, *, #10281, .F. ) ;
#1099 = CC_DESIGN_SECURITY_CLASSIFICATION ( #4262, ( #4487 ) ) ;
#1100 = CARTESIAN_POINT ( 'NONE',  ( 20.00000000000000000, 8.000000000000000000, 10.30000000000000071 ) ) ;
#1101 = FACE_BOUND ( 'NONE', #6400, .T. ) ;
#1102 = CC_DESIGN_PERSON_AND_ORGANIZATION_ASSIGNMENT ( #11776, #10981, ( #616 ) ) ;
#1103 = CARTESIAN_POINT ( 'NONE',  ( -19.14151426980784976, 0.000000000000000000, 10.51560493047243305 ) ) ;
#1104 = ADVANCED_FACE ( 'NONE', ( #8522 ), #9712, .T. ) ;
#1105 = DIRECTION ( 'NONE',  ( 0.000000000000000000, 0.000000000000000000, 1.000000000000000000 ) ) ;
#1106 = PERSON_AND_ORGANIZATION_ROLE ( 'creator' ) ;
#1107 = DIRECTION ( 'NONE',  ( 1.000000000000000000, -0.000000000000000000, 0.000000000000000000 ) ) ;
#1108 = FACE_OUTER_BOUND ( 'NONE', #3994, .T. ) ;
#1109 = ORIENTED_EDGE ( 'NONE', *, *, #4758, .F. ) ;
#1110 = DIRECTION ( 'NONE',  ( -1.000000000000000000, 0.000000000000000000, 0.000000000000000000 ) ) ;
#1111 = DIRECTION ( 'NONE',  ( 0.000000000000000000, 0.000000000000000000, -1.000000000000000000 ) ) ;
#1112 = CARTESIAN_POINT ( 'NONE',  ( -7.299999999999998934, 57.00000000000000000, 5.000000000000000000 ) ) ;
#1113 = ORIENTED_EDGE ( 'NONE', *, *, #1673, .F. ) ;
#1114 = CARTESIAN_POINT ( 'NONE',  ( -18.34313493157694097, 13.55753025008539048, -0.000000000000000000 ) ) ;
#1115 = DIRECTION ( 'NONE',  ( -0.000000000000000000, -0.000000000000000000, 1.000000000000000000 ) ) ;
#1116 = PERSON_AND_ORGANIZATION ( #12991, #11636 ) ;
#1117 = DIRECTION ( 'NONE',  ( 1.000000000000000000, 0.000000000000000000, -0.000000000000000000 ) ) ;
#1118 = LINE ( 'NONE', #12152, #9717 ) ;
#1119 = DIRECTION ( 'NONE',  ( 0.000000000000000000, 0.000000000000000000, -1.000000000000000000 ) ) ;
#1120 = CARTESIAN_POINT ( 'NONE',  ( 0.000000000000000000, 0.000000000000000000, 24.00000000000000000 ) ) ;
#1121 = CARTESIAN_POINT ( 'NONE',  ( -9.028322918593271851, 10.69997127470831622, 10.13622890001263066 ) ) ;
#1122 = DIRECTION ( 'NONE',  ( -1.000000000000000000, -1.776356839400250465E-15, 0.000000000000000000 ) ) ;
#1123 = ORIENTED_EDGE ( 'NONE', *, *, #9529, .T. ) ;
#1124 = CARTESIAN_POINT ( 'NONE',  ( -30.50000000000000000, -10.00000000000000000, 35.00000000000000000 ) ) ;
#1125 = EDGE_CURVE ( 'NONE', #10599, #11471, #10643, .T. ) ;
#1126 = EDGE_LOOP ( 'NONE', ( #8872, #7756, #3780, #4213 ) ) ;
#1127 = DIRECTION ( 'NONE',  ( -0.000000000000000000, 1.000000000000000000, 0.000000000000000000 ) ) ;
#1128 = VERTEX_POINT ( 'NONE', #1544 ) ;
#1129 = DIRECTION ( 'NONE',  ( 0.000000000000000000, -0.000000000000000000, -1.000000000000000000 ) ) ;
#1130 = DIRECTION ( 'NONE',  ( 1.000000000000000000, 0.000000000000000000, 0.000000000000000000 ) ) ;
#1131 = CARTESIAN_POINT ( 'NONE',  ( -5.799999999999999822, 70.00000000000000000, -1.200000000000000030E-05 ) ) ;
#1132 = COORDINATED_UNIVERSAL_TIME_OFFSET ( 5, 0, .BEHIND. ) ;
#1133 = CARTESIAN_POINT ( 'NONE',  ( 135.5573620601498703, -1.656795341010720568, -0.000000000000000000 ) ) ;
#1134 = CARTESIAN_POINT ( 'NONE',  ( -11.50000000000000000, -6.000000000000000000, 22.00000000000000000 ) ) ;
#1135 = VECTOR ( 'NONE', #7572, 1000.000000000000000 ) ;
#1136 = VERTEX_POINT ( 'NONE', #5674 ) ;
#1137 = FACE_OUTER_BOUND ( 'NONE', #8869, .T. ) ;
#1138 = ORIENTED_EDGE ( 'NONE', *, *, #2808, .F. ) ;
#1139 = CARTESIAN_POINT ( 'NONE',  ( 32.04287395702761643, 55.63880920472556824, 0.000000000000000000 ) ) ;
#1140 = ORIENTED_EDGE ( 'NONE', *, *, #8554, .T. ) ;
#1141 = ADVANCED_FACE ( 'NONE', ( #3511 ), #1602, .F. ) ;
#1142 = CARTESIAN_POINT ( 'NONE',  ( -11.46349721022023083, 8.039232687730912374, 8.579762322145247921 ) ) ;
#1143 = EDGE_LOOP ( 'NONE', ( #7229, #9125 ) ) ;
#1144 = VERTEX_POINT ( 'NONE', #2710 ) ;
#1145 = DIRECTION ( 'NONE',  ( 0.000000000000000000, 1.000000000000000000, 0.000000000000000000 ) ) ;
#1146 = FACE_OUTER_BOUND ( 'NONE', #11607, .T. ) ;
#1147 = EDGE_CURVE ( 'NONE', #5559, #1567, #11571, .T. ) ;
#1148 = CARTESIAN_POINT ( 'NONE',  ( 255.8000000000000398, 3.000000000000000000, 149.0000000000000000 ) ) ;
#1149 = CYLINDRICAL_SURFACE ( 'NONE', #5775, 1.700000000000000178 ) ;
#1150 = CARTESIAN_POINT ( 'NONE',  ( 1.313216681092871818, -2.270342840037188559, -0.000000000000000000 ) ) ;
#1151 = VERTEX_POINT ( 'NONE', #2519 ) ;
#1152 = VERTEX_POINT ( 'NONE', #5601 ) ;
#1153 = VECTOR ( 'NONE', #12827, 1000.000000000000000 ) ;
#1154 = EDGE_CURVE ( 'NONE', #3492, #2365, #554, .T. ) ;
#1155 = ADVANCED_FACE ( 'NONE', ( #11760 ), #6512, .F. ) ;
#1156 = EDGE_LOOP ( 'NONE', ( #1985, #10678 ) ) ;
#1157 = ORIENTED_EDGE ( 'NONE', *, *, #6453, .T. ) ;
#1158 = DIRECTION ( 'NONE',  ( -0.000000000000000000, -0.000000000000000000, -1.000000000000000000 ) ) ;
#1159 = CARTESIAN_POINT ( 'NONE',  ( 11.51689599024726007, 7.960616816174120203, 7.150113106382693040 ) ) ;
#1160 = DIRECTION ( 'NONE',  ( 0.000000000000000000, 0.000000000000000000, -1.000000000000000000 ) ) ;
#1161 = CARTESIAN_POINT ( 'NONE',  ( 31.00000000000000000, 59.50000000000000000, 4.000000000000000000 ) ) ;
#1162 = DATE_AND_TIME ( #4919, #5299 ) ;
#1163 = CARTESIAN_POINT ( 'NONE',  ( -10.55156718449564224, 9.205227550983527962, 10.20000000000000462 ) ) ;
#1164 = ORIENTED_EDGE ( 'NONE', *, *, #12779, .F. ) ;
#1165 = DIRECTION ( 'NONE',  ( 0.000000000000000000, 0.000000000000000000, -1.000000000000000000 ) ) ;
#1166 = CARTESIAN_POINT ( 'NONE',  ( -12.80000000000000071, -2.000000000000000000, -8.271806125530276749E-22 ) ) ;
#1167 = ORIENTED_EDGE ( 'NONE', *, *, #11061, .F. ) ;
#1168 = CALENDAR_DATE ( 2026, 21, 9 ) ;
#1169 = CC_DESIGN_DATE_AND_TIME_ASSIGNMENT ( #11838, #6614, ( #9241 ) ) ;
#1170 = B_SPLINE_CURVE_WITH_KNOTS ( 'NONE', 3,
 ( #549, #6698, #10769, #1779, #12643, #1727, #5728, #5780, #9823, #4803, #8841, #7502, #10579, #1540, #5541, #9578, #5598, #3574 ),
 .UNSPECIFIED., .F., .F.,
 ( 4, 2, 2, 2, 2, 2, 2, 2, 4 ),
 ( 0.000000000000000000, 0.06250000000000000000, 0.1250000000000000000, 0.1875000000000000000, 0.2500000000000000000, 0.3125000000000000000, 0.3750000000000000000, 0.4375000000000000000, 0.5000000000000000000 ),
 .UNSPECIFIED. ) ;
#1171 = DIRECTION ( 'NONE',  ( 0.000000000000000000, 0.000000000000000000, 1.000000000000000000 ) ) ;
#1172 = APPROVAL ( #3922, 'æœª' ) ;
#1173 = VERTEX_POINT ( 'NONE', #497 ) ;
#1174 = CIRCLE ( 'NONE', #8556, 2.600000000000000089 ) ;
#1175 = VECTOR ( 'NONE', #9197, 1000.000000000000000 ) ;
#1176 = CARTESIAN_POINT ( 'NONE',  ( -21.65666690099399361, 13.55741526174779565, -0.000000000000000000 ) ) ;
#1177 = CARTESIAN_POINT ( 'NONE',  ( 0.000000000000000000, 0.000000000000000000, 0.000000000000000000 ) ) ;
#1178 = FACE_OUTER_BOUND ( 'NONE', #11003, .T. ) ;
#1179 = COORDINATED_UNIVERSAL_TIME_OFFSET ( 5, 0, .BEHIND. ) ;
#1180 = CARTESIAN_POINT ( 'NONE',  ( -37.50000000000000000, -10.00000000000000000, 25.00000000000000000 ) ) ;
#1181 = PLANE ( 'NONE',  #8453 ) ;
#1182 = CARTESIAN_POINT ( 'NONE',  ( 40.00000000000000000, 0.000000000000000000, 0.000000000000000000 ) ) ;
#1183 = PLANE ( 'NONE',  #12558 ) ;
#1184 = VECTOR ( 'NONE', #12114, 1000.000000000000000 ) ;
#1185 = CIRCLE ( 'NONE', #2026, 1.700000000000000178 ) ;
#1186 = APPROVAL_PERSON_ORGANIZATION ( #10792, #9409, #12973 ) ;
#1187 = CARTESIAN_POINT ( 'NONE',  ( -9.511878329221135075, 10.27300072430434952, 8.867760934432130426 ) ) ;
#1188 = DIRECTION ( 'NONE',  ( 1.000000000000000000, 0.000000000000000000, -0.000000000000000000 ) ) ;
#1189 = EDGE_CURVE ( 'NONE', #3903, #3708, #10707, .T. ) ;
#1190 = ORIENTED_EDGE ( 'NONE', *, *, #1078, .F. ) ;
#1191 = VERTEX_POINT ( 'NONE', #2645 ) ;
#1192 = FACE_OUTER_BOUND ( 'NONE', #4115, .T. ) ;
#1193 = LINE ( 'NONE', #221, #380 ) ;
#1194 = VECTOR ( 'NONE', #3640, 1000.000000000000000 ) ;
#1195 = DIRECTION ( 'NONE',  ( 0.000000000000000000, -1.000000000000000000, 0.000000000000000000 ) ) ;
#1196 = EDGE_CURVE ( 'NONE', #10497, #12934, #2125, .T. ) ;
#1197 = CC_DESIGN_SECURITY_CLASSIFICATION ( #11116, ( #13077 ) ) ;
#1198 = CARTESIAN_POINT ( 'NONE',  ( -15.69999999999999929, 70.00000000000000000, -6.000000000000000152E-06 ) ) ;
#1199 = PERSON_AND_ORGANIZATION ( #12991, #11636 ) ;
#1200 = DIRECTION ( 'NONE',  ( 0.000000000000000000, 0.000000000000000000, -1.000000000000000000 ) ) ;
#1201 = VECTOR ( 'NONE', #11963, 1000.000000000000000 ) ;
#1202 = CALENDAR_DATE ( 2026, 21, 9 ) ;
#1203 = PLANE ( 'NONE',  #1267 ) ;
#1204 = APPROVAL_DATE_TIME ( #11110, #7017 ) ;
#1205 = EDGE_CURVE ( 'NONE', #5167, #156, #10518, .T. ) ;
#1206 = DIRECTION ( 'NONE',  ( -0.000000000000000000, -0.000000000000000000, -1.000000000000000000 ) ) ;
#1207 = AXIS2_PLACEMENT_3D ( 'NONE', #1177, #3216, #11353 ) ;
#1208 = ORIENTED_EDGE ( 'NONE', *, *, #8650, .T. ) ;
#1209 = LINE ( 'NONE', #9185, #7135 ) ;
#1210 = CARTESIAN_POINT ( 'NONE',  ( 11.50000000000000000, -6.000000000000000000, 18.00000000000000355 ) ) ;
#1211 = ORIENTED_EDGE ( 'NONE', *, *, #12952, .T. ) ;
#1212 = CARTESIAN_POINT ( 'NONE',  ( 15.00000000000000000, -5.000000000000000000, -1.200000000000000030E-05 ) ) ;
#1213 = EDGE_LOOP ( 'NONE', ( #11707, #8328, #2653, #6986 ) ) ;
#1214 = DIRECTION ( 'NONE',  ( -0.000000000000000000, -0.000000000000000000, -1.000000000000000000 ) ) ;
#1215 = ORIENTED_EDGE ( 'NONE', *, *, #9123, .F. ) ;
#1216 = EDGE_LOOP ( 'NONE', ( #749, #3651, #4466, #6421 ) ) ;
#1217 = VECTOR ( 'NONE', #2106, 1000.000000000000000 ) ;
#1218 = DIRECTION ( 'NONE',  ( -0.000000000000000000, -0.000000000000000000, -1.000000000000000000 ) ) ;
#1219 = VECTOR ( 'NONE', #4118, 1000.000000000000000 ) ;
#1220 = PLANE ( 'NONE',  #121 ) ;
#1221 = COORDINATED_UNIVERSAL_TIME_OFFSET ( 5, 0, .BEHIND. ) ;
#1222 = APPROVAL_DATE_TIME ( #3256, #2940 ) ;
#1223 = CARTESIAN_POINT ( 'NONE',  ( -15.19999999999999929, 2.000000000000000000, 3.000000000000000000 ) ) ;
#1224 = EDGE_CURVE ( 'NONE', #506, #5229, #5422, .T. ) ;
#1225 = PLANE ( 'NONE',  #6923 ) ;
#1226 = FACE_BOUND ( 'NONE', #6244, .T. ) ;
#1227 = CLOSED_SHELL ( 'NONE', ( #11545, #851, #12627, #546, #1408, #5889 ) ) ;
#1228 = ORIENTED_EDGE ( 'NONE', *, *, #4215, .F. ) ;
#1229 = LOCAL_TIME ( 12, 23, 36.00000000000000000, #205 ) ;
#1230 = ORIENTED_EDGE ( 'NONE', *, *, #5270, .F. ) ;
#1231 = ORIENTED_EDGE ( 'NONE', *, *, #8805, .F. ) ;
#1232 = VERTEX_POINT ( 'NONE', #3754 ) ;
#1233 = FACE_BOUND ( 'NONE', #7397, .T. ) ;
#1234 = AXIS2_PLACEMENT_3D ( 'NONE', #7028, #4162, #11174 ) ;
#1235 = CARTESIAN_POINT ( 'NONE',  ( 24.30000000000000071, -45.00000000000000000, 0.000000000000000000 ) ) ;
#1236 = CC_DESIGN_APPROVAL ( #8916, ( #5232 ) ) ;
#1237 = CARTESIAN_POINT ( 'NONE',  ( 0.000000000000000000, 0.000000000000000000, 16.00000000000000000 ) ) ;
#1238 = DATE_AND_TIME ( #12492, #4036 ) ;
#1239 = EDGE_CURVE ( 'NONE', #427, #8367, #7763, .T. ) ;
#1240 = EDGE_CURVE ( 'NONE', #4819, #11546, #9767, .T. ) ;
#1241 = CARTESIAN_POINT ( 'NONE',  ( -4.957027739236793629, -7.638710900996372288, -0.000000000000000000 ) ) ;
#1242 = VERTEX_POINT ( 'NONE', #9960 ) ;
#1243 = DIRECTION ( 'NONE',  ( -1.000000000000000000, -0.000000000000000000, -0.000000000000000000 ) ) ;
#1244 = FACE_OUTER_BOUND ( 'NONE', #12494, .T. ) ;
#1245 = EDGE_LOOP ( 'NONE', ( #3100, #6549, #5313, #1228 ) ) ;
#1246 =( LENGTH_UNIT ( ) NAMED_UNIT ( * ) SI_UNIT ( .MILLI., .METRE. ) );
#1247 = VECTOR ( 'NONE', #50, 1000.000000000000000 ) ;
#1248 = VERTEX_POINT ( 'NONE', #3 ) ;
#1249 = VECTOR ( 'NONE', #8252, 1000.000000000000000 ) ;
#1250 = DATE_AND_TIME ( #6428, #5014 ) ;
#1251 = CARTESIAN_POINT ( 'NONE',  ( -21.36119079527073694, 12.95712604296942416, 0.000000000000000000 ) ) ;
#1252 = DIRECTION ( 'NONE',  ( -0.000000000000000000, 1.000000000000000000, 0.000000000000000000 ) ) ;
#1253 = FACE_OUTER_BOUND ( 'NONE', #10898, .T. ) ;
#1254 = APPROVAL_ROLE ( '' ) ;
#1255 = PLANE ( 'NONE',  #6069 ) ;
#1256 = CARTESIAN_POINT ( 'NONE',  ( 0.5999999999999999778, 13.98713694792469120, 4.000000000000000000 ) ) ;
#1257 = CARTESIAN_POINT ( 'NONE',  ( 11.90000000000000036, -6.400000000000000355, 0.000000000000000000 ) ) ;
#1258 = ADVANCED_FACE ( 'NONE', ( #10018 ), #11826, .F. ) ;
#1259 = APPROVAL ( #5080, 'UNKNOWN' ) ;
#1260 = EDGE_CURVE ( 'NONE', #11456, #5668, #11889, .T. ) ;
#1261 = AXIS2_PLACEMENT_3D ( 'NONE', #5536, #1657, #12704 ) ;
#1262 = PRODUCT_DEFINITION ( 'æœ', '', #6466, #3694 ) ;
#1263 =( REPRESENTATION_RELATIONSHIP ('NONE','NONE', #6877, #5949 ) REPRESENTATION_RELATIONSHIP_WITH_TRANSFORMATION ( #5160 )SHAPE_REPRESENTATION_RELATIONSHIP( ) );
#1264 = VECTOR ( 'NONE', #10426, 1000.000000000000000 ) ;
#1265 = DIRECTION ( 'NONE',  ( -1.000000000000000000, -0.000000000000000000, -0.000000000000000000 ) ) ;
#1266 = CARTESIAN_POINT ( 'NONE',  ( -30.50000000000000000, -10.00000000000000000, 35.00000000000000000 ) ) ;
#1267 = AXIS2_PLACEMENT_3D ( 'NONE', #11453, #5219, #2259 ) ;
#1268 = DIRECTION ( 'NONE',  ( 0.000000000000000000, 0.000000000000000000, 1.000000000000000000 ) ) ;
#1269 = ORIENTED_EDGE ( 'NONE', *, *, #5784, .F. ) ;
#1270 = VECTOR ( 'NONE', #6829, 1000.000000000000000 ) ;
#1271 = PRODUCT_DEFINITION_SHAPE ( 'NONE', 'NONE',  #13078 ) ;
#1272 = ORIENTED_EDGE ( 'NONE', *, *, #657, .T. ) ;
#1273 = AXIS2_PLACEMENT_3D ( 'NONE', #8526, #8392, #7514 ) ;
#1274 = CARTESIAN_POINT ( 'NONE',  ( 0.000000000000000000, 0.000000000000000000, 0.000000000000000000 ) ) ;
#1275 = ORIENTED_EDGE ( 'NONE', *, *, #7431, .T. ) ;
#1276 = VECTOR ( 'NONE', #6655, 1000.000000000000000 ) ;
#1277 = CARTESIAN_POINT ( 'NONE',  ( -21.69993048876420616, 14.22508399488592090, -0.000000000000000000 ) ) ;
#1278 = CARTESIAN_POINT ( 'NONE',  ( -15.70006951123579420, 69.77491600511629599, 0.000000000000000000 ) ) ;
#1279 = APPROVAL ( #6956, 'æœª' ) ;
#1280 = PLANE ( 'NONE',  #5477 ) ;
#1281 = EDGE_CURVE ( 'NONE', #7136, #11456, #11029, .T. ) ;
#1282 = SECURITY_CLASSIFICATION_LEVEL ( 'unclassified' ) ;
#1283 = DIRECTION ( 'NONE',  ( -0.000000000000000000, -0.000000000000000000, 1.000000000000000000 ) ) ;
#1284 = AXIS2_PLACEMENT_3D ( 'NONE', #9279, #2150, #8341 ) ;
#1285 = CARTESIAN_POINT ( 'NONE',  ( -21.00000000000000000, 0.000000000000000000, 17.00000000000000000 ) ) ;
#1286 = VERTEX_POINT ( 'NONE', #4809 ) ;
#1287 = FACE_OUTER_BOUND ( 'NONE', #7850, .T. ) ;
#1288 = EDGE_LOOP ( 'NONE', ( #9293, #8753 ) ) ;
#1289 = LINE ( 'NONE', #11186, #1184 ) ;
#1290 = ORIENTED_EDGE ( 'NONE', *, *, #12570, .T. ) ;
#1291 = LINE ( 'NONE', #308, #10313 ) ;
#1292 = ORIENTED_EDGE ( 'NONE', *, *, #1147, .T. ) ;
#1293 = EDGE_LOOP ( 'NONE', ( #9452, #9284 ) ) ;
#1294 = CARTESIAN_POINT ( 'NONE',  ( 31.00000000000000000, -6.000000000000000152E-06, 5.700000000000000178 ) ) ;
#1295 = CARTESIAN_POINT ( 'NONE',  ( -10.69999999999999929, 57.00000000000000000, 5.000000000000000000 ) ) ;
#1296 = LINE ( 'NONE', #8659, #7784 ) ;
#1297 = DIRECTION ( 'NONE',  ( -1.000000000000000000, 0.000000000000000000, -0.000000000000000000 ) ) ;
#1298 = PERSON_AND_ORGANIZATION ( #231, #9635 ) ;
#1299 = LINE ( 'NONE', #1148, #7279 ) ;
#1300 = ADVANCED_FACE ( 'NONE', ( #8844 ), #1918, .F. ) ;
#1301 = DIRECTION ( 'NONE',  ( -0.000000000000000000, -0.000000000000000000, -1.000000000000000000 ) ) ;
#1302 = CARTESIAN_POINT ( 'NONE',  ( -9.858485730194315622, 55.51560493047169587, 0.000000000000000000 ) ) ;
#1303 = VERTEX_POINT ( 'NONE', #743 ) ;
#1304 = ORIENTED_EDGE ( 'NONE', *, *, #9878, .F. ) ;
#1305 = ORIENTED_EDGE ( 'NONE', *, *, #424, .T. ) ;
#1306 = VERTEX_POINT ( 'NONE', #4874 ) ;
#1307 = EDGE_CURVE ( 'NONE', #6402, #7918, #4741, .T. ) ;
#1308 = DIRECTION ( 'NONE',  ( 1.000000000000000000, 0.000000000000000000, 0.000000000000000000 ) ) ;
#1309 = PRODUCT_DEFINITION_FORMATION_WITH_SPECIFIED_SOURCE ( 'ä»', '', #5418, .NOT_KNOWN. ) ;
#1310 = CARTESIAN_POINT ( 'NONE',  ( 15.19999999999999929, -2.000000000000000000, 3.000000000000000000 ) ) ;
#1311 = CARTESIAN_POINT ( 'NONE',  ( 22.00000000000000000, 7.999999999999996447, 8.000000000000000000 ) ) ;
#1312 = DATE_AND_TIME ( #2294, #1741 ) ;
#1313 = CARTESIAN_POINT ( 'NONE',  ( 136.2250839948833345, 1.699930488764123337, 0.000000000000000000 ) ) ;
#1314 = DIRECTION ( 'NONE',  ( -1.000000000000000000, 0.000000000000000000, -0.000000000000000000 ) ) ;
#1315 = ORIENTED_EDGE ( 'NONE', *, *, #3876, .F. ) ;
#1316 = DIRECTION ( 'NONE',  ( 0.000000000000000000, 0.000000000000000000, 1.000000000000000000 ) ) ;
#1317 = DIRECTION ( 'NONE',  ( 0.000000000000000000, 0.000000000000000000, 1.000000000000000000 ) ) ;
#1318 = ORIENTED_EDGE ( 'NONE', *, *, #9998, .F. ) ;
#1319 = CC_DESIGN_APPROVAL ( #11348, ( #10163 ) ) ;
#1320 = EDGE_LOOP ( 'NONE', ( #6074, #3598, #2584, #3476 ) ) ;
#1321 = EDGE_CURVE ( 'NONE', #371, #3766, #1730, .T. ) ;
#1322 = APPLICATION_PROTOCOL_DEFINITION ( 'international standard', 'config_control_design', 1994, #1997 ) ;
#1323 = DIRECTION ( 'NONE',  ( -0.000000000000000000, -0.000000000000000000, 1.000000000000000000 ) ) ;
#1324 = CARTESIAN_POINT ( 'NONE',  ( -9.000000000000000000, 80.49999999999998579, 2.299999999999999822 ) ) ;
#1325 = PERSON ( 'NAUO-PER8', 'UNSPECIFIED', 'UNSPECIFIED', ('UNSPECIFIED'), ('UNSPECIFIED'), ('UNSPECIFIED') ) ;
#1326 = CARTESIAN_POINT ( 'NONE',  ( -30.50000000000000000, -10.00000000000000000, 25.00000000000000000 ) ) ;
#1327 = CALENDAR_DATE ( 2026, 21, 9 ) ;
#1328 = DIRECTION ( 'NONE',  ( 1.000000000000000000, 0.000000000000000000, 0.000000000000000000 ) ) ;
#1329 = FACE_BOUND ( 'NONE', #9080, .T. ) ;
#1330 = LINE ( 'NONE', #3085, #12888 ) ;
#1331 = EDGE_CURVE ( 'NONE', #11950, #9603, #7825, .T. ) ;
#1332 = CARTESIAN_POINT ( 'NONE',  ( -15.19999999999999929, -2.000000000000000000, 3.000000000000000000 ) ) ;
#1333 = CARTESIAN_POINT ( 'NONE',  ( -9.047801468925145585, 10.68361031932444760, 10.26966494166327415 ) ) ;
#1334 = CALENDAR_DATE ( 2026, 21, 9 ) ;
#1335 = CARTESIAN_POINT ( 'NONE',  ( -36.00000000000000711, 5.000000000000000000, 25.00000000000000000 ) ) ;
#1336 = VERTEX_POINT ( 'NONE', #12832 ) ;
#1337 = EDGE_CURVE ( 'NONE', #7777, #9640, #10829, .T. ) ;
#1338 = ORIENTED_EDGE ( 'NONE', *, *, #11850, .F. ) ;
#1339 = EDGE_CURVE ( 'NONE', #3406, #1728, #4322, .T. ) ;
#1340 = CARTESIAN_POINT ( 'NONE',  ( 31.19999999999999929, 59.50000000000000000, -8.271806125530276749E-22 ) ) ;
#1341 = VERTEX_POINT ( 'NONE', #2892 ) ;
#1342 = PLANE ( 'NONE',  #5010 ) ;
#1343 = APPLICATION_CONTEXT ( 'configuration controlled 3d designs of mechanical parts and assemblies' ) ;
#1344 = CARTESIAN_POINT ( 'NONE',  ( -7.957126042969945523, 0.000000000000000000, 14.36119079527200526 ) ) ;
#1345 = EDGE_CURVE ( 'NONE', #11232, #3171, #8959, .T. ) ;
#1346 = CARTESIAN_POINT ( 'NONE',  ( -24.30000000000000071, -57.00000000000000000, -1.200000000000000030E-05 ) ) ;
#1347 = CARTESIAN_POINT ( 'NONE',  ( 136.8585389317908607, -1.484523509544498410, -0.000000000000000000 ) ) ;
#1348 = AXIS2_PLACEMENT_3D ( 'NONE', #11854, #2800, #3039 ) ;
#1349 = DIRECTION ( 'NONE',  ( 0.000000000000000000, 0.000000000000000000, -1.000000000000000000 ) ) ;
#1350 = EDGE_LOOP ( 'NONE', ( #7710, #1740, #4622, #4024, #2638, #2925, #12843, #3692 ) ) ;
#1351 = PLANE ( 'NONE',  #7577 ) ;
#1352 = ORIENTED_EDGE ( 'NONE', *, *, #2418, .T. ) ;
#1353 = CARTESIAN_POINT ( 'NONE',  ( 0.000000000000000000, -57.00000000000000000, -0.000000000000000000 ) ) ;
#1354 = CARTESIAN_POINT ( 'NONE',  ( -2.600000000000000089, 3.184081677783117698E-16, -6.000000000000000152E-06 ) ) ;
#1355 = CC_DESIGN_PERSON_AND_ORGANIZATION_ASSIGNMENT ( #6171, #3227, ( #4362 ) ) ;
#1356 = ORIENTED_EDGE ( 'NONE', *, *, #10876, .F. ) ;
#1357 = CC_DESIGN_PERSON_AND_ORGANIZATION_ASSIGNMENT ( #544, #12638, ( #1309 ) ) ;
#1358 = VERTEX_POINT ( 'NONE', #10157 ) ;
#1359 = DIRECTION ( 'NONE',  ( -1.000000000000000000, 0.000000000000000000, 0.000000000000000000 ) ) ;
#1360 = PLANE ( 'NONE',  #641 ) ;
#1361 = SHAPE_DEFINITION_REPRESENTATION ( #11901, #12773 ) ;
#1362 = SECURITY_CLASSIFICATION_LEVEL ( 'unclassified' ) ;
#1363 = DIRECTION ( 'NONE',  ( -1.000000000000000000, -0.000000000000000000, 0.000000000000000000 ) ) ;
#1364 = CARTESIAN_POINT ( 'NONE',  ( -10.36119079527301423, 55.95712604297133907, 0.000000000000000000 ) ) ;
#1365 = ORIENTED_EDGE ( 'NONE', *, *, #1506, .T. ) ;
#1366 = ORIENTED_EDGE ( 'NONE', *, *, #104, .F. ) ;
#1367 = EDGE_LOOP ( 'NONE', ( #7930, #7803, #6783, #8587 ) ) ;
#1368 = ADVANCED_FACE ( 'NONE', ( #1178 ), #8083, .F. ) ;
#1369 = ORIENTED_EDGE ( 'NONE', *, *, #11019, .F. ) ;
#1370 = CARTESIAN_POINT ( 'NONE',  ( 21.48452350954385537, -13.14146106821000259, -0.000000000000000000 ) ) ;
#1371 = CARTESIAN_POINT ( 'NONE',  ( -0.5999999999999998668, 9.000000000000000000, 6.800000000000000711 ) ) ;
#1372 = PERSON_AND_ORGANIZATION_ROLE ( 'creator' ) ;
#1373 = CARTESIAN_POINT ( 'NONE',  ( 11.00000000000000000, -5.000000000000000000, 25.00000000000000000 ) ) ;
#1374 = CARTESIAN_POINT ( 'NONE',  ( 136.0000000000000000, 0.000000000000000000, -1.200000000000000030E-05 ) ) ;
#1375 = EDGE_CURVE ( 'NONE', #6255, #5040, #5061, .T. ) ;
#1376 = ORIENTED_EDGE ( 'NONE', *, *, #8729, .T. ) ;
#1377 = PRODUCT ( 'V3_01_base', 'V3_01_base', '', ( #8053 ) ) ;
#1378 = CARTESIAN_POINT ( 'NONE',  ( -30.50000000000000000, 10.00000000000000000, 35.00000000000000000 ) ) ;
#1379 = ORIENTED_EDGE ( 'NONE', *, *, #11267, .F. ) ;
#1380 = DIRECTION ( 'NONE',  ( -0.6000000000580284487, -0.7999999999564786357, 0.000000000000000000 ) ) ;
#1381 = DIRECTION ( 'NONE',  ( 0.000000000000000000, 0.000000000000000000, 1.000000000000000000 ) ) ;
#1382 = ORIENTED_EDGE ( 'NONE', *, *, #8744, .T. ) ;
#1383 = APPROVAL_ROLE ( '' ) ;
#1384 = CARTESIAN_POINT ( 'NONE',  ( 0.000000000000000000, 77.50000000000000000, 0.000000000000000000 ) ) ;
#1385 = LINE ( 'NONE', #6858, #3549 ) ;
#1386 = CIRCLE ( 'NONE', #5577, 1.700000000000000178 ) ;
#1387 = CARTESIAN_POINT ( 'NONE',  ( 31.19999999999999929, 59.50000000000000000, -1.200000000000000030E-05 ) ) ;
#1388 = DATE_AND_TIME ( #9159, #9666 ) ;
#1389 = LINE ( 'NONE', #3219, #3141 ) ;
#1390 = FACE_BOUND ( 'NONE', #9520, .T. ) ;
#1391 = LINE ( 'NONE', #9234, #6086 ) ;
#1392 = CARTESIAN_POINT ( 'NONE',  ( -15.59999999999999964, 72.50000000000000000, -1.200000000000000030E-05 ) ) ;
#1393 = EDGE_CURVE ( 'NONE', #12484, #7617, #9035, .T. ) ;
#1394 = LINE ( 'NONE', #12238, #3057 ) ;
#1395 = VECTOR ( 'NONE', #4020, 1000.000000000000000 ) ;
#1396 = EDGE_CURVE ( 'NONE', #11968, #6280, #3217, .T. ) ;
#1397 = FACE_OUTER_BOUND ( 'NONE', #8711, .T. ) ;
#1398 = VERTEX_POINT ( 'NONE', #6101 ) ;
#1399 = ORIENTED_EDGE ( 'NONE', *, *, #3271, .F. ) ;
#1400 = VERTEX_POINT ( 'NONE', #11154 ) ;
#1401 = FACE_BOUND ( 'NONE', #5027, .T. ) ;
#1402 = ORIENTED_EDGE ( 'NONE', *, *, #2735, .T. ) ;
#1403 = EDGE_CURVE ( 'NONE', #6173, #3116, #13036, .T. ) ;
#1404 = CARTESIAN_POINT ( 'NONE',  ( 9.028379520031954542, 10.69992351637305461, 8.635056883210507905 ) ) ;
#1405 = CARTESIAN_POINT ( 'NONE',  ( -8.774916005114079098, -0.000000000000000000, 11.30006951123579029 ) ) ;
#1406 = VECTOR ( 'NONE', #13006, 1000.000000000000000 ) ;
#1407 = DIRECTION ( 'NONE',  ( -0.000000000000000000, -1.000000000000000000, -0.000000000000000000 ) ) ;
#1408 = ADVANCED_FACE ( 'NONE', ( #1253 ), #2034, .T. ) ;
#1409 = EDGE_CURVE ( 'NONE', #4401, #1594, #7067, .T. ) ;
#1410 = AXIS2_PLACEMENT_3D ( 'NONE', #1523, #5648, #3625 ) ;
#1411 = FACE_BOUND ( 'NONE', #5265, .T. ) ;
#1412 = CARTESIAN_POINT ( 'NONE',  ( 31.00000000000000355, -6.000000000000000152E-06, 2.299999999999999822 ) ) ;
#1413 = ORIENTED_EDGE ( 'NONE', *, *, #6863, .F. ) ;
#1414 = CARTESIAN_POINT ( 'NONE',  ( 13.00000000000000000, 5.000000000000000000, 28.00000000000000000 ) ) ;
#1415 = ORIENTED_EDGE ( 'NONE', *, *, #8514, .F. ) ;
#1416 = VECTOR ( 'NONE', #5793, 1000.000000000000000 ) ;
#1417 = AXIS2_PLACEMENT_3D ( 'NONE', #3423, #9609, #4534 ) ;
#1418 = CARTESIAN_POINT ( 'NONE',  ( 29.34333309900654285, 65.55741526174877265, -0.000000000000000000 ) ) ;
#1419 = ORIENTED_EDGE ( 'NONE', *, *, #5340, .T. ) ;
#1420 = CC_DESIGN_APPROVAL ( #9409, ( #10255 ) ) ;
#1421 = ORIENTED_EDGE ( 'NONE', *, *, #7069, .T. ) ;
#1422 = CARTESIAN_POINT ( 'NONE',  ( 134.3000000000000114, 2.081899558550508908E-16, -6.000000000000000152E-06 ) ) ;
#1423 = FACE_OUTER_BOUND ( 'NONE', #1862, .T. ) ;
#1424 = SECURITY_CLASSIFICATION_LEVEL ( 'unclassified' ) ;
#1425 = CARTESIAN_POINT ( 'NONE',  ( 9.028379520031956318, 10.69992351637305283, 10.13505688321050791 ) ) ;
#1426 = VECTOR ( 'NONE', #10583, 1000.000000000000000 ) ;
#1427 = CC_DESIGN_DATE_AND_TIME_ASSIGNMENT ( #7845, #2736, ( #12629 ) ) ;
#1428 = B_SPLINE_CURVE_WITH_KNOTS ( 'NONE', 3,
 ( #5113, #10357, #6359, #3356, #10277, #8286, #12210, #7142, #1313, #9359, #7349, #3147, #10211, #10344, #11195, #4049, #3055, #8201 ),
 .UNSPECIFIED., .F., .F.,
 ( 4, 2, 2, 2, 2, 2, 2, 2, 4 ),
 ( 0.000000000000000000, 0.06250000000000000000, 0.1250000000000000000, 0.1875000000000000000, 0.2500000000000000000, 0.3125000000000000000, 0.3750000000000000000, 0.4375000000000000000, 0.5000000000000000000 ),
 .UNSPECIFIED. ) ;
#1429 = SECURITY_CLASSIFICATION ( '', '', #1424 ) ;
#1430 = CC_DESIGN_PERSON_AND_ORGANIZATION_ASSIGNMENT ( #1976, #12956, ( #4262 ) ) ;
#1431 = CARTESIAN_POINT ( 'NONE',  ( -10.50000000000000000, 1.300000000000000044, -0.09997027095160138099 ) ) ;
#1432 = CARTESIAN_POINT ( 'NONE',  ( -10.70006951123578887, 56.77491600511331882, 0.000000000000000000 ) ) ;
#1433 = ORIENTED_EDGE ( 'NONE', *, *, #12414, .F. ) ;
#1434 = CARTESIAN_POINT ( 'NONE',  ( -7.361190795271371101, -10.04287395703031294, 0.000000000000000000 ) ) ;
#1435 = ORIENTED_EDGE ( 'NONE', *, *, #11368, .F. ) ;
#1436 = AXIS2_PLACEMENT_3D ( 'NONE', #4287, #4072, #8298 ) ;
#1437 = DIRECTION ( 'NONE',  ( 0.000000000000000000, 0.000000000000000000, -1.000000000000000000 ) ) ;
#1438 = EDGE_LOOP ( 'NONE', ( #55, #11197, #8670, #11534 ) ) ;
#1439 = ORIENTED_EDGE ( 'NONE', *, *, #9319, .F. ) ;
#1440 = VECTOR ( 'NONE', #10956, 1000.000000000000000 ) ;
#1441 = CC_DESIGN_SECURITY_CLASSIFICATION ( #7073, ( #13086 ) ) ;
#1442 = CARTESIAN_POINT ( 'NONE',  ( 19.77491600511497438, -12.29993048876420936, -0.000000000000000000 ) ) ;
#1443 = COORDINATED_UNIVERSAL_TIME_OFFSET ( 5, 0, .BEHIND. ) ;
#1444 = EDGE_CURVE ( 'NONE', #12724, #10668, #2234, .T. ) ;
#1446 = B_SPLINE_CURVE_WITH_KNOTS ( 'NONE', 3,
 ( #1294, #11321, #4318, #8333, #1690, #6526, #6465, #3533, #7529, #10601, #1616, #3470, #12534, #2539, #5623, #9663, #6653, #6590 ),
 .UNSPECIFIED., .F., .F.,
 ( 4, 2, 2, 2, 2, 2, 2, 2, 4 ),
 ( -3.330669073875469621E-16, 0.06249999999999980571, 0.1249999999999999445, 0.1875000000000000833, 0.2500000000000002220, 0.3125000000000002776, 0.3750000000000002776, 0.4375000000000003331, 0.5000000000000003331 ),
 .UNSPECIFIED. ) ;
#1445 = LINE ( 'NONE', #11544, #8797 ) ;
#1447 = ORIENTED_EDGE ( 'NONE', *, *, #11164, .F. ) ;
#1448 = ORIENTED_EDGE ( 'NONE', *, *, #5784, .T. ) ;
#1449 = COORDINATED_UNIVERSAL_TIME_OFFSET ( 5, 0, .BEHIND. ) ;
#1450 = CARTESIAN_POINT ( 'NONE',  ( 10.01810743134690185, 9.782858279599741635, 11.52233131936447386 ) ) ;
#1451 = ORIENTED_EDGE ( 'NONE', *, *, #7355, .F. ) ;
#1452 = VECTOR ( 'NONE', #1323, 1000.000000000000000 ) ;
#1453 = MECHANICAL_CONTEXT ( 'NONE', #11708, 'mechanical' ) ;
#1454 = CARTESIAN_POINT ( 'NONE',  ( 9.500000000000000000, 1.163414459189985485E-15, 38.00000000000000000 ) ) ;
#1455 = CARTESIAN_POINT ( 'NONE',  ( 18.34320465898919750, 14.44263793984841548, -0.000000000000000000 ) ) ;
#1456 = SECURITY_CLASSIFICATION ( '', '', #8338 ) ;
#1457 = EDGE_CURVE ( 'NONE', #9866, #11927, #62, .T. ) ;
#1458 = CARTESIAN_POINT ( 'NONE',  ( 31.00000000000000000, 62.49999999999997868, 4.000000000000000000 ) ) ;
#1459 = COORDINATED_UNIVERSAL_TIME_OFFSET ( 5, 0, .BEHIND. ) ;
#1460 = CARTESIAN_POINT ( 'NONE',  ( -5.500000000000000000, 0.000000000000000000, 29.00000000000000000 ) ) ;
#1461 = CARTESIAN_POINT ( 'NONE',  ( -35.00000000000000000, -70.00000000000000000, 0.000000000000000000 ) ) ;
#1462 = FACE_OUTER_BOUND ( 'NONE', #4471, .T. ) ;
#1463 = CIRCLE ( 'NONE', #9881, 1.100000000000000311 ) ;
#1464 = VECTOR ( 'NONE', #5298, 1000.000000000000000 ) ;
#1465 = DIRECTION ( 'NONE',  ( 0.000000000000000000, 0.000000000000000000, 1.000000000000000000 ) ) ;
#1466 = LOCAL_TIME ( 12, 23, 36.00000000000000000, #9594 ) ;
#1467 = FACE_OUTER_BOUND ( 'NONE', #831, .T. ) ;
#1468 = VERTEX_POINT ( 'NONE', #277 ) ;
#1469 = AXIS2_PLACEMENT_3D ( 'NONE', #4002, #6940, #10875 ) ;
#1470 = B_SPLINE_CURVE_WITH_KNOTS ( 'NONE', 3,
 ( #7811, #8939, #7864, #3740, #9885, #3918, #858, #6860, #3855, #7745, #12941, #11936, #7933, #10816, #791, #11010, #9945, #1771 ),
 .UNSPECIFIED., .F., .F.,
 ( 4, 2, 2, 2, 2, 2, 2, 2, 4 ),
 ( 0.5000000000000000000, 0.5625000000000000000, 0.6250000000000000000, 0.6875000000000000000, 0.7500000000000000000, 0.8125000000000000000, 0.8750000000000000000, 0.9375000000000000000, 1.000000000000000000 ),
 .UNSPECIFIED. ) ;
#1471 = ORIENTED_EDGE ( 'NONE', *, *, #1260, .F. ) ;
#1472 = DESIGN_CONTEXT ( 'detailed design', #9681, 'design' ) ;
#1473 = ORIENTED_EDGE ( 'NONE', *, *, #5236, .F. ) ;
#1474 = LINE ( 'NONE', #1601, #6219 ) ;
#1475 = ADVANCED_FACE ( 'NONE', ( #6028 ), #10372, .F. ) ;
#1476 = CARTESIAN_POINT ( 'NONE',  ( -20.00000000000000000, 14.00000000000000000, 5.000000000000000000 ) ) ;
#1477 = PERSON_AND_ORGANIZATION_ROLE ( 'classification_officer' ) ;
#1478 = VECTOR ( 'NONE', #3567, 1000.000000000000000 ) ;
#1479 = VECTOR ( 'NONE', #10607, 1000.000000000000000 ) ;
#1480 = CARTESIAN_POINT ( 'NONE',  ( 10.72380529476361488, 9.000000000000204281, 11.70000000000065477 ) ) ;
#1481 = CARTESIAN_POINT ( 'NONE',  ( 137.3612890990017377, -1.042972260763601611, -0.000000000000000000 ) ) ;
#1482 = CARTESIAN_POINT ( 'NONE',  ( 0.000000000000000000, 0.000000000000000000, 18.00000000000000355 ) ) ;
#1483 = CARTESIAN_POINT ( 'NONE',  ( 30.55741526174642075, -0.000000000000000000, 2.343333099006275955 ) ) ;
#1484 = AXIS2_PLACEMENT_3D ( 'NONE', #6121, #9114, #5931 ) ;
#1485 = AXIS2_PLACEMENT_3D ( 'NONE', #6137, #10195, #1086 ) ;
#1486 = EDGE_LOOP ( 'NONE', ( #5210, #1230, #2288, #3170 ) ) ;
#1487 = LINE ( 'NONE', #2397, #4968 ) ;
#1488 = VERTEX_POINT ( 'NONE', #1326 ) ;
#1489 = CARTESIAN_POINT ( 'NONE',  ( 30.14151426979811887, 64.51560493047468015, 0.000000000000000000 ) ) ;
#1490 = ORIENTED_EDGE ( 'NONE', *, *, #4053, .T. ) ;
#1491 = ORIENTED_EDGE ( 'NONE', *, *, #10354, .T. ) ;
#1492 = DIRECTION ( 'NONE',  ( 0.000000000000000000, 0.000000000000000000, -1.000000000000000000 ) ) ;
#1493 = ADVANCED_FACE ( 'NONE', ( #12149 ), #3079, .T. ) ;
#1494 = DIRECTION ( 'NONE',  ( -1.000000000000000000, 0.000000000000000000, 0.000000000000000000 ) ) ;
#1495 = CARTESIAN_POINT ( 'NONE',  ( 6.000000000000000000, 1.300000000000000044, -0.09997027095160138099 ) ) ;
#1496 = APPLICATION_PROTOCOL_DEFINITION ( 'international standard', 'config_control_design', 1994, #6936 ) ;
#1497 = PRODUCT_DEFINITION_SHAPE ( 'NONE', 'NONE',  #13076 ) ;
#1498 = LINE ( 'NONE', #2346, #2318 ) ;
#1499 = AXIS2_PLACEMENT_3D ( 'NONE', #6815, #12836, #7768 ) ;
#1500 = EDGE_CURVE ( 'NONE', #10117, #2080, #4493, .T. ) ;
#1501 = DATE_AND_TIME ( #11659, #12284 ) ;
#1502 =( GEOMETRIC_REPRESENTATION_CONTEXT ( 3 ) GLOBAL_UNCERTAINTY_ASSIGNED_CONTEXT ( ( #4086 ) ) GLOBAL_UNIT_ASSIGNED_CONTEXT ( ( #5631, #642, #7535 ) ) REPRESENTATION_CONTEXT ( 'NONE', 'WORKASPACE' ) );
#1503 = B_SPLINE_CURVE_WITH_KNOTS ( 'NONE', 3,
 ( #8002, #12074, #4272, #3268, #5109, #11204, #1159, #7201, #4978, #12283, #2215, #8064, #9623, #10207, #8139, #11264, #11138, #2289, #184, #6287, #6079, #2158, #6148, #9288, #12344, #6209, #261, #12205, #10138, #7274 ),
 .UNSPECIFIED., .F., .F.,
 ( 4, 2, 2, 2, 2, 2, 2, 2, 2, 2, 2, 2, 2, 2, 4 ),
 ( 0.000000000000000000, 0.0007440102817169829937, 0.001116015422575474111, 0.001488020563433965337, 0.001860025704292456563, 0.002232030845150947788, 0.002604035986009438797, 0.002976041126867930240, 0.003348046267726420382, 0.003720051408584912258, 0.004092056549443403267, 0.004464061690301895577, 0.004836066831160386152, 0.005208071972018878462, 0.005952082253735858745 ),
 .UNSPECIFIED. ) ;
#1504 = APPROVAL_STATUS ( 'not_yet_approved' ) ;
#1505 = DIRECTION ( 'NONE',  ( 1.000000000000000000, 0.000000000000000000, 0.000000000000000000 ) ) ;
#1506 = EDGE_CURVE ( 'NONE', #4512, #8242, #9621, .T. ) ;
#1507 = DIRECTION ( 'NONE',  ( -0.000000000000000000, -0.000000000000000000, 1.000000000000000000 ) ) ;
#1508 = CARTESIAN_POINT ( 'NONE',  ( -10.48452350954359247, 56.14146106820972193, -0.000000000000000000 ) ) ;
#1509 = CARTESIAN_POINT ( 'NONE',  ( 7.656666900994198777, -8.557415261748372970, -0.000000000000000000 ) ) ;
#1510 = EDGE_LOOP ( 'NONE', ( #11387, #9538, #5359, #7526 ) ) ;
#1511 = CARTESIAN_POINT ( 'NONE',  ( 122.9570277392382707, -1.361289099004650893, -0.000000000000000000 ) ) ;
#1512 = EDGE_LOOP ( 'NONE', ( #2268, #6878, #1292, #6193 ) ) ;
#1513 = ORIENTED_EDGE ( 'NONE', *, *, #10354, .F. ) ;
#1514 = EDGE_CURVE ( 'NONE', #10238, #7556, #12701, .T. ) ;
#1515 = ADVANCED_FACE ( 'NONE', ( #606 ), #10632, .F. ) ;
#1516 = CARTESIAN_POINT ( 'NONE',  ( 21.70000000000000284, -13.77474804345230908, 0.000000000000000000 ) ) ;
#1517 = COORDINATED_UNIVERSAL_TIME_OFFSET ( 5, 0, .BEHIND. ) ;
#1518 = AXIS2_PLACEMENT_3D ( 'NONE', #2806, #1880, #5882 ) ;
#1519 = FACE_BOUND ( 'NONE', #11535, .T. ) ;
#1520 = ORIENTED_EDGE ( 'NONE', *, *, #8221, .F. ) ;
#1521 = ORIENTED_EDGE ( 'NONE', *, *, #12736, .T. ) ;
#1522 = DIRECTION ( 'NONE',  ( -0.6000000000580284487, -0.7999999999564786357, 0.000000000000000000 ) ) ;
#1523 = CARTESIAN_POINT ( 'NONE',  ( -14.00000000000000000, 0.000000000000000000, 16.00000000000000000 ) ) ;
#1524 = SECURITY_CLASSIFICATION_LEVEL ( 'unclassified' ) ;
#1525 = ORIENTED_EDGE ( 'NONE', *, *, #9783, .F. ) ;
#1526 = CC_DESIGN_PERSON_AND_ORGANIZATION_ASSIGNMENT ( #11929, #7929, ( #10051 ) ) ;
#1527 = DATE_TIME_ROLE ( 'creation_date' ) ;
#1528 = APPROVAL_PERSON_ORGANIZATION ( #7463, #6951, #10604 ) ;
#1529 = CARTESIAN_POINT ( 'NONE',  ( -9.000000000000000000, -1.200000000000000030E-05, 13.00000000000000000 ) ) ;
#1530 = FACE_OUTER_BOUND ( 'NONE', #5357, .T. ) ;
#1531 = PRODUCT_DEFINITION ( 'æœ', '', #12902, #10170 ) ;
#1532 = DIRECTION ( 'NONE',  ( 0.000000000000000000, 0.000000000000000000, 1.000000000000000000 ) ) ;
#1533 = DATE_AND_TIME ( #6685, #10921 ) ;
#1534 = DIRECTION ( 'NONE',  ( -0.000000000000000000, -1.000000000000000000, -0.000000000000000000 ) ) ;
#1535 = FACE_OUTER_BOUND ( 'NONE', #12259, .T. ) ;
#1536 = CARTESIAN_POINT ( 'NONE',  ( -19.14146106820962956, -15.48452350954349122, -0.000000000000000000 ) ) ;
#1537 = SECURITY_CLASSIFICATION ( '', '', #11746 ) ;
#1538 = CARTESIAN_POINT ( 'NONE',  ( 29.95712604296773307, 67.36119079526977771, 0.000000000000000000 ) ) ;
#1539 = DIRECTION ( 'NONE',  ( -1.000000000000000000, 0.000000000000000000, 0.000000000000000000 ) ) ;
#1540 = CARTESIAN_POINT ( 'NONE',  ( -10.36128909900436668, 58.04297226076172223, -0.000000000000000000 ) ) ;
#1541 = EDGE_LOOP ( 'NONE', ( #28, #2070 ) ) ;
#1542 = LINE ( 'NONE', #5673, #3308 ) ;
#1543 = ADVANCED_FACE ( 'NONE', ( #8446 ), #6618, .F. ) ;
#1544 = CARTESIAN_POINT ( 'NONE',  ( 12.80000000000000071, 2.000000000000000000, 0.000000000000000000 ) ) ;
#1545 = PERSON_AND_ORGANIZATION ( #12991, #11636 ) ;
#1546 = PLANE ( 'NONE',  #4418 ) ;
#1547 = DIRECTION ( 'NONE',  ( -0.000000000000000000, -0.000000000000000000, -1.000000000000000000 ) ) ;
#1548 = APPROVAL_STATUS ( 'not_yet_approved' ) ;
#1549 = CYLINDRICAL_SURFACE ( 'NONE', #11609, 1.700000000000000178 ) ;
#1550 = CARTESIAN_POINT ( 'NONE',  ( -11.46082835472130235, 8.043006970812543344, 9.922450563566831860 ) ) ;
#1551 = LINE ( 'NONE', #12656, #9682 ) ;
#1552 = ADVANCED_FACE ( 'NONE', ( #9570 ), #10501, .F. ) ;
#1553 = LINE ( 'NONE', #3402, #1906 ) ;
#1554 = EDGE_LOOP ( 'NONE', ( #11736, #6589, #6651, #2164 ) ) ;
#1555 = CARTESIAN_POINT ( 'NONE',  ( 0.000000000000000000, 0.000000000000000000, 16.00000000000000000 ) ) ;
#1556 = ORIENTED_EDGE ( 'NONE', *, *, #7787, .F. ) ;
#1557 = CARTESIAN_POINT ( 'NONE',  ( -22.00000000000000000, 84.00000000000000000, 8.000000000000000000 ) ) ;
#1558 = EDGE_LOOP ( 'NONE', ( #7712, #6282, #3899, #4022 ) ) ;
#1559 = ORIENTED_EDGE ( 'NONE', *, *, #12885, .F. ) ;
#1560 = DIRECTION ( 'NONE',  ( 1.000000000000000000, -0.000000000000000000, 0.000000000000000000 ) ) ;
#1561 = CARTESIAN_POINT ( 'NONE',  ( -2.348712715335543599, 1.124693889828766391, -0.000000000000000000 ) ) ;
#1562 = VECTOR ( 'NONE', #7534, 1000.000000000000000 ) ;
#1563 = DIRECTION ( 'NONE',  ( -0.000000000000000000, -0.000000000000000000, -1.000000000000000000 ) ) ;
#1564 = CARTESIAN_POINT ( 'NONE',  ( 0.8803804287024865616, 2.463630117896262739, -0.000000000000000000 ) ) ;
#1565 = EDGE_LOOP ( 'NONE', ( #11478, #2785, #7852, #1520 ) ) ;
#1566 = EDGE_CURVE ( 'NONE', #2401, #2916, #410, .T. ) ;
#1567 = VERTEX_POINT ( 'NONE', #4547 ) ;
#1568 = CARTESIAN_POINT ( 'NONE',  ( 213.0000000000000000, 30.00000000000000000, -102.5000000000000000 ) ) ;
#1569 = DIRECTION ( 'NONE',  ( 0.000000000000000000, 1.000000000000000000, -0.000000000000000000 ) ) ;
#1570 = EDGE_LOOP ( 'NONE', ( #8457, #4051, #5615, #603 ) ) ;
#1571 = ORIENTED_EDGE ( 'NONE', *, *, #1457, .F. ) ;
#1572 = CARTESIAN_POINT ( 'NONE',  ( -10.04287395703199870, 67.36119079527041720, 0.000000000000000000 ) ) ;
#1573 = FACE_OUTER_BOUND ( 'NONE', #3058, .T. ) ;
#1574 = CARTESIAN_POINT ( 'NONE',  ( -12.00000000000000000, 7.000000000000000000, 15.00000000000000000 ) ) ;
#1575 = ORIENTED_EDGE ( 'NONE', *, *, #1640, .T. ) ;
#1576 = EDGE_CURVE ( 'NONE', #12342, #12682, #4427, .T. ) ;
#1577 = EDGE_CURVE ( 'NONE', #8242, #4512, #8126, .T. ) ;
#1578 = EDGE_LOOP ( 'NONE', ( #5151, #11320, #4210, #3346 ) ) ;
#1579 = APPROVAL_DATE_TIME ( #8562, #2322 ) ;
#1580 = DIRECTION ( 'NONE',  ( 0.000000000000000000, 0.000000000000000000, 1.000000000000000000 ) ) ;
#1581 = ORIENTED_EDGE ( 'NONE', *, *, #6139, .F. ) ;
#1582 = DIRECTION ( 'NONE',  ( 1.000000000000000000, 0.000000000000000000, -0.000000000000000000 ) ) ;
#1583 = CARTESIAN_POINT ( 'NONE',  ( 21.00000000000000000, 12.00000000000000000, 0.000000000000000000 ) ) ;
#1584 = DIRECTION ( 'NONE',  ( 1.000000000000000000, 0.000000000000000000, 0.000000000000000000 ) ) ;
#1585 = CALENDAR_DATE ( 2026, 21, 9 ) ;
#1586 = LINE ( 'NONE', #5590, #1478 ) ;
#1587 = CARTESIAN_POINT ( 'NONE',  ( 0.000000000000000000, 0.000000000000000000, 0.000000000000000000 ) ) ;
#1588 = COORDINATED_UNIVERSAL_TIME_OFFSET ( 5, 0, .BEHIND. ) ;
#1589 = CARTESIAN_POINT ( 'NONE',  ( -14.00000000000000000, 70.00000000000000000, -1.200000000000000030E-05 ) ) ;
#1590 = CC_DESIGN_DATE_AND_TIME_ASSIGNMENT ( #4089, #11412, ( #4806 ) ) ;
#1591 = APPROVAL ( #5460, 'æœª' ) ;
#1592 = CARTESIAN_POINT ( 'NONE',  ( 32.04297226075727423, 67.36128909900769202, -0.000000000000000000 ) ) ;
#1593 = APPLICATION_CONTEXT ( 'configuration controlled 3d designs of mechanical parts and assemblies' ) ;
#1594 = VERTEX_POINT ( 'NONE', #11556 ) ;
#1595 = FACE_OUTER_BOUND ( 'NONE', #6964, .T. ) ;
#1596 = FACE_OUTER_BOUND ( 'NONE', #510, .T. ) ;
#1597 = ORIENTED_EDGE ( 'NONE', *, *, #5141, .T. ) ;
#1598 = VECTOR ( 'NONE', #801, 1000.000000000000000 ) ;
#1599 = EDGE_CURVE ( 'NONE', #156, #4756, #10436, .T. ) ;
#1600 = ORIENTED_EDGE ( 'NONE', *, *, #10849, .F. ) ;
#1601 = CARTESIAN_POINT ( 'NONE',  ( -28.00000000000000000, 0.000000000000000000, 0.000000000000000000 ) ) ;
#1602 = PLANE ( 'NONE',  #167 ) ;
#1603 = CARTESIAN_POINT ( 'NONE',  ( 0.000000000000000000, 70.00000000000000000, 5.200000000000000178 ) ) ;
#1604 = DIRECTION ( 'NONE',  ( 0.000000000000000000, 0.000000000000000000, -1.000000000000000000 ) ) ;
#1605 = CARTESIAN_POINT ( 'NONE',  ( -14.22508399489168873, 71.70006951123355066, -0.000000000000000000 ) ) ;
#1606 = EDGE_CURVE ( 'NONE', #11841, #8601, #12168, .T. ) ;
#1607 = CARTESIAN_POINT ( 'NONE',  ( -21.00000000000000000, 81.00000000000000000, 0.000000000000000000 ) ) ;
#1608 = FACE_BOUND ( 'NONE', #9366, .T. ) ;
#1609 = CARTESIAN_POINT ( 'NONE',  ( -15.59999999999999964, 0.000000000000000000, -0.000000000000000000 ) ) ;
#1610 = EDGE_LOOP ( 'NONE', ( #3209, #4169, #6412, #2745 ) ) ;
#1611 = FACE_BOUND ( 'NONE', #1541, .T. ) ;
#1612 = ORIENTED_EDGE ( 'NONE', *, *, #4482, .T. ) ;
#1613 = ORIENTED_EDGE ( 'NONE', *, *, #61, .T. ) ;
#1614 = ORIENTED_EDGE ( 'NONE', *, *, #10824, .T. ) ;
#1615 = VECTOR ( 'NONE', #5726, 1000.000000000000000 ) ;
#1616 = CARTESIAN_POINT ( 'NONE',  ( 32.65666690099477165, 0.000000000000000000, 3.557415261749326874 ) ) ;
#1617 = ADVANCED_FACE ( 'NONE', ( #9625 ), #8642, .F. ) ;
#1618 = DIRECTION ( 'NONE',  ( 1.000000000000000000, 0.000000000000000000, 0.000000000000000000 ) ) ;
#1619 = EDGE_CURVE ( 'NONE', #9955, #9725, #979, .T. ) ;
#1620 = CARTESIAN_POINT ( 'NONE',  ( 3.000000000000000000, 3.000000000000000000, 58.00000000000000000 ) ) ;
#1621 = PERSON_AND_ORGANIZATION ( #12991, #11636 ) ;
#1622 = SECURITY_CLASSIFICATION_LEVEL ( 'unclassified' ) ;
#1623 = PLANE ( 'NONE',  #5546 ) ;
#1624 = DIRECTION ( 'NONE',  ( -0.000000000000000000, 1.000000000000000000, -0.000000000000000000 ) ) ;
#1625 = AXIS2_PLACEMENT_3D ( 'NONE', #11388, #5296, #3321 ) ;
#1626 = VECTOR ( 'NONE', #5534, 1000.000000000000000 ) ;
#1627 = EDGE_LOOP ( 'NONE', ( #5362, #586 ) ) ;
#1628 = CARTESIAN_POINT ( 'NONE',  ( -5.557415261749064861, -10.65666690099488711, 0.000000000000000000 ) ) ;
#1629 = DIRECTION ( 'NONE',  ( -1.000000000000000000, 0.000000000000000000, 0.000000000000000000 ) ) ;
#1630 = ORIENTED_EDGE ( 'NONE', *, *, #9374, .F. ) ;
#1631 = SHAPE_REPRESENTATION_RELATIONSHIP ( 'NONE' , 'NONE' ,  #12773, #12690 ) ;
#1632 = DIRECTION ( 'NONE',  ( 1.000000000000000000, -0.000000000000000000, -0.000000000000000000 ) ) ;
#1633 = ORIENTED_EDGE ( 'NONE', *, *, #12952, .F. ) ;
#1634 = CIRCLE ( 'NONE', #3299, 1.700000000000000178 ) ;
#1635 = LINE ( 'NONE', #839, #3915 ) ;
#1636 = ORIENTED_EDGE ( 'NONE', *, *, #2132, .T. ) ;
#1637 = AXIS2_PLACEMENT_3D ( 'NONE', #2727, #9972, #7967 ) ;
#1638 = AXIS2_PLACEMENT_3D ( 'NONE', #9745, #10744, #12745 ) ;
#1639 = DIRECTION ( 'NONE',  ( 0.000000000000000000, -1.000000000000000000, 0.000000000000000000 ) ) ;
#1640 = EDGE_CURVE ( 'NONE', #9986, #3116, #12436, .T. ) ;
#1641 = APPROVAL_PERSON_ORGANIZATION ( #1298, #2558, #7188 ) ;
#1642 = EDGE_CURVE ( 'NONE', #8908, #8294, #11431, .T. ) ;
#1643 = CARTESIAN_POINT ( 'NONE',  ( -22.00000000000000000, 8.000000000000000000, 24.00000000000000000 ) ) ;
#1644 = ORIENTED_EDGE ( 'NONE', *, *, #10967, .F. ) ;
#1645 = ORIENTED_EDGE ( 'NONE', *, *, #3963, .T. ) ;
#1646 = VECTOR ( 'NONE', #3018, 1000.000000000000000 ) ;
#1647 = DATE_AND_TIME ( #7618, #7593 ) ;
#1648 = CARTESIAN_POINT ( 'NONE',  ( -0.5999999999999998668, 9.000000000000000000, 10.20000000000000107 ) ) ;
#1649 = DATE_AND_TIME ( #4786, #9872 ) ;
#1650 = ORGANIZATION ( 'NAUO-ORG23', 'UNSPECIFIED', 'UNSPECIFIED' ) ;
#1651 = VERTEX_POINT ( 'NONE', #6371 ) ;
#1652 = DIRECTION ( 'NONE',  ( -0.000000000000000000, -0.000000000000000000, -1.000000000000000000 ) ) ;
#1653 = DIRECTION ( 'NONE',  ( 1.000000000000000000, 0.000000000000000000, 0.000000000000000000 ) ) ;
#1654 = DIRECTION ( 'NONE',  ( -0.000000000000000000, 1.000000000000000000, -0.000000000000000000 ) ) ;
#1655 = EDGE_CURVE ( 'NONE', #11445, #1151, #1185, .T. ) ;
#1656 = EDGE_CURVE ( 'NONE', #3851, #10427, #9506, .T. ) ;
#1657 = DIRECTION ( 'NONE',  ( -1.000000000000000000, 0.000000000000000000, 0.000000000000000000 ) ) ;
#1658 = LINE ( 'NONE', #5476, #1681 ) ;
#1659 = CIRCLE ( 'NONE', #3331, 19.00000000000000000 ) ;
#1660 = DATE_TIME_ROLE ( 'classification_date' ) ;
#1661 = CARTESIAN_POINT ( 'NONE',  ( -21.69999999999999929, -14.00000000000000000, -6.000000000000000152E-06 ) ) ;
#1662 = CARTESIAN_POINT ( 'NONE',  ( 124.0000000000000000, 0.000000000000000000, -1.200000000000000030E-05 ) ) ;
#1663 = ORIENTED_EDGE ( 'NONE', *, *, #4481, .F. ) ;
#1664 = VECTOR ( 'NONE', #1847, 1000.000000000000000 ) ;
#1665 = PLANE ( 'NONE',  #2003 ) ;
#1666 = VERTEX_POINT ( 'NONE', #11491 ) ;
#1667 = LOCAL_TIME ( 12, 23, 36.00000000000000000, #3500 ) ;
#1668 = EDGE_LOOP ( 'NONE', ( #7309, #2167, #11349, #8109 ) ) ;
#1669 = DIRECTION ( 'NONE',  ( 0.000000000000000000, 1.000000000000000000, 0.000000000000000000 ) ) ;
#1670 = CARTESIAN_POINT ( 'NONE',  ( 10.01810743134690718, 9.782858279599741635, 10.02233131936447741 ) ) ;
#1671 = EDGE_CURVE ( 'NONE', #9296, #2743, #2436, .T. ) ;
#1672 = PERSON_AND_ORGANIZATION_ROLE ( 'design_supplier' ) ;
#1673 = EDGE_CURVE ( 'NONE', #10478, #9969, #9822, .T. ) ;
#1674 = APPROVAL ( #8447, 'æœª' ) ;
#1675 = CARTESIAN_POINT ( 'NONE',  ( -2.599940775706751861, 0.2933012580821827142, 0.000000000000000000 ) ) ;
#1676 = LINE ( 'NONE', #9715, #234 ) ;
#1677 = ADVANCED_FACE ( 'NONE', ( #5899 ), #8762, .F. ) ;
#1678 = VECTOR ( 'NONE', #5986, 1000.000000000000000 ) ;
#1679 = LOCAL_TIME ( 12, 23, 36.00000000000000000, #12387 ) ;
#1680 = CARTESIAN_POINT ( 'NONE',  ( 137.6568650684230875, -0.4424697499179515714, -0.000000000000000000 ) ) ;
#1681 = VECTOR ( 'NONE', #10635, 1000.000000000000000 ) ;
#1682 = ORIENTED_EDGE ( 'NONE', *, *, #7104, .F. ) ;
#1683 = DIRECTION ( 'NONE',  ( 0.000000000000000000, 0.000000000000000000, -1.000000000000000000 ) ) ;
#1684 = ORIENTED_EDGE ( 'NONE', *, *, #9718, .F. ) ;
#1685 = VECTOR ( 'NONE', #1145, 1000.000000000000000 ) ;
#1686 = VERTEX_POINT ( 'NONE', #6683 ) ;
#1687 = ORIENTED_EDGE ( 'NONE', *, *, #10406, .T. ) ;
#1688 = CARTESIAN_POINT ( 'NONE',  ( 35.00000000000000000, 110.0000000000000000, 28.00000000000000000 ) ) ;
#1689 = CALENDAR_DATE ( 2026, 21, 9 ) ;
#1690 = CARTESIAN_POINT ( 'NONE',  ( 32.04287395702758801, 0.000000000000000000, 5.361190795275187604 ) ) ;
#1691 = CC_DESIGN_PERSON_AND_ORGANIZATION_ASSIGNMENT ( #2204, #10260, ( #1456 ) ) ;
#1692 = ADVANCED_FACE ( 'NONE', ( #8886 ), #1833, .F. ) ;
#1693 = DATE_AND_TIME ( #6591, #6640 ) ;
#1694 = PLANE ( 'NONE',  #855 ) ;
#1695 = CARTESIAN_POINT ( 'NONE',  ( 32.69993048876345654, 0.000000000000000000, 13.22508399488450515 ) ) ;
#1696 = APPROVAL_DATE_TIME ( #2075, #2391 ) ;
#1697 = DIRECTION ( 'NONE',  ( 1.000000000000000000, 0.000000000000000000, 0.000000000000000000 ) ) ;
#1698 = VECTOR ( 'NONE', #12396, 1000.000000000000000 ) ;
#1699 = VECTOR ( 'NONE', #2944, 1000.000000000000000 ) ;
#1700 = VECTOR ( 'NONE', #9428, 1000.000000000000000 ) ;
#1701 = ORIENTED_EDGE ( 'NONE', *, *, #6073, .F. ) ;
#1702 = CARTESIAN_POINT ( 'NONE',  ( 5.774916005114157258, -7.299930488764021064, -0.000000000000000000 ) ) ;
#1703 = VECTOR ( 'NONE', #3238, 1000.000000000000000 ) ;
#1704 = ORIENTED_EDGE ( 'NONE', *, *, #7003, .T. ) ;
#1705 = ORIENTED_EDGE ( 'NONE', *, *, #9718, .T. ) ;
#1706 = APPROVAL_STATUS ( 'not_yet_approved' ) ;
#1707 = VECTOR ( 'NONE', #2982, 1000.000000000000000 ) ;
#1708 = DIRECTION ( 'NONE',  ( -1.000000000000000000, 0.000000000000000000, 0.000000000000000000 ) ) ;
#1709 = DIRECTION ( 'NONE',  ( -1.000000000000000000, 0.000000000000000000, 0.000000000000000000 ) ) ;
#1710 = VERTEX_POINT ( 'NONE', #6937 ) ;
#1711 = ORIENTED_EDGE ( 'NONE', *, *, #8972, .T. ) ;
#1712 = SECURITY_CLASSIFICATION_LEVEL ( 'unclassified' ) ;
#1713 = EDGE_CURVE ( 'NONE', #3796, #12979, #1470, .T. ) ;
#1714 = ORIENTED_EDGE ( 'NONE', *, *, #10697, .F. ) ;
#1715 = PLANE ( 'NONE',  #7334 ) ;
#1716 = DIRECTION ( 'NONE',  ( -1.000000000000000000, -0.000000000000000000, -0.000000000000000000 ) ) ;
#1717 = DIRECTION ( 'NONE',  ( 0.000000000000000000, 1.000000000000000000, 0.000000000000000000 ) ) ;
#1718 = VECTOR ( 'NONE', #12439, 1000.000000000000000 ) ;
#1719 = DIRECTION ( 'NONE',  ( 0.000000000000000000, 1.000000000000000000, 0.000000000000000000 ) ) ;
#1720 = FACE_OUTER_BOUND ( 'NONE', #7269, .T. ) ;
#1721 = APPROVAL_STATUS ( 'not_yet_approved' ) ;
#1722 = DIRECTION ( 'NONE',  ( 1.000000000000000000, -0.000000000000000000, -0.000000000000000000 ) ) ;
#1723 = CARTESIAN_POINT ( 'NONE',  ( 30.77491600510868608, 67.70006951123356487, -0.000000000000000000 ) ) ;
#1724 = VERTEX_POINT ( 'NONE', #2874 ) ;
#1725 = EDGE_CURVE ( 'NONE', #12372, #5451, #10940, .T. ) ;
#1726 = APPROVAL_PERSON_ORGANIZATION ( #11939, #6222, #2946 ) ;
#1727 = CARTESIAN_POINT ( 'NONE',  ( -7.957027739238696107, 58.36128909900575223, -0.000000000000000000 ) ) ;
#1728 = VERTEX_POINT ( 'NONE', #9755 ) ;
#1729 = DIRECTION ( 'NONE',  ( 1.000000000000000000, 0.000000000000000000, 0.000000000000000000 ) ) ;
#1730 = LINE ( 'NONE', #3868, #4592 ) ;
#1731 = EDGE_CURVE ( 'NONE', #11215, #4329, #11947, .T. ) ;
#1732 = CARTESIAN_POINT ( 'NONE',  ( -0.8804363128452402654, 2.463541317978307887, -0.000000000000000000 ) ) ;
#1733 = CARTESIAN_POINT ( 'NONE',  ( -21.00000000000000000, 0.000000000000000000, 17.00000000000000000 ) ) ;
#1734 = CC_DESIGN_APPROVAL ( #1172, ( #6949 ) ) ;
#1735 = DIRECTION ( 'NONE',  ( -0.000000000000000000, -0.000000000000000000, -1.000000000000000000 ) ) ;
#1736 = EDGE_CURVE ( 'NONE', #7998, #6944, #910, .T. ) ;
#1737 = EDGE_CURVE ( 'NONE', #4366, #274, #8701, .T. ) ;
#1738 = ORIENTED_EDGE ( 'NONE', *, *, #11356, .T. ) ;
#1739 = CYLINDRICAL_SURFACE ( 'NONE', #8790, 30.00000000000000000 ) ;
#1740 = ORIENTED_EDGE ( 'NONE', *, *, #3983, .T. ) ;
#1741 = LOCAL_TIME ( 12, 23, 36.00000000000000000, #8215 ) ;
#1742 = ORIENTED_EDGE ( 'NONE', *, *, #11662, .F. ) ;
#1743 = CARTESIAN_POINT ( 'NONE',  ( -0.6000001182283759560, 2.529936706146719949, -8.999999999999988370E-06 ) ) ;
#1744 = ORIENTED_EDGE ( 'NONE', *, *, #6189, .T. ) ;
#1745 = LINE ( 'NONE', #6971, #11575 ) ;
#1746 = DIRECTION ( 'NONE',  ( -1.000000000000000000, 0.000000000000000000, -0.000000000000000000 ) ) ;
#1747 = CALENDAR_DATE ( 2026, 21, 9 ) ;
#1748 = PERSON_AND_ORGANIZATION ( #9668, #2265 ) ;
#1749 = CARTESIAN_POINT ( 'NONE',  ( 0.000000000000000000, 149.0000000000000000, 83.00000000000000000 ) ) ;
#1750 = FACE_OUTER_BOUND ( 'NONE', #4754, .T. ) ;
#1751 = EDGE_LOOP ( 'NONE', ( #9591, #4052 ) ) ;
#1752 = CC_DESIGN_PERSON_AND_ORGANIZATION_ASSIGNMENT ( #7404, #12674, ( #9201 ) ) ;
#1753 = CARTESIAN_POINT ( 'NONE',  ( 0.000000000000000000, 70.00000000000000000, -1.200000000000000030E-05 ) ) ;
#1754 = ADVANCED_BREP_SHAPE_REPRESENTATION ( '', ( #3234, #1284 ), #7585 ) ;
#1755 = CC_DESIGN_DATE_AND_TIME_ASSIGNMENT ( #1041, #2089, ( #10151 ) ) ;
#1756 = ORIENTED_EDGE ( 'NONE', *, *, #6994, .F. ) ;
#1757 = LINE ( 'NONE', #2855, #6818 ) ;
#1758 = ORIENTED_EDGE ( 'NONE', *, *, #11536, .F. ) ;
#1759 = VERTEX_POINT ( 'NONE', #7684 ) ;
#1760 = COORDINATED_UNIVERSAL_TIME_OFFSET ( 5, 0, .BEHIND. ) ;
#1761 = VECTOR ( 'NONE', #1505, 1000.000000000000000 ) ;
#1762 = DIRECTION ( 'NONE',  ( -0.000000000000000000, -1.000000000000000000, -0.000000000000000000 ) ) ;
#1763 = CARTESIAN_POINT ( 'NONE',  ( 21.69999999999999574, 13.77438419509227430, -0.000000000000000000 ) ) ;
#1764 = VERTEX_POINT ( 'NONE', #2693 ) ;
#1765 = EDGE_CURVE ( 'NONE', #389, #6770, #10759, .T. ) ;
#1766 = VERTEX_POINT ( 'NONE', #5718 ) ;
#1767 = APPROVAL_STATUS ( 'not_yet_approved' ) ;
#1768 = DATE_AND_TIME ( #3795, #8156 ) ;
#1769 = ORIENTED_EDGE ( 'NONE', *, *, #11267, .T. ) ;
#1770 = CYLINDRICAL_SURFACE ( 'NONE', #11979, 14.00000000000000000 ) ;
#1771 = CARTESIAN_POINT ( 'NONE',  ( -9.000000000000000000, -6.000000000000000152E-06, 5.700000000000000178 ) ) ;
#1772 = CARTESIAN_POINT ( 'NONE',  ( 35.00000000000000000, 0.000000000000000000, 4.000000000000000000 ) ) ;
#1773 = CARTESIAN_POINT ( 'NONE',  ( -9.858485730201509867, 64.51560493047468015, 0.000000000000000000 ) ) ;
#1774 = DATE_AND_TIME ( #2635, #9094 ) ;
#1775 = EDGE_CURVE ( 'NONE', #8441, #3135, #4728, .T. ) ;
#1776 = CARTESIAN_POINT ( 'NONE',  ( 125.3611907952777784, 1.042873957027442122, 0.000000000000000000 ) ) ;
#1777 = DIRECTION ( 'NONE',  ( 1.000000000000000000, 0.000000000000000000, 0.000000000000000000 ) ) ;
#1778 = EDGE_LOOP ( 'NONE', ( #1447, #7776, #3179, #4789 ) ) ;
#1779 = CARTESIAN_POINT ( 'NONE',  ( -7.515476490455951009, 57.85853893178961016, -0.000000000000000000 ) ) ;
#1780 = ORIENTED_EDGE ( 'NONE', *, *, #8042, .T. ) ;
#1781 = EDGE_LOOP ( 'NONE', ( #11732, #2465 ) ) ;
#1782 = CARTESIAN_POINT ( 'NONE',  ( 0.5999999999999998668, 9.000000000000000000, 10.00000000000000000 ) ) ;
#1783 = CARTESIAN_POINT ( 'NONE',  ( 19.77491600511317316, -15.69993048876420438, 0.000000000000000000 ) ) ;
#1784 = PERSON_AND_ORGANIZATION ( #12991, #11636 ) ;
#1785 = CARTESIAN_POINT ( 'NONE',  ( -18.34333309900548770, 0.000000000000000000, 11.55741526174869271 ) ) ;
#1786 = FACE_OUTER_BOUND ( 'NONE', #12341, .T. ) ;
#1787 = ADVANCED_FACE ( 'NONE', ( #9812 ), #4793, .F. ) ;
#1788 = DIRECTION ( 'NONE',  ( -1.000000000000000000, 0.000000000000000000, 0.000000000000000000 ) ) ;
#1789 = DIRECTION ( 'NONE',  ( -0.000000000000000000, -0.000000000000000000, -1.000000000000000000 ) ) ;
#1790 = CIRCLE ( 'NONE', #747, 1.700000000000000178 ) ;
#1791 = COORDINATED_UNIVERSAL_TIME_OFFSET ( 5, 0, .BEHIND. ) ;
#1792 = VERTEX_POINT ( 'NONE', #6797 ) ;
#1793 = CARTESIAN_POINT ( 'NONE',  ( -30.50000000000000000, -10.00000000000000000, 25.00000000000000000 ) ) ;
#1794 = ORIENTED_EDGE ( 'NONE', *, *, #301, .T. ) ;
#1795 = ORIENTED_EDGE ( 'NONE', *, *, #4637, .F. ) ;
#1796 = FACE_BOUND ( 'NONE', #2867, .T. ) ;
#1797 = ORIENTED_EDGE ( 'NONE', *, *, #10156, .F. ) ;
#1798 = PERSON_AND_ORGANIZATION ( #12991, #11636 ) ;
#1799 = LINE ( 'NONE', #9052, #9272 ) ;
#1800 = CARTESIAN_POINT ( 'NONE',  ( 0.5999999999999997558, 13.98713694792468942, 12.00000000000000000 ) ) ;
#1801 = VECTOR ( 'NONE', #213, 1000.000000000000000 ) ;
#1802 = EDGE_CURVE ( 'NONE', #6480, #1128, #8212, .T. ) ;
#1803 = CARTESIAN_POINT ( 'NONE',  ( -15.19999999999999929, -2.000000000000000000, 3.000000000000000000 ) ) ;
#1804 = DATE_AND_TIME ( #761, #9193 ) ;
#1805 = EDGE_CURVE ( 'NONE', #12934, #10497, #1503, .T. ) ;
#1806 = APPROVAL_ROLE ( '' ) ;
#1807 = CARTESIAN_POINT ( 'NONE',  ( -8.099999999999999645, 70.00000000000000000, 0.000000000000000000 ) ) ;
#1808 = DIRECTION ( 'NONE',  ( -0.000000000000000000, -0.000000000000000000, 1.000000000000000000 ) ) ;
#1809 = ORIENTED_EDGE ( 'NONE', *, *, #3790, .T. ) ;
#1810 = CARTESIAN_POINT ( 'NONE',  ( -15.70000000000000284, 0.000000000000000000, 2.000000000000000000 ) ) ;
#1811 = ORIENTED_EDGE ( 'NONE', *, *, #4562, .F. ) ;
#1812 = CARTESIAN_POINT ( 'NONE',  ( 31.00000000000000000, 8.000000000000000000, 14.69999999999999929 ) ) ;
#1813 = VECTOR ( 'NONE', #8011, 1000.000000000000000 ) ;
#1814 = VECTOR ( 'NONE', #94, 1000.000000000000000 ) ;
#1815 = EDGE_LOOP ( 'NONE', ( #8924, #12212, #7472, #8398 ) ) ;
#1816 = EDGE_LOOP ( 'NONE', ( #9093, #7038 ) ) ;
#1817 = CARTESIAN_POINT ( 'NONE',  ( 0.000000000000000000, 6.735557395310441037E-16, 26.00000000000000000 ) ) ;
#1818 = ADVANCED_FACE ( 'NONE', ( #12133, #49, #5045, #3144, #5174, #1101, #1233, #4121, #4199, #3062, #3203, #5251, #3997 ), #4057, .T. ) ;
#1819 = CC_DESIGN_PERSON_AND_ORGANIZATION_ASSIGNMENT ( #6447, #1477, ( #12295 ) ) ;
#1820 = CIRCLE ( 'NONE', #10486, 14.00000000000000000 ) ;
#1821 = AXIS2_PLACEMENT_3D ( 'NONE', #5656, #667, #5472 ) ;
#1822 = APPROVAL_PERSON_ORGANIZATION ( #2629, #4498, #11202 ) ;
#1823 = FACE_OUTER_BOUND ( 'NONE', #44, .T. ) ;
#1824 = EDGE_LOOP ( 'NONE', ( #3304, #3326, #10492, #6588 ) ) ;
#1825 = ORIENTED_EDGE ( 'NONE', *, *, #3660, .T. ) ;
#1826 = CALENDAR_DATE ( 2026, 21, 9 ) ;
#1827 = EDGE_LOOP ( 'NONE', ( #5991, #4282, #2599, #7606 ) ) ;
#1828 = AXIS2_PLACEMENT_3D ( 'NONE', #4778, #655, #1708 ) ;
#1829 = COORDINATED_UNIVERSAL_TIME_OFFSET ( 5, 0, .BEHIND. ) ;
#1830 = APPROVAL_PERSON_ORGANIZATION ( #6469, #2391, #4394 ) ;
#1831 = CARTESIAN_POINT ( 'NONE',  ( -2.533830729021401940, -0.6767371672058377641, -0.000000000000000000 ) ) ;
#1832 =( REPRESENTATION_RELATIONSHIP ('NONE','NONE', #6877, #5874 ) REPRESENTATION_RELATIONSHIP_WITH_TRANSFORMATION ( #4078 )SHAPE_REPRESENTATION_RELATIONSHIP( ) );
#1833 = PLANE ( 'NONE',  #2666 ) ;
#1834 = VECTOR ( 'NONE', #4669, 1000.000000000000000 ) ;
#1835 = EDGE_CURVE ( 'NONE', #7617, #6542, #11335, .T. ) ;
#1836 = FACE_OUTER_BOUND ( 'NONE', #1827, .T. ) ;
#1837 = CARTESIAN_POINT ( 'NONE',  ( 15.19999999999999929, -2.000000000000000000, -1.200000000000000030E-05 ) ) ;
#1838 = PERSON_AND_ORGANIZATION_ROLE ( 'creator' ) ;
#1839 = EDGE_CURVE ( 'NONE', #2903, #12661, #9014, .T. ) ;
#1840 = CARTESIAN_POINT ( 'NONE',  ( 0.000000000000000000, 1.300000000000000044, 16.00000000000000000 ) ) ;
#1841 = VECTOR ( 'NONE', #2793, 1000.000000000000000 ) ;
#1842 = CC_DESIGN_SECURITY_CLASSIFICATION ( #11762, ( #13085 ) ) ;
#1843 = LINE ( 'NONE', #5553, #432 ) ;
#1844 = CARTESIAN_POINT ( 'NONE',  ( 10.00000000000000000, -10.00000000000000000, 35.00000000000000000 ) ) ;
#1845 = DIRECTION ( 'NONE',  ( 1.000000000000000000, -0.000000000000000000, 0.000000000000000000 ) ) ;
#1846 = ORIENTED_EDGE ( 'NONE', *, *, #6573, .T. ) ;
#1847 = DIRECTION ( 'NONE',  ( -0.000000000000000000, -1.000000000000000000, -0.000000000000000000 ) ) ;
#1848 = FACE_OUTER_BOUND ( 'NONE', #2609, .T. ) ;
#1849 = AXIS2_PLACEMENT_3D ( 'NONE', #3453, #7441, #5914 ) ;
#1850 = CARTESIAN_POINT ( 'NONE',  ( 21.48432534211531220, -14.85865392012669872, 0.000000000000000000 ) ) ;
#1851 = DIRECTION ( 'NONE',  ( 0.000000000000000000, 0.000000000000000000, -1.000000000000000000 ) ) ;
#1852 = PLANE ( 'NONE',  #6509 ) ;
#1853 = DIRECTION ( 'NONE',  ( 0.000000000000000000, 0.000000000000000000, 1.000000000000000000 ) ) ;
#1854 = VECTOR ( 'NONE', #2707, 1000.000000000000000 ) ;
#1855 = DIRECTION ( 'NONE',  ( -1.000000000000000000, 0.000000000000000000, -0.000000000000000000 ) ) ;
#1856 = APPROVAL_PERSON_ORGANIZATION ( #4723, #5202, #6554 ) ;
#1857 = ORIENTED_EDGE ( 'NONE', *, *, #9878, .T. ) ;
#1858 = ORIENTED_EDGE ( 'NONE', *, *, #8744, .F. ) ;
#1859 = EDGE_CURVE ( 'NONE', #1341, #6969, #6996, .T. ) ;
#1860 = ORIENTED_EDGE ( 'NONE', *, *, #2585, .F. ) ;
#1861 = FACE_OUTER_BOUND ( 'NONE', #2904, .T. ) ;
#1862 = EDGE_LOOP ( 'NONE', ( #6808, #3827, #552, #2611, #5569, #8385 ) ) ;
#1863 = SECURITY_CLASSIFICATION_LEVEL ( 'unclassified' ) ;
#1864 = CARTESIAN_POINT ( 'NONE',  ( 13.77491600510831482, 71.70006951123355066, -0.000000000000000000 ) ) ;
#1865 = APPROVAL_ROLE ( '' ) ;
#1866 = DIRECTION ( 'NONE',  ( -0.000000000000000000, -0.000000000000000000, 1.000000000000000000 ) ) ;
#1867 = LINE ( 'NONE', #1800, #223 ) ;
#1868 = CARTESIAN_POINT ( 'NONE',  ( 0.000000000000000000, 0.000000000000000000, 0.000000000000000000 ) ) ;
#1869 = DATE_AND_TIME ( #1747, #3076 ) ;
#1870 = APPROVAL_STATUS ( 'not_yet_approved' ) ;
#1871 = APPROVAL_DATE_TIME ( #1939, #11828 ) ;
#1872 = DIRECTION ( 'NONE',  ( -0.000000000000000000, 1.000000000000000000, 0.000000000000000000 ) ) ;
#1873 = DIRECTION ( 'NONE',  ( 1.000000000000000000, 0.000000000000000000, 0.000000000000000000 ) ) ;
#1874 = ORIENTED_EDGE ( 'NONE', *, *, #3348, .F. ) ;
#1875 = DIRECTION ( 'NONE',  ( -0.000000000000000000, -0.000000000000000000, -1.000000000000000000 ) ) ;
#1876 = AXIS2_PLACEMENT_3D ( 'NONE', #6191, #4250, #10466 ) ;
#1877 = AXIS2_PLACEMENT_3D ( 'NONE', #10283, #8075, #6022 ) ;
#1878 = ORIENTED_EDGE ( 'NONE', *, *, #12568, .F. ) ;
#1879 = CARTESIAN_POINT ( 'NONE',  ( -10.50000000000000000, -1.300000000000000044, -0.09997027095160138099 ) ) ;
#1880 = DIRECTION ( 'NONE',  ( 0.000000000000000000, 0.000000000000000000, 1.000000000000000000 ) ) ;
#1881 = EDGE_CURVE ( 'NONE', #8151, #5451, #6014, .T. ) ;
#1882 = CARTESIAN_POINT ( 'NONE',  ( 0.000000000000000000, 27.50000000000000000, 58.00000000000000000 ) ) ;
#1883 = ORIENTED_EDGE ( 'NONE', *, *, #7822, .F. ) ;
#1884 = VERTEX_POINT ( 'NONE', #9082 ) ;
#1885 = EDGE_CURVE ( 'NONE', #8190, #384, #8428, .T. ) ;
#1886 = DIRECTION ( 'NONE',  ( 1.000000000000000000, 0.000000000000000000, 0.000000000000000000 ) ) ;
#1887 = CIRCLE ( 'NONE', #2738, 1.700000000000000178 ) ;
#1888 = EDGE_CURVE ( 'NONE', #11587, #11026, #11413, .T. ) ;
#1889 = VECTOR ( 'NONE', #7257, 1000.000000000000000 ) ;
#1890 = APPROVAL_DATE_TIME ( #7992, #9896 ) ;
#1891 = AXIS2_PLACEMENT_3D ( 'NONE', #3520, #4633, #11577 ) ;
#1892 = CARTESIAN_POINT ( 'NONE',  ( -21.00000000000000000, -12.00000000000000000, 3.000000000000000000 ) ) ;
#1893 = ORIENTED_EDGE ( 'NONE', *, *, #2850, .F. ) ;
#1894 = DIRECTION ( 'NONE',  ( 0.000000000000000000, 0.000000000000000000, -1.000000000000000000 ) ) ;
#1895 = EDGE_LOOP ( 'NONE', ( #166, #2223, #6462, #8208 ) ) ;
#1896 = EDGE_CURVE ( 'NONE', #8601, #8188, #5520, .T. ) ;
#1897 = ADVANCED_FACE ( 'NONE', ( #12489 ), #6355, .F. ) ;
#1898 = CIRCLE ( 'NONE', #1055, 2.500000000000000000 ) ;
#1899 = VERTEX_POINT ( 'NONE', #7413 ) ;
#1900 = VECTOR ( 'NONE', #3312, 1000.000000000000000 ) ;
#1901 = CARTESIAN_POINT ( 'NONE',  ( 0.3444314227433183939, -2.600069548653550555, -0.000000000000000000 ) ) ;
#1902 = DIRECTION ( 'NONE',  ( 0.000000000000000000, 0.000000000000000000, 1.000000000000000000 ) ) ;
#1903 = CARTESIAN_POINT ( 'NONE',  ( 20.44258473825274791, -0.000000000000000000, 13.65666690099345892 ) ) ;
#1904 = DIRECTION ( 'NONE',  ( 0.000000000000000000, 0.000000000000000000, 1.000000000000000000 ) ) ;
#1905 = DATE_AND_TIME ( #190, #9536 ) ;
#1906 = VECTOR ( 'NONE', #12591, 1000.000000000000000 ) ;
#1907 = CARTESIAN_POINT ( 'NONE',  ( -10.72380529476361133, 9.000000000000000000, 6.800000000000000711 ) ) ;
#1908 = DIRECTION ( 'NONE',  ( -0.000000000000000000, 1.000000000000000000, -0.000000000000000000 ) ) ;
#1909 = DIRECTION ( 'NONE',  ( 0.000000000000000000, -1.000000000000000000, 0.000000000000000000 ) ) ;
#1910 = EDGE_LOOP ( 'NONE', ( #8488, #2809, #3386, #10784 ) ) ;
#1911 = CARTESIAN_POINT ( 'NONE',  ( 35.00000000000000000, 110.0000000000000000, -27.00000000000000000 ) ) ;
#1912 = CC_DESIGN_DATE_AND_TIME_ASSIGNMENT ( #11312, #3244, ( #10051 ) ) ;
#1913 = PLANE ( 'NONE',  #2642 ) ;
#1914 = PRODUCT_DEFINITION ( 'æœ', '', #6742, #5134 ) ;
#1915 = ORIENTED_EDGE ( 'NONE', *, *, #357, .F. ) ;
#1916 = DATE_AND_TIME ( #7829, #13012 ) ;
#1917 = DIRECTION ( 'NONE',  ( 0.000000000000000000, 0.000000000000000000, -1.000000000000000000 ) ) ;
#1918 = PLANE ( 'NONE',  #2887 ) ;
#1919 = PERSON_AND_ORGANIZATION ( #12991, #11636 ) ;
#1920 = CARTESIAN_POINT ( 'NONE',  ( 11.90496487544927184, 7.367007609010136626, 10.48855529786681018 ) ) ;
#1921 = CARTESIAN_POINT ( 'NONE',  ( 0.000000000000000000, 0.000000000000000000, 35.00000000000000000 ) ) ;
#1922 = ITEM_DEFINED_TRANSFORMATION ( 'NONE', 'NONE', #1518,  #1284 ) ;
#1923 = CARTESIAN_POINT ( 'NONE',  ( -11.33007903152183538, 8.227199449369724249, 6.972143258695725265 ) ) ;
#1924 = CC_DESIGN_APPROVAL ( #9665, ( #5290 ) ) ;
#1925 = DIRECTION ( 'NONE',  ( -0.000000000000000000, -0.000000000000000000, 1.000000000000000000 ) ) ;
#1926 = DIRECTION ( 'NONE',  ( -0.000000000000000000, -0.000000000000000000, -1.000000000000000000 ) ) ;
#1927 = ADVANCED_FACE ( 'NONE', ( #9355 ), #11671, .F. ) ;
#1928 = EDGE_LOOP ( 'NONE', ( #8535, #5055, #10467, #7076 ) ) ;
#1929 = DIRECTION ( 'NONE',  ( 1.000000000000000000, 0.000000000000000000, 0.000000000000000000 ) ) ;
#1930 = ORIENTED_EDGE ( 'NONE', *, *, #9008, .T. ) ;
#1931 = DIRECTION ( 'NONE',  ( 0.000000000000000000, 0.000000000000000000, -1.000000000000000000 ) ) ;
#1932 = EDGE_LOOP ( 'NONE', ( #9721, #12349, #10246, #12792 ) ) ;
#1933 =( REPRESENTATION_RELATIONSHIP ('NONE','NONE', #6877, #7667 ) REPRESENTATION_RELATIONSHIP_WITH_TRANSFORMATION ( #4953 )SHAPE_REPRESENTATION_RELATIONSHIP( ) );
#1934 = COORDINATED_UNIVERSAL_TIME_OFFSET ( 5, 0, .BEHIND. ) ;
#1935 = CARTESIAN_POINT ( 'NONE',  ( 15.04297226075843419, 71.36128909900689621, -0.000000000000000000 ) ) ;
#1936 = LOCAL_TIME ( 12, 23, 36.00000000000000000, #9235 ) ;
#1937 = DIRECTION ( 'NONE',  ( 0.000000000000000000, 0.000000000000000000, 1.000000000000000000 ) ) ;
#1938 = CARTESIAN_POINT ( 'NONE',  ( 31.00000000000000355, -6.000000000000000152E-06, 11.29999999999999893 ) ) ;
#1939 = DATE_AND_TIME ( #11853, #12191 ) ;
#1940 = PLANE ( 'NONE',  #6574 ) ;
#1941 = EDGE_CURVE ( 'NONE', #2068, #8367, #2617, .T. ) ;
#1942 = DIRECTION ( 'NONE',  ( -1.000000000000000000, 0.000000000000000000, -0.000000000000000000 ) ) ;
#1943 = ORIENTED_EDGE ( 'NONE', *, *, #774, .T. ) ;
#1944 = DIRECTION ( 'NONE',  ( 0.000000000000000000, 0.000000000000000000, 1.000000000000000000 ) ) ;
#1945 = LOCAL_TIME ( 12, 23, 36.00000000000000000, #1443 ) ;
#1946 = ORIENTED_EDGE ( 'NONE', *, *, #3052, .T. ) ;
#1947 = CARTESIAN_POINT ( 'NONE',  ( -8.099999999999999645, 70.00000000000000000, 5.200000000000000178 ) ) ;
#1948 = LINE ( 'NONE', #11986, #12218 ) ;
#1949 = ORIENTED_EDGE ( 'NONE', *, *, #7988, .F. ) ;
#1950 = VERTEX_POINT ( 'NONE', #2488 ) ;
#1951 = CARTESIAN_POINT ( 'NONE',  ( 11.50000000000000000, -6.000000000000000000, 22.00000000000000000 ) ) ;
#1952 = CARTESIAN_POINT ( 'NONE',  ( -12.00000000000000000, 7.000000000000000000, 3.299999999999999822 ) ) ;
#1953 = B_SPLINE_CURVE_WITH_KNOTS ( 'NONE', 3,
 ( #10547, #5571, #7471, #2483, #6478, #1511, #5516, #9550, #6540, #523, #12614, #11605, #3118, #9190, #6132, #6190, #7982, #12115 ),
 .UNSPECIFIED., .F., .F.,
 ( 4, 2, 2, 2, 2, 2, 2, 2, 4 ),
 ( 0.5000000000000000000, 0.5625000000000000000, 0.6250000000000000000, 0.6875000000000000000, 0.7500000000000000000, 0.8125000000000000000, 0.8750000000000000000, 0.9375000000000000000, 1.000000000000000000 ),
 .UNSPECIFIED. ) ;
#1954 = EDGE_CURVE ( 'NONE', #1303, #6043, #8246, .T. ) ;
#1955 = FACE_BOUND ( 'NONE', #1293, .T. ) ;
#1956 = ORIENTED_EDGE ( 'NONE', *, *, #2092, .F. ) ;
#1957 = VERTEX_POINT ( 'NONE', #11539 ) ;
#1958 = VERTEX_POINT ( 'NONE', #7345 ) ;
#1959 = FACE_BOUND ( 'NONE', #4317, .T. ) ;
#1960 = DIRECTION ( 'NONE',  ( -0.000000000000000000, -0.000000000000000000, -1.000000000000000000 ) ) ;
#1961 = CARTESIAN_POINT ( 'NONE',  ( 21.48452350954438472, -0.000000000000000000, 11.14146106821127091 ) ) ;
#1962 = DIRECTION ( 'NONE',  ( -1.000000000000000000, 0.000000000000000000, 0.000000000000000000 ) ) ;
#1963 = APPROVAL_DATE_TIME ( #111, #10555 ) ;
#1964 = EDGE_CURVE ( 'NONE', #1728, #3406, #11570, .T. ) ;
#1965 = DIRECTION ( 'NONE',  ( -0.000000000000000000, 1.000000000000000000, -0.000000000000000000 ) ) ;
#1966 = ADVANCED_FACE ( 'NONE', ( #10861 ), #8746, .F. ) ;
#1967 = CARTESIAN_POINT ( 'NONE',  ( 123.1414610682127631, 1.484523509544901643, -0.000000000000000000 ) ) ;
#1968 = ORIENTED_EDGE ( 'NONE', *, *, #2927, .F. ) ;
#1969 = CARTESIAN_POINT ( 'NONE',  ( 0.000000000000000000, 0.000000000000000000, 0.000000000000000000 ) ) ;
#1970 = PLANE ( 'NONE',  #12599 ) ;
#1971 = ORIENTED_EDGE ( 'NONE', *, *, #3919, .T. ) ;
#1972 = FACE_OUTER_BOUND ( 'NONE', #9874, .T. ) ;
#1973 = CARTESIAN_POINT ( 'NONE',  ( 0.5999999999999999778, 2.200000000000000178, 12.00000000000000000 ) ) ;
#1974 = CARTESIAN_POINT ( 'NONE',  ( 0.000000000000000000, 70.00000000000000000, -1.200000000000000030E-05 ) ) ;
#1975 = CARTESIAN_POINT ( 'NONE',  ( -11.50000000000000000, 6.000000000000000000, 0.000000000000000000 ) ) ;
#1976 = PERSON_AND_ORGANIZATION ( #12991, #11636 ) ;
#1977 = CARTESIAN_POINT ( 'NONE',  ( 10.72380529476361133, 9.000000000000000000, 8.300000000000000711 ) ) ;
#1978 = DIRECTION ( 'NONE',  ( 0.000000000000000000, -0.000000000000000000, 1.000000000000000000 ) ) ;
#1979 = VECTOR ( 'NONE', #6943, 1000.000000000000000 ) ;
#1980 = CC_DESIGN_DATE_AND_TIME_ASSIGNMENT ( #10815, #7253, ( #11949 ) ) ;
#1981 = APPROVAL ( #1870, 'æœª' ) ;
#1982 = CARTESIAN_POINT ( 'NONE',  ( -5.799999999999999822, 70.00000000000000000, 5.200000000000000178 ) ) ;
#1983 = DIRECTION ( 'NONE',  ( 0.000000000000000000, -0.000000000000000000, -1.000000000000000000 ) ) ;
#1984 = LINE ( 'NONE', #601, #4138 ) ;
#1985 = ORIENTED_EDGE ( 'NONE', *, *, #5270, .T. ) ;
#1986 = FACE_OUTER_BOUND ( 'NONE', #5501, .T. ) ;
#1987 = ORIENTED_EDGE ( 'NONE', *, *, #11473, .T. ) ;
#1988 = ORIENTED_EDGE ( 'NONE', *, *, #12795, .F. ) ;
#1989 = CARTESIAN_POINT ( 'NONE',  ( 14.85848573020187935, 71.48439506952531985, 0.000000000000000000 ) ) ;
#1990 = DIRECTION ( 'NONE',  ( -1.000000000000000000, 0.000000000000000000, 0.000000000000000000 ) ) ;
#1991 = DIRECTION ( 'NONE',  ( -1.000000000000000000, 0.000000000000000000, 0.000000000000000000 ) ) ;
#1992 = EDGE_CURVE ( 'NONE', #12929, #4192, #5617, .T. ) ;
#1993 = CALENDAR_DATE ( 2026, 21, 9 ) ;
#1994 = DIRECTION ( 'NONE',  ( 0.000000000000000000, 0.000000000000000000, 1.000000000000000000 ) ) ;
#1995 = FACE_OUTER_BOUND ( 'NONE', #8402, .T. ) ;
#1996 = LINE ( 'NONE', #11784, #1707 ) ;
#1997 = APPLICATION_CONTEXT ( 'configuration controlled 3d designs of mechanical parts and assemblies' ) ;
#1998 = VERTEX_POINT ( 'NONE', #9797 ) ;
#1999 = DIRECTION ( 'NONE',  ( 1.000000000000000000, 0.000000000000000000, 0.000000000000000000 ) ) ;
#2000 = CARTESIAN_POINT ( 'NONE',  ( -11.63076285169010582, 7.793297916477738951, 11.20256825068237916 ) ) ;
#2001 = ORIENTED_EDGE ( 'NONE', *, *, #9770, .F. ) ;
#2002 = ORIENTED_EDGE ( 'NONE', *, *, #929, .T. ) ;
#2003 = AXIS2_PLACEMENT_3D ( 'NONE', #8653, #2772, #3691 ) ;
#2004 = EDGE_CURVE ( 'NONE', #8476, #2400, #5810, .T. ) ;
#2005 = DIRECTION ( 'NONE',  ( -0.000000000000000000, -0.000000000000000000, -1.000000000000000000 ) ) ;
#2006 = DIRECTION ( 'NONE',  ( -0.000000000000000000, 1.000000000000000000, -0.000000000000000000 ) ) ;
#2007 = PLANE ( 'NONE',  #12366 ) ;
#2008 = VECTOR ( 'NONE', #2751, 1000.000000000000000 ) ;
#2009 = ORIENTED_EDGE ( 'NONE', *, *, #10094, .T. ) ;
#2010 = EDGE_LOOP ( 'NONE', ( #6004, #8186 ) ) ;
#2011 = ORIENTED_EDGE ( 'NONE', *, *, #357, .T. ) ;
#2012 = EDGE_CURVE ( 'NONE', #10331, #12372, #3789, .T. ) ;
#2013 = CARTESIAN_POINT ( 'NONE',  ( 31.19999999999999929, 59.50000000000000000, 6.000000000000000000 ) ) ;
#2014 = VECTOR ( 'NONE', #722, 1000.000000000000000 ) ;
#2015 = EDGE_CURVE ( 'NONE', #4191, #12845, #8812, .T. ) ;
#2016 = DIRECTION ( 'NONE',  ( 0.000000000000000000, 1.000000000000000000, 0.000000000000000000 ) ) ;
#2017 = LINE ( 'NONE', #5678, #5854 ) ;
#2018 = CARTESIAN_POINT ( 'NONE',  ( -32.00000000000000000, 5.000000000000000000, -1.200000000000000030E-05 ) ) ;
#2019 = CARTESIAN_POINT ( 'NONE',  ( -15.70000000000000284, 0.000000000000000000, 0.000000000000000000 ) ) ;
#2020 = PERSON_AND_ORGANIZATION ( #12991, #11636 ) ;
#2021 = CARTESIAN_POINT ( 'NONE',  ( -9.511878329221133299, 10.27300072430434952, 7.367760934432131315 ) ) ;
#2022 = EDGE_LOOP ( 'NONE', ( #6787, #12804, #10062, #5118, #11772, #8313, #12394, #5245, #2565, #10629, #9468, #4927 ) ) ;
#2023 = CARTESIAN_POINT ( 'NONE',  ( 0.000000000000000000, -2.000000000000000000, -0.000000000000000000 ) ) ;
#2024 = EDGE_LOOP ( 'NONE', ( #2011, #12215 ) ) ;
#2025 = VECTOR ( 'NONE', #7523, 1000.000000000000000 ) ;
#2026 = AXIS2_PLACEMENT_3D ( 'NONE', #5397, #9440, #12506 ) ;
#2027 = DIRECTION ( 'NONE',  ( 0.000000000000000000, -1.000000000000000000, 0.000000000000000000 ) ) ;
#2028 = APPROVAL_PERSON_ORGANIZATION ( #4364, #7017, #11227 ) ;
#2029 = EDGE_CURVE ( 'NONE', #11371, #5559, #12865, .T. ) ;
#2030 = ADVANCED_FACE ( 'NONE', ( #3848 ), #7921, .F. ) ;
#2031 = CARTESIAN_POINT ( 'NONE',  ( -12.00000000000000000, -7.000000000000000000, 15.00000000000000000 ) ) ;
#2032 = CIRCLE ( 'NONE', #4775, 14.00000000000000000 ) ;
#2033 = CARTESIAN_POINT ( 'NONE',  ( -21.00000000000000000, 8.000000000000000000, 6.000000000000000000 ) ) ;
#2034 = CYLINDRICAL_SURFACE ( 'NONE', #12420, 8.000000000000000000 ) ;
#2035 = MECHANICAL_CONTEXT ( 'NONE', #1593, 'mechanical' ) ;
#2036 = LINE ( 'NONE', #4429, #440 ) ;
#2037 = CARTESIAN_POINT ( 'NONE',  ( 2.500000000000000000, 3.061616997868383141E-16, 0.000000000000000000 ) ) ;
#2038 = ADVANCED_BREP_SHAPE_REPRESENTATION ( '', ( #3036, #1284 ), #247 ) ;
#2039 = CC_DESIGN_APPROVAL ( #2940, ( #10048 ) ) ;
#2040 = ADVANCED_FACE ( 'NONE', ( #11793 ), #5639, .T. ) ;
#2041 = DIRECTION ( 'NONE',  ( 0.000000000000000000, 0.000000000000000000, -1.000000000000000000 ) ) ;
#2042 = LINE ( 'NONE', #9104, #2435 ) ;
#2043 = VECTOR ( 'NONE', #12089, 1000.000000000000000 ) ;
#2044 = CARTESIAN_POINT ( 'NONE',  ( -10.50000000000000000, -1.200000000000000030E-05, 4.799999999999998046 ) ) ;
#2045 = VERTEX_POINT ( 'NONE', #12987 ) ;
#2046 = VECTOR ( 'NONE', #2708, 1000.000000000000000 ) ;
#2047 = EDGE_CURVE ( 'NONE', #1998, #12040, #8365, .T. ) ;
#2048 = CC_DESIGN_DATE_AND_TIME_ASSIGNMENT ( #11779, #12788, ( #391 ) ) ;
#2049 = EDGE_LOOP ( 'NONE', ( #3830, #900, #5464, #8071 ) ) ;
#2050 = EDGE_CURVE ( 'NONE', #5031, #8548, #842, .T. ) ;
#2051 = LOCAL_TIME ( 12, 23, 36.00000000000000000, #4462 ) ;
#2052 = DIRECTION ( 'NONE',  ( 0.000000000000000000, 0.000000000000000000, -1.000000000000000000 ) ) ;
#2053 = ORIENTED_EDGE ( 'NONE', *, *, #4831, .F. ) ;
#2054 = COORDINATED_UNIVERSAL_TIME_OFFSET ( 5, 0, .BEHIND. ) ;
#2055 = CARTESIAN_POINT ( 'NONE',  ( -11.50000000000000000, -6.000000000000000000, 16.00000000000000000 ) ) ;
#2056 = FACE_OUTER_BOUND ( 'NONE', #7486, .T. ) ;
#2057 = VECTOR ( 'NONE', #803, 1000.000000000000000 ) ;
#2058 = CARTESIAN_POINT ( 'NONE',  ( 29.63871090099589978, 58.04297226076236171, -0.000000000000000000 ) ) ;
#2059 = DIRECTION ( 'NONE',  ( 0.000000000000000000, -0.000000000000000000, 1.000000000000000000 ) ) ;
#2060 = CARTESIAN_POINT ( 'NONE',  ( -18.30000000000000071, -14.00000000000000000, -6.000000000000000152E-06 ) ) ;
#2061 = ORIENTED_EDGE ( 'NONE', *, *, #9953, .F. ) ;
#2062 = CARTESIAN_POINT ( 'NONE',  ( 10.00000000000000000, -10.00000000000000000, 25.00000000000000000 ) ) ;
#2063 = VERTEX_POINT ( 'NONE', #7731 ) ;
#2064 = DIRECTION ( 'NONE',  ( 1.000000000000000000, -0.000000000000000000, -0.000000000000000000 ) ) ;
#2065 = DIRECTION ( 'NONE',  ( 1.000000000000000000, 0.000000000000000000, 0.000000000000000000 ) ) ;
#2066 = CARTESIAN_POINT ( 'NONE',  ( -10.88360175605741631, 8.809597095810328682, 11.70000000000000639 ) ) ;
#2067 = CC_DESIGN_PERSON_AND_ORGANIZATION_ASSIGNMENT ( #3831, #12911, ( #11151 ) ) ;
#2068 = VERTEX_POINT ( 'NONE', #4662 ) ;
#2069 = EDGE_CURVE ( 'NONE', #8926, #4366, #5888, .T. ) ;
#2070 = ORIENTED_EDGE ( 'NONE', *, *, #6438, .F. ) ;
#2071 = CC_DESIGN_SECURITY_CLASSIFICATION ( #7314, ( #6466 ) ) ;
#2072 = LINE ( 'NONE', #3978, #3748 ) ;
#2073 = VECTOR ( 'NONE', #8096, 1000.000000000000000 ) ;
#2074 = CARTESIAN_POINT ( 'NONE',  ( 0.000000000000000000, 0.000000000000000000, 4.000000000000000000 ) ) ;
#2075 = DATE_AND_TIME ( #7050, #798 ) ;
#2076 = VECTOR ( 'NONE', #6339, 1000.000000000000000 ) ;
#2077 = CC_DESIGN_APPROVAL ( #5202, ( #3551 ) ) ;
#2078 = FACE_OUTER_BOUND ( 'NONE', #5053, .T. ) ;
#2079 = ORIENTED_EDGE ( 'NONE', *, *, #377, .F. ) ;
#2080 = VERTEX_POINT ( 'NONE', #902 ) ;
#2081 = EDGE_LOOP ( 'NONE', ( #12179, #5386, #997, #8695, #3230, #4750, #3843, #9703, #3247, #12517, #335, #9206 ) ) ;
#2082 = AXIS2_PLACEMENT_3D ( 'NONE', #793, #669, #6687 ) ;
#2083 = DIRECTION ( 'NONE',  ( -1.000000000000000000, 0.000000000000000000, 0.000000000000000000 ) ) ;
#2084 = AXIS2_PLACEMENT_3D ( 'NONE', #12739, #3661, #7658 ) ;
#2085 = CARTESIAN_POINT ( 'NONE',  ( 0.000000000000000000, 0.000000000000000000, 0.000000000000000000 ) ) ;
#2086 = CARTESIAN_POINT ( 'NONE',  ( -0.6000001182283757339, 2.529936706146719949, -8.999999999999988370E-06 ) ) ;
#2087 = FACE_OUTER_BOUND ( 'NONE', #7008, .T. ) ;
#2088 = DIRECTION ( 'NONE',  ( -1.000000000000000000, 0.000000000000000000, 0.000000000000000000 ) ) ;
#2089 = DATE_TIME_ROLE ( 'classification_date' ) ;
#2090 = CIRCLE ( 'NONE', #9270, 1.700000000000000178 ) ;
#2091 = CARTESIAN_POINT ( 'NONE',  ( 0.000000000000000000, -1.300000000000000044, 0.000000000000000000 ) ) ;
#2092 = EDGE_CURVE ( 'NONE', #6768, #12872, #5706, .T. ) ;
#2093 = EDGE_LOOP ( 'NONE', ( #11135, #5768, #12950, #3662 ) ) ;
#2094 = PRODUCT_DEFINITION_SHAPE ( 'NONE', 'NONE',  #4717 ) ;
#2095 = AXIS2_PLACEMENT_3D ( 'NONE', #8037, #5988, #5078 ) ;
#2096 = CARTESIAN_POINT ( 'NONE',  ( 0.000000000000000000, 59.50000000000000000, 6.000000000000000000 ) ) ;
#2097 = DIRECTION ( 'NONE',  ( 1.000000000000000000, -0.000000000000000000, 0.000000000000000000 ) ) ;
#2098 = AXIS2_PLACEMENT_3D ( 'NONE', #8306, #5408, #1268 ) ;
#2099 = ORIENTED_EDGE ( 'NONE', *, *, #988, .F. ) ;
#2100 = LINE ( 'NONE', #7077, #8082 ) ;
#2101 = VERTEX_POINT ( 'NONE', #7666 ) ;
#2102 = DIRECTION ( 'NONE',  ( -0.000000000000000000, -0.000000000000000000, -1.000000000000000000 ) ) ;
#2103 = CARTESIAN_POINT ( 'NONE',  ( -0.5999999999999998668, 9.000000000000000000, 10.00000000000000000 ) ) ;
#2104 = SHAPE_DEFINITION_REPRESENTATION ( #9496, #5874 ) ;
#2105 = PERSON ( 'NAUO-PER4', 'UNSPECIFIED', 'UNSPECIFIED', ('UNSPECIFIED'), ('UNSPECIFIED'), ('UNSPECIFIED') ) ;
#2106 = DIRECTION ( 'NONE',  ( 0.000000000000000000, -1.000000000000000000, 0.000000000000000000 ) ) ;
#2107 = SHAPE_DEFINITION_REPRESENTATION ( #4084, #3267 ) ;
#2108 = PLANE ( 'NONE',  #3131 ) ;
#2109 = CARTESIAN_POINT ( 'NONE',  ( -9.225083994885922678, 0.000000000000000000, 11.29993048876420758 ) ) ;
#2110 = LINE ( 'NONE', #12440, #5886 ) ;
#2111 = APPROVAL_STATUS ( 'not_yet_approved' ) ;
#2112 = DIRECTION ( 'NONE',  ( 1.000000000000000000, 0.000000000000000000, 0.000000000000000000 ) ) ;
#2113 = EDGE_CURVE ( 'NONE', #2903, #180, #3905, .T. ) ;
#2114 = CARTESIAN_POINT ( 'NONE',  ( 186.0000000000000000, 0.000000000000000000, 3.000000000000000000 ) ) ;
#2115 = APPROVAL_STATUS ( 'not_yet_approved' ) ;
#2116 = VECTOR ( 'NONE', #12772, 1000.000000000000000 ) ;
#2117 = CIRCLE ( 'NONE', #10350, 8.000000000000000000 ) ;
#2118 = DIRECTION ( 'NONE',  ( 0.000000000000000000, 0.000000000000000000, 1.000000000000000000 ) ) ;
#2119 = EDGE_LOOP ( 'NONE', ( #12459, #9642, #2741, #8498 ) ) ;
#2120 = ITEM_DEFINED_TRANSFORMATION ( 'NONE', 'NONE', #2129,  #1284 ) ;
#2121 = ORIENTED_EDGE ( 'NONE', *, *, #2930, .F. ) ;
#2122 = FACE_BOUND ( 'NONE', #11859, .T. ) ;
#2123 = CARTESIAN_POINT ( 'NONE',  ( -11.90000000000000036, 6.400000000000000355, 3.000000000000000000 ) ) ;
#2124 = ORIENTED_EDGE ( 'NONE', *, *, #12140, .F. ) ;
#2125 = B_SPLINE_CURVE_WITH_KNOTS ( 'NONE', 3,
 ( #9454, #9522, #4560, #1670, #12647, #11640, #4688, #2447, #3456, #12769, #1404, #6575, #5417, #430, #9645, #11506, #11697, #4443, #4504, #12520, #7442, #620, #4625, #12717, #6446, #3642 ),
 .UNSPECIFIED., .F., .F.,
 ( 4, 2, 2, 2, 2, 2, 2, 2, 2, 2, 2, 2, 4 ),
 ( 0.005952082253735858745, 0.006751715355029122567, 0.007551348456322386389, 0.008350981557615650211, 0.008750798108262278219, 0.009150614658908907961, 0.009550431209555537704, 0.009950247760202163977, 0.01035006431084879372, 0.01074988086149542346, 0.01114969741214205320, 0.01154951396278868295, 0.01234914706408193896 ),
 .UNSPECIFIED. ) ;
#2126 = CARTESIAN_POINT ( 'NONE',  ( -21.69999999999999929, 14.00000000000000000, -6.000000000000000152E-06 ) ) ;
#2127 = CARTESIAN_POINT ( 'NONE',  ( -15.48452350954464762, 69.14146106820932403, -0.000000000000000000 ) ) ;
#2128 = FACE_OUTER_BOUND ( 'NONE', #1610, .T. ) ;
#2129 = AXIS2_PLACEMENT_3D ( 'NONE', #1568, #5089, #4902 ) ;
#2130 = CALENDAR_DATE ( 2026, 21, 9 ) ;
#2131 = CARTESIAN_POINT ( 'NONE',  ( -6.000000000000000000, 1.300000000000000044, 16.00000000000000000 ) ) ;
#2132 = EDGE_CURVE ( 'NONE', #6059, #5410, #8689, .T. ) ;
#2133 = EDGE_CURVE ( 'NONE', #7605, #8114, #11522, .T. ) ;
#2134 = ORIENTED_EDGE ( 'NONE', *, *, #1896, .T. ) ;
#2135 = DIRECTION ( 'NONE',  ( -1.000000000000000000, -0.000000000000000000, -0.000000000000000000 ) ) ;
#2136 = ORIENTED_EDGE ( 'NONE', *, *, #5020, .F. ) ;
#2137 = FACE_OUTER_BOUND ( 'NONE', #2787, .T. ) ;
#2138 = ORIENTED_EDGE ( 'NONE', *, *, #285, .F. ) ;
#2139 = DIRECTION ( 'NONE',  ( 0.000000000000000000, 0.000000000000000000, -1.000000000000000000 ) ) ;
#2140 = AXIS2_PLACEMENT_3D ( 'NONE', #6365, #4485, #3280 ) ;
#2141 = ORIENTED_EDGE ( 'NONE', *, *, #7205, .T. ) ;
#2142 = EDGE_LOOP ( 'NONE', ( #7919, #6716, #12936, #4296 ) ) ;
#2143 = DIRECTION ( 'NONE',  ( -1.000000000000000000, 0.000000000000000000, 0.000000000000000000 ) ) ;
#2144 = CARTESIAN_POINT ( 'NONE',  ( 0.000000000000000000, 0.000000000000000000, 12.00000000000000000 ) ) ;
#2145 = CARTESIAN_POINT ( 'NONE',  ( 22.00000000000000000, 0.000000000000000000, 8.000000000000000000 ) ) ;
#2146 = PERSON_AND_ORGANIZATION_ROLE ( 'classification_officer' ) ;
#2147 = APPROVAL ( #2115, 'UNKNOWN' ) ;
#2148 = LOCAL_TIME ( 12, 23, 36.00000000000000000, #10819 ) ;
#2149 = PRODUCT_DEFINITION ( 'æœ', '', #6949, #4368 ) ;
#2150 = DIRECTION ( 'NONE',  ( 0.000000000000000000, 0.000000000000000000, 1.000000000000000000 ) ) ;
#2151 = PLANE ( 'NONE',  #10865 ) ;
#2152 = ORIENTED_EDGE ( 'NONE', *, *, #742, .T. ) ;
#2153 = CARTESIAN_POINT ( 'NONE',  ( 31.00000000000000000, 8.000000000000000000, 13.00000000000000000 ) ) ;
#2154 = ORIENTED_EDGE ( 'NONE', *, *, #3168, .F. ) ;
#2155 = ORIENTED_EDGE ( 'NONE', *, *, #7595, .F. ) ;
#2156 = ORIENTED_EDGE ( 'NONE', *, *, #8542, .T. ) ;
#2157 = DIRECTION ( 'NONE',  ( 1.000000000000000000, 0.000000000000000000, 0.000000000000000000 ) ) ;
#2158 = CARTESIAN_POINT ( 'NONE',  ( 11.68536191144595193, 7.710987493569490425, 9.614491627439070598 ) ) ;
#2159 = DIRECTION ( 'NONE',  ( 1.000000000000000000, -0.000000000000000000, 0.000000000000000000 ) ) ;
#2160 = DIRECTION ( 'NONE',  ( 0.000000000000000000, -1.000000000000000000, 0.000000000000000000 ) ) ;
#2161 = COORDINATED_UNIVERSAL_TIME_OFFSET ( 5, 0, .BEHIND. ) ;
#2162 = ADVANCED_FACE ( 'NONE', ( #11922 ), #2859, .F. ) ;
#2163 = CARTESIAN_POINT ( 'NONE',  ( -9.361408682914859725, 10.41030262302256482, 7.544205745375569094 ) ) ;
#2164 = ORIENTED_EDGE ( 'NONE', *, *, #6832, .F. ) ;
#2165 = FACE_OUTER_BOUND ( 'NONE', #8822, .T. ) ;
#2166 = DIRECTION ( 'NONE',  ( 0.000000000000000000, 0.000000000000000000, -1.000000000000000000 ) ) ;
#2167 = ORIENTED_EDGE ( 'NONE', *, *, #9048, .T. ) ;
#2168 = ORIENTED_EDGE ( 'NONE', *, *, #2959, .T. ) ;
#2169 = PLANE ( 'NONE',  #2704 ) ;
#2170 = FACE_BOUND ( 'NONE', #10415, .T. ) ;
#2171 = EDGE_CURVE ( 'NONE', #3464, #9866, #10674, .T. ) ;
#2172 = APPROVAL_ROLE ( '' ) ;
#2173 = DIRECTION ( 'NONE',  ( -0.000000000000000000, 1.000000000000000000, 0.000000000000000000 ) ) ;
#2174 = CARTESIAN_POINT ( 'NONE',  ( -30.50000000000000000, 10.00000000000000000, 35.00000000000000000 ) ) ;
#2175 = DIRECTION ( 'NONE',  ( 1.000000000000000000, -0.000000000000000000, -0.000000000000000000 ) ) ;
#2176 =( REPRESENTATION_RELATIONSHIP ('NONE','NONE', #6877, #10870 ) REPRESENTATION_RELATIONSHIP_WITH_TRANSFORMATION ( #11292 )SHAPE_REPRESENTATION_RELATIONSHIP( ) );
#2177 = DIRECTION ( 'NONE',  ( 0.000000000000000000, 1.000000000000000000, 0.000000000000000000 ) ) ;
#2178 = CARTESIAN_POINT ( 'NONE',  ( -9.291956110314004036, 10.47215736457432023, 10.85867387745195778 ) ) ;
#2179 = APPROVAL_DATE_TIME ( #10304, #4716 ) ;
#2180 = LINE ( 'NONE', #2383, #2319 ) ;
#2181 = ORIENTED_EDGE ( 'NONE', *, *, #8160, .F. ) ;
#2182 = EDGE_LOOP ( 'NONE', ( #2362, #8400, #5739, #9226 ) ) ;
#2183 = LINE ( 'NONE', #9382, #10494 ) ;
#2184 = EDGE_LOOP ( 'NONE', ( #12058, #9805, #2651, #2271 ) ) ;
#2185 = EDGE_CURVE ( 'NONE', #4963, #8842, #3126, .T. ) ;
#2186 = DIRECTION ( 'NONE',  ( 1.000000000000000000, 0.000000000000000000, 0.000000000000000000 ) ) ;
#2187 = CARTESIAN_POINT ( 'NONE',  ( 12.00000000000000000, 12.00000000000000000, 0.000000000000000000 ) ) ;
#2188 = ADVANCED_FACE ( 'NONE', ( #10125 ), #3051, .F. ) ;
#2189 = CARTESIAN_POINT ( 'NONE',  ( 0.000000000000000000, 0.000000000000000000, 90.00000000000000000 ) ) ;
#2190 = CARTESIAN_POINT ( 'NONE',  ( 135.1415142698088800, -1.484395069527666422, 0.000000000000000000 ) ) ;
#2191 = PLANE ( 'NONE',  #4618 ) ;
#2192 = CIRCLE ( 'NONE', #7211, 1.700000000000000178 ) ;
#2193 = ORIENTED_EDGE ( 'NONE', *, *, #8164, .F. ) ;
#2194 = DIRECTION ( 'NONE',  ( 1.000000000000000000, -0.000000000000000000, 0.000000000000000000 ) ) ;
#2195 = ORIENTED_EDGE ( 'NONE', *, *, #6313, .F. ) ;
#2196 = LINE ( 'NONE', #1353, #7051 ) ;
#2197 = CARTESIAN_POINT ( 'NONE',  ( -21.00000000000000000, -12.00000000000000000, 3.000000000000000000 ) ) ;
#2198 = ORIENTED_EDGE ( 'NONE', *, *, #5009, .T. ) ;
#2199 = VERTEX_POINT ( 'NONE', #10196 ) ;
#2200 = EDGE_CURVE ( 'NONE', #4160, #10136, #8557, .T. ) ;
#2201 = DIRECTION ( 'NONE',  ( -0.000000000000000000, 1.000000000000000000, 0.000000000000000000 ) ) ;
#2202 = EDGE_CURVE ( 'NONE', #12037, #7165, #2203, .T. ) ;
#2203 = LINE ( 'NONE', #11251, #6427 ) ;
#2204 = PERSON_AND_ORGANIZATION ( #12991, #11636 ) ;
#2205 = PERSON_AND_ORGANIZATION_ROLE ( 'classification_officer' ) ;
#2206 = CARTESIAN_POINT ( 'NONE',  ( 6.000000000000000000, -9.000000000000000000, 3.000000000000000000 ) ) ;
#2207 = ADVANCED_BREP_SHAPE_REPRESENTATION ( '', ( #11857, #1284 ), #7989 ) ;
#2208 = CARTESIAN_POINT ( 'NONE',  ( 2.082076604084940108, -1.594977014734290321, -0.000000000000000000 ) ) ;
#2209 = ORIENTED_EDGE ( 'NONE', *, *, #11716, .F. ) ;
#2210 = EDGE_LOOP ( 'NONE', ( #7123, #8910, #4244, #7227 ) ) ;
#2211 = ORIENTED_EDGE ( 'NONE', *, *, #8679, .F. ) ;
#2212 = ORIENTED_EDGE ( 'NONE', *, *, #1337, .F. ) ;
#2213 = ADVANCED_FACE ( 'NONE', ( #9990 ), #1220, .T. ) ;
#2214 = PRODUCT_RELATED_PRODUCT_CATEGORY ( 'detail', '', ( #10100 ) ) ;
#2215 = CARTESIAN_POINT ( 'NONE',  ( 11.81430917424337501, 7.511707916502317062, 7.669615520327004887 ) ) ;
#2216 = DIRECTION ( 'NONE',  ( 1.000000000000000000, 0.000000000000000000, 0.000000000000000000 ) ) ;
#2217 = CARTESIAN_POINT ( 'NONE',  ( 0.000000000000000000, 0.000000000000000000, 6.000000000000000000 ) ) ;
#2218 = AXIS2_PLACEMENT_3D ( 'NONE', #13060, #9202, #8203 ) ;
#2219 = FACE_OUTER_BOUND ( 'NONE', #10720, .T. ) ;
#2220 = ORIENTED_EDGE ( 'NONE', *, *, #2791, .T. ) ;
#2221 = LINE ( 'NONE', #12213, #3319 ) ;
#2222 = DIRECTION ( 'NONE',  ( 0.000000000000000000, 1.000000000000000000, 0.000000000000000000 ) ) ;
#2223 = ORIENTED_EDGE ( 'NONE', *, *, #7045, .T. ) ;
#2224 = CARTESIAN_POINT ( 'NONE',  ( 31.00000000203100470, 288.0000000002901288, -20.00000000000000000 ) ) ;
#2225 = ORIENTED_EDGE ( 'NONE', *, *, #1307, .F. ) ;
#2226 = CIRCLE ( 'NONE', #4555, 1.700000000000000178 ) ;
#2227 = VECTOR ( 'NONE', #4845, 1000.000000000000000 ) ;
#2228 = CC_DESIGN_PERSON_AND_ORGANIZATION_ASSIGNMENT ( #9830, #6029, ( #4487 ) ) ;
#2229 = COORDINATED_UNIVERSAL_TIME_OFFSET ( 5, 0, .BEHIND. ) ;
#2230 = DIRECTION ( 'NONE',  ( -0.000000000000000000, -0.000000000000000000, -1.000000000000000000 ) ) ;
#2231 = FACE_OUTER_BOUND ( 'NONE', #3030, .T. ) ;
#2232 = PERSON_AND_ORGANIZATION ( #12991, #11636 ) ;
#2233 = EDGE_CURVE ( 'NONE', #8633, #8266, #7049, .T. ) ;
#2234 = LINE ( 'NONE', #10292, #9005 ) ;
#2235 = PERSON_AND_ORGANIZATION_ROLE ( 'classification_officer' ) ;
#2236 = CARTESIAN_POINT ( 'NONE',  ( 21.00000000000000000, 12.00000000000000000, 3.000000000000000000 ) ) ;
#2237 = CARTESIAN_POINT ( 'NONE',  ( -21.04297226076289107, -0.000000000000000000, 13.36128909900357442 ) ) ;
#2238 = CARTESIAN_POINT ( 'NONE',  ( 35.60000000000000142, 77.50000000000000000, 0.000000000000000000 ) ) ;
#2239 = PERSON_AND_ORGANIZATION ( #12991, #11636 ) ;
#2240 = PRODUCT_DEFINITION_SHAPE ( 'NONE', 'NONE',  #13087 ) ;
#2241 = CARTESIAN_POINT ( 'NONE',  ( 12.30000000000000249, 70.00000000000000000, -1.200000000000000030E-05 ) ) ;
#2242 = VECTOR ( 'NONE', #7450, 1000.000000000000000 ) ;
#2243 = AXIS2_PLACEMENT_3D ( 'NONE', #6561, #540, #1584 ) ;
#2244 = APPROVAL_PERSON_ORGANIZATION ( #9244, #11749, #5208 ) ;
#2245 = CARTESIAN_POINT ( 'NONE',  ( -9.511937134729810950, 10.27294094237714717, 11.13224288223542402 ) ) ;
#2246 = DIRECTION ( 'NONE',  ( 0.000000000000000000, 0.000000000000000000, 1.000000000000000000 ) ) ;
#2247 = EDGE_LOOP ( 'NONE', ( #6341, #369 ) ) ;
#2248 = ORIENTED_EDGE ( 'NONE', *, *, #8293, .T. ) ;
#2249 = UNCERTAINTY_MEASURE_WITH_UNIT (LENGTH_MEASURE( 1.000000000000000082E-05 ), #9994, 'distance_accuracy_value', 'NONE');
#2250 = LINE ( 'NONE', #4087, #8135 ) ;
#2251 = VERTEX_POINT ( 'NONE', #5097 ) ;
#2252 = AXIS2_PLACEMENT_3D ( 'NONE', #10172, #10237, #290 ) ;
#2253 = CARTESIAN_POINT ( 'NONE',  ( 6.858538931790371329, -10.48452350954348589, -0.000000000000000000 ) ) ;
#2254 = CC_DESIGN_APPROVAL ( #2558, ( #10893 ) ) ;
#2255 = APPLICATION_CONTEXT ( 'configuration controlled 3d designs of mechanical parts and assemblies' ) ;
#2256 = DIRECTION ( 'NONE',  ( 0.000000000000000000, 0.000000000000000000, 1.000000000000000000 ) ) ;
#2257 = FACE_OUTER_BOUND ( 'NONE', #12749, .T. ) ;
#2258 = CONTEXT_DEPENDENT_SHAPE_REPRESENTATION ( #3087, #2240 ) ;
#2259 = DIRECTION ( 'NONE',  ( 0.000000000000000000, 0.000000000000000000, -1.000000000000000000 ) ) ;
#2260 = FACE_BOUND ( 'NONE', #388, .T. ) ;
#2261 = AXIS2_PLACEMENT_3D ( 'NONE', #1782, #11888, #925 ) ;
#2262 = ORIENTED_EDGE ( 'NONE', *, *, #9391, .T. ) ;
#2263 = ADVANCED_FACE ( 'NONE', ( #6067 ), #5946, .F. ) ;
#2264 = DIRECTION ( 'NONE',  ( 0.000000000000000000, 0.000000000000000000, 1.000000000000000000 ) ) ;
#2265 = ORGANIZATION ( 'NAUO-ORG22', 'UNSPECIFIED', 'UNSPECIFIED' ) ;
#2266 = ORIENTED_EDGE ( 'NONE', *, *, #9453, .T. ) ;
#2267 = CARTESIAN_POINT ( 'NONE',  ( -12.00000000000000000, -7.000000000000000000, 3.299999999999999822 ) ) ;
#2268 = ORIENTED_EDGE ( 'NONE', *, *, #6174, .F. ) ;
#2269 = DIRECTION ( 'NONE',  ( 0.000000000000000000, 1.000000000000000000, 0.000000000000000000 ) ) ;
#2270 = ORIENTED_EDGE ( 'NONE', *, *, #7662, .F. ) ;
#2271 = ORIENTED_EDGE ( 'NONE', *, *, #2612, .F. ) ;
#2272 = VECTOR ( 'NONE', #3287, 1000.000000000000000 ) ;
#2273 = PERSON_AND_ORGANIZATION_ROLE ( 'classification_officer' ) ;
#2274 = DIRECTION ( 'NONE',  ( 0.000000000000000000, -0.000000000000000000, 1.000000000000000000 ) ) ;
#2275 = VECTOR ( 'NONE', #8938, 1000.000000000000000 ) ;
#2276 = FACE_OUTER_BOUND ( 'NONE', #6334, .T. ) ;
#2277 = SECURITY_CLASSIFICATION_LEVEL ( 'unclassified' ) ;
#2278 = APPROVAL_STATUS ( 'not_yet_approved' ) ;
#2279 = CARTESIAN_POINT ( 'NONE',  ( 9.047774080068554881, 10.68363060322405289, 9.731058013007706009 ) ) ;
#2280 = CARTESIAN_POINT ( 'NONE',  ( 19.55753025008501567, -0.000000000000000000, 13.65686506842306436 ) ) ;
#2281 = EDGE_LOOP ( 'NONE', ( #12113, #7243, #12989, #12549 ) ) ;
#2282 = EDGE_CURVE ( 'NONE', #3135, #2493, #11193, .T. ) ;
#2283 = CARTESIAN_POINT ( 'NONE',  ( 0.000000000000000000, 0.000000000000000000, 0.000000000000000000 ) ) ;
#2284 = CC_DESIGN_APPROVAL ( #8089, ( #616 ) ) ;
#2285 = ORIENTED_EDGE ( 'NONE', *, *, #2927, .T. ) ;
#2286 =( NAMED_UNIT ( * ) PLANE_ANGLE_UNIT ( ) SI_UNIT ( $, .RADIAN. ) );
#2287 = ORIENTED_EDGE ( 'NONE', *, *, #527, .T. ) ;
#2288 = ORIENTED_EDGE ( 'NONE', *, *, #832, .T. ) ;
#2289 = CARTESIAN_POINT ( 'NONE',  ( 11.90496487544927362, 7.367007609010137514, 8.988555297866811955 ) ) ;
#2290 = AXIS2_PLACEMENT_3D ( 'NONE', #2404, #4460, #2540 ) ;
#2291 = CARTESIAN_POINT ( 'NONE',  ( -7.899999999999999467, 0.000000000000000000, 29.00000000000000000 ) ) ;
#2292 = CC_DESIGN_APPROVAL ( #4655, ( #6948 ) ) ;
#2293 = FACE_BOUND ( 'NONE', #10796, .T. ) ;
#2294 = CALENDAR_DATE ( 2026, 21, 9 ) ;
#2295 = FACE_OUTER_BOUND ( 'NONE', #11120, .T. ) ;
#2296 = DIRECTION ( 'NONE',  ( 1.000000000000000000, 0.000000000000000000, 0.000000000000000000 ) ) ;
#2297 = AXIS2_PLACEMENT_3D ( 'NONE', #142, #9381, #10171 ) ;
#2298 = ORIENTED_EDGE ( 'NONE', *, *, #454, .T. ) ;
#2299 = EDGE_CURVE ( 'NONE', #7706, #10856, #6138, .T. ) ;
#2300 = ADVANCED_FACE ( 'NONE', ( #1146 ), #8119, .F. ) ;
#2301 = CARTESIAN_POINT ( 'NONE',  ( 0.000000000000000000, 0.000000000000000000, 28.00000000000000000 ) ) ;
#2302 = DIRECTION ( 'NONE',  ( -0.000000000000000000, -0.000000000000000000, 1.000000000000000000 ) ) ;
#2303 = VERTEX_POINT ( 'NONE', #12190 ) ;
#2304 = DIRECTION ( 'NONE',  ( 0.000000000000000000, 0.000000000000000000, 1.000000000000000000 ) ) ;
#2305 = MECHANICAL_CONTEXT ( 'NONE', #7456, 'mechanical' ) ;
#2306 = AXIS2_PLACEMENT_3D ( 'NONE', #13018, #5126, #5852 ) ;
#2307 = ORIENTED_EDGE ( 'NONE', *, *, #8028, .F. ) ;
#2308 = VECTOR ( 'NONE', #9460, 1000.000000000000000 ) ;
#2309 = APPROVAL_DATE_TIME ( #4543, #3269 ) ;
#2310 = DIRECTION ( 'NONE',  ( 0.000000000000000000, 1.000000000000000000, 0.000000000000000000 ) ) ;
#2311 = LINE ( 'NONE', #2033, #5424 ) ;
#2312 = CARTESIAN_POINT ( 'NONE',  ( 0.000000000000000000, 10.50000000000000000, 3.000000000000000000 ) ) ;
#2313 = CALENDAR_DATE ( 2026, 21, 9 ) ;
#2314 = CARTESIAN_POINT ( 'NONE',  ( -9.000000000000000000, -1.200000000000000030E-05, 2.299999999999999822 ) ) ;
#2315 = FACE_BOUND ( 'NONE', #6665, .T. ) ;
#2316 = CARTESIAN_POINT ( 'NONE',  ( -9.000000000000000000, -6.000000000000000152E-06, 5.700000000000000178 ) ) ;
#2317 = SECURITY_CLASSIFICATION_LEVEL ( 'unclassified' ) ;
#2318 = VECTOR ( 'NONE', #451, 1000.000000000000000 ) ;
#2319 = VECTOR ( 'NONE', #11367, 1000.000000000000000 ) ;
#2320 = DIRECTION ( 'NONE',  ( -0.000000000000000000, -0.000000000000000000, -1.000000000000000000 ) ) ;
#2321 = CC_DESIGN_PERSON_AND_ORGANIZATION_ASSIGNMENT ( #4725, #3797, ( #6948 ) ) ;
#2322 = APPROVAL ( #5712, 'æœª' ) ;
#2323 = CARTESIAN_POINT ( 'NONE',  ( -9.362270370375766149, 10.40952242769113667, 10.95686943361594423 ) ) ;
#2324 = DATE_AND_TIME ( #12367, #12170 ) ;
#2325 = CYLINDRICAL_SURFACE ( 'NONE', #11172, 1.700000000000000178 ) ;
#2326 = ORIENTED_EDGE ( 'NONE', *, *, #3010, .F. ) ;
#2327 = PRODUCT ( 'V3_REF_electronics_envelope', 'V3_REF_electronics_envelope', '', ( #8821 ) ) ;
#2328 = ORIENTED_EDGE ( 'NONE', *, *, #5670, .F. ) ;
#2329 = AXIS2_PLACEMENT_3D ( 'NONE', #12044, #6973, #1991 ) ;
#2330 = CARTESIAN_POINT ( 'NONE',  ( 24.30000000000000071, 57.00000000000000000, -1.200000000000000030E-05 ) ) ;
#2331 = ORIENTED_EDGE ( 'NONE', *, *, #2967, .F. ) ;
#2332 = CARTESIAN_POINT ( 'NONE',  ( -37.50000000000000000, -10.00000000000000000, 28.00000000000000000 ) ) ;
#2333 = CARTESIAN_POINT ( 'NONE',  ( -8.774748043453211466, 0.000000000000000000, 14.70000000000000107 ) ) ;
#2334 = LINE ( 'NONE', #359, #7130 ) ;
#2335 = EDGE_CURVE ( 'NONE', #10513, #12661, #10058, .T. ) ;
#2336 = FACE_OUTER_BOUND ( 'NONE', #11585, .T. ) ;
#2337 = LINE ( 'NONE', #4170, #2948 ) ;
#2338 = ORIENTED_EDGE ( 'NONE', *, *, #1835, .F. ) ;
#2339 = CARTESIAN_POINT ( 'NONE',  ( -27.69999999999999929, 45.00000000000000000, 5.000000000000000000 ) ) ;
#2340 = VERTEX_POINT ( 'NONE', #7126 ) ;
#2341 = ORIENTED_EDGE ( 'NONE', *, *, #3912, .F. ) ;
#2342 = CARTESIAN_POINT ( 'NONE',  ( -4.299999999999999822, -9.000000000000000000, -1.200000000000000030E-05 ) ) ;
#2343 =( GEOMETRIC_REPRESENTATION_CONTEXT ( 3 ) GLOBAL_UNCERTAINTY_ASSIGNED_CONTEXT ( ( #7527 ) ) GLOBAL_UNIT_ASSIGNED_CONTEXT ( ( #2936, #5896, #4116 ) ) REPRESENTATION_CONTEXT ( 'NONE', 'WORKASPACE' ) );
#2344 = CARTESIAN_POINT ( 'NONE',  ( 6.000000000000000000, 0.000000000000000000, 20.00000000000000000 ) ) ;
#2345 = ADVANCED_FACE ( 'NONE', ( #7990 ), #249, .F. ) ;
#2346 = CARTESIAN_POINT ( 'NONE',  ( 12.00000000000000000, -12.00000000000000000, 20.00000000000000000 ) ) ;
#2347 = DATE_TIME_ROLE ( 'classification_date' ) ;
#2348 = SECURITY_CLASSIFICATION_LEVEL ( 'unclassified' ) ;
#2349 = LINE ( 'NONE', #4324, #12161 ) ;
#2350 = LINE ( 'NONE', #5441, #5144 ) ;
#2351 = CARTESIAN_POINT ( 'NONE',  ( -21.00000000000000000, -12.00000000000000000, 0.000000000000000000 ) ) ;
#2352 = APPROVAL_PERSON_ORGANIZATION ( #471, #5985, #4478 ) ;
#2353 = ORIENTED_EDGE ( 'NONE', *, *, #1775, .F. ) ;
#2354 = ORIENTED_EDGE ( 'NONE', *, *, #10742, .T. ) ;
#2355 = ORIENTED_EDGE ( 'NONE', *, *, #1859, .F. ) ;
#2356 = CARTESIAN_POINT ( 'NONE',  ( -7.515476490454895853, 66.85853893179006491, -0.000000000000000000 ) ) ;
#2357 = ADVANCED_FACE ( 'NONE', ( #13054 ), #12271, .F. ) ;
#2358 = APPROVAL_PERSON_ORGANIZATION ( #11159, #11915, #6106 ) ;
#2359 = PLANE ( 'NONE',  #10746 ) ;
#2360 = DATE_AND_TIME ( #12421, #6749 ) ;
#2361 = CARTESIAN_POINT ( 'NONE',  ( -5.557362060151588068, -7.343204658989380462, -0.000000000000000000 ) ) ;
#2362 = ORIENTED_EDGE ( 'NONE', *, *, #4758, .T. ) ;
#2363 = LINE ( 'NONE', #4601, #6070 ) ;
#2364 = EDGE_CURVE ( 'NONE', #6792, #1242, #10999, .T. ) ;
#2365 = VERTEX_POINT ( 'NONE', #3979 ) ;
#2366 = COORDINATED_UNIVERSAL_TIME_OFFSET ( 5, 0, .BEHIND. ) ;
#2367 = DIRECTION ( 'NONE',  ( 0.000000000000000000, 0.000000000000000000, -1.000000000000000000 ) ) ;
#2368 = LOCAL_TIME ( 12, 23, 36.00000000000000000, #4 ) ;
#2369 = ORIENTED_EDGE ( 'NONE', *, *, #11156, .T. ) ;
#2370 = PERSON_AND_ORGANIZATION ( #12991, #11636 ) ;
#2371 = DIRECTION ( 'NONE',  ( 1.000000000000000000, 0.000000000000000000, 0.000000000000000000 ) ) ;
#2372 = CARTESIAN_POINT ( 'NONE',  ( 18.51560493047243483, 14.85848573019289454, 0.000000000000000000 ) ) ;
#2373 = DIRECTION ( 'NONE',  ( -0.000000000000000000, -0.000000000000000000, 1.000000000000000000 ) ) ;
#2374 = ADVANCED_FACE ( 'NONE', ( #5033 ), #9073, .F. ) ;
#2375 = PERSON_AND_ORGANIZATION_ROLE ( 'classification_officer' ) ;
#2376 = ADVANCED_FACE ( 'NONE', ( #4565 ), #745, .T. ) ;
#2377 = CARTESIAN_POINT ( 'NONE',  ( 43.00000000000000000, 0.000000000000000000, 17.00000000000000000 ) ) ;
#2378 = DIRECTION ( 'NONE',  ( 1.000000000000000000, 0.000000000000000000, 0.000000000000000000 ) ) ;
#2379 = DIRECTION ( 'NONE',  ( 0.000000000000000000, 0.000000000000000000, 1.000000000000000000 ) ) ;
#2380 = LINE ( 'NONE', #6377, #11257 ) ;
#2381 = ADVANCED_BREP_SHAPE_REPRESENTATION ( '', ( #3130, #1284 ), #11629 ) ;
#2382 = CARTESIAN_POINT ( 'NONE',  ( 0.000000000000000000, 70.00000000000000000, 5.200000000000000178 ) ) ;
#2383 = CARTESIAN_POINT ( 'NONE',  ( 27.69999999999999929, 0.000000000000000000, 0.000000000000000000 ) ) ;
#2384 = ORIENTED_EDGE ( 'NONE', *, *, #9923, .F. ) ;
#2385 = ORIENTED_EDGE ( 'NONE', *, *, #8650, .F. ) ;
#2386 = UNCERTAINTY_MEASURE_WITH_UNIT (LENGTH_MEASURE( 1.000000000000000082E-05 ), #8279, 'distance_accuracy_value', 'NONE');
#2387 = ORIENTED_EDGE ( 'NONE', *, *, #4096, .F. ) ;
#2388 = DIRECTION ( 'NONE',  ( -0.000000000000000000, -0.000000000000000000, -1.000000000000000000 ) ) ;
#2389 = ORIENTED_EDGE ( 'NONE', *, *, #3702, .T. ) ;
#2390 = CARTESIAN_POINT ( 'NONE',  ( -21.65679534101080961, 14.44263793984841548, -0.000000000000000000 ) ) ;
#2391 = APPROVAL ( #6270, 'UNKNOWN' ) ;
#2392 = PRODUCT_RELATED_PRODUCT_CATEGORY ( 'detail', '', ( #6068 ) ) ;
#2393 = DIRECTION ( 'NONE',  ( 1.000000000000000000, 0.000000000000000000, 0.000000000000000000 ) ) ;
#2394 = CARTESIAN_POINT ( 'NONE',  ( 27.69999999999999929, 57.00000000000000000, 5.000000000000000000 ) ) ;
#2395 = CARTESIAN_POINT ( 'NONE',  ( -8.557362060151589844, -0.000000000000000000, 2.343204658989193501 ) ) ;
#2396 = ORIENTED_EDGE ( 'NONE', *, *, #12720, .F. ) ;
#2397 = CARTESIAN_POINT ( 'NONE',  ( 255.8000000000000398, 0.000000000000000000, 149.0000000000000000 ) ) ;
#2398 = ORIENTED_EDGE ( 'NONE', *, *, #5971, .F. ) ;
#2399 = LINE ( 'NONE', #8405, #11150 ) ;
#2400 = VERTEX_POINT ( 'NONE', #8595 ) ;
#2401 = VERTEX_POINT ( 'NONE', #7700 ) ;
#2402 = CARTESIAN_POINT ( 'NONE',  ( -15.59999999999999964, 0.000000000000000000, -0.000000000000000000 ) ) ;
#2403 = ADVANCED_FACE ( 'NONE', ( #4631 ), #11764, .F. ) ;
#2404 = CARTESIAN_POINT ( 'NONE',  ( 6.000000000000000000, 0.000000000000000000, 20.00000000000000000 ) ) ;
#2405 = CARTESIAN_POINT ( 'NONE',  ( 0.000000000000000000, 45.00000000000000000, 0.000000000000000000 ) ) ;
#2406 = COORDINATED_UNIVERSAL_TIME_OFFSET ( 5, 0, .BEHIND. ) ;
#2407 = DIRECTION ( 'NONE',  ( 0.000000000000000000, 0.000000000000000000, -1.000000000000000000 ) ) ;
#2408 = CARTESIAN_POINT ( 'NONE',  ( 18.34333309900522480, 0.000000000000000000, 12.44258473825066780 ) ) ;
#2409 = ORIENTED_EDGE ( 'NONE', *, *, #463, .T. ) ;
#2410 = CARTESIAN_POINT ( 'NONE',  ( 4.638710900996369624, -7.957027739236790076, -0.000000000000000000 ) ) ;
#2411 = ORIENTED_EDGE ( 'NONE', *, *, #2774, .F. ) ;
#2412 = SHAPE_REPRESENTATION_RELATIONSHIP ( 'NONE' , 'NONE' ,  #4579, #4865 ) ;
#2413 = EDGE_CURVE ( 'NONE', #5766, #9220, #1676, .T. ) ;
#2414 = CARTESIAN_POINT ( 'NONE',  ( 31.00000000000000000, 57.00000000000000000, 5.000000000000000000 ) ) ;
#2415 = VERTEX_POINT ( 'NONE', #11322 ) ;
#2416 = ORIENTED_EDGE ( 'NONE', *, *, #12495, .T. ) ;
#2417 = CARTESIAN_POINT ( 'NONE',  ( 20.22508399488502207, -12.30006951123579384, 0.000000000000000000 ) ) ;
#2418 = EDGE_CURVE ( 'NONE', #57, #2655, #7366, .T. ) ;
#2419 = PERSON_AND_ORGANIZATION ( #12991, #11636 ) ;
#2420 = DIRECTION ( 'NONE',  ( 1.000000000000000000, 0.000000000000000000, 0.000000000000000000 ) ) ;
#2421 = VECTOR ( 'NONE', #2583, 1000.000000000000000 ) ;
#2422 = ORIENTED_EDGE ( 'NONE', *, *, #10641, .F. ) ;
#2423 = PRODUCT_DEFINITION_SHAPE ( 'NONE', 'NONE',  #13063 ) ;
#2424 = ORIENTED_EDGE ( 'NONE', *, *, #9488, .F. ) ;
#2425 =( NAMED_UNIT ( * ) SI_UNIT ( $, .STERADIAN. ) SOLID_ANGLE_UNIT ( ) );
#2426 = EDGE_CURVE ( 'NONE', #1336, #4472, #686, .T. ) ;
#2427 = DIRECTION ( 'NONE',  ( 0.000000000000000000, 0.000000000000000000, 1.000000000000000000 ) ) ;
#2428 = ORIENTED_EDGE ( 'NONE', *, *, #7096, .F. ) ;
#2429 =( REPRESENTATION_RELATIONSHIP ('NONE','NONE', #6877, #5949 ) REPRESENTATION_RELATIONSHIP_WITH_TRANSFORMATION ( #97 )SHAPE_REPRESENTATION_RELATIONSHIP( ) );
#2430 = EDGE_CURVE ( 'NONE', #5040, #11098, #6637, .T. ) ;
#2431 = DATE_AND_TIME ( #6201, #382 ) ;
#2432 = APPROVAL_STATUS ( 'not_yet_approved' ) ;
#2433 = CARTESIAN_POINT ( 'NONE',  ( -0.6000001182283757339, 2.529936706146719949, -8.999999999999988370E-06 ) ) ;
#2434 = DIRECTION ( 'NONE',  ( 0.000000000000000000, -0.000000000000000000, 1.000000000000000000 ) ) ;
#2435 = VECTOR ( 'NONE', #1925, 1000.000000000000000 ) ;
#2436 = LINE ( 'NONE', #2817, #6437 ) ;
#2437 = DIRECTION ( 'NONE',  ( 1.000000000000000000, 0.000000000000000000, 0.000000000000000000 ) ) ;
#2438 = CARTESIAN_POINT ( 'NONE',  ( 4.299999999999999822, -9.000000000000000000, 3.000000000000000000 ) ) ;
#2439 = LINE ( 'NONE', #10509, #11900 ) ;
#2440 = CARTESIAN_POINT ( 'NONE',  ( -20.00000000000000000, 14.00000000000000000, 5.000000000000000000 ) ) ;
#2441 = VECTOR ( 'NONE', #459, 1000.000000000000000 ) ;
#2442 = ADVANCED_FACE ( 'NONE', ( #10710 ), #6578, .T. ) ;
#2443 = DIRECTION ( 'NONE',  ( -0.000000000000000000, -0.000000000000000000, 1.000000000000000000 ) ) ;
#2444 = EDGE_LOOP ( 'NONE', ( #9808, #361, #11863, #1874 ) ) ;
#2445 = ORIENTED_EDGE ( 'NONE', *, *, #4692, .T. ) ;
#2446 = CARTESIAN_POINT ( 'NONE',  ( -11.59999999999999964, 0.000000000000000000, 6.000000000000000000 ) ) ;
#2447 = CARTESIAN_POINT ( 'NONE',  ( 9.170033982407343132, 10.57908256746159381, 9.141141200381477816 ) ) ;
#2448 = CALENDAR_DATE ( 2026, 21, 9 ) ;
#2449 = ADVANCED_FACE ( 'NONE', ( #2276 ), #6268, .T. ) ;
#2450 = CARTESIAN_POINT ( 'NONE',  ( 0.000000000000000000, 70.00000000000000000, 5.200000000000000178 ) ) ;
#2451 = VECTOR ( 'NONE', #8708, 1000.000000000000000 ) ;
#2452 = VECTOR ( 'NONE', #11990, 1000.000000000000000 ) ;
#2453 = CC_DESIGN_SECURITY_CLASSIFICATION ( #7491, ( #13070 ) ) ;
#2454 = CARTESIAN_POINT ( 'NONE',  ( -14.44258473825003897, 71.65666690099503455, 0.000000000000000000 ) ) ;
#2455 = PLANE ( 'NONE',  #10314 ) ;
#2456 = EDGE_CURVE ( 'NONE', #12342, #1341, #9769, .T. ) ;
#2457 = CARTESIAN_POINT ( 'NONE',  ( -7.300069511236165098, 0.000000000000000000, 4.225083994885395988 ) ) ;
#2458 = EDGE_CURVE ( 'NONE', #12622, #4309, #556, .T. ) ;
#2459 = ORIENTED_EDGE ( 'NONE', *, *, #2850, .T. ) ;
#2460 = CARTESIAN_POINT ( 'NONE',  ( 0.000000000000000000, 0.000000000000000000, 149.0000000000000000 ) ) ;
#2461 = ORIENTED_EDGE ( 'NONE', *, *, #7512, .F. ) ;
#2462 = AXIS2_PLACEMENT_3D ( 'NONE', #8666, #4385, #6521 ) ;
#2463 = VECTOR ( 'NONE', #2505, 1000.000000000000000 ) ;
#2464 = CARTESIAN_POINT ( 'NONE',  ( 30.55736206016057466, 64.34320465898696284, -0.000000000000000000 ) ) ;
#2465 = ORIENTED_EDGE ( 'NONE', *, *, #7853, .F. ) ;
#2466 = ORGANIZATION ( 'NAUO-ORG12', 'UNSPECIFIED', 'UNSPECIFIED' ) ;
#2467 = VERTEX_POINT ( 'NONE', #5734 ) ;
#2468 = PLANE ( 'NONE',  #2935 ) ;
#2469 = VECTOR ( 'NONE', #5069, 1000.000000000000000 ) ;
#2470 = DIRECTION ( 'NONE',  ( 0.000000000000000000, 0.000000000000000000, 1.000000000000000000 ) ) ;
#2471 = CARTESIAN_POINT ( 'NONE',  ( 0.000000000000000000, 0.000000000000000000, 3.000000000000000000 ) ) ;
#2472 = FACE_OUTER_BOUND ( 'NONE', #9723, .T. ) ;
#2473 = AXIS2_PLACEMENT_3D ( 'NONE', #11446, #2388, #4503 ) ;
#2474 = ORGANIZATION ( 'NAUO-ORG18', 'UNSPECIFIED', 'UNSPECIFIED' ) ;
#2475 = FACE_OUTER_BOUND ( 'NONE', #2924, .T. ) ;
#2476 = FACE_OUTER_BOUND ( 'NONE', #6263, .T. ) ;
#2477 = ORIENTED_EDGE ( 'NONE', *, *, #10992, .T. ) ;
#2478 = CC_DESIGN_PERSON_AND_ORGANIZATION_ASSIGNMENT ( #96, #4908, ( #11451 ) ) ;
#2479 = CARTESIAN_POINT ( 'NONE',  ( -5.774916005113179374, -10.70006951123579064, -0.000000000000000000 ) ) ;
#2480 = ADVANCED_FACE ( 'NONE', ( #3251 ), #5679, .F. ) ;
#2481 = ORIENTED_EDGE ( 'NONE', *, *, #7256, .T. ) ;
#2482 = VECTOR ( 'NONE', #5785, 1000.000000000000000 ) ;
#2483 = CARTESIAN_POINT ( 'NONE',  ( 122.5154764904563081, -0.8585389317906795270, -0.000000000000000000 ) ) ;
#2484 = ORIENTED_EDGE ( 'NONE', *, *, #8074, .T. ) ;
#2485 = ORIENTED_EDGE ( 'NONE', *, *, #8850, .T. ) ;
#2486 = VECTOR ( 'NONE', #7363, 1000.000000000000000 ) ;
#2487 = CC_DESIGN_APPROVAL ( #9798, ( #11762 ) ) ;
#2488 = CARTESIAN_POINT ( 'NONE',  ( 10.50000000000000000, -1.300000000000000044, 0.000000000000000000 ) ) ;
#2489 = CARTESIAN_POINT ( 'NONE',  ( 10.00000000000000000, 10.50000000000000000, 0.000000000000000000 ) ) ;
#2490 = DATE_TIME_ROLE ( 'classification_date' ) ;
#2491 = CC_DESIGN_APPROVAL ( #8440, ( #8393 ) ) ;
#2492 = DIRECTION ( 'NONE',  ( 1.000000000000000000, 0.000000000000000000, 0.000000000000000000 ) ) ;
#2493 = VERTEX_POINT ( 'NONE', #3645 ) ;
#2494 = EDGE_CURVE ( 'NONE', #12498, #692, #10336, .T. ) ;
#2495 = EDGE_LOOP ( 'NONE', ( #11325, #11444, #4532, #11097 ) ) ;
#2496 = DIRECTION ( 'NONE',  ( 0.000000000000000000, 0.000000000000000000, 1.000000000000000000 ) ) ;
#2497 = LINE ( 'NONE', #8563, #11096 ) ;
#2498 = ORIENTED_EDGE ( 'NONE', *, *, #286, .F. ) ;
#2499 = VECTOR ( 'NONE', #7622, 1000.000000000000000 ) ;
#2500 = CARTESIAN_POINT ( 'NONE',  ( -12.00000000000000000, 7.000000000000000000, 6.700000000000000178 ) ) ;
#2501 = CIRCLE ( 'NONE', #2290, 1.700000000000000178 ) ;
#2502 = CARTESIAN_POINT ( 'NONE',  ( 20.22508399488501851, 15.69993048876420438, 0.000000000000000000 ) ) ;
#2503 = APPROVAL_ROLE ( '' ) ;
#2504 = LOCAL_TIME ( 12, 23, 36.00000000000000000, #12251 ) ;
#2505 = DIRECTION ( 'NONE',  ( 1.000000000000000000, 0.000000000000000000, 0.000000000000000000 ) ) ;
#2506 = PERSON_AND_ORGANIZATION ( #12991, #11636 ) ;
#2507 = CARTESIAN_POINT ( 'NONE',  ( 24.30000000000000071, -57.00000000000000000, 5.000000000000000000 ) ) ;
#2508 = CARTESIAN_POINT ( 'NONE',  ( -9.858538931789734505, -0.000000000000000000, 11.51547649045587640 ) ) ;
#2509 = EDGE_CURVE ( 'NONE', #10046, #8441, #1296, .T. ) ;
#2510 = LINE ( 'NONE', #1392, #3670 ) ;
#2511 = VECTOR ( 'NONE', #9267, 1000.000000000000000 ) ;
#2512 = CARTESIAN_POINT ( 'NONE',  ( 15.10000000000000142, 0.000000000000000000, 16.00000000000000000 ) ) ;
#2513 = APPLICATION_CONTEXT ( 'configuration controlled 3d designs of mechanical parts and assemblies' ) ;
#2514 = DIRECTION ( 'NONE',  ( -0.000000000000000000, -0.000000000000000000, 1.000000000000000000 ) ) ;
#2515 = ORIENTED_EDGE ( 'NONE', *, *, #4635, .T. ) ;
#2516 = VECTOR ( 'NONE', #3857, 1000.000000000000000 ) ;
#2517 = LINE ( 'NONE', #5600, #1194 ) ;
#2518 = VECTOR ( 'NONE', #8410, 1000.000000000000000 ) ;
#2519 = CARTESIAN_POINT ( 'NONE',  ( 18.30000000000000071, 14.00000000000000000, 5.000000000000000000 ) ) ;
#2520 = CALENDAR_DATE ( 2026, 21, 9 ) ;
#2521 = ADVANCED_BREP_SHAPE_REPRESENTATION ( '', ( #7453, #1284 ), #4849 ) ;
#2522 = AXIS2_PLACEMENT_3D ( 'NONE', #10339, #5958, #1297 ) ;
#2523 = AXIS2_PLACEMENT_3D ( 'NONE', #7048, #10124, #6065 ) ;
#2524 = CARTESIAN_POINT ( 'NONE',  ( -35.00000000000000000, -70.00000000000000000, 0.000000000000000000 ) ) ;
#2525 = EDGE_CURVE ( 'NONE', #5993, #1248, #12719, .T. ) ;
#2526 = CARTESIAN_POINT ( 'NONE',  ( -10.88360175605741631, 8.809597095810334011, 10.20000000000000462 ) ) ;
#2527 = AXIS2_PLACEMENT_3D ( 'NONE', #11961, #10965, #2964 ) ;
#2528 = DIRECTION ( 'NONE',  ( 0.000000000000000000, 0.000000000000000000, 1.000000000000000000 ) ) ;
#2529 = CARTESIAN_POINT ( 'NONE',  ( -21.00000000000000000, 0.000000000000000000, 17.00000000000000000 ) ) ;
#2530 = CIRCLE ( 'NONE', #4206, 30.00000000000000000 ) ;
#2531 = VECTOR ( 'NONE', #5419, 1000.000000000000000 ) ;
#2532 = ORIENTED_EDGE ( 'NONE', *, *, #3289, .T. ) ;
#2533 = DIRECTION ( 'NONE',  ( 1.000000000000000000, 0.000000000000000000, 0.000000000000000000 ) ) ;
#2534 = ORIENTED_EDGE ( 'NONE', *, *, #11980, .T. ) ;
#2535 = ORIENTED_EDGE ( 'NONE', *, *, #8206, .F. ) ;
#2536 = ORIENTED_EDGE ( 'NONE', *, *, #9439, .F. ) ;
#2537 = AXIS2_PLACEMENT_3D ( 'NONE', #5609, #9653, #3700 ) ;
#2538 = PERSON_AND_ORGANIZATION ( #10291, #7288 ) ;
#2539 = CARTESIAN_POINT ( 'NONE',  ( 32.04297226076236171, -0.000000000000000000, 2.638710900995898445 ) ) ;
#2540 = DIRECTION ( 'NONE',  ( 1.000000000000000000, 0.000000000000000000, 0.000000000000000000 ) ) ;
#2541 = ADVANCED_FACE ( 'NONE', ( #5304 ), #9342, .F. ) ;
#2542 = CARTESIAN_POINT ( 'NONE',  ( -1.951082218127032863, 1.724833573237032125, 0.000000000000000000 ) ) ;
#2543 = EDGE_CURVE ( 'NONE', #9992, #7861, #312, .T. ) ;
#2544 = CIRCLE ( 'NONE', #11618, 1.100000000000000311 ) ;
#2545 = DATE_AND_TIME ( #12540, #2872 ) ;
#2546 = CARTESIAN_POINT ( 'NONE',  ( 8.000000000000000000, 9.797174393178825657E-16, 5.000000000000000000 ) ) ;
#2547 = EDGE_CURVE ( 'NONE', #1957, #10064, #8962, .T. ) ;
#2548 = CARTESIAN_POINT ( 'NONE',  ( -1.000000000000000000, 27.50000000000000000, 58.00000000000000000 ) ) ;
#2549 = CARTESIAN_POINT ( 'NONE',  ( 1.519706945644463181, 2.115203106444731418, 0.000000000000000000 ) ) ;
#2550 = ORIENTED_EDGE ( 'NONE', *, *, #1736, .T. ) ;
#2551 = CARTESIAN_POINT ( 'NONE',  ( 7.700000000000000178, -9.000000000000000000, -6.000000000000000152E-06 ) ) ;
#2552 = ORIENTED_EDGE ( 'NONE', *, *, #7069, .F. ) ;
#2553 = CARTESIAN_POINT ( 'NONE',  ( 42.00000000000000000, 30.00000000000000000, 74.50000000000000000 ) ) ;
#2554 = DIRECTION ( 'NONE',  ( 0.000000000000000000, 0.000000000000000000, 1.000000000000000000 ) ) ;
#2555 = AXIS2_PLACEMENT_3D ( 'NONE', #3974, #11918, #7916 ) ;
#2556 = ORIENTED_EDGE ( 'NONE', *, *, #12536, .T. ) ;
#2557 = VERTEX_POINT ( 'NONE', #2037 ) ;
#2558 = APPROVAL ( #2278, 'UNKNOWN' ) ;
#2559 = APPROVAL ( #5722, 'æœª' ) ;
#2560 = CARTESIAN_POINT ( 'NONE',  ( 43.00000000000000000, 0.000000000000000000, 6.000000000000000000 ) ) ;
#2561 = APPROVAL_PERSON_ORGANIZATION ( #2779, #9237, #10960 ) ;
#2562 = CARTESIAN_POINT ( 'NONE',  ( -6.225083994885843630, -7.299930488764021064, -0.000000000000000000 ) ) ;
#2563 = ORIENTED_EDGE ( 'NONE', *, *, #9565, .T. ) ;
#2564 = CARTESIAN_POINT ( 'NONE',  ( -27.69999999999999929, -57.00000000000000000, 5.000000000000000000 ) ) ;
#2565 = ORIENTED_EDGE ( 'NONE', *, *, #11236, .F. ) ;
#2566 = PERSON_AND_ORGANIZATION_ROLE ( 'classification_officer' ) ;
#2567 = PLANE ( 'NONE',  #3911 ) ;
#2568 = VERTEX_POINT ( 'NONE', #10890 ) ;
#2569 = LOCAL_TIME ( 12, 23, 36.00000000000000000, #2697 ) ;
#2570 = CARTESIAN_POINT ( 'NONE',  ( 0.000000000000000000, -1.300000000000000044, 0.000000000000000000 ) ) ;
#2571 = CARTESIAN_POINT ( 'NONE',  ( 0.000000000000000000, 14.00000000000000000, 0.000000000000000000 ) ) ;
#2572 = CARTESIAN_POINT ( 'NONE',  ( 0.000000000000000000, 0.000000000000000000, 149.0000000000000000 ) ) ;
#2573 = CALENDAR_DATE ( 2026, 21, 9 ) ;
#2574 = ADVANCED_FACE ( 'NONE', ( #1786 ), #3757, .F. ) ;
#2575 = LINE ( 'NONE', #4794, #7559 ) ;
#2576 = CARTESIAN_POINT ( 'NONE',  ( -10.69993048876420616, 0.000000000000000000, 12.77491600511318381 ) ) ;
#2577 = PERSON_AND_ORGANIZATION ( #12991, #11636 ) ;
#2578 = CARTESIAN_POINT ( 'NONE',  ( 31.19999999999999929, 80.50000000000000000, -1.200000000000000030E-05 ) ) ;
#2579 = LOCAL_TIME ( 12, 23, 36.00000000000000000, #8845 ) ;
#2580 = CARTESIAN_POINT ( 'NONE',  ( 29.30000000000000071, 66.00000000000000000, -6.000000000000000152E-06 ) ) ;
#2581 = ORIENTED_EDGE ( 'NONE', *, *, #10614, .F. ) ;
#2582 = DIRECTION ( 'NONE',  ( 0.000000000000000000, 0.000000000000000000, 1.000000000000000000 ) ) ;
#2583 = DIRECTION ( 'NONE',  ( -0.000000000000000000, -0.000000000000000000, -1.000000000000000000 ) ) ;
#2584 = ORIENTED_EDGE ( 'NONE', *, *, #5818, .F. ) ;
#2585 = EDGE_CURVE ( 'NONE', #9973, #8190, #11955, .T. ) ;
#2586 = PLANE ( 'NONE',  #10899 ) ;
#2587 = CARTESIAN_POINT ( 'NONE',  ( -27.69999999999999929, 45.00000000000000000, -1.200000000000000030E-05 ) ) ;
#2588 = COORDINATED_UNIVERSAL_TIME_OFFSET ( 5, 0, .BEHIND. ) ;
#2589 = DIRECTION ( 'NONE',  ( 0.000000000000000000, 0.000000000000000000, 1.000000000000000000 ) ) ;
#2590 = DIRECTION ( 'NONE',  ( -0.000000000000000000, 1.000000000000000000, 0.000000000000000000 ) ) ;
#2591 = LINE ( 'NONE', #6579, #4214 ) ;
#2592 = CARTESIAN_POINT ( 'NONE',  ( 29.95702773923763829, -0.000000000000000000, 5.361289099004101111 ) ) ;
#2593 = PLANE ( 'NONE',  #7318 ) ;
#2594 = ORIENTED_EDGE ( 'NONE', *, *, #9934, .F. ) ;
#2595 = DIRECTION ( 'NONE',  ( 0.000000000000000000, 0.000000000000000000, 1.000000000000000000 ) ) ;
#2596 = EDGE_LOOP ( 'NONE', ( #12609, #5928, #10219, #9846 ) ) ;
#2597 = ADVANCED_FACE ( 'NONE', ( #2963, #4999 ), #7826, .F. ) ;
#2598 = ORIENTED_EDGE ( 'NONE', *, *, #374, .F. ) ;
#2599 = ORIENTED_EDGE ( 'NONE', *, *, #9352, .T. ) ;
#2600 = ADVANCED_FACE ( 'NONE', ( #12897 ), #5064, .F. ) ;
#2601 = PERSON_AND_ORGANIZATION ( #12991, #11636 ) ;
#2602 = CARTESIAN_POINT ( 'NONE',  ( 31.19999999999999929, 59.50000000000000000, 2.311805698386586894 ) ) ;
#2603 = LINE ( 'NONE', #7653, #6504 ) ;
#2604 = LINE ( 'NONE', #10473, #6707 ) ;
#2605 = APPROVAL_DATE_TIME ( #1501, #943 ) ;
#2606 = ITEM_DEFINED_TRANSFORMATION ( 'NONE', 'NONE', #2140,  #1284 ) ;
#2607 = LINE ( 'NONE', #7465, #1761 ) ;
#2608 = DIRECTION ( 'NONE',  ( -0.000000000000000000, -0.000000000000000000, 1.000000000000000000 ) ) ;
#2609 = EDGE_LOOP ( 'NONE', ( #11603, #11016, #11653, #1379 ) ) ;
#2610 = CARTESIAN_POINT ( 'NONE',  ( -4.957126042969106194, -10.36119079527079201, 0.000000000000000000 ) ) ;
#2611 = ORIENTED_EDGE ( 'NONE', *, *, #778, .T. ) ;
#2612 = EDGE_CURVE ( 'NONE', #3546, #11720, #10021, .T. ) ;
#2613 = CARTESIAN_POINT ( 'NONE',  ( 10.00000000000000000, 10.50000000000000000, 3.000000000000016431 ) ) ;
#2614 = ADVANCED_FACE ( 'NONE', ( #9906 ), #10090, .F. ) ;
#2615 = EDGE_LOOP ( 'NONE', ( #7379, #1471, #6259, #7382 ) ) ;
#2616 = ORIENTED_EDGE ( 'NONE', *, *, #1566, .T. ) ;
#2617 = LINE ( 'NONE', #8555, #8136 ) ;
#2618 = CARTESIAN_POINT ( 'NONE',  ( -7.042873957030633569, -7.638809204728945090, 0.000000000000000000 ) ) ;
#2619 = ORIENTED_EDGE ( 'NONE', *, *, #2878, .F. ) ;
#2620 = ORIENTED_EDGE ( 'NONE', *, *, #104, .T. ) ;
#2621 = AXIS2_PLACEMENT_3D ( 'NONE', #1043, #6018, #2296 ) ;
#2622 = COORDINATED_UNIVERSAL_TIME_OFFSET ( 5, 0, .BEHIND. ) ;
#2623 = EDGE_CURVE ( 'NONE', #1064, #9205, #876, .T. ) ;
#2624 = PLANE ( 'NONE',  #7047 ) ;
#2625 = DATE_AND_TIME ( #7806, #12654 ) ;
#2626 = ADVANCED_FACE ( 'NONE', ( #12093 ), #3871, .F. ) ;
#2627 = PRODUCT_RELATED_PRODUCT_CATEGORY ( 'detail', '', ( #7856 ) ) ;
#2628 = ORIENTED_EDGE ( 'NONE', *, *, #5644, .F. ) ;
#2629 = PERSON_AND_ORGANIZATION ( #7608, #779 ) ;
#2630 = CARTESIAN_POINT ( 'NONE',  ( 0.000000000000000000, 72.50000000000000000, 0.000000000000000000 ) ) ;
#2631 = DIRECTION ( 'NONE',  ( -0.000000000000000000, -0.000000000000000000, 1.000000000000000000 ) ) ;
#2632 = APPROVAL_DATE_TIME ( #4494, #1674 ) ;
#2633 = CARTESIAN_POINT ( 'NONE',  ( 31.00000000000000000, -1.200000000000000030E-05, 13.00000000000000000 ) ) ;
#2634 = CARTESIAN_POINT ( 'NONE',  ( -21.00000000000000000, -12.00000000000000000, 3.000000000000000000 ) ) ;
#2635 = CALENDAR_DATE ( 2026, 21, 9 ) ;
#2636 = DIRECTION ( 'NONE',  ( 0.000000000000000000, -0.000000000000000000, -1.000000000000000000 ) ) ;
#2637 = FACE_OUTER_BOUND ( 'NONE', #3652, .T. ) ;
#2638 = ORIENTED_EDGE ( 'NONE', *, *, #1189, .F. ) ;
#2639 = CC_DESIGN_DATE_AND_TIME_ASSIGNMENT ( #405, #1527, ( #7120 ) ) ;
#2640 = CARTESIAN_POINT ( 'NONE',  ( 0.000000000000000000, 62.50000000000000000, 0.000000000000000000 ) ) ;
#2641 = EDGE_CURVE ( 'NONE', #180, #7044, #11832, .T. ) ;
#2642 = AXIS2_PLACEMENT_3D ( 'NONE', #4870, #12949, #2885 ) ;
#2643 = VERTEX_POINT ( 'NONE', #3820 ) ;
#2644 = DIRECTION ( 'NONE',  ( -1.000000000000000000, 0.000000000000000000, 0.000000000000000000 ) ) ;
#2645 = CARTESIAN_POINT ( 'NONE',  ( 2.600000000000000089, 0.000000000000000000, 12.00000000000000000 ) ) ;
#2646 = CARTESIAN_POINT ( 'NONE',  ( -1.951082218127032863, 1.724833573237032125, 0.000000000000000000 ) ) ;
#2647 = DIRECTION ( 'NONE',  ( 1.000000000000000000, 0.000000000000000000, 0.000000000000000000 ) ) ;
#2648 = CARTESIAN_POINT ( 'NONE',  ( -14.85853893179126928, 71.48452350954335088, -0.000000000000000000 ) ) ;
#2649 = VECTOR ( 'NONE', #10864, 1000.000000000000000 ) ;
#2650 = B_SPLINE_CURVE_WITH_KNOTS ( 'NONE', 3,
 ( #6734, #12748, #11727, #8815, #10806, #780, #12870, #2680, #2866, #6927, #8749, #7735, #3849, #3791, #7858, #9801, #1763, #5890 ),
 .UNSPECIFIED., .F., .F.,
 ( 4, 2, 2, 2, 2, 2, 2, 2, 4 ),
 ( 0.5000000000000000000, 0.5625000000000000000, 0.6250000000000000000, 0.6875000000000000000, 0.7500000000000000000, 0.8125000000000000000, 0.8750000000000000000, 0.9375000000000000000, 1.000000000000000000 ),
 .UNSPECIFIED. ) ;
#2651 = ORIENTED_EDGE ( 'NONE', *, *, #3052, .F. ) ;
#2652 = LINE ( 'NONE', #2460, #10252 ) ;
#2653 = ORIENTED_EDGE ( 'NONE', *, *, #4943, .F. ) ;
#2654 = ORIENTED_EDGE ( 'NONE', *, *, #7583, .T. ) ;
#2655 = VERTEX_POINT ( 'NONE', #810 ) ;
#2656 = CIRCLE ( 'NONE', #10023, 5.500000000000000000 ) ;
#2657 = APPROVAL_STATUS ( 'not_yet_approved' ) ;
#2658 = AXIS2_PLACEMENT_3D ( 'NONE', #8268, #9128, #12061 ) ;
#2659 = CARTESIAN_POINT ( 'NONE',  ( 8.660254037844389075, 11.00000000000000000, 12.00000000000000000 ) ) ;
#2660 = CARTESIAN_POINT ( 'NONE',  ( 0.000000000000000000, 0.000000000000000000, 38.00000000000000000 ) ) ;
#2661 = CARTESIAN_POINT ( 'NONE',  ( 43.00000000000000000, 0.000000000000000000, 0.000000000000000000 ) ) ;
#2662 = DIRECTION ( 'NONE',  ( -1.000000000000000000, 0.000000000000000000, 0.000000000000000000 ) ) ;
#2663 = ADVANCED_FACE ( 'NONE', ( #5918 ), #1852, .F. ) ;
#2664 = LINE ( 'NONE', #10731, #2729 ) ;
#2665 = VECTOR ( 'NONE', #836, 1000.000000000000000 ) ;
#2666 = AXIS2_PLACEMENT_3D ( 'NONE', #5834, #12995, #2943 ) ;
#2667 = VERTEX_POINT ( 'NONE', #7016 ) ;
#2668 = LOCAL_TIME ( 12, 23, 36.00000000000000000, #5804 ) ;
#2669 = ORIENTED_EDGE ( 'NONE', *, *, #7695, .T. ) ;
#2670 =( NAMED_UNIT ( * ) PLANE_ANGLE_UNIT ( ) SI_UNIT ( $, .RADIAN. ) );
#2671 = VERTEX_POINT ( 'NONE', #11089 ) ;
#2672 = AXIS2_PLACEMENT_3D ( 'NONE', #6197, #5161, #8340 ) ;
#2673 = EDGE_LOOP ( 'NONE', ( #3989, #10672, #12624, #10801 ) ) ;
#2674 = AXIS2_PLACEMENT_3D ( 'NONE', #10972, #5860, #9913 ) ;
#2675 = AXIS2_PLACEMENT_3D ( 'NONE', #4714, #11725, #3726 ) ;
#2676 = CARTESIAN_POINT ( 'NONE',  ( 0.000000000000000000, 0.000000000000000000, 28.00000000000000000 ) ) ;
#2677 = CC_DESIGN_SECURITY_CLASSIFICATION ( #12619, ( #13073 ) ) ;
#2678 =( REPRESENTATION_RELATIONSHIP ('NONE','NONE', #6877, #4198 ) REPRESENTATION_RELATIONSHIP_WITH_TRANSFORMATION ( #821 )SHAPE_REPRESENTATION_RELATIONSHIP( ) );
#2679 = EDGE_CURVE ( 'NONE', #12965, #772, #9036, .T. ) ;
#2680 = CARTESIAN_POINT ( 'NONE',  ( 19.55736206015248513, 12.34320465898919394, -0.000000000000000000 ) ) ;
#2681 = ORIENTED_EDGE ( 'NONE', *, *, #10074, .F. ) ;
#2682 = CARTESIAN_POINT ( 'NONE',  ( -15.59999999999999964, 77.50000000000000000, 6.000000000000000000 ) ) ;
#2683 = EDGE_LOOP ( 'NONE', ( #12561, #587 ) ) ;
#2684 = CIRCLE ( 'NONE', #3096, 1.700000000000000178 ) ;
#2685 = COORDINATED_UNIVERSAL_TIME_OFFSET ( 5, 0, .BEHIND. ) ;
#2686 = APPLICATION_PROTOCOL_DEFINITION ( 'international standard', 'config_control_design', 1994, #10855 ) ;
#2687 = ORGANIZATION ( 'NAUO-ORG21', 'UNSPECIFIED', 'UNSPECIFIED' ) ;
#2688 = ORIENTED_EDGE ( 'NONE', *, *, #12799, .F. ) ;
#2689 = ADVANCED_FACE ( 'NONE', ( #6032 ), #11892, .F. ) ;
#2690 = LINE ( 'NONE', #4673, #12204 ) ;
#2691 = DIRECTION ( 'NONE',  ( 0.000000000000000000, 0.000000000000000000, 1.000000000000000000 ) ) ;
#2692 = VECTOR ( 'NONE', #4996, 1000.000000000000000 ) ;
#2693 = CARTESIAN_POINT ( 'NONE',  ( 24.30000000000000071, -45.00000000000000000, 5.000000000000000000 ) ) ;
#2694 = PERSON_AND_ORGANIZATION ( #12991, #11636 ) ;
#2695 = PLANE ( 'NONE',  #2082 ) ;
#2696 = CARTESIAN_POINT ( 'NONE',  ( -10.70006951123579064, -0.000000000000000000, 13.22508399488681796 ) ) ;
#2697 = COORDINATED_UNIVERSAL_TIME_OFFSET ( 5, 0, .BEHIND. ) ;
#2698 = EDGE_CURVE ( 'NONE', #6059, #8609, #11359, .T. ) ;
#2699 = ADVANCED_FACE ( 'NONE', ( #11288, #10295, #6374 ), #1181, .F. ) ;
#2700 = CARTESIAN_POINT ( 'NONE',  ( 125.7000000000000028, 0.000000000000000000, -6.000000000000000152E-06 ) ) ;
#2701 = EDGE_CURVE ( 'NONE', #11546, #5132, #12231, .T. ) ;
#2702 = DIRECTION ( 'NONE',  ( -0.000000000000000000, -0.000000000000000000, 1.000000000000000000 ) ) ;
#2703 = EDGE_LOOP ( 'NONE', ( #1433, #10032, #9349, #6844 ) ) ;
#2704 = AXIS2_PLACEMENT_3D ( 'NONE', #6161, #3215, #275 ) ;
#2705 = CARTESIAN_POINT ( 'NONE',  ( 16.00000000000000000, -6.000000000000000000, 16.00000000000000000 ) ) ;
#2706 = CC_DESIGN_SECURITY_CLASSIFICATION ( #8393, ( #9323 ) ) ;
#2707 = DIRECTION ( 'NONE',  ( -0.000000000000000000, -0.000000000000000000, 1.000000000000000000 ) ) ;
#2708 = DIRECTION ( 'NONE',  ( 1.000000000000000000, 0.000000000000000000, 0.000000000000000000 ) ) ;
#2709 = VECTOR ( 'NONE', #6962, 1000.000000000000000 ) ;
#2710 = CARTESIAN_POINT ( 'NONE',  ( -24.30000000000000071, -57.00000000000000000, 5.000000000000000000 ) ) ;
#2711 = APPROVAL_ROLE ( '' ) ;
#2712 = AXIS2_PLACEMENT_3D ( 'NONE', #2332, #6248, #10388 ) ;
#2713 = CARTESIAN_POINT ( 'NONE',  ( -11.50000000000000000, 6.000000000000000000, 22.00000000000000000 ) ) ;
#2714 = DIRECTION ( 'NONE',  ( 0.000000000000000000, -0.000000000000000000, -1.000000000000000000 ) ) ;
#2715 = CC_DESIGN_DATE_AND_TIME_ASSIGNMENT ( #11129, #11526, ( #11116 ) ) ;
#2716 = CIRCLE ( 'NONE', #10083, 8.099999999999999645 ) ;
#2717 = CC_DESIGN_PERSON_AND_ORGANIZATION_ASSIGNMENT ( #12998, #12209, ( #2149 ) ) ;
#2718 = APPROVAL_PERSON_ORGANIZATION ( #8368, #3269, #5394 ) ;
#2719 = CARTESIAN_POINT ( 'NONE',  ( -13.77491600510831482, 71.69993048876644082, 0.000000000000000000 ) ) ;
#2720 = LINE ( 'NONE', #8853, #3347 ) ;
#2721 = ORIENTED_EDGE ( 'NONE', *, *, #11504, .F. ) ;
#2722 = CARTESIAN_POINT ( 'NONE',  ( -12.00000000000000000, -12.00000000000000000, 20.00000000000000000 ) ) ;
#2723 = EDGE_LOOP ( 'NONE', ( #4941, #1600 ) ) ;
#2724 = PRODUCT_DEFINITION_SHAPE ( 'NONE', 'NONE',  #9410 ) ;
#2725 = ORIENTED_EDGE ( 'NONE', *, *, #9439, .T. ) ;
#2726 = VECTOR ( 'NONE', #7452, 1000.000000000000000 ) ;
#2727 = CARTESIAN_POINT ( 'NONE',  ( 0.000000000000000000, 0.000000000000000000, 58.00000000000000000 ) ) ;
#2728 = ORIENTED_EDGE ( 'NONE', *, *, #10696, .T. ) ;
#2729 = VECTOR ( 'NONE', #709, 1000.000000000000000 ) ;
#2730 = FACE_OUTER_BOUND ( 'NONE', #1932, .T. ) ;
#2731 = DIRECTION ( 'NONE',  ( 0.000000000000000000, 0.000000000000000000, -1.000000000000000000 ) ) ;
#2732 = VECTOR ( 'NONE', #130, 1000.000000000000000 ) ;
#2733 = CARTESIAN_POINT ( 'NONE',  ( 31.00000000000000000, 80.49999999999998579, 2.299999999999999822 ) ) ;
#2734 = COORDINATED_UNIVERSAL_TIME_OFFSET ( 5, 0, .BEHIND. ) ;
#2735 = EDGE_CURVE ( 'NONE', #353, #7322, #1118, .T. ) ;
#2736 = DATE_TIME_ROLE ( 'classification_date' ) ;
#2737 = LINE ( 'NONE', #12541, #7638 ) ;
#2738 = AXIS2_PLACEMENT_3D ( 'NONE', #8228, #12302, #3376 ) ;
#2739 = CIRCLE ( 'NONE', #6901, 14.00000000000000000 ) ;
#2740 = CARTESIAN_POINT ( 'NONE',  ( 3.000000000000000000, 3.673940397442059375E-16, 42.00000000000000000 ) ) ;
#2741 = ORIENTED_EDGE ( 'NONE', *, *, #11794, .T. ) ;
#2742 = CARTESIAN_POINT ( 'NONE',  ( 183.0000000000000000, 3.000000000000000000, 83.00000000000000000 ) ) ;
#2743 = VERTEX_POINT ( 'NONE', #127 ) ;
#2744 = CARTESIAN_POINT ( 'NONE',  ( 35.60000000000000142, 77.50000000000000000, 6.000000000000000000 ) ) ;
#2745 = ORIENTED_EDGE ( 'NONE', *, *, #2012, .T. ) ;
#2746 = ORIENTED_EDGE ( 'NONE', *, *, #12434, .T. ) ;
#2747 = EDGE_CURVE ( 'NONE', #2840, #10075, #6929, .T. ) ;
#2748 = AXIS2_PLACEMENT_3D ( 'NONE', #4035, #157, #3113 ) ;
#2749 = CARTESIAN_POINT ( 'NONE',  ( 27.69999999999999929, 57.00000000000000000, -1.200000000000000030E-05 ) ) ;
#2750 = APPROVAL_ROLE ( '' ) ;
#2751 = DIRECTION ( 'NONE',  ( -0.000000000000000000, -0.000000000000000000, 1.000000000000000000 ) ) ;
#2752 = VERTEX_POINT ( 'NONE', #2174 ) ;
#2753 = VECTOR ( 'NONE', #9273, 1000.000000000000000 ) ;
#2754 = CARTESIAN_POINT ( 'NONE',  ( -11.59999999999999964, 77.50000000000000000, 0.000000000000000000 ) ) ;
#2755 = ORIENTED_EDGE ( 'NONE', *, *, #8668, .T. ) ;
#2756 = COORDINATED_UNIVERSAL_TIME_OFFSET ( 5, 0, .BEHIND. ) ;
#2757 = CALENDAR_DATE ( 2026, 21, 9 ) ;
#2758 = VERTEX_POINT ( 'NONE', #1256 ) ;
#2759 = ADVANCED_FACE ( 'NONE', ( #4290 ), #12362, .F. ) ;
#2760 = LINE ( 'NONE', #1951, #1685 ) ;
#2761 = CARTESIAN_POINT ( 'NONE',  ( -0.3444314227433193376, -2.599930451346447846, 0.000000000000000000 ) ) ;
#2762 = EDGE_CURVE ( 'NONE', #6144, #9865, #9308, .T. ) ;
#2763 = DIRECTION ( 'NONE',  ( -1.000000000000000000, 0.000000000000000000, 0.000000000000000000 ) ) ;
#2764 = VECTOR ( 'NONE', #489, 1000.000000000000000 ) ;
#2765 = DIRECTION ( 'NONE',  ( -0.000000000000000000, -0.000000000000000000, -1.000000000000000000 ) ) ;
#2766 = DIRECTION ( 'NONE',  ( 1.000000000000000000, 0.000000000000000000, 0.000000000000000000 ) ) ;
#2767 = DATE_AND_TIME ( #8890, #7809 ) ;
#2768 = EDGE_CURVE ( 'NONE', #11899, #4472, #6167, .T. ) ;
#2769 = CARTESIAN_POINT ( 'NONE',  ( 122.2999999999999972, 2.081899558550508908E-16, -6.000000000000000152E-06 ) ) ;
#2770 = DIRECTION ( 'NONE',  ( 0.000000000000000000, -1.000000000000000000, 0.000000000000000000 ) ) ;
#2771 = APPROVAL_PERSON_ORGANIZATION ( #5747, #1981, #210 ) ;
#2772 = DIRECTION ( 'NONE',  ( 0.000000000000000000, 0.000000000000000000, -1.000000000000000000 ) ) ;
#2773 = ORIENTED_EDGE ( 'NONE', *, *, #2, .F. ) ;
#2774 = EDGE_CURVE ( 'NONE', #57, #3884, #6311, .T. ) ;
#2775 = ADVANCED_FACE ( 'NONE', ( #1329, #2315, #7369, #1390, #5335 ), #9233, .F. ) ;
#2776 = DIRECTION ( 'NONE',  ( -0.000000000000000000, 1.000000000000000000, -0.000000000000000000 ) ) ;
#2777 = CYLINDRICAL_SURFACE ( 'NONE', #5198, 5.799999999999999822 ) ;
#2778 = DIRECTION ( 'NONE',  ( 0.000000000000000000, -0.000000000000000000, -1.000000000000000000 ) ) ;
#2779 = PERSON_AND_ORGANIZATION ( #12991, #11636 ) ;
#2780 = CARTESIAN_POINT ( 'NONE',  ( -2.408641179952662359, 0.9895630205432096593, 0.000000000000000000 ) ) ;
#2781 = CARTESIAN_POINT ( 'NONE',  ( -11.50000000000000000, -6.000000000000000000, 22.00000000000000000 ) ) ;
#2782 = APPROVAL_PERSON_ORGANIZATION ( #2820, #9964, #4797 ) ;
#2783 = PLANE ( 'NONE',  #8192 ) ;
#2784 = CARTESIAN_POINT ( 'NONE',  ( 24.30000000000000071, 57.00000000000000000, -1.200000000000000030E-05 ) ) ;
#2785 = ORIENTED_EDGE ( 'NONE', *, *, #5093, .F. ) ;
#2786 = CARTESIAN_POINT ( 'NONE',  ( 27.69999999999999929, -57.00000000000000000, 5.000000000000000000 ) ) ;
#2787 = EDGE_LOOP ( 'NONE', ( #9260, #2755, #4644, #615 ) ) ;
#2788 = CC_DESIGN_PERSON_AND_ORGANIZATION_ASSIGNMENT ( #4707, #8734, ( #3735 ) ) ;
#2789 = PRODUCT_DEFINITION_FORMATION_WITH_SPECIFIED_SOURCE ( 'ä»', '', #12121, .NOT_KNOWN. ) ;
#2790 = ORIENTED_EDGE ( 'NONE', *, *, #5060, .F. ) ;
#2791 = EDGE_CURVE ( 'NONE', #3851, #11516, #7995, .T. ) ;
#2792 = APPROVAL ( #3286, 'æœª' ) ;
#2793 = DIRECTION ( 'NONE',  ( -0.000000000000000000, -0.000000000000000000, -1.000000000000000000 ) ) ;
#2794 = ORIENTED_EDGE ( 'NONE', *, *, #5002, .T. ) ;
#2795 = DIRECTION ( 'NONE',  ( 1.000000000000000000, 0.000000000000000000, 0.000000000000000000 ) ) ;
#2796 = EDGE_CURVE ( 'NONE', #8386, #5285, #3634, .T. ) ;
#2797 = PLANE ( 'NONE',  #10300 ) ;
#2798 = CARTESIAN_POINT ( 'NONE',  ( -2.408641179952662359, 0.9895630205432096593, 0.000000000000000000 ) ) ;
#2799 = PERSON_AND_ORGANIZATION_ROLE ( 'creator' ) ;
#2800 = DIRECTION ( 'NONE',  ( -0.000000000000000000, -0.000000000000000000, -1.000000000000000000 ) ) ;
#2801 = CARTESIAN_POINT ( 'NONE',  ( -9.000000000000000000, 57.00000000000000000, -1.200000000000000030E-05 ) ) ;
#2802 = VERTEX_POINT ( 'NONE', #12759 ) ;
#2803 = SHAPE_REPRESENTATION ( 'V3_04_arm_plate', ( #1284 ), #11835 ) ;
#2804 = ORIENTED_EDGE ( 'NONE', *, *, #13043, .T. ) ;
#2805 = CARTESIAN_POINT ( 'NONE',  ( -9.000000000000000000, -1.200000000000000030E-05, 14.69999999999999929 ) ) ;
#2806 = CARTESIAN_POINT ( 'NONE',  ( 35.00000000000000000, 110.0000000000000000, -28.00000000000000000 ) ) ;
#2807 = ORIENTED_EDGE ( 'NONE', *, *, #1731, .F. ) ;
#2808 = EDGE_CURVE ( 'NONE', #2997, #7706, #414, .T. ) ;
#2809 = ORIENTED_EDGE ( 'NONE', *, *, #2679, .T. ) ;
#2810 = DIRECTION ( 'NONE',  ( 0.000000000000000000, 0.000000000000000000, 1.000000000000000000 ) ) ;
#2811 = CARTESIAN_POINT ( 'NONE',  ( -20.00000000000000000, 8.000000000000000000, 10.30000000000000071 ) ) ;
#2812 = EDGE_LOOP ( 'NONE', ( #1597, #3454, #11728, #1513 ) ) ;
#2813 = VERTEX_POINT ( 'NONE', #543 ) ;
#2814 = DATE_AND_TIME ( #11870, #4672 ) ;
#2815 = VERTEX_POINT ( 'NONE', #10761 ) ;
#2816 = DIRECTION ( 'NONE',  ( 0.000000000000000000, 0.000000000000000000, 1.000000000000000000 ) ) ;
#2817 = CARTESIAN_POINT ( 'NONE',  ( 17.00000000000000000, -10.00000000000000000, 28.00000000000000000 ) ) ;
#2818 = DIRECTION ( 'NONE',  ( 0.000000000000000000, 1.000000000000000000, 0.000000000000000000 ) ) ;
#2819 = CARTESIAN_POINT ( 'NONE',  ( -10.48452350954464762, 65.14146106820928139, -0.000000000000000000 ) ) ;
#2820 = PERSON_AND_ORGANIZATION ( #12991, #11636 ) ;
#2821 = CARTESIAN_POINT ( 'NONE',  ( 125.6566669009919508, 0.4425847382503730332, -0.000000000000000000 ) ) ;
#2822 = ADVANCED_FACE ( 'NONE', ( #1535 ), #10575, .T. ) ;
#2823 = LINE ( 'NONE', #2881, #11161 ) ;
#2824 = DIRECTION ( 'NONE',  ( 1.000000000000000000, 0.000000000000000000, 0.000000000000000000 ) ) ;
#2825 = DIRECTION ( 'NONE',  ( 0.000000000000000000, 0.000000000000000000, -1.000000000000000000 ) ) ;
#2826 = EDGE_LOOP ( 'NONE', ( #401, #7649, #8652, #5375 ) ) ;
#2827 = DIRECTION ( 'NONE',  ( 1.000000000000000000, -0.000000000000000000, 0.000000000000000000 ) ) ;
#2828 = FACE_BOUND ( 'NONE', #5007, .T. ) ;
#2829 = CARTESIAN_POINT ( 'NONE',  ( 18.51547649045561172, -14.85853893178910390, -0.000000000000000000 ) ) ;
#2830 = APPROVAL_DATE_TIME ( #3818, #9237 ) ;
#2831 = DIRECTION ( 'NONE',  ( -1.000000000000000000, -0.000000000000000000, -0.000000000000000000 ) ) ;
#2832 = B_SPLINE_CURVE_WITH_KNOTS ( 'NONE', 3,
 ( #1412, #11513, #1483, #4511, #5554, #6395, #11455, #439, #564, #8600, #3590, #12659, #7391, #2592, #10461, #5425, #9462, #4451 ),
 .UNSPECIFIED., .F., .F.,
 ( 4, 2, 2, 2, 2, 2, 2, 2, 4 ),
 ( 0.5000000000000003331, 0.5625000000000003331, 0.6250000000000002220, 0.6875000000000002220, 0.7500000000000002220, 0.8125000000000001110, 0.8750000000000001110, 0.9375000000000000000, 1.000000000000000000 ),
 .UNSPECIFIED. ) ;
#2833 = DIRECTION ( 'NONE',  ( -1.000000000000000000, -0.000000000000000000, -0.000000000000000000 ) ) ;
#2834 = EDGE_CURVE ( 'NONE', #2752, #10559, #12636, .T. ) ;
#2835 = CARTESIAN_POINT ( 'NONE',  ( 20.00000000000000000, -14.00000000000000000, -1.200000000000000030E-05 ) ) ;
#2836 = VECTOR ( 'NONE', #6630, 1000.000000000000000 ) ;
#2837 = ORIENTED_EDGE ( 'NONE', *, *, #4914, .F. ) ;
#2838 = LINE ( 'NONE', #8722, #1416 ) ;
#2839 = EDGE_LOOP ( 'NONE', ( #6382, #2398, #5154, #11839 ) ) ;
#2840 = VERTEX_POINT ( 'NONE', #671 ) ;
#2841 = VERTEX_POINT ( 'NONE', #3568 ) ;
#2842 = CARTESIAN_POINT ( 'NONE',  ( 0.000000000000000000, 0.000000000000000000, 16.00000000000000000 ) ) ;
#2843 = LINE ( 'NONE', #6722, #12653 ) ;
#2844 = PERSON_AND_ORGANIZATION ( #12991, #11636 ) ;
#2845 = DIRECTION ( 'NONE',  ( 0.000000000000000000, 0.000000000000000000, 1.000000000000000000 ) ) ;
#2846 = DATE_TIME_ROLE ( 'creation_date' ) ;
#2847 = DATE_AND_TIME ( #8920, #3540 ) ;
#2848 = FACE_OUTER_BOUND ( 'NONE', #1213, .T. ) ;
#2849 = EDGE_CURVE ( 'NONE', #1792, #5710, #3686, .T. ) ;
#2850 = EDGE_CURVE ( 'NONE', #6325, #7818, #11745, .T. ) ;
#2851 = CARTESIAN_POINT ( 'NONE',  ( -11.90000000000000036, 6.400000000000000355, 3.000000000000000000 ) ) ;
#2852 = ORIENTED_EDGE ( 'NONE', *, *, #12460, .F. ) ;
#2853 = LINE ( 'NONE', #5992, #10763 ) ;
#2854 = EDGE_LOOP ( 'NONE', ( #11121, #2804 ) ) ;
#2855 = CARTESIAN_POINT ( 'NONE',  ( -15.19999999999999929, -2.000000000000000000, -1.200000000000000030E-05 ) ) ;
#2856 = VECTOR ( 'NONE', #1909, 1000.000000000000000 ) ;
#2857 = ORIENTED_EDGE ( 'NONE', *, *, #2132, .F. ) ;
#2858 = ORIENTED_EDGE ( 'NONE', *, *, #2791, .F. ) ;
#2859 = PLANE ( 'NONE',  #4113 ) ;
#2860 = CALENDAR_DATE ( 2026, 21, 9 ) ;
#2861 = CIRCLE ( 'NONE', #4360, 2.000000000000000000 ) ;
#2862 = VECTOR ( 'NONE', #9211, 1000.000000000000000 ) ;
#2863 = PRODUCT_DEFINITION ( 'æœ', '', #3551, #6701 ) ;
#2864 = ORGANIZATION ( 'NAUO-ORG4', 'UNSPECIFIED', 'UNSPECIFIED' ) ;
#2865 = APPROVAL ( #3490, 'æœª' ) ;
#2866 = CARTESIAN_POINT ( 'NONE',  ( 19.77491600511318026, 12.30006951123579384, 0.000000000000000000 ) ) ;
#2867 = EDGE_LOOP ( 'NONE', ( #5462, #7043, #8970, #2886 ) ) ;
#2868 = ORIENTED_EDGE ( 'NONE', *, *, #2050, .T. ) ;
#2869 = PERSON_AND_ORGANIZATION ( #12991, #11636 ) ;
#2870 = VERTEX_POINT ( 'NONE', #608 ) ;
#2871 = VECTOR ( 'NONE', #7025, 1000.000000000000000 ) ;
#2872 = LOCAL_TIME ( 12, 23, 36.00000000000000000, #12737 ) ;
#2873 = CARTESIAN_POINT ( 'NONE',  ( 2.082076604084940108, -1.594977014734290321, -0.000000000000000000 ) ) ;
#2874 = CARTESIAN_POINT ( 'NONE',  ( 16.00000000000000000, -6.000000000000000000, 16.00000000000000000 ) ) ;
#2875 = CARTESIAN_POINT ( 'NONE',  ( 20.00000000000000000, -6.000000000000000152E-06, 13.70000000000000107 ) ) ;
#2876 = PLANE ( 'NONE',  #11792 ) ;
#2877 = COORDINATED_UNIVERSAL_TIME_OFFSET ( 5, 0, .BEHIND. ) ;
#2878 = EDGE_CURVE ( 'NONE', #11189, #1358, #5511, .T. ) ;
#2879 = DIRECTION ( 'NONE',  ( -1.000000000000000000, 0.000000000000000000, 0.000000000000000000 ) ) ;
#2880 = CIRCLE ( 'NONE', #390, 5.799999999999999822 ) ;
#2881 = CARTESIAN_POINT ( 'NONE',  ( 0.000000000000000000, 0.000000000000000000, 0.000000000000000000 ) ) ;
#2882 = CARTESIAN_POINT ( 'NONE',  ( 13.00000000000000000, -5.000000000000000000, -1.200000000000000030E-05 ) ) ;
#2883 = VERTEX_POINT ( 'NONE', #8450 ) ;
#2884 = DIRECTION ( 'NONE',  ( 6.123031769111886291E-17, 1.000000000000000000, 0.000000000000000000 ) ) ;
#2885 = DIRECTION ( 'NONE',  ( 0.000000000000000000, -0.000000000000000000, -1.000000000000000000 ) ) ;
#2886 = ORIENTED_EDGE ( 'NONE', *, *, #4053, .F. ) ;
#2887 = AXIS2_PLACEMENT_3D ( 'NONE', #9829, #10959, #5915 ) ;
#2888 = DIRECTION ( 'NONE',  ( -0.000000000000000000, -0.000000000000000000, 1.000000000000000000 ) ) ;
#2889 = PERSON ( 'NAUO-PER12', 'UNSPECIFIED', 'UNSPECIFIED', ('UNSPECIFIED'), ('UNSPECIFIED'), ('UNSPECIFIED') ) ;
#2890 = VECTOR ( 'NONE', #9754, 1000.000000000000000 ) ;
#2891 = EDGE_CURVE ( 'NONE', #8842, #7947, #3443, .T. ) ;
#2892 = CARTESIAN_POINT ( 'NONE',  ( 43.00000000000000000, 0.000000000000000000, 17.00000000000000000 ) ) ;
#2893 = APPROVAL_DATE_TIME ( #13017, #10785 ) ;
#2894 = FACE_OUTER_BOUND ( 'NONE', #74, .T. ) ;
#2895 = DIRECTION ( 'NONE',  ( 0.000000000000000000, 1.000000000000000000, 0.000000000000000000 ) ) ;
#2896 = CARTESIAN_POINT ( 'NONE',  ( -11.81690003789738519, 7.507626993145152916, 7.676942079461834822 ) ) ;
#2897 = CLOSED_SHELL ( 'NONE', ( #7353, #11578, #1927, #1617, #9020, #12347, #1141, #1677, #7808, #89, #8466, #2699, #1692, #12774, #11418, #2300, #4603, #4278, #4307, #4232, #4705, #9648, #6601, #9300, #6140, #577, #864, #11017, #10192, #1070, #10459, #678, #1368, #2403, #3139, #3436, #12601, #3413, #4227, #1475, #10525, #381 ) ) ;
#2898 = CYLINDRICAL_SURFACE ( 'NONE', #11511, 1.700000000000000178 ) ;
#2899 = SECURITY_CLASSIFICATION ( '', '', #10455 ) ;
#2900 = CARTESIAN_POINT ( 'NONE',  ( 118.3810499613777267, 11.00000000000000000, 6.000000000000000000 ) ) ;
#2901 = VERTEX_POINT ( 'NONE', #2438 ) ;
#2902 = FACE_OUTER_BOUND ( 'NONE', #442, .T. ) ;
#2903 = VERTEX_POINT ( 'NONE', #10504 ) ;
#2904 = EDGE_LOOP ( 'NONE', ( #6810, #11390, #1971, #12469, #7897, #7854, #9820, #5326 ) ) ;
#2905 = CARTESIAN_POINT ( 'NONE',  ( 3.000000000000000000, 27.50000000000000000, 83.00000000000000000 ) ) ;
#2906 = ORIENTED_EDGE ( 'NONE', *, *, #346, .T. ) ;
#2907 = EDGE_CURVE ( 'NONE', #10766, #3608, #8645, .T. ) ;
#2908 = CARTESIAN_POINT ( 'NONE',  ( 13.55741526174995926, 71.65666690099503455, 0.000000000000000000 ) ) ;
#2909 = CIRCLE ( 'NONE', #7571, 1.700000000000000178 ) ;
#2910 = CC_DESIGN_APPROVAL ( #10299, ( #10927 ) ) ;
#2911 = LINE ( 'NONE', #3960, #12443 ) ;
#2912 = PLANE ( 'NONE',  #3993 ) ;
#2913 = APPROVAL_STATUS ( 'not_yet_approved' ) ;
#2914 = LINE ( 'NONE', #8921, #2998 ) ;
#2915 = VECTOR ( 'NONE', #3616, 1000.000000000000000 ) ;
#2916 = VERTEX_POINT ( 'NONE', #12705 ) ;
#2917 = CYLINDRICAL_SURFACE ( 'NONE', #9489, 2.000000000000001776 ) ;
#2918 = AXIS2_PLACEMENT_3D ( 'NONE', #6356, #9356, #12285 ) ;
#2919 = APPLICATION_CONTEXT ( 'configuration controlled 3d designs of mechanical parts and assemblies' ) ;
#2920 = AXIS2_PLACEMENT_3D ( 'NONE', #6596, #8617, #10666 ) ;
#2921 = EDGE_LOOP ( 'NONE', ( #12922, #9552, #2152, #1946 ) ) ;
#2922 = PLANE ( 'NONE',  #8124 ) ;
#2923 = CARTESIAN_POINT ( 'NONE',  ( -15.19999999999999929, 0.000000000000000000, -0.000000000000000000 ) ) ;
#2924 = EDGE_LOOP ( 'NONE', ( #4085, #5212, #2124, #5168, #4041, #7265 ) ) ;
#2925 = ORIENTED_EDGE ( 'NONE', *, *, #12649, .F. ) ;
#2926 = VECTOR ( 'NONE', #2833, 1000.000000000000000 ) ;
#2927 = EDGE_CURVE ( 'NONE', #12186, #5636, #3632, .T. ) ;
#2928 = EDGE_CURVE ( 'NONE', #11998, #2870, #1658, .T. ) ;
#2929 = CARTESIAN_POINT ( 'NONE',  ( -20.00000000000000000, -1.200000000000000030E-05, 10.30000000000000071 ) ) ;
#2930 = EDGE_CURVE ( 'NONE', #12724, #4191, #9573, .T. ) ;
#2931 = AXIS2_PLACEMENT_3D ( 'NONE', #5280, #11295, #12309 ) ;
#2932 = DIRECTION ( 'NONE',  ( -1.000000000000000000, 0.000000000000000000, -0.000000000000000000 ) ) ;
#2933 = VERTEX_POINT ( 'NONE', #4496 ) ;
#2934 = ORIENTED_EDGE ( 'NONE', *, *, #5339, .F. ) ;
#2935 = AXIS2_PLACEMENT_3D ( 'NONE', #6970, #4760, #7971 ) ;
#2936 =( LENGTH_UNIT ( ) NAMED_UNIT ( * ) SI_UNIT ( .MILLI., .METRE. ) );
#2937 = CIRCLE ( 'NONE', #12475, 1.700000000000000178 ) ;
#2938 = ORIENTED_EDGE ( 'NONE', *, *, #7986, .T. ) ;
#2939 = VECTOR ( 'NONE', #3471, 1000.000000000000000 ) ;
#2940 = APPROVAL ( #7332, 'UNKNOWN' ) ;
#2941 = CARTESIAN_POINT ( 'NONE',  ( -27.69999999999999929, -45.00000000000000000, 5.000000000000000000 ) ) ;
#2942 = CC_DESIGN_DATE_AND_TIME_ASSIGNMENT ( #8480, #4651, ( #2975 ) ) ;
#2943 = DIRECTION ( 'NONE',  ( 0.000000000000000000, 0.000000000000000000, -1.000000000000000000 ) ) ;
#2944 = DIRECTION ( 'NONE',  ( -0.000000000000000000, -0.000000000000000000, -1.000000000000000000 ) ) ;
#2945 = DIRECTION ( 'NONE',  ( -0.000000000000000000, -0.000000000000000000, 1.000000000000000000 ) ) ;
#2946 = APPROVAL_ROLE ( '' ) ;
#2947 = CARTESIAN_POINT ( 'NONE',  ( 9.028198879604028448, 10.70007593451009598, 9.866875471380067708 ) ) ;
#2948 = VECTOR ( 'NONE', #6335, 1000.000000000000000 ) ;
#2949 = LINE ( 'NONE', #1840, #317 ) ;
#2950 = VERTEX_POINT ( 'NONE', #8513 ) ;
#2951 = LINE ( 'NONE', #10878, #9481 ) ;
#2952 = CARTESIAN_POINT ( 'NONE',  ( -20.00000000000000000, -6.000000000000000152E-06, 10.30000000000000071 ) ) ;
#2953 = VERTEX_POINT ( 'NONE', #12572 ) ;
#2954 = PLANE ( 'NONE',  #9178 ) ;
#2955 = CARTESIAN_POINT ( 'NONE',  ( 186.0000000000000000, 0.000000000000000000, 83.00000000000000000 ) ) ;
#2956 = EDGE_LOOP ( 'NONE', ( #9710, #12488, #7133, #8030 ) ) ;
#2957 = CARTESIAN_POINT ( 'NONE',  ( 11.50000000000000000, 6.000000000000000000, 22.00000000000000000 ) ) ;
#2958 = DIRECTION ( 'NONE',  ( 0.000000000000000000, 0.000000000000000000, -1.000000000000000000 ) ) ;
#2959 = EDGE_CURVE ( 'NONE', #6944, #9792, #9031, .T. ) ;
#2960 = CARTESIAN_POINT ( 'NONE',  ( 0.000000000000000000, 80.50000000000000000, 6.000000000000000000 ) ) ;
#2961 = PERSON_AND_ORGANIZATION_ROLE ( 'design_owner' ) ;
#2962 = CARTESIAN_POINT ( 'NONE',  ( 11.45770097412407829, 8.045736335212733792, 11.41094936464103959 ) ) ;
#2963 = FACE_BOUND ( 'NONE', #8859, .T. ) ;
#2964 = DIRECTION ( 'NONE',  ( 1.000000000000000000, 0.000000000000000000, 0.000000000000000000 ) ) ;
#2965 = LOCAL_TIME ( 12, 23, 36.00000000000000000, #4539 ) ;
#2966 = CARTESIAN_POINT ( 'NONE',  ( 183.0000000000000000, 3.000000000000000000, 83.00000000000000000 ) ) ;
#2967 = EDGE_CURVE ( 'NONE', #5071, #2903, #9018, .T. ) ;
#2968 = DIRECTION ( 'NONE',  ( -1.000000000000000000, -0.000000000000000000, -0.000000000000000000 ) ) ;
#2969 = VERTEX_POINT ( 'NONE', #9947 ) ;
#2970 = CARTESIAN_POINT ( 'NONE',  ( -12.00000000000000000, 12.00000000000000000, 20.00000000000000000 ) ) ;
#2971 = ORIENTED_EDGE ( 'NONE', *, *, #12373, .F. ) ;
#2972 = DIRECTION ( 'NONE',  ( 0.000000000000000000, -1.000000000000000000, 0.000000000000000000 ) ) ;
#2973 = ORIENTED_EDGE ( 'NONE', *, *, #12280, .T. ) ;
#2974 = CARTESIAN_POINT ( 'NONE',  ( 31.00000000000000000, 59.50000000000000000, 2.299999999999999822 ) ) ;
#2975 = SECURITY_CLASSIFICATION ( '', '', #10793 ) ;
#2976 = DIRECTION ( 'NONE',  ( 0.000000000000000000, 1.000000000000000000, 0.000000000000000000 ) ) ;
#2977 = CARTESIAN_POINT ( 'NONE',  ( -21.00000000000000000, -12.00000000000000000, 3.000000000000000000 ) ) ;
#2978 = DATE_AND_TIME ( #8481, #602 ) ;
#2979 = DIRECTION ( 'NONE',  ( -0.000000000000000000, -1.000000000000000000, -0.000000000000000000 ) ) ;
#2980 = VERTEX_POINT ( 'NONE', #4860 ) ;
#2981 = EDGE_CURVE ( 'NONE', #1398, #3608, #5720, .T. ) ;
#2982 = DIRECTION ( 'NONE',  ( -0.000000000000000000, -0.000000000000000000, 1.000000000000000000 ) ) ;
#2983 = APPROVAL_PERSON_ORGANIZATION ( #1784, #1279, #8901 ) ;
#2984 = EDGE_LOOP ( 'NONE', ( #3393, #5300, #3136, #403 ) ) ;
#2985 = DIRECTION ( 'NONE',  ( 1.000000000000000000, 0.000000000000000000, 0.000000000000000000 ) ) ;
#2986 = CARTESIAN_POINT ( 'NONE',  ( 69.79999999999999716, 65.00000000000001421, 74.49999999999998579 ) ) ;
#2987 = EDGE_CURVE ( 'NONE', #9006, #3201, #10741, .T. ) ;
#2988 = CARTESIAN_POINT ( 'NONE',  ( 137.7000000000000171, 0.000000000000000000, -1.200000000000000030E-05 ) ) ;
#2989 = EDGE_LOOP ( 'NONE', ( #7194, #2858, #550, #8531 ) ) ;
#2990 = ORIENTED_EDGE ( 'NONE', *, *, #10573, .F. ) ;
#2991 = LINE ( 'NONE', #6987, #8403 ) ;
#2992 = CARTESIAN_POINT ( 'NONE',  ( -30.50000000000000000, 10.00000000000000000, 0.000000000000000000 ) ) ;
#2993 = CARTESIAN_POINT ( 'NONE',  ( 0.3444314227433183939, -2.600069548653550555, -0.000000000000000000 ) ) ;
#2994 = ORIENTED_EDGE ( 'NONE', *, *, #4481, .T. ) ;
#2995 = ADVANCED_FACE ( 'NONE', ( #9815 ), #8942, .F. ) ;
#2996 = ADVANCED_FACE ( 'NONE', ( #1720 ), #860, .F. ) ;
#2997 = VERTEX_POINT ( 'NONE', #6866 ) ;
#2998 = VECTOR ( 'NONE', #2979, 1000.000000000000000 ) ;
#2999 = EDGE_LOOP ( 'NONE', ( #11461, #6039, #12314, #949 ) ) ;
#3000 = PLANE ( 'NONE',  #7306 ) ;
#3001 = EDGE_CURVE ( 'NONE', #6043, #1303, #3190, .T. ) ;
#3002 = DIRECTION ( 'NONE',  ( -1.000000000000000000, 0.000000000000000000, -0.000000000000000000 ) ) ;
#3003 = CARTESIAN_POINT ( 'NONE',  ( -19.55736206015084022, -0.000000000000000000, 10.34320465898919217 ) ) ;
#3004 = CARTESIAN_POINT ( 'NONE',  ( 21.36128909900559592, -0.000000000000000000, 13.04297226076161920 ) ) ;
#3005 = LINE ( 'NONE', #1837, #3138 ) ;
#3006 = COORDINATED_UNIVERSAL_TIME_OFFSET ( 5, 0, .BEHIND. ) ;
#3007 = CARTESIAN_POINT ( 'NONE',  ( 2.500000000000000000, 3.061616997868383141E-16, 5.000000000000000000 ) ) ;
#3008 = ORIENTED_EDGE ( 'NONE', *, *, #12869, .F. ) ;
#3009 = EDGE_CURVE ( 'NONE', #7251, #5444, #9757, .T. ) ;
#3010 = EDGE_CURVE ( 'NONE', #11410, #5727, #3358, .T. ) ;
#3011 = CC_DESIGN_PERSON_AND_ORGANIZATION_ASSIGNMENT ( #1919, #4015, ( #3617 ) ) ;
#3012 = CARTESIAN_POINT ( 'NONE',  ( -19.00000000000000000, 0.000000000000000000, 4.000000000000000000 ) ) ;
#3013 = LINE ( 'NONE', #5909, #11530 ) ;
#3014 = ORIENTED_EDGE ( 'NONE', *, *, #9129, .T. ) ;
#3015 = CARTESIAN_POINT ( 'NONE',  ( 3.000000000000000000, 146.0000000000000000, 83.00000000000000000 ) ) ;
#3016 = PERSON_AND_ORGANIZATION ( #12991, #11636 ) ;
#3017 = DIRECTION ( 'NONE',  ( 1.000000000000000000, 0.000000000000000000, 0.000000000000000000 ) ) ;
#3018 = DIRECTION ( 'NONE',  ( -0.000000000000000000, 1.000000000000000000, -0.000000000000000000 ) ) ;
#3019 = CARTESIAN_POINT ( 'NONE',  ( 0.000000000000000000, 0.000000000000000000, 0.000000000000000000 ) ) ;
#3020 = SHAPE_DEFINITION_REPRESENTATION ( #8073, #2803 ) ;
#3021 = CARTESIAN_POINT ( 'NONE',  ( 10.72380529476361488, 9.000000000000204281, 11.70000000000065477 ) ) ;
#3022 = DIRECTION ( 'NONE',  ( 1.000000000000000000, 0.000000000000000000, 0.000000000000000000 ) ) ;
#3023 = VECTOR ( 'NONE', #10698, 1000.000000000000000 ) ;
#3024 = DIRECTION ( 'NONE',  ( -0.000000000000000000, -0.000000000000000000, -1.000000000000000000 ) ) ;
#3025 = CC_DESIGN_PERSON_AND_ORGANIZATION_ASSIGNMENT ( #3016, #11148, ( #5232 ) ) ;
#3026 = EDGE_CURVE ( 'NONE', #1666, #10990, #3005, .T. ) ;
#3027 = CARTESIAN_POINT ( 'NONE',  ( -15.19999999999999929, 2.000000000000000000, -1.200000000000000030E-05 ) ) ;
#3028 = PERSON ( 'NAUO-PER7', 'UNSPECIFIED', 'UNSPECIFIED', ('UNSPECIFIED'), ('UNSPECIFIED'), ('UNSPECIFIED') ) ;
#3029 = DIRECTION ( 'NONE',  ( 0.000000000000000000, 0.000000000000000000, 1.000000000000000000 ) ) ;
#3030 = EDGE_LOOP ( 'NONE', ( #3240, #10823, #12829, #12338 ) ) ;
#3031 = PRODUCT ( 'V3_07_servo_stand', 'V3_07_servo_stand', '', ( #11013 ) ) ;
#3032 = ORIENTED_EDGE ( 'NONE', *, *, #3654, .F. ) ;
#3033 = FACE_OUTER_BOUND ( 'NONE', #11246, .T. ) ;
#3034 = EDGE_LOOP ( 'NONE', ( #6571, #3185, #2211, #6367 ) ) ;
#3035 = CARTESIAN_POINT ( 'NONE',  ( -19.14151426980785331, 15.48439506952757050, 0.000000000000000000 ) ) ;
#3036 = MANIFOLD_SOLID_BREP ( 'Support_and_servo_mount_M3_clearance', #6859 ) ;
#3037 = CARTESIAN_POINT ( 'NONE',  ( -12.51567465788468958, 69.14134607987428183, 0.000000000000000000 ) ) ;
#3038 = CARTESIAN_POINT ( 'NONE',  ( 32.70000000000000284, 57.00000000000000000, -6.000000000000000152E-06 ) ) ;
#3039 = DIRECTION ( 'NONE',  ( -1.000000000000000000, 0.000000000000000000, 0.000000000000000000 ) ) ;
#3040 = CARTESIAN_POINT ( 'NONE',  ( -18.63880920472979241, -12.95712604296852355, 0.000000000000000000 ) ) ;
#3041 = ORIENTED_EDGE ( 'NONE', *, *, #5922, .T. ) ;
#3042 = LINE ( 'NONE', #4310, #7127 ) ;
#3043 = VERTEX_POINT ( 'NONE', #11012 ) ;
#3044 = CARTESIAN_POINT ( 'NONE',  ( 29.63880920472734459, 55.95712604297132486, 0.000000000000000000 ) ) ;
#3045 = CARTESIAN_POINT ( 'NONE',  ( -11.77429632712486196, 7.574489190830802521, 10.93343484966565171 ) ) ;
#3046 = EDGE_LOOP ( 'NONE', ( #6915, #4271 ) ) ;
#3047 = EDGE_LOOP ( 'NONE', ( #715, #10810, #2906, #1687 ) ) ;
#3048 = VECTOR ( 'NONE', #11866, 1000.000000000000000 ) ;
#3049 = CARTESIAN_POINT ( 'NONE',  ( -15.59999999999999964, 62.50000000000000000, -1.200000000000000030E-05 ) ) ;
#3050 = PLANE ( 'NONE',  #2523 ) ;
#3051 = CYLINDRICAL_SURFACE ( 'NONE', #2658, 1.700000000000000178 ) ;
#3052 = EDGE_CURVE ( 'NONE', #11720, #1065, #730, .T. ) ;
#3053 = CALENDAR_DATE ( 2026, 21, 9 ) ;
#3054 = MANIFOLD_SOLID_BREP ( 'Purchased_625ZZ_5x16x5_NOT_PRINT', #1227 ) ;
#3055 = CARTESIAN_POINT ( 'NONE',  ( 134.3000695112365577, 0.2250839948771373999, -0.000000000000000000 ) ) ;
#3056 = CARTESIAN_POINT ( 'NONE',  ( 22.00000000000000000, 0.000000000000000000, 8.000000000000000000 ) ) ;
#3057 = VECTOR ( 'NONE', #3167, 1000.000000000000000 ) ;
#3058 = EDGE_LOOP ( 'NONE', ( #8688, #567, #7305, #4698 ) ) ;
#3059 = ORIENTED_EDGE ( 'NONE', *, *, #7519, .F. ) ;
#3060 = LINE ( 'NONE', #10065, #13041 ) ;
#3061 = AXIS2_PLACEMENT_3D ( 'NONE', #3861, #10879, #5840 ) ;
#3062 = FACE_BOUND ( 'NONE', #2010, .T. ) ;
#3063 = EDGE_CURVE ( 'NONE', #1766, #3766, #11813, .T. ) ;
#3064 = PLANE ( 'NONE',  #12004 ) ;
#3065 = CARTESIAN_POINT ( 'NONE',  ( 150.0000000000000000, 25.00000000000000000, 90.00000000000000000 ) ) ;
#3066 = LINE ( 'NONE', #5111, #5647 ) ;
#3067 = APPROVAL_ROLE ( '' ) ;
#3068 = VECTOR ( 'NONE', #1965, 1000.000000000000000 ) ;
#3069 = CARTESIAN_POINT ( 'NONE',  ( -19.00000000000000000, 9.000000000000000000, 11.70000000000000107 ) ) ;
#3070 = ORIENTED_EDGE ( 'NONE', *, *, #706, .T. ) ;
#3071 = DIRECTION ( 'NONE',  ( 1.000000000000000000, 0.000000000000000000, 0.000000000000000000 ) ) ;
#3072 = EDGE_CURVE ( 'NONE', #12990, #9792, #6746, .T. ) ;
#3073 = EDGE_LOOP ( 'NONE', ( #12182, #10954 ) ) ;
#3074 = AXIS2_PLACEMENT_3D ( 'NONE', #2970, #3951, #6821 ) ;
#3075 = PLANE ( 'NONE',  #8943 ) ;
#3076 = LOCAL_TIME ( 12, 23, 36.00000000000000000, #5696 ) ;
#3077 = CARTESIAN_POINT ( 'NONE',  ( 15.19999999999999929, 2.000000000000000000, 3.000000000000000000 ) ) ;
#3078 = DIRECTION ( 'NONE',  ( 0.000000000000000000, 0.000000000000000000, 1.000000000000000000 ) ) ;
#3079 = CYLINDRICAL_SURFACE ( 'NONE', #6639, 14.00000000000000000 ) ;
#3080 = ADVANCED_FACE ( 'NONE', ( #11938 ), #2876, .F. ) ;
#3081 = PERSON_AND_ORGANIZATION ( #12991, #11636 ) ;
#3082 = EDGE_CURVE ( 'NONE', #4311, #1191, #11207, .T. ) ;
#3083 = DIRECTION ( 'NONE',  ( 0.000000000000000000, 0.000000000000000000, -1.000000000000000000 ) ) ;
#3084 = AXIS2_PLACEMENT_3D ( 'NONE', #10841, #5741, #7896 ) ;
#3085 = CARTESIAN_POINT ( 'NONE',  ( -9.000000000000000000, -1.200000000000000030E-05, 2.299999999999999822 ) ) ;
#3086 = SECURITY_CLASSIFICATION ( '', '', #1362 ) ;
#3087 =( REPRESENTATION_RELATIONSHIP ('NONE','NONE', #6877, #12773 ) REPRESENTATION_RELATIONSHIP_WITH_TRANSFORMATION ( #5291 )SHAPE_REPRESENTATION_RELATIONSHIP( ) );
#3088 = DIRECTION ( 'NONE',  ( 0.000000000000000000, 0.000000000000000000, 1.000000000000000000 ) ) ;
#3089 = EDGE_CURVE ( 'NONE', #5222, #11987, #10356, .T. ) ;
#3090 = FACE_OUTER_BOUND ( 'NONE', #9942, .T. ) ;
#3091 = VECTOR ( 'NONE', #6635, 1000.000000000000000 ) ;
#3092 = CARTESIAN_POINT ( 'NONE',  ( 0.000000000000000000, 0.000000000000000000, 22.00000000000000000 ) ) ;
#3093 = DIRECTION ( 'NONE',  ( -1.000000000000000000, 0.000000000000000000, 0.000000000000000000 ) ) ;
#3094 = VERTEX_POINT ( 'NONE', #2019 ) ;
#3095 = COORDINATED_UNIVERSAL_TIME_OFFSET ( 5, 0, .BEHIND. ) ;
#3096 = AXIS2_PLACEMENT_3D ( 'NONE', #2103, #5267, #4994 ) ;
#3097 = ORIENTED_EDGE ( 'NONE', *, *, #1713, .T. ) ;
#3098 = LOCAL_TIME ( 12, 23, 36.00000000000000000, #152 ) ;
#3099 = DIRECTION ( 'NONE',  ( 0.000000000000000000, -1.000000000000000000, 0.000000000000000000 ) ) ;
#3100 = ORIENTED_EDGE ( 'NONE', *, *, #1125, .F. ) ;
#3101 = DATE_AND_TIME ( #8099, #5846 ) ;
#3102 = CYLINDRICAL_SURFACE ( 'NONE', #10078, 1.700000000000000178 ) ;
#3103 = CC_DESIGN_DATE_AND_TIME_ASSIGNMENT ( #9346, #6346, ( #3086 ) ) ;
#3104 = MANIFOLD_SOLID_BREP ( 'Bearing_retainer_40x24x2', #10511 ) ;
#3105 = APPROVAL ( #4679, 'æœª' ) ;
#3106 = CARTESIAN_POINT ( 'NONE',  ( -13.55741526174398537, 68.34333309900759446, 0.000000000000000000 ) ) ;
#3107 = FACE_OUTER_BOUND ( 'NONE', #1486, .T. ) ;
#3108 = CC_DESIGN_APPROVAL ( #6328, ( #12848 ) ) ;
#3109 = DATE_AND_TIME ( #7239, #4588 ) ;
#3110 = DIRECTION ( 'NONE',  ( 0.000000000000000000, 0.000000000000000000, 1.000000000000000000 ) ) ;
#3111 = DIRECTION ( 'NONE',  ( -0.000000000000000000, -0.000000000000000000, 1.000000000000000000 ) ) ;
#3112 = ORIENTED_EDGE ( 'NONE', *, *, #6511, .T. ) ;
#3113 = DIRECTION ( 'NONE',  ( 0.000000000000000000, 0.000000000000000000, 1.000000000000000000 ) ) ;
#3114 = ORIENTED_EDGE ( 'NONE', *, *, #4928, .F. ) ;
#3115 = DIRECTION ( 'NONE',  ( 1.000000000000000000, 0.000000000000000000, -0.000000000000000000 ) ) ;
#3116 = VERTEX_POINT ( 'NONE', #12286 ) ;
#3117 = VECTOR ( 'NONE', #2230, 1000.000000000000000 ) ;
#3118 = CARTESIAN_POINT ( 'NONE',  ( 125.0428739570325121, -1.361190795270670106, 0.000000000000000000 ) ) ;
#3119 = DIRECTION ( 'NONE',  ( -1.000000000000000000, 0.000000000000000000, 0.000000000000000000 ) ) ;
#3120 = EDGE_LOOP ( 'NONE', ( #8436, #1968, #9658, #1780 ) ) ;
#3121 = ORIENTED_EDGE ( 'NONE', *, *, #3428, .F. ) ;
#3122 = APPROVAL_PERSON_ORGANIZATION ( #3255, #320, #5136 ) ;
#3123 = DIRECTION ( 'NONE',  ( -1.000000000000000000, 0.000000000000000000, 0.000000000000000000 ) ) ;
#3124 = ADVANCED_FACE ( 'NONE', ( #2293, #9143, #11070 ), #3354, .F. ) ;
#3125 = CIRCLE ( 'NONE', #5234, 2.600000000000000089 ) ;
#3126 = LINE ( 'NONE', #2074, #9612 ) ;
#3127 = APPROVAL_STATUS ( 'not_yet_approved' ) ;
#3128 = APPLICATION_PROTOCOL_DEFINITION ( 'international standard', 'config_control_design', 1994, #12220 ) ;
#3129 = APPROVAL_DATE_TIME ( #10127, #10935 ) ;
#3130 = MANIFOLD_SOLID_BREP ( 'Coupler_clamp_M3', #11565 ) ;
#3131 = AXIS2_PLACEMENT_3D ( 'NONE', #10020, #7955, #1117 ) ;
#3132 = DIRECTION ( 'NONE',  ( 0.000000000000000000, 0.000000000000000000, -1.000000000000000000 ) ) ;
#3133 = CC_DESIGN_APPROVAL ( #11036, ( #12858 ) ) ;
#3134 = DIRECTION ( 'NONE',  ( 0.000000000000000000, 0.000000000000000000, -1.000000000000000000 ) ) ;
#3135 = VERTEX_POINT ( 'NONE', #1311 ) ;
#3136 = ORIENTED_EDGE ( 'NONE', *, *, #10174, .T. ) ;
#3138 = VECTOR ( 'NONE', #6999, 1000.000000000000000 ) ;
#3137 =( NAMED_UNIT ( * ) PLANE_ANGLE_UNIT ( ) SI_UNIT ( $, .RADIAN. ) );
#3139 = ADVANCED_FACE ( 'NONE', ( #10209 ), #5254, .F. ) ;
#3140 = ORIENTED_EDGE ( 'NONE', *, *, #9813, .F. ) ;
#3141 = VECTOR ( 'NONE', #5399, 1000.000000000000000 ) ;
#3142 = LINE ( 'NONE', #1036, #9010 ) ;
#3143 = VECTOR ( 'NONE', #1046, 1000.000000000000000 ) ;
#3144 = FACE_BOUND ( 'NONE', #10256, .T. ) ;
#3145 = CARTESIAN_POINT ( 'NONE',  ( -0.5999999999999999778, 0.000000000000000000, 4.000000000000000000 ) ) ;
#3146 = APPROVAL_DATE_TIME ( #8007, #3898 ) ;
#3147 = CARTESIAN_POINT ( 'NONE',  ( 135.1414610682097930, 1.484523509544901421, -0.000000000000000000 ) ) ;
#3148 = DIRECTION ( 'NONE',  ( 1.000000000000000000, 0.000000000000000000, -0.000000000000000000 ) ) ;
#3149 = EDGE_LOOP ( 'NONE', ( #6981, #773, #11078, #3926 ) ) ;
#3150 = AXIS2_PLACEMENT_3D ( 'NONE', #12915, #4827, #3890 ) ;
#3151 = PLANE ( 'NONE',  #9263 ) ;
#3152 = DIRECTION ( 'NONE',  ( -0.000000000000000000, -1.000000000000000000, -0.000000000000000000 ) ) ;
#3153 = VECTOR ( 'NONE', #5463, 1000.000000000000000 ) ;
#3154 = VERTEX_POINT ( 'NONE', #52 ) ;
#3155 = ADVANCED_FACE ( 'NONE', ( #8284 ), #9290, .F. ) ;
#3156 = DATE_TIME_ROLE ( 'classification_date' ) ;
#3157 = FACE_OUTER_BOUND ( 'NONE', #10493, .T. ) ;
#3158 = ORIENTED_EDGE ( 'NONE', *, *, #9217, .F. ) ;
#3159 = AXIS2_PLACEMENT_3D ( 'NONE', #11177, #3396, #5081 ) ;
#3160 = DIRECTION ( 'NONE',  ( -1.000000000000000000, 0.000000000000000000, 0.000000000000000000 ) ) ;
#3161 = CARTESIAN_POINT ( 'NONE',  ( 29.95712604296772952, 0.000000000000000000, 11.63880920473206793 ) ) ;
#3162 = PERSON_AND_ORGANIZATION ( #12991, #11636 ) ;
#3163 = DIRECTION ( 'NONE',  ( -0.000000000000000000, 1.000000000000000000, -0.000000000000000000 ) ) ;
#3164 = DIRECTION ( 'NONE',  ( -1.000000000000000000, 0.000000000000000000, 0.000000000000000000 ) ) ;
#3165 = DIRECTION ( 'NONE',  ( -0.000000000000000000, -0.000000000000000000, 1.000000000000000000 ) ) ;
#3166 = DIRECTION ( 'NONE',  ( -0.000000000000000000, -0.000000000000000000, 1.000000000000000000 ) ) ;
#3167 = DIRECTION ( 'NONE',  ( -1.000000000000000000, -0.000000000000000000, -0.000000000000000000 ) ) ;
#3168 = EDGE_CURVE ( 'NONE', #9532, #7730, #8067, .T. ) ;
#3169 = EDGE_CURVE ( 'NONE', #8908, #11420, #3763, .T. ) ;
#3170 = ORIENTED_EDGE ( 'NONE', *, *, #9996, .T. ) ;
#3171 = VERTEX_POINT ( 'NONE', #5319 ) ;
#3172 = DIRECTION ( 'NONE',  ( 1.000000000000000000, 0.000000000000000000, 0.000000000000000000 ) ) ;
#3173 = ORIENTED_EDGE ( 'NONE', *, *, #10273, .F. ) ;
#3174 = PLANE ( 'NONE',  #8852 ) ;
#3175 = DIRECTION ( 'NONE',  ( 0.000000000000000000, 0.000000000000000000, 1.000000000000000000 ) ) ;
#3176 = CARTESIAN_POINT ( 'NONE',  ( 31.44263793984587707, 58.65679534101006709, -0.000000000000000000 ) ) ;
#3177 = CARTESIAN_POINT ( 'NONE',  ( 10.00000000000000000, -10.00000000000000000, 0.000000000000000000 ) ) ;
#3178 = FACE_OUTER_BOUND ( 'NONE', #3047, .T. ) ;
#3179 = ORIENTED_EDGE ( 'NONE', *, *, #11811, .F. ) ;
#3180 = LINE ( 'NONE', #7178, #9283 ) ;
#3181 = EDGE_CURVE ( 'NONE', #7057, #5450, #7140, .T. ) ;
#3182 = CC_DESIGN_DATE_AND_TIME_ASSIGNMENT ( #12360, #7218, ( #8393 ) ) ;
#3183 = ORIENTED_EDGE ( 'NONE', *, *, #1403, .F. ) ;
#3184 = FACE_OUTER_BOUND ( 'NONE', #1510, .T. ) ;
#3185 = ORIENTED_EDGE ( 'NONE', *, *, #7720, .F. ) ;
#3186 = CARTESIAN_POINT ( 'NONE',  ( 0.000000000000000000, 0.000000000000000000, 0.000000000000000000 ) ) ;
#3187 = DIRECTION ( 'NONE',  ( -1.000000000000000000, 0.000000000000000000, 0.000000000000000000 ) ) ;
#3188 = LOCAL_TIME ( 12, 23, 36.00000000000000000, #11072 ) ;
#3189 = ORIENTED_EDGE ( 'NONE', *, *, #1042, .F. ) ;
#3190 = B_SPLINE_CURVE_WITH_KNOTS ( 'NONE', 3,
 ( #8006, #8889, #3804, #2819, #7936, #794, #1773, #3742, #5959, #12077, #971, #4796, #8828, #5774, #4981, #6799, #8764, #12820 ),
 .UNSPECIFIED., .F., .F.,
 ( 4, 2, 2, 2, 2, 2, 2, 2, 4 ),
 ( 0.5000000000000000000, 0.5624999999999998890, 0.6249999999999997780, 0.6874999999999997780, 0.7499999999999996669, 0.8124999999999995559, 0.8749999999999995559, 0.9374999999999997780, 1.000000000000000000 ),
 .UNSPECIFIED. ) ;
#3191 = ORIENTED_EDGE ( 'NONE', *, *, #4862, .F. ) ;
#3192 = CARTESIAN_POINT ( 'NONE',  ( 124.0000000000000000, 0.000000000000000000, -1.200000000000000030E-05 ) ) ;
#3193 = PERSON_AND_ORGANIZATION ( #12991, #11636 ) ;
#3194 = CARTESIAN_POINT ( 'NONE',  ( 31.00000000000000000, 8.000000000000000000, 13.00000000000000000 ) ) ;
#3195 = LOCAL_TIME ( 12, 23, 36.00000000000000000, #5062 ) ;
#3196 = CARTESIAN_POINT ( 'NONE',  ( -12.80000000000000071, -2.000000000000000000, -1.200000000000000030E-05 ) ) ;
#3197 = PLANE ( 'NONE',  #4546 ) ;
#3198 = ORIENTED_EDGE ( 'NONE', *, *, #815, .F. ) ;
#3199 = EDGE_CURVE ( 'NONE', #8433, #11648, #3066, .T. ) ;
#3200 = VERTEX_POINT ( 'NONE', #8142 ) ;
#3201 = VERTEX_POINT ( 'NONE', #5177 ) ;
#3202 = VERTEX_POINT ( 'NONE', #6289 ) ;
#3203 = FACE_BOUND ( 'NONE', #977, .T. ) ;
#3204 = CARTESIAN_POINT ( 'NONE',  ( 31.00000000000000000, 59.50000000000000000, 4.000000000000000000 ) ) ;
#3205 = PLANE ( 'NONE',  #8171 ) ;
#3206 = DATE_AND_TIME ( #8431, #9746 ) ;
#3207 = CARTESIAN_POINT ( 'NONE',  ( 0.000000000000000000, 72.50000000000000000, 0.000000000000000000 ) ) ;
#3208 = CARTESIAN_POINT ( 'NONE',  ( -4.515476490455820446, -8.141461068210320562, -0.000000000000000000 ) ) ;
#3209 = ORIENTED_EDGE ( 'NONE', *, *, #7096, .T. ) ;
#3210 = DIRECTION ( 'NONE',  ( 0.000000000000000000, -1.000000000000000000, 0.000000000000000000 ) ) ;
#3211 = DIRECTION ( 'NONE',  ( 0.000000000000000000, -1.000000000000000000, 0.000000000000000000 ) ) ;
#3212 = ORIENTED_EDGE ( 'NONE', *, *, #3223, .T. ) ;
#3213 = DATE_TIME_ROLE ( 'creation_date' ) ;
#3214 = ORIENTED_EDGE ( 'NONE', *, *, #11957, .F. ) ;
#3215 = DIRECTION ( 'NONE',  ( -1.000000000000000000, 0.000000000000000000, 0.000000000000000000 ) ) ;
#3216 = DIRECTION ( 'NONE',  ( 0.000000000000000000, 0.000000000000000000, -1.000000000000000000 ) ) ;
#3217 = LINE ( 'NONE', #5194, #11338 ) ;
#3218 = PERSON_AND_ORGANIZATION_ROLE ( 'creator' ) ;
#3219 = CARTESIAN_POINT ( 'NONE',  ( -28.00000000000000000, 0.000000000000000000, 24.00000000000000000 ) ) ;
#3220 = AXIS2_PLACEMENT_3D ( 'NONE', #9734, #7599, #5699 ) ;
#3221 = DIRECTION ( 'NONE',  ( 0.000000000000000000, -0.000000000000000000, -1.000000000000000000 ) ) ;
#3222 = LINE ( 'NONE', #10441, #10773 ) ;
#3223 = EDGE_CURVE ( 'NONE', #10136, #4160, #829, .T. ) ;
#3224 = DIRECTION ( 'NONE',  ( 0.000000000000000000, 1.000000000000000000, 0.000000000000000000 ) ) ;
#3225 = B_SPLINE_CURVE_WITH_KNOTS ( 'NONE', 3,
 ( #11874, #4856, #1831, #5717, #10871, #5831, #10937, #727, #2761, #1901, #7862, #4727, #789, #2873, #3738, #10814, #908, #10689 ),
 .UNSPECIFIED., .F., .F.,
 ( 4, 2, 2, 2, 2, 2, 2, 2, 4 ),
 ( 0.5000000000000000000, 0.5625000000000000000, 0.6250000000000000000, 0.6875000000000000000, 0.7500000000000000000, 0.8125000000000000000, 0.8750000000000000000, 0.9375000000000000000, 1.000000000000000000 ),
 .UNSPECIFIED. ) ;
#3226 = LINE ( 'NONE', #1266, #3273 ) ;
#3227 = PERSON_AND_ORGANIZATION_ROLE ( 'classification_officer' ) ;
#3228 = LINE ( 'NONE', #3298, #5677 ) ;
#3229 = ORIENTED_EDGE ( 'NONE', *, *, #1713, .F. ) ;
#3230 = ORIENTED_EDGE ( 'NONE', *, *, #6581, .T. ) ;
#3231 = DIRECTION ( 'NONE',  ( 1.000000000000000000, 0.000000000000000000, 0.000000000000000000 ) ) ;
#3232 = EDGE_LOOP ( 'NONE', ( #4177, #12580 ) ) ;
#3233 = CARTESIAN_POINT ( 'NONE',  ( 4.638809204728629787, -10.04287395703031294, 0.000000000000000000 ) ) ;
#3234 = MANIFOLD_SOLID_BREP ( 'Servo_foot_M3', #2897 ) ;
#3235 = CYLINDRICAL_SURFACE ( 'NONE', #6680, 1.700000000000000178 ) ;
#3236 = ADVANCED_FACE ( 'NONE', ( #11142 ), #3205, .F. ) ;
#3237 = CARTESIAN_POINT ( 'NONE',  ( 29.51560493047243128, 57.85848573019363528, 0.000000000000000000 ) ) ;
#3238 = DIRECTION ( 'NONE',  ( -1.000000000000000000, 0.000000000000000000, -0.000000000000000000 ) ) ;
#3239 = DIRECTION ( 'NONE',  ( 1.000000000000000000, 0.000000000000000000, 0.000000000000000000 ) ) ;
#3240 = ORIENTED_EDGE ( 'NONE', *, *, #9008, .F. ) ;
#3241 = LINE ( 'NONE', #7113, #4004 ) ;
#3242 = ORIENTED_EDGE ( 'NONE', *, *, #10922, .T. ) ;
#3243 = CARTESIAN_POINT ( 'NONE',  ( 32.48432534211531220, 56.14134607986859038, 0.000000000000000000 ) ) ;
#3244 = DATE_TIME_ROLE ( 'creation_date' ) ;
#3245 = ORIENTED_EDGE ( 'NONE', *, *, #12642, .T. ) ;
#3246 = DIRECTION ( 'NONE',  ( -1.000000000000000000, 0.000000000000000000, 0.000000000000000000 ) ) ;
#3247 = ORIENTED_EDGE ( 'NONE', *, *, #1671, .F. ) ;
#3248 = ORIENTED_EDGE ( 'NONE', *, *, #11224, .T. ) ;
#3249 = CYLINDRICAL_SURFACE ( 'NONE', #1052, 1.700000000000000178 ) ;
#3250 = DIRECTION ( 'NONE',  ( 0.000000000000000000, -1.000000000000000000, 0.000000000000000000 ) ) ;
#3251 = FACE_OUTER_BOUND ( 'NONE', #11500, .T. ) ;
#3252 = EDGE_CURVE ( 'NONE', #6823, #2950, #3125, .T. ) ;
#3253 = PRODUCT_DEFINITION_SHAPE ( 'NONE', 'NONE',  #13074 ) ;
#3254 = EDGE_CURVE ( 'NONE', #10566, #9449, #4274, .T. ) ;
#3255 = PERSON_AND_ORGANIZATION ( #12991, #11636 ) ;
#3256 = DATE_AND_TIME ( #1091, #3916 ) ;
#3257 = CARTESIAN_POINT ( 'NONE',  ( 10.01747428353794866, 9.780869486404816016, 8.486530660924678671 ) ) ;
#3258 = MANIFOLD_SOLID_BREP ( 'Gripper_adapter_M3_14x10_NOT_SG90_DIRECT', #9013 ) ;
#3259 = CARTESIAN_POINT ( 'NONE',  ( -20.00000000000000000, -14.00000000000000000, -1.200000000000000030E-05 ) ) ;
#3260 = FACE_BOUND ( 'NONE', #7247, .T. ) ;
#3261 = ORIENTED_EDGE ( 'NONE', *, *, #494, .T. ) ;
#3262 = ORIENTED_EDGE ( 'NONE', *, *, #10406, .F. ) ;
#3263 =( LENGTH_UNIT ( ) NAMED_UNIT ( * ) SI_UNIT ( .MILLI., .METRE. ) );
#3264 = VECTOR ( 'NONE', #9027, 1000.000000000000000 ) ;
#3265 = ORIENTED_EDGE ( 'NONE', *, *, #6835, .F. ) ;
#3266 = VERTEX_POINT ( 'NONE', #11337 ) ;
#3267 = SHAPE_REPRESENTATION ( 'V3_REF_5mm_shaft', ( #1284 ), #4849 ) ;
#3268 = CARTESIAN_POINT ( 'NONE',  ( 11.25500529808220485, 8.327020506907690134, 6.935553284710733735 ) ) ;
#3269 = APPROVAL ( #2432, 'æœª' ) ;
#3270 = CARTESIAN_POINT ( 'NONE',  ( 31.60000000000000142, 72.50000000000000000, -1.200000000000000030E-05 ) ) ;
#3271 = EDGE_CURVE ( 'NONE', #7553, #10783, #5459, .T. ) ;
#3272 = DIRECTION ( 'NONE',  ( 0.000000000000000000, -1.000000000000000000, 0.000000000000000000 ) ) ;
#3273 = VECTOR ( 'NONE', #5279, 1000.000000000000000 ) ;
#3274 = CARTESIAN_POINT ( 'NONE',  ( 0.000000000000000000, 40.00000000000000000, 40.00000000000000000 ) ) ;
#3275 = CARTESIAN_POINT ( 'NONE',  ( -9.119313208099622869, 10.62263300843386737, 7.976430371807635034 ) ) ;
#3276 = EDGE_LOOP ( 'NONE', ( #12594, #7102, #6200, #570 ) ) ;
#3277 = LINE ( 'NONE', #12351, #3778 ) ;
#3278 = CARTESIAN_POINT ( 'NONE',  ( 13.00000000000000000, 5.000000000000000000, 28.00000000000000000 ) ) ;
#3279 = ORIENTED_EDGE ( 'NONE', *, *, #5123, .F. ) ;
#3280 = DIRECTION ( 'NONE',  ( 1.000000000000000000, 0.000000000000000000, 0.000000000000000000 ) ) ;
#3281 = ORIENTED_EDGE ( 'NONE', *, *, #6963, .F. ) ;
#3282 = VECTOR ( 'NONE', #6302, 1000.000000000000000 ) ;
#3283 = PERSON_AND_ORGANIZATION_ROLE ( 'creator' ) ;
#3284 = CARTESIAN_POINT ( 'NONE',  ( 255.8000000000000398, 3.000000000000000000, 0.000000000000000000 ) ) ;
#3285 = LINE ( 'NONE', #9304, #11560 ) ;
#3286 = APPROVAL_STATUS ( 'not_yet_approved' ) ;
#3287 = DIRECTION ( 'NONE',  ( 0.000000000000000000, -0.000000000000000000, 1.000000000000000000 ) ) ;
#3288 = PERSON_AND_ORGANIZATION_ROLE ( 'creator' ) ;
#3289 = EDGE_CURVE ( 'NONE', #12080, #11332, #9877, .T. ) ;
#3290 = CARTESIAN_POINT ( 'NONE',  ( -9.000000000000000000, 8.000000000000000000, 14.69999999999999929 ) ) ;
#3291 = DIRECTION ( 'NONE',  ( 0.000000000000000000, -1.000000000000000000, 0.000000000000000000 ) ) ;
#3292 = FACE_OUTER_BOUND ( 'NONE', #2142, .T. ) ;
#3293 = CARTESIAN_POINT ( 'NONE',  ( -0.5999999999999997558, 13.98713694792468942, 12.00000000000000000 ) ) ;
#3294 = CIRCLE ( 'NONE', #11314, 2.000000000000001776 ) ;
#3295 = VECTOR ( 'NONE', #12550, 1000.000000000000000 ) ;
#3296 = LOCAL_TIME ( 12, 23, 36.00000000000000000, #4043 ) ;
#3297 = CYLINDRICAL_SURFACE ( 'NONE', #561, 8.099999999999999645 ) ;
#3298 = CARTESIAN_POINT ( 'NONE',  ( -12.30000000000000071, 70.00000000000000000, -1.200000000000000030E-05 ) ) ;
#3299 = AXIS2_PLACEMENT_3D ( 'NONE', #3194, #6408, #2407 ) ;
#3300 = VERTEX_POINT ( 'NONE', #2489 ) ;
#3302 = DIRECTION ( 'NONE',  ( 1.000000000000000000, -0.000000000000000000, 0.000000000000000000 ) ) ;
#3301 = SECURITY_CLASSIFICATION_LEVEL ( 'unclassified' ) ;
#3303 = ADVANCED_FACE ( 'NONE', ( #1573 ), #12620, .F. ) ;
#3304 = ORIENTED_EDGE ( 'NONE', *, *, #6094, .F. ) ;
#3305 = DESIGN_CONTEXT ( 'detailed design', #2513, 'design' ) ;
#3306 = CARTESIAN_POINT ( 'NONE',  ( 0.000000000000000000, 70.00000000000000000, 8.000000000000000000 ) ) ;
#3307 = ORIENTED_EDGE ( 'NONE', *, *, #1941, .T. ) ;
#3308 = VECTOR ( 'NONE', #9711, 1000.000000000000000 ) ;
#3309 = AXIS2_PLACEMENT_3D ( 'NONE', #10804, #1639, #9868 ) ;
#3310 = CARTESIAN_POINT ( 'NONE',  ( 7.042873957030896470, -10.36119079527079201, 0.000000000000000000 ) ) ;
#3311 = ORIENTED_EDGE ( 'NONE', *, *, #303, .F. ) ;
#3312 = DIRECTION ( 'NONE',  ( -0.000000000000000000, -0.000000000000000000, 1.000000000000000000 ) ) ;
#3313 = CARTESIAN_POINT ( 'NONE',  ( 24.30000000000000071, 45.00000000000000000, 5.000000000000000000 ) ) ;
#3314 = CARTESIAN_POINT ( 'NONE',  ( -10.50000000000000000, 59.50000000000000000, -1.200000000000000030E-05 ) ) ;
#3315 = DIRECTION ( 'NONE',  ( 0.000000000000000000, 1.000000000000000000, 0.000000000000000000 ) ) ;
#3316 = VECTOR ( 'NONE', #6634, 1000.000000000000000 ) ;
#3317 = EDGE_LOOP ( 'NONE', ( #4658, #3452 ) ) ;
#3318 = CARTESIAN_POINT ( 'NONE',  ( 32.70000000000000284, 66.00000000000000000, 5.000000000000000000 ) ) ;
#3319 = VECTOR ( 'NONE', #6216, 1000.000000000000000 ) ;
#3320 = ORIENTED_EDGE ( 'NONE', *, *, #12853, .T. ) ;
#3321 = DIRECTION ( 'NONE',  ( -1.000000000000000000, 0.000000000000000000, 0.000000000000000000 ) ) ;
#3322 = VERTEX_POINT ( 'NONE', #7347 ) ;
#3323 = EDGE_CURVE ( 'NONE', #2916, #10990, #8630, .T. ) ;
#3324 = DIRECTION ( 'NONE',  ( -0.000000000000000000, -0.000000000000000000, 1.000000000000000000 ) ) ;
#3325 = VERTEX_POINT ( 'NONE', #11415 ) ;
#3326 = ORIENTED_EDGE ( 'NONE', *, *, #2849, .F. ) ;
#3327 = VECTOR ( 'NONE', #5489, 1000.000000000000000 ) ;
#3328 = APPROVAL_DATE_TIME ( #3101, #7999 ) ;
#3329 = DIRECTION ( 'NONE',  ( -0.000000000000000000, -0.000000000000000000, 1.000000000000000000 ) ) ;
#3330 = CARTESIAN_POINT ( 'NONE',  ( 40.00000000000000000, 40.00000000000000000, 0.000000000000000000 ) ) ;
#3331 = AXIS2_PLACEMENT_3D ( 'NONE', #11203, #5044, #2157 ) ;
#3332 = DIRECTION ( 'NONE',  ( -0.000000000000000000, -0.000000000000000000, -1.000000000000000000 ) ) ;
#3333 = CARTESIAN_POINT ( 'NONE',  ( 31.19999999999999929, 80.50000000000000000, 0.000000000000000000 ) ) ;
#3334 = PERSON_AND_ORGANIZATION ( #12991, #11636 ) ;
#3335 = APPROVAL_ROLE ( '' ) ;
#3336 = SECURITY_CLASSIFICATION_LEVEL ( 'unclassified' ) ;
#3337 = CARTESIAN_POINT ( 'NONE',  ( 9.290647558218967816, 10.47331327697886749, 9.143416653029152741 ) ) ;
#3338 = CARTESIAN_POINT ( 'NONE',  ( -7.515674657884689580, 56.14134607987173808, 0.000000000000000000 ) ) ;
#3339 = ORIENTED_EDGE ( 'NONE', *, *, #7663, .F. ) ;
#3340 = LOCAL_TIME ( 12, 23, 36.00000000000000000, #11490 ) ;
#3341 = ORIENTED_EDGE ( 'NONE', *, *, #9724, .T. ) ;
#3342 =( LENGTH_UNIT ( ) NAMED_UNIT ( * ) SI_UNIT ( .MILLI., .METRE. ) );
#3343 = ADVANCED_FACE ( 'NONE', ( #10421 ), #5382, .F. ) ;
#3344 = ADVANCED_FACE ( 'NONE', ( #12491 ), #3426, .F. ) ;
#3345 = ORIENTED_EDGE ( 'NONE', *, *, #3619, .T. ) ;
#3346 = ORIENTED_EDGE ( 'NONE', *, *, #1655, .T. ) ;
#3347 = VECTOR ( 'NONE', #11837, 1000.000000000000000 ) ;
#3348 = EDGE_CURVE ( 'NONE', #10683, #7832, #11903, .T. ) ;
#3349 = VECTOR ( 'NONE', #4490, 1000.000000000000000 ) ;
#3350 = CARTESIAN_POINT ( 'NONE',  ( -9.442584738250035414, 67.65666690099503455, 0.000000000000000000 ) ) ;
#3351 = AXIS2_PLACEMENT_3D ( 'NONE', #7714, #4761, #12849 ) ;
#3352 = DIRECTION ( 'NONE',  ( 1.000000000000000000, 0.000000000000000000, 0.000000000000000000 ) ) ;
#3353 = LOCAL_TIME ( 12, 23, 36.00000000000000000, #7780 ) ;
#3354 = PLANE ( 'NONE',  #12449 ) ;
#3355 = APPLICATION_PROTOCOL_DEFINITION ( 'international standard', 'config_control_design', 1994, #9250 ) ;
#3356 = CARTESIAN_POINT ( 'NONE',  ( 137.4845235095464488, 0.8585389317909376539, -0.000000000000000000 ) ) ;
#3357 = LINE ( 'NONE', #4599, #710 ) ;
#3358 = CIRCLE ( 'NONE', #1469, 1.700000000000000178 ) ;
#3359 = ORIENTED_EDGE ( 'NONE', *, *, #3428, .T. ) ;
#3360 = ORIENTED_EDGE ( 'NONE', *, *, #8236, .T. ) ;
#3361 = APPROVAL_STATUS ( 'not_yet_approved' ) ;
#3362 = FACE_OUTER_BOUND ( 'NONE', #11503, .T. ) ;
#3363 = APPROVAL ( #8671, 'æœª' ) ;
#3364 = AXIS2_PLACEMENT_3D ( 'NONE', #6211, #6150, #187 ) ;
#3365 = PRODUCT_RELATED_PRODUCT_CATEGORY ( 'detail', '', ( #5418 ) ) ;
#3366 = ORIENTED_EDGE ( 'NONE', *, *, #1337, .T. ) ;
#3367 =( REPRESENTATION_RELATIONSHIP ('NONE','NONE', #6877, #4629 ) REPRESENTATION_RELATIONSHIP_WITH_TRANSFORMATION ( #2120 )SHAPE_REPRESENTATION_RELATIONSHIP( ) );
#3368 = AXIS2_PLACEMENT_3D ( 'NONE', #10183, #7111, #8106 ) ;
#3369 = SHAPE_DEFINITION_REPRESENTATION ( #4439, #9531 ) ;
#3370 = DIRECTION ( 'NONE',  ( 0.000000000000000000, 0.000000000000000000, 1.000000000000000000 ) ) ;
#3371 = CARTESIAN_POINT ( 'NONE',  ( -21.00000000000000000, 12.00000000000000000, 3.000000000000000000 ) ) ;
#3372 = CIRCLE ( 'NONE', #8050, 5.799999999999999822 ) ;
#3373 = AXIS2_PLACEMENT_3D ( 'NONE', #212, #4228, #5278 ) ;
#3374 = CARTESIAN_POINT ( 'NONE',  ( -8.000000000000000000, 0.000000000000000000, 5.000000000000000000 ) ) ;
#3375 = PERSON_AND_ORGANIZATION ( #12991, #11636 ) ;
#3376 = DIRECTION ( 'NONE',  ( 1.000000000000000000, 0.000000000000000000, 0.000000000000000000 ) ) ;
#3377 = CARTESIAN_POINT ( 'NONE',  ( -21.36128909900304862, -0.000000000000000000, 10.95702773923621010 ) ) ;
#3378 = CARTESIAN_POINT ( 'NONE',  ( 12.80000000000000071, 2.000000000000000000, -1.200000000000000030E-05 ) ) ;
#3379 = AXIS2_PLACEMENT_3D ( 'NONE', #6864, #8888, #9946 ) ;
#3380 = AXIS2_PLACEMENT_3D ( 'NONE', #56, #1316, #11343 ) ;
#3381 = CARTESIAN_POINT ( 'NONE',  ( -21.04297226076352345, -15.36128909900368278, -0.000000000000000000 ) ) ;
#3382 = DIRECTION ( 'NONE',  ( -0.000000000000000000, -0.000000000000000000, 1.000000000000000000 ) ) ;
#3383 = AXIS2_PLACEMENT_3D ( 'NONE', #12655, #9459, #7515 ) ;
#3384 = DIRECTION ( 'NONE',  ( 1.000000000000000000, 0.000000000000000000, 0.000000000000000000 ) ) ;
#3385 = EDGE_CURVE ( 'NONE', #3931, #6173, #3953, .T. ) ;
#3386 = ORIENTED_EDGE ( 'NONE', *, *, #3668, .T. ) ;
#3387 = PERSON ( 'NAUO-PER19', 'UNSPECIFIED', 'UNSPECIFIED', ('UNSPECIFIED'), ('UNSPECIFIED'), ('UNSPECIFIED') ) ;
#3388 = VECTOR ( 'NONE', #12783, 1000.000000000000000 ) ;
#3389 = PRODUCT_DEFINITION_SHAPE ( 'NONE', 'NONE',  #13073 ) ;
#3390 = ORIENTED_EDGE ( 'NONE', *, *, #3961, .T. ) ;
#3391 = EDGE_LOOP ( 'NONE', ( #198, #4965, #6737, #8912 ) ) ;
#3392 = CARTESIAN_POINT ( 'NONE',  ( 0.000000000000000000, 0.000000000000000000, 0.000000000000000000 ) ) ;
#3393 = ORIENTED_EDGE ( 'NONE', *, *, #1147, .F. ) ;
#3394 = CARTESIAN_POINT ( 'NONE',  ( 6.225083994886821515, -10.70006951123579064, -0.000000000000000000 ) ) ;
#3395 = CARTESIAN_POINT ( 'NONE',  ( -7.638710900995789643, -0.000000000000000000, 14.04297226076225513 ) ) ;
#3396 = DIRECTION ( 'NONE',  ( 0.000000000000000000, -1.000000000000000000, 0.000000000000000000 ) ) ;
#3397 = ADVANCED_FACE ( 'NONE', ( #7100, #2122, #11099, #1192 ), #7166, .F. ) ;
#3398 = VECTOR ( 'NONE', #11643, 1000.000000000000000 ) ;
#3399 =( GEOMETRIC_REPRESENTATION_CONTEXT ( 3 ) GLOBAL_UNCERTAINTY_ASSIGNED_CONTEXT ( ( #6967 ) ) GLOBAL_UNIT_ASSIGNED_CONTEXT ( ( #5098, #457, #6409 ) ) REPRESENTATION_CONTEXT ( 'NONE', 'WORKASPACE' ) );
#3400 = CARTESIAN_POINT ( 'NONE',  ( 0.000000000000000000, 0.000000000000000000, 83.00000000000000000 ) ) ;
#3401 = ORIENTED_EDGE ( 'NONE', *, *, #815, .T. ) ;
#3402 = CARTESIAN_POINT ( 'NONE',  ( 24.30000000000000071, -45.00000000000000000, 5.000000000000000000 ) ) ;
#3403 = ORIENTED_EDGE ( 'NONE', *, *, #11595, .T. ) ;
#3404 = CARTESIAN_POINT ( 'NONE',  ( -11.90000000000000036, -6.400000000000000355, 0.000000000000000000 ) ) ;
#3405 = ORIENTED_EDGE ( 'NONE', *, *, #6650, .T. ) ;
#3406 = VERTEX_POINT ( 'NONE', #12247 ) ;
#3407 = ORIENTED_EDGE ( 'NONE', *, *, #9785, .F. ) ;
#3408 = LINE ( 'NONE', #10257, #9045 ) ;
#3409 = DIRECTION ( 'NONE',  ( 0.000000000000000000, -0.000000000000000000, -1.000000000000000000 ) ) ;
#3410 = FACE_BOUND ( 'NONE', #4944, .T. ) ;
#3411 = APPROVAL_DATE_TIME ( #4585, #6399 ) ;
#3412 = CARTESIAN_POINT ( 'NONE',  ( 31.00000000000000000, -1.200000000000000030E-05, 5.700000000000000178 ) ) ;
#3413 = ADVANCED_FACE ( 'NONE', ( #8243 ), #7230, .F. ) ;
#3414 = CARTESIAN_POINT ( 'NONE',  ( 14.00000000000000000, 1.714505518806294638E-15, 12.00000000000000000 ) ) ;
#3415 = CARTESIAN_POINT ( 'NONE',  ( 2.408589353751582784, 0.9896632826438699349, -0.000000000000000000 ) ) ;
#3416 = ORIENTED_EDGE ( 'NONE', *, *, #5575, .T. ) ;
#3417 = AXIS2_PLACEMENT_3D ( 'NONE', #1688, #1492, #5690 ) ;
#3418 = ORIENTED_EDGE ( 'NONE', *, *, #11794, .F. ) ;
#3419 = CYLINDRICAL_SURFACE ( 'NONE', #5377, 1.700000000000000178 ) ;
#3420 = VERTEX_POINT ( 'NONE', #8059 ) ;
#3421 = ORIENTED_EDGE ( 'NONE', *, *, #12552, .T. ) ;
#3422 = ADVANCED_FACE ( 'NONE', ( #8276 ), #7266, .T. ) ;
#3423 = CARTESIAN_POINT ( 'NONE',  ( 10.00000000000000000, -10.00000000000000000, 35.00000000000000000 ) ) ;
#3424 = PRODUCT_DEFINITION_FORMATION_WITH_SPECIFIED_SOURCE ( 'ä»', '', #10838, .NOT_KNOWN. ) ;
#3425 = CARTESIAN_POINT ( 'NONE',  ( -5.500000000000000000, 0.000000000000000000, 29.00000000000000000 ) ) ;
#3426 = PLANE ( 'NONE',  #12852 ) ;
#3427 = MECHANICAL_CONTEXT ( 'NONE', #9250, 'mechanical' ) ;
#3428 = EDGE_CURVE ( 'NONE', #7592, #6542, #3966, .T. ) ;
#3429 = DIRECTION ( 'NONE',  ( 0.000000000000000000, 0.000000000000000000, 1.000000000000000000 ) ) ;
#3430 = EDGE_LOOP ( 'NONE', ( #10656, #5518 ) ) ;
#3431 = ORIENTED_EDGE ( 'NONE', *, *, #4930, .T. ) ;
#3432 = CARTESIAN_POINT ( 'NONE',  ( 0.000000000000000000, 149.0000000000000000, 83.00000000000000000 ) ) ;
#3433 = MANIFOLD_SOLID_BREP ( 'V2_REF_chassis_255p8x149', #176 ) ;
#3434 = LOCAL_TIME ( 12, 23, 36.00000000000000000, #6513 ) ;
#3435 = ORIENTED_EDGE ( 'NONE', *, *, #3493, .F. ) ;
#3436 = ADVANCED_FACE ( 'NONE', ( #10650 ), #2593, .F. ) ;
#3437 = CALENDAR_DATE ( 2026, 21, 9 ) ;
#3438 = DIRECTION ( 'NONE',  ( -0.000000000000000000, -0.000000000000000000, -1.000000000000000000 ) ) ;
#3439 = CARTESIAN_POINT ( 'NONE',  ( 18.30000000000000071, 14.00000000000000000, -6.000000000000000152E-06 ) ) ;
#3440 = CARTESIAN_POINT ( 'NONE',  ( -0.5999999999999999778, 18.99052395275075256, 4.000000000000000000 ) ) ;
#3441 = COORDINATED_UNIVERSAL_TIME_OFFSET ( 5, 0, .BEHIND. ) ;
#3442 = DIRECTION ( 'NONE',  ( -1.000000000000000000, 0.000000000000000000, 0.000000000000000000 ) ) ;
#3443 = LINE ( 'NONE', #7433, #8233 ) ;
#3444 = EDGE_CURVE ( 'NONE', #9640, #8294, #2720, .T. ) ;
#3445 = EDGE_CURVE ( 'NONE', #6144, #300, #10717, .T. ) ;
#3446 = CARTESIAN_POINT ( 'NONE',  ( 2.500000000000000000, 3.061616997868383141E-16, 5.000000000000000000 ) ) ;
#3447 = DIRECTION ( 'NONE',  ( -0.000000000000000000, -0.000000000000000000, 1.000000000000000000 ) ) ;
#3448 =( REPRESENTATION_RELATIONSHIP ('NONE','NONE', #6877, #4629 ) REPRESENTATION_RELATIONSHIP_WITH_TRANSFORMATION ( #11972 )SHAPE_REPRESENTATION_RELATIONSHIP( ) );
#3449 = DIRECTION ( 'NONE',  ( 1.000000000000000000, 0.000000000000000000, 0.000000000000000000 ) ) ;
#3450 = ORIENTED_EDGE ( 'NONE', *, *, #8164, .T. ) ;
#3451 = VERTEX_POINT ( 'NONE', #691 ) ;
#3452 = ORIENTED_EDGE ( 'NONE', *, *, #6832, .T. ) ;
#3453 = CARTESIAN_POINT ( 'NONE',  ( 0.000000000000000000, 70.00000000000000000, 5.200000000000000178 ) ) ;
#3454 = ORIENTED_EDGE ( 'NONE', *, *, #6835, .T. ) ;
#3455 = CIRCLE ( 'NONE', #12539, 1.700000000000000178 ) ;
#3456 = CARTESIAN_POINT ( 'NONE',  ( 9.119041486028459431, 10.62286516859881225, 9.022699813921626344 ) ) ;
#3457 = DIRECTION ( 'NONE',  ( 0.000000000000000000, 0.000000000000000000, -1.000000000000000000 ) ) ;
#3458 = CC_DESIGN_DATE_AND_TIME_ASSIGNMENT ( #1649, #11802, ( #419 ) ) ;
#3459 = CC_DESIGN_PERSON_AND_ORGANIZATION_ASSIGNMENT ( #5158, #8121, ( #6692 ) ) ;
#3460 = CARTESIAN_POINT ( 'NONE',  ( 137.4843253421153406, -0.8586539201233609475, 0.000000000000000000 ) ) ;
#3461 = CARTESIAN_POINT ( 'NONE',  ( 0.000000000000000000, 14.00000000000000000, 4.000000000000000000 ) ) ;
#3462 = CARTESIAN_POINT ( 'NONE',  ( -8.774916005114079098, -0.000000000000000000, 2.300069511235792064 ) ) ;
#3463 = B_SPLINE_CURVE_WITH_KNOTS ( 'NONE', 3,
 ( #7993, #9280, #9076, #11062, #5950, #4111, #175, #99, #5099, #2993, #8056, #1150, #12125, #2208, #960, #4970, #10265, #6990 ),
 .UNSPECIFIED., .F., .F.,
 ( 4, 2, 2, 2, 2, 2, 2, 2, 4 ),
 ( 0.5000000000000000000, 0.5625000000000000000, 0.6250000000000000000, 0.6875000000000000000, 0.7500000000000000000, 0.8125000000000000000, 0.8750000000000000000, 0.9375000000000000000, 1.000000000000000000 ),
 .UNSPECIFIED. ) ;
#3464 = VERTEX_POINT ( 'NONE', #3703 ) ;
#3465 = CARTESIAN_POINT ( 'NONE',  ( 2.600000000000000089, 0.000000000000000000, 16.00000000000000000 ) ) ;
#3466 = VERTEX_POINT ( 'NONE', #6713 ) ;
#3467 = CARTESIAN_POINT ( 'NONE',  ( 32.36128909900243400, 64.95702773923299844, -0.000000000000000000 ) ) ;
#3468 = VERTEX_POINT ( 'NONE', #10780 ) ;
#3469 = ORIENTED_EDGE ( 'NONE', *, *, #4945, .F. ) ;
#3470 = CARTESIAN_POINT ( 'NONE',  ( 32.48452350954359957, -0.000000000000000000, 3.141461068209369767 ) ) ;
#3471 = DIRECTION ( 'NONE',  ( 0.000000000000000000, -1.000000000000000000, 0.000000000000000000 ) ) ;
#3472 = CARTESIAN_POINT ( 'NONE',  ( -11.59999999999999964, 62.50000000000000000, -1.200000000000000030E-05 ) ) ;
#3473 = CONTEXT_DEPENDENT_SHAPE_REPRESENTATION ( #12132, #10338 ) ;
#3474 = CYLINDRICAL_SURFACE ( 'NONE', #11879, 9.500000000000000000 ) ;
#3475 = CARTESIAN_POINT ( 'NONE',  ( 2.348801894056212092, 1.124607701293192985, 0.000000000000000000 ) ) ;
#3476 = ORIENTED_EDGE ( 'NONE', *, *, #2981, .T. ) ;
#3477 = CARTESIAN_POINT ( 'NONE',  ( 4.515604930472245648, -8.141514269807107240, 0.000000000000000000 ) ) ;
#3478 = ORIENTED_EDGE ( 'NONE', *, *, #7414, .T. ) ;
#3479 = ORIENTED_EDGE ( 'NONE', *, *, #6684, .F. ) ;
#3480 = ORIENTED_EDGE ( 'NONE', *, *, #994, .T. ) ;
#3481 = ADVANCED_FACE ( 'NONE', ( #12904 ), #748, .F. ) ;
#3482 = CARTESIAN_POINT ( 'NONE',  ( -10.65679534101080606, 66.44263793985066968, -0.000000000000000000 ) ) ;
#3483 = ADVANCED_BREP_SHAPE_REPRESENTATION ( '', ( #12094, #1284 ), #8454 ) ;
#3484 = PERSON_AND_ORGANIZATION ( #12991, #11636 ) ;
#3485 = CARTESIAN_POINT ( 'NONE',  ( 11.50000000000000000, 6.000000000000000000, 22.00000000000000000 ) ) ;
#3486 = AXIS2_PLACEMENT_3D ( 'NONE', #11403, #11528, #4524 ) ;
#3487 = VERTEX_POINT ( 'NONE', #7093 ) ;
#3488 = PRODUCT_DEFINITION_SHAPE ( 'NONE', 'NONE',  #13075 ) ;
#3489 = VERTEX_POINT ( 'NONE', #10025 ) ;
#3490 = APPROVAL_STATUS ( 'not_yet_approved' ) ;
#3491 = CARTESIAN_POINT ( 'NONE',  ( 13.00000000000000000, 5.000000000000000000, 25.00000000000000000 ) ) ;
#3492 = VERTEX_POINT ( 'NONE', #8969 ) ;
#3493 = EDGE_CURVE ( 'NONE', #951, #11189, #6112, .T. ) ;
#3494 = PERSON_AND_ORGANIZATION_ROLE ( 'classification_officer' ) ;
#3495 = CARTESIAN_POINT ( 'NONE',  ( -15.59999999999999964, 72.50000000000000000, 0.000000000000000000 ) ) ;
#3496 = CARTESIAN_POINT ( 'NONE',  ( -0.5999999999999999778, 13.98713694792469120, 0.000000000000000000 ) ) ;
#3497 = CALENDAR_DATE ( 2026, 21, 9 ) ;
#3498 = VECTOR ( 'NONE', #10302, 1000.000000000000000 ) ;
#3499 = CARTESIAN_POINT ( 'NONE',  ( 20.00000000000000000, 8.000000000000000000, 12.00000000000000000 ) ) ;
#3500 = COORDINATED_UNIVERSAL_TIME_OFFSET ( 5, 0, .BEHIND. ) ;
#3501 = CARTESIAN_POINT ( 'NONE',  ( 0.000000000000000000, 0.000000000000000000, 90.00000000000000000 ) ) ;
#3502 = CARTESIAN_POINT ( 'NONE',  ( -10.65679534101080783, -0.000000000000000000, 12.55736206015211565 ) ) ;
#3503 = CARTESIAN_POINT ( 'NONE',  ( -21.70006951123579597, -14.22508399488592090, 0.000000000000000000 ) ) ;
#3504 = CARTESIAN_POINT ( 'NONE',  ( 32.48452350954437406, 66.85853893179132967, -0.000000000000000000 ) ) ;
#3505 = AXIS2_PLACEMENT_3D ( 'NONE', #10150, #1866, #8950 ) ;
#3506 = VECTOR ( 'NONE', #12120, 1000.000000000000000 ) ;
#3507 = LINE ( 'NONE', #6319, #10324 ) ;
#3508 = EDGE_CURVE ( 'NONE', #8878, #3884, #6040, .T. ) ;
#3509 = EDGE_CURVE ( 'NONE', #1651, #11855, #8820, .T. ) ;
#3510 = DIRECTION ( 'NONE',  ( 1.000000000000000000, 0.000000000000000000, 0.000000000000000000 ) ) ;
#3511 = FACE_OUTER_BOUND ( 'NONE', #5742, .T. ) ;
#3512 = CALENDAR_DATE ( 2026, 21, 9 ) ;
#3513 = EDGE_CURVE ( 'NONE', #8406, #5951, #2032, .T. ) ;
#3514 = EDGE_CURVE ( 'NONE', #8458, #10900, #1063, .T. ) ;
#3515 = CARTESIAN_POINT ( 'NONE',  ( 3.000000000000000000, 146.0000000000000000, 83.00000000000000000 ) ) ;
#3516 = VECTOR ( 'NONE', #1717, 1000.000000000000000 ) ;
#3517 = EDGE_CURVE ( 'NONE', #1899, #8546, #4021, .T. ) ;
#3518 = FACE_OUTER_BOUND ( 'NONE', #2826, .T. ) ;
#3519 = ORGANIZATION ( 'NAUO-ORG9', 'UNSPECIFIED', 'UNSPECIFIED' ) ;
#3520 = CARTESIAN_POINT ( 'NONE',  ( 13.00000000000000000, -5.000000000000000000, 25.00000000000000000 ) ) ;
#3521 = DIRECTION ( 'NONE',  ( -0.000000000000000000, -0.000000000000000000, 1.000000000000000000 ) ) ;
#3522 = CARTESIAN_POINT ( 'NONE',  ( -8.774748043452314405, 0.000000000000000000, 5.699999999999998401 ) ) ;
#3523 = ORIENTED_EDGE ( 'NONE', *, *, #7625, .F. ) ;
#3524 = LINE ( 'NONE', #3404, #3906 ) ;
#3525 = VERTEX_POINT ( 'NONE', #5390 ) ;
#3526 = AXIS2_PLACEMENT_3D ( 'NONE', #6510, #12581, #7507 ) ;
#3527 = DIRECTION ( 'NONE',  ( 0.000000000000000000, 0.000000000000000000, -1.000000000000000000 ) ) ;
#3528 = APPROVAL ( #6957, 'UNKNOWN' ) ;
#3529 = ORIENTED_EDGE ( 'NONE', *, *, #5024, .T. ) ;
#3530 = CC_DESIGN_SECURITY_CLASSIFICATION ( #9201, ( #13080 ) ) ;
#3531 = CC_DESIGN_PERSON_AND_ORGANIZATION_ASSIGNMENT ( #8646, #3633, ( #10838 ) ) ;
#3532 = ORIENTED_EDGE ( 'NONE', *, *, #70, .T. ) ;
#3533 = CARTESIAN_POINT ( 'NONE',  ( 32.65679534101005288, -0.000000000000000000, 4.442637939846629358 ) ) ;
#3534 = AXIS2_PLACEMENT_3D ( 'NONE', #4604, #2427, #9563 ) ;
#3535 = DIRECTION ( 'NONE',  ( 0.000000000000000000, -1.000000000000000000, 0.000000000000000000 ) ) ;
#3536 = CARTESIAN_POINT ( 'NONE',  ( 31.60000000000000142, 62.50000000000000000, 0.000000000000000000 ) ) ;
#3537 = DATE_AND_TIME ( #6531, #6448 ) ;
#3538 = DIRECTION ( 'NONE',  ( -0.000000000000000000, -0.000000000000000000, -1.000000000000000000 ) ) ;
#3539 = AXIS2_PLACEMENT_3D ( 'NONE', #11282, #4070, #13061 ) ;
#3540 = LOCAL_TIME ( 12, 23, 36.00000000000000000, #11909 ) ;
#3541 = SHAPE_REPRESENTATION_RELATIONSHIP ( 'NONE' , 'NONE' ,  #9531, #10230 ) ;
#3542 = CARTESIAN_POINT ( 'NONE',  ( 1.850048096021194244, 1.832503310753067938, 0.000000000000000000 ) ) ;
#3543 = ORIENTED_EDGE ( 'NONE', *, *, #3847, .T. ) ;
#3544 = EDGE_LOOP ( 'NONE', ( #11964, #3532, #3345, #8809 ) ) ;
#3545 = CARTESIAN_POINT ( 'NONE',  ( 42.00000000000000000, 30.00000000000000000, -102.5000000000000000 ) ) ;
#3546 = VERTEX_POINT ( 'NONE', #8093 ) ;
#3547 = EDGE_CURVE ( 'NONE', #7327, #8278, #8169, .T. ) ;
#3548 = VERTEX_POINT ( 'NONE', #4079 ) ;
#3549 = VECTOR ( 'NONE', #11808, 1000.000000000000000 ) ;
#3550 = CARTESIAN_POINT ( 'NONE',  ( -10.36128909900225814, 67.04297226076383254, -0.000000000000000000 ) ) ;
#3551 = PRODUCT_DEFINITION_FORMATION_WITH_SPECIFIED_SOURCE ( 'ä»', '', #7228, .NOT_KNOWN. ) ;
#3552 = CARTESIAN_POINT ( 'NONE',  ( 0.000000000000000000, 0.000000000000000000, 4.000000000000000000 ) ) ;
#3553 = EDGE_CURVE ( 'NONE', #11983, #10839, #11424, .T. ) ;
#3554 = ORIENTED_EDGE ( 'NONE', *, *, #1224, .T. ) ;
#3555 = CARTESIAN_POINT ( 'NONE',  ( -11.59999999999999964, 72.50000000000000000, 6.000000000000000000 ) ) ;
#3556 = ORIENTED_EDGE ( 'NONE', *, *, #4193, .T. ) ;
#3557 = SECURITY_CLASSIFICATION_LEVEL ( 'unclassified' ) ;
#3558 = LINE ( 'NONE', #6612, #588 ) ;
#3559 = ORIENTED_EDGE ( 'NONE', *, *, #10156, .T. ) ;
#3560 = COORDINATED_UNIVERSAL_TIME_OFFSET ( 5, 0, .BEHIND. ) ;
#3561 = DIRECTION ( 'NONE',  ( 1.000000000000000000, -0.000000000000000000, -0.000000000000000000 ) ) ;
#3562 = CIRCLE ( 'NONE', #3351, 19.00000000000000000 ) ;
#3563 = CARTESIAN_POINT ( 'NONE',  ( 18.30006951123579384, 14.22508399488592090, -0.000000000000000000 ) ) ;
#3564 = CC_DESIGN_SECURITY_CLASSIFICATION ( #7744, ( #13062 ) ) ;
#3565 = DIRECTION ( 'NONE',  ( -1.000000000000000000, 0.000000000000000000, -0.000000000000000000 ) ) ;
#3566 = DATE_AND_TIME ( #4141, #10069 ) ;
#3567 = DIRECTION ( 'NONE',  ( -0.000000000000000000, -0.000000000000000000, -1.000000000000000000 ) ) ;
#3568 = CARTESIAN_POINT ( 'NONE',  ( -10.72380529476361133, 9.000000000000000000, 6.800000000000000711 ) ) ;
#3569 = DIRECTION ( 'NONE',  ( -0.000000000000000000, -0.000000000000000000, 1.000000000000000000 ) ) ;
#3570 = ADVANCED_FACE ( 'NONE', ( #3362 ), #11039, .F. ) ;
#3571 = CIRCLE ( 'NONE', #9680, 1.700000000000000178 ) ;
#3572 = DIRECTION ( 'NONE',  ( 1.000000000000000000, 0.000000000000000000, 0.000000000000000000 ) ) ;
#3573 = CIRCLE ( 'NONE', #3368, 8.099999999999999645 ) ;
#3574 = CARTESIAN_POINT ( 'NONE',  ( -10.69999999999999929, 57.00000000000000000, -6.000000000000000152E-06 ) ) ;
#3575 = ORIENTED_EDGE ( 'NONE', *, *, #11134, .T. ) ;
#3576 = UNCERTAINTY_MEASURE_WITH_UNIT (LENGTH_MEASURE( 1.000000000000000082E-05 ), #4973, 'distance_accuracy_value', 'NONE');
#3577 = DIRECTION ( 'NONE',  ( 1.000000000000000000, 0.000000000000000000, 0.000000000000000000 ) ) ;
#3578 = AXIS2_PLACEMENT_3D ( 'NONE', #6136, #6342, #1359 ) ;
#3579 = DIRECTION ( 'NONE',  ( -1.000000000000000000, 0.000000000000000000, 0.000000000000000000 ) ) ;
#3580 = VECTOR ( 'NONE', #10874, 1000.000000000000000 ) ;
#3581 = CIRCLE ( 'NONE', #441, 1.700000000000007061 ) ;
#3582 = CARTESIAN_POINT ( 'NONE',  ( -7.343204658989564315, -0.000000000000000000, 13.44263793984841371 ) ) ;
#3583 = CARTESIAN_POINT ( 'NONE',  ( -11.90000000000000036, -6.400000000000000355, 3.000000000000000000 ) ) ;
#3584 = CIRCLE ( 'NONE', #5255, 2.600000000000000089 ) ;
#3585 = LINE ( 'NONE', #9527, #5880 ) ;
#3586 = EDGE_CURVE ( 'NONE', #11654, #10121, #6891, .T. ) ;
#3587 = ADVANCED_FACE ( 'NONE', ( #5924, #5131, #7890 ), #137, .F. ) ;
#3588 = LINE ( 'NONE', #4634, #8838 ) ;
#3589 = CIRCLE ( 'NONE', #9059, 9.500000000000000000 ) ;
#3590 = CARTESIAN_POINT ( 'NONE',  ( 29.34333309900548414, 0.000000000000000000, 4.442584738250932475 ) ) ;
#3591 = VECTOR ( 'NONE', #7654, 1000.000000000000000 ) ;
#3592 = VECTOR ( 'NONE', #10454, 1000.000000000000000 ) ;
#3593 = ORIENTED_EDGE ( 'NONE', *, *, #2698, .T. ) ;
#3594 = CARTESIAN_POINT ( 'NONE',  ( 40.00000000000000000, 40.00000000000000000, 40.00000000000000000 ) ) ;
#3595 = ORIENTED_EDGE ( 'NONE', *, *, #7458, .T. ) ;
#3596 = EDGE_LOOP ( 'NONE', ( #3339, #2396, #12797, #8533 ) ) ;
#3597 = CARTESIAN_POINT ( 'NONE',  ( 12.90000000000000036, 1.347111479062088503E-16, -1.200000000000000030E-05 ) ) ;
#3598 = ORIENTED_EDGE ( 'NONE', *, *, #545, .F. ) ;
#3599 = DIRECTION ( 'NONE',  ( -1.000000000000000000, 0.000000000000000000, 0.000000000000000000 ) ) ;
#3600 = CARTESIAN_POINT ( 'NONE',  ( -12.00000000000000000, -7.000000000000000000, 13.29999999999999893 ) ) ;
#3601 = DIRECTION ( 'NONE',  ( -0.000000000000000000, -0.000000000000000000, -1.000000000000000000 ) ) ;
#3602 = VECTOR ( 'NONE', #5354, 1000.000000000000000 ) ;
#3603 = DATE_TIME_ROLE ( 'classification_date' ) ;
#3604 = PLANE ( 'NONE',  #3220 ) ;
#3605 = ADVANCED_FACE ( 'NONE', ( #13 ), #12160, .T. ) ;
#3606 = EDGE_CURVE ( 'NONE', #9501, #1191, #11543, .T. ) ;
#3607 = CC_DESIGN_PERSON_AND_ORGANIZATION_ASSIGNMENT ( #12150, #125, ( #9323 ) ) ;
#3608 = VERTEX_POINT ( 'NONE', #4152 ) ;
#3609 = CARTESIAN_POINT ( 'NONE',  ( 7.361190795271054021, -7.957126042969366431, 0.000000000000000000 ) ) ;
#3610 = EDGE_LOOP ( 'NONE', ( #2198, #6795 ) ) ;
#3611 = AXIS2_PLACEMENT_3D ( 'NONE', #5853, #4811, #4877 ) ;
#3612 = ORIENTED_EDGE ( 'NONE', *, *, #3082, .F. ) ;
#3613 = ORIENTED_EDGE ( 'NONE', *, *, #9936, .F. ) ;
#3614 = CARTESIAN_POINT ( 'NONE',  ( 20.44263793984915978, -12.34320465898918862, -0.000000000000000000 ) ) ;
#3615 = APPLICATION_CONTEXT ( 'configuration controlled 3d designs of mechanical parts and assemblies' ) ;
#3616 = DIRECTION ( 'NONE',  ( 1.000000000000000000, 0.000000000000000000, 0.000000000000000000 ) ) ;
#3617 = PRODUCT_DEFINITION ( 'æœ', '', #4487, #3305 ) ;
#3618 = LOCAL_TIME ( 12, 23, 36.00000000000000000, #12873 ) ;
#3619 = EDGE_CURVE ( 'NONE', #10559, #6719, #10430, .T. ) ;
#3620 = LINE ( 'NONE', #8497, #6013 ) ;
#3621 = VERTEX_POINT ( 'NONE', #934 ) ;
#3622 = CARTESIAN_POINT ( 'NONE',  ( 136.0000000000000000, 0.000000000000000000, 6.000000000000000000 ) ) ;
#3623 = VERTEX_POINT ( 'NONE', #4940 ) ;
#3624 = PERSON_AND_ORGANIZATION_ROLE ( 'design_owner' ) ;
#3625 = DIRECTION ( 'NONE',  ( -1.000000000000000000, 0.000000000000000000, 0.000000000000000000 ) ) ;
#3626 = EDGE_LOOP ( 'NONE', ( #8881, #630, #1208, #4042, #12219, #1630 ) ) ;
#3627 = PRODUCT_DEFINITION_FORMATION_WITH_SPECIFIED_SOURCE ( 'ä»', '', #4715, .NOT_KNOWN. ) ;
#3628 = CARTESIAN_POINT ( 'NONE',  ( 0.000000000000000000, 0.000000000000000000, 3.000000000000000000 ) ) ;
#3629 = CARTESIAN_POINT ( 'NONE',  ( 18.95712604296905113, 15.36119079527073872, 0.000000000000000000 ) ) ;
#3630 = CARTESIAN_POINT ( 'NONE',  ( 20.00000000000000000, 8.000000000000000000, 12.00000000000000000 ) ) ;
#3631 = CARTESIAN_POINT ( 'NONE',  ( 28.00000000000000000, 8.000000000000000000, 24.00000000000000000 ) ) ;
#3632 = LINE ( 'NONE', #2634, #1033 ) ;
#3633 = PERSON_AND_ORGANIZATION_ROLE ( 'design_owner' ) ;
#3634 = B_SPLINE_CURVE_WITH_KNOTS ( 'NONE', 3,
 ( #11157, #2109, #6104, #2508, #9697, #5591, #4678, #3502, #2576, #2696, #8704, #6564, #9630, #6501, #4552, #6434, #7627, #5400 ),
 .UNSPECIFIED., .F., .F.,
 ( 4, 2, 2, 2, 2, 2, 2, 2, 4 ),
 ( 0.5000000000000000000, 0.5625000000000000000, 0.6250000000000000000, 0.6875000000000000000, 0.7500000000000000000, 0.8125000000000000000, 0.8750000000000000000, 0.9375000000000000000, 1.000000000000000000 ),
 .UNSPECIFIED. ) ;
#3635 = CARTESIAN_POINT ( 'NONE',  ( -32.00000000000000000, 5.000000000000000000, 25.00000000000000000 ) ) ;
#3636 = APPROVAL_PERSON_ORGANIZATION ( #8299, #4580, #4073 ) ;
#3637 = CARTESIAN_POINT ( 'NONE',  ( 29.63871090099800654, 67.04297226076447203, -0.000000000000000000 ) ) ;
#3638 = ORIENTED_EDGE ( 'NONE', *, *, #7359, .T. ) ;
#3639 = CARTESIAN_POINT ( 'NONE',  ( -4.299999999999999822, 2.081899558550500526E-16, 0.000000000000000000 ) ) ;
#3640 = DIRECTION ( 'NONE',  ( -0.000000000000000000, -0.000000000000000000, -1.000000000000000000 ) ) ;
#3641 = EDGE_CURVE ( 'NONE', #4781, #11791, #13025, .T. ) ;
#3642 = CARTESIAN_POINT ( 'NONE',  ( 10.72380529476361133, 9.000000000000000000, 6.800000000000000711 ) ) ;
#3643 = APPROVAL_DATE_TIME ( #11761, #9253 ) ;
#3644 = CARTESIAN_POINT ( 'NONE',  ( -7.343333099005222131, 0.000000000000000000, 12.55741526174933220 ) ) ;
#3645 = CARTESIAN_POINT ( 'NONE',  ( 22.00000000000000000, 84.00000000000000000, 8.000000000000000000 ) ) ;
#3646 = EDGE_CURVE ( 'NONE', #3525, #1286, #1984, .T. ) ;
#3647 = DIRECTION ( 'NONE',  ( -0.000000000000000000, -0.000000000000000000, 1.000000000000000000 ) ) ;
#3648 = AXIS2_PLACEMENT_3D ( 'NONE', #4896, #1872, #2059 ) ;
#3649 = ORIENTED_EDGE ( 'NONE', *, *, #5764, .F. ) ;
#3650 = CARTESIAN_POINT ( 'NONE',  ( -28.00000000000000000, 8.000000000000000000, 0.000000000000000000 ) ) ;
#3651 = ORIENTED_EDGE ( 'NONE', *, *, #9108, .F. ) ;
#3652 = EDGE_LOOP ( 'NONE', ( #10007, #10348, #2061, #4697 ) ) ;
#3653 = ORIENTED_EDGE ( 'NONE', *, *, #8254, .F. ) ;
#3654 = EDGE_CURVE ( 'NONE', #10136, #10173, #10495, .T. ) ;
#3655 = LINE ( 'NONE', #12535, #1276 ) ;
#3656 = CARTESIAN_POINT ( 'NONE',  ( 32.65679534101004577, -0.000000000000000000, 13.44263793984663025 ) ) ;
#3657 = APPROVAL_ROLE ( '' ) ;
#3658 = APPROVAL_STATUS ( 'not_yet_approved' ) ;
#3659 = CYLINDRICAL_SURFACE ( 'NONE', #9968, 1.700000000000000178 ) ;
#3660 = EDGE_CURVE ( 'NONE', #9603, #11622, #8583, .T. ) ;
#3661 = DIRECTION ( 'NONE',  ( -0.000000000000000000, -0.000000000000000000, 1.000000000000000000 ) ) ;
#3662 = ORIENTED_EDGE ( 'NONE', *, *, #536, .T. ) ;
#3663 = CARTESIAN_POINT ( 'NONE',  ( -7.656666900994254732, -9.442584738251568410, -0.000000000000000000 ) ) ;
#3664 = ORIENTED_EDGE ( 'NONE', *, *, #5050, .F. ) ;
#3665 = EDGE_LOOP ( 'NONE', ( #3810, #4384, #1402, #2287 ) ) ;
#3666 = ORIENTED_EDGE ( 'NONE', *, *, #6739, .T. ) ;
#3667 = CONTEXT_DEPENDENT_SHAPE_REPRESENTATION ( #3448, #2423 ) ;
#3668 = EDGE_CURVE ( 'NONE', #772, #1899, #9204, .T. ) ;
#3669 = EDGE_CURVE ( 'NONE', #12103, #6386, #4569, .T. ) ;
#3670 = VECTOR ( 'NONE', #5403, 1000.000000000000000 ) ;
#3671 = B_SPLINE_CURVE_WITH_KNOTS ( 'NONE', 3,
 ( #2086, #1732, #10777, #5733, #5110, #11763, #2646, #11068, #6080, #8065, #2780, #8004, #1675, #9768 ),
 .UNSPECIFIED., .F., .F.,
 ( 4, 2, 2, 2, 2, 2, 4 ),
 ( 0.2871120064002115058, 0.3403340048001586293, 0.3669450040001321911, 0.3935560032001057529, 0.4201670024000793147, 0.4467780016000528764, 0.5000000000000000000 ),
 .UNSPECIFIED. ) ;
#3672 = DIRECTION ( 'NONE',  ( -0.000000000000000000, -0.000000000000000000, 1.000000000000000000 ) ) ;
#3673 = PERSON ( 'NAUO-PER10', 'UNSPECIFIED', 'UNSPECIFIED', ('UNSPECIFIED'), ('UNSPECIFIED'), ('UNSPECIFIED') ) ;
#3674 = CARTESIAN_POINT ( 'NONE',  ( -11.00000000000000000, 0.000000000000000000, 22.00000000000000000 ) ) ;
#3675 = ORIENTED_EDGE ( 'NONE', *, *, #12109, .F. ) ;
#3676 = ORIENTED_EDGE ( 'NONE', *, *, #5799, .T. ) ;
#3677 = APPLICATION_PROTOCOL_DEFINITION ( 'international standard', 'config_control_design', 1994, #909 ) ;
#3678 = ORIENTED_EDGE ( 'NONE', *, *, #8456, .T. ) ;
#3679 = CC_DESIGN_PERSON_AND_ORGANIZATION_ASSIGNMENT ( #8941, #10994, ( #7491 ) ) ;
#3680 = FACE_OUTER_BOUND ( 'NONE', #7984, .T. ) ;
#3681 = LINE ( 'NONE', #11742, #7928 ) ;
#3682 = APPROVAL ( #4340, 'æœª' ) ;
#3683 = DIRECTION ( 'NONE',  ( -1.000000000000000000, -0.000000000000000000, -0.000000000000000000 ) ) ;
#3684 = SHAPE_DEFINITION_REPRESENTATION ( #2094, #5949 ) ;
#3685 = FACE_OUTER_BOUND ( 'NONE', #1126, .T. ) ;
#3686 = LINE ( 'NONE', #7568, #3802 ) ;
#3687 = COORDINATED_UNIVERSAL_TIME_OFFSET ( 5, 0, .BEHIND. ) ;
#3688 = CARTESIAN_POINT ( 'NONE',  ( 124.4426379398472022, 1.656795341010720346, -0.000000000000000000 ) ) ;
#3689 = CYLINDRICAL_SURFACE ( 'NONE', #571, 1.699999999999998401 ) ;
#3690 = ORIENTED_EDGE ( 'NONE', *, *, #5314, .F. ) ;
#3691 = DIRECTION ( 'NONE',  ( -1.000000000000000000, 0.000000000000000000, -0.000000000000000000 ) ) ;
#3692 = ORIENTED_EDGE ( 'NONE', *, *, #8542, .F. ) ;
#3693 = AXIS2_PLACEMENT_3D ( 'NONE', #7248, #6360, #7417 ) ;
#3694 = DESIGN_CONTEXT ( 'detailed design', #3615, 'design' ) ;
#3695 = LINE ( 'NONE', #10016, #4984 ) ;
#3696 = EDGE_CURVE ( 'NONE', #12682, #4594, #3558, .T. ) ;
#3697 = CARTESIAN_POINT ( 'NONE',  ( -3.100000000000000089, 2.939152317953647106E-16, 29.00000000000000000 ) ) ;
#3698 = LINE ( 'NONE', #3756, #9249 ) ;
#3699 = DIRECTION ( 'NONE',  ( 0.000000000000000000, 0.000000000000000000, 1.000000000000000000 ) ) ;
#3700 = DIRECTION ( 'NONE',  ( -1.000000000000000000, 0.000000000000000000, 0.000000000000000000 ) ) ;
#3701 = AXIS2_PLACEMENT_3D ( 'NONE', #8418, #7537, #11326 ) ;
#3702 = EDGE_CURVE ( 'NONE', #4776, #1957, #2497, .T. ) ;
#3703 = CARTESIAN_POINT ( 'NONE',  ( 35.60000000000000142, 67.50000000000000000, 0.000000000000000000 ) ) ;
#3704 = ORIENTED_EDGE ( 'NONE', *, *, #2762, .T. ) ;
#3705 = LINE ( 'NONE', #8909, #7285 ) ;
#3706 = VERTEX_POINT ( 'NONE', #6553 ) ;
#3707 = ORIENTED_EDGE ( 'NONE', *, *, #4548, .T. ) ;
#3708 = VERTEX_POINT ( 'NONE', #6491 ) ;
#3709 = CARTESIAN_POINT ( 'NONE',  ( -12.00000000000000000, 7.000000000000000000, 13.29999999999999893 ) ) ;
#3710 = DIRECTION ( 'NONE',  ( 1.000000000000000000, 0.000000000000000000, 0.000000000000000000 ) ) ;
#3711 = PLANE ( 'NONE',  #9060 ) ;
#3712 = COORDINATED_UNIVERSAL_TIME_OFFSET ( 5, 0, .BEHIND. ) ;
#3713 = PERSON_AND_ORGANIZATION_ROLE ( 'classification_officer' ) ;
#3714 = CARTESIAN_POINT ( 'NONE',  ( 14.00000000000000000, 0.000000000000000000, 2.000000000000000000 ) ) ;
#3715 = CARTESIAN_POINT ( 'NONE',  ( 31.00000000000000000, 80.49999999999998579, 5.700000000000000178 ) ) ;
#3716 = AXIS2_PLACEMENT_3D ( 'NONE', #4884, #936, #3765 ) ;
#3717 = EDGE_CURVE ( 'NONE', #2493, #10046, #533, .T. ) ;
#3718 = DIRECTION ( 'NONE',  ( -0.000000000000000000, -0.000000000000000000, 1.000000000000000000 ) ) ;
#3719 = CC_DESIGN_SECURITY_CLASSIFICATION ( #6429, ( #13071 ) ) ;
#3720 = VERTEX_POINT ( 'NONE', #1648 ) ;
#3721 =( LENGTH_UNIT ( ) NAMED_UNIT ( * ) SI_UNIT ( .MILLI., .METRE. ) );
#3722 = B_SPLINE_CURVE_WITH_KNOTS ( 'NONE', 3,
 ( #9187, #6188, #5225, #4172, #3044, #9265, #8187, #7039, #6130, #11118, #4249, #10187, #1139, #12325, #3243, #4100, #1080, #8110 ),
 .UNSPECIFIED., .F., .F.,
 ( 4, 2, 2, 2, 2, 2, 2, 2, 4 ),
 ( 0.5000000000000000000, 0.5625000000000004441, 0.6250000000000008882, 0.6875000000000014433, 0.7500000000000018874, 0.8125000000000013323, 0.8750000000000008882, 0.9375000000000004441, 1.000000000000000000 ),
 .UNSPECIFIED. ) ;
#3723 = VERTEX_POINT ( 'NONE', #5527 ) ;
#3724 = ORIENTED_EDGE ( 'NONE', *, *, #10696, .F. ) ;
#3725 = ADVANCED_FACE ( 'NONE', ( #8502 ), #2624, .T. ) ;
#3726 = DIRECTION ( 'NONE',  ( -1.000000000000000000, 0.000000000000000000, 0.000000000000000000 ) ) ;
#3727 = ORGANIZATION ( 'NAUO-ORG15', 'UNSPECIFIED', 'UNSPECIFIED' ) ;
#3728 = LINE ( 'NONE', #7669, #6617 ) ;
#3729 = EDGE_LOOP ( 'NONE', ( #11056, #9841 ) ) ;
#3730 = ADVANCED_FACE ( 'NONE', ( #10681 ), #11550, .T. ) ;
#3731 = EDGE_CURVE ( 'NONE', #3420, #2101, #9628, .T. ) ;
#3732 = DIRECTION ( 'NONE',  ( -1.000000000000000000, 0.000000000000000000, 0.000000000000000000 ) ) ;
#3733 = ORIENTED_EDGE ( 'NONE', *, *, #5050, .T. ) ;
#3734 = CALENDAR_DATE ( 2026, 21, 9 ) ;
#3735 = SECURITY_CLASSIFICATION ( '', '', #7906 ) ;
#3736 = EDGE_LOOP ( 'NONE', ( #4334, #4034, #2535, #11868 ) ) ;
#3737 = DIRECTION ( 'NONE',  ( 1.000000000000000000, 0.000000000000000000, -0.000000000000000000 ) ) ;
#3738 = CARTESIAN_POINT ( 'NONE',  ( 2.270144640882241216, -1.313331601357424328, 0.000000000000000000 ) ) ;
#3739 = VECTOR ( 'NONE', #2776, 1000.000000000000000 ) ;
#3740 = CARTESIAN_POINT ( 'NONE',  ( -9.858538931789730952, -0.000000000000000000, 2.515476490455875513 ) ) ;
#3741 = DIRECTION ( 'NONE',  ( -0.000000000000000000, -0.000000000000000000, 1.000000000000000000 ) ) ;
#3742 = CARTESIAN_POINT ( 'NONE',  ( -9.442637939839798378, 64.34320465898697705, -0.000000000000000000 ) ) ;
#3743 = PERSON_AND_ORGANIZATION_ROLE ( 'design_supplier' ) ;
#3744 = CARTESIAN_POINT ( 'NONE',  ( 122.3000695112365577, 0.2250839948843428584, -0.000000000000000000 ) ) ;
#3745 = CC_DESIGN_PERSON_AND_ORGANIZATION_ASSIGNMENT ( #341, #9306, ( #5004 ) ) ;
#3746 = CARTESIAN_POINT ( 'NONE',  ( -20.00000000000000000, 8.000000000000000000, 12.00000000000000000 ) ) ;
#3747 = ORIENTED_EDGE ( 'NONE', *, *, #3782, .T. ) ;
#3748 = VECTOR ( 'NONE', #7987, 1000.000000000000000 ) ;
#3749 = CARTESIAN_POINT ( 'NONE',  ( 0.000000000000000000, 6.735557395310441037E-16, 22.00000000000000000 ) ) ;
#3750 = ORIENTED_EDGE ( 'NONE', *, *, #1457, .T. ) ;
#3751 = APPROVAL_PERSON_ORGANIZATION ( #5471, #8089, #4492 ) ;
#3752 = FACE_BOUND ( 'NONE', #4269, .T. ) ;
#3753 = AXIS2_PLACEMENT_3D ( 'NONE', #10970, #7358, #6366 ) ;
#3754 = CARTESIAN_POINT ( 'NONE',  ( -30.50000000000000000, 10.00000000000000000, 25.00000000000000000 ) ) ;
#3755 = APPLICATION_PROTOCOL_DEFINITION ( 'international standard', 'config_control_design', 1994, #1593 ) ;
#3756 = CARTESIAN_POINT ( 'NONE',  ( 3.000000000000000000, 3.000000000000000000, 83.00000000000000000 ) ) ;
#3757 = PLANE ( 'NONE',  #4650 ) ;
#3758 = AXIS2_PLACEMENT_3D ( 'NONE', #9191, #9124, #3119 ) ;
#3759 = LOCAL_TIME ( 12, 23, 36.00000000000000000, #2229 ) ;
#3760 = CARTESIAN_POINT ( 'NONE',  ( -10.88523795150425677, 8.807647513432989683, 6.800000000000000711 ) ) ;
#3761 = ADVANCED_FACE ( 'NONE', ( #9500 ), #2567, .F. ) ;
#3762 = DIRECTION ( 'NONE',  ( 1.000000000000000000, -0.000000000000000000, -0.000000000000000000 ) ) ;
#3763 = CIRCLE ( 'NONE', #12864, 1.700000000000000178 ) ;
#3764 = VERTEX_POINT ( 'NONE', #477 ) ;
#3765 = DIRECTION ( 'NONE',  ( 0.000000000000000000, -0.000000000000000000, 1.000000000000000000 ) ) ;
#3766 = VERTEX_POINT ( 'NONE', #5582 ) ;
#3767 = ADVANCED_BREP_SHAPE_REPRESENTATION ( '', ( #7525, #1284 ), #11835 ) ;
#3768 = VERTEX_POINT ( 'NONE', #3432 ) ;
#3769 = VECTOR ( 'NONE', #7934, 1000.000000000000000 ) ;
#3770 = LINE ( 'NONE', #11844, #1841 ) ;
#3771 = AXIS2_PLACEMENT_3D ( 'NONE', #10592, #866, #11580 ) ;
#3772 = LINE ( 'NONE', #2055, #1270 ) ;
#3773 = FACE_OUTER_BOUND ( 'NONE', #3736, .T. ) ;
#3774 = EDGE_CURVE ( 'NONE', #10638, #10201, #9941, .T. ) ;
#3775 = CARTESIAN_POINT ( 'NONE',  ( 183.0000000000000000, 146.0000000000000000, 83.00000000000000000 ) ) ;
#3776 = SECURITY_CLASSIFICATION_LEVEL ( 'unclassified' ) ;
#3777 = CARTESIAN_POINT ( 'NONE',  ( 0.000000000000000000, 0.000000000000000000, 0.000000000000000000 ) ) ;
#3778 = VECTOR ( 'NONE', #6089, 1000.000000000000000 ) ;
#3779 = CARTESIAN_POINT ( 'NONE',  ( 20.00000000000000000, -14.00000000000000000, -1.200000000000000030E-05 ) ) ;
#3780 = ORIENTED_EDGE ( 'NONE', *, *, #12070, .F. ) ;
#3781 = CARTESIAN_POINT ( 'NONE',  ( 2.600000000000000533, 0.2934883227063208588, -0.000000000000000000 ) ) ;
#3782 = EDGE_CURVE ( 'NONE', #923, #11420, #12274, .T. ) ;
#3783 = ORIENTED_EDGE ( 'NONE', *, *, #7675, .T. ) ;
#3784 = CARTESIAN_POINT ( 'NONE',  ( 15.19999999999999929, 2.000000000000000000, 0.000000000000000000 ) ) ;
#3785 = ORIENTED_EDGE ( 'NONE', *, *, #5638, .F. ) ;
#3786 = VERTEX_POINT ( 'NONE', #6271 ) ;
#3787 = AXIS2_PLACEMENT_3D ( 'NONE', #12958, #1057, #3943 ) ;
#3788 = AXIS2_PLACEMENT_3D ( 'NONE', #3274, #8216, #11270 ) ;
#3789 = LINE ( 'NONE', #7800, #8985 ) ;
#3790 = EDGE_CURVE ( 'NONE', #10900, #7777, #5961, .T. ) ;
#3791 = CARTESIAN_POINT ( 'NONE',  ( 21.36128909900305217, 12.95702773923621010, -0.000000000000000000 ) ) ;
#3792 = EDGE_LOOP ( 'NONE', ( #5412, #11472, #8504, #10995 ) ) ;
#3793 = VERTEX_POINT ( 'NONE', #1223 ) ;
#3794 = DATE_AND_TIME ( #3734, #3618 ) ;
#3795 = CALENDAR_DATE ( 2026, 21, 9 ) ;
#3796 = VERTEX_POINT ( 'NONE', #5307 ) ;
#3797 = PERSON_AND_ORGANIZATION_ROLE ( 'creator' ) ;
#3798 = CARTESIAN_POINT ( 'NONE',  ( -0.5999999999999998668, 9.000000000000000000, 8.500000000000000000 ) ) ;
#3799 = PRODUCT_DEFINITION_SHAPE ( 'NONE', 'NONE',  #13083 ) ;
#3800 = CARTESIAN_POINT ( 'NONE',  ( -28.00000000000000000, 8.000000000000000000, 8.000000000000000000 ) ) ;
#3801 = EDGE_CURVE ( 'NONE', #10896, #9789, #2349, .T. ) ;
#3802 = VECTOR ( 'NONE', #7687, 1000.000000000000000 ) ;
#3803 = CARTESIAN_POINT ( 'NONE',  ( 186.0000000000000000, 0.000000000000000000, 83.00000000000000000 ) ) ;
#3804 = CARTESIAN_POINT ( 'NONE',  ( -10.65666690099372182, 65.55741526174938372, -0.000000000000000000 ) ) ;
#3805 = APPLICATION_PROTOCOL_DEFINITION ( 'international standard', 'config_control_design', 1994, #10618 ) ;
#3806 = EDGE_CURVE ( 'NONE', #962, #242, #1299, .T. ) ;
#3807 = CARTESIAN_POINT ( 'NONE',  ( 0.000000000000000000, 6.735557395310441037E-16, 26.00000000000000000 ) ) ;
#3808 = FACE_BOUND ( 'NONE', #3430, .T. ) ;
#3809 = EDGE_CURVE ( 'NONE', #6542, #7592, #1634, .T. ) ;
#3810 = ORIENTED_EDGE ( 'NONE', *, *, #4306, .T. ) ;
#3811 = CC_DESIGN_APPROVAL ( #2865, ( #12902 ) ) ;
#3812 = CARTESIAN_POINT ( 'NONE',  ( -14.00000000000000000, 9.000000000000000000, 8.500000000000000000 ) ) ;
#3813 = ORIENTED_EDGE ( 'NONE', *, *, #5272, .T. ) ;
#3814 = LINE ( 'NONE', #9900, #5833 ) ;
#3815 = CARTESIAN_POINT ( 'NONE',  ( 0.000000000000000000, -45.00000000000000000, -0.000000000000000000 ) ) ;
#3816 = CARTESIAN_POINT ( 'NONE',  ( 20.22508399488682329, -15.70006951123578709, -0.000000000000000000 ) ) ;
#3817 = EDGE_CURVE ( 'NONE', #6613, #3972, #4261, .T. ) ;
#3818 = DATE_AND_TIME ( #6757, #8484 ) ;
#3819 = EDGE_CURVE ( 'NONE', #9592, #2901, #12398, .T. ) ;
#3820 = CARTESIAN_POINT ( 'NONE',  ( 12.00000000000000000, -7.000000000000000000, 3.299999999999999822 ) ) ;
#3821 = APPROVAL_PERSON_ORGANIZATION ( #12735, #9153, #3657 ) ;
#3822 = FACE_BOUND ( 'NONE', #9022, .T. ) ;
#3823 = LINE ( 'NONE', #7960, #1395 ) ;
#3824 = DIRECTION ( 'NONE',  ( 0.000000000000000000, -0.000000000000000000, 1.000000000000000000 ) ) ;
#3825 = EDGE_LOOP ( 'NONE', ( #4088, #11702, #697, #5897 ) ) ;
#3826 = CARTESIAN_POINT ( 'NONE',  ( 0.000000000000000000, 0.000000000000000000, 4.000000000000000000 ) ) ;
#3827 = ORIENTED_EDGE ( 'NONE', *, *, #8930, .T. ) ;
#3828 = ORIENTED_EDGE ( 'NONE', *, *, #3731, .F. ) ;
#3829 = FACE_BOUND ( 'NONE', #11133, .T. ) ;
#3830 = ORIENTED_EDGE ( 'NONE', *, *, #1765, .F. ) ;
#3831 = PERSON_AND_ORGANIZATION ( #12991, #11636 ) ;
#3832 = CARTESIAN_POINT ( 'NONE',  ( -18.34333309900548770, 14.44258473825130729, -0.000000000000000000 ) ) ;
#3833 = CC_DESIGN_PERSON_AND_ORGANIZATION_ASSIGNMENT ( #11872, #8564, ( #2327 ) ) ;
#3834 = ADVANCED_FACE ( 'NONE', ( #9408 ), #8415, .F. ) ;
#3835 = CARTESIAN_POINT ( 'NONE',  ( -12.00000000000000000, 7.000000000000000000, 5.000000000000000000 ) ) ;
#3836 = LINE ( 'NONE', #2661, #10961 ) ;
#3837 = CONTEXT_DEPENDENT_SHAPE_REPRESENTATION ( #12900, #6405 ) ;
#3838 = PERSON_AND_ORGANIZATION_ROLE ( 'design_owner' ) ;
#3839 = PERSON_AND_ORGANIZATION ( #8394, #7301 ) ;
#3840 = DIRECTION ( 'NONE',  ( -0.000000000000000000, 1.000000000000000000, -0.000000000000000000 ) ) ;
#3841 = DIRECTION ( 'NONE',  ( 0.000000000000000000, 0.000000000000000000, 1.000000000000000000 ) ) ;
#3842 = DIRECTION ( 'NONE',  ( 0.000000000000000000, 0.000000000000000000, 1.000000000000000000 ) ) ;
#3843 = ORIENTED_EDGE ( 'NONE', *, *, #2458, .F. ) ;
#3844 = LINE ( 'NONE', #8993, #11945 ) ;
#3845 = VERTEX_POINT ( 'NONE', #5440 ) ;
#3846 = ORIENTED_EDGE ( 'NONE', *, *, #12796, .F. ) ;
#3847 = EDGE_CURVE ( 'NONE', #6425, #11232, #11400, .T. ) ;
#3848 = FACE_OUTER_BOUND ( 'NONE', #333, .T. ) ;
#3849 = CARTESIAN_POINT ( 'NONE',  ( 21.04287395703121533, 12.63880920472952951, 0.000000000000000000 ) ) ;
#3850 = ORIENTED_EDGE ( 'NONE', *, *, #9200, .T. ) ;
#3851 = VERTEX_POINT ( 'NONE', #10411 ) ;
#3852 = EDGE_CURVE ( 'NONE', #9414, #10173, #8907, .T. ) ;
#3853 = ORIENTED_EDGE ( 'NONE', *, *, #12809, .T. ) ;
#3854 = DIRECTION ( 'NONE',  ( -1.000000000000000000, 0.000000000000000000, 0.000000000000000000 ) ) ;
#3855 = CARTESIAN_POINT ( 'NONE',  ( -10.69993048876420616, 0.000000000000000000, 3.774916005113179818 ) ) ;
#3856 = LINE ( 'NONE', #10941, #3769 ) ;
#3857 = DIRECTION ( 'NONE',  ( -0.000000000000000000, -0.000000000000000000, -1.000000000000000000 ) ) ;
#3858 = MECHANICAL_CONTEXT ( 'NONE', #11280, 'mechanical' ) ;
#3859 = CARTESIAN_POINT ( 'NONE',  ( 124.8584857301940900, 1.484395069527666866, 0.000000000000000000 ) ) ;
#3860 = CARTESIAN_POINT ( 'NONE',  ( -15.10000000000000142, 1.347111479062088503E-16, 18.00000000000000355 ) ) ;
#3861 = CARTESIAN_POINT ( 'NONE',  ( 31.00000000000000000, 81.00000000000000000, 4.000000000000000000 ) ) ;
#3862 = CARTESIAN_POINT ( 'NONE',  ( -10.72380529476361133, 9.000000000000000000, 8.300000000000000711 ) ) ;
#3863 = ADVANCED_FACE ( 'NONE', ( #7189 ), #9479, .F. ) ;
#3864 = DIRECTION ( 'NONE',  ( -0.000000000000000000, -1.000000000000000000, -0.000000000000000000 ) ) ;
#3865 = VERTEX_POINT ( 'NONE', #252 ) ;
#3866 = PLANE ( 'NONE',  #12429 ) ;
#3867 = FACE_BOUND ( 'NONE', #12750, .T. ) ;
#3868 = CARTESIAN_POINT ( 'NONE',  ( -0.5999999999999997558, 2.529822128134703085, -1.200000000000000030E-05 ) ) ;
#3869 = COORDINATED_UNIVERSAL_TIME_OFFSET ( 5, 0, .BEHIND. ) ;
#3870 = CARTESIAN_POINT ( 'NONE',  ( 11.51689599024726007, 7.960616816174120203, 8.650113106382692152 ) ) ;
#3871 = PLANE ( 'NONE',  #5486 ) ;
#3872 = DATE_TIME_ROLE ( 'classification_date' ) ;
#3873 = CARTESIAN_POINT ( 'NONE',  ( -10.72380529476361133, 9.000000000000000000, 6.800000000000000711 ) ) ;
#3874 = CARTESIAN_POINT ( 'NONE',  ( -11.50000000000000000, -6.000000000000000000, 0.000000000000000000 ) ) ;
#3875 = VECTOR ( 'NONE', #6807, 1000.000000000000000 ) ;
#3876 = EDGE_CURVE ( 'NONE', #9795, #1144, #2607, .T. ) ;
#3877 = ADVANCED_FACE ( 'NONE', ( #11592 ), #6595, .F. ) ;
#3878 = ORIENTED_EDGE ( 'NONE', *, *, #10992, .F. ) ;
#3879 = CARTESIAN_POINT ( 'NONE',  ( 14.00000000000000000, 0.000000000000000000, -1.200000000000000030E-05 ) ) ;
#3880 = ORIENTED_EDGE ( 'NONE', *, *, #11085, .F. ) ;
#3881 = ADVANCED_FACE ( 'NONE', ( #5628 ), #3474, .T. ) ;
#3882 = ORIENTED_EDGE ( 'NONE', *, *, #1031, .F. ) ;
#3883 = CYLINDRICAL_SURFACE ( 'NONE', #3084, 1.700000000000000178 ) ;
#3884 = VERTEX_POINT ( 'NONE', #7657 ) ;
#3885 = APPROVAL_ROLE ( '' ) ;
#3886 = CARTESIAN_POINT ( 'NONE',  ( -18.63880920472979241, 15.04287395703147645, 0.000000000000000000 ) ) ;
#3887 = CYLINDRICAL_SURFACE ( 'NONE', #6303, 2.000000000000001776 ) ;
#3888 = AXIS2_PLACEMENT_3D ( 'NONE', #2114, #7303, #6317 ) ;
#3889 = PERSON_AND_ORGANIZATION_ROLE ( 'design_owner' ) ;
#3890 = DIRECTION ( 'NONE',  ( 1.000000000000000000, 0.000000000000000000, -0.000000000000000000 ) ) ;
#3891 = ITEM_DEFINED_TRANSFORMATION ( 'NONE', 'NONE', #9516,  #1284 ) ;
#3892 = CALENDAR_DATE ( 2026, 21, 9 ) ;
#3893 = CARTESIAN_POINT ( 'NONE',  ( -11.50000000000000000, 6.000000000000000000, 22.00000000000000000 ) ) ;
#3894 = CARTESIAN_POINT ( 'NONE',  ( -18.30000000000000071, -13.77474804345230908, 0.000000000000000000 ) ) ;
#3895 = VERTEX_POINT ( 'NONE', #705 ) ;
#3896 = CC_DESIGN_DATE_AND_TIME_ASSIGNMENT ( #5205, #8237, ( #4362 ) ) ;
#3897 = CARTESIAN_POINT ( 'NONE',  ( 2.130521333856785660, 1.498155055651988254, 0.000000000000000000 ) ) ;
#3898 = APPROVAL ( #7937, 'æœª' ) ;
#3899 = ORIENTED_EDGE ( 'NONE', *, *, #11199, .T. ) ;
#3900 = LINE ( 'NONE', #7915, #366 ) ;
#3901 = CIRCLE ( 'NONE', #11092, 1.700000000000000178 ) ;
#3902 = DIRECTION ( 'NONE',  ( 1.000000000000000000, 0.000000000000000000, 0.000000000000000000 ) ) ;
#3903 = VERTEX_POINT ( 'NONE', #8678 ) ;
#3904 = ORIENTED_EDGE ( 'NONE', *, *, #10627, .T. ) ;
#3905 = LINE ( 'NONE', #9935, #6629 ) ;
#3906 = VECTOR ( 'NONE', #10464, 1000.000000000000000 ) ;
#3907 = VECTOR ( 'NONE', #7624, 1000.000000000000000 ) ;
#3908 = CC_DESIGN_SECURITY_CLASSIFICATION ( #788, ( #13069 ) ) ;
#3909 = CARTESIAN_POINT ( 'NONE',  ( 0.000000000000000000, 25.00000000000000000, 0.000000000000000000 ) ) ;
#3910 = ORIENTED_EDGE ( 'NONE', *, *, #8120, .T. ) ;
#3911 = AXIS2_PLACEMENT_3D ( 'NONE', #11483, #10625, #1580 ) ;
#3912 = EDGE_CURVE ( 'NONE', #2467, #524, #3455, .T. ) ;
#3913 = ORIENTED_EDGE ( 'NONE', *, *, #5402, .F. ) ;
#3914 = ORIENTED_EDGE ( 'NONE', *, *, #7254, .T. ) ;
#3915 = VECTOR ( 'NONE', #10330, 1000.000000000000000 ) ;
#3916 = LOCAL_TIME ( 12, 23, 36.00000000000000000, #173 ) ;
#3917 = CARTESIAN_POINT ( 'NONE',  ( 16.00000000000000000, -6.000000000000000000, 18.00000000000000355 ) ) ;
#3918 = CARTESIAN_POINT ( 'NONE',  ( -10.36128909900394923, -0.000000000000000000, 2.957027739237109820 ) ) ;
#3919 = EDGE_CURVE ( 'NONE', #951, #5980, #9344, .T. ) ;
#3920 = CARTESIAN_POINT ( 'NONE',  ( 150.0000000000000000, 0.000000000000000000, 0.000000000000000000 ) ) ;
#3921 = CARTESIAN_POINT ( 'NONE',  ( 20.00000000000000000, -1.200000000000000030E-05, 12.00000000000000000 ) ) ;
#3922 = APPROVAL_STATUS ( 'not_yet_approved' ) ;
#3923 = ADVANCED_FACE ( 'NONE', ( #4653 ), #1623, .F. ) ;
#3924 = CARTESIAN_POINT ( 'NONE',  ( 12.51547649045534705, 69.14146106820930981, -0.000000000000000000 ) ) ;
#3925 = VECTOR ( 'NONE', #7081, 1000.000000000000000 ) ;
#3926 = ORIENTED_EDGE ( 'NONE', *, *, #1599, .F. ) ;
#3927 = ORGANIZATION ( 'NAUO-ORG19', 'UNSPECIFIED', 'UNSPECIFIED' ) ;
#3928 = CARTESIAN_POINT ( 'NONE',  ( 22.00000000000000355, 8.000000000000000000, 0.000000000000000000 ) ) ;
#3929 = DIRECTION ( 'NONE',  ( -0.000000000000000000, -1.000000000000000000, -0.000000000000000000 ) ) ;
#3930 =( REPRESENTATION_RELATIONSHIP ('NONE','NONE', #6877, #11302 ) REPRESENTATION_RELATIONSHIP_WITH_TRANSFORMATION ( #4103 )SHAPE_REPRESENTATION_RELATIONSHIP( ) );
#3931 = VERTEX_POINT ( 'NONE', #2546 ) ;
#3932 = LINE ( 'NONE', #3015, #7477 ) ;
#3933 = DIRECTION ( 'NONE',  ( 0.000000000000000000, 0.000000000000000000, 1.000000000000000000 ) ) ;
#3934 = LINE ( 'NONE', #10082, #10660 ) ;
#3935 = VERTEX_POINT ( 'NONE', #5748 ) ;
#3936 = VECTOR ( 'NONE', #807, 1000.000000000000000 ) ;
#3937 = LINE ( 'NONE', #5968, #2057 ) ;
#3938 = LINE ( 'NONE', #6811, #6661 ) ;
#3939 = VECTOR ( 'NONE', #8210, 1000.000000000000000 ) ;
#3940 = DIRECTION ( 'NONE',  ( 1.000000000000000000, 0.000000000000000000, 0.000000000000000000 ) ) ;
#3941 = DATE_AND_TIME ( #4810, #2579 ) ;
#3942 = FACE_BOUND ( 'NONE', #5091, .T. ) ;
#3943 = DIRECTION ( 'NONE',  ( 0.000000000000000000, -0.000000000000000000, 1.000000000000000000 ) ) ;
#3944 = EDGE_CURVE ( 'NONE', #12392, #7097, #9787, .T. ) ;
#3945 = CARTESIAN_POINT ( 'NONE',  ( -11.68622841836827497, 7.709669415052520236, 7.387083654392811560 ) ) ;
#3946 = EDGE_CURVE ( 'NONE', #2080, #118, #11661, .T. ) ;
#3947 = CARTESIAN_POINT ( 'NONE',  ( 14.00000000000000000, 1.714505518806294638E-15, 12.00000000000000000 ) ) ;
#3948 = LOCAL_TIME ( 12, 23, 36.00000000000000000, #3441 ) ;
#3949 = CARTESIAN_POINT ( 'NONE',  ( 31.19999999999999929, 80.50000000000000000, -1.200000000000000030E-05 ) ) ;
#3950 = EDGE_LOOP ( 'NONE', ( #3480, #8012 ) ) ;
#3951 = DIRECTION ( 'NONE',  ( 0.000000000000000000, -1.000000000000000000, 0.000000000000000000 ) ) ;
#3952 = ORIENTED_EDGE ( 'NONE', *, *, #9724, .F. ) ;
#3953 = LINE ( 'NONE', #4158, #2073 ) ;
#3954 = DIRECTION ( 'NONE',  ( 0.000000000000000000, -0.000000000000000000, -1.000000000000000000 ) ) ;
#3955 = ORIENTED_EDGE ( 'NONE', *, *, #7414, .F. ) ;
#3956 = AXIS2_PLACEMENT_3D ( 'NONE', #1529, #9568, #538 ) ;
#3957 = CARTESIAN_POINT ( 'NONE',  ( -24.30000000000000071, 0.000000000000000000, -0.000000000000000000 ) ) ;
#3958 = AXIS2_PLACEMENT_3D ( 'NONE', #10177, #5289, #9053 ) ;
#3959 = APPROVAL_PERSON_ORGANIZATION ( #6932, #11036, #4313 ) ;
#3960 = CARTESIAN_POINT ( 'NONE',  ( 0.000000000000000000, 57.00000000000000000, 0.000000000000000000 ) ) ;
#3961 = EDGE_CURVE ( 'NONE', #1950, #1000, #12738, .T. ) ;
#3962 = DIRECTION ( 'NONE',  ( 1.000000000000000000, 0.000000000000000000, 0.000000000000000000 ) ) ;
#3963 = EDGE_CURVE ( 'NONE', #9205, #9593, #2737, .T. ) ;
#3964 = APPROVAL_STATUS ( 'not_yet_approved' ) ;
#3965 = CYLINDRICAL_SURFACE ( 'NONE', #915, 1.700000000000000178 ) ;
#3966 = CIRCLE ( 'NONE', #13053, 1.700000000000000178 ) ;
#3967 = DIRECTION ( 'NONE',  ( 1.000000000000000000, 0.000000000000000000, 0.000000000000000000 ) ) ;
#3968 = ADVANCED_FACE ( 'NONE', ( #2472 ), #3659, .F. ) ;
#3969 = ORIENTED_EDGE ( 'NONE', *, *, #8668, .F. ) ;
#3970 = LINE ( 'NONE', #2742, #9904 ) ;
#3971 = CIRCLE ( 'NONE', #3364, 5.799999999999999822 ) ;
#3972 = VERTEX_POINT ( 'NONE', #9544 ) ;
#3973 = DIRECTION ( 'NONE',  ( 0.000000000000000000, 1.000000000000000000, 0.000000000000000000 ) ) ;
#3974 = CARTESIAN_POINT ( 'NONE',  ( 86.99999999999998579, 35.00000000000000000, -45.00000000000000000 ) ) ;
#3975 = CARTESIAN_POINT ( 'NONE',  ( -10.72380529476361133, 9.000000000000000000, 8.300000000000000711 ) ) ;
#3976 = ORIENTED_EDGE ( 'NONE', *, *, #12055, .T. ) ;
#3977 = EDGE_LOOP ( 'NONE', ( #3880, #9637, #1883, #5619 ) ) ;
#3978 = CARTESIAN_POINT ( 'NONE',  ( 0.000000000000000000, -45.00000000000000000, -0.000000000000000000 ) ) ;
#3979 = CARTESIAN_POINT ( 'NONE',  ( -3.100000000000000089, 2.939152317953647106E-16, 26.00000000000000000 ) ) ;
#3980 = ADVANCED_FACE ( 'NONE', ( #10795 ), #516, .F. ) ;
#3981 = PRODUCT_DEFINITION_SHAPE ( 'NONE', 'NONE',  #1914 ) ;
#3982 = CC_DESIGN_PERSON_AND_ORGANIZATION_ASSIGNMENT ( #10243, #7315, ( #11762 ) ) ;
#3983 = EDGE_CURVE ( 'NONE', #3300, #4781, #5565, .T. ) ;
#3984 = VECTOR ( 'NONE', #313, 1000.000000000000000 ) ;
#3985 = CC_DESIGN_DATE_AND_TIME_ASSIGNMENT ( #8159, #11219, ( #304 ) ) ;
#3986 = VECTOR ( 'NONE', #3250, 1000.000000000000000 ) ;
#3987 = CARTESIAN_POINT ( 'NONE',  ( 27.69999999999999929, 45.00000000000000000, -1.200000000000000030E-05 ) ) ;
#3988 = ORIENTED_EDGE ( 'NONE', *, *, #1444, .F. ) ;
#3989 = ORIENTED_EDGE ( 'NONE', *, *, #10988, .F. ) ;
#3990 = PERSON ( 'NAUO-PER21', 'UNSPECIFIED', 'UNSPECIFIED', ('UNSPECIFIED'), ('UNSPECIFIED'), ('UNSPECIFIED') ) ;
#3991 = AXIS2_PLACEMENT_3D ( 'NONE', #2842, #10978, #12847 ) ;
#3992 = DATE_AND_TIME ( #534, #6879 ) ;
#3993 = AXIS2_PLACEMENT_3D ( 'NONE', #11852, #6905, #1746 ) ;
#3994 = EDGE_LOOP ( 'NONE', ( #7410, #5388, #3405, #9417 ) ) ;
#3995 = FACE_BOUND ( 'NONE', #10254, .T. ) ;
#3996 = AXIS2_PLACEMENT_3D ( 'NONE', #8982, #9855, #1010 ) ;
#3997 = FACE_BOUND ( 'NONE', #1012, .T. ) ;
#3998 = CC_DESIGN_PERSON_AND_ORGANIZATION_ASSIGNMENT ( #12698, #10682, ( #419 ) ) ;
#3999 = LINE ( 'NONE', #6709, #11795 ) ;
#4000 = ADVANCED_FACE ( 'NONE', ( #12675 ), #3604, .F. ) ;
#4001 = CARTESIAN_POINT ( 'NONE',  ( 21.65679534101155568, -0.000000000000000000, 12.44263793984301714 ) ) ;
#4002 = CARTESIAN_POINT ( 'NONE',  ( -9.000000000000000000, 8.000000000000000000, 13.00000000000000000 ) ) ;
#4003 = SECURITY_CLASSIFICATION_LEVEL ( 'unclassified' ) ;
#4004 = VECTOR ( 'NONE', #5085, 1000.000000000000000 ) ;
#4005 = CARTESIAN_POINT ( 'NONE',  ( -9.170466408454513996, 10.57870852589375232, 9.142065046672966488 ) ) ;
#4006 = VERTEX_POINT ( 'NONE', #4708 ) ;
#4007 = CARTESIAN_POINT ( 'NONE',  ( 0.000000000000000000, 0.000000000000000000, 0.000000000000000000 ) ) ;
#4008 = DIRECTION ( 'NONE',  ( 0.000000000000000000, -0.000000000000000000, 1.000000000000000000 ) ) ;
#4009 = VERTEX_POINT ( 'NONE', #8735 ) ;
#4010 = SECURITY_CLASSIFICATION_LEVEL ( 'unclassified' ) ;
#4011 = DIRECTION ( 'NONE',  ( 1.000000000000000000, -0.000000000000000000, -0.000000000000000000 ) ) ;
#4012 = CARTESIAN_POINT ( 'NONE',  ( 21.00000000000000000, -12.00000000000000000, 3.000000000000000000 ) ) ;
#4013 = CARTESIAN_POINT ( 'NONE',  ( 31.60000000000000142, 72.50000000000000000, -1.200000000000000030E-05 ) ) ;
#4014 = DIRECTION ( 'NONE',  ( 0.000000000000000000, 0.000000000000000000, 1.000000000000000000 ) ) ;
#4015 = PERSON_AND_ORGANIZATION_ROLE ( 'creator' ) ;
#4016 = CARTESIAN_POINT ( 'NONE',  ( 10.88457178719637142, 8.808441270803237799, 11.70000000000002238 ) ) ;
#4017 = DIRECTION ( 'NONE',  ( -0.000000000000000000, -1.000000000000000000, -0.000000000000000000 ) ) ;
#4018 = LINE ( 'NONE', #12095, #7552 ) ;
#4019 = APPROVAL_PERSON_ORGANIZATION ( #4221, #9650, #7296 ) ;
#4020 = DIRECTION ( 'NONE',  ( -0.000000000000000000, -0.000000000000000000, -1.000000000000000000 ) ) ;
#4021 = LINE ( 'NONE', #2900, #7056 ) ;
#4022 = ORIENTED_EDGE ( 'NONE', *, *, #7757, .T. ) ;
#4023 = EDGE_CURVE ( 'NONE', #11406, #3768, #12789, .T. ) ;
#4024 = ORIENTED_EDGE ( 'NONE', *, *, #9826, .F. ) ;
#4025 = FACE_OUTER_BOUND ( 'NONE', #2812, .T. ) ;
#4026 = VERTEX_POINT ( 'NONE', #12047 ) ;
#4027 = CARTESIAN_POINT ( 'NONE',  ( -18.30000000000000071, 14.00000000000000000, -6.000000000000000152E-06 ) ) ;
#4028 = CC_DESIGN_APPROVAL ( #5688, ( #1537 ) ) ;
#4029 = CYLINDRICAL_SURFACE ( 'NONE', #1234, 2.000000000000000000 ) ;
#4030 = CARTESIAN_POINT ( 'NONE',  ( -12.00000000000000000, 7.000000000000000000, 15.00000000000000000 ) ) ;
#4031 = CALENDAR_DATE ( 2026, 21, 9 ) ;
#4032 = CYLINDRICAL_SURFACE ( 'NONE', #1348, 2.399999999999999467 ) ;
#4033 = DIRECTION ( 'NONE',  ( 0.000000000000000000, 1.000000000000000000, 0.000000000000000000 ) ) ;
#4034 = ORIENTED_EDGE ( 'NONE', *, *, #9949, .F. ) ;
#4035 = CARTESIAN_POINT ( 'NONE',  ( 11.50000000000000000, -6.000000000000000000, 22.00000000000000000 ) ) ;
#4036 = LOCAL_TIME ( 12, 23, 36.00000000000000000, #4202 ) ;
#4037 = ORIENTED_EDGE ( 'NONE', *, *, #8194, .T. ) ;
#4038 = CARTESIAN_POINT ( 'NONE',  ( 8.660254037844389075, -11.00000000000000000, 12.00000000000000000 ) ) ;
#4039 = ADVANCED_FACE ( 'NONE', ( #10909 ), #3965, .F. ) ;
#4040 = CARTESIAN_POINT ( 'NONE',  ( -11.46082835472130235, 8.043006970812543344, 11.42245056356683186 ) ) ;
#4041 = ORIENTED_EDGE ( 'NONE', *, *, #7182, .F. ) ;
#4042 = ORIENTED_EDGE ( 'NONE', *, *, #775, .T. ) ;
#4043 = COORDINATED_UNIVERSAL_TIME_OFFSET ( 5, 0, .BEHIND. ) ;
#4044 = CARTESIAN_POINT ( 'NONE',  ( -24.30000000000000071, -57.00000000000000000, 5.000000000000000000 ) ) ;
#4045 = DIRECTION ( 'NONE',  ( -1.000000000000000000, 0.000000000000000000, 0.000000000000000000 ) ) ;
#4046 = ADVANCED_FACE ( 'NONE', ( #8039 ), #1940, .F. ) ;
#4047 = SHAPE_DEFINITION_REPRESENTATION ( #450, #11302 ) ;
#4048 = CALENDAR_DATE ( 2026, 21, 9 ) ;
#4049 = CARTESIAN_POINT ( 'NONE',  ( 134.3432046589899471, 0.4426379398539287413, -0.000000000000000000 ) ) ;
#4050 = FACE_BOUND ( 'NONE', #3729, .T. ) ;
#4051 = ORIENTED_EDGE ( 'NONE', *, *, #10373, .F. ) ;
#4052 = ORIENTED_EDGE ( 'NONE', *, *, #6165, .F. ) ;
#4053 = EDGE_CURVE ( 'NONE', #4472, #10600, #6778, .T. ) ;
#4054 = ADVANCED_FACE ( 'NONE', ( #7907 ), #1073, .F. ) ;
#4055 = ORIENTED_EDGE ( 'NONE', *, *, #2959, .F. ) ;
#4056 = CARTESIAN_POINT ( 'NONE',  ( 11.50000000000000000, -6.000000000000000000, 16.00000000000000000 ) ) ;
#4057 = PLANE ( 'NONE',  #11738 ) ;
#4058 = FACE_BOUND ( 'NONE', #2854, .T. ) ;
#4059 = DIRECTION ( 'NONE',  ( -0.000000000000000000, -0.000000000000000000, 1.000000000000000000 ) ) ;
#4060 = DIRECTION ( 'NONE',  ( 0.000000000000000000, 0.000000000000000000, -1.000000000000000000 ) ) ;
#4061 = COORDINATED_UNIVERSAL_TIME_OFFSET ( 5, 0, .BEHIND. ) ;
#4062 = CARTESIAN_POINT ( 'NONE',  ( -11.59999999999999964, 67.50000000000000000, 0.000000000000000000 ) ) ;
#4063 = ORIENTED_EDGE ( 'NONE', *, *, #3513, .F. ) ;
#4064 = CARTESIAN_POINT ( 'NONE',  ( -15.59999999999999964, 77.50000000000000000, 0.000000000000000000 ) ) ;
#4065 = CARTESIAN_POINT ( 'NONE',  ( 35.00000000000000000, 110.0000000000000000, -26.00000000000000000 ) ) ;
#4066 = CC_DESIGN_DATE_AND_TIME_ASSIGNMENT ( #578, #8615, ( #9201 ) ) ;
#4067 = DIRECTION ( 'NONE',  ( -0.000000000000000000, -0.000000000000000000, 1.000000000000000000 ) ) ;
#4068 = CC_DESIGN_DATE_AND_TIME_ASSIGNMENT ( #5960, #5903, ( #2149 ) ) ;
#4069 = CARTESIAN_POINT ( 'NONE',  ( -21.04297226076352700, 12.63871090099631544, -0.000000000000000000 ) ) ;
#4070 = DIRECTION ( 'NONE',  ( 1.000000000000000000, -0.000000000000000000, -0.000000000000000000 ) ) ;
#4071 = CIRCLE ( 'NONE', #5759, 1.700000000000000178 ) ;
#4072 = DIRECTION ( 'NONE',  ( -0.000000000000000000, 1.000000000000000000, -0.000000000000000000 ) ) ;
#4073 = APPROVAL_ROLE ( '' ) ;
#4074 = CARTESIAN_POINT ( 'NONE',  ( -21.48439506952757228, 0.000000000000000000, 11.14151426980747850 ) ) ;
#4075 = CARTESIAN_POINT ( 'NONE',  ( 32.70000000000000284, 57.00000000000000000, -6.000000000000000152E-06 ) ) ;
#4076 = LINE ( 'NONE', #3293, #437 ) ;
#4077 = CARTESIAN_POINT ( 'NONE',  ( -10.01642623006862109, 9.784631539666255762, 8.478378753637999310 ) ) ;
#4078 = ITEM_DEFINED_TRANSFORMATION ( 'NONE', 'NONE', #8864,  #1284 ) ;
#4079 = CARTESIAN_POINT ( 'NONE',  ( 29.30000000000000071, 57.00000000000000000, 5.000000000000000000 ) ) ;
#4080 = ADVANCED_FACE ( 'NONE', ( #2848 ), #8800, .F. ) ;
#4081 = APPROVAL_ROLE ( '' ) ;
#4082 = VERTEX_POINT ( 'NONE', #11049 ) ;
#4083 = LINE ( 'NONE', #1124, #13020 ) ;
#4084 = PRODUCT_DEFINITION_SHAPE ( 'NONE', 'NONE',  #304 ) ;
#4085 = ORIENTED_EDGE ( 'NONE', *, *, #10267, .T. ) ;
#4086 = UNCERTAINTY_MEASURE_WITH_UNIT (LENGTH_MEASURE( 1.000000000000000082E-05 ), #5631, 'distance_accuracy_value', 'NONE');
#4087 = CARTESIAN_POINT ( 'NONE',  ( 150.0000000000000000, 0.000000000000000000, 90.00000000000000000 ) ) ;
#4088 = ORIENTED_EDGE ( 'NONE', *, *, #3063, .T. ) ;
#4089 = DATE_AND_TIME ( #13033, #2504 ) ;
#4090 = DIRECTION ( 'NONE',  ( 0.000000000000000000, 1.000000000000000000, 0.000000000000000000 ) ) ;
#4091 =( REPRESENTATION_RELATIONSHIP ('NONE','NONE', #6877, #9531 ) REPRESENTATION_RELATIONSHIP_WITH_TRANSFORMATION ( #11908 )SHAPE_REPRESENTATION_RELATIONSHIP( ) );
#4092 = CARTESIAN_POINT ( 'NONE',  ( -15.65666690099372360, 69.55741526174936951, -0.000000000000000000 ) ) ;
#4093 = PLANE ( 'NONE',  #453 ) ;
#4094 = APPROVAL_ROLE ( '' ) ;
#4095 = CARTESIAN_POINT ( 'NONE',  ( 21.00000000000000000, -12.00000000000000000, 0.000000000000000000 ) ) ;
#4096 = EDGE_CURVE ( 'NONE', #9792, #6944, #298, .T. ) ;
#4097 = ORIENTED_EDGE ( 'NONE', *, *, #6420, .T. ) ;
#4098 = DIRECTION ( 'NONE',  ( -0.000000000000000000, -0.000000000000000000, 1.000000000000000000 ) ) ;
#4099 = ORIENTED_EDGE ( 'NONE', *, *, #1992, .T. ) ;
#4100 = CARTESIAN_POINT ( 'NONE',  ( 32.65686506842305903, 56.55753025009011026, -0.000000000000000000 ) ) ;
#4101 = DIRECTION ( 'NONE',  ( 1.000000000000000000, 0.000000000000000000, 0.000000000000000000 ) ) ;
#4102 = LINE ( 'NONE', #2988, #12454 ) ;
#4103 = ITEM_DEFINED_TRANSFORMATION ( 'NONE', 'NONE', #5493,  #1284 ) ;
#4104 = ORIENTED_EDGE ( 'NONE', *, *, #8902, .F. ) ;
#4105 = ORIENTED_EDGE ( 'NONE', *, *, #7216, .T. ) ;
#4106 = VECTOR ( 'NONE', #9602, 1000.000000000000000 ) ;
#4107 = CARTESIAN_POINT ( 'NONE',  ( 14.00000000000000000, 1.714505518806294638E-15, 16.00000000000000000 ) ) ;
#4108 = DIRECTION ( 'NONE',  ( 0.000000000000000000, 1.000000000000000000, 0.000000000000000000 ) ) ;
#4109 = APPROVAL_STATUS ( 'not_yet_approved' ) ;
#4110 = EDGE_CURVE ( 'NONE', #8687, #5483, #2914, .T. ) ;
#4111 = CARTESIAN_POINT ( 'NONE',  ( -1.594977014734535459, -2.082076604084840188, -0.000000000000000000 ) ) ;
#4112 = VECTOR ( 'NONE', #2302, 1000.000000000000000 ) ;
#4113 = AXIS2_PLACEMENT_3D ( 'NONE', #6847, #10924, #8931 ) ;
#4114 = ORIENTED_EDGE ( 'NONE', *, *, #8714, .F. ) ;
#4115 = EDGE_LOOP ( 'NONE', ( #6857, #4924, #11514, #10655 ) ) ;
#4116 =( NAMED_UNIT ( * ) SI_UNIT ( $, .STERADIAN. ) SOLID_ANGLE_UNIT ( ) );
#4117 = EDGE_LOOP ( 'NONE', ( #7798, #10484, #9993, #6338 ) ) ;
#4118 = DIRECTION ( 'NONE',  ( 0.000000000000000000, -1.000000000000000000, 0.000000000000000000 ) ) ;
#4119 = VECTOR ( 'NONE', #3929, 1000.000000000000000 ) ;
#4120 = AXIS2_PLACEMENT_3D ( 'NONE', #10873, #728, #2763 ) ;
#4121 = FACE_BOUND ( 'NONE', #4388, .T. ) ;
#4122 = APPROVAL_PERSON_ORGANIZATION ( #7238, #393, #4094 ) ;
#4123 = CARTESIAN_POINT ( 'NONE',  ( -20.00000000000000000, -6.000000000000000152E-06, 13.70000000000000107 ) ) ;
#4124 = DIRECTION ( 'NONE',  ( 0.000000000000000000, 0.000000000000000000, 1.000000000000000000 ) ) ;
#4125 = SHAPE_DEFINITION_REPRESENTATION ( #2724, #7667 ) ;
#4126 = ADVANCED_FACE ( 'NONE', ( #893 ), #4032, .T. ) ;
#4127 = EDGE_CURVE ( 'NONE', #3322, #5797, #6975, .T. ) ;
#4128 = CARTESIAN_POINT ( 'NONE',  ( -4.299999999999999822, -9.000000000000000000, -6.000000000000000152E-06 ) ) ;
#4129 = ORIENTED_EDGE ( 'NONE', *, *, #6174, .T. ) ;
#4130 = FACE_OUTER_BOUND ( 'NONE', #8218, .T. ) ;
#4131 = FACE_OUTER_BOUND ( 'NONE', #3149, .T. ) ;
#4132 = ORIENTED_EDGE ( 'NONE', *, *, #1307, .T. ) ;
#4133 = CIRCLE ( 'NONE', #11538, 19.00000000000000000 ) ;
#4134 = DIRECTION ( 'NONE',  ( 1.000000000000000000, 0.000000000000000000, 0.000000000000000000 ) ) ;
#4135 = CC_DESIGN_SECURITY_CLASSIFICATION ( #3086, ( #13075 ) ) ;
#4136 = ORIENTED_EDGE ( 'NONE', *, *, #8483, .F. ) ;
#4137 = DIRECTION ( 'NONE',  ( -0.000000000000000000, -0.000000000000000000, 1.000000000000000000 ) ) ;
#4138 = VECTOR ( 'NONE', #7619, 1000.000000000000000 ) ;
#4139 = CARTESIAN_POINT ( 'NONE',  ( -14.00000000000000000, 0.000000000000000000, 2.000000000000000000 ) ) ;
#4140 = CARTESIAN_POINT ( 'NONE',  ( 29.29993048876346151, -0.000000000000000000, 13.22508399488411968 ) ) ;
#4141 = CALENDAR_DATE ( 2026, 21, 9 ) ;
#4142 = CARTESIAN_POINT ( 'NONE',  ( 11.81430917424337323, 7.511707916502316174, 9.169615520327001335 ) ) ;
#4143 = CARTESIAN_POINT ( 'NONE',  ( -10.50000000000000000, 0.000000000000000000, 16.00000000000000000 ) ) ;
#4144 = CIRCLE ( 'NONE', #5616, 8.000000000000000000 ) ;
#4145 = CARTESIAN_POINT ( 'NONE',  ( 2.500000000000000000, 3.061616997868383141E-16, 68.00000000000000000 ) ) ;
#4146 = PERSON_AND_ORGANIZATION ( #12991, #11636 ) ;
#4147 = EDGE_CURVE ( 'NONE', #10329, #9532, #7034, .T. ) ;
#4148 = CC_DESIGN_PERSON_AND_ORGANIZATION_ASSIGNMENT ( #3375, #2375, ( #4400 ) ) ;
#4149 = DIRECTION ( 'NONE',  ( -0.000000000000000000, 1.000000000000000000, 0.000000000000000000 ) ) ;
#4150 = LINE ( 'NONE', #12365, #8761 ) ;
#4151 = APPROVAL_ROLE ( '' ) ;
#4152 = CARTESIAN_POINT ( 'NONE',  ( 35.00000000000000000, -70.00000000000000000, 0.000000000000000000 ) ) ;
#4153 = EDGE_LOOP ( 'NONE', ( #11101, #5811 ) ) ;
#4154 = DATE_AND_TIME ( #9171, #12815 ) ;
#4155 = AXIS2_PLACEMENT_3D ( 'NONE', #666, #8885, #6616 ) ;
#4156 = ORIENTED_EDGE ( 'NONE', *, *, #10654, .T. ) ;
#4157 = APPROVAL_PERSON_ORGANIZATION ( #232, #11018, #4241 ) ;
#4158 = CARTESIAN_POINT ( 'NONE',  ( 8.000000000000000000, 9.797174393178825657E-16, 5.000000000000000000 ) ) ;
#4159 = DIRECTION ( 'NONE',  ( -0.000000000000000000, -0.000000000000000000, 1.000000000000000000 ) ) ;
#4160 = VERTEX_POINT ( 'NONE', #12851 ) ;
#4161 = FACE_OUTER_BOUND ( 'NONE', #4684, .T. ) ;
#4162 = DIRECTION ( 'NONE',  ( -0.000000000000000000, -0.000000000000000000, 1.000000000000000000 ) ) ;
#4163 = LINE ( 'NONE', #1131, #8435 ) ;
#4164 = ADVANCED_FACE ( 'NONE', ( #7789 ), #5989, .F. ) ;
#4165 = CC_DESIGN_APPROVAL ( #4580, ( #9323 ) ) ;
#4166 = DATE_TIME_ROLE ( 'classification_date' ) ;
#4167 = FACE_OUTER_BOUND ( 'NONE', #12663, .T. ) ;
#4168 = PLANE ( 'NONE',  #634 ) ;
#4169 = ORIENTED_EDGE ( 'NONE', *, *, #6318, .T. ) ;
#4170 = CARTESIAN_POINT ( 'NONE',  ( 24.30000000000000071, 0.000000000000000000, 0.000000000000000000 ) ) ;
#4171 = ORIENTED_EDGE ( 'NONE', *, *, #4110, .F. ) ;
#4172 = CARTESIAN_POINT ( 'NONE',  ( 29.51547649045613753, 56.14146106821038273, -0.000000000000000000 ) ) ;
#4173 = ORIENTED_EDGE ( 'NONE', *, *, #5877, .T. ) ;
#4174 = CARTESIAN_POINT ( 'NONE',  ( 31.00000000000000000, 57.00000000000000000, 5.000000000000000000 ) ) ;
#4175 = CARTESIAN_POINT ( 'NONE',  ( -11.93695299064316551, 7.315065345002939701, 10.25716427385520113 ) ) ;
#4176 = VERTEX_POINT ( 'NONE', #1807 ) ;
#4177 = ORIENTED_EDGE ( 'NONE', *, *, #3819, .F. ) ;
#4178 = CC_DESIGN_APPROVAL ( #6149, ( #419 ) ) ;
#4179 = CARTESIAN_POINT ( 'NONE',  ( 0.000000000000000000, -1.300000000000000044, 16.00000000000000000 ) ) ;
#4180 = AXIS2_PLACEMENT_3D ( 'NONE', #9492, #4477, #7476 ) ;
#4181 = CARTESIAN_POINT ( 'NONE',  ( 0.000000000000000000, 0.000000000000000000, 0.000000000000000000 ) ) ;
#4182 = CALENDAR_DATE ( 2026, 21, 9 ) ;
#4183 = PERSON_AND_ORGANIZATION_ROLE ( 'classification_officer' ) ;
#4184 = CARTESIAN_POINT ( 'NONE',  ( 9.361280813272388812, 10.41041303537513585, 9.044422475208895307 ) ) ;
#4185 = AXIS2_PLACEMENT_3D ( 'NONE', #12981, #10050, #2139 ) ;
#4186 = VECTOR ( 'NONE', #11021, 1000.000000000000000 ) ;
#4187 = DIRECTION ( 'NONE',  ( 1.000000000000000000, -0.000000000000000000, 0.000000000000000000 ) ) ;
#4188 = ORIENTED_EDGE ( 'NONE', *, *, #6863, .T. ) ;
#4189 = ORIENTED_EDGE ( 'NONE', *, *, #6933, .T. ) ;
#4190 =( LENGTH_UNIT ( ) NAMED_UNIT ( * ) SI_UNIT ( .MILLI., .METRE. ) );
#4191 = VERTEX_POINT ( 'NONE', #10985 ) ;
#4192 = VERTEX_POINT ( 'NONE', #5806 ) ;
#4193 = EDGE_CURVE ( 'NONE', #9880, #10075, #947, .T. ) ;
#4194 = VECTOR ( 'NONE', #1534, 1000.000000000000000 ) ;
#4195 = CARTESIAN_POINT ( 'NONE',  ( 255.8000000000000398, 0.000000000000000000, 149.0000000000000000 ) ) ;
#4196 =( REPRESENTATION_RELATIONSHIP ('NONE','NONE', #6877, #2803 ) REPRESENTATION_RELATIONSHIP_WITH_TRANSFORMATION ( #12273 )SHAPE_REPRESENTATION_RELATIONSHIP( ) );
#4197 = VECTOR ( 'NONE', #11442, 1000.000000000000000 ) ;
#4198 = SHAPE_REPRESENTATION ( 'V3_REF_chassis_255p8x149', ( #1284 ), #9509 ) ;
#4199 = FACE_BOUND ( 'NONE', #9285, .T. ) ;
#4200 = PLANE ( 'NONE',  #5662 ) ;
#4201 = DIRECTION ( 'NONE',  ( 1.000000000000000000, 0.000000000000000000, 0.000000000000000000 ) ) ;
#4202 = COORDINATED_UNIVERSAL_TIME_OFFSET ( 5, 0, .BEHIND. ) ;
#4203 = CARTESIAN_POINT ( 'NONE',  ( -10.72380529476374100, 9.000000000000252243, 10.20000000000124984 ) ) ;
#4204 = AXIS2_PLACEMENT_3D ( 'NONE', #7840, #5867, #11973 ) ;
#4205 = EDGE_LOOP ( 'NONE', ( #10188, #6384, #8076, #9338 ) ) ;
#4206 = AXIS2_PLACEMENT_3D ( 'NONE', #5812, #3842, #4899 ) ;
#4207 = CARTESIAN_POINT ( 'NONE',  ( 31.00000000000000000, 66.00000000000000000, -1.200000000000000030E-05 ) ) ;
#4208 = LINE ( 'NONE', #8361, #10675 ) ;
#4209 = AXIS2_PLACEMENT_3D ( 'NONE', #9524, #8462, #3457 ) ;
#4210 = ORIENTED_EDGE ( 'NONE', *, *, #10667, .T. ) ;
#4211 = CARTESIAN_POINT ( 'NONE',  ( 35.00000000000000000, 110.0000000000000000, 26.00000000000000000 ) ) ;
#4212 = CARTESIAN_POINT ( 'NONE',  ( -12.00000000000000000, 7.000000000000000000, 5.000000000000000000 ) ) ;
#4213 = ORIENTED_EDGE ( 'NONE', *, *, #3547, .F. ) ;
#4214 = VECTOR ( 'NONE', #3647, 1000.000000000000000 ) ;
#4215 = EDGE_CURVE ( 'NONE', #11471, #4176, #12689, .T. ) ;
#4216 = APPROVAL_DATE_TIME ( #7079, #8916 ) ;
#4217 = CARTESIAN_POINT ( 'NONE',  ( -19.55741526174906397, 12.34333309900511466, 0.000000000000000000 ) ) ;
#4218 = FACE_OUTER_BOUND ( 'NONE', #5224, .T. ) ;
#4219 = DATE_AND_TIME ( #12565, #9229 ) ;
#4220 = DIRECTION ( 'NONE',  ( 0.000000000000000000, 0.000000000000000000, 1.000000000000000000 ) ) ;
#4221 = PERSON_AND_ORGANIZATION ( #12991, #11636 ) ;
#4222 = VECTOR ( 'NONE', #7329, 1000.000000000000000 ) ;
#4223 = AXIS2_PLACEMENT_3D ( 'NONE', #1076, #5023, #7244 ) ;
#4224 = FACE_OUTER_BOUND ( 'NONE', #12683, .T. ) ;
#4225 = CARTESIAN_POINT ( 'NONE',  ( 0.000000000000000000, 0.000000000000000000, 4.000000000000000000 ) ) ;
#4226 = FACE_OUTER_BOUND ( 'NONE', #3391, .T. ) ;
#4227 = ADVANCED_FACE ( 'NONE', ( #828, #8866, #4954 ), #5017, .F. ) ;
#4228 = DIRECTION ( 'NONE',  ( 1.000000000000000000, 0.000000000000000000, 0.000000000000000000 ) ) ;
#4229 = CARTESIAN_POINT ( 'NONE',  ( 6.000000000000000000, -9.000000000000000000, -1.200000000000000030E-05 ) ) ;
#4230 = CARTESIAN_POINT ( 'NONE',  ( -12.00000000000000000, -7.000000000000000000, 5.000000000000000000 ) ) ;
#4231 = ORIENTED_EDGE ( 'NONE', *, *, #1619, .T. ) ;
#4232 = ADVANCED_FACE ( 'NONE', ( #11306 ), #6182, .F. ) ;
#4233 = ORIENTED_EDGE ( 'NONE', *, *, #9996, .F. ) ;
#4234 = EDGE_CURVE ( 'NONE', #5100, #10271, #8395, .T. ) ;
#4235 = CARTESIAN_POINT ( 'NONE',  ( 31.60000000000000142, -1.200000000000000030E-05, 5.590597372058685011 ) ) ;
#4236 = ORIENTED_EDGE ( 'NONE', *, *, #11165, .T. ) ;
#4237 = PLANE ( 'NONE',  #2712 ) ;
#4238 = CARTESIAN_POINT ( 'NONE',  ( 8.099999999999999645, 70.00000000000000000, 5.200000000000000178 ) ) ;
#4239 = CARTESIAN_POINT ( 'NONE',  ( 32.48452350954332957, 57.85853893179090335, -0.000000000000000000 ) ) ;
#4240 = APPROVAL_PERSON_ORGANIZATION ( #10433, #4655, #1383 ) ;
#4241 = APPROVAL_ROLE ( '' ) ;
#4242 = CARTESIAN_POINT ( 'NONE',  ( -15.70000000000000284, 70.00000000000000000, 8.000000000000000000 ) ) ;
#4243 = FACE_BOUND ( 'NONE', #1032, .T. ) ;
#4244 = ORIENTED_EDGE ( 'NONE', *, *, #11818, .F. ) ;
#4245 = CARTESIAN_POINT ( 'NONE',  ( 186.0000000000000000, 0.000000000000000000, 0.000000000000000000 ) ) ;
#4246 = B_SPLINE_CURVE_WITH_KNOTS ( 'NONE', 3,
 ( #4128, #8144, #12288, #3208, #7206, #1241, #5256, #2361, #8558, #2562, #6361, #11616, #2618, #6548, #7350, #4479, #5576, #4536 ),
 .UNSPECIFIED., .F., .F.,
 ( 4, 2, 2, 2, 2, 2, 2, 2, 4 ),
 ( 0.000000000000000000, 0.06250000000000000000, 0.1250000000000000000, 0.1875000000000000000, 0.2500000000000000000, 0.3125000000000000000, 0.3750000000000000000, 0.4375000000000000000, 0.5000000000000000000 ),
 .UNSPECIFIED. ) ;
#4247 = PRODUCT_DEFINITION_SHAPE ( 'NONE', 'NONE',  #13084 ) ;
#4248 = EDGE_LOOP ( 'NONE', ( #12842, #3638, #3403, #6422 ) ) ;
#4249 = CARTESIAN_POINT ( 'NONE',  ( 31.44258473825039957, 55.34333309900496545, 0.000000000000000000 ) ) ;
#4250 = DIRECTION ( 'NONE',  ( 0.000000000000000000, 1.000000000000000000, 0.000000000000000000 ) ) ;
#4251 = CC_DESIGN_DATE_AND_TIME_ASSIGNMENT ( #1768, #663, ( #2863 ) ) ;
#4252 = LOCAL_TIME ( 12, 23, 36.00000000000000000, #10162 ) ;
#4253 = ORIENTED_EDGE ( 'NONE', *, *, #5147, .T. ) ;
#4254 = APPROVAL ( #7805, 'æœª' ) ;
#4255 = VERTEX_POINT ( 'NONE', #4242 ) ;
#4256 = CARTESIAN_POINT ( 'NONE',  ( 14.00000000000000000, 0.000000000000000000, 16.00000000000000000 ) ) ;
#4257 = CARTESIAN_POINT ( 'NONE',  ( -12.80000000000000071, 2.000000000000000000, 3.000000000000000000 ) ) ;
#4258 = DIRECTION ( 'NONE',  ( 1.000000000000000000, 0.000000000000000000, 0.000000000000000000 ) ) ;
#4259 = DATE_AND_TIME ( #9276, #12197 ) ;
#4260 = ITEM_DEFINED_TRANSFORMATION ( 'NONE', 'NONE', #6109,  #1284 ) ;
#4261 = LINE ( 'NONE', #379, #10692 ) ;
#4262 = SECURITY_CLASSIFICATION ( '', '', #6882 ) ;
#4263 = COORDINATED_UNIVERSAL_TIME_OFFSET ( 5, 0, .BEHIND. ) ;
#4264 = DIRECTION ( 'NONE',  ( 1.000000000000000000, 0.000000000000000000, 0.000000000000000000 ) ) ;
#4265 = CARTESIAN_POINT ( 'NONE',  ( 19.77491600511334013, 0.000000000000000000, 10.29993048876420936 ) ) ;
#4266 = VERTEX_POINT ( 'NONE', #8251 ) ;
#4267 = ORIENTED_EDGE ( 'NONE', *, *, #4234, .T. ) ;
#4268 = SHAPE_REPRESENTATION_RELATIONSHIP ( 'NONE' , 'NONE' ,  #2803, #3767 ) ;
#4269 = EDGE_LOOP ( 'NONE', ( #955, #6947 ) ) ;
#4270 = EDGE_CURVE ( 'NONE', #7818, #7940, #12318, .T. ) ;
#4271 = ORIENTED_EDGE ( 'NONE', *, *, #494, .F. ) ;
#4272 = CARTESIAN_POINT ( 'NONE',  ( 11.03830473322971528, 8.614725053397682686, 6.831724570723054946 ) ) ;
#4273 = DIRECTION ( 'NONE',  ( 0.000000000000000000, 0.000000000000000000, -1.000000000000000000 ) ) ;
#4274 = LINE ( 'NONE', #12346, #1024 ) ;
#4275 = DATE_AND_TIME ( #7278, #1945 ) ;
#4276 = PLANE ( 'NONE',  #3788 ) ;
#4277 = CARTESIAN_POINT ( 'NONE',  ( -10.37336209607597404, 9.405379716584157279, 6.836676472900883539 ) ) ;
#4278 = ADVANCED_FACE ( 'NONE', ( #4378, #6252, #4167 ), #10181, .F. ) ;
#4279 = ORIENTED_EDGE ( 'NONE', *, *, #10807, .T. ) ;
#4280 = CARTESIAN_POINT ( 'NONE',  ( 0.000000000000000000, 40.00000000000000000, 40.00000000000000000 ) ) ;
#4281 = CARTESIAN_POINT ( 'NONE',  ( -24.30000000000000071, 45.00000000000000000, -1.200000000000000030E-05 ) ) ;
#4282 = ORIENTED_EDGE ( 'NONE', *, *, #6203, .T. ) ;
#4283 = ORIENTED_EDGE ( 'NONE', *, *, #7099, .F. ) ;
#4284 = APPLICATION_PROTOCOL_DEFINITION ( 'international standard', 'config_control_design', 1994, #8315 ) ;
#4285 = DIRECTION ( 'NONE',  ( 1.000000000000000000, 0.000000000000000000, 0.000000000000000000 ) ) ;
#4286 = PLANE ( 'NONE',  #6846 ) ;
#4287 = CARTESIAN_POINT ( 'NONE',  ( -9.000000000000000000, -1.200000000000000030E-05, 4.000000000000000000 ) ) ;
#4288 = PERSON_AND_ORGANIZATION_ROLE ( 'design_owner' ) ;
#4289 = CARTESIAN_POINT ( 'NONE',  ( 15.69999999999999929, 70.00000000000000000, -1.200000000000000030E-05 ) ) ;
#4290 = FACE_OUTER_BOUND ( 'NONE', #5925, .T. ) ;
#4291 = CARTESIAN_POINT ( 'NONE',  ( 0.000000000000000000, 0.000000000000000000, 4.000000000000000000 ) ) ;
#4292 = CARTESIAN_POINT ( 'NONE',  ( -5.500000000000000000, 0.000000000000000000, 26.00000000000000000 ) ) ;
#4293 = EDGE_CURVE ( 'NONE', #10075, #2840, #4435, .T. ) ;
#4294 = LINE ( 'NONE', #8305, #1801 ) ;
#4295 = LINE ( 'NONE', #215, #9894 ) ;
#4296 = ORIENTED_EDGE ( 'NONE', *, *, #9634, .T. ) ;
#4297 = CARTESIAN_POINT ( 'NONE',  ( 0.000000000000000000, 59.50000000000000000, 0.000000000000000000 ) ) ;
#4298 = ORIENTED_EDGE ( 'NONE', *, *, #7320, .T. ) ;
#4299 = CYLINDRICAL_SURFACE ( 'NONE', #6010, 1.700000000000000178 ) ;
#4300 = ORIENTED_EDGE ( 'NONE', *, *, #590, .T. ) ;
#4301 = CARTESIAN_POINT ( 'NONE',  ( -30.50000000000000000, -10.00000000000000000, 0.000000000000000000 ) ) ;
#4302 = CARTESIAN_POINT ( 'NONE',  ( -13.14146106821471349, 68.51547649045403432, -0.000000000000000000 ) ) ;
#4303 = CARTESIAN_POINT ( 'NONE',  ( 2.600000000000000089, 0.000000000000000000, -6.000000000000000152E-06 ) ) ;
#4304 = CONTEXT_DEPENDENT_SHAPE_REPRESENTATION ( #9354, #12052 ) ;
#4305 = CARTESIAN_POINT ( 'NONE',  ( 134.5154764904533806, -0.8585389317906795270, -0.000000000000000000 ) ) ;
#4306 = EDGE_CURVE ( 'NONE', #5167, #5248, #153, .T. ) ;
#4307 = ADVANCED_FACE ( 'NONE', ( #12175 ), #10318, .F. ) ;
#4308 = CARTESIAN_POINT ( 'NONE',  ( -20.00000000000000000, -12.00000000000000000, 0.000000000000000000 ) ) ;
#4309 = VERTEX_POINT ( 'NONE', #3177 ) ;
#4310 = CARTESIAN_POINT ( 'NONE',  ( 24.30000000000000071, 45.00000000000000000, -1.200000000000000030E-05 ) ) ;
#4311 = VERTEX_POINT ( 'NONE', #9116 ) ;
#4312 = PLANE ( 'NONE',  #7899 ) ;
#4313 = APPROVAL_ROLE ( '' ) ;
#4314 = ORIENTED_EDGE ( 'NONE', *, *, #1514, .T. ) ;
#4315 = DIRECTION ( 'NONE',  ( 0.000000000000000000, 1.000000000000000000, 0.000000000000000000 ) ) ;
#4316 = VERTEX_POINT ( 'NONE', #9388 ) ;
#4317 = EDGE_LOOP ( 'NONE', ( #3140, #12763 ) ) ;
#4318 = CARTESIAN_POINT ( 'NONE',  ( 31.44258473824912414, 0.000000000000000000, 5.656666900995568348 ) ) ;
#4319 = CARTESIAN_POINT ( 'NONE',  ( 0.000000000000000000, 0.000000000000000000, 58.00000000000000000 ) ) ;
#4320 = PRODUCT_DEFINITION_SHAPE ( 'NONE', 'NONE',  #13081 ) ;
#4321 = CARTESIAN_POINT ( 'NONE',  ( 5.799999999999999822, 7.102951435054647665E-16, 2.000000000000000000 ) ) ;
#4322 = B_SPLINE_CURVE_WITH_KNOTS ( 'NONE', 3,
 ( #7881, #5732, #12895, #2829, #986, #6812, #873, #9032, #1783, #3816, #8021, #10776, #5850, #10888, #1850, #6881, #8899, #12955 ),
 .UNSPECIFIED., .F., .F.,
 ( 4, 2, 2, 2, 2, 2, 2, 2, 4 ),
 ( 0.5000000000000000000, 0.5625000000000001110, 0.6250000000000002220, 0.6875000000000003331, 0.7500000000000002220, 0.8125000000000002220, 0.8750000000000001110, 0.9375000000000000000, 1.000000000000000000 ),
 .UNSPECIFIED. ) ;
#4323 = APPROVAL_STATUS ( 'not_yet_approved' ) ;
#4324 = CARTESIAN_POINT ( 'NONE',  ( -11.59999999999999964, 72.50000000000000000, -1.200000000000000030E-05 ) ) ;
#4325 = CC_DESIGN_PERSON_AND_ORGANIZATION_ASSIGNMENT ( #9244, #11590, ( #5406 ) ) ;
#4326 = CC_DESIGN_DATE_AND_TIME_ASSIGNMENT ( #1774, #610, ( #7374 ) ) ;
#4327 = DIRECTION ( 'NONE',  ( -0.000000000000000000, -0.000000000000000000, -1.000000000000000000 ) ) ;
#4328 = CARTESIAN_POINT ( 'NONE',  ( 19.77438419509190837, -0.000000000000000000, 13.70000000000000284 ) ) ;
#4329 = VERTEX_POINT ( 'NONE', #7174 ) ;
#4330 = VERTEX_POINT ( 'NONE', #2131 ) ;
#4331 =( NAMED_UNIT ( * ) SI_UNIT ( $, .STERADIAN. ) SOLID_ANGLE_UNIT ( ) );
#4332 = AXIS2_PLACEMENT_3D ( 'NONE', #5912, #9957, #8490 ) ;
#4333 = EDGE_CURVE ( 'NONE', #802, #6076, #233, .T. ) ;
#4334 = ORIENTED_EDGE ( 'NONE', *, *, #8514, .T. ) ;
#4335 = ORIENTED_EDGE ( 'NONE', *, *, #4846, .T. ) ;
#4336 = CARTESIAN_POINT ( 'NONE',  ( 20.85848573019215024, -12.51560493047243128, 0.000000000000000000 ) ) ;
#4337 = DIRECTION ( 'NONE',  ( -0.000000000000000000, -0.000000000000000000, -1.000000000000000000 ) ) ;
#4338 = DIRECTION ( 'NONE',  ( -1.000000000000000000, -0.000000000000000000, -0.000000000000000000 ) ) ;
#4339 = VECTOR ( 'NONE', #6889, 1000.000000000000000 ) ;
#4340 = APPROVAL_STATUS ( 'not_yet_approved' ) ;
#4341 = EDGE_CURVE ( 'NONE', #5672, #4255, #2334, .T. ) ;
#4342 = CARTESIAN_POINT ( 'NONE',  ( -35.00000000000000000, -70.00000000000000000, 5.000000000000000000 ) ) ;
#4343 = ORIENTED_EDGE ( 'NONE', *, *, #11735, .F. ) ;
#4344 = PLANE ( 'NONE',  #8112 ) ;
#4345 = ORIENTED_EDGE ( 'NONE', *, *, #3517, .F. ) ;
#4346 = PERSON_AND_ORGANIZATION ( #12991, #11636 ) ;
#4347 = VERTEX_POINT ( 'NONE', #7240 ) ;
#4348 = CIRCLE ( 'NONE', #777, 2.000000000000000000 ) ;
#4349 = APPROVAL_ROLE ( '' ) ;
#4350 = LINE ( 'NONE', #1454, #12652 ) ;
#4351 = CARTESIAN_POINT ( 'NONE',  ( 20.85848573019215024, 15.48439506952757050, 0.000000000000000000 ) ) ;
#4352 = ADVANCED_FACE ( 'NONE', ( #7387 ), #1203, .F. ) ;
#4353 = CARTESIAN_POINT ( 'NONE',  ( 29.63871090099800654, -0.000000000000000000, 11.95702773923367168 ) ) ;
#4354 = APPROVAL_DATE_TIME ( #8084, #4580 ) ;
#4355 = DIRECTION ( 'NONE',  ( 0.000000000000000000, 0.000000000000000000, 1.000000000000000000 ) ) ;
#4356 = CARTESIAN_POINT ( 'NONE',  ( -20.44258473825104261, -0.000000000000000000, 10.34333309900522124 ) ) ;
#4357 = DIRECTION ( 'NONE',  ( -1.000000000000000000, 0.000000000000000000, 0.000000000000000000 ) ) ;
#4358 = PERSON_AND_ORGANIZATION_ROLE ( 'design_supplier' ) ;
#4359 = DIRECTION ( 'NONE',  ( 0.000000000000000000, 0.000000000000000000, -1.000000000000000000 ) ) ;
#4360 = AXIS2_PLACEMENT_3D ( 'NONE', #1414, #7393, #10652 ) ;
#4361 = AXIS2_PLACEMENT_3D ( 'NONE', #12007, #12817, #11743 ) ;
#4362 = SECURITY_CLASSIFICATION ( '', '', #9105 ) ;
#4363 = CARTESIAN_POINT ( 'NONE',  ( -10.01759284330493927, 9.783426788352441505, 11.52219807014628472 ) ) ;
#4364 = PERSON_AND_ORGANIZATION ( #1008, #4770 ) ;
#4365 = CARTESIAN_POINT ( 'NONE',  ( 30.00000000000000000, 3.673940397442059178E-15, 0.000000000000000000 ) ) ;
#4366 = VERTEX_POINT ( 'NONE', #2394 ) ;
#4367 = ORIENTED_EDGE ( 'NONE', *, *, #7519, .T. ) ;
#4368 = DESIGN_CONTEXT ( 'detailed design', #7631, 'design' ) ;
#4369 = VERTEX_POINT ( 'NONE', #5292 ) ;
#4370 = CARTESIAN_POINT ( 'NONE',  ( -21.69999999999999929, -14.00000000000000000, -6.000000000000000152E-06 ) ) ;
#4371 = ORIENTED_EDGE ( 'NONE', *, *, #10094, .F. ) ;
#4372 = CIRCLE ( 'NONE', #11548, 5.799999999999999822 ) ;
#4373 = EDGE_CURVE ( 'NONE', #10199, #651, #6909, .T. ) ;
#4374 = CARTESIAN_POINT ( 'NONE',  ( 4.299999999999999822, -9.000000000000000000, -6.000000000000000152E-06 ) ) ;
#4375 = LOCAL_TIME ( 12, 23, 36.00000000000000000, #12333 ) ;
#4376 = DIRECTION ( 'NONE',  ( 0.000000000000000000, 0.000000000000000000, 1.000000000000000000 ) ) ;
#4377 = CARTESIAN_POINT ( 'NONE',  ( 30.00000000000000000, 3.673940397442059178E-15, 28.00000000000000000 ) ) ;
#4378 = FACE_BOUND ( 'NONE', #2723, .T. ) ;
#4379 = DIRECTION ( 'NONE',  ( 0.000000000000000000, 0.000000000000000000, -1.000000000000000000 ) ) ;
#4380 = CIRCLE ( 'NONE', #4783, 2.500000000000000000 ) ;
#4381 = EDGE_LOOP ( 'NONE', ( #6727, #3320, #10122, #7877 ) ) ;
#4382 = CARTESIAN_POINT ( 'NONE',  ( -9.000000000000000000, -6.000000000000000152E-06, 5.700000000000000178 ) ) ;
#4383 = DIRECTION ( 'NONE',  ( 0.000000000000000000, 1.000000000000000000, 0.000000000000000000 ) ) ;
#4384 = ORIENTED_EDGE ( 'NONE', *, *, #674, .T. ) ;
#4385 = DIRECTION ( 'NONE',  ( 0.000000000000000000, 0.000000000000000000, 1.000000000000000000 ) ) ;
#4386 = ORIENTED_EDGE ( 'NONE', *, *, #7787, .T. ) ;
#4387 = ORIENTED_EDGE ( 'NONE', *, *, #12235, .F. ) ;
#4388 = EDGE_LOOP ( 'NONE', ( #12692, #1079, #11912, #8146 ) ) ;
#4389 = EDGE_CURVE ( 'NONE', #8867, #5295, #6711, .T. ) ;
#4390 = DIRECTION ( 'NONE',  ( 0.000000000000000000, 0.000000000000000000, 1.000000000000000000 ) ) ;
#4391 = EDGE_CURVE ( 'NONE', #5966, #2802, #12524, .T. ) ;
#4392 = PLANE ( 'NONE',  #7326 ) ;
#4393 = DIRECTION ( 'NONE',  ( -0.000000000000000000, -0.000000000000000000, -1.000000000000000000 ) ) ;
#4394 = APPROVAL_ROLE ( '' ) ;
#4395 = CARTESIAN_POINT ( 'NONE',  ( 9.511064628574491309, 10.27374944521859668, 8.868648734014357160 ) ) ;
#4396 = EDGE_CURVE ( 'NONE', #1242, #7797, #10556, .T. ) ;
#4397 = LINE ( 'NONE', #9483, #8955 ) ;
#4398 = CLOSED_SHELL ( 'NONE', ( #3980, #6128, #3761, #7144, #5660, #3725 ) ) ;
#4399 = ORIENTED_EDGE ( 'NONE', *, *, #9352, .F. ) ;
#4400 = SECURITY_CLASSIFICATION ( '', '', #278 ) ;
#4401 = VERTEX_POINT ( 'NONE', #7704 ) ;
#4402 = EDGE_LOOP ( 'NONE', ( #309, #3311, #9685, #6631 ) ) ;
#4403 = ORIENTED_EDGE ( 'NONE', *, *, #5887, .T. ) ;
#4404 = EDGE_CURVE ( 'NONE', #5704, #5672, #435, .T. ) ;
#4405 = EDGE_CURVE ( 'NONE', #6735, #4316, #11645, .T. ) ;
#4406 = CIRCLE ( 'NONE', #183, 1.700000000000000178 ) ;
#4407 = CARTESIAN_POINT ( 'NONE',  ( -7.299999999999998934, 66.00000000000000000, -6.000000000000000152E-06 ) ) ;
#4408 = VECTOR ( 'NONE', #11187, 1000.000000000000000 ) ;
#4409 = CARTESIAN_POINT ( 'NONE',  ( -11.59999999999999964, 72.50000000000001421, -8.271806125530276749E-22 ) ) ;
#4410 = LOCAL_TIME ( 12, 23, 36.00000000000000000, #8728 ) ;
#4411 = DIRECTION ( 'NONE',  ( 1.000000000000000000, -0.000000000000000000, -0.000000000000000000 ) ) ;
#4412 = COORDINATED_UNIVERSAL_TIME_OFFSET ( 5, 0, .BEHIND. ) ;
#4413 = DIRECTION ( 'NONE',  ( -0.000000000000000000, -0.000000000000000000, 1.000000000000000000 ) ) ;
#4414 = VECTOR ( 'NONE', #7867, 1000.000000000000000 ) ;
#4415 = ORIENTED_EDGE ( 'NONE', *, *, #8967, .F. ) ;
#4416 = DIRECTION ( 'NONE',  ( 0.000000000000000000, 0.000000000000000000, 1.000000000000000000 ) ) ;
#4417 = PERSON_AND_ORGANIZATION ( #12991, #11636 ) ;
#4418 = AXIS2_PLACEMENT_3D ( 'NONE', #11831, #8717, #9015 ) ;
#4419 = ORIENTED_EDGE ( 'NONE', *, *, #8679, .T. ) ;
#4420 = AXIS2_PLACEMENT_3D ( 'NONE', #4897, #83, #5875 ) ;
#4421 = CC_DESIGN_DATE_AND_TIME_ASSIGNMENT ( #6224, #11553, ( #7328 ) ) ;
#4422 = MECHANICAL_CONTEXT ( 'NONE', #8315, 'mechanical' ) ;
#4423 = CARTESIAN_POINT ( 'NONE',  ( 32.70000000000000284, 66.00000000000000000, -1.200000000000000030E-05 ) ) ;
#4424 = CARTESIAN_POINT ( 'NONE',  ( 21.70000000000000284, 14.22525195654768737, 0.000000000000000000 ) ) ;
#4425 = CC_DESIGN_PERSON_AND_ORGANIZATION_ASSIGNMENT ( #12696, #3624, ( #12866 ) ) ;
#4426 = AXIS2_PLACEMENT_3D ( 'NONE', #4292, #3088, #2112 ) ;
#4427 = LINE ( 'NONE', #486, #1626 ) ;
#4428 = APPROVAL_STATUS ( 'not_yet_approved' ) ;
#4429 = CARTESIAN_POINT ( 'NONE',  ( 0.000000000000000000, 0.000000000000000000, 40.00000000000000000 ) ) ;
#4430 = DIRECTION ( 'NONE',  ( -0.000000000000000000, -0.000000000000000000, -1.000000000000000000 ) ) ;
#4431 = VECTOR ( 'NONE', #912, 1000.000000000000000 ) ;
#4432 = VECTOR ( 'NONE', #9221, 1000.000000000000000 ) ;
#4433 = DIRECTION ( 'NONE',  ( 1.000000000000000000, 0.000000000000000000, 0.000000000000000000 ) ) ;
#4434 = CARTESIAN_POINT ( 'NONE',  ( 32.36119079527698972, 67.04287395702655772, 0.000000000000000000 ) ) ;
#4435 = CIRCLE ( 'NONE', #857, 2.000000000000001776 ) ;
#4436 = CARTESIAN_POINT ( 'NONE',  ( -24.30000000000000071, -45.00000000000000000, -1.200000000000000030E-05 ) ) ;
#4437 = ORIENTED_EDGE ( 'NONE', *, *, #12779, .T. ) ;
#4438 = VECTOR ( 'NONE', #5744, 1000.000000000000000 ) ;
#4439 = PRODUCT_DEFINITION_SHAPE ( 'NONE', 'NONE',  #10051 ) ;
#4440 = VERTEX_POINT ( 'NONE', #10522 ) ;
#4441 = AXIS2_PLACEMENT_3D ( 'NONE', #12323, #2264, #8108 ) ;
#4442 = DIRECTION ( 'NONE',  ( -1.000000000000000000, 0.000000000000000000, -0.000000000000000000 ) ) ;
#4443 = CARTESIAN_POINT ( 'NONE',  ( 9.511064628574489532, 10.27374944521859312, 7.368648734014357160 ) ) ;
#4444 = DIRECTION ( 'NONE',  ( 0.000000000000000000, 0.000000000000000000, 1.000000000000000000 ) ) ;
#4445 = FACE_OUTER_BOUND ( 'NONE', #7994, .T. ) ;
#4446 = CARTESIAN_POINT ( 'NONE',  ( -35.00000000000000000, -70.00000000000000000, 5.000000000000000000 ) ) ;
#4447 = VECTOR ( 'NONE', #4967, 1000.000000000000000 ) ;
#4448 = VECTOR ( 'NONE', #10398, 1000.000000000000000 ) ;
#4449 = FACE_OUTER_BOUND ( 'NONE', #8882, .T. ) ;
#4450 = EDGE_CURVE ( 'NONE', #9969, #10478, #4838, .T. ) ;
#4451 = CARTESIAN_POINT ( 'NONE',  ( 31.00000000000000000, -6.000000000000000152E-06, 5.700000000000000178 ) ) ;
#4452 = VERTEX_POINT ( 'NONE', #625 ) ;
#4453 = DIRECTION ( 'NONE',  ( 0.000000000000000000, 0.000000000000000000, 1.000000000000000000 ) ) ;
#4454 = EDGE_LOOP ( 'NONE', ( #2857, #9416, #7024, #4660 ) ) ;
#4455 = CARTESIAN_POINT ( 'NONE',  ( 15.69999999999999929, 2.081899558550498554E-16, 0.000000000000000000 ) ) ;
#4456 = EDGE_LOOP ( 'NONE', ( #10352, #12328, #4129, #8291 ) ) ;
#4457 = ORIENTED_EDGE ( 'NONE', *, *, #927, .F. ) ;
#4458 = CARTESIAN_POINT ( 'NONE',  ( -28.00000000000000000, 8.000000000000000000, 24.00000000000000000 ) ) ;
#4459 = AXIS2_PLACEMENT_3D ( 'NONE', #5658, #6621, #7496 ) ;
#4460 = DIRECTION ( 'NONE',  ( 0.000000000000000000, 0.000000000000000000, 1.000000000000000000 ) ) ;
#4461 = CYLINDRICAL_SURFACE ( 'NONE', #4626, 1.700000000000000178 ) ;
#4462 = COORDINATED_UNIVERSAL_TIME_OFFSET ( 5, 0, .BEHIND. ) ;
#4463 = CARTESIAN_POINT ( 'NONE',  ( 9.170132238024915949, 10.57899323120674140, 9.358776623762611990 ) ) ;
#4464 = DIRECTION ( 'NONE',  ( 0.000000000000000000, -1.000000000000000000, 0.000000000000000000 ) ) ;
#4465 = CARTESIAN_POINT ( 'NONE',  ( 0.5999999999999997558, 2.529822128134703085, 12.00000000000000000 ) ) ;
#4466 = ORIENTED_EDGE ( 'NONE', *, *, #957, .F. ) ;
#4467 = EDGE_CURVE ( 'NONE', #12557, #7163, #2591, .T. ) ;
#4468 = CARTESIAN_POINT ( 'NONE',  ( -6.858485730193795149, -10.48439506952756517, 0.000000000000000000 ) ) ;
#4469 = LOCAL_TIME ( 12, 23, 36.00000000000000000, #11277 ) ;
#4470 = EDGE_LOOP ( 'NONE', ( #2141, #35, #519, #1645 ) ) ;
#4471 = EDGE_LOOP ( 'NONE', ( #7779, #5496, #8857, #1318 ) ) ;
#4472 = VERTEX_POINT ( 'NONE', #4508 ) ;
#4473 = COORDINATED_UNIVERSAL_TIME_OFFSET ( 5, 0, .BEHIND. ) ;
#4474 = EDGE_CURVE ( 'NONE', #5599, #5084, #4568, .T. ) ;
#4475 = CARTESIAN_POINT ( 'NONE',  ( 18.51560493047243483, -13.14151426980710902, 0.000000000000000000 ) ) ;
#4476 = LOCAL_TIME ( 12, 23, 36.00000000000000000, #3006 ) ;
#4477 = DIRECTION ( 'NONE',  ( 1.000000000000000000, 0.000000000000000000, 0.000000000000000000 ) ) ;
#4478 = APPROVAL_ROLE ( '' ) ;
#4479 = CARTESIAN_POINT ( 'NONE',  ( -7.656795341010621314, -8.557362060151586292, -0.000000000000000000 ) ) ;
#4480 = EDGE_LOOP ( 'NONE', ( #769, #3593 ) ) ;
#4481 = EDGE_CURVE ( 'NONE', #12392, #3322, #3585, .T. ) ;
#4482 = EDGE_CURVE ( 'NONE', #9604, #13002, #229, .T. ) ;
#4483 = DIRECTION ( 'NONE',  ( -1.000000000000000000, -0.000000000000000000, -0.000000000000000000 ) ) ;
#4484 = EDGE_LOOP ( 'NONE', ( #7804, #12519, #5997, #6751 ) ) ;
#4485 = DIRECTION ( 'NONE',  ( 0.000000000000000000, 0.000000000000000000, 1.000000000000000000 ) ) ;
#4486 = CARTESIAN_POINT ( 'NONE',  ( 0.000000000000000000, 0.000000000000000000, 0.000000000000000000 ) ) ;
#4487 = PRODUCT_DEFINITION_FORMATION_WITH_SPECIFIED_SOURCE ( 'ä»', '', #10100, .NOT_KNOWN. ) ;
#4488 = ORIENTED_EDGE ( 'NONE', *, *, #8805, .T. ) ;
#4489 = PERSON_AND_ORGANIZATION ( #12991, #11636 ) ;
#4490 = DIRECTION ( 'NONE',  ( -0.000000000000000000, -0.000000000000000000, -1.000000000000000000 ) ) ;
#4491 = PLANE ( 'NONE',  #7071 ) ;
#4492 = APPROVAL_ROLE ( '' ) ;
#4493 = LINE ( 'NONE', #5588, #2463 ) ;
#4494 = DATE_AND_TIME ( #12702, #3948 ) ;
#4495 = DIRECTION ( 'NONE',  ( 0.000000000000000000, 0.000000000000000000, 1.000000000000000000 ) ) ;
#4496 = CARTESIAN_POINT ( 'NONE',  ( 43.00000000000000000, 81.00000000000000000, 0.000000000000000000 ) ) ;
#4497 = CARTESIAN_POINT ( 'NONE',  ( -18.30000000000000071, -14.00000000000000000, -6.000000000000000152E-06 ) ) ;
#4498 = APPROVAL ( #1706, 'UNKNOWN' ) ;
#4499 = PRODUCT_RELATED_PRODUCT_CATEGORY ( 'detail', '', ( #4715 ) ) ;
#4500 = LINE ( 'NONE', #12575, #2451 ) ;
#4501 = FACE_OUTER_BOUND ( 'NONE', #10384, .T. ) ;
#4502 = ORIENTED_EDGE ( 'NONE', *, *, #7270, .F. ) ;
#4503 = DIRECTION ( 'NONE',  ( -1.000000000000000000, 0.000000000000000000, 0.000000000000000000 ) ) ;
#4504 = CARTESIAN_POINT ( 'NONE',  ( 9.590710974038342940, 10.19958241540039268, 7.290803639638933298 ) ) ;
#4505 = PERSON_AND_ORGANIZATION ( #12991, #11636 ) ;
#4506 = CARTESIAN_POINT ( 'NONE',  ( 20.00000000000000000, 14.00000000000000000, 5.000000000000000000 ) ) ;
#4507 = LINE ( 'NONE', #4377, #11397 ) ;
#4508 = CARTESIAN_POINT ( 'NONE',  ( -10.50000000000000000, -1.300000000000000044, 16.00000000000000000 ) ) ;
#4509 = EDGE_CURVE ( 'NONE', #447, #2841, #9605, .T. ) ;
#4510 = DIRECTION ( 'NONE',  ( -0.000000000000000000, 1.000000000000000000, 0.000000000000000000 ) ) ;
#4511 = CARTESIAN_POINT ( 'NONE',  ( 30.14146106821227278, -0.000000000000000000, 2.515476490455347935 ) ) ;
#4512 = VERTEX_POINT ( 'NONE', #8963 ) ;
#4513 = CARTESIAN_POINT ( 'NONE',  ( 35.60000000000000142, 72.50000000000001421, -8.271806125530276749E-22 ) ) ;
#4514 = ORIENTED_EDGE ( 'NONE', *, *, #6124, .T. ) ;
#4515 = CARTESIAN_POINT ( 'NONE',  ( 32.70000000000000284, 66.00000000000000000, -6.000000000000000152E-06 ) ) ;
#4516 = ORIENTED_EDGE ( 'NONE', *, *, #12460, .T. ) ;
#4517 = VERTEX_POINT ( 'NONE', #1982 ) ;
#4518 = CARTESIAN_POINT ( 'NONE',  ( 29.30000000000000071, 57.00000000000000000, -6.000000000000000152E-06 ) ) ;
#4519 = EDGE_CURVE ( 'NONE', #12053, #6823, #3584, .T. ) ;
#4520 = DIRECTION ( 'NONE',  ( 1.000000000000000000, -0.000000000000000000, 0.000000000000000000 ) ) ;
#4521 = CALENDAR_DATE ( 2026, 21, 9 ) ;
#4522 = DIRECTION ( 'NONE',  ( -0.000000000000000000, -0.000000000000000000, -1.000000000000000000 ) ) ;
#4523 = VECTOR ( 'NONE', #7434, 1000.000000000000000 ) ;
#4524 = DIRECTION ( 'NONE',  ( 0.000000000000000000, -0.000000000000000000, 1.000000000000000000 ) ) ;
#4525 = CARTESIAN_POINT ( 'NONE',  ( -8.774916005115880324, 55.29993048876347217, -0.000000000000000000 ) ) ;
#4526 = ORIENTED_EDGE ( 'NONE', *, *, #10267, .F. ) ;
#4527 = CARTESIAN_POINT ( 'NONE',  ( -16.00000000000000000, -6.000000000000000000, 18.00000000000000355 ) ) ;
#4528 = ORIENTED_EDGE ( 'NONE', *, *, #4702, .F. ) ;
#4529 = CARTESIAN_POINT ( 'NONE',  ( 0.000000000000000000, 0.000000000000000000, 0.000000000000000000 ) ) ;
#4530 = CARTESIAN_POINT ( 'NONE',  ( -19.00000000000000000, 9.000000000000000000, 10.00000000000000000 ) ) ;
#4531 = ORIENTED_EDGE ( 'NONE', *, *, #5220, .T. ) ;
#4532 = ORIENTED_EDGE ( 'NONE', *, *, #617, .T. ) ;
#4533 = APPROVAL_ROLE ( '' ) ;
#4534 = DIRECTION ( 'NONE',  ( 0.000000000000000000, 0.000000000000000000, 1.000000000000000000 ) ) ;
#4535 = ADVANCED_FACE ( 'NONE', ( #7886 ), #5789, .F. ) ;
#4536 = CARTESIAN_POINT ( 'NONE',  ( -7.700000000000000178, -9.000000000000000000, -6.000000000000000152E-06 ) ) ;
#4537 = ORIENTED_EDGE ( 'NONE', *, *, #8833, .F. ) ;
#4538 = EDGE_LOOP ( 'NONE', ( #11800, #3690 ) ) ;
#4539 = COORDINATED_UNIVERSAL_TIME_OFFSET ( 5, 0, .BEHIND. ) ;
#4540 = DIRECTION ( 'NONE',  ( 1.000000000000000000, 0.000000000000000000, -0.000000000000000000 ) ) ;
#4541 = DATE_AND_TIME ( #2757, #10303 ) ;
#4542 = ORIENTED_EDGE ( 'NONE', *, *, #36, .T. ) ;
#4543 = DATE_AND_TIME ( #12431, #1029 ) ;
#4544 = CARTESIAN_POINT ( 'NONE',  ( 183.0000000000000000, 3.000000000000000000, 3.000000000000002665 ) ) ;
#4545 = LINE ( 'NONE', #6370, #9856 ) ;
#4546 = AXIS2_PLACEMENT_3D ( 'NONE', #11131, #3134, #9004 ) ;
#4547 = CARTESIAN_POINT ( 'NONE',  ( -27.69999999999999929, 45.00000000000000000, 5.000000000000000000 ) ) ;
#4548 = EDGE_CURVE ( 'NONE', #1686, #7644, #4814, .T. ) ;
#4549 = COORDINATED_UNIVERSAL_TIME_OFFSET ( 5, 0, .BEHIND. ) ;
#4550 = EDGE_CURVE ( 'NONE', #8546, #5951, #8783, .T. ) ;
#4551 = DIRECTION ( 'NONE',  ( 0.000000000000000000, 0.000000000000000000, 1.000000000000000000 ) ) ;
#4552 = CARTESIAN_POINT ( 'NONE',  ( -9.858653920127599335, 0.000000000000000000, 14.48432534211531042 ) ) ;
#4553 = DIRECTION ( 'NONE',  ( 1.000000000000000000, 0.000000000000000000, 0.000000000000000000 ) ) ;
#4554 = LINE ( 'NONE', #8579, #5393 ) ;
#4555 = AXIS2_PLACEMENT_3D ( 'NONE', #8837, #7942, #918 ) ;
#4556 = DIRECTION ( 'NONE',  ( 1.000000000000000000, 0.000000000000000000, 0.000000000000000000 ) ) ;
#4557 = EDGE_LOOP ( 'NONE', ( #6414, #694, #2134, #2628, #5613, #10974 ) ) ;
#4558 = EDGE_LOOP ( 'NONE', ( #3435, #6353, #4589, #2619 ) ) ;
#4559 = DIRECTION ( 'NONE',  ( 0.000000000000000000, 0.000000000000000000, 1.000000000000000000 ) ) ;
#4560 = CARTESIAN_POINT ( 'NONE',  ( 10.37234568834891668, 9.406446595082069706, 10.16287729469196321 ) ) ;
#4561 = CALENDAR_DATE ( 2026, 21, 9 ) ;
#4562 = EDGE_CURVE ( 'NONE', #11568, #5766, #5975, .T. ) ;
#4563 = CC_DESIGN_PERSON_AND_ORGANIZATION_ASSIGNMENT ( #1116, #4288, ( #9776 ) ) ;
#4564 = DIRECTION ( 'NONE',  ( 1.000000000000000000, 0.000000000000000000, 0.000000000000000000 ) ) ;
#4565 = FACE_OUTER_BOUND ( 'NONE', #8388, .T. ) ;
#4566 = VECTOR ( 'NONE', #6728, 1000.000000000000000 ) ;
#4567 = CC_DESIGN_APPROVAL ( #4716, ( #4362 ) ) ;
#4568 = LINE ( 'NONE', #10647, #11613 ) ;
#4569 = CIRCLE ( 'NONE', #8980, 2.000000000000000000 ) ;
#4570 = DIRECTION ( 'NONE',  ( 0.000000000000000000, 1.000000000000000000, 0.000000000000000000 ) ) ;
#4571 = DIRECTION ( 'NONE',  ( 0.000000000000000000, -0.000000000000000000, 1.000000000000000000 ) ) ;
#4572 = ORIENTED_EDGE ( 'NONE', *, *, #7924, .F. ) ;
#4573 = CARTESIAN_POINT ( 'NONE',  ( 31.00000000000000000, 59.50000000000000000, 4.000000000000000000 ) ) ;
#4574 = ORIENTED_EDGE ( 'NONE', *, *, #4509, .T. ) ;
#4575 = CARTESIAN_POINT ( 'NONE',  ( -10.50000000000000000, 80.50000000000000000, -1.200000000000000030E-05 ) ) ;
#4576 = COORDINATED_UNIVERSAL_TIME_OFFSET ( 5, 0, .BEHIND. ) ;
#4577 = ORIENTED_EDGE ( 'NONE', *, *, #5965, .T. ) ;
#4578 = CARTESIAN_POINT ( 'NONE',  ( 7.700000000000000178, -9.000000000000000000, 3.000000000000000000 ) ) ;
#4579 = SHAPE_REPRESENTATION ( 'V3_05_wrist_adapter', ( #1284 ), #9920 ) ;
#4580 = APPROVAL ( #11432, 'æœª' ) ;
#4581 = ADVANCED_FACE ( 'NONE', ( #9771 ), #8905, .F. ) ;
#4582 = CARTESIAN_POINT ( 'NONE',  ( 28.00000000000000000, 8.000000000000000000, 0.000000000000000000 ) ) ;
#4583 = CARTESIAN_POINT ( 'NONE',  ( 0.5999999999999998668, 9.000000000000000000, 8.500000000000000000 ) ) ;
#4584 = APPROVAL_STATUS ( 'not_yet_approved' ) ;
#4585 = DATE_AND_TIME ( #378, #2051 ) ;
#4586 = DIRECTION ( 'NONE',  ( -0.000000000000000000, -0.000000000000000000, -1.000000000000000000 ) ) ;
#4587 = VECTOR ( 'NONE', #6880, 1000.000000000000000 ) ;
#4588 = LOCAL_TIME ( 12, 23, 36.00000000000000000, #10317 ) ;
#4589 = ORIENTED_EDGE ( 'NONE', *, *, #6279, .T. ) ;
#4590 = CARTESIAN_POINT ( 'NONE',  ( -4.299999999999998934, -9.225615804907270956, -0.000000000000000000 ) ) ;
#4591 = ORIENTED_EDGE ( 'NONE', *, *, #10772, .F. ) ;
#4592 = VECTOR ( 'NONE', #6756, 1000.000000000000000 ) ;
#4593 = CARTESIAN_POINT ( 'NONE',  ( -11.50000000000000000, -6.000000000000000000, 22.00000000000000000 ) ) ;
#4594 = VERTEX_POINT ( 'NONE', #8849 ) ;
#4595 = EDGE_LOOP ( 'NONE', ( #2973, #9011, #883, #9839 ) ) ;
#4596 = CARTESIAN_POINT ( 'NONE',  ( -9.000000000000000000, -1.200000000000000030E-05, 4.000000000000000000 ) ) ;
#4597 = CLOSED_SHELL ( 'NONE', ( #6107, #10520, #9139, #9384, #2449, #2040, #11316, #9977, #3155, #3834, #1897, #11670, #2597, #2442, #1300, #6868, #12069, #3587, #11486, #1089, #3881, #9987, #5437, #4620, #12525, #10416, #5905, #5095 ) ) ;
#4598 = APPROVAL_PERSON_ORGANIZATION ( #11254, #6328, #3335 ) ;
#4599 = CARTESIAN_POINT ( 'NONE',  ( -10.69999999999999929, 66.00000000000000000, -1.200000000000000030E-05 ) ) ;
#4600 = ORIENTED_EDGE ( 'NONE', *, *, #2808, .T. ) ;
#4601 = CARTESIAN_POINT ( 'NONE',  ( 0.000000000000000000, 0.000000000000000000, 0.000000000000000000 ) ) ;
#4602 = COORDINATED_UNIVERSAL_TIME_OFFSET ( 5, 0, .BEHIND. ) ;
#4603 = ADVANCED_FACE ( 'NONE', ( #3822, #7827, #12959, #7771, #4746, #6888 ), #5000, .F. ) ;
#4604 = CARTESIAN_POINT ( 'NONE',  ( 130.0000000000000000, 0.000000000000000000, 0.000000000000000000 ) ) ;
#4605 = ORIENTED_EDGE ( 'NONE', *, *, #517, .F. ) ;
#4606 = CARTESIAN_POINT ( 'NONE',  ( -12.30000000000000071, 2.081899558550500526E-16, 2.000000000000000000 ) ) ;
#4607 = AXIS2_PLACEMENT_3D ( 'NONE', #5214, #9252, #228 ) ;
#4608 = DIRECTION ( 'NONE',  ( 0.000000000000000000, 0.000000000000000000, 1.000000000000000000 ) ) ;
#4609 = CC_DESIGN_SECURITY_CLASSIFICATION ( #419, ( #3551 ) ) ;
#4610 = DIRECTION ( 'NONE',  ( 1.000000000000000000, 0.000000000000000000, 0.000000000000000000 ) ) ;
#4611 = PERSON_AND_ORGANIZATION ( #12991, #11636 ) ;
#4612 = CARTESIAN_POINT ( 'NONE',  ( 3.000000000000000000, 3.000000000000000000, 83.00000000000000000 ) ) ;
#4613 = DIRECTION ( 'NONE',  ( 1.000000000000000000, 0.000000000000000000, 0.000000000000000000 ) ) ;
#4614 = MECHANICAL_CONTEXT ( 'NONE', #10367, 'mechanical' ) ;
#4615 = CARTESIAN_POINT ( 'NONE',  ( 31.60000000000000142, 67.50000000000000000, -1.200000000000000030E-05 ) ) ;
#4616 = AXIS2_PLACEMENT_3D ( 'NONE', #930, #8161, #1851 ) ;
#4617 = LINE ( 'NONE', #10510, #12145 ) ;
#4618 = AXIS2_PLACEMENT_3D ( 'NONE', #6184, #3239, #11307 ) ;
#4619 = ORIENTED_EDGE ( 'NONE', *, *, #6543, .F. ) ;
#4620 = ADVANCED_FACE ( 'NONE', ( #11834 ), #2783, .T. ) ;
#4621 = FACE_BOUND ( 'NONE', #3665, .T. ) ;
#4622 = ORIENTED_EDGE ( 'NONE', *, *, #3641, .T. ) ;
#4623 = DESIGN_CONTEXT ( 'detailed design', #8128, 'design' ) ;
#4624 = CARTESIAN_POINT ( 'NONE',  ( 12.30000000000000249, 70.00000000000000000, 8.000000000000000000 ) ) ;
#4625 = CARTESIAN_POINT ( 'NONE',  ( 10.10522701328291184, 9.690252514121260319, 6.943211237761942378 ) ) ;
#4626 = AXIS2_PLACEMENT_3D ( 'NONE', #6345, #8614, #5563 ) ;
#4627 = EDGE_CURVE ( 'NONE', #1191, #5599, #848, .T. ) ;
#4628 = VECTOR ( 'NONE', #6441, 1000.000000000000000 ) ;
#4629 = SHAPE_REPRESENTATION ( 'V3_REF_wheel_D60', ( #1284 ), #7989 ) ;
#4630 = FACE_OUTER_BOUND ( 'NONE', #7927, .T. ) ;
#4631 = FACE_OUTER_BOUND ( 'NONE', #4557, .T. ) ;
#4632 = AXIS2_PLACEMENT_3D ( 'NONE', #10832, #992, #1788 ) ;
#4633 = DIRECTION ( 'NONE',  ( 0.000000000000000000, 0.000000000000000000, -1.000000000000000000 ) ) ;
#4634 = CARTESIAN_POINT ( 'NONE',  ( 15.19999999999999929, 2.000000000000000000, -1.200000000000000030E-05 ) ) ;
#4635 = EDGE_CURVE ( 'NONE', #1759, #4401, #9040, .T. ) ;
#4636 = SECURITY_CLASSIFICATION_LEVEL ( 'unclassified' ) ;
#4637 = EDGE_CURVE ( 'NONE', #6223, #11026, #4018, .T. ) ;
#4638 = VECTOR ( 'NONE', #1200, 1000.000000000000000 ) ;
#4639 = AXIS2_PLACEMENT_3D ( 'NONE', #5930, #10790, #12043 ) ;
#4640 = VERTEX_POINT ( 'NONE', #6762 ) ;
#4641 = DIRECTION ( 'NONE',  ( 0.000000000000000000, 0.000000000000000000, 1.000000000000000000 ) ) ;
#4642 = ORIENTED_EDGE ( 'NONE', *, *, #10247, .F. ) ;
#4643 = DIRECTION ( 'NONE',  ( 0.000000000000000000, 0.000000000000000000, -1.000000000000000000 ) ) ;
#4644 = ORIENTED_EDGE ( 'NONE', *, *, #11356, .F. ) ;
#4645 = ORIENTED_EDGE ( 'NONE', *, *, #6525, .T. ) ;
#4646 = APPROVAL_ROLE ( '' ) ;
#4647 = LINE ( 'NONE', #8672, #6502 ) ;
#4648 = CARTESIAN_POINT ( 'NONE',  ( -5.500000000000000000, 0.000000000000000000, 26.00000000000000000 ) ) ;
#4649 = CARTESIAN_POINT ( 'NONE',  ( 16.00000000000000000, 6.000000000000000000, 18.00000000000000355 ) ) ;
#4650 = AXIS2_PLACEMENT_3D ( 'NONE', #7956, #931, #1978 ) ;
#4651 = DATE_TIME_ROLE ( 'classification_date' ) ;
#4652 = ITEM_DEFINED_TRANSFORMATION ( 'NONE', 'NONE', #5513,  #1284 ) ;
#4653 = FACE_OUTER_BOUND ( 'NONE', #11063, .T. ) ;
#4654 = ORIENTED_EDGE ( 'NONE', *, *, #12694, .F. ) ;
#4655 = APPROVAL ( #5328, 'æœª' ) ;
#4656 = CARTESIAN_POINT ( 'NONE',  ( -4.638710900996636077, -10.04297226076347194, -0.000000000000000000 ) ) ;
#4657 = CC_DESIGN_PERSON_AND_ORGANIZATION_ASSIGNMENT ( #1621, #7716, ( #6742 ) ) ;
#4658 = ORIENTED_EDGE ( 'NONE', *, *, #6272, .T. ) ;
#4659 = DIRECTION ( 'NONE',  ( 0.000000000000000000, 0.000000000000000000, 1.000000000000000000 ) ) ;
#4660 = ORIENTED_EDGE ( 'NONE', *, *, #6037, .F. ) ;
#4661 = ORIENTED_EDGE ( 'NONE', *, *, #11417, .T. ) ;
#4662 = CARTESIAN_POINT ( 'NONE',  ( -21.00000000000000000, 81.00000000000000000, 6.000000000000000000 ) ) ;
#4663 = APPROVAL_PERSON_ORGANIZATION ( #5646, #6560, #5581 ) ;
#4664 = CARTESIAN_POINT ( 'NONE',  ( -21.69999999999999929, -14.00000000000000000, 5.000000000000000000 ) ) ;
#4665 = ORIENTED_EDGE ( 'NONE', *, *, #7720, .T. ) ;
#4666 = EDGE_CURVE ( 'NONE', #8806, #3300, #10231, .T. ) ;
#4667 = ORIENTED_EDGE ( 'NONE', *, *, #2762, .F. ) ;
#4668 = CALENDAR_DATE ( 2026, 21, 9 ) ;
#4669 = DIRECTION ( 'NONE',  ( 1.000000000000000000, -0.000000000000000000, -0.000000000000000000 ) ) ;
#4670 = PERSON_AND_ORGANIZATION ( #12991, #11636 ) ;
#4671 = ORIENTED_EDGE ( 'NONE', *, *, #11401, .F. ) ;
#4672 = LOCAL_TIME ( 12, 23, 36.00000000000000000, #2756 ) ;
#4673 = CARTESIAN_POINT ( 'NONE',  ( 35.00000000000000000, 70.00000000000000000, 5.000000000000000000 ) ) ;
#4674 = DIRECTION ( 'NONE',  ( -0.000000000000000000, -0.000000000000000000, -1.000000000000000000 ) ) ;
#4675 = DIRECTION ( 'NONE',  ( -0.000000000000000000, -1.000000000000000000, -0.000000000000000000 ) ) ;
#4676 = APPROVAL_DATE_TIME ( #1533, #11020 ) ;
#4677 = LINE ( 'NONE', #8703, #10102 ) ;
#4678 = CARTESIAN_POINT ( 'NONE',  ( -10.48439506952756339, 0.000000000000000000, 12.14151426980657966 ) ) ;
#4679 = APPROVAL_STATUS ( 'not_yet_approved' ) ;
#4680 = EDGE_CURVE ( 'NONE', #7307, #7605, #11290, .T. ) ;
#4681 = LINE ( 'NONE', #2578, #5954 ) ;
#4682 = CC_DESIGN_APPROVAL ( #865, ( #708 ) ) ;
#4683 = DIRECTION ( 'NONE',  ( -0.000000000000000000, -0.000000000000000000, 1.000000000000000000 ) ) ;
#4684 = EDGE_LOOP ( 'NONE', ( #11006, #9379, #8536, #5580 ) ) ;
#4685 = ORIENTED_EDGE ( 'NONE', *, *, #995, .F. ) ;
#4686 = B_SPLINE_CURVE_WITH_KNOTS ( 'NONE', 3,
 ( #10346, #1432, #9412, #1508, #1364, #12838, #1302, #8343, #5509, #4525, #12407, #518, #4748, #8545, #3338, #5442, #11600, #9546 ),
 .UNSPECIFIED., .F., .F.,
 ( 4, 2, 2, 2, 2, 2, 2, 2, 4 ),
 ( 0.5000000000000000000, 0.5625000000000000000, 0.6250000000000000000, 0.6875000000000000000, 0.7500000000000000000, 0.8125000000000000000, 0.8750000000000000000, 0.9375000000000000000, 1.000000000000000000 ),
 .UNSPECIFIED. ) ;
#4687 = CARTESIAN_POINT ( 'NONE',  ( 12.00000000000000000, -7.000000000000000000, 5.000000000000000000 ) ) ;
#4688 = CARTESIAN_POINT ( 'NONE',  ( 9.352038589846046079, 10.41947306943599294, 9.466101123016242624 ) ) ;
#4689 = CALENDAR_DATE ( 2026, 21, 9 ) ;
#4690 = LINE ( 'NONE', #7064, #6482 ) ;
#4691 = CARTESIAN_POINT ( 'NONE',  ( -32.00000000000000000, -5.000000000000000000, -1.200000000000000030E-05 ) ) ;
#4692 = EDGE_CURVE ( 'NONE', #12037, #9046, #5669, .T. ) ;
#4693 = CARTESIAN_POINT ( 'NONE',  ( -13.55736206016057999, 71.65679534101306558, -0.000000000000000000 ) ) ;
#4694 = ORIENTED_EDGE ( 'NONE', *, *, #9255, .F. ) ;
#4695 = LINE ( 'NONE', #2786, #6436 ) ;
#4696 = ORIENTED_EDGE ( 'NONE', *, *, #2623, .F. ) ;
#4697 = ORIENTED_EDGE ( 'NONE', *, *, #11417, .F. ) ;
#4698 = ORIENTED_EDGE ( 'NONE', *, *, #11669, .T. ) ;
#4699 = APPLICATION_CONTEXT ( 'configuration controlled 3d designs of mechanical parts and assemblies' ) ;
#4700 = PERSON_AND_ORGANIZATION ( #12991, #11636 ) ;
#4701 = CARTESIAN_POINT ( 'NONE',  ( 17.00000000000000000, 10.00000000000000000, 25.00000000000000000 ) ) ;
#4702 = EDGE_CURVE ( 'NONE', #10104, #5169, #5129, .T. ) ;
#4703 = CARTESIAN_POINT ( 'NONE',  ( 32.48452350954332957, -0.000000000000000000, 12.14146106820873072 ) ) ;
#4704 = APPROVAL_DATE_TIME ( #826, #9409 ) ;
#4705 = ADVANCED_FACE ( 'NONE', ( #7222 ), #7159, .F. ) ;
#4706 = VECTOR ( 'NONE', #11111, 1000.000000000000000 ) ;
#4707 = PERSON_AND_ORGANIZATION ( #11722, #1650 ) ;
#4708 = CARTESIAN_POINT ( 'NONE',  ( -24.30000000000000071, -45.00000000000000000, 0.000000000000000000 ) ) ;
#4709 = EDGE_CURVE ( 'NONE', #7918, #4366, #11225, .T. ) ;
#4710 = ORIENTED_EDGE ( 'NONE', *, *, #1737, .T. ) ;
#4711 = ORIENTED_EDGE ( 'NONE', *, *, #8325, .T. ) ;
#4712 = ORIENTED_EDGE ( 'NONE', *, *, #7655, .T. ) ;
#4713 = ORIENTED_EDGE ( 'NONE', *, *, #134, .F. ) ;
#4714 = CARTESIAN_POINT ( 'NONE',  ( 0.000000000000000000, 0.000000000000000000, 38.00000000000000000 ) ) ;
#4715 = PRODUCT ( 'V3_REF_SG90', 'V3_REF_SG90', '', ( #3858 ) ) ;
#4716 = APPROVAL ( #1061, 'UNKNOWN' ) ;
#4717 = PRODUCT_DEFINITION ( 'æœ', '', #5004, #141 ) ;
#4718 = EDGE_CURVE ( 'NONE', #11987, #5797, #8165, .T. ) ;
#4719 = CARTESIAN_POINT ( 'NONE',  ( 7.700000000000000178, 2.081899558550500526E-16, 0.000000000000000000 ) ) ;
#4720 = CARTESIAN_POINT ( 'NONE',  ( -22.00000000000000000, 8.000000000000000000, 0.000000000000000000 ) ) ;
#4721 = ORIENTED_EDGE ( 'NONE', *, *, #6895, .T. ) ;
#4722 = PERSON_AND_ORGANIZATION ( #12991, #11636 ) ;
#4723 = PERSON_AND_ORGANIZATION ( #12991, #11636 ) ;
#4724 = ORIENTED_EDGE ( 'NONE', *, *, #8567, .F. ) ;
#4725 = PERSON_AND_ORGANIZATION ( #12991, #11636 ) ;
#4726 = CARTESIAN_POINT ( 'NONE',  ( -14.00000000000000000, 0.000000000000000000, 16.00000000000000000 ) ) ;
#4727 = CARTESIAN_POINT ( 'NONE',  ( 1.313216681092871818, -2.270342840037188559, -0.000000000000000000 ) ) ;
#4728 = LINE ( 'NONE', #3800, #11315 ) ;
#4729 = EDGE_CURVE ( 'NONE', #5727, #11410, #7499, .T. ) ;
#4730 = DIRECTION ( 'NONE',  ( -0.000000000000000000, -0.000000000000000000, -1.000000000000000000 ) ) ;
#4731 = DIRECTION ( 'NONE',  ( 0.000000000000000000, 0.000000000000000000, 1.000000000000000000 ) ) ;
#4732 = PERSON_AND_ORGANIZATION_ROLE ( 'creator' ) ;
#4733 = DIRECTION ( 'NONE',  ( -1.000000000000000000, 0.000000000000000000, 0.000000000000000000 ) ) ;
#4734 = CARTESIAN_POINT ( 'NONE',  ( 0.5999999999999999778, 2.200000000000000178, -0.09997027095160138099 ) ) ;
#4735 = ORIENTED_EDGE ( 'NONE', *, *, #3026, .F. ) ;
#4736 = LINE ( 'NONE', #2705, #7868 ) ;
#4737 = VERTEX_POINT ( 'NONE', #9103 ) ;
#4738 = AXIS2_PLACEMENT_3D ( 'NONE', #8840, #11564, #1539 ) ;
#4739 = ADVANCED_FACE ( 'NONE', ( #10093 ), #10297, .F. ) ;
#4740 = CARTESIAN_POINT ( 'NONE',  ( -10.50000000000000000, 80.50000000000000000, 6.000000000000000000 ) ) ;
#4741 = LINE ( 'NONE', #6703, #6451 ) ;
#4742 = APPROVAL_STATUS ( 'not_yet_approved' ) ;
#4743 = CARTESIAN_POINT ( 'NONE',  ( -18.51560493047243128, 0.000000000000000000, 12.85848573019289454 ) ) ;
#4744 = DIRECTION ( 'NONE',  ( -1.000000000000000000, 0.000000000000000000, 0.000000000000000000 ) ) ;
#4745 = ADVANCED_FACE ( 'NONE', ( #11162 ), #1059, .F. ) ;
#4746 = FACE_BOUND ( 'NONE', #9777, .T. ) ;
#4747 = VECTOR ( 'NONE', #7020, 1000.000000000000000 ) ;
#4748 = CARTESIAN_POINT ( 'NONE',  ( -7.957126042970158686, 55.63880920472777802, 0.000000000000000000 ) ) ;
#4749 = CARTESIAN_POINT ( 'NONE',  ( -12.00000000000000000, -7.000000000000000000, 5.000000000000000000 ) ) ;
#4750 = ORIENTED_EDGE ( 'NONE', *, *, #1042, .T. ) ;
#4751 = LINE ( 'NONE', #12841, #10891 ) ;
#4752 = ORIENTED_EDGE ( 'NONE', *, *, #2679, .F. ) ;
#4753 = ADVANCED_FACE ( 'NONE', ( #12441 ), #8088, .F. ) ;
#4754 = EDGE_LOOP ( 'NONE', ( #2688, #3478, #7468, #6677 ) ) ;
#4755 = CARTESIAN_POINT ( 'NONE',  ( 12.00000000000000000, -12.00000000000000000, 0.000000000000000000 ) ) ;
#4756 = VERTEX_POINT ( 'NONE', #7019 ) ;
#4757 = VECTOR ( 'NONE', #492, 1000.000000000000000 ) ;
#4758 = EDGE_CURVE ( 'NONE', #7730, #8687, #12305, .T. ) ;
#4759 = CALENDAR_DATE ( 2026, 21, 9 ) ;
#4760 = DIRECTION ( 'NONE',  ( -1.000000000000000000, 0.000000000000000000, 0.000000000000000000 ) ) ;
#4761 = DIRECTION ( 'NONE',  ( 0.000000000000000000, 0.000000000000000000, 1.000000000000000000 ) ) ;
#4762 = CARTESIAN_POINT ( 'NONE',  ( -2.600000000000000089, 3.184081677783117698E-16, -6.000000000000000152E-06 ) ) ;
#4763 = SHAPE_DEFINITION_REPRESENTATION ( #3981, #8265 ) ;
#4764 = VECTOR ( 'NONE', #12697, 1000.000000000000000 ) ;
#4765 = DATE_TIME_ROLE ( 'classification_date' ) ;
#4766 = DIRECTION ( 'NONE',  ( 0.000000000000000000, 0.000000000000000000, 1.000000000000000000 ) ) ;
#4767 = VECTOR ( 'NONE', #162, 1000.000000000000000 ) ;
#4768 = ORIENTED_EDGE ( 'NONE', *, *, #5166, .T. ) ;
#4769 = CARTESIAN_POINT ( 'NONE',  ( 2.348801894056212092, 1.124607701293192985, 0.000000000000000000 ) ) ;
#4770 = ORGANIZATION ( 'NAUO-ORG6', 'UNSPECIFIED', 'UNSPECIFIED' ) ;
#4771 = VERTEX_POINT ( 'NONE', #9311 ) ;
#4772 = DIRECTION ( 'NONE',  ( 1.000000000000000000, 0.000000000000000000, 0.000000000000000000 ) ) ;
#4773 = EDGE_CURVE ( 'NONE', #6380, #5031, #10096, .T. ) ;
#4774 = ORIENTED_EDGE ( 'NONE', *, *, #9950, .T. ) ;
#4775 = AXIS2_PLACEMENT_3D ( 'NONE', #72, #11095, #1122 ) ;
#4776 = VERTEX_POINT ( 'NONE', #1332 ) ;
#4777 = CIRCLE ( 'NONE', #2252, 2.600000000000000089 ) ;
#4778 = CARTESIAN_POINT ( 'NONE',  ( 6.000000000000000000, 0.000000000000000000, 20.00000000000000000 ) ) ;
#4779 = CIRCLE ( 'NONE', #9689, 1.100000000000000311 ) ;
#4780 = LINE ( 'NONE', #7802, #8332 ) ;
#4781 = VERTEX_POINT ( 'NONE', #8232 ) ;
#4782 = ORIENTED_EDGE ( 'NONE', *, *, #10027, .T. ) ;
#4783 = AXIS2_PLACEMENT_3D ( 'NONE', #8588, #619, #3577 ) ;
#4784 = PERSON_AND_ORGANIZATION_ROLE ( 'creator' ) ;
#4785 = EDGE_CURVE ( 'NONE', #1766, #7980, #4076, .T. ) ;
#4786 = CALENDAR_DATE ( 2026, 21, 9 ) ;
#4787 = EDGE_CURVE ( 'NONE', #11260, #12782, #2090, .T. ) ;
#4788 = APPROVAL_PERSON_ORGANIZATION ( #1009, #1259, #8038 ) ;
#4789 = ORIENTED_EDGE ( 'NONE', *, *, #7311, .F. ) ;
#4790 = ADVANCED_FACE ( 'NONE', ( #6169 ), #1183, .T. ) ;
#4791 = DIRECTION ( 'NONE',  ( -0.000000000000000000, -0.000000000000000000, -1.000000000000000000 ) ) ;
#4792 = VECTOR ( 'NONE', #8080, 1000.000000000000000 ) ;
#4793 = CYLINDRICAL_SURFACE ( 'NONE', #6003, 1.700000000000000178 ) ;
#4794 = CARTESIAN_POINT ( 'NONE',  ( -20.00000000000000000, 12.00000000000000000, 2.000000000000000000 ) ) ;
#4795 = CC_DESIGN_APPROVAL ( #320, ( #1456 ) ) ;
#4796 = CARTESIAN_POINT ( 'NONE',  ( -8.141461068214713492, 64.51547649045402011, -0.000000000000000000 ) ) ;
#4797 = APPROVAL_ROLE ( '' ) ;
#4798 = CARTESIAN_POINT ( 'NONE',  ( 124.2250839948863330, 1.699930488764121561, 0.000000000000000000 ) ) ;
#4799 = CARTESIAN_POINT ( 'NONE',  ( 19.00000000000000000, 2.326828918379970970E-15, 4.000000000000000000 ) ) ;
#4800 = ORIENTED_EDGE ( 'NONE', *, *, #4914, .T. ) ;
#4801 = VECTOR ( 'NONE', #7046, 1000.000000000000000 ) ;
#4802 = CC_DESIGN_DATE_AND_TIME_ASSIGNMENT ( #10178, #6180, ( #2899 ) ) ;
#4803 = CARTESIAN_POINT ( 'NONE',  ( -9.225083994884492711, 58.70006951123654915, -0.000000000000000000 ) ) ;
#4804 = PRODUCT_DEFINITION ( 'æœ', '', #5290, #8712 ) ;
#4805 = EDGE_LOOP ( 'NONE', ( #6673, #9109 ) ) ;
#4806 = SECURITY_CLASSIFICATION ( '', '', #10977 ) ;
#4807 = LINE ( 'NONE', #11887, #11132 ) ;
#4808 = DIRECTION ( 'NONE',  ( -0.000000000000000000, -0.000000000000000000, 1.000000000000000000 ) ) ;
#4809 = CARTESIAN_POINT ( 'NONE',  ( 11.90000000000000036, -6.400000000000000355, 0.000000000000000000 ) ) ;
#4810 = CALENDAR_DATE ( 2026, 21, 9 ) ;
#4811 = DIRECTION ( 'NONE',  ( -0.000000000000000000, -0.000000000000000000, 1.000000000000000000 ) ) ;
#4812 = VECTOR ( 'NONE', #64, 1000.000000000000000 ) ;
#4813 = LOCAL_TIME ( 12, 23, 36.00000000000000000, #12146 ) ;
#4814 = LINE ( 'NONE', #10022, #10332 ) ;
#4815 = FACE_OUTER_BOUND ( 'NONE', #4248, .T. ) ;
#4816 = AXIS2_PLACEMENT_3D ( 'NONE', #3921, #7813, #11877 ) ;
#4817 = EDGE_LOOP ( 'NONE', ( #1098, #8323, #10414, #6215 ) ) ;
#4818 = ORIENTED_EDGE ( 'NONE', *, *, #11827, .T. ) ;
#4819 = VERTEX_POINT ( 'NONE', #9238 ) ;
#4820 = VECTOR ( 'NONE', #9002, 1000.000000000000000 ) ;
#4821 = PLANE ( 'NONE',  #155 ) ;
#4822 = ORIENTED_EDGE ( 'NONE', *, *, #4773, .F. ) ;
#4823 = VECTOR ( 'NONE', #8322, 1000.000000000000000 ) ;
#4824 = CARTESIAN_POINT ( 'NONE',  ( -14.00000000000000000, 0.000000000000000000, 16.00000000000000000 ) ) ;
#4825 = LINE ( 'NONE', #12914, #6262 ) ;
#4826 = VECTOR ( 'NONE', #9965, 1000.000000000000000 ) ;
#4827 = DIRECTION ( 'NONE',  ( 0.000000000000000000, 0.000000000000000000, 1.000000000000000000 ) ) ;
#4828 = APPLICATION_PROTOCOL_DEFINITION ( 'international standard', 'config_control_design', 1994, #4699 ) ;
#4829 = DATE_AND_TIME ( #3892, #11334 ) ;
#4830 = DIRECTION ( 'NONE',  ( 1.000000000000000000, 0.000000000000000000, 0.000000000000000000 ) ) ;
#4831 = EDGE_CURVE ( 'NONE', #6062, #9725, #9701, .T. ) ;
#4832 = VECTOR ( 'NONE', #8463, 1000.000000000000000 ) ;
#4833 = AXIS2_PLACEMENT_3D ( 'NONE', #5624, #2470, #5436 ) ;
#4834 = LINE ( 'NONE', #2851, #1479 ) ;
#4835 = ORIENTED_EDGE ( 'NONE', *, *, #8496, .F. ) ;
#4836 = DIRECTION ( 'NONE',  ( 1.000000000000000000, 0.000000000000000000, 0.000000000000000000 ) ) ;
#4837 = ORIENTED_EDGE ( 'NONE', *, *, #11975, .F. ) ;
#4838 = CIRCLE ( 'NONE', #2537, 2.000000000000000000 ) ;
#4839 = CARTESIAN_POINT ( 'NONE',  ( -12.00000000000000000, 7.000000000000000000, 6.700000000000000178 ) ) ;
#4840 = ORIENTED_EDGE ( 'NONE', *, *, #1577, .T. ) ;
#4841 = ORIENTED_EDGE ( 'NONE', *, *, #5203, .T. ) ;
#4842 = VECTOR ( 'NONE', #2895, 1000.000000000000000 ) ;
#4843 = B_SPLINE_CURVE_WITH_KNOTS ( 'NONE', 3,
 ( #813, #12903, #8380, #4077, #6237, #348, #1187, #7090, #6110, #7223, #5204, #12307, #11291, #1121, #1333, #5407, #7162, #2178, #2323, #2245, #11364, #9240, #4363, #8091, #11226, #5130 ),
 .UNSPECIFIED., .F., .F.,
 ( 4, 2, 2, 2, 2, 2, 2, 2, 2, 2, 2, 2, 4 ),
 ( 0.000000000000000000, 0.0008032955908086748635, 0.001606591181617349727, 0.002008238977021684340, 0.002409886772426018519, 0.002811534567830353566, 0.003213182363234687745, 0.003614830158639022791, 0.004016477954043356537, 0.004418125749447691583, 0.004819773544852025762, 0.005623069135660691518, 0.006426364726469357275 ),
 .UNSPECIFIED. ) ;
#4844 = VECTOR ( 'NONE', #8087, 1000.000000000000000 ) ;
#4845 = DIRECTION ( 'NONE',  ( 0.000000000000000000, 1.000000000000000000, 0.000000000000000000 ) ) ;
#4846 = EDGE_CURVE ( 'NONE', #9470, #5555, #11481, .T. ) ;
#4847 = LINE ( 'NONE', #656, #4951 ) ;
#4848 = VERTEX_POINT ( 'NONE', #9512 ) ;
#4849 =( GEOMETRIC_REPRESENTATION_CONTEXT ( 3 ) GLOBAL_UNCERTAINTY_ASSIGNED_CONTEXT ( ( #2249 ) ) GLOBAL_UNIT_ASSIGNED_CONTEXT ( ( #9994, #12068, #1097 ) ) REPRESENTATION_CONTEXT ( 'NONE', 'WORKASPACE' ) );
#4850 = ORIENTED_EDGE ( 'NONE', *, *, #9236, .F. ) ;
#4851 = DATE_AND_TIME ( #6794, #1679 ) ;
#4852 = ORIENTED_EDGE ( 'NONE', *, *, #9182, .T. ) ;
#4853 = ADVANCED_FACE ( 'NONE', ( #12574, #5661, #11688 ), #5538, .F. ) ;
#4854 = PERSON_AND_ORGANIZATION_ROLE ( 'classification_officer' ) ;
#4855 = DATE_AND_TIME ( #9809, #7948 ) ;
#4856 = CARTESIAN_POINT ( 'NONE',  ( -2.600069548653550999, -0.3444314227433182829, 0.000000000000000000 ) ) ;
#4857 = CARTESIAN_POINT ( 'NONE',  ( 0.000000000000000000, 25.00000000000000000, 90.00000000000000000 ) ) ;
#4858 = SECURITY_CLASSIFICATION ( '', '', #3557 ) ;
#4859 = CARTESIAN_POINT ( 'NONE',  ( 21.65666690099398650, 0.000000000000000000, 11.55741526174742262 ) ) ;
#4860 = CARTESIAN_POINT ( 'NONE',  ( -7.299999999999998934, 57.00000000000000000, -6.000000000000000152E-06 ) ) ;
#4861 = DATE_AND_TIME ( #6565, #2569 ) ;
#4862 = EDGE_CURVE ( 'NONE', #6717, #9640, #4681, .T. ) ;
#4863 = EDGE_CURVE ( 'NONE', #7251, #4369, #5948, .T. ) ;
#4864 = CARTESIAN_POINT ( 'NONE',  ( 125.7000000000000028, 0.2252519565404662583, 0.000000000000000000 ) ) ;
#4865 = ADVANCED_BREP_SHAPE_REPRESENTATION ( '', ( #3258, #1284 ), #9920 ) ;
#4866 = DIRECTION ( 'NONE',  ( -0.000000000000000000, -0.000000000000000000, -1.000000000000000000 ) ) ;
#4867 = CYLINDRICAL_SURFACE ( 'NONE', #12994, 2.000000000000000000 ) ;
#4868 = ORIENTED_EDGE ( 'NONE', *, *, #12358, .F. ) ;
#4869 = LOCAL_TIME ( 12, 23, 36.00000000000000000, #9732 ) ;
#4870 = CARTESIAN_POINT ( 'NONE',  ( 6.000000000000000000, -1.300000000000000044, -0.09997027095160138099 ) ) ;
#4871 = VERTEX_POINT ( 'NONE', #3635 ) ;
#4872 = FACE_OUTER_BOUND ( 'NONE', #9335, .T. ) ;
#4873 = LINE ( 'NONE', #10828, #5629 ) ;
#4874 = CARTESIAN_POINT ( 'NONE',  ( 3.000000000000000000, 10.50000000000000000, 58.00000000000000000 ) ) ;
#4875 = CALENDAR_DATE ( 2026, 21, 9 ) ;
#4876 = CARTESIAN_POINT ( 'NONE',  ( 11.87876165948471829, 7.409364245642842128, 9.388093465597638243 ) ) ;
#4877 = DIRECTION ( 'NONE',  ( 1.000000000000000000, 0.000000000000000000, 0.000000000000000000 ) ) ;
#4878 = CC_DESIGN_DATE_AND_TIME_ASSIGNMENT ( #1693, #3872, ( #6429 ) ) ;
#4879 = APPROVAL_PERSON_ORGANIZATION ( #11641, #9253, #12648 ) ;
#4880 = CC_DESIGN_DATE_AND_TIME_ASSIGNMENT ( #1238, #328, ( #7191 ) ) ;
#4881 = CARTESIAN_POINT ( 'NONE',  ( 0.000000000000000000, 11.00000000000000000, 6.000000000000000000 ) ) ;
#4882 = CARTESIAN_POINT ( 'NONE',  ( -20.00000000000000000, -1.200000000000000030E-05, 13.70000000000000107 ) ) ;
#4883 = VERTEX_POINT ( 'NONE', #490 ) ;
#4884 = CARTESIAN_POINT ( 'NONE',  ( 12.80000000000000071, 2.000000000000000000, -1.200000000000000030E-05 ) ) ;
#4885 = ORIENTED_EDGE ( 'NONE', *, *, #980, .T. ) ;
#4886 = ORIENTED_EDGE ( 'NONE', *, *, #1331, .T. ) ;
#4887 = CARTESIAN_POINT ( 'NONE',  ( 27.69999999999999929, -45.00000000000000000, 5.000000000000000000 ) ) ;
#4888 = ORIENTED_EDGE ( 'NONE', *, *, #6264, .F. ) ;
#4889 = CARTESIAN_POINT ( 'NONE',  ( 15.65666690099372360, 70.44258473825063049, -0.000000000000000000 ) ) ;
#4890 = DIRECTION ( 'NONE',  ( -0.000000000000000000, -0.000000000000000000, 1.000000000000000000 ) ) ;
#4891 = DIRECTION ( 'NONE',  ( -0.000000000000000000, -1.000000000000000000, -0.000000000000000000 ) ) ;
#4892 = APPROVAL_STATUS ( 'not_yet_approved' ) ;
#4893 = COORDINATED_UNIVERSAL_TIME_OFFSET ( 5, 0, .BEHIND. ) ;
#4894 = ADVANCED_FACE ( 'NONE', ( #1462 ), #6624, .F. ) ;
#4895 = COORDINATED_UNIVERSAL_TIME_OFFSET ( 5, 0, .BEHIND. ) ;
#4896 = CARTESIAN_POINT ( 'NONE',  ( -15.19999999999999929, 2.000000000000000000, -1.200000000000000030E-05 ) ) ;
#4897 = CARTESIAN_POINT ( 'NONE',  ( -20.00000000000000000, -12.00000000000000000, 2.000000000000000000 ) ) ;
#4898 = EDGE_LOOP ( 'NONE', ( #269, #4956, #1451, #11552 ) ) ;
#4899 = DIRECTION ( 'NONE',  ( 1.000000000000000000, 0.000000000000000000, 0.000000000000000000 ) ) ;
#4900 = ORIENTED_EDGE ( 'NONE', *, *, #6994, .T. ) ;
#4901 = CYLINDRICAL_SURFACE ( 'NONE', #7487, 2.600000000000000089 ) ;
#4902 = DIRECTION ( 'NONE',  ( 1.000000000000000000, 0.000000000000000000, 0.000000000000000000 ) ) ;
#4903 = CARTESIAN_POINT ( 'NONE',  ( -14.00000000000000000, 70.00000000000000000, 8.000000000000000000 ) ) ;
#4904 = ORIENTED_EDGE ( 'NONE', *, *, #4666, .T. ) ;
#4905 = ORIENTED_EDGE ( 'NONE', *, *, #12999, .T. ) ;
#4906 = EDGE_CURVE ( 'NONE', #9866, #7736, #8516, .T. ) ;
#4907 = DIRECTION ( 'NONE',  ( -0.000000000000000000, 1.000000000000000000, -0.000000000000000000 ) ) ;
#4908 = PERSON_AND_ORGANIZATION_ROLE ( 'creator' ) ;
#4909 = FACE_BOUND ( 'NONE', #818, .T. ) ;
#4910 = ORIENTED_EDGE ( 'NONE', *, *, #5171, .T. ) ;
#4911 = ORIENTED_EDGE ( 'NONE', *, *, #2015, .F. ) ;
#4912 = ORIENTED_EDGE ( 'NONE', *, *, #3323, .T. ) ;
#4913 = VECTOR ( 'NONE', #1722, 1000.000000000000000 ) ;
#4914 = EDGE_CURVE ( 'NONE', #11679, #9795, #8649, .T. ) ;
#4915 = DIRECTION ( 'NONE',  ( 1.000000000000000000, 0.000000000000000000, 0.000000000000000000 ) ) ;
#4916 = CARTESIAN_POINT ( 'NONE',  ( -2.500000000000000000, 0.000000000000000000, 68.00000000000000000 ) ) ;
#4917 = LINE ( 'NONE', #3065, #1699 ) ;
#4918 = CARTESIAN_POINT ( 'NONE',  ( 14.00000000000000000, 0.000000000000000000, 2.000000000000000000 ) ) ;
#4919 = CALENDAR_DATE ( 2026, 21, 9 ) ;
#4920 = CARTESIAN_POINT ( 'NONE',  ( 125.4845235095464773, 0.8585389317909373208, -0.000000000000000000 ) ) ;
#4921 = PRODUCT_DEFINITION_SHAPE ( 'NONE', 'NONE',  #708 ) ;
#4922 = CARTESIAN_POINT ( 'NONE',  ( 0.000000000000000000, 0.000000000000000000, 28.00000000000000000 ) ) ;
#4923 = FACE_OUTER_BOUND ( 'NONE', #7148, .T. ) ;
#4924 = ORIENTED_EDGE ( 'NONE', *, *, #1775, .T. ) ;
#4925 = CYLINDRICAL_SURFACE ( 'NONE', #3505, 1.700000000000000178 ) ;
#4926 = CARTESIAN_POINT ( 'NONE',  ( -9.000000000000000000, 57.00000000000000000, -1.200000000000000030E-05 ) ) ;
#4927 = ORIENTED_EDGE ( 'NONE', *, *, #3089, .F. ) ;
#4928 = EDGE_CURVE ( 'NONE', #3171, #3487, #2380, .T. ) ;
#4929 = PERSON_AND_ORGANIZATION ( #2889, #2466 ) ;
#4930 = EDGE_CURVE ( 'NONE', #300, #965, #2510, .T. ) ;
#4931 = DIRECTION ( 'NONE',  ( -0.000000000000000000, 1.000000000000000000, 0.000000000000000000 ) ) ;
#4932 = CARTESIAN_POINT ( 'NONE',  ( 31.60000000000000142, 77.50000000000000000, 2.409402627941314989 ) ) ;
#4933 = CARTESIAN_POINT ( 'NONE',  ( 11.50000000000000000, -6.000000000000000000, 0.000000000000000000 ) ) ;
#4934 = APPLICATION_PROTOCOL_DEFINITION ( 'international standard', 'config_control_design', 1994, #2513 ) ;
#4935 = CARTESIAN_POINT ( 'NONE',  ( 10.88535465464668306, 8.807508457680029323, 8.300000000000000711 ) ) ;
#4936 = CARTESIAN_POINT ( 'NONE',  ( 31.60000000000000142, 67.50000000000000000, -1.200000000000000030E-05 ) ) ;
#4937 = APPLICATION_CONTEXT ( 'configuration controlled 3d designs of mechanical parts and assemblies' ) ;
#4938 = DIRECTION ( 'NONE',  ( -0.000000000000000000, -0.000000000000000000, 1.000000000000000000 ) ) ;
#4939 = FACE_OUTER_BOUND ( 'NONE', #3977, .T. ) ;
#4940 = CARTESIAN_POINT ( 'NONE',  ( 20.00000000000000000, 12.00000000000000000, 2.000000000000000000 ) ) ;
#4941 = ORIENTED_EDGE ( 'NONE', *, *, #6084, .F. ) ;
#4942 = CARTESIAN_POINT ( 'NONE',  ( -21.00000000000000000, -12.00000000000000000, 0.000000000000000000 ) ) ;
#4943 = EDGE_CURVE ( 'NONE', #5295, #1398, #9446, .T. ) ;
#4944 = EDGE_LOOP ( 'NONE', ( #8986, #849 ) ) ;
#4945 = EDGE_CURVE ( 'NONE', #5153, #2557, #12510, .T. ) ;
#4946 = CC_DESIGN_DATE_AND_TIME_ASSIGNMENT ( #7685, #5535, ( #1262 ) ) ;
#4947 = FACE_OUTER_BOUND ( 'NONE', #12487, .T. ) ;
#4948 = ORIENTED_EDGE ( 'NONE', *, *, #11716, .T. ) ;
#4949 = DIRECTION ( 'NONE',  ( 0.000000000000000000, 1.000000000000000000, 0.000000000000000000 ) ) ;
#4950 = CARTESIAN_POINT ( 'NONE',  ( 12.00000000000000000, -7.000000000000000000, 6.700000000000000178 ) ) ;
#4951 = VECTOR ( 'NONE', #8877, 1000.000000000000000 ) ;
#4952 = CARTESIAN_POINT ( 'NONE',  ( 29.34320465898919750, 57.44263793984767119, -0.000000000000000000 ) ) ;
#4953 = ITEM_DEFINED_TRANSFORMATION ( 'NONE', 'NONE', #6527,  #1284 ) ;
#4954 = FACE_BOUND ( 'NONE', #3596, .T. ) ;
#4955 = CARTESIAN_POINT ( 'NONE',  ( -19.55736206015084022, -12.34320465898918862, -0.000000000000000000 ) ) ;
#4956 = ORIENTED_EDGE ( 'NONE', *, *, #3254, .T. ) ;
#4957 = CARTESIAN_POINT ( 'NONE',  ( 0.000000000000000000, 77.50000000000000000, 6.000000000000000000 ) ) ;
#4958 = EDGE_LOOP ( 'NONE', ( #3479, #3041, #8474, #1525 ) ) ;
#4959 = FACE_OUTER_BOUND ( 'NONE', #8095, .T. ) ;
#4960 = VECTOR ( 'NONE', #2222, 1000.000000000000000 ) ;
#4961 = CARTESIAN_POINT ( 'NONE',  ( -11.77713143436211141, 7.570080073119063613, 9.073250404111556477 ) ) ;
#4962 = CC_DESIGN_PERSON_AND_ORGANIZATION_ASSIGNMENT ( #10567, #481, ( #5259 ) ) ;
#4963 = VERTEX_POINT ( 'NONE', #11497 ) ;
#4964 = CC_DESIGN_PERSON_AND_ORGANIZATION_ASSIGNMENT ( #9670, #9542, ( #2975 ) ) ;
#4965 = ORIENTED_EDGE ( 'NONE', *, *, #4831, .T. ) ;
#4966 = FACE_OUTER_BOUND ( 'NONE', #4402, .T. ) ;
#4967 = DIRECTION ( 'NONE',  ( 1.000000000000000000, -0.000000000000000000, -0.000000000000000000 ) ) ;
#4968 = VECTOR ( 'NONE', #5556, 1000.000000000000000 ) ;
#4969 = CC_DESIGN_APPROVAL ( #11749, ( #5406 ) ) ;
#4970 = CARTESIAN_POINT ( 'NONE',  ( 2.534028928176448314, -0.6766222469410452245, -0.000000000000000000 ) ) ;
#4971 = ORIENTED_EDGE ( 'NONE', *, *, #6120, .T. ) ;
#4972 = ORIENTED_EDGE ( 'NONE', *, *, #4562, .T. ) ;
#4973 =( LENGTH_UNIT ( ) NAMED_UNIT ( * ) SI_UNIT ( .MILLI., .METRE. ) );
#4974 = ORIENTED_EDGE ( 'NONE', *, *, #6802, .T. ) ;
#4975 = AXIS2_PLACEMENT_3D ( 'NONE', #12909, #9047, #10031 ) ;
#4976 = CC_DESIGN_APPROVAL ( #10935, ( #3086 ) ) ;
#4977 = CARTESIAN_POINT ( 'NONE',  ( 130.0000000000000000, 0.000000000000000000, 6.000000000000000000 ) ) ;
#4978 = CARTESIAN_POINT ( 'NONE',  ( 11.68311043139274830, 7.714395407957672646, 7.381677801039299602 ) ) ;
#4979 = CARTESIAN_POINT ( 'NONE',  ( -19.77491600511333658, -0.000000000000000000, 10.30006951123579206 ) ) ;
#4980 = DIRECTION ( 'NONE',  ( 0.000000000000000000, 1.000000000000000000, 0.000000000000000000 ) ) ;
#4981 = CARTESIAN_POINT ( 'NONE',  ( -7.515674657884688692, 65.14134607987472236, 0.000000000000000000 ) ) ;
#4982 = DATE_AND_TIME ( #53, #3188 ) ;
#4983 = CARTESIAN_POINT ( 'NONE',  ( 15.69999999999999929, 70.00000000000000000, -6.000000000000000152E-06 ) ) ;
#4984 = VECTOR ( 'NONE', #6755, 1000.000000000000000 ) ;
#4985 = EDGE_CURVE ( 'NONE', #2655, #8878, #2439, .T. ) ;
#4986 = ORIENTED_EDGE ( 'NONE', *, *, #6031, .F. ) ;
#4987 = APPROVAL_PERSON_ORGANIZATION ( #7404, #6399, #9671 ) ;
#4988 = CARTESIAN_POINT ( 'NONE',  ( 134.3000000000000114, 2.081899558550508908E-16, 6.000000000000000000 ) ) ;
#4989 = FACE_OUTER_BOUND ( 'NONE', #5372, .T. ) ;
#4990 = ORIENTED_EDGE ( 'NONE', *, *, #13043, .F. ) ;
#4991 = CARTESIAN_POINT ( 'NONE',  ( -21.00000000000000000, 12.00000000000000000, 3.000000000000000000 ) ) ;
#4992 = VECTOR ( 'NONE', #9305, 1000.000000000000000 ) ;
#4993 = FACE_OUTER_BOUND ( 'NONE', #8057, .T. ) ;
#4994 = DIRECTION ( 'NONE',  ( 0.000000000000000000, 0.000000000000000000, 1.000000000000000000 ) ) ;
#4995 = APPROVAL_DATE_TIME ( #7082, #320 ) ;
#4996 = DIRECTION ( 'NONE',  ( 1.000000000000000000, 0.000000000000000000, 0.000000000000000000 ) ) ;
#4997 = DATE_AND_TIME ( #10019, #11652 ) ;
#4998 = CARTESIAN_POINT ( 'NONE',  ( 11.25723435106464976, 8.324008393740475853, 11.56315928611681443 ) ) ;
#4999 = FACE_OUTER_BOUND ( 'NONE', #10721, .T. ) ;
#5000 = PLANE ( 'NONE',  #12239 ) ;
#5001 = CLOSED_SHELL ( 'NONE', ( #6706, #756, #7740, #8373, #4753, #6452, #185, #8625, #9361, #2376, #10771, #12289, #6285, #6931, #8743, #11579, #11639, #4054, #13042, #2600, #5807, #1543 ) ) ;
#5002 = EDGE_CURVE ( 'NONE', #4756, #10683, #7689, .T. ) ;
#5003 = CARTESIAN_POINT ( 'NONE',  ( -12.30000000000000071, 70.00000000000000000, -6.000000000000000152E-06 ) ) ;
#5004 = PRODUCT_DEFINITION_FORMATION_WITH_SPECIFIED_SOURCE ( 'ä»', '', #9776, .NOT_KNOWN. ) ;
#5005 = CARTESIAN_POINT ( 'NONE',  ( 0.000000000000000000, 0.000000000000000000, 28.00000000000000000 ) ) ;
#5006 = ORIENTED_EDGE ( 'NONE', *, *, #8072, .F. ) ;
#5007 = EDGE_LOOP ( 'NONE', ( #8773, #119, #1613, #11619 ) ) ;
#5008 = ORIENTED_EDGE ( 'NONE', *, *, #1444, .T. ) ;
#5009 = EDGE_CURVE ( 'NONE', #10880, #3720, #2192, .T. ) ;
#5010 = AXIS2_PLACEMENT_3D ( 'NONE', #78, #1195, #1129 ) ;
#5011 = AXIS2_PLACEMENT_3D ( 'NONE', #6225, #8017, #4285 ) ;
#5012 = CARTESIAN_POINT ( 'NONE',  ( 31.00000000000000000, -6.000000000000000152E-06, 5.700000000000000178 ) ) ;
#5013 = AXIS2_PLACEMENT_3D ( 'NONE', #11851, #7841, #3710 ) ;
#5014 = LOCAL_TIME ( 12, 23, 36.00000000000000000, #3560 ) ;
#5015 = CARTESIAN_POINT ( 'NONE',  ( -12.30000000000000071, 70.00000000000000000, -6.000000000000000152E-06 ) ) ;
#5016 = CARTESIAN_POINT ( 'NONE',  ( 30.14146106820961535, 58.48452350954386247, -0.000000000000000000 ) ) ;
#5017 = CYLINDRICAL_SURFACE ( 'NONE', #12479, 1.700000000000000178 ) ;
#5018 = VECTOR ( 'NONE', #2945, 1000.000000000000000 ) ;
#5019 = EDGE_CURVE ( 'NONE', #7307, #5829, #7976, .T. ) ;
#5020 = EDGE_CURVE ( 'NONE', #7978, #10432, #9444, .T. ) ;
#5021 = CARTESIAN_POINT ( 'NONE',  ( -19.77491600511497793, -12.30006951123579384, 0.000000000000000000 ) ) ;
#5022 = ORIENTED_EDGE ( 'NONE', *, *, #445, .T. ) ;
#5023 = DIRECTION ( 'NONE',  ( 1.000000000000000000, -0.000000000000000000, -0.000000000000000000 ) ) ;
#5024 = EDGE_CURVE ( 'NONE', #4330, #11899, #2949, .T. ) ;
#5025 = CIRCLE ( 'NONE', #7549, 2.399999999999999911 ) ;
#5026 = VECTOR ( 'NONE', #5494, 1000.000000000000000 ) ;
#5027 = EDGE_LOOP ( 'NONE', ( #7893, #12766 ) ) ;
#5028 = DIRECTION ( 'NONE',  ( 0.000000000000000000, 0.000000000000000000, 1.000000000000000000 ) ) ;
#5029 = DIRECTION ( 'NONE',  ( -0.000000000000000000, 1.000000000000000000, 0.000000000000000000 ) ) ;
#5030 = ORIENTED_EDGE ( 'NONE', *, *, #10014, .F. ) ;
#5031 = VERTEX_POINT ( 'NONE', #3807 ) ;
#5032 = VECTOR ( 'NONE', #3224, 1000.000000000000000 ) ;
#5033 = FACE_OUTER_BOUND ( 'NONE', #12679, .T. ) ;
#5034 = AXIS2_PLACEMENT_3D ( 'NONE', #7432, #8512, #2437 ) ;
#5035 = AXIS2_PLACEMENT_3D ( 'NONE', #5341, #8382, #3449 ) ;
#5036 = CC_DESIGN_DATE_AND_TIME_ASSIGNMENT ( #6652, #8034, ( #7744 ) ) ;
#5037 = CC_DESIGN_PERSON_AND_ORGANIZATION_ASSIGNMENT ( #972, #10142, ( #9410 ) ) ;
#5038 = DIRECTION ( 'NONE',  ( 1.000000000000000000, -0.000000000000000000, 0.000000000000000000 ) ) ;
#5039 = DIRECTION ( 'NONE',  ( -0.000000000000000000, -0.000000000000000000, 1.000000000000000000 ) ) ;
#5040 = VERTEX_POINT ( 'NONE', #5962 ) ;
#5041 =( NAMED_UNIT ( * ) SI_UNIT ( $, .STERADIAN. ) SOLID_ANGLE_UNIT ( ) );
#5042 = CIRCLE ( 'NONE', #5, 14.00000000000000000 ) ;
#5043 = ORIENTED_EDGE ( 'NONE', *, *, #5638, .T. ) ;
#5044 = DIRECTION ( 'NONE',  ( 0.000000000000000000, 0.000000000000000000, 1.000000000000000000 ) ) ;
#5045 = FACE_BOUND ( 'NONE', #9175, .T. ) ;
#5046 = CARTESIAN_POINT ( 'NONE',  ( 43.00000000000000000, 81.00000000000000000, 6.000000000000000000 ) ) ;
#5047 = CARTESIAN_POINT ( 'NONE',  ( 31.60000000000000142, 62.49999999999997868, 2.409402627941314989 ) ) ;
#5048 = DATE_TIME_ROLE ( 'classification_date' ) ;
#5049 = APPLICATION_PROTOCOL_DEFINITION ( 'international standard', 'config_control_design', 1994, #7631 ) ;
#5050 = EDGE_CURVE ( 'NONE', #11332, #10399, #7815, .T. ) ;
#5051 = CARTESIAN_POINT ( 'NONE',  ( -9.592487695948896942, 10.19791902210260481, 9.710886492289755978 ) ) ;
#5052 = B_SPLINE_CURVE_WITH_KNOTS ( 'NONE', 3,
 ( #1977, #4935, #1056, #8961, #6814, #875, #3870, #5063, #126, #7883, #4142, #4876, #8903, #12957, #987, #6883, #9100, #1920, #9034, #10962, #8023, #12028, #7015, #5917, #2962, #11031, #4998, #6, #4016, #3021 ),
 .UNSPECIFIED., .F., .F.,
 ( 4, 2, 2, 2, 2, 2, 2, 2, 2, 2, 2, 2, 2, 2, 4 ),
 ( 0.000000000000000000, 0.0007440102817169809337, 0.001116015422575471943, 0.001488020563433963168, 0.001860025704292454177, 0.002232030845150945186, 0.002604035986009436629, 0.002976041126867927638, 0.003348046267726418647, 0.003720051408584909656, 0.004092056549443400665, 0.004464061690301892107, 0.004836066831160383550, 0.005208071972018874125, 0.005952082253735857878 ),
 .UNSPECIFIED. ) ;
#5053 = EDGE_LOOP ( 'NONE', ( #13032, #4437, #6919, #4850 ) ) ;
#5054 = DIRECTION ( 'NONE',  ( 1.000000000000000000, 0.000000000000000000, 0.000000000000000000 ) ) ;
#5055 = ORIENTED_EDGE ( 'NONE', *, *, #2335, .F. ) ;
#5056 = CARTESIAN_POINT ( 'NONE',  ( -5.500000000000000000, 0.000000000000000000, 26.00000000000000000 ) ) ;
#5057 = AXIS2_PLACEMENT_3D ( 'NONE', #4225, #8230, #9101 ) ;
#5058 = DIRECTION ( 'NONE',  ( 0.000000000000000000, 0.000000000000000000, 1.000000000000000000 ) ) ;
#5059 = CARTESIAN_POINT ( 'NONE',  ( 31.00000000000000000, 67.49999999999998579, 4.000000000000000000 ) ) ;
#5060 = EDGE_CURVE ( 'NONE', #11480, #7940, #5839, .T. ) ;
#5061 = LINE ( 'NONE', #2312, #2272 ) ;
#5062 = COORDINATED_UNIVERSAL_TIME_OFFSET ( 5, 0, .BEHIND. ) ;
#5063 = CARTESIAN_POINT ( 'NONE',  ( 11.63116903760836074, 7.792703007474886867, 8.797940933140290909 ) ) ;
#5064 = PLANE ( 'NONE',  #1499 ) ;
#5065 = PERSON_AND_ORGANIZATION_ROLE ( 'classification_officer' ) ;
#5066 = CARTESIAN_POINT ( 'NONE',  ( -35.00000000000000000, 70.00000000000000000, 5.000000000000000000 ) ) ;
#5067 = APPROVAL_PERSON_ORGANIZATION ( #12756, #7272, #411 ) ;
#5068 = DIRECTION ( 'NONE',  ( 0.000000000000000000, 0.000000000000000000, 1.000000000000000000 ) ) ;
#5069 = DIRECTION ( 'NONE',  ( -0.000000000000000000, -0.000000000000000000, 1.000000000000000000 ) ) ;
#5070 = ORIENTED_EDGE ( 'NONE', *, *, #11562, .T. ) ;
#5071 = VERTEX_POINT ( 'NONE', #9760 ) ;
#5072 = FACE_OUTER_BOUND ( 'NONE', #10835, .T. ) ;
#5073 = VERTEX_POINT ( 'NONE', #7752 ) ;
#5074 = EDGE_CURVE ( 'NONE', #10351, #12392, #6748, .T. ) ;
#5075 = CARTESIAN_POINT ( 'NONE',  ( 7.700000000000000178, -9.000000000000000000, -6.000000000000000152E-06 ) ) ;
#5076 = LOCAL_TIME ( 12, 23, 36.00000000000000000, #8733 ) ;
#5077 = DIRECTION ( 'NONE',  ( 1.000000000000000000, 0.000000000000000000, 0.000000000000000000 ) ) ;
#5078 = DIRECTION ( 'NONE',  ( 1.000000000000000000, 0.000000000000000000, 0.000000000000000000 ) ) ;
#5079 = PERSON ( 'NAUO-PER26', 'UNSPECIFIED', 'UNSPECIFIED', ('UNSPECIFIED'), ('UNSPECIFIED'), ('UNSPECIFIED') ) ;
#5080 = APPROVAL_STATUS ( 'not_yet_approved' ) ;
#5081 = DIRECTION ( 'NONE',  ( 0.000000000000000000, -0.000000000000000000, -1.000000000000000000 ) ) ;
#5082 = EDGE_CURVE ( 'NONE', #5685, #9557, #13000, .T. ) ;
#5083 = LINE ( 'NONE', #12176, #7958 ) ;
#5084 = VERTEX_POINT ( 'NONE', #6869 ) ;
#5085 = DIRECTION ( 'NONE',  ( -1.000000000000000000, 0.000000000000000000, -0.000000000000000000 ) ) ;
#5086 = APPROVAL_PERSON_ORGANIZATION ( #5490, #8681, #12583 ) ;
#5087 = ORIENTED_EDGE ( 'NONE', *, *, #11891, .F. ) ;
#5088 = LINE ( 'NONE', #4038, #10033 ) ;
#5089 = DIRECTION ( 'NONE',  ( 0.000000000000000000, 0.000000000000000000, 1.000000000000000000 ) ) ;
#5090 = CYLINDRICAL_SURFACE ( 'NONE', #3758, 14.00000000000000000 ) ;
#5091 = EDGE_LOOP ( 'NONE', ( #12992, #7284, #4768, #5841 ) ) ;
#5092 = ORIENTED_EDGE ( 'NONE', *, *, #10665, .F. ) ;
#5093 = EDGE_CURVE ( 'NONE', #2841, #447, #928, .T. ) ;
#5094 = CARTESIAN_POINT ( 'NONE',  ( 0.000000000000000000, 0.000000000000000000, 0.000000000000000000 ) ) ;
#5095 = ADVANCED_FACE ( 'NONE', ( #1108 ), #11340, .F. ) ;
#5096 = FACE_BOUND ( 'NONE', #11114, .T. ) ;
#5097 = CARTESIAN_POINT ( 'NONE',  ( -7.899999999999999467, 0.000000000000000000, 29.00000000000000000 ) ) ;
#5098 =( LENGTH_UNIT ( ) NAMED_UNIT ( * ) SI_UNIT ( .MILLI., .METRE. ) );
#5099 = CARTESIAN_POINT ( 'NONE',  ( -0.3444314227433193376, -2.599930451346447846, 0.000000000000000000 ) ) ;
#5100 = VERTEX_POINT ( 'NONE', #10358 ) ;
#5101 = ORIENTED_EDGE ( 'NONE', *, *, #4373, .T. ) ;
#5102 = APPROVAL_DATE_TIME ( #2814, #4254 ) ;
#5103 = AXIS2_PLACEMENT_3D ( 'NONE', #3714, #4522, #5508 ) ;
#5104 = EDGE_LOOP ( 'NONE', ( #7664, #2852, #724, #6241 ) ) ;
#5105 = ADVANCED_FACE ( 'NONE', ( #2219 ), #12079, .F. ) ;
#5106 = DIRECTION ( 'NONE',  ( 0.000000000000000000, 1.000000000000000000, 0.000000000000000000 ) ) ;
#5107 = CC_DESIGN_PERSON_AND_ORGANIZATION_ASSIGNMENT ( #8643, #10633, ( #95 ) ) ;
#5108 =( REPRESENTATION_RELATIONSHIP ('NONE','NONE', #6877, #8265 ) REPRESENTATION_RELATIONSHIP_WITH_TRANSFORMATION ( #762 )SHAPE_REPRESENTATION_RELATIONSHIP( ) );
#5109 = CARTESIAN_POINT ( 'NONE',  ( 11.32499397577940314, 8.231471694506819148, 6.979938983346807291 ) ) ;
#5110 = CARTESIAN_POINT ( 'NONE',  ( -1.634255756361377543, 2.027746979026365359, 0.000000000000000000 ) ) ;
#5111 = CARTESIAN_POINT ( 'NONE',  ( 28.00000000000000000, 0.000000000000000000, 24.00000000000000000 ) ) ;
#5112 = PERSON_AND_ORGANIZATION ( #12991, #11636 ) ;
#5113 = CARTESIAN_POINT ( 'NONE',  ( 137.7000000000000171, 0.000000000000000000, -6.000000000000000152E-06 ) ) ;
#5114 = CARTESIAN_POINT ( 'NONE',  ( -9.593126758156662603, 10.19730458965381281, 7.288598955132498780 ) ) ;
#5115 = ORIENTED_EDGE ( 'NONE', *, *, #7952, .F. ) ;
#5116 = CARTESIAN_POINT ( 'NONE',  ( 31.19999999999999929, 80.50000000000000000, 6.000000000000000000 ) ) ;
#5117 = CARTESIAN_POINT ( 'NONE',  ( 31.60000000000000142, 72.50000000000000000, -1.200000000000000030E-05 ) ) ;
#5118 = ORIENTED_EDGE ( 'NONE', *, *, #3586, .T. ) ;
#5119 = FACE_OUTER_BOUND ( 'NONE', #8281, .T. ) ;
#5120 = EDGE_LOOP ( 'NONE', ( #10913, #105 ) ) ;
#5121 = DIRECTION ( 'NONE',  ( 1.000000000000000000, 0.000000000000000000, 0.000000000000000000 ) ) ;
#5122 = DIRECTION ( 'NONE',  ( -1.000000000000000000, -0.000000000000000000, -0.000000000000000000 ) ) ;
#5123 = EDGE_CURVE ( 'NONE', #11983, #802, #9090, .T. ) ;
#5124 = CARTESIAN_POINT ( 'NONE',  ( 35.60000000000000142, 62.50000000000000000, -1.200000000000000030E-05 ) ) ;
#5125 = APPROVAL_STATUS ( 'not_yet_approved' ) ;
#5126 = DIRECTION ( 'NONE',  ( -0.000000000000000000, -0.000000000000000000, 1.000000000000000000 ) ) ;
#5127 = CARTESIAN_POINT ( 'NONE',  ( -21.65666690099477876, 0.000000000000000000, 12.44258473825066957 ) ) ;
#5128 = CARTESIAN_POINT ( 'NONE',  ( 14.00000000000000000, 0.000000000000000000, 18.00000000000000355 ) ) ;
#5129 = LINE ( 'NONE', #8379, #6700 ) ;
#5130 = CARTESIAN_POINT ( 'NONE',  ( -10.72380529476374278, 9.000000000000252243, 11.70000000000124984 ) ) ;
#5131 = FACE_BOUND ( 'NONE', #10976, .T. ) ;
#5132 = VERTEX_POINT ( 'NONE', #9146 ) ;
#5133 = ORIENTED_EDGE ( 'NONE', *, *, #374, .T. ) ;
#5134 = DESIGN_CONTEXT ( 'detailed design', #676, 'design' ) ;
#5135 = LINE ( 'NONE', #4235, #8363 ) ;
#5136 = APPROVAL_ROLE ( '' ) ;
#5137 = ORIENTED_EDGE ( 'NONE', *, *, #248, .F. ) ;
#5138 = DIRECTION ( 'NONE',  ( 0.000000000000000000, -1.000000000000000000, 0.000000000000000000 ) ) ;
#5139 = PLANE ( 'NONE',  #3958 ) ;
#5140 = CARTESIAN_POINT ( 'NONE',  ( 32.04297226075981087, 58.36128909900665462, -0.000000000000000000 ) ) ;
#5141 = EDGE_CURVE ( 'NONE', #524, #2467, #937, .T. ) ;
#5142 = APPROVAL_STATUS ( 'not_yet_approved' ) ;
#5143 = CARTESIAN_POINT ( 'NONE',  ( 137.0428739570325263, -1.361190795270670106, 0.000000000000000000 ) ) ;
#5144 = VECTOR ( 'NONE', #6277, 1000.000000000000000 ) ;
#5145 = CARTESIAN_POINT ( 'NONE',  ( -21.04287395703095953, -12.63880920472926483, 0.000000000000000000 ) ) ;
#5146 = ORIENTED_EDGE ( 'NONE', *, *, #36, .F. ) ;
#5147 = EDGE_CURVE ( 'NONE', #1152, #12790, #9021, .T. ) ;
#5148 = CARTESIAN_POINT ( 'NONE',  ( -15.19999999999999929, 2.000000000000000000, 0.000000000000000000 ) ) ;
#5149 = ORIENTED_EDGE ( 'NONE', *, *, #10876, .T. ) ;
#5150 = DIRECTION ( 'NONE',  ( 1.000000000000000000, -0.000000000000000000, 0.000000000000000000 ) ) ;
#5151 = ORIENTED_EDGE ( 'NONE', *, *, #9200, .F. ) ;
#5152 = CARTESIAN_POINT ( 'NONE',  ( -11.04168123444022420, 8.610387747206914355, 8.332736012061415565 ) ) ;
#5153 = VERTEX_POINT ( 'NONE', #3007 ) ;
#5154 = ORIENTED_EDGE ( 'NONE', *, *, #11509, .T. ) ;
#5155 = VECTOR ( 'NONE', #7551, 1000.000000000000000 ) ;
#5156 = CARTESIAN_POINT ( 'NONE',  ( -32.00000000000000000, -5.000000000000000000, 28.00000000000000000 ) ) ;
#5157 = CARTESIAN_POINT ( 'NONE',  ( -12.00000000000000000, 12.00000000000000000, 0.000000000000000000 ) ) ;
#5158 = PERSON_AND_ORGANIZATION ( #12991, #11636 ) ;
#5159 = PERSON_AND_ORGANIZATION_ROLE ( 'design_owner' ) ;
#5160 = ITEM_DEFINED_TRANSFORMATION ( 'NONE', 'NONE', #12913,  #1284 ) ;
#5161 = DIRECTION ( 'NONE',  ( 0.000000000000000000, 1.000000000000000000, 0.000000000000000000 ) ) ;
#5162 = SHAPE_REPRESENTATION_RELATIONSHIP ( 'NONE' , 'NONE' ,  #4629, #2207 ) ;
#5163 = FACE_BOUND ( 'NONE', #12023, .T. ) ;
#5164 = AXIS2_PLACEMENT_3D ( 'NONE', #714, #12793, #5448 ) ;
#5165 = ORIENTED_EDGE ( 'NONE', *, *, #3817, .T. ) ;
#5166 = EDGE_CURVE ( 'NONE', #1336, #9149, #11209, .T. ) ;
#5167 = VERTEX_POINT ( 'NONE', #4062 ) ;
#5168 = ORIENTED_EDGE ( 'NONE', *, *, #5082, .T. ) ;
#5169 = VERTEX_POINT ( 'NONE', #6087 ) ;
#5170 = DIRECTION ( 'NONE',  ( 1.000000000000000000, 0.000000000000000000, -0.000000000000000000 ) ) ;
#5171 = EDGE_CURVE ( 'NONE', #11855, #5084, #8069, .T. ) ;
#5172 = VECTOR ( 'NONE', #4641, 1000.000000000000000 ) ;
#5173 = AXIS2_PLACEMENT_3D ( 'NONE', #3630, #8510, #6498 ) ;
#5174 = FACE_OUTER_BOUND ( 'NONE', #1824, .T. ) ;
#5175 = APPROVAL_PERSON_ORGANIZATION ( #8941, #12898, #11494 ) ;
#5176 = CARTESIAN_POINT ( 'NONE',  ( -0.5999999999999999778, 2.200000000000000178, -0.09997027095160138099 ) ) ;
#5177 = CARTESIAN_POINT ( 'NONE',  ( 15.69999999999999929, 2.081899558550498554E-16, 2.000000000000000000 ) ) ;
#5178 = CALENDAR_DATE ( 2026, 21, 9 ) ;
#5179 = CARTESIAN_POINT ( 'NONE',  ( 0.000000000000000000, 80.50000000000000000, 0.000000000000000000 ) ) ;
#5180 = EDGE_LOOP ( 'NONE', ( #6697, #9566, #2485, #1338 ) ) ;
#5181 = EDGE_CURVE ( 'NONE', #3621, #3200, #12141, .T. ) ;
#5182 = EDGE_CURVE ( 'NONE', #3935, #5100, #4246, .T. ) ;
#5183 = LINE ( 'NONE', #9092, #4432 ) ;
#5184 = LINE ( 'NONE', #12292, #11726 ) ;
#5185 = EDGE_LOOP ( 'NONE', ( #11168, #1473, #7232, #13050, #5665, #8191 ) ) ;
#5186 = AXIS2_PLACEMENT_3D ( 'NONE', #10517, #4559, #6385 ) ;
#5187 = APPROVAL_DATE_TIME ( #9433, #7540 ) ;
#5188 = LINE ( 'NONE', #6600, #11283 ) ;
#5189 = LOCAL_TIME ( 12, 23, 36.00000000000000000, #11591 ) ;
#5190 = ORIENTED_EDGE ( 'NONE', *, *, #4709, .F. ) ;
#5191 = CARTESIAN_POINT ( 'NONE',  ( -21.69999999999999929, 14.00000000000000000, -6.000000000000000152E-06 ) ) ;
#5192 = AXIS2_PLACEMENT_3D ( 'NONE', #9432, #6038, #996 ) ;
#5193 = FACE_BOUND ( 'NONE', #8098, .T. ) ;
#5194 = CARTESIAN_POINT ( 'NONE',  ( -11.90000000000000036, -6.400000000000000355, 0.000000000000000000 ) ) ;
#5195 = PERSON_AND_ORGANIZATION ( #12991, #11636 ) ;
#5196 = CARTESIAN_POINT ( 'NONE',  ( -27.69999999999999929, 57.00000000000000000, 0.000000000000000000 ) ) ;
#5197 = DIRECTION ( 'NONE',  ( 0.000000000000000000, -1.000000000000000000, 0.000000000000000000 ) ) ;
#5198 = AXIS2_PLACEMENT_3D ( 'NONE', #1974, #4808, #5969 ) ;
#5199 = DIRECTION ( 'NONE',  ( 0.000000000000000000, 1.000000000000000000, -0.000000000000000000 ) ) ;
#5200 = LOCAL_TIME ( 12, 23, 36.00000000000000000, #946 ) ;
#5201 = CARTESIAN_POINT ( 'NONE',  ( -22.00000000000000000, 84.00000000000000000, 0.000000000000000000 ) ) ;
#5202 = APPROVAL ( #10626, 'æœª' ) ;
#5203 = EDGE_CURVE ( 'NONE', #7830, #3764, #3620, .T. ) ;
#5204 = CARTESIAN_POINT ( 'NONE',  ( -9.119313208099621093, 10.62263300843386560, 9.476430371807628816 ) ) ;
#5205 = DATE_AND_TIME ( #9314, #133 ) ;
#5206 = DIRECTION ( 'NONE',  ( -1.000000000000000000, 1.776356839400250465E-15, 0.000000000000000000 ) ) ;
#5207 = ORIENTED_EDGE ( 'NONE', *, *, #3181, .F. ) ;
#5208 = APPROVAL_ROLE ( '' ) ;
#5209 = VECTOR ( 'NONE', #5106, 1000.000000000000000 ) ;
#5210 = ORIENTED_EDGE ( 'NONE', *, *, #4635, .F. ) ;
#5211 = CARTESIAN_POINT ( 'NONE',  ( -9.000000000000000000, -1.200000000000000030E-05, 5.700000000000000178 ) ) ;
#5212 = ORIENTED_EDGE ( 'NONE', *, *, #3641, .F. ) ;
#5213 = LINE ( 'NONE', #8247, #415 ) ;
#5214 = CARTESIAN_POINT ( 'NONE',  ( -10.50000000000000000, -1.300000000000000044, -0.09997027095160138099 ) ) ;
#5215 = CLOSED_SHELL ( 'NONE', ( #8585, #9586, #11797, #5906, #4894, #12497, #9136, #4853, #999, #6008, #3923, #4739, #2626, #5529, #3397, #5749, #7648, #1088, #2689, #10676, #5849, #2996, #2188 ) ) ;
#5216 = DIRECTION ( 'NONE',  ( 1.000000000000000000, -0.000000000000000000, -0.000000000000000000 ) ) ;
#5217 = CC_DESIGN_SECURITY_CLASSIFICATION ( #4400, ( #5004 ) ) ;
#5218 = CALENDAR_DATE ( 2026, 21, 9 ) ;
#5219 = DIRECTION ( 'NONE',  ( 1.000000000000000000, -0.000000000000000000, 0.000000000000000000 ) ) ;
#5220 = EDGE_CURVE ( 'NONE', #6043, #11771, #3357, .T. ) ;
#5221 = FACE_OUTER_BOUND ( 'NONE', #6663, .T. ) ;
#5222 = VERTEX_POINT ( 'NONE', #3485 ) ;
#5223 = CARTESIAN_POINT ( 'NONE',  ( 6.000000000000000000, 0.000000000000000000, 16.00000000000000000 ) ) ;
#5224 = EDGE_LOOP ( 'NONE', ( #322, #9750, #8996, #6487 ) ) ;
#5225 = CARTESIAN_POINT ( 'NONE',  ( 29.34333309900548414, 56.55741526174832501, 0.000000000000000000 ) ) ;
#5226 = ORIENTED_EDGE ( 'NONE', *, *, #9374, .T. ) ;
#5227 = AXIS2_PLACEMENT_3D ( 'NONE', #3628, #7563, #8369 ) ;
#5228 = CARTESIAN_POINT ( 'NONE',  ( 0.000000000000000000, 72.50000000000000000, 6.000000000000000000 ) ) ;
#5229 = VERTEX_POINT ( 'NONE', #8358 ) ;
#5230 = AXIS2_PLACEMENT_3D ( 'NONE', #944, #1937, #7782 ) ;
#5231 = ORIENTED_EDGE ( 'NONE', *, *, #11830, .F. ) ;
#5232 = SECURITY_CLASSIFICATION ( '', '', #4010 ) ;
#5233 = DIRECTION ( 'NONE',  ( 1.000000000000000000, -0.000000000000000000, -0.000000000000000000 ) ) ;
#5234 = AXIS2_PLACEMENT_3D ( 'NONE', #1237, #1105, #264 ) ;
#5235 = DIRECTION ( 'NONE',  ( -1.000000000000000000, 0.000000000000000000, -0.000000000000000000 ) ) ;
#5236 = EDGE_CURVE ( 'NONE', #7145, #2813, #7418, .T. ) ;
#5237 = PERSON_AND_ORGANIZATION ( #12991, #11636 ) ;
#5238 = CONTEXT_DEPENDENT_SHAPE_REPRESENTATION ( #1263, #3253 ) ;
#5239 = DIRECTION ( 'NONE',  ( -0.000000000000000000, -0.000000000000000000, -1.000000000000000000 ) ) ;
#5240 = AXIS2_PLACEMENT_3D ( 'NONE', #10918, #12265, #3187 ) ;
#5241 = CARTESIAN_POINT ( 'NONE',  ( -0.5999999999999998668, 9.000000000000000000, 10.00000000000000000 ) ) ;
#5242 = AXIS2_PLACEMENT_3D ( 'NONE', #12081, #8289, #5054 ) ;
#5243 = CARTESIAN_POINT ( 'NONE',  ( 20.00000000000000000, -6.000000000000000152E-06, 10.30000000000000071 ) ) ;
#5244 = ORIENTED_EDGE ( 'NONE', *, *, #7635, .T. ) ;
#5245 = ORIENTED_EDGE ( 'NONE', *, *, #10843, .T. ) ;
#5246 = AXIS2_PLACEMENT_3D ( 'NONE', #9163, #8304, #4359 ) ;
#5247 = EDGE_LOOP ( 'NONE', ( #474, #12776, #10028, #4591 ) ) ;
#5248 = VERTEX_POINT ( 'NONE', #10619 ) ;
#5249 = AXIS2_PLACEMENT_3D ( 'NONE', #729, #4730, #8763 ) ;
#5250 = VECTOR ( 'NONE', #5562, 1000.000000000000000 ) ;
#5251 = FACE_BOUND ( 'NONE', #525, .T. ) ;
#5252 = ADVANCED_FACE ( 'NONE', ( #11419 ), #6605, .F. ) ;
#5253 = CARTESIAN_POINT ( 'NONE',  ( -24.30000000000000071, 45.00000000000000000, -1.200000000000000030E-05 ) ) ;
#5254 = PLANE ( 'NONE',  #11153 ) ;
#5255 = AXIS2_PLACEMENT_3D ( 'NONE', #5920, #11893, #9907 ) ;
#5256 = CARTESIAN_POINT ( 'NONE',  ( -5.141514269807108128, -7.515604930472246537, 0.000000000000000000 ) ) ;
#5257 = CIRCLE ( 'NONE', #10335, 2.500000000000000000 ) ;
#5258 = ORIENTED_EDGE ( 'NONE', *, *, #7695, .F. ) ;
#5259 = PRODUCT ( 'V3_REF_wheel_D60', 'V3_REF_wheel_D60', '', ( #4422 ) ) ;
#5260 = AXIS2_PLACEMENT_3D ( 'NONE', #1753, #8925, #12978 ) ;
#5261 = LINE ( 'NONE', #11213, #11521 ) ;
#5262 = AXIS2_PLACEMENT_3D ( 'NONE', #11774, #8918, #12971 ) ;
#5263 = ORIENTED_EDGE ( 'NONE', *, *, #9785, .T. ) ;
#5264 =( NAMED_UNIT ( * ) PLANE_ANGLE_UNIT ( ) SI_UNIT ( $, .RADIAN. ) );
#5265 = EDGE_LOOP ( 'NONE', ( #954, #8709 ) ) ;
#5266 = PERSON_AND_ORGANIZATION ( #12991, #11636 ) ;
#5267 = DIRECTION ( 'NONE',  ( -1.000000000000000000, 0.000000000000000000, 0.000000000000000000 ) ) ;
#5268 = APPROVAL_DATE_TIME ( #4219, #8089 ) ;
#5269 = DIRECTION ( 'NONE',  ( -0.000000000000000000, -0.000000000000000000, -1.000000000000000000 ) ) ;
#5270 = EDGE_CURVE ( 'NONE', #12388, #1759, #4071, .T. ) ;
#5271 = APPROVAL_DATE_TIME ( #5332, #6473 ) ;
#5272 = EDGE_CURVE ( 'NONE', #2758, #10596, #845, .T. ) ;
#5273 = VECTOR ( 'NONE', #7300, 1000.000000000000000 ) ;
#5274 = CARTESIAN_POINT ( 'NONE',  ( 14.00000000000000000, 0.000000000000000000, 18.00000000000000355 ) ) ;
#5275 = CARTESIAN_POINT ( 'NONE',  ( -20.00000000000000000, 12.00000000000000000, 2.000000000000000000 ) ) ;
#5276 = CARTESIAN_POINT ( 'NONE',  ( -34.00000000000000000, -5.000000000000000000, 28.00000000000000000 ) ) ;
#5277 = EDGE_CURVE ( 'NONE', #448, #1710, #1445, .T. ) ;
#5278 = DIRECTION ( 'NONE',  ( 0.000000000000000000, 0.000000000000000000, -1.000000000000000000 ) ) ;
#5279 = DIRECTION ( 'NONE',  ( 1.000000000000000000, 0.000000000000000000, 0.000000000000000000 ) ) ;
#5280 = CARTESIAN_POINT ( 'NONE',  ( 12.00000000000000000, 7.000000000000000000, 15.00000000000000000 ) ) ;
#5281 = EDGE_LOOP ( 'NONE', ( #739, #4822, #460, #5244 ) ) ;
#5282 = DIRECTION ( 'NONE',  ( -0.000000000000000000, -1.000000000000000000, -0.000000000000000000 ) ) ;
#5283 = ORIENTED_EDGE ( 'NONE', *, *, #5754, .F. ) ;
#5284 = CARTESIAN_POINT ( 'NONE',  ( -2.500000000000000000, 0.000000000000000000, 5.000000000000000000 ) ) ;
#5285 = VERTEX_POINT ( 'NONE', #8631 ) ;
#5286 = DIRECTION ( 'NONE',  ( 0.000000000000000000, 0.000000000000000000, -1.000000000000000000 ) ) ;
#5287 = CC_DESIGN_PERSON_AND_ORGANIZATION_ASSIGNMENT ( #563, #12658, ( #788 ) ) ;
#5288 = CC_DESIGN_PERSON_AND_ORGANIZATION_ASSIGNMENT ( #7348, #8495, ( #7191 ) ) ;
#5289 = DIRECTION ( 'NONE',  ( -1.000000000000000000, 0.000000000000000000, 0.000000000000000000 ) ) ;
#5290 = PRODUCT_DEFINITION_FORMATION_WITH_SPECIFIED_SOURCE ( 'ä»', '', #12866, .NOT_KNOWN. ) ;
#5291 = ITEM_DEFINED_TRANSFORMATION ( 'NONE', 'NONE', #7161,  #1284 ) ;
#5292 = CARTESIAN_POINT ( 'NONE',  ( -18.30000000000000071, -14.00000000000000000, -6.000000000000000152E-06 ) ) ;
#5293 = FACE_OUTER_BOUND ( 'NONE', #10544, .T. ) ;
#5294 = CARTESIAN_POINT ( 'NONE',  ( -9.000000000000000000, 80.49999999999998579, 4.000000000000000000 ) ) ;
#5295 = VERTEX_POINT ( 'NONE', #4342 ) ;
#5296 = DIRECTION ( 'NONE',  ( -0.000000000000000000, -0.000000000000000000, -1.000000000000000000 ) ) ;
#5297 = EDGE_LOOP ( 'NONE', ( #5910, #613, #8669, #8346 ) ) ;
#5298 = DIRECTION ( 'NONE',  ( -1.000000000000000000, 0.000000000000000000, 0.000000000000000000 ) ) ;
#5299 = LOCAL_TIME ( 12, 23, 36.00000000000000000, #2877 ) ;
#5300 = ORIENTED_EDGE ( 'NONE', *, *, #2029, .F. ) ;
#5301 = ORIENTED_EDGE ( 'NONE', *, *, #3946, .T. ) ;
#5302 = FACE_OUTER_BOUND ( 'NONE', #8132, .T. ) ;
#5303 = EDGE_CURVE ( 'NONE', #11950, #8288, #3372, .T. ) ;
#5304 = FACE_OUTER_BOUND ( 'NONE', #12130, .T. ) ;
#5305 = CARTESIAN_POINT ( 'NONE',  ( 10.00000000000000000, -10.00000000000000000, 0.000000000000000000 ) ) ;
#5306 = COORDINATED_UNIVERSAL_TIME_OFFSET ( 5, 0, .BEHIND. ) ;
#5307 = CARTESIAN_POINT ( 'NONE',  ( -9.000000000000000000, -6.000000000000000152E-06, 2.299999999999999822 ) ) ;
#5308 = CC_DESIGN_APPROVAL ( #3682, ( #2789 ) ) ;
#5309 = DIRECTION ( 'NONE',  ( 1.000000000000000000, 0.000000000000000000, 0.000000000000000000 ) ) ;
#5310 = FACE_OUTER_BOUND ( 'NONE', #2956, .T. ) ;
#5311 = LINE ( 'NONE', #11467, #4106 ) ;
#5312 = DIRECTION ( 'NONE',  ( 0.000000000000000000, 0.000000000000000000, -1.000000000000000000 ) ) ;
#5313 = ORIENTED_EDGE ( 'NONE', *, *, #10029, .T. ) ;
#5314 = EDGE_CURVE ( 'NONE', #5444, #2303, #6623, .T. ) ;
#5315 = ORIENTED_EDGE ( 'NONE', *, *, #4928, .T. ) ;
#5316 = ORIENTED_EDGE ( 'NONE', *, *, #7678, .F. ) ;
#5317 = CARTESIAN_POINT ( 'NONE',  ( -8.774916005108313044, 67.69993048876644082, 0.000000000000000000 ) ) ;
#5318 = DIRECTION ( 'NONE',  ( 0.000000000000000000, 0.000000000000000000, 1.000000000000000000 ) ) ;
#5319 = CARTESIAN_POINT ( 'NONE',  ( 6.000000000000000000, -1.300000000000000044, 0.000000000000000000 ) ) ;
#5320 = PERSON_AND_ORGANIZATION_ROLE ( 'classification_officer' ) ;
#5321 = FACE_OUTER_BOUND ( 'NONE', #11331, .T. ) ;
#5322 = ORIENTED_EDGE ( 'NONE', *, *, #3819, .T. ) ;
#5323 = DIRECTION ( 'NONE',  ( 1.000000000000000000, 0.000000000000000000, 0.000000000000000000 ) ) ;
#5324 = VERTEX_POINT ( 'NONE', #9494 ) ;
#5325 = ADVANCED_FACE ( 'NONE', ( #1519, #7613 ), #11672, .T. ) ;
#5326 = ORIENTED_EDGE ( 'NONE', *, *, #6420, .F. ) ;
#5327 = EDGE_CURVE ( 'NONE', #7097, #6155, #9360, .T. ) ;
#5328 = APPROVAL_STATUS ( 'not_yet_approved' ) ;
#5329 = LINE ( 'NONE', #11554, #5443 ) ;
#5330 = CARTESIAN_POINT ( 'NONE',  ( 21.04297226076404925, 15.36128909900278749, -0.000000000000000000 ) ) ;
#5331 = DIRECTION ( 'NONE',  ( -0.000000000000000000, -0.000000000000000000, -1.000000000000000000 ) ) ;
#5332 = DATE_AND_TIME ( #1327, #6250 ) ;
#5333 = CARTESIAN_POINT ( 'NONE',  ( 5.799999999999999822, 70.00000000000000000, 5.200000000000000178 ) ) ;
#5334 = ADVANCED_FACE ( 'NONE', ( #5321 ), #12422, .F. ) ;
#5335 = FACE_OUTER_BOUND ( 'NONE', #5752, .T. ) ;
#5336 = DIRECTION ( 'NONE',  ( -0.000000000000000000, -0.000000000000000000, -1.000000000000000000 ) ) ;
#5337 = DIRECTION ( 'NONE',  ( 0.000000000000000000, -0.000000000000000000, -1.000000000000000000 ) ) ;
#5338 = CARTESIAN_POINT ( 'NONE',  ( 0.000000000000000000, 40.00000000000000000, 40.00000000000000000 ) ) ;
#5339 = EDGE_CURVE ( 'NONE', #11790, #6773, #9426, .T. ) ;
#5340 = EDGE_CURVE ( 'NONE', #12186, #6325, #473, .T. ) ;
#5341 = CARTESIAN_POINT ( 'NONE',  ( -14.00000000000000000, 0.000000000000000000, 0.000000000000000000 ) ) ;
#5342 = ORIENTED_EDGE ( 'NONE', *, *, #1189, .T. ) ;
#5343 = ORIENTED_EDGE ( 'NONE', *, *, #9217, .T. ) ;
#5344 = CARTESIAN_POINT ( 'NONE',  ( 20.00000000000000000, -14.00000000000000000, 5.000000000000000000 ) ) ;
#5345 = ORIENTED_EDGE ( 'NONE', *, *, #18, .T. ) ;
#5346 = CARTESIAN_POINT ( 'NONE',  ( -21.48439506952757228, 14.85848573019289454, 0.000000000000000000 ) ) ;
#5347 = EDGE_CURVE ( 'NONE', #6717, #8908, #3728, .T. ) ;
#5348 = DIRECTION ( 'NONE',  ( -0.000000000000000000, -0.000000000000000000, 1.000000000000000000 ) ) ;
#5349 = DIRECTION ( 'NONE',  ( 0.000000000000000000, -1.000000000000000000, 0.000000000000000000 ) ) ;
#5350 = DIRECTION ( 'NONE',  ( -0.000000000000000000, -1.000000000000000000, -0.000000000000000000 ) ) ;
#5351 = CARTESIAN_POINT ( 'NONE',  ( 20.00000000000000000, -12.00000000000000000, 2.000000000000000000 ) ) ;
#5352 = ORIENTED_EDGE ( 'NONE', *, *, #1765, .T. ) ;
#5353 = EDGE_CURVE ( 'NONE', #13002, #9969, #12933, .T. ) ;
#5354 = DIRECTION ( 'NONE',  ( 0.000000000000000000, 0.000000000000000000, -1.000000000000000000 ) ) ;
#5355 = EDGE_CURVE ( 'NONE', #12198, #6458, #2650, .T. ) ;
#5356 = CC_DESIGN_DATE_AND_TIME_ASSIGNMENT ( #11557, #7566, ( #7314 ) ) ;
#5357 = EDGE_LOOP ( 'NONE', ( #421, #6786, #9377, #11145 ) ) ;
#5358 = CARTESIAN_POINT ( 'NONE',  ( 0.000000000000000000, 0.000000000000000000, 0.000000000000000000 ) ) ;
#5359 = ORIENTED_EDGE ( 'NONE', *, *, #11975, .T. ) ;
#5360 = CARTESIAN_POINT ( 'NONE',  ( 29.63880920472481506, 64.95712604297240489, 0.000000000000000000 ) ) ;
#5361 = ORIENTED_EDGE ( 'NONE', *, *, #12931, .T. ) ;
#5362 = ORIENTED_EDGE ( 'NONE', *, *, #964, .T. ) ;
#5363 = CYLINDRICAL_SURFACE ( 'NONE', #10550, 1.700000000000000178 ) ;
#5364 = DIRECTION ( 'NONE',  ( 1.000000000000000000, 0.000000000000000000, 0.000000000000000000 ) ) ;
#5365 = B_SPLINE_CURVE_WITH_KNOTS ( 'NONE', 3,
 ( #2551, #5632, #1509, #9738, #3609, #712, #520, #7603, #8620, #1702, #8547, #5512, #6536, #2410, #3477, #11532, #6664, #9548 ),
 .UNSPECIFIED., .F., .F.,
 ( 4, 2, 2, 2, 2, 2, 2, 2, 4 ),
 ( 0.000000000000000000, 0.06250000000000000000, 0.1250000000000000000, 0.1875000000000000000, 0.2500000000000000000, 0.3125000000000000000, 0.3750000000000000000, 0.4375000000000000000, 0.5000000000000000000 ),
 .UNSPECIFIED. ) ;
#5366 = PRODUCT_DEFINITION_SHAPE ( 'NONE', 'NONE',  #13065 ) ;
#5367 = CARTESIAN_POINT ( 'NONE',  ( -1.634255756361377543, 2.027746979026365359, 0.000000000000000000 ) ) ;
#5368 = COORDINATED_UNIVERSAL_TIME_OFFSET ( 5, 0, .BEHIND. ) ;
#5369 = DATE_AND_TIME ( #3053, #4375 ) ;
#5370 = CARTESIAN_POINT ( 'NONE',  ( 10.55017837208570519, 9.206882368080758994, 8.299999999999998934 ) ) ;
#5371 = CARTESIAN_POINT ( 'NONE',  ( 18.51547649045640753, -0.000000000000000000, 12.85853893179063867 ) ) ;
#5372 = EDGE_LOOP ( 'NONE', ( #8768, #12728, #9154, #10934 ) ) ;
#5373 = CC_DESIGN_PERSON_AND_ORGANIZATION_ASSIGNMENT ( #12216, #13010, ( #12858 ) ) ;
#5374 = ADVANCED_FACE ( 'NONE', ( #11997, #6672, #4909 ), #9683, .F. ) ;
#5375 = ORIENTED_EDGE ( 'NONE', *, *, #9553, .F. ) ;
#5376 =( NAMED_UNIT ( * ) PLANE_ANGLE_UNIT ( ) SI_UNIT ( $, .RADIAN. ) );
#5377 = AXIS2_PLACEMENT_3D ( 'NONE', #4212, #6413, #10483 ) ;
#5378 = ORIENTED_EDGE ( 'NONE', *, *, #9843, .F. ) ;
#5379 = VERTEX_POINT ( 'NONE', #847 ) ;
#5380 = CARTESIAN_POINT ( 'NONE',  ( 21.36119079527021114, -12.95712604296852355, 0.000000000000000000 ) ) ;
#5381 = LINE ( 'NONE', #3145, #833 ) ;
#5382 = CYLINDRICAL_SURFACE ( 'NONE', #7951, 1.700000000000000178 ) ;
#5383 = VECTOR ( 'NONE', #10095, 1000.000000000000000 ) ;
#5384 = PERSON_AND_ORGANIZATION_ROLE ( 'design_supplier' ) ;
#5385 = DIRECTION ( 'NONE',  ( 1.000000000000000000, 0.000000000000000000, 0.000000000000000000 ) ) ;
#5386 = ORIENTED_EDGE ( 'NONE', *, *, #7501, .F. ) ;
#5387 = CARTESIAN_POINT ( 'NONE',  ( 32.70000000000000284, 57.00000000000000000, -1.200000000000000030E-05 ) ) ;
#5388 = ORIENTED_EDGE ( 'NONE', *, *, #699, .T. ) ;
#5389 = DIRECTION ( 'NONE',  ( -1.000000000000000000, 0.000000000000000000, 0.000000000000000000 ) ) ;
#5390 = CARTESIAN_POINT ( 'NONE',  ( 11.90000000000000036, -6.400000000000000355, 3.000000000000000000 ) ) ;
#5391 = PERSON_AND_ORGANIZATION_ROLE ( 'design_owner' ) ;
#5392 = VERTEX_POINT ( 'NONE', #3674 ) ;
#5393 = VECTOR ( 'NONE', #12890, 1000.000000000000000 ) ;
#5394 = APPROVAL_ROLE ( '' ) ;
#5395 = CARTESIAN_POINT ( 'NONE',  ( 21.65666690099451586, 14.44258473825130729, -0.000000000000000000 ) ) ;
#5396 = DATE_AND_TIME ( #8445, #9017 ) ;
#5397 = CARTESIAN_POINT ( 'NONE',  ( 20.00000000000000000, 14.00000000000000000, 5.000000000000000000 ) ) ;
#5398 = APPROVAL_STATUS ( 'not_yet_approved' ) ;
#5399 = DIRECTION ( 'NONE',  ( 1.000000000000000000, 0.000000000000000000, 0.000000000000000000 ) ) ;
#5400 = CARTESIAN_POINT ( 'NONE',  ( -9.000000000000000000, -6.000000000000000152E-06, 14.69999999999999929 ) ) ;
#5401 = CARTESIAN_POINT ( 'NONE',  ( 18.30000000000000071, -14.00000000000000000, 5.000000000000000000 ) ) ;
#5402 = EDGE_CURVE ( 'NONE', #7439, #506, #4780, .T. ) ;
#5403 = DIRECTION ( 'NONE',  ( -0.000000000000000000, -0.000000000000000000, 1.000000000000000000 ) ) ;
#5404 = CIRCLE ( 'NONE', #8566, 1.700000000000000178 ) ;
#5405 = VECTOR ( 'NONE', #10353, 1000.000000000000000 ) ;
#5406 = SECURITY_CLASSIFICATION ( '', '', #3301 ) ;
#5407 = CARTESIAN_POINT ( 'NONE',  ( -9.119842274437594654, 10.62218046192215226, 10.52516039174336804 ) ) ;
#5408 = DIRECTION ( 'NONE',  ( -1.000000000000000000, 0.000000000000000000, 0.000000000000000000 ) ) ;
#5409 = AXIS2_PLACEMENT_3D ( 'NONE', #7022, #3029, #12097 ) ;
#5410 = VERTEX_POINT ( 'NONE', #2811 ) ;
#5411 = COORDINATED_UNIVERSAL_TIME_OFFSET ( 5, 0, .BEHIND. ) ;
#5412 = ORIENTED_EDGE ( 'NONE', *, *, #719, .T. ) ;
#5413 = DESIGN_CONTEXT ( 'detailed design', #11960, 'design' ) ;
#5414 = PLANE ( 'NONE',  #998 ) ;
#5415 = ORIENTED_EDGE ( 'NONE', *, *, #1673, .T. ) ;
#5416 = CIRCLE ( 'NONE', #990, 1.700000000000000178 ) ;
#5417 = CARTESIAN_POINT ( 'NONE',  ( 9.047774080068554881, 10.68363060322405289, 8.231058013007709562 ) ) ;
#5418 = PRODUCT ( 'V3_08_SG90_mount', 'V3_08_SG90_mount', '', ( #8863 ) ) ;
#5419 = DIRECTION ( 'NONE',  ( -1.000000000000000000, 0.000000000000000000, -0.000000000000000000 ) ) ;
#5420 = EDGE_CURVE ( 'NONE', #5817, #1306, #6789, .T. ) ;
#5421 = CARTESIAN_POINT ( 'NONE',  ( -12.95702773924156759, 71.36128909900689621, -0.000000000000000000 ) ) ;
#5422 = CIRCLE ( 'NONE', #9850, 1.700000000000000178 ) ;
#5423 = LINE ( 'NONE', #12321, #2308 ) ;
#5424 = VECTOR ( 'NONE', #11082, 1000.000000000000000 ) ;
#5425 = CARTESIAN_POINT ( 'NONE',  ( 30.55753025008650781, -0.000000000000000000, 5.656865068423062581 ) ) ;
#5426 = APPROVAL_PERSON_ORGANIZATION ( #6974, #6220, #13039 ) ;
#5427 = ADVANCED_FACE ( 'NONE', ( #1823 ), #905, .F. ) ;
#5428 = ORIENTED_EDGE ( 'NONE', *, *, #7078, .F. ) ;
#5429 = LINE ( 'NONE', #11703, #2242 ) ;
#5430 = VERTEX_POINT ( 'NONE', #6851 ) ;
#5431 = CARTESIAN_POINT ( 'NONE',  ( 31.22508399489206354, 64.29993048876646355, -0.000000000000000000 ) ) ;
#5432 = EDGE_LOOP ( 'NONE', ( #13026, #9172, #4665, #429, #4600, #11663, #8804, #12741, #5231, #6091, #10418, #3407 ) ) ;
#5433 = DIRECTION ( 'NONE',  ( -0.000000000000000000, -0.000000000000000000, 1.000000000000000000 ) ) ;
#5434 = VERTEX_POINT ( 'NONE', #8932 ) ;
#5435 = VECTOR ( 'NONE', #6953, 1000.000000000000000 ) ;
#5436 = DIRECTION ( 'NONE',  ( 1.000000000000000000, 0.000000000000000000, 0.000000000000000000 ) ) ;
#5437 = ADVANCED_FACE ( 'NONE', ( #10928 ), #9939, .T. ) ;
#5438 = CARTESIAN_POINT ( 'NONE',  ( -11.50000000000000000, 6.000000000000000000, 22.00000000000000000 ) ) ;
#5439 = EDGE_CURVE ( 'NONE', #11987, #10117, #4847, .T. ) ;
#5440 = CARTESIAN_POINT ( 'NONE',  ( -9.000000000000000000, 59.50000000000000000, 2.299999999999999822 ) ) ;
#5441 = CARTESIAN_POINT ( 'NONE',  ( 3.000000000000000000, 0.000000000000000000, 3.000000000000000000 ) ) ;
#5442 = CARTESIAN_POINT ( 'NONE',  ( -7.343134931576937419, 56.55753025008697676, -0.000000000000000000 ) ) ;
#5443 = VECTOR ( 'NONE', #3438, 1000.000000000000000 ) ;
#5444 = VERTEX_POINT ( 'NONE', #4664 ) ;
#5445 = CARTESIAN_POINT ( 'NONE',  ( -6.442637939847513096, -10.65679534101080783, -0.000000000000000000 ) ) ;
#5446 = CC_DESIGN_APPROVAL ( #9896, ( #11451 ) ) ;
#5447 = ORIENTED_EDGE ( 'NONE', *, *, #6037, .T. ) ;
#5448 = DIRECTION ( 'NONE',  ( 0.000000000000000000, 0.000000000000000000, -1.000000000000000000 ) ) ;
#5449 =( LENGTH_UNIT ( ) NAMED_UNIT ( * ) SI_UNIT ( .MILLI., .METRE. ) );
#5450 = VERTEX_POINT ( 'NONE', #12988 ) ;
#5451 = VERTEX_POINT ( 'NONE', #3909 ) ;
#5452 = PERSON_AND_ORGANIZATION ( #7438, #188 ) ;
#5453 = CARTESIAN_POINT ( 'NONE',  ( 19.55741526174779210, -12.34333309900638653, 0.000000000000000000 ) ) ;
#5454 = CC_DESIGN_PERSON_AND_ORGANIZATION_ASSIGNMENT ( #1298, #2205, ( #10893 ) ) ;
#5455 = VECTOR ( 'NONE', #1214, 1000.000000000000000 ) ;
#5456 = CC_DESIGN_DATE_AND_TIME_ASSIGNMENT ( #9853, #2846, ( #7770 ) ) ;
#5457 =( REPRESENTATION_RELATIONSHIP ('NONE','NONE', #6877, #5479 ) REPRESENTATION_RELATIONSHIP_WITH_TRANSFORMATION ( #6238 )SHAPE_REPRESENTATION_RELATIONSHIP( ) );
#5458 = LOCAL_TIME ( 12, 23, 36.00000000000000000, #241 ) ;
#5459 = LINE ( 'NONE', #2560, #12001 ) ;
#5460 = APPROVAL_STATUS ( 'not_yet_approved' ) ;
#5461 = DIRECTION ( 'NONE',  ( 1.000000000000000000, 0.000000000000000000, 0.000000000000000000 ) ) ;
#5462 = ORIENTED_EDGE ( 'NONE', *, *, #2768, .F. ) ;
#5463 = DIRECTION ( 'NONE',  ( -1.000000000000000000, -0.000000000000000000, -0.000000000000000000 ) ) ;
#5464 = ORIENTED_EDGE ( 'NONE', *, *, #11696, .T. ) ;
#5465 = CARTESIAN_POINT ( 'NONE',  ( 9.840129390273625987, 9.961135384681570670, 11.41787171665996325 ) ) ;
#5466 = CIRCLE ( 'NONE', #5034, 14.00000000000000000 ) ;
#5467 = ORIENTED_EDGE ( 'NONE', *, *, #9057, .F. ) ;
#5468 = CIRCLE ( 'NONE', #12221, 30.00000000000000000 ) ;
#5469 = DIRECTION ( 'NONE',  ( -1.000000000000000000, 0.000000000000000000, -0.000000000000000000 ) ) ;
#5470 = CARTESIAN_POINT ( 'NONE',  ( -12.80000000000000071, 2.000000000000000000, 0.000000000000000000 ) ) ;
#5471 = PERSON_AND_ORGANIZATION ( #12991, #11636 ) ;
#5472 = DIRECTION ( 'NONE',  ( 1.000000000000000000, 0.000000000000000000, 0.000000000000000000 ) ) ;
#5473 = PERSON_AND_ORGANIZATION_ROLE ( 'design_supplier' ) ;
#5474 = EDGE_CURVE ( 'NONE', #5483, #8441, #5708, .T. ) ;
#5475 = DIRECTION ( 'NONE',  ( -1.000000000000000000, 0.000000000000000000, 0.000000000000000000 ) ) ;
#5476 = CARTESIAN_POINT ( 'NONE',  ( -16.00000000000000000, 6.000000000000000000, 18.00000000000000355 ) ) ;
#5477 = AXIS2_PLACEMENT_3D ( 'NONE', #9584, #5349, #10393 ) ;
#5478 = CIRCLE ( 'NONE', #1485, 1.700000000000000178 ) ;
#5479 = SHAPE_REPRESENTATION ( 'V3_bin_180x143x80', ( #1284 ), #1502 ) ;
#5480 = CARTESIAN_POINT ( 'NONE',  ( -18.63871090099695849, -15.04297226076379168, -0.000000000000000000 ) ) ;
#5481 = CARTESIAN_POINT ( 'NONE',  ( 186.0000000000000000, 149.0000000000000000, 3.000000000000000000 ) ) ;
#5482 = LINE ( 'NONE', #9242, #12677 ) ;
#5483 = VERTEX_POINT ( 'NONE', #4720 ) ;
#5484 = ADVANCED_FACE ( 'NONE', ( #254 ), #10131, .F. ) ;
#5485 = PRODUCT_DEFINITION_SHAPE ( 'NONE', 'NONE',  #13071 ) ;
#5486 = AXIS2_PLACEMENT_3D ( 'NONE', #11033, #3022, #10963 ) ;
#5487 = ORIENTED_EDGE ( 'NONE', *, *, #2, .T. ) ;
#5488 = CARTESIAN_POINT ( 'NONE',  ( -37.50000000000000000, -10.00000000000000000, 28.00000000000000000 ) ) ;
#5489 = DIRECTION ( 'NONE',  ( -1.000000000000000000, -0.000000000000000000, -0.000000000000000000 ) ) ;
#5490 = PERSON_AND_ORGANIZATION ( #12991, #11636 ) ;
#5491 = CARTESIAN_POINT ( 'NONE',  ( -7.957027739237105379, -0.000000000000000000, 11.63871090099642558 ) ) ;
#5492 = DIRECTION ( 'NONE',  ( 0.000000000000000000, 0.000000000000000000, -1.000000000000000000 ) ) ;
#5493 = AXIS2_PLACEMENT_3D ( 'NONE', #8111, #6785, #11054 ) ;
#5494 = DIRECTION ( 'NONE',  ( 0.000000000000000000, -1.000000000000000000, 0.000000000000000000 ) ) ;
#5495 = CARTESIAN_POINT ( 'NONE',  ( -8.557415261748692714, -0.000000000000000000, 5.656666900994515856 ) ) ;
#5496 = ORIENTED_EDGE ( 'NONE', *, *, #4341, .T. ) ;
#5497 = LINE ( 'NONE', #12529, #786 ) ;
#5498 = ORIENTED_EDGE ( 'NONE', *, *, #4110, .T. ) ;
#5499 = EDGE_CURVE ( 'NONE', #11518, #12311, #3463, .T. ) ;
#5500 = CARTESIAN_POINT ( 'NONE',  ( 32.48432534211530509, 65.14134607987155334, 0.000000000000000000 ) ) ;
#5501 = EDGE_LOOP ( 'NONE', ( #11117, #3281, #5345, #9608 ) ) ;
#5502 = ORIENTED_EDGE ( 'NONE', *, *, #2849, .T. ) ;
#5503 = AXIS2_PLACEMENT_3D ( 'NONE', #2986, #6843, #7040 ) ;
#5504 = CARTESIAN_POINT ( 'NONE',  ( 10.72380529476361133, 9.000000000000000000, 8.300000000000000711 ) ) ;
#5505 = MECHANICAL_CONTEXT ( 'NONE', #6936, 'mechanical' ) ;
#5506 = DIRECTION ( 'NONE',  ( 1.000000000000000000, -0.000000000000000000, 0.000000000000000000 ) ) ;
#5507 = PERSON_AND_ORGANIZATION ( #9816, #11959 ) ;
#5508 = DIRECTION ( 'NONE',  ( -1.000000000000000000, 0.000000000000000000, 0.000000000000000000 ) ) ;
#5509 = CARTESIAN_POINT ( 'NONE',  ( -9.225083994884121452, 55.30006951123653636, 0.000000000000000000 ) ) ;
#5510 = ORIENTED_EDGE ( 'NONE', *, *, #5965, .F. ) ;
#5511 = CIRCLE ( 'NONE', #8673, 14.00000000000000000 ) ;
#5512 = CARTESIAN_POINT ( 'NONE',  ( 5.141461068210001706, -7.515476490456138414, -0.000000000000000000 ) ) ;
#5513 = AXIS2_PLACEMENT_3D ( 'NONE', #921, #3933, #7945 ) ;
#5514 = VERTEX_POINT ( 'NONE', #1094 ) ;
#5515 = ADVANCED_FACE ( 'NONE', ( #12065, #41, #8129, #1226, #1955, #3260, #4050, #9991, #6072, #11002, #5163, #9133, #12195 ), #3197, .F. ) ;
#5516 = CARTESIAN_POINT ( 'NONE',  ( 123.1415142698059100, -1.484395069527666422, 0.000000000000000000 ) ) ;
#5517 = EDGE_CURVE ( 'NONE', #2557, #8278, #9401, .T. ) ;
#5518 = ORIENTED_EDGE ( 'NONE', *, *, #9864, .T. ) ;
#5519 = EDGE_LOOP ( 'NONE', ( #1096, #10009, #6443, #8107 ) ) ;
#5520 = LINE ( 'NONE', #9554, #10686 ) ;
#5521 = APPROVAL_PERSON_ORGANIZATION ( #12138, #3898, #8944 ) ;
#5522 = APPROVAL_DATE_TIME ( #3206, #1591 ) ;
#5523 = CARTESIAN_POINT ( 'NONE',  ( 0.000000000000000000, 0.000000000000000000, 16.00000000000000000 ) ) ;
#5524 = ORIENTED_EDGE ( 'NONE', *, *, #2171, .T. ) ;
#5525 = VERTEX_POINT ( 'NONE', #8273 ) ;
#5526 = DIRECTION ( 'NONE',  ( 0.000000000000000000, 0.000000000000000000, 1.000000000000000000 ) ) ;
#5527 = CARTESIAN_POINT ( 'NONE',  ( 0.000000000000000000, 0.000000000000000000, 0.000000000000000000 ) ) ;
#5528 = PERSON_AND_ORGANIZATION ( #12991, #11636 ) ;
#5529 = ADVANCED_FACE ( 'NONE', ( #2078 ), #2151, .F. ) ;
#5530 = CC_DESIGN_PERSON_AND_ORGANIZATION_ASSIGNMENT ( #9540, #512, ( #12350 ) ) ;
#5531 = ORIENTED_EDGE ( 'NONE', *, *, #8661, .T. ) ;
#5532 = LINE ( 'NONE', #2500, #404 ) ;
#5533 = DIRECTION ( 'NONE',  ( -1.000000000000000000, 0.000000000000000000, -0.000000000000000000 ) ) ;
#5534 = DIRECTION ( 'NONE',  ( -0.000000000000000000, -0.000000000000000000, -1.000000000000000000 ) ) ;
#5535 = DATE_TIME_ROLE ( 'creation_date' ) ;
#5536 = CARTESIAN_POINT ( 'NONE',  ( -15.19999999999999929, -2.000000000000000000, -1.200000000000000030E-05 ) ) ;
#5537 = CARTESIAN_POINT ( 'NONE',  ( 0.000000000000000000, 0.000000000000000000, 4.000000000000000000 ) ) ;
#5538 = PLANE ( 'NONE',  #7647 ) ;
#5539 = CARTESIAN_POINT ( 'NONE',  ( 29.30006951123579739, 66.22508399488370401, -0.000000000000000000 ) ) ;
#5540 = CARTESIAN_POINT ( 'NONE',  ( 14.00000000000000000, 1.714505518806294638E-15, 6.000000000000000000 ) ) ;
#5541 = CARTESIAN_POINT ( 'NONE',  ( -10.48439506952757228, 57.85848573019363528, 0.000000000000000000 ) ) ;
#5542 = ADVANCED_FACE ( 'NONE', ( #6142 ), #2007, .F. ) ;
#5543 = ORIENTED_EDGE ( 'NONE', *, *, #11474, .F. ) ;
#5544 = EDGE_LOOP ( 'NONE', ( #7184, #3248, #181, #2498 ) ) ;
#5545 = DIRECTION ( 'NONE',  ( 0.000000000000000000, 0.000000000000000000, 1.000000000000000000 ) ) ;
#5546 = AXIS2_PLACEMENT_3D ( 'NONE', #8544, #6532, #7718 ) ;
#5547 = DIRECTION ( 'NONE',  ( -1.000000000000000000, 0.000000000000000000, 0.000000000000000000 ) ) ;
#5548 = DATE_AND_TIME ( #2520, #3434 ) ;
#5549 = CARTESIAN_POINT ( 'NONE',  ( -8.557362060151589844, -0.000000000000000000, 11.34320465898919217 ) ) ;
#5550 = DIRECTION ( 'NONE',  ( 1.000000000000000000, 0.000000000000000000, 0.000000000000000000 ) ) ;
#5551 = LINE ( 'NONE', #3313, #4832 ) ;
#5552 = CARTESIAN_POINT ( 'NONE',  ( -11.63076285169010404, 7.793297916477738951, 9.702568250682380935 ) ) ;
#5553 = CARTESIAN_POINT ( 'NONE',  ( 31.19999999999999929, 0.000000000000000000, 0.000000000000000000 ) ) ;
#5554 = CARTESIAN_POINT ( 'NONE',  ( 29.95712604296798887, 0.000000000000000000, 2.638809204731805469 ) ) ;
#5555 = VERTEX_POINT ( 'NONE', #7193 ) ;
#5556 = DIRECTION ( 'NONE',  ( 0.000000000000000000, 1.000000000000000000, 0.000000000000000000 ) ) ;
#5557 = ORIENTED_EDGE ( 'NONE', *, *, #2525, .F. ) ;
#5558 = LINE ( 'NONE', #10407, #3986 ) ;
#5559 = VERTEX_POINT ( 'NONE', #10060 ) ;
#5560 = ORIENTED_EDGE ( 'NONE', *, *, #3509, .F. ) ;
#5561 = CARTESIAN_POINT ( 'NONE',  ( 118.3810499613777267, -11.00000000000000000, 0.000000000000000000 ) ) ;
#5562 = DIRECTION ( 'NONE',  ( -0.000000000000000000, -0.000000000000000000, 1.000000000000000000 ) ) ;
#5563 = DIRECTION ( 'NONE',  ( 1.000000000000000000, 0.000000000000000000, 0.000000000000000000 ) ) ;
#5564 = COORDINATED_UNIVERSAL_TIME_OFFSET ( 5, 0, .BEHIND. ) ;
#5565 = LINE ( 'NONE', #9601, #1562 ) ;
#5566 = VECTOR ( 'NONE', #11941, 1000.000000000000000 ) ;
#5567 = EDGE_CURVE ( 'NONE', #7057, #4330, #1030, .T. ) ;
#5568 = CARTESIAN_POINT ( 'NONE',  ( 0.6000001017321888730, 2.529941645714209653, -8.999999999999988370E-06 ) ) ;
#5569 = ORIENTED_EDGE ( 'NONE', *, *, #3509, .T. ) ;
#5570 = ORIENTED_EDGE ( 'NONE', *, *, #12109, .T. ) ;
#5571 = CARTESIAN_POINT ( 'NONE',  ( 122.2999304887634509, -0.2250839948843424976, 0.000000000000000000 ) ) ;
#5572 = VERTEX_POINT ( 'NONE', #7055 ) ;
#5573 = ORIENTED_EDGE ( 'NONE', *, *, #5353, .T. ) ;
#5574 = CARTESIAN_POINT ( 'NONE',  ( 0.000000000000000000, 0.000000000000000000, 0.000000000000000000 ) ) ;
#5575 = EDGE_CURVE ( 'NONE', #5073, #323, #7002, .T. ) ;
#5576 = CARTESIAN_POINT ( 'NONE',  ( -7.699930488764023195, -8.774916005114528517, -0.000000000000000000 ) ) ;
#5577 = AXIS2_PLACEMENT_3D ( 'NONE', #4174, #8262, #12264 ) ;
#5578 = ORIENTED_EDGE ( 'NONE', *, *, #3072, .F. ) ;
#5579 = CARTESIAN_POINT ( 'NONE',  ( -6.000000000000000000, -9.000000000000000000, 3.000000000000000000 ) ) ;
#5580 = ORIENTED_EDGE ( 'NONE', *, *, #11830, .T. ) ;
#5581 = APPROVAL_ROLE ( '' ) ;
#5582 = CARTESIAN_POINT ( 'NONE',  ( -0.5999999999999998668, 2.529822128134703529, 12.00000000000000000 ) ) ;
#5583 = APPROVAL_STATUS ( 'not_yet_approved' ) ;
#5584 = ORIENTED_EDGE ( 'NONE', *, *, #10462, .T. ) ;
#5585 = LINE ( 'NONE', #9622, #5842 ) ;
#5586 = CARTESIAN_POINT ( 'NONE',  ( -5.500000000000000000, 0.000000000000000000, 26.00000000000000000 ) ) ;
#5587 = AXIS2_PLACEMENT_3D ( 'NONE', #2440, #10637, #9702 ) ;
#5588 = CARTESIAN_POINT ( 'NONE',  ( -11.50000000000000000, -6.000000000000000000, 22.00000000000000000 ) ) ;
#5589 = PERSON_AND_ORGANIZATION ( #12991, #11636 ) ;
#5590 = CARTESIAN_POINT ( 'NONE',  ( 0.000000000000000000, 3.000000000000000000, 149.0000000000000000 ) ) ;
#5591 = CARTESIAN_POINT ( 'NONE',  ( -10.36128909900368456, -0.000000000000000000, 11.95702773923684781 ) ) ;
#5592 = DATE_AND_TIME ( #7749, #262 ) ;
#5593 = ADVANCED_FACE ( 'NONE', ( #2476 ), #6410, .T. ) ;
#5594 = EDGE_CURVE ( 'NONE', #3202, #2980, #4686, .T. ) ;
#5595 = CARTESIAN_POINT ( 'NONE',  ( -21.36119079527073694, -15.04287395703057761, 0.000000000000000000 ) ) ;
#5596 = CARTESIAN_POINT ( 'NONE',  ( 29.51560493047243483, 66.85848573019067942, 0.000000000000000000 ) ) ;
#5597 = ORIENTED_EDGE ( 'NONE', *, *, #3169, .F. ) ;
#5598 = CARTESIAN_POINT ( 'NONE',  ( -10.69993048876420616, 57.22508399488668118, -0.000000000000000000 ) ) ;
#5599 = VERTEX_POINT ( 'NONE', #4465 ) ;
#5600 = CARTESIAN_POINT ( 'NONE',  ( -30.50000000000000000, -10.00000000000000000, 35.00000000000000000 ) ) ;
#5601 = CARTESIAN_POINT ( 'NONE',  ( -36.00000000000000711, -5.000000000000000000, 25.00000000000000000 ) ) ;
#5602 = PERSON_AND_ORGANIZATION ( #12991, #11636 ) ;
#5603 = CARTESIAN_POINT ( 'NONE',  ( 0.000000000000000000, 0.000000000000000000, 4.000000000000000000 ) ) ;
#5604 = DIRECTION ( 'NONE',  ( -1.000000000000000000, 0.000000000000000000, -0.000000000000000000 ) ) ;
#5605 = VECTOR ( 'NONE', #2016, 1000.000000000000000 ) ;
#5606 = CC_DESIGN_PERSON_AND_ORGANIZATION_ASSIGNMENT ( #11127, #5159, ( #1377 ) ) ;
#5607 = CC_DESIGN_APPROVAL ( #7017, ( #10488 ) ) ;
#5608 = EDGE_CURVE ( 'NONE', #9205, #4963, #4397, .T. ) ;
#5609 = CARTESIAN_POINT ( 'NONE',  ( 13.00000000000000000, -5.000000000000000000, 28.00000000000000000 ) ) ;
#5610 = LINE ( 'NONE', #12946, #11375 ) ;
#5611 = ITEM_DEFINED_TRANSFORMATION ( 'NONE', 'NONE', #11192,  #1284 ) ;
#5612 = CARTESIAN_POINT ( 'NONE',  ( -7.638710900996050768, -0.000000000000000000, 5.042972260762892844 ) ) ;
#5613 = ORIENTED_EDGE ( 'NONE', *, *, #8456, .F. ) ;
#5614 = PLANE ( 'NONE',  #5798 ) ;
#5615 = ORIENTED_EDGE ( 'NONE', *, *, #2364, .T. ) ;
#5616 = AXIS2_PLACEMENT_3D ( 'NONE', #3392, #5545, #12716 ) ;
#5617 = CIRCLE ( 'NONE', #7287, 1.700000000000000178 ) ;
#5618 = DIRECTION ( 'NONE',  ( -0.000000000000000000, -0.000000000000000000, 1.000000000000000000 ) ) ;
#5619 = ORIENTED_EDGE ( 'NONE', *, *, #10802, .F. ) ;
#5620 = CC_DESIGN_APPROVAL ( #2391, ( #11116 ) ) ;
#5621 = ORIENTED_EDGE ( 'NONE', *, *, #1078, .T. ) ;
#5622 = APPLICATION_CONTEXT ( 'configuration controlled 3d designs of mechanical parts and assemblies' ) ;
#5623 = CARTESIAN_POINT ( 'NONE',  ( 31.85848573019362817, 0.000000000000000000, 2.515604930472431722 ) ) ;
#5624 = CARTESIAN_POINT ( 'NONE',  ( 0.000000000000000000, 0.000000000000000000, 5.000000000000000000 ) ) ;
#5625 = LINE ( 'NONE', #6833, #3591 ) ;
#5626 = EDGE_CURVE ( 'NONE', #9149, #7057, #383, .T. ) ;
#5627 = SECURITY_CLASSIFICATION_LEVEL ( 'unclassified' ) ;
#5628 = FACE_OUTER_BOUND ( 'NONE', #12117, .T. ) ;
#5629 = VECTOR ( 'NONE', #7697, 1000.000000000000000 ) ;
#5630 = CC_DESIGN_SECURITY_CLASSIFICATION ( #3735, ( #13084 ) ) ;
#5631 =( LENGTH_UNIT ( ) NAMED_UNIT ( * ) SI_UNIT ( .MILLI., .METRE. ) );
#5632 = CARTESIAN_POINT ( 'NONE',  ( 7.700000000000001066, -8.774748043452762047, 0.000000000000000000 ) ) ;
#5633 = EDGE_LOOP ( 'NONE', ( #113, #504, #2428, #11999 ) ) ;
#5634 = DIRECTION ( 'NONE',  ( 1.000000000000000000, 0.000000000000000000, 0.000000000000000000 ) ) ;
#5635 = ORIENTED_EDGE ( 'NONE', *, *, #9749, .F. ) ;
#5636 = VERTEX_POINT ( 'NONE', #2351 ) ;
#5637 = AXIS2_PLACEMENT_3D ( 'NONE', #4977, #5955, #8138 ) ;
#5638 = EDGE_CURVE ( 'NONE', #12311, #2883, #8118, .T. ) ;
#5639 = CYLINDRICAL_SURFACE ( 'NONE', #2675, 9.500000000000000000 ) ;
#5640 = CLOSED_SHELL ( 'NONE', ( #1155, #2614, #2541, #11926, #12173, #9687 ) ) ;
#5641 = LOCAL_TIME ( 12, 23, 36.00000000000000000, #6390 ) ;
#5642 = CARTESIAN_POINT ( 'NONE',  ( 0.000000000000000000, 0.000000000000000000, 42.00000000000000000 ) ) ;
#5643 = ORIENTED_EDGE ( 'NONE', *, *, #8337, .F. ) ;
#5644 = EDGE_CURVE ( 'NONE', #161, #8188, #5311, .T. ) ;
#5645 = ORIENTED_EDGE ( 'NONE', *, *, #5474, .T. ) ;
#5647 = VECTOR ( 'NONE', #9357, 1000.000000000000000 ) ;
#5646 = PERSON_AND_ORGANIZATION ( #12991, #11636 ) ;
#5648 = DIRECTION ( 'NONE',  ( 0.000000000000000000, 0.000000000000000000, -1.000000000000000000 ) ) ;
#5649 = ORIENTED_EDGE ( 'NONE', *, *, #2233, .T. ) ;
#5650 = CIRCLE ( 'NONE', #5011, 1.700000000000000178 ) ;
#5651 = EDGE_CURVE ( 'NONE', #5668, #12059, #581, .T. ) ;
#5652 = LINE ( 'NONE', #6921, #7089 ) ;
#5653 = VECTOR ( 'NONE', #7445, 1000.000000000000000 ) ;
#5654 = DIRECTION ( 'NONE',  ( -0.000000000000000000, -0.000000000000000000, -1.000000000000000000 ) ) ;
#5655 = APPROVAL_PERSON_ORGANIZATION ( #12502, #10299, #9301 ) ;
#5656 = CARTESIAN_POINT ( 'NONE',  ( 0.000000000000000000, 0.000000000000000000, 0.000000000000000000 ) ) ;
#5657 = CARTESIAN_POINT ( 'NONE',  ( -2.600000000000000089, 3.184081677783117698E-16, -6.000000000000000152E-06 ) ) ;
#5658 = CARTESIAN_POINT ( 'NONE',  ( 3.000000000000000000, 146.0000000000000000, 83.00000000000000000 ) ) ;
#5659 = DATE_AND_TIME ( #345, #8876 ) ;
#5660 = ADVANCED_FACE ( 'NONE', ( #4815 ), #13024, .F. ) ;
#5661 = FACE_BOUND ( 'NONE', #6966, .T. ) ;
#5662 = AXIS2_PLACEMENT_3D ( 'NONE', #1019, #5029, #12056 ) ;
#5663 = CARTESIAN_POINT ( 'NONE',  ( 32.65666690099399005, 66.44258473824999101, -0.000000000000000000 ) ) ;
#5664 = AXIS2_PLACEMENT_3D ( 'NONE', #3779, #1808, #5808 ) ;
#5665 = ORIENTED_EDGE ( 'NONE', *, *, #10863, .T. ) ;
#5666 = LINE ( 'NONE', #6507, #1153 ) ;
#5667 = ADVANCED_FACE ( 'NONE', ( #11094 ), #5857, .F. ) ;
#5668 = VERTEX_POINT ( 'NONE', #9908 ) ;
#5669 = CIRCLE ( 'NONE', #10944, 1.700000000000000178 ) ;
#5670 = EDGE_CURVE ( 'NONE', #8609, #4026, #7828, .T. ) ;
#5671 = ADVANCED_FACE ( 'NONE', ( #880 ), #8906, .T. ) ;
#5672 = VERTEX_POINT ( 'NONE', #7889 ) ;
#5673 = CARTESIAN_POINT ( 'NONE',  ( 35.60000000000000142, 72.50000000000000000, -1.200000000000000030E-05 ) ) ;
#5674 = CARTESIAN_POINT ( 'NONE',  ( -11.90000000000000036, 6.400000000000000355, 3.000000000000000000 ) ) ;
#5675 = EDGE_CURVE ( 'NONE', #6041, #1248, #3823, .T. ) ;
#5676 = VECTOR ( 'NONE', #3741, 1000.000000000000000 ) ;
#5677 = VECTOR ( 'NONE', #7436, 1000.000000000000000 ) ;
#5678 = CARTESIAN_POINT ( 'NONE',  ( 0.000000000000000000, 72.50000000000000000, 6.000000000000000000 ) ) ;
#5679 = CYLINDRICAL_SURFACE ( 'NONE', #464, 1.699999999999998401 ) ;
#5680 = CARTESIAN_POINT ( 'NONE',  ( -12.30000000000000071, 70.22525195654419861, 0.000000000000000000 ) ) ;
#5681 = AXIS2_PLACEMENT_3D ( 'NONE', #168, #4390, #11190 ) ;
#5682 = VECTOR ( 'NONE', #584, 1000.000000000000000 ) ;
#5683 = EDGE_LOOP ( 'NONE', ( #9860, #11308, #4974, #12863 ) ) ;
#5684 = DIRECTION ( 'NONE',  ( -1.000000000000000000, 0.000000000000000000, -0.000000000000000000 ) ) ;
#5685 = VERTEX_POINT ( 'NONE', #10895 ) ;
#5686 = PRODUCT_RELATED_PRODUCT_CATEGORY ( 'detail', '', ( #7354 ) ) ;
#5687 = EDGE_LOOP ( 'NONE', ( #11185, #12411, #1415, #1356 ) ) ;
#5688 = APPROVAL ( #6690, 'æœª' ) ;
#5689 = ORIENTED_EDGE ( 'NONE', *, *, #6686, .T. ) ;
#5690 = DIRECTION ( 'NONE',  ( -1.000000000000000000, 0.000000000000000000, 0.000000000000000000 ) ) ;
#5691 = DATE_AND_TIME ( #1689, #3353 ) ;
#5692 = LINE ( 'NONE', #2659, #4438 ) ;
#5693 = LINE ( 'NONE', #9730, #6876 ) ;
#5694 = DIRECTION ( 'NONE',  ( 0.000000000000000000, 0.000000000000000000, -1.000000000000000000 ) ) ;
#5695 = AXIS2_PLACEMENT_3D ( 'NONE', #39, #4045, #12651 ) ;
#5696 = COORDINATED_UNIVERSAL_TIME_OFFSET ( 5, 0, .BEHIND. ) ;
#5697 = CIRCLE ( 'NONE', #12693, 2.000000000000001776 ) ;
#5698 = PERSON_AND_ORGANIZATION_ROLE ( 'classification_officer' ) ;
#5699 = DIRECTION ( 'NONE',  ( 0.000000000000000000, -0.000000000000000000, 1.000000000000000000 ) ) ;
#5700 = VERTEX_POINT ( 'NONE', #11962 ) ;
#5701 = ORIENTED_EDGE ( 'NONE', *, *, #7924, .T. ) ;
#5702 = VERTEX_POINT ( 'NONE', #6961 ) ;
#5703 = ADVANCED_FACE ( 'NONE', ( #11894 ), #2898, .F. ) ;
#5704 = VERTEX_POINT ( 'NONE', #5003 ) ;
#5705 = SECURITY_CLASSIFICATION_LEVEL ( 'unclassified' ) ;
#5706 = LINE ( 'NONE', #6731, #2227 ) ;
#5707 = APPROVAL_PERSON_ORGANIZATION ( #4346, #8527, #11423 ) ;
#5708 = LINE ( 'NONE', #1643, #7252 ) ;
#5709 = EDGE_CURVE ( 'NONE', #2568, #274, #8851, .T. ) ;
#5710 = VERTEX_POINT ( 'NONE', #10966 ) ;
#5711 = ORIENTED_EDGE ( 'NONE', *, *, #4333, .T. ) ;
#5712 = APPROVAL_STATUS ( 'not_yet_approved' ) ;
#5713 = ORIENTED_EDGE ( 'NONE', *, *, #4846, .F. ) ;
#5714 = B_SPLINE_CURVE_WITH_KNOTS ( 'NONE', 3,
 ( #11376, #2333, #10038, #9113, #1344, #3395, #9582, #3582, #7385, #12650, #3644, #7581, #8390, #5491, #6577, #5549, #1405, #8524 ),
 .UNSPECIFIED., .F., .F.,
 ( 4, 2, 2, 2, 2, 2, 2, 2, 4 ),
 ( 0.000000000000000000, 0.06250000000000000000, 0.1250000000000000000, 0.1875000000000000000, 0.2500000000000000000, 0.3125000000000000000, 0.3750000000000000000, 0.4375000000000000000, 0.5000000000000000000 ),
 .UNSPECIFIED. ) ;
#5715 = CC_DESIGN_APPROVAL ( #9153, ( #2975 ) ) ;
#5716 = CARTESIAN_POINT ( 'NONE',  ( -1.000000000000000000, 10.50000000000000000, 58.00000000000000000 ) ) ;
#5717 = CARTESIAN_POINT ( 'NONE',  ( -2.270342840037289811, -1.313216681092628013, -0.000000000000000000 ) ) ;
#5718 = CARTESIAN_POINT ( 'NONE',  ( -0.5999999999999999778, 13.98713694792468587, 12.00000000000000000 ) ) ;
#5719 = DIRECTION ( 'NONE',  ( 0.000000000000000000, 0.000000000000000000, 1.000000000000000000 ) ) ;
#5720 = LINE ( 'NONE', #913, #4414 ) ;
#5721 = PERSON ( 'NAUO-PER25', 'UNSPECIFIED', 'UNSPECIFIED', ('UNSPECIFIED'), ('UNSPECIFIED'), ('UNSPECIFIED') ) ;
#5722 = APPROVAL_STATUS ( 'not_yet_approved' ) ;
#5723 = CARTESIAN_POINT ( 'NONE',  ( 13.77491600510868786, 68.30006951123358760, 0.000000000000000000 ) ) ;
#5724 = EDGE_CURVE ( 'NONE', #5572, #1468, #2042, .T. ) ;
#5725 = CC_DESIGN_APPROVAL ( #1279, ( #4487 ) ) ;
#5726 = DIRECTION ( 'NONE',  ( 1.000000000000000000, 0.000000000000000000, 0.000000000000000000 ) ) ;
#5727 = VERTEX_POINT ( 'NONE', #933 ) ;
#5728 = CARTESIAN_POINT ( 'NONE',  ( -8.141514269805311343, 58.48439506952831124, 0.000000000000000000 ) ) ;
#5729 = ORIENTED_EDGE ( 'NONE', *, *, #536, .F. ) ;
#5730 = LINE ( 'NONE', #924, #7313 ) ;
#5731 = FACE_OUTER_BOUND ( 'NONE', #2703, .T. ) ;
#5732 = CARTESIAN_POINT ( 'NONE',  ( 18.29993048876421113, -14.22508399488592090, 0.000000000000000000 ) ) ;
#5733 = CARTESIAN_POINT ( 'NONE',  ( -1.519536942383790556, 2.115299939237502702, -0.000000000000000000 ) ) ;
#5734 = CARTESIAN_POINT ( 'NONE',  ( -4.299999999999999822, 2.081899558550500526E-16, 20.00000000000000000 ) ) ;
#5735 = CARTESIAN_POINT ( 'NONE',  ( -11.91263578868202266, 7.355505887541386123, 8.005990645141931594 ) ) ;
#5736 = ADVANCED_FACE ( 'NONE', ( #4939 ), #8966, .F. ) ;
#5737 = VERTEX_POINT ( 'NONE', #12032 ) ;
#5738 = CARTESIAN_POINT ( 'NONE',  ( 0.000000000000000000, 0.000000000000000000, 28.00000000000000000 ) ) ;
#5739 = ORIENTED_EDGE ( 'NONE', *, *, #3717, .F. ) ;
#5740 = VERTEX_POINT ( 'NONE', #3947 ) ;
#5741 = DIRECTION ( 'NONE',  ( -0.000000000000000000, -0.000000000000000000, -1.000000000000000000 ) ) ;
#5742 = EDGE_LOOP ( 'NONE', ( #2193, #8116, #1809, #10754 ) ) ;
#5743 = EDGE_CURVE ( 'NONE', #12726, #3793, #5791, .T. ) ;
#5744 = DIRECTION ( 'NONE',  ( -0.000000000000000000, -0.000000000000000000, -1.000000000000000000 ) ) ;
#5745 = DIRECTION ( 'NONE',  ( -0.000000000000000000, -0.000000000000000000, -1.000000000000000000 ) ) ;
#5746 = FACE_OUTER_BOUND ( 'NONE', #10548, .T. ) ;
#5747 = PERSON_AND_ORGANIZATION ( #12991, #11636 ) ;
#5748 = CARTESIAN_POINT ( 'NONE',  ( -4.299999999999999822, -9.000000000000000000, -6.000000000000000152E-06 ) ) ;
#5749 = ADVANCED_FACE ( 'NONE', ( #9041 ), #7772, .F. ) ;
#5750 = ADVANCED_FACE ( 'NONE', ( #993 ), #10, .T. ) ;
#5751 = DIRECTION ( 'NONE',  ( 0.000000000000000000, 1.000000000000000000, -0.000000000000000000 ) ) ;
#5752 = EDGE_LOOP ( 'NONE', ( #4189, #11249, #12961, #7539 ) ) ;
#5753 = DIRECTION ( 'NONE',  ( 1.000000000000000000, 0.000000000000000000, 0.000000000000000000 ) ) ;
#5754 = EDGE_CURVE ( 'NONE', #6351, #3621, #4843, .T. ) ;
#5755 = ORIENTED_EDGE ( 'NONE', *, *, #6686, .F. ) ;
#5756 = CARTESIAN_POINT ( 'NONE',  ( -11.90000000000000036, 6.400000000000000355, 0.000000000000000000 ) ) ;
#5757 = EDGE_LOOP ( 'NONE', ( #3955, #12002, #3747, #5597, #7481, #4671, #10920, #1021, #12071, #2990, #2773, #6699 ) ) ;
#5758 = EDGE_LOOP ( 'NONE', ( #3191, #11261, #12645, #12279 ) ) ;
#5759 = AXIS2_PLACEMENT_3D ( 'NONE', #1574, #5461, #6485 ) ;
#5760 = DATE_AND_TIME ( #8745, #3296 ) ;
#5761 = CARTESIAN_POINT ( 'NONE',  ( 20.00000000000000000, -14.00000000000000000, 5.000000000000000000 ) ) ;
#5762 = PRODUCT_DEFINITION_SHAPE ( 'NONE', 'NONE',  #1262 ) ;
#5763 = CC_DESIGN_PERSON_AND_ORGANIZATION_ASSIGNMENT ( #4417, #9224, ( #2863 ) ) ;
#5764 = EDGE_CURVE ( 'NONE', #9875, #5169, #9375, .T. ) ;
#5765 = CARTESIAN_POINT ( 'NONE',  ( 0.000000000000000000, 0.000000000000000000, 20.00000000000000000 ) ) ;
#5766 = VERTEX_POINT ( 'NONE', #6170 ) ;
#5767 = CARTESIAN_POINT ( 'NONE',  ( -10.50000000000000000, 1.300000000000000044, -0.09997027095160138099 ) ) ;
#5768 = ORIENTED_EDGE ( 'NONE', *, *, #11252, .F. ) ;
#5769 = APPROVAL_DATE_TIME ( #11733, #6560 ) ;
#5770 = ORIENTED_EDGE ( 'NONE', *, *, #8058, .F. ) ;
#5771 = CARTESIAN_POINT ( 'NONE',  ( 0.000000000000000000, 0.000000000000000000, 12.00000000000000000 ) ) ;
#5772 = DIRECTION ( 'NONE',  ( 1.000000000000000000, 0.000000000000000000, 0.000000000000000000 ) ) ;
#5773 = DIRECTION ( 'NONE',  ( -0.000000000000000000, -0.000000000000000000, 1.000000000000000000 ) ) ;
#5774 = CARTESIAN_POINT ( 'NONE',  ( -7.638710900999796216, 64.95702773923075313, -0.000000000000000000 ) ) ;
#5775 = AXIS2_PLACEMENT_3D ( 'NONE', #3259, #1507, #11599 ) ;
#5776 = CALENDAR_DATE ( 2026, 21, 9 ) ;
#5777 = CARTESIAN_POINT ( 'NONE',  ( -16.00000000000000000, -6.000000000000000000, 18.00000000000000355 ) ) ;
#5778 = FACE_OUTER_BOUND ( 'NONE', #10026, .T. ) ;
#5779 = ORIENTED_EDGE ( 'NONE', *, *, #3199, .F. ) ;
#5780 = CARTESIAN_POINT ( 'NONE',  ( -8.557362060153382188, 58.65679534101006709, -0.000000000000000000 ) ) ;
#5781 = ORIENTED_EDGE ( 'NONE', *, *, #2834, .T. ) ;
#5782 = AXIS2_PLACEMENT_3D ( 'NONE', #10558, #12691, #2420 ) ;
#5783 = DIRECTION ( 'NONE',  ( -0.000000000000000000, -0.000000000000000000, -1.000000000000000000 ) ) ;
#5784 = EDGE_CURVE ( 'NONE', #5702, #2815, #4294, .T. ) ;
#5785 = DIRECTION ( 'NONE',  ( -0.000000000000000000, -1.000000000000000000, -0.000000000000000000 ) ) ;
#5786 = MECHANICAL_CONTEXT ( 'NONE', #2255, 'mechanical' ) ;
#5787 = CARTESIAN_POINT ( 'NONE',  ( -18.51547649045614108, -0.000000000000000000, 11.14146106821000437 ) ) ;
#5788 = CARTESIAN_POINT ( 'NONE',  ( 118.3810499613777267, -11.00000000000000000, 6.000000000000000000 ) ) ;
#5789 = CYLINDRICAL_SURFACE ( 'NONE', #4632, 1.700000000000000178 ) ;
#5790 = CIRCLE ( 'NONE', #7041, 1.700000000000000178 ) ;
#5791 = LINE ( 'NONE', #3027, #5383 ) ;
#5792 = EDGE_LOOP ( 'NONE', ( #5342, #12409, #11310, #4577 ) ) ;
#5793 = DIRECTION ( 'NONE',  ( -0.000000000000000000, -1.000000000000000000, -0.000000000000000000 ) ) ;
#5794 = EDGE_LOOP ( 'NONE', ( #5543, #11327, #2481, #9659 ) ) ;
#5795 = CARTESIAN_POINT ( 'NONE',  ( 12.00000000000000000, -12.00000000000000000, 20.00000000000000000 ) ) ;
#5796 = ORIENTED_EDGE ( 'NONE', *, *, #2202, .T. ) ;
#5797 = VERTEX_POINT ( 'NONE', #135 ) ;
#5798 = AXIS2_PLACEMENT_3D ( 'NONE', #9657, #1683, #5684 ) ;
#5799 = EDGE_CURVE ( 'NONE', #2950, #1084, #6378, .T. ) ;
#5800 = CARTESIAN_POINT ( 'NONE',  ( 255.8000000000000398, 3.000000000000000000, 149.0000000000000000 ) ) ;
#5801 = LOCAL_TIME ( 12, 23, 36.00000000000000000, #8381 ) ;
#5802 = FACE_OUTER_BOUND ( 'NONE', #9726, .T. ) ;
#5803 = CARTESIAN_POINT ( 'NONE',  ( 0.5999999999999999778, 18.99052395275075256, 4.000000000000000000 ) ) ;
#5804 = COORDINATED_UNIVERSAL_TIME_OFFSET ( 5, 0, .BEHIND. ) ;
#5805 = CONTEXT_DEPENDENT_SHAPE_REPRESENTATION ( #12586, #4320 ) ;
#5806 = CARTESIAN_POINT ( 'NONE',  ( 21.69999999999999929, -14.00000000000000000, 5.000000000000000000 ) ) ;
#5807 = ADVANCED_FACE ( 'NONE', ( #12159 ), #10232, .F. ) ;
#5808 = DIRECTION ( 'NONE',  ( 1.000000000000000000, 0.000000000000000000, 0.000000000000000000 ) ) ;
#5809 = CIRCLE ( 'NONE', #6638, 3.000000000000000000 ) ;
#5810 = CIRCLE ( 'NONE', #1638, 1.700000000000000178 ) ;
#5811 = ORIENTED_EDGE ( 'NONE', *, *, #1992, .F. ) ;
#5812 = CARTESIAN_POINT ( 'NONE',  ( 0.000000000000000000, 0.000000000000000000, 0.000000000000000000 ) ) ;
#5813 = LOCAL_TIME ( 12, 23, 36.00000000000000000, #10274 ) ;
#5814 = EDGE_LOOP ( 'NONE', ( #9895, #330, #8854, #1714 ) ) ;
#5815 = LINE ( 'NONE', #5756, #2665 ) ;
#5816 = EDGE_LOOP ( 'NONE', ( #5415, #8787 ) ) ;
#5817 = VERTEX_POINT ( 'NONE', #8235 ) ;
#5818 = EDGE_CURVE ( 'NONE', #1398, #5700, #4150, .T. ) ;
#5819 = EDGE_CURVE ( 'NONE', #10704, #6041, #3226, .T. ) ;
#5820 = AXIS2_PLACEMENT_3D ( 'NONE', #3879, #6893, #10782 ) ;
#5821 = CARTESIAN_POINT ( 'NONE',  ( 40.00000000000000000, 0.000000000000000000, 40.00000000000000000 ) ) ;
#5822 = CC_DESIGN_SECURITY_CLASSIFICATION ( #6235, ( #13081 ) ) ;
#5823 = DIRECTION ( 'NONE',  ( 0.000000000000000000, 0.000000000000000000, -1.000000000000000000 ) ) ;
#5824 = ORIENTED_EDGE ( 'NONE', *, *, #9547, .T. ) ;
#5825 = ORIENTED_EDGE ( 'NONE', *, *, #10538, .F. ) ;
#5826 = CIRCLE ( 'NONE', #7518, 1.700000000000007061 ) ;
#5827 = CALENDAR_DATE ( 2026, 21, 9 ) ;
#5828 = APPROVAL_DATE_TIME ( #4851, #11036 ) ;
#5829 = VERTEX_POINT ( 'NONE', #9313 ) ;
#5830 = APPROVAL ( #12225, 'UNKNOWN' ) ;
#5831 = CARTESIAN_POINT ( 'NONE',  ( -1.594977014734535459, -2.082076604084840188, -0.000000000000000000 ) ) ;
#5832 = CC_DESIGN_PERSON_AND_ORGANIZATION_ASSIGNMENT ( #8378, #1106, ( #3424 ) ) ;
#5833 = VECTOR ( 'NONE', #12953, 1000.000000000000000 ) ;
#5834 = CARTESIAN_POINT ( 'NONE',  ( -21.00000000000000000, 0.000000000000000000, 17.00000000000000000 ) ) ;
#5835 = LINE ( 'NONE', #9886, #4431 ) ;
#5836 = CC_DESIGN_APPROVAL ( #7272, ( #1262 ) ) ;
#5837 = DIRECTION ( 'NONE',  ( -1.000000000000000000, -0.000000000000000000, -0.000000000000000000 ) ) ;
#5838 = PERSON_AND_ORGANIZATION ( #12991, #11636 ) ;
#5839 = LINE ( 'NONE', #863, #1979 ) ;
#5840 = DIRECTION ( 'NONE',  ( 0.000000000000000000, 0.000000000000000000, 1.000000000000000000 ) ) ;
#5841 = ORIENTED_EDGE ( 'NONE', *, *, #5626, .T. ) ;
#5842 = VECTOR ( 'NONE', #1652, 1000.000000000000000 ) ;
#5843 = DIRECTION ( 'NONE',  ( 1.000000000000000000, -0.000000000000000000, -0.000000000000000000 ) ) ;
#5844 = CIRCLE ( 'NONE', #10926, 1.700000000000000178 ) ;
#5845 = ORIENTED_EDGE ( 'NONE', *, *, #3289, .F. ) ;
#5846 = LOCAL_TIME ( 12, 23, 36.00000000000000000, #1934 ) ;
#5847 = CARTESIAN_POINT ( 'NONE',  ( 31.19999999999999929, -1.200000000000000030E-05, 2.311805698386587338 ) ) ;
#5848 = LINE ( 'NONE', #3815, #4587 ) ;
#5849 = ADVANCED_FACE ( 'NONE', ( #284 ), #3297, .F. ) ;
#5850 = CARTESIAN_POINT ( 'NONE',  ( 21.04287395703121888, -15.36119079527047404, 0.000000000000000000 ) ) ;
#5851 = PERSON_AND_ORGANIZATION_ROLE ( 'creator' ) ;
#5852 = DIRECTION ( 'NONE',  ( 1.000000000000000000, 0.000000000000000000, 0.000000000000000000 ) ) ;
#5853 = CARTESIAN_POINT ( 'NONE',  ( 14.00000000000000000, 70.00000000000000000, -1.200000000000000030E-05 ) ) ;
#5854 = VECTOR ( 'NONE', #6015, 1000.000000000000000 ) ;
#5855 = AXIS2_PLACEMENT_3D ( 'NONE', #1011, #6912, #3967 ) ;
#5856 = CARTESIAN_POINT ( 'NONE',  ( 0.000000000000000000, 0.000000000000000000, 42.00000000000000000 ) ) ;
#5857 = PLANE ( 'NONE',  #12589 ) ;
#5858 = ADVANCED_FACE ( 'NONE', ( #3090 ), #8167, .F. ) ;
#5859 = ORIENTED_EDGE ( 'NONE', *, *, #8063, .T. ) ;
#5860 = DIRECTION ( 'NONE',  ( -0.000000000000000000, -0.000000000000000000, -1.000000000000000000 ) ) ;
#5861 = ORIENTED_EDGE ( 'NONE', *, *, #6415, .F. ) ;
#5862 = ORIENTED_EDGE ( 'NONE', *, *, #12966, .F. ) ;
#5863 = VECTOR ( 'NONE', #3163, 1000.000000000000000 ) ;
#5864 = CARTESIAN_POINT ( 'NONE',  ( 12.90000000000000036, 1.347111479062088503E-16, 18.00000000000000355 ) ) ;
#5865 = ORIENTED_EDGE ( 'NONE', *, *, #6791, .T. ) ;
#5866 = AXIS2_PLACEMENT_3D ( 'NONE', #10512, #9315, #6379 ) ;
#5867 = DIRECTION ( 'NONE',  ( -0.000000000000000000, -0.000000000000000000, 1.000000000000000000 ) ) ;
#5868 = DIRECTION ( 'NONE',  ( 1.000000000000000000, 0.000000000000000000, 0.000000000000000000 ) ) ;
#5869 = LINE ( 'NONE', #12786, #12875 ) ;
#5870 = APPROVAL_DATE_TIME ( #2847, #7677 ) ;
#5871 = CARTESIAN_POINT ( 'NONE',  ( -28.00000000000000000, 8.000000000000000000, 0.000000000000000000 ) ) ;
#5872 = VECTOR ( 'NONE', #9261, 1000.000000000000000 ) ;
#5873 = CIRCLE ( 'NONE', #9275, 1.700000000000000178 ) ;
#5874 = SHAPE_REPRESENTATION ( 'V3_01_base', ( #1284 ), #247 ) ;
#5875 = DIRECTION ( 'NONE',  ( 0.000000000000000000, -0.000000000000000000, 1.000000000000000000 ) ) ;
#5876 = EDGE_LOOP ( 'NONE', ( #10530, #10404, #144, #583 ) ) ;
#5877 = EDGE_CURVE ( 'NONE', #7978, #5514, #10382, .T. ) ;
#5878 = CARTESIAN_POINT ( 'NONE',  ( 31.60000000000000142, 0.000000000000000000, 0.000000000000000000 ) ) ;
#5879 = ORIENTED_EDGE ( 'NONE', *, *, #9319, .T. ) ;
#5880 = VECTOR ( 'NONE', #6641, 1000.000000000000000 ) ;
#5881 = CARTESIAN_POINT ( 'NONE',  ( -11.59999999999999964, 77.50000000000000000, 6.000000000000000000 ) ) ;
#5882 = DIRECTION ( 'NONE',  ( 1.000000000000000000, 0.000000000000000000, 0.000000000000000000 ) ) ;
#5883 = CARTESIAN_POINT ( 'NONE',  ( 255.8000000000000398, 0.000000000000000000, 0.000000000000000000 ) ) ;
#5884 = ORIENTED_EDGE ( 'NONE', *, *, #10824, .F. ) ;
#5885 = ORIENTED_EDGE ( 'NONE', *, *, #7254, .F. ) ;
#5886 = VECTOR ( 'NONE', #12153, 1000.000000000000000 ) ;
#5887 = EDGE_CURVE ( 'NONE', #5700, #8867, #1394, .T. ) ;
#5888 = LINE ( 'NONE', #2749, #8771 ) ;
#5889 = ADVANCED_FACE ( 'NONE', ( #612 ), #9636, .F. ) ;
#5890 = CARTESIAN_POINT ( 'NONE',  ( 21.69999999999999929, 14.00000000000000000, -6.000000000000000152E-06 ) ) ;
#5891 = EDGE_CURVE ( 'NONE', #5229, #506, #10470, .T. ) ;
#5892 = VECTOR ( 'NONE', #7298, 1000.000000000000000 ) ;
#5893 = EDGE_CURVE ( 'NONE', #5572, #12557, #4617, .T. ) ;
#5894 = EDGE_LOOP ( 'NONE', ( #12276, #4516, #2009, #8698, #1366, #12015, #6741, #751 ) ) ;
#5895 = CARTESIAN_POINT ( 'NONE',  ( 11.00000000000000000, 5.000000000000000000, 25.00000000000000000 ) ) ;
#5896 =( NAMED_UNIT ( * ) PLANE_ANGLE_UNIT ( ) SI_UNIT ( $, .RADIAN. ) );
#5897 = ORIENTED_EDGE ( 'NONE', *, *, #4785, .F. ) ;
#5898 = LINE ( 'NONE', #3917, #9208 ) ;
#5899 = FACE_OUTER_BOUND ( 'NONE', #12128, .T. ) ;
#5900 = AXIS2_PLACEMENT_3D ( 'NONE', #4529, #8501, #8292 ) ;
#5901 = CARTESIAN_POINT ( 'NONE',  ( -20.00000000000000000, 12.00000000000000000, 2.000000000000000000 ) ) ;
#5902 = DIRECTION ( 'NONE',  ( 1.000000000000000000, 0.000000000000000000, 0.000000000000000000 ) ) ;
#5903 = DATE_TIME_ROLE ( 'creation_date' ) ;
#5904 = DIRECTION ( 'NONE',  ( 0.000000000000000000, 0.000000000000000000, 1.000000000000000000 ) ) ;
#5905 = ADVANCED_FACE ( 'NONE', ( #10701 ), #7435, .F. ) ;
#5906 = ADVANCED_FACE ( 'NONE', ( #2637 ), #3689, .F. ) ;
#5907 = CC_DESIGN_DATE_AND_TIME_ASSIGNMENT ( #4997, #9033, ( #4262 ) ) ;
#5908 = CARTESIAN_POINT ( 'NONE',  ( 31.00000000000000000, -1.200000000000000030E-05, 11.29999999999999893 ) ) ;
#5909 = CARTESIAN_POINT ( 'NONE',  ( -2.600000000000000089, 3.184081677783117698E-16, -1.200000000000000030E-05 ) ) ;
#5910 = ORIENTED_EDGE ( 'NONE', *, *, #1154, .F. ) ;
#5911 = CC_DESIGN_APPROVAL ( #4254, ( #9302 ) ) ;
#5912 = CARTESIAN_POINT ( 'NONE',  ( 15.19999999999999929, -2.000000000000000000, -1.200000000000000030E-05 ) ) ;
#5913 = VERTEX_POINT ( 'NONE', #10577 ) ;
#5914 = DIRECTION ( 'NONE',  ( 1.000000000000000000, 0.000000000000000000, 0.000000000000000000 ) ) ;
#5915 = DIRECTION ( 'NONE',  ( 0.000000000000000000, 0.000000000000000000, 1.000000000000000000 ) ) ;
#5916 = CALENDAR_DATE ( 2026, 21, 9 ) ;
#5917 = CARTESIAN_POINT ( 'NONE',  ( 11.51987796860835367, 7.956290687835843478, 11.34649651929563596 ) ) ;
#5918 = FACE_OUTER_BOUND ( 'NONE', #4205, .T. ) ;
#5919 = CC_DESIGN_APPROVAL ( #9237, ( #304 ) ) ;
#5920 = CARTESIAN_POINT ( 'NONE',  ( 0.000000000000000000, 0.000000000000000000, 16.00000000000000000 ) ) ;
#5921 = CC_DESIGN_PERSON_AND_ORGANIZATION_ASSIGNMENT ( #5602, #8591, ( #708 ) ) ;
#5922 = EDGE_CURVE ( 'NONE', #10270, #3548, #675, .T. ) ;
#5923 = DIRECTION ( 'NONE',  ( 0.000000000000000000, -1.000000000000000000, 0.000000000000000000 ) ) ;
#5924 = FACE_BOUND ( 'NONE', #8623, .T. ) ;
#5925 = EDGE_LOOP ( 'NONE', ( #4972, #12410, #8992, #6913 ) ) ;
#5926 = CARTESIAN_POINT ( 'NONE',  ( 24.30000000000000071, -57.00000000000000000, -1.200000000000000030E-05 ) ) ;
#5927 = EDGE_LOOP ( 'NONE', ( #11531, #2790, #4605, #2459 ) ) ;
#5928 = ORIENTED_EDGE ( 'NONE', *, *, #11243, .F. ) ;
#5929 = CARTESIAN_POINT ( 'NONE',  ( 12.63871090099773831, 71.04297226076383254, -0.000000000000000000 ) ) ;
#5930 = CARTESIAN_POINT ( 'NONE',  ( 16.00000000000000000, -6.000000000000000000, 18.00000000000000355 ) ) ;
#5931 = DIRECTION ( 'NONE',  ( 1.000000000000000000, 0.000000000000000000, 0.000000000000000000 ) ) ;
#5932 = SECURITY_CLASSIFICATION_LEVEL ( 'unclassified' ) ;
#5933 = DATE_TIME_ROLE ( 'classification_date' ) ;
#5934 = CARTESIAN_POINT ( 'NONE',  ( -11.50000000000000000, -6.000000000000000000, 18.00000000000000355 ) ) ;
#5935 = DIRECTION ( 'NONE',  ( 0.000000000000000000, 0.000000000000000000, -1.000000000000000000 ) ) ;
#5936 = CARTESIAN_POINT ( 'NONE',  ( 31.00000000000000355, -6.000000000000000152E-06, 11.29999999999999893 ) ) ;
#5937 = EDGE_CURVE ( 'NONE', #9046, #4347, #4500, .T. ) ;
#5938 = EDGE_LOOP ( 'NONE', ( #3969, #5316, #6116, #677 ) ) ;
#5939 = PLANE ( 'NONE',  #12812 ) ;
#5940 = CARTESIAN_POINT ( 'NONE',  ( 0.000000000000000000, 0.000000000000000000, 0.000000000000000000 ) ) ;
#5941 = EDGE_LOOP ( 'NONE', ( #8183, #894, #11930, #5352, #1705, #4971, #9534, #11668 ) ) ;
#5942 = ORIENTED_EDGE ( 'NONE', *, *, #12938, .F. ) ;
#5943 = LINE ( 'NONE', #6679, #6475 ) ;
#5944 = ADVANCED_FACE ( 'NONE', ( #7690 ), #11752, .F. ) ;
#5945 = VECTOR ( 'NONE', #11910, 1000.000000000000000 ) ;
#5946 = PLANE ( 'NONE',  #9179 ) ;
#5947 = EDGE_CURVE ( 'NONE', #5913, #11690, #6393, .T. ) ;
#5948 = B_SPLINE_CURVE_WITH_KNOTS ( 'NONE', 3,
 ( #1661, #3503, #9574, #12639, #5595, #3381, #10636, #611, #6435, #11439, #8576, #1536, #9632, #5480, #673, #11633, #7372, #4497 ),
 .UNSPECIFIED., .F., .F.,
 ( 4, 2, 2, 2, 2, 2, 2, 2, 4 ),
 ( 0.5000000000000000000, 0.5625000000000001110, 0.6250000000000002220, 0.6875000000000003331, 0.7500000000000002220, 0.8125000000000002220, 0.8750000000000001110, 0.9375000000000000000, 1.000000000000000000 ),
 .UNSPECIFIED. ) ;
#5949 = SHAPE_REPRESENTATION ( 'V3_REF_625ZZ', ( #1284 ), #2343 ) ;
#5950 = CARTESIAN_POINT ( 'NONE',  ( -2.081978247435513296, -1.594878658085206125, 0.000000000000000000 ) ) ;
#5951 = VERTEX_POINT ( 'NONE', #7630 ) ;
#5952 = SHAPE_REPRESENTATION_RELATIONSHIP ( 'NONE' , 'NONE' ,  #11302, #7833 ) ;
#5953 = ORIENTED_EDGE ( 'NONE', *, *, #7270, .T. ) ;
#5954 = VECTOR ( 'NONE', #8707, 1000.000000000000000 ) ;
#5955 = DIRECTION ( 'NONE',  ( -0.000000000000000000, -0.000000000000000000, -1.000000000000000000 ) ) ;
#5956 = CARTESIAN_POINT ( 'NONE',  ( 14.00000000000000000, 0.000000000000000000, 0.000000000000000000 ) ) ;
#5957 = EDGE_CURVE ( 'NONE', #7451, #7708, #9611, .T. ) ;
#5958 = DIRECTION ( 'NONE',  ( 0.000000000000000000, 0.000000000000000000, -1.000000000000000000 ) ) ;
#5959 = CARTESIAN_POINT ( 'NONE',  ( -9.225083994891313921, 64.30006951123358760, 0.000000000000000000 ) ) ;
#5960 = DATE_AND_TIME ( #11208, #888 ) ;
#5961 = LINE ( 'NONE', #7333, #9827 ) ;
#5962 = CARTESIAN_POINT ( 'NONE',  ( 0.000000000000000000, 10.50000000000000000, 58.00000000000000000 ) ) ;
#5963 = ORIENTED_EDGE ( 'NONE', *, *, #11818, .T. ) ;
#5964 = PLANE ( 'NONE',  #967 ) ;
#5965 = EDGE_CURVE ( 'NONE', #11406, #3903, #7500, .T. ) ;
#5966 = VERTEX_POINT ( 'NONE', #2512 ) ;
#5967 = LINE ( 'NONE', #10152, #3264 ) ;
#5968 = CARTESIAN_POINT ( 'NONE',  ( 18.30000000000000071, -14.00000000000000000, -1.200000000000000030E-05 ) ) ;
#5969 = DIRECTION ( 'NONE',  ( 1.000000000000000000, 0.000000000000000000, 0.000000000000000000 ) ) ;
#5970 = DIRECTION ( 'NONE',  ( 1.000000000000000000, 0.000000000000000000, 0.000000000000000000 ) ) ;
#5971 = EDGE_CURVE ( 'NONE', #6192, #7996, #6506, .T. ) ;
#5972 = PERSON_AND_ORGANIZATION_ROLE ( 'design_supplier' ) ;
#5973 = EDGE_CURVE ( 'NONE', #4160, #9414, #4554, .T. ) ;
#5974 = DIRECTION ( 'NONE',  ( 1.000000000000000000, 0.000000000000000000, 0.000000000000000000 ) ) ;
#5975 = LINE ( 'NONE', #746, #2926 ) ;
#5976 = CARTESIAN_POINT ( 'NONE',  ( -27.69999999999999929, 45.00000000000000000, -1.200000000000000030E-05 ) ) ;
#5977 = AXIS2_PLACEMENT_3D ( 'NONE', #7149, #2554, #12217 ) ;
#5978 = CARTESIAN_POINT ( 'NONE',  ( -14.00000000000000000, 0.000000000000000000, 16.00000000000000000 ) ) ;
#5979 = ORIENTED_EDGE ( 'NONE', *, *, #1281, .T. ) ;
#5980 = VERTEX_POINT ( 'NONE', #735 ) ;
#5981 = ORIENTED_EDGE ( 'NONE', *, *, #12222, .T. ) ;
#5982 = CALENDAR_DATE ( 2026, 21, 9 ) ;
#5983 = CARTESIAN_POINT ( 'NONE',  ( 28.00000000000000000, 0.000000000000000000, 0.000000000000000000 ) ) ;
#5984 = APPROVAL ( #1504, 'UNKNOWN' ) ;
#5985 = APPROVAL ( #9358, 'æœª' ) ;
#5986 = DIRECTION ( 'NONE',  ( -0.000000000000000000, -0.000000000000000000, -1.000000000000000000 ) ) ;
#5987 = AXIS2_PLACEMENT_3D ( 'NONE', #5642, #9873, #1709 ) ;
#5988 = DIRECTION ( 'NONE',  ( 0.000000000000000000, 0.000000000000000000, 1.000000000000000000 ) ) ;
#5989 = CYLINDRICAL_SURFACE ( 'NONE', #6078, 1.700000000000007061 ) ;
#5990 = CARTESIAN_POINT ( 'NONE',  ( -19.14151426980785331, -12.51560493047243128, 0.000000000000000000 ) ) ;
#5991 = ORIENTED_EDGE ( 'NONE', *, *, #2928, .T. ) ;
#5992 = CARTESIAN_POINT ( 'NONE',  ( -27.69999999999999929, 45.00000000000000000, 5.000000000000000000 ) ) ;
#5993 = VERTEX_POINT ( 'NONE', #9954 ) ;
#5994 = PLANE ( 'NONE',  #9188 ) ;
#5995 = CIRCLE ( 'NONE', #356, 1.700000000000000178 ) ;
#5996 = LINE ( 'NONE', #90, #4408 ) ;
#5997 = ORIENTED_EDGE ( 'NONE', *, *, #11298, .F. ) ;
#5998 = ORIENTED_EDGE ( 'NONE', *, *, #10863, .F. ) ;
#5999 = CARTESIAN_POINT ( 'NONE',  ( -35.00000000000000000, -70.00000000000000000, 5.000000000000000000 ) ) ;
#6000 = EDGE_CURVE ( 'NONE', #8603, #10099, #2226, .T. ) ;
#6001 = CARTESIAN_POINT ( 'NONE',  ( 20.00000000000000000, -12.00000000000000000, 2.000000000000000000 ) ) ;
#6002 = VECTOR ( 'NONE', #11457, 1000.000000000000000 ) ;
#6003 = AXIS2_PLACEMENT_3D ( 'NONE', #8826, #11875, #12880 ) ;
#6004 = ORIENTED_EDGE ( 'NONE', *, *, #1954, .T. ) ;
#6005 = DIRECTION ( 'NONE',  ( 0.000000000000000000, 0.000000000000000000, -1.000000000000000000 ) ) ;
#6006 = ORIENTED_EDGE ( 'NONE', *, *, #5594, .T. ) ;
#6007 = DIRECTION ( 'NONE',  ( -0.000000000000000000, -0.000000000000000000, 1.000000000000000000 ) ) ;
#6008 = ADVANCED_FACE ( 'NONE', ( #799, #7817, #4923 ), #5964, .F. ) ;
#6009 = ORIENTED_EDGE ( 'NONE', *, *, #11077, .T. ) ;
#6010 = AXIS2_PLACEMENT_3D ( 'NONE', #352, #8311, #1066 ) ;
#6011 = APPROVAL_PERSON_ORGANIZATION ( #4929, #3528, #1865 ) ;
#6012 = CARTESIAN_POINT ( 'NONE',  ( 10.00000000000000000, 0.000000000000000000, 3.000000000000000000 ) ) ;
#6013 = VECTOR ( 'NONE', #12554, 1000.000000000000000 ) ;
#6014 = LINE ( 'NONE', #10066, #13009 ) ;
#6015 = DIRECTION ( 'NONE',  ( -1.000000000000000000, 0.000000000000000000, 0.000000000000000000 ) ) ;
#6016 = CARTESIAN_POINT ( 'NONE',  ( 20.44263793985065192, -0.000000000000000000, 10.34320465898919217 ) ) ;
#6017 = APPROVAL_STATUS ( 'not_yet_approved' ) ;
#6018 = DIRECTION ( 'NONE',  ( -0.000000000000000000, -0.000000000000000000, 1.000000000000000000 ) ) ;
#6019 = VECTOR ( 'NONE', #1115, 1000.000000000000000 ) ;
#6020 = EDGE_LOOP ( 'NONE', ( #2155, #10609 ) ) ;
#6021 = LOCAL_TIME ( 12, 23, 36.00000000000000000, #10041 ) ;
#6022 = DIRECTION ( 'NONE',  ( 0.000000000000000000, 0.000000000000000000, 1.000000000000000000 ) ) ;
#6023 = VERTEX_POINT ( 'NONE', #9761 ) ;
#6024 = ADVANCED_FACE ( 'NONE', ( #3808, #8893 ), #11943, .F. ) ;
#6025 = LINE ( 'NONE', #8079, #956 ) ;
#6026 = CARTESIAN_POINT ( 'NONE',  ( -19.14146106820962956, 12.51547649045651411, -0.000000000000000000 ) ) ;
#6027 = DIRECTION ( 'NONE',  ( 1.000000000000000000, 0.000000000000000000, 0.000000000000000000 ) ) ;
#6028 = FACE_OUTER_BOUND ( 'NONE', #5794, .T. ) ;
#6029 = PERSON_AND_ORGANIZATION_ROLE ( 'creator' ) ;
#6030 = PLANE ( 'NONE',  #4616 ) ;
#6031 = EDGE_CURVE ( 'NONE', #12979, #12369, #9819, .T. ) ;
#6032 = FACE_OUTER_BOUND ( 'NONE', #11485, .T. ) ;
#6033 = CARTESIAN_POINT ( 'NONE',  ( 10.00000000000000000, 10.50000000000000000, 58.00000000000000000 ) ) ;
#6034 = CARTESIAN_POINT ( 'NONE',  ( 0.000000000000000000, 0.000000000000000000, 4.000000000000000000 ) ) ;
#6035 = CC_DESIGN_APPROVAL ( #7444, ( #7314 ) ) ;
#6036 = ADVANCED_FACE ( 'NONE', ( #10822 ), #7873, .F. ) ;
#6037 = EDGE_CURVE ( 'NONE', #5410, #4026, #3901, .T. ) ;
#6038 = DIRECTION ( 'NONE',  ( 1.000000000000000000, -0.000000000000000000, -0.000000000000000000 ) ) ;
#6039 = ORIENTED_EDGE ( 'NONE', *, *, #3082, .T. ) ;
#6040 = CIRCLE ( 'NONE', #3753, 1.700000000000000178 ) ;
#6041 = VERTEX_POINT ( 'NONE', #1844 ) ;
#6042 = DIRECTION ( 'NONE',  ( -0.000000000000000000, 1.000000000000000000, -0.000000000000000000 ) ) ;
#6043 = VERTEX_POINT ( 'NONE', #13004 ) ;
#6044 = AXIS2_PLACEMENT_3D ( 'NONE', #8715, #10584, #3579 ) ;
#6045 = CONTEXT_DEPENDENT_SHAPE_REPRESENTATION ( #2678, #7461 ) ;
#6046 = CARTESIAN_POINT ( 'NONE',  ( 15.70000000000000284, 70.22525195654509389, 0.000000000000000000 ) ) ;
#6047 = VECTOR ( 'NONE', #394, 1000.000000000000000 ) ;
#6048 = CC_DESIGN_SECURITY_CLASSIFICATION ( #6682, ( #11151 ) ) ;
#6049 = DIRECTION ( 'NONE',  ( 0.000000000000000000, 0.000000000000000000, 1.000000000000000000 ) ) ;
#6050 = CARTESIAN_POINT ( 'NONE',  ( 31.85848573019362817, 0.000000000000000000, 11.51560493047243305 ) ) ;
#6051 = DATE_AND_TIME ( #5218, #10272 ) ;
#6052 = DIRECTION ( 'NONE',  ( -0.000000000000000000, -0.000000000000000000, 1.000000000000000000 ) ) ;
#6053 = CARTESIAN_POINT ( 'NONE',  ( -18.51547649045614108, -13.14146106821000259, -0.000000000000000000 ) ) ;
#6054 = ORIENTED_EDGE ( 'NONE', *, *, #9553, .T. ) ;
#6055 = LINE ( 'NONE', #4245, #8846 ) ;
#6056 = CIRCLE ( 'NONE', #8638, 2.399999999999999911 ) ;
#6057 = CC_DESIGN_DATE_AND_TIME_ASSIGNMENT ( #8523, #12770, ( #12295 ) ) ;
#6058 = AXIS2_PLACEMENT_3D ( 'NONE', #1969, #8836, #10648 ) ;
#6059 = VERTEX_POINT ( 'NONE', #2952 ) ;
#6060 = DIRECTION ( 'NONE',  ( -0.000000000000000000, -0.000000000000000000, -1.000000000000000000 ) ) ;
#6061 = DIRECTION ( 'NONE',  ( -0.000000000000000000, -1.000000000000000000, -0.000000000000000000 ) ) ;
#6062 = VERTEX_POINT ( 'NONE', #4799 ) ;
#6063 = ORIENTED_EDGE ( 'NONE', *, *, #1737, .F. ) ;
#6064 = DIRECTION ( 'NONE',  ( 0.000000000000000000, 0.000000000000000000, -1.000000000000000000 ) ) ;
#6065 = DIRECTION ( 'NONE',  ( 0.000000000000000000, -0.000000000000000000, -1.000000000000000000 ) ) ;
#6066 = VECTOR ( 'NONE', #3329, 1000.000000000000000 ) ;
#6067 = FACE_OUTER_BOUND ( 'NONE', #2281, .T. ) ;
#6068 = PRODUCT ( 'V3_REF_5mm_shaft', 'V3_REF_5mm_shaft', '', ( #2035 ) ) ;
#6069 = AXIS2_PLACEMENT_3D ( 'NONE', #2377, #6230, #4495 ) ;
#6070 = VECTOR ( 'NONE', #6363, 1000.000000000000000 ) ;
#6071 =( NAMED_UNIT ( * ) PLANE_ANGLE_UNIT ( ) SI_UNIT ( $, .RADIAN. ) );
#6072 = FACE_BOUND ( 'NONE', #2184, .T. ) ;
#6073 = EDGE_CURVE ( 'NONE', #4329, #11215, #11305, .T. ) ;
#6074 = ORIENTED_EDGE ( 'NONE', *, *, #10301, .T. ) ;
#6075 = VECTOR ( 'NONE', #12972, 1000.000000000000000 ) ;
#6076 = VERTEX_POINT ( 'NONE', #7007 ) ;
#6077 = CARTESIAN_POINT ( 'NONE',  ( -5.799999999999999822, 0.000000000000000000, 2.000000000000000000 ) ) ;
#6078 = AXIS2_PLACEMENT_3D ( 'NONE', #12975, #10848, #4830 ) ;
#6079 = CARTESIAN_POINT ( 'NONE',  ( 11.77675979958275931, 7.570663098460284068, 9.427707309048980022 ) ) ;
#6080 = CARTESIAN_POINT ( 'NONE',  ( -2.209866293823954386, 1.378406442902269768, 0.000000000000000000 ) ) ;
#6081 = CARTESIAN_POINT ( 'NONE',  ( 0.000000000000000000, 27.50000000000000000, 0.000000000000000000 ) ) ;
#6082 = CARTESIAN_POINT ( 'NONE',  ( -11.50000000000000000, 6.000000000000000000, 22.00000000000000000 ) ) ;
#6083 = CALENDAR_DATE ( 2026, 21, 9 ) ;
#6084 = EDGE_CURVE ( 'NONE', #4347, #7165, #9821, .T. ) ;
#6085 = VECTOR ( 'NONE', #5550, 1000.000000000000000 ) ;
#6086 = VECTOR ( 'NONE', #3165, 1000.000000000000000 ) ;
#6087 = CARTESIAN_POINT ( 'NONE',  ( 0.000000000000000000, 40.00000000000000000, 0.000000000000000000 ) ) ;
#6088 = ORIENTED_EDGE ( 'NONE', *, *, #12887, .T. ) ;
#6089 = DIRECTION ( 'NONE',  ( 0.000000000000000000, 1.000000000000000000, 0.000000000000000000 ) ) ;
#6090 = CARTESIAN_POINT ( 'NONE',  ( -34.00000000000000000, 5.000000000000000000, 25.00000000000000000 ) ) ;
#6091 = ORIENTED_EDGE ( 'NONE', *, *, #3619, .F. ) ;
#6092 = DATE_AND_TIME ( #8078, #6476 ) ;
#6093 = CARTESIAN_POINT ( 'NONE',  ( 0.000000000000000000, 45.00000000000000000, 0.000000000000000000 ) ) ;
#6094 = EDGE_CURVE ( 'NONE', #5710, #10766, #867, .T. ) ;
#6095 = ORIENTED_EDGE ( 'NONE', *, *, #8303, .T. ) ;
#6096 = APPLICATION_CONTEXT ( 'configuration controlled 3d designs of mechanical parts and assemblies' ) ;
#6097 = AXIS2_PLACEMENT_3D ( 'NONE', #648, #4659, #7661 ) ;
#6098 = CARTESIAN_POINT ( 'NONE',  ( -20.85848573019379870, 12.51560493047243661, 0.000000000000000000 ) ) ;
#6099 = DIRECTION ( 'NONE',  ( 1.000000000000000000, 0.000000000000000000, 0.000000000000000000 ) ) ;
#6100 = APPLICATION_PROTOCOL_DEFINITION ( 'international standard', 'config_control_design', 1994, #7456 ) ;
#6101 = CARTESIAN_POINT ( 'NONE',  ( 35.00000000000000000, -70.00000000000000000, 5.000000000000000000 ) ) ;
#6102 = CALENDAR_DATE ( 2026, 21, 9 ) ;
#6103 = CARTESIAN_POINT ( 'NONE',  ( 43.00000000000000000, 0.000000000000000000, 17.00000000000000000 ) ) ;
#6104 = CARTESIAN_POINT ( 'NONE',  ( -9.442584738251570187, -0.000000000000000000, 11.34333309900574704 ) ) ;
#6105 = CARTESIAN_POINT ( 'NONE',  ( -5.500000000000000000, 0.000000000000000000, 29.00000000000000000 ) ) ;
#6106 = APPROVAL_ROLE ( '' ) ;
#6107 = ADVANCED_FACE ( 'NONE', ( #5778 ), #4867, .F. ) ;
#6108 = DIRECTION ( 'NONE',  ( 0.000000000000000000, 0.000000000000000000, -1.000000000000000000 ) ) ;
#6109 = AXIS2_PLACEMENT_3D ( 'NONE', #1911, #9150, #4134 ) ;
#6110 = CARTESIAN_POINT ( 'NONE',  ( -9.291948759307684824, 10.47216675020139931, 9.141253131056851444 ) ) ;
#6111 = PERSON_AND_ORGANIZATION_ROLE ( 'classification_officer' ) ;
#6112 = LINE ( 'NONE', #5978, #2709 ) ;
#6113 = ORIENTED_EDGE ( 'NONE', *, *, #9864, .F. ) ;
#6114 = ORIENTED_EDGE ( 'NONE', *, *, #2509, .F. ) ;
#6115 = LINE ( 'NONE', #12248, #11748 ) ;
#6116 = ORIENTED_EDGE ( 'NONE', *, *, #8238, .T. ) ;
#6117 = CARTESIAN_POINT ( 'NONE',  ( -20.22508399488502207, 15.70006951123579064, -0.000000000000000000 ) ) ;
#6118 = CC_DESIGN_SECURITY_CLASSIFICATION ( #9302, ( #5290 ) ) ;
#6119 = CARTESIAN_POINT ( 'NONE',  ( 31.00000000000000000, -1.200000000000000030E-05, 13.00000000000000000 ) ) ;
#6120 = EDGE_CURVE ( 'NONE', #3451, #9557, #976, .T. ) ;
#6121 = CARTESIAN_POINT ( 'NONE',  ( 20.00000000000000000, 14.00000000000000000, -1.200000000000000030E-05 ) ) ;
#6122 = PERSON_AND_ORGANIZATION_ROLE ( 'classification_officer' ) ;
#6123 = CARTESIAN_POINT ( 'NONE',  ( 134.9570277392412549, -1.361289099004650893, -0.000000000000000000 ) ) ;
#6124 = EDGE_CURVE ( 'NONE', #11518, #12053, #3013, .T. ) ;
#6125 = CARTESIAN_POINT ( 'NONE',  ( 0.000000000000000000, 0.000000000000000000, 0.000000000000000000 ) ) ;
#6126 = ORIENTED_EDGE ( 'NONE', *, *, #6318, .F. ) ;
#6127 = DIRECTION ( 'NONE',  ( 0.000000000000000000, 0.000000000000000000, -1.000000000000000000 ) ) ;
#6128 = ADVANCED_FACE ( 'NONE', ( #4989 ), #1970, .F. ) ;
#6129 = ORIENTED_EDGE ( 'NONE', *, *, #6368, .T. ) ;
#6130 = CARTESIAN_POINT ( 'NONE',  ( 30.77491600511513425, 55.30006951123652925, 0.000000000000000000 ) ) ;
#6131 = ORIENTED_EDGE ( 'NONE', *, *, #12810, .F. ) ;
#6132 = CARTESIAN_POINT ( 'NONE',  ( 125.4843253421153122, -0.8586539201233609475, 0.000000000000000000 ) ) ;
#6133 = CARTESIAN_POINT ( 'NONE',  ( -11.68331879213512003, 7.714078201723205019, 11.11793864516132224 ) ) ;
#6134 = ORIENTED_EDGE ( 'NONE', *, *, #6203, .F. ) ;
#6135 = ORIENTED_EDGE ( 'NONE', *, *, #9108, .T. ) ;
#6136 = CARTESIAN_POINT ( 'NONE',  ( -5.500000000000000000, 0.000000000000000000, 26.00000000000000000 ) ) ;
#6137 = CARTESIAN_POINT ( 'NONE',  ( -12.00000000000000000, 7.000000000000000000, 15.00000000000000000 ) ) ;
#6138 = LINE ( 'NONE', #2992, #1175 ) ;
#6139 = EDGE_CURVE ( 'NONE', #6773, #4640, #12082, .T. ) ;
#6140 = ADVANCED_FACE ( 'NONE', ( #4131 ), #332, .F. ) ;
#6141 = DATE_TIME_ROLE ( 'classification_date' ) ;
#6142 = FACE_OUTER_BOUND ( 'NONE', #1367, .T. ) ;
#6143 = EDGE_LOOP ( 'NONE', ( #9775, #4386, #9619, #8330 ) ) ;
#6144 = VERTEX_POINT ( 'NONE', #4064 ) ;
#6145 = EDGE_LOOP ( 'NONE', ( #3785, #10146, #7267, #3341 ) ) ;
#6146 = ORIENTED_EDGE ( 'NONE', *, *, #2774, .T. ) ;
#6147 = CARTESIAN_POINT ( 'NONE',  ( -7.299999999999998934, 66.00000000000000000, 5.000000000000000000 ) ) ;
#6148 = CARTESIAN_POINT ( 'NONE',  ( 11.63318911631890806, 7.789676559712269466, 9.698957536639019494 ) ) ;
#6149 = APPROVAL ( #5583, 'æœª' ) ;
#6150 = DIRECTION ( 'NONE',  ( 0.000000000000000000, 0.000000000000000000, 1.000000000000000000 ) ) ;
#6151 = CC_DESIGN_DATE_AND_TIME_ASSIGNMENT ( #476, #3213, ( #1531 ) ) ;
#6152 = DIRECTION ( 'NONE',  ( 0.000000000000000000, 1.000000000000000000, 0.000000000000000000 ) ) ;
#6153 = DATE_AND_TIME ( #9144, #7396 ) ;
#6154 = CARTESIAN_POINT ( 'NONE',  ( -9.291948759307684824, 10.47216675020139931, 7.641253131056851444 ) ) ;
#6155 = VERTEX_POINT ( 'NONE', #7075 ) ;
#6156 = PLANE ( 'NONE',  #7344 ) ;
#6157 = DIRECTION ( 'NONE',  ( -1.000000000000000000, 0.000000000000000000, 0.000000000000000000 ) ) ;
#6158 = ORIENTED_EDGE ( 'NONE', *, *, #12660, .T. ) ;
#6159 = B_SPLINE_CURVE_WITH_KNOTS ( 'NONE', 3,
 ( #1198, #1278, #4092, #2127, #10315, #11304, #8101, #11108, #79, #12375, #3106, #4302, #1005, #12171, #3037, #149, #7171, #5015 ),
 .UNSPECIFIED., .F., .F.,
 ( 4, 2, 2, 2, 2, 2, 2, 2, 4 ),
 ( 0.5000000000000000000, 0.5625000000000000000, 0.6250000000000000000, 0.6875000000000000000, 0.7500000000000000000, 0.8125000000000000000, 0.8750000000000000000, 0.9375000000000000000, 1.000000000000000000 ),
 .UNSPECIFIED. ) ;
#6160 = VERTEX_POINT ( 'NONE', #8290 ) ;
#6161 = CARTESIAN_POINT ( 'NONE',  ( 35.00000000000000000, -70.00000000000000000, 5.000000000000000000 ) ) ;
#6162 = DIRECTION ( 'NONE',  ( 0.000000000000000000, 0.000000000000000000, 1.000000000000000000 ) ) ;
#6163 = CARTESIAN_POINT ( 'NONE',  ( 30.14134607987128689, 0.000000000000000000, 14.48432534211531042 ) ) ;
#6164 = COORDINATED_UNIVERSAL_TIME_OFFSET ( 5, 0, .BEHIND. ) ;
#6165 = EDGE_CURVE ( 'NONE', #9880, #4871, #6426, .T. ) ;
#6166 = DIRECTION ( 'NONE',  ( -0.000000000000000000, -1.000000000000000000, -0.000000000000000000 ) ) ;
#6167 = LINE ( 'NONE', #4143, #11628 ) ;
#6168 = DIRECTION ( 'NONE',  ( 1.000000000000000000, 0.000000000000000000, 0.000000000000000000 ) ) ;
#6169 = FACE_OUTER_BOUND ( 'NONE', #12528, .T. ) ;
#6170 = CARTESIAN_POINT ( 'NONE',  ( -20.00000000000000000, 12.00000000000000000, 0.000000000000000000 ) ) ;
#6171 = PERSON_AND_ORGANIZATION ( #3028, #7703 ) ;
#6172 = CARTESIAN_POINT ( 'NONE',  ( -19.00000000000000000, 0.000000000000000000, 0.000000000000000000 ) ) ;
#6173 = VERTEX_POINT ( 'NONE', #9222 ) ;
#6174 = EDGE_CURVE ( 'NONE', #5525, #3546, #10215, .T. ) ;
#6175 = ORIENTED_EDGE ( 'NONE', *, *, #11004, .F. ) ;
#6176 = DIRECTION ( 'NONE',  ( -0.000000000000000000, 1.000000000000000000, -0.000000000000000000 ) ) ;
#6177 = ORIENTED_EDGE ( 'NONE', *, *, #7555, .F. ) ;
#6178 = CARTESIAN_POINT ( 'NONE',  ( 4.343333099005747933, -9.442584738251568410, -0.000000000000000000 ) ) ;
#6179 = FACE_OUTER_BOUND ( 'NONE', #222, .T. ) ;
#6180 = DATE_TIME_ROLE ( 'classification_date' ) ;
#6181 = CARTESIAN_POINT ( 'NONE',  ( 18.30000000000000071, 14.00000000000000000, -6.000000000000000152E-06 ) ) ;
#6182 = PLANE ( 'NONE',  #10118 ) ;
#6183 = AXIS2_PLACEMENT_3D ( 'NONE', #3812, #4011, #2825 ) ;
#6184 = CARTESIAN_POINT ( 'NONE',  ( -11.90000000000000036, -6.400000000000000355, 3.000000000000000000 ) ) ;
#6185 = ORIENTED_EDGE ( 'NONE', *, *, #115, .T. ) ;
#6186 = PLANE ( 'NONE',  #4441 ) ;
#6187 = ORIENTED_EDGE ( 'NONE', *, *, #8818, .T. ) ;
#6188 = CARTESIAN_POINT ( 'NONE',  ( 29.29993048876420403, 56.77491600511331882, -0.000000000000000000 ) ) ;
#6189 = EDGE_CURVE ( 'NONE', #11276, #6735, #10148, .T. ) ;
#6190 = CARTESIAN_POINT ( 'NONE',  ( 125.6568650684231017, -0.4424697499179515714, -0.000000000000000000 ) ) ;
#6191 = CARTESIAN_POINT ( 'NONE',  ( -9.000000000000000000, 81.00000000000000000, 4.000000000000000000 ) ) ;
#6192 = VERTEX_POINT ( 'NONE', #1166 ) ;
#6193 = ORIENTED_EDGE ( 'NONE', *, *, #12413, .T. ) ;
#6194 = FACE_OUTER_BOUND ( 'NONE', #5281, .T. ) ;
#6195 = DIRECTION ( 'NONE',  ( 0.000000000000000000, 0.000000000000000000, -1.000000000000000000 ) ) ;
#6196 = COORDINATED_UNIVERSAL_TIME_OFFSET ( 5, 0, .BEHIND. ) ;
#6197 = CARTESIAN_POINT ( 'NONE',  ( -30.50000000000000000, -10.00000000000000000, 35.00000000000000000 ) ) ;
#6198 = CARTESIAN_POINT ( 'NONE',  ( -6.000000000000000000, 1.300000000000000044, -0.09997027095160138099 ) ) ;
#6199 = AXIS2_PLACEMENT_3D ( 'NONE', #6090, #10361, #1110 ) ;
#6200 = ORIENTED_EDGE ( 'NONE', *, *, #8632, .F. ) ;
#6201 = CALENDAR_DATE ( 2026, 21, 9 ) ;
#6202 = ORIENTED_EDGE ( 'NONE', *, *, #9037, .T. ) ;
#6203 = EDGE_CURVE ( 'NONE', #2870, #118, #4208, .T. ) ;
#6204 = EDGE_CURVE ( 'NONE', #3768, #259, #8219, .T. ) ;
#6205 = ORIENTED_EDGE ( 'NONE', *, *, #206, .T. ) ;
#6206 = ORIENTED_EDGE ( 'NONE', *, *, #4405, .T. ) ;
#6207 = CIRCLE ( 'NONE', #8780, 5.799999999999999822 ) ;
#6208 = VECTOR ( 'NONE', #968, 1000.000000000000000 ) ;
#6209 = CARTESIAN_POINT ( 'NONE',  ( 11.32625336758537848, 8.229749050941169486, 10.01924676303362993 ) ) ;
#6210 = LOCAL_TIME ( 12, 23, 36.00000000000000000, #1760 ) ;
#6211 = CARTESIAN_POINT ( 'NONE',  ( 0.000000000000000000, 0.000000000000000000, 0.000000000000000000 ) ) ;
#6212 = DIRECTION ( 'NONE',  ( -0.000000000000000000, -0.000000000000000000, 1.000000000000000000 ) ) ;
#6213 = PERSON_AND_ORGANIZATION ( #12991, #11636 ) ;
#6214 = CARTESIAN_POINT ( 'NONE',  ( -9.047843225473620521, 10.68357329672708644, 8.230474509234989355 ) ) ;
#6215 = ORIENTED_EDGE ( 'NONE', *, *, #4548, .F. ) ;
#6216 = DIRECTION ( 'NONE',  ( -0.000000000000000000, -0.000000000000000000, -1.000000000000000000 ) ) ;
#6217 = DIRECTION ( 'NONE',  ( -1.000000000000000000, -0.000000000000000000, -0.000000000000000000 ) ) ;
#6218 = EDGE_LOOP ( 'NONE', ( #3913, #7424, #4900, #9551 ) ) ;
#6219 = VECTOR ( 'NONE', #3510, 1000.000000000000000 ) ;
#6220 = APPROVAL ( #3964, 'UNKNOWN' ) ;
#6221 = SECURITY_CLASSIFICATION ( '', '', #11713 ) ;
#6222 = APPROVAL ( #10071, 'æœª' ) ;
#6223 = VERTEX_POINT ( 'NONE', #12214 ) ;
#6224 = DATE_AND_TIME ( #7489, #3759 ) ;
#6225 = CARTESIAN_POINT ( 'NONE',  ( -20.00000000000000000, -14.00000000000000000, 5.000000000000000000 ) ) ;
#6226 = FACE_OUTER_BOUND ( 'NONE', #6362, .T. ) ;
#6227 = CALENDAR_DATE ( 2026, 21, 9 ) ;
#6228 = DIRECTION ( 'NONE',  ( 0.000000000000000000, 0.000000000000000000, -1.000000000000000000 ) ) ;
#6229 = APPROVAL_DATE_TIME ( #11155, #8440 ) ;
#6230 = DIRECTION ( 'NONE',  ( -1.000000000000000000, 0.000000000000000000, 0.000000000000000000 ) ) ;
#6231 = CARTESIAN_POINT ( 'NONE',  ( -20.00000000000000000, -6.000000000000000152E-06, 13.70000000000000107 ) ) ;
#6232 = AXIS2_PLACEMENT_3D ( 'NONE', #10569, #8370, #5533 ) ;
#6233 = CARTESIAN_POINT ( 'NONE',  ( 0.5999999999999999778, 13.98713694792468587, 12.00000000000000000 ) ) ;
#6234 = COORDINATED_UNIVERSAL_TIME_OFFSET ( 5, 0, .BEHIND. ) ;
#6235 = SECURITY_CLASSIFICATION ( '', '', #5627 ) ;
#6236 = DIRECTION ( 'NONE',  ( 0.000000000000000000, -1.000000000000000000, 0.000000000000000000 ) ) ;
#6237 = CARTESIAN_POINT ( 'NONE',  ( -9.841304759421175774, 9.959976315290019144, 8.581349739459774639 ) ) ;
#6238 = ITEM_DEFINED_TRANSFORMATION ( 'NONE', 'NONE', #5503,  #1284 ) ;
#6239 = CARTESIAN_POINT ( 'NONE',  ( 0.000000000000000000, 0.000000000000000000, 38.00000000000000000 ) ) ;
#6240 = EDGE_CURVE ( 'NONE', #4191, #6853, #7147, .T. ) ;
#6241 = ORIENTED_EDGE ( 'NONE', *, *, #11438, .T. ) ;
#6242 = APPROVAL_STATUS ( 'not_yet_approved' ) ;
#6243 = CIRCLE ( 'NONE', #609, 1.700000000000000178 ) ;
#6244 = EDGE_LOOP ( 'NONE', ( #10736, #10669 ) ) ;
#6245 = CARTESIAN_POINT ( 'NONE',  ( -15.59999999999999964, 72.50000000000000000, -1.200000000000000030E-05 ) ) ;
#6246 = DIRECTION ( 'NONE',  ( 0.000000000000000000, 1.000000000000000000, 0.000000000000000000 ) ) ;
#6247 = ORIENTED_EDGE ( 'NONE', *, *, #12098, .F. ) ;
#6248 = DIRECTION ( 'NONE',  ( 1.000000000000000000, 0.000000000000000000, 0.000000000000000000 ) ) ;
#6249 = DIRECTION ( 'NONE',  ( 1.000000000000000000, 0.000000000000000000, 0.000000000000000000 ) ) ;
#6250 = LOCAL_TIME ( 12, 23, 36.00000000000000000, #8372 ) ;
#6251 = CALENDAR_DATE ( 2026, 21, 9 ) ;
#6252 = FACE_BOUND ( 'NONE', #2247, .T. ) ;
#6253 = EDGE_CURVE ( 'NONE', #5031, #6380, #2656, .T. ) ;
#6254 = CARTESIAN_POINT ( 'NONE',  ( -15.59999999999999964, 67.50000000000000000, -1.200000000000000030E-05 ) ) ;
#6255 = VERTEX_POINT ( 'NONE', #193 ) ;
#6256 = DIRECTION ( 'NONE',  ( 0.000000000000000000, -1.000000000000000000, 0.000000000000000000 ) ) ;
#6257 = EDGE_LOOP ( 'NONE', ( #12876, #11262, #6261, #7482 ) ) ;
#6258 = DIRECTION ( 'NONE',  ( 0.000000000000000000, 0.000000000000000000, -1.000000000000000000 ) ) ;
#6259 = ORIENTED_EDGE ( 'NONE', *, *, #1281, .F. ) ;
#6260 = CARTESIAN_POINT ( 'NONE',  ( 6.000000000000000000, 1.300000000000000044, 0.000000000000000000 ) ) ;
#6261 = ORIENTED_EDGE ( 'NONE', *, *, #8158, .F. ) ;
#6262 = VECTOR ( 'NONE', #2976, 1000.000000000000000 ) ;
#6263 = EDGE_LOOP ( 'NONE', ( #9194, #10202, #11693, #12162 ) ) ;
#6264 = EDGE_CURVE ( 'NONE', #11648, #4082, #5261, .T. ) ;
#6265 = CC_DESIGN_APPROVAL ( #12680, ( #7120 ) ) ;
#6266 = DIRECTION ( 'NONE',  ( 1.000000000000000000, 0.000000000000000000, 0.000000000000000000 ) ) ;
#6267 = VECTOR ( 'NONE', #7895, 1000.000000000000000 ) ;
#6268 = CYLINDRICAL_SURFACE ( 'NONE', #12485, 3.000000000000000000 ) ;
#6269 = DATE_AND_TIME ( #11398, #10290 ) ;
#6270 = APPROVAL_STATUS ( 'not_yet_approved' ) ;
#6271 = CARTESIAN_POINT ( 'NONE',  ( 35.60000000000000142, 72.50000000000000000, 6.000000000000000000 ) ) ;
#6272 = EDGE_CURVE ( 'NONE', #2415, #8933, #4348, .T. ) ;
#6273 = VECTOR ( 'NONE', #2269, 1000.000000000000000 ) ;
#6274 =( NAMED_UNIT ( * ) PLANE_ANGLE_UNIT ( ) SI_UNIT ( $, .RADIAN. ) );
#6275 = APPLICATION_CONTEXT ( 'configuration controlled 3d designs of mechanical parts and assemblies' ) ;
#6276 = VECTOR ( 'NONE', #1301, 1000.000000000000000 ) ;
#6277 = DIRECTION ( 'NONE',  ( 0.000000000000000000, -1.000000000000000000, 0.000000000000000000 ) ) ;
#6278 = CARTESIAN_POINT ( 'NONE',  ( 18.29993048876495010, -0.000000000000000000, 12.22508399488808628 ) ) ;
#6279 = EDGE_CURVE ( 'NONE', #8751, #1358, #5184, .T. ) ;
#6280 = VERTEX_POINT ( 'NONE', #11275 ) ;
#6281 = ORIENTED_EDGE ( 'NONE', *, *, #2747, .F. ) ;
#6282 = ORIENTED_EDGE ( 'NONE', *, *, #1954, .F. ) ;
#6283 = ORIENTED_EDGE ( 'NONE', *, *, #10282, .T. ) ;
#6284 = AXIS2_PLACEMENT_3D ( 'NONE', #12400, #3601, #8413 ) ;
#6285 = ADVANCED_FACE ( 'NONE', ( #1244 ), #9295, .F. ) ;
#6286 = VECTOR ( 'NONE', #4483, 1000.000000000000000 ) ;
#6287 = CARTESIAN_POINT ( 'NONE',  ( 11.81583934084839349, 7.509301620396097832, 9.326223922444665249 ) ) ;
#6288 = LINE ( 'NONE', #2291, #9882 ) ;
#6289 = CARTESIAN_POINT ( 'NONE',  ( -10.69999999999999929, 57.00000000000000000, -6.000000000000000152E-06 ) ) ;
#6290 = APPROVAL_ROLE ( '' ) ;
#6291 = ADVANCED_FACE ( 'NONE', ( #9364 ), #4344, .F. ) ;
#6292 = EDGE_CURVE ( 'NONE', #2045, #12616, #5995, .T. ) ;
#6293 = LINE ( 'NONE', #3207, #8655 ) ;
#6295 = B_SPLINE_CURVE_WITH_KNOTS ( 'NONE', 3,
 ( #10107, #6046, #4889, #11847, #12042, #1935, #1989, #6903, #9974, #1864, #2908, #11905, #9917, #5929, #941, #6775, #10844, #12970 ),
 .UNSPECIFIED., .F., .F.,
 ( 4, 2, 2, 2, 2, 2, 2, 2, 4 ),
 ( 0.000000000000000000, 0.06250000000000015266, 0.1250000000000001110, 0.1875000000000000833, 0.2500000000000000555, 0.3125000000000000555, 0.3750000000000000000, 0.4375000000000000000, 0.5000000000000000000 ),
 .UNSPECIFIED. ) ;
#6294 = CARTESIAN_POINT ( 'NONE',  ( -10.01759284330493927, 9.783426788352441505, 10.02219807014628827 ) ) ;
#6296 = VECTOR ( 'NONE', #10036, 1000.000000000000000 ) ;
#6297 = EDGE_LOOP ( 'NONE', ( #11650, #73 ) ) ;
#6298 = PRODUCT_DEFINITION_SHAPE ( 'NONE', 'NONE',  #13082 ) ;
#6299 = SHAPE_REPRESENTATION_RELATIONSHIP ( 'NONE' , 'NONE' ,  #5479, #158 ) ;
#6300 = AXIS2_PLACEMENT_3D ( 'NONE', #4583, #4520, #376 ) ;
#6301 = FACE_OUTER_BOUND ( 'NONE', #6143, .T. ) ;
#6302 = DIRECTION ( 'NONE',  ( -0.000000000000000000, -0.000000000000000000, 1.000000000000000000 ) ) ;
#6303 = AXIS2_PLACEMENT_3D ( 'NONE', #13035, #4890, #12784 ) ;
#6304 = ORIENTED_EDGE ( 'NONE', *, *, #9923, .T. ) ;
#6305 = PERSON_AND_ORGANIZATION ( #12991, #11636 ) ;
#6306 = DIRECTION ( 'NONE',  ( 1.000000000000000000, 0.000000000000000000, 0.000000000000000000 ) ) ;
#6307 = LINE ( 'NONE', #11217, #6019 ) ;
#6308 = CARTESIAN_POINT ( 'NONE',  ( 31.00000000000000000, -6.000000000000000152E-06, 14.69999999999999929 ) ) ;
#6309 = COORDINATED_UNIVERSAL_TIME_OFFSET ( 5, 0, .BEHIND. ) ;
#6310 = DIRECTION ( 'NONE',  ( -1.000000000000000000, 0.000000000000000000, -0.000000000000000000 ) ) ;
#6311 = LINE ( 'NONE', #8301, #5892 ) ;
#6312 = FACE_OUTER_BOUND ( 'NONE', #11673, .T. ) ;
#6313 = EDGE_CURVE ( 'NONE', #9449, #3845, #5790, .T. ) ;
#6314 = EDGE_CURVE ( 'NONE', #8548, #5392, #7692, .T. ) ;
#6315 = PRODUCT_RELATED_PRODUCT_CATEGORY ( 'detail', '', ( #9776 ) ) ;
#6316 = DIRECTION ( 'NONE',  ( 0.000000000000000000, -1.000000000000000000, 0.000000000000000000 ) ) ;
#6317 = DIRECTION ( 'NONE',  ( 0.000000000000000000, 0.000000000000000000, 1.000000000000000000 ) ) ;
#6318 = EDGE_CURVE ( 'NONE', #11704, #8816, #10809, .T. ) ;
#6319 = CARTESIAN_POINT ( 'NONE',  ( -20.00000000000000000, 12.00000000000000000, 2.000000000000000000 ) ) ;
#6320 = ORIENTED_EDGE ( 'NONE', *, *, #7555, .T. ) ;
#6321 = CONTEXT_DEPENDENT_SHAPE_REPRESENTATION ( #11541, #8434 ) ;
#6322 = VERTEX_POINT ( 'NONE', #2754 ) ;
#6323 = UNCERTAINTY_MEASURE_WITH_UNIT (LENGTH_MEASURE( 1.000000000000000082E-05 ), #8549, 'distance_accuracy_value', 'NONE');
#6324 = DIRECTION ( 'NONE',  ( 0.000000000000000000, 0.000000000000000000, -1.000000000000000000 ) ) ;
#6325 = VERTEX_POINT ( 'NONE', #10951 ) ;
#6326 = FACE_OUTER_BOUND ( 'NONE', #10929, .T. ) ;
#6327 = CARTESIAN_POINT ( 'NONE',  ( -15.59999999999999964, 62.50000000000000000, 6.000000000000000000 ) ) ;
#6328 = APPROVAL ( #4323, 'æœª' ) ;
#6329 = DIRECTION ( 'NONE',  ( -0.000000000000000000, -0.000000000000000000, -1.000000000000000000 ) ) ;
#6330 = APPROVAL_PERSON_ORGANIZATION ( #5112, #10555, #6867 ) ;
#6331 = CC_DESIGN_PERSON_AND_ORGANIZATION_ASSIGNMENT ( #11482, #6423, ( #1531 ) ) ;
#6332 = CARTESIAN_POINT ( 'NONE',  ( 136.2250839948836756, -1.700069511235890563, -0.000000000000000000 ) ) ;
#6333 = FACE_BOUND ( 'NONE', #2024, .T. ) ;
#6334 = EDGE_LOOP ( 'NONE', ( #1413, #8741, #920, #6597 ) ) ;
#6335 = DIRECTION ( 'NONE',  ( -0.000000000000000000, -1.000000000000000000, -0.000000000000000000 ) ) ;
#6336 = ORIENTED_EDGE ( 'NONE', *, *, #11199, .F. ) ;
#6337 = DIRECTION ( 'NONE',  ( 0.000000000000000000, 0.000000000000000000, 1.000000000000000000 ) ) ;
#6338 = ORIENTED_EDGE ( 'NONE', *, *, #10194, .F. ) ;
#6339 = DIRECTION ( 'NONE',  ( -0.000000000000000000, -1.000000000000000000, -0.000000000000000000 ) ) ;
#6340 = CC_DESIGN_APPROVAL ( #7018, ( #3424 ) ) ;
#6341 = ORIENTED_EDGE ( 'NONE', *, *, #11183, .F. ) ;
#6342 = DIRECTION ( 'NONE',  ( -0.000000000000000000, -0.000000000000000000, -1.000000000000000000 ) ) ;
#6343 = PERSON ( 'NAUO-PER1', 'UNSPECIFIED', 'UNSPECIFIED', ('UNSPECIFIED'), ('UNSPECIFIED'), ('UNSPECIFIED') ) ;
#6344 = CARTESIAN_POINT ( 'NONE',  ( 150.0000000000000000, 0.000000000000000000, 90.00000000000000000 ) ) ;
#6345 = CARTESIAN_POINT ( 'NONE',  ( -9.000000000000000000, 66.00000000000000000, -1.200000000000000030E-05 ) ) ;
#6346 = DATE_TIME_ROLE ( 'classification_date' ) ;
#6347 = CARTESIAN_POINT ( 'NONE',  ( 0.000000000000000000, 1.300000000000000044, 0.000000000000000000 ) ) ;
#6348 = CC_DESIGN_SECURITY_CLASSIFICATION ( #11858, ( #6949 ) ) ;
#6349 = CARTESIAN_POINT ( 'NONE',  ( 19.14146106820973614, -0.000000000000000000, 10.51547649045640043 ) ) ;
#6350 = ORIENTED_EDGE ( 'NONE', *, *, #7236, .F. ) ;
#6351 = VERTEX_POINT ( 'NONE', #3862 ) ;
#6352 = ORIENTED_EDGE ( 'NONE', *, *, #7182, .T. ) ;
#6353 = ORIENTED_EDGE ( 'NONE', *, *, #6774, .F. ) ;
#6354 = ADVANCED_FACE ( 'NONE', ( #9026 ), #4925, .F. ) ;
#6355 = PLANE ( 'NONE',  #1417 ) ;
#6356 = CARTESIAN_POINT ( 'NONE',  ( 14.00000000000000000, 0.000000000000000000, -1.200000000000000030E-05 ) ) ;
#6357 = DIRECTION ( 'NONE',  ( 0.000000000000000000, 1.000000000000000000, 0.000000000000000000 ) ) ;
#6358 = APPROVAL_DATE_TIME ( #2360, #3682 ) ;
#6359 = CARTESIAN_POINT ( 'NONE',  ( 137.6566669009919792, 0.4425847382503730332, -0.000000000000000000 ) ) ;
#6360 = DIRECTION ( 'NONE',  ( 0.000000000000000000, 0.000000000000000000, 1.000000000000000000 ) ) ;
#6361 = CARTESIAN_POINT ( 'NONE',  ( -6.442584738251305509, -7.343333099005485032, 0.000000000000000000 ) ) ;
#6362 = EDGE_LOOP ( 'NONE', ( #4752, #9009, #10401, #12908 ) ) ;
#6363 = DIRECTION ( 'NONE',  ( -0.000000000000000000, -1.000000000000000000, -0.000000000000000000 ) ) ;
#6364 = ORIENTED_EDGE ( 'NONE', *, *, #9037, .F. ) ;
#6365 = CARTESIAN_POINT ( 'NONE',  ( 35.00000000000000000, 39.99999999999999289, 53.00000000000000000 ) ) ;
#6366 = DIRECTION ( 'NONE',  ( 1.000000000000000000, 0.000000000000000000, 0.000000000000000000 ) ) ;
#6367 = ORIENTED_EDGE ( 'NONE', *, *, #1671, .T. ) ;
#6368 = EDGE_CURVE ( 'NONE', #5817, #8806, #7875, .T. ) ;
#6369 = DIRECTION ( 'NONE',  ( 1.000000000000000000, -0.000000000000000000, -0.000000000000000000 ) ) ;
#6370 = CARTESIAN_POINT ( 'NONE',  ( 12.80000000000000071, 0.000000000000000000, 0.000000000000000000 ) ) ;
#6371 = CARTESIAN_POINT ( 'NONE',  ( 8.660254037844389075, 11.00000000000000000, 0.000000000000000000 ) ) ;
#6372 = COORDINATED_UNIVERSAL_TIME_OFFSET ( 5, 0, .BEHIND. ) ;
#6373 = CARTESIAN_POINT ( 'NONE',  ( 8.099999999999999645, 70.00000000000000000, 0.000000000000000000 ) ) ;
#6374 = FACE_OUTER_BOUND ( 'NONE', #12548, .T. ) ;
#6375 = CARTESIAN_POINT ( 'NONE',  ( 0.000000000000000000, 3.000000000000000000, 0.000000000000000000 ) ) ;
#6376 = EDGE_CURVE ( 'NONE', #12049, #4819, #3932, .T. ) ;
#6377 = CARTESIAN_POINT ( 'NONE',  ( 6.000000000000000000, -1.300000000000000044, -0.09997027095160138099 ) ) ;
#6378 = LINE ( 'NONE', #12444, #3498 ) ;
#6379 = DIRECTION ( 'NONE',  ( -1.000000000000000000, 0.000000000000000000, 0.000000000000000000 ) ) ;
#6380 = VERTEX_POINT ( 'NONE', #12020 ) ;
#6381 = ADVANCED_FACE ( 'NONE', ( #7009 ), #2954, .T. ) ;
#6382 = ORIENTED_EDGE ( 'NONE', *, *, #11156, .F. ) ;
#6383 = EDGE_CURVE ( 'NONE', #10463, #1144, #11422, .T. ) ;
#6384 = ORIENTED_EDGE ( 'NONE', *, *, #903, .T. ) ;
#6385 = DIRECTION ( 'NONE',  ( 1.000000000000000000, 0.000000000000000000, 0.000000000000000000 ) ) ;
#6386 = VERTEX_POINT ( 'NONE', #5895 ) ;
#6387 = CARTESIAN_POINT ( 'NONE',  ( 4.515476490455874625, -9.858538931789730952, -0.000000000000000000 ) ) ;
#6388 = ADVANCED_FACE ( 'NONE', ( #12129 ), #10737, .F. ) ;
#6389 = CARTESIAN_POINT ( 'NONE',  ( 0.000000000000000000, 0.000000000000000000, 149.0000000000000000 ) ) ;
#6390 = COORDINATED_UNIVERSAL_TIME_OFFSET ( 5, 0, .BEHIND. ) ;
#6391 = CARTESIAN_POINT ( 'NONE',  ( 0.5999999999999999778, 18.99052395275075256, 0.000000000000000000 ) ) ;
#6392 = CARTESIAN_POINT ( 'NONE',  ( 134.3433330990082197, -0.4425847382506304939, -0.000000000000000000 ) ) ;
#6393 = B_SPLINE_CURVE_WITH_KNOTS ( 'NONE', 3,
 ( #9447, #12710, #5663, #3504, #4434, #1592, #11634, #10765, #11563, #1723, #8651, #418, #1538, #3637, #5596, #8452, #5539, #2580 ),
 .UNSPECIFIED., .F., .F.,
 ( 4, 2, 2, 2, 2, 2, 2, 2, 4 ),
 ( 0.000000000000000000, 0.06250000000000000000, 0.1250000000000000000, 0.1875000000000000000, 0.2500000000000000000, 0.3125000000000000000, 0.3750000000000000000, 0.4375000000000000000, 0.5000000000000000000 ),
 .UNSPECIFIED. ) ;
#6394 = PLANE ( 'NONE',  #1037 ) ;
#6395 = CARTESIAN_POINT ( 'NONE',  ( 29.63871090099774364, -0.000000000000000000, 2.957027739233934138 ) ) ;
#6396 = ORIENTED_EDGE ( 'NONE', *, *, #7675, .F. ) ;
#6397 = FACE_OUTER_BOUND ( 'NONE', #11883, .T. ) ;
#6398 = CARTESIAN_POINT ( 'NONE',  ( -11.59999999999999964, 0.000000000000000000, -0.000000000000000000 ) ) ;
#6399 = APPROVAL ( #10729, 'UNKNOWN' ) ;
#6400 = EDGE_LOOP ( 'NONE', ( #5022, #5165, #6416, #8094 ) ) ;
#6401 = PRODUCT_RELATED_PRODUCT_CATEGORY ( 'detail', '', ( #10838 ) ) ;
#6402 = VERTEX_POINT ( 'NONE', #13048 ) ;
#6403 = CARTESIAN_POINT ( 'NONE',  ( -12.00000000000000000, -7.000000000000000000, 5.000000000000000000 ) ) ;
#6404 = FACE_OUTER_BOUND ( 'NONE', #2999, .T. ) ;
#6405 = PRODUCT_DEFINITION_SHAPE ( 'NONE', 'NONE',  #13066 ) ;
#6406 = LINE ( 'NONE', #5305, #3984 ) ;
#6407 = MECHANICAL_CONTEXT ( 'NONE', #4937, 'mechanical' ) ;
#6408 = DIRECTION ( 'NONE',  ( 0.000000000000000000, -1.000000000000000000, 0.000000000000000000 ) ) ;
#6409 =( NAMED_UNIT ( * ) SI_UNIT ( $, .STERADIAN. ) SOLID_ANGLE_UNIT ( ) );
#6410 = CYLINDRICAL_SURFACE ( 'NONE', #3701, 2.500000000000000000 ) ;
#6411 = ORIENTED_EDGE ( 'NONE', *, *, #9953, .T. ) ;
#6412 = ORIENTED_EDGE ( 'NONE', *, *, #7429, .T. ) ;
#6413 = DIRECTION ( 'NONE',  ( 1.000000000000000000, -0.000000000000000000, -0.000000000000000000 ) ) ;
#6414 = ORIENTED_EDGE ( 'NONE', *, *, #11536, .T. ) ;
#6415 = EDGE_CURVE ( 'NONE', #11200, #4776, #1757, .T. ) ;
#6416 = ORIENTED_EDGE ( 'NONE', *, *, #6632, .T. ) ;
#6417 = DIRECTION ( 'NONE',  ( 0.000000000000000000, 0.000000000000000000, 1.000000000000000000 ) ) ;
#6418 = PERSON_AND_ORGANIZATION_ROLE ( 'design_supplier' ) ;
#6419 = DIRECTION ( 'NONE',  ( -0.000000000000000000, -0.000000000000000000, 1.000000000000000000 ) ) ;
#6420 = EDGE_CURVE ( 'NONE', #2813, #12053, #1174, .T. ) ;
#6421 = ORIENTED_EDGE ( 'NONE', *, *, #7655, .F. ) ;
#6422 = ORIENTED_EDGE ( 'NONE', *, *, #2623, .T. ) ;
#6423 = PERSON_AND_ORGANIZATION_ROLE ( 'creator' ) ;
#6424 = CARTESIAN_POINT ( 'NONE',  ( 10.55101976734915326, 9.205879817082850636, 11.69999999999997975 ) ) ;
#6425 = VERTEX_POINT ( 'NONE', #6842 ) ;
#6426 = CIRCLE ( 'NONE', #6199, 2.000000000000001776 ) ;
#6427 = VECTOR ( 'NONE', #2006, 1000.000000000000000 ) ;
#6428 = CALENDAR_DATE ( 2026, 21, 9 ) ;
#6429 = SECURITY_CLASSIFICATION ( '', '', #11137 ) ;
#6430 = DIRECTION ( 'NONE',  ( 1.000000000000000000, -0.000000000000000000, 0.000000000000000000 ) ) ;
#6431 = DATE_TIME_ROLE ( 'creation_date' ) ;
#6432 = CARTESIAN_POINT ( 'NONE',  ( 0.000000000000000000, 1.300000000000000044, 16.00000000000000000 ) ) ;
#6433 = DIRECTION ( 'NONE',  ( -0.000000000000000000, -0.000000000000000000, 1.000000000000000000 ) ) ;
#6434 = CARTESIAN_POINT ( 'NONE',  ( -9.442469749913707133, -0.000000000000000000, 14.65686506842306436 ) ) ;
#6435 = CARTESIAN_POINT ( 'NONE',  ( -20.22508399488681619, -15.69993048876420438, 0.000000000000000000 ) ) ;
#6436 = VECTOR ( 'NONE', #12906, 1000.000000000000000 ) ;
#6437 = VECTOR ( 'NONE', #6744, 1000.000000000000000 ) ;
#6438 = EDGE_CURVE ( 'NONE', #6386, #12103, #10241, .T. ) ;
#6439 = CARTESIAN_POINT ( 'NONE',  ( -36.00000000000000711, -5.000000000000000000, -1.200000000000000030E-05 ) ) ;
#6440 = CARTESIAN_POINT ( 'NONE',  ( 13.00000000000000000, 5.000000000000000000, -1.200000000000000030E-05 ) ) ;
#6441 = DIRECTION ( 'NONE',  ( -0.000000000000000000, -0.000000000000000000, 1.000000000000000000 ) ) ;
#6442 = ORIENTED_EDGE ( 'NONE', *, *, #7938, .T. ) ;
#6443 = ORIENTED_EDGE ( 'NONE', *, *, #5724, .T. ) ;
#6444 = CARTESIAN_POINT ( 'NONE',  ( 31.00000000000000000, 66.00000000000000000, 5.000000000000000000 ) ) ;
#6445 = AXIS2_PLACEMENT_3D ( 'NONE', #5344, #8244, #3231 ) ;
#6446 = CARTESIAN_POINT ( 'NONE',  ( 10.55017837208570874, 9.206882368080758994, 6.800000000000003375 ) ) ;
#6447 = PERSON_AND_ORGANIZATION ( #12991, #11636 ) ;
#6448 = LOCAL_TIME ( 12, 23, 36.00000000000000000, #12604 ) ;
#6449 = LINE ( 'NONE', #433, #8648 ) ;
#6450 = CARTESIAN_POINT ( 'NONE',  ( -12.34333309900690878, 70.44258473825124156, -0.000000000000000000 ) ) ;
#6451 = VECTOR ( 'NONE', #5970, 1000.000000000000000 ) ;
#6452 = ADVANCED_FACE ( 'NONE', ( #4959 ), #2922, .F. ) ;
#6453 = EDGE_CURVE ( 'NONE', #5285, #11410, #6982, .T. ) ;
#6454 = DIRECTION ( 'NONE',  ( -1.000000000000000000, 0.000000000000000000, -0.000000000000000000 ) ) ;
#6455 = AXIS2_PLACEMENT_3D ( 'NONE', #4139, #8155, #6099 ) ;
#6456 = CARTESIAN_POINT ( 'NONE',  ( 22.00000000000000355, 8.000000000000000000, 24.00000000000000000 ) ) ;
#6457 = SECURITY_CLASSIFICATION ( '', '', #12174 ) ;
#6458 = VERTEX_POINT ( 'NONE', #7981 ) ;
#6459 = CARTESIAN_POINT ( 'NONE',  ( 31.60000000000000142, 72.50000000000000000, 6.000000000000000000 ) ) ;
#6460 = VECTOR ( 'NONE', #9218, 1000.000000000000000 ) ;
#6461 = ORIENTED_EDGE ( 'NONE', *, *, #8384, .F. ) ;
#6462 = ORIENTED_EDGE ( 'NONE', *, *, #5009, .F. ) ;
#6463 = FACE_BOUND ( 'NONE', #2683, .T. ) ;
#6464 = VERTEX_POINT ( 'NONE', #2744 ) ;
#6465 = CARTESIAN_POINT ( 'NONE',  ( 32.48439506952830413, 0.000000000000000000, 4.858485730194675334 ) ) ;
#6466 = PRODUCT_DEFINITION_FORMATION_WITH_SPECIFIED_SOURCE ( 'ä»', '', #95, .NOT_KNOWN. ) ;
#6467 = CARTESIAN_POINT ( 'NONE',  ( 12.00000000000000000, -7.000000000000000000, 13.29999999999999893 ) ) ;
#6468 = DIRECTION ( 'NONE',  ( 1.000000000000000000, 0.000000000000000000, 0.000000000000000000 ) ) ;
#6469 = PERSON_AND_ORGANIZATION ( #8720, #991 ) ;
#6470 = CARTESIAN_POINT ( 'NONE',  ( 11.50000000000000000, -6.000000000000000000, 22.00000000000000000 ) ) ;
#6471 = CC_DESIGN_PERSON_AND_ORGANIZATION_ASSIGNMENT ( #232, #6122, ( #6457 ) ) ;
#6472 = ADVANCED_FACE ( 'NONE', ( #898 ), #5939, .F. ) ;
#6473 = APPROVAL ( #12228, 'æœª' ) ;
#6474 = CARTESIAN_POINT ( 'NONE',  ( 18.63880920472916003, 0.000000000000000000, 13.04287395703121177 ) ) ;
#6475 = VECTOR ( 'NONE', #10123, 1000.000000000000000 ) ;
#6476 = LOCAL_TIME ( 12, 23, 36.00000000000000000, #10081 ) ;
#6477 = ORIENTED_EDGE ( 'NONE', *, *, #12377, .F. ) ;
#6478 = CARTESIAN_POINT ( 'NONE',  ( 122.6388092047274654, -1.042873957029619714, 0.000000000000000000 ) ) ;
#6479 = VERTEX_POINT ( 'NONE', #4839 ) ;
#6480 = VERTEX_POINT ( 'NONE', #3784 ) ;
#6481 = CARTESIAN_POINT ( 'NONE',  ( -10.69999999999999929, 66.00000000000000000, -6.000000000000000152E-06 ) ) ;
#6482 = VECTOR ( 'NONE', #108, 1000.000000000000000 ) ;
#6483 = PERSON_AND_ORGANIZATION ( #12991, #11636 ) ;
#6484 = EDGE_CURVE ( 'NONE', #12498, #1152, #3294, .T. ) ;
#6485 = DIRECTION ( 'NONE',  ( 0.000000000000000000, 0.000000000000000000, -1.000000000000000000 ) ) ;
#6486 = AXIS2_PLACEMENT_3D ( 'NONE', #1587, #1904, #5902 ) ;
#6487 = ORIENTED_EDGE ( 'NONE', *, *, #4405, .F. ) ;
#6488 = ORIENTED_EDGE ( 'NONE', *, *, #7853, .T. ) ;
#6489 = AXIS2_PLACEMENT_3D ( 'NONE', #9402, #2201, #7124 ) ;
#6490 = CALENDAR_DATE ( 2026, 21, 9 ) ;
#6491 = CARTESIAN_POINT ( 'NONE',  ( 0.000000000000000000, 149.0000000000000000, 0.000000000000000000 ) ) ;
#6492 = COORDINATED_UNIVERSAL_TIME_OFFSET ( 5, 0, .BEHIND. ) ;
#6493 = VECTOR ( 'NONE', #8449, 1000.000000000000000 ) ;
#6494 = ORIENTED_EDGE ( 'NONE', *, *, #412, .F. ) ;
#6495 = VECTOR ( 'NONE', #1206, 1000.000000000000000 ) ;
#6496 = FACE_OUTER_BOUND ( 'NONE', #7794, .T. ) ;
#6497 = CARTESIAN_POINT ( 'NONE',  ( 19.77491600511497083, 15.70006951123579064, -0.000000000000000000 ) ) ;
#6498 = DIRECTION ( 'NONE',  ( 0.000000000000000000, 0.000000000000000000, -1.000000000000000000 ) ) ;
#6499 = PERSON_AND_ORGANIZATION ( #12991, #11636 ) ;
#6500 = PLANE ( 'NONE',  #1261 ) ;
#6501 = CARTESIAN_POINT ( 'NONE',  ( -10.04297226076315397, -0.000000000000000000, 14.36128909900368456 ) ) ;
#6502 = VECTOR ( 'NONE', #12731, 1000.000000000000000 ) ;
#6503 = VECTOR ( 'NONE', #8988, 1000.000000000000000 ) ;
#6504 = VECTOR ( 'NONE', #636, 1000.000000000000000 ) ;
#6505 = DIRECTION ( 'NONE',  ( 0.000000000000000000, -1.000000000000000000, 0.000000000000000000 ) ) ;
#6506 = LINE ( 'NONE', #548, #7264 ) ;
#6507 = CARTESIAN_POINT ( 'NONE',  ( -15.69999999999999929, 0.000000000000000000, 2.000000000000000000 ) ) ;
#6508 = VERTEX_POINT ( 'NONE', #952 ) ;
#6509 = AXIS2_PLACEMENT_3D ( 'NONE', #2781, #5974, #6760 ) ;
#6510 = CARTESIAN_POINT ( 'NONE',  ( -14.00000000000000000, 70.00000000000000000, 8.000000000000000000 ) ) ;
#6511 = EDGE_CURVE ( 'NONE', #8288, #11950, #6207, .T. ) ;
#6512 = PLANE ( 'NONE',  #6852 ) ;
#6513 = COORDINATED_UNIVERSAL_TIME_OFFSET ( 5, 0, .BEHIND. ) ;
#6514 = FACE_OUTER_BOUND ( 'NONE', #7659, .T. ) ;
#6515 = ADVANCED_FACE ( 'NONE', ( #12860 ), #5994, .F. ) ;
#6516 = LINE ( 'NONE', #7237, #9700 ) ;
#6517 = CARTESIAN_POINT ( 'NONE',  ( -11.03982175519196751, 8.612738812327586757, 10.16766443662072206 ) ) ;
#6518 =( GEOMETRIC_REPRESENTATION_CONTEXT ( 3 ) GLOBAL_UNCERTAINTY_ASSIGNED_CONTEXT ( ( #10722 ) ) GLOBAL_UNIT_ASSIGNED_CONTEXT ( ( #6856, #7997, #11928 ) ) REPRESENTATION_CONTEXT ( 'NONE', 'WORKASPACE' ) );
#6519 = CARTESIAN_POINT ( 'NONE',  ( -7.299930488763835434, -0.000000000000000000, 3.774916005114604900 ) ) ;
#6520 = VERTEX_POINT ( 'NONE', #1947 ) ;
#6521 = DIRECTION ( 'NONE',  ( 1.000000000000000000, 0.000000000000000000, 0.000000000000000000 ) ) ;
#6522 = ORIENTED_EDGE ( 'NONE', *, *, #5123, .T. ) ;
#6523 = ORIENTED_EDGE ( 'NONE', *, *, #8074, .F. ) ;
#6524 = EDGE_LOOP ( 'NONE', ( #9383, #9111, #3846, #8738 ) ) ;
#6525 = EDGE_CURVE ( 'NONE', #8348, #9579, #9983, .T. ) ;
#6526 = CARTESIAN_POINT ( 'NONE',  ( 32.36128909900664041, -0.000000000000000000, 5.042972260759071901 ) ) ;
#6527 = AXIS2_PLACEMENT_3D ( 'NONE', #271, #11549, #5389 ) ;
#6528 = LINE ( 'NONE', #10472, #9239 ) ;
#6529 = CARTESIAN_POINT ( 'NONE',  ( -2.130340194382252417, 1.498434379583922782, -0.000000000000000000 ) ) ;
#6530 = DATE_TIME_ROLE ( 'creation_date' ) ;
#6531 = CALENDAR_DATE ( 2026, 21, 9 ) ;
#6532 = DIRECTION ( 'NONE',  ( -1.000000000000000000, 0.000000000000000000, 0.000000000000000000 ) ) ;
#6533 = EDGE_CURVE ( 'NONE', #1248, #9296, #3844, .T. ) ;
#6534 = CARTESIAN_POINT ( 'NONE',  ( 2.552147338437895652, 0.5775901837055785748, -0.000000000000000000 ) ) ;
#6535 = VERTEX_POINT ( 'NONE', #10799 ) ;
#6536 = CARTESIAN_POINT ( 'NONE',  ( 4.957126042969369095, -7.638809204728945090, 0.000000000000000000 ) ) ;
#6537 = LOCAL_TIME ( 12, 23, 36.00000000000000000, #2161 ) ;
#6538 = ORIENTED_EDGE ( 'NONE', *, *, #8736, .F. ) ;
#6539 = DIRECTION ( 'NONE',  ( 0.000000000000000000, 0.000000000000000000, 1.000000000000000000 ) ) ;
#6540 = CARTESIAN_POINT ( 'NONE',  ( 123.7749160051133401, -1.699930488764121561, 0.000000000000000000 ) ) ;
#6541 = VERTEX_POINT ( 'NONE', #5881 ) ;
#6542 = VERTEX_POINT ( 'NONE', #1812 ) ;
#6543 = EDGE_CURVE ( 'NONE', #2815, #11968, #5815, .T. ) ;
#6544 = ADVANCED_FACE ( 'NONE', ( #9793 ), #4901, .F. ) ;
#6545 = CARTESIAN_POINT ( 'NONE',  ( -9.225083994891685180, 67.70006951123353645, -0.000000000000000000 ) ) ;
#6546 = APPROVAL_PERSON_ORGANIZATION ( #7882, #10206, #808 ) ;
#6547 = DIRECTION ( 'NONE',  ( 0.000000000000000000, 0.000000000000000000, -1.000000000000000000 ) ) ;
#6548 = CARTESIAN_POINT ( 'NONE',  ( -7.361289099003629488, -7.957027739236790076, -0.000000000000000000 ) ) ;
#6549 = ORIENTED_EDGE ( 'NONE', *, *, #10641, .T. ) ;
#6550 = CARTESIAN_POINT ( 'NONE',  ( 0.5999999999999999778, 2.529822128134703085, -1.200000000000000030E-05 ) ) ;
#6551 = ORIENTED_EDGE ( 'NONE', *, *, #778, .F. ) ;
#6552 = APPLICATION_PROTOCOL_DEFINITION ( 'international standard', 'config_control_design', 1994, #7863 ) ;
#6553 = CARTESIAN_POINT ( 'NONE',  ( 35.00000000000000000, 0.000000000000000000, 4.000000000000000000 ) ) ;
#6554 = APPROVAL_ROLE ( '' ) ;
#6555 = EDGE_LOOP ( 'NONE', ( #5502, #4724, #7437, #8204 ) ) ;
#6556 = VECTOR ( 'NONE', #9556, 1000.000000000000000 ) ;
#6557 = PRODUCT_RELATED_PRODUCT_CATEGORY ( 'detail', '', ( #2327 ) ) ;
#6558 = CARTESIAN_POINT ( 'NONE',  ( 0.000000000000000000, 0.000000000000000000, 83.00000000000000000 ) ) ;
#6559 = DIRECTION ( 'NONE',  ( 1.000000000000000000, 0.000000000000000000, -0.000000000000000000 ) ) ;
#6560 = APPROVAL ( #1767, 'æœª' ) ;
#6561 = CARTESIAN_POINT ( 'NONE',  ( -6.000000000000000000, -9.000000000000000000, -1.200000000000000030E-05 ) ) ;
#6562 = APPROVAL_DATE_TIME ( #8573, #7272 ) ;
#6563 = CARTESIAN_POINT ( 'NONE',  ( -21.00000000000000000, 81.00000000000000000, 6.000000000000000000 ) ) ;
#6564 = CARTESIAN_POINT ( 'NONE',  ( -10.48452350954348766, -0.000000000000000000, 13.85853893179037044 ) ) ;
#6565 = CALENDAR_DATE ( 2026, 21, 9 ) ;
#6566 = CARTESIAN_POINT ( 'NONE',  ( 19.00000000000000000, 2.326828918379970970E-15, 4.000000000000000000 ) ) ;
#6567 = DIRECTION ( 'NONE',  ( 0.000000000000000000, 1.000000000000000000, 0.000000000000000000 ) ) ;
#6568 = EDGE_LOOP ( 'NONE', ( #8561, #1988, #840, #1190 ) ) ;
#6569 = DIRECTION ( 'NONE',  ( 1.000000000000000000, 0.000000000000000000, 0.000000000000000000 ) ) ;
#6570 = CARTESIAN_POINT ( 'NONE',  ( 35.60000000000000142, 62.50000000000000000, -1.200000000000000030E-05 ) ) ;
#6571 = ORIENTED_EDGE ( 'NONE', *, *, #11019, .T. ) ;
#6572 = CARTESIAN_POINT ( 'NONE',  ( -12.00000000000000000, -12.00000000000000000, 20.00000000000000000 ) ) ;
#6573 = EDGE_CURVE ( 'NONE', #7213, #10513, #8807, .T. ) ;
#6574 = AXIS2_PLACEMENT_3D ( 'NONE', #3893, #9922, #9058 ) ;
#6575 = CARTESIAN_POINT ( 'NONE',  ( 9.028198879604028448, 10.70007593451009953, 8.366875471380069484 ) ) ;
#6576 = PERSON_AND_ORGANIZATION ( #12991, #11636 ) ;
#6577 = CARTESIAN_POINT ( 'NONE',  ( -8.141514269807105464, 0.000000000000000000, 11.51560493047243128 ) ) ;
#6578 = PLANE ( 'NONE',  #10349 ) ;
#6579 = CARTESIAN_POINT ( 'NONE',  ( 27.69999999999999929, -45.00000000000000000, -1.200000000000000030E-05 ) ) ;
#6580 = CYLINDRICAL_SURFACE ( 'NONE', #10939, 1.700000000000000178 ) ;
#6581 = EDGE_CURVE ( 'NONE', #1488, #5434, #3900, .T. ) ;
#6582 = CARTESIAN_POINT ( 'NONE',  ( -36.00000000000000711, -5.000000000000000000, 28.00000000000000000 ) ) ;
#6583 = ORIENTED_EDGE ( 'NONE', *, *, #1514, .F. ) ;
#6584 = LINE ( 'NONE', #3650, #6002 ) ;
#6585 = ORIENTED_EDGE ( 'NONE', *, *, #1393, .F. ) ;
#6586 = LINE ( 'NONE', #4575, #643 ) ;
#6587 = DATE_AND_TIME ( #11651, #10883 ) ;
#6588 = ORIENTED_EDGE ( 'NONE', *, *, #2907, .F. ) ;
#6589 = ORIENTED_EDGE ( 'NONE', *, *, #6438, .T. ) ;
#6590 = CARTESIAN_POINT ( 'NONE',  ( 31.00000000000000355, -6.000000000000000152E-06, 2.299999999999999822 ) ) ;
#6591 = CALENDAR_DATE ( 2026, 21, 9 ) ;
#6592 = CARTESIAN_POINT ( 'NONE',  ( -4.299999999999999822, -9.000000000000000000, 3.000000000000000000 ) ) ;
#6593 = FACE_OUTER_BOUND ( 'NONE', #9268, .T. ) ;
#6594 = PERSON_AND_ORGANIZATION ( #12991, #11636 ) ;
#6595 = CYLINDRICAL_SURFACE ( 'NONE', #5103, 1.699999999999998401 ) ;
#6596 = CARTESIAN_POINT ( 'NONE',  ( 0.000000000000000000, 70.00000000000000000, 5.200000000000000178 ) ) ;
#6597 = ORIENTED_EDGE ( 'NONE', *, *, #5203, .F. ) ;
#6598 = EDGE_CURVE ( 'NONE', #1710, #1488, #1289, .T. ) ;
#6599 = SHAPE_REPRESENTATION_RELATIONSHIP ( 'NONE' , 'NONE' ,  #7, #11833 ) ;
#6600 = CARTESIAN_POINT ( 'NONE',  ( 0.5999999999999999778, 0.000000000000000000, 0.000000000000000000 ) ) ;
#6601 = ADVANCED_FACE ( 'NONE', ( #7180 ), #12262, .F. ) ;
#6602 = ORIENTED_EDGE ( 'NONE', *, *, #5327, .T. ) ;
#6603 = ORIENTED_EDGE ( 'NONE', *, *, #6120, .F. ) ;
#6604 = CARTESIAN_POINT ( 'NONE',  ( -7.299999999999998934, 66.22525195654463914, 0.000000000000000000 ) ) ;
#6605 = CYLINDRICAL_SURFACE ( 'NONE', #740, 1.700000000000000178 ) ;
#6606 = ORIENTED_EDGE ( 'NONE', *, *, #10581, .T. ) ;
#6607 = ADVANCED_FACE ( 'NONE', ( #3184 ), #12386, .F. ) ;
#6608 = EDGE_CURVE ( 'NONE', #2667, #7918, #306, .T. ) ;
#6609 = CARTESIAN_POINT ( 'NONE',  ( 0.5999999999999998668, 9.000000000000000000, 8.500000000000000000 ) ) ;
#6610 = EDGE_LOOP ( 'NONE', ( #10837, #12983, #3431, #9350 ) ) ;
#6611 = APPROVAL_STATUS ( 'not_yet_approved' ) ;
#6612 = CARTESIAN_POINT ( 'NONE',  ( -21.00000000000000000, 0.000000000000000000, 0.000000000000000000 ) ) ;
#6613 = VERTEX_POINT ( 'NONE', #8259 ) ;
#6614 = DATE_TIME_ROLE ( 'classification_date' ) ;
#6615 = CARTESIAN_POINT ( 'NONE',  ( -37.50000000000000000, -10.00000000000000000, 28.00000000000000000 ) ) ;
#6616 = DIRECTION ( 'NONE',  ( -1.000000000000000000, 0.000000000000000000, 0.000000000000000000 ) ) ;
#6617 = VECTOR ( 'NONE', #11798, 1000.000000000000000 ) ;
#6618 = CYLINDRICAL_SURFACE ( 'NONE', #2243, 1.700000000000000178 ) ;
#6619 = PERSON_AND_ORGANIZATION ( #12991, #11636 ) ;
#6620 = DIRECTION ( 'NONE',  ( -0.000000000000000000, 1.000000000000000000, -0.000000000000000000 ) ) ;
#6621 = DIRECTION ( 'NONE',  ( 0.000000000000000000, -1.000000000000000000, 0.000000000000000000 ) ) ;
#6622 = CALENDAR_DATE ( 2026, 21, 9 ) ;
#6623 = CIRCLE ( 'NONE', #5782, 1.700000000000000178 ) ;
#6624 = CYLINDRICAL_SURFACE ( 'NONE', #10203, 1.700000000000000178 ) ;
#6625 = CC_DESIGN_PERSON_AND_ORGANIZATION_ASSIGNMENT ( #5452, #469, ( #4806 ) ) ;
#6626 = CC_DESIGN_PERSON_AND_ORGANIZATION_ASSIGNMENT ( #2844, #3889, ( #7856 ) ) ;
#6627 = CARTESIAN_POINT ( 'NONE',  ( 14.00000000000000000, 70.00000000000000000, -1.200000000000000030E-05 ) ) ;
#6628 = VECTOR ( 'NONE', #6694, 1000.000000000000000 ) ;
#6629 = VECTOR ( 'NONE', #1762, 1000.000000000000000 ) ;
#6630 = DIRECTION ( 'NONE',  ( -0.000000000000000000, -0.000000000000000000, -1.000000000000000000 ) ) ;
#6631 = ORIENTED_EDGE ( 'NONE', *, *, #8567, .T. ) ;
#6632 = EDGE_CURVE ( 'NONE', #3972, #10463, #2196, .T. ) ;
#6633 = ORIENTED_EDGE ( 'NONE', *, *, #8930, .F. ) ;
#6634 = DIRECTION ( 'NONE',  ( 0.000000000000000000, -1.000000000000000000, 0.000000000000000000 ) ) ;
#6635 = DIRECTION ( 'NONE',  ( -0.000000000000000000, -0.000000000000000000, 1.000000000000000000 ) ) ;
#6636 = CARTESIAN_POINT ( 'NONE',  ( -18.95712604296878467, 0.000000000000000000, 13.36119079527010101 ) ) ;
#6637 = LINE ( 'NONE', #4319, #12034 ) ;
#6638 = AXIS2_PLACEMENT_3D ( 'NONE', #9464, #4453, #7589 ) ;
#6639 = AXIS2_PLACEMENT_3D ( 'NONE', #12359, #5331, #7083 ) ;
#6640 = LOCAL_TIME ( 12, 23, 36.00000000000000000, #11263 ) ;
#6641 = DIRECTION ( 'NONE',  ( 1.000000000000000000, 0.000000000000000000, 0.000000000000000000 ) ) ;
#6642 = ADVANCED_FACE ( 'NONE', ( #2137 ), #7323, .F. ) ;
#6643 = APPROVAL_ROLE ( '' ) ;
#6644 = ORIENTED_EDGE ( 'NONE', *, *, #11087, .F. ) ;
#6645 = CARTESIAN_POINT ( 'NONE',  ( 31.19999999999999929, 80.50000000000000000, 5.688194301613412662 ) ) ;
#6646 = ORIENTED_EDGE ( 'NONE', *, *, #1802, .F. ) ;
#6647 = VECTOR ( 'NONE', #5433, 1000.000000000000000 ) ;
#6648 = ORIENTED_EDGE ( 'NONE', *, *, #4293, .T. ) ;
#6649 = LOCAL_TIME ( 12, 23, 36.00000000000000000, #10410 ) ;
#6650 = EDGE_CURVE ( 'NONE', #9604, #10478, #240, .T. ) ;
#6651 = ORIENTED_EDGE ( 'NONE', *, *, #26, .T. ) ;
#6652 = DATE_AND_TIME ( #572, #1466 ) ;
#6653 = CARTESIAN_POINT ( 'NONE',  ( 31.22508399488667408, -0.000000000000000000, 2.300069511235792952 ) ) ;
#6654 = EDGE_CURVE ( 'NONE', #1065, #1567, #10400, .T. ) ;
#6655 = DIRECTION ( 'NONE',  ( -1.000000000000000000, -0.000000000000000000, -0.000000000000000000 ) ) ;
#6656 = ADVANCED_FACE ( 'NONE', ( #7117 ), #4312, .F. ) ;
#6657 = CARTESIAN_POINT ( 'NONE',  ( 31.22525195654715802, 0.000000000000000000, 14.69999999999999929 ) ) ;
#6658 = DATE_AND_TIME ( #452, #5076 ) ;
#6659 = COORDINATED_UNIVERSAL_TIME_OFFSET ( 5, 0, .BEHIND. ) ;
#6660 = DIRECTION ( 'NONE',  ( 1.000000000000000000, 0.000000000000000000, 0.000000000000000000 ) ) ;
#6661 = VECTOR ( 'NONE', #5783, 1000.000000000000000 ) ;
#6662 = CC_DESIGN_APPROVAL ( #6399, ( #9201 ) ) ;
#6663 = EDGE_LOOP ( 'NONE', ( #8634, #386, #698, #10867 ) ) ;
#6664 = CARTESIAN_POINT ( 'NONE',  ( 4.300069511235978581, -8.774916005114528517, -0.000000000000000000 ) ) ;
#6665 = EDGE_LOOP ( 'NONE', ( #10449, #9958 ) ) ;
#6666 =( NAMED_UNIT ( * ) SI_UNIT ( $, .STERADIAN. ) SOLID_ANGLE_UNIT ( ) );
#6667 = ORIENTED_EDGE ( 'NONE', *, *, #12098, .T. ) ;
#6668 = ORIENTED_EDGE ( 'NONE', *, *, #10029, .F. ) ;
#6669 = CARTESIAN_POINT ( 'NONE',  ( 14.00000000000000000, 70.00000000000000000, 8.000000000000000000 ) ) ;
#6670 = EDGE_CURVE ( 'NONE', #7621, #9485, #5088, .T. ) ;
#6671 = CC_DESIGN_APPROVAL ( #6473, ( #5004 ) ) ;
#6672 = FACE_BOUND ( 'NONE', #8791, .T. ) ;
#6673 = ORIENTED_EDGE ( 'NONE', *, *, #6511, .F. ) ;
#6674 = ORIENTED_EDGE ( 'NONE', *, *, #6484, .T. ) ;
#6675 = APPROVAL_DATE_TIME ( #8754, #9665 ) ;
#6676 = APPROVAL_ROLE ( '' ) ;
#6677 = ORIENTED_EDGE ( 'NONE', *, *, #3782, .F. ) ;
#6678 = CIRCLE ( 'NONE', #1026, 1.700000000000000178 ) ;
#6679 = CARTESIAN_POINT ( 'NONE',  ( 24.30000000000000071, -57.00000000000000000, 5.000000000000000000 ) ) ;
#6680 = AXIS2_PLACEMENT_3D ( 'NONE', #6119, #8036, #6049 ) ;
#6681 = LINE ( 'NONE', #10758, #10910 ) ;
#6682 = SECURITY_CLASSIFICATION ( '', '', #7839 ) ;
#6683 = CARTESIAN_POINT ( 'NONE',  ( -9.500000000000000000, 0.000000000000000000, 38.00000000000000000 ) ) ;
#6684 = EDGE_CURVE ( 'NONE', #10270, #12840, #3722, .T. ) ;
#6685 = CALENDAR_DATE ( 2026, 21, 9 ) ;
#6686 = EDGE_CURVE ( 'NONE', #5514, #4771, #6826, .T. ) ;
#6687 = DIRECTION ( 'NONE',  ( 0.000000000000000000, -0.000000000000000000, -1.000000000000000000 ) ) ;
#6688 = CARTESIAN_POINT ( 'NONE',  ( 21.00000000000000000, -12.00000000000000000, 3.000000000000000000 ) ) ;
#6689 = AXIS2_PLACEMENT_3D ( 'NONE', #189, #7277, #4060 ) ;
#6690 = APPROVAL_STATUS ( 'not_yet_approved' ) ;
#6691 = CARTESIAN_POINT ( 'NONE',  ( 122.3432046589899187, 0.4426379398539286858, -0.000000000000000000 ) ) ;
#6692 = PRODUCT ( 'V3_REF_gripper_finger', 'V3_REF_gripper_finger', '', ( #6407 ) ) ;
#6693 = VECTOR ( 'NONE', #899, 1000.000000000000000 ) ;
#6694 = DIRECTION ( 'NONE',  ( -0.000000000000000000, -0.000000000000000000, 1.000000000000000000 ) ) ;
#6695 = APPLICATION_CONTEXT ( 'configuration controlled 3d designs of mechanical parts and assemblies' ) ;
#6696 = EDGE_CURVE ( 'NONE', #12080, #2643, #11311, .T. ) ;
#6697 = ORIENTED_EDGE ( 'NONE', *, *, #2047, .F. ) ;
#6698 = CARTESIAN_POINT ( 'NONE',  ( -7.299999999999998046, 57.22525195654760211, 0.000000000000000000 ) ) ;
#6699 = ORIENTED_EDGE ( 'NONE', *, *, #10911, .F. ) ;
#6700 = VECTOR ( 'NONE', #10164, 1000.000000000000000 ) ;
#6701 = DESIGN_CONTEXT ( 'detailed design', #8991, 'design' ) ;
#6702 = CARTESIAN_POINT ( 'NONE',  ( -9.000000000000000000, 66.00000000000000000, 5.000000000000000000 ) ) ;
#6703 = CARTESIAN_POINT ( 'NONE',  ( 24.30000000000000071, 45.00000000000000000, 5.000000000000000000 ) ) ;
#6704 = EDGE_CURVE ( 'NONE', #92, #7621, #10685, .T. ) ;
#6705 = CC_DESIGN_DATE_AND_TIME_ASSIGNMENT ( #10180, #81, ( #7073 ) ) ;
#6706 = ADVANCED_FACE ( 'NONE', ( #6397 ), #566, .F. ) ;
#6707 = VECTOR ( 'NONE', #4393, 1000.000000000000000 ) ;
#6708 = AXIS2_PLACEMENT_3D ( 'NONE', #2144, #373, #5364 ) ;
#6709 = CARTESIAN_POINT ( 'NONE',  ( -21.00000000000000000, 12.00000000000000000, 0.000000000000000000 ) ) ;
#6710 = DIRECTION ( 'NONE',  ( -0.000000000000000000, -1.000000000000000000, -0.000000000000000000 ) ) ;
#6711 = LINE ( 'NONE', #4446, #8202 ) ;
#6712 = VECTOR ( 'NONE', #10242, 1000.000000000000000 ) ;
#6713 = CARTESIAN_POINT ( 'NONE',  ( 183.0000000000000000, 3.000000000000000000, 83.00000000000000000 ) ) ;
#6714 = ORIENTED_EDGE ( 'NONE', *, *, #9505, .F. ) ;
#6715 = CYLINDRICAL_SURFACE ( 'NONE', #5820, 1.100000000000000311 ) ;
#6716 = ORIENTED_EDGE ( 'NONE', *, *, #2930, .T. ) ;
#6717 = VERTEX_POINT ( 'NONE', #6645 ) ;
#6718 = CARTESIAN_POINT ( 'NONE',  ( 0.000000000000000000, 0.000000000000000000, 0.000000000000000000 ) ) ;
#6719 = VERTEX_POINT ( 'NONE', #505 ) ;
#6720 = CC_DESIGN_DATE_AND_TIME_ASSIGNMENT ( #6092, #3156, ( #5232 ) ) ;
#6721 = PRODUCT_RELATED_PRODUCT_CATEGORY ( 'detail', '', ( #10745 ) ) ;
#6722 = CARTESIAN_POINT ( 'NONE',  ( -11.90000000000000036, -6.400000000000000355, 3.000000000000000000 ) ) ;
#6723 = CARTESIAN_POINT ( 'NONE',  ( -2.552093532249216423, 0.5780252676397000799, -0.000000000000000000 ) ) ;
#6724 = PERSON_AND_ORGANIZATION_ROLE ( 'classification_officer' ) ;
#6725 = CARTESIAN_POINT ( 'NONE',  ( -6.000000000000000000, 0.000000000000000000, 20.00000000000000000 ) ) ;
#6726 = LINE ( 'NONE', #4957, #11169 ) ;
#6727 = ORIENTED_EDGE ( 'NONE', *, *, #3669, .T. ) ;
#6728 = DIRECTION ( 'NONE',  ( -0.000000000000000000, -0.000000000000000000, 1.000000000000000000 ) ) ;
#6729 = ORIENTED_EDGE ( 'NONE', *, *, #6650, .F. ) ;
#6730 = ORIENTED_EDGE ( 'NONE', *, *, #8422, .T. ) ;
#6731 = CARTESIAN_POINT ( 'NONE',  ( 35.60000000000000142, 0.000000000000000000, 0.000000000000000000 ) ) ;
#6732 = ADVANCED_BREP_SHAPE_REPRESENTATION ( '', ( #3104, #1284 ), #6518 ) ;
#6733 = APPROVAL_PERSON_ORGANIZATION ( #10868, #2322, #10624 ) ;
#6734 = CARTESIAN_POINT ( 'NONE',  ( 18.30000000000000071, 14.00000000000000000, -6.000000000000000152E-06 ) ) ;
#6735 = VERTEX_POINT ( 'NONE', #6459 ) ;
#6736 = CARTESIAN_POINT ( 'NONE',  ( 31.60000000000000142, 67.50000000000000000, 0.000000000000000000 ) ) ;
#6737 = ORIENTED_EDGE ( 'NONE', *, *, #12268, .T. ) ;
#6738 = PERSON_AND_ORGANIZATION_ROLE ( 'creator' ) ;
#6739 = EDGE_CURVE ( 'NONE', #6223, #962, #1487, .T. ) ;
#6740 = APPLICATION_PROTOCOL_DEFINITION ( 'international standard', 'config_control_design', 1994, #9681 ) ;
#6741 = ORIENTED_EDGE ( 'NONE', *, *, #3606, .F. ) ;
#6742 = PRODUCT_DEFINITION_FORMATION_WITH_SPECIFIED_SOURCE ( 'ä»', '', #6692, .NOT_KNOWN. ) ;
#6743 = DIRECTION ( 'NONE',  ( 0.000000000000000000, 0.000000000000000000, -1.000000000000000000 ) ) ;
#6744 = DIRECTION ( 'NONE',  ( -0.000000000000000000, -0.000000000000000000, -1.000000000000000000 ) ) ;
#6745 = PLANE ( 'NONE',  #7753 ) ;
#6746 = LINE ( 'NONE', #10818, #2516 ) ;
#6747 = APPROVAL_DATE_TIME ( #2767, #9964 ) ;
#6748 = LINE ( 'NONE', #5777, #5566 ) ;
#6749 = LOCAL_TIME ( 12, 23, 36.00000000000000000, #11416 ) ;
#6750 = DIRECTION ( 'NONE',  ( 0.000000000000000000, 0.000000000000000000, -1.000000000000000000 ) ) ;
#6751 = ORIENTED_EDGE ( 'NONE', *, *, #2456, .F. ) ;
#6752 = EDGE_CURVE ( 'NONE', #2841, #10880, #5497, .T. ) ;
#6753 = LINE ( 'NONE', #9707, #10223 ) ;
#6754 = EDGE_LOOP ( 'NONE', ( #12740, #2001, #3675, #8280 ) ) ;
#6755 = DIRECTION ( 'NONE',  ( -0.000000000000000000, 1.000000000000000000, -0.000000000000000000 ) ) ;
#6756 = DIRECTION ( 'NONE',  ( -0.000000000000000000, -0.000000000000000000, 1.000000000000000000 ) ) ;
#6757 = CALENDAR_DATE ( 2026, 21, 9 ) ;
#6758 = EDGE_CURVE ( 'NONE', #11420, #974, #5404, .T. ) ;
#6759 = CARTESIAN_POINT ( 'NONE',  ( -19.77474804345268566, 0.000000000000000000, 13.69999999999999751 ) ) ;
#6760 = DIRECTION ( 'NONE',  ( 0.000000000000000000, 0.000000000000000000, -1.000000000000000000 ) ) ;
#6761 = APPLICATION_CONTEXT ( 'configuration controlled 3d designs of mechanical parts and assemblies' ) ;
#6762 = CARTESIAN_POINT ( 'NONE',  ( 20.00000000000000000, -12.00000000000000000, 2.000000000000000000 ) ) ;
#6763 = DIRECTION ( 'NONE',  ( 0.000000000000000000, -1.000000000000000000, 0.000000000000000000 ) ) ;
#6764 = EDGE_CURVE ( 'NONE', #12326, #12101, #8602, .T. ) ;
#6765 = EDGE_CURVE ( 'NONE', #12049, #6770, #9533, .T. ) ;
#6766 = DIRECTION ( 'NONE',  ( 1.000000000000000000, -0.000000000000000000, -0.000000000000000000 ) ) ;
#6767 = AXIS2_PLACEMENT_3D ( 'NONE', #11256, #5239, #9278 ) ;
#6768 = VERTEX_POINT ( 'NONE', #4513 ) ;
#6769 = DIRECTION ( 'NONE',  ( -0.000000000000000000, -0.000000000000000000, -1.000000000000000000 ) ) ;
#6770 = VERTEX_POINT ( 'NONE', #12662 ) ;
#6771 = ORIENTED_EDGE ( 'NONE', *, *, #7256, .F. ) ;
#6772 = CARTESIAN_POINT ( 'NONE',  ( -9.000000000000000000, 59.50000000000000000, 4.000000000000000000 ) ) ;
#6773 = VERTEX_POINT ( 'NONE', #8470 ) ;
#6774 = EDGE_CURVE ( 'NONE', #8751, #951, #1820, .T. ) ;
#6775 = CARTESIAN_POINT ( 'NONE',  ( 12.34320465898919394, 70.44263793985065547, -0.000000000000000000 ) ) ;
#6776 = CARTESIAN_POINT ( 'NONE',  ( 122.2999999999999972, 2.081899558550508908E-16, -6.000000000000000152E-06 ) ) ;
#6777 = FACE_OUTER_BOUND ( 'NONE', #868, .T. ) ;
#6778 = LINE ( 'NONE', #12108, #5945 ) ;
#6779 = CYLINDRICAL_SURFACE ( 'NONE', #2084, 2.600000000000000089 ) ;
#6780 = EDGE_LOOP ( 'NONE', ( #6364, #2422 ) ) ;
#6781 = CC_DESIGN_DATE_AND_TIME_ASSIGNMENT ( #10539, #455, ( #6221 ) ) ;
#6782 = CC_DESIGN_PERSON_AND_ORGANIZATION_ASSIGNMENT ( #5838, #3743, ( #3627 ) ) ;
#6783 = ORIENTED_EDGE ( 'NONE', *, *, #6608, .T. ) ;
#6784 = CARTESIAN_POINT ( 'NONE',  ( 24.30000000000000071, -57.00000000000000000, -1.200000000000000030E-05 ) ) ;
#6785 = DIRECTION ( 'NONE',  ( 0.000000000000000000, 0.000000000000000000, -1.000000000000000000 ) ) ;
#6786 = ORIENTED_EDGE ( 'NONE', *, *, #2233, .F. ) ;
#6787 = ORIENTED_EDGE ( 'NONE', *, *, #12694, .T. ) ;
#6788 = DIRECTION ( 'NONE',  ( 1.000000000000000000, 0.000000000000000000, 0.000000000000000000 ) ) ;
#6789 = LINE ( 'NONE', #10749, #2649 ) ;
#6790 = ORIENTED_EDGE ( 'NONE', *, *, #12126, .T. ) ;
#6791 = EDGE_CURVE ( 'NONE', #5483, #9992, #6584, .T. ) ;
#6792 = VERTEX_POINT ( 'NONE', #8532 ) ;
#6793 = APPROVAL_DATE_TIME ( #11620, #2865 ) ;
#6794 = CALENDAR_DATE ( 2026, 21, 9 ) ;
#6795 = ORIENTED_EDGE ( 'NONE', *, *, #8221, .T. ) ;
#6796 = LINE ( 'NONE', #47, #3939 ) ;
#6797 = CARTESIAN_POINT ( 'NONE',  ( 35.00000000000000000, 70.00000000000000000, 0.000000000000000000 ) ) ;
#6798 = LINE ( 'NONE', #8005, #843 ) ;
#6799 = CARTESIAN_POINT ( 'NONE',  ( -7.343134931576937419, 65.55753025008398538, -0.000000000000000000 ) ) ;
#6800 = VECTOR ( 'NONE', #6995, 1000.000000000000000 ) ;
#6801 = PERSON_AND_ORGANIZATION ( #12991, #11636 ) ;
#6802 = EDGE_CURVE ( 'NONE', #6280, #1286, #3524, .T. ) ;
#6803 = CARTESIAN_POINT ( 'NONE',  ( 12.95702773924156759, 68.63871090099310379, -0.000000000000000000 ) ) ;
#6804 = LINE ( 'NONE', #5908, #12236 ) ;
#6805 = CARTESIAN_POINT ( 'NONE',  ( -28.00000000000000000, 0.000000000000000000, 24.00000000000000000 ) ) ;
#6806 = ORIENTED_EDGE ( 'NONE', *, *, #1058, .F. ) ;
#6807 = DIRECTION ( 'NONE',  ( 1.000000000000000000, -0.000000000000000000, 0.000000000000000000 ) ) ;
#6808 = ORIENTED_EDGE ( 'NONE', *, *, #114, .F. ) ;
#6809 = AXIS2_PLACEMENT_3D ( 'NONE', #4229, #3382, #7375 ) ;
#6810 = ORIENTED_EDGE ( 'NONE', *, *, #9558, .F. ) ;
#6811 = CARTESIAN_POINT ( 'NONE',  ( 17.00000000000000000, 10.00000000000000000, 28.00000000000000000 ) ) ;
#6812 = CARTESIAN_POINT ( 'NONE',  ( 18.95702773923648010, -15.36128909900368278, -0.000000000000000000 ) ) ;
#6813 = PERSON_AND_ORGANIZATION ( #12991, #11636 ) ;
#6814 = CARTESIAN_POINT ( 'NONE',  ( 11.32499397577940314, 8.231471694506819148, 8.479938983346805514 ) ) ;
#6815 = CARTESIAN_POINT ( 'NONE',  ( -15.19999999999999929, -2.000000000000000000, -1.200000000000000030E-05 ) ) ;
#6816 = EDGE_CURVE ( 'NONE', #2365, #9192, #12167, .T. ) ;
#6817 = CARTESIAN_POINT ( 'NONE',  ( -11.04168123444021887, 8.610387747206912579, 6.832736012061417341 ) ) ;
#6818 = VECTOR ( 'NONE', #7726, 1000.000000000000000 ) ;
#6819 = DIRECTION ( 'NONE',  ( -1.000000000000000000, 0.000000000000000000, 0.000000000000000000 ) ) ;
#6820 = EDGE_LOOP ( 'NONE', ( #9518, #4188 ) ) ;
#6821 = DIRECTION ( 'NONE',  ( 0.000000000000000000, -0.000000000000000000, -1.000000000000000000 ) ) ;
#6822 = ORIENTED_EDGE ( 'NONE', *, *, #4863, .T. ) ;
#6823 = VERTEX_POINT ( 'NONE', #3465 ) ;
#6824 = FACE_BOUND ( 'NONE', #91, .T. ) ;
#6825 = ORIENTED_EDGE ( 'NONE', *, *, #5709, .T. ) ;
#6826 = CIRCLE ( 'NONE', #11102, 1.700000000000007061 ) ;
#6827 = APPROVAL_ROLE ( '' ) ;
#6828 = AXIS2_PLACEMENT_3D ( 'NONE', #1458, #8572, #9694 ) ;
#6829 = DIRECTION ( 'NONE',  ( -0.000000000000000000, 1.000000000000000000, 0.000000000000000000 ) ) ;
#6830 = CC_DESIGN_SECURITY_CLASSIFICATION ( #4362, ( #13068 ) ) ;
#6831 = CARTESIAN_POINT ( 'NONE',  ( -7.700000000000000178, 0.000000000000000000, 20.00000000000000000 ) ) ;
#6832 = EDGE_CURVE ( 'NONE', #8933, #2415, #2861, .T. ) ;
#6833 = CARTESIAN_POINT ( 'NONE',  ( -15.59999999999999964, 0.000000000000000000, 6.000000000000000000 ) ) ;
#6834 = APPROVAL_STATUS ( 'not_yet_approved' ) ;
#6835 = EDGE_CURVE ( 'NONE', #2467, #8476, #5429, .T. ) ;
#6836 = APPROVAL_ROLE ( '' ) ;
#6837 = DIRECTION ( 'NONE',  ( 1.000000000000000000, 0.000000000000000000, 0.000000000000000000 ) ) ;
#6838 = DIRECTION ( 'NONE',  ( 0.000000000000000000, 0.000000000000000000, 1.000000000000000000 ) ) ;
#6839 = ORIENTED_EDGE ( 'NONE', *, *, #2698, .F. ) ;
#6840 = EDGE_CURVE ( 'NONE', #3931, #9986, #2117, .T. ) ;
#6841 = ORIENTED_EDGE ( 'NONE', *, *, #2796, .T. ) ;
#6842 = CARTESIAN_POINT ( 'NONE',  ( 10.50000000000000000, 1.300000000000000044, 0.000000000000000000 ) ) ;
#6843 = DIRECTION ( 'NONE',  ( 0.000000000000000000, 1.000000000000000000, 0.000000000000000000 ) ) ;
#6844 = ORIENTED_EDGE ( 'NONE', *, *, #7003, .F. ) ;
#6845 = ORIENTED_EDGE ( 'NONE', *, *, #5074, .F. ) ;
#6846 = AXIS2_PLACEMENT_3D ( 'NONE', #985, #9156, #123 ) ;
#6847 = CARTESIAN_POINT ( 'NONE',  ( 11.50000000000000000, -6.000000000000000000, 22.00000000000000000 ) ) ;
#6848 = EDGE_CURVE ( 'NONE', #5324, #820, #2652, .T. ) ;
#6849 = ORGANIZATION ( 'NAUO-ORG26', 'UNSPECIFIED', 'UNSPECIFIED' ) ;
#6850 = CC_DESIGN_PERSON_AND_ORGANIZATION_ASSIGNMENT ( #5195, #3288, ( #9323 ) ) ;
#6851 = CARTESIAN_POINT ( 'NONE',  ( 24.30000000000000071, 45.00000000000000000, 0.000000000000000000 ) ) ;
#6852 = AXIS2_PLACEMENT_3D ( 'NONE', #7698, #683, #7579 ) ;
#6853 = VERTEX_POINT ( 'NONE', #3594 ) ;
#6854 = CARTESIAN_POINT ( 'NONE',  ( 0.5999999999999998668, 9.000000000000000000, 10.00000000000000000 ) ) ;
#6855 = ORIENTED_EDGE ( 'NONE', *, *, #6240, .F. ) ;
#6856 =( LENGTH_UNIT ( ) NAMED_UNIT ( * ) SI_UNIT ( .MILLI., .METRE. ) );
#6857 = ORIENTED_EDGE ( 'NONE', *, *, #2509, .T. ) ;
#6858 = CARTESIAN_POINT ( 'NONE',  ( 10.50000000000000000, 1.300000000000000044, -0.09997027095160138099 ) ) ;
#6859 = CLOSED_SHELL ( 'NONE', ( #8999, #8423, #5703, #11329, #9559, #6354, #11871, #12340, #1818, #478, #4080, #172, #4745, #5515, #10535, #7908, #12306, #1258, #3236, #7339, #5542, #10105, #7031, #7799, #3080, #10728, #2995, #4000, #10957, #5667, #8894, #5252, #2345, #1787, #919, #9075, #12201, #8586 ) ) ;
#6860 = CARTESIAN_POINT ( 'NONE',  ( -10.65679534101080783, -0.000000000000000000, 3.557362060152486460 ) ) ;
#6861 = CC_DESIGN_PERSON_AND_ORGANIZATION_ASSIGNMENT ( #6813, #5851, ( #304 ) ) ;
#6862 = APPLICATION_PROTOCOL_DEFINITION ( 'international standard', 'config_control_design', 1994, #5622 ) ;
#6863 = EDGE_CURVE ( 'NONE', #7469, #7830, #5809, .T. ) ;
#6864 = CARTESIAN_POINT ( 'NONE',  ( 0.000000000000000000, 70.00000000000000000, 5.200000000000000178 ) ) ;
#6865 = LOCAL_TIME ( 12, 23, 36.00000000000000000, #8122 ) ;
#6866 = CARTESIAN_POINT ( 'NONE',  ( 10.00000000000000178, 10.00000000000000000, 25.00000000000000000 ) ) ;
#6867 = APPROVAL_ROLE ( '' ) ;
#6868 = ADVANCED_FACE ( 'NONE', ( #627, #1611, #11649 ), #5614, .T. ) ;
#6869 = CARTESIAN_POINT ( 'NONE',  ( 0.6000001017321888730, 2.529941645714209653, -8.999999999999988370E-06 ) ) ;
#6870 = CARTESIAN_POINT ( 'NONE',  ( -2.600000000000000089, 3.184081677783117698E-16, 12.00000000000000000 ) ) ;
#6871 = DIRECTION ( 'NONE',  ( -0.000000000000000000, -0.000000000000000000, 1.000000000000000000 ) ) ;
#6872 = ORIENTED_EDGE ( 'NONE', *, *, #7216, .F. ) ;
#6873 = VECTOR ( 'NONE', #5469, 1000.000000000000000 ) ;
#6874 = CARTESIAN_POINT ( 'NONE',  ( 35.00000000000000000, 110.0000000000000000, 16.00000000000000000 ) ) ;
#6875 = PLANE ( 'NONE',  #4332 ) ;
#6876 = VECTOR ( 'NONE', #8537, 1000.000000000000000 ) ;
#6877 = SHAPE_REPRESENTATION ( 'FlipArm_V3_raised', ( #5900, #6097, #472, #7796, #2129, #9516, #2555, #5503, #8864, #11192, #5493, #1518, #3417, #12913, #9729, #6109, #7801, #1082, #5513, #8224, #2140, #6527, #8871, #6938, #8003, #7151, #7161 ), #8464 ) ;
#6878 = ORIENTED_EDGE ( 'NONE', *, *, #8729, .F. ) ;
#6879 = LOCAL_TIME ( 12, 23, 36.00000000000000000, #10752 ) ;
#6880 = DIRECTION ( 'NONE',  ( -1.000000000000000000, 0.000000000000000000, -0.000000000000000000 ) ) ;
#6881 = CARTESIAN_POINT ( 'NONE',  ( 21.65686506842306969, -14.44246974991461663, -0.000000000000000000 ) ) ;
#6882 = SECURITY_CLASSIFICATION_LEVEL ( 'unclassified' ) ;
#6883 = CARTESIAN_POINT ( 'NONE',  ( 11.94632831415376728, 7.299673962712884823, 10.11996912003220572 ) ) ;
#6884 = CARTESIAN_POINT ( 'NONE',  ( -24.30000000000000071, 45.00000000000000000, 5.000000000000000000 ) ) ;
#6885 = B_SPLINE_CURVE_WITH_KNOTS ( 'NONE', 3,
 ( #4382, #3522, #5495, #9588, #8468, #5612, #11581, #9394, #2457, #6519, #10593, #362, #503, #10524, #7520, #2395, #3462, #7448 ),
 .UNSPECIFIED., .F., .F.,
 ( 4, 2, 2, 2, 2, 2, 2, 2, 4 ),
 ( 0.000000000000000000, 0.06250000000000000000, 0.1250000000000000000, 0.1875000000000000000, 0.2500000000000000000, 0.3125000000000000000, 0.3750000000000000000, 0.4375000000000000000, 0.5000000000000000000 ),
 .UNSPECIFIED. ) ;
#6886 = VECTOR ( 'NONE', #7699, 1000.000000000000000 ) ;
#6887 = VECTOR ( 'NONE', #2608, 1000.000000000000000 ) ;
#6888 = FACE_OUTER_BOUND ( 'NONE', #9091, .T. ) ;
#6889 = DIRECTION ( 'NONE',  ( -0.000000000000000000, -1.000000000000000000, -0.000000000000000000 ) ) ;
#6890 = VECTOR ( 'NONE', #1265, 1000.000000000000000 ) ;
#6891 = LINE ( 'NONE', #9106, #8784 ) ;
#6892 = ORIENTED_EDGE ( 'NONE', *, *, #4467, .T. ) ;
#6893 = DIRECTION ( 'NONE',  ( -0.000000000000000000, -0.000000000000000000, 1.000000000000000000 ) ) ;
#6894 = ORIENTED_EDGE ( 'NONE', *, *, #3010, .T. ) ;
#6895 = EDGE_CURVE ( 'NONE', #1488, #1232, #365, .T. ) ;
#6896 = ORIENTED_EDGE ( 'NONE', *, *, #7732, .T. ) ;
#6897 = CIRCLE ( 'NONE', #7966, 1.700000000000007061 ) ;
#6898 = CARTESIAN_POINT ( 'NONE',  ( -15.59999999999999964, 0.000000000000000000, 6.000000000000000000 ) ) ;
#6899 = DIRECTION ( 'NONE',  ( 1.000000000000000000, 0.000000000000000000, -0.000000000000000000 ) ) ;
#6900 = ORIENTED_EDGE ( 'NONE', *, *, #3731, .T. ) ;
#6901 = AXIS2_PLACEMENT_3D ( 'NONE', #12447, #2443, #5206 ) ;
#6902 = EDGE_CURVE ( 'NONE', #1468, #7163, #4695, .T. ) ;
#6903 = CARTESIAN_POINT ( 'NONE',  ( 14.44263793983941824, 71.65679534101303716, -0.000000000000000000 ) ) ;
#6904 = DIRECTION ( 'NONE',  ( 0.000000000000000000, 0.000000000000000000, 1.000000000000000000 ) ) ;
#6905 = DIRECTION ( 'NONE',  ( 0.000000000000000000, 0.000000000000000000, -1.000000000000000000 ) ) ;
#6906 = CALENDAR_DATE ( 2026, 21, 9 ) ;
#6907 = DIRECTION ( 'NONE',  ( -1.000000000000000000, -0.000000000000000000, -0.000000000000000000 ) ) ;
#6908 = CIRCLE ( 'NONE', #10111, 1.100000000000000311 ) ;
#6909 = B_SPLINE_CURVE_WITH_KNOTS ( 'NONE', 3,
 ( #9327, #9257, #6392, #4305, #8320, #6123, #2190, #1133, #12381, #6332, #10394, #1347, #5143, #1481, #3460, #1680, #11766, #9716 ),
 .UNSPECIFIED., .F., .F.,
 ( 4, 2, 2, 2, 2, 2, 2, 2, 4 ),
 ( 0.5000000000000000000, 0.5625000000000000000, 0.6250000000000000000, 0.6875000000000000000, 0.7500000000000000000, 0.8125000000000000000, 0.8750000000000000000, 0.9375000000000000000, 1.000000000000000000 ),
 .UNSPECIFIED. ) ;
#6910 = VECTOR ( 'NONE', #11907, 1000.000000000000000 ) ;
#6911 = CIRCLE ( 'NONE', #8621, 1.700000000000000178 ) ;
#6912 = DIRECTION ( 'NONE',  ( -0.000000000000000000, -0.000000000000000000, 1.000000000000000000 ) ) ;
#6913 = ORIENTED_EDGE ( 'NONE', *, *, #8515, .T. ) ;
#6914 = CARTESIAN_POINT ( 'NONE',  ( 17.00000000000000000, 10.00000000000000000, 28.00000000000000000 ) ) ;
#6915 = ORIENTED_EDGE ( 'NONE', *, *, #4396, .F. ) ;
#6916 = DIRECTION ( 'NONE',  ( 0.000000000000000000, 0.000000000000000000, -1.000000000000000000 ) ) ;
#6917 = EDGE_CURVE ( 'NONE', #180, #4009, #11840, .T. ) ;
#6918 = DIRECTION ( 'NONE',  ( 0.000000000000000000, 1.000000000000000000, 0.000000000000000000 ) ) ;
#6919 = ORIENTED_EDGE ( 'NONE', *, *, #3168, .T. ) ;
#6920 = ORIENTED_EDGE ( 'NONE', *, *, #10112, .F. ) ;
#6921 = CARTESIAN_POINT ( 'NONE',  ( 21.00000000000000000, -12.00000000000000000, 3.000000000000000000 ) ) ;
#6922 = VECTOR ( 'NONE', #12030, 1000.000000000000000 ) ;
#6923 = AXIS2_PLACEMENT_3D ( 'NONE', #3196, #5038, #3132 ) ;
#6924 = B_SPLINE_CURVE_WITH_KNOTS ( 'NONE', 3,
 ( #9541, #513, #8540, #12603, #5367, #9405, #2542, #6529, #10603, #1561, #2798, #6723, #9784, #4762 ),
 .UNSPECIFIED., .F., .F.,
 ( 4, 2, 2, 2, 2, 2, 4 ),
 ( 0.2871120064002115058, 0.3403340048001586293, 0.3669450040001321911, 0.3935560032001057529, 0.4201670024000793147, 0.4467780016000528764, 0.5000000000000000000 ),
 .UNSPECIFIED. ) ;
#6925 = DIRECTION ( 'NONE',  ( -0.000000000000000000, -0.000000000000000000, -1.000000000000000000 ) ) ;
#6926 = EDGE_CURVE ( 'NONE', #6062, #12101, #4133, .T. ) ;
#6927 = CARTESIAN_POINT ( 'NONE',  ( 20.22508399488681974, 12.29993048876420580, -0.000000000000000000 ) ) ;
#6928 = ORIENTED_EDGE ( 'NONE', *, *, #7294, .T. ) ;
#6929 = CIRCLE ( 'NONE', #11191, 2.000000000000001776 ) ;
#6930 = VERTEX_POINT ( 'NONE', #6965 ) ;
#6931 = ADVANCED_FACE ( 'NONE', ( #9840 ), #882, .F. ) ;
#6932 = PERSON_AND_ORGANIZATION ( #12991, #11636 ) ;
#6933 = EDGE_CURVE ( 'NONE', #12661, #4009, #2838, .T. ) ;
#6934 = EDGE_LOOP ( 'NONE', ( #5315, #9266, #7739, #6494 ) ) ;
#6935 = CARTESIAN_POINT ( 'NONE',  ( 24.30000000000000071, -57.00000000000000000, 0.000000000000000000 ) ) ;
#6936 = APPLICATION_CONTEXT ( 'configuration controlled 3d designs of mechanical parts and assemblies' ) ;
#6937 = CARTESIAN_POINT ( 'NONE',  ( -37.50000000000000000, -10.00000000000000000, 25.00000000000000000 ) ) ;
#6938 = AXIS2_PLACEMENT_3D ( 'NONE', #8364, #2304, #1522 ) ;
#6939 = FACE_BOUND ( 'NONE', #1816, .T. ) ;
#6940 = DIRECTION ( 'NONE',  ( 0.000000000000000000, -1.000000000000000000, 0.000000000000000000 ) ) ;
#6941 = PERSON_AND_ORGANIZATION_ROLE ( 'classification_officer' ) ;
#6942 = CARTESIAN_POINT ( 'NONE',  ( 9.843673541100129043, 9.955766678045158358, 8.590440972410966936 ) ) ;
#6943 = DIRECTION ( 'NONE',  ( -0.000000000000000000, -0.000000000000000000, -1.000000000000000000 ) ) ;
#6944 = VERTEX_POINT ( 'NONE', #693 ) ;
#6945 = DIRECTION ( 'NONE',  ( -0.000000000000000000, -0.000000000000000000, 1.000000000000000000 ) ) ;
#6946 = DIRECTION ( 'NONE',  ( -0.000000000000000000, -0.000000000000000000, 1.000000000000000000 ) ) ;
#6947 = ORIENTED_EDGE ( 'NONE', *, *, #12395, .T. ) ;
#6948 = PRODUCT_DEFINITION ( 'æœ', '', #11151, #426 ) ;
#6949 = PRODUCT_DEFINITION_FORMATION_WITH_SPECIFIED_SOURCE ( 'ä»', '', #3031, .NOT_KNOWN. ) ;
#6950 = CARTESIAN_POINT ( 'NONE',  ( -19.00000000000000000, 9.000000000000000000, 11.70000000000000107 ) ) ;
#6951 = APPROVAL ( #4584, 'æœª' ) ;
#6952 = ORIENTED_EDGE ( 'NONE', *, *, #11509, .F. ) ;
#6953 = DIRECTION ( 'NONE',  ( -0.000000000000000000, -0.000000000000000000, -1.000000000000000000 ) ) ;
#6954 = DIRECTION ( 'NONE',  ( -0.000000000000000000, -0.000000000000000000, 1.000000000000000000 ) ) ;
#6955 = CARTESIAN_POINT ( 'NONE',  ( -21.00000000000000000, 8.000000000000000000, 17.00000000000000000 ) ) ;
#6956 = APPROVAL_STATUS ( 'not_yet_approved' ) ;
#6957 = APPROVAL_STATUS ( 'not_yet_approved' ) ;
#6958 = CARTESIAN_POINT ( 'NONE',  ( 0.000000000000000000, 14.00000000000000000, 4.000000000000000000 ) ) ;
#6959 = CC_DESIGN_APPROVAL ( #1591, ( #11858 ) ) ;
#6960 = CARTESIAN_POINT ( 'NONE',  ( -12.00000000000000000, 7.000000000000000000, 16.69999999999999929 ) ) ;
#6961 = CARTESIAN_POINT ( 'NONE',  ( 11.90000000000000036, 6.400000000000000355, 3.000000000000000000 ) ) ;
#6962 = DIRECTION ( 'NONE',  ( -0.000000000000000000, -0.000000000000000000, -1.000000000000000000 ) ) ;
#6963 = EDGE_CURVE ( 'NONE', #10915, #8348, #817, .T. ) ;
#6964 = EDGE_LOOP ( 'NONE', ( #9247, #3850, #2354, #8954 ) ) ;
#6965 = CARTESIAN_POINT ( 'NONE',  ( 9.500000000000000000, 1.163414459189985485E-15, 38.00000000000000000 ) ) ;
#6966 = EDGE_LOOP ( 'NONE', ( #1365, #4840 ) ) ;
#6967 = UNCERTAINTY_MEASURE_WITH_UNIT (LENGTH_MEASURE( 1.000000000000000082E-05 ), #5098, 'distance_accuracy_value', 'NONE');
#6968 = CARTESIAN_POINT ( 'NONE',  ( 31.00000000000000000, 81.00000000000000000, 2.299999999999999822 ) ) ;
#6969 = VERTEX_POINT ( 'NONE', #8855 ) ;
#6970 = CARTESIAN_POINT ( 'NONE',  ( 31.60000000000000142, 72.50000000000000000, -1.200000000000000030E-05 ) ) ;
#6971 = CARTESIAN_POINT ( 'NONE',  ( -37.50000000000000000, 10.00000000000000000, 25.00000000000000000 ) ) ;
#6972 = PERSON_AND_ORGANIZATION_ROLE ( 'design_supplier' ) ;
#6973 = DIRECTION ( 'NONE',  ( -0.000000000000000000, -0.000000000000000000, -1.000000000000000000 ) ) ;
#6974 = PERSON_AND_ORGANIZATION ( #3990, #2687 ) ;
#6975 = LINE ( 'NONE', #5934, #4706 ) ;
#6976 = ADVANCED_FACE ( 'NONE', ( #2902 ), #7831, .F. ) ;
#6977 = FACE_OUTER_BOUND ( 'NONE', #8383, .T. ) ;
#6978 = EDGE_LOOP ( 'NONE', ( #1034, #907, #8223, #565 ) ) ;
#6979 = CARTESIAN_POINT ( 'NONE',  ( 0.000000000000000000, 0.000000000000000000, 3.000000000000000000 ) ) ;
#6980 = CARTESIAN_POINT ( 'NONE',  ( 27.69999999999999929, -45.00000000000000000, 0.000000000000000000 ) ) ;
#6981 = ORIENTED_EDGE ( 'NONE', *, *, #1205, .F. ) ;
#6982 = LINE ( 'NONE', #2805, #978 ) ;
#6983 = DIRECTION ( 'NONE',  ( 0.000000000000000000, -1.000000000000000000, 0.000000000000000000 ) ) ;
#6984 = CARTESIAN_POINT ( 'NONE',  ( -10.72380529476374278, 9.000000000000252243, 11.70000000000124984 ) ) ;
#6985 = ORIENTED_EDGE ( 'NONE', *, *, #2547, .F. ) ;
#6986 = ORIENTED_EDGE ( 'NONE', *, *, #303, .T. ) ;
#6987 = CARTESIAN_POINT ( 'NONE',  ( -28.00000000000000000, 0.000000000000000000, 24.00000000000000000 ) ) ;
#6988 = CARTESIAN_POINT ( 'NONE',  ( -12.00000000000000000, -7.000000000000000000, 15.00000000000000000 ) ) ;
#6989 = ADVANCED_FACE ( 'NONE', ( #11898, #11041 ), #10897, .T. ) ;
#6990 = CARTESIAN_POINT ( 'NONE',  ( 2.600000000000000089, 0.000000000000000000, -6.000000000000000152E-06 ) ) ;
#6991 = ORIENTED_EDGE ( 'NONE', *, *, #2747, .T. ) ;
#6992 = ORIENTED_EDGE ( 'NONE', *, *, #7355, .T. ) ;
#6993 = ORIENTED_EDGE ( 'NONE', *, *, #3553, .F. ) ;
#6994 = EDGE_CURVE ( 'NONE', #2671, #5229, #3705, .T. ) ;
#6995 = DIRECTION ( 'NONE',  ( -1.000000000000000000, -0.000000000000000000, -0.000000000000000000 ) ) ;
#6996 = LINE ( 'NONE', #11066, #5605 ) ;
#6997 = CARTESIAN_POINT ( 'NONE',  ( -18.29993048876421113, -0.000000000000000000, 11.77491600511370429 ) ) ;
#6998 = LINE ( 'NONE', #2018, #9891 ) ;
#6999 = DIRECTION ( 'NONE',  ( -0.000000000000000000, -0.000000000000000000, 1.000000000000000000 ) ) ;
#7000 = PERSON_AND_ORGANIZATION_ROLE ( 'design_owner' ) ;
#7001 = ADVANCED_FACE ( 'NONE', ( #12962 ), #6715, .F. ) ;
#7002 = B_SPLINE_CURVE_WITH_KNOTS ( 'NONE', 3,
 ( #5243, #4265, #12337, #6349, #7337, #9348, #10476, #12543, #319, #6278, #2408, #5371, #6474, #10413, #8785, #2280, #4328, #10543 ),
 .UNSPECIFIED., .F., .F.,
 ( 4, 2, 2, 2, 2, 2, 2, 2, 4 ),
 ( 0.5000000000000000000, 0.5625000000000000000, 0.6250000000000000000, 0.6875000000000000000, 0.7500000000000000000, 0.8125000000000000000, 0.8750000000000000000, 0.9375000000000000000, 1.000000000000000000 ),
 .UNSPECIFIED. ) ;
#7003 = EDGE_CURVE ( 'NONE', #5636, #7818, #7892, .T. ) ;
#7004 = CARTESIAN_POINT ( 'NONE',  ( -9.511937134729814503, 10.27294094237714717, 9.632242882235434678 ) ) ;
#7005 = ORIENTED_EDGE ( 'NONE', *, *, #11735, .T. ) ;
#7006 = DIRECTION ( 'NONE',  ( -0.000000000000000000, -0.000000000000000000, -1.000000000000000000 ) ) ;
#7007 = CARTESIAN_POINT ( 'NONE',  ( -10.50000000000000000, 59.50000000000000000, 0.000000000000000000 ) ) ;
#7008 = EDGE_LOOP ( 'NONE', ( #6202, #11606, #7421, #6668 ) ) ;
#7009 = FACE_OUTER_BOUND ( 'NONE', #11582, .T. ) ;
#7010 = FACE_OUTER_BOUND ( 'NONE', #6934, .T. ) ;
#7011 = CYLINDRICAL_SURFACE ( 'NONE', #10732, 1.700000000000000178 ) ;
#7012 = DIRECTION ( 'NONE',  ( 0.000000000000000000, -0.000000000000000000, 1.000000000000000000 ) ) ;
#7013 = DIRECTION ( 'NONE',  ( 1.000000000000000000, 0.000000000000000000, 0.000000000000000000 ) ) ;
#7014 = APPROVAL_STATUS ( 'not_yet_approved' ) ;
#7015 = CARTESIAN_POINT ( 'NONE',  ( 11.63318911631890806, 7.789676559712269466, 11.19895753663901772 ) ) ;
#7016 = CARTESIAN_POINT ( 'NONE',  ( 27.69999999999999929, 45.00000000000000000, -8.271806125530276749E-22 ) ) ;
#7017 = APPROVAL ( #4892, 'UNKNOWN' ) ;
#7018 = APPROVAL ( #6017, 'æœª' ) ;
#7019 = CARTESIAN_POINT ( 'NONE',  ( -11.59999999999999964, 62.50000000000000000, 6.000000000000000000 ) ) ;
#7020 = DIRECTION ( 'NONE',  ( -0.000000000000000000, 1.000000000000000000, -0.000000000000000000 ) ) ;
#7021 = AXIS2_PLACEMENT_3D ( 'NONE', #2414, #1171, #9225 ) ;
#7022 = CARTESIAN_POINT ( 'NONE',  ( 0.000000000000000000, 0.000000000000000000, 0.000000000000000000 ) ) ;
#7023 = ORIENTED_EDGE ( 'NONE', *, *, #3385, .F. ) ;
#7024 = ORIENTED_EDGE ( 'NONE', *, *, #5670, .T. ) ;
#7025 = DIRECTION ( 'NONE',  ( 1.000000000000000000, 0.000000000000000000, 0.000000000000000000 ) ) ;
#7026 = ORIENTED_EDGE ( 'NONE', *, *, #4234, .F. ) ;
#7027 = CARTESIAN_POINT ( 'NONE',  ( -19.55736206015084022, 15.65679534101080073, -0.000000000000000000 ) ) ;
#7028 = CARTESIAN_POINT ( 'NONE',  ( 13.00000000000000000, 5.000000000000000000, -1.200000000000000030E-05 ) ) ;
#7029 = VECTOR ( 'NONE', #10165, 1000.000000000000000 ) ;
#7030 = CARTESIAN_POINT ( 'NONE',  ( 29.95712604296984338, 58.36119079527190223, 0.000000000000000000 ) ) ;
#7031 = ADVANCED_FACE ( 'NONE', ( #1986 ), #11965, .F. ) ;
#7032 = DATE_AND_TIME ( #10040, #11750 ) ;
#7033 = CONTEXT_DEPENDENT_SHAPE_REPRESENTATION ( #5108, #11933 ) ;
#7034 = LINE ( 'NONE', #5871, #12099 ) ;
#7035 = CARTESIAN_POINT ( 'NONE',  ( -21.65679534101080606, -13.55736206015158984, -0.000000000000000000 ) ) ;
#7036 = ORIENTED_EDGE ( 'NONE', *, *, #5020, .T. ) ;
#7037 = PLANE ( 'NONE',  #2748 ) ;
#7038 = ORIENTED_EDGE ( 'NONE', *, *, #12918, .T. ) ;
#7039 = CARTESIAN_POINT ( 'NONE',  ( 30.55736206015338752, 55.34320465898994001, -0.000000000000000000 ) ) ;
#7040 = DIRECTION ( 'NONE',  ( 1.000000000000000000, 0.000000000000000000, 0.000000000000000000 ) ) ;
#7041 = AXIS2_PLACEMENT_3D ( 'NONE', #9804, #12806, #1894 ) ;
#7042 = CARTESIAN_POINT ( 'NONE',  ( -11.94584366002183273, 7.300467076545174905, 10.13164965557787767 ) ) ;
#7043 = ORIENTED_EDGE ( 'NONE', *, *, #5024, .F. ) ;
#7044 = VERTEX_POINT ( 'NONE', #8971 ) ;
#7045 = EDGE_CURVE ( 'NONE', #447, #3720, #4751, .T. ) ;
#7046 = DIRECTION ( 'NONE',  ( 0.000000000000000000, 1.000000000000000000, 0.000000000000000000 ) ) ;
#7047 = AXIS2_PLACEMENT_3D ( 'NONE', #7485, #7558, #662 ) ;
#7048 = CARTESIAN_POINT ( 'NONE',  ( 24.30000000000000071, 45.00000000000000000, -1.200000000000000030E-05 ) ) ;
#7049 = LINE ( 'NONE', #11125, #1814 ) ;
#7050 = CALENDAR_DATE ( 2026, 21, 9 ) ;
#7051 = VECTOR ( 'NONE', #5150, 1000.000000000000000 ) ;
#7052 = VECTOR ( 'NONE', #107, 1000.000000000000000 ) ;
#7053 = CC_DESIGN_APPROVAL ( #4498, ( #9241 ) ) ;
#7054 =( NAMED_UNIT ( * ) SI_UNIT ( $, .STERADIAN. ) SOLID_ANGLE_UNIT ( ) );
#7055 = CARTESIAN_POINT ( 'NONE',  ( 27.69999999999999929, -57.00000000000000711, -8.271806125530276749E-22 ) ) ;
#7056 = VECTOR ( 'NONE', #1381, 1000.000000000000000 ) ;
#7057 = VERTEX_POINT ( 'NONE', #12038 ) ;
#7058 = EDGE_LOOP ( 'NONE', ( #10115, #963, #7005, #7116 ) ) ;
#7059 = AXIS2_PLACEMENT_3D ( 'NONE', #553, #7637, #2644 ) ;
#7060 = ADVANCED_FACE ( 'NONE', ( #11769 ), #1739, .T. ) ;
#7061 = LOCAL_TIME ( 12, 23, 36.00000000000000000, #6196 ) ;
#7062 = LINE ( 'NONE', #4056, #1219 ) ;
#7063 = CARTESIAN_POINT ( 'NONE',  ( 0.000000000000000000, 2.000000000000000000, 0.000000000000000000 ) ) ;
#7064 = CARTESIAN_POINT ( 'NONE',  ( -10.50000000000000000, 0.000000000000000000, 6.000000000000000000 ) ) ;
#7065 = CARTESIAN_POINT ( 'NONE',  ( 20.85848573019066876, 0.000000000000000000, 10.51560493047243128 ) ) ;
#7066 = CARTESIAN_POINT ( 'NONE',  ( -12.00000000000000000, -7.000000000000000000, 15.00000000000000000 ) ) ;
#7067 = CIRCLE ( 'NONE', #10055, 1.700000000000000178 ) ;
#7068 = COORDINATED_UNIVERSAL_TIME_OFFSET ( 5, 0, .BEHIND. ) ;
#7069 = EDGE_CURVE ( 'NONE', #2752, #10704, #4083, .T. ) ;
#7070 = CARTESIAN_POINT ( 'NONE',  ( -9.362270370375764372, 10.40952242769113489, 9.456869433615946008 ) ) ;
#7071 = AXIS2_PLACEMENT_3D ( 'NONE', #11625, #7427, #2434 ) ;
#7072 = VERTEX_POINT ( 'NONE', #139 ) ;
#7073 = SECURITY_CLASSIFICATION ( '', '', #1282 ) ;
#7074 = CARTESIAN_POINT ( 'NONE',  ( 5.799999999999999822, 7.102951435054647665E-16, 0.000000000000000000 ) ) ;
#7075 = CARTESIAN_POINT ( 'NONE',  ( -11.50000000000000000, -6.000000000000000000, 16.00000000000000000 ) ) ;
#7076 = ORIENTED_EDGE ( 'NONE', *, *, #8875, .F. ) ;
#7077 = CARTESIAN_POINT ( 'NONE',  ( -28.00000000000000000, 0.000000000000000000, 24.00000000000000000 ) ) ;
#7078 = EDGE_CURVE ( 'NONE', #6076, #7378, #11297, .T. ) ;
#7079 = DATE_AND_TIME ( #8956, #4813 ) ;
#7080 = DIRECTION ( 'NONE',  ( 0.000000000000000000, 0.000000000000000000, 1.000000000000000000 ) ) ;
#7081 = DIRECTION ( 'NONE',  ( -0.000000000000000000, -0.000000000000000000, -1.000000000000000000 ) ) ;
#7082 = DATE_AND_TIME ( #10017, #8811 ) ;
#7083 = DIRECTION ( 'NONE',  ( -1.000000000000000000, 0.000000000000000000, 0.000000000000000000 ) ) ;
#7084 = PERSON_AND_ORGANIZATION ( #12991, #11636 ) ;
#7085 = LINE ( 'NONE', #12151, #631 ) ;
#7086 = CARTESIAN_POINT ( 'NONE',  ( -21.70006951123579242, -0.000000000000000000, 12.22508399488629038 ) ) ;
#7087 = DIRECTION ( 'NONE',  ( 0.000000000000000000, 0.000000000000000000, -1.000000000000000000 ) ) ;
#7088 = DIRECTION ( 'NONE',  ( 0.000000000000000000, 0.000000000000000000, -1.000000000000000000 ) ) ;
#7089 = VECTOR ( 'NONE', #10056, 1000.000000000000000 ) ;
#7090 = CARTESIAN_POINT ( 'NONE',  ( -9.361408682914866830, 10.41030262302256482, 9.044205745375567318 ) ) ;
#7091 = APPROVAL_PERSON_ORGANIZATION ( #12437, #6473, #1254 ) ;
#7092 = APPROVAL_ROLE ( '' ) ;
#7093 = CARTESIAN_POINT ( 'NONE',  ( 6.000000000000000000, -1.300000000000000044, 16.00000000000000000 ) ) ;
#7094 = ORIENTED_EDGE ( 'NONE', *, *, #850, .T. ) ;
#7095 = AXIS2_PLACEMENT_3D ( 'NONE', #6245, #10309, #7195 ) ;
#7096 = EDGE_CURVE ( 'NONE', #12372, #11704, #1635, .T. ) ;
#7097 = VERTEX_POINT ( 'NONE', #10468 ) ;
#7098 = UNCERTAINTY_MEASURE_WITH_UNIT (LENGTH_MEASURE( 1.000000000000000082E-05 ), #1246, 'distance_accuracy_value', 'NONE');
#7099 = EDGE_CURVE ( 'NONE', #11421, #12578, #12729, .T. ) ;
#7100 = FACE_BOUND ( 'NONE', #10902, .T. ) ;
#7101 = LINE ( 'NONE', #2123, #10263 ) ;
#7102 = ORIENTED_EDGE ( 'NONE', *, *, #454, .F. ) ;
#7103 = CARTESIAN_POINT ( 'NONE',  ( -20.44258473825221145, 15.65666690099361880, 0.000000000000000000 ) ) ;
#7104 = EDGE_CURVE ( 'NONE', #4452, #7132, #8475, .T. ) ;
#7105 = CC_DESIGN_APPROVAL ( #1013, ( #7744 ) ) ;
#7106 = FACE_OUTER_BOUND ( 'NONE', #4381, .T. ) ;
#7107 = CARTESIAN_POINT ( 'NONE',  ( 30.77491600511588032, 58.70006951123654204, -0.000000000000000000 ) ) ;
#7108 = APPROVAL_DATE_TIME ( #3109, #11018 ) ;
#7109 = DIRECTION ( 'NONE',  ( 0.000000000000000000, 1.000000000000000000, 0.000000000000000000 ) ) ;
#7110 = VECTOR ( 'NONE', #7203, 1000.000000000000000 ) ;
#7111 = DIRECTION ( 'NONE',  ( 0.000000000000000000, 0.000000000000000000, 1.000000000000000000 ) ) ;
#7112 = ORIENTED_EDGE ( 'NONE', *, *, #12319, .F. ) ;
#7113 = CARTESIAN_POINT ( 'NONE',  ( 0.000000000000000000, 57.00000000000000000, 0.000000000000000000 ) ) ;
#7114 = VECTOR ( 'NONE', #5773, 1000.000000000000000 ) ;
#7115 =( REPRESENTATION_RELATIONSHIP ('NONE','NONE', #6877, #3267 ) REPRESENTATION_RELATIONSHIP_WITH_TRANSFORMATION ( #4260 )SHAPE_REPRESENTATION_RELATIONSHIP( ) );
#7116 = ORIENTED_EDGE ( 'NONE', *, *, #4293, .F. ) ;
#7117 = FACE_OUTER_BOUND ( 'NONE', #9138, .T. ) ;
#7118 = ORIENTED_EDGE ( 'NONE', *, *, #38, .F. ) ;
#7119 = CYLINDRICAL_SURFACE ( 'NONE', #5240, 5.799999999999999822 ) ;
#7120 = PRODUCT_DEFINITION ( 'æœ', '', #10927, #7636 ) ;
#7121 = ORIENTED_EDGE ( 'NONE', *, *, #5272, .F. ) ;
#7122 = ADVANCED_FACE ( 'NONE', ( #6463, #753, #3829, #9845, #4947 ), #8858, .F. ) ;
#7123 = ORIENTED_EDGE ( 'NONE', *, *, #903, .F. ) ;
#7124 = DIRECTION ( 'NONE',  ( 0.000000000000000000, 0.000000000000000000, 1.000000000000000000 ) ) ;
#7125 = VECTOR ( 'NONE', #12270, 1000.000000000000000 ) ;
#7126 = CARTESIAN_POINT ( 'NONE',  ( 16.00000000000000000, -6.000000000000000000, 18.00000000000000355 ) ) ;
#7127 = VECTOR ( 'NONE', #4098, 1000.000000000000000 ) ;
#7128 = AXIS2_PLACEMENT_3D ( 'NONE', #5579, #10621, #8499 ) ;
#7129 = DATE_AND_TIME ( #11194, #9434 ) ;
#7130 = VECTOR ( 'NONE', #1283, 1000.000000000000000 ) ;
#7131 = DIRECTION ( 'NONE',  ( -1.000000000000000000, 0.000000000000000000, 0.000000000000000000 ) ) ;
#7132 = VERTEX_POINT ( 'NONE', #5864 ) ;
#7133 = ORIENTED_EDGE ( 'NONE', *, *, #9123, .T. ) ;
#7134 = VECTOR ( 'NONE', #4017, 1000.000000000000000 ) ;
#7135 = VECTOR ( 'NONE', #302, 1000.000000000000000 ) ;
#7136 = VERTEX_POINT ( 'NONE', #12968 ) ;
#7137 = FACE_OUTER_BOUND ( 'NONE', #1910, .T. ) ;
#7138 = CARTESIAN_POINT ( 'NONE',  ( 31.00000000000000000, -1.200000000000000030E-05, 14.69999999999999929 ) ) ;
#7139 = FACE_OUTER_BOUND ( 'NONE', #3792, .T. ) ;
#7140 = LINE ( 'NONE', #12136, #7110 ) ;
#7141 = PERSON_AND_ORGANIZATION ( #12991, #11636 ) ;
#7142 = CARTESIAN_POINT ( 'NONE',  ( 136.4426379398502718, 1.656795341010720568, -0.000000000000000000 ) ) ;
#7143 = DIRECTION ( 'NONE',  ( 0.000000000000000000, -1.000000000000000000, 0.000000000000000000 ) ) ;
#7144 = ADVANCED_FACE ( 'NONE', ( #8032 ), #4821, .F. ) ;
#7145 = VERTEX_POINT ( 'NONE', #1743 ) ;
#7146 = DIRECTION ( 'NONE',  ( -1.000000000000000000, 0.000000000000000000, -0.000000000000000000 ) ) ;
#7147 = LINE ( 'NONE', #12352, #4960 ) ;
#7148 = EDGE_LOOP ( 'NONE', ( #2654, #9562, #2721, #2298 ) ) ;
#7149 = CARTESIAN_POINT ( 'NONE',  ( -5.500000000000000000, 0.000000000000000000, 29.00000000000000000 ) ) ;
#7150 = EDGE_LOOP ( 'NONE', ( #7026, #901, #9269, #255 ) ) ;
#7151 = AXIS2_PLACEMENT_3D ( 'NONE', #9431, #7286, #12354 ) ;
#7152 = CARTESIAN_POINT ( 'NONE',  ( 35.60000000000000142, 62.50000000000000000, 6.000000000000000000 ) ) ;
#7153 = CARTESIAN_POINT ( 'NONE',  ( 24.30000000000000071, -45.00000000000000000, -1.200000000000000030E-05 ) ) ;
#7154 = CARTESIAN_POINT ( 'NONE',  ( 29.95702773923826712, -0.000000000000000000, 14.36128909900473971 ) ) ;
#7155 = COORDINATED_UNIVERSAL_TIME_OFFSET ( 5, 0, .BEHIND. ) ;
#7156 = PLANE ( 'NONE',  #10541 ) ;
#7157 = CARTESIAN_POINT ( 'NONE',  ( -21.69993048876420971, 0.000000000000000000, 11.77491600511370606 ) ) ;
#7158 = CARTESIAN_POINT ( 'NONE',  ( 11.00000000000000000, 5.000000000000000000, -1.200000000000000030E-05 ) ) ;
#7159 = PLANE ( 'NONE',  #5246 ) ;
#7160 = ADVANCED_FACE ( 'NONE', ( #1796, #6824, #1861 ), #8974, .T. ) ;
#7161 = AXIS2_PLACEMENT_3D ( 'NONE', #2224, #2496, #11346 ) ;
#7162 = CARTESIAN_POINT ( 'NONE',  ( -9.170466408454513996, 10.57870852589375055, 10.64206504667296649 ) ) ;
#7163 = VERTEX_POINT ( 'NONE', #4887 ) ;
#7164 = APPROVAL_DATE_TIME ( #4154, #11749 ) ;
#7165 = VERTEX_POINT ( 'NONE', #6968 ) ;
#7166 = PLANE ( 'NONE',  #2297 ) ;
#7167 = DIRECTION ( 'NONE',  ( -0.000000000000000000, -0.000000000000000000, 1.000000000000000000 ) ) ;
#7168 = EDGE_LOOP ( 'NONE', ( #6134, #4654, #9207, #5301 ) ) ;
#7169 = CARTESIAN_POINT ( 'NONE',  ( 7.656865068423064358, -9.442469749914158328, -0.000000000000000000 ) ) ;
#7170 = CC_DESIGN_APPROVAL ( #3105, ( #3627 ) ) ;
#7171 = CARTESIAN_POINT ( 'NONE',  ( -12.30000000000000426, 69.77438419509134349, -0.000000000000000000 ) ) ;
#7172 = DIRECTION ( 'NONE',  ( -0.000000000000000000, -0.000000000000000000, 1.000000000000000000 ) ) ;
#7173 = APPROVAL_STATUS ( 'not_yet_approved' ) ;
#7174 = CARTESIAN_POINT ( 'NONE',  ( 12.30000000000000249, 0.000000000000000000, 0.000000000000000000 ) ) ;
#7175 = ADVANCED_FACE ( 'NONE', ( #4025 ), #3883, .F. ) ;
#7176 = ADVANCED_FACE ( 'NONE', ( #9778 ), #13031, .T. ) ;
#7177 = CARTESIAN_POINT ( 'NONE',  ( 0.000000000000000000, 0.000000000000000000, 0.000000000000000000 ) ) ;
#7178 = CARTESIAN_POINT ( 'NONE',  ( -21.00000000000000000, 81.00000000000000000, 0.000000000000000000 ) ) ;
#7179 = ORIENTED_EDGE ( 'NONE', *, *, #9759, .T. ) ;
#7180 = FACE_OUTER_BOUND ( 'NONE', #2444, .T. ) ;
#7181 = ORIENTED_EDGE ( 'NONE', *, *, #154, .F. ) ;
#7182 = EDGE_CURVE ( 'NONE', #2953, #9557, #11970, .T. ) ;
#7183 = DIRECTION ( 'NONE',  ( -1.000000000000000000, 0.000000000000000000, 0.000000000000000000 ) ) ;
#7184 = ORIENTED_EDGE ( 'NONE', *, *, #11253, .F. ) ;
#7185 = EDGE_LOOP ( 'NONE', ( #2053, #237, #12798, #4231 ) ) ;
#7186 = CARTESIAN_POINT ( 'NONE',  ( 6.000000000000000000, -9.000000000000000000, -1.200000000000000030E-05 ) ) ;
#7187 = DIRECTION ( 'NONE',  ( 0.000000000000000000, 0.000000000000000000, -1.000000000000000000 ) ) ;
#7188 = APPROVAL_ROLE ( '' ) ;
#7189 = FACE_OUTER_BOUND ( 'NONE', #766, .T. ) ;
#7190 = CC_DESIGN_PERSON_AND_ORGANIZATION_ASSIGNMENT ( #4929, #10261, ( #12619 ) ) ;
#7191 = PRODUCT_DEFINITION ( 'æœ', '', #2789, #8173 ) ;
#7192 = SHAPE_REPRESENTATION_RELATIONSHIP ( 'NONE' , 'NONE' ,  #4198, #12780 ) ;
#7193 = CARTESIAN_POINT ( 'NONE',  ( -12.90000000000000036, 0.000000000000000000, 18.00000000000000355 ) ) ;
#7194 = ORIENTED_EDGE ( 'NONE', *, *, #9719, .F. ) ;
#7195 = DIRECTION ( 'NONE',  ( 0.000000000000000000, -0.000000000000000000, -1.000000000000000000 ) ) ;
#7196 = ORIENTED_EDGE ( 'NONE', *, *, #10423, .T. ) ;
#7197 =( NAMED_UNIT ( * ) SI_UNIT ( $, .STERADIAN. ) SOLID_ANGLE_UNIT ( ) );
#7198 = ORIENTED_EDGE ( 'NONE', *, *, #6124, .F. ) ;
#7199 = VECTOR ( 'NONE', #763, 1000.000000000000000 ) ;
#7200 = ORIENTED_EDGE ( 'NONE', *, *, #3348, .T. ) ;
#7201 = CARTESIAN_POINT ( 'NONE',  ( 11.63116903760836074, 7.792703007474884203, 7.297940933140290909 ) ) ;
#7202 = DIRECTION ( 'NONE',  ( 0.000000000000000000, 0.000000000000000000, -1.000000000000000000 ) ) ;
#7203 = DIRECTION ( 'NONE',  ( -1.000000000000000000, -0.000000000000000000, 0.000000000000000000 ) ) ;
#7204 = PERSON_AND_ORGANIZATION ( #12991, #11636 ) ;
#7205 = EDGE_CURVE ( 'NONE', #9593, #8842, #11043, .T. ) ;
#7206 = CARTESIAN_POINT ( 'NONE',  ( -4.638809204728946867, -7.957126042969366431, 0.000000000000000000 ) ) ;
#7207 = ORIENTED_EDGE ( 'NONE', *, *, #10748, .F. ) ;
#7208 = DIRECTION ( 'NONE',  ( 0.000000000000000000, -0.000000000000000000, -1.000000000000000000 ) ) ;
#7209 = DIRECTION ( 'NONE',  ( -0.000000000000000000, -0.000000000000000000, -1.000000000000000000 ) ) ;
#7210 = VERTEX_POINT ( 'NONE', #10786 ) ;
#7211 = AXIS2_PLACEMENT_3D ( 'NONE', #9951, #4733, #5904 ) ;
#7212 = PERSON_AND_ORGANIZATION ( #12991, #11636 ) ;
#7213 = VERTEX_POINT ( 'NONE', #4755 ) ;
#7214 = CARTESIAN_POINT ( 'NONE',  ( 150.0000000000000000, 0.000000000000000000, 90.00000000000000000 ) ) ;
#7215 = CARTESIAN_POINT ( 'NONE',  ( 27.69999999999999929, 45.00000000000000000, 5.000000000000000000 ) ) ;
#7216 = EDGE_CURVE ( 'NONE', #1884, #2901, #7778, .T. ) ;
#7217 = CARTESIAN_POINT ( 'NONE',  ( 29.63880920472746539, 0.000000000000000000, 14.04287395702952246 ) ) ;
#7218 = DATE_TIME_ROLE ( 'classification_date' ) ;
#7219 = LINE ( 'NONE', #4289, #8426 ) ;
#7220 = DIRECTION ( 'NONE',  ( 0.000000000000000000, -0.000000000000000000, -1.000000000000000000 ) ) ;
#7221 = LINE ( 'NONE', #11289, #10969 ) ;
#7222 = FACE_OUTER_BOUND ( 'NONE', #5758, .T. ) ;
#7223 = CARTESIAN_POINT ( 'NONE',  ( -9.169899438923808432, 10.57920282770153264, 9.359032329756258761 ) ) ;
#7224 = CONTEXT_DEPENDENT_SHAPE_REPRESENTATION ( #1077, #9378 ) ;
#7225 = SECURITY_CLASSIFICATION_LEVEL ( 'unclassified' ) ;
#7226 = DIRECTION ( 'NONE',  ( 1.000000000000000000, -0.000000000000000000, -0.000000000000000000 ) ) ;
#7227 = ORIENTED_EDGE ( 'NONE', *, *, #10843, .F. ) ;
#7228 = PRODUCT ( 'V3_bin_180x143x80', 'V3_bin_180x143x80', '', ( #2305 ) ) ;
#7229 = ORIENTED_EDGE ( 'NONE', *, *, #12070, .T. ) ;
#7230 = PLANE ( 'NONE',  #7095 ) ;
#7231 = CYLINDRICAL_SURFACE ( 'NONE', #11324, 2.600000000000000089 ) ;
#7232 = ORIENTED_EDGE ( 'NONE', *, *, #7431, .F. ) ;
#7233 = EDGE_CURVE ( 'NONE', #4640, #5379, #3770, .T. ) ;
#7234 = CARTESIAN_POINT ( 'NONE',  ( 4.299930488764022840, -9.225083994885473260, 0.000000000000000000 ) ) ;
#7235 = CARTESIAN_POINT ( 'NONE',  ( 31.00000000000000000, 80.49999999999998579, 4.000000000000000000 ) ) ;
#7236 = EDGE_CURVE ( 'NONE', #12369, #8458, #5416, .T. ) ;
#7237 = CARTESIAN_POINT ( 'NONE',  ( 0.000000000000000000, 77.50000000000000000, 0.000000000000000000 ) ) ;
#7238 = PERSON_AND_ORGANIZATION ( #3673, #9824 ) ;
#7239 = CALENDAR_DATE ( 2026, 21, 9 ) ;
#7240 = CARTESIAN_POINT ( 'NONE',  ( 31.00000000000000000, 81.00000000000000000, 5.700000000000000178 ) ) ;
#7241 = CIRCLE ( 'NONE', #12579, 16.00000000000001421 ) ;
#7242 = CARTESIAN_POINT ( 'NONE',  ( 22.00000000000000000, 84.00000000000000000, 8.000000000000000000 ) ) ;
#7243 = ORIENTED_EDGE ( 'NONE', *, *, #8515, .F. ) ;
#7244 = DIRECTION ( 'NONE',  ( 0.000000000000000000, 0.000000000000000000, -1.000000000000000000 ) ) ;
#7245 = EDGE_LOOP ( 'NONE', ( #3014, #7528 ) ) ;
#7246 = DIRECTION ( 'NONE',  ( -1.000000000000000000, 0.000000000000000000, 0.000000000000000000 ) ) ;
#7247 = EDGE_LOOP ( 'NONE', ( #10546, #4537 ) ) ;
#7248 = CARTESIAN_POINT ( 'NONE',  ( 0.000000000000000000, 0.000000000000000000, 0.000000000000000000 ) ) ;
#7249 = LINE ( 'NONE', #11459, #2726 ) ;
#7250 = EDGE_LOOP ( 'NONE', ( #9362, #1858, #9741, #7673 ) ) ;
#7251 = VERTEX_POINT ( 'NONE', #4370 ) ;
#7252 = VECTOR ( 'NONE', #9747, 1000.000000000000000 ) ;
#7253 = DATE_TIME_ROLE ( 'classification_date' ) ;
#7254 = EDGE_CURVE ( 'NONE', #8601, #9973, #5135, .T. ) ;
#7255 = DIRECTION ( 'NONE',  ( -0.000000000000000000, -0.000000000000000000, 1.000000000000000000 ) ) ;
#7256 = EDGE_CURVE ( 'NONE', #2063, #12782, #143, .T. ) ;
#7257 = DIRECTION ( 'NONE',  ( 1.000000000000000000, 0.000000000000000000, -0.000000000000000000 ) ) ;
#7258 = DIRECTION ( 'NONE',  ( 0.000000000000000000, 1.000000000000000000, 0.000000000000000000 ) ) ;
#7259 = APPROVAL_STATUS ( 'not_yet_approved' ) ;
#7260 = APPROVAL_ROLE ( '' ) ;
#7261 = DIRECTION ( 'NONE',  ( -0.000000000000000000, -0.000000000000000000, -1.000000000000000000 ) ) ;
#7262 = CARTESIAN_POINT ( 'NONE',  ( -6.000000000000000000, 0.000000000000000000, 0.000000000000000000 ) ) ;
#7263 = CARTESIAN_POINT ( 'NONE',  ( 2.210066736092913153, 1.378121121058531351, -0.000000000000000000 ) ) ;
#7264 = VECTOR ( 'NONE', #6567, 1000.000000000000000 ) ;
#7265 = ORIENTED_EDGE ( 'NONE', *, *, #9770, .T. ) ;
#7266 = PLANE ( 'NONE',  #9678 ) ;
#7267 = ORIENTED_EDGE ( 'NONE', *, *, #3252, .T. ) ;
#7268 = ORIENTED_EDGE ( 'NONE', *, *, #5709, .F. ) ;
#7269 = EDGE_LOOP ( 'NONE', ( #1556, #8274, #10931, #12684 ) ) ;
#7270 = EDGE_CURVE ( 'NONE', #3468, #9592, #2183, .T. ) ;
#7271 = EDGE_CURVE ( 'NONE', #323, #4512, #6115, .T. ) ;
#7272 = APPROVAL ( #4428, 'æœª' ) ;
#7273 = VECTOR ( 'NONE', #1308, 1000.000000000000000 ) ;
#7274 = CARTESIAN_POINT ( 'NONE',  ( 10.72380529476361488, 9.000000000000204281, 10.20000000000065477 ) ) ;
#7275 = LOCAL_TIME ( 12, 23, 36.00000000000000000, #12308 ) ;
#7276 = DIRECTION ( 'NONE',  ( -0.000000000000000000, -0.000000000000000000, 1.000000000000000000 ) ) ;
#7277 = DIRECTION ( 'NONE',  ( 1.000000000000000000, 0.000000000000000000, 0.000000000000000000 ) ) ;
#7278 = CALENDAR_DATE ( 2026, 21, 9 ) ;
#7279 = VECTOR ( 'NONE', #7261, 1000.000000000000000 ) ;
#7280 = CARTESIAN_POINT ( 'NONE',  ( -9.119842274437596430, 10.62218046192215759, 9.025160391743369814 ) ) ;
#7281 = ORIENTED_EDGE ( 'NONE', *, *, #1802, .T. ) ;
#7282 = FACE_OUTER_BOUND ( 'NONE', #1778, .T. ) ;
#7283 = CARTESIAN_POINT ( 'NONE',  ( -5.500000000000000000, 0.000000000000000000, 26.00000000000000000 ) ) ;
#7284 = ORIENTED_EDGE ( 'NONE', *, *, #10194, .T. ) ;
#7285 = VECTOR ( 'NONE', #9722, 1000.000000000000000 ) ;
#7286 = DIRECTION ( 'NONE',  ( 0.000000000000000000, 0.000000000000000000, 1.000000000000000000 ) ) ;
#7287 = AXIS2_PLACEMENT_3D ( 'NONE', #5761, #776, #1886 ) ;
#7288 = ORGANIZATION ( 'NAUO-ORG11', 'UNSPECIFIED', 'UNSPECIFIED' ) ;
#7289 = EDGE_LOOP ( 'NONE', ( #10327, #4542, #4099, #11299 ) ) ;
#7290 = PRODUCT_RELATED_PRODUCT_CATEGORY ( 'detail', '', ( #12350 ) ) ;
#7291 = DATE_AND_TIME ( #3437, #13059 ) ;
#7292 = CARTESIAN_POINT ( 'NONE',  ( 0.000000000000000000, 0.000000000000000000, 149.0000000000000000 ) ) ;
#7293 = LINE ( 'NONE', #8297, #3925 ) ;
#7294 = EDGE_CURVE ( 'NONE', #12578, #1958, #4372, .T. ) ;
#7295 = CARTESIAN_POINT ( 'NONE',  ( 31.60000000000000142, 0.000000000000000000, 0.000000000000000000 ) ) ;
#7296 = APPROVAL_ROLE ( '' ) ;
#7297 = DIRECTION ( 'NONE',  ( 0.000000000000000000, 0.000000000000000000, 1.000000000000000000 ) ) ;
#7298 = DIRECTION ( 'NONE',  ( -0.000000000000000000, -0.000000000000000000, -1.000000000000000000 ) ) ;
#7299 = CIRCLE ( 'NONE', #7719, 5.500000000000000000 ) ;
#7300 = DIRECTION ( 'NONE',  ( -1.000000000000000000, -0.000000000000000000, -0.000000000000000000 ) ) ;
#7301 = ORGANIZATION ( 'NAUO-ORG20', 'UNSPECIFIED', 'UNSPECIFIED' ) ;
#7302 = CARTESIAN_POINT ( 'NONE',  ( -11.50000000000000000, 6.000000000000000000, 22.00000000000000000 ) ) ;
#7303 = DIRECTION ( 'NONE',  ( -1.000000000000000000, 0.000000000000000000, 0.000000000000000000 ) ) ;
#7304 = DIRECTION ( 'NONE',  ( -0.000000000000000000, -0.000000000000000000, -1.000000000000000000 ) ) ;
#7305 = ORIENTED_EDGE ( 'NONE', *, *, #6848, .F. ) ;
#7306 = AXIS2_PLACEMENT_3D ( 'NONE', #106, #12203, #5170 ) ;
#7307 = VERTEX_POINT ( 'NONE', #9173 ) ;
#7308 = FACE_OUTER_BOUND ( 'NONE', #7680, .T. ) ;
#7309 = ORIENTED_EDGE ( 'NONE', *, *, #9074, .T. ) ;
#7310 = LINE ( 'NONE', #4301, #12883 ) ;
#7311 = EDGE_CURVE ( 'NONE', #3723, #3043, #8174, .T. ) ;
#7312 = DIRECTION ( 'NONE',  ( -0.000000000000000000, 1.000000000000000000, 0.000000000000000000 ) ) ;
#7313 = VECTOR ( 'NONE', #4931, 1000.000000000000000 ) ;
#7314 = SECURITY_CLASSIFICATION ( '', '', #8511 ) ;
#7315 = PERSON_AND_ORGANIZATION_ROLE ( 'classification_officer' ) ;
#7316 = DIRECTION ( 'NONE',  ( 0.000000000000000000, -0.000000000000000000, 1.000000000000000000 ) ) ;
#7317 = DIRECTION ( 'NONE',  ( -0.000000000000000000, -1.000000000000000000, -0.000000000000000000 ) ) ;
#7318 = AXIS2_PLACEMENT_3D ( 'NONE', #9772, #7773, #3824 ) ;
#7319 = EDGE_LOOP ( 'NONE', ( #11617, #886, #3704, #12244 ) ) ;
#7320 = EDGE_CURVE ( 'NONE', #3766, #9501, #4777, .T. ) ;
#7321 = CYLINDRICAL_SURFACE ( 'NONE', #4223, 1.700000000000000178 ) ;
#7322 = VERTEX_POINT ( 'NONE', #11372 ) ;
#7323 = CYLINDRICAL_SURFACE ( 'NONE', #9620, 1.700000000000000178 ) ;
#7324 = CARTESIAN_POINT ( 'NONE',  ( -7.299999999999998934, 66.00000000000000000, -1.200000000000000030E-05 ) ) ;
#7325 = EDGE_LOOP ( 'NONE', ( #1382, #1663, #11425, #6602, #10168, #3853, #1439, #5149, #10306, #4399, #9340, #10325 ) ) ;
#7326 = AXIS2_PLACEMENT_3D ( 'NONE', #12602, #3535, #3409 ) ;
#7327 = VERTEX_POINT ( 'NONE', #5284 ) ;
#7328 = SECURITY_CLASSIFICATION ( '', '', #12356 ) ;
#7329 = DIRECTION ( 'NONE',  ( -0.000000000000000000, -0.000000000000000000, 1.000000000000000000 ) ) ;
#7330 = FACE_OUTER_BOUND ( 'NONE', #713, .T. ) ;
#7331 = APPROVAL_ROLE ( '' ) ;
#7332 = APPROVAL_STATUS ( 'not_yet_approved' ) ;
#7333 = CARTESIAN_POINT ( 'NONE',  ( -10.50000000000000000, 80.50000000000000000, -1.200000000000000030E-05 ) ) ;
#7334 = AXIS2_PLACEMENT_3D ( 'NONE', #5716, #9753, #12814 ) ;
#7335 = CIRCLE ( 'NONE', #4185, 1.700000000000000178 ) ;
#7336 = FACE_OUTER_BOUND ( 'NONE', #7660, .T. ) ;
#7337 = CARTESIAN_POINT ( 'NONE',  ( 18.95712604297132842, 0.000000000000000000, 10.63880920472698577 ) ) ;
#7338 = ORIENTED_EDGE ( 'NONE', *, *, #3774, .T. ) ;
#7339 = ADVANCED_FACE ( 'NONE', ( #3033 ), #12313, .F. ) ;
#7340 = SHAPE_REPRESENTATION_RELATIONSHIP ( 'NONE' , 'NONE' ,  #11724, #1754 ) ;
#7341 = ORIENTED_EDGE ( 'NONE', *, *, #5339, .T. ) ;
#7342 = ORIENTED_EDGE ( 'NONE', *, *, #9216, .T. ) ;
#7343 = VECTOR ( 'NONE', #1328, 1000.000000000000000 ) ;
#7344 = AXIS2_PLACEMENT_3D ( 'NONE', #2301, #10360, #10214 ) ;
#7345 = CARTESIAN_POINT ( 'NONE',  ( -5.799999999999999822, 70.00000000000000000, 8.000000000000000000 ) ) ;
#7346 = LINE ( 'NONE', #3270, #7742 ) ;
#7347 = CARTESIAN_POINT ( 'NONE',  ( -11.50000000000000000, -6.000000000000000000, 18.00000000000000355 ) ) ;
#7348 = PERSON_AND_ORGANIZATION ( #12991, #11636 ) ;
#7349 = CARTESIAN_POINT ( 'NONE',  ( 135.5574152617489290, 1.656666900993485569, 0.000000000000000000 ) ) ;
#7350 = CARTESIAN_POINT ( 'NONE',  ( -7.484395069527756128, -8.141514269807107240, 0.000000000000000000 ) ) ;
#7351 = VECTOR ( 'NONE', #573, 1000.000000000000000 ) ;
#7352 = ORIENTED_EDGE ( 'NONE', *, *, #7952, .T. ) ;
#7353 = ADVANCED_FACE ( 'NONE', ( #7308 ), #4299, .F. ) ;
#7354 = PRODUCT ( 'V3_REF_chassis_255p8x149', 'V3_REF_chassis_255p8x149', '', ( #1453 ) ) ;
#7355 = EDGE_CURVE ( 'NONE', #6076, #9449, #1193, .T. ) ;
#7356 = ORIENTED_EDGE ( 'NONE', *, *, #13023, .T. ) ;
#7357 = DIRECTION ( 'NONE',  ( 0.000000000000000000, 0.000000000000000000, -1.000000000000000000 ) ) ;
#7358 = DIRECTION ( 'NONE',  ( 0.000000000000000000, 0.000000000000000000, 1.000000000000000000 ) ) ;
#7359 = EDGE_CURVE ( 'NONE', #4963, #3706, #10386, .T. ) ;
#7360 = EDGE_LOOP ( 'NONE', ( #2079, #6488, #7411, #8491 ) ) ;
#7361 = APPROVAL_STATUS ( 'not_yet_approved' ) ;
#7362 = LINE ( 'NONE', #6558, #9456 ) ;
#7363 = DIRECTION ( 'NONE',  ( -0.000000000000000000, -0.000000000000000000, -1.000000000000000000 ) ) ;
#7364 = DIRECTION ( 'NONE',  ( -0.000000000000000000, -0.000000000000000000, -1.000000000000000000 ) ) ;
#7365 = CALENDAR_DATE ( 2026, 21, 9 ) ;
#7366 = CIRCLE ( 'NONE', #9072, 1.700000000000000178 ) ;
#7367 = CIRCLE ( 'NONE', #11409, 1.700000000000000178 ) ;
#7368 = CARTESIAN_POINT ( 'NONE',  ( 31.00000000000000000, 80.49999999999998579, 4.000000000000000000 ) ) ;
#7369 = FACE_BOUND ( 'NONE', #1156, .T. ) ;
#7370 = DIRECTION ( 'NONE',  ( -1.000000000000000000, 0.000000000000000000, 0.000000000000000000 ) ) ;
#7371 = CALENDAR_DATE ( 2026, 21, 9 ) ;
#7372 = CARTESIAN_POINT ( 'NONE',  ( -18.30000000000000426, -14.22561580490772393, -0.000000000000000000 ) ) ;
#7373 = CC_DESIGN_PERSON_AND_ORGANIZATION_ASSIGNMENT ( #5507, #515, ( #1429 ) ) ;
#7374 = PRODUCT_DEFINITION ( 'æœ', '', #3627, #9380 ) ;
#7375 = DIRECTION ( 'NONE',  ( 1.000000000000000000, 0.000000000000000000, 0.000000000000000000 ) ) ;
#7376 = CONTEXT_DEPENDENT_SHAPE_REPRESENTATION ( #4091, #10448 ) ;
#7377 = CARTESIAN_POINT ( 'NONE',  ( 16.00000000000000000, 6.000000000000000000, 18.00000000000000355 ) ) ;
#7378 = VERTEX_POINT ( 'NONE', #1340 ) ;
#7379 = ORIENTED_EDGE ( 'NONE', *, *, #5651, .F. ) ;
#7380 = DESIGN_CONTEXT ( 'detailed design', #6695, 'design' ) ;
#7381 = CARTESIAN_POINT ( 'NONE',  ( 6.000000000000000000, 1.300000000000000044, 16.00000000000000000 ) ) ;
#7382 = ORIENTED_EDGE ( 'NONE', *, *, #12809, .F. ) ;
#7383 = CARTESIAN_POINT ( 'NONE',  ( -28.00000000000000000, 0.000000000000000000, 24.00000000000000000 ) ) ;
#7384 =( REPRESENTATION_RELATIONSHIP ('NONE','NONE', #6877, #7 ) REPRESENTATION_RELATIONSHIP_WITH_TRANSFORMATION ( #8865 )SHAPE_REPRESENTATION_RELATIONSHIP( ) );
#7385 = CARTESIAN_POINT ( 'NONE',  ( -7.300069511236165098, 0.000000000000000000, 13.22508399488539332 ) ) ;
#7386 = PERSON_AND_ORGANIZATION ( #12991, #11636 ) ;
#7387 = FACE_OUTER_BOUND ( 'NONE', #1668, .T. ) ;
#7388 = EDGE_CURVE ( 'NONE', #4192, #12929, #7498, .T. ) ;
#7389 = LINE ( 'NONE', #9392, #5026 ) ;
#7390 = ORIENTED_EDGE ( 'NONE', *, *, #12395, .F. ) ;
#7391 = CARTESIAN_POINT ( 'NONE',  ( 29.63880920472810132, 0.000000000000000000, 5.042873957030161058 ) ) ;
#7392 = ORIENTED_EDGE ( 'NONE', *, *, #4692, .F. ) ;
#7393 = DIRECTION ( 'NONE',  ( 0.000000000000000000, 0.000000000000000000, -1.000000000000000000 ) ) ;
#7394 = ORIENTED_EDGE ( 'NONE', *, *, #12796, .T. ) ;
#7395 = LINE ( 'NONE', #5228, #1464 ) ;
#7396 = LOCAL_TIME ( 12, 23, 36.00000000000000000, #7068 ) ;
#7397 = EDGE_LOOP ( 'NONE', ( #7196, #1521, #2534, #4774 ) ) ;
#7398 = EDGE_LOOP ( 'NONE', ( #5998, #2220, #4711, #11443, #10808, #3813, #7506, #9736 ) ) ;
#7399 = CARTESIAN_POINT ( 'NONE',  ( 11.50000000000000000, -6.000000000000000000, 16.00000000000000000 ) ) ;
#7400 = CARTESIAN_POINT ( 'NONE',  ( 150.0000000000000000, 25.00000000000000000, 90.00000000000000000 ) ) ;
#7401 = ADVANCED_FACE ( 'NONE', ( #5072 ), #7231, .F. ) ;
#7402 = CARTESIAN_POINT ( 'NONE',  ( -10.50000000000000000, 1.300000000000000044, 16.00000000000000000 ) ) ;
#7403 = APPLICATION_PROTOCOL_DEFINITION ( 'international standard', 'config_control_design', 1994, #4937 ) ;
#7404 = PERSON_AND_ORGANIZATION ( #3387, #3927 ) ;
#7405 = CARTESIAN_POINT ( 'NONE',  ( 9.170033982407341355, 10.57908256746159203, 10.64114120038147249 ) ) ;
#7406 = CC_DESIGN_SECURITY_CLASSIFICATION ( #12295, ( #11449 ) ) ;
#7407 = DIRECTION ( 'NONE',  ( 0.000000000000000000, -1.000000000000000000, 0.000000000000000000 ) ) ;
#7408 = CARTESIAN_POINT ( 'NONE',  ( 1.634374254348486266, 2.027707120433111410, -0.000000000000000000 ) ) ;
#7409 = ORIENTED_EDGE ( 'NONE', *, *, #7898, .T. ) ;
#7410 = ORIENTED_EDGE ( 'NONE', *, *, #5353, .F. ) ;
#7411 = ORIENTED_EDGE ( 'NONE', *, *, #8483, .T. ) ;
#7412 = ORIENTED_EDGE ( 'NONE', *, *, #5166, .F. ) ;
#7413 = CARTESIAN_POINT ( 'NONE',  ( 118.3810499613777267, 11.00000000000000000, 0.000000000000000000 ) ) ;
#7414 = EDGE_CURVE ( 'NONE', #3325, #974, #10103, .T. ) ;
#7415 = CARTESIAN_POINT ( 'NONE',  ( 10.50000000000000000, -1.300000000000000044, -0.09997027095160138099 ) ) ;
#7416 = CALENDAR_DATE ( 2026, 21, 9 ) ;
#7417 = DIRECTION ( 'NONE',  ( 1.000000000000000000, 0.000000000000000000, 0.000000000000000000 ) ) ;
#7418 = LINE ( 'NONE', #595, #6556 ) ;
#7419 = ORIENTED_EDGE ( 'NONE', *, *, #6816, .T. ) ;
#7420 = LINE ( 'NONE', #530, #8640 ) ;
#7421 = ORIENTED_EDGE ( 'NONE', *, *, #9129, .F. ) ;
#7422 = DATE_AND_TIME ( #6490, #12503 ) ;
#7423 = CARTESIAN_POINT ( 'NONE',  ( 10.37234568834891668, 9.406446595082066153, 11.66287729469195966 ) ) ;
#7424 = ORIENTED_EDGE ( 'NONE', *, *, #994, .F. ) ;
#7425 = APPLICATION_PROTOCOL_DEFINITION ( 'international standard', 'config_control_design', 1994, #11034 ) ;
#7426 = LINE ( 'NONE', #11429, #12846 ) ;
#7427 = DIRECTION ( 'NONE',  ( 0.000000000000000000, 1.000000000000000000, 0.000000000000000000 ) ) ;
#7428 = DIRECTION ( 'NONE',  ( -0.000000000000000000, -0.000000000000000000, -1.000000000000000000 ) ) ;
#7429 = EDGE_CURVE ( 'NONE', #8816, #10331, #2250, .T. ) ;
#7430 = PERSON_AND_ORGANIZATION_ROLE ( 'creator' ) ;
#7431 = EDGE_CURVE ( 'NONE', #10427, #7145, #8097, .T. ) ;
#7432 = CARTESIAN_POINT ( 'NONE',  ( 0.000000000000000000, 0.000000000000000000, 0.000000000000000000 ) ) ;
#7433 = CARTESIAN_POINT ( 'NONE',  ( 0.000000000000000000, 0.000000000000000000, 0.000000000000000000 ) ) ;
#7434 = DIRECTION ( 'NONE',  ( -0.000000000000000000, -0.000000000000000000, -1.000000000000000000 ) ) ;
#7435 = CYLINDRICAL_SURFACE ( 'NONE', #12376, 2.000000000000000000 ) ;
#7436 = DIRECTION ( 'NONE',  ( -0.000000000000000000, -0.000000000000000000, 1.000000000000000000 ) ) ;
#7437 = ORIENTED_EDGE ( 'NONE', *, *, #5887, .F. ) ;
#7438 = PERSON ( 'NAUO-PER2', 'UNSPECIFIED', 'UNSPECIFIED', ('UNSPECIFIED'), ('UNSPECIFIED'), ('UNSPECIFIED') ) ;
#7439 = VERTEX_POINT ( 'NONE', #11170 ) ;
#7440 = ORIENTED_EDGE ( 'NONE', *, *, #18, .F. ) ;
#7441 = DIRECTION ( 'NONE',  ( -0.000000000000000000, -0.000000000000000000, -1.000000000000000000 ) ) ;
#7442 = CARTESIAN_POINT ( 'NONE',  ( 9.843673541100125490, 9.955766678045154805, 7.090440972410965159 ) ) ;
#7443 = EDGE_CURVE ( 'NONE', #1136, #11968, #7101, .T. ) ;
#7444 = APPROVAL ( #10571, 'æœª' ) ;
#7445 = DIRECTION ( 'NONE',  ( -0.000000000000000000, -0.000000000000000000, -1.000000000000000000 ) ) ;
#7446 = CARTESIAN_POINT ( 'NONE',  ( -12.51547649045471466, 70.85853893179005070, -0.000000000000000000 ) ) ;
#7447 = LINE ( 'NONE', #11512, #4823 ) ;
#7448 = CARTESIAN_POINT ( 'NONE',  ( -9.000000000000000000, -6.000000000000000152E-06, 2.299999999999999822 ) ) ;
#7449 = ORIENTED_EDGE ( 'NONE', *, *, #670, .F. ) ;
#7450 = DIRECTION ( 'NONE',  ( -0.000000000000000000, -0.000000000000000000, -1.000000000000000000 ) ) ;
#7451 = VERTEX_POINT ( 'NONE', #9521 ) ;
#7452 = DIRECTION ( 'NONE',  ( -0.000000000000000000, -0.000000000000000000, 1.000000000000000000 ) ) ;
#7453 = MANIFOLD_SOLID_BREP ( 'Purchased_steel_shaft_D5_L68_NOT_PRINT', #10724 ) ;
#7454 = VERTEX_POINT ( 'NONE', #12452 ) ;
#7455 = ORIENTED_EDGE ( 'NONE', *, *, #2641, .F. ) ;
#7456 = APPLICATION_CONTEXT ( 'configuration controlled 3d designs of mechanical parts and assemblies' ) ;
#7457 = CARTESIAN_POINT ( 'NONE',  ( -21.00000000000000000, 8.000000000000000000, 17.00000000000000000 ) ) ;
#7458 = EDGE_CURVE ( 'NONE', #6768, #3786, #1542, .T. ) ;
#7459 = CARTESIAN_POINT ( 'NONE',  ( -11.50000000000000000, -6.000000000000000000, 22.00000000000000000 ) ) ;
#7460 = VECTOR ( 'NONE', #3017, 1000.000000000000000 ) ;
#7461 = PRODUCT_DEFINITION_SHAPE ( 'NONE', 'NONE',  #13062 ) ;
#7462 = CARTESIAN_POINT ( 'NONE',  ( -12.30000000000000071, 2.081899558550500526E-16, 0.000000000000000000 ) ) ;
#7463 = PERSON_AND_ORGANIZATION ( #12991, #11636 ) ;
#7464 = PERSON_AND_ORGANIZATION ( #8241, #2474 ) ;
#7465 = CARTESIAN_POINT ( 'NONE',  ( -27.69999999999999929, -57.00000000000000000, 5.000000000000000000 ) ) ;
#7466 = DIRECTION ( 'NONE',  ( 0.000000000000000000, 0.000000000000000000, 1.000000000000000000 ) ) ;
#7467 = CARTESIAN_POINT ( 'NONE',  ( 2.600000000000000533, 0.2934883227063208588, -0.000000000000000000 ) ) ;
#7468 = ORIENTED_EDGE ( 'NONE', *, *, #6758, .F. ) ;
#7469 = VERTEX_POINT ( 'NONE', #11569 ) ;
#7470 = AXIS2_PLACEMENT_3D ( 'NONE', #10834, #1789, #9838 ) ;
#7471 = CARTESIAN_POINT ( 'NONE',  ( 122.3433330990052639, -0.4425847382506304939, -0.000000000000000000 ) ) ;
#7472 = ORIENTED_EDGE ( 'NONE', *, *, #10922, .F. ) ;
#7473 = EDGE_LOOP ( 'NONE', ( #8425, #935 ) ) ;
#7474 = DIRECTION ( 'NONE',  ( -0.000000000000000000, 1.000000000000000000, -0.000000000000000000 ) ) ;
#7475 = MANIFOLD_SOLID_BREP ( 'Servo_ears_relief_v3', #7728 ) ;
#7476 = DIRECTION ( 'NONE',  ( 0.000000000000000000, 0.000000000000000000, -1.000000000000000000 ) ) ;
#7477 = VECTOR ( 'NONE', #7819, 1000.000000000000000 ) ;
#7478 = PERSON_AND_ORGANIZATION ( #12991, #11636 ) ;
#7479 = CARTESIAN_POINT ( 'NONE',  ( -12.00000000000000000, -12.00000000000000000, 0.000000000000000000 ) ) ;
#7480 = DIRECTION ( 'NONE',  ( 1.000000000000000000, 0.000000000000000000, 0.000000000000000000 ) ) ;
#7481 = ORIENTED_EDGE ( 'NONE', *, *, #5347, .F. ) ;
#7482 = ORIENTED_EDGE ( 'NONE', *, *, #10395, .F. ) ;
#7483 = APPROVAL_ROLE ( '' ) ;
#7484 = ADVANCED_FACE ( 'NONE', ( #496 ), #8656, .F. ) ;
#7485 = CARTESIAN_POINT ( 'NONE',  ( 0.000000000000000000, 0.000000000000000000, 0.000000000000000000 ) ) ;
#7486 = EDGE_LOOP ( 'NONE', ( #1949, #10739, #1930, #4800 ) ) ;
#7487 = AXIS2_PLACEMENT_3D ( 'NONE', #770, #9928, #4772 ) ;
#7488 = VECTOR ( 'NONE', #4675, 1000.000000000000000 ) ;
#7489 = CALENDAR_DATE ( 2026, 21, 9 ) ;
#7490 = CARTESIAN_POINT ( 'NONE',  ( -14.00000000000000000, 0.000000000000000000, 0.000000000000000000 ) ) ;
#7491 = SECURITY_CLASSIFICATION ( '', '', #4636 ) ;
#7492 = PLANE ( 'NONE',  #170 ) ;
#7493 = DIRECTION ( 'NONE',  ( 0.000000000000000000, 0.000000000000000000, -1.000000000000000000 ) ) ;
#7494 = APPLICATION_PROTOCOL_DEFINITION ( 'international standard', 'config_control_design', 1994, #3615 ) ;
#7495 = CARTESIAN_POINT ( 'NONE',  ( 31.60000000000000142, 62.50000000000000000, -1.200000000000000030E-05 ) ) ;
#7496 = DIRECTION ( 'NONE',  ( 0.000000000000000000, -0.000000000000000000, -1.000000000000000000 ) ) ;
#7497 = DIRECTION ( 'NONE',  ( -0.000000000000000000, -0.000000000000000000, -1.000000000000000000 ) ) ;
#7498 = CIRCLE ( 'NONE', #6445, 1.700000000000000178 ) ;
#7499 = CIRCLE ( 'NONE', #7760, 1.700000000000000178 ) ;
#7500 = LINE ( 'NONE', #5481, #4757 ) ;
#7501 = EDGE_CURVE ( 'NONE', #448, #7454, #9580, .T. ) ;
#7502 = CARTESIAN_POINT ( 'NONE',  ( -9.858538931791278159, 58.48452350954333667, -0.000000000000000000 ) ) ;
#7503 = AXIS2_PLACEMENT_3D ( 'NONE', #8029, #10097, #3093 ) ;
#7504 = ORIENTED_EDGE ( 'NONE', *, *, #11236, .T. ) ;
#7505 = DESIGN_CONTEXT ( 'detailed design', #1343, 'design' ) ;
#7506 = ORIENTED_EDGE ( 'NONE', *, *, #10697, .T. ) ;
#7507 = DIRECTION ( 'NONE',  ( -1.000000000000000000, 0.000000000000000000, 0.000000000000000000 ) ) ;
#7508 = VECTOR ( 'NONE', #1931, 1000.000000000000000 ) ;
#7509 = DIRECTION ( 'NONE',  ( 0.000000000000000000, 0.000000000000000000, 1.000000000000000000 ) ) ;
#7510 = COORDINATED_UNIVERSAL_TIME_OFFSET ( 5, 0, .BEHIND. ) ;
#7511 = APPROVAL_PERSON_ORGANIZATION ( #4707, #11828, #704 ) ;
#7512 = EDGE_CURVE ( 'NONE', #10704, #7454, #2517, .T. ) ;
#7513 = DIRECTION ( 'NONE',  ( -0.000000000000000000, -0.000000000000000000, -1.000000000000000000 ) ) ;
#7514 = DIRECTION ( 'NONE',  ( -1.000000000000000000, 0.000000000000000000, 0.000000000000000000 ) ) ;
#7515 = DIRECTION ( 'NONE',  ( 0.000000000000000000, 0.000000000000000000, -1.000000000000000000 ) ) ;
#7516 = VECTOR ( 'NONE', #11952, 1000.000000000000000 ) ;
#7517 = CARTESIAN_POINT ( 'NONE',  ( 12.00000000000000000, -7.000000000000000000, 16.69999999999999929 ) ) ;
#7518 = AXIS2_PLACEMENT_3D ( 'NONE', #11932, #6743, #7810 ) ;
#7519 = EDGE_CURVE ( 'NONE', #3116, #6173, #4144, .T. ) ;
#7520 = CARTESIAN_POINT ( 'NONE',  ( -8.141514269807105464, 0.000000000000000000, 2.515604930472431278 ) ) ;
#7521 = EDGE_CURVE ( 'NONE', #12790, #692, #7709, .T. ) ;
#7522 = ORIENTED_EDGE ( 'NONE', *, *, #12869, .T. ) ;
#7523 = DIRECTION ( 'NONE',  ( -0.000000000000000000, -0.000000000000000000, -1.000000000000000000 ) ) ;
#7524 = EDGE_LOOP ( 'NONE', ( #7848, #12630 ) ) ;
#7525 = MANIFOLD_SOLID_BREP ( 'Clamp_crossbolt_M3', #11350 ) ;
#7526 = ORIENTED_EDGE ( 'NONE', *, *, #3660, .F. ) ;
#7527 = UNCERTAINTY_MEASURE_WITH_UNIT (LENGTH_MEASURE( 1.000000000000000082E-05 ), #2936, 'distance_accuracy_value', 'NONE');
#7528 = ORIENTED_EDGE ( 'NONE', *, *, #4215, .T. ) ;
#7529 = CARTESIAN_POINT ( 'NONE',  ( 32.69993048876345654, 0.000000000000000000, 4.225083994884505145 ) ) ;
#7530 = CC_DESIGN_APPROVAL ( #1674, ( #6466 ) ) ;
#7531 = DIRECTION ( 'NONE',  ( -1.000000000000000000, 0.000000000000000000, -0.000000000000000000 ) ) ;
#7532 = PLANE ( 'NONE',  #12016 ) ;
#7533 = APPROVAL_ROLE ( '' ) ;
#7534 = DIRECTION ( 'NONE',  ( 0.000000000000000000, 1.000000000000000000, 0.000000000000000000 ) ) ;
#7535 =( NAMED_UNIT ( * ) SI_UNIT ( $, .STERADIAN. ) SOLID_ANGLE_UNIT ( ) );
#7536 = CARTESIAN_POINT ( 'NONE',  ( 11.00000000000000000, 5.000000000000000000, 28.00000000000000000 ) ) ;
#7537 = DIRECTION ( 'NONE',  ( -0.000000000000000000, -0.000000000000000000, -1.000000000000000000 ) ) ;
#7538 = VECTOR ( 'NONE', #665, 1000.000000000000000 ) ;
#7539 = ORIENTED_EDGE ( 'NONE', *, *, #1839, .T. ) ;
#7540 = APPROVAL ( #8503, 'æœª' ) ;
#7541 = AXIS2_PLACEMENT_3D ( 'NONE', #12522, #12456, #10519 ) ;
#7542 = EDGE_CURVE ( 'NONE', #6160, #12730, #12404, .T. ) ;
#7543 = APPROVAL_PERSON_ORGANIZATION ( #5452, #7999, #4533 ) ;
#7544 = ORIENTED_EDGE ( 'NONE', *, *, #12999, .F. ) ;
#7545 = DIRECTION ( 'NONE',  ( 0.000000000000000000, 0.000000000000000000, 1.000000000000000000 ) ) ;
#7546 = ORIENTED_EDGE ( 'NONE', *, *, #5567, .T. ) ;
#7547 = ORIENTED_EDGE ( 'NONE', *, *, #3809, .F. ) ;
#7548 = CARTESIAN_POINT ( 'NONE',  ( -8.557362060160576434, 67.65679534101302295, -0.000000000000000000 ) ) ;
#7549 = AXIS2_PLACEMENT_3D ( 'NONE', #3425, #5318, #3352 ) ;
#7550 = VECTOR ( 'NONE', #10851, 1000.000000000000000 ) ;
#7551 = DIRECTION ( 'NONE',  ( 1.000000000000000000, 0.000000000000000000, 0.000000000000000000 ) ) ;
#7552 = VECTOR ( 'NONE', #3024, 1000.000000000000000 ) ;
#7553 = VERTEX_POINT ( 'NONE', #8520 ) ;
#7554 = CARTESIAN_POINT ( 'NONE',  ( 2.500000000000000000, 3.061616997868383141E-16, 0.000000000000000000 ) ) ;
#7555 = EDGE_CURVE ( 'NONE', #4255, #6535, #11956, .T. ) ;
#7556 = VERTEX_POINT ( 'NONE', #7381 ) ;
#7557 = DATE_TIME_ROLE ( 'classification_date' ) ;
#7558 = DIRECTION ( 'NONE',  ( 0.000000000000000000, 0.000000000000000000, -1.000000000000000000 ) ) ;
#7559 = VECTOR ( 'NONE', #11558, 1000.000000000000000 ) ;
#7560 = ORIENTED_EDGE ( 'NONE', *, *, #11061, .T. ) ;
#7561 = CIRCLE ( 'NONE', #5035, 1.700000000000000178 ) ;
#7562 = APPROVAL_DATE_TIME ( #1250, #12680 ) ;
#7563 = DIRECTION ( 'NONE',  ( 0.000000000000000000, 0.000000000000000000, -1.000000000000000000 ) ) ;
#7564 = DIRECTION ( 'NONE',  ( 0.000000000000000000, 0.000000000000000000, 1.000000000000000000 ) ) ;
#7565 = DIRECTION ( 'NONE',  ( 0.000000000000000000, -1.000000000000000000, 0.000000000000000000 ) ) ;
#7566 = DATE_TIME_ROLE ( 'classification_date' ) ;
#7567 = CARTESIAN_POINT ( 'NONE',  ( 16.00000000000000000, 6.000000000000000000, 16.00000000000000000 ) ) ;
#7568 = CARTESIAN_POINT ( 'NONE',  ( -35.00000000000000000, 70.00000000000000000, 0.000000000000000000 ) ) ;
#7569 = CIRCLE ( 'NONE', #11178, 2.000000000000000000 ) ;
#7570 = EDGE_CURVE ( 'NONE', #2901, #9592, #8984, .T. ) ;
#7571 = AXIS2_PLACEMENT_3D ( 'NONE', #9324, #1130, #11235 ) ;
#7572 = DIRECTION ( 'NONE',  ( -0.000000000000000000, -0.000000000000000000, -1.000000000000000000 ) ) ;
#7573 = MANIFOLD_SOLID_BREP ( 'Foot_M3_through', #5215 ) ;
#7574 = DIRECTION ( 'NONE',  ( 1.000000000000000000, 0.000000000000000000, 0.000000000000000000 ) ) ;
#7575 = LINE ( 'NONE', #11637, #2421 ) ;
#7576 = ORIENTED_EDGE ( 'NONE', *, *, #11595, .F. ) ;
#7577 = AXIS2_PLACEMENT_3D ( 'NONE', #2529, #11647, #4571 ) ;
#7578 = DIRECTION ( 'NONE',  ( 0.000000000000000000, 0.000000000000000000, 1.000000000000000000 ) ) ;
#7579 = DIRECTION ( 'NONE',  ( 0.000000000000000000, 0.000000000000000000, -1.000000000000000000 ) ) ;
#7580 = DATE_AND_TIME ( #4561, #10805 ) ;
#7581 = CARTESIAN_POINT ( 'NONE',  ( -7.515476490456402203, -0.000000000000000000, 12.14146106820936666 ) ) ;
#7582 = CARTESIAN_POINT ( 'NONE',  ( 31.60000000000000142, 62.50000000000000000, -1.200000000000000030E-05 ) ) ;
#7583 = EDGE_CURVE ( 'NONE', #7861, #1173, #1474, .T. ) ;
#7584 = CARTESIAN_POINT ( 'NONE',  ( -15.69999999999999929, 70.00000000000000000, -6.000000000000000152E-06 ) ) ;
#7585 =( GEOMETRIC_REPRESENTATION_CONTEXT ( 3 ) GLOBAL_UNCERTAINTY_ASSIGNED_CONTEXT ( ( #11756 ) ) GLOBAL_UNIT_ASSIGNED_CONTEXT ( ( #3342, #10269, #4331 ) ) REPRESENTATION_CONTEXT ( 'NONE', 'WORKASPACE' ) );
#7586 = DIRECTION ( 'NONE',  ( -0.000000000000000000, -1.000000000000000000, -0.000000000000000000 ) ) ;
#7587 = DIRECTION ( 'NONE',  ( -0.000000000000000000, -0.000000000000000000, 1.000000000000000000 ) ) ;
#7588 = EDGE_LOOP ( 'NONE', ( #7198, #34, #647, #4097 ) ) ;
#7589 = DIRECTION ( 'NONE',  ( 1.000000000000000000, 0.000000000000000000, 0.000000000000000000 ) ) ;
#7590 = EDGE_LOOP ( 'NONE', ( #9397, #9079, #12695, #9743 ) ) ;
#7591 = ORIENTED_EDGE ( 'NONE', *, *, #9627, .F. ) ;
#7592 = VERTEX_POINT ( 'NONE', #11638 ) ;
#7593 = LOCAL_TIME ( 12, 23, 36.00000000000000000, #2622 ) ;
#7594 = LINE ( 'NONE', #8411, #12250 ) ;
#7595 = EDGE_CURVE ( 'NONE', #7327, #5153, #4380, .T. ) ;
#7596 = CARTESIAN_POINT ( 'NONE',  ( -11.90000000000000036, 6.400000000000000355, 0.000000000000000000 ) ) ;
#7597 = ADVANCED_FACE ( 'NONE', ( #12646 ), #2586, .F. ) ;
#7598 = CONTEXT_DEPENDENT_SHAPE_REPRESENTATION ( #160, #8308 ) ;
#7599 = DIRECTION ( 'NONE',  ( -0.000000000000000000, 1.000000000000000000, 0.000000000000000000 ) ) ;
#7600 = EDGE_CURVE ( 'NONE', #6541, #9789, #11695, .T. ) ;
#7601 = DIRECTION ( 'NONE',  ( -0.000000000000000000, -0.000000000000000000, 1.000000000000000000 ) ) ;
#7602 = EDGE_LOOP ( 'NONE', ( #9118, #8624 ) ) ;
#7603 = CARTESIAN_POINT ( 'NONE',  ( 6.442637939848412820, -7.343204658989380462, -0.000000000000000000 ) ) ;
#7604 = LOCAL_TIME ( 12, 23, 36.00000000000000000, #11223 ) ;
#7605 = VERTEX_POINT ( 'NONE', #4624 ) ;
#7606 = ORIENTED_EDGE ( 'NONE', *, *, #8206, .T. ) ;
#7607 = VERTEX_POINT ( 'NONE', #10705 ) ;
#7608 = PERSON ( 'NAUO-PER3', 'UNSPECIFIED', 'UNSPECIFIED', ('UNSPECIFIED'), ('UNSPECIFIED'), ('UNSPECIFIED') ) ;
#7609 = CC_DESIGN_PERSON_AND_ORGANIZATION_ASSIGNMENT ( #9407, #2146, ( #3086 ) ) ;
#7610 = MANIFOLD_SOLID_BREP ( 'V2_REF_block40', #7932 ) ;
#7611 = LOCAL_TIME ( 12, 23, 36.00000000000000000, #2588 ) ;
#7612 = CC_DESIGN_PERSON_AND_ORGANIZATION_ASSIGNMENT ( #282, #12573, ( #8473 ) ) ;
#7613 = FACE_OUTER_BOUND ( 'NONE', #2210, .T. ) ;
#7614 = ORIENTED_EDGE ( 'NONE', *, *, #8028, .T. ) ;
#7615 = ADVANCED_FACE ( 'NONE', ( #682, #8387, #10452, #1401 ), #5414, .F. ) ;
#7616 = DIRECTION ( 'NONE',  ( 0.000000000000000000, 0.000000000000000000, -1.000000000000000000 ) ) ;
#7617 = VERTEX_POINT ( 'NONE', #8459 ) ;
#7618 = CALENDAR_DATE ( 2026, 21, 9 ) ;
#7619 = DIRECTION ( 'NONE',  ( -0.000000000000000000, -0.000000000000000000, -1.000000000000000000 ) ) ;
#7620 = APPROVAL_STATUS ( 'not_yet_approved' ) ;
#7621 = VERTEX_POINT ( 'NONE', #12518 ) ;
#7622 = DIRECTION ( 'NONE',  ( 0.000000000000000000, 1.000000000000000000, -0.000000000000000000 ) ) ;
#7623 = FACE_BOUND ( 'NONE', #5120, .T. ) ;
#7624 = DIRECTION ( 'NONE',  ( -1.000000000000000000, -0.000000000000000000, 0.000000000000000000 ) ) ;
#7625 = EDGE_CURVE ( 'NONE', #11421, #4517, #11333, .T. ) ;
#7626 = FACE_OUTER_BOUND ( 'NONE', #11694, .T. ) ;
#7627 = CARTESIAN_POINT ( 'NONE',  ( -9.225615804906823314, -0.000000000000000000, 14.70000000000000284 ) ) ;
#7628 = APPLICATION_PROTOCOL_DEFINITION ( 'international standard', 'config_control_design', 1994, #6695 ) ;
#7629 = DIRECTION ( 'NONE',  ( 0.000000000000000000, 0.000000000000000000, -1.000000000000000000 ) ) ;
#7630 = CARTESIAN_POINT ( 'NONE',  ( 8.660254037844389075, 11.00000000000000000, 6.000000000000000000 ) ) ;
#7631 = APPLICATION_CONTEXT ( 'configuration controlled 3d designs of mechanical parts and assemblies' ) ;
#7632 = VERTEX_POINT ( 'NONE', #9766 ) ;
#7633 = CARTESIAN_POINT ( 'NONE',  ( 130.0000000000000000, 0.000000000000000000, 6.000000000000000000 ) ) ;
#7634 = LINE ( 'NONE', #11692, #8321 ) ;
#7635 = EDGE_CURVE ( 'NONE', #5392, #8548, #7299, .T. ) ;
#7636 = DESIGN_CONTEXT ( 'detailed design', #11034, 'design' ) ;
#7637 = DIRECTION ( 'NONE',  ( 0.000000000000000000, 0.000000000000000000, -1.000000000000000000 ) ) ;
#7638 = VECTOR ( 'NONE', #4586, 1000.000000000000000 ) ;
#7639 = CARTESIAN_POINT ( 'NONE',  ( -11.59999999999999964, 67.50000000000000000, -1.200000000000000030E-05 ) ) ;
#7640 = LINE ( 'NONE', #11508, #2531 ) ;
#7641 = DIRECTION ( 'NONE',  ( 0.000000000000000000, 0.000000000000000000, 1.000000000000000000 ) ) ;
#7642 = CARTESIAN_POINT ( 'NONE',  ( -15.69993048876420616, 70.22508399488370401, 0.000000000000000000 ) ) ;
#7643 = DIRECTION ( 'NONE',  ( 0.000000000000000000, 0.000000000000000000, -1.000000000000000000 ) ) ;
#7644 = VERTEX_POINT ( 'NONE', #10886 ) ;
#7645 = DIRECTION ( 'NONE',  ( 1.000000000000000000, 0.000000000000000000, 0.000000000000000000 ) ) ;
#7646 = ORIENTED_EDGE ( 'NONE', *, *, #13008, .F. ) ;
#7647 = AXIS2_PLACEMENT_3D ( 'NONE', #11561, #6505, #2636 ) ;
#7648 = ADVANCED_FACE ( 'NONE', ( #1848 ), #2777, .F. ) ;
#7649 = ORIENTED_EDGE ( 'NONE', *, *, #3009, .T. ) ;
#7650 = UNCERTAINTY_MEASURE_WITH_UNIT (LENGTH_MEASURE( 1.000000000000000082E-05 ), #98, 'distance_accuracy_value', 'NONE');
#7651 = ORIENTED_EDGE ( 'NONE', *, *, #10748, .T. ) ;
#7652 = APPROVAL_DATE_TIME ( #755, #3363 ) ;
#7653 = CARTESIAN_POINT ( 'NONE',  ( -14.00000000000000000, 9.000000000000000000, 10.20000000000000107 ) ) ;
#7654 = DIRECTION ( 'NONE',  ( 0.000000000000000000, 1.000000000000000000, 0.000000000000000000 ) ) ;
#7655 = EDGE_CURVE ( 'NONE', #12200, #3525, #9901, .T. ) ;
#7656 = ITEM_DEFINED_TRANSFORMATION ( 'NONE', 'NONE', #8224,  #1284 ) ;
#7657 = CARTESIAN_POINT ( 'NONE',  ( 4.299999999999999822, 0.000000000000000000, 0.000000000000000000 ) ) ;
#7658 = DIRECTION ( 'NONE',  ( 1.000000000000000000, 0.000000000000000000, 0.000000000000000000 ) ) ;
#7659 = EDGE_LOOP ( 'NONE', ( #11369, #11241, #9281, #1448 ) ) ;
#7660 = EDGE_LOOP ( 'NONE', ( #4948, #4911, #2121, #5008 ) ) ;
#7661 = DIRECTION ( 'NONE',  ( 1.000000000000000000, 0.000000000000000000, 0.000000000000000000 ) ) ;
#7662 = EDGE_CURVE ( 'NONE', #12557, #10915, #5848, .T. ) ;
#7663 = EDGE_CURVE ( 'NONE', #11276, #7451, #3695, .T. ) ;
#7664 = ORIENTED_EDGE ( 'NONE', *, *, #12039, .F. ) ;
#7665 = ORIENTED_EDGE ( 'NONE', *, *, #9759, .F. ) ;
#7666 = CARTESIAN_POINT ( 'NONE',  ( -12.90000000000000036, 0.000000000000000000, 16.00000000000000000 ) ) ;
#7667 = SHAPE_REPRESENTATION ( 'V3_REF_MG995_envelope', ( #1284 ), #10983 ) ;
#7668 = EDGE_CURVE ( 'NONE', #4517, #11421, #2880, .T. ) ;
#7669 = CARTESIAN_POINT ( 'NONE',  ( 31.19999999999999929, -1.200000000000000030E-05, 5.688194301613412662 ) ) ;
#7670 = CIRCLE ( 'NONE', #7021, 1.700000000000000178 ) ;
#7671 = ORIENTED_EDGE ( 'NONE', *, *, #12568, .T. ) ;
#7672 = DIRECTION ( 'NONE',  ( -0.000000000000000000, -0.000000000000000000, 1.000000000000000000 ) ) ;
#7673 = ORIENTED_EDGE ( 'NONE', *, *, #4718, .T. ) ;
#7674 = PERSON_AND_ORGANIZATION ( #12991, #11636 ) ;
#7675 = EDGE_CURVE ( 'NONE', #3154, #3464, #4873, .T. ) ;
#7676 = COORDINATED_UNIVERSAL_TIME_OFFSET ( 5, 0, .BEHIND. ) ;
#7677 = APPROVAL ( #12919, 'UNKNOWN' ) ;
#7678 = EDGE_CURVE ( 'NONE', #12616, #2045, #12189, .T. ) ;
#7679 = CC_DESIGN_PERSON_AND_ORGANIZATION_ASSIGNMENT ( #668, #8702, ( #1262 ) ) ;
#7680 = EDGE_LOOP ( 'NONE', ( #11052, #8060, #2326, #8723 ) ) ;
#7681 = DIRECTION ( 'NONE',  ( 0.000000000000000000, 0.000000000000000000, -1.000000000000000000 ) ) ;
#7682 = DIRECTION ( 'NONE',  ( -1.000000000000000000, 0.000000000000000000, 0.000000000000000000 ) ) ;
#7683 = VECTOR ( 'NONE', #8027, 1000.000000000000000 ) ;
#7684 = CARTESIAN_POINT ( 'NONE',  ( -12.00000000000000000, 7.000000000000000000, 16.69999999999999929 ) ) ;
#7685 = DATE_AND_TIME ( #1585, #178 ) ;
#7686 = CARTESIAN_POINT ( 'NONE',  ( 0.000000000000000000, 0.000000000000000000, 0.000000000000000000 ) ) ;
#7687 = DIRECTION ( 'NONE',  ( -1.000000000000000000, -0.000000000000000000, -0.000000000000000000 ) ) ;
#7688 = APPROVAL_DATE_TIME ( #8765, #3105 ) ;
#7689 = LINE ( 'NONE', #9889, #532 ) ;
#7690 = FACE_OUTER_BOUND ( 'NONE', #8929, .T. ) ;
#7691 = EDGE_LOOP ( 'NONE', ( #4910, #9995, #2620, #8665 ) ) ;
#7692 = CIRCLE ( 'NONE', #120, 5.500000000000000000 ) ;
#7693 = APPROVAL ( #7620, 'æœª' ) ;
#7694 = CARTESIAN_POINT ( 'NONE',  ( 28.00000000000000000, 0.000000000000000000, 24.00000000000000000 ) ) ;
#7695 = EDGE_CURVE ( 'NONE', #2643, #10399, #8801, .T. ) ;
#7696 = LINE ( 'NONE', #5847, #3739 ) ;
#7697 = DIRECTION ( 'NONE',  ( 0.000000000000000000, 1.000000000000000000, 0.000000000000000000 ) ) ;
#7698 = CARTESIAN_POINT ( 'NONE',  ( 0.000000000000000000, 0.000000000000000000, 90.00000000000000000 ) ) ;
#7699 = DIRECTION ( 'NONE',  ( -1.000000000000000000, -0.000000000000000000, -0.000000000000000000 ) ) ;
#7700 = CARTESIAN_POINT ( 'NONE',  ( 12.80000000000000071, 2.000000000000000000, 3.000000000000000000 ) ) ;
#7701 = VECTOR ( 'NONE', #10326, 1000.000000000000000 ) ;
#7702 = VECTOR ( 'NONE', #7428, 1000.000000000000000 ) ;
#7703 = ORGANIZATION ( 'NAUO-ORG7', 'UNSPECIFIED', 'UNSPECIFIED' ) ;
#7704 = CARTESIAN_POINT ( 'NONE',  ( 12.00000000000000000, 7.000000000000000000, 16.69999999999999929 ) ) ;
#7705 = VECTOR ( 'NONE', #1926, 1000.000000000000000 ) ;
#7706 = VERTEX_POINT ( 'NONE', #8775 ) ;
#7707 = DIRECTION ( 'NONE',  ( 0.000000000000000000, 0.000000000000000000, 1.000000000000000000 ) ) ;
#7708 = VERTEX_POINT ( 'NONE', #4932 ) ;
#7709 = CIRCLE ( 'NONE', #7059, 2.000000000000001776 ) ;
#7710 = ORIENTED_EDGE ( 'NONE', *, *, #12938, .T. ) ;
#7711 = CC_DESIGN_SECURITY_CLASSIFICATION ( #10893, ( #13074 ) ) ;
#7712 = ORIENTED_EDGE ( 'NONE', *, *, #5220, .F. ) ;
#7713 = DIRECTION ( 'NONE',  ( -1.000000000000000000, -0.000000000000000000, -0.000000000000000000 ) ) ;
#7714 = CARTESIAN_POINT ( 'NONE',  ( 0.000000000000000000, 0.000000000000000000, 0.000000000000000000 ) ) ;
#7715 = CARTESIAN_POINT ( 'NONE',  ( -2.600000000000000089, 3.184081677783117698E-16, 16.00000000000000000 ) ) ;
#7716 = PERSON_AND_ORGANIZATION_ROLE ( 'creator' ) ;
#7717 = CONTEXT_DEPENDENT_SHAPE_REPRESENTATION ( #1933, #6298 ) ;
#7718 = DIRECTION ( 'NONE',  ( 0.000000000000000000, 0.000000000000000000, 1.000000000000000000 ) ) ;
#7719 = AXIS2_PLACEMENT_3D ( 'NONE', #8958, #2888, #7880 ) ;
#7720 = EDGE_CURVE ( 'NONE', #12544, #10482, #3938, .T. ) ;
#7721 = APPROVAL_PERSON_ORGANIZATION ( #3839, #11347, #1806 ) ;
#7722 = CYLINDRICAL_SURFACE ( 'NONE', #12668, 1.700000000000000178 ) ;
#7723 = ORIENTED_EDGE ( 'NONE', *, *, #707, .T. ) ;
#7724 = CARTESIAN_POINT ( 'NONE',  ( 1.155213855929388300, 2.347373307994384373, -0.000000000000000000 ) ) ;
#7725 = ORIENTED_EDGE ( 'NONE', *, *, #11977, .F. ) ;
#7726 = DIRECTION ( 'NONE',  ( -0.000000000000000000, -0.000000000000000000, 1.000000000000000000 ) ) ;
#7727 =( NAMED_UNIT ( * ) SI_UNIT ( $, .STERADIAN. ) SOLID_ANGLE_UNIT ( ) );
#7728 = CLOSED_SHELL ( 'NONE', ( #2213, #11940, #4790, #272, #7962, #5858, #6036, #9310, #5671, #2822, #9317, #7176, #6381, #8968, #604 ) ) ;
#7729 = ORIENTED_EDGE ( 'NONE', *, *, #8632, .T. ) ;
#7730 = VERTEX_POINT ( 'NONE', #8713 ) ;
#7731 = CARTESIAN_POINT ( 'NONE',  ( -9.000000000000000000, 80.49999999999998579, 5.700000000000000178 ) ) ;
#7732 = EDGE_CURVE ( 'NONE', #6041, #11920, #7950, .T. ) ;
#7733 = APPROVAL_PERSON_ORGANIZATION ( #4611, #11020, #11492 ) ;
#7734 = CARTESIAN_POINT ( 'NONE',  ( 10.50000000000000000, 0.000000000000000000, 16.00000000000000000 ) ) ;
#7735 = CARTESIAN_POINT ( 'NONE',  ( 20.85853893179037755, 12.51547649045651411, -0.000000000000000000 ) ) ;
#7736 = VERTEX_POINT ( 'NONE', #804 ) ;
#7737 = ORIENTED_EDGE ( 'NONE', *, *, #805, .F. ) ;
#7738 = APPROVAL_ROLE ( '' ) ;
#7739 = ORIENTED_EDGE ( 'NONE', *, *, #3961, .F. ) ;
#7740 = ADVANCED_FACE ( 'NONE', ( #8843, #5731, #12894, #3867, #2828, #3752 ), #12954, .T. ) ;
#7741 = DIRECTION ( 'NONE',  ( 1.000000000000000000, 0.000000000000000000, 0.000000000000000000 ) ) ;
#7742 = VECTOR ( 'NONE', #7276, 1000.000000000000000 ) ;
#7743 = FACE_OUTER_BOUND ( 'NONE', #9933, .T. ) ;
#7744 = SECURITY_CLASSIFICATION ( '', '', #1863 ) ;
#7745 = CARTESIAN_POINT ( 'NONE',  ( -10.70006951123579064, -0.000000000000000000, 4.225083994886820626 ) ) ;
#7746 = CARTESIAN_POINT ( 'NONE',  ( -19.00000000000000000, 0.000000000000000000, 4.000000000000000000 ) ) ;
#7747 = CARTESIAN_POINT ( 'NONE',  ( -27.69999999999999929, 57.00000000000000000, 5.000000000000000000 ) ) ;
#7748 = VECTOR ( 'NONE', #5837, 1000.000000000000000 ) ;
#7749 = CALENDAR_DATE ( 2026, 21, 9 ) ;
#7750 = EDGE_CURVE ( 'NONE', #1728, #4192, #741, .T. ) ;
#7751 = EDGE_CURVE ( 'NONE', #5737, #8266, #11825, .T. ) ;
#7752 = CARTESIAN_POINT ( 'NONE',  ( 20.00000000000000000, -6.000000000000000152E-06, 10.30000000000000071 ) ) ;
#7753 = AXIS2_PLACEMENT_3D ( 'NONE', #9629, #8574, #10574 ) ;
#7754 = CARTESIAN_POINT ( 'NONE',  ( 3.000000000000000000, 0.000000000000000000, 3.000000000000000000 ) ) ;
#7755 = AXIS2_PLACEMENT_3D ( 'NONE', #8683, #1624, #3841 ) ;
#7756 = ORIENTED_EDGE ( 'NONE', *, *, #4945, .T. ) ;
#7757 = EDGE_CURVE ( 'NONE', #8245, #11771, #11124, .T. ) ;
#7758 = CARTESIAN_POINT ( 'NONE',  ( -22.00000000000000000, 8.000000000000000000, 8.000000000000000000 ) ) ;
#7759 = ORIENTED_EDGE ( 'NONE', *, *, #4147, .T. ) ;
#7760 = AXIS2_PLACEMENT_3D ( 'NONE', #12237, #6236, #6108 ) ;
#7761 = CARTESIAN_POINT ( 'NONE',  ( 15.00000000000000000, 5.000000000000000000, -1.200000000000000030E-05 ) ) ;
#7762 = CARTESIAN_POINT ( 'NONE',  ( 20.00000000000000000, -1.200000000000000030E-05, 10.30000000000000071 ) ) ;
#7763 = LINE ( 'NONE', #6955, #2043 ) ;
#7764 = COORDINATED_UNIVERSAL_TIME_OFFSET ( 5, 0, .BEHIND. ) ;
#7765 = AXIS2_PLACEMENT_3D ( 'NONE', #4030, #5216, #9976 ) ;
#7766 = AXIS2_PLACEMENT_3D ( 'NONE', #3092, #11499, #12515 ) ;
#7767 = CARTESIAN_POINT ( 'NONE',  ( -18.30006951123579384, 0.000000000000000000, 12.22508399488629394 ) ) ;
#7768 = DIRECTION ( 'NONE',  ( 0.000000000000000000, -0.000000000000000000, -1.000000000000000000 ) ) ;
#7769 = CC_DESIGN_DATE_AND_TIME_ASSIGNMENT ( #2324, #8599, ( #788 ) ) ;
#7770 = PRODUCT_DEFINITION ( 'æœ', '', #1309, #4623 ) ;
#7771 = FACE_BOUND ( 'NONE', #12393, .T. ) ;
#7772 = PLANE ( 'NONE',  #12794 ) ;
#7773 = DIRECTION ( 'NONE',  ( -0.000000000000000000, 1.000000000000000000, 0.000000000000000000 ) ) ;
#7774 = EDGE_LOOP ( 'NONE', ( #5861, #6644, #11244, #6667 ) ) ;
#7775 = DIRECTION ( 'NONE',  ( 1.000000000000000000, 0.000000000000000000, 0.000000000000000000 ) ) ;
#7776 = ORIENTED_EDGE ( 'NONE', *, *, #1881, .F. ) ;
#7777 = VERTEX_POINT ( 'NONE', #4740 ) ;
#7778 = LINE ( 'NONE', #8793, #12177 ) ;
#7779 = ORIENTED_EDGE ( 'NONE', *, *, #10507, .F. ) ;
#7780 = COORDINATED_UNIVERSAL_TIME_OFFSET ( 5, 0, .BEHIND. ) ;
#7781 = CYLINDRICAL_SURFACE ( 'NONE', #10958, 1.700000000000000178 ) ;
#7782 = DIRECTION ( 'NONE',  ( 1.000000000000000000, 0.000000000000000000, 0.000000000000000000 ) ) ;
#7783 = FACE_BOUND ( 'NONE', #5816, .T. ) ;
#7784 = VECTOR ( 'NONE', #8718, 1000.000000000000000 ) ;
#7785 = PERSON_AND_ORGANIZATION ( #12991, #11636 ) ;
#7786 = AXIS2_PLACEMENT_3D ( 'NONE', #6105, #5336, #10161 ) ;
#7787 = EDGE_CURVE ( 'NONE', #5073, #8242, #12830, .T. ) ;
#7788 = ITEM_DEFINED_TRANSFORMATION ( 'NONE', 'NONE', #6938,  #1284 ) ;
#7789 = FACE_OUTER_BOUND ( 'NONE', #10616, .T. ) ;
#7790 = CARTESIAN_POINT ( 'NONE',  ( -27.69999999999999929, -45.00000000000000000, -1.200000000000000030E-05 ) ) ;
#7791 = EDGE_LOOP ( 'NONE', ( #9321, #5092, #2369, #11181 ) ) ;
#7792 = PLANE ( 'NONE',  #11921 ) ;
#7793 = DIRECTION ( 'NONE',  ( -0.000000000000000000, -1.000000000000000000, -0.000000000000000000 ) ) ;
#7794 = EDGE_LOOP ( 'NONE', ( #3882, #12859, #1157, #8789 ) ) ;
#7795 = CARTESIAN_POINT ( 'NONE',  ( 12.00000000000000000, -12.00000000000000000, 0.000000000000000000 ) ) ;
#7796 = AXIS2_PLACEMENT_3D ( 'NONE', #2553, #6539, #10612 ) ;
#7797 = VERTEX_POINT ( 'NONE', #9030 ) ;
#7798 = ORIENTED_EDGE ( 'NONE', *, *, #8952, .T. ) ;
#7799 = ADVANCED_FACE ( 'NONE', ( #10085 ), #9228, .F. ) ;
#7800 = CARTESIAN_POINT ( 'NONE',  ( 0.000000000000000000, 25.00000000000000000, 90.00000000000000000 ) ) ;
#7801 = AXIS2_PLACEMENT_3D ( 'NONE', #10217, #11946, #2884 ) ;
#7802 = CARTESIAN_POINT ( 'NONE',  ( -21.69999999999999929, 14.00000000000000000, -1.200000000000000030E-05 ) ) ;
#7803 = ORIENTED_EDGE ( 'NONE', *, *, #9950, .F. ) ;
#7804 = ORIENTED_EDGE ( 'NONE', *, *, #1576, .T. ) ;
#7805 = APPROVAL_STATUS ( 'not_yet_approved' ) ;
#7806 = CALENDAR_DATE ( 2026, 21, 9 ) ;
#7807 = ORIENTED_EDGE ( 'NONE', *, *, #7458, .F. ) ;
#7808 = ADVANCED_FACE ( 'NONE', ( #4218 ), #9097, .F. ) ;
#7809 = LOCAL_TIME ( 12, 23, 36.00000000000000000, #672 ) ;
#7810 = DIRECTION ( 'NONE',  ( -1.000000000000000000, 0.000000000000000000, 0.000000000000000000 ) ) ;
#7811 = CARTESIAN_POINT ( 'NONE',  ( -9.000000000000000000, -6.000000000000000152E-06, 2.299999999999999822 ) ) ;
#7812 = CARTESIAN_POINT ( 'NONE',  ( 21.69993048876495223, 0.000000000000000000, 12.22508399488808628 ) ) ;
#7813 = DIRECTION ( 'NONE',  ( -0.000000000000000000, 1.000000000000000000, -0.000000000000000000 ) ) ;
#7814 = PERSON_AND_ORGANIZATION ( #12991, #11636 ) ;
#7815 = LINE ( 'NONE', #10764, #4913 ) ;
#7816 = LINE ( 'NONE', #9892, #9884 ) ;
#7817 = FACE_BOUND ( 'NONE', #11342, .T. ) ;
#7818 = VERTEX_POINT ( 'NONE', #12357 ) ;
#7819 = DIRECTION ( 'NONE',  ( -1.000000000000000000, -0.000000000000000000, -0.000000000000000000 ) ) ;
#7820 = DIRECTION ( 'NONE',  ( -0.000000000000000000, 1.000000000000000000, -0.000000000000000000 ) ) ;
#7821 = ORIENTED_EDGE ( 'NONE', *, *, #11330, .T. ) ;
#7822 = EDGE_CURVE ( 'NONE', #7210, #3200, #2684, .T. ) ;
#7823 = EDGE_CURVE ( 'NONE', #12466, #8419, #10706, .T. ) ;
#7824 = CARTESIAN_POINT ( 'NONE',  ( 0.000000000000000000, 70.00000000000000000, 5.200000000000000178 ) ) ;
#7825 = LINE ( 'NONE', #8777, #7516 ) ;
#7826 = PLANE ( 'NONE',  #9909 ) ;
#7827 = FACE_BOUND ( 'NONE', #5876, .T. ) ;
#7828 = LINE ( 'NONE', #4882, #4747 ) ;
#7829 = CALENDAR_DATE ( 2026, 21, 9 ) ;
#7830 = VERTEX_POINT ( 'NONE', #60 ) ;
#7831 = PLANE ( 'NONE',  #3074 ) ;
#7832 = VERTEX_POINT ( 'NONE', #11152 ) ;
#7833 = ADVANCED_BREP_SHAPE_REPRESENTATION ( '', ( #7573, #1284 ), #10572 ) ;
#7834 = ORIENTED_EDGE ( 'NONE', *, *, #11438, .F. ) ;
#7835 = ADVANCED_FACE ( 'NONE', ( #8081 ), #8225, .F. ) ;
#7836 = CC_DESIGN_PERSON_AND_ORGANIZATION_ASSIGNMENT ( #2506, #12569, ( #7314 ) ) ;
#7837 = CARTESIAN_POINT ( 'NONE',  ( 0.000000000000000000, 14.00000000000000000, 4.000000000000000000 ) ) ;
#7838 = ORIENTED_EDGE ( 'NONE', *, *, #12799, .T. ) ;
#7839 = SECURITY_CLASSIFICATION_LEVEL ( 'unclassified' ) ;
#7840 = CARTESIAN_POINT ( 'NONE',  ( 0.000000000000000000, 0.000000000000000000, 35.00000000000000000 ) ) ;
#7841 = DIRECTION ( 'NONE',  ( -0.000000000000000000, -0.000000000000000000, 1.000000000000000000 ) ) ;
#7842 = MECHANICAL_CONTEXT ( 'NONE', #5622, 'mechanical' ) ;
#7843 = LINE ( 'NONE', #8798, #6910 ) ;
#7844 = CALENDAR_DATE ( 2026, 21, 9 ) ;
#7845 = DATE_AND_TIME ( #11048, #159 ) ;
#7846 = CARTESIAN_POINT ( 'NONE',  ( -14.00000000000000000, 9.000000000000000000, 8.500000000000000000 ) ) ;
#7847 = LINE ( 'NONE', #9735, #8629 ) ;
#7848 = ORIENTED_EDGE ( 'NONE', *, *, #7635, .F. ) ;
#7849 = CYLINDRICAL_SURFACE ( 'NONE', #5260, 5.799999999999999822 ) ;
#7850 = EDGE_LOOP ( 'NONE', ( #10866, #9399, #5879, #5979 ) ) ;
#7851 = DIRECTION ( 'NONE',  ( 0.000000000000000000, -0.000000000000000000, 1.000000000000000000 ) ) ;
#7852 = ORIENTED_EDGE ( 'NONE', *, *, #6752, .T. ) ;
#7853 = EDGE_CURVE ( 'NONE', #8419, #12466, #10057, .T. ) ;
#7854 = ORIENTED_EDGE ( 'NONE', *, *, #3252, .F. ) ;
#7855 = DIRECTION ( 'NONE',  ( -1.000000000000000000, 0.000000000000000000, 0.000000000000000000 ) ) ;
#7856 = PRODUCT ( 'V3_05_wrist_adapter', 'V3_05_wrist_adapter', '', ( #7842 ) ) ;
#7857 = CALENDAR_DATE ( 2026, 21, 9 ) ;
#7858 = CARTESIAN_POINT ( 'NONE',  ( 21.48432534211531575, 13.14134607987330305, 0.000000000000000000 ) ) ;
#7859 = ORIENTED_EDGE ( 'NONE', *, *, #4404, .T. ) ;
#7860 = ORIENTED_EDGE ( 'NONE', *, *, #4391, .T. ) ;
#7861 = VERTEX_POINT ( 'NONE', #10221 ) ;
#7862 = CARTESIAN_POINT ( 'NONE',  ( 0.6767371672055961795, -2.533830729021501416, 0.000000000000000000 ) ) ;
#7863 = APPLICATION_CONTEXT ( 'configuration controlled 3d designs of mechanical parts and assemblies' ) ;
#7864 = CARTESIAN_POINT ( 'NONE',  ( -9.442584738251570187, -0.000000000000000000, 2.343333099005747933 ) ) ;
#7866 = ADVANCED_FACE ( 'NONE', ( #6226 ), #12088, .F. ) ;
#7865 = LINE ( 'NONE', #11937, #4820 ) ;
#7867 = DIRECTION ( 'NONE',  ( -0.000000000000000000, -0.000000000000000000, -1.000000000000000000 ) ) ;
#7868 = VECTOR ( 'NONE', #738, 1000.000000000000000 ) ;
#7869 = PERSON_AND_ORGANIZATION ( #12991, #11636 ) ;
#7870 = CARTESIAN_POINT ( 'NONE',  ( 123.7749160051136244, 1.700069511235893005, -0.000000000000000000 ) ) ;
#7871 = EDGE_CURVE ( 'NONE', #3706, #7947, #3285, .T. ) ;
#7872 = FACE_OUTER_BOUND ( 'NONE', #2615, .T. ) ;
#7873 = PLANE ( 'NONE',  #12802 ) ;
#7874 = ORIENTED_EDGE ( 'NONE', *, *, #10005, .T. ) ;
#7875 = LINE ( 'NONE', #8013, #1406 ) ;
#7876 = CARTESIAN_POINT ( 'NONE',  ( -20.00000000000000000, -6.000000000000000152E-06, 13.70000000000000107 ) ) ;
#7877 = ORIENTED_EDGE ( 'NONE', *, *, #26, .F. ) ;
#7878 = VECTOR ( 'NONE', #10491, 1000.000000000000000 ) ;
#7879 = CARTESIAN_POINT ( 'NONE',  ( 31.60000000000000142, 62.50000000000000000, -1.200000000000000030E-05 ) ) ;
#7880 = DIRECTION ( 'NONE',  ( -1.000000000000000000, 0.000000000000000000, 0.000000000000000000 ) ) ;
#7881 = CARTESIAN_POINT ( 'NONE',  ( 18.30000000000000071, -14.00000000000000000, -6.000000000000000152E-06 ) ) ;
#7882 = PERSON_AND_ORGANIZATION ( #12991, #11636 ) ;
#7883 = CARTESIAN_POINT ( 'NONE',  ( 11.77425630845663029, 7.574553072307678825, 9.066445093151372703 ) ) ;
#7884 = CARTESIAN_POINT ( 'NONE',  ( -20.22508399488666697, 0.000000000000000000, 10.29993048876420936 ) ) ;
#7885 = B_SPLINE_CURVE_WITH_KNOTS ( 'NONE', 3,
 ( #4123, #6759, #8141, #12075, #6636, #10830, #4743, #9142, #7767, #6997, #1785, #5787, #9831, #969, #1103, #3003, #4979, #10709 ),
 .UNSPECIFIED., .F., .F.,
 ( 4, 2, 2, 2, 2, 2, 2, 2, 4 ),
 ( 0.000000000000000000, 0.06250000000000000000, 0.1250000000000000000, 0.1875000000000000000, 0.2500000000000000000, 0.3125000000000000000, 0.3750000000000000000, 0.4375000000000000000, 0.5000000000000000000 ),
 .UNSPECIFIED. ) ;
#7886 = FACE_OUTER_BOUND ( 'NONE', #12545, .T. ) ;
#7887 = AXIS2_PLACEMENT_3D ( 'NONE', #1662, #2702, #7574 ) ;
#7888 = EDGE_CURVE ( 'NONE', #1064, #11272, #7293, .T. ) ;
#7889 = CARTESIAN_POINT ( 'NONE',  ( -15.69999999999999929, 70.00000000000000000, -6.000000000000000152E-06 ) ) ;
#7890 = FACE_OUTER_BOUND ( 'NONE', #3544, .T. ) ;
#7891 = ORIENTED_EDGE ( 'NONE', *, *, #5181, .F. ) ;
#7892 = LINE ( 'NONE', #4942, #7910 ) ;
#7893 = ORIENTED_EDGE ( 'NONE', *, *, #2987, .F. ) ;
#7894 = ORIENTED_EDGE ( 'NONE', *, *, #2113, .T. ) ;
#7895 = DIRECTION ( 'NONE',  ( 0.000000000000000000, 1.000000000000000000, 0.000000000000000000 ) ) ;
#7896 = DIRECTION ( 'NONE',  ( -1.000000000000000000, 0.000000000000000000, 0.000000000000000000 ) ) ;
#7897 = ORIENTED_EDGE ( 'NONE', *, *, #5799, .F. ) ;
#7898 = EDGE_CURVE ( 'NONE', #3464, #384, #6307, .T. ) ;
#7899 = AXIS2_PLACEMENT_3D ( 'NONE', #5358, #6337, #3115 ) ;
#7900 = PERSON_AND_ORGANIZATION_ROLE ( 'classification_officer' ) ;
#7901 = DIRECTION ( 'NONE',  ( 0.000000000000000000, 1.000000000000000000, 0.000000000000000000 ) ) ;
#7902 = CC_DESIGN_SECURITY_CLASSIFICATION ( #5406, ( #13065 ) ) ;
#7903 = PLANE ( 'NONE',  #8407 ) ;
#7904 = CARTESIAN_POINT ( 'NONE',  ( 31.44258473824912414, -0.000000000000000000, 14.65666690099519975 ) ) ;
#7905 = EDGE_CURVE ( 'NONE', #5797, #10351, #10155, .T. ) ;
#7906 = SECURITY_CLASSIFICATION_LEVEL ( 'unclassified' ) ;
#7907 = FACE_OUTER_BOUND ( 'NONE', #7791, .T. ) ;
#7908 = ADVANCED_FACE ( 'NONE', ( #2231 ), #4286, .F. ) ;
#7909 = ADVANCED_FACE ( 'NONE', ( #12224, #2170, #5193 ), #12298, .T. ) ;
#7910 = VECTOR ( 'NONE', #1929, 1000.000000000000000 ) ;
#7911 = ORIENTED_EDGE ( 'NONE', *, *, #2426, .T. ) ;
#7912 = LINE ( 'NONE', #5878, #6503 ) ;
#7913 = APPROVAL_PERSON_ORGANIZATION ( #2538, #5830, #6643 ) ;
#7914 = ORIENTED_EDGE ( 'NONE', *, *, #10833, .T. ) ;
#7915 = CARTESIAN_POINT ( 'NONE',  ( -30.50000000000000000, -10.00000000000000000, 35.00000000000000000 ) ) ;
#7916 = DIRECTION ( 'NONE',  ( 1.000000000000000000, 0.000000000000000000, 0.000000000000000000 ) ) ;
#7917 = CARTESIAN_POINT ( 'NONE',  ( -11.63433600334116846, 7.787970427872258128, 8.802702401752442896 ) ) ;
#7918 = VERTEX_POINT ( 'NONE', #7215 ) ;
#7919 = ORIENTED_EDGE ( 'NONE', *, *, #11368, .T. ) ;
#7920 = CIRCLE ( 'NONE', #4155, 1.100000000000000311 ) ;
#7921 = PLANE ( 'NONE',  #3309 ) ;
#7922 = CC_DESIGN_APPROVAL ( #7677, ( #12629 ) ) ;
#7923 = CC_DESIGN_PERSON_AND_ORGANIZATION_ASSIGNMENT ( #2370, #3283, ( #10927 ) ) ;
#7924 = EDGE_CURVE ( 'NONE', #8367, #7553, #2311, .T. ) ;
#7925 = DIRECTION ( 'NONE',  ( 1.000000000000000000, 0.000000000000000000, 0.000000000000000000 ) ) ;
#7926 = AXIS2_PLACEMENT_3D ( 'NONE', #5124, #11355, #6228 ) ;
#7927 = EDGE_LOOP ( 'NONE', ( #11897, #1644, #4645, #9351 ) ) ;
#7928 = VECTOR ( 'NONE', #2691, 1000.000000000000000 ) ;
#7929 = PERSON_AND_ORGANIZATION_ROLE ( 'creator' ) ;
#7930 = ORIENTED_EDGE ( 'NONE', *, *, #2069, .F. ) ;
#7931 = CARTESIAN_POINT ( 'NONE',  ( 31.60000000000000142, 67.50000000000000000, 6.000000000000000000 ) ) ;
#7932 = CLOSED_SHELL ( 'NONE', ( #5427, #8935, #11426, #13001, #12951, #3422 ) ) ;
#7933 = CARTESIAN_POINT ( 'NONE',  ( -10.36119079527047404, 0.000000000000000000, 5.042873957031213550 ) ) ;
#7934 = DIRECTION ( 'NONE',  ( -0.000000000000000000, -1.000000000000000000, -0.000000000000000000 ) ) ;
#7935 = LOCAL_TIME ( 12, 23, 36.00000000000000000, #6309 ) ;
#7936 = CARTESIAN_POINT ( 'NONE',  ( -10.36119079527555975, 64.95712604297240489, 0.000000000000000000 ) ) ;
#7937 = APPROVAL_STATUS ( 'not_yet_approved' ) ;
#7938 = EDGE_CURVE ( 'NONE', #9973, #7736, #8589, .T. ) ;
#7939 = CARTESIAN_POINT ( 'NONE',  ( 13.14151426979811887, 68.51560493047468015, 0.000000000000000000 ) ) ;
#7940 = VERTEX_POINT ( 'NONE', #1583 ) ;
#7941 = LINE ( 'NONE', #12017, #4186 ) ;
#7942 = DIRECTION ( 'NONE',  ( 0.000000000000000000, 0.000000000000000000, 1.000000000000000000 ) ) ;
#7943 = EDGE_LOOP ( 'NONE', ( #6009, #5447 ) ) ;
#7944 = VECTOR ( 'NONE', #1582, 1000.000000000000000 ) ;
#7945 = DIRECTION ( 'NONE',  ( 6.123031769111886291E-17, 1.000000000000000000, 0.000000000000000000 ) ) ;
#7946 = CYLINDRICAL_SURFACE ( 'NONE', #6183, 1.700000000000000178 ) ;
#7947 = VERTEX_POINT ( 'NONE', #9437 ) ;
#7948 = LOCAL_TIME ( 12, 23, 36.00000000000000000, #1829 ) ;
#7949 = LINE ( 'NONE', #2957, #5435 ) ;
#7950 = LINE ( 'NONE', #8898, #8376 ) ;
#7951 = AXIS2_PLACEMENT_3D ( 'NONE', #396, #4411, #8430 ) ;
#7952 = EDGE_CURVE ( 'NONE', #11272, #9593, #407, .T. ) ;
#7953 = DIRECTION ( 'NONE',  ( 0.000000000000000000, -1.000000000000000000, 0.000000000000000000 ) ) ;
#7954 = COORDINATED_UNIVERSAL_TIME_OFFSET ( 5, 0, .BEHIND. ) ;
#7955 = DIRECTION ( 'NONE',  ( 0.000000000000000000, 0.000000000000000000, 1.000000000000000000 ) ) ;
#7956 = CARTESIAN_POINT ( 'NONE',  ( 6.000000000000000000, 1.300000000000000044, -0.09997027095160138099 ) ) ;
#7957 = VECTOR ( 'NONE', #2216, 1000.000000000000000 ) ;
#7958 = VECTOR ( 'NONE', #3111, 1000.000000000000000 ) ;
#7959 = CARTESIAN_POINT ( 'NONE',  ( -11.94584366002182740, 7.300467076545174017, 8.631649655577877667 ) ) ;
#7960 = CARTESIAN_POINT ( 'NONE',  ( 10.00000000000000000, -10.00000000000000000, 35.00000000000000000 ) ) ;
#7961 = DIRECTION ( 'NONE',  ( -1.000000000000000000, 0.000000000000000000, -0.000000000000000000 ) ) ;
#7962 = ADVANCED_FACE ( 'NONE', ( #1530 ), #4491, .F. ) ;
#7963 = VERTEX_POINT ( 'NONE', #1324 ) ;
#7964 = DIRECTION ( 'NONE',  ( 1.000000000000000000, -0.000000000000000000, -0.000000000000000000 ) ) ;
#7965 = ORIENTED_EDGE ( 'NONE', *, *, #12126, .F. ) ;
#7966 = AXIS2_PLACEMENT_3D ( 'NONE', #12673, #9343, #12474 ) ;
#7967 = DIRECTION ( 'NONE',  ( -1.000000000000000000, 0.000000000000000000, -0.000000000000000000 ) ) ;
#7968 = ORIENTED_EDGE ( 'NONE', *, *, #10143, .F. ) ;
#7969 = CIRCLE ( 'NONE', #7128, 1.700000000000000178 ) ;
#7970 = ADVANCED_FACE ( 'NONE', ( #11489, #10631 ), #7492, .T. ) ;
#7971 = DIRECTION ( 'NONE',  ( 0.000000000000000000, 0.000000000000000000, 1.000000000000000000 ) ) ;
#7972 = DIRECTION ( 'NONE',  ( 0.000000000000000000, 0.000000000000000000, 1.000000000000000000 ) ) ;
#7973 = CYLINDRICAL_SURFACE ( 'NONE', #2329, 19.00000000000000000 ) ;
#7974 = COORDINATED_UNIVERSAL_TIME_OFFSET ( 5, 0, .BEHIND. ) ;
#7975 = DIRECTION ( 'NONE',  ( 0.000000000000000000, 0.000000000000000000, -1.000000000000000000 ) ) ;
#7976 = B_SPLINE_CURVE_WITH_KNOTS ( 'NONE', 3,
 ( #11747, #11816, #796, #3924, #8831, #6803, #7939, #8766, #5723, #11015, #12761, #11880, #12014, #973, #12945, #12821, #916, #4983 ),
 .UNSPECIFIED., .F., .F.,
 ( 4, 2, 2, 2, 2, 2, 2, 2, 4 ),
 ( 0.5000000000000000000, 0.5625000000000000000, 0.6250000000000000000, 0.6875000000000000000, 0.7500000000000000000, 0.8125000000000000000, 0.8750000000000000000, 0.9375000000000000000, 1.000000000000000000 ),
 .UNSPECIFIED. ) ;
#7977 = CARTESIAN_POINT ( 'NONE',  ( -18.34333309900548770, -13.55741526174869449, -0.000000000000000000 ) ) ;
#7978 = VERTEX_POINT ( 'NONE', #9624 ) ;
#7979 = DIRECTION ( 'NONE',  ( 1.000000000000000000, 0.000000000000000000, 0.000000000000000000 ) ) ;
#7980 = VERTEX_POINT ( 'NONE', #3496 ) ;
#7981 = CARTESIAN_POINT ( 'NONE',  ( 21.69999999999999929, 14.00000000000000000, -6.000000000000000152E-06 ) ) ;
#7982 = CARTESIAN_POINT ( 'NONE',  ( 125.7000000000000028, -0.2256158049110661423, -0.000000000000000000 ) ) ;
#7983 = LINE ( 'NONE', #2923, #12857 ) ;
#7984 = EDGE_LOOP ( 'NONE', ( #3059, #3183 ) ) ;
#7985 = ORIENTED_EDGE ( 'NONE', *, *, #8736, .T. ) ;
#7986 = EDGE_CURVE ( 'NONE', #300, #10896, #605, .T. ) ;
#7987 = DIRECTION ( 'NONE',  ( -1.000000000000000000, 0.000000000000000000, -0.000000000000000000 ) ) ;
#7988 = EDGE_CURVE ( 'NONE', #3972, #9795, #484, .T. ) ;
#7989 =( GEOMETRIC_REPRESENTATION_CONTEXT ( 3 ) GLOBAL_UNCERTAINTY_ASSIGNED_CONTEXT ( ( #10975 ) ) GLOBAL_UNIT_ASSIGNED_CONTEXT ( ( #11130, #6274, #7054 ) ) REPRESENTATION_CONTEXT ( 'NONE', 'WORKASPACE' ) );
#7990 = FACE_OUTER_BOUND ( 'NONE', #84, .T. ) ;
#7991 = EDGE_CURVE ( 'NONE', #6458, #12198, #12063, .T. ) ;
#7992 = DATE_AND_TIME ( #7857, #6865 ) ;
#7993 = CARTESIAN_POINT ( 'NONE',  ( -2.600000000000000089, 3.184081677783117698E-16, -6.000000000000000152E-06 ) ) ;
#7994 = EDGE_LOOP ( 'NONE', ( #7392, #5796, #9499, #649 ) ) ;
#7995 = CIRCLE ( 'NONE', #5057, 19.00000000000000000 ) ;
#7996 = VERTEX_POINT ( 'NONE', #5470 ) ;
#7997 =( NAMED_UNIT ( * ) PLANE_ANGLE_UNIT ( ) SI_UNIT ( $, .RADIAN. ) );
#7998 = VERTEX_POINT ( 'NONE', #8444 ) ;
#7999 = APPROVAL ( #77, 'UNKNOWN' ) ;
#8000 = FACE_OUTER_BOUND ( 'NONE', #12985, .T. ) ;
#8001 = CC_DESIGN_PERSON_AND_ORGANIZATION_ASSIGNMENT ( #9019, #914, ( #3424 ) ) ;
#8002 = CARTESIAN_POINT ( 'NONE',  ( 10.72380529476361133, 9.000000000000000000, 6.800000000000000711 ) ) ;
#8003 = AXIS2_PLACEMENT_3D ( 'NONE', #10286, #5526, #12426 ) ;
#8004 = CARTESIAN_POINT ( 'NONE',  ( -2.552093532249216423, 0.5780252676397000799, -0.000000000000000000 ) ) ;
#8005 = CARTESIAN_POINT ( 'NONE',  ( -37.50000000000000000, 10.00000000000000000, 28.00000000000000000 ) ) ;
#8006 = CARTESIAN_POINT ( 'NONE',  ( -10.69999999999999929, 66.00000000000000000, -6.000000000000000152E-06 ) ) ;
#8007 = DATE_AND_TIME ( #5178, #12721 ) ;
#8008 = CARTESIAN_POINT ( 'NONE',  ( -9.841304759421173998, 9.959976315290019144, 7.081349739459778192 ) ) ;
#8009 = ORIENTED_EDGE ( 'NONE', *, *, #7236, .T. ) ;
#8010 = CARTESIAN_POINT ( 'NONE',  ( 0.000000000000000000, 14.00000000000000000, 0.000000000000000000 ) ) ;
#8011 = DIRECTION ( 'NONE',  ( -0.000000000000000000, 1.000000000000000000, -0.000000000000000000 ) ) ;
#8012 = ORIENTED_EDGE ( 'NONE', *, *, #154, .T. ) ;
#8013 = CARTESIAN_POINT ( 'NONE',  ( 0.000000000000000000, 10.50000000000000000, 3.000000000000000000 ) ) ;
#8014 = CC_DESIGN_APPROVAL ( #943, ( #1914 ) ) ;
#8015 = CARTESIAN_POINT ( 'NONE',  ( -22.00000000000000000, 84.00000000000000000, 0.000000000000000000 ) ) ;
#8016 = APPROVAL_DATE_TIME ( #1916, #4498 ) ;
#8017 = DIRECTION ( 'NONE',  ( 0.000000000000000000, 0.000000000000000000, 1.000000000000000000 ) ) ;
#8018 = DIRECTION ( 'NONE',  ( 0.000000000000000000, -0.000000000000000000, 1.000000000000000000 ) ) ;
#8019 = ADVANCED_FACE ( 'NONE', ( #7623, #12564, #11682 ), #9504, .T. ) ;
#8020 = B_SPLINE_CURVE_WITH_KNOTS ( 'NONE', 3,
 ( #4374, #7234, #6178, #6387, #3233, #10175, #8176, #8389, #8314, #3394, #12374, #2253, #3310, #12315, #9112, #7169, #11234, #5075 ),
 .UNSPECIFIED., .F., .F.,
 ( 4, 2, 2, 2, 2, 2, 2, 2, 4 ),
 ( 0.5000000000000000000, 0.5625000000000000000, 0.6250000000000000000, 0.6875000000000000000, 0.7500000000000000000, 0.8125000000000000000, 0.8750000000000000000, 0.9375000000000000000, 1.000000000000000000 ),
 .UNSPECIFIED. ) ;
#8021 = CARTESIAN_POINT ( 'NONE',  ( 20.44258473825093958, -15.65666690099488889, 0.000000000000000000 ) ) ;
#8022 = CALENDAR_DATE ( 2026, 21, 9 ) ;
#8023 = CARTESIAN_POINT ( 'NONE',  ( 11.77675979958275754, 7.570663098460283180, 10.92770730904898002 ) ) ;
#8024 = DIRECTION ( 'NONE',  ( 0.000000000000000000, 0.000000000000000000, -1.000000000000000000 ) ) ;
#8025 = CC_DESIGN_APPROVAL ( #10785, ( #3617 ) ) ;
#8026 = CARTESIAN_POINT ( 'NONE',  ( -11.46349721022022905, 8.039232687730914151, 7.079762322145246145 ) ) ;
#8027 = DIRECTION ( 'NONE',  ( -0.000000000000000000, -0.000000000000000000, 1.000000000000000000 ) ) ;
#8028 = EDGE_CURVE ( 'NONE', #10432, #4771, #12632, .T. ) ;
#8029 = CARTESIAN_POINT ( 'NONE',  ( 0.000000000000000000, 0.000000000000000000, 4.000000000000000000 ) ) ;
#8030 = ORIENTED_EDGE ( 'NONE', *, *, #11405, .F. ) ;
#8031 = EDGE_LOOP ( 'NONE', ( #4905, #9549, #7576, #11971 ) ) ;
#8032 = FACE_OUTER_BOUND ( 'NONE', #12862, .T. ) ;
#8033 = ORIENTED_EDGE ( 'NONE', *, *, #3514, .F. ) ;
#8034 = DATE_TIME_ROLE ( 'classification_date' ) ;
#8035 = CARTESIAN_POINT ( 'NONE',  ( -18.30000000000000426, 14.22525195654768737, 0.000000000000000000 ) ) ;
#8036 = DIRECTION ( 'NONE',  ( -0.000000000000000000, 1.000000000000000000, -0.000000000000000000 ) ) ;
#8037 = CARTESIAN_POINT ( 'NONE',  ( 0.000000000000000000, 0.000000000000000000, 0.000000000000000000 ) ) ;
#8038 = APPROVAL_ROLE ( '' ) ;
#8039 = FACE_OUTER_BOUND ( 'NONE', #2022, .T. ) ;
#8040 = CARTESIAN_POINT ( 'NONE',  ( -21.69999999999999929, -14.00000000000000000, -6.000000000000000152E-06 ) ) ;
#8041 = ORIENTED_EDGE ( 'NONE', *, *, #3654, .T. ) ;
#8042 = EDGE_CURVE ( 'NONE', #7632, #4848, #9569, .T. ) ;
#8043 = DIRECTION ( 'NONE',  ( -0.000000000000000000, 1.000000000000000000, 0.000000000000000000 ) ) ;
#8044 = ORIENTED_EDGE ( 'NONE', *, *, #2494, .T. ) ;
#8045 = DIRECTION ( 'NONE',  ( 0.000000000000000000, 0.000000000000000000, 1.000000000000000000 ) ) ;
#8046 = CARTESIAN_POINT ( 'NONE',  ( -11.81331098413178893, 7.513279486513933847, 10.83318915821548956 ) ) ;
#8047 = ORIENTED_EDGE ( 'NONE', *, *, #11991, .T. ) ;
#8048 = ORIENTED_EDGE ( 'NONE', *, *, #1375, .T. ) ;
#8049 = PLANE ( 'NONE',  #10298 ) ;
#8050 = AXIS2_PLACEMENT_3D ( 'NONE', #8432, #3429, #2492 ) ;
#8051 = FACE_OUTER_BOUND ( 'NONE', #8492, .T. ) ;
#8052 = DIRECTION ( 'NONE',  ( -1.000000000000000000, 0.000000000000000000, 0.000000000000000000 ) ) ;
#8053 = MECHANICAL_CONTEXT ( 'NONE', #12220, 'mechanical' ) ;
#8054 = COORDINATED_UNIVERSAL_TIME_OFFSET ( 5, 0, .BEHIND. ) ;
#8055 = COORDINATED_UNIVERSAL_TIME_OFFSET ( 5, 0, .BEHIND. ) ;
#8056 = CARTESIAN_POINT ( 'NONE',  ( 0.6767371672055961795, -2.533830729021501416, 0.000000000000000000 ) ) ;
#8057 = EDGE_LOOP ( 'NONE', ( #9318, #11705, #8041, #8347 ) ) ;
#8058 = EDGE_CURVE ( 'NONE', #1128, #7072, #4545, .T. ) ;
#8059 = CARTESIAN_POINT ( 'NONE',  ( -15.10000000000000142, 1.347111479062088503E-16, 16.00000000000000000 ) ) ;
#8060 = ORIENTED_EDGE ( 'NONE', *, *, #1031, .T. ) ;
#8061 = EDGE_LOOP ( 'NONE', ( #7341, #12267, #7342, #5070 ) ) ;
#8062 = DIRECTION ( 'NONE',  ( -0.000000000000000000, -0.000000000000000000, 1.000000000000000000 ) ) ;
#8063 = EDGE_CURVE ( 'NONE', #6425, #10238, #1385, .T. ) ;
#8064 = CARTESIAN_POINT ( 'NONE',  ( 11.87876165948471652, 7.409364245642842128, 7.888093465597637355 ) ) ;
#8065 = CARTESIAN_POINT ( 'NONE',  ( -2.348712715335543599, 1.124693889828766391, -0.000000000000000000 ) ) ;
#8066 = CARTESIAN_POINT ( 'NONE',  ( 21.48439506952681555, 0.000000000000000000, 12.85848573019829111 ) ) ;
#8067 = LINE ( 'NONE', #109, #10086 ) ;
#8068 = PERSON_AND_ORGANIZATION ( #12991, #11636 ) ;
#8069 = LINE ( 'NONE', #8217, #9003 ) ;
#8070 = VECTOR ( 'NONE', #1314, 1000.000000000000000 ) ;
#8071 = ORIENTED_EDGE ( 'NONE', *, *, #6765, .T. ) ;
#8072 = EDGE_CURVE ( 'NONE', #5555, #9470, #7920, .T. ) ;
#8073 = PRODUCT_DEFINITION_SHAPE ( 'NONE', 'NONE',  #3617 ) ;
#8074 = EDGE_CURVE ( 'NONE', #4771, #5514, #5826, .T. ) ;
#8075 = DIRECTION ( 'NONE',  ( -0.000000000000000000, 1.000000000000000000, -0.000000000000000000 ) ) ;
#8076 = ORIENTED_EDGE ( 'NONE', *, *, #10850, .T. ) ;
#8077 = DIRECTION ( 'NONE',  ( 1.000000000000000000, 0.000000000000000000, 0.000000000000000000 ) ) ;
#8078 = CALENDAR_DATE ( 2026, 21, 9 ) ;
#8079 = CARTESIAN_POINT ( 'NONE',  ( 0.000000000000000000, 3.000000000000000000, 3.000000000000000000 ) ) ;
#8080 = DIRECTION ( 'NONE',  ( 0.000000000000000000, 1.000000000000000000, 0.000000000000000000 ) ) ;
#8081 = FACE_OUTER_BOUND ( 'NONE', #9708, .T. ) ;
#8082 = VECTOR ( 'NONE', #3864, 1000.000000000000000 ) ;
#8083 = PLANE ( 'NONE',  #7926 ) ;
#8084 = DATE_AND_TIME ( #6102, #11008 ) ;
#8085 = FACE_BOUND ( 'NONE', #9353, .T. ) ;
#8086 = CARTESIAN_POINT ( 'NONE',  ( -20.85865392012706820, 0.000000000000000000, 13.48432534211531397 ) ) ;
#8087 = DIRECTION ( 'NONE',  ( -0.000000000000000000, -0.000000000000000000, 1.000000000000000000 ) ) ;
#8088 = PLANE ( 'NONE',  #3373 ) ;
#8089 = APPROVAL ( #485, 'æœª' ) ;
#8090 = CC_DESIGN_DATE_AND_TIME_ASSIGNMENT ( #3794, #723, ( #9302 ) ) ;
#8091 = CARTESIAN_POINT ( 'NONE',  ( -10.37396001519468491, 9.404709442637157579, 11.66344665213694931 ) ) ;
#8092 = AXIS2_PLACEMENT_3D ( 'NONE', #11691, #2514, #4556 ) ;
#8093 = CARTESIAN_POINT ( 'NONE',  ( -24.30000000000000071, 45.00000000000000000, 5.000000000000000000 ) ) ;
#8094 = ORIENTED_EDGE ( 'NONE', *, *, #11252, .T. ) ;
#8095 = EDGE_LOOP ( 'NONE', ( #1704, #1893, #12664, #2285 ) ) ;
#8096 = DIRECTION ( 'NONE',  ( -0.000000000000000000, -0.000000000000000000, -1.000000000000000000 ) ) ;
#8097 = LINE ( 'NONE', #12165, #9199 ) ;
#8098 = EDGE_LOOP ( 'NONE', ( #7356, #5101 ) ) ;
#8099 = CALENDAR_DATE ( 2026, 21, 9 ) ;
#8100 = CARTESIAN_POINT ( 'NONE',  ( -9.000000000000000000, 59.50000000000000000, 4.000000000000000000 ) ) ;
#8101 = CARTESIAN_POINT ( 'NONE',  ( -14.85848573020151342, 68.51560493047469436, 0.000000000000000000 ) ) ;
#8102 = AXIS2_PLACEMENT_3D ( 'NONE', #1374, #6419, #5385 ) ;
#8103 = LINE ( 'NONE', #9056, #4638 ) ;
#8104 = COORDINATED_UNIVERSAL_TIME_OFFSET ( 5, 0, .BEHIND. ) ;
#8105 = CARTESIAN_POINT ( 'NONE',  ( -34.00000000000000000, 5.000000000000000000, 28.00000000000000000 ) ) ;
#8106 = DIRECTION ( 'NONE',  ( 1.000000000000000000, 0.000000000000000000, 0.000000000000000000 ) ) ;
#8107 = ORIENTED_EDGE ( 'NONE', *, *, #6902, .T. ) ;
#8108 = DIRECTION ( 'NONE',  ( 1.000000000000000000, 0.000000000000000000, -0.000000000000000000 ) ) ;
#8109 = ORIENTED_EDGE ( 'NONE', *, *, #5626, .F. ) ;
#8110 = CARTESIAN_POINT ( 'NONE',  ( 32.70000000000000284, 57.00000000000000000, -6.000000000000000152E-06 ) ) ;
#8111 = CARTESIAN_POINT ( 'NONE',  ( 35.00000000000000000, 39.99999999999999289, 25.99999999999999645 ) ) ;
#8112 = AXIS2_PLACEMENT_3D ( 'NONE', #5767, #8880, #9007 ) ;
#8113 = FACE_OUTER_BOUND ( 'NONE', #4558, .T. ) ;
#8114 = VERTEX_POINT ( 'NONE', #12816 ) ;
#8115 = CC_DESIGN_SECURITY_CLASSIFICATION ( #10255, ( #13066 ) ) ;
#8116 = ORIENTED_EDGE ( 'NONE', *, *, #3514, .T. ) ;
#8117 = LINE ( 'NONE', #4044, #7538 ) ;
#8118 = B_SPLINE_CURVE_WITH_KNOTS ( 'NONE', 3,
 ( #11529, #7467, #6534, #3415, #3475, #7263, #10608, #12607, #3542, #7408, #2549, #11404, #1564, #5568 ),
 .UNSPECIFIED., .F., .F.,
 ( 4, 2, 2, 2, 2, 2, 4 ),
 ( 0.000000000000000000, 0.05322997919402821382, 0.07984496879104228950, 0.1064599583880563721, 0.1330749479850704686, 0.1596899375820845512, 0.2129199167761126610 ),
 .UNSPECIFIED. ) ;
#8119 = PLANE ( 'NONE',  #11408 ) ;
#8120 = EDGE_CURVE ( 'NONE', #11201, #4311, #3225, .T. ) ;
#8121 = PERSON_AND_ORGANIZATION_ROLE ( 'design_owner' ) ;
#8122 = COORDINATED_UNIVERSAL_TIME_OFFSET ( 5, 0, .BEHIND. ) ;
#8123 = CALENDAR_DATE ( 2026, 21, 9 ) ;
#8124 = AXIS2_PLACEMENT_3D ( 'NONE', #11053, #3973, #7851 ) ;
#8125 = APPROVAL_DATE_TIME ( #1092, #11348 ) ;
#8126 = CIRCLE ( 'NONE', #367, 1.700000000000000178 ) ;
#8127 = APPROVAL_PERSON_ORGANIZATION ( #7464, #9151, #639 ) ;
#8128 = APPLICATION_CONTEXT ( 'configuration controlled 3d designs of mechanical parts and assemblies' ) ;
#8129 = FACE_BOUND ( 'NONE', #4153, .T. ) ;
#8130 = ORIENTED_EDGE ( 'NONE', *, *, #12055, .F. ) ;
#8131 = AXIS2_PLACEMENT_3D ( 'NONE', #11166, #2118, #12427 ) ;
#8132 = EDGE_LOOP ( 'NONE', ( #3664, #5845, #8911, #2669 ) ) ;
#8133 = SHAPE_REPRESENTATION_RELATIONSHIP ( 'NONE' , 'NONE' ,  #3267, #2521 ) ;
#8134 = ORIENTED_EDGE ( 'NONE', *, *, #4482, .F. ) ;
#8135 = VECTOR ( 'NONE', #6246, 1000.000000000000000 ) ;
#8136 = VECTOR ( 'NONE', #526, 1000.000000000000000 ) ;
#8137 = CC_DESIGN_APPROVAL ( #5830, ( #11949 ) ) ;
#8138 = DIRECTION ( 'NONE',  ( -1.000000000000000000, 0.000000000000000000, 0.000000000000000000 ) ) ;
#8139 = CARTESIAN_POINT ( 'NONE',  ( 11.94592245563050525, 7.300338131588374857, 8.370962191954024689 ) ) ;
#8140 = EDGE_CURVE ( 'NONE', #2340, #1724, #5898, .T. ) ;
#8141 = CARTESIAN_POINT ( 'NONE',  ( -19.55741526174779210, -0.000000000000000000, 13.65666690099398828 ) ) ;
#8142 = CARTESIAN_POINT ( 'NONE',  ( -0.5999999999999998668, 9.000000000000000000, 11.70000000000000107 ) ) ;
#8143 = COORDINATED_UNIVERSAL_TIME_OFFSET ( 5, 0, .BEHIND. ) ;
#8144 = CARTESIAN_POINT ( 'NONE',  ( -4.300000000000000711, -8.774748043452762047, 0.000000000000000000 ) ) ;
#8145 = VECTOR ( 'NONE', #8641, 1000.000000000000000 ) ;
#8146 = ORIENTED_EDGE ( 'NONE', *, *, #5893, .T. ) ;
#8147 = CC_DESIGN_APPROVAL ( #11018, ( #6457 ) ) ;
#8148 = CARTESIAN_POINT ( 'NONE',  ( -10.50000000000000000, 59.50000000000000000, -1.200000000000000030E-05 ) ) ;
#8149 = CARTESIAN_POINT ( 'NONE',  ( 0.000000000000000000, 0.000000000000000000, 83.00000000000000000 ) ) ;
#8150 = ADVANCED_FACE ( 'NONE', ( #7743 ), #1770, .T. ) ;
#8151 = VERTEX_POINT ( 'NONE', #9883 ) ;
#8152 = CARTESIAN_POINT ( 'NONE',  ( -0.5999999999999999778, 13.98713694792469120, 16.00000000000000000 ) ) ;
#8153 = EDGE_LOOP ( 'NONE', ( #5467, #1742, #4841, #2181 ) ) ;
#8154 = CARTESIAN_POINT ( 'NONE',  ( -18.63871090099695493, 12.95702773923621010, -0.000000000000000000 ) ) ;
#8155 = DIRECTION ( 'NONE',  ( 0.000000000000000000, 0.000000000000000000, 1.000000000000000000 ) ) ;
#8156 = LOCAL_TIME ( 12, 23, 36.00000000000000000, #195 ) ;
#8157 = CARTESIAN_POINT ( 'NONE',  ( 29.51547649045614463, -0.000000000000000000, 13.85853893179037755 ) ) ;
#8158 = EDGE_CURVE ( 'NONE', #6023, #1710, #856, .T. ) ;
#8159 = DATE_AND_TIME ( #7365, #11865 ) ;
#8160 = EDGE_CURVE ( 'NONE', #11023, #3764, #9655, .T. ) ;
#8161 = DIRECTION ( 'NONE',  ( 1.000000000000000000, 0.000000000000000000, 0.000000000000000000 ) ) ;
#8162 = CARTESIAN_POINT ( 'NONE',  ( -21.48452350954359247, -0.000000000000000000, 12.85853893179063512 ) ) ;
#8163 = LINE ( 'NONE', #9145, #12486 ) ;
#8164 = EDGE_CURVE ( 'NONE', #8458, #3489, #8759, .T. ) ;
#8165 = LINE ( 'NONE', #7302, #2732 ) ;
#8166 = VECTOR ( 'NONE', #11588, 1000.000000000000000 ) ;
#8167 = PLANE ( 'NONE',  #3888 ) ;
#8168 = CC_DESIGN_APPROVAL ( #7999, ( #4806 ) ) ;
#8169 = LINE ( 'NONE', #9167, #7705 ) ;
#8170 = VERTEX_POINT ( 'NONE', #12993 ) ;
#8171 = AXIS2_PLACEMENT_3D ( 'NONE', #11268, #2088, #10141 ) ;
#8172 = EDGE_LOOP ( 'NONE', ( #12592, #531 ) ) ;
#8173 = DESIGN_CONTEXT ( 'detailed design', #9514, 'design' ) ;
#8174 = LINE ( 'NONE', #1274, #9430 ) ;
#8175 = ORIENTED_EDGE ( 'NONE', *, *, #11895, .F. ) ;
#8176 = CARTESIAN_POINT ( 'NONE',  ( 5.141514269806205739, -10.48439506952756517, 0.000000000000000000 ) ) ;
#8177 = CC_DESIGN_DATE_AND_TIME_ASSIGNMENT ( #6587, #5048, ( #7491 ) ) ;
#8178 = CC_DESIGN_DATE_AND_TIME_ASSIGNMENT ( #4275, #12287, ( #11858 ) ) ;
#8179 = AXIS2_PLACEMENT_3D ( 'NONE', #8467, #3315, #12458 ) ;
#8180 = CARTESIAN_POINT ( 'NONE',  ( -10.50000000000000000, 80.50000000000000000, 3.200000000000002398 ) ) ;
#8181 = CYLINDRICAL_SURFACE ( 'NONE', #1484, 1.700000000000000178 ) ;
#8182 = DIRECTION ( 'NONE',  ( -1.000000000000000000, 0.000000000000000000, 0.000000000000000000 ) ) ;
#8183 = ORIENTED_EDGE ( 'NONE', *, *, #6368, .F. ) ;
#8184 = CARTESIAN_POINT ( 'NONE',  ( -11.59999999999999964, 72.50000000000000000, -1.200000000000000030E-05 ) ) ;
#8185 = VECTOR ( 'NONE', #1243, 1000.000000000000000 ) ;
#8186 = ORIENTED_EDGE ( 'NONE', *, *, #3001, .T. ) ;
#8187 = CARTESIAN_POINT ( 'NONE',  ( 30.14151426980530957, 55.51560493047168166, 0.000000000000000000 ) ) ;
#8188 = VERTEX_POINT ( 'NONE', #9810 ) ;
#8189 = CARTESIAN_POINT ( 'NONE',  ( -11.33007903152183360, 8.227199449369724249, 8.472143258695723489 ) ) ;
#8190 = VERTEX_POINT ( 'NONE', #7931 ) ;
#8191 = ORIENTED_EDGE ( 'NONE', *, *, #6279, .F. ) ;
#8192 = AXIS2_PLACEMENT_3D ( 'NONE', #5856, #1853, #12031 ) ;
#8193 = CARTESIAN_POINT ( 'NONE',  ( -24.30000000000000071, 57.00000000000000000, -1.200000000000000030E-05 ) ) ;
#8194 = EDGE_CURVE ( 'NONE', #9485, #12965, #9693, .T. ) ;
#8195 = VECTOR ( 'NONE', #7901, 1000.000000000000000 ) ;
#8196 = DIRECTION ( 'NONE',  ( -0.000000000000000000, -0.000000000000000000, 1.000000000000000000 ) ) ;
#8197 = AXIS2_PLACEMENT_3D ( 'NONE', #1346, #9525, #500 ) ;
#8198 = VECTOR ( 'NONE', #11463, 1000.000000000000000 ) ;
#8199 = CONTEXT_DEPENDENT_SHAPE_REPRESENTATION ( #7115, #1497 ) ;
#8200 = CARTESIAN_POINT ( 'NONE',  ( 9.119041486028454102, 10.62286516859881047, 10.52269981392162101 ) ) ;
#8201 = CARTESIAN_POINT ( 'NONE',  ( 134.3000000000000114, 2.081899558550508908E-16, -6.000000000000000152E-06 ) ) ;
#8202 = VECTOR ( 'NONE', #1407, 1000.000000000000000 ) ;
#8203 = DIRECTION ( 'NONE',  ( 1.000000000000000000, 0.000000000000000000, 0.000000000000000000 ) ) ;
#8204 = ORIENTED_EDGE ( 'NONE', *, *, #545, .T. ) ;
#8205 = EDGE_LOOP ( 'NONE', ( #3112, #4886, #11537, #4837 ) ) ;
#8206 = EDGE_CURVE ( 'NONE', #2340, #11998, #8700, .T. ) ;
#8207 = CIRCLE ( 'NONE', #466, 2.500000000000000000 ) ;
#8208 = ORIENTED_EDGE ( 'NONE', *, *, #6752, .F. ) ;
#8209 = ORIENTED_EDGE ( 'NONE', *, *, #879, .F. ) ;
#8210 = DIRECTION ( 'NONE',  ( 1.000000000000000000, -0.000000000000000000, -0.000000000000000000 ) ) ;
#8211 = APPROVAL_STATUS ( 'not_yet_approved' ) ;
#8212 = LINE ( 'NONE', #7063, #2862 ) ;
#8213 = FACE_OUTER_BOUND ( 'NONE', #10213, .T. ) ;
#8214 = DIRECTION ( 'NONE',  ( 1.000000000000000000, -0.000000000000000000, 0.000000000000000000 ) ) ;
#8215 = COORDINATED_UNIVERSAL_TIME_OFFSET ( 5, 0, .BEHIND. ) ;
#8216 = DIRECTION ( 'NONE',  ( 0.000000000000000000, -1.000000000000000000, 0.000000000000000000 ) ) ;
#8217 = CARTESIAN_POINT ( 'NONE',  ( 0.5999999999999999778, 0.000000000000000000, 0.000000000000000000 ) ) ;
#8218 = EDGE_LOOP ( 'NONE', ( #9980, #897, #10561, #8258, #1559, #5428, #6992, #10363, #5621, #8009, #3450, #12425 ) ) ;
#8219 = LINE ( 'NONE', #8149, #8344 ) ;
#8220 = MECHANICAL_CONTEXT ( 'NONE', #2919, 'mechanical' ) ;
#8221 = EDGE_CURVE ( 'NONE', #3720, #10880, #6243, .T. ) ;
#8222 = DIRECTION ( 'NONE',  ( -0.000000000000000000, -0.000000000000000000, -1.000000000000000000 ) ) ;
#8223 = ORIENTED_EDGE ( 'NONE', *, *, #7988, .T. ) ;
#8224 = AXIS2_PLACEMENT_3D ( 'NONE', #12021, #7357, #9297 ) ;
#8225 = CYLINDRICAL_SURFACE ( 'NONE', #3539, 1.700000000000000178 ) ;
#8226 = CARTESIAN_POINT ( 'NONE',  ( 0.000000000000000000, 0.000000000000000000, 5.000000000000000000 ) ) ;
#8227 = APPROVAL_DATE_TIME ( #1388, #9650 ) ;
#8228 = CARTESIAN_POINT ( 'NONE',  ( -6.000000000000000000, -9.000000000000000000, 3.000000000000000000 ) ) ;
#8229 = EDGE_CURVE ( 'NONE', #2758, #1084, #3681, .T. ) ;
#8230 = DIRECTION ( 'NONE',  ( 0.000000000000000000, 0.000000000000000000, 1.000000000000000000 ) ) ;
#8231 = PLANE ( 'NONE',  #12035 ) ;
#8232 = CARTESIAN_POINT ( 'NONE',  ( 10.00000000000000000, 27.50000000000000000, 0.000000000000000000 ) ) ;
#8233 = VECTOR ( 'NONE', #11495, 1000.000000000000000 ) ;
#8234 = CC_DESIGN_SECURITY_CLASSIFICATION ( #8473, ( #1309 ) ) ;
#8235 = CARTESIAN_POINT ( 'NONE',  ( 3.000000000000000000, 10.50000000000000000, 3.000000000000000000 ) ) ;
#8236 = EDGE_CURVE ( 'NONE', #163, #2401, #6681, .T. ) ;
#8237 = DATE_TIME_ROLE ( 'classification_date' ) ;
#8238 = EDGE_CURVE ( 'NONE', #12616, #10201, #6796, .T. ) ;
#8239 = CARTESIAN_POINT ( 'NONE',  ( -8.000000000000000000, 0.000000000000000000, 5.000000000000000000 ) ) ;
#8240 = EDGE_LOOP ( 'NONE', ( #12481, #7838 ) ) ;
#8241 = PERSON ( 'NAUO-PER18', 'UNSPECIFIED', 'UNSPECIFIED', ('UNSPECIFIED'), ('UNSPECIFIED'), ('UNSPECIFIED') ) ;
#8242 = VERTEX_POINT ( 'NONE', #1100 ) ;
#8243 = FACE_OUTER_BOUND ( 'NONE', #6610, .T. ) ;
#8244 = DIRECTION ( 'NONE',  ( 0.000000000000000000, 0.000000000000000000, 1.000000000000000000 ) ) ;
#8245 = VERTEX_POINT ( 'NONE', #6147 ) ;
#8246 = B_SPLINE_CURVE_WITH_KNOTS ( 'NONE', 3,
 ( #4407, #6604, #325, #2356, #12618, #11611, #10419, #7548, #5317, #6545, #3350, #470, #1572, #3550, #9421, #3482, #8627, #6481 ),
 .UNSPECIFIED., .F., .F.,
 ( 4, 2, 2, 2, 2, 2, 2, 2, 4 ),
 ( 0.000000000000000000, 0.06250000000000000000, 0.1250000000000000000, 0.1875000000000000000, 0.2500000000000000000, 0.3125000000000000000, 0.3750000000000000000, 0.4375000000000000000, 0.5000000000000000000 ),
 .UNSPECIFIED. ) ;
#8247 = CARTESIAN_POINT ( 'NONE',  ( -9.000000000000000000, -1.200000000000000030E-05, 11.29999999999999893 ) ) ;
#8248 = LOCAL_TIME ( 12, 23, 36.00000000000000000, #8055 ) ;
#8249 = CARTESIAN_POINT ( 'NONE',  ( 2.600000000000000089, 0.000000000000000000, -1.200000000000000030E-05 ) ) ;
#8250 = DIRECTION ( 'NONE',  ( -0.000000000000000000, -0.000000000000000000, 1.000000000000000000 ) ) ;
#8251 = CARTESIAN_POINT ( 'NONE',  ( -30.00000000000000000, 0.000000000000000000, 0.000000000000000000 ) ) ;
#8252 = DIRECTION ( 'NONE',  ( -0.000000000000000000, -0.000000000000000000, -1.000000000000000000 ) ) ;
#8253 = EDGE_LOOP ( 'NONE', ( #11458, #11520, #11007, #3612 ) ) ;
#8254 = EDGE_CURVE ( 'NONE', #5248, #7832, #11065, .T. ) ;
#8255 = FACE_OUTER_BOUND ( 'NONE', #10869, .T. ) ;
#8256 = ADVANCED_FACE ( 'NONE', ( #7137 ), #9997, .T. ) ;
#8257 = CC_DESIGN_PERSON_AND_ORGANIZATION_ASSIGNMENT ( #6576, #1672, ( #11449 ) ) ;
#8258 = ORIENTED_EDGE ( 'NONE', *, *, #10911, .T. ) ;
#8259 = CARTESIAN_POINT ( 'NONE',  ( -27.69999999999999929, -45.00000000000000000, 0.000000000000000000 ) ) ;
#8260 = APPROVAL_STATUS ( 'not_yet_approved' ) ;
#8261 = ORIENTED_EDGE ( 'NONE', *, *, #9998, .T. ) ;
#8262 = DIRECTION ( 'NONE',  ( 0.000000000000000000, 0.000000000000000000, 1.000000000000000000 ) ) ;
#8263 = LINE ( 'NONE', #7324, #10091 ) ;
#8264 = ORIENTED_EDGE ( 'NONE', *, *, #7294, .F. ) ;
#8265 = SHAPE_REPRESENTATION ( 'V3_REF_gripper_finger', ( #1284 ), #22 ) ;
#8266 = VERTEX_POINT ( 'NONE', #10205 ) ;
#8267 = DIRECTION ( 'NONE',  ( 0.000000000000000000, 0.000000000000000000, -1.000000000000000000 ) ) ;
#8268 = CARTESIAN_POINT ( 'NONE',  ( -20.00000000000000000, -1.200000000000000030E-05, 12.00000000000000000 ) ) ;
#8269 = DATE_TIME_ROLE ( 'classification_date' ) ;
#8270 = SECURITY_CLASSIFICATION_LEVEL ( 'unclassified' ) ;
#8271 = DIRECTION ( 'NONE',  ( -0.000000000000000000, -1.000000000000000000, -0.000000000000000000 ) ) ;
#8272 = CARTESIAN_POINT ( 'NONE',  ( 0.000000000000000000, 0.000000000000000000, 5.000000000000000000 ) ) ;
#8273 = CARTESIAN_POINT ( 'NONE',  ( -24.30000000000000071, 45.00000000000000000, -8.271806125530276749E-22 ) ) ;
#8274 = ORIENTED_EDGE ( 'NONE', *, *, #11775, .F. ) ;
#8275 = CC_DESIGN_DATE_AND_TIME_ASSIGNMENT ( #408, #6431, ( #10639 ) ) ;
#8276 = FACE_OUTER_BOUND ( 'NONE', #11675, .T. ) ;
#8277 = EDGE_CURVE ( 'NONE', #10121, #658, #7062, .T. ) ;
#8278 = VERTEX_POINT ( 'NONE', #182 ) ;
#8279 =( LENGTH_UNIT ( ) NAMED_UNIT ( * ) SI_UNIT ( .MILLI., .METRE. ) );
#8280 = ORIENTED_EDGE ( 'NONE', *, *, #11330, .F. ) ;
#8281 = EDGE_LOOP ( 'NONE', ( #12905, #2868, #76, #10950 ) ) ;
#8282 = DIRECTION ( 'NONE',  ( 0.000000000000000000, 0.000000000000000000, -1.000000000000000000 ) ) ;
#8283 = LINE ( 'NONE', #8354, #7957 ) ;
#8284 = FACE_OUTER_BOUND ( 'NONE', #11919, .T. ) ;
#8285 = APPROVAL_DATE_TIME ( #1312, #5985 ) ;
#8286 = CARTESIAN_POINT ( 'NONE',  ( 137.0429722607585745, 1.361289099004716840, -0.000000000000000000 ) ) ;
#8287 = CARTESIAN_POINT ( 'NONE',  ( -9.028254920067322331, 10.70002864950650157, 8.364488971337445733 ) ) ;
#8288 = VERTEX_POINT ( 'NONE', #6077 ) ;
#8289 = DIRECTION ( 'NONE',  ( 0.000000000000000000, 0.000000000000000000, 1.000000000000000000 ) ) ;
#8290 = CARTESIAN_POINT ( 'NONE',  ( 29.30000000000000071, 66.00000000000000000, 5.000000000000000000 ) ) ;
#8291 = ORIENTED_EDGE ( 'NONE', *, *, #2612, .T. ) ;
#8292 = DIRECTION ( 'NONE',  ( 1.000000000000000000, 0.000000000000000000, 0.000000000000000000 ) ) ;
#8293 = EDGE_CURVE ( 'NONE', #3420, #9470, #3142, .T. ) ;
#8294 = VERTEX_POINT ( 'NONE', #2013 ) ;
#8295 = COORDINATED_UNIVERSAL_TIME_OFFSET ( 5, 0, .BEHIND. ) ;
#8296 = LINE ( 'NONE', #9155, #9863 ) ;
#8297 = CARTESIAN_POINT ( 'NONE',  ( 35.00000000000000000, 14.00000000000000000, 4.000000000000000000 ) ) ;
#8298 = DIRECTION ( 'NONE',  ( 0.000000000000000000, 0.000000000000000000, 1.000000000000000000 ) ) ;
#8299 = PERSON_AND_ORGANIZATION ( #12991, #11636 ) ;
#8300 = LINE ( 'NONE', #11493, #6493 ) ;
#8301 = CARTESIAN_POINT ( 'NONE',  ( 4.299999999999999822, 0.000000000000000000, 20.00000000000000000 ) ) ;
#8302 = DIRECTION ( 'NONE',  ( -0.000000000000000000, -0.000000000000000000, -1.000000000000000000 ) ) ;
#8303 = EDGE_CURVE ( 'NONE', #8806, #5685, #9140, .T. ) ;
#8304 = DIRECTION ( 'NONE',  ( 1.000000000000000000, -0.000000000000000000, 0.000000000000000000 ) ) ;
#8305 = CARTESIAN_POINT ( 'NONE',  ( 11.90000000000000036, 6.400000000000000355, 3.000000000000000000 ) ) ;
#8306 = CARTESIAN_POINT ( 'NONE',  ( 10.00000000000000000, -10.00000000000000000, 35.00000000000000000 ) ) ;
#8307 = ORIENTED_EDGE ( 'NONE', *, *, #4306, .F. ) ;
#8308 = PRODUCT_DEFINITION_SHAPE ( 'NONE', 'NONE',  #13080 ) ;
#8309 = EDGE_LOOP ( 'NONE', ( #7181, #11715, #3554, #1756 ) ) ;
#8310 = UNCERTAINTY_MEASURE_WITH_UNIT (LENGTH_MEASURE( 1.000000000000000082E-05 ), #3721, 'distance_accuracy_value', 'NONE');
#8311 = DIRECTION ( 'NONE',  ( -0.000000000000000000, 1.000000000000000000, -0.000000000000000000 ) ) ;
#8312 = EDGE_CURVE ( 'NONE', #6380, #5392, #3060, .T. ) ;
#8313 = ORIENTED_EDGE ( 'NONE', *, *, #1260, .T. ) ;
#8314 = CARTESIAN_POINT ( 'NONE',  ( 5.774916005113181150, -10.69993048876420616, 0.000000000000000000 ) ) ;
#8315 = APPLICATION_CONTEXT ( 'configuration controlled 3d designs of mechanical parts and assemblies' ) ;
#8316 = LINE ( 'NONE', #8249, #1900 ) ;
#8317 = ADVANCED_FACE ( 'NONE', ( #12282 ), #3000, .T. ) ;
#8318 = DIRECTION ( 'NONE',  ( 0.000000000000000000, 0.000000000000000000, 1.000000000000000000 ) ) ;
#8319 = APPROVAL_ROLE ( '' ) ;
#8320 = CARTESIAN_POINT ( 'NONE',  ( 134.6388092047245095, -1.042873957029619714, 0.000000000000000000 ) ) ;
#8321 = VECTOR ( 'NONE', #11754, 1000.000000000000000 ) ;
#8322 = DIRECTION ( 'NONE',  ( -0.000000000000000000, -0.000000000000000000, -1.000000000000000000 ) ) ;
#8323 = ORIENTED_EDGE ( 'NONE', *, *, #285, .T. ) ;
#8324 = CARTESIAN_POINT ( 'NONE',  ( -21.00000000000000000, 0.000000000000000000, 0.000000000000000000 ) ) ;
#8325 = EDGE_CURVE ( 'NONE', #11516, #6062, #1659, .T. ) ;
#8326 = ORIENTED_EDGE ( 'NONE', *, *, #11767, .T. ) ;
#8327 = DIRECTION ( 'NONE',  ( -1.000000000000000000, 0.000000000000000000, 0.000000000000000000 ) ) ;
#8328 = ORIENTED_EDGE ( 'NONE', *, *, #2981, .F. ) ;
#8329 = CARTESIAN_POINT ( 'NONE',  ( 29.51547649045508237, 65.14146106820992088, -0.000000000000000000 ) ) ;
#8330 = ORIENTED_EDGE ( 'NONE', *, *, #7271, .F. ) ;
#8331 = EDGE_LOOP ( 'NONE', ( #535, #9684, #7455, #10465 ) ) ;
#8332 = VECTOR ( 'NONE', #11867, 1000.000000000000000 ) ;
#8333 = CARTESIAN_POINT ( 'NONE',  ( 31.85853893179215746, -0.000000000000000000, 5.484523509542809094 ) ) ;
#8334 = CARTESIAN_POINT ( 'NONE',  ( 10.00000000000000000, -10.00000000000000000, 35.00000000000000000 ) ) ;
#8335 = ADVANCED_FACE ( 'NONE', ( #11136 ), #9210, .F. ) ;
#8336 = LINE ( 'NONE', #2405, #12246 ) ;
#8337 = EDGE_CURVE ( 'NONE', #4440, #11679, #10137, .T. ) ;
#8338 = SECURITY_CLASSIFICATION_LEVEL ( 'unclassified' ) ;
#8339 = APPROVAL_DATE_TIME ( #9277, #2558 ) ;
#8340 = DIRECTION ( 'NONE',  ( 0.000000000000000000, -0.000000000000000000, 1.000000000000000000 ) ) ;
#8341 = DIRECTION ( 'NONE',  ( 1.000000000000000000, 0.000000000000000000, 0.000000000000000000 ) ) ;
#8342 = PLANE ( 'NONE',  #3486 ) ;
#8343 = CARTESIAN_POINT ( 'NONE',  ( -9.442637939846992623, 55.34320465898994712, -0.000000000000000000 ) ) ;
#8344 = VECTOR ( 'NONE', #3152, 1000.000000000000000 ) ;
#8345 = ORIENTED_EDGE ( 'NONE', *, *, #775, .F. ) ;
#8346 = ORIENTED_EDGE ( 'NONE', *, *, #6816, .F. ) ;
#8347 = ORIENTED_EDGE ( 'NONE', *, *, #11067, .T. ) ;
#8348 = VERTEX_POINT ( 'NONE', #6935 ) ;
#8349 = AXIS2_PLACEMENT_3D ( 'NONE', #11860, #31, #10049 ) ;
#8350 = VECTOR ( 'NONE', #1960, 1000.000000000000000 ) ;
#8351 = CARTESIAN_POINT ( 'NONE',  ( 19.14146106821090498, -12.51547649045524224, -0.000000000000000000 ) ) ;
#8352 = APPROVAL ( #147, 'æœª' ) ;
#8353 = LOCAL_TIME ( 12, 23, 36.00000000000000000, #3712 ) ;
#8354 = CARTESIAN_POINT ( 'NONE',  ( -16.00000000000000000, -6.000000000000000000, 16.00000000000000000 ) ) ;
#8355 = CC_DESIGN_PERSON_AND_ORGANIZATION_ASSIGNMENT ( #6213, #11339, ( #12121 ) ) ;
#8356 = DIRECTION ( 'NONE',  ( 0.000000000000000000, 0.000000000000000000, -1.000000000000000000 ) ) ;
#8357 = APPROVAL_ROLE ( '' ) ;
#8358 = CARTESIAN_POINT ( 'NONE',  ( -18.30000000000000071, 14.00000000000000000, 5.000000000000000000 ) ) ;
#8359 = ORIENTED_EDGE ( 'NONE', *, *, #5973, .T. ) ;
#8360 = DIRECTION ( 'NONE',  ( 0.000000000000000000, 0.000000000000000000, -1.000000000000000000 ) ) ;
#8361 = CARTESIAN_POINT ( 'NONE',  ( 11.50000000000000000, -6.000000000000000000, 18.00000000000000355 ) ) ;
#8362 = ORIENTED_EDGE ( 'NONE', *, *, #7521, .T. ) ;
#8363 = VECTOR ( 'NONE', #10310, 1000.000000000000000 ) ;
#8364 = CARTESIAN_POINT ( 'NONE',  ( 35.00000000000000711, 240.0000000000000000, -27.00000000000000000 ) ) ;
#8365 = CIRCLE ( 'NONE', #10045, 30.00000000000000000 ) ;
#8366 = CC_DESIGN_SECURITY_CLASSIFICATION ( #1429, ( #13078 ) ) ;
#8367 = VERTEX_POINT ( 'NONE', #966 ) ;
#8368 = PERSON_AND_ORGANIZATION ( #12991, #11636 ) ;
#8369 = DIRECTION ( 'NONE',  ( -1.000000000000000000, 0.000000000000000000, -0.000000000000000000 ) ) ;
#8370 = DIRECTION ( 'NONE',  ( 0.000000000000000000, 0.000000000000000000, -1.000000000000000000 ) ) ;
#8371 = CARTESIAN_POINT ( 'NONE',  ( 29.34320465898994001, -0.000000000000000000, 12.55736206014941736 ) ) ;
#8372 = COORDINATED_UNIVERSAL_TIME_OFFSET ( 5, 0, .BEHIND. ) ;
#8373 = ADVANCED_FACE ( 'NONE', ( #1959, #9012, #10521, #3995, #8000, #12073 ), #7792, .F. ) ;
#8374 = CARTESIAN_POINT ( 'NONE',  ( 31.00000000000000000, 59.50000000000000000, 5.700000000000000178 ) ) ;
#8375 = CARTESIAN_POINT ( 'NONE',  ( -15.59999999999999964, 77.50000000000000000, -1.200000000000000030E-05 ) ) ;
#8376 = VECTOR ( 'NONE', #9828, 1000.000000000000000 ) ;
#8377 = CARTESIAN_POINT ( 'NONE',  ( -14.00000000000000000, 9.000000000000000000, 6.800000000000000711 ) ) ;
#8378 = PERSON_AND_ORGANIZATION ( #12991, #11636 ) ;
#8379 = CARTESIAN_POINT ( 'NONE',  ( 0.000000000000000000, 40.00000000000000000, 0.000000000000000000 ) ) ;
#8380 = CARTESIAN_POINT ( 'NONE',  ( -10.37336209607597226, 9.405379716584157279, 8.336676472900883539 ) ) ;
#8381 = COORDINATED_UNIVERSAL_TIME_OFFSET ( 5, 0, .BEHIND. ) ;
#8382 = DIRECTION ( 'NONE',  ( 0.000000000000000000, 0.000000000000000000, 1.000000000000000000 ) ) ;
#8383 = EDGE_LOOP ( 'NONE', ( #12355, #8565, #11391, #10234, #4171, #1109, #2154, #12339 ) ) ;
#8384 = EDGE_CURVE ( 'NONE', #3884, #8878, #12785, .T. ) ;
#8385 = ORIENTED_EDGE ( 'NONE', *, *, #10444, .T. ) ;
#8386 = VERTEX_POINT ( 'NONE', #12764 ) ;
#8387 = FACE_BOUND ( 'NONE', #4805, .T. ) ;
#8388 = EDGE_LOOP ( 'NONE', ( #10813, #3262, #4712, #11635 ) ) ;
#8389 = CARTESIAN_POINT ( 'NONE',  ( 5.557362060152489569, -10.65679534101080783, -0.000000000000000000 ) ) ;
#8390 = CARTESIAN_POINT ( 'NONE',  ( -7.638809204728629787, 0.000000000000000000, 11.95712604296931225 ) ) ;
#8391 = VECTOR ( 'NONE', #2102, 1000.000000000000000 ) ;
#8392 = DIRECTION ( 'NONE',  ( 0.000000000000000000, 0.000000000000000000, -1.000000000000000000 ) ) ;
#8393 = SECURITY_CLASSIFICATION ( '', '', #9231 ) ;
#8394 = PERSON ( 'NAUO-PER20', 'UNSPECIFIED', 'UNSPECIFIED', ('UNSPECIFIED'), ('UNSPECIFIED'), ('UNSPECIFIED') ) ;
#8395 = LINE ( 'NONE', #10456, #9065 ) ;
#8396 = CARTESIAN_POINT ( 'NONE',  ( 17.00000000000000000, -10.00000000000000000, 28.00000000000000000 ) ) ;
#8397 = AXIS2_PLACEMENT_3D ( 'NONE', #594, #11612, #6547 ) ;
#8398 = ORIENTED_EDGE ( 'NONE', *, *, #12482, .F. ) ;
#8399 = FACE_BOUND ( 'NONE', #8240, .T. ) ;
#8400 = ORIENTED_EDGE ( 'NONE', *, *, #12397, .F. ) ;
#8401 = DIRECTION ( 'NONE',  ( 1.000000000000000000, -0.000000000000000000, -0.000000000000000000 ) ) ;
#8402 = EDGE_LOOP ( 'NONE', ( #216, #13045, #1581, #1272 ) ) ;
#8403 = VECTOR ( 'NONE', #11807, 1000.000000000000000 ) ;
#8404 = ADVANCED_FACE ( 'NONE', ( #8769, #9705 ), #11820, .T. ) ;
#8405 = CARTESIAN_POINT ( 'NONE',  ( 29.30000000000000071, 66.00000000000000000, -1.200000000000000030E-05 ) ) ;
#8406 = VERTEX_POINT ( 'NONE', #5540 ) ;
#8407 = AXIS2_PLACEMENT_3D ( 'NONE', #824, #1990, #6904 ) ;
#8408 = ORIENTED_EDGE ( 'NONE', *, *, #3553, .T. ) ;
#8409 = LOCAL_TIME ( 12, 23, 36.00000000000000000, #9662 ) ;
#8410 = DIRECTION ( 'NONE',  ( -0.000000000000000000, -1.000000000000000000, -0.000000000000000000 ) ) ;
#8411 = CARTESIAN_POINT ( 'NONE',  ( 20.00000000000000000, -12.00000000000000000, 0.000000000000000000 ) ) ;
#8412 = VECTOR ( 'NONE', #11687, 1000.000000000000000 ) ;
#8413 = DIRECTION ( 'NONE',  ( -1.000000000000000000, 0.000000000000000000, 0.000000000000000000 ) ) ;
#8414 = ITEM_DEFINED_TRANSFORMATION ( 'NONE', 'NONE', #1082,  #1284 ) ;
#8415 = PLANE ( 'NONE',  #2672 ) ;
#8416 = AXIS2_PLACEMENT_3D ( 'NONE', #4903, #8927, #3246 ) ;
#8417 = CIRCLE ( 'NONE', #9039, 1.700000000000000178 ) ;
#8418 = CARTESIAN_POINT ( 'NONE',  ( 0.000000000000000000, 0.000000000000000000, 68.00000000000000000 ) ) ;
#8419 = VERTEX_POINT ( 'NONE', #8581 ) ;
#8420 =( NAMED_UNIT ( * ) SI_UNIT ( $, .STERADIAN. ) SOLID_ANGLE_UNIT ( ) );
#8421 = AXIS2_PLACEMENT_3D ( 'NONE', #11035, #4938, #9836 ) ;
#8422 = EDGE_CURVE ( 'NONE', #12965, #8546, #7241, .T. ) ;
#8423 = ADVANCED_FACE ( 'NONE', ( #1595 ), #9638, .F. ) ;
#8424 = ORIENTED_EDGE ( 'NONE', *, *, #7991, .T. ) ;
#8425 = ORIENTED_EDGE ( 'NONE', *, *, #8384, .T. ) ;
#8426 = VECTOR ( 'NONE', #6433, 1000.000000000000000 ) ;
#8427 = CIRCLE ( 'NONE', #5866, 1.699999999999998401 ) ;
#8428 = LINE ( 'NONE', #592, #7273 ) ;
#8429 = DIRECTION ( 'NONE',  ( 0.000000000000000000, 0.000000000000000000, 1.000000000000000000 ) ) ;
#8430 = DIRECTION ( 'NONE',  ( 0.000000000000000000, 0.000000000000000000, -1.000000000000000000 ) ) ;
#8431 = CALENDAR_DATE ( 2026, 21, 9 ) ;
#8432 = CARTESIAN_POINT ( 'NONE',  ( 0.000000000000000000, 0.000000000000000000, 2.000000000000000000 ) ) ;
#8433 = VERTEX_POINT ( 'NONE', #7694 ) ;
#8434 = PRODUCT_DEFINITION_SHAPE ( 'NONE', 'NONE',  #13064 ) ;
#8435 = VECTOR ( 'NONE', #8250, 1000.000000000000000 ) ;
#8436 = ORIENTED_EDGE ( 'NONE', *, *, #12414, .T. ) ;
#8437 = APPLICATION_PROTOCOL_DEFINITION ( 'international standard', 'config_control_design', 1994, #2919 ) ;
#8438 = DIRECTION ( 'NONE',  ( 1.000000000000000000, 0.000000000000000000, 0.000000000000000000 ) ) ;
#8439 = CC_DESIGN_DATE_AND_TIME_ASSIGNMENT ( #1072, #4166, ( #11762 ) ) ;
#8440 = APPROVAL ( #5398, 'æœª' ) ;
#8441 = VERTEX_POINT ( 'NONE', #7758 ) ;
#8442 = PERSON_AND_ORGANIZATION ( #12991, #11636 ) ;
#8443 = LINE ( 'NONE', #12504, #2499 ) ;
#8444 = CARTESIAN_POINT ( 'NONE',  ( -2.500000000000000000, 0.000000000000000000, 68.00000000000000000 ) ) ;
#8445 = CALENDAR_DATE ( 2026, 21, 9 ) ;
#8446 = FACE_OUTER_BOUND ( 'NONE', #7150, .T. ) ;
#8447 = APPROVAL_STATUS ( 'not_yet_approved' ) ;
#8448 = VECTOR ( 'NONE', #7587, 1000.000000000000000 ) ;
#8449 = DIRECTION ( 'NONE',  ( -0.000000000000000000, -1.000000000000000000, -0.000000000000000000 ) ) ;
#8450 = CARTESIAN_POINT ( 'NONE',  ( 0.6000001017321888730, 2.529941645714209653, -8.999999999999988370E-06 ) ) ;
#8451 = DIRECTION ( 'NONE',  ( -1.000000000000000000, 0.000000000000000000, 0.000000000000000000 ) ) ;
#8452 = CARTESIAN_POINT ( 'NONE',  ( 29.34320465898919750, 66.44263793985066968, -0.000000000000000000 ) ) ;
#8453 = AXIS2_PLACEMENT_3D ( 'NONE', #280, #5197, #3221 ) ;
#8454 =( GEOMETRIC_REPRESENTATION_CONTEXT ( 3 ) GLOBAL_UNCERTAINTY_ASSIGNED_CONTEXT ( ( #8310 ) ) GLOBAL_UNIT_ASSIGNED_CONTEXT ( ( #3721, #771, #10738 ) ) REPRESENTATION_CONTEXT ( 'NONE', 'WORKASPACE' ) );
#8455 = LINE ( 'NONE', #7377, #4197 ) ;
#8456 = EDGE_CURVE ( 'NONE', #3154, #161, #8710, .T. ) ;
#8457 = ORIENTED_EDGE ( 'NONE', *, *, #363, .F. ) ;
#8458 = VERTEX_POINT ( 'NONE', #10640 ) ;
#8459 = CARTESIAN_POINT ( 'NONE',  ( 31.00000000000000000, -6.000000000000000152E-06, 14.69999999999999929 ) ) ;
#8460 = ORIENTED_EDGE ( 'NONE', *, *, #1606, .F. ) ;
#8461 = CARTESIAN_POINT ( 'NONE',  ( 8.099999999999999645, 70.00000000000000000, 5.200000000000000178 ) ) ;
#8462 = DIRECTION ( 'NONE',  ( 1.000000000000000000, -0.000000000000000000, -0.000000000000000000 ) ) ;
#8463 = DIRECTION ( 'NONE',  ( -0.000000000000000000, -1.000000000000000000, -0.000000000000000000 ) ) ;
#8464 =( GEOMETRIC_REPRESENTATION_CONTEXT ( 3 ) GLOBAL_UNCERTAINTY_ASSIGNED_CONTEXT ( ( #7098 ) ) GLOBAL_UNIT_ASSIGNED_CONTEXT ( ( #1246, #5264, #2425 ) ) REPRESENTATION_CONTEXT ( 'NONE', 'WORKASPACE' ) );
#8465 = CARTESIAN_POINT ( 'NONE',  ( -15.48439506952757050, 70.85848573019067942, 0.000000000000000000 ) ) ;
#8466 = ADVANCED_FACE ( 'NONE', ( #680, #11821, #4621, #10703, #12713, #12765 ), #1665, .T. ) ;
#8467 = CARTESIAN_POINT ( 'NONE',  ( 3.000000000000000000, 3.000000000000000000, 83.00000000000000000 ) ) ;
#8468 = CARTESIAN_POINT ( 'NONE',  ( -7.957126042969685287, 0.000000000000000000, 5.361190795271369325 ) ) ;
#8469 = EDGE_LOOP ( 'NONE', ( #5133, #10997, #2938, #681 ) ) ;
#8470 = CARTESIAN_POINT ( 'NONE',  ( -20.00000000000000000, -12.00000000000000000, 2.000000000000000000 ) ) ;
#8471 = CARTESIAN_POINT ( 'NONE',  ( 30.77491600510794001, 64.30006951123358760, 0.000000000000000000 ) ) ;
#8472 = APPROVAL_STATUS ( 'not_yet_approved' ) ;
#8473 = SECURITY_CLASSIFICATION ( '', '', #2317 ) ;
#8474 = ORIENTED_EDGE ( 'NONE', *, *, #8833, .T. ) ;
#8475 = LINE ( 'NONE', #3597, #591 ) ;
#8476 = VERTEX_POINT ( 'NONE', #3639 ) ;
#8477 = DIRECTION ( 'NONE',  ( -0.000000000000000000, -0.000000000000000000, -1.000000000000000000 ) ) ;
#8478 = CARTESIAN_POINT ( 'NONE',  ( -10.50000000000000000, 0.000000000000000000, 0.000000000000000000 ) ) ;
#8479 = FACE_OUTER_BOUND ( 'NONE', #10549, .T. ) ;
#8480 = DATE_AND_TIME ( #638, #491 ) ;
#8481 = CALENDAR_DATE ( 2026, 21, 9 ) ;
#8482 = CARTESIAN_POINT ( 'NONE',  ( 9.590710974038341163, 10.19958241540039801, 8.790803639638935962 ) ) ;
#8483 = EDGE_CURVE ( 'NONE', #12466, #3094, #5666, .T. ) ;
#8484 = LOCAL_TIME ( 12, 23, 36.00000000000000000, #7764 ) ;
#8485 = LINE ( 'NONE', #12542, #6276 ) ;
#8486 = CARTESIAN_POINT ( 'NONE',  ( -6.000000000000000000, 0.000000000000000000, 0.000000000000000000 ) ) ;
#8487 = ORIENTED_EDGE ( 'NONE', *, *, #7888, .T. ) ;
#8488 = ORIENTED_EDGE ( 'NONE', *, *, #8422, .F. ) ;
#8489 = SHAPE_REPRESENTATION_RELATIONSHIP ( 'NONE' , 'NONE' ,  #7667, #9467 ) ;
#8490 = DIRECTION ( 'NONE',  ( 0.000000000000000000, 0.000000000000000000, -1.000000000000000000 ) ) ;
#8491 = ORIENTED_EDGE ( 'NONE', *, *, #9898, .F. ) ;
#8492 = EDGE_LOOP ( 'NONE', ( #351, #9400, #3245, #4132 ) ) ;
#8493 = CARTESIAN_POINT ( 'NONE',  ( 18.34320465898919394, -13.55736206015158984, -0.000000000000000000 ) ) ;
#8494 = CALENDAR_DATE ( 2026, 21, 9 ) ;
#8495 = PERSON_AND_ORGANIZATION_ROLE ( 'creator' ) ;
#8496 = EDGE_CURVE ( 'NONE', #5071, #10513, #7634, .T. ) ;
#8497 = CARTESIAN_POINT ( 'NONE',  ( -3.000000000000000000, 0.000000000000000000, 42.00000000000000000 ) ) ;
#8498 = ORIENTED_EDGE ( 'NONE', *, *, #4023, .T. ) ;
#8499 = DIRECTION ( 'NONE',  ( 1.000000000000000000, 0.000000000000000000, 0.000000000000000000 ) ) ;
#8500 = ORIENTED_EDGE ( 'NONE', *, *, #1888, .F. ) ;
#8501 = DIRECTION ( 'NONE',  ( 0.000000000000000000, 0.000000000000000000, 1.000000000000000000 ) ) ;
#8502 = FACE_OUTER_BOUND ( 'NONE', #10387, .T. ) ;
#8503 = APPROVAL_STATUS ( 'not_yet_approved' ) ;
#8504 = ORIENTED_EDGE ( 'NONE', *, *, #11437, .F. ) ;
#8505 = EDGE_CURVE ( 'NONE', #11927, #3154, #614, .T. ) ;
#8506 = APPROVAL_STATUS ( 'not_yet_approved' ) ;
#8507 = FACE_OUTER_BOUND ( 'NONE', #5941, .T. ) ;
#8508 = CARTESIAN_POINT ( 'NONE',  ( 19.14146106821090854, 15.48452350954476309, -0.000000000000000000 ) ) ;
#8509 = COORDINATED_UNIVERSAL_TIME_OFFSET ( 5, 0, .BEHIND. ) ;
#8510 = DIRECTION ( 'NONE',  ( 0.000000000000000000, -1.000000000000000000, 0.000000000000000000 ) ) ;
#8511 = SECURITY_CLASSIFICATION_LEVEL ( 'unclassified' ) ;
#8512 = DIRECTION ( 'NONE',  ( 0.000000000000000000, 0.000000000000000000, 1.000000000000000000 ) ) ;
#8513 = CARTESIAN_POINT ( 'NONE',  ( 0.5999999999999999778, 2.529822128134703529, 16.00000000000000000 ) ) ;
#8514 = EDGE_CURVE ( 'NONE', #1724, #11654, #4736, .T. ) ;
#8515 = EDGE_CURVE ( 'NONE', #3623, #11568, #10826, .T. ) ;
#8516 = LINE ( 'NONE', #4615, #8521 ) ;
#8517 = CARTESIAN_POINT ( 'NONE',  ( 0.000000000000000000, 0.000000000000000000, 5.000000000000000000 ) ) ;
#8518 = DIRECTION ( 'NONE',  ( 0.000000000000000000, -1.000000000000000000, 0.000000000000000000 ) ) ;
#8519 = ORIENTED_EDGE ( 'NONE', *, *, #4519, .T. ) ;
#8520 = CARTESIAN_POINT ( 'NONE',  ( 43.00000000000000000, 8.000000000000000000, 6.000000000000000000 ) ) ;
#8521 = VECTOR ( 'NONE', #3569, 1000.000000000000000 ) ;
#8522 = FACE_OUTER_BOUND ( 'NONE', #5180, .T. ) ;
#8523 = DATE_AND_TIME ( #4689, #896 ) ;
#8524 = CARTESIAN_POINT ( 'NONE',  ( -9.000000000000000000, -6.000000000000000152E-06, 11.29999999999999893 ) ) ;
#8525 = CC_DESIGN_PERSON_AND_ORGANIZATION_ASSIGNMENT ( #8637, #8755, ( #3551 ) ) ;
#8526 = CARTESIAN_POINT ( 'NONE',  ( -34.00000000000000000, -5.000000000000000000, 25.00000000000000000 ) ) ;
#8527 = APPROVAL ( #3361, 'æœª' ) ;
#8528 = CARTESIAN_POINT ( 'NONE',  ( -15.36128909900226169, 71.04297226076383254, -0.000000000000000000 ) ) ;
#8529 = CARTESIAN_POINT ( 'NONE',  ( 11.50000000000000000, -6.000000000000000000, 22.00000000000000000 ) ) ;
#8530 = FACE_BOUND ( 'NONE', #10526, .T. ) ;
#8531 = ORIENTED_EDGE ( 'NONE', *, *, #10362, .T. ) ;
#8532 = CARTESIAN_POINT ( 'NONE',  ( -12.00000000000000000, 7.000000000000000000, 3.299999999999999822 ) ) ;
#8533 = ORIENTED_EDGE ( 'NONE', *, *, #5957, .F. ) ;
#8534 = DIRECTION ( 'NONE',  ( 0.000000000000000000, 0.000000000000000000, -1.000000000000000000 ) ) ;
#8535 = ORIENTED_EDGE ( 'NONE', *, *, #6933, .F. ) ;
#8536 = ORIENTED_EDGE ( 'NONE', *, *, #85, .F. ) ;
#8537 = DIRECTION ( 'NONE',  ( 0.000000000000000000, 1.000000000000000000, 0.000000000000000000 ) ) ;
#8538 = AXIS2_PLACEMENT_3D ( 'NONE', #2548, #4464, #10345 ) ;
#8539 = APPLICATION_PROTOCOL_DEFINITION ( 'international standard', 'config_control_design', 1994, #12667 ) ;
#8540 = CARTESIAN_POINT ( 'NONE',  ( -1.155218221821713742, 2.347434505214176070, -0.000000000000000000 ) ) ;
#8541 = APPROVAL_STATUS ( 'not_yet_approved' ) ;
#8542 = EDGE_CURVE ( 'NONE', #6255, #5737, #6753, .T. ) ;
#8543 = CALENDAR_DATE ( 2026, 21, 9 ) ;
#8544 = CARTESIAN_POINT ( 'NONE',  ( 28.00000000000000000, 0.000000000000000000, 24.00000000000000000 ) ) ;
#8545 = CARTESIAN_POINT ( 'NONE',  ( -7.638710900995580921, 55.95702773923796514, -0.000000000000000000 ) ) ;
#8546 = VERTEX_POINT ( 'NONE', #9763 ) ;
#8547 = CARTESIAN_POINT ( 'NONE',  ( 5.557415261748692714, -7.343333099005485032, 0.000000000000000000 ) ) ;
#8548 = VERTEX_POINT ( 'NONE', #3749 ) ;
#8549 =( LENGTH_UNIT ( ) NAMED_UNIT ( * ) SI_UNIT ( .MILLI., .METRE. ) );
#8550 = AXIS2_PLACEMENT_3D ( 'NONE', #720, #7925, #5823 ) ;
#8551 = CARTESIAN_POINT ( 'NONE',  ( 150.0000000000000000, 0.000000000000000000, 90.00000000000000000 ) ) ;
#8552 = EDGE_LOOP ( 'NONE', ( #10651, #1215 ) ) ;
#8553 = ORIENTED_EDGE ( 'NONE', *, *, #3547, .T. ) ;
#8554 = EDGE_CURVE ( 'NONE', #2980, #3202, #1170, .T. ) ;
#8555 = CARTESIAN_POINT ( 'NONE',  ( -21.00000000000000000, 0.000000000000000000, 6.000000000000000000 ) ) ;
#8556 = AXIS2_PLACEMENT_3D ( 'NONE', #9861, #5028, #11984 ) ;
#8557 = CIRCLE ( 'NONE', #9413, 1.700000000000000178 ) ;
#8558 = CARTESIAN_POINT ( 'NONE',  ( -5.774916005114157258, -7.300069511235978581, 0.000000000000000000 ) ) ;
#8559 = EDGE_LOOP ( 'NONE', ( #2536, #495, #940, #4818 ) ) ;
#8560 = LINE ( 'NONE', #5387, #211 ) ;
#8561 = ORIENTED_EDGE ( 'NONE', *, *, #12887, .F. ) ;
#8562 = DATE_AND_TIME ( #4668, #2965 ) ;
#8563 = CARTESIAN_POINT ( 'NONE',  ( -15.19999999999999929, -2.000000000000000000, 3.000000000000000000 ) ) ;
#8564 = PERSON_AND_ORGANIZATION_ROLE ( 'design_owner' ) ;
#8565 = ORIENTED_EDGE ( 'NONE', *, *, #7583, .F. ) ;
#8566 = AXIS2_PLACEMENT_3D ( 'NONE', #4573, #11583, #12465 ) ;
#8567 = EDGE_CURVE ( 'NONE', #8867, #5710, #7575, .T. ) ;
#8568 = SHAPE_DEFINITION_REPRESENTATION ( #331, #4629 ) ;
#8569 = LINE ( 'NONE', #2570, #7944 ) ;
#8570 = APPROVAL_PERSON_ORGANIZATION ( #563, #2147, #4151 ) ;
#8571 = CARTESIAN_POINT ( 'NONE',  ( 19.55741526174779565, 15.65666690099361880, 0.000000000000000000 ) ) ;
#8572 = DIRECTION ( 'NONE',  ( 0.000000000000000000, -1.000000000000000000, 0.000000000000000000 ) ) ;
#8573 = DATE_AND_TIME ( #2573, #8612 ) ;
#8574 = DIRECTION ( 'NONE',  ( 0.000000000000000000, -1.000000000000000000, 0.000000000000000000 ) ) ;
#8575 = CARTESIAN_POINT ( 'NONE',  ( 10.00000000000000000, 10.00000000000000000, 35.00000000000000000 ) ) ;
#8576 = CARTESIAN_POINT ( 'NONE',  ( -19.55741526174906753, -15.65666690099488889, 0.000000000000000000 ) ) ;
#8577 = VECTOR ( 'NONE', #12800, 1000.000000000000000 ) ;
#8578 = LOCAL_TIME ( 12, 23, 36.00000000000000000, #12193 ) ;
#8579 = CARTESIAN_POINT ( 'NONE',  ( -12.00000000000000000, -7.000000000000000000, 16.69999999999999929 ) ) ;
#8580 = APPLICATION_CONTEXT ( 'configuration controlled 3d designs of mechanical parts and assemblies' ) ;
#8581 = CARTESIAN_POINT ( 'NONE',  ( -12.30000000000000071, 2.081899558550500526E-16, 2.000000000000000000 ) ) ;
#8582 = DIRECTION ( 'NONE',  ( -0.000000000000000000, -0.000000000000000000, 1.000000000000000000 ) ) ;
#8583 = CIRCLE ( 'NONE', #151, 5.799999999999999822 ) ;
#8584 = ORIENTED_EDGE ( 'NONE', *, *, #12660, .F. ) ;
#8585 = ADVANCED_FACE ( 'NONE', ( #1596 ), #9639, .F. ) ;
#8586 = ADVANCED_FACE ( 'NONE', ( #11025 ), #12022, .F. ) ;
#8587 = ORIENTED_EDGE ( 'NONE', *, *, #4709, .T. ) ;
#8588 = CARTESIAN_POINT ( 'NONE',  ( 0.000000000000000000, 0.000000000000000000, 5.000000000000000000 ) ) ;
#8589 = CIRCLE ( 'NONE', #12831, 1.700000000000000178 ) ;
#8590 = CARTESIAN_POINT ( 'NONE',  ( -10.50000000000000000, 59.50000000000000000, -1.200000000000000030E-05 ) ) ;
#8591 = PERSON_AND_ORGANIZATION_ROLE ( 'creator' ) ;
#8592 = EDGE_CURVE ( 'NONE', #5132, #389, #6025, .T. ) ;
#8593 = LOCAL_TIME ( 12, 23, 36.00000000000000000, #12255 ) ;
#8594 = CARTESIAN_POINT ( 'NONE',  ( 0.000000000000000000, 0.000000000000000000, 0.000000000000000000 ) ) ;
#8595 = CARTESIAN_POINT ( 'NONE',  ( -7.700000000000000178, 0.000000000000000000, 0.000000000000000000 ) ) ;
#8596 = CARTESIAN_POINT ( 'NONE',  ( -12.30000000000000071, 70.00000000000000000, -6.000000000000000152E-06 ) ) ;
#8597 = DIRECTION ( 'NONE',  ( -0.000000000000000000, -1.000000000000000000, -0.000000000000000000 ) ) ;
#8598 = AXIS2_PLACEMENT_3D ( 'NONE', #9944, #4674, #4915 ) ;
#8599 = DATE_TIME_ROLE ( 'classification_date' ) ;
#8600 = CARTESIAN_POINT ( 'NONE',  ( 29.29993048876346151, -0.000000000000000000, 4.225083994884123229 ) ) ;
#8601 = VERTEX_POINT ( 'NONE', #922 ) ;
#8602 = LINE ( 'NONE', #443, #5172 ) ;
#8603 = VERTEX_POINT ( 'NONE', #1112 ) ;
#8604 = LINE ( 'NONE', #5795, #10755 ) ;
#8605 = CC_DESIGN_PERSON_AND_ORGANIZATION_ASSIGNMENT ( #6469, #5698, ( #11116 ) ) ;
#8606 = ORIENTED_EDGE ( 'NONE', *, *, #12552, .F. ) ;
#8607 = CC_DESIGN_PERSON_AND_ORGANIZATION_ASSIGNMENT ( #12760, #12884, ( #4715 ) ) ;
#8608 = CARTESIAN_POINT ( 'NONE',  ( 5.799999999999999822, 70.00000000000000000, -1.200000000000000030E-05 ) ) ;
#8609 = VERTEX_POINT ( 'NONE', #7876 ) ;
#8610 = PERSON_AND_ORGANIZATION_ROLE ( 'design_supplier' ) ;
#8611 = DIRECTION ( 'NONE',  ( -0.000000000000000000, -1.000000000000000000, -0.000000000000000000 ) ) ;
#8612 = LOCAL_TIME ( 12, 23, 36.00000000000000000, #10502 ) ;
#8613 = DIRECTION ( 'NONE',  ( 0.000000000000000000, 0.000000000000000000, -1.000000000000000000 ) ) ;
#8614 = DIRECTION ( 'NONE',  ( -0.000000000000000000, -0.000000000000000000, 1.000000000000000000 ) ) ;
#8615 = DATE_TIME_ROLE ( 'classification_date' ) ;
#8616 = DIRECTION ( 'NONE',  ( 1.000000000000000000, 0.000000000000000000, 0.000000000000000000 ) ) ;
#8617 = DIRECTION ( 'NONE',  ( 0.000000000000000000, 0.000000000000000000, 1.000000000000000000 ) ) ;
#8618 = AXIS2_PLACEMENT_3D ( 'NONE', #5999, #7741, #6064 ) ;
#8619 = ORIENTED_EDGE ( 'NONE', *, *, #8818, .F. ) ;
#8620 = CARTESIAN_POINT ( 'NONE',  ( 6.225083994885842742, -7.300069511235978581, 0.000000000000000000 ) ) ;
#8621 = AXIS2_PLACEMENT_3D ( 'NONE', #12105, #3175, #6249 ) ;
#8622 = LOCAL_TIME ( 12, 23, 36.00000000000000000, #9567 ) ;
#8623 = EDGE_LOOP ( 'NONE', ( #6991, #6648 ) ) ;
#8624 = ORIENTED_EDGE ( 'NONE', *, *, #11891, .T. ) ;
#8625 = ADVANCED_FACE ( 'NONE', ( #1972 ), #3075, .F. ) ;
#8626 = ORIENTED_EDGE ( 'NONE', *, *, #9055, .T. ) ;
#8627 = CARTESIAN_POINT ( 'NONE',  ( -10.69993048876420971, 66.22508399488370401, -0.000000000000000000 ) ) ;
#8628 = AXIS2_PLACEMENT_3D ( 'NONE', #3204, #10275, #4273 ) ;
#8629 = VECTOR ( 'NONE', #11911, 1000.000000000000000 ) ;
#8630 = LINE ( 'NONE', #12688, #2915 ) ;
#8631 = CARTESIAN_POINT ( 'NONE',  ( -9.000000000000000000, -6.000000000000000152E-06, 14.69999999999999929 ) ) ;
#8632 = EDGE_CURVE ( 'NONE', #4082, #11383, #2100, .T. ) ;
#8633 = VERTEX_POINT ( 'NONE', #2955 ) ;
#8634 = ORIENTED_EDGE ( 'NONE', *, *, #8592, .F. ) ;
#8635 = PERSON_AND_ORGANIZATION ( #12991, #11636 ) ;
#8636 = DIRECTION ( 'NONE',  ( 0.000000000000000000, 0.000000000000000000, -1.000000000000000000 ) ) ;
#8637 = PERSON_AND_ORGANIZATION ( #12991, #11636 ) ;
#8638 = AXIS2_PLACEMENT_3D ( 'NONE', #1460, #4355, #10438 ) ;
#8639 = ORIENTED_EDGE ( 'NONE', *, *, #1339, .T. ) ;
#8640 = VECTOR ( 'NONE', #11479, 1000.000000000000000 ) ;
#8641 = DIRECTION ( 'NONE',  ( -0.000000000000000000, -0.000000000000000000, 1.000000000000000000 ) ) ;
#8642 = CYLINDRICAL_SURFACE ( 'NONE', #12390, 1.700000000000000178 ) ;
#8643 = PERSON_AND_ORGANIZATION ( #12991, #11636 ) ;
#8644 = LINE ( 'NONE', #7495, #7114 ) ;
#8645 = LINE ( 'NONE', #1461, #8412 ) ;
#8646 = PERSON_AND_ORGANIZATION ( #12991, #11636 ) ;
#8647 = VECTOR ( 'NONE', #1875, 1000.000000000000000 ) ;
#8648 = VECTOR ( 'NONE', #11573, 1000.000000000000000 ) ;
#8649 = LINE ( 'NONE', #12708, #3023 ) ;
#8650 = EDGE_CURVE ( 'NONE', #2068, #9429, #5967, .T. ) ;
#8651 = CARTESIAN_POINT ( 'NONE',  ( 30.55741526174906042, 67.65666690099450875, 0.000000000000000000 ) ) ;
#8652 = ORIENTED_EDGE ( 'NONE', *, *, #5314, .T. ) ;
#8653 = CARTESIAN_POINT ( 'NONE',  ( 0.000000000000000000, 0.000000000000000000, 0.000000000000000000 ) ) ;
#8654 = ORIENTED_EDGE ( 'NONE', *, *, #11123, .F. ) ;
#8655 = VECTOR ( 'NONE', #1107, 1000.000000000000000 ) ;
#8656 = CYLINDRICAL_SURFACE ( 'NONE', #2473, 1.699999999999998401 ) ;
#8657 = DIRECTION ( 'NONE',  ( -0.000000000000000000, -0.000000000000000000, 1.000000000000000000 ) ) ;
#8658 = FACE_OUTER_BOUND ( 'NONE', #1570, .T. ) ;
#8659 = CARTESIAN_POINT ( 'NONE',  ( -22.00000000000000000, 0.000000000000000000, 8.000000000000000000 ) ) ;
#8660 = CARTESIAN_POINT ( 'NONE',  ( -10.72380529476374100, 9.000000000000252243, 10.20000000000124984 ) ) ;
#8661 = EDGE_CURVE ( 'NONE', #10783, #2933, #8953, .T. ) ;
#8662 = AXIS2_PLACEMENT_3D ( 'NONE', #11434, #2378, #208 ) ;
#8663 = ADVANCED_FACE ( 'NONE', ( #5119 ), #11149, .T. ) ;
#8664 =( GEOMETRIC_REPRESENTATION_CONTEXT ( 3 ) GLOBAL_UNCERTAINTY_ASSIGNED_CONTEXT ( ( #12312 ) ) GLOBAL_UNIT_ASSIGNED_CONTEXT ( ( #4190, #10800, #6666 ) ) REPRESENTATION_CONTEXT ( 'NONE', 'WORKASPACE' ) );
#8665 = ORIENTED_EDGE ( 'NONE', *, *, #10444, .F. ) ;
#8666 = CARTESIAN_POINT ( 'NONE',  ( 0.000000000000000000, 0.000000000000000000, 0.000000000000000000 ) ) ;
#8667 = ORIENTED_EDGE ( 'NONE', *, *, #1725, .F. ) ;
#8668 = EDGE_CURVE ( 'NONE', #2045, #10638, #9152, .T. ) ;
#8669 = ORIENTED_EDGE ( 'NONE', *, *, #11004, .T. ) ;
#8670 = ORIENTED_EDGE ( 'NONE', *, *, #6739, .F. ) ;
#8671 = APPROVAL_STATUS ( 'not_yet_approved' ) ;
#8672 = CARTESIAN_POINT ( 'NONE',  ( 0.000000000000000000, 3.000000000000000000, 149.0000000000000000 ) ) ;
#8673 = AXIS2_PLACEMENT_3D ( 'NONE', #5537, #4430, #4613 ) ;
#8674 = APPROVAL_PERSON_ORGANIZATION ( #10431, #7540, #9298 ) ;
#8675 = FACE_OUTER_BOUND ( 'NONE', #9915, .T. ) ;
#8676 = DIRECTION ( 'NONE',  ( 1.000000000000000000, -0.000000000000000000, 0.000000000000000000 ) ) ;
#8677 = PERSON_AND_ORGANIZATION_ROLE ( 'creator' ) ;
#8678 = CARTESIAN_POINT ( 'NONE',  ( 186.0000000000000000, 149.0000000000000000, 0.000000000000000000 ) ) ;
#8679 = EDGE_CURVE ( 'NONE', #9296, #12544, #3934, .T. ) ;
#8680 = ADVANCED_FACE ( 'NONE', ( #7010 ), #1913, .F. ) ;
#8681 = APPROVAL ( #9523, 'æœª' ) ;
#8682 =( REPRESENTATION_RELATIONSHIP ('NONE','NONE', #6877, #2803 ) REPRESENTATION_RELATIONSHIP_WITH_TRANSFORMATION ( #8414 )SHAPE_REPRESENTATION_RELATIONSHIP( ) );
#8683 = CARTESIAN_POINT ( 'NONE',  ( 31.00000000000000000, -1.200000000000000030E-05, 4.000000000000000000 ) ) ;
#8684 = ADVANCED_FACE ( 'NONE', ( #1049 ), #7946, .F. ) ;
#8685 = CC_DESIGN_APPROVAL ( #1981, ( #7770 ) ) ;
#8686 = ORIENTED_EDGE ( 'NONE', *, *, #1154, .T. ) ;
#8687 = VERTEX_POINT ( 'NONE', #8015 ) ;
#8688 = ORIENTED_EDGE ( 'NONE', *, *, #9488, .T. ) ;
#8689 = LINE ( 'NONE', #2929, #11935 ) ;
#8690 = CC_DESIGN_APPROVAL ( #9253, ( #11449 ) ) ;
#8691 = DATE_AND_TIME ( #8494, #11106 ) ;
#8692 = CC_DESIGN_PERSON_AND_ORGANIZATION_ASSIGNMENT ( #13037, #6972, ( #616 ) ) ;
#8693 = CC_DESIGN_DATE_AND_TIME_ASSIGNMENT ( #1647, #9806, ( #4804 ) ) ;
#8694 = CARTESIAN_POINT ( 'NONE',  ( 11.00000000000000000, -5.000000000000000000, -1.200000000000000030E-05 ) ) ;
#8695 = ORIENTED_EDGE ( 'NONE', *, *, #6598, .T. ) ;
#8696 = ORIENTED_EDGE ( 'NONE', *, *, #1835, .T. ) ;
#8697 = PERSON_AND_ORGANIZATION_ROLE ( 'creator' ) ;
#8698 = ORIENTED_EDGE ( 'NONE', *, *, #114, .T. ) ;
#8699 = DIRECTION ( 'NONE',  ( 0.000000000000000000, -1.000000000000000000, 0.000000000000000000 ) ) ;
#8700 = LINE ( 'NONE', #8824, #12637 ) ;
#8701 = LINE ( 'NONE', #12755, #10035 ) ;
#8702 = PERSON_AND_ORGANIZATION_ROLE ( 'creator' ) ;
#8703 = CARTESIAN_POINT ( 'NONE',  ( 183.0000000000000000, 3.000000000000000000, 83.00000000000000000 ) ) ;
#8704 = CARTESIAN_POINT ( 'NONE',  ( -10.65666690099488711, 0.000000000000000000, 13.44258473825093425 ) ) ;
#8705 = APPLICATION_PROTOCOL_DEFINITION ( 'international standard', 'config_control_design', 1994, #10367 ) ;
#8706 = AXIS2_PLACEMENT_3D ( 'NONE', #11978, #25, #10110 ) ;
#8707 = DIRECTION ( 'NONE',  ( -0.000000000000000000, -0.000000000000000000, 1.000000000000000000 ) ) ;
#8708 = DIRECTION ( 'NONE',  ( -0.000000000000000000, 1.000000000000000000, -0.000000000000000000 ) ) ;
#8709 = ORIENTED_EDGE ( 'NONE', *, *, #1731, .T. ) ;
#8710 = LINE ( 'NONE', #6570, #551 ) ;
#8711 = EDGE_LOOP ( 'NONE', ( #5557, #462, #711, #10216 ) ) ;
#8712 = DESIGN_CONTEXT ( 'detailed design', #7863, 'design' ) ;
#8713 = CARTESIAN_POINT ( 'NONE',  ( 22.00000000000000000, 84.00000000000000000, 0.000000000000000000 ) ) ;
#8714 = EDGE_CURVE ( 'NONE', #7832, #156, #9095, .T. ) ;
#8715 = CARTESIAN_POINT ( 'NONE',  ( 0.000000000000000000, 0.000000000000000000, 28.00000000000000000 ) ) ;
#8716 = SECURITY_CLASSIFICATION_LEVEL ( 'unclassified' ) ;
#8717 = DIRECTION ( 'NONE',  ( -1.000000000000000000, 0.000000000000000000, 0.000000000000000000 ) ) ;
#8718 = DIRECTION ( 'NONE',  ( -0.000000000000000000, -1.000000000000000000, -0.000000000000000000 ) ) ;
#8719 = DIRECTION ( 'NONE',  ( 0.000000000000000000, 1.000000000000000000, 0.000000000000000000 ) ) ;
#8720 = PERSON ( 'NAUO-PER16', 'UNSPECIFIED', 'UNSPECIFIED', ('UNSPECIFIED'), ('UNSPECIFIED'), ('UNSPECIFIED') ) ;
#8721 = ORIENTED_EDGE ( 'NONE', *, *, #3983, .F. ) ;
#8722 = CARTESIAN_POINT ( 'NONE',  ( -12.00000000000000000, -12.00000000000000000, 0.000000000000000000 ) ) ;
#8723 = ORIENTED_EDGE ( 'NONE', *, *, #6453, .F. ) ;
#8724 = CARTESIAN_POINT ( 'NONE',  ( -8.099999999999999645, 70.00000000000000000, 5.200000000000000178 ) ) ;
#8725 = PRODUCT_DEFINITION_SHAPE ( 'NONE', 'NONE',  #1531 ) ;
#8726 = ORIENTED_EDGE ( 'NONE', *, *, #2701, .T. ) ;
#8727 = ORIENTED_EDGE ( 'NONE', *, *, #12877, .F. ) ;
#8728 = COORDINATED_UNIVERSAL_TIME_OFFSET ( 5, 0, .BEHIND. ) ;
#8729 = EDGE_CURVE ( 'NONE', #5559, #5525, #11080, .T. ) ;
#8730 = CARTESIAN_POINT ( 'NONE',  ( -10.50000000000000000, 80.50000000000000000, 0.000000000000000000 ) ) ;
#8731 = FACE_BOUND ( 'NONE', #3610, .T. ) ;
#8732 = FACE_OUTER_BOUND ( 'NONE', #9858, .T. ) ;
#8733 = COORDINATED_UNIVERSAL_TIME_OFFSET ( 5, 0, .BEHIND. ) ;
#8734 = PERSON_AND_ORGANIZATION_ROLE ( 'classification_officer' ) ;
#8735 = CARTESIAN_POINT ( 'NONE',  ( -12.00000000000000000, -12.00000000000000000, 0.000000000000000000 ) ) ;
#8736 = EDGE_CURVE ( 'NONE', #11480, #7632, #58, .T. ) ;
#8737 = CARTESIAN_POINT ( 'NONE',  ( 12.30000000000000249, 0.000000000000000000, 2.000000000000000000 ) ) ;
#8738 = ORIENTED_EDGE ( 'NONE', *, *, #6902, .F. ) ;
#8739 = CARTESIAN_POINT ( 'NONE',  ( 2.210066736092913153, 1.378121121058531351, -0.000000000000000000 ) ) ;
#8740 = ORIENTED_EDGE ( 'NONE', *, *, #4943, .T. ) ;
#8741 = ORIENTED_EDGE ( 'NONE', *, *, #9057, .T. ) ;
#8742 = ORIENTED_EDGE ( 'NONE', *, *, #12397, .T. ) ;
#8743 = ADVANCED_FACE ( 'NONE', ( #11948 ), #6875, .F. ) ;
#8744 = EDGE_CURVE ( 'NONE', #10117, #3322, #11666, .T. ) ;
#8745 = CALENDAR_DATE ( 2026, 21, 9 ) ;
#8746 = CYLINDRICAL_SURFACE ( 'NONE', #1828, 1.700000000000000178 ) ;
#8747 = ADVANCED_FACE ( 'NONE', ( #196 ), #10671, .F. ) ;
#8748 =( REPRESENTATION_RELATIONSHIP ('NONE','NONE', #6877, #12709 ) REPRESENTATION_RELATIONSHIP_WITH_TRANSFORMATION ( #7788 )SHAPE_REPRESENTATION_RELATIONSHIP( ) );
#8749 = CARTESIAN_POINT ( 'NONE',  ( 20.44258473825093603, 12.34333309900511466, 0.000000000000000000 ) ) ;
#8750 = VECTOR ( 'NONE', #9938, 1000.000000000000000 ) ;
#8751 = VERTEX_POINT ( 'NONE', #8152 ) ;
#8752 = DIRECTION ( 'NONE',  ( 0.000000000000000000, 0.000000000000000000, -1.000000000000000000 ) ) ;
#8753 = ORIENTED_EDGE ( 'NONE', *, *, #6253, .T. ) ;
#8754 = DATE_AND_TIME ( #11801, #878 ) ;
#8755 = PERSON_AND_ORGANIZATION_ROLE ( 'creator' ) ;
#8756 = ORIENTED_EDGE ( 'NONE', *, *, #11775, .T. ) ;
#8757 = CC_DESIGN_DATE_AND_TIME_ASSIGNMENT ( #1869, #9166, ( #10488 ) ) ;
#8758 = DIRECTION ( 'NONE',  ( 0.000000000000000000, 0.000000000000000000, -1.000000000000000000 ) ) ;
#8759 = LINE ( 'NONE', #12940, #2890 ) ;
#8760 = CC_DESIGN_DATE_AND_TIME_ASSIGNMENT ( #5659, #1660, ( #8473 ) ) ;
#8761 = VECTOR ( 'NONE', #11441, 1000.000000000000000 ) ;
#8762 = PLANE ( 'NONE',  #4361 ) ;
#8763 = DIRECTION ( 'NONE',  ( 1.000000000000000000, 0.000000000000000000, 0.000000000000000000 ) ) ;
#8764 = CARTESIAN_POINT ( 'NONE',  ( -7.300000000000000711, 65.77438419509088874, -0.000000000000000000 ) ) ;
#8765 = DATE_AND_TIME ( #5776, #10381 ) ;
#8766 = CARTESIAN_POINT ( 'NONE',  ( 13.55736206016057466, 68.34320465898694863, -0.000000000000000000 ) ) ;
#8767 = DIRECTION ( 'NONE',  ( 1.000000000000000000, -0.000000000000000000, 0.000000000000000000 ) ) ;
#8768 = ORIENTED_EDGE ( 'NONE', *, *, #2891, .T. ) ;
#8769 = FACE_OUTER_BOUND ( 'NONE', #5104, .T. ) ;
#8770 = AXIS2_PLACEMENT_3D ( 'NONE', #12018, #11882, #2824 ) ;
#8771 = VECTOR ( 'NONE', #3672, 1000.000000000000000 ) ;
#8772 = DIRECTION ( 'NONE',  ( -0.000000000000000000, -1.000000000000000000, -0.000000000000000000 ) ) ;
#8773 = ORIENTED_EDGE ( 'NONE', *, *, #10665, .T. ) ;
#8774 = LINE ( 'NONE', #1973, #4792 ) ;
#8775 = CARTESIAN_POINT ( 'NONE',  ( 10.00000000000000000, 10.00000000000000000, 0.000000000000000000 ) ) ;
#8776 = ADVANCED_FACE ( 'NONE', ( #12547 ), #10218, .T. ) ;
#8777 = CARTESIAN_POINT ( 'NONE',  ( 5.799999999999999822, 7.102951435054647665E-16, 2.000000000000000000 ) ) ;
#8778 = DIRECTION ( 'NONE',  ( 0.000000000000000000, 1.000000000000000000, 0.000000000000000000 ) ) ;
#8779 = DIRECTION ( 'NONE',  ( -0.000000000000000000, -0.000000000000000000, -1.000000000000000000 ) ) ;
#8780 = AXIS2_PLACEMENT_3D ( 'NONE', #8870, #11917, #1999 ) ;
#8781 = VECTOR ( 'NONE', #11626, 1000.000000000000000 ) ;
#8782 = CC_DESIGN_SECURITY_CLASSIFICATION ( #10488, ( #13067 ) ) ;
#8783 = LINE ( 'NONE', #4881, #4826 ) ;
#8784 = VECTOR ( 'NONE', #9043, 1000.000000000000000 ) ;
#8785 = CARTESIAN_POINT ( 'NONE',  ( 19.14134607987366721, 0.000000000000000000, 13.48432534211531397 ) ) ;
#8786 = EDGE_CURVE ( 'NONE', #3895, #3548, #7670, .T. ) ;
#8787 = ORIENTED_EDGE ( 'NONE', *, *, #4450, .T. ) ;
#8788 = CARTESIAN_POINT ( 'NONE',  ( 24.30000000000000071, 0.000000000000000000, 0.000000000000000000 ) ) ;
#8789 = ORIENTED_EDGE ( 'NONE', *, *, #4729, .F. ) ;
#8790 = AXIS2_PLACEMENT_3D ( 'NONE', #5738, #9774, #750 ) ;
#8791 = EDGE_LOOP ( 'NONE', ( #10582, #2341 ) ) ;
#8792 = CC_DESIGN_APPROVAL ( #5984, ( #1429 ) ) ;
#8793 = CARTESIAN_POINT ( 'NONE',  ( 4.299999999999999822, -9.000000000000000000, -1.200000000000000030E-05 ) ) ;
#8794 = ORIENTED_EDGE ( 'NONE', *, *, #8887, .T. ) ;
#8795 = FACE_OUTER_BOUND ( 'NONE', #6218, .T. ) ;
#8796 = LINE ( 'NONE', #6831, #1678 ) ;
#8797 = VECTOR ( 'NONE', #9613, 1000.000000000000000 ) ;
#8798 = CARTESIAN_POINT ( 'NONE',  ( 12.80000000000000071, -2.000000000000000000, -1.200000000000000030E-05 ) ) ;
#8799 = DATE_AND_TIME ( #7844, #7604 ) ;
#8800 = PLANE ( 'NONE',  #8706 ) ;
#8801 = CIRCLE ( 'NONE', #9000, 1.700000000000000178 ) ;
#8802 = CC_DESIGN_APPROVAL ( #1259, ( #7073 ) ) ;
#8803 = FACE_OUTER_BOUND ( 'NONE', #10971, .T. ) ;
#8804 = ORIENTED_EDGE ( 'NONE', *, *, #424, .F. ) ;
#8805 = EDGE_CURVE ( 'NONE', #2883, #12326, #5188, .T. ) ;
#8806 = VERTEX_POINT ( 'NONE', #2613 ) ;
#8807 = LINE ( 'NONE', #7795, #11737 ) ;
#8808 = VECTOR ( 'NONE', #10774, 1000.000000000000000 ) ;
#8809 = ORIENTED_EDGE ( 'NONE', *, *, #85, .T. ) ;
#8810 = ORIENTED_EDGE ( 'NONE', *, *, #6484, .F. ) ;
#8811 = LOCAL_TIME ( 12, 23, 36.00000000000000000, #9174 ) ;
#8812 = LINE ( 'NONE', #5821, #10892 ) ;
#8813 = APPROVAL_PERSON_ORGANIZATION ( #5589, #1674, #9571 ) ;
#8814 = LINE ( 'NONE', #7734, #3048 ) ;
#8815 = CARTESIAN_POINT ( 'NONE',  ( 18.51547649045561172, 13.14146106821090143, -0.000000000000000000 ) ) ;
#8816 = VERTEX_POINT ( 'NONE', #8551 ) ;
#8817 = ADVANCED_FACE ( 'NONE', ( #3157 ), #3419, .F. ) ;
#8818 = EDGE_CURVE ( 'NONE', #10432, #7978, #1953, .T. ) ;
#8820 = CIRCLE ( 'NONE', #5409, 14.00000000000000000 ) ;
#8819 = PERSON_AND_ORGANIZATION ( #12991, #11636 ) ;
#8821 = MECHANICAL_CONTEXT ( 'NONE', #10855, 'mechanical' ) ;
#8822 = EDGE_LOOP ( 'NONE', ( #1123, #11886 ) ) ;
#8823 = CIRCLE ( 'NONE', #12665, 5.799999999999999822 ) ;
#8824 = CARTESIAN_POINT ( 'NONE',  ( 16.00000000000000000, -6.000000000000000000, 18.00000000000000355 ) ) ;
#8825 = ORGANIZATION ( 'NAUO-ORG1', 'UNSPECIFIED', 'UNSPECIFIED' ) ;
#8826 = CARTESIAN_POINT ( 'NONE',  ( 31.00000000000000000, 66.00000000000000000, -1.200000000000000030E-05 ) ) ;
#8827 = LINE ( 'NONE', #9016, #11160 ) ;
#8828 = CARTESIAN_POINT ( 'NONE',  ( -7.957126042965939838, 64.63880920473498293, 0.000000000000000000 ) ) ;
#8829 = AXIS2_PLACEMENT_3D ( 'NONE', #12997, #1962, #4731 ) ;
#8830 = SHAPE_DEFINITION_REPRESENTATION ( #9890, #12709 ) ;
#8831 = CARTESIAN_POINT ( 'NONE',  ( 12.63880920472417557, 68.95712604297266068, 0.000000000000000000 ) ) ;
#8832 = CC_DESIGN_DATE_AND_TIME_ASSIGNMENT ( #296, #12380, ( #6457 ) ) ;
#8833 = EDGE_CURVE ( 'NONE', #3548, #3895, #1386, .T. ) ;
#8834 = VECTOR ( 'NONE', #9232, 1000.000000000000000 ) ;
#8835 = CC_DESIGN_DATE_AND_TIME_ASSIGNMENT ( #3566, #11685, ( #4400 ) ) ;
#8836 = DIRECTION ( 'NONE',  ( 0.000000000000000000, 0.000000000000000000, -1.000000000000000000 ) ) ;
#8837 = CARTESIAN_POINT ( 'NONE',  ( -9.000000000000000000, 57.00000000000000000, 5.000000000000000000 ) ) ;
#8838 = VECTOR ( 'NONE', #6945, 1000.000000000000000 ) ;
#8839 = ORIENTED_EDGE ( 'NONE', *, *, #2891, .F. ) ;
#8840 = CARTESIAN_POINT ( 'NONE',  ( 0.000000000000000000, 0.000000000000000000, 12.00000000000000000 ) ) ;
#8841 = CARTESIAN_POINT ( 'NONE',  ( -9.442584738250030085, 58.65666690099504876, 0.000000000000000000 ) ) ;
#8842 = VERTEX_POINT ( 'NONE', #3186 ) ;
#8843 = FACE_BOUND ( 'NONE', #8172, .T. ) ;
#8844 = FACE_OUTER_BOUND ( 'NONE', #3034, .T. ) ;
#8845 = COORDINATED_UNIVERSAL_TIME_OFFSET ( 5, 0, .BEHIND. ) ;
#8846 = VECTOR ( 'NONE', #12260, 1000.000000000000000 ) ;
#8847 = CIRCLE ( 'NONE', #4833, 8.000000000000000000 ) ;
#8848 = CARTESIAN_POINT ( 'NONE',  ( -20.00000000000000000, -6.000000000000000152E-06, 10.30000000000000071 ) ) ;
#8849 = CARTESIAN_POINT ( 'NONE',  ( 43.00000000000000000, 0.000000000000000000, 0.000000000000000000 ) ) ;
#8850 = EDGE_CURVE ( 'NONE', #9914, #4266, #759, .T. ) ;
#8851 = LINE ( 'NONE', #2784, #7683 ) ;
#8852 = AXIS2_PLACEMENT_3D ( 'NONE', #7383, #2186, #5286 ) ;
#8853 = CARTESIAN_POINT ( 'NONE',  ( 31.19999999999999929, 0.000000000000000000, 6.000000000000000000 ) ) ;
#8854 = ORIENTED_EDGE ( 'NONE', *, *, #3493, .T. ) ;
#8855 = CARTESIAN_POINT ( 'NONE',  ( 43.00000000000000000, 8.000000000000000000, 17.00000000000000000 ) ) ;
#8856 = ORIENTED_EDGE ( 'NONE', *, *, #3508, .F. ) ;
#8857 = ORIENTED_EDGE ( 'NONE', *, *, #11134, .F. ) ;
#8858 = PLANE ( 'NONE',  #4975 ) ;
#8859 = EDGE_LOOP ( 'NONE', ( #7737, #4457 ) ) ;
#8860 = CARTESIAN_POINT ( 'NONE',  ( -15.59999999999999964, 72.50000000000000000, 6.000000000000000000 ) ) ;
#8861 = FACE_OUTER_BOUND ( 'NONE', #3825, .T. ) ;
#8862 = DIRECTION ( 'NONE',  ( 0.000000000000000000, 1.000000000000000000, 0.000000000000000000 ) ) ;
#8863 = MECHANICAL_CONTEXT ( 'NONE', #4699, 'mechanical' ) ;
#8864 = AXIS2_PLACEMENT_3D ( 'NONE', #9929, #6983, #2065 ) ;
#8865 = ITEM_DEFINED_TRANSFORMATION ( 'NONE', 'NONE', #8871,  #1284 ) ;
#8866 = FACE_BOUND ( 'NONE', #11768, .T. ) ;
#8867 = VERTEX_POINT ( 'NONE', #398 ) ;
#8868 = CARTESIAN_POINT ( 'NONE',  ( 1.634374254348486266, 2.027707120433111410, -0.000000000000000000 ) ) ;
#8869 = EDGE_LOOP ( 'NONE', ( #6113, #3559, #9121, #6131 ) ) ;
#8870 = CARTESIAN_POINT ( 'NONE',  ( 0.000000000000000000, 0.000000000000000000, 2.000000000000000000 ) ) ;
#8871 = AXIS2_PLACEMENT_3D ( 'NONE', #10563, #10428, #1380 ) ;
#8872 = ORIENTED_EDGE ( 'NONE', *, *, #7595, .T. ) ;
#8873 = EDGE_LOOP ( 'NONE', ( #12743, #10079, #8264, #4283 ) ) ;
#8874 = CARTESIAN_POINT ( 'NONE',  ( -27.69999999999999929, 0.000000000000000000, -0.000000000000000000 ) ) ;
#8875 = EDGE_CURVE ( 'NONE', #4009, #7213, #10490, .T. ) ;
#8876 = LOCAL_TIME ( 12, 23, 36.00000000000000000, #6234 ) ;
#8877 = DIRECTION ( 'NONE',  ( -0.000000000000000000, -1.000000000000000000, -0.000000000000000000 ) ) ;
#8878 = VERTEX_POINT ( 'NONE', #4719 ) ;
#8879 = FACE_BOUND ( 'NONE', #7524, .T. ) ;
#8880 = DIRECTION ( 'NONE',  ( -0.000000000000000000, 1.000000000000000000, 0.000000000000000000 ) ) ;
#8881 = ORIENTED_EDGE ( 'NONE', *, *, #1239, .T. ) ;
#8882 = EDGE_LOOP ( 'NONE', ( #3653, #8307, #10611, #4114 ) ) ;
#8883 = DATE_AND_TIME ( #11806, #9674 ) ;
#8884 = CC_DESIGN_APPROVAL ( #3898, ( #10151 ) ) ;
#8885 = DIRECTION ( 'NONE',  ( 0.000000000000000000, 0.000000000000000000, -1.000000000000000000 ) ) ;
#8886 = FACE_OUTER_BOUND ( 'NONE', #3626, .T. ) ;
#8887 = EDGE_CURVE ( 'NONE', #1000, #10238, #8814, .T. ) ;
#8888 = DIRECTION ( 'NONE',  ( 0.000000000000000000, 0.000000000000000000, -1.000000000000000000 ) ) ;
#8889 = CARTESIAN_POINT ( 'NONE',  ( -10.70006951123578887, 65.77491600511628178, 0.000000000000000000 ) ) ;
#8890 = CALENDAR_DATE ( 2026, 21, 9 ) ;
#8891 = CARTESIAN_POINT ( 'NONE',  ( 123.5574152617459305, 1.656666900993485791, 0.000000000000000000 ) ) ;
#8892 = PLANE ( 'NONE',  #6058 ) ;
#8893 = FACE_OUTER_BOUND ( 'NONE', #7691, .T. ) ;
#8894 = ADVANCED_FACE ( 'NONE', ( #846 ), #1149, .F. ) ;
#8895 = ORIENTED_EDGE ( 'NONE', *, *, #1393, .T. ) ;
#8896 = DIRECTION ( 'NONE',  ( -1.000000000000000000, -0.000000000000000000, -0.000000000000000000 ) ) ;
#8897 = EDGE_LOOP ( 'NONE', ( #6872, #6477, #5953, #5322 ) ) ;
#8898 = CARTESIAN_POINT ( 'NONE',  ( 10.00000000000000000, -10.00000000000000000, 35.00000000000000000 ) ) ;
#8899 = CARTESIAN_POINT ( 'NONE',  ( 21.69999999999999929, -14.22561580490772393, -0.000000000000000000 ) ) ;
#8900 = EDGE_CURVE ( 'NONE', #2400, #8476, #1790, .T. ) ;
#8901 = APPROVAL_ROLE ( '' ) ;
#8902 = EDGE_CURVE ( 'NONE', #7736, #11841, #318, .T. ) ;
#8903 = CARTESIAN_POINT ( 'NONE',  ( 11.90340548161031364, 7.369530314402258142, 9.503034309753191522 ) ) ;
#8904 = DIRECTION ( 'NONE',  ( 0.000000000000000000, 1.000000000000000000, 0.000000000000000000 ) ) ;
#8905 = CYLINDRICAL_SURFACE ( 'NONE', #8421, 1.100000000000000311 ) ;
#8906 = PLANE ( 'NONE',  #9811 ) ;
#8907 = CIRCLE ( 'NONE', #10182, 1.700000000000000178 ) ;
#8908 = VERTEX_POINT ( 'NONE', #9411 ) ;
#8909 = CARTESIAN_POINT ( 'NONE',  ( -18.30000000000000071, 14.00000000000000000, -1.200000000000000030E-05 ) ) ;
#8910 = ORIENTED_EDGE ( 'NONE', *, *, #5327, .F. ) ;
#8911 = ORIENTED_EDGE ( 'NONE', *, *, #6696, .T. ) ;
#8912 = ORIENTED_EDGE ( 'NONE', *, *, #6764, .T. ) ;
#8913 =( REPRESENTATION_RELATIONSHIP ('NONE','NONE', #6877, #11302 ) REPRESENTATION_RELATIONSHIP_WITH_TRANSFORMATION ( #5611 )SHAPE_REPRESENTATION_RELATIONSHIP( ) );
#8914 = B_SPLINE_CURVE_WITH_KNOTS ( 'NONE', 3,
 ( #5191, #9096, #1176, #9227, #1251, #4069, #6098, #10288, #11281, #12147, #4217, #6026, #1050, #8154, #12223, #1114, #12297, #9303 ),
 .UNSPECIFIED., .F., .F.,
 ( 4, 2, 2, 2, 2, 2, 2, 2, 4 ),
 ( 0.5000000000000000000, 0.5625000000000000000, 0.6250000000000000000, 0.6875000000000000000, 0.7500000000000000000, 0.8125000000000000000, 0.8750000000000000000, 0.9375000000000000000, 1.000000000000000000 ),
 .UNSPECIFIED. ) ;
#8915 = CARTESIAN_POINT ( 'NONE',  ( -18.51547649045614463, 14.85853893178999741, -0.000000000000000000 ) ) ;
#8916 = APPROVAL ( #9169, 'æœª' ) ;
#8917 = CC_DESIGN_PERSON_AND_ORGANIZATION_ASSIGNMENT ( #9686, #2566, ( #4858 ) ) ;
#8918 = DIRECTION ( 'NONE',  ( -0.000000000000000000, -0.000000000000000000, 1.000000000000000000 ) ) ;
#8919 = LINE ( 'NONE', #1620, #6075 ) ;
#8920 = CALENDAR_DATE ( 2026, 21, 9 ) ;
#8921 = CARTESIAN_POINT ( 'NONE',  ( -22.00000000000000000, 0.000000000000000000, 0.000000000000000000 ) ) ;
#8922 = PLANE ( 'NONE',  #10747 ) ;
#8923 = VECTOR ( 'NONE', #4433, 1000.000000000000000 ) ;
#8924 = ORIENTED_EDGE ( 'NONE', *, *, #10923, .T. ) ;
#8925 = DIRECTION ( 'NONE',  ( -0.000000000000000000, -0.000000000000000000, 1.000000000000000000 ) ) ;
#8926 = VERTEX_POINT ( 'NONE', #12478 ) ;
#8927 = DIRECTION ( 'NONE',  ( 0.000000000000000000, 0.000000000000000000, -1.000000000000000000 ) ) ;
#8928 = ORIENTED_EDGE ( 'NONE', *, *, #5355, .T. ) ;
#8929 = EDGE_LOOP ( 'NONE', ( #2307, #2136, #4173, #6523 ) ) ;
#8930 = EDGE_CURVE ( 'NONE', #5740, #8406, #9545, .T. ) ;
#8931 = DIRECTION ( 'NONE',  ( 0.000000000000000000, 0.000000000000000000, 1.000000000000000000 ) ) ;
#8932 = CARTESIAN_POINT ( 'NONE',  ( -30.50000000000000000, -10.00000000000000000, 0.000000000000000000 ) ) ;
#8933 = VERTEX_POINT ( 'NONE', #7536 ) ;
#8934 =( NAMED_UNIT ( * ) SI_UNIT ( $, .STERADIAN. ) SOLID_ANGLE_UNIT ( ) );
#8935 = ADVANCED_FACE ( 'NONE', ( #7336 ), #8342, .F. ) ;
#8936 = PERSON_AND_ORGANIZATION_ROLE ( 'creator' ) ;
#8937 = ORIENTED_EDGE ( 'NONE', *, *, #590, .F. ) ;
#8938 = DIRECTION ( 'NONE',  ( -0.000000000000000000, -1.000000000000000000, -0.000000000000000000 ) ) ;
#8939 = CARTESIAN_POINT ( 'NONE',  ( -9.225083994885922678, 0.000000000000000000, 2.299930488764208025 ) ) ;
#8940 = PLANE ( 'NONE',  #2522 ) ;
#8941 = PERSON_AND_ORGANIZATION ( #12199, #3519 ) ;
#8942 = PLANE ( 'NONE',  #8829 ) ;
#8943 = AXIS2_PLACEMENT_3D ( 'NONE', #4991, #2027, #12085 ) ;
#8944 = APPROVAL_ROLE ( '' ) ;
#8945 = CARTESIAN_POINT ( 'NONE',  ( -10.54980359593110606, 9.207328926581988426, 6.800000000000001599 ) ) ;
#8946 = ORIENTED_EDGE ( 'NONE', *, *, #5093, .T. ) ;
#8947 = DIRECTION ( 'NONE',  ( 1.000000000000000000, 0.000000000000000000, 0.000000000000000000 ) ) ;
#8948 = DIRECTION ( 'NONE',  ( 0.000000000000000000, -0.000000000000000000, -1.000000000000000000 ) ) ;
#8949 = ORIENTED_EDGE ( 'NONE', *, *, #11827, .F. ) ;
#8950 = DIRECTION ( 'NONE',  ( 1.000000000000000000, 0.000000000000000000, 0.000000000000000000 ) ) ;
#8951 = DIRECTION ( 'NONE',  ( 0.000000000000000000, 0.000000000000000000, 1.000000000000000000 ) ) ;
#8952 = EDGE_CURVE ( 'NONE', #5450, #11899, #458, .T. ) ;
#8953 = LINE ( 'NONE', #13011, #10002 ) ;
#8954 = ORIENTED_EDGE ( 'NONE', *, *, #10667, .F. ) ;
#8955 = VECTOR ( 'NONE', #12480, 1000.000000000000000 ) ;
#8956 = CALENDAR_DATE ( 2026, 21, 9 ) ;
#8957 = DIRECTION ( 'NONE',  ( -1.000000000000000000, 0.000000000000000000, 0.000000000000000000 ) ) ;
#8958 = CARTESIAN_POINT ( 'NONE',  ( -5.500000000000000000, 0.000000000000000000, 22.00000000000000000 ) ) ;
#8959 = LINE ( 'NONE', #13016, #1217 ) ;
#8960 = APPROVAL_ROLE ( '' ) ;
#8961 = CARTESIAN_POINT ( 'NONE',  ( 11.25500529808220485, 8.327020506907691910, 8.435553284710737287 ) ) ;
#8962 = LINE ( 'NONE', #9962, #9497 ) ;
#8963 = CARTESIAN_POINT ( 'NONE',  ( 20.00000000000000000, 8.000000000000000000, 13.70000000000000107 ) ) ;
#8964 = AXIS2_PLACEMENT_3D ( 'NONE', #12514, #9577, #1465 ) ;
#8965 = AXIS2_PLACEMENT_3D ( 'NONE', #6669, #9679, #7855 ) ;
#8966 = CYLINDRICAL_SURFACE ( 'NONE', #110, 1.700000000000000178 ) ;
#8967 = EDGE_CURVE ( 'NONE', #5817, #5132, #2350, .T. ) ;
#8968 = ADVANCED_FACE ( 'NONE', ( #2475 ), #9482, .T. ) ;
#8969 = CARTESIAN_POINT ( 'NONE',  ( -3.100000000000000089, 2.939152317953647106E-16, 29.00000000000000000 ) ) ;
#8970 = ORIENTED_EDGE ( 'NONE', *, *, #9048, .F. ) ;
#8971 = CARTESIAN_POINT ( 'NONE',  ( 12.00000000000000000, -12.00000000000000000, 20.00000000000000000 ) ) ;
#8972 = EDGE_CURVE ( 'NONE', #11648, #10329, #8485, .T. ) ;
#8973 = ORIENTED_EDGE ( 'NONE', *, *, #12358, .T. ) ;
#8974 = PLANE ( 'NONE',  #11113 ) ;
#8975 = ORIENTED_EDGE ( 'NONE', *, *, #12222, .F. ) ;
#8976 = DIRECTION ( 'NONE',  ( 1.000000000000000000, 0.000000000000000000, 0.000000000000000000 ) ) ;
#8977 = CARTESIAN_POINT ( 'NONE',  ( -21.69999999999999929, -14.00000000000000000, -1.200000000000000030E-05 ) ) ;
#8978 = FACE_OUTER_BOUND ( 'NONE', #7058, .T. ) ;
#8979 = CYLINDRICAL_SURFACE ( 'NONE', #12027, 2.600000000000000089 ) ;
#8980 = AXIS2_PLACEMENT_3D ( 'NONE', #3491, #8636, #9688 ) ;
#8981 = CALENDAR_DATE ( 2026, 21, 9 ) ;
#8982 = CARTESIAN_POINT ( 'NONE',  ( 0.000000000000000000, 70.00000000000000000, 0.000000000000000000 ) ) ;
#8983 = FACE_OUTER_BOUND ( 'NONE', #11770, .T. ) ;
#8984 = CIRCLE ( 'NONE', #5186, 1.700000000000000178 ) ;
#8985 = VECTOR ( 'NONE', #12932, 1000.000000000000000 ) ;
#8986 = ORIENTED_EDGE ( 'NONE', *, *, #1805, .T. ) ;
#8987 = CC_DESIGN_DATE_AND_TIME_ASSIGNMENT ( #2978, #4765, ( #6235 ) ) ;
#8988 = DIRECTION ( 'NONE',  ( -0.000000000000000000, -1.000000000000000000, -0.000000000000000000 ) ) ;
#8989 = CC_DESIGN_SECURITY_CLASSIFICATION ( #10048, ( #13076 ) ) ;
#8990 = PRODUCT_RELATED_PRODUCT_CATEGORY ( 'detail', '', ( #12121 ) ) ;
#8991 = APPLICATION_CONTEXT ( 'configuration controlled 3d designs of mechanical parts and assemblies' ) ;
#8992 = ORIENTED_EDGE ( 'NONE', *, *, #11562, .F. ) ;
#8993 = CARTESIAN_POINT ( 'NONE',  ( -37.50000000000000000, -10.00000000000000000, 28.00000000000000000 ) ) ;
#8994 = DIRECTION ( 'NONE',  ( 0.000000000000000000, 0.000000000000000000, 1.000000000000000000 ) ) ;
#8995 = CARTESIAN_POINT ( 'NONE',  ( -11.91263578868202089, 7.355505887541386123, 9.505990645141926265 ) ) ;
#8996 = ORIENTED_EDGE ( 'NONE', *, *, #134, .T. ) ;
#8997 = ORIENTED_EDGE ( 'NONE', *, *, #11005, .F. ) ;
#8998 = CARTESIAN_POINT ( 'NONE',  ( 12.00000000000000000, 7.000000000000000000, 5.000000000000000000 ) ) ;
#8999 = ADVANCED_FACE ( 'NONE', ( #5310 ), #7722, .F. ) ;
#9000 = AXIS2_PLACEMENT_3D ( 'NONE', #4687, #11951, #1917 ) ;
#9001 = DIRECTION ( 'NONE',  ( 1.000000000000000000, 0.000000000000000000, 0.000000000000000000 ) ) ;
#9002 = DIRECTION ( 'NONE',  ( -0.000000000000000000, -0.000000000000000000, 1.000000000000000000 ) ) ;
#9003 = VECTOR ( 'NONE', #7143, 1000.000000000000000 ) ;
#9004 = DIRECTION ( 'NONE',  ( -1.000000000000000000, 0.000000000000000000, -0.000000000000000000 ) ) ;
#9005 = VECTOR ( 'NONE', #5269, 1000.000000000000000 ) ;
#9006 = VERTEX_POINT ( 'NONE', #8737 ) ;
#9007 = DIRECTION ( 'NONE',  ( 0.000000000000000000, -0.000000000000000000, 1.000000000000000000 ) ) ;
#9008 = EDGE_CURVE ( 'NONE', #6613, #11679, #580, .T. ) ;
#9009 = ORIENTED_EDGE ( 'NONE', *, *, #8194, .F. ) ;
#9010 = VECTOR ( 'NONE', #12131, 1000.000000000000000 ) ;
#9011 = ORIENTED_EDGE ( 'NONE', *, *, #12482, .T. ) ;
#9012 = FACE_BOUND ( 'NONE', #3232, .T. ) ;
#9013 = CLOSED_SHELL ( 'NONE', ( #7835, #8817, #10013, #3481, #1966, #7175, #5374, #8019, #2775, #7597, #7122, #6976, #3968, #4535, #690, #12229, #10684, #258 ) ) ;
#9014 = LINE ( 'NONE', #9141, #7052 ) ;
#9015 = DIRECTION ( 'NONE',  ( 0.000000000000000000, 0.000000000000000000, 1.000000000000000000 ) ) ;
#9016 = CARTESIAN_POINT ( 'NONE',  ( 15.19999999999999929, -2.000000000000000000, 3.000000000000000000 ) ) ;
#9017 = LOCAL_TIME ( 12, 23, 36.00000000000000000, #12299 ) ;
#9018 = LINE ( 'NONE', #12882, #9475 ) ;
#9019 = PERSON_AND_ORGANIZATION ( #12991, #11636 ) ;
#9020 = ADVANCED_FACE ( 'NONE', ( #1750 ), #644, .F. ) ;
#9021 = LINE ( 'NONE', #6439, #6460 ) ;
#9022 = EDGE_LOOP ( 'NONE', ( #7914, #11667, #1943, #43 ) ) ;
#9023 = LINE ( 'NONE', #4280, #8185 ) ;
#9024 = CARTESIAN_POINT ( 'NONE',  ( 0.000000000000000000, 0.000000000000000000, 4.000000000000000000 ) ) ;
#9025 = ORIENTED_EDGE ( 'NONE', *, *, #11723, .F. ) ;
#9026 = FACE_OUTER_BOUND ( 'NONE', #4958, .T. ) ;
#9027 = DIRECTION ( 'NONE',  ( -0.000000000000000000, -0.000000000000000000, -1.000000000000000000 ) ) ;
#9028 = AXIS2_PLACEMENT_3D ( 'NONE', #4648, #12732, #12671 ) ;
#9029 = APPROVAL_PERSON_ORGANIZATION ( #11623, #8352, #4646 ) ;
#9030 = CARTESIAN_POINT ( 'NONE',  ( 12.00000000000000000, 7.000000000000000000, 6.700000000000000178 ) ) ;
#9031 = CIRCLE ( 'NONE', #6486, 2.500000000000000000 ) ;
#9032 = CARTESIAN_POINT ( 'NONE',  ( 19.55736206015248868, -15.65679534101080428, -0.000000000000000000 ) ) ;
#9033 = DATE_TIME_ROLE ( 'classification_date' ) ;
#9034 = CARTESIAN_POINT ( 'NONE',  ( 11.88038519805911619, 7.406761620341381303, 10.60532561035885202 ) ) ;
#9035 = B_SPLINE_CURVE_WITH_KNOTS ( 'NONE', 3,
 ( #11084, #9158, #124, #340, #3161, #4353, #203, #8371, #12227, #4140, #9368, #8157, #7217, #7154, #6163, #10224, #11218, #6308 ),
 .UNSPECIFIED., .F., .F.,
 ( 4, 2, 2, 2, 2, 2, 2, 2, 4 ),
 ( 0.5000000000000003331, 0.5625000000000003331, 0.6250000000000002220, 0.6875000000000002220, 0.7500000000000002220, 0.8125000000000001110, 0.8750000000000001110, 0.9375000000000000000, 1.000000000000000000 ),
 .UNSPECIFIED. ) ;
#9036 = LINE ( 'NONE', #5788, #862 ) ;
#9037 = EDGE_CURVE ( 'NONE', #6520, #10599, #12868, .T. ) ;
#9038 = CIRCLE ( 'NONE', #11586, 1.700000000000000178 ) ;
#9039 = AXIS2_PLACEMENT_3D ( 'NONE', #9979, #6838, #1873 ) ;
#9040 = LINE ( 'NONE', #6960, #12013 ) ;
#9041 = FACE_OUTER_BOUND ( 'NONE', #2182, .T. ) ;
#9042 = AXIS2_PLACEMENT_3D ( 'NONE', #1120, #7088, #68 ) ;
#9043 = DIRECTION ( 'NONE',  ( -1.000000000000000000, -0.000000000000000000, -0.000000000000000000 ) ) ;
#9044 = ORIENTED_EDGE ( 'NONE', *, *, #6704, .T. ) ;
#9045 = VECTOR ( 'NONE', #1218, 1000.000000000000000 ) ;
#9046 = VERTEX_POINT ( 'NONE', #3715 ) ;
#9047 = DIRECTION ( 'NONE',  ( -1.000000000000000000, 0.000000000000000000, 0.000000000000000000 ) ) ;
#9048 = EDGE_CURVE ( 'NONE', #10600, #4330, #830, .T. ) ;
#9049 = EDGE_LOOP ( 'NONE', ( #10673, #12241, #2934, #9134 ) ) ;
#9050 = AXIS2_PLACEMENT_3D ( 'NONE', #4230, #3384, #12368 ) ;
#9051 = PERSON_AND_ORGANIZATION ( #6343, #8825 ) ;
#9052 = CARTESIAN_POINT ( 'NONE',  ( 11.90000000000000036, -6.400000000000000355, 3.000000000000000000 ) ) ;
#9053 = DIRECTION ( 'NONE',  ( 0.000000000000000000, 0.000000000000000000, 1.000000000000000000 ) ) ;
#9054 = VECTOR ( 'NONE', #501, 1000.000000000000000 ) ;
#9055 = EDGE_CURVE ( 'NONE', #11704, #3723, #7847, .T. ) ;
#9056 = CARTESIAN_POINT ( 'NONE',  ( 10.00000000000000000, 27.50000000000000000, 58.00000000000000000 ) ) ;
#9057 = EDGE_CURVE ( 'NONE', #7469, #11023, #9788, .T. ) ;
#9058 = DIRECTION ( 'NONE',  ( 0.000000000000000000, -0.000000000000000000, -1.000000000000000000 ) ) ;
#9059 = AXIS2_PLACEMENT_3D ( 'NONE', #10658, #12670, #3599 ) ;
#9060 = AXIS2_PLACEMENT_3D ( 'NONE', #12850, #8676, #5694 ) ;
#9061 = CYLINDRICAL_SURFACE ( 'NONE', #5855, 2.000000000000001776 ) ;
#9062 = CARTESIAN_POINT ( 'NONE',  ( -9.000000000000000000, 80.49999999999998579, 4.000000000000000000 ) ) ;
#9063 = ADVANCED_FACE ( 'NONE', ( #765 ), #6779, .F. ) ;
#9064 = ORIENTED_EDGE ( 'NONE', *, *, #911, .T. ) ;
#9065 = VECTOR ( 'NONE', #10244, 1000.000000000000000 ) ;
#9066 = DIRECTION ( 'NONE',  ( 0.000000000000000000, 0.000000000000000000, 1.000000000000000000 ) ) ;
#9067 = DIRECTION ( 'NONE',  ( 1.000000000000000000, 0.000000000000000000, 0.000000000000000000 ) ) ;
#9068 = CARTESIAN_POINT ( 'NONE',  ( 3.000000000000000000, 3.673940397442059375E-16, 38.00000000000000000 ) ) ;
#9069 = ORIENTED_EDGE ( 'NONE', *, *, #9936, .T. ) ;
#9070 = ORIENTED_EDGE ( 'NONE', *, *, #3696, .F. ) ;
#9071 = LINE ( 'NONE', #37, #4801 ) ;
#9072 = AXIS2_PLACEMENT_3D ( 'NONE', #2344, #7641, #2647 ) ;
#9073 = PLANE ( 'NONE',  #5695 ) ;
#9074 = EDGE_CURVE ( 'NONE', #9149, #10600, #2664, .T. ) ;
#9075 = ADVANCED_FACE ( 'NONE', ( #8803 ), #12855, .F. ) ;
#9076 = CARTESIAN_POINT ( 'NONE',  ( -2.533830729021401940, -0.6767371672058377641, -0.000000000000000000 ) ) ;
#9077 = EDGE_LOOP ( 'NONE', ( #7859, #12666 ) ) ;
#9078 =( GEOMETRIC_REPRESENTATION_CONTEXT ( 3 ) GLOBAL_UNCERTAINTY_ASSIGNED_CONTEXT ( ( #6323 ) ) GLOBAL_UNIT_ASSIGNED_CONTEXT ( ( #8549, #11789, #10670 ) ) REPRESENTATION_CONTEXT ( 'NONE', 'WORKASPACE' ) );
#9079 = ORIENTED_EDGE ( 'NONE', *, *, #2735, .F. ) ;
#9080 = EDGE_LOOP ( 'NONE', ( #3212, #30 ) ) ;
#9081 = CARTESIAN_POINT ( 'NONE',  ( -15.59999999999999964, 67.50000000000000000, -1.200000000000000030E-05 ) ) ;
#9082 = CARTESIAN_POINT ( 'NONE',  ( 4.299999999999999822, -9.000000000000000000, -6.000000000000000152E-06 ) ) ;
#9083 = CC_DESIGN_PERSON_AND_ORGANIZATION_ASSIGNMENT ( #11351, #3494, ( #7328 ) ) ;
#9084 = APPROVAL_PERSON_ORGANIZATION ( #12874, #7693, #6676 ) ;
#9085 = DIRECTION ( 'NONE',  ( 0.000000000000000000, 0.000000000000000000, 1.000000000000000000 ) ) ;
#9086 = CC_DESIGN_DATE_AND_TIME_ASSIGNMENT ( #661, #7557, ( #4858 ) ) ;
#9087 = LINE ( 'NONE', #10068, #9480 ) ;
#9088 = DIRECTION ( 'NONE',  ( -1.000000000000000000, 0.000000000000000000, 0.000000000000000000 ) ) ;
#9089 = APPROVAL_STATUS ( 'not_yet_approved' ) ;
#9090 = LINE ( 'NONE', #5179, #8070 ) ;
#9091 = EDGE_LOOP ( 'NONE', ( #3307, #5701, #12100, #10366 ) ) ;
#9092 = CARTESIAN_POINT ( 'NONE',  ( 0.000000000000000000, 146.0000000000000000, 3.000000000000000000 ) ) ;
#9093 = ORIENTED_EDGE ( 'NONE', *, *, #11437, .T. ) ;
#9094 = LOCAL_TIME ( 12, 23, 36.00000000000000000, #9699 ) ;
#9095 = LINE ( 'NONE', #10953, #7460 ) ;
#9096 = CARTESIAN_POINT ( 'NONE',  ( -21.70006951123579597, 13.77491600511408087, 0.000000000000000000 ) ) ;
#9097 = PLANE ( 'NONE',  #13028 ) ;
#9098 = DIRECTION ( 'NONE',  ( 1.000000000000000000, 0.000000000000000000, 0.000000000000000000 ) ) ;
#9099 = APPROVAL_STATUS ( 'not_yet_approved' ) ;
#9100 = CARTESIAN_POINT ( 'NONE',  ( 11.93795499826097739, 7.313427394620801714, 10.24662375167233108 ) ) ;
#9101 = DIRECTION ( 'NONE',  ( 1.000000000000000000, 0.000000000000000000, 0.000000000000000000 ) ) ;
#9102 = APPROVAL_PERSON_ORGANIZATION ( #3484, #3682, #8357 ) ;
#9103 = CARTESIAN_POINT ( 'NONE',  ( -11.50000000000000000, 6.000000000000000000, 16.00000000000000000 ) ) ;
#9104 = CARTESIAN_POINT ( 'NONE',  ( 27.69999999999999929, -57.00000000000000000, -1.200000000000000030E-05 ) ) ;
#9105 = SECURITY_CLASSIFICATION_LEVEL ( 'unclassified' ) ;
#9106 = CARTESIAN_POINT ( 'NONE',  ( -16.00000000000000000, 6.000000000000000000, 16.00000000000000000 ) ) ;
#9107 = ORIENTED_EDGE ( 'NONE', *, *, #2456, .T. ) ;
#9108 = EDGE_CURVE ( 'NONE', #5702, #1136, #4834, .T. ) ;
#9109 = ORIENTED_EDGE ( 'NONE', *, *, #5303, .F. ) ;
#9110 = DIRECTION ( 'NONE',  ( -0.000000000000000000, -0.000000000000000000, 1.000000000000000000 ) ) ;
#9111 = ORIENTED_EDGE ( 'NONE', *, *, #11615, .F. ) ;
#9112 = CARTESIAN_POINT ( 'NONE',  ( 7.484325342115312196, -9.858653920127151693, 0.000000000000000000 ) ) ;
#9113 = CARTESIAN_POINT ( 'NONE',  ( -8.141461068209997265, -0.000000000000000000, 14.48452350954423018 ) ) ;
#9114 = DIRECTION ( 'NONE',  ( -0.000000000000000000, -0.000000000000000000, 1.000000000000000000 ) ) ;
#9115 = CALENDAR_DATE ( 2026, 21, 9 ) ;
#9116 = CARTESIAN_POINT ( 'NONE',  ( 2.600000000000000089, 0.000000000000000000, -6.000000000000000152E-06 ) ) ;
#9117 = FACE_BOUND ( 'NONE', #7245, .T. ) ;
#9118 = ORIENTED_EDGE ( 'NONE', *, *, #9843, .T. ) ;
#9119 = LINE ( 'NONE', #86, #8448 ) ;
#9120 = ADVANCED_BREP_SHAPE_REPRESENTATION ( '', ( #3054, #1284 ), #2343 ) ;
#9121 = ORIENTED_EDGE ( 'NONE', *, *, #1805, .F. ) ;
#9122 = DIRECTION ( 'NONE',  ( -0.000000000000000000, -0.000000000000000000, 1.000000000000000000 ) ) ;
#9123 = EDGE_CURVE ( 'NONE', #10099, #8603, #8417, .T. ) ;
#9124 = DIRECTION ( 'NONE',  ( -0.000000000000000000, -0.000000000000000000, -1.000000000000000000 ) ) ;
#9125 = ORIENTED_EDGE ( 'NONE', *, *, #5517, .T. ) ;
#9126 = ORIENTED_EDGE ( 'NONE', *, *, #2069, .T. ) ;
#9127 = FACE_OUTER_BOUND ( 'NONE', #5687, .T. ) ;
#9128 = DIRECTION ( 'NONE',  ( -0.000000000000000000, 1.000000000000000000, -0.000000000000000000 ) ) ;
#9129 = EDGE_CURVE ( 'NONE', #4176, #11471, #3573, .T. ) ;
#9130 = COORDINATED_UNIVERSAL_TIME_OFFSET ( 5, 0, .BEHIND. ) ;
#9131 = SHAPE_DEFINITION_REPRESENTATION ( #734, #10979 ) ;
#9132 = DIRECTION ( 'NONE',  ( -1.000000000000000000, 0.000000000000000000, 0.000000000000000000 ) ) ;
#9133 = FACE_BOUND ( 'NONE', #324, .T. ) ;
#9134 = ORIENTED_EDGE ( 'NONE', *, *, #9879, .T. ) ;
#9135 =( NAMED_UNIT ( * ) SI_UNIT ( $, .STERADIAN. ) SOLID_ANGLE_UNIT ( ) );
#9136 = ADVANCED_FACE ( 'NONE', ( #9117, #12110, #6977, #10912 ), #4168, .T. ) ;
#9137 = ADVANCED_FACE ( 'NONE', ( #1995 ), #12976, .F. ) ;
#9138 = EDGE_LOOP ( 'NONE', ( #10149, #468 ) ) ;
#9139 = ADVANCED_FACE ( 'NONE', ( #8983 ), #9061, .F. ) ;
#9140 = LINE ( 'NONE', #6012, #5209 ) ;
#9141 = CARTESIAN_POINT ( 'NONE',  ( -12.00000000000000000, 12.00000000000000000, 20.00000000000000000 ) ) ;
#9142 = CARTESIAN_POINT ( 'NONE',  ( -18.34320465898919394, -0.000000000000000000, 12.44263793984841193 ) ) ;
#9143 = FACE_BOUND ( 'NONE', #7602, .T. ) ;
#9144 = CALENDAR_DATE ( 2026, 21, 9 ) ;
#9145 = CARTESIAN_POINT ( 'NONE',  ( 35.00000000000000000, 0.000000000000000000, 0.000000000000000000 ) ) ;
#9146 = CARTESIAN_POINT ( 'NONE',  ( 3.000000000000000000, 3.000000000000000000, 3.000000000000002665 ) ) ;
#9147 = ORIENTED_EDGE ( 'NONE', *, *, #4787, .T. ) ;
#9148 = FACE_OUTER_BOUND ( 'NONE', #7398, .T. ) ;
#9149 = VERTEX_POINT ( 'NONE', #9924 ) ;
#9150 = DIRECTION ( 'NONE',  ( 0.000000000000000000, 0.000000000000000000, 1.000000000000000000 ) ) ;
#9151 = APPROVAL ( #3658, 'UNKNOWN' ) ;
#9152 = LINE ( 'NONE', #6950, #9597 ) ;
#9153 = APPROVAL ( #8541, 'æœª' ) ;
#9154 = ORIENTED_EDGE ( 'NONE', *, *, #7359, .F. ) ;
#9155 = CARTESIAN_POINT ( 'NONE',  ( 31.60000000000000142, 77.50000000000000000, -1.200000000000000030E-05 ) ) ;
#9156 = DIRECTION ( 'NONE',  ( -0.000000000000000000, 1.000000000000000000, 0.000000000000000000 ) ) ;
#9157 = VECTOR ( 'NONE', #4327, 1000.000000000000000 ) ;
#9158 = CARTESIAN_POINT ( 'NONE',  ( 30.77491600511331882, 0.000000000000000000, 11.29993048876420580 ) ) ;
#9159 = CALENDAR_DATE ( 2026, 21, 9 ) ;
#9160 = CYLINDRICAL_SURFACE ( 'NONE', #2306, 1.700000000000000178 ) ;
#9161 = DIRECTION ( 'NONE',  ( -0.000000000000000000, -0.000000000000000000, -1.000000000000000000 ) ) ;
#9162 = DIRECTION ( 'NONE',  ( 0.000000000000000000, 0.000000000000000000, -1.000000000000000000 ) ) ;
#9163 = CARTESIAN_POINT ( 'NONE',  ( 31.19999999999999929, 59.50000000000000000, -1.200000000000000030E-05 ) ) ;
#9164 = DIRECTION ( 'NONE',  ( -0.000000000000000000, -0.000000000000000000, -1.000000000000000000 ) ) ;
#9165 = VECTOR ( 'NONE', #9164, 1000.000000000000000 ) ;
#9166 = DATE_TIME_ROLE ( 'classification_date' ) ;
#9167 = CARTESIAN_POINT ( 'NONE',  ( -2.500000000000000000, 0.000000000000000000, 5.000000000000000000 ) ) ;
#9168 = ADVANCED_FACE ( 'NONE', ( #11180 ), #8922, .F. ) ;
#9169 = APPROVAL_STATUS ( 'not_yet_approved' ) ;
#9170 = ORIENTED_EDGE ( 'NONE', *, *, #8786, .T. ) ;
#9171 = CALENDAR_DATE ( 2026, 21, 9 ) ;
#9172 = ORIENTED_EDGE ( 'NONE', *, *, #10282, .F. ) ;
#9173 = CARTESIAN_POINT ( 'NONE',  ( 12.30000000000000249, 70.00000000000000000, -6.000000000000000152E-06 ) ) ;
#9174 = COORDINATED_UNIVERSAL_TIME_OFFSET ( 5, 0, .BEHIND. ) ;
#9175 = EDGE_LOOP ( 'NONE', ( #9463, #9744 ) ) ;
#9176 = DIRECTION ( 'NONE',  ( 1.000000000000000000, 0.000000000000000000, 0.000000000000000000 ) ) ;
#9177 = CARTESIAN_POINT ( 'NONE',  ( 10.72380529476361488, 9.000000000000204281, 10.20000000000065477 ) ) ;
#9178 = AXIS2_PLACEMENT_3D ( 'NONE', #11079, #10364, #270 ) ;
#9179 = AXIS2_PLACEMENT_3D ( 'NONE', #6001, #8052, #10258 ) ;
#9180 = CARTESIAN_POINT ( 'NONE',  ( 32.04297226076172933, -0.000000000000000000, 11.63871090099562977 ) ) ;
#9181 = DIRECTION ( 'NONE',  ( 0.000000000000000000, 0.000000000000000000, -1.000000000000000000 ) ) ;
#9182 = EDGE_CURVE ( 'NONE', #4369, #7251, #12202, .T. ) ;
#9183 = CARTESIAN_POINT ( 'NONE',  ( -18.95702773923594719, -12.63871090099721783, -0.000000000000000000 ) ) ;
#9184 = ORIENTED_EDGE ( 'NONE', *, *, #4404, .F. ) ;
#9185 = CARTESIAN_POINT ( 'NONE',  ( 0.000000000000000000, -11.00000000000000000, 0.000000000000000000 ) ) ;
#9186 = ORIENTED_EDGE ( 'NONE', *, *, #412, .T. ) ;
#9187 = CARTESIAN_POINT ( 'NONE',  ( 29.30000000000000071, 57.00000000000000000, -6.000000000000000152E-06 ) ) ;
#9188 = AXIS2_PLACEMENT_3D ( 'NONE', #1879, #12927, #9066 ) ;
#9189 = VECTOR ( 'NONE', #2373, 1000.000000000000000 ) ;
#9190 = CARTESIAN_POINT ( 'NONE',  ( 125.3612890990017092, -1.042972260763601611, -0.000000000000000000 ) ) ;
#9191 = CARTESIAN_POINT ( 'NONE',  ( 0.000000000000000000, 0.000000000000000000, 16.00000000000000000 ) ) ;
#9192 = VERTEX_POINT ( 'NONE', #1074 ) ;
#9193 = LOCAL_TIME ( 12, 23, 36.00000000000000000, #10847 ) ;
#9194 = ORIENTED_EDGE ( 'NONE', *, *, #10613, .F. ) ;
#9195 = LINE ( 'NONE', #8193, #7125 ) ;
#9196 = PLANE ( 'NONE',  #10949 ) ;
#9197 = DIRECTION ( 'NONE',  ( -1.000000000000000000, -0.000000000000000000, -0.000000000000000000 ) ) ;
#9198 = CARTESIAN_POINT ( 'NONE',  ( 9.047951289187748714, 10.68348068199795442, 10.26981335079017477 ) ) ;
#9199 = VECTOR ( 'NONE', #3099, 1000.000000000000000 ) ;
#9200 = EDGE_CURVE ( 'NONE', #12198, #1151, #5083, .T. ) ;
#9201 = SECURITY_CLASSIFICATION ( '', '', #1622 ) ;
#9202 = DIRECTION ( 'NONE',  ( 0.000000000000000000, 0.000000000000000000, 1.000000000000000000 ) ) ;
#9203 = ORIENTED_EDGE ( 'NONE', *, *, #12320, .F. ) ;
#9204 = CIRCLE ( 'NONE', #3534, 16.00000000000001421 ) ;
#9205 = VERTEX_POINT ( 'NONE', #3461 ) ;
#9206 = ORIENTED_EDGE ( 'NONE', *, *, #5819, .F. ) ;
#9207 = ORIENTED_EDGE ( 'NONE', *, *, #617, .F. ) ;
#9208 = VECTOR ( 'NONE', #5654, 1000.000000000000000 ) ;
#9209 = ORGANIZATION ( 'NAUO-ORG24', 'UNSPECIFIED', 'UNSPECIFIED' ) ;
#9210 = PLANE ( 'NONE',  #10715 ) ;
#9211 = DIRECTION ( 'NONE',  ( -1.000000000000000000, 0.000000000000000000, -0.000000000000000000 ) ) ;
#9212 = DIRECTION ( 'NONE',  ( 1.000000000000000000, -0.000000000000000000, 0.000000000000000000 ) ) ;
#9213 = CARTESIAN_POINT ( 'NONE',  ( -15.59999999999999964, 72.50000000000000000, -1.200000000000000030E-05 ) ) ;
#9214 = VECTOR ( 'NONE', #8657, 1000.000000000000000 ) ;
#9215 = APPROVAL_ROLE ( '' ) ;
#9216 = EDGE_CURVE ( 'NONE', #4640, #3623, #10245, .T. ) ;
#9217 = EDGE_CURVE ( 'NONE', #2997, #12622, #7389, .T. ) ;
#9218 = DIRECTION ( 'NONE',  ( -0.000000000000000000, -0.000000000000000000, 1.000000000000000000 ) ) ;
#9219 = VECTOR ( 'NONE', #6430, 1000.000000000000000 ) ;
#9220 = VERTEX_POINT ( 'NONE', #4308 ) ;
#9221 = DIRECTION ( 'NONE',  ( -1.000000000000000000, 0.000000000000000000, 0.000000000000000000 ) ) ;
#9222 = CARTESIAN_POINT ( 'NONE',  ( 8.000000000000000000, 9.797174393178825657E-16, 0.000000000000000000 ) ) ;
#9223 = ORIENTED_EDGE ( 'NONE', *, *, #964, .F. ) ;
#9224 = PERSON_AND_ORGANIZATION_ROLE ( 'creator' ) ;
#9225 = DIRECTION ( 'NONE',  ( 1.000000000000000000, 0.000000000000000000, 0.000000000000000000 ) ) ;
#9226 = ORIENTED_EDGE ( 'NONE', *, *, #9236, .T. ) ;
#9227 = CARTESIAN_POINT ( 'NONE',  ( -21.48452350954438472, 13.14146106821090143, -0.000000000000000000 ) ) ;
#9228 = PLANE ( 'NONE',  #9644 ) ;
#9229 = LOCAL_TIME ( 12, 23, 36.00000000000000000, #8509 ) ;
#9230 = DIRECTION ( 'NONE',  ( -0.000000000000000000, -1.000000000000000000, -0.000000000000000000 ) ) ;
#9231 = SECURITY_CLASSIFICATION_LEVEL ( 'unclassified' ) ;
#9232 = DIRECTION ( 'NONE',  ( -0.000000000000000000, -0.000000000000000000, 1.000000000000000000 ) ) ;
#9233 = PLANE ( 'NONE',  #8662 ) ;
#9234 = CARTESIAN_POINT ( 'NONE',  ( 31.19999999999999929, 59.50000000000000000, -1.200000000000000030E-05 ) ) ;
#9235 = COORDINATED_UNIVERSAL_TIME_OFFSET ( 5, 0, .BEHIND. ) ;
#9236 = EDGE_CURVE ( 'NONE', #2493, #7730, #360, .T. ) ;
#9237 = APPROVAL ( #9099, 'æœª' ) ;
#9238 = CARTESIAN_POINT ( 'NONE',  ( 3.000000000000000000, 146.0000000000000000, 83.00000000000000000 ) ) ;
#9239 = VECTOR ( 'NONE', #449, 1000.000000000000000 ) ;
#9240 = CARTESIAN_POINT ( 'NONE',  ( -9.843211314629879638, 9.958146480581250515, 11.42020408556253130 ) ) ;
#9241 = SECURITY_CLASSIFICATION ( '', '', #10743 ) ;
#9242 = CARTESIAN_POINT ( 'NONE',  ( 43.00000000000000000, 8.000000000000000000, 17.00000000000000000 ) ) ;
#9243 = ORIENTED_EDGE ( 'NONE', *, *, #6704, .F. ) ;
#9244 = PERSON_AND_ORGANIZATION ( #2105, #2864 ) ;
#9245 = ORIENTED_EDGE ( 'NONE', *, *, #1964, .F. ) ;
#9246 = DIRECTION ( 'NONE',  ( 0.000000000000000000, -0.000000000000000000, 1.000000000000000000 ) ) ;
#9247 = ORIENTED_EDGE ( 'NONE', *, *, #5355, .F. ) ;
#9248 = CARTESIAN_POINT ( 'NONE',  ( 0.5999999999999999778, 13.98713694792469120, 16.00000000000000000 ) ) ;
#9249 = VECTOR ( 'NONE', #9422, 1000.000000000000000 ) ;
#9250 = APPLICATION_CONTEXT ( 'configuration controlled 3d designs of mechanical parts and assemblies' ) ;
#9251 = CIRCLE ( 'NONE', #5242, 9.500000000000000000 ) ;
#9252 = DIRECTION ( 'NONE',  ( 0.000000000000000000, -1.000000000000000000, 0.000000000000000000 ) ) ;
#9253 = APPROVAL ( #12833, 'æœª' ) ;
#9254 = CARTESIAN_POINT ( 'NONE',  ( 32.70000000000000284, 57.22525195654804975, 0.000000000000000000 ) ) ;
#9255 = EDGE_CURVE ( 'NONE', #259, #5737, #7447, .T. ) ;
#9256 = APPROVAL_DATE_TIME ( #6051, #1259 ) ;
#9257 = CARTESIAN_POINT ( 'NONE',  ( 134.2999304887634651, -0.2250839948771370391, 0.000000000000000000 ) ) ;
#9258 = VECTOR ( 'NONE', #3166, 1000.000000000000000 ) ;
#9259 = FACE_OUTER_BOUND ( 'NONE', #2119, .T. ) ;
#9260 = ORIENTED_EDGE ( 'NONE', *, *, #6292, .F. ) ;
#9261 = DIRECTION ( 'NONE',  ( 0.000000000000000000, -1.000000000000000000, 0.000000000000000000 ) ) ;
#9262 = VECTOR ( 'NONE', #1719, 1000.000000000000000 ) ;
#9263 = AXIS2_PLACEMENT_3D ( 'NONE', #4007, #1165, #7146 ) ;
#9264 = EDGE_LOOP ( 'NONE', ( #9690, #2461, #2552, #5781 ) ) ;
#9265 = CARTESIAN_POINT ( 'NONE',  ( 29.95702773923838080, 55.63871090099441830, -0.000000000000000000 ) ) ;
#9266 = ORIENTED_EDGE ( 'NONE', *, *, #10074, .T. ) ;
#9267 = DIRECTION ( 'NONE',  ( -0.000000000000000000, -1.000000000000000000, -0.000000000000000000 ) ) ;
#9268 = EDGE_LOOP ( 'NONE', ( #12296, #2156, #4694, #529, #8326, #10528, #4526, #12937 ) ) ;
#9269 = ORIENTED_EDGE ( 'NONE', *, *, #618, .T. ) ;
#9270 = AXIS2_PLACEMENT_3D ( 'NONE', #12157, #2177, #9373 ) ;
#9271 = DIRECTION ( 'NONE',  ( 0.000000000000000000, 0.000000000000000000, -1.000000000000000000 ) ) ;
#9272 = VECTOR ( 'NONE', #4949, 1000.000000000000000 ) ;
#9273 = DIRECTION ( 'NONE',  ( -1.000000000000000000, -0.000000000000000000, -0.000000000000000000 ) ) ;
#9274 = PRODUCT_DEFINITION_SHAPE ( 'NONE', 'NONE',  #2863 ) ;
#9275 = AXIS2_PLACEMENT_3D ( 'NONE', #4506, #4376, #2393 ) ;
#9276 = CALENDAR_DATE ( 2026, 21, 9 ) ;
#9277 = DATE_AND_TIME ( #10197, #9835 ) ;
#9278 = DIRECTION ( 'NONE',  ( -1.000000000000000000, 0.000000000000000000, 0.000000000000000000 ) ) ;
#9279 = CARTESIAN_POINT ( 'NONE',  ( 0.000000000000000000, 0.000000000000000000, 0.000000000000000000 ) ) ;
#9280 = CARTESIAN_POINT ( 'NONE',  ( -2.600069548653550999, -0.3444314227433182829, 0.000000000000000000 ) ) ;
#9281 = ORIENTED_EDGE ( 'NONE', *, *, #957, .T. ) ;
#9282 =( NAMED_UNIT ( * ) PLANE_ANGLE_UNIT ( ) SI_UNIT ( $, .RADIAN. ) );
#9283 = VECTOR ( 'NONE', #2135, 1000.000000000000000 ) ;
#9284 = ORIENTED_EDGE ( 'NONE', *, *, #7542, .F. ) ;
#9285 = EDGE_LOOP ( 'NONE', ( #11259, #589, #1376, #9064 ) ) ;
#9286 = ADVANCED_FACE ( 'NONE', ( #6333, #2336, #2260, #1411 ), #2455, .T. ) ;
#9287 = ADVANCED_FACE ( 'NONE', ( #4243, #10523 ), #438, .F. ) ;
#9288 = CARTESIAN_POINT ( 'NONE',  ( 11.51987796860835189, 7.956290687835841702, 9.846496519295632410 ) ) ;
#9289 = DIRECTION ( 'NONE',  ( 0.000000000000000000, -1.000000000000000000, 0.000000000000000000 ) ) ;
#9290 = PLANE ( 'NONE',  #6689 ) ;
#9291 = PERSON_AND_ORGANIZATION ( #12991, #11636 ) ;
#9292 = DIRECTION ( 'NONE',  ( 1.000000000000000000, 0.000000000000000000, 0.000000000000000000 ) ) ;
#9293 = ORIENTED_EDGE ( 'NONE', *, *, #4773, .T. ) ;
#9294 = CYLINDRICAL_SURFACE ( 'NONE', #1877, 1.700000000000000178 ) ;
#9295 = PLANE ( 'NONE',  #11934 ) ;
#9296 = VERTEX_POINT ( 'NONE', #8396 ) ;
#9297 = DIRECTION ( 'NONE',  ( -1.000000000000000000, 0.000000000000000000, 0.000000000000000000 ) ) ;
#9298 = APPROVAL_ROLE ( '' ) ;
#9299 = ORIENTED_EDGE ( 'NONE', *, *, #10379, .T. ) ;
#9300 = ADVANCED_FACE ( 'NONE', ( #4449 ), #6394, .F. ) ;
#9301 = APPROVAL_ROLE ( '' ) ;
#9302 = SECURITY_CLASSIFICATION ( '', '', #1712 ) ;
#9303 = CARTESIAN_POINT ( 'NONE',  ( -18.30000000000000071, 14.00000000000000000, -6.000000000000000152E-06 ) ) ;
#9304 = CARTESIAN_POINT ( 'NONE',  ( 35.00000000000000000, 0.000000000000000000, 4.000000000000000000 ) ) ;
#9305 = DIRECTION ( 'NONE',  ( -0.000000000000000000, -1.000000000000000000, -0.000000000000000000 ) ) ;
#9306 = PERSON_AND_ORGANIZATION_ROLE ( 'design_supplier' ) ;
#9307 = FACE_BOUND ( 'NONE', #10153, .T. ) ;
#9308 = LINE ( 'NONE', #8375, #1718 ) ;
#9309 = DIRECTION ( 'NONE',  ( -1.000000000000000000, 0.000000000000000000, 0.000000000000000000 ) ) ;
#9310 = ADVANCED_FACE ( 'NONE', ( #5221 ), #9528, .T. ) ;
#9311 = CARTESIAN_POINT ( 'NONE',  ( 122.2999999999999972, 2.081899558550508908E-16, 6.000000000000000000 ) ) ;
#9312 = CC_DESIGN_APPROVAL ( #6951, ( #6742 ) ) ;
#9313 = CARTESIAN_POINT ( 'NONE',  ( 15.69999999999999929, 70.00000000000000000, -6.000000000000000152E-06 ) ) ;
#9314 = CALENDAR_DATE ( 2026, 21, 9 ) ;
#9315 = DIRECTION ( 'NONE',  ( 0.000000000000000000, 0.000000000000000000, -1.000000000000000000 ) ) ;
#9316 = ORIENTED_EDGE ( 'NONE', *, *, #4906, .F. ) ;
#9317 = ADVANCED_FACE ( 'NONE', ( #9259, #10458 ), #236, .F. ) ;
#9318 = ORIENTED_EDGE ( 'NONE', *, *, #5973, .F. ) ;
#9319 = EDGE_CURVE ( 'NONE', #658, #7136, #12526, .T. ) ;
#9320 = DIRECTION ( 'NONE',  ( -1.000000000000000000, 0.000000000000000000, 0.000000000000000000 ) ) ;
#9321 = ORIENTED_EDGE ( 'NONE', *, *, #5743, .F. ) ;
#9322 = CARTESIAN_POINT ( 'NONE',  ( -27.69999999999999929, 57.00000000000000000, 5.000000000000000000 ) ) ;
#9323 = PRODUCT_DEFINITION_FORMATION_WITH_SPECIFIED_SOURCE ( 'ä»', '', #6068, .NOT_KNOWN. ) ;
#9324 = CARTESIAN_POINT ( 'NONE',  ( -12.00000000000000000, 7.000000000000000000, 5.000000000000000000 ) ) ;
#9325 = DIRECTION ( 'NONE',  ( -0.000000000000000000, -0.000000000000000000, 1.000000000000000000 ) ) ;
#9326 = SECURITY_CLASSIFICATION_LEVEL ( 'unclassified' ) ;
#9327 = CARTESIAN_POINT ( 'NONE',  ( 134.3000000000000114, 2.081899558550508908E-16, -6.000000000000000152E-06 ) ) ;
#9328 = CYLINDRICAL_SURFACE ( 'NONE', #12006, 2.000000000000001776 ) ;
#9329 = ORIENTED_EDGE ( 'NONE', *, *, #12966, .T. ) ;
#9330 = CARTESIAN_POINT ( 'NONE',  ( 0.000000000000000000, 0.000000000000000000, 40.00000000000000000 ) ) ;
#9331 = EDGE_LOOP ( 'NONE', ( #2994, #1044, #307, #11904 ) ) ;
#9332 = AXIS2_PLACEMENT_3D ( 'NONE', #3552, #399, #7480 ) ;
#9333 = CARTESIAN_POINT ( 'NONE',  ( 27.69999999999999929, 45.00000000000000000, -1.200000000000000030E-05 ) ) ;
#9334 = APPROVAL_DATE_TIME ( #3992, #7693 ) ;
#9335 = EDGE_LOOP ( 'NONE', ( #9794, #3914, #721, #4685 ) ) ;
#9336 = DIRECTION ( 'NONE',  ( -0.000000000000000000, -0.000000000000000000, 1.000000000000000000 ) ) ;
#9337 = PRODUCT_RELATED_PRODUCT_CATEGORY ( 'detail', '', ( #5259 ) ) ;
#9338 = ORIENTED_EDGE ( 'NONE', *, *, #5651, .T. ) ;
#9339 = CC_DESIGN_DATE_AND_TIME_ASSIGNMENT ( #12538, #6530, ( #1914 ) ) ;
#9340 = ORIENTED_EDGE ( 'NONE', *, *, #3946, .F. ) ;
#9341 = DIRECTION ( 'NONE',  ( 0.000000000000000000, 0.000000000000000000, -1.000000000000000000 ) ) ;
#9342 = PLANE ( 'NONE',  #9508 ) ;
#9343 = DIRECTION ( 'NONE',  ( 0.000000000000000000, 0.000000000000000000, -1.000000000000000000 ) ) ;
#9344 = CIRCLE ( 'NONE', #11239, 14.00000000000000000 ) ;
#9345 = PERSON_AND_ORGANIZATION_ROLE ( 'creator' ) ;
#9346 = DATE_AND_TIME ( #315, #7061 ) ;
#9347 = CARTESIAN_POINT ( 'NONE',  ( 10.10522701328291006, 9.690252514121260319, 8.443211237761941490 ) ) ;
#9348 = CARTESIAN_POINT ( 'NONE',  ( 18.63871090099441830, -0.000000000000000000, 10.95702773923875206 ) ) ;
#9349 = ORIENTED_EDGE ( 'NONE', *, *, #4270, .F. ) ;
#9350 = ORIENTED_EDGE ( 'NONE', *, *, #10833, .F. ) ;
#9351 = ORIENTED_EDGE ( 'NONE', *, *, #465, .T. ) ;
#9352 = EDGE_CURVE ( 'NONE', #118, #2340, #5423, .T. ) ;
#9353 = EDGE_LOOP ( 'NONE', ( #3543, #10515, #9186, #12533 ) ) ;
#9354 =( REPRESENTATION_RELATIONSHIP ('NONE','NONE', #6877, #8265 ) REPRESENTATION_RELATIONSHIP_WITH_TRANSFORMATION ( #11176 )SHAPE_REPRESENTATION_RELATIONSHIP( ) );
#9355 = FACE_OUTER_BOUND ( 'NONE', #633, .T. ) ;
#9356 = DIRECTION ( 'NONE',  ( -0.000000000000000000, -0.000000000000000000, 1.000000000000000000 ) ) ;
#9357 = DIRECTION ( 'NONE',  ( 0.000000000000000000, 1.000000000000000000, 0.000000000000000000 ) ) ;
#9358 = APPROVAL_STATUS ( 'not_yet_approved' ) ;
#9359 = CARTESIAN_POINT ( 'NONE',  ( 135.7749160051166939, 1.700069511235890785, -0.000000000000000000 ) ) ;
#9360 = LINE ( 'NONE', #528, #5155 ) ;
#9361 = ADVANCED_FACE ( 'NONE', ( #3178 ), #2191, .T. ) ;
#9362 = ORIENTED_EDGE ( 'NONE', *, *, #4127, .F. ) ;
#9363 = DIRECTION ( 'NONE',  ( 1.000000000000000000, -0.000000000000000000, 0.000000000000000000 ) ) ;
#9364 = FACE_OUTER_BOUND ( 'NONE', #11040, .T. ) ;
#9365 = ORIENTED_EDGE ( 'NONE', *, *, #929, .F. ) ;
#9366 = EDGE_LOOP ( 'NONE', ( #244, #8895 ) ) ;
#9367 = CARTESIAN_POINT ( 'NONE',  ( -27.69999999999999929, -57.00000000000000000, -1.200000000000000030E-05 ) ) ;
#9368 = CARTESIAN_POINT ( 'NONE',  ( 29.34333309900547704, 0.000000000000000000, 13.44258473825092715 ) ) ;
#9369 = PERSON_AND_ORGANIZATION_ROLE ( 'creator' ) ;
#9370 = CARTESIAN_POINT ( 'NONE',  ( -28.00000000000000000, 0.000000000000000000, 24.00000000000000000 ) ) ;
#9371 = CARTESIAN_POINT ( 'NONE',  ( -34.00000000000000000, 5.000000000000000000, 28.00000000000000000 ) ) ;
#9372 = DIRECTION ( 'NONE',  ( -0.000000000000000000, -0.000000000000000000, 1.000000000000000000 ) ) ;
#9373 = DIRECTION ( 'NONE',  ( 0.000000000000000000, 0.000000000000000000, 1.000000000000000000 ) ) ;
#9374 = EDGE_CURVE ( 'NONE', #427, #12342, #10320, .T. ) ;
#9375 = LINE ( 'NONE', #5338, #9165 ) ;
#9376 = DIRECTION ( 'NONE',  ( -0.000000000000000000, -0.000000000000000000, -1.000000000000000000 ) ) ;
#9377 = ORIENTED_EDGE ( 'NONE', *, *, #292, .F. ) ;
#9378 = PRODUCT_DEFINITION_SHAPE ( 'NONE', 'NONE',  #13072 ) ;
#9379 = ORIENTED_EDGE ( 'NONE', *, *, #5277, .F. ) ;
#9380 = DESIGN_CONTEXT ( 'detailed design', #10618, 'design' ) ;
#9381 = DIRECTION ( 'NONE',  ( 0.000000000000000000, 0.000000000000000000, -1.000000000000000000 ) ) ;
#9382 = CARTESIAN_POINT ( 'NONE',  ( 7.700000000000000178, -9.000000000000000000, -1.200000000000000030E-05 ) ) ;
#9383 = ORIENTED_EDGE ( 'NONE', *, *, #465, .F. ) ;
#9384 = ADVANCED_FACE ( 'NONE', ( #5293 ), #9328, .F. ) ;
#9385 = CARTESIAN_POINT ( 'NONE',  ( 10.50000000000000000, -1.300000000000000044, 16.00000000000000000 ) ) ;
#9386 = LINE ( 'NONE', #3515, #5653 ) ;
#9387 = PLANE ( 'NONE',  #8197 ) ;
#9388 = CARTESIAN_POINT ( 'NONE',  ( 31.60000000000000142, 77.50000000000000000, 6.000000000000000000 ) ) ;
#9389 = VECTOR ( 'NONE', #8222, 1000.000000000000000 ) ;
#9390 = ADVANCED_FACE ( 'NONE', ( #562 ), #8892, .T. ) ;
#9391 = EDGE_CURVE ( 'NONE', #8433, #1173, #2951, .T. ) ;
#9392 = CARTESIAN_POINT ( 'NONE',  ( 10.00000000000000000, -10.00000000000000000, 25.00000000000000000 ) ) ;
#9393 = ORIENTED_EDGE ( 'NONE', *, *, #832, .F. ) ;
#9394 = CARTESIAN_POINT ( 'NONE',  ( -7.343204658989564315, -0.000000000000000000, 4.442637939848412820 ) ) ;
#9395 = EDGE_LOOP ( 'NONE', ( #1987, #9844 ) ) ;
#9396 = DIRECTION ( 'NONE',  ( 0.000000000000000000, 0.000000000000000000, 1.000000000000000000 ) ) ;
#9397 = ORIENTED_EDGE ( 'NONE', *, *, #11884, .F. ) ;
#9398 = LINE ( 'NONE', #243, #2076 ) ;
#9399 = ORIENTED_EDGE ( 'NONE', *, *, #8277, .T. ) ;
#9400 = ORIENTED_EDGE ( 'NONE', *, *, #11980, .F. ) ;
#9401 = CIRCLE ( 'NONE', #2218, 2.500000000000000000 ) ;
#9402 = CARTESIAN_POINT ( 'NONE',  ( -9.000000000000000000, 80.49999999999998579, 4.000000000000000000 ) ) ;
#9403 = LINE ( 'NONE', #4179, #1889 ) ;
#9404 = DATE_AND_TIME ( #11627, #11773 ) ;
#9405 = CARTESIAN_POINT ( 'NONE',  ( -1.850251865230340353, 1.832291515499593126, -0.000000000000000000 ) ) ;
#9406 = CONTEXT_DEPENDENT_SHAPE_REPRESENTATION ( #3367, #5366 ) ;
#9407 = PERSON_AND_ORGANIZATION ( #12839, #12405 ) ;
#9408 = FACE_OUTER_BOUND ( 'NONE', #2081, .T. ) ;
#9409 = APPROVAL ( #6834, 'UNKNOWN' ) ;
#9410 = PRODUCT_DEFINITION ( 'æœ', '', #3424, #7380 ) ;
#9411 = CARTESIAN_POINT ( 'NONE',  ( 31.19999999999999929, 59.50000000000000000, 5.688194301613413550 ) ) ;
#9412 = CARTESIAN_POINT ( 'NONE',  ( -10.65666690099477876, 56.55741526174897160, -0.000000000000000000 ) ) ;
#9413 = AXIS2_PLACEMENT_3D ( 'NONE', #6988, #9001, #7187 ) ;
#9414 = VERTEX_POINT ( 'NONE', #7517 ) ;
#9415 = SHAPE_REPRESENTATION_RELATIONSHIP ( 'NONE' , 'NONE' ,  #5874, #2038 ) ;
#9416 = ORIENTED_EDGE ( 'NONE', *, *, #10825, .F. ) ;
#9417 = ORIENTED_EDGE ( 'NONE', *, *, #4450, .F. ) ;
#9418 = ORIENTED_EDGE ( 'NONE', *, *, #286, .T. ) ;
#9419 = VECTOR ( 'NONE', #6769, 1000.000000000000000 ) ;
#9420 = AXIS2_PLACEMENT_3D ( 'NONE', #5956, #1902, #9999 ) ;
#9421 = CARTESIAN_POINT ( 'NONE',  ( -10.48439506952757050, 66.85848573019067942, 0.000000000000000000 ) ) ;
#9422 = DIRECTION ( 'NONE',  ( 1.000000000000000000, 0.000000000000000000, 0.000000000000000000 ) ) ;
#9423 = CARTESIAN_POINT ( 'NONE',  ( 31.60000000000000142, 77.50000000000000000, -1.200000000000000030E-05 ) ) ;
#9424 = SECURITY_CLASSIFICATION_LEVEL ( 'unclassified' ) ;
#9425 = EDGE_CURVE ( 'NONE', #7378, #11983, #1843, .T. ) ;
#9426 = LINE ( 'NONE', #12493, #7878 ) ;
#9427 = ORIENTED_EDGE ( 'NONE', *, *, #377, .T. ) ;
#9428 = DIRECTION ( 'NONE',  ( -0.000000000000000000, -0.000000000000000000, 1.000000000000000000 ) ) ;
#9429 = VERTEX_POINT ( 'NONE', #1607 ) ;
#9430 = VECTOR ( 'NONE', #3172, 1000.000000000000000 ) ;
#9431 = CARTESIAN_POINT ( 'NONE',  ( 39.90000000132015856, 278.1999999996445467, 20.99999999999999645 ) ) ;
#9432 = CARTESIAN_POINT ( 'NONE',  ( -19.00000000000000000, 9.000000000000000000, 10.00000000000000000 ) ) ;
#9433 = DATE_AND_TIME ( #1168, #13052 ) ;
#9434 = LOCAL_TIME ( 12, 23, 36.00000000000000000, #8054 ) ;
#9435 = EDGE_LOOP ( 'NONE', ( #4300, #2248, #5006, #8975 ) ) ;
#9436 = DIRECTION ( 'NONE',  ( 0.000000000000000000, 0.000000000000000000, -1.000000000000000000 ) ) ;
#9437 = CARTESIAN_POINT ( 'NONE',  ( 35.00000000000000000, 0.000000000000000000, 0.000000000000000000 ) ) ;
#9438 = APPROVAL_DATE_TIME ( #5396, #2792 ) ;
#9439 = EDGE_CURVE ( 'NONE', #6480, #163, #3588, .T. ) ;
#9440 = DIRECTION ( 'NONE',  ( 0.000000000000000000, 0.000000000000000000, 1.000000000000000000 ) ) ;
#9441 = LINE ( 'NONE', #413, #5676 ) ;
#9442 = CARTESIAN_POINT ( 'NONE',  ( -30.50000000000000000, 10.00000000000000000, 35.00000000000000000 ) ) ;
#9443 = VECTOR ( 'NONE', #5122, 1000.000000000000000 ) ;
#9444 = B_SPLINE_CURVE_WITH_KNOTS ( 'NONE', 3,
 ( #2700, #4864, #2821, #4920, #1776, #10006, #3859, #3688, #4798, #7870, #8891, #1967, #12889, #10820, #10877, #6691, #3744, #2769 ),
 .UNSPECIFIED., .F., .F.,
 ( 4, 2, 2, 2, 2, 2, 2, 2, 4 ),
 ( 0.000000000000000000, 0.06250000000000000000, 0.1250000000000000000, 0.1875000000000000000, 0.2500000000000000000, 0.3125000000000000000, 0.3750000000000000000, 0.4375000000000000000, 0.5000000000000000000 ),
 .UNSPECIFIED. ) ;
#9445 = APPROVAL_PERSON_ORGANIZATION ( #1748, #7677, #6836 ) ;
#9446 = LINE ( 'NONE', #416, #8923 ) ;
#9447 = CARTESIAN_POINT ( 'NONE',  ( 32.70000000000000284, 66.00000000000000000, -6.000000000000000152E-06 ) ) ;
#9448 = LINE ( 'NONE', #4436, #4628 ) ;
#9449 = VERTEX_POINT ( 'NONE', #9587 ) ;
#9450 = ORIENTED_EDGE ( 'NONE', *, *, #11147, .T. ) ;
#9451 = CARTESIAN_POINT ( 'NONE',  ( 0.000000000000000000, 0.000000000000000000, 2.000000000000000000 ) ) ;
#9452 = ORIENTED_EDGE ( 'NONE', *, *, #10581, .F. ) ;
#9453 = EDGE_CURVE ( 'NONE', #6853, #10104, #7816, .T. ) ;
#9454 = CARTESIAN_POINT ( 'NONE',  ( 10.72380529476361488, 9.000000000000204281, 10.20000000000065477 ) ) ;
#9455 = DIRECTION ( 'NONE',  ( 1.000000000000000000, 0.000000000000000000, -0.000000000000000000 ) ) ;
#9456 = VECTOR ( 'NONE', #6306, 1000.000000000000000 ) ;
#9457 = CARTESIAN_POINT ( 'NONE',  ( -20.00000000000000000, -14.00000000000000000, -1.200000000000000030E-05 ) ) ;
#9458 = APPROVAL_PERSON_ORGANIZATION ( #3081, #8440, #2172 ) ;
#9459 = DIRECTION ( 'NONE',  ( 1.000000000000000000, 0.000000000000000000, 0.000000000000000000 ) ) ;
#9460 = DIRECTION ( 'NONE',  ( 1.000000000000000000, 0.000000000000000000, 0.000000000000000000 ) ) ;
#9461 = VECTOR ( 'NONE', #9720, 1000.000000000000000 ) ;
#9462 = CARTESIAN_POINT ( 'NONE',  ( 30.77438419509338985, -0.000000000000000000, 5.700000000000000178 ) ) ;
#9463 = ORIENTED_EDGE ( 'NONE', *, *, #12235, .T. ) ;
#9464 = CARTESIAN_POINT ( 'NONE',  ( 0.000000000000000000, 0.000000000000000000, 42.00000000000000000 ) ) ;
#9465 = ORIENTED_EDGE ( 'NONE', *, *, #11957, .T. ) ;
#9466 = CARTESIAN_POINT ( 'NONE',  ( 31.44258473825548705, 64.34333309900708286, 0.000000000000000000 ) ) ;
#9467 = ADVANCED_BREP_SHAPE_REPRESENTATION ( '', ( #11931, #1284 ), #10983 ) ;
#9468 = ORIENTED_EDGE ( 'NONE', *, *, #4718, .F. ) ;
#9469 = CIRCLE ( 'NONE', #1876, 1.700000000000000178 ) ;
#9470 = VERTEX_POINT ( 'NONE', #3860 ) ;
#9471 = APPROVAL_PERSON_ORGANIZATION ( #5528, #6149, #9564 ) ;
#9472 = ADVANCED_FACE ( 'NONE', ( #7872 ), #11881, .T. ) ;
#9473 = LINE ( 'NONE', #2342, #6066 ) ;
#9474 = CARTESIAN_POINT ( 'NONE',  ( 10.50000000000000000, 1.300000000000000044, 16.00000000000000000 ) ) ;
#9475 = VECTOR ( 'NONE', #10001, 1000.000000000000000 ) ;
#9476 = LINE ( 'NONE', #3472, #12676 ) ;
#9477 = CALENDAR_DATE ( 2026, 21, 9 ) ;
#9478 = APPROVAL_DATE_TIME ( #3537, #9151 ) ;
#9479 = CYLINDRICAL_SURFACE ( 'NONE', #6767, 1.699999999999998401 ) ;
#9480 = VECTOR ( 'NONE', #11876, 1000.000000000000000 ) ;
#9481 = VECTOR ( 'NONE', #917, 1000.000000000000000 ) ;
#9482 = PLANE ( 'NONE',  #8538 ) ;
#9483 = CARTESIAN_POINT ( 'NONE',  ( 0.000000000000000000, 0.000000000000000000, 4.000000000000000000 ) ) ;
#9484 = ORIENTED_EDGE ( 'NONE', *, *, #850, .F. ) ;
#9485 = VERTEX_POINT ( 'NONE', #11942 ) ;
#9486 = VERTEX_POINT ( 'NONE', #4988 ) ;
#9487 = EDGE_CURVE ( 'NONE', #10482, #2997, #5610, .T. ) ;
#9488 = EDGE_CURVE ( 'NONE', #2199, #11587, #2823, .T. ) ;
#9489 = AXIS2_PLACEMENT_3D ( 'NONE', #12791, #3718, #5753 ) ;
#9490 = CIRCLE ( 'NONE', #2931, 1.700000000000000178 ) ;
#9491 = CARTESIAN_POINT ( 'NONE',  ( 18.95712604296905113, -12.63880920472926483, 0.000000000000000000 ) ) ;
#9492 = CARTESIAN_POINT ( 'NONE',  ( -12.00000000000000000, -7.000000000000000000, 5.000000000000000000 ) ) ;
#9493 = APPLICATION_PROTOCOL_DEFINITION ( 'international standard', 'config_control_design', 1994, #9514 ) ;
#9494 = CARTESIAN_POINT ( 'NONE',  ( 0.000000000000000000, 3.000000000000000000, 149.0000000000000000 ) ) ;
#9495 = EDGE_LOOP ( 'NONE', ( #1738, #7338 ) ) ;
#9496 = PRODUCT_DEFINITION_SHAPE ( 'NONE', 'NONE',  #11451 ) ;
#9497 = VECTOR ( 'NONE', #8904, 1000.000000000000000 ) ;
#9498 = CIRCLE ( 'NONE', #1062, 1.700000000000000178 ) ;
#9499 = ORIENTED_EDGE ( 'NONE', *, *, #10849, .T. ) ;
#9500 = FACE_OUTER_BOUND ( 'NONE', #8031, .T. ) ;
#9501 = VERTEX_POINT ( 'NONE', #6870 ) ;
#9502 = CC_DESIGN_PERSON_AND_ORGANIZATION_ASSIGNMENT ( #6305, #10368, ( #7354 ) ) ;
#9503 = LINE ( 'NONE', #4606, #3349 ) ;
#9504 = PLANE ( 'NONE',  #6232 ) ;
#9505 = EDGE_CURVE ( 'NONE', #12484, #7592, #6804, .T. ) ;
#9506 = LINE ( 'NONE', #3440, #7702 ) ;
#9507 = APPROVAL_STATUS ( 'not_yet_approved' ) ;
#9508 = AXIS2_PLACEMENT_3D ( 'NONE', #6344, #10588, #3699 ) ;
#9509 =( GEOMETRIC_REPRESENTATION_CONTEXT ( 3 ) GLOBAL_UNCERTAINTY_ASSIGNED_CONTEXT ( ( #7650 ) ) GLOBAL_UNIT_ASSIGNED_CONTEXT ( ( #98, #6071, #1028 ) ) REPRESENTATION_CONTEXT ( 'NONE', 'WORKASPACE' ) );
#9510 = DIRECTION ( 'NONE',  ( 0.000000000000000000, 0.000000000000000000, -1.000000000000000000 ) ) ;
#9511 = CARTESIAN_POINT ( 'NONE',  ( 0.000000000000000000, 0.000000000000000000, 40.00000000000000000 ) ) ;
#9512 = CARTESIAN_POINT ( 'NONE',  ( -21.00000000000000000, 12.00000000000000000, 0.000000000000000000 ) ) ;
#9513 = DIRECTION ( 'NONE',  ( -0.000000000000000000, -0.000000000000000000, -1.000000000000000000 ) ) ;
#9514 = APPLICATION_CONTEXT ( 'configuration controlled 3d designs of mechanical parts and assemblies' ) ;
#9515 = DATE_AND_TIME ( #1334, #5813 ) ;
#9516 = AXIS2_PLACEMENT_3D ( 'NONE', #9862, #8994, #9067 ) ;
#9517 = FACE_BOUND ( 'NONE', #6297, .T. ) ;
#9518 = ORIENTED_EDGE ( 'NONE', *, *, #11662, .T. ) ;
#9519 = DESIGN_CONTEXT ( 'detailed design', #12667, 'design' ) ;
#9520 = EDGE_LOOP ( 'NONE', ( #2532, #9069 ) ) ;
#9521 = CARTESIAN_POINT ( 'NONE',  ( 31.60000000000000142, 77.50000000000000000, 5.590597372058685011 ) ) ;
#9522 = CARTESIAN_POINT ( 'NONE',  ( 10.55101976734915148, 9.205879817082850636, 10.19999999999998153 ) ) ;
#9523 = APPROVAL_STATUS ( 'not_yet_approved' ) ;
#9524 = CARTESIAN_POINT ( 'NONE',  ( -12.00000000000000000, 7.000000000000000000, 5.000000000000000000 ) ) ;
#9525 = DIRECTION ( 'NONE',  ( 1.000000000000000000, -0.000000000000000000, 0.000000000000000000 ) ) ;
#9526 = APPROVAL_PERSON_ORGANIZATION ( #6801, #2559, #11878 ) ;
#9527 = CARTESIAN_POINT ( 'NONE',  ( -16.00000000000000000, -6.000000000000000000, 18.00000000000000355 ) ) ;
#9528 = PLANE ( 'NONE',  #8179 ) ;
#9529 = EDGE_CURVE ( 'NONE', #12040, #1998, #5468, .T. ) ;
#9530 = CARTESIAN_POINT ( 'NONE',  ( -9.000000000000000000, 81.00000000000000000, 5.700000000000000178 ) ) ;
#9531 = SHAPE_REPRESENTATION ( 'V3_REF_electronics_envelope', ( #1284 ), #3399 ) ;
#9532 = VERTEX_POINT ( 'NONE', #3928 ) ;
#9533 = LINE ( 'NONE', #10527, #2025 ) ;
#9534 = ORIENTED_EDGE ( 'NONE', *, *, #5082, .F. ) ;
#9535 = CARTESIAN_POINT ( 'NONE',  ( 32.65686506842305903, 65.55753025008715440, -0.000000000000000000 ) ) ;
#9536 = LOCAL_TIME ( 12, 23, 36.00000000000000000, #12012 ) ;
#9537 = EDGE_LOOP ( 'NONE', ( #4236, #6206, #3421, #1857 ) ) ;
#9538 = ORIENTED_EDGE ( 'NONE', *, *, #5303, .T. ) ;
#9539 = LINE ( 'NONE', #1495, #8166 ) ;
#9540 = PERSON_AND_ORGANIZATION ( #12991, #11636 ) ;
#9541 = CARTESIAN_POINT ( 'NONE',  ( -0.6000001182283759560, 2.529936706146719949, -8.999999999999988370E-06 ) ) ;
#9542 = PERSON_AND_ORGANIZATION_ROLE ( 'classification_officer' ) ;
#9543 = CONTEXT_DEPENDENT_SHAPE_REPRESENTATION ( #4196, #11273 ) ;
#9544 = CARTESIAN_POINT ( 'NONE',  ( -27.69999999999999929, -57.00000000000000000, 0.000000000000000000 ) ) ;
#9545 = LINE ( 'NONE', #3414, #9157 ) ;
#9546 = CARTESIAN_POINT ( 'NONE',  ( -7.299999999999998934, 57.00000000000000000, -6.000000000000000152E-06 ) ) ;
#9547 = EDGE_CURVE ( 'NONE', #6322, #6541, #7941, .T. ) ;
#9548 = CARTESIAN_POINT ( 'NONE',  ( 4.299999999999999822, -9.000000000000000000, -6.000000000000000152E-06 ) ) ;
#9549 = ORIENTED_EDGE ( 'NONE', *, *, #7888, .F. ) ;
#9550 = CARTESIAN_POINT ( 'NONE',  ( 123.5573620601527693, -1.656795341010720346, -0.000000000000000000 ) ) ;
#9551 = ORIENTED_EDGE ( 'NONE', *, *, #5891, .T. ) ;
#9552 = ORIENTED_EDGE ( 'NONE', *, *, #12657, .F. ) ;
#9553 = EDGE_CURVE ( 'NONE', #4369, #2303, #975, .T. ) ;
#9554 = CARTESIAN_POINT ( 'NONE',  ( 31.60000000000000142, 62.50000000000000000, -1.200000000000000030E-05 ) ) ;
#9555 = PERSON_AND_ORGANIZATION_ROLE ( 'creator' ) ;
#9556 = DIRECTION ( 'NONE',  ( -0.000000000000000000, -0.000000000000000000, 1.000000000000000000 ) ) ;
#9557 = VERTEX_POINT ( 'NONE', #9654 ) ;
#9558 = EDGE_CURVE ( 'NONE', #8751, #2813, #1551, .T. ) ;
#9559 = ADVANCED_FACE ( 'NONE', ( #11646 ), #6580, .F. ) ;
#9560 = CARTESIAN_POINT ( 'NONE',  ( 19.00000000000000000, 2.326828918379970970E-15, 0.000000000000000000 ) ) ;
#9561 = AXIS2_PLACEMENT_3D ( 'NONE', #579, #6660, #10730 ) ;
#9562 = ORIENTED_EDGE ( 'NONE', *, *, #9391, .F. ) ;
#9563 = DIRECTION ( 'NONE',  ( 1.000000000000000000, 0.000000000000000000, 0.000000000000000000 ) ) ;
#9564 = APPROVAL_ROLE ( '' ) ;
#9565 = EDGE_CURVE ( 'NONE', #7072, #1666, #11212, .T. ) ;
#9566 = ORIENTED_EDGE ( 'NONE', *, *, #12319, .T. ) ;
#9567 = COORDINATED_UNIVERSAL_TIME_OFFSET ( 5, 0, .BEHIND. ) ;
#9568 = DIRECTION ( 'NONE',  ( -0.000000000000000000, 1.000000000000000000, -0.000000000000000000 ) ) ;
#9569 = LINE ( 'NONE', #3371, #2486 ) ;
#9570 = FACE_OUTER_BOUND ( 'NONE', #9435, .T. ) ;
#9571 = APPROVAL_ROLE ( '' ) ;
#9572 = CARTESIAN_POINT ( 'NONE',  ( 0.000000000000000000, 0.000000000000000000, 42.00000000000000000 ) ) ;
#9573 = LINE ( 'NONE', #9511, #423 ) ;
#9574 = CARTESIAN_POINT ( 'NONE',  ( -21.65666690099399361, -14.44258473825220612, -0.000000000000000000 ) ) ;
#9575 = CC_DESIGN_PERSON_AND_ORGANIZATION_ASSIGNMENT ( #7238, #5065, ( #6429 ) ) ;
#9576 = PRODUCT_RELATED_PRODUCT_CATEGORY ( 'detail', '', ( #3031 ) ) ;
#9577 = DIRECTION ( 'NONE',  ( -0.000000000000000000, 1.000000000000000000, 0.000000000000000000 ) ) ;
#9578 = CARTESIAN_POINT ( 'NONE',  ( -10.65679534101080783, 57.44263793984767119, -0.000000000000000000 ) ) ;
#9579 = VERTEX_POINT ( 'NONE', #11146 ) ;
#9580 = LINE ( 'NONE', #5488, #1426 ) ;
#9581 = CARTESIAN_POINT ( 'NONE',  ( 0.000000000000000000, 149.0000000000000000, 0.000000000000000000 ) ) ;
#9582 = CARTESIAN_POINT ( 'NONE',  ( -7.515604930472060907, 0.000000000000000000, 13.85848573019289276 ) ) ;
#9583 = CARTESIAN_POINT ( 'NONE',  ( 0.000000000000000000, 0.000000000000000000, 42.00000000000000000 ) ) ;
#9584 = CARTESIAN_POINT ( 'NONE',  ( -11.90000000000000036, 6.400000000000000355, 3.000000000000000000 ) ) ;
#9585 = CARTESIAN_POINT ( 'NONE',  ( -11.68331879213511648, 7.714078201723205908, 9.617938645161324018 ) ) ;
#9586 = ADVANCED_FACE ( 'NONE', ( #6301 ), #9294, .F. ) ;
#9587 = CARTESIAN_POINT ( 'NONE',  ( -10.49999999999999822, 59.50000000000000000, 3.200000000000001510 ) ) ;
#9588 = CARTESIAN_POINT ( 'NONE',  ( -8.141461068210000818, -0.000000000000000000, 5.484523509543860698 ) ) ;
#9589 = EDGE_LOOP ( 'NONE', ( #12281, #5865, #11822, #4888, #1711, #7759, #1164, #2353 ) ) ;
#9590 = CARTESIAN_POINT ( 'NONE',  ( -5.500000000000000000, 0.000000000000000000, 26.00000000000000000 ) ) ;
#9591 = ORIENTED_EDGE ( 'NONE', *, *, #10654, .F. ) ;
#9592 = VERTEX_POINT ( 'NONE', #4578 ) ;
#9593 = VERTEX_POINT ( 'NONE', #8010 ) ;
#9594 = COORDINATED_UNIVERSAL_TIME_OFFSET ( 5, 0, .BEHIND. ) ;
#9595 = CARTESIAN_POINT ( 'NONE',  ( 0.000000000000000000, 77.50000000000000000, 6.000000000000000000 ) ) ;
#9596 = DIRECTION ( 'NONE',  ( 0.000000000000000000, 0.000000000000000000, -1.000000000000000000 ) ) ;
#9597 = VECTOR ( 'NONE', #5843, 1000.000000000000000 ) ;
#9598 = EDGE_CURVE ( 'NONE', #1686, #6930, #9251, .T. ) ;
#9599 = CYLINDRICAL_SURFACE ( 'NONE', #6284, 14.00000000000000000 ) ;
#9600 = CALENDAR_DATE ( 2026, 21, 9 ) ;
#9601 = CARTESIAN_POINT ( 'NONE',  ( 10.00000000000000000, 19.50000000000000000, 0.000000000000000000 ) ) ;
#9602 = DIRECTION ( 'NONE',  ( -1.000000000000000000, 0.000000000000000000, 0.000000000000000000 ) ) ;
#9603 = VERTEX_POINT ( 'NONE', #7074 ) ;
#9604 = VERTEX_POINT ( 'NONE', #10147 ) ;
#9605 = B_SPLINE_CURVE_WITH_KNOTS ( 'NONE', 3,
 ( #8660, #2526, #6517, #10591, #1550, #5552, #9585, #12722, #11700, #10713, #10779, #932, #7959, #811, #5735, #2896, #877, #3945, #12901, #8026, #1923, #6817, #3760, #3873 ),
 .UNSPECIFIED., .F., .F.,
 ( 4, 2, 2, 2, 2, 2, 2, 2, 2, 2, 2, 4 ),
 ( 0.006426364726469360744, 0.007171634124655619676, 0.007916903522841878607, 0.008289538221935009374, 0.008662172921028141875, 0.009034807620121272642, 0.009407442319214403409, 0.01015271171740066841, 0.01052534641649380438, 0.01089798111558693688, 0.01164325051377321056, 0.01238851991195948424 ),
 .UNSPECIFIED. ) ;
#9606 = VECTOR ( 'NONE', #5039, 1000.000000000000000 ) ;
#9607 = ORIENTED_EDGE ( 'NONE', *, *, #9610, .T. ) ;
#9608 = ORIENTED_EDGE ( 'NONE', *, *, #11615, .T. ) ;
#9609 = DIRECTION ( 'NONE',  ( -1.000000000000000000, 0.000000000000000000, 0.000000000000000000 ) ) ;
#9610 = EDGE_CURVE ( 'NONE', #8294, #3489, #12143, .T. ) ;
#9611 = CIRCLE ( 'NONE', #8964, 1.700000000000000178 ) ;
#9612 = VECTOR ( 'NONE', #6925, 1000.000000000000000 ) ;
#9613 = DIRECTION ( 'NONE',  ( -0.000000000000000000, -0.000000000000000000, -1.000000000000000000 ) ) ;
#9614 = ORIENTED_EDGE ( 'NONE', *, *, #4373, .F. ) ;
#9615 = DIRECTION ( 'NONE',  ( -0.000000000000000000, -0.000000000000000000, 1.000000000000000000 ) ) ;
#9616 = EDGE_LOOP ( 'NONE', ( #8408, #12353, #2445, #87, #10385, #2212, #12329, #1290, #12263, #9803, #5030, #3279 ) ) ;
#9617 = PERSON_AND_ORGANIZATION ( #12991, #11636 ) ;
#9618 = CARTESIAN_POINT ( 'NONE',  ( 10.72380529476361488, 9.000000000000204281, 11.70000000000065477 ) ) ;
#9619 = ORIENTED_EDGE ( 'NONE', *, *, #1506, .F. ) ;
#9620 = AXIS2_PLACEMENT_3D ( 'NONE', #88, #2064, #10119 ) ;
#9621 = CIRCLE ( 'NONE', #5173, 1.700000000000000178 ) ;
#9622 = CARTESIAN_POINT ( 'NONE',  ( -30.50000000000000000, 10.00000000000000000, 35.00000000000000000 ) ) ;
#9623 = CARTESIAN_POINT ( 'NONE',  ( 11.90340548161031542, 7.369530314402258142, 8.003034309753193298 ) ) ;
#9624 = CARTESIAN_POINT ( 'NONE',  ( 125.7000000000000028, 0.000000000000000000, -6.000000000000000152E-06 ) ) ;
#9625 = FACE_OUTER_BOUND ( 'NONE', #6568, .T. ) ;
#9626 = EDGE_CURVE ( 'NONE', #11920, #5993, #2221, .T. ) ;
#9627 = EDGE_CURVE ( 'NONE', #12845, #10104, #3277, .T. ) ;
#9628 = CIRCLE ( 'NONE', #1410, 1.100000000000000311 ) ;
#9629 = CARTESIAN_POINT ( 'NONE',  ( 12.80000000000000071, -2.000000000000000000, -1.200000000000000030E-05 ) ) ;
#9630 = CARTESIAN_POINT ( 'NONE',  ( -10.36119079527110642, 0.000000000000000000, 14.04287395703057761 ) ) ;
#9631 = APPROVAL_DATE_TIME ( #5592, #5688 ) ;
#9632 = CARTESIAN_POINT ( 'NONE',  ( -18.95712604296878823, -15.36119079527047404, 0.000000000000000000 ) ) ;
#9633 = VECTOR ( 'NONE', #1002, 1000.000000000000000 ) ;
#9634 = EDGE_CURVE ( 'NONE', #6853, #9875, #9023, .T. ) ;
#9635 = ORGANIZATION ( 'NAUO-ORG13', 'UNSPECIFIED', 'UNSPECIFIED' ) ;
#9636 = CYLINDRICAL_SURFACE ( 'NONE', #11293, 2.500000000000000000 ) ;
#9637 = ORIENTED_EDGE ( 'NONE', *, *, #5181, .T. ) ;
#9638 = CYLINDRICAL_SURFACE ( 'NONE', #8092, 1.700000000000000178 ) ;
#9639 = CYLINDRICAL_SURFACE ( 'NONE', #10457, 1.700000000000000178 ) ;
#9640 = VERTEX_POINT ( 'NONE', #5116 ) ;
#9641 = UNCERTAINTY_MEASURE_WITH_UNIT (LENGTH_MEASURE( 1.000000000000000082E-05 ), #3263, 'distance_accuracy_value', 'NONE');
#9642 = ORIENTED_EDGE ( 'NONE', *, *, #292, .T. ) ;
#9643 = DIRECTION ( 'NONE',  ( 0.000000000000000000, -0.000000000000000000, 1.000000000000000000 ) ) ;
#9644 = AXIS2_PLACEMENT_3D ( 'NONE', #7153, #1252, #8018 ) ;
#9645 = CARTESIAN_POINT ( 'NONE',  ( 9.170132238024914173, 10.57899323120674140, 7.858776623762611990 ) ) ;
#9646 = ADVANCED_FACE ( 'NONE', ( #9148 ), #116, .T. ) ;
#9647 = PERSON_AND_ORGANIZATION_ROLE ( 'creator' ) ;
#9648 = ADVANCED_FACE ( 'NONE', ( #4130 ), #12291, .F. ) ;
#9649 = LOCAL_TIME ( 12, 23, 36.00000000000000000, #12974 ) ;
#9650 = APPROVAL ( #5125, 'æœª' ) ;
#9651 = PLANE ( 'NONE',  #623 ) ;
#9652 = CARTESIAN_POINT ( 'NONE',  ( -10.50000000000000000, -1.300000000000000044, -0.09997027095160138099 ) ) ;
#9653 = DIRECTION ( 'NONE',  ( 0.000000000000000000, 0.000000000000000000, -1.000000000000000000 ) ) ;
#9654 = CARTESIAN_POINT ( 'NONE',  ( 3.000000000000000000, 27.50000000000000000, 3.000000000000000000 ) ) ;
#9655 = CIRCLE ( 'NONE', #8598, 3.000000000000000000 ) ;
#9656 = ORIENTED_EDGE ( 'NONE', *, *, #1239, .F. ) ;
#9657 = CARTESIAN_POINT ( 'NONE',  ( 0.000000000000000000, 0.000000000000000000, 25.00000000000000000 ) ) ;
#9658 = ORIENTED_EDGE ( 'NONE', *, *, #11147, .F. ) ;
#9659 = ORIENTED_EDGE ( 'NONE', *, *, #11183, .T. ) ;
#9660 = ORIENTED_EDGE ( 'NONE', *, *, #7521, .F. ) ;
#9661 = CC_DESIGN_SECURITY_CLASSIFICATION ( #9241, ( #13064 ) ) ;
#9662 = COORDINATED_UNIVERSAL_TIME_OFFSET ( 5, 0, .BEHIND. ) ;
#9663 = CARTESIAN_POINT ( 'NONE',  ( 31.44263793984767474, -0.000000000000000000, 2.343204658989193501 ) ) ;
#9664 = APPROVAL ( #1548, 'æœª' ) ;
#9665 = APPROVAL ( #6611, 'æœª' ) ;
#9666 = LOCAL_TIME ( 12, 23, 36.00000000000000000, #11285 ) ;
#9667 = LINE ( 'NONE', #10533, #5250 ) ;
#9668 = PERSON ( 'NAUO-PER22', 'UNSPECIFIED', 'UNSPECIFIED', ('UNSPECIFIED'), ('UNSPECIFIED'), ('UNSPECIFIED') ) ;
#9669 = CARTESIAN_POINT ( 'NONE',  ( 32.04287395702734642, 0.000000000000000000, 14.36119079527582443 ) ) ;
#9670 = PERSON_AND_ORGANIZATION ( #12991, #11636 ) ;
#9671 = APPROVAL_ROLE ( '' ) ;
#9672 = CARTESIAN_POINT ( 'NONE',  ( 0.000000000000000000, 0.000000000000000000, 16.00000000000000000 ) ) ;
#9673 = ORIENTED_EDGE ( 'NONE', *, *, #3809, .T. ) ;
#9674 = LOCAL_TIME ( 12, 23, 36.00000000000000000, #12813 ) ;
#9675 = EDGE_LOOP ( 'NONE', ( #10485, #14 ) ) ;
#9676 = EDGE_LOOP ( 'NONE', ( #5963, #11988, #6845, #7504 ) ) ;
#9677 = ORIENTED_EDGE ( 'NONE', *, *, #2133, .T. ) ;
#9678 = AXIS2_PLACEMENT_3D ( 'NONE', #2283, #5312, #12196 ) ;
#9679 = DIRECTION ( 'NONE',  ( 0.000000000000000000, 0.000000000000000000, -1.000000000000000000 ) ) ;
#9680 = AXIS2_PLACEMENT_3D ( 'NONE', #12490, #11336, #1160 ) ;
#9681 = APPLICATION_CONTEXT ( 'configuration controlled 3d designs of mechanical parts and assemblies' ) ;
#9682 = VECTOR ( 'NONE', #7586, 1000.000000000000000 ) ;
#9683 = PLANE ( 'NONE',  #961 ) ;
#9684 = ORIENTED_EDGE ( 'NONE', *, *, #10027, .F. ) ;
#9685 = ORIENTED_EDGE ( 'NONE', *, *, #4389, .F. ) ;
#9686 = PERSON_AND_ORGANIZATION ( #12991, #11636 ) ;
#9687 = ADVANCED_FACE ( 'NONE', ( #7282 ), #3151, .T. ) ;
#9688 = DIRECTION ( 'NONE',  ( -1.000000000000000000, 0.000000000000000000, 0.000000000000000000 ) ) ;
#9689 = AXIS2_PLACEMENT_3D ( 'NONE', #5274, #488, #5475 ) ;
#9690 = ORIENTED_EDGE ( 'NONE', *, *, #70, .F. ) ;
#9691 = CIRCLE ( 'NONE', #10552, 1.700000000000000178 ) ;
#9692 = CARTESIAN_POINT ( 'NONE',  ( -7.700000000000000178, 0.000000000000000000, 20.00000000000000000 ) ) ;
#9693 = LINE ( 'NONE', #12005, #10279 ) ;
#9694 = DIRECTION ( 'NONE',  ( 0.000000000000000000, 0.000000000000000000, -1.000000000000000000 ) ) ;
#9695 = COORDINATED_UNIVERSAL_TIME_OFFSET ( 5, 0, .BEHIND. ) ;
#9696 = FACE_OUTER_BOUND ( 'NONE', #5432, .T. ) ;
#9697 = CARTESIAN_POINT ( 'NONE',  ( -10.04287395703057761, 0.000000000000000000, 11.63880920472889358 ) ) ;
#9698 = VECTOR ( 'NONE', #8611, 1000.000000000000000 ) ;
#9699 = COORDINATED_UNIVERSAL_TIME_OFFSET ( 5, 0, .BEHIND. ) ;
#9700 = VECTOR ( 'NONE', #10316, 1000.000000000000000 ) ;
#9701 = LINE ( 'NONE', #6566, #1135 ) ;
#9702 = DIRECTION ( 'NONE',  ( 1.000000000000000000, 0.000000000000000000, 0.000000000000000000 ) ) ;
#9703 = ORIENTED_EDGE ( 'NONE', *, *, #11496, .T. ) ;
#9704 = VECTOR ( 'NONE', #6052, 1000.000000000000000 ) ;
#9705 = FACE_BOUND ( 'NONE', #12825, .T. ) ;
#9706 = ADVANCED_FACE ( 'NONE', ( #2165 ), #6156, .T. ) ;
#9707 = CARTESIAN_POINT ( 'NONE',  ( 0.000000000000000000, 0.000000000000000000, 0.000000000000000000 ) ) ;
#9708 = EDGE_LOOP ( 'NONE', ( #12714, #8359, #12910, #3032 ) ) ;
#9709 = AXIS2_PLACEMENT_3D ( 'NONE', #3192, #12331, #958 ) ;
#9710 = ORIENTED_EDGE ( 'NONE', *, *, #5594, .F. ) ;
#9711 = DIRECTION ( 'NONE',  ( -0.000000000000000000, -0.000000000000000000, 1.000000000000000000 ) ) ;
#9712 = CYLINDRICAL_SURFACE ( 'NONE', #6044, 30.00000000000000000 ) ;
#9713 = APPROVAL_DATE_TIME ( #5548, #865 ) ;
#9714 = DIRECTION ( 'NONE',  ( -1.000000000000000000, -0.000000000000000000, -0.000000000000000000 ) ) ;
#9715 = CARTESIAN_POINT ( 'NONE',  ( -20.00000000000000000, -12.00000000000000000, 0.000000000000000000 ) ) ;
#9716 = CARTESIAN_POINT ( 'NONE',  ( 137.7000000000000171, 0.000000000000000000, -6.000000000000000152E-06 ) ) ;
#9717 = VECTOR ( 'NONE', #343, 1000.000000000000000 ) ;
#9718 = EDGE_CURVE ( 'NONE', #6770, #3451, #5183, .T. ) ;
#9719 = EDGE_CURVE ( 'NONE', #11516, #9955, #11274, .T. ) ;
#9720 = DIRECTION ( 'NONE',  ( -0.000000000000000000, -1.000000000000000000, -0.000000000000000000 ) ) ;
#9721 = ORIENTED_EDGE ( 'NONE', *, *, #6840, .F. ) ;
#9722 = DIRECTION ( 'NONE',  ( -0.000000000000000000, -0.000000000000000000, 1.000000000000000000 ) ) ;
#9723 = EDGE_LOOP ( 'NONE', ( #3265, #9762, #1491, #736 ) ) ;
#9724 = EDGE_CURVE ( 'NONE', #2950, #2883, #11075, .T. ) ;
#9725 = VERTEX_POINT ( 'NONE', #9560 ) ;
#9726 = EDGE_LOOP ( 'NONE', ( #11407, #11842, #1758, #1571 ) ) ;
#9727 = PERSON_AND_ORGANIZATION_ROLE ( 'classification_officer' ) ;
#9728 = CARTESIAN_POINT ( 'NONE',  ( 0.000000000000000000, 0.000000000000000000, 149.0000000000000000 ) ) ;
#9729 = AXIS2_PLACEMENT_3D ( 'NONE', #4211, #1111, #10010 ) ;
#9730 = CARTESIAN_POINT ( 'NONE',  ( 35.00000000000000000, -70.00000000000000000, 0.000000000000000000 ) ) ;
#9731 = CARTESIAN_POINT ( 'NONE',  ( 32.70006951123653494, -0.000000000000000000, 12.77491600511549663 ) ) ;
#9732 = COORDINATED_UNIVERSAL_TIME_OFFSET ( 5, 0, .BEHIND. ) ;
#9733 = DATE_AND_TIME ( #1993, #10059 ) ;
#9734 = CARTESIAN_POINT ( 'NONE',  ( -27.69999999999999929, 57.00000000000000000, -1.200000000000000030E-05 ) ) ;
#9735 = CARTESIAN_POINT ( 'NONE',  ( 0.000000000000000000, 0.000000000000000000, 90.00000000000000000 ) ) ;
#9736 = ORIENTED_EDGE ( 'NONE', *, *, #2878, .T. ) ;
#9737 = CC_DESIGN_PERSON_AND_ORGANIZATION_ASSIGNMENT ( #11399, #4183, ( #10048 ) ) ;
#9738 = CARTESIAN_POINT ( 'NONE',  ( 7.484523509544177777, -8.141461068210320562, -0.000000000000000000 ) ) ;
#9739 = APPROVAL_PERSON_ORGANIZATION ( #7814, #3105, #795 ) ;
#9740 = CC_DESIGN_PERSON_AND_ORGANIZATION_ASSIGNMENT ( #9291, #6418, ( #6949 ) ) ;
#9741 = ORIENTED_EDGE ( 'NONE', *, *, #5439, .F. ) ;
#9742 =( LENGTH_UNIT ( ) NAMED_UNIT ( * ) SI_UNIT ( .MILLI., .METRE. ) );
#9743 = ORIENTED_EDGE ( 'NONE', *, *, #5002, .F. ) ;
#9744 = ORIENTED_EDGE ( 'NONE', *, *, #6684, .T. ) ;
#9745 = CARTESIAN_POINT ( 'NONE',  ( -6.000000000000000000, 0.000000000000000000, 0.000000000000000000 ) ) ;
#9746 = LOCAL_TIME ( 12, 23, 36.00000000000000000, #1517 ) ;
#9747 = DIRECTION ( 'NONE',  ( -0.000000000000000000, 0.000000000000000000, 1.000000000000000000 ) ) ;
#9748 = ORIENTED_EDGE ( 'NONE', *, *, #1839, .F. ) ;
#9749 = EDGE_CURVE ( 'NONE', #11026, #242, #7420, .T. ) ;
#9750 = ORIENTED_EDGE ( 'NONE', *, *, #7663, .T. ) ;
#9751 = PERSON_AND_ORGANIZATION_ROLE ( 'classification_officer' ) ;
#9752 = ORIENTED_EDGE ( 'NONE', *, *, #5147, .F. ) ;
#9753 = DIRECTION ( 'NONE',  ( -0.000000000000000000, 1.000000000000000000, 0.000000000000000000 ) ) ;
#9754 = DIRECTION ( 'NONE',  ( -0.000000000000000000, -0.000000000000000000, 1.000000000000000000 ) ) ;
#9755 = CARTESIAN_POINT ( 'NONE',  ( 21.69999999999999929, -14.00000000000000000, -6.000000000000000152E-06 ) ) ;
#9756 = CARTESIAN_POINT ( 'NONE',  ( -27.69999999999999929, -45.00000000000000000, 5.000000000000000000 ) ) ;
#9757 = LINE ( 'NONE', #8977, #5018 ) ;
#9758 = APPLICATION_PROTOCOL_DEFINITION ( 'international standard', 'config_control_design', 1994, #11280 ) ;
#9759 = EDGE_CURVE ( 'NONE', #10199, #9486, #12556, .T. ) ;
#9760 = CARTESIAN_POINT ( 'NONE',  ( 12.00000000000000000, 12.00000000000000000, 20.00000000000000000 ) ) ;
#9761 = CARTESIAN_POINT ( 'NONE',  ( -37.50000000000000000, 10.00000000000000000, 25.00000000000000000 ) ) ;
#9762 = ORIENTED_EDGE ( 'NONE', *, *, #3912, .T. ) ;
#9763 = CARTESIAN_POINT ( 'NONE',  ( 118.3810499613777267, 11.00000000000000000, 6.000000000000000000 ) ) ;
#9764 = EDGE_LOOP ( 'NONE', ( #9899, #6247, #2099, #6985 ) ) ;
#9765 = DIRECTION ( 'NONE',  ( 0.000000000000000000, 0.000000000000000000, 1.000000000000000000 ) ) ;
#9766 = CARTESIAN_POINT ( 'NONE',  ( -21.00000000000000000, 12.00000000000000000, 3.000000000000000000 ) ) ;
#9767 = LINE ( 'NONE', #9902, #2482 ) ;
#9768 = CARTESIAN_POINT ( 'NONE',  ( -2.600000000000000089, 3.184081677783117698E-16, -6.000000000000000152E-06 ) ) ;
#9769 = LINE ( 'NONE', #1733, #6085 ) ;
#9770 = EDGE_CURVE ( 'NONE', #2953, #11098, #10679, .T. ) ;
#9771 = FACE_OUTER_BOUND ( 'NONE', #11044, .T. ) ;
#9772 = CARTESIAN_POINT ( 'NONE',  ( -15.59999999999999964, 77.50000000000000000, -1.200000000000000030E-05 ) ) ;
#9773 = EDGE_LOOP ( 'NONE', ( #8134, #11753 ) ) ;
#9774 = DIRECTION ( 'NONE',  ( -0.000000000000000000, -0.000000000000000000, -1.000000000000000000 ) ) ;
#9775 = ORIENTED_EDGE ( 'NONE', *, *, #5575, .F. ) ;
#9776 = PRODUCT ( 'V3_REF_625ZZ', 'V3_REF_625ZZ', '', ( #10158 ) ) ;
#9777 = EDGE_LOOP ( 'NONE', ( #9607, #569, #3366, #10852 ) ) ;
#9778 = FACE_OUTER_BOUND ( 'NONE', #6754, .T. ) ;
#9779 = ORIENTED_EDGE ( 'NONE', *, *, #4550, .T. ) ;
#9780 = DATE_TIME_ROLE ( 'classification_date' ) ;
#9781 = LINE ( 'NONE', #7457, #10762 ) ;
#9782 = DIRECTION ( 'NONE',  ( -1.000000000000000000, 0.000000000000000000, 0.000000000000000000 ) ) ;
#9783 = EDGE_CURVE ( 'NONE', #12840, #3895, #8560, .T. ) ;
#9784 = CARTESIAN_POINT ( 'NONE',  ( -2.599940775706751861, 0.2933012580821827142, 0.000000000000000000 ) ) ;
#9785 = EDGE_CURVE ( 'NONE', #11920, #2752, #12623, .T. ) ;
#9786 = CONTEXT_DEPENDENT_SHAPE_REPRESENTATION ( #8748, #4247 ) ;
#9787 = LINE ( 'NONE', #11780, #514 ) ;
#9788 = LINE ( 'NONE', #2740, #7550 ) ;
#9789 = VERTEX_POINT ( 'NONE', #3555 ) ;
#9790 = DIRECTION ( 'NONE',  ( 0.000000000000000000, 0.000000000000000000, -1.000000000000000000 ) ) ;
#9791 = LINE ( 'NONE', #9859, #8647 ) ;
#9792 = VERTEX_POINT ( 'NONE', #7554 ) ;
#9793 = FACE_OUTER_BOUND ( 'NONE', #7588, .T. ) ;
#9794 = ORIENTED_EDGE ( 'NONE', *, *, #1896, .F. ) ;
#9795 = VERTEX_POINT ( 'NONE', #2564 ) ;
#9796 = CALENDAR_DATE ( 2026, 21, 9 ) ;
#9797 = CARTESIAN_POINT ( 'NONE',  ( 30.00000000000000000, 3.673940397442059178E-15, 28.00000000000000000 ) ) ;
#9798 = APPROVAL ( #7173, 'UNKNOWN' ) ;
#9799 = CC_DESIGN_PERSON_AND_ORGANIZATION_ASSIGNMENT ( #7084, #2235, ( #8393 ) ) ;
#9800 = COORDINATED_UNIVERSAL_TIME_OFFSET ( 5, 0, .BEHIND. ) ;
#9801 = CARTESIAN_POINT ( 'NONE',  ( 21.65686506842306969, 13.55753025008539048, -0.000000000000000000 ) ) ;
#9802 = VECTOR ( 'NONE', #11923, 1000.000000000000000 ) ;
#9803 = ORIENTED_EDGE ( 'NONE', *, *, #670, .T. ) ;
#9804 = CARTESIAN_POINT ( 'NONE',  ( -9.000000000000000000, 59.50000000000000000, 4.000000000000000000 ) ) ;
#9805 = ORIENTED_EDGE ( 'NONE', *, *, #6654, .F. ) ;
#9806 = DATE_TIME_ROLE ( 'creation_date' ) ;
#9807 = APPROVAL_DATE_TIME ( #2625, #5202 ) ;
#9808 = ORIENTED_EDGE ( 'NONE', *, *, #11730, .F. ) ;
#9809 = CALENDAR_DATE ( 2026, 21, 9 ) ;
#9810 = CARTESIAN_POINT ( 'NONE',  ( 31.60000000000000142, 62.50000000000000000, 6.000000000000000000 ) ) ;
#9811 = AXIS2_PLACEMENT_3D ( 'NONE', #2966, #6819, #5068 ) ;
#9812 = FACE_OUTER_BOUND ( 'NONE', #289, .T. ) ;
#9813 = EDGE_CURVE ( 'NONE', #10186, #10271, #7969, .T. ) ;
#9814 = LINE ( 'NONE', #6563, #12234 ) ;
#9815 = FACE_OUTER_BOUND ( 'NONE', #2984, .T. ) ;
#9816 = PERSON ( 'NAUO-PER17', 'UNSPECIFIED', 'UNSPECIFIED', ('UNSPECIFIED'), ('UNSPECIFIED'), ('UNSPECIFIED') ) ;
#9817 = PERSON_AND_ORGANIZATION ( #12991, #11636 ) ;
#9818 = CARTESIAN_POINT ( 'NONE',  ( 0.000000000000000000, 27.50000000000000000, 3.000000000000000000 ) ) ;
#9819 = LINE ( 'NONE', #10008, #1813 ) ;
#9820 = ORIENTED_EDGE ( 'NONE', *, *, #4519, .F. ) ;
#9821 = CIRCLE ( 'NONE', #3061, 1.700000000000000178 ) ;
#9822 = CIRCLE ( 'NONE', #4120, 2.000000000000000000 ) ;
#9823 = CARTESIAN_POINT ( 'NONE',  ( -8.774916005115503737, 58.69993048876347075, 0.000000000000000000 ) ) ;
#9824 = ORGANIZATION ( 'NAUO-ORG10', 'UNSPECIFIED', 'UNSPECIFIED' ) ;
#9825 = EDGE_LOOP ( 'NONE', ( #5258, #3878 ) ) ;
#9826 = EDGE_CURVE ( 'NONE', #3708, #11791, #2363, .T. ) ;
#9827 = VECTOR ( 'NONE', #316, 1000.000000000000000 ) ;
#9828 = DIRECTION ( 'NONE',  ( 0.000000000000000000, 1.000000000000000000, 0.000000000000000000 ) ) ;
#9829 = CARTESIAN_POINT ( 'NONE',  ( 17.00000000000000000, -10.00000000000000000, 28.00000000000000000 ) ) ;
#9830 = PERSON_AND_ORGANIZATION ( #12991, #11636 ) ;
#9831 = CARTESIAN_POINT ( 'NONE',  ( -18.63880920472979241, 0.000000000000000000, 10.95712604296852177 ) ) ;
#9832 = DIRECTION ( 'NONE',  ( -0.000000000000000000, -0.000000000000000000, -1.000000000000000000 ) ) ;
#9833 = VECTOR ( 'NONE', #13027, 1000.000000000000000 ) ;
#9834 = AXIS2_PLACEMENT_3D ( 'NONE', #12567, #2631, #4610 ) ;
#9835 = LOCAL_TIME ( 12, 23, 36.00000000000000000, #9130 ) ;
#9836 = DIRECTION ( 'NONE',  ( 1.000000000000000000, 0.000000000000000000, 0.000000000000000000 ) ) ;
#9837 = VECTOR ( 'NONE', #2968, 1000.000000000000000 ) ;
#9838 = DIRECTION ( 'NONE',  ( -1.000000000000000000, 0.000000000000000000, 0.000000000000000000 ) ) ;
#9839 = ORIENTED_EDGE ( 'NONE', *, *, #2092, .T. ) ;
#9840 = FACE_OUTER_BOUND ( 'NONE', #13005, .T. ) ;
#9841 = ORIENTED_EDGE ( 'NONE', *, *, #10379, .F. ) ;
#9842 = AXIS2_PLACEMENT_3D ( 'NONE', #5926, #9970, #7707 ) ;
#9843 = EDGE_CURVE ( 'NONE', #2969, #9486, #3581, .T. ) ;
#9844 = ORIENTED_EDGE ( 'NONE', *, *, #11005, .T. ) ;
#9845 = FACE_BOUND ( 'NONE', #9825, .T. ) ;
#9846 = ORIENTED_EDGE ( 'NONE', *, *, #7600, .F. ) ;
#9847 = DATE_AND_TIME ( #12669, #8409 ) ;
#9848 = CARTESIAN_POINT ( 'NONE',  ( 0.000000000000000000, 0.000000000000000000, 68.00000000000000000 ) ) ;
#9849 = CYLINDRICAL_SURFACE ( 'NONE', #5013, 2.600000000000000089 ) ;
#9850 = AXIS2_PLACEMENT_3D ( 'NONE', #1476, #4014, #3940 ) ;
#9851 = PLANE ( 'NONE',  #3150 ) ;
#9852 = CALENDAR_DATE ( 2026, 21, 9 ) ;
#9853 = DATE_AND_TIME ( #12154, #1093 ) ;
#9854 = SECURITY_CLASSIFICATION_LEVEL ( 'unclassified' ) ;
#9855 = DIRECTION ( 'NONE',  ( 0.000000000000000000, 0.000000000000000000, 1.000000000000000000 ) ) ;
#9856 = VECTOR ( 'NONE', #10435, 1000.000000000000000 ) ;
#9857 = LOCAL_TIME ( 12, 23, 36.00000000000000000, #8104 ) ;
#9858 = EDGE_LOOP ( 'NONE', ( #1794, #12871, #1231, #3952, #3676, #11447 ) ) ;
#9859 = CARTESIAN_POINT ( 'NONE',  ( -22.00000000000000000, 84.00000000000000000, 8.000000000000000000 ) ) ;
#9860 = ORIENTED_EDGE ( 'NONE', *, *, #6543, .T. ) ;
#9861 = CARTESIAN_POINT ( 'NONE',  ( 0.000000000000000000, 0.000000000000000000, 16.00000000000000000 ) ) ;
#9862 = CARTESIAN_POINT ( 'NONE',  ( 213.0000000000000000, 30.00000000000000000, 74.50000000000000000 ) ) ;
#9863 = VECTOR ( 'NONE', #4137, 1000.000000000000000 ) ;
#9864 = EDGE_CURVE ( 'NONE', #3865, #6508, #9691, .T. ) ;
#9865 = VERTEX_POINT ( 'NONE', #2682 ) ;
#9866 = VERTEX_POINT ( 'NONE', #6736 ) ;
#9867 = LOCAL_TIME ( 12, 23, 36.00000000000000000, #9800 ) ;
#9868 = DIRECTION ( 'NONE',  ( 0.000000000000000000, -0.000000000000000000, -1.000000000000000000 ) ) ;
#9869 = ADVANCED_FACE ( 'NONE', ( #8879, #12935 ), #10268, .F. ) ;
#9870 = CIRCLE ( 'NONE', #11782, 1.700000000000000178 ) ;
#9871 = CIRCLE ( 'NONE', #10341, 9.500000000000000000 ) ;
#9872 = LOCAL_TIME ( 12, 23, 36.00000000000000000, #784 ) ;
#9873 = DIRECTION ( 'NONE',  ( -0.000000000000000000, -0.000000000000000000, -1.000000000000000000 ) ) ;
#9874 = EDGE_LOOP ( 'NONE', ( #4279, #9925, #6538, #819 ) ) ;
#9875 = VERTEX_POINT ( 'NONE', #12577 ) ;
#9877 = CIRCLE ( 'NONE', #4180, 1.700000000000000178 ) ;
#9876 = CALENDAR_DATE ( 2026, 21, 9 ) ;
#9878 = EDGE_CURVE ( 'NONE', #6464, #3786, #4295, .T. ) ;
#9879 = EDGE_CURVE ( 'NONE', #11790, #5766, #3507, .T. ) ;
#9880 = VERTEX_POINT ( 'NONE', #1335 ) ;
#9881 = AXIS2_PLACEMENT_3D ( 'NONE', #4726, #7681, #11740 ) ;
#9882 = VECTOR ( 'NONE', #4337, 1000.000000000000000 ) ;
#9883 = CARTESIAN_POINT ( 'NONE',  ( 150.0000000000000000, 25.00000000000000000, 0.000000000000000000 ) ) ;
#9884 = VECTOR ( 'NONE', #4866, 1000.000000000000000 ) ;
#9885 = CARTESIAN_POINT ( 'NONE',  ( -10.04287395703031294, 0.000000000000000000, 2.638809204728629343 ) ) ;
#9886 = CARTESIAN_POINT ( 'NONE',  ( 0.000000000000000000, 149.0000000000000000, 3.000000000000000000 ) ) ;
#9887 = DIRECTION ( 'NONE',  ( -0.000000000000000000, -1.000000000000000000, -0.000000000000000000 ) ) ;
#9888 = PERSON_AND_ORGANIZATION ( #12991, #11636 ) ;
#9889 = CARTESIAN_POINT ( 'NONE',  ( 0.000000000000000000, 62.50000000000000000, 6.000000000000000000 ) ) ;
#9890 = PRODUCT_DEFINITION_SHAPE ( 'NONE', 'NONE',  #7770 ) ;
#9891 = VECTOR ( 'NONE', #4059, 1000.000000000000000 ) ;
#9892 = CARTESIAN_POINT ( 'NONE',  ( 40.00000000000000000, 40.00000000000000000, 40.00000000000000000 ) ) ;
#9893 = CARTESIAN_POINT ( 'NONE',  ( -35.00000000000000000, -70.00000000000000000, 0.000000000000000000 ) ) ;
#9894 = VECTOR ( 'NONE', #8518, 1000.000000000000000 ) ;
#9895 = ORIENTED_EDGE ( 'NONE', *, *, #463, .F. ) ;
#9896 = APPROVAL ( #13055, 'æœª' ) ;
#9897 = DIRECTION ( 'NONE',  ( -0.000000000000000000, -0.000000000000000000, -1.000000000000000000 ) ) ;
#9898 = EDGE_CURVE ( 'NONE', #11916, #3094, #7561, .T. ) ;
#9899 = ORIENTED_EDGE ( 'NONE', *, *, #3702, .F. ) ;
#9900 = CARTESIAN_POINT ( 'NONE',  ( 15.69999999999999929, 2.081899558550498554E-16, 2.000000000000000000 ) ) ;
#9901 = LINE ( 'NONE', #13015, #1440 ) ;
#9902 = CARTESIAN_POINT ( 'NONE',  ( 3.000000000000000000, 3.000000000000000000, 83.00000000000000000 ) ) ;
#9903 = APPLICATION_PROTOCOL_DEFINITION ( 'international standard', 'config_control_design', 1994, #2255 ) ;
#9904 = VECTOR ( 'NONE', #10989, 1000.000000000000000 ) ;
#9905 = DIRECTION ( 'NONE',  ( 1.000000000000000000, 0.000000000000000000, 0.000000000000000000 ) ) ;
#9906 = FACE_OUTER_BOUND ( 'NONE', #10287, .T. ) ;
#9907 = DIRECTION ( 'NONE',  ( 1.000000000000000000, 0.000000000000000000, 0.000000000000000000 ) ) ;
#9908 = CARTESIAN_POINT ( 'NONE',  ( -11.50000000000000000, 6.000000000000000000, 0.000000000000000000 ) ) ;
#9909 = AXIS2_PLACEMENT_3D ( 'NONE', #1921, #8024, #13019 ) ;
#9910 = AXIS2_PLACEMENT_3D ( 'NONE', #4291, #8302, #4357 ) ;
#9911 = EDGE_CURVE ( 'NONE', #4006, #4440, #9448, .T. ) ;
#9912 = ORIENTED_EDGE ( 'NONE', *, *, #1566, .F. ) ;
#9913 = DIRECTION ( 'NONE',  ( -1.000000000000000000, 0.000000000000000000, 0.000000000000000000 ) ) ;
#9914 = VERTEX_POINT ( 'NONE', #4365 ) ;
#9915 = EDGE_LOOP ( 'NONE', ( #11074, #1956, #3595, #1304 ) ) ;
#9916 = ORIENTED_EDGE ( 'NONE', *, *, #1196, .F. ) ;
#9917 = CARTESIAN_POINT ( 'NONE',  ( 12.95712604296800485, 71.36119079527043141, 0.000000000000000000 ) ) ;
#9918 = DIRECTION ( 'NONE',  ( 0.000000000000000000, 0.000000000000000000, 1.000000000000000000 ) ) ;
#9919 = CARTESIAN_POINT ( 'NONE',  ( -12.00000000000000000, -7.000000000000000000, 3.299999999999999822 ) ) ;
#9920 =( GEOMETRIC_REPRESENTATION_CONTEXT ( 3 ) GLOBAL_UNCERTAINTY_ASSIGNED_CONTEXT ( ( #10308 ) ) GLOBAL_UNIT_ASSIGNED_CONTEXT ( ( #5449, #9282, #8420 ) ) REPRESENTATION_CONTEXT ( 'NONE', 'WORKASPACE' ) );
#9921 = COORDINATED_UNIVERSAL_TIME_OFFSET ( 5, 0, .BEHIND. ) ;
#9922 = DIRECTION ( 'NONE',  ( 0.000000000000000000, -1.000000000000000000, 0.000000000000000000 ) ) ;
#9923 = EDGE_CURVE ( 'NONE', #9485, #8406, #2739, .T. ) ;
#9924 = CARTESIAN_POINT ( 'NONE',  ( -6.000000000000000000, -1.300000000000000044, 0.000000000000000000 ) ) ;
#9925 = ORIENTED_EDGE ( 'NONE', *, *, #8042, .F. ) ;
#9926 = LINE ( 'NONE', #10914, #653 ) ;
#9927 = ORIENTED_EDGE ( 'NONE', *, *, #5819, .T. ) ;
#9928 = DIRECTION ( 'NONE',  ( -0.000000000000000000, -0.000000000000000000, 1.000000000000000000 ) ) ;
#9929 = CARTESIAN_POINT ( 'NONE',  ( 35.00000000000000000, 40.00000000000000000, 0.000000000000000000 ) ) ;
#9930 = LINE ( 'NONE', #5940, #6693 ) ;
#9931 = APPROVAL_PERSON_ORGANIZATION ( #1545, #865, #2711 ) ;
#9932 = ORIENTED_EDGE ( 'NONE', *, *, #1409, .T. ) ;
#9933 = EDGE_LOOP ( 'NONE', ( #6633, #4371, #194, #9044, #11925, #6304 ) ) ;
#9934 = EDGE_CURVE ( 'NONE', #9006, #4329, #10305, .T. ) ;
#9935 = CARTESIAN_POINT ( 'NONE',  ( -12.00000000000000000, -12.00000000000000000, 20.00000000000000000 ) ) ;
#9936 = EDGE_CURVE ( 'NONE', #11332, #12080, #11598, .T. ) ;
#9937 = CC_DESIGN_SECURITY_CLASSIFICATION ( #10151, ( #3424 ) ) ;
#9938 = DIRECTION ( 'NONE',  ( 1.000000000000000000, 0.000000000000000000, 0.000000000000000000 ) ) ;
#9939 = CYLINDRICAL_SURFACE ( 'NONE', #5987, 3.000000000000000000 ) ;
#9940 = ORIENTED_EDGE ( 'NONE', *, *, #8063, .F. ) ;
#9941 = B_SPLINE_CURVE_WITH_KNOTS ( 'NONE', 3,
 ( #9618, #6424, #7423, #1450, #5465, #12334, #10343, #7405, #8200, #9198, #1425, #2947, #2279, #11466, #4463, #3337, #4184, #4395, #8482, #10262, #6942, #3257, #9347, #12403, #5370, #11014 ),
 .UNSPECIFIED., .F., .F.,
 ( 4, 2, 2, 2, 2, 2, 2, 2, 2, 2, 2, 2, 4 ),
 ( 0.005952082253735857878, 0.006751715355029116496, 0.007551348456322374246, 0.008350981557615632864, 0.008750798108262262606, 0.009150614658908894083, 0.009550431209555523826, 0.009950247760202153569, 0.01035006431084878505, 0.01074988086149541652, 0.01114969741214204627, 0.01154951396278867601, 0.01234914706408193723 ),
 .UNSPECIFIED. ) ;
#9942 = EDGE_LOOP ( 'NONE', ( #10858, #5510, #3418, #5649 ) ) ;
#9943 = LOCAL_TIME ( 12, 23, 36.00000000000000000, #7954 ) ;
#9944 = CARTESIAN_POINT ( 'NONE',  ( 0.000000000000000000, 0.000000000000000000, 38.00000000000000000 ) ) ;
#9945 = CARTESIAN_POINT ( 'NONE',  ( -9.225615804907725703, -0.000000000000000000, 5.700000000000000178 ) ) ;
#9946 = DIRECTION ( 'NONE',  ( -1.000000000000000000, 0.000000000000000000, 0.000000000000000000 ) ) ;
#9947 = CARTESIAN_POINT ( 'NONE',  ( 137.7000000000000171, 0.000000000000000000, 6.000000000000000000 ) ) ;
#9948 = DATE_TIME_ROLE ( 'creation_date' ) ;
#9949 = EDGE_CURVE ( 'NONE', #11998, #11654, #8455, .T. ) ;
#9950 = EDGE_CURVE ( 'NONE', #2667, #8926, #2180, .T. ) ;
#9951 = CARTESIAN_POINT ( 'NONE',  ( -0.5999999999999998668, 9.000000000000000000, 8.500000000000000000 ) ) ;
#9952 = B_SPLINE_CURVE_WITH_KNOTS ( 'NONE', 3,
 ( #2875, #859, #1903, #51, #11069, #3004, #8066, #4001, #7812, #12996, #4859, #1961, #10000, #12135, #7065, #6016, #11140, #12010 ),
 .UNSPECIFIED., .F., .F.,
 ( 4, 2, 2, 2, 2, 2, 2, 2, 4 ),
 ( 0.000000000000000000, 0.06250000000000000000, 0.1250000000000000000, 0.1875000000000000000, 0.2500000000000000000, 0.3125000000000000000, 0.3750000000000000000, 0.4375000000000000000, 0.5000000000000000000 ),
 .UNSPECIFIED. ) ;
#9953 = EDGE_CURVE ( 'NONE', #8114, #7605, #8427, .T. ) ;
#9954 = CARTESIAN_POINT ( 'NONE',  ( 10.00000000000000178, 10.00000000000000000, 28.00000000000000000 ) ) ;
#9955 = VERTEX_POINT ( 'NONE', #6172 ) ;
#9956 = DIRECTION ( 'NONE',  ( 6.123031769111886291E-17, 1.000000000000000000, 0.000000000000000000 ) ) ;
#9957 = DIRECTION ( 'NONE',  ( 1.000000000000000000, -0.000000000000000000, 0.000000000000000000 ) ) ;
#9958 = ORIENTED_EDGE ( 'NONE', *, *, #10538, .T. ) ;
#9959 = DIRECTION ( 'NONE',  ( 1.000000000000000000, 0.000000000000000000, 0.000000000000000000 ) ) ;
#9960 = CARTESIAN_POINT ( 'NONE',  ( 12.00000000000000000, 7.000000000000000000, 3.299999999999999822 ) ) ;
#9961 = PERSON_AND_ORGANIZATION ( #12991, #11636 ) ;
#9962 = CARTESIAN_POINT ( 'NONE',  ( -12.80000000000000071, -2.000000000000000000, 3.000000000000000000 ) ) ;
#9963 = CC_DESIGN_PERSON_AND_ORGANIZATION_ASSIGNMENT ( #10792, #12916, ( #10255 ) ) ;
#9964 = APPROVAL ( #1721, 'æœª' ) ;
#9965 = DIRECTION ( 'NONE',  ( -1.000000000000000000, -0.000000000000000000, -0.000000000000000000 ) ) ;
#9966 = DIRECTION ( 'NONE',  ( 1.000000000000000000, 0.000000000000000000, 0.000000000000000000 ) ) ;
#9967 = DIRECTION ( 'NONE',  ( 0.000000000000000000, 0.000000000000000000, -1.000000000000000000 ) ) ;
#9968 = AXIS2_PLACEMENT_3D ( 'NONE', #12605, #3538, #2662 ) ;
#9969 = VERTEX_POINT ( 'NONE', #10233 ) ;
#9970 = DIRECTION ( 'NONE',  ( -1.000000000000000000, 0.000000000000000000, 0.000000000000000000 ) ) ;
#9971 = ORIENTED_EDGE ( 'NONE', *, *, #4389, .T. ) ;
#9972 = DIRECTION ( 'NONE',  ( 0.000000000000000000, 0.000000000000000000, -1.000000000000000000 ) ) ;
#9973 = VERTEX_POINT ( 'NONE', #10446 ) ;
#9974 = CARTESIAN_POINT ( 'NONE',  ( 14.22508399489168340, 71.69993048876642661, 0.000000000000000000 ) ) ;
#9975 = DIRECTION ( 'NONE',  ( -1.000000000000000000, 0.000000000000000000, -0.000000000000000000 ) ) ;
#9976 = DIRECTION ( 'NONE',  ( 0.000000000000000000, 0.000000000000000000, -1.000000000000000000 ) ) ;
#9977 = ADVANCED_FACE ( 'NONE', ( #1397 ), #287, .F. ) ;
#9978 = DIRECTION ( 'NONE',  ( -1.000000000000000000, -0.000000000000000000, -0.000000000000000000 ) ) ;
#9979 = CARTESIAN_POINT ( 'NONE',  ( -9.000000000000000000, 57.00000000000000000, 5.000000000000000000 ) ) ;
#9980 = ORIENTED_EDGE ( 'NONE', *, *, #1642, .F. ) ;
#9981 = FACE_OUTER_BOUND ( 'NONE', #12451, .T. ) ;
#9982 = ORIENTED_EDGE ( 'NONE', *, *, #11655, .F. ) ;
#9983 = LINE ( 'NONE', #6784, #4566 ) ;
#9984 = CARTESIAN_POINT ( 'NONE',  ( 12.00000000000000000, -7.000000000000000000, 15.00000000000000000 ) ) ;
#9985 = ORIENTED_EDGE ( 'NONE', *, *, #4729, .T. ) ;
#9986 = VERTEX_POINT ( 'NONE', #8239 ) ;
#9987 = ADVANCED_FACE ( 'NONE', ( #9517, #1467 ), #420, .T. ) ;
#9988 = DIRECTION ( 'NONE',  ( 0.000000000000000000, 0.000000000000000000, 1.000000000000000000 ) ) ;
#9989 = AXIS2_PLACEMENT_3D ( 'NONE', #10278, #11144, #11073 ) ;
#9990 = FACE_OUTER_BOUND ( 'NONE', #1350, .T. ) ;
#9991 = FACE_BOUND ( 'NONE', #4538, .T. ) ;
#9992 = VERTEX_POINT ( 'NONE', #10383 ) ;
#9993 = ORIENTED_EDGE ( 'NONE', *, *, #2426, .F. ) ;
#9994 =( LENGTH_UNIT ( ) NAMED_UNIT ( * ) SI_UNIT ( .MILLI., .METRE. ) );
#9995 = ORIENTED_EDGE ( 'NONE', *, *, #4474, .F. ) ;
#9996 = EDGE_CURVE ( 'NONE', #1594, #4401, #9490, .T. ) ;
#9997 = CYLINDRICAL_SURFACE ( 'NONE', #5637, 16.00000000000001421 ) ;
#9998 = EDGE_CURVE ( 'NONE', #5704, #6535, #3228, .T. ) ;
#9999 = DIRECTION ( 'NONE',  ( 1.000000000000000000, 0.000000000000000000, 0.000000000000000000 ) ) ;
#10000 = CARTESIAN_POINT ( 'NONE',  ( 21.36119079526788056, 0.000000000000000000, 10.95712604296694437 ) ) ;
#10001 = DIRECTION ( 'NONE',  ( -1.000000000000000000, -0.000000000000000000, -0.000000000000000000 ) ) ;
#10002 = VECTOR ( 'NONE', #981, 1000.000000000000000 ) ;
#10003 = APPROVAL_DATE_TIME ( #6153, #1172 ) ;
#10004 = DIRECTION ( 'NONE',  ( -0.000000000000000000, -0.000000000000000000, 1.000000000000000000 ) ) ;
#10005 = EDGE_CURVE ( 'NONE', #6969, #7553, #5482, .T. ) ;
#10006 = CARTESIAN_POINT ( 'NONE',  ( 125.0429722607564429, 1.361289099006829373, -0.000000000000000000 ) ) ;
#10007 = ORIENTED_EDGE ( 'NONE', *, *, #5019, .F. ) ;
#10008 = CARTESIAN_POINT ( 'NONE',  ( -9.000000000000000000, -1.200000000000000030E-05, 5.700000000000000178 ) ) ;
#10009 = ORIENTED_EDGE ( 'NONE', *, *, #5893, .F. ) ;
#10010 = DIRECTION ( 'NONE',  ( -1.000000000000000000, 0.000000000000000000, 0.000000000000000000 ) ) ;
#10011 = DIRECTION ( 'NONE',  ( 0.000000000000000000, 0.000000000000000000, 1.000000000000000000 ) ) ;
#10012 = AXIS2_PLACEMENT_3D ( 'NONE', #11258, #10198, #6005 ) ;
#10013 = ADVANCED_FACE ( 'NONE', ( #4501 ), #2325, .F. ) ;
#10014 = EDGE_CURVE ( 'NONE', #802, #10566, #6586, .T. ) ;
#10015 = FACE_OUTER_BOUND ( 'NONE', #5927, .T. ) ;
#10016 = CARTESIAN_POINT ( 'NONE',  ( 31.60000000000000142, -1.200000000000000030E-05, 5.590597372058685011 ) ) ;
#10017 = CALENDAR_DATE ( 2026, 21, 9 ) ;
#10018 = FACE_OUTER_BOUND ( 'NONE', #6978, .T. ) ;
#10019 = CALENDAR_DATE ( 2026, 21, 9 ) ;
#10020 = CARTESIAN_POINT ( 'NONE',  ( 0.000000000000000000, 0.000000000000000000, 0.000000000000000000 ) ) ;
#10021 = LINE ( 'NONE', #6884, #4842 ) ;
#10022 = CARTESIAN_POINT ( 'NONE',  ( -9.500000000000000000, 0.000000000000000000, 38.00000000000000000 ) ) ;
#10023 = AXIS2_PLACEMENT_3D ( 'NONE', #7283, #10284, #5323 ) ;
#10024 = DIRECTION ( 'NONE',  ( 0.000000000000000000, -0.000000000000000000, -1.000000000000000000 ) ) ;
#10025 = CARTESIAN_POINT ( 'NONE',  ( -10.50000000000000000, 59.50000000000000000, 6.000000000000000000 ) ) ;
#10026 = EDGE_LOOP ( 'NONE', ( #1612, #5573, #1113, #6729 ) ) ;
#10027 = EDGE_CURVE ( 'NONE', #7044, #7213, #8604, .T. ) ;
#10028 = ORIENTED_EDGE ( 'NONE', *, *, #11696, .F. ) ;
#10029 = EDGE_CURVE ( 'NONE', #6520, #4176, #695, .T. ) ;
#10030 = CC_DESIGN_PERSON_AND_ORGANIZATION_ASSIGNMENT ( #11357, #3218, ( #4717 ) ) ;
#10031 = DIRECTION ( 'NONE',  ( 0.000000000000000000, 0.000000000000000000, 1.000000000000000000 ) ) ;
#10032 = ORIENTED_EDGE ( 'NONE', *, *, #10807, .F. ) ;
#10033 = VECTOR ( 'NONE', #8045, 1000.000000000000000 ) ;
#10034 = DATE_AND_TIME ( #5982, #10532 ) ;
#10035 = VECTOR ( 'NONE', #3683, 1000.000000000000000 ) ;
#10036 = DIRECTION ( 'NONE',  ( 0.000000000000000000, 1.000000000000000000, 0.000000000000000000 ) ) ;
#10037 = ORGANIZATION ( 'NAUO-ORG5', 'UNSPECIFIED', 'UNSPECIFIED' ) ;
#10038 = CARTESIAN_POINT ( 'NONE',  ( -8.557415261748694491, -0.000000000000000000, 14.65666690099414460 ) ) ;
#10039 = CARTESIAN_POINT ( 'NONE',  ( -11.90000000000000036, -6.400000000000000355, 3.000000000000000000 ) ) ;
#10040 = CALENDAR_DATE ( 2026, 21, 9 ) ;
#10041 = COORDINATED_UNIVERSAL_TIME_OFFSET ( 5, 0, .BEHIND. ) ;
#10042 = CARTESIAN_POINT ( 'NONE',  ( -36.00000000000000711, 5.000000000000000000, -1.200000000000000030E-05 ) ) ;
#10043 = CARTESIAN_POINT ( 'NONE',  ( -21.48439506952757228, -13.14151426980710902, 0.000000000000000000 ) ) ;
#10044 = VECTOR ( 'NONE', #75, 1000.000000000000000 ) ;
#10045 = AXIS2_PLACEMENT_3D ( 'NONE', #2676, #2810, #6788 ) ;
#10046 = VERTEX_POINT ( 'NONE', #1557 ) ;
#10047 = DIRECTION ( 'NONE',  ( 1.000000000000000000, 0.000000000000000000, 0.000000000000000000 ) ) ;
#10048 = SECURITY_CLASSIFICATION ( '', '', #8270 ) ;
#10049 = DIRECTION ( 'NONE',  ( -1.000000000000000000, 0.000000000000000000, 0.000000000000000000 ) ) ;
#10050 = DIRECTION ( 'NONE',  ( 0.000000000000000000, -1.000000000000000000, 0.000000000000000000 ) ) ;
#10051 = PRODUCT_DEFINITION ( 'æœ', '', #12858, #1472 ) ;
#10052 = ORIENTED_EDGE ( 'NONE', *, *, #9487, .F. ) ;
#10053 = EDGE_CURVE ( 'NONE', #7708, #4883, #5558, .T. ) ;
#10054 = EDGE_LOOP ( 'NONE', ( #5137, #1614, #3910, #2746, #12067, #5560, #12383, #305, #12083, #9243, #7834 ) ) ;
#10055 = AXIS2_PLACEMENT_3D ( 'NONE', #12300, #9098, #11284 ) ;
#10056 = DIRECTION ( 'NONE',  ( 0.000000000000000000, 1.000000000000000000, 0.000000000000000000 ) ) ;
#10057 = CIRCLE ( 'NONE', #806, 1.700000000000000178 ) ;
#10058 = LINE ( 'NONE', #5157, #2753 ) ;
#10059 = LOCAL_TIME ( 12, 23, 36.00000000000000000, #9921 ) ;
#10060 = CARTESIAN_POINT ( 'NONE',  ( -27.69999999999999929, 45.00000000000000000, 0.000000000000000000 ) ) ;
#10061 = ORIENTED_EDGE ( 'NONE', *, *, #9074, .F. ) ;
#10062 = ORIENTED_EDGE ( 'NONE', *, *, #9949, .T. ) ;
#10063 = SHAPE_REPRESENTATION_RELATIONSHIP ( 'NONE' , 'NONE' ,  #10870, #6732 ) ;
#10064 = VERTEX_POINT ( 'NONE', #4257 ) ;
#10065 = CARTESIAN_POINT ( 'NONE',  ( -11.00000000000000000, 0.000000000000000000, 26.00000000000000000 ) ) ;
#10066 = CARTESIAN_POINT ( 'NONE',  ( 0.000000000000000000, 25.00000000000000000, 0.000000000000000000 ) ) ;
#10067 = CARTESIAN_POINT ( 'NONE',  ( 31.19999999999999929, 80.50000000000000000, 2.311805698386587338 ) ) ;
#10068 = CARTESIAN_POINT ( 'NONE',  ( 0.000000000000000000, 0.000000000000000000, 0.000000000000000000 ) ) ;
#10069 = LOCAL_TIME ( 12, 23, 36.00000000000000000, #6372 ) ;
#10070 = DIRECTION ( 'NONE',  ( 0.000000000000000000, 0.000000000000000000, -1.000000000000000000 ) ) ;
#10071 = APPROVAL_STATUS ( 'not_yet_approved' ) ;
#10072 = DIRECTION ( 'NONE',  ( 0.000000000000000000, 0.000000000000000000, 1.000000000000000000 ) ) ;
#10073 = AXIS2_PLACEMENT_3D ( 'NONE', #4749, #6766, #2367 ) ;
#10074 = EDGE_CURVE ( 'NONE', #3487, #1000, #9403, .T. ) ;
#10075 = VERTEX_POINT ( 'NONE', #10334 ) ;
#10076 = DIRECTION ( 'NONE',  ( -1.000000000000000000, 0.000000000000000000, 0.000000000000000000 ) ) ;
#10077 = DIRECTION ( 'NONE',  ( 0.000000000000000000, 0.000000000000000000, -1.000000000000000000 ) ) ;
#10078 = AXIS2_PLACEMENT_3D ( 'NONE', #11173, #146, #9176 ) ;
#10079 = ORIENTED_EDGE ( 'NONE', *, *, #12187, .T. ) ;
#10080 = VECTOR ( 'NONE', #2005, 1000.000000000000000 ) ;
#10081 = COORDINATED_UNIVERSAL_TIME_OFFSET ( 5, 0, .BEHIND. ) ;
#10082 = CARTESIAN_POINT ( 'NONE',  ( 17.00000000000000000, -10.00000000000000000, 28.00000000000000000 ) ) ;
#10083 = AXIS2_PLACEMENT_3D ( 'NONE', #2450, #4444, #499 ) ;
#10084 = APPROVAL_PERSON_ORGANIZATION ( #4700, #3363, #6827 ) ;
#10085 = FACE_OUTER_BOUND ( 'NONE', #425, .T. ) ;
#10086 = VECTOR ( 'NONE', #6152, 1000.000000000000000 ) ;
#10087 = B_SPLINE_CURVE_WITH_KNOTS ( 'NONE', 3,
 ( #11664, #11602, #3663, #10480, #1434, #11717, #4468, #5445, #461, #2479, #1628, #12483, #2610, #4656, #10610, #11469, #4590, #11914 ),
 .UNSPECIFIED., .F., .F.,
 ( 4, 2, 2, 2, 2, 2, 2, 2, 4 ),
 ( 0.5000000000000000000, 0.5625000000000000000, 0.6250000000000000000, 0.6875000000000000000, 0.7500000000000000000, 0.8125000000000000000, 0.8750000000000000000, 0.9375000000000000000, 1.000000000000000000 ),
 .UNSPECIFIED. ) ;
#10088 = DIRECTION ( 'NONE',  ( -1.000000000000000000, 0.000000000000000000, 0.000000000000000000 ) ) ;
#10089 = PERSON_AND_ORGANIZATION_ROLE ( 'design_owner' ) ;
#10090 = PLANE ( 'NONE',  #3787 ) ;
#10091 = VECTOR ( 'NONE', #9336, 1000.000000000000000 ) ;
#10092 = AXIS2_PLACEMENT_3D ( 'NONE', #3400, #11454, #502 ) ;
#10093 = FACE_OUTER_BOUND ( 'NONE', #835, .T. ) ;
#10094 = EDGE_CURVE ( 'NONE', #3266, #5740, #11386, .T. ) ;
#10095 = DIRECTION ( 'NONE',  ( -0.000000000000000000, -0.000000000000000000, 1.000000000000000000 ) ) ;
#10096 = CIRCLE ( 'NONE', #4426, 5.500000000000000000 ) ;
#10097 = DIRECTION ( 'NONE',  ( -0.000000000000000000, -0.000000000000000000, -1.000000000000000000 ) ) ;
#10098 = PERSON_AND_ORGANIZATION ( #12991, #11636 ) ;
#10099 = VERTEX_POINT ( 'NONE', #1295 ) ;
#10100 = PRODUCT ( 'V3_04_arm_plate', 'V3_04_arm_plate', '', ( #5786 ) ) ;
#10101 = ORIENTED_EDGE ( 'NONE', *, *, #12795, .T. ) ;
#10102 = VECTOR ( 'NONE', #10760, 1000.000000000000000 ) ;
#10103 = LINE ( 'NONE', #11300, #12822 ) ;
#10104 = VERTEX_POINT ( 'NONE', #3330 ) ;
#10105 = ADVANCED_FACE ( 'NONE', ( #8051 ), #3050, .F. ) ;
#10106 = AXIS2_PLACEMENT_3D ( 'NONE', #6239, #2246, #1188 ) ;
#10107 = CARTESIAN_POINT ( 'NONE',  ( 15.69999999999999929, 70.00000000000000000, -6.000000000000000152E-06 ) ) ;
#10108 = CARTESIAN_POINT ( 'NONE',  ( 0.000000000000000000, 0.000000000000000000, 68.00000000000000000 ) ) ;
#10109 = FACE_OUTER_BOUND ( 'NONE', #7185, .T. ) ;
#10110 = DIRECTION ( 'NONE',  ( 0.000000000000000000, -0.000000000000000000, 1.000000000000000000 ) ) ;
#10111 = AXIS2_PLACEMENT_3D ( 'NONE', #4256, #12470, #2143 ) ;
#10112 = EDGE_CURVE ( 'NONE', #1759, #12388, #5478, .T. ) ;
#10113 = ADVANCED_FACE ( 'NONE', ( #5096, #9127 ), #9196, .T. ) ;
#10114 = AXIS2_PLACEMENT_3D ( 'NONE', #8184, #2194, #10322 ) ;
#10115 = ORIENTED_EDGE ( 'NONE', *, *, #4193, .F. ) ;
#10116 = DIRECTION ( 'NONE',  ( 0.000000000000000000, 0.000000000000000000, 1.000000000000000000 ) ) ;
#10117 = VERTEX_POINT ( 'NONE', #7459 ) ;
#10118 = AXIS2_PLACEMENT_3D ( 'NONE', #12457, #82, #7316 ) ;
#10119 = DIRECTION ( 'NONE',  ( 0.000000000000000000, 0.000000000000000000, -1.000000000000000000 ) ) ;
#10120 = FACE_BOUND ( 'NONE', #3073, .T. ) ;
#10121 = VERTEX_POINT ( 'NONE', #10726 ) ;
#10122 = ORIENTED_EDGE ( 'NONE', *, *, #6272, .F. ) ;
#10123 = DIRECTION ( 'NONE',  ( 1.000000000000000000, 0.000000000000000000, 0.000000000000000000 ) ) ;
#10124 = DIRECTION ( 'NONE',  ( 0.000000000000000000, -1.000000000000000000, 0.000000000000000000 ) ) ;
#10125 = FACE_OUTER_BOUND ( 'NONE', #4454, .T. ) ;
#10126 = APPLICATION_PROTOCOL_DEFINITION ( 'international standard', 'config_control_design', 1994, #11960 ) ;
#10127 = DATE_AND_TIME ( #8123, #8578 ) ;
#10128 = CC_DESIGN_PERSON_AND_ORGANIZATION_ASSIGNMENT ( #2538, #2273, ( #11949 ) ) ;
#10129 = CC_DESIGN_PERSON_AND_ORGANIZATION_ASSIGNMENT ( #7478, #5384, ( #2789 ) ) ;
#10130 = DIRECTION ( 'NONE',  ( 0.000000000000000000, 0.000000000000000000, 1.000000000000000000 ) ) ;
#10131 = PLANE ( 'NONE',  #10012 ) ;
#10132 = ORIENTED_EDGE ( 'NONE', *, *, #11077, .F. ) ;
#10133 = VECTOR ( 'NONE', #12508, 1000.000000000000000 ) ;
#10134 = AXIS2_PLACEMENT_3D ( 'NONE', #522, #12613, #5634 ) ;
#10135 = EDGE_CURVE ( 'NONE', #9986, #3931, #8847, .T. ) ;
#10136 = VERTEX_POINT ( 'NONE', #3600 ) ;
#10137 = LINE ( 'NONE', #2941, #6800 ) ;
#10138 = CARTESIAN_POINT ( 'NONE',  ( 10.88457178719636786, 8.808441270803237799, 10.20000000000001883 ) ) ;
#10139 = CC_DESIGN_APPROVAL ( #8527, ( #1531 ) ) ;
#10140 = LINE ( 'NONE', #744, #10936 ) ;
#10141 = DIRECTION ( 'NONE',  ( 0.000000000000000000, 0.000000000000000000, 1.000000000000000000 ) ) ;
#10142 = PERSON_AND_ORGANIZATION_ROLE ( 'creator' ) ;
#10143 = EDGE_CURVE ( 'NONE', #5379, #11568, #7594, .T. ) ;
#10144 = DIRECTION ( 'NONE',  ( 0.000000000000000000, 1.000000000000000000, 0.000000000000000000 ) ) ;
#10145 = CARTESIAN_POINT ( 'NONE',  ( -9.047801468925145585, 10.68361031932444760, 8.769664941663275926 ) ) ;
#10146 = ORIENTED_EDGE ( 'NONE', *, *, #10614, .T. ) ;
#10147 = CARTESIAN_POINT ( 'NONE',  ( 15.00000000000000000, -5.000000000000000000, 25.00000000000000000 ) ) ;
#10148 = LINE ( 'NONE', #5117, #3282 ) ;
#10149 = ORIENTED_EDGE ( 'NONE', *, *, #12495, .F. ) ;
#10150 = CARTESIAN_POINT ( 'NONE',  ( 31.00000000000000000, 57.00000000000000000, -1.200000000000000030E-05 ) ) ;
#10151 = SECURITY_CLASSIFICATION ( '', '', #4003 ) ;
#10152 = CARTESIAN_POINT ( 'NONE',  ( -21.00000000000000000, 81.00000000000000000, 6.000000000000000000 ) ) ;
#10153 = EDGE_LOOP ( 'NONE', ( #8810, #9203 ) ) ;
#10154 = CARTESIAN_POINT ( 'NONE',  ( -11.59999999999999964, 67.50000000000000000, 6.000000000000000000 ) ) ;
#10155 = LINE ( 'NONE', #201, #9443 ) ;
#10156 = EDGE_CURVE ( 'NONE', #3865, #10497, #2603, .T. ) ;
#10157 = CARTESIAN_POINT ( 'NONE',  ( -0.5999999999999999778, 13.98713694792469120, 4.000000000000000000 ) ) ;
#10158 = MECHANICAL_CONTEXT ( 'NONE', #12406, 'mechanical' ) ;
#10159 = FACE_OUTER_BOUND ( 'NONE', #9264, .T. ) ;
#10160 = CARTESIAN_POINT ( 'NONE',  ( -20.22561580490735267, -0.000000000000000000, 13.70000000000000284 ) ) ;
#10161 = DIRECTION ( 'NONE',  ( -1.000000000000000000, 0.000000000000000000, 0.000000000000000000 ) ) ;
#10162 = COORDINATED_UNIVERSAL_TIME_OFFSET ( 5, 0, .BEHIND. ) ;
#10163 = SECURITY_CLASSIFICATION ( '', '', #9424 ) ;
#10164 = DIRECTION ( 'NONE',  ( -1.000000000000000000, -0.000000000000000000, -0.000000000000000000 ) ) ;
#10165 = DIRECTION ( 'NONE',  ( -0.000000000000000000, -0.000000000000000000, 1.000000000000000000 ) ) ;
#10166 = DATE_AND_TIME ( #12446, #5801 ) ;
#10167 = DIRECTION ( 'NONE',  ( -0.000000000000000000, 1.000000000000000000, -0.000000000000000000 ) ) ;
#10168 = ORIENTED_EDGE ( 'NONE', *, *, #10756, .T. ) ;
#10169 = EDGE_LOOP ( 'NONE', ( #7894, #10184, #9465, #10798 ) ) ;
#10170 = DESIGN_CONTEXT ( 'detailed design', #6096, 'design' ) ;
#10171 = DIRECTION ( 'NONE',  ( -1.000000000000000000, 0.000000000000000000, -0.000000000000000000 ) ) ;
#10172 = CARTESIAN_POINT ( 'NONE',  ( 0.000000000000000000, 0.000000000000000000, 12.00000000000000000 ) ) ;
#10173 = VERTEX_POINT ( 'NONE', #6467 ) ;
#10174 = EDGE_CURVE ( 'NONE', #11371, #1065, #9667, .T. ) ;
#10175 = CARTESIAN_POINT ( 'NONE',  ( 4.957027739237109820, -10.36128909900394923, -0.000000000000000000 ) ) ;
#10176 = APPLICATION_CONTEXT ( 'configuration controlled 3d designs of mechanical parts and assemblies' ) ;
#10177 = CARTESIAN_POINT ( 'NONE',  ( -27.69999999999999929, -57.00000000000000000, -1.200000000000000030E-05 ) ) ;
#10178 = DATE_AND_TIME ( #12378, #5641 ) ;
#10179 = CARTESIAN_POINT ( 'NONE',  ( -12.90000000000000036, 0.000000000000000000, -1.200000000000000030E-05 ) ) ;
#10180 = DATE_AND_TIME ( #9115, #3098 ) ;
#10181 = PLANE ( 'NONE',  #3159 ) ;
#10182 = AXIS2_PLACEMENT_3D ( 'NONE', #456, #12477, #174 ) ;
#10183 = CARTESIAN_POINT ( 'NONE',  ( 0.000000000000000000, 70.00000000000000000, 0.000000000000000000 ) ) ;
#10184 = ORIENTED_EDGE ( 'NONE', *, *, #2641, .T. ) ;
#10185 = FACE_OUTER_BOUND ( 'NONE', #2596, .T. ) ;
#10186 = VERTEX_POINT ( 'NONE', #6592 ) ;
#10187 = CARTESIAN_POINT ( 'NONE',  ( 31.85853893179089980, 55.51547649045665622, -0.000000000000000000 ) ) ;
#10188 = ORIENTED_EDGE ( 'NONE', *, *, #10756, .F. ) ;
#10189 = CARTESIAN_POINT ( 'NONE',  ( -11.87802137661227775, 7.410552828704601858, 10.61497946977859463 ) ) ;
#10190 = ORIENTED_EDGE ( 'NONE', *, *, #10135, .T. ) ;
#10191 = ORIENTED_EDGE ( 'NONE', *, *, #5019, .T. ) ;
#10192 = ADVANCED_FACE ( 'NONE', ( #8675 ), #1694, .F. ) ;
#10193 = CYLINDRICAL_SURFACE ( 'NONE', #3578, 5.500000000000000000 ) ;
#10194 = EDGE_CURVE ( 'NONE', #5450, #1336, #10602, .T. ) ;
#10195 = DIRECTION ( 'NONE',  ( 1.000000000000000000, 0.000000000000000000, 0.000000000000000000 ) ) ;
#10196 = CARTESIAN_POINT ( 'NONE',  ( 0.000000000000000000, 3.000000000000000000, 0.000000000000000000 ) ) ;
#10197 = CALENDAR_DATE ( 2026, 21, 9 ) ;
#10198 = DIRECTION ( 'NONE',  ( 1.000000000000000000, 0.000000000000000000, 0.000000000000000000 ) ) ;
#10199 = VERTEX_POINT ( 'NONE', #1422 ) ;
#10200 = EDGE_LOOP ( 'NONE', ( #10101, #3097 ) ) ;
#10201 = VERTEX_POINT ( 'NONE', #5504 ) ;
#10202 = ORIENTED_EDGE ( 'NONE', *, *, #3072, .T. ) ;
#10203 = AXIS2_PLACEMENT_3D ( 'NONE', #1589, #547, #4553 ) ;
#10204 = EDGE_CURVE ( 'NONE', #9192, #2365, #844, .T. ) ;
#10205 = CARTESIAN_POINT ( 'NONE',  ( 186.0000000000000000, 0.000000000000000000, 0.000000000000000000 ) ) ;
#10206 = APPROVAL ( #11829, 'æœª' ) ;
#10207 = CARTESIAN_POINT ( 'NONE',  ( 11.93721609031033637, 7.314636773467314335, 8.245133196380873386 ) ) ;
#10208 = CARTESIAN_POINT ( 'NONE',  ( -10.69999999999999929, 57.00000000000000000, -1.200000000000000030E-05 ) ) ;
#10209 = FACE_OUTER_BOUND ( 'NONE', #7319, .T. ) ;
#10210 = APPROVAL_DATE_TIME ( #1905, #6222 ) ;
#10211 = CARTESIAN_POINT ( 'NONE',  ( 134.9571260429673032, 1.361190795270272424, 0.000000000000000000 ) ) ;
#10212 = CARTESIAN_POINT ( 'NONE',  ( -9.843211314629879638, 9.958146480581250515, 9.920204085562533081 ) ) ;
#10213 = EDGE_LOOP ( 'NONE', ( #4713, #350, #11460, #1095, #2556, #8606 ) ) ;
#10214 = DIRECTION ( 'NONE',  ( 1.000000000000000000, 0.000000000000000000, -0.000000000000000000 ) ) ;
#10215 = LINE ( 'NONE', #4281, #4112 ) ;
#10216 = ORIENTED_EDGE ( 'NONE', *, *, #5675, .T. ) ;
#10217 = CARTESIAN_POINT ( 'NONE',  ( 35.00000000000000000, 110.0000000000000000, -16.00000000000000000 ) ) ;
#10218 = PLANE ( 'NONE',  #5977 ) ;
#10219 = ORIENTED_EDGE ( 'NONE', *, *, #3801, .T. ) ;
#10220 = PLANE ( 'NONE',  #12442 ) ;
#10221 = CARTESIAN_POINT ( 'NONE',  ( -28.00000000000000000, 0.000000000000000000, 0.000000000000000000 ) ) ;
#10222 = EDGE_CURVE ( 'NONE', #11232, #7556, #9539, .T. ) ;
#10223 = VECTOR ( 'NONE', #8772, 1000.000000000000000 ) ;
#10224 = CARTESIAN_POINT ( 'NONE',  ( 30.55753025008741020, -0.000000000000000000, 14.65686506842306436 ) ) ;
#10225 = APPLICATION_PROTOCOL_DEFINITION ( 'international standard', 'config_control_design', 1994, #10176 ) ;
#10226 = LINE ( 'NONE', #2314, #5863 ) ;
#10227 = CARTESIAN_POINT ( 'NONE',  ( -21.04287395703121177, 0.000000000000000000, 10.63880920472952596 ) ) ;
#10228 = DIRECTION ( 'NONE',  ( 1.000000000000000000, 0.000000000000000000, 0.000000000000000000 ) ) ;
#10229 = APPLICATION_PROTOCOL_DEFINITION ( 'international standard', 'config_control_design', 1994, #8128 ) ;
#10230 = ADVANCED_BREP_SHAPE_REPRESENTATION ( '', ( #12003, #1284 ), #3399 ) ;
#10231 = LINE ( 'NONE', #6033, #11380 ) ;
#10232 = CYLINDRICAL_SURFACE ( 'NONE', #6809, 1.700000000000000178 ) ;
#10233 = CARTESIAN_POINT ( 'NONE',  ( 11.00000000000000000, -5.000000000000000000, 28.00000000000000000 ) ) ;
#10234 = ORIENTED_EDGE ( 'NONE', *, *, #6791, .F. ) ;
#10235 = CALENDAR_DATE ( 2026, 21, 9 ) ;
#10236 = EDGE_LOOP ( 'NONE', ( #475, #4514, #8519, #2581 ) ) ;
#10237 = DIRECTION ( 'NONE',  ( 0.000000000000000000, 0.000000000000000000, 1.000000000000000000 ) ) ;
#10238 = VERTEX_POINT ( 'NONE', #9474 ) ;
#10239 = CARTESIAN_POINT ( 'NONE',  ( 35.00000000000000000, 14.00000000000000000, 4.000000000000000000 ) ) ;
#10240 = PLANE ( 'NONE',  #4607 ) ;
#10241 = CIRCLE ( 'NONE', #8349, 2.000000000000000000 ) ;
#10242 = DIRECTION ( 'NONE',  ( -0.000000000000000000, -0.000000000000000000, 1.000000000000000000 ) ) ;
#10243 = PERSON_AND_ORGANIZATION ( #11083, #9209 ) ;
#10244 = DIRECTION ( 'NONE',  ( -0.000000000000000000, -0.000000000000000000, 1.000000000000000000 ) ) ;
#10245 = LINE ( 'NONE', #5351, #10264 ) ;
#10246 = ORIENTED_EDGE ( 'NONE', *, *, #1403, .T. ) ;
#10247 = EDGE_CURVE ( 'NONE', #384, #161, #511, .T. ) ;
#10248 = LINE ( 'NONE', #11384, #4448 ) ;
#10249 = EDGE_LOOP ( 'NONE', ( #4667, #2598, #5824, #10827 ) ) ;
#10250 = DIRECTION ( 'NONE',  ( -0.000000000000000000, -1.000000000000000000, -0.000000000000000000 ) ) ;
#10251 = CALENDAR_DATE ( 2026, 21, 9 ) ;
#10252 = VECTOR ( 'NONE', #10719, 1000.000000000000000 ) ;
#10253 = CARTESIAN_POINT ( 'NONE',  ( -9.000000000000000000, 81.00000000000000000, 2.299999999999999822 ) ) ;
#10254 = EDGE_LOOP ( 'NONE', ( #10884, #9912, #11799, #8949 ) ) ;
#10255 = SECURITY_CLASSIFICATION ( '', '', #5932 ) ;
#10256 = EDGE_LOOP ( 'NONE', ( #4852, #6822 ) ) ;
#10257 = CARTESIAN_POINT ( 'NONE',  ( -20.00000000000000000, -12.00000000000000000, 2.000000000000000000 ) ) ;
#10258 = DIRECTION ( 'NONE',  ( 0.000000000000000000, 0.000000000000000000, 1.000000000000000000 ) ) ;
#10259 = APPLICATION_PROTOCOL_DEFINITION ( 'international standard', 'config_control_design', 1994, #676 ) ;
#10260 = PERSON_AND_ORGANIZATION_ROLE ( 'classification_officer' ) ;
#10261 = PERSON_AND_ORGANIZATION_ROLE ( 'classification_officer' ) ;
#10262 = CARTESIAN_POINT ( 'NONE',  ( 9.756929129572647241, 10.04069481642486572, 8.651627607700786982 ) ) ;
#10263 = VECTOR ( 'NONE', #10642, 1000.000000000000000 ) ;
#10264 = VECTOR ( 'NONE', #10396, 1000.000000000000000 ) ;
#10265 = CARTESIAN_POINT ( 'NONE',  ( 2.599999999999999645, -0.3449632722246336325, -0.000000000000000000 ) ) ;
#10266 = EDGE_LOOP ( 'NONE', ( #3469, #5361, #8553, #310 ) ) ;
#10267 = EDGE_CURVE ( 'NONE', #11098, #11791, #6528, .T. ) ;
#10268 = PLANE ( 'NONE',  #7766 ) ;
#10269 =( NAMED_UNIT ( * ) PLANE_ANGLE_UNIT ( ) SI_UNIT ( $, .RADIAN. ) );
#10270 = VERTEX_POINT ( 'NONE', #4518 ) ;
#10271 = VERTEX_POINT ( 'NONE', #10659 ) ;
#10272 = LOCAL_TIME ( 12, 23, 36.00000000000000000, #1132 ) ;
#10273 = EDGE_CURVE ( 'NONE', #2655, #57, #2501, .T. ) ;
#10274 = COORDINATED_UNIVERSAL_TIME_OFFSET ( 5, 0, .BEHIND. ) ;
#10275 = DIRECTION ( 'NONE',  ( 0.000000000000000000, -1.000000000000000000, 0.000000000000000000 ) ) ;
#10276 = DIRECTION ( 'NONE',  ( 0.000000000000000000, 0.000000000000000000, -1.000000000000000000 ) ) ;
#10277 = CARTESIAN_POINT ( 'NONE',  ( 137.3611907952756610, 1.042873957029554211, 0.000000000000000000 ) ) ;
#10278 = CARTESIAN_POINT ( 'NONE',  ( 0.000000000000000000, 0.000000000000000000, 149.0000000000000000 ) ) ;
#10279 = VECTOR ( 'NONE', #1653, 1000.000000000000000 ) ;
#10280 = ORIENTED_EDGE ( 'NONE', *, *, #1240, .T. ) ;
#10281 = EDGE_CURVE ( 'NONE', #6930, #1686, #9871, .T. ) ;
#10282 = EDGE_CURVE ( 'NONE', #12544, #5993, #3655, .T. ) ;
#10283 = CARTESIAN_POINT ( 'NONE',  ( 20.00000000000000000, -1.200000000000000030E-05, 12.00000000000000000 ) ) ;
#10284 = DIRECTION ( 'NONE',  ( 0.000000000000000000, 0.000000000000000000, 1.000000000000000000 ) ) ;
#10285 = ORIENTED_EDGE ( 'NONE', *, *, #517, .T. ) ;
#10286 = CARTESIAN_POINT ( 'NONE',  ( 39.90000000132015856, 278.1999999996445467, -25.00000000000000000 ) ) ;
#10287 = EDGE_LOOP ( 'NONE', ( #10615, #192, #6126, #8626 ) ) ;
#10288 = CARTESIAN_POINT ( 'NONE',  ( -20.44263793984751487, 12.34320465898919394, -0.000000000000000000 ) ) ;
#10289 = CARTESIAN_POINT ( 'NONE',  ( -14.00000000000000000, 0.000000000000000000, 2.000000000000000000 ) ) ;
#10290 = LOCAL_TIME ( 12, 23, 36.00000000000000000, #12332 ) ;
#10291 = PERSON ( 'NAUO-PER11', 'UNSPECIFIED', 'UNSPECIFIED', ('UNSPECIFIED'), ('UNSPECIFIED'), ('UNSPECIFIED') ) ;
#10292 = CARTESIAN_POINT ( 'NONE',  ( 0.000000000000000000, 0.000000000000000000, 40.00000000000000000 ) ) ;
#10293 = DATE_AND_TIME ( #10437, #7935 ) ;
#10294 = FACE_BOUND ( 'NONE', #1751, .T. ) ;
#10295 = FACE_BOUND ( 'NONE', #10842, .T. ) ;
#10296 = LINE ( 'NONE', #8377, #659 ) ;
#10297 = PLANE ( 'NONE',  #9042 ) ;
#10298 = AXIS2_PLACEMENT_3D ( 'NONE', #5094, #9988, #3737 ) ;
#10299 = APPROVAL ( #7361, 'æœª' ) ;
#10300 = AXIS2_PLACEMENT_3D ( 'NONE', #758, #9782, #7972 ) ;
#10301 = EDGE_CURVE ( 'NONE', #3608, #1792, #5693, .T. ) ;
#10302 = DIRECTION ( 'NONE',  ( 0.000000000000000000, 1.000000000000000000, 0.000000000000000000 ) ) ;
#10303 = LOCAL_TIME ( 12, 23, 36.00000000000000000, #7676 ) ;
#10304 = DATE_AND_TIME ( #71, #7275 ) ;
#10305 = LINE ( 'NONE', #349, #12878 ) ;
#10306 = ORIENTED_EDGE ( 'NONE', *, *, #8140, .F. ) ;
#10307 = ORIENTED_EDGE ( 'NONE', *, *, #12268, .F. ) ;
#10308 = UNCERTAINTY_MEASURE_WITH_UNIT (LENGTH_MEASURE( 1.000000000000000082E-05 ), #5449, 'distance_accuracy_value', 'NONE');
#10309 = DIRECTION ( 'NONE',  ( 0.000000000000000000, -1.000000000000000000, 0.000000000000000000 ) ) ;
#10310 = DIRECTION ( 'NONE',  ( -0.000000000000000000, 1.000000000000000000, -0.000000000000000000 ) ) ;
#10311 = EDGE_LOOP ( 'NONE', ( #11057, #10359, #1701, #2594 ) ) ;
#10312 = CARTESIAN_POINT ( 'NONE',  ( 31.60000000000000142, 77.50000000000000000, 0.000000000000000000 ) ) ;
#10313 = VECTOR ( 'NONE', #4315, 1000.000000000000000 ) ;
#10314 = AXIS2_PLACEMENT_3D ( 'NONE', #7177, #4379, #6454 ) ;
#10315 = CARTESIAN_POINT ( 'NONE',  ( -15.36119079527556153, 68.95712604297240489, 0.000000000000000000 ) ) ;
#10316 = DIRECTION ( 'NONE',  ( -1.000000000000000000, 0.000000000000000000, -0.000000000000000000 ) ) ;
#10317 = COORDINATED_UNIVERSAL_TIME_OFFSET ( 5, 0, .BEHIND. ) ;
#10318 = PLANE ( 'NONE',  #11392 ) ;
#10319 = ADVANCED_FACE ( 'NONE', ( #574 ), #4392, .F. ) ;
#10320 = LINE ( 'NONE', #1285, #11796 ) ;
#10321 = ORIENTED_EDGE ( 'NONE', *, *, #363, .T. ) ;
#10322 = DIRECTION ( 'NONE',  ( 0.000000000000000000, 0.000000000000000000, -1.000000000000000000 ) ) ;
#10323 = AXIS2_PLACEMENT_3D ( 'NONE', #542, #2765, #12819 ) ;
#10324 = VECTOR ( 'NONE', #11228, 1000.000000000000000 ) ;
#10325 = ORIENTED_EDGE ( 'NONE', *, *, #1500, .F. ) ;
#10326 = DIRECTION ( 'NONE',  ( 1.000000000000000000, -0.000000000000000000, -0.000000000000000000 ) ) ;
#10327 = ORIENTED_EDGE ( 'NONE', *, *, #1339, .F. ) ;
#10328 = LINE ( 'NONE', #6398, #6273 ) ;
#10329 = VERTEX_POINT ( 'NONE', #4582 ) ;
#10330 = DIRECTION ( 'NONE',  ( -0.000000000000000000, -1.000000000000000000, -0.000000000000000000 ) ) ;
#10331 = VERTEX_POINT ( 'NONE', #7400 ) ;
#10332 = VECTOR ( 'NONE', #1735, 1000.000000000000000 ) ;
#10333 = FACE_OUTER_BOUND ( 'NONE', #11470, .T. ) ;
#10334 = CARTESIAN_POINT ( 'NONE',  ( -36.00000000000000711, 5.000000000000000000, 28.00000000000000000 ) ) ;
#10335 = AXIS2_PLACEMENT_3D ( 'NONE', #9848, #822, #8976 ) ;
#10336 = LINE ( 'NONE', #4691, #4222 ) ;
#10337 = ADVANCED_FACE ( 'NONE', ( #6404 ), #9849, .F. ) ;
#10338 = PRODUCT_DEFINITION_SHAPE ( 'NONE', 'NONE',  #13079 ) ;
#10339 = CARTESIAN_POINT ( 'NONE',  ( 0.000000000000000000, 0.000000000000000000, 18.00000000000000355 ) ) ;
#10340 = VECTOR ( 'NONE', #10661, 1000.000000000000000 ) ;
#10341 = AXIS2_PLACEMENT_3D ( 'NONE', #2660, #12471, #1618 ) ;
#10342 = COORDINATED_UNIVERSAL_TIME_OFFSET ( 5, 0, .BEHIND. ) ;
#10343 = CARTESIAN_POINT ( 'NONE',  ( 9.352038589846049632, 10.41947306943599116, 10.96610112301624618 ) ) ;
#10344 = CARTESIAN_POINT ( 'NONE',  ( 134.6387109009984613, 1.042972260763998849, -0.000000000000000000 ) ) ;
#10345 = DIRECTION ( 'NONE',  ( 0.000000000000000000, -0.000000000000000000, -1.000000000000000000 ) ) ;
#10346 = CARTESIAN_POINT ( 'NONE',  ( -10.69999999999999929, 57.00000000000000000, -6.000000000000000152E-06 ) ) ;
#10347 = ORIENTED_EDGE ( 'NONE', *, *, #8505, .T. ) ;
#10348 = ORIENTED_EDGE ( 'NONE', *, *, #4680, .T. ) ;
#10349 = AXIS2_PLACEMENT_3D ( 'NONE', #10778, #1604, #5604 ) ;
#10350 = AXIS2_PLACEMENT_3D ( 'NONE', #8272, #253, #5309 ) ;
#10351 = VERTEX_POINT ( 'NONE', #11974 ) ;
#10352 = ORIENTED_EDGE ( 'NONE', *, *, #742, .F. ) ;
#10353 = DIRECTION ( 'NONE',  ( -0.000000000000000000, 1.000000000000000000, -0.000000000000000000 ) ) ;
#10354 = EDGE_CURVE ( 'NONE', #524, #2400, #8796, .T. ) ;
#10355 = LINE ( 'NONE', #11206, #197 ) ;
#10356 = LINE ( 'NONE', #6082, #12226 ) ;
#10357 = CARTESIAN_POINT ( 'NONE',  ( 137.7000000000000171, 0.2252519565404662583, 0.000000000000000000 ) ) ;
#10358 = CARTESIAN_POINT ( 'NONE',  ( -7.700000000000000178, -9.000000000000000000, -6.000000000000000152E-06 ) ) ;
#10359 = ORIENTED_EDGE ( 'NONE', *, *, #38, .T. ) ;
#10360 = DIRECTION ( 'NONE',  ( 0.000000000000000000, 0.000000000000000000, 1.000000000000000000 ) ) ;
#10361 = DIRECTION ( 'NONE',  ( 0.000000000000000000, 0.000000000000000000, -1.000000000000000000 ) ) ;
#10362 = EDGE_CURVE ( 'NONE', #10427, #9955, #3562, .T. ) ;
#10363 = ORIENTED_EDGE ( 'NONE', *, *, #6313, .T. ) ;
#10364 = DIRECTION ( 'NONE',  ( -1.000000000000000000, 0.000000000000000000, 0.000000000000000000 ) ) ;
#10365 = PERSON_AND_ORGANIZATION ( #12991, #11636 ) ;
#10366 = ORIENTED_EDGE ( 'NONE', *, *, #11655, .T. ) ;
#10367 = APPLICATION_CONTEXT ( 'configuration controlled 3d designs of mechanical parts and assemblies' ) ;
#10368 = PERSON_AND_ORGANIZATION_ROLE ( 'design_owner' ) ;
#10369 = APPROVAL_PERSON_ORGANIZATION ( #9617, #9665, #600 ) ;
#10370 = DIRECTION ( 'NONE',  ( -0.000000000000000000, -1.000000000000000000, -0.000000000000000000 ) ) ;
#10371 = DIRECTION ( 'NONE',  ( -0.000000000000000000, -0.000000000000000000, 1.000000000000000000 ) ) ;
#10372 = CYLINDRICAL_SURFACE ( 'NONE', #1436, 1.700000000000000178 ) ;
#10373 = EDGE_CURVE ( 'NONE', #6792, #6479, #5844, .T. ) ;
#10374 = DATE_TIME_ROLE ( 'creation_date' ) ;
#10375 = ADVANCED_FACE ( 'NONE', ( #3773 ), #10905, .F. ) ;
#10376 = LINE ( 'NONE', #1180, #7343 ) ;
#10377 = CARTESIAN_POINT ( 'NONE',  ( 3.000000000000000000, 3.000000000000000000, 83.00000000000000000 ) ) ;
#10378 = LINE ( 'NONE', #7158, #4844 ) ;
#10379 = EDGE_CURVE ( 'NONE', #11771, #8245, #10734, .T. ) ;
#10380 = CARTESIAN_POINT ( 'NONE',  ( 31.00000000000000000, 80.49999999999998579, 4.000000000000000000 ) ) ;
#10381 = LOCAL_TIME ( 12, 23, 36.00000000000000000, #3687 ) ;
#10382 = LINE ( 'NONE', #69, #7029 ) ;
#10383 = CARTESIAN_POINT ( 'NONE',  ( -28.00000000000000000, 8.000000000000000000, 0.000000000000000000 ) ) ;
#10384 = EDGE_LOOP ( 'NONE', ( #6920, #2515, #9932, #9393 ) ) ;
#10385 = ORIENTED_EDGE ( 'NONE', *, *, #4862, .T. ) ;
#10386 = LINE ( 'NONE', #11231, #2871 ) ;
#10387 = EDGE_LOOP ( 'NONE', ( #140, #5115, #7544, #8839 ) ) ;
#10388 = DIRECTION ( 'NONE',  ( 0.000000000000000000, 0.000000000000000000, -1.000000000000000000 ) ) ;
#10389 = CC_DESIGN_DATE_AND_TIME_ASSIGNMENT ( #9847, #9780, ( #6682 ) ) ;
#10390 = CC_DESIGN_SECURITY_CLASSIFICATION ( #10163, ( #2789 ) ) ;
#10391 = CC_DESIGN_PERSON_AND_ORGANIZATION_ASSIGNMENT ( #9888, #861, ( #1537 ) ) ;
#10392 = CARTESIAN_POINT ( 'NONE',  ( 24.30000000000000071, -57.00000000000000000, -1.200000000000000030E-05 ) ) ;
#10393 = DIRECTION ( 'NONE',  ( 0.000000000000000000, -0.000000000000000000, -1.000000000000000000 ) ) ;
#10394 = CARTESIAN_POINT ( 'NONE',  ( 136.4425847382504742, -1.656666900993888580, 0.000000000000000000 ) ) ;
#10395 = EDGE_CURVE ( 'NONE', #1232, #6023, #1745, .T. ) ;
#10396 = DIRECTION ( 'NONE',  ( 0.000000000000000000, 1.000000000000000000, 0.000000000000000000 ) ) ;
#10397 = ORIENTED_EDGE ( 'NONE', *, *, #1321, .T. ) ;
#10398 = DIRECTION ( 'NONE',  ( -0.000000000000000000, -0.000000000000000000, -1.000000000000000000 ) ) ;
#10399 = VERTEX_POINT ( 'NONE', #4950 ) ;
#10400 = LINE ( 'NONE', #2339, #145 ) ;
#10401 = ORIENTED_EDGE ( 'NONE', *, *, #6670, .F. ) ;
#10402 = LINE ( 'NONE', #2197, #2511 ) ;
#10403 = ORIENTED_EDGE ( 'NONE', *, *, #6533, .T. ) ;
#10404 = ORIENTED_EDGE ( 'NONE', *, *, #995, .T. ) ;
#10405 = LINE ( 'NONE', #2402, #2518 ) ;
#10406 = EDGE_CURVE ( 'NONE', #12200, #6280, #2843, .T. ) ;
#10407 = CARTESIAN_POINT ( 'NONE',  ( 31.60000000000000142, -1.200000000000000030E-05, 2.409402627941314989 ) ) ;
#10408 = DIRECTION ( 'NONE',  ( 0.000000000000000000, -0.000000000000000000, -1.000000000000000000 ) ) ;
#10409 = VECTOR ( 'NONE', #1363, 1000.000000000000000 ) ;
#10410 = COORDINATED_UNIVERSAL_TIME_OFFSET ( 5, 0, .BEHIND. ) ;
#10411 = CARTESIAN_POINT ( 'NONE',  ( -0.5999999999999999778, 18.99052395275075256, 4.000000000000000000 ) ) ;
#10412 = B_SPLINE_CURVE_WITH_KNOTS ( 'NONE', 3,
 ( #11856, #3781, #12856, #11051, #4769, #8739, #3897, #12050, #950, #8868, #895, #7724, #10853, #12924 ),
 .UNSPECIFIED., .F., .F.,
 ( 4, 2, 2, 2, 2, 2, 4 ),
 ( 0.000000000000000000, 0.05322997919402821382, 0.07984496879104228950, 0.1064599583880563721, 0.1330749479850704686, 0.1596899375820845512, 0.2129199167761126610 ),
 .UNSPECIFIED. ) ;
#10413 = CARTESIAN_POINT ( 'NONE',  ( 18.95702773923658668, -0.000000000000000000, 13.36128909900305395 ) ) ;
#10414 = ORIENTED_EDGE ( 'NONE', *, *, #927, .T. ) ;
#10415 = EDGE_LOOP ( 'NONE', ( #7036, #6187 ) ) ;
#10416 = ADVANCED_FACE ( 'NONE', ( #8978 ), #3887, .F. ) ;
#10417 = ORIENTED_EDGE ( 'NONE', *, *, #9598, .F. ) ;
#10418 = ORIENTED_EDGE ( 'NONE', *, *, #2834, .F. ) ;
#10419 = CARTESIAN_POINT ( 'NONE',  ( -8.141514269798118875, 67.48439506952533407, 0.000000000000000000 ) ) ;
#10420 = LINE ( 'NONE', #10208, #6047 ) ;
#10421 = FACE_OUTER_BOUND ( 'NONE', #1565, .T. ) ;
#10422 = PERSON_AND_ORGANIZATION ( #12991, #11636 ) ;
#10423 = EDGE_CURVE ( 'NONE', #8926, #2568, #2911, .T. ) ;
#10424 = DIRECTION ( 'NONE',  ( -0.000000000000000000, -0.000000000000000000, 1.000000000000000000 ) ) ;
#10425 = ORIENTED_EDGE ( 'NONE', *, *, #7078, .T. ) ;
#10426 = DIRECTION ( 'NONE',  ( 0.000000000000000000, 0.000000000000000000, -1.000000000000000000 ) ) ;
#10427 = VERTEX_POINT ( 'NONE', #11906 ) ;
#10428 = DIRECTION ( 'NONE',  ( 0.000000000000000000, 0.000000000000000000, 1.000000000000000000 ) ) ;
#10429 = ADVANCED_FACE ( 'NONE', ( #8731, #8861 ), #2797, .F. ) ;
#10430 = LINE ( 'NONE', #402, #1201 ) ;
#10431 = PERSON_AND_ORGANIZATION ( #12991, #11636 ) ;
#10432 = VERTEX_POINT ( 'NONE', #6776 ) ;
#10433 = PERSON_AND_ORGANIZATION ( #12991, #11636 ) ;
#10434 = LINE ( 'NONE', #1384, #6873 ) ;
#10435 = DIRECTION ( 'NONE',  ( -0.000000000000000000, -1.000000000000000000, -0.000000000000000000 ) ) ;
#10436 = LINE ( 'NONE', #10570, #8781 ) ;
#10437 = CALENDAR_DATE ( 2026, 21, 9 ) ;
#10438 = DIRECTION ( 'NONE',  ( 1.000000000000000000, 0.000000000000000000, 0.000000000000000000 ) ) ;
#10439 = APPROVAL_DATE_TIME ( #5760, #12898 ) ;
#10440 = DIRECTION ( 'NONE',  ( 0.000000000000000000, -1.000000000000000000, 0.000000000000000000 ) ) ;
#10441 = CARTESIAN_POINT ( 'NONE',  ( 10.50000000000000000, 0.000000000000000000, 0.000000000000000000 ) ) ;
#10442 = DIRECTION ( 'NONE',  ( -0.000000000000000000, -0.000000000000000000, 1.000000000000000000 ) ) ;
#10443 = DIRECTION ( 'NONE',  ( -1.000000000000000000, 0.000000000000000000, 0.000000000000000000 ) ) ;
#10444 = EDGE_CURVE ( 'NONE', #11855, #12930, #1867, .T. ) ;
#10445 = ADVANCED_FACE ( 'NONE', ( #889 ), #10845, .F. ) ;
#10446 = CARTESIAN_POINT ( 'NONE',  ( 31.60000000000000142, 67.50000000000000000, 5.590597372058685011 ) ) ;
#10447 = ORIENTED_EDGE ( 'NONE', *, *, #13023, .F. ) ;
#10448 = PRODUCT_DEFINITION_SHAPE ( 'NONE', 'NONE',  #13067 ) ;
#10449 = ORIENTED_EDGE ( 'NONE', *, *, #10373, .T. ) ;
#10450 = UNCERTAINTY_MEASURE_WITH_UNIT (LENGTH_MEASURE( 1.000000000000000082E-05 ), #9742, 'distance_accuracy_value', 'NONE');
#10451 = ORIENTED_EDGE ( 'NONE', *, *, #2335, .T. ) ;
#10452 = FACE_BOUND ( 'NONE', #1781, .T. ) ;
#10453 = DIRECTION ( 'NONE',  ( -0.000000000000000000, -0.000000000000000000, -1.000000000000000000 ) ) ;
#10454 = DIRECTION ( 'NONE',  ( 1.000000000000000000, 0.000000000000000000, 0.000000000000000000 ) ) ;
#10455 = SECURITY_CLASSIFICATION_LEVEL ( 'unclassified' ) ;
#10456 = CARTESIAN_POINT ( 'NONE',  ( -7.700000000000000178, -9.000000000000000000, -1.200000000000000030E-05 ) ) ;
#10457 = AXIS2_PLACEMENT_3D ( 'NONE', #12144, #7820, #10011 ) ;
#10458 = FACE_BOUND ( 'NONE', #5247, .T. ) ;
#10459 = ADVANCED_FACE ( 'NONE', ( #5802 ), #7903, .F. ) ;
#10460 = CC_DESIGN_PERSON_AND_ORGANIZATION_ASSIGNMENT ( #1009, #12107, ( #7073 ) ) ;
#10461 = CARTESIAN_POINT ( 'NONE',  ( 30.14134607987218928, 0.000000000000000000, 5.484325342115313973 ) ) ;
#10462 = EDGE_CURVE ( 'NONE', #1666, #6480, #4825, .T. ) ;
#10463 = VERTEX_POINT ( 'NONE', #11046 ) ;
#10464 = DIRECTION ( 'NONE',  ( 1.000000000000000000, 0.000000000000000000, 0.000000000000000000 ) ) ;
#10465 = ORIENTED_EDGE ( 'NONE', *, *, #6917, .T. ) ;
#10466 = DIRECTION ( 'NONE',  ( 0.000000000000000000, 0.000000000000000000, 1.000000000000000000 ) ) ;
#10467 = ORIENTED_EDGE ( 'NONE', *, *, #6573, .F. ) ;
#10468 = CARTESIAN_POINT ( 'NONE',  ( -16.00000000000000000, -6.000000000000000000, 16.00000000000000000 ) ) ;
#10469 = EDGE_LOOP ( 'NONE', ( #9971, #8740, #15, #4403 ) ) ;
#10470 = CIRCLE ( 'NONE', #5587, 1.700000000000000178 ) ;
#10471 = CARTESIAN_POINT ( 'NONE',  ( 14.00000000000000000, 0.000000000000000000, 16.00000000000000000 ) ) ;
#10472 = CARTESIAN_POINT ( 'NONE',  ( 0.000000000000000000, 27.50000000000000000, 3.000000000000000000 ) ) ;
#10473 = CARTESIAN_POINT ( 'NONE',  ( -30.00000000000000000, 0.000000000000000000, 28.00000000000000000 ) ) ;
#10474 = DIRECTION ( 'NONE',  ( 1.000000000000000000, 0.000000000000000000, 0.000000000000000000 ) ) ;
#10475 = CARTESIAN_POINT ( 'NONE',  ( 31.60000000000000142, -1.200000000000000030E-05, 2.409402627941314989 ) ) ;
#10476 = CARTESIAN_POINT ( 'NONE',  ( 18.51560493047318801, 0.000000000000000000, 11.14151426980208015 ) ) ;
#10477 = AXIS2_PLACEMENT_3D ( 'NONE', #117, #2097, #10077 ) ;
#10478 = VERTEX_POINT ( 'NONE', #701 ) ;
#10479 = CC_DESIGN_PERSON_AND_ORGANIZATION_ASSIGNMENT ( #3193, #9345, ( #12848 ) ) ;
#10480 = CARTESIAN_POINT ( 'NONE',  ( -7.484523509544121822, -9.858538931789730952, -0.000000000000000000 ) ) ;
#10481 = CC_DESIGN_PERSON_AND_ORGANIZATION_ASSIGNMENT ( #783, #12808, ( #5290 ) ) ;
#10482 = VERTEX_POINT ( 'NONE', #4701 ) ;
#10483 = DIRECTION ( 'NONE',  ( 0.000000000000000000, 0.000000000000000000, -1.000000000000000000 ) ) ;
#10484 = ORIENTED_EDGE ( 'NONE', *, *, #2768, .T. ) ;
#10485 = ORIENTED_EDGE ( 'NONE', *, *, #7678, .T. ) ;
#10486 = AXIS2_PLACEMENT_3D ( 'NONE', #1555, #2595, #2533 ) ;
#10487 = DIRECTION ( 'NONE',  ( -0.000000000000000000, -0.000000000000000000, 1.000000000000000000 ) ) ;
#10488 = SECURITY_CLASSIFICATION ( '', '', #10907 ) ;
#10489 = PERSON_AND_ORGANIZATION ( #12991, #11636 ) ;
#10490 = LINE ( 'NONE', #7479, #8750 ) ;
#10491 = DIRECTION ( 'NONE',  ( -0.000000000000000000, -1.000000000000000000, -0.000000000000000000 ) ) ;
#10492 = ORIENTED_EDGE ( 'NONE', *, *, #10301, .F. ) ;
#10493 = EDGE_LOOP ( 'NONE', ( #5825, #10321, #3261, #13051 ) ) ;
#10494 = VECTOR ( 'NONE', #4159, 1000.000000000000000 ) ;
#10495 = LINE ( 'NONE', #11677, #1834 ) ;
#10496 = LOCAL_TIME ( 12, 23, 36.00000000000000000, #6659 ) ;
#10497 = VERTEX_POINT ( 'NONE', #9177 ) ;
#10498 = APPLICATION_PROTOCOL_DEFINITION ( 'international standard', 'config_control_design', 1994, #11708 ) ;
#10499 = DIRECTION ( 'NONE',  ( -1.000000000000000000, -0.000000000000000000, -0.000000000000000000 ) ) ;
#10500 = VECTOR ( 'NONE', #12026, 1000.000000000000000 ) ;
#10501 = CYLINDRICAL_SURFACE ( 'NONE', #9834, 1.100000000000000311 ) ;
#10502 = COORDINATED_UNIVERSAL_TIME_OFFSET ( 5, 0, .BEHIND. ) ;
#10503 = CARTESIAN_POINT ( 'NONE',  ( 11.50000000000000000, 6.000000000000000000, 0.000000000000000000 ) ) ;
#10504 = CARTESIAN_POINT ( 'NONE',  ( -12.00000000000000000, 12.00000000000000000, 20.00000000000000000 ) ) ;
#10505 = VECTOR ( 'NONE', #6954, 1000.000000000000000 ) ;
#10506 = APPROVAL_DATE_TIME ( #11436, #11915 ) ;
#10507 = EDGE_CURVE ( 'NONE', #5672, #5704, #6159, .T. ) ;
#10508 = ORGANIZATION ( 'NAUO-ORG25', 'UNSPECIFIED', 'UNSPECIFIED' ) ;
#10509 = CARTESIAN_POINT ( 'NONE',  ( 7.700000000000000178, 2.081899558550500526E-16, 20.00000000000000000 ) ) ;
#10510 = CARTESIAN_POINT ( 'NONE',  ( 27.69999999999999929, 0.000000000000000000, 0.000000000000000000 ) ) ;
#10511 = CLOSED_SHELL ( 'NONE', ( #3877, #3863, #11093, #7615, #9286, #6388, #9137, #2263, #2759, #6607, #7484, #2480 ) ) ;
#10512 = CARTESIAN_POINT ( 'NONE',  ( 14.00000000000000000, 70.00000000000000000, 8.000000000000000000 ) ) ;
#10513 = VERTEX_POINT ( 'NONE', #2187 ) ;
#10514 = CC_DESIGN_APPROVAL ( #9650, ( #4717 ) ) ;
#10515 = ORIENTED_EDGE ( 'NONE', *, *, #1345, .T. ) ;
#10516 = ORIENTED_EDGE ( 'NONE', *, *, #11850, .T. ) ;
#10517 = CARTESIAN_POINT ( 'NONE',  ( 6.000000000000000000, -9.000000000000000000, 3.000000000000000000 ) ) ;
#10518 = LINE ( 'NONE', #7639, #3091 ) ;
#10519 = DIRECTION ( 'NONE',  ( -1.000000000000000000, 0.000000000000000000, 0.000000000000000000 ) ) ;
#10520 = ADVANCED_FACE ( 'NONE', ( #7106 ), #4029, .F. ) ;
#10521 = FACE_BOUND ( 'NONE', #9764, .T. ) ;
#10522 = CARTESIAN_POINT ( 'NONE',  ( -24.30000000000000071, -45.00000000000000000, 5.000000000000000000 ) ) ;
#10523 = FACE_OUTER_BOUND ( 'NONE', #9331, .T. ) ;
#10524 = CARTESIAN_POINT ( 'NONE',  ( -7.957027739236473884, -0.000000000000000000, 2.638710900996688036 ) ) ;
#10525 = ADVANCED_FACE ( 'NONE', ( #12316 ), #3235, .F. ) ;
#10526 = EDGE_LOOP ( 'NONE', ( #3904, #6841 ) ) ;
#10527 = CARTESIAN_POINT ( 'NONE',  ( 183.0000000000000000, 146.0000000000000000, 83.00000000000000000 ) ) ;
#10528 = ORIENTED_EDGE ( 'NONE', *, *, #9826, .T. ) ;
#10529 = CARTESIAN_POINT ( 'NONE',  ( 29.30000000000000071, 66.00000000000000000, -6.000000000000000152E-06 ) ) ;
#10530 = ORIENTED_EDGE ( 'NONE', *, *, #5644, .T. ) ;
#10531 = AXIS2_PLACEMENT_3D ( 'NONE', #9984, #3902, #12116 ) ;
#10532 = LOCAL_TIME ( 12, 23, 36.00000000000000000, #2054 ) ;
#10533 = CARTESIAN_POINT ( 'NONE',  ( -27.69999999999999929, 57.00000000000000000, -1.200000000000000030E-05 ) ) ;
#10534 = VECTOR ( 'NONE', #6212, 1000.000000000000000 ) ;
#10535 = ADVANCED_FACE ( 'NONE', ( #2056 ), #5139, .F. ) ;
#10536 = APPROVAL_DATE_TIME ( #9404, #7444 ) ;
#10537 = DIRECTION ( 'NONE',  ( -0.000000000000000000, -0.000000000000000000, 1.000000000000000000 ) ) ;
#10538 = EDGE_CURVE ( 'NONE', #6479, #6792, #2909, .T. ) ;
#10539 = DATE_AND_TIME ( #4521, #5189 ) ;
#10540 = CARTESIAN_POINT ( 'NONE',  ( 10.50000000000000000, -1.300000000000000044, -0.09997027095160138099 ) ) ;
#10541 = AXIS2_PLACEMENT_3D ( 'NONE', #342, #3442, #7297 ) ;
#10542 = VECTOR ( 'NONE', #10076, 1000.000000000000000 ) ;
#10543 = CARTESIAN_POINT ( 'NONE',  ( 20.00000000000000000, -6.000000000000000152E-06, 13.70000000000000107 ) ) ;
#10544 = EDGE_LOOP ( 'NONE', ( #6674, #4253, #1633, #12041 ) ) ;
#10545 = CARTESIAN_POINT ( 'NONE',  ( -20.00000000000000000, -12.00000000000000000, 0.000000000000000000 ) ) ;
#10546 = ORIENTED_EDGE ( 'NONE', *, *, #8786, .F. ) ;
#10547 = CARTESIAN_POINT ( 'NONE',  ( 122.2999999999999972, 2.081899558550508908E-16, -6.000000000000000152E-06 ) ) ;
#10548 = EDGE_LOOP ( 'NONE', ( #4055, #2387 ) ) ;
#10549 = EDGE_LOOP ( 'NONE', ( #12516, #4531, #9299, #6336 ) ) ;
#10550 = AXIS2_PLACEMENT_3D ( 'NONE', #6403, #5233, #9341 ) ;
#10551 = CIRCLE ( 'NONE', #2095, 19.00000000000000000 ) ;
#10552 = AXIS2_PLACEMENT_3D ( 'NONE', #6609, #9363, #8360 ) ;
#10553 = CARTESIAN_POINT ( 'NONE',  ( 18.30006951123579384, -13.77491600511408087, -0.000000000000000000 ) ) ;
#10554 = CC_DESIGN_PERSON_AND_ORGANIZATION_ASSIGNMENT ( #4364, #6111, ( #10488 ) ) ;
#10555 = APPROVAL ( #9089, 'æœª' ) ;
#10556 = CIRCLE ( 'NONE', #3383, 1.700000000000000178 ) ;
#10557 = APPROVAL_STATUS ( 'not_yet_approved' ) ;
#10558 = CARTESIAN_POINT ( 'NONE',  ( -20.00000000000000000, -14.00000000000000000, 5.000000000000000000 ) ) ;
#10559 = VERTEX_POINT ( 'NONE', #20 ) ;
#10560 = VECTOR ( 'NONE', #8779, 1000.000000000000000 ) ;
#10561 = ORIENTED_EDGE ( 'NONE', *, *, #6758, .T. ) ;
#10562 = CARTESIAN_POINT ( 'NONE',  ( -24.30000000000000071, -57.00000000000000000, -1.200000000000000030E-05 ) ) ;
#10563 = CARTESIAN_POINT ( 'NONE',  ( 35.00000000000000711, 240.0000000000000000, -40.00000000000000000 ) ) ;
#10564 = CARTESIAN_POINT ( 'NONE',  ( 0.000000000000000000, 0.000000000000000000, 68.00000000000000000 ) ) ;
#10565 = SHAPE_DEFINITION_REPRESENTATION ( #9274, #5479 ) ;
#10566 = VERTEX_POINT ( 'NONE', #8180 ) ;
#10567 = PERSON_AND_ORGANIZATION ( #12991, #11636 ) ;
#10568 = CYLINDRICAL_SURFACE ( 'NONE', #3956, 1.700000000000000178 ) ;
#10569 = CARTESIAN_POINT ( 'NONE',  ( 0.000000000000000000, 0.000000000000000000, 0.000000000000000000 ) ) ;
#10570 = CARTESIAN_POINT ( 'NONE',  ( -11.59999999999999964, 0.000000000000000000, 6.000000000000000000 ) ) ;
#10571 = APPROVAL_STATUS ( 'not_yet_approved' ) ;
#10572 =( GEOMETRIC_REPRESENTATION_CONTEXT ( 3 ) GLOBAL_UNCERTAINTY_ASSIGNED_CONTEXT ( ( #12164 ) ) GLOBAL_UNIT_ASSIGNED_CONTEXT ( ( #385, #12000, #5041 ) ) REPRESENTATION_CONTEXT ( 'NONE', 'WORKASPACE' ) );
#10573 = EDGE_CURVE ( 'NONE', #10839, #12037, #12686, .T. ) ;
#10574 = DIRECTION ( 'NONE',  ( 0.000000000000000000, -0.000000000000000000, -1.000000000000000000 ) ) ;
#10575 = PLANE ( 'NONE',  #4459 ) ;
#10576 = CARTESIAN_POINT ( 'NONE',  ( -14.00000000000000000, 0.000000000000000000, 18.00000000000000355 ) ) ;
#10577 = CARTESIAN_POINT ( 'NONE',  ( 32.70000000000000284, 66.00000000000000000, -6.000000000000000152E-06 ) ) ;
#10578 = LOCAL_TIME ( 12, 23, 36.00000000000000000, #1449 ) ;
#10579 = CARTESIAN_POINT ( 'NONE',  ( -10.04287395702989549, 58.36119079527254883, 0.000000000000000000 ) ) ;
#10580 = ORIENTED_EDGE ( 'NONE', *, *, #4666, .F. ) ;
#10581 = EDGE_CURVE ( 'NONE', #12730, #6160, #6911, .T. ) ;
#10582 = ORIENTED_EDGE ( 'NONE', *, *, #5141, .F. ) ;
#10583 = DIRECTION ( 'NONE',  ( 1.000000000000000000, 0.000000000000000000, 0.000000000000000000 ) ) ;
#10584 = DIRECTION ( 'NONE',  ( -0.000000000000000000, -0.000000000000000000, -1.000000000000000000 ) ) ;
#10585 = SHAPE_DEFINITION_REPRESENTATION ( #4921, #4579 ) ;
#10586 = COORDINATED_UNIVERSAL_TIME_OFFSET ( 5, 0, .BEHIND. ) ;
#10587 = DIRECTION ( 'NONE',  ( 0.000000000000000000, -1.000000000000000000, 0.000000000000000000 ) ) ;
#10588 = DIRECTION ( 'NONE',  ( -1.000000000000000000, 0.000000000000000000, 0.000000000000000000 ) ) ;
#10589 = CYLINDRICAL_SURFACE ( 'NONE', #853, 1.700000000000000178 ) ;
#10590 = CC_DESIGN_APPROVAL ( #9964, ( #8473 ) ) ;
#10591 = CARTESIAN_POINT ( 'NONE',  ( -11.32690702869582822, 8.231531534232543024, 10.02987977232460004 ) ) ;
#10592 = CARTESIAN_POINT ( 'NONE',  ( 0.000000000000000000, 0.000000000000000000, 0.000000000000000000 ) ) ;
#10593 = CARTESIAN_POINT ( 'NONE',  ( -7.343333099005484144, 0.000000000000000000, 3.557415261748694935 ) ) ;
#10594 = EDGE_LOOP ( 'NONE', ( #6714, #12555, #8696, #3121 ) ) ;
#10595 = DIRECTION ( 'NONE',  ( 1.000000000000000000, 0.000000000000000000, 0.000000000000000000 ) ) ;
#10596 = VERTEX_POINT ( 'NONE', #12253 ) ;
#10597 = ADVANCED_FACE ( 'NONE', ( #6179 ), #10240, .F. ) ;
#10598 = CC_DESIGN_APPROVAL ( #5985, ( #7191 ) ) ;
#10599 = VERTEX_POINT ( 'NONE', #4238 ) ;
#10600 = VERTEX_POINT ( 'NONE', #294 ) ;
#10601 = CARTESIAN_POINT ( 'NONE',  ( 32.70006951123654204, -0.000000000000000000, 3.774916005115497963 ) ) ;
#10602 = LINE ( 'NONE', #8478, #8198 ) ;
#10603 = CARTESIAN_POINT ( 'NONE',  ( -2.209866293823954386, 1.378406442902269768, 0.000000000000000000 ) ) ;
#10604 = APPROVAL_ROLE ( '' ) ;
#10605 = PERSON_AND_ORGANIZATION_ROLE ( 'classification_officer' ) ;
#10606 = DIRECTION ( 'NONE',  ( -0.000000000000000000, -0.000000000000000000, 1.000000000000000000 ) ) ;
#10607 = DIRECTION ( 'NONE',  ( -1.000000000000000000, -0.000000000000000000, -0.000000000000000000 ) ) ;
#10608 = CARTESIAN_POINT ( 'NONE',  ( 2.130521333856785660, 1.498155055651988254, 0.000000000000000000 ) ) ;
#10609 = ORIENTED_EDGE ( 'NONE', *, *, #12931, .F. ) ;
#10610 = CARTESIAN_POINT ( 'NONE',  ( -4.515674657884689580, -9.858653920127151693, 0.000000000000000000 ) ) ;
#10611 = ORIENTED_EDGE ( 'NONE', *, *, #1205, .T. ) ;
#10612 = DIRECTION ( 'NONE',  ( 1.000000000000000000, 0.000000000000000000, 0.000000000000000000 ) ) ;
#10613 = EDGE_CURVE ( 'NONE', #12990, #7998, #1027, .T. ) ;
#10614 = EDGE_CURVE ( 'NONE', #12311, #6823, #8316, .T. ) ;
#10615 = ORIENTED_EDGE ( 'NONE', *, *, #7311, .T. ) ;
#10616 = EDGE_LOOP ( 'NONE', ( #7665, #10447, #7560, #5087 ) ) ;
#10617 = CARTESIAN_POINT ( 'NONE',  ( 18.30000000000000071, -14.00000000000000000, -6.000000000000000152E-06 ) ) ;
#10618 = APPLICATION_CONTEXT ( 'configuration controlled 3d designs of mechanical parts and assemblies' ) ;
#10619 = CARTESIAN_POINT ( 'NONE',  ( -15.59999999999999964, 67.50000000000000000, 0.000000000000000000 ) ) ;
#10620 = EDGE_LOOP ( 'NONE', ( #8048, #7821, #11819, #6129, #4904, #5942 ) ) ;
#10621 = DIRECTION ( 'NONE',  ( 0.000000000000000000, 0.000000000000000000, 1.000000000000000000 ) ) ;
#10622 = VECTOR ( 'NONE', #6907, 1000.000000000000000 ) ;
#10623 = ORIENTED_EDGE ( 'NONE', *, *, #12767, .F. ) ;
#10624 = APPROVAL_ROLE ( '' ) ;
#10625 = DIRECTION ( 'NONE',  ( -1.000000000000000000, 0.000000000000000000, 0.000000000000000000 ) ) ;
#10626 = APPROVAL_STATUS ( 'not_yet_approved' ) ;
#10627 = EDGE_CURVE ( 'NONE', #5285, #8386, #5714, .T. ) ;
#10628 = CC_DESIGN_PERSON_AND_ORGANIZATION_ASSIGNMENT ( #4505, #9647, ( #11449 ) ) ;
#10629 = ORIENTED_EDGE ( 'NONE', *, *, #7905, .F. ) ;
#10630 = CARTESIAN_POINT ( 'NONE',  ( 35.60000000000000142, 67.50000000000000000, 6.000000000000000000 ) ) ;
#10631 = FACE_OUTER_BOUND ( 'NONE', #1288, .T. ) ;
#10632 = PLANE ( 'NONE',  #11103 ) ;
#10633 = PERSON_AND_ORGANIZATION_ROLE ( 'design_owner' ) ;
#10634 = DIRECTION ( 'NONE',  ( -1.000000000000000000, -0.000000000000000000, -0.000000000000000000 ) ) ;
#10635 = DIRECTION ( 'NONE',  ( -1.000000000000000000, -0.000000000000000000, -0.000000000000000000 ) ) ;
#10636 = CARTESIAN_POINT ( 'NONE',  ( -20.85848573019379870, -15.48439506952757050, 0.000000000000000000 ) ) ;
#10637 = DIRECTION ( 'NONE',  ( 0.000000000000000000, 0.000000000000000000, 1.000000000000000000 ) ) ;
#10638 = VERTEX_POINT ( 'NONE', #1480 ) ;
#10639 = PRODUCT_DEFINITION ( 'æœ', '', #616, #9519 ) ;
#10640 = CARTESIAN_POINT ( 'NONE',  ( -10.49999999999999822, 59.50000000000000000, 4.799999999999998934 ) ) ;
#10641 = EDGE_CURVE ( 'NONE', #10599, #6520, #2716, .T. ) ;
#10642 = DIRECTION ( 'NONE',  ( -0.000000000000000000, -0.000000000000000000, -1.000000000000000000 ) ) ;
#10643 = LINE ( 'NONE', #8461, #11781 ) ;
#10644 = APPROVAL_DATE_TIME ( #11572, #8681 ) ;
#10645 = LINE ( 'NONE', #11642, #11995 ) ;
#10646 = DIRECTION ( 'NONE',  ( 0.000000000000000000, -1.000000000000000000, 0.000000000000000000 ) ) ;
#10647 = CARTESIAN_POINT ( 'NONE',  ( 0.5999999999999997558, 2.529822128134703085, -1.200000000000000030E-05 ) ) ;
#10648 = DIRECTION ( 'NONE',  ( -1.000000000000000000, 0.000000000000000000, -0.000000000000000000 ) ) ;
#10649 = FACE_OUTER_BOUND ( 'NONE', #4484, .T. ) ;
#10650 = FACE_OUTER_BOUND ( 'NONE', #10249, .T. ) ;
#10651 = ORIENTED_EDGE ( 'NONE', *, *, #6000, .F. ) ;
#10652 = DIRECTION ( 'NONE',  ( -1.000000000000000000, 0.000000000000000000, 0.000000000000000000 ) ) ;
#10653 = ORIENTED_EDGE ( 'NONE', *, *, #1888, .T. ) ;
#10654 = EDGE_CURVE ( 'NONE', #4871, #9880, #12029, .T. ) ;
#10655 = ORIENTED_EDGE ( 'NONE', *, *, #3717, .T. ) ;
#10656 = ORIENTED_EDGE ( 'NONE', *, *, #11977, .T. ) ;
#10657 = SHAPE_DEFINITION_REPRESENTATION ( #12473, #4198 ) ;
#10658 = CARTESIAN_POINT ( 'NONE',  ( 0.000000000000000000, 0.000000000000000000, 35.00000000000000000 ) ) ;
#10659 = CARTESIAN_POINT ( 'NONE',  ( -7.700000000000000178, -9.000000000000000000, 3.000000000000000000 ) ) ;
#10660 = VECTOR ( 'NONE', #869, 1000.000000000000000 ) ;
#10661 = DIRECTION ( 'NONE',  ( -0.000000000000000000, -0.000000000000000000, -1.000000000000000000 ) ) ;
#10662 = PERSON_AND_ORGANIZATION ( #12991, #11636 ) ;
#10663 = DATE_AND_TIME ( #8543, #10496 ) ;
#10664 = CARTESIAN_POINT ( 'NONE',  ( 0.000000000000000000, 0.000000000000000000, 38.00000000000000000 ) ) ;
#10665 = EDGE_CURVE ( 'NONE', #7996, #12726, #7640, .T. ) ;
#10666 = DIRECTION ( 'NONE',  ( 1.000000000000000000, 0.000000000000000000, 0.000000000000000000 ) ) ;
#10667 = EDGE_CURVE ( 'NONE', #6458, #11445, #10645, .T. ) ;
#10668 = VERTEX_POINT ( 'NONE', #8594 ) ;
#10669 = ORIENTED_EDGE ( 'NONE', *, *, #1224, .F. ) ;
#10670 =( NAMED_UNIT ( * ) SI_UNIT ( $, .STERADIAN. ) SOLID_ANGLE_UNIT ( ) );
#10671 = CYLINDRICAL_SURFACE ( 'NONE', #11711, 1.700000000000000178 ) ;
#10672 = ORIENTED_EDGE ( 'NONE', *, *, #8554, .F. ) ;
#10673 = ORIENTED_EDGE ( 'NONE', *, *, #2413, .T. ) ;
#10674 = LINE ( 'NONE', #717, #3506 ) ;
#10675 = VECTOR ( 'NONE', #3211, 1000.000000000000000 ) ;
#10676 = ADVANCED_FACE ( 'NONE', ( #11698, #11450 ), #9651, .F. ) ;
#10677 = DIRECTION ( 'NONE',  ( 0.000000000000000000, 0.000000000000000000, -1.000000000000000000 ) ) ;
#10678 = ORIENTED_EDGE ( 'NONE', *, *, #10112, .T. ) ;
#10679 = LINE ( 'NONE', #12424, #3153 ) ;
#10680 = PERSON_AND_ORGANIZATION ( #12991, #11636 ) ;
#10681 = FACE_OUTER_BOUND ( 'NONE', #1627, .T. ) ;
#10682 = PERSON_AND_ORGANIZATION_ROLE ( 'classification_officer' ) ;
#10683 = VERTEX_POINT ( 'NONE', #6327 ) ;
#10684 = ADVANCED_FACE ( 'NONE', ( #8658 ), #12718, .F. ) ;
#10685 = CIRCLE ( 'NONE', #2462, 14.00000000000000000 ) ;
#10686 = VECTOR ( 'NONE', #10487, 1000.000000000000000 ) ;
#10687 = DIRECTION ( 'NONE',  ( 1.000000000000000000, 0.000000000000000000, 0.000000000000000000 ) ) ;
#10688 = CC_DESIGN_APPROVAL ( #393, ( #6429 ) ) ;
#10689 = CARTESIAN_POINT ( 'NONE',  ( 2.600000000000000089, 0.000000000000000000, -6.000000000000000152E-06 ) ) ;
#10690 = CARTESIAN_POINT ( 'NONE',  ( 12.80000000000000071, -2.000000000000000000, 3.000000000000000000 ) ) ;
#10691 = CALENDAR_DATE ( 2026, 21, 9 ) ;
#10692 = VECTOR ( 'NONE', #8271, 1000.000000000000000 ) ;
#10693 = LINE ( 'NONE', #2507, #4194 ) ;
#10694 = DIRECTION ( 'NONE',  ( -0.000000000000000000, -0.000000000000000000, -1.000000000000000000 ) ) ;
#10695 = DATE_AND_TIME ( #6622, #2148 ) ;
#10696 = EDGE_CURVE ( 'NONE', #4819, #3451, #9386, .T. ) ;
#10697 = EDGE_CURVE ( 'NONE', #10596, #11189, #11363, .T. ) ;
#10698 = DIRECTION ( 'NONE',  ( -0.000000000000000000, -1.000000000000000000, -0.000000000000000000 ) ) ;
#10699 = AXIS2_PLACEMENT_3D ( 'NONE', #6444, #7578, #11505 ) ;
#10700 = LOCAL_TIME ( 12, 23, 36.00000000000000000, #12566 ) ;
#10701 = FACE_OUTER_BOUND ( 'NONE', #1554, .T. ) ;
#10702 = ORIENTED_EDGE ( 'NONE', *, *, #805, .T. ) ;
#10703 = FACE_BOUND ( 'NONE', #4595, .T. ) ;
#10704 = VERTEX_POINT ( 'NONE', #621 ) ;
#10705 = CARTESIAN_POINT ( 'NONE',  ( 9.500000000000000000, 1.163414459189985485E-15, 35.00000000000000000 ) ) ;
#10706 = CIRCLE ( 'NONE', #6455, 1.700000000000000178 ) ;
#10707 = LINE ( 'NONE', #9581, #3327 ) ;
#10708 = CC_DESIGN_APPROVAL ( #11347, ( #6235 ) ) ;
#10709 = CARTESIAN_POINT ( 'NONE',  ( -20.00000000000000000, -6.000000000000000152E-06, 10.30000000000000071 ) ) ;
#10710 = FACE_OUTER_BOUND ( 'NONE', #884, .T. ) ;
#10711 = CC_DESIGN_DATE_AND_TIME_ASSIGNMENT ( #8883, #11681, ( #6948 ) ) ;
#10712 = CC_DESIGN_PERSON_AND_ORGANIZATION_ASSIGNMENT ( #10489, #5320, ( #11858 ) ) ;
#10713 = CARTESIAN_POINT ( 'NONE',  ( -11.87802137661227597, 7.410552828704602746, 9.114979469778596410 ) ) ;
#10714 = VECTOR ( 'NONE', #10453, 1000.000000000000000 ) ;
#10715 = AXIS2_PLACEMENT_3D ( 'NONE', #4195, #2083, #11009 ) ;
#10716 = CONTEXT_DEPENDENT_SHAPE_REPRESENTATION ( #1832, #11502 ) ;
#10717 = LINE ( 'NONE', #1609, #9461 ) ;
#10718 = ORIENTED_EDGE ( 'NONE', *, *, #10204, .T. ) ;
#10719 = DIRECTION ( 'NONE',  ( -0.000000000000000000, -1.000000000000000000, -0.000000000000000000 ) ) ;
#10720 = EDGE_LOOP ( 'NONE', ( #10653, #1795, #7207, #6185 ) ) ;
#10721 = EDGE_LOOP ( 'NONE', ( #1421, #9927, #6896, #5263 ) ) ;
#10722 = UNCERTAINTY_MEASURE_WITH_UNIT (LENGTH_MEASURE( 1.000000000000000082E-05 ), #6856, 'distance_accuracy_value', 'NONE');
#10723 = ORIENTED_EDGE ( 'NONE', *, *, #7443, .T. ) ;
#10724 = CLOSED_SHELL ( 'NONE', ( #5593, #5750, #3730, #12124 ) ) ;
#10725 = CC_DESIGN_APPROVAL ( #7540, ( #2863 ) ) ;
#10726 = CARTESIAN_POINT ( 'NONE',  ( 11.50000000000000000, 6.000000000000000000, 16.00000000000000000 ) ) ;
#10727 = CARTESIAN_POINT ( 'NONE',  ( 32.48439506952831124, 0.000000000000000000, 13.85848573019467622 ) ) ;
#10728 = ADVANCED_FACE ( 'NONE', ( #4630 ), #555, .F. ) ;
#10729 = APPROVAL_STATUS ( 'not_yet_approved' ) ;
#10730 = DIRECTION ( 'NONE',  ( 0.000000000000000000, 0.000000000000000000, -1.000000000000000000 ) ) ;
#10731 = CARTESIAN_POINT ( 'NONE',  ( -6.000000000000000000, -1.300000000000000044, -0.09997027095160138099 ) ) ;
#10732 = AXIS2_PLACEMENT_3D ( 'NONE', #2031, #3561, #9436 ) ;
#10733 = EDGE_LOOP ( 'NONE', ( #8424, #8928 ) ) ;
#10734 = CIRCLE ( 'NONE', #5230, 1.700000000000000178 ) ;
#10735 = CC_DESIGN_APPROVAL ( #8352, ( #11151 ) ) ;
#10736 = ORIENTED_EDGE ( 'NONE', *, *, #5891, .F. ) ;
#10737 = PLANE ( 'NONE',  #5164 ) ;
#10738 =( NAMED_UNIT ( * ) SI_UNIT ( $, .STERADIAN. ) SOLID_ANGLE_UNIT ( ) );
#10739 = ORIENTED_EDGE ( 'NONE', *, *, #3817, .F. ) ;
#10740 = ORIENTED_EDGE ( 'NONE', *, *, #12720, .T. ) ;
#10741 = CIRCLE ( 'NONE', #11126, 1.699999999999998401 ) ;
#10742 = EDGE_CURVE ( 'NONE', #1151, #11445, #5873, .T. ) ;
#10743 = SECURITY_CLASSIFICATION_LEVEL ( 'unclassified' ) ;
#10744 = DIRECTION ( 'NONE',  ( 0.000000000000000000, 0.000000000000000000, 1.000000000000000000 ) ) ;
#10745 = PRODUCT ( 'FlipArm_V3_raised', 'FlipArm_V3_raised', '', ( #8220 ) ) ;
#10746 = AXIS2_PLACEMENT_3D ( 'NONE', #5253, #9212, #7202 ) ;
#10747 = AXIS2_PLACEMENT_3D ( 'NONE', #1134, #4033, #11112 ) ;
#10748 = EDGE_CURVE ( 'NONE', #820, #6223, #12587, .T. ) ;
#10749 = CARTESIAN_POINT ( 'NONE',  ( 3.000000000000000000, 10.50000000000000000, 83.00000000000000000 ) ) ;
#10750 = ORIENTED_EDGE ( 'NONE', *, *, #8714, .T. ) ;
#10751 = MECHANICAL_CONTEXT ( 'NONE', #909, 'mechanical' ) ;
#10752 = COORDINATED_UNIVERSAL_TIME_OFFSET ( 5, 0, .BEHIND. ) ;
#10753 = AXIS2_PLACEMENT_3D ( 'NONE', #11220, #9510, #6310 ) ;
#10754 = ORIENTED_EDGE ( 'NONE', *, *, #10821, .F. ) ;
#10755 = VECTOR ( 'NONE', #568, 1000.000000000000000 ) ;
#10756 = EDGE_CURVE ( 'NONE', #6155, #12059, #6449, .T. ) ;
#10757 = FACE_OUTER_BOUND ( 'NONE', #10620, .T. ) ;
#10758 = CARTESIAN_POINT ( 'NONE',  ( 12.80000000000000071, 2.000000000000000000, 3.000000000000000000 ) ) ;
#10759 = LINE ( 'NONE', #11810, #3516 ) ;
#10760 = DIRECTION ( 'NONE',  ( 0.000000000000000000, 1.000000000000000000, 0.000000000000000000 ) ) ;
#10761 = CARTESIAN_POINT ( 'NONE',  ( 11.90000000000000036, 6.400000000000000355, 0.000000000000000000 ) ) ;
#10762 = VECTOR ( 'NONE', #7713, 1000.000000000000000 ) ;
#10763 = VECTOR ( 'NONE', #4836, 1000.000000000000000 ) ;
#10764 = CARTESIAN_POINT ( 'NONE',  ( -12.00000000000000000, -7.000000000000000000, 6.700000000000000178 ) ) ;
#10765 = CARTESIAN_POINT ( 'NONE',  ( 31.44263793983866861, 67.65679534101302295, -0.000000000000000000 ) ) ;
#10766 = VERTEX_POINT ( 'NONE', #2524 ) ;
#10767 = VECTOR ( 'NONE', #7109, 1000.000000000000000 ) ;
#10768 = DIRECTION ( 'NONE',  ( 1.000000000000000000, 0.000000000000000000, 0.000000000000000000 ) ) ;
#10769 = CARTESIAN_POINT ( 'NONE',  ( -7.343333099005669773, 57.44258473825169631, -0.000000000000000000 ) ) ;
#10770 = PERSON ( 'NAUO-PER5', 'UNSPECIFIED', 'UNSPECIFIED', ('UNSPECIFIED'), ('UNSPECIFIED'), ('UNSPECIFIED') ) ;
#10771 = ADVANCED_FACE ( 'NONE', ( #6514 ), #1546, .T. ) ;
#10772 = EDGE_CURVE ( 'NONE', #11546, #3466, #3698, .T. ) ;
#10773 = VECTOR ( 'NONE', #5199, 1000.000000000000000 ) ;
#10774 = DIRECTION ( 'NONE',  ( -0.000000000000000000, -0.000000000000000000, 1.000000000000000000 ) ) ;
#10775 = DIRECTION ( 'NONE',  ( 0.000000000000000000, 0.000000000000000000, 1.000000000000000000 ) ) ;
#10776 = CARTESIAN_POINT ( 'NONE',  ( 20.85853893179037755, -15.48452350954349122, -0.000000000000000000 ) ) ;
#10777 = CARTESIAN_POINT ( 'NONE',  ( -1.155218221821713742, 2.347434505214176070, -0.000000000000000000 ) ) ;
#10778 = CARTESIAN_POINT ( 'NONE',  ( 0.000000000000000000, 0.000000000000000000, 0.000000000000000000 ) ) ;
#10779 = CARTESIAN_POINT ( 'NONE',  ( -11.90332728759990211, 7.369655839099087835, 8.997107807596941953 ) ) ;
#10780 = CARTESIAN_POINT ( 'NONE',  ( 7.700000000000000178, -9.000000000000000000, -6.000000000000000152E-06 ) ) ;
#10781 = ORIENTED_EDGE ( 'NONE', *, *, #10742, .F. ) ;
#10782 = DIRECTION ( 'NONE',  ( 1.000000000000000000, 0.000000000000000000, 0.000000000000000000 ) ) ;
#10783 = VERTEX_POINT ( 'NONE', #5046 ) ;
#10784 = ORIENTED_EDGE ( 'NONE', *, *, #3517, .T. ) ;
#10785 = APPROVAL ( #7014, 'æœª' ) ;
#10786 = CARTESIAN_POINT ( 'NONE',  ( -0.5999999999999998668, 9.000000000000000000, 8.300000000000000711 ) ) ;
#10787 = EDGE_LOOP ( 'NONE', ( #6730, #9779, #4063, #2384, #4037 ) ) ;
#10788 = CYLINDRICAL_SURFACE ( 'NONE', #11608, 8.000000000000000000 ) ;
#10789 = CC_DESIGN_SECURITY_CLASSIFICATION ( #4858, ( #12902 ) ) ;
#10790 = DIRECTION ( 'NONE',  ( -1.000000000000000000, 0.000000000000000000, 0.000000000000000000 ) ) ;
#10791 = FACE_BOUND ( 'NONE', #9675, .T. ) ;
#10792 = PERSON_AND_ORGANIZATION ( #10770, #10037 ) ;
#10793 = SECURITY_CLASSIFICATION_LEVEL ( 'unclassified' ) ;
#10794 = APPROVAL_DATE_TIME ( #892, #11347 ) ;
#10795 = FACE_OUTER_BOUND ( 'NONE', #4470, .T. ) ;
#10796 = EDGE_LOOP ( 'NONE', ( #5689, #2484 ) ) ;
#10797 = CC_DESIGN_APPROVAL ( #11915, ( #1309 ) ) ;
#10798 = ORIENTED_EDGE ( 'NONE', *, *, #2967, .T. ) ;
#10799 = CARTESIAN_POINT ( 'NONE',  ( -12.30000000000000071, 70.00000000000000000, 8.000000000000000000 ) ) ;
#10800 =( NAMED_UNIT ( * ) PLANE_ANGLE_UNIT ( ) SI_UNIT ( $, .RADIAN. ) );
#10801 = ORIENTED_EDGE ( 'NONE', *, *, #6000, .T. ) ;
#10802 = EDGE_CURVE ( 'NONE', #6351, #7210, #10140, .T. ) ;
#10803 = ORIENTED_EDGE ( 'NONE', *, *, #11723, .T. ) ;
#10804 = CARTESIAN_POINT ( 'NONE',  ( 0.000000000000000000, 3.000000000000000000, 149.0000000000000000 ) ) ;
#10805 = LOCAL_TIME ( 12, 23, 36.00000000000000000, #11507 ) ;
#10806 = CARTESIAN_POINT ( 'NONE',  ( 18.63880920472925951, 12.95712604296942416, 0.000000000000000000 ) ) ;
#10807 = EDGE_CURVE ( 'NONE', #7940, #4848, #3999, .T. ) ;
#10808 = ORIENTED_EDGE ( 'NONE', *, *, #301, .F. ) ;
#10809 = LINE ( 'NONE', #11731, #2014 ) ;
#10810 = ORIENTED_EDGE ( 'NONE', *, *, #7443, .F. ) ;
#10811 = COORDINATED_UNIVERSAL_TIME_OFFSET ( 5, 0, .BEHIND. ) ;
#10812 = COORDINATED_UNIVERSAL_TIME_OFFSET ( 5, 0, .BEHIND. ) ;
#10813 = ORIENTED_EDGE ( 'NONE', *, *, #6802, .F. ) ;
#10814 = CARTESIAN_POINT ( 'NONE',  ( 2.534028928176448314, -0.6766222469410452245, -0.000000000000000000 ) ) ;
#10815 = DATE_AND_TIME ( #3497, #10700 ) ;
#10816 = CARTESIAN_POINT ( 'NONE',  ( -10.04297226076378635, -0.000000000000000000, 5.361289099003049508 ) ) ;
#10817 = LINE ( 'NONE', #1772, #9262 ) ;
#10818 = CARTESIAN_POINT ( 'NONE',  ( 2.500000000000000000, 3.061616997868383141E-16, 68.00000000000000000 ) ) ;
#10819 = COORDINATED_UNIVERSAL_TIME_OFFSET ( 5, 0, .BEHIND. ) ;
#10820 = CARTESIAN_POINT ( 'NONE',  ( 122.6387109010005219, 1.042972260769090553, -0.000000000000000000 ) ) ;
#10821 = EDGE_CURVE ( 'NONE', #3489, #7777, #4690, .T. ) ;
#10822 = FACE_OUTER_BOUND ( 'NONE', #5792, .T. ) ;
#10823 = ORIENTED_EDGE ( 'NONE', *, *, #445, .F. ) ;
#10824 = EDGE_CURVE ( 'NONE', #371, #11201, #3671, .T. ) ;
#10825 = EDGE_CURVE ( 'NONE', #8609, #6059, #7885, .T. ) ;
#10826 = LINE ( 'NONE', #11566, #2836 ) ;
#10827 = ORIENTED_EDGE ( 'NONE', *, *, #774, .F. ) ;
#10828 = CARTESIAN_POINT ( 'NONE',  ( 35.60000000000000142, 0.000000000000000000, 0.000000000000000000 ) ) ;
#10829 = LINE ( 'NONE', #2960, #2692 ) ;
#10830 = CARTESIAN_POINT ( 'NONE',  ( -18.63871090099695493, -0.000000000000000000, 13.04297226076415939 ) ) ;
#10831 = CARTESIAN_POINT ( 'NONE',  ( -28.00000000000000000, 0.000000000000000000, 0.000000000000000000 ) ) ;
#10832 = CARTESIAN_POINT ( 'NONE',  ( 6.000000000000000000, 0.000000000000000000, 20.00000000000000000 ) ) ;
#10833 = EDGE_CURVE ( 'NONE', #9789, #965, #2017, .T. ) ;
#10834 = CARTESIAN_POINT ( 'NONE',  ( 0.000000000000000000, 0.000000000000000000, 68.00000000000000000 ) ) ;
#10835 = EDGE_LOOP ( 'NONE', ( #10623, #5884, #10397, #4298 ) ) ;
#10836 = DIRECTION ( 'NONE',  ( 0.000000000000000000, 0.000000000000000000, 1.000000000000000000 ) ) ;
#10837 = ORIENTED_EDGE ( 'NONE', *, *, #3801, .F. ) ;
#10838 = PRODUCT ( 'V3_REF_MG995_envelope', 'V3_REF_MG995_envelope', '', ( #4614 ) ) ;
#10839 = VERTEX_POINT ( 'NONE', #10067 ) ;
#10840 = DIRECTION ( 'NONE',  ( 0.000000000000000000, 0.000000000000000000, -1.000000000000000000 ) ) ;
#10841 = CARTESIAN_POINT ( 'NONE',  ( -6.000000000000000000, 0.000000000000000000, 20.00000000000000000 ) ) ;
#10842 = EDGE_LOOP ( 'NONE', ( #9673, #3359 ) ) ;
#10843 = EDGE_CURVE ( 'NONE', #4737, #12408, #685, .T. ) ;
#10844 = CARTESIAN_POINT ( 'NONE',  ( 12.30006951123579562, 70.22508399488370401, 0.000000000000000000 ) ) ;
#10845 = CYLINDRICAL_SURFACE ( 'NONE', #5262, 2.600000000000000089 ) ;
#10846 = LINE ( 'NONE', #1803, #11815 ) ;
#10847 = COORDINATED_UNIVERSAL_TIME_OFFSET ( 5, 0, .BEHIND. ) ;
#10848 = DIRECTION ( 'NONE',  ( -0.000000000000000000, -0.000000000000000000, 1.000000000000000000 ) ) ;
#10849 = EDGE_CURVE ( 'NONE', #7165, #4347, #9038, .T. ) ;
#10850 = EDGE_CURVE ( 'NONE', #4737, #5668, #12835, .T. ) ;
#10851 = DIRECTION ( 'NONE',  ( -0.000000000000000000, -0.000000000000000000, -1.000000000000000000 ) ) ;
#10852 = ORIENTED_EDGE ( 'NONE', *, *, #3444, .T. ) ;
#10853 = CARTESIAN_POINT ( 'NONE',  ( 0.8803804287024865616, 2.463630117896262739, -0.000000000000000000 ) ) ;
#10854 = ADVANCED_FACE ( 'NONE', ( #4058, #12134 ), #3064, .F. ) ;
#10855 = APPLICATION_CONTEXT ( 'configuration controlled 3d designs of mechanical parts and assemblies' ) ;
#10856 = VERTEX_POINT ( 'NONE', #11266 ) ;
#10857 = DIRECTION ( 'NONE',  ( 1.000000000000000000, 0.000000000000000000, 0.000000000000000000 ) ) ;
#10858 = ORIENTED_EDGE ( 'NONE', *, *, #12649, .T. ) ;
#10859 = EDGE_LOOP ( 'NONE', ( #7112, #12532, #10516, #2416 ) ) ;
#10860 = VECTOR ( 'NONE', #12606, 1000.000000000000000 ) ;
#10861 = FACE_OUTER_BOUND ( 'NONE', #628, .T. ) ;
#10862 = CC_DESIGN_PERSON_AND_ORGANIZATION_ASSIGNMENT ( #11484, #5391, ( #7228 ) ) ;
#10863 = EDGE_CURVE ( 'NONE', #3851, #1358, #5381, .T. ) ;
#10864 = DIRECTION ( 'NONE',  ( 0.000000000000000000, -0.000000000000000000, 1.000000000000000000 ) ) ;
#10865 = AXIS2_PLACEMENT_3D ( 'NONE', #3056, #7131, #11196 ) ;
#10866 = ORIENTED_EDGE ( 'NONE', *, *, #101, .F. ) ;
#10867 = ORIENTED_EDGE ( 'NONE', *, *, #12551, .T. ) ;
#10868 = PERSON_AND_ORGANIZATION ( #12991, #11636 ) ;
#10869 = EDGE_LOOP ( 'NONE', ( #10190, #12891 ) ) ;
#10870 = SHAPE_REPRESENTATION ( 'V3_03_bearing_retainer', ( #1284 ), #6518 ) ;
#10871 = CARTESIAN_POINT ( 'NONE',  ( -2.081978247435513296, -1.594878658085206125, 0.000000000000000000 ) ) ;
#10872 = VECTOR ( 'NONE', #6007, 1000.000000000000000 ) ;
#10873 = CARTESIAN_POINT ( 'NONE',  ( 13.00000000000000000, -5.000000000000000000, 28.00000000000000000 ) ) ;
#10874 = DIRECTION ( 'NONE',  ( 0.000000000000000000, 1.000000000000000000, 0.000000000000000000 ) ) ;
#10875 = DIRECTION ( 'NONE',  ( 0.000000000000000000, 0.000000000000000000, -1.000000000000000000 ) ) ;
#10876 = EDGE_CURVE ( 'NONE', #658, #1724, #8283, .T. ) ;
#10877 = CARTESIAN_POINT ( 'NONE',  ( 122.5156049304716674, 0.8584857301873822788, 0.000000000000000000 ) ) ;
#10878 = CARTESIAN_POINT ( 'NONE',  ( 28.00000000000000000, 0.000000000000000000, 24.00000000000000000 ) ) ;
#10879 = DIRECTION ( 'NONE',  ( 0.000000000000000000, 1.000000000000000000, 0.000000000000000000 ) ) ;
#10880 = VERTEX_POINT ( 'NONE', #1371 ) ;
#10881 = AXIS2_PLACEMENT_3D ( 'NONE', #12725, #11515, #10595 ) ;
#10882 = CARTESIAN_POINT ( 'NONE',  ( -21.00000000000000000, 12.00000000000000000, 3.000000000000000000 ) ) ;
#10883 = LOCAL_TIME ( 12, 23, 36.00000000000000000, #4576 ) ;
#10884 = ORIENTED_EDGE ( 'NONE', *, *, #3323, .F. ) ;
#10885 = LINE ( 'NONE', #11027, #1664 ) ;
#10886 = CARTESIAN_POINT ( 'NONE',  ( -9.500000000000000000, 0.000000000000000000, 35.00000000000000000 ) ) ;
#10887 = EDGE_CURVE ( 'NONE', #11622, #9603, #3971, .T. ) ;
#10888 = CARTESIAN_POINT ( 'NONE',  ( 21.36128909900305572, -15.04297226076379168, -0.000000000000000000 ) ) ;
#10889 = PERSON_AND_ORGANIZATION ( #12991, #11636 ) ;
#10890 = CARTESIAN_POINT ( 'NONE',  ( 24.30000000000000071, 57.00000000000000000, 0.000000000000000000 ) ) ;
#10891 = VECTOR ( 'NONE', #7964, 1000.000000000000000 ) ;
#10892 = VECTOR ( 'NONE', #11864, 1000.000000000000000 ) ;
#10893 = SECURITY_CLASSIFICATION ( '', '', #3336 ) ;
#10894 = DIRECTION ( 'NONE',  ( -1.000000000000000000, 0.000000000000000000, -0.000000000000000000 ) ) ;
#10895 = CARTESIAN_POINT ( 'NONE',  ( 10.00000000000000000, 27.50000000000000000, 3.000000000000000000 ) ) ;
#10896 = VERTEX_POINT ( 'NONE', #4409 ) ;
#10897 = CYLINDRICAL_SURFACE ( 'NONE', #2674, 14.00000000000000000 ) ;
#10898 = EDGE_LOOP ( 'NONE', ( #7023, #12278, #1575, #4367 ) ) ;
#10899 = AXIS2_PLACEMENT_3D ( 'NONE', #6572, #1669, #9643 ) ;
#10900 = VERTEX_POINT ( 'NONE', #263 ) ;
#10901 = CIRCLE ( 'NONE', #10531, 1.700000000000000178 ) ;
#10902 = EDGE_LOOP ( 'NONE', ( #6411, #9677 ) ) ;
#10903 = ADVANCED_FACE ( 'NONE', ( #7139 ), #12345, .F. ) ;
#10904 = DIRECTION ( 'NONE',  ( -0.000000000000000000, -0.000000000000000000, 1.000000000000000000 ) ) ;
#10905 = PLANE ( 'NONE',  #4639 ) ;
#10906 = FACE_BOUND ( 'NONE', #3317, .T. ) ;
#10907 = SECURITY_CLASSIFICATION_LEVEL ( 'unclassified' ) ;
#10908 = COORDINATED_UNIVERSAL_TIME_OFFSET ( 5, 0, .BEHIND. ) ;
#10909 = FACE_OUTER_BOUND ( 'NONE', #12948, .T. ) ;
#10910 = VECTOR ( 'NONE', #1716, 1000.000000000000000 ) ;
#10911 = EDGE_CURVE ( 'NONE', #974, #800, #417, .T. ) ;
#10912 = FACE_BOUND ( 'NONE', #12598, .T. ) ;
#10913 = ORIENTED_EDGE ( 'NONE', *, *, #8900, .T. ) ;
#10914 = CARTESIAN_POINT ( 'NONE',  ( -21.00000000000000000, -12.00000000000000000, 0.000000000000000000 ) ) ;
#10915 = VERTEX_POINT ( 'NONE', #1235 ) ;
#10916 = CARTESIAN_POINT ( 'NONE',  ( -34.00000000000000000, -5.000000000000000000, 25.00000000000000000 ) ) ;
#10917 = CARTESIAN_POINT ( 'NONE',  ( 35.00000000000000000, 39.99999999999999289, -26.00000000000000000 ) ) ;
#10918 = CARTESIAN_POINT ( 'NONE',  ( 0.000000000000000000, 0.000000000000000000, 2.000000000000000000 ) ) ;
#10919 = ORIENTED_EDGE ( 'NONE', *, *, #4702, .T. ) ;
#10920 = ORIENTED_EDGE ( 'NONE', *, *, #5937, .T. ) ;
#10921 = LOCAL_TIME ( 12, 23, 36.00000000000000000, #9695 ) ;
#10922 = EDGE_CURVE ( 'NONE', #1400, #4883, #7346, .T. ) ;
#10923 = EDGE_CURVE ( 'NONE', #1075, #7708, #326, .T. ) ;
#10924 = DIRECTION ( 'NONE',  ( -1.000000000000000000, 0.000000000000000000, 0.000000000000000000 ) ) ;
#10925 = VECTOR ( 'NONE', #2310, 1000.000000000000000 ) ;
#10926 = AXIS2_PLACEMENT_3D ( 'NONE', #3835, #5868, #2731 ) ;
#10927 = PRODUCT_DEFINITION_FORMATION_WITH_SPECIFIED_SOURCE ( 'ä»', '', #5259, .NOT_KNOWN. ) ;
#10928 = FACE_OUTER_BOUND ( 'NONE', #8153, .T. ) ;
#10929 = EDGE_LOOP ( 'NONE', ( #3242, #10740, #1744, #754, #7807, #7646 ) ) ;
#10930 = DIRECTION ( 'NONE',  ( 1.000000000000000000, -0.000000000000000000, 0.000000000000000000 ) ) ;
#10931 = ORIENTED_EDGE ( 'NONE', *, *, #7271, .T. ) ;
#10933 = AXIS2_PLACEMENT_3D ( 'NONE', #7066, #4201, #327 ) ;
#10932 = SHAPE_REPRESENTATION_RELATIONSHIP ( 'NONE' , 'NONE' ,  #5949, #9120 ) ;
#10934 = ORIENTED_EDGE ( 'NONE', *, *, #2185, .T. ) ;
#10935 = APPROVAL ( #4109, 'UNKNOWN' ) ;
#10936 = VECTOR ( 'NONE', #11139, 1000.000000000000000 ) ;
#10937 = CARTESIAN_POINT ( 'NONE',  ( -1.313163450857918635, -2.270214330881944687, 0.000000000000000000 ) ) ;
#10938 = CC_DESIGN_PERSON_AND_ORGANIZATION_ASSIGNMENT ( #397, #11542, ( #10163 ) ) ;
#10939 = AXIS2_PLACEMENT_3D ( 'NONE', #4207, #267, #3071 ) ;
#10940 = LINE ( 'NONE', #4857, #8350 ) ;
#10941 = CARTESIAN_POINT ( 'NONE',  ( -16.00000000000000000, -6.000000000000000000, 16.00000000000000000 ) ) ;
#10942 = CARTESIAN_POINT ( 'NONE',  ( 27.69999999999999929, -57.00000000000000000, -1.200000000000000030E-05 ) ) ;
#10943 = CALENDAR_DATE ( 2026, 21, 9 ) ;
#10944 = AXIS2_PLACEMENT_3D ( 'NONE', #10380, #4149, #11362 ) ;
#10945 = DIRECTION ( 'NONE',  ( -1.000000000000000000, -0.000000000000000000, 0.000000000000000000 ) ) ;
#10946 = VECTOR ( 'NONE', #4980, 1000.000000000000000 ) ;
#10947 = DIRECTION ( 'NONE',  ( -1.000000000000000000, -0.000000000000000000, -0.000000000000000000 ) ) ;
#10948 = CARTESIAN_POINT ( 'NONE',  ( 0.000000000000000000, 149.0000000000000000, 3.000000000000000000 ) ) ;
#10949 = AXIS2_PLACEMENT_3D ( 'NONE', #169, #9596, #7531 ) ;
#10950 = ORIENTED_EDGE ( 'NONE', *, *, #8312, .F. ) ;
#10951 = CARTESIAN_POINT ( 'NONE',  ( 21.00000000000000000, -12.00000000000000000, 3.000000000000000000 ) ) ;
#10952 = DIRECTION ( 'NONE',  ( 0.000000000000000000, 0.000000000000000000, -1.000000000000000000 ) ) ;
#10953 = CARTESIAN_POINT ( 'NONE',  ( 0.000000000000000000, 67.50000000000000000, 6.000000000000000000 ) ) ;
#10954 = ORIENTED_EDGE ( 'NONE', *, *, #11085, .T. ) ;
#10955 = LINE ( 'NONE', #7761, #8808 ) ;
#10956 = DIRECTION ( 'NONE',  ( 1.000000000000000000, 0.000000000000000000, 0.000000000000000000 ) ) ;
#10957 = ADVANCED_FACE ( 'NONE', ( #12206 ), #2359, .F. ) ;
#10958 = AXIS2_PLACEMENT_3D ( 'NONE', #11045, #10904, #2795 ) ;
#10959 = DIRECTION ( 'NONE',  ( -1.000000000000000000, 0.000000000000000000, 0.000000000000000000 ) ) ;
#10960 = APPROVAL_ROLE ( '' ) ;
#10961 = VECTOR ( 'NONE', #8862, 1000.000000000000000 ) ;
#10962 = CARTESIAN_POINT ( 'NONE',  ( 11.81583934084839704, 7.509301620396099608, 10.82622392244466170 ) ) ;
#10963 = DIRECTION ( 'NONE',  ( 0.000000000000000000, 0.000000000000000000, -1.000000000000000000 ) ) ;
#10964 = CONTEXT_DEPENDENT_SHAPE_REPRESENTATION ( #3930, #5485 ) ;
#10965 = DIRECTION ( 'NONE',  ( 0.000000000000000000, 0.000000000000000000, 1.000000000000000000 ) ) ;
#10966 = CARTESIAN_POINT ( 'NONE',  ( -35.00000000000000000, 70.00000000000000000, 0.000000000000000000 ) ) ;
#10967 = EDGE_CURVE ( 'NONE', #8348, #5572, #10355, .T. ) ;
#10968 = AXIS2_PLACEMENT_3D ( 'NONE', #3583, #7258, #11699 ) ;
#10969 = VECTOR ( 'NONE', #10228, 1000.000000000000000 ) ;
#10970 = CARTESIAN_POINT ( 'NONE',  ( 6.000000000000000000, 0.000000000000000000, 0.000000000000000000 ) ) ;
#10971 = EDGE_LOOP ( 'NONE', ( #5146, #9245, #596, #12370 ) ) ;
#10972 = CARTESIAN_POINT ( 'NONE',  ( 0.000000000000000000, 0.000000000000000000, 16.00000000000000000 ) ) ;
#10973 = ORIENTED_EDGE ( 'NONE', *, *, #2458, .T. ) ;
#10974 = ORIENTED_EDGE ( 'NONE', *, *, #8505, .F. ) ;
#10975 = UNCERTAINTY_MEASURE_WITH_UNIT (LENGTH_MEASURE( 1.000000000000000082E-05 ), #11130, 'distance_accuracy_value', 'NONE');
#10976 = EDGE_LOOP ( 'NONE', ( #1211, #8362 ) ) ;
#10977 = SECURITY_CLASSIFICATION_LEVEL ( 'unclassified' ) ;
#10978 = DIRECTION ( 'NONE',  ( 0.000000000000000000, 0.000000000000000000, 1.000000000000000000 ) ) ;
#10979 = SHAPE_REPRESENTATION ( 'V3_06_horn_coupler', ( #1284 ), #11629 ) ;
#10980 = DIRECTION ( 'NONE',  ( -1.000000000000000000, -0.000000000000000000, -0.000000000000000000 ) ) ;
#10981 = PERSON_AND_ORGANIZATION_ROLE ( 'creator' ) ;
#10982 = CARTESIAN_POINT ( 'NONE',  ( 29.30000000000000071, 57.00000000000000000, -6.000000000000000152E-06 ) ) ;
#10983 =( GEOMETRIC_REPRESENTATION_CONTEXT ( 3 ) GLOBAL_UNCERTAINTY_ASSIGNED_CONTEXT ( ( #2386 ) ) GLOBAL_UNIT_ASSIGNED_CONTEXT ( ( #8279, #5376, #387 ) ) REPRESENTATION_CONTEXT ( 'NONE', 'WORKASPACE' ) );
#10984 = CONTEXT_DEPENDENT_SHAPE_REPRESENTATION ( #7384, #3799 ) ;
#10985 = CARTESIAN_POINT ( 'NONE',  ( 40.00000000000000000, 0.000000000000000000, 40.00000000000000000 ) ) ;
#10986 = CARTESIAN_POINT ( 'NONE',  ( -20.22508399488501496, -12.29993048876420936, -0.000000000000000000 ) ) ;
#10987 = ORIENTED_EDGE ( 'NONE', *, *, #11224, .F. ) ;
#10988 = EDGE_CURVE ( 'NONE', #3202, #10099, #10420, .T. ) ;
#10989 = DIRECTION ( 'NONE',  ( -0.000000000000000000, -0.000000000000000000, -1.000000000000000000 ) ) ;
#10990 = VERTEX_POINT ( 'NONE', #1310 ) ;
#10991 = CARTESIAN_POINT ( 'NONE',  ( -16.00000000000000000, -6.000000000000000000, 18.00000000000000355 ) ) ;
#10992 = EDGE_CURVE ( 'NONE', #10399, #2643, #3571, .T. ) ;
#10993 = CARTESIAN_POINT ( 'NONE',  ( -11.68622841836827320, 7.709669415052518460, 8.887083654392810672 ) ) ;
#10994 = PERSON_AND_ORGANIZATION_ROLE ( 'classification_officer' ) ;
#10995 = ORIENTED_EDGE ( 'NONE', *, *, #4391, .F. ) ;
#10996 = ORIENTED_EDGE ( 'NONE', *, *, #8496, .T. ) ;
#10997 = ORIENTED_EDGE ( 'NONE', *, *, #3445, .T. ) ;
#10998 = DIRECTION ( 'NONE',  ( -0.000000000000000000, -0.000000000000000000, -1.000000000000000000 ) ) ;
#10999 = LINE ( 'NONE', #1952, #4447 ) ;
#11000 = APPROVAL_DATE_TIME ( #12192, #9664 ) ;
#11001 = APPROVAL_PERSON_ORGANIZATION ( #12944, #5688, #11632 ) ;
#11002 = FACE_BOUND ( 'NONE', #6524, .T. ) ;
#11003 = EDGE_LOOP ( 'NONE', ( #854, #6396, #3678, #4642 ) ) ;
#11004 = EDGE_CURVE ( 'NONE', #2251, #9192, #6288, .T. ) ;
#11005 = EDGE_CURVE ( 'NONE', #3492, #2251, #5025, .T. ) ;
#11006 = ORIENTED_EDGE ( 'NONE', *, *, #8158, .T. ) ;
#11007 = ORIENTED_EDGE ( 'NONE', *, *, #3606, .T. ) ;
#11008 = LOCAL_TIME ( 12, 23, 36.00000000000000000, #7155 ) ;
#11009 = DIRECTION ( 'NONE',  ( 0.000000000000000000, 0.000000000000000000, 1.000000000000000000 ) ) ;
#11010 = CARTESIAN_POINT ( 'NONE',  ( -9.442469749914609523, -0.000000000000000000, 5.656865068423062581 ) ) ;
#11011 = LINE ( 'NONE', #3803, #3580 ) ;
#11012 = CARTESIAN_POINT ( 'NONE',  ( 150.0000000000000000, 0.000000000000000000, 0.000000000000000000 ) ) ;
#11013 = MECHANICAL_CONTEXT ( 'NONE', #8580, 'mechanical' ) ;
#11014 = CARTESIAN_POINT ( 'NONE',  ( 10.72380529476361133, 9.000000000000000000, 8.300000000000000711 ) ) ;
#11015 = CARTESIAN_POINT ( 'NONE',  ( 14.22508399489131214, 68.29993048876643513, -0.000000000000000000 ) ) ;
#11016 = ORIENTED_EDGE ( 'NONE', *, *, #7668, .T. ) ;
#11017 = ADVANCED_FACE ( 'NONE', ( #8213 ), #4200, .F. ) ;
#11018 = APPROVAL ( #5142, 'UNKNOWN' ) ;
#11019 = EDGE_CURVE ( 'NONE', #2743, #10482, #1948, .T. ) ;
#11020 = APPROVAL ( #9507, 'æœª' ) ;
#11021 = DIRECTION ( 'NONE',  ( -0.000000000000000000, -0.000000000000000000, 1.000000000000000000 ) ) ;
#11022 = DIRECTION ( 'NONE',  ( 0.000000000000000000, -1.000000000000000000, 0.000000000000000000 ) ) ;
#11023 = VERTEX_POINT ( 'NONE', #9068 ) ;
#11024 = EDGE_CURVE ( 'NONE', #1899, #1651, #5996, .T. ) ;
#11025 = FACE_OUTER_BOUND ( 'NONE', #2673, .T. ) ;
#11026 = VERTEX_POINT ( 'NONE', #5883 ) ;
#11027 = CARTESIAN_POINT ( 'NONE',  ( -37.50000000000000000, -10.00000000000000000, 28.00000000000000000 ) ) ;
#11028 = CARTESIAN_POINT ( 'NONE',  ( 0.000000000000000000, 0.000000000000000000, 0.000000000000000000 ) ) ;
#11029 = LINE ( 'NONE', #4933, #3936 ) ;
#11030 = DATE_AND_TIME ( #5916, #3195 ) ;
#11031 = CARTESIAN_POINT ( 'NONE',  ( 11.32625336758537671, 8.229749050941169486, 11.51924676303362638 ) ) ;
#11032 = AXIS2_PLACEMENT_3D ( 'NONE', #3777, #1994, #6837 ) ;
#11033 = CARTESIAN_POINT ( 'NONE',  ( -22.00000000000000000, 0.000000000000000000, 8.000000000000000000 ) ) ;
#11034 = APPLICATION_CONTEXT ( 'configuration controlled 3d designs of mechanical parts and assemblies' ) ;
#11035 = CARTESIAN_POINT ( 'NONE',  ( -14.00000000000000000, 0.000000000000000000, -1.200000000000000030E-05 ) ) ;
#11036 = APPROVAL ( #8260, 'æœª' ) ;
#11037 = CC_DESIGN_PERSON_AND_ORGANIZATION_ASSIGNMENT ( #10680, #6738, ( #12902 ) ) ;
#11038 = CARTESIAN_POINT ( 'NONE',  ( -22.00000000000000000, 84.00000000000000000, 8.000000000000000000 ) ) ;
#11039 = CYLINDRICAL_SURFACE ( 'NONE', #5192, 1.700000000000000178 ) ;
#11040 = EDGE_LOOP ( 'NONE', ( #7546, #3529, #179, #5207 ) ) ;
#11041 = FACE_OUTER_BOUND ( 'NONE', #12907, .T. ) ;
#11042 = ORIENTED_EDGE ( 'NONE', *, *, #9634, .F. ) ;
#11043 = LINE ( 'NONE', #6718, #9633 ) ;
#11044 = EDGE_LOOP ( 'NONE', ( #852, #6900, #5981, #5713 ) ) ;
#11045 = CARTESIAN_POINT ( 'NONE',  ( -20.00000000000000000, 14.00000000000000000, -1.200000000000000030E-05 ) ) ;
#11046 = CARTESIAN_POINT ( 'NONE',  ( -24.30000000000000071, -57.00000000000000711, -8.271806125530276749E-22 ) ) ;
#11047 = LINE ( 'NONE', #10179, #6712 ) ;
#11048 = CALENDAR_DATE ( 2026, 21, 9 ) ;
#11049 = CARTESIAN_POINT ( 'NONE',  ( -28.00000000000000000, 8.000000000000000000, 24.00000000000000000 ) ) ;
#11050 = ORIENTED_EDGE ( 'NONE', *, *, #8072, .T. ) ;
#11051 = CARTESIAN_POINT ( 'NONE',  ( 2.408589353751582784, 0.9896632826438699349, -0.000000000000000000 ) ) ;
#11052 = ORIENTED_EDGE ( 'NONE', *, *, #2796, .F. ) ;
#11053 = CARTESIAN_POINT ( 'NONE',  ( -21.00000000000000000, -12.00000000000000000, 3.000000000000000000 ) ) ;
#11054 = DIRECTION ( 'NONE',  ( -1.000000000000000000, 0.000000000000000000, 0.000000000000000000 ) ) ;
#11055 = CARTESIAN_POINT ( 'NONE',  ( -11.03982175519196929, 8.612738812327586757, 11.66766443662072206 ) ) ;
#11056 = ORIENTED_EDGE ( 'NONE', *, *, #7757, .F. ) ;
#11057 = ORIENTED_EDGE ( 'NONE', *, *, #2987, .T. ) ;
#11058 = LINE ( 'NONE', #4107, #10080 ) ;
#11059 = VECTOR ( 'NONE', #2879, 1000.000000000000000 ) ;
#11060 = CARTESIAN_POINT ( 'NONE',  ( 0.000000000000000000, 0.000000000000000000, 17.00000000000000000 ) ) ;
#11061 = EDGE_CURVE ( 'NONE', #651, #2969, #4102, .T. ) ;
#11062 = CARTESIAN_POINT ( 'NONE',  ( -2.270342840037289811, -1.313216681092628013, -0.000000000000000000 ) ) ;
#11063 = EDGE_LOOP ( 'NONE', ( #4885, #266, #5779, #2262 ) ) ;
#11064 = ORIENTED_EDGE ( 'NONE', *, *, #9627, .T. ) ;
#11065 = LINE ( 'NONE', #9081, #11341 ) ;
#11066 = CARTESIAN_POINT ( 'NONE',  ( 43.00000000000000000, 0.000000000000000000, 17.00000000000000000 ) ) ;
#11067 = EDGE_CURVE ( 'NONE', #10173, #9414, #10901, .T. ) ;
#11068 = CARTESIAN_POINT ( 'NONE',  ( -2.130340194382252417, 1.498434379583922782, -0.000000000000000000 ) ) ;
#11069 = CARTESIAN_POINT ( 'NONE',  ( 21.04287395702867514, 0.000000000000000000, 13.36119079527264830 ) ) ;
#11070 = FACE_OUTER_BOUND ( 'NONE', #10787, .T. ) ;
#11071 = AXIS2_PLACEMENT_3D ( 'NONE', #5056, #9897, #1629 ) ;
#11072 = COORDINATED_UNIVERSAL_TIME_OFFSET ( 5, 0, .BEHIND. ) ;
#11073 = DIRECTION ( 'NONE',  ( 0.000000000000000000, -0.000000000000000000, 1.000000000000000000 ) ) ;
#11074 = ORIENTED_EDGE ( 'NONE', *, *, #12536, .F. ) ;
#11075 = LINE ( 'NONE', #6550, #1264 ) ;
#11076 = CARTESIAN_POINT ( 'NONE',  ( -20.00000000000000000, -12.00000000000000000, 2.000000000000000000 ) ) ;
#11077 = EDGE_CURVE ( 'NONE', #4026, #5410, #7335, .T. ) ;
#11078 = ORIENTED_EDGE ( 'NONE', *, *, #11884, .T. ) ;
#11079 = CARTESIAN_POINT ( 'NONE',  ( 10.00000000000000000, 19.50000000000000000, 58.00000000000000000 ) ) ;
#11080 = LINE ( 'NONE', #6093, #3875 ) ;
#11081 = CARTESIAN_POINT ( 'NONE',  ( -12.00000000000000000, -12.00000000000000000, 20.00000000000000000 ) ) ;
#11082 = DIRECTION ( 'NONE',  ( 1.000000000000000000, 0.000000000000000000, 0.000000000000000000 ) ) ;
#11083 = PERSON ( 'NAUO-PER24', 'UNSPECIFIED', 'UNSPECIFIED', ('UNSPECIFIED'), ('UNSPECIFIED'), ('UNSPECIFIED') ) ;
#11084 = CARTESIAN_POINT ( 'NONE',  ( 31.00000000000000355, -6.000000000000000152E-06, 11.29999999999999893 ) ) ;
#11085 = EDGE_CURVE ( 'NONE', #3621, #6351, #224, .T. ) ;
#11086 = DATE_TIME_ROLE ( 'creation_date' ) ;
#11087 = EDGE_CURVE ( 'NONE', #12726, #11200, #7983, .T. ) ;
#11088 = FACE_OUTER_BOUND ( 'NONE', #8309, .T. ) ;
#11089 = CARTESIAN_POINT ( 'NONE',  ( -18.30000000000000071, 14.00000000000000000, -6.000000000000000152E-06 ) ) ;
#11090 = ADVANCED_FACE ( 'NONE', ( #8113, #10120 ), #5090, .T. ) ;
#11091 = DIRECTION ( 'NONE',  ( 1.000000000000000000, 0.000000000000000000, 0.000000000000000000 ) ) ;
#11092 = AXIS2_PLACEMENT_3D ( 'NONE', #3746, #2770, #12947 ) ;
#11093 = ADVANCED_FACE ( 'NONE', ( #164 ), #7119, .F. ) ;
#11094 = FACE_OUTER_BOUND ( 'NONE', #1512, .T. ) ;
#11095 = DIRECTION ( 'NONE',  ( -0.000000000000000000, -0.000000000000000000, 1.000000000000000000 ) ) ;
#11096 = VECTOR ( 'NONE', #11621, 1000.000000000000000 ) ;
#11097 = ORIENTED_EDGE ( 'NONE', *, *, #3089, .T. ) ;
#11098 = VERTEX_POINT ( 'NONE', #1882 ) ;
#11099 = FACE_BOUND ( 'NONE', #12448, .T. ) ;
#11100 = DIRECTION ( 'NONE',  ( 1.000000000000000000, 0.000000000000000000, 0.000000000000000000 ) ) ;
#11101 = ORIENTED_EDGE ( 'NONE', *, *, #7388, .F. ) ;
#11102 = AXIS2_PLACEMENT_3D ( 'NONE', #12183, #6258, #7246 ) ;
#11103 = AXIS2_PLACEMENT_3D ( 'NONE', #2572, #11684, #3565 ) ;
#11104 = CARTESIAN_POINT ( 'NONE',  ( -19.77491600511497083, 15.69993048876420438, 0.000000000000000000 ) ) ;
#11105 = CC_DESIGN_PERSON_AND_ORGANIZATION_ASSIGNMENT ( #7464, #10605, ( #6221 ) ) ;
#11106 = LOCAL_TIME ( 12, 23, 36.00000000000000000, #10586 ) ;
#11107 = CC_DESIGN_PERSON_AND_ORGANIZATION_ASSIGNMENT ( #2239, #4358, ( #1309 ) ) ;
#11108 = CARTESIAN_POINT ( 'NONE',  ( -14.44263793983979838, 68.34320465898694863, -0.000000000000000000 ) ) ;
#11109 = CARTESIAN_POINT ( 'NONE',  ( 31.22508399488411612, 58.69993048876347075, 0.000000000000000000 ) ) ;
#11110 = DATE_AND_TIME ( #4031, #8353 ) ;
#11111 = DIRECTION ( 'NONE',  ( -0.000000000000000000, 1.000000000000000000, 0.000000000000000000 ) ) ;
#11112 = DIRECTION ( 'NONE',  ( 0.000000000000000000, -0.000000000000000000, 1.000000000000000000 ) ) ;
#11113 = AXIS2_PLACEMENT_3D ( 'NONE', #885, #16, #6899 ) ;
#11114 = EDGE_LOOP ( 'NONE', ( #288, #467 ) ) ;
#11115 = PLANE ( 'NONE',  #10114 ) ;
#11116 = SECURITY_CLASSIFICATION ( '', '', #2348 ) ;
#11117 = ORIENTED_EDGE ( 'NONE', *, *, #6525, .F. ) ;
#11118 = CARTESIAN_POINT ( 'NONE',  ( 31.22508399488487285, 55.29993048876347927, -0.000000000000000000 ) ) ;
#11119 = CARTESIAN_POINT ( 'NONE',  ( -11.81690003789738164, 7.507626993145152028, 9.176942079461829493 ) ) ;
#11120 = EDGE_LOOP ( 'NONE', ( #10919, #3649, #11042, #2266 ) ) ;
#11121 = ORIENTED_EDGE ( 'NONE', *, *, #7822, .T. ) ;
#11122 = PLANE ( 'NONE',  #8618 ) ;
#11123 = EDGE_CURVE ( 'NONE', #5169, #10668, #9930, .T. ) ;
#11124 = CIRCLE ( 'NONE', #11759, 1.700000000000000178 ) ;
#11125 = CARTESIAN_POINT ( 'NONE',  ( 186.0000000000000000, 0.000000000000000000, 3.000000000000000000 ) ) ;
#11126 = AXIS2_PLACEMENT_3D ( 'NONE', #4918, #12011, #2766 ) ;
#11127 = PERSON_AND_ORGANIZATION ( #12991, #11636 ) ;
#11128 = VECTOR ( 'NONE', #3148, 1000.000000000000000 ) ;
#11129 = DATE_AND_TIME ( #4048, #6649 ) ;
#11130 =( LENGTH_UNIT ( ) NAMED_UNIT ( * ) SI_UNIT ( .MILLI., .METRE. ) );
#11131 = CARTESIAN_POINT ( 'NONE',  ( 0.000000000000000000, 0.000000000000000000, 5.000000000000000000 ) ) ;
#11132 = VECTOR ( 'NONE', #2827, 1000.000000000000000 ) ;
#11133 = EDGE_LOOP ( 'NONE', ( #4233, #12428 ) ) ;
#11134 = EDGE_CURVE ( 'NONE', #6535, #4255, #1035, .T. ) ;
#11135 = ORIENTED_EDGE ( 'NONE', *, *, #9911, .F. ) ;
#11136 = FACE_OUTER_BOUND ( 'NONE', #1438, .T. ) ;
#11137 = SECURITY_CLASSIFICATION_LEVEL ( 'unclassified' ) ;
#11138 = CARTESIAN_POINT ( 'NONE',  ( 11.93795499826097561, 7.313427394620799937, 8.746623751672332858 ) ) ;
#11139 = DIRECTION ( 'NONE',  ( 1.000000000000000000, -0.000000000000000000, -0.000000000000000000 ) ) ;
#11140 = CARTESIAN_POINT ( 'NONE',  ( 20.22508399488666697, -0.000000000000000000, 10.30006951123579206 ) ) ;
#11141 = CC_DESIGN_APPROVAL ( #9664, ( #2899 ) ) ;
#11142 = FACE_OUTER_BOUND ( 'NONE', #12596, .T. ) ;
#11143 = APPROVAL_DATE_TIME ( #1162, #7018 ) ;
#11144 = DIRECTION ( 'NONE',  ( 0.000000000000000000, 1.000000000000000000, 0.000000000000000000 ) ) ;
#11145 = ORIENTED_EDGE ( 'NONE', *, *, #9255, .T. ) ;
#11146 = CARTESIAN_POINT ( 'NONE',  ( 24.30000000000000071, -57.00000000000000000, 5.000000000000000000 ) ) ;
#11147 = EDGE_CURVE ( 'NONE', #7632, #12186, #10402, .T. ) ;
#11148 = PERSON_AND_ORGANIZATION_ROLE ( 'classification_officer' ) ;
#11149 = CYLINDRICAL_SURFACE ( 'NONE', #11071, 5.500000000000000000 ) ;
#11150 = VECTOR ( 'NONE', #3324, 1000.000000000000000 ) ;
#11151 = PRODUCT_DEFINITION_FORMATION_WITH_SPECIFIED_SOURCE ( 'ä»', '', #7354, .NOT_KNOWN. ) ;
#11152 = CARTESIAN_POINT ( 'NONE',  ( -15.59999999999999964, 67.50000000000000000, 6.000000000000000000 ) ) ;
#11153 = AXIS2_PLACEMENT_3D ( 'NONE', #9213, #9088, #4124 ) ;
#11154 = CARTESIAN_POINT ( 'NONE',  ( 31.60000000000000142, 72.50000000000000000, 0.000000000000000000 ) ) ;
#11155 = DATE_AND_TIME ( #2313, #11567 ) ;
#11156 = EDGE_CURVE ( 'NONE', #7996, #10064, #7249, .T. ) ;
#11157 = CARTESIAN_POINT ( 'NONE',  ( -9.000000000000000000, -6.000000000000000152E-06, 11.29999999999999893 ) ) ;
#11158 = CYLINDRICAL_SURFACE ( 'NONE', #7786, 2.399999999999999467 ) ;
#11159 = PERSON_AND_ORGANIZATION ( #12991, #11636 ) ;
#11160 = VECTOR ( 'NONE', #2818, 1000.000000000000000 ) ;
#11161 = VECTOR ( 'NONE', #8597, 1000.000000000000000 ) ;
#11162 = FACE_OUTER_BOUND ( 'NONE', #6555, .T. ) ;
#11163 = DIRECTION ( 'NONE',  ( 0.000000000000000000, 0.000000000000000000, -1.000000000000000000 ) ) ;
#11164 = EDGE_CURVE ( 'NONE', #5451, #3723, #9398, .T. ) ;
#11165 = EDGE_CURVE ( 'NONE', #3786, #6735, #7395, .T. ) ;
#11166 = CARTESIAN_POINT ( 'NONE',  ( 0.000000000000000000, 0.000000000000000000, 12.00000000000000000 ) ) ;
#11167 = ORIENTED_EDGE ( 'NONE', *, *, #2413, .F. ) ;
#11168 = ORIENTED_EDGE ( 'NONE', *, *, #9558, .T. ) ;
#11169 = VECTOR ( 'NONE', #7979, 1000.000000000000000 ) ;
#11170 = CARTESIAN_POINT ( 'NONE',  ( -21.69999999999999929, 14.00000000000000000, -6.000000000000000152E-06 ) ) ;
#11171 = EDGE_LOOP ( 'NONE', ( #838, #9184, #8261, #6177 ) ) ;
#11172 = AXIS2_PLACEMENT_3D ( 'NONE', #493, #7226, #4643 ) ;
#11173 = CARTESIAN_POINT ( 'NONE',  ( -14.00000000000000000, 70.00000000000000000, -1.200000000000000030E-05 ) ) ;
#11174 = DIRECTION ( 'NONE',  ( 1.000000000000000000, 0.000000000000000000, 0.000000000000000000 ) ) ;
#11175 = CARTESIAN_POINT ( 'NONE',  ( 29.30006951123579739, 57.22508399488668118, -0.000000000000000000 ) ) ;
#11176 = ITEM_DEFINED_TRANSFORMATION ( 'NONE', 'NONE', #7151,  #1284 ) ;
#11177 = CARTESIAN_POINT ( 'NONE',  ( -21.00000000000000000, 81.00000000000000000, 6.000000000000000000 ) ) ;
#11178 = AXIS2_PLACEMENT_3D ( 'NONE', #372, #9271, #3123 ) ;
#11179 = VECTOR ( 'NONE', #2831, 1000.000000000000000 ) ;
#11180 = FACE_OUTER_BOUND ( 'NONE', #7325, .T. ) ;
#11181 = ORIENTED_EDGE ( 'NONE', *, *, #988, .T. ) ;
#11182 = FACE_BOUND ( 'NONE', #6020, .T. ) ;
#11183 = EDGE_CURVE ( 'NONE', #12782, #11260, #9469, .T. ) ;
#11184 = CC_DESIGN_PERSON_AND_ORGANIZATION_ASSIGNMENT ( #202, #338, ( #10639 ) ) ;
#11185 = ORIENTED_EDGE ( 'NONE', *, *, #8277, .F. ) ;
#11186 = CARTESIAN_POINT ( 'NONE',  ( -37.50000000000000000, -10.00000000000000000, 25.00000000000000000 ) ) ;
#11187 = DIRECTION ( 'NONE',  ( -1.000000000000000000, -0.000000000000000000, -0.000000000000000000 ) ) ;
#11188 = EDGE_LOOP ( 'NONE', ( #8619, #7614, #5755, #12163 ) ) ;
#11189 = VERTEX_POINT ( 'NONE', #12391 ) ;
#11190 = DIRECTION ( 'NONE',  ( 1.000000000000000000, 0.000000000000000000, 0.000000000000000000 ) ) ;
#11191 = AXIS2_PLACEMENT_3D ( 'NONE', #9371, #3083, #3164 ) ;
#11192 = AXIS2_PLACEMENT_3D ( 'NONE', #10917, #837, #4101 ) ;
#11193 = LINE ( 'NONE', #2145, #12600 ) ;
#11194 = CALENDAR_DATE ( 2026, 21, 9 ) ;
#11195 = CARTESIAN_POINT ( 'NONE',  ( 134.5156049304716817, 0.8584857301873821678, 0.000000000000000000 ) ) ;
#11196 = DIRECTION ( 'NONE',  ( 0.000000000000000000, 0.000000000000000000, 1.000000000000000000 ) ) ;
#11197 = ORIENTED_EDGE ( 'NONE', *, *, #3806, .F. ) ;
#11198 = VECTOR ( 'NONE', #11559, 1000.000000000000000 ) ;
#11199 = EDGE_CURVE ( 'NONE', #1303, #8245, #8263, .T. ) ;
#11200 = VERTEX_POINT ( 'NONE', #12327 ) ;
#11201 = VERTEX_POINT ( 'NONE', #1354 ) ;
#11202 = APPROVAL_ROLE ( '' ) ;
#11203 = CARTESIAN_POINT ( 'NONE',  ( 0.000000000000000000, 0.000000000000000000, 4.000000000000000000 ) ) ;
#11204 = CARTESIAN_POINT ( 'NONE',  ( 11.45560253456880062, 8.048713274734506484, 7.087104102551561979 ) ) ;
#11205 = CC_DESIGN_APPROVAL ( #2322, ( #4804 ) ) ;
#11206 = CARTESIAN_POINT ( 'NONE',  ( 0.000000000000000000, -57.00000000000000000, -0.000000000000000000 ) ) ;
#11207 = LINE ( 'NONE', #12419, #10534 ) ;
#11208 = CALENDAR_DATE ( 2026, 21, 9 ) ;
#11209 = LINE ( 'NONE', #2091, #11128 ) ;
#11210 = EDGE_LOOP ( 'NONE', ( #3158, #10052, #1369, #13013 ) ) ;
#11211 =( LENGTH_UNIT ( ) NAMED_UNIT ( * ) SI_UNIT ( .MILLI., .METRE. ) );
#11212 = LINE ( 'NONE', #2023, #3143 ) ;
#11213 = CARTESIAN_POINT ( 'NONE',  ( -28.00000000000000000, 8.000000000000000000, 24.00000000000000000 ) ) ;
#11214 = CC_DESIGN_APPROVAL ( #6222, ( #9410 ) ) ;
#11215 = VERTEX_POINT ( 'NONE', #4455 ) ;
#11216 = FACE_OUTER_BOUND ( 'NONE', #1320, .T. ) ;
#11217 = CARTESIAN_POINT ( 'NONE',  ( 35.60000000000000142, 67.50000000000000000, -1.200000000000000030E-05 ) ) ;
#11218 = CARTESIAN_POINT ( 'NONE',  ( 30.77438419509429224, -0.000000000000000000, 14.70000000000000284 ) ) ;
#11219 = DATE_TIME_ROLE ( 'creation_date' ) ;
#11220 = CARTESIAN_POINT ( 'NONE',  ( 0.000000000000000000, 0.000000000000000000, 25.00000000000000000 ) ) ;
#11221 = CARTESIAN_POINT ( 'NONE',  ( -21.36119079527136932, 0.000000000000000000, 13.04287395703068952 ) ) ;
#11222 = DIRECTION ( 'NONE',  ( -0.000000000000000000, 1.000000000000000000, -0.000000000000000000 ) ) ;
#11223 = COORDINATED_UNIVERSAL_TIME_OFFSET ( 5, 0, .BEHIND. ) ;
#11224 = EDGE_CURVE ( 'NONE', #11690, #6160, #2399, .T. ) ;
#11225 = LINE ( 'NONE', #283, #5032 ) ;
#11226 = CARTESIAN_POINT ( 'NONE',  ( -10.55156718449564224, 9.205227550983524409, 11.70000000000000107 ) ) ;
#11227 = APPROVAL_ROLE ( '' ) ;
#11228 = DIRECTION ( 'NONE',  ( -0.000000000000000000, -0.000000000000000000, -1.000000000000000000 ) ) ;
#11229 = ORIENTED_EDGE ( 'NONE', *, *, #7570, .T. ) ;
#11230 = ORIENTED_EDGE ( 'NONE', *, *, #12642, .F. ) ;
#11231 = CARTESIAN_POINT ( 'NONE',  ( 0.000000000000000000, 0.000000000000000000, 4.000000000000000000 ) ) ;
#11232 = VERTEX_POINT ( 'NONE', #6260 ) ;
#11233 = APPROVAL_DATE_TIME ( #10034, #1013 ) ;
#11234 = CARTESIAN_POINT ( 'NONE',  ( 7.700000000000001954, -9.225615804907270956, -0.000000000000000000 ) ) ;
#11235 = DIRECTION ( 'NONE',  ( 0.000000000000000000, 0.000000000000000000, -1.000000000000000000 ) ) ;
#11236 = EDGE_CURVE ( 'NONE', #10351, #12408, #368, .T. ) ;
#11237 = CARTESIAN_POINT ( 'NONE',  ( 31.22508399488667763, -0.000000000000000000, 11.30006951123579029 ) ) ;
#11238 = CARTESIAN_POINT ( 'NONE',  ( 0.000000000000000000, 67.50000000000000000, 0.000000000000000000 ) ) ;
#11239 = AXIS2_PLACEMENT_3D ( 'NONE', #9672, #4766, #8616 ) ;
#11240 = DIRECTION ( 'NONE',  ( 0.000000000000000000, -0.000000000000000000, 1.000000000000000000 ) ) ;
#11241 = ORIENTED_EDGE ( 'NONE', *, *, #3646, .F. ) ;
#11242 = CARTESIAN_POINT ( 'NONE',  ( 5.799999999999999822, 70.00000000000000000, 8.000000000000000000 ) ) ;
#11243 = EDGE_CURVE ( 'NONE', #10896, #6322, #10328, .T. ) ;
#11244 = ORIENTED_EDGE ( 'NONE', *, *, #5743, .T. ) ;
#11245 = CARTESIAN_POINT ( 'NONE',  ( -15.59999999999999964, 62.50000000000000000, -1.200000000000000030E-05 ) ) ;
#11246 = EDGE_LOOP ( 'NONE', ( #7268, #400, #9126, #4710 ) ) ;
#11247 = CARTESIAN_POINT ( 'NONE',  ( 35.00000000000000000, 14.00000000000000000, 0.000000000000000000 ) ) ;
#11248 = EDGE_LOOP ( 'NONE', ( #11064, #12464, #6855, #11584 ) ) ;
#11249 = ORIENTED_EDGE ( 'NONE', *, *, #6917, .F. ) ;
#11250 = CARTESIAN_POINT ( 'NONE',  ( 31.60000000000000142, 67.50000000000000000, -1.200000000000000030E-05 ) ) ;
#11251 = CARTESIAN_POINT ( 'NONE',  ( 31.00000000000000000, -1.200000000000000030E-05, 2.299999999999999822 ) ) ;
#11252 = EDGE_CURVE ( 'NONE', #10463, #4006, #1291, .T. ) ;
#11253 = EDGE_CURVE ( 'NONE', #11690, #5913, #12194, .T. ) ;
#11254 = PERSON_AND_ORGANIZATION ( #12991, #11636 ) ;
#11255 = CONTEXT_DEPENDENT_SHAPE_REPRESENTATION ( #2176, #3389 ) ;
#11256 = CARTESIAN_POINT ( 'NONE',  ( -14.00000000000000000, 0.000000000000000000, 2.000000000000000000 ) ) ;
#11257 = VECTOR ( 'NONE', #10442, 1000.000000000000000 ) ;
#11258 = CARTESIAN_POINT ( 'NONE',  ( -11.50000000000000000, -6.000000000000000000, 22.00000000000000000 ) ) ;
#11259 = ORIENTED_EDGE ( 'NONE', *, *, #12657, .T. ) ;
#11260 = VERTEX_POINT ( 'NONE', #10253 ) ;
#11261 = ORIENTED_EDGE ( 'NONE', *, *, #5347, .T. ) ;
#11262 = ORIENTED_EDGE ( 'NONE', *, *, #6598, .F. ) ;
#11263 = COORDINATED_UNIVERSAL_TIME_OFFSET ( 5, 0, .BEHIND. ) ;
#11264 = CARTESIAN_POINT ( 'NONE',  ( 11.94632831415376373, 7.299673962712883046, 8.619969120032207499 ) ) ;
#11265 = PRODUCT_RELATED_PRODUCT_CATEGORY ( 'detail', '', ( #1377 ) ) ;
#11266 = CARTESIAN_POINT ( 'NONE',  ( -30.50000000000000000, 10.00000000000000000, 0.000000000000000000 ) ) ;
#11267 = EDGE_CURVE ( 'NONE', #1958, #12578, #8823, .T. ) ;
#11268 = CARTESIAN_POINT ( 'NONE',  ( 24.30000000000000071, 45.00000000000000000, -1.200000000000000030E-05 ) ) ;
#11269 = SECURITY_CLASSIFICATION_LEVEL ( 'unclassified' ) ;
#11270 = DIRECTION ( 'NONE',  ( 0.000000000000000000, -0.000000000000000000, -1.000000000000000000 ) ) ;
#11271 = CARTESIAN_POINT ( 'NONE',  ( -9.291956110314004036, 10.47215736457431845, 9.358673877451961332 ) ) ;
#11272 = VERTEX_POINT ( 'NONE', #11247 ) ;
#11273 = PRODUCT_DEFINITION_SHAPE ( 'NONE', 'NONE',  #13077 ) ;
#11274 = LINE ( 'NONE', #3012, #11805 ) ;
#11275 = CARTESIAN_POINT ( 'NONE',  ( -11.90000000000000036, -6.400000000000000355, 0.000000000000000000 ) ) ;
#11276 = VERTEX_POINT ( 'NONE', #11954 ) ;
#11277 = COORDINATED_UNIVERSAL_TIME_OFFSET ( 5, 0, .BEHIND. ) ;
#11278 = APPLICATION_PROTOCOL_DEFINITION ( 'international standard', 'config_control_design', 1994, #8991 ) ;
#11279 = EDGE_LOOP ( 'NONE', ( #3390, #8794, #9940, #8727 ) ) ;
#11280 = APPLICATION_CONTEXT ( 'configuration controlled 3d designs of mechanical parts and assemblies' ) ;
#11281 = CARTESIAN_POINT ( 'NONE',  ( -20.22508399488682329, 12.30006951123579384, 0.000000000000000000 ) ) ;
#11282 = CARTESIAN_POINT ( 'NONE',  ( -12.00000000000000000, -7.000000000000000000, 15.00000000000000000 ) ) ;
#11283 = VECTOR ( 'NONE', #1569, 1000.000000000000000 ) ;
#11284 = DIRECTION ( 'NONE',  ( 0.000000000000000000, 0.000000000000000000, -1.000000000000000000 ) ) ;
#11285 = COORDINATED_UNIVERSAL_TIME_OFFSET ( 5, 0, .BEHIND. ) ;
#11286 = ADVANCED_FACE ( 'NONE', ( #3942, #8085, #2894 ), #2108, .F. ) ;
#11287 = CARTESIAN_POINT ( 'NONE',  ( -7.299999999999998934, 57.00000000000000000, -1.200000000000000030E-05 ) ) ;
#11288 = FACE_BOUND ( 'NONE', #785, .T. ) ;
#11289 = CARTESIAN_POINT ( 'NONE',  ( -11.50000000000000000, -6.000000000000000000, 0.000000000000000000 ) ) ;
#11290 = LINE ( 'NONE', #2241, #9258 ) ;
#11291 = CARTESIAN_POINT ( 'NONE',  ( -9.028254920067322331, 10.70002864950650334, 9.864488971337449286 ) ) ;
#11292 = ITEM_DEFINED_TRANSFORMATION ( 'NONE', 'NONE', #3417,  #1284 ) ;
#11293 = AXIS2_PLACEMENT_3D ( 'NONE', #8517, #9513, #11498 ) ;
#11294 = COORDINATED_UNIVERSAL_TIME_OFFSET ( 5, 0, .BEHIND. ) ;
#11295 = DIRECTION ( 'NONE',  ( 1.000000000000000000, 0.000000000000000000, 0.000000000000000000 ) ) ;
#11296 = ORIENTED_EDGE ( 'NONE', *, *, #9783, .T. ) ;
#11297 = LINE ( 'NONE', #4297, #797 ) ;
#11298 = EDGE_CURVE ( 'NONE', #1341, #4594, #12091, .T. ) ;
#11299 = ORIENTED_EDGE ( 'NONE', *, *, #7750, .F. ) ;
#11300 = CARTESIAN_POINT ( 'NONE',  ( 31.00000000000000000, -1.200000000000000030E-05, 2.299999999999999822 ) ) ;
#11301 = ORIENTED_EDGE ( 'NONE', *, *, #2418, .F. ) ;
#11302 = SHAPE_REPRESENTATION ( 'V3_02_bearing_tower', ( #1284 ), #10572 ) ;
#11303 = DIRECTION ( 'NONE',  ( 0.000000000000000000, 0.000000000000000000, -1.000000000000000000 ) ) ;
#11304 = CARTESIAN_POINT ( 'NONE',  ( -15.04297226075870242, 68.63871090099335959, -0.000000000000000000 ) ) ;
#11305 = CIRCLE ( 'NONE', #8770, 1.699999999999998401 ) ;
#11306 = FACE_OUTER_BOUND ( 'NONE', #9616, .T. ) ;
#11307 = DIRECTION ( 'NONE',  ( 0.000000000000000000, 0.000000000000000000, -1.000000000000000000 ) ) ;
#11308 = ORIENTED_EDGE ( 'NONE', *, *, #1396, .T. ) ;
#11309 = CARTESIAN_POINT ( 'NONE',  ( 31.00000000000000000, 72.49999999999998579, 4.000000000000000000 ) ) ;
#11310 = ORIENTED_EDGE ( 'NONE', *, *, #4023, .F. ) ;
#11311 = LINE ( 'NONE', #2267, #7701 ) ;
#11312 = DATE_AND_TIME ( #10251, #5458 ) ;
#11313 = ORIENTED_EDGE ( 'NONE', *, *, #10281, .T. ) ;
#11314 = AXIS2_PLACEMENT_3D ( 'NONE', #10916, #12054, #11788 ) ;
#11315 = VECTOR ( 'NONE', #5772, 1000.000000000000000 ) ;
#11316 = ADVANCED_FACE ( 'NONE', ( #10159 ), #6030, .F. ) ;
#11317 = CARTESIAN_POINT ( 'NONE',  ( -16.00000000000000000, 6.000000000000000000, 18.00000000000000355 ) ) ;
#11318 = ORIENTED_EDGE ( 'NONE', *, *, #11811, .T. ) ;
#11319 = CC_DESIGN_APPROVAL ( #12898, ( #7491 ) ) ;
#11320 = ORIENTED_EDGE ( 'NONE', *, *, #7991, .F. ) ;
#11321 = CARTESIAN_POINT ( 'NONE',  ( 31.22525195654806041, -0.000000000000000000, 5.700000000000001066 ) ) ;
#11322 = CARTESIAN_POINT ( 'NONE',  ( 15.00000000000000000, 5.000000000000000000, 28.00000000000000000 ) ) ;
#11323 = DIRECTION ( 'NONE',  ( 0.000000000000000000, 0.000000000000000000, 1.000000000000000000 ) ) ;
#11324 = AXIS2_PLACEMENT_3D ( 'NONE', #12102, #9110, #11100 ) ;
#11325 = ORIENTED_EDGE ( 'NONE', *, *, #5439, .T. ) ;
#11326 = DIRECTION ( 'NONE',  ( -1.000000000000000000, 0.000000000000000000, 0.000000000000000000 ) ) ;
#11327 = ORIENTED_EDGE ( 'NONE', *, *, #12757, .F. ) ;
#11328 = ORIENTED_EDGE ( 'NONE', *, *, #11474, .T. ) ;
#11329 = ADVANCED_FACE ( 'NONE', ( #11088 ), #9160, .F. ) ;
#11330 = EDGE_CURVE ( 'NONE', #5040, #1306, #7085, .T. ) ;
#11331 = EDGE_LOOP ( 'NONE', ( #9614, #7179, #5378, #1167 ) ) ;
#11332 = VERTEX_POINT ( 'NONE', #12230 ) ;
#11333 = CIRCLE ( 'NONE', #1849, 5.799999999999999822 ) ;
#11334 = LOCAL_TIME ( 12, 23, 36.00000000000000000, #7974 ) ;
#11335 = LINE ( 'NONE', #7138, #5405 ) ;
#11336 = DIRECTION ( 'NONE',  ( 1.000000000000000000, 0.000000000000000000, 0.000000000000000000 ) ) ;
#11337 = CARTESIAN_POINT ( 'NONE',  ( -14.00000000000000000, 0.000000000000000000, 12.00000000000000000 ) ) ;
#11338 = VECTOR ( 'NONE', #9230, 1000.000000000000000 ) ;
#11339 = PERSON_AND_ORGANIZATION_ROLE ( 'design_owner' ) ;
#11340 = CYLINDRICAL_SURFACE ( 'NONE', #2621, 2.000000000000000000 ) ;
#11341 = VECTOR ( 'NONE', #8062, 1000.000000000000000 ) ;
#11342 = EDGE_LOOP ( 'NONE', ( #8756, #3416 ) ) ;
#11343 = DIRECTION ( 'NONE',  ( 1.000000000000000000, 0.000000000000000000, -0.000000000000000000 ) ) ;
#11344 = DIRECTION ( 'NONE',  ( -1.000000000000000000, 0.000000000000000000, 0.000000000000000000 ) ) ;
#11345 = ORIENTED_EDGE ( 'NONE', *, *, #3009, .F. ) ;
#11346 = DIRECTION ( 'NONE',  ( -0.6000000000580284487, -0.7999999999564786357, 0.000000000000000000 ) ) ;
#11347 = APPROVAL ( #11465, 'UNKNOWN' ) ;
#11348 = APPROVAL ( #10557, 'æœª' ) ;
#11349 = ORIENTED_EDGE ( 'NONE', *, *, #5567, .F. ) ;
#11350 = CLOSED_SHELL ( 'NONE', ( #12707, #8684, #2357, #5334, #12243, #10337, #11896, #8150, #7909, #7866, #10319, #3124, #8404, #8317, #8256, #7401, #4164, #5944, #6024, #10429, #3343, #4039 ) ) ;
#11351 = PERSON_AND_ORGANIZATION ( #12991, #11636 ) ;
#11352 = LINE ( 'NONE', #12087, #10925 ) ;
#11353 = DIRECTION ( 'NONE',  ( -1.000000000000000000, 0.000000000000000000, -0.000000000000000000 ) ) ;
#11354 = CC_DESIGN_APPROVAL ( #2792, ( #10639 ) ) ;
#11355 = DIRECTION ( 'NONE',  ( 1.000000000000000000, -0.000000000000000000, 0.000000000000000000 ) ) ;
#11356 = EDGE_CURVE ( 'NONE', #10201, #10638, #5052, .T. ) ;
#11357 = PERSON_AND_ORGANIZATION ( #12991, #11636 ) ;
#11358 = CARTESIAN_POINT ( 'NONE',  ( 21.69999999999999929, 14.00000000000000000, 5.000000000000000000 ) ) ;
#11359 = B_SPLINE_CURVE_WITH_KNOTS ( 'NONE', 3,
 ( #8848, #7884, #4356, #12303, #10227, #3377, #4074, #11360, #7157, #7086, #5127, #8162, #11221, #2237, #8086, #65, #10160, #6231 ),
 .UNSPECIFIED., .F., .F.,
 ( 4, 2, 2, 2, 2, 2, 2, 2, 4 ),
 ( 0.5000000000000000000, 0.5625000000000000000, 0.6250000000000000000, 0.6875000000000000000, 0.7500000000000000000, 0.8125000000000000000, 0.8750000000000000000, 0.9375000000000000000, 1.000000000000000000 ),
 .UNSPECIFIED. ) ;
#11360 = CARTESIAN_POINT ( 'NONE',  ( -21.65679534101080961, -0.000000000000000000, 11.55736206015121326 ) ) ;
#11361 = LINE ( 'NONE', #3378, #11824 ) ;
#11362 = DIRECTION ( 'NONE',  ( 0.000000000000000000, 0.000000000000000000, 1.000000000000000000 ) ) ;
#11363 = CIRCLE ( 'NONE', #11610, 14.00000000000000000 ) ;
#11364 = CARTESIAN_POINT ( 'NONE',  ( -9.592487695948898718, 10.19791902210260304, 11.21088649228975775 ) ) ;
#11365 = APPROVAL_PERSON_ORGANIZATION ( #10098, #8916, #4081 ) ;
#11366 = COORDINATED_UNIVERSAL_TIME_OFFSET ( 5, 0, .BEHIND. ) ;
#11367 = DIRECTION ( 'NONE',  ( 0.000000000000000000, 1.000000000000000000, 0.000000000000000000 ) ) ;
#11368 = EDGE_CURVE ( 'NONE', #9875, #12724, #2036, .T. ) ;
#11369 = ORIENTED_EDGE ( 'NONE', *, *, #12939, .F. ) ;
#11370 = B_SPLINE_CURVE_WITH_KNOTS ( 'NONE', 3,
 ( #12734, #6657, #7904, #11976, #9669, #637, #10727, #3656, #1695, #9731, #703, #4703, #80, #9180, #6050, #12106, #11237, #1938 ),
 .UNSPECIFIED., .F., .F.,
 ( 4, 2, 2, 2, 2, 2, 2, 2, 4 ),
 ( -3.330669073875469621E-16, 0.06249999999999975020, 0.1249999999999998335, 0.1874999999999999167, 0.2500000000000000000, 0.3125000000000001110, 0.3750000000000001665, 0.4375000000000002220, 0.5000000000000003331 ),
 .UNSPECIFIED. ) ;
#11371 = VERTEX_POINT ( 'NONE', #5196 ) ;
#11372 = CARTESIAN_POINT ( 'NONE',  ( -11.59999999999999964, 62.50000000000000000, -8.271806125530276749E-22 ) ) ;
#11373 = ORIENTED_EDGE ( 'NONE', *, *, #6581, .F. ) ;
#11374 = CARTESIAN_POINT ( 'NONE',  ( 31.60000000000000142, 0.000000000000000000, 6.000000000000000000 ) ) ;
#11375 = VECTOR ( 'NONE', #10947, 1000.000000000000000 ) ;
#11376 = CARTESIAN_POINT ( 'NONE',  ( -9.000000000000000000, -6.000000000000000152E-06, 14.69999999999999929 ) ) ;
#11377 = CARTESIAN_POINT ( 'NONE',  ( -9.000000000000000000, 59.50000000000000000, 5.700000000000000178 ) ) ;
#11378 = DATE_AND_TIME ( #6251, #8593 ) ;
#11379 = CARTESIAN_POINT ( 'NONE',  ( -10.50000000000000000, 0.000000000000000000, -0.000000000000000000 ) ) ;
#11380 = VECTOR ( 'NONE', #12364, 1000.000000000000000 ) ;
#11381 = EDGE_CURVE ( 'NONE', #10856, #5434, #8300, .T. ) ;
#11382 = DIRECTION ( 'NONE',  ( -0.000000000000000000, -0.000000000000000000, 1.000000000000000000 ) ) ;
#11383 = VERTEX_POINT ( 'NONE', #9370 ) ;
#11384 = CARTESIAN_POINT ( 'NONE',  ( 11.50000000000000000, 6.000000000000000000, 22.00000000000000000 ) ) ;
#11385 = AXIS2_PLACEMENT_3D ( 'NONE', #9572, #5719, #12571 ) ;
#11386 = CIRCLE ( 'NONE', #6708, 14.00000000000000000 ) ;
#11387 = ORIENTED_EDGE ( 'NONE', *, *, #1331, .F. ) ;
#11388 = CARTESIAN_POINT ( 'NONE',  ( 0.000000000000000000, 0.000000000000000000, 2.000000000000000000 ) ) ;
#11389 = CARTESIAN_POINT ( 'NONE',  ( 29.95702773924092455, 64.63871090099335959, -0.000000000000000000 ) ) ;
#11390 = ORIENTED_EDGE ( 'NONE', *, *, #6774, .T. ) ;
#11391 = ORIENTED_EDGE ( 'NONE', *, *, #2543, .F. ) ;
#11392 = AXIS2_PLACEMENT_3D ( 'NONE', #3314, #297, #12256 ) ;
#11393 = LINE ( 'NONE', #4458, #1698 ) ;
#11394 = CARTESIAN_POINT ( 'NONE',  ( 10.00000000000000000, -10.00000000000000000, 28.00000000000000000 ) ) ;
#11395 = PRODUCT_DEFINITION_SHAPE ( 'NONE', 'NONE',  #13068 ) ;
#11396 = CARTESIAN_POINT ( 'NONE',  ( 0.5999999999999999778, 13.98713694792469120, 0.000000000000000000 ) ) ;
#11397 = VECTOR ( 'NONE', #6329, 1000.000000000000000 ) ;
#11398 = CALENDAR_DATE ( 2026, 21, 9 ) ;
#11399 = PERSON_AND_ORGANIZATION ( #12033, #3727 ) ;
#11400 = LINE ( 'NONE', #6347, #10409 ) ;
#11401 = EDGE_CURVE ( 'NONE', #9046, #6717, #12462, .T. ) ;
#11402 = FACE_OUTER_BOUND ( 'NONE', #2839, .T. ) ;
#11403 = CARTESIAN_POINT ( 'NONE',  ( 0.000000000000000000, 0.000000000000000000, 40.00000000000000000 ) ) ;
#11404 = CARTESIAN_POINT ( 'NONE',  ( 1.155213855929388300, 2.347373307994384373, -0.000000000000000000 ) ) ;
#11405 = EDGE_CURVE ( 'NONE', #2980, #8603, #12507, .T. ) ;
#11406 = VERTEX_POINT ( 'NONE', #207 ) ;
#11407 = ORIENTED_EDGE ( 'NONE', *, *, #4906, .T. ) ;
#11408 = AXIS2_PLACEMENT_3D ( 'NONE', #11060, #1025, #5235 ) ;
#11409 = AXIS2_PLACEMENT_3D ( 'NONE', #9062, #29, #10116 ) ;
#11410 = VERTEX_POINT ( 'NONE', #3290 ) ;
#11411 = ORIENTED_EDGE ( 'NONE', *, *, #8887, .F. ) ;
#11412 = DATE_TIME_ROLE ( 'classification_date' ) ;
#11413 = LINE ( 'NONE', #5574, #3295 ) ;
#11414 = DIRECTION ( 'NONE',  ( -0.000000000000000000, -0.000000000000000000, 1.000000000000000000 ) ) ;
#11415 = CARTESIAN_POINT ( 'NONE',  ( 31.00000000000000355, -6.000000000000000152E-06, 2.299999999999999822 ) ) ;
#11416 = COORDINATED_UNIVERSAL_TIME_OFFSET ( 5, 0, .BEHIND. ) ;
#11417 = EDGE_CURVE ( 'NONE', #5829, #8114, #7219, .T. ) ;
#11418 = ADVANCED_FACE ( 'NONE', ( #4224 ), #1255, .F. ) ;
#11419 = FACE_OUTER_BOUND ( 'NONE', #1558, .T. ) ;
#11420 = VERTEX_POINT ( 'NONE', #8374 ) ;
#11421 = VERTEX_POINT ( 'NONE', #5333 ) ;
#11422 = LINE ( 'NONE', #10562, #10872 ) ;
#11423 = APPROVAL_ROLE ( '' ) ;
#11424 = LINE ( 'NONE', #3949, #2469 ) ;
#11425 = ORIENTED_EDGE ( 'NONE', *, *, #3944, .T. ) ;
#11426 = ADVANCED_FACE ( 'NONE', ( #11433 ), #7156, .F. ) ;
#11427 = APPROVAL_DATE_TIME ( #7291, #10299 ) ;
#11428 = APPROVAL_PERSON_ORGANIZATION ( #2232, #2792, #2503 ) ;
#11429 = CARTESIAN_POINT ( 'NONE',  ( -11.90000000000000036, -6.400000000000000355, 3.000000000000000000 ) ) ;
#11430 = CARTESIAN_POINT ( 'NONE',  ( 20.44263793984915978, 15.65679534101080073, -0.000000000000000000 ) ) ;
#11431 = LINE ( 'NONE', #1387, #9189 ) ;
#11432 = APPROVAL_STATUS ( 'not_yet_approved' ) ;
#11433 = FACE_OUTER_BOUND ( 'NONE', #11248, .T. ) ;
#11434 = CARTESIAN_POINT ( 'NONE',  ( -12.00000000000000000, -12.00000000000000000, 20.00000000000000000 ) ) ;
#11435 = DIRECTION ( 'NONE',  ( -1.000000000000000000, 0.000000000000000000, -0.000000000000000000 ) ) ;
#11436 = DATE_AND_TIME ( #7371, #4252 ) ;
#11437 = EDGE_CURVE ( 'NONE', #2802, #7132, #4779, .T. ) ;
#11438 = EDGE_CURVE ( 'NONE', #7980, #92, #5466, .T. ) ;
#11439 = CARTESIAN_POINT ( 'NONE',  ( -19.77491600511317671, -15.70006951123578709, -0.000000000000000000 ) ) ;
#11440 = CC_DESIGN_SECURITY_CLASSIFICATION ( #1537, ( #3627 ) ) ;
#11441 = DIRECTION ( 'NONE',  ( 0.000000000000000000, 1.000000000000000000, 0.000000000000000000 ) ) ;
#11442 = DIRECTION ( 'NONE',  ( -0.000000000000000000, -0.000000000000000000, -1.000000000000000000 ) ) ;
#11443 = ORIENTED_EDGE ( 'NONE', *, *, #6926, .T. ) ;
#11444 = ORIENTED_EDGE ( 'NONE', *, *, #1500, .T. ) ;
#11445 = VERTEX_POINT ( 'NONE', #11358 ) ;
#11446 = CARTESIAN_POINT ( 'NONE',  ( -14.00000000000000000, 0.000000000000000000, 2.000000000000000000 ) ) ;
#11447 = ORIENTED_EDGE ( 'NONE', *, *, #8229, .F. ) ;
#11448 = DIRECTION ( 'NONE',  ( 1.000000000000000000, 0.000000000000000000, 0.000000000000000000 ) ) ;
#11449 = PRODUCT_DEFINITION_FORMATION_WITH_SPECIFIED_SOURCE ( 'ä»', '', #7856, .NOT_KNOWN. ) ;
#11450 = FACE_BOUND ( 'NONE', #1020, .T. ) ;
#11451 = PRODUCT_DEFINITION ( 'æœ', '', #12848, #5413 ) ;
#11452 = CC_DESIGN_PERSON_AND_ORGANIZATION_ASSIGNMENT ( #10365, #334, ( #10745 ) ) ;
#11453 = CARTESIAN_POINT ( 'NONE',  ( -6.000000000000000000, -1.300000000000000044, -0.09997027095160138099 ) ) ;
#11454 = DIRECTION ( 'NONE',  ( 0.000000000000000000, 0.000000000000000000, -1.000000000000000000 ) ) ;
#11455 = CARTESIAN_POINT ( 'NONE',  ( 29.51560493047168876, 0.000000000000000000, 3.141514269808900917 ) ) ;
#11456 = VERTEX_POINT ( 'NONE', #10503 ) ;
#11457 = DIRECTION ( 'NONE',  ( -1.000000000000000000, -0.000000000000000000, -0.000000000000000000 ) ) ;
#11458 = ORIENTED_EDGE ( 'NONE', *, *, #8120, .F. ) ;
#11459 = CARTESIAN_POINT ( 'NONE',  ( -12.80000000000000071, 2.000000000000000000, -1.200000000000000030E-05 ) ) ;
#11460 = ORIENTED_EDGE ( 'NONE', *, *, #10923, .F. ) ;
#11461 = ORIENTED_EDGE ( 'NONE', *, *, #12434, .F. ) ;
#11462 = PLANE ( 'NONE',  #11593 ) ;
#11463 = DIRECTION ( 'NONE',  ( 0.000000000000000000, -1.000000000000000000, 0.000000000000000000 ) ) ;
#11464 = CARTESIAN_POINT ( 'NONE',  ( 10.00000000000000000, 10.00000000000000000, 35.00000000000000000 ) ) ;
#11465 = APPROVAL_STATUS ( 'not_yet_approved' ) ;
#11466 = CARTESIAN_POINT ( 'NONE',  ( 9.118810940736773674, 10.62306291505445799, 9.477880689636080547 ) ) ;
#11467 = CARTESIAN_POINT ( 'NONE',  ( 0.000000000000000000, 62.50000000000000000, 6.000000000000000000 ) ) ;
#11468 = ORIENTED_EDGE ( 'NONE', *, *, #8058, .T. ) ;
#11469 = CARTESIAN_POINT ( 'NONE',  ( -4.343134931576939195, -9.442469749914158328, -0.000000000000000000 ) ) ;
#11470 = EDGE_LOOP ( 'NONE', ( #1860, #6442, #9316, #12290, #7409, #177 ) ) ;
#11471 = VERTEX_POINT ( 'NONE', #6373 ) ;
#11472 = ORIENTED_EDGE ( 'NONE', *, *, #7104, .T. ) ;
#11473 = EDGE_CURVE ( 'NONE', #2251, #3492, #6056, .T. ) ;
#11474 = EDGE_CURVE ( 'NONE', #7963, #11260, #10226, .T. ) ;
#11475 = CARTESIAN_POINT ( 'NONE',  ( 21.69999999999999929, -14.00000000000000000, -6.000000000000000152E-06 ) ) ;
#11476 = DATE_AND_TIME ( #7416, #12727 ) ;
#11477 = DIRECTION ( 'NONE',  ( -1.000000000000000000, 0.000000000000000000, -0.000000000000000000 ) ) ;
#11478 = ORIENTED_EDGE ( 'NONE', *, *, #7045, .F. ) ;
#11479 = DIRECTION ( 'NONE',  ( 0.000000000000000000, 1.000000000000000000, 0.000000000000000000 ) ) ;
#11480 = VERTEX_POINT ( 'NONE', #2236 ) ;
#11481 = CIRCLE ( 'NONE', #733, 1.100000000000000311 ) ;
#11482 = PERSON_AND_ORGANIZATION ( #12991, #11636 ) ;
#11483 = CARTESIAN_POINT ( 'NONE',  ( 35.00000000000000000, 0.000000000000000000, 4.000000000000000000 ) ) ;
#11484 = PERSON_AND_ORGANIZATION ( #12991, #11636 ) ;
#11485 = EDGE_LOOP ( 'NONE', ( #11804, #9365, #4661, #12385 ) ) ;
#11486 = ADVANCED_FACE ( 'NONE', ( #10294, #9307, #12438 ), #279, .T. ) ;
#11487 = PERSON_AND_ORGANIZATION_ROLE ( 'creator' ) ;
#11488 = CARTESIAN_POINT ( 'NONE',  ( -15.59999999999999964, 62.50000000000000000, 0.000000000000000000 ) ) ;
#11489 = FACE_BOUND ( 'NONE', #12324, .T. ) ;
#11490 = COORDINATED_UNIVERSAL_TIME_OFFSET ( 5, 0, .BEHIND. ) ;
#11491 = CARTESIAN_POINT ( 'NONE',  ( 15.19999999999999929, -2.000000000000000000, -8.271806125530276749E-22 ) ) ;
#11492 = APPROVAL_ROLE ( '' ) ;
#11493 = CARTESIAN_POINT ( 'NONE',  ( -30.50000000000000000, -10.00000000000000000, 0.000000000000000000 ) ) ;
#11494 = APPROVAL_ROLE ( '' ) ;
#11495 = DIRECTION ( 'NONE',  ( 1.000000000000000000, 0.000000000000000000, 0.000000000000000000 ) ) ;
#11496 = EDGE_CURVE ( 'NONE', #12622, #2743, #10376, .T. ) ;
#11497 = CARTESIAN_POINT ( 'NONE',  ( 0.000000000000000000, 0.000000000000000000, 4.000000000000000000 ) ) ;
#11498 = DIRECTION ( 'NONE',  ( -1.000000000000000000, 0.000000000000000000, 0.000000000000000000 ) ) ;
#11499 = DIRECTION ( 'NONE',  ( 0.000000000000000000, 0.000000000000000000, -1.000000000000000000 ) ) ;
#11500 = EDGE_LOOP ( 'NONE', ( #7118, #3070, #12530, #2807 ) ) ;
#11501 = EDGE_CURVE ( 'NONE', #10271, #10186, #1887, .T. ) ;
#11502 = PRODUCT_DEFINITION_SHAPE ( 'NONE', 'NONE',  #13069 ) ;
#11503 = EDGE_LOOP ( 'NONE', ( #7891, #5283, #12468, #4990 ) ) ;
#11504 = EDGE_CURVE ( 'NONE', #11383, #8433, #1389, .T. ) ;
#11505 = DIRECTION ( 'NONE',  ( 1.000000000000000000, 0.000000000000000000, 0.000000000000000000 ) ) ;
#11506 = CARTESIAN_POINT ( 'NONE',  ( 9.290647558218967816, 10.47331327697886394, 7.643416653029154517 ) ) ;
#11507 = COORDINATED_UNIVERSAL_TIME_OFFSET ( 5, 0, .BEHIND. ) ;
#11508 = CARTESIAN_POINT ( 'NONE',  ( 0.000000000000000000, 2.000000000000000000, 0.000000000000000000 ) ) ;
#11509 = EDGE_CURVE ( 'NONE', #6192, #1957, #9441, .T. ) ;
#11510 = CARTESIAN_POINT ( 'NONE',  ( -15.65679534101080783, 70.44263793985066968, -0.000000000000000000 ) ) ;
#11511 = AXIS2_PLACEMENT_3D ( 'NONE', #2835, #11836, #9966 ) ;
#11512 = CARTESIAN_POINT ( 'NONE',  ( 0.000000000000000000, 0.000000000000000000, 3.000000000000000000 ) ) ;
#11513 = CARTESIAN_POINT ( 'NONE',  ( 30.77491600511331882, 0.000000000000000000, 2.299930488764208025 ) ) ;
#11514 = ORIENTED_EDGE ( 'NONE', *, *, #2282, .T. ) ;
#11515 = DIRECTION ( 'NONE',  ( -0.000000000000000000, -0.000000000000000000, 1.000000000000000000 ) ) ;
#11516 = VERTEX_POINT ( 'NONE', #7746 ) ;
#11517 = CC_DESIGN_PERSON_AND_ORGANIZATION_ASSIGNMENT ( #2629, #4854, ( #9241 ) ) ;
#11518 = VERTEX_POINT ( 'NONE', #5657 ) ;
#11519 = CC_DESIGN_DATE_AND_TIME_ASSIGNMENT ( #4982, #9948, ( #9410 ) ) ;
#11520 = ORIENTED_EDGE ( 'NONE', *, *, #12767, .T. ) ;
#11521 = VECTOR ( 'NONE', #6217, 1000.000000000000000 ) ;
#11522 = CIRCLE ( 'NONE', #8965, 1.699999999999998401 ) ;
#11523 = FACE_OUTER_BOUND ( 'NONE', #1815, .T. ) ;
#11524 = DIRECTION ( 'NONE',  ( 0.000000000000000000, 1.000000000000000000, 0.000000000000000000 ) ) ;
#11525 = CARTESIAN_POINT ( 'NONE',  ( 0.000000000000000000, 25.00000000000000000, 90.00000000000000000 ) ) ;
#11526 = DATE_TIME_ROLE ( 'classification_date' ) ;
#11527 = DIRECTION ( 'NONE',  ( 0.000000000000000000, 0.000000000000000000, 1.000000000000000000 ) ) ;
#11528 = DIRECTION ( 'NONE',  ( 0.000000000000000000, 1.000000000000000000, 0.000000000000000000 ) ) ;
#11529 = CARTESIAN_POINT ( 'NONE',  ( 2.600000000000000089, 0.000000000000000000, -6.000000000000000152E-06 ) ) ;
#11530 = VECTOR ( 'NONE', #6946, 1000.000000000000000 ) ;
#11531 = ORIENTED_EDGE ( 'NONE', *, *, #4270, .T. ) ;
#11532 = CARTESIAN_POINT ( 'NONE',  ( 4.343204658989381350, -8.557362060151586292, -0.000000000000000000 ) ) ;
#11533 = CARTESIAN_POINT ( 'NONE',  ( -5.500000000000000000, 0.000000000000000000, 22.00000000000000000 ) ) ;
#11534 = ORIENTED_EDGE ( 'NONE', *, *, #4637, .T. ) ;
#11535 = EDGE_LOOP ( 'NONE', ( #8937, #3828 ) ) ;
#11536 = EDGE_CURVE ( 'NONE', #11927, #11841, #8644, .T. ) ;
#11537 = ORIENTED_EDGE ( 'NONE', *, *, #10887, .F. ) ;
#11538 = AXIS2_PLACEMENT_3D ( 'NONE', #3826, #10836, #7775 ) ;
#11539 = CARTESIAN_POINT ( 'NONE',  ( -12.80000000000000071, -2.000000000000000000, 3.000000000000000000 ) ) ;
#11540 = CC_DESIGN_SECURITY_CLASSIFICATION ( #6221, ( #13079 ) ) ;
#11541 =( REPRESENTATION_RELATIONSHIP ('NONE','NONE', #6877, #4629 ) REPRESENTATION_RELATIONSHIP_WITH_TRANSFORMATION ( #12744 )SHAPE_REPRESENTATION_RELATIONSHIP( ) );
#11542 = PERSON_AND_ORGANIZATION_ROLE ( 'classification_officer' ) ;
#11543 = CIRCLE ( 'NONE', #8131, 2.600000000000000089 ) ;
#11544 = CARTESIAN_POINT ( 'NONE',  ( -37.50000000000000000, -10.00000000000000000, 28.00000000000000000 ) ) ;
#11545 = ADVANCED_FACE ( 'NONE', ( #3685 ), #11686, .F. ) ;
#11546 = VERTEX_POINT ( 'NONE', #4612 ) ;
#11547 = ORIENTED_EDGE ( 'NONE', *, *, #1345, .F. ) ;
#11548 = AXIS2_PLACEMENT_3D ( 'NONE', #3306, #6324, #9320 ) ;
#11549 = DIRECTION ( 'NONE',  ( 0.000000000000000000, 0.000000000000000000, -1.000000000000000000 ) ) ;
#11550 = PLANE ( 'NONE',  #12805 ) ;
#11551 = CC_DESIGN_SECURITY_CLASSIFICATION ( #12629, ( #13083 ) ) ;
#11552 = ORIENTED_EDGE ( 'NONE', *, *, #4333, .F. ) ;
#11553 = DATE_TIME_ROLE ( 'classification_date' ) ;
#11554 = CARTESIAN_POINT ( 'NONE',  ( -35.00000000000000000, -70.00000000000000000, 5.000000000000000000 ) ) ;
#11555 = CARTESIAN_POINT ( 'NONE',  ( 21.36119079527021114, 15.04287395703147645, 0.000000000000000000 ) ) ;
#11556 = CARTESIAN_POINT ( 'NONE',  ( 12.00000000000000000, 7.000000000000000000, 13.29999999999999893 ) ) ;
#11557 = DATE_AND_TIME ( #10691, #1667 ) ;
#11558 = DIRECTION ( 'NONE',  ( -1.000000000000000000, -0.000000000000000000, -0.000000000000000000 ) ) ;
#11559 = DIRECTION ( 'NONE',  ( -0.000000000000000000, -0.000000000000000000, -1.000000000000000000 ) ) ;
#11560 = VECTOR ( 'NONE', #12148, 1000.000000000000000 ) ;
#11561 = CARTESIAN_POINT ( 'NONE',  ( -28.00000000000000000, 8.000000000000000000, 24.00000000000000000 ) ) ;
#11562 = EDGE_CURVE ( 'NONE', #3623, #11790, #2575, .T. ) ;
#11563 = CARTESIAN_POINT ( 'NONE',  ( 31.22508399489132103, 67.69993048876644082, 0.000000000000000000 ) ) ;
#11564 = DIRECTION ( 'NONE',  ( -0.000000000000000000, -0.000000000000000000, -1.000000000000000000 ) ) ;
#11565 = CLOSED_SHELL ( 'NONE', ( #6642, #5736, #9063, #10445, #6989, #1493, #12801, #12245, #3605, #9646, #11286, #11090, #7160, #6544, #12062, #10854, #2374, #2574, #3344, #8680, #6515, #6291, #4352, #10597, #3570, #8747 ) ) ;
#11566 = CARTESIAN_POINT ( 'NONE',  ( 20.00000000000000000, 12.00000000000000000, 2.000000000000000000 ) ) ;
#11567 = LOCAL_TIME ( 12, 23, 36.00000000000000000, #6164 ) ;
#11568 = VERTEX_POINT ( 'NONE', #11630 ) ;
#11569 = CARTESIAN_POINT ( 'NONE',  ( 3.000000000000000000, 3.673940397442059375E-16, 42.00000000000000000 ) ) ;
#11570 = B_SPLINE_CURVE_WITH_KNOTS ( 'NONE', 3,
 ( #11475, #1516, #392, #1370, #5380, #12687, #4336, #3614, #2417, #1442, #5453, #8351, #9491, #12417, #4475, #8493, #10553, #10617 ),
 .UNSPECIFIED., .F., .F.,
 ( 4, 2, 2, 2, 2, 2, 2, 2, 4 ),
 ( 0.000000000000000000, 0.06250000000000000000, 0.1250000000000000000, 0.1875000000000000000, 0.2500000000000000000, 0.3125000000000000000, 0.3750000000000000000, 0.4375000000000000000, 0.5000000000000000000 ),
 .UNSPECIFIED. ) ;
#11571 = LINE ( 'NONE', #2587, #9214 ) ;
#11572 = DATE_AND_TIME ( #3512, #7611 ) ;
#11573 = DIRECTION ( 'NONE',  ( -0.000000000000000000, -0.000000000000000000, -1.000000000000000000 ) ) ;
#11574 = CARTESIAN_POINT ( 'NONE',  ( -21.00000000000000000, 0.000000000000000000, 17.00000000000000000 ) ) ;
#11575 = VECTOR ( 'NONE', #10980, 1000.000000000000000 ) ;
#11576 = APPROVAL_PERSON_ORGANIZATION ( #9051, #1013, #3885 ) ;
#11577 = DIRECTION ( 'NONE',  ( -1.000000000000000000, 0.000000000000000000, 0.000000000000000000 ) ) ;
#11578 = ADVANCED_FACE ( 'NONE', ( #12635 ), #607, .F. ) ;
#11579 = ADVANCED_FACE ( 'NONE', ( #7626 ), #6745, .F. ) ;
#11580 = DIRECTION ( 'NONE',  ( -1.000000000000000000, 0.000000000000000000, -0.000000000000000000 ) ) ;
#11581 = CARTESIAN_POINT ( 'NONE',  ( -7.515604930472060907, 0.000000000000000000, 4.858485730192892760 ) ) ;
#11582 = EDGE_LOOP ( 'NONE', ( #6095, #12963, #8721, #10580 ) ) ;
#11583 = DIRECTION ( 'NONE',  ( 0.000000000000000000, -1.000000000000000000, 0.000000000000000000 ) ) ;
#11584 = ORIENTED_EDGE ( 'NONE', *, *, #2015, .T. ) ;
#11585 = EDGE_LOOP ( 'NONE', ( #11167, #1811, #7968, #2971 ) ) ;
#11586 = AXIS2_PLACEMENT_3D ( 'NONE', #1039, #8778, #9085 ) ;
#11587 = VERTEX_POINT ( 'NONE', #7686 ) ;
#11588 = DIRECTION ( 'NONE',  ( -0.000000000000000000, -0.000000000000000000, 1.000000000000000000 ) ) ;
#11589 = DIRECTION ( 'NONE',  ( 0.000000000000000000, 0.000000000000000000, -1.000000000000000000 ) ) ;
#11590 = PERSON_AND_ORGANIZATION_ROLE ( 'classification_officer' ) ;
#11591 = COORDINATED_UNIVERSAL_TIME_OFFSET ( 5, 0, .BEHIND. ) ;
#11592 = FACE_OUTER_BOUND ( 'NONE', #10311, .T. ) ;
#11593 = AXIS2_PLACEMENT_3D ( 'NONE', #11250, #12188, #2274 ) ;
#11594 = CC_DESIGN_DATE_AND_TIME_ASSIGNMENT ( #9733, #5933, ( #3735 ) ) ;
#11595 = EDGE_CURVE ( 'NONE', #3706, #1064, #10817, .T. ) ;
#11596 = AXIS2_PLACEMENT_3D ( 'NONE', #2633, #6620, #4551 ) ;
#11597 = CC_DESIGN_DATE_AND_TIME_ASSIGNMENT ( #3941, #11086, ( #3617 ) ) ;
#11598 = CIRCLE ( 'NONE', #9050, 1.700000000000000178 ) ;
#11599 = DIRECTION ( 'NONE',  ( 1.000000000000000000, 0.000000000000000000, 0.000000000000000000 ) ) ;
#11600 = CARTESIAN_POINT ( 'NONE',  ( -7.300000000000000711, 56.77438419509384460, -0.000000000000000000 ) ) ;
#11601 = ORIENTED_EDGE ( 'NONE', *, *, #61, .F. ) ;
#11602 = CARTESIAN_POINT ( 'NONE',  ( -7.700069511235977160, -9.225083994885473260, 0.000000000000000000 ) ) ;
#11603 = ORIENTED_EDGE ( 'NONE', *, *, #12187, .F. ) ;
#11604 = DIRECTION ( 'NONE',  ( 1.000000000000000000, 0.000000000000000000, 0.000000000000000000 ) ) ;
#11605 = CARTESIAN_POINT ( 'NONE',  ( 124.8585389317929923, -1.484523509542397424, -0.000000000000000000 ) ) ;
#11606 = ORIENTED_EDGE ( 'NONE', *, *, #1125, .T. ) ;
#11607 = EDGE_LOOP ( 'NONE', ( #5226, #9107, #102, #7094 ) ) ;
#11608 = AXIS2_PLACEMENT_3D ( 'NONE', #757, #8477, #1494 ) ;
#11609 = AXIS2_PLACEMENT_3D ( 'NONE', #12379, #295, #8318 ) ;
#11610 = AXIS2_PLACEMENT_3D ( 'NONE', #5603, #7513, #4564 ) ;
#11611 = CARTESIAN_POINT ( 'NONE',  ( -7.957027739241245179, 67.36128909900678252, -0.000000000000000000 ) ) ;
#11612 = DIRECTION ( 'NONE',  ( 1.000000000000000000, 0.000000000000000000, 0.000000000000000000 ) ) ;
#11613 = VECTOR ( 'NONE', #5492, 1000.000000000000000 ) ;
#11614 = CC_DESIGN_PERSON_AND_ORGANIZATION_ASSIGNMENT ( #11953, #10089, ( #6068 ) ) ;
#11615 = EDGE_CURVE ( 'NONE', #1764, #9579, #10693, .T. ) ;
#11616 = CARTESIAN_POINT ( 'NONE',  ( -6.858538931789999182, -7.515476490456138414, -0.000000000000000000 ) ) ;
#11617 = ORIENTED_EDGE ( 'NONE', *, *, #4930, .F. ) ;
#11618 = AXIS2_PLACEMENT_3D ( 'NONE', #5128, #1119, #7370 ) ;
#11619 = ORIENTED_EDGE ( 'NONE', *, *, #5971, .T. ) ;
#11620 = DATE_AND_TIME ( #9876, #4469 ) ;
#11621 = DIRECTION ( 'NONE',  ( 1.000000000000000000, 0.000000000000000000, 0.000000000000000000 ) ) ;
#11622 = VERTEX_POINT ( 'NONE', #11744 ) ;
#11623 = PERSON_AND_ORGANIZATION ( #12991, #11636 ) ;
#11624 = LINE ( 'NONE', #4423, #1452 ) ;
#11625 = CARTESIAN_POINT ( 'NONE',  ( 0.000000000000000000, 0.000000000000000000, 3.000000000000000000 ) ) ;
#11626 = DIRECTION ( 'NONE',  ( 0.000000000000000000, -1.000000000000000000, 0.000000000000000000 ) ) ;
#11627 = CALENDAR_DATE ( 2026, 21, 9 ) ;
#11628 = VECTOR ( 'NONE', #10440, 1000.000000000000000 ) ;
#11629 =( GEOMETRIC_REPRESENTATION_CONTEXT ( 3 ) GLOBAL_UNCERTAINTY_ASSIGNED_CONTEXT ( ( #9641 ) ) GLOBAL_UNIT_ASSIGNED_CONTEXT ( ( #3263, #2286, #7197 ) ) REPRESENTATION_CONTEXT ( 'NONE', 'WORKASPACE' ) );
#11630 = CARTESIAN_POINT ( 'NONE',  ( 20.00000000000000000, 12.00000000000000000, 0.000000000000000000 ) ) ;
#11631 = DIRECTION ( 'NONE',  ( 1.000000000000000000, 0.000000000000000000, 0.000000000000000000 ) ) ;
#11632 = APPROVAL_ROLE ( '' ) ;
#11633 = CARTESIAN_POINT ( 'NONE',  ( -18.34313493157694808, -14.44246974991461663, -0.000000000000000000 ) ) ;
#11634 = CARTESIAN_POINT ( 'NONE',  ( 31.85848573020262720, 67.48439506952534828, 0.000000000000000000 ) ) ;
#11635 = ORIENTED_EDGE ( 'NONE', *, *, #3646, .T. ) ;
#11636 = ORGANIZATION ( 'æœª', 'æœª', '' ) ;
#11637 = CARTESIAN_POINT ( 'NONE',  ( -35.00000000000000000, 70.00000000000000000, 5.000000000000000000 ) ) ;
#11638 = CARTESIAN_POINT ( 'NONE',  ( 31.00000000000000000, 8.000000000000000000, 11.29999999999999893 ) ) ;
#11639 = ADVANCED_FACE ( 'NONE', ( #11812 ), #6500, .F. ) ;
#11640 = CARTESIAN_POINT ( 'NONE',  ( 9.509326000432830384, 10.27740646207855768, 9.641216089630352926 ) ) ;
#11641 = PERSON_AND_ORGANIZATION ( #12991, #11636 ) ;
#11642 = CARTESIAN_POINT ( 'NONE',  ( 21.69999999999999929, 14.00000000000000000, -1.200000000000000030E-05 ) ) ;
#11643 = DIRECTION ( 'NONE',  ( -0.000000000000000000, -0.000000000000000000, 1.000000000000000000 ) ) ;
#11644 = CC_DESIGN_SECURITY_CLASSIFICATION ( #2975, ( #6742 ) ) ;
#11645 = LINE ( 'NONE', #12588, #11809 ) ;
#11646 = FACE_OUTER_BOUND ( 'NONE', #5544, .T. ) ;
#11647 = DIRECTION ( 'NONE',  ( 0.000000000000000000, 1.000000000000000000, 0.000000000000000000 ) ) ;
#11648 = VERTEX_POINT ( 'NONE', #3631 ) ;
#11649 = FACE_OUTER_BOUND ( 'NONE', #11210, .T. ) ;
#11650 = ORIENTED_EDGE ( 'NONE', *, *, #11701, .T. ) ;
#11651 = CALENDAR_DATE ( 2026, 21, 9 ) ;
#11652 = LOCAL_TIME ( 12, 23, 36.00000000000000000, #3869 ) ;
#11653 = ORIENTED_EDGE ( 'NONE', *, *, #7099, .T. ) ;
#11654 = VERTEX_POINT ( 'NONE', #7567 ) ;
#11655 = EDGE_CURVE ( 'NONE', #10783, #2068, #9814, .T. ) ;
#11656 = CARTESIAN_POINT ( 'NONE',  ( -21.00000000000000000, 0.000000000000000000, 0.000000000000000000 ) ) ;
#11657 = CARTESIAN_POINT ( 'NONE',  ( 35.60000000000000142, 0.000000000000000000, 6.000000000000000000 ) ) ;
#11658 = CARTESIAN_POINT ( 'NONE',  ( -5.799999999999999822, 0.000000000000000000, 2.000000000000000000 ) ) ;
#11659 = CALENDAR_DATE ( 2026, 21, 9 ) ;
#11660 = APPROVAL_DATE_TIME ( #10663, #5984 ) ;
#11661 = LINE ( 'NONE', #6470, #7199 ) ;
#11662 = EDGE_CURVE ( 'NONE', #7830, #7469, #12867, .T. ) ;
#11663 = ORIENTED_EDGE ( 'NONE', *, *, #2299, .T. ) ;
#11664 = CARTESIAN_POINT ( 'NONE',  ( -7.700000000000000178, -9.000000000000000000, -6.000000000000000152E-06 ) ) ;
#11665 = ORIENTED_EDGE ( 'NONE', *, *, #7823, .T. ) ;
#11666 = LINE ( 'NONE', #4593, #9389 ) ;
#11667 = ORIENTED_EDGE ( 'NONE', *, *, #11992, .T. ) ;
#11668 = ORIENTED_EDGE ( 'NONE', *, *, #8303, .F. ) ;
#11669 = EDGE_CURVE ( 'NONE', #5324, #2199, #1586, .T. ) ;
#11670 = ADVANCED_FACE ( 'NONE', ( #9696 ), #2695, .F. ) ;
#11671 = CYLINDRICAL_SURFACE ( 'NONE', #12178, 1.700000000000000178 ) ;
#11672 = PLANE ( 'NONE',  #11924 ) ;
#11673 = EDGE_LOOP ( 'NONE', ( #8997, #8686, #11944, #6175 ) ) ;
#11674 = DIRECTION ( 'NONE',  ( -1.000000000000000000, 0.000000000000000000, 0.000000000000000000 ) ) ;
#11675 = EDGE_LOOP ( 'NONE', ( #8654, #4528, #7591, #2209 ) ) ;
#11676 = PERSON_AND_ORGANIZATION ( #12991, #11636 ) ;
#11677 = CARTESIAN_POINT ( 'NONE',  ( -12.00000000000000000, -7.000000000000000000, 13.29999999999999893 ) ) ;
#11678 = PERSON_AND_ORGANIZATION_ROLE ( 'design_supplier' ) ;
#11679 = VERTEX_POINT ( 'NONE', #9756 ) ;
#11680 = CC_DESIGN_DATE_AND_TIME_ASSIGNMENT ( #6269, #12401, ( #11451 ) ) ;
#11681 = DATE_TIME_ROLE ( 'creation_date' ) ;
#11682 = FACE_BOUND ( 'NONE', #7473, .T. ) ;
#11683 = CC_DESIGN_PERSON_AND_ORGANIZATION_ASSIGNMENT ( #6594, #8677, ( #1914 ) ) ;
#11684 = DIRECTION ( 'NONE',  ( 0.000000000000000000, 0.000000000000000000, -1.000000000000000000 ) ) ;
#11685 = DATE_TIME_ROLE ( 'classification_date' ) ;
#11686 = CYLINDRICAL_SURFACE ( 'NONE', #10323, 2.500000000000000000 ) ;
#11687 = DIRECTION ( 'NONE',  ( 1.000000000000000000, 0.000000000000000000, 0.000000000000000000 ) ) ;
#11688 = FACE_OUTER_BOUND ( 'NONE', #9589, .T. ) ;
#11689 = DIRECTION ( 'NONE',  ( 1.000000000000000000, 0.000000000000000000, 0.000000000000000000 ) ) ;
#11690 = VERTEX_POINT ( 'NONE', #12758 ) ;
#11691 = CARTESIAN_POINT ( 'NONE',  ( 20.00000000000000000, 14.00000000000000000, -1.200000000000000030E-05 ) ) ;
#11692 = CARTESIAN_POINT ( 'NONE',  ( 12.00000000000000000, 12.00000000000000000, 20.00000000000000000 ) ) ;
#11693 = ORIENTED_EDGE ( 'NONE', *, *, #4096, .T. ) ;
#11694 = EDGE_LOOP ( 'NONE', ( #4735, #939, #3976, #4912 ) ) ;
#11695 = LINE ( 'NONE', #2446, #3316 ) ;
#11696 = EDGE_CURVE ( 'NONE', #3466, #12049, #4677, .T. ) ;
#11697 = CARTESIAN_POINT ( 'NONE',  ( 9.361280813272383483, 10.41041303537513585, 7.544422475208893530 ) ) ;
#11698 = FACE_OUTER_BOUND ( 'NONE', #6780, .T. ) ;
#11699 = DIRECTION ( 'NONE',  ( 0.000000000000000000, -0.000000000000000000, 1.000000000000000000 ) ) ;
#11700 = CARTESIAN_POINT ( 'NONE',  ( -11.81331098413178893, 7.513279486513934735, 9.333189158215489556 ) ) ;
#11701 = EDGE_CURVE ( 'NONE', #3764, #11023, #431, .T. ) ;
#11702 = ORIENTED_EDGE ( 'NONE', *, *, #1321, .F. ) ;
#11703 = CARTESIAN_POINT ( 'NONE',  ( -4.299999999999999822, 2.081899558550500526E-16, 20.00000000000000000 ) ) ;
#11704 = VERTEX_POINT ( 'NONE', #3501 ) ;
#11705 = ORIENTED_EDGE ( 'NONE', *, *, #3223, .F. ) ;
#11706 = DIRECTION ( 'NONE',  ( -0.000000000000000000, -0.000000000000000000, 1.000000000000000000 ) ) ;
#11707 = ORIENTED_EDGE ( 'NONE', *, *, #2907, .T. ) ;
#11708 = APPLICATION_CONTEXT ( 'configuration controlled 3d designs of mechanical parts and assemblies' ) ;
#11709 = LINE ( 'NONE', #9595, #7351 ) ;
#11710 = CARTESIAN_POINT ( 'NONE',  ( 35.60000000000000142, 72.50000000000000000, -1.200000000000000030E-05 ) ) ;
#11711 = AXIS2_PLACEMENT_3D ( 'NONE', #4530, #1632, #1437 ) ;
#11712 = CARTESIAN_POINT ( 'NONE',  ( 15.00000000000000000, 5.000000000000000000, 25.00000000000000000 ) ) ;
#11713 = SECURITY_CLASSIFICATION_LEVEL ( 'unclassified' ) ;
#11714 = DIRECTION ( 'NONE',  ( -0.000000000000000000, -0.000000000000000000, -1.000000000000000000 ) ) ;
#11715 = ORIENTED_EDGE ( 'NONE', *, *, #5402, .T. ) ;
#11716 = EDGE_CURVE ( 'NONE', #10668, #12845, #9087, .T. ) ;
#11717 = CARTESIAN_POINT ( 'NONE',  ( -7.042972260762891068, -10.36128909900394923, -0.000000000000000000 ) ) ;
#11718 = ORIENTED_EDGE ( 'NONE', *, *, #5922, .F. ) ;
#11719 = AXIS2_PLACEMENT_3D ( 'NONE', #6034, #12960, #1855 ) ;
#11720 = VERTEX_POINT ( 'NONE', #12076 ) ;
#11721 = ORIENTED_EDGE ( 'NONE', *, *, #11024, .T. ) ;
#11722 = PERSON ( 'NAUO-PER23', 'UNSPECIFIED', 'UNSPECIFIED', ('UNSPECIFIED'), ('UNSPECIFIED'), ('UNSPECIFIED') ) ;
#11723 = EDGE_CURVE ( 'NONE', #10331, #8151, #4917, .T. ) ;
#11724 = SHAPE_REPRESENTATION ( 'V3_07_servo_stand', ( #1284 ), #7585 ) ;
#11725 = DIRECTION ( 'NONE',  ( -0.000000000000000000, -0.000000000000000000, -1.000000000000000000 ) ) ;
#11726 = VECTOR ( 'NONE', #7209, 1000.000000000000000 ) ;
#11727 = CARTESIAN_POINT ( 'NONE',  ( 18.34333309900601705, 13.55741526174779565, -0.000000000000000000 ) ) ;
#11728 = ORIENTED_EDGE ( 'NONE', *, *, #8900, .F. ) ;
#11729 = ADVANCED_FACE ( 'NONE', ( #6939, #1836 ), #8940, .F. ) ;
#11730 = EDGE_CURVE ( 'NONE', #353, #10683, #7865, .T. ) ;
#11731 = CARTESIAN_POINT ( 'NONE',  ( 0.000000000000000000, 0.000000000000000000, 90.00000000000000000 ) ) ;
#11732 = ORIENTED_EDGE ( 'NONE', *, *, #7823, .F. ) ;
#11733 = DATE_AND_TIME ( #1826, #12057 ) ;
#11734 = APPROVAL_DATE_TIME ( #4541, #6149 ) ;
#11735 = EDGE_CURVE ( 'NONE', #4871, #2840, #6998, .T. ) ;
#11736 = ORIENTED_EDGE ( 'NONE', *, *, #12853, .F. ) ;
#11737 = VECTOR ( 'NONE', #12980, 1000.000000000000000 ) ;
#11738 = AXIS2_PLACEMENT_3D ( 'NONE', #2085, #8282, #3002 ) ;
#11739 = APPROVAL_DATE_TIME ( #7032, #3528 ) ;
#11740 = DIRECTION ( 'NONE',  ( -1.000000000000000000, 0.000000000000000000, 0.000000000000000000 ) ) ;
#11741 = ORGANIZATION ( 'NAUO-ORG8', 'UNSPECIFIED', 'UNSPECIFIED' ) ;
#11742 = CARTESIAN_POINT ( 'NONE',  ( 0.5999999999999999778, 13.98713694792469120, 16.00000000000000000 ) ) ;
#11743 = DIRECTION ( 'NONE',  ( 0.000000000000000000, 0.000000000000000000, -1.000000000000000000 ) ) ;
#11744 = CARTESIAN_POINT ( 'NONE',  ( -5.799999999999999822, 0.000000000000000000, 0.000000000000000000 ) ) ;
#11745 = LINE ( 'NONE', #6688, #11198 ) ;
#11746 = SECURITY_CLASSIFICATION_LEVEL ( 'unclassified' ) ;
#11747 = CARTESIAN_POINT ( 'NONE',  ( 12.30000000000000249, 70.00000000000000000, -6.000000000000000152E-06 ) ) ;
#11748 = VECTOR ( 'NONE', #6176, 1000.000000000000000 ) ;
#11749 = APPROVAL ( #6242, 'UNKNOWN' ) ;
#11750 = LOCAL_TIME ( 12, 23, 36.00000000000000000, #4473 ) ;
#11751 = PRODUCT_RELATED_PRODUCT_CATEGORY ( 'detail', '', ( #6692 ) ) ;
#11752 = CYLINDRICAL_SURFACE ( 'NONE', #7887, 1.700000000000007061 ) ;
#11753 = ORIENTED_EDGE ( 'NONE', *, *, #699, .F. ) ;
#11754 = DIRECTION ( 'NONE',  ( -0.000000000000000000, -0.000000000000000000, -1.000000000000000000 ) ) ;
#11755 = AXIS2_PLACEMENT_3D ( 'NONE', #3019, #4220, #7013 ) ;
#11756 = UNCERTAINTY_MEASURE_WITH_UNIT (LENGTH_MEASURE( 1.000000000000000082E-05 ), #3342, 'distance_accuracy_value', 'NONE');
#11757 = LINE ( 'NONE', #12893, #1854 ) ;
#11758 = DIRECTION ( 'NONE',  ( -1.000000000000000000, 0.000000000000000000, -0.000000000000000000 ) ) ;
#11759 = AXIS2_PLACEMENT_3D ( 'NONE', #6702, #10775, #1729 ) ;
#11760 = FACE_OUTER_BOUND ( 'NONE', #5633, .T. ) ;
#11761 = DATE_AND_TIME ( #2448, #12072 ) ;
#11762 = SECURITY_CLASSIFICATION ( '', '', #9326 ) ;
#11763 = CARTESIAN_POINT ( 'NONE',  ( -1.850251865230340353, 1.832291515499593126, -0.000000000000000000 ) ) ;
#11764 = PLANE ( 'NONE',  #11 ) ;
#11765 = VECTOR ( 'NONE', #112, 1000.000000000000000 ) ;
#11766 = CARTESIAN_POINT ( 'NONE',  ( 137.6999999999999886, -0.2256158049110661423, -0.000000000000000000 ) ) ;
#11767 = EDGE_CURVE ( 'NONE', #3768, #3708, #5835, .T. ) ;
#11768 = EDGE_LOOP ( 'NONE', ( #5885, #8460, #4104, #12807 ) ) ;
#11769 = FACE_OUTER_BOUND ( 'NONE', #10859, .T. ) ;
#11770 = EDGE_LOOP ( 'NONE', ( #4156, #3556, #6281, #4343 ) ) ;
#11771 = VERTEX_POINT ( 'NONE', #970 ) ;
#11772 = ORIENTED_EDGE ( 'NONE', *, *, #101, .T. ) ;
#11773 = LOCAL_TIME ( 12, 23, 36.00000000000000000, #4549 ) ;
#11774 = CARTESIAN_POINT ( 'NONE',  ( 0.000000000000000000, 0.000000000000000000, -1.200000000000000030E-05 ) ) ;
#11775 = EDGE_CURVE ( 'NONE', #323, #5073, #9952, .T. ) ;
#11776 = PERSON_AND_ORGANIZATION ( #12991, #11636 ) ;
#11777 = DIRECTION ( 'NONE',  ( 1.000000000000000000, 0.000000000000000000, 0.000000000000000000 ) ) ;
#11778 = PERSON_AND_ORGANIZATION_ROLE ( 'design_supplier' ) ;
#11779 = DATE_AND_TIME ( #8981, #5200 ) ;
#11780 = CARTESIAN_POINT ( 'NONE',  ( -16.00000000000000000, -6.000000000000000000, 18.00000000000000355 ) ) ;
#11781 = VECTOR ( 'NONE', #12582, 1000.000000000000000 ) ;
#11782 = AXIS2_PLACEMENT_3D ( 'NONE', #7490, #3370, #2371 ) ;
#11783 = ORIENTED_EDGE ( 'NONE', *, *, #3963, .F. ) ;
#11784 = CARTESIAN_POINT ( 'NONE',  ( 35.60000000000000142, 77.50000000000000000, -1.200000000000000030E-05 ) ) ;
#11785 = VECTOR ( 'NONE', #11414, 1000.000000000000000 ) ;
#11786 = CC_DESIGN_APPROVAL ( #3363, ( #6682 ) ) ;
#11787 = ORIENTED_EDGE ( 'NONE', *, *, #12810, .T. ) ;
#11788 = DIRECTION ( 'NONE',  ( -1.000000000000000000, 0.000000000000000000, 0.000000000000000000 ) ) ;
#11789 =( NAMED_UNIT ( * ) PLANE_ANGLE_UNIT ( ) SI_UNIT ( $, .RADIAN. ) );
#11790 = VERTEX_POINT ( 'NONE', #5901 ) ;
#11791 = VERTEX_POINT ( 'NONE', #6081 ) ;
#11792 = AXIS2_PLACEMENT_3D ( 'NONE', #10942, #8214, #8356 ) ;
#11793 = FACE_OUTER_BOUND ( 'NONE', #4817, .T. ) ;
#11794 = EDGE_CURVE ( 'NONE', #8633, #11406, #11011, .T. ) ;
#11795 = VECTOR ( 'NONE', #9714, 1000.000000000000000 ) ;
#11796 = VECTOR ( 'NONE', #7317, 1000.000000000000000 ) ;
#11797 = ADVANCED_FACE ( 'NONE', ( #2087 ), #12881, .F. ) ;
#11798 = DIRECTION ( 'NONE',  ( 0.000000000000000000, -1.000000000000000000, 0.000000000000000000 ) ) ;
#11799 = ORIENTED_EDGE ( 'NONE', *, *, #8236, .F. ) ;
#11800 = ORIENTED_EDGE ( 'NONE', *, *, #206, .F. ) ;
#11801 = CALENDAR_DATE ( 2026, 21, 9 ) ;
#11802 = DATE_TIME_ROLE ( 'classification_date' ) ;
#11803 = AXIS2_PLACEMENT_3D ( 'NONE', #7368, #2173, #12361 ) ;
#11804 = ORIENTED_EDGE ( 'NONE', *, *, #4680, .F. ) ;
#11805 = VECTOR ( 'NONE', #7006, 1000.000000000000000 ) ;
#11806 = CALENDAR_DATE ( 2026, 21, 9 ) ;
#11807 = DIRECTION ( 'NONE',  ( -0.000000000000000000, -0.000000000000000000, -1.000000000000000000 ) ) ;
#11808 = DIRECTION ( 'NONE',  ( -0.000000000000000000, -0.000000000000000000, 1.000000000000000000 ) ) ;
#11809 = VECTOR ( 'NONE', #8719, 1000.000000000000000 ) ;
#11810 = CARTESIAN_POINT ( 'NONE',  ( 183.0000000000000000, 0.000000000000000000, 3.000000000000000000 ) ) ;
#11811 = EDGE_CURVE ( 'NONE', #3043, #8151, #12942, .T. ) ;
#11812 = FACE_OUTER_BOUND ( 'NONE', #7774, .T. ) ;
#11813 = LINE ( 'NONE', #12943, #841 ) ;
#11814 = SHAPE_DEFINITION_REPRESENTATION ( #938, #7 ) ;
#11815 = VECTOR ( 'NONE', #4891, 1000.000000000000000 ) ;
#11816 = CARTESIAN_POINT ( 'NONE',  ( 12.29993048876420936, 69.77491600511629599, 0.000000000000000000 ) ) ;
#11817 = DIRECTION ( 'NONE',  ( 0.000000000000000000, -0.000000000000000000, 1.000000000000000000 ) ) ;
#11818 = EDGE_CURVE ( 'NONE', #12408, #7097, #3856, .T. ) ;
#11819 = ORIENTED_EDGE ( 'NONE', *, *, #5420, .F. ) ;
#11820 = CYLINDRICAL_SURFACE ( 'NONE', #4738, 14.00000000000000000 ) ;
#11821 = FACE_BOUND ( 'NONE', #716, .T. ) ;
#11822 = ORIENTED_EDGE ( 'NONE', *, *, #650, .F. ) ;
#11823 = DATE_TIME_ROLE ( 'classification_date' ) ;
#11824 = VECTOR ( 'NONE', #9372, 1000.000000000000000 ) ;
#11825 = LINE ( 'NONE', #11028, #2046 ) ;
#11826 = PLANE ( 'NONE',  #1006 ) ;
#11827 = EDGE_CURVE ( 'NONE', #10990, #163, #8827, .T. ) ;
#11828 = APPROVAL ( #2913, 'UNKNOWN' ) ;
#11829 = APPROVAL_STATUS ( 'not_yet_approved' ) ;
#11830 = EDGE_CURVE ( 'NONE', #6719, #6023, #6798, .T. ) ;
#11831 = CARTESIAN_POINT ( 'NONE',  ( 11.90000000000000036, -6.400000000000000355, 3.000000000000000000 ) ) ;
#11832 = LINE ( 'NONE', #8, #12257 ) ;
#11833 = ADVANCED_BREP_SHAPE_REPRESENTATION ( '', ( #11958, #1284 ), #8664 ) ;
#11834 = FACE_OUTER_BOUND ( 'NONE', #6820, .T. ) ;
#11835 =( GEOMETRIC_REPRESENTATION_CONTEXT ( 3 ) GLOBAL_UNCERTAINTY_ASSIGNED_CONTEXT ( ( #3576 ) ) GLOBAL_UNIT_ASSIGNED_CONTEXT ( ( #4973, #3137, #8934 ) ) REPRESENTATION_CONTEXT ( 'NONE', 'WORKASPACE' ) );
#11836 = DIRECTION ( 'NONE',  ( -0.000000000000000000, -0.000000000000000000, 1.000000000000000000 ) ) ;
#11837 = DIRECTION ( 'NONE',  ( 0.000000000000000000, -1.000000000000000000, 0.000000000000000000 ) ) ;
#11838 = DATE_AND_TIME ( #9796, #6210 ) ;
#11839 = ORIENTED_EDGE ( 'NONE', *, *, #2547, .T. ) ;
#11840 = LINE ( 'NONE', #2722, #9419 ) ;
#11841 = VERTEX_POINT ( 'NONE', #5047 ) ;
#11842 = ORIENTED_EDGE ( 'NONE', *, *, #8902, .T. ) ;
#11843 = DIRECTION ( 'NONE',  ( 1.000000000000000000, -0.000000000000000000, 0.000000000000000000 ) ) ;
#11844 = CARTESIAN_POINT ( 'NONE',  ( 20.00000000000000000, -12.00000000000000000, 2.000000000000000000 ) ) ;
#11845 = EDGE_LOOP ( 'NONE', ( #5498, #5645, #6114, #8742 ) ) ;
#11846 = APPROVAL_DATE_TIME ( #5691, #8352 ) ;
#11847 = CARTESIAN_POINT ( 'NONE',  ( 15.48452350954465118, 70.85853893179071861, -0.000000000000000000 ) ) ;
#11848 = PRODUCT_RELATED_PRODUCT_CATEGORY ( 'detail', '', ( #7228 ) ) ;
#11849 = APPROVAL_PERSON_ORGANIZATION ( #9961, #10785, #8960 ) ;
#11850 = EDGE_CURVE ( 'NONE', #12040, #4266, #2604, .T. ) ;
#11851 = CARTESIAN_POINT ( 'NONE',  ( 0.000000000000000000, 0.000000000000000000, -1.200000000000000030E-05 ) ) ;
#11852 = CARTESIAN_POINT ( 'NONE',  ( 0.000000000000000000, 0.000000000000000000, 28.00000000000000000 ) ) ;
#11853 = CALENDAR_DATE ( 2026, 21, 9 ) ;
#11854 = CARTESIAN_POINT ( 'NONE',  ( -5.500000000000000000, 0.000000000000000000, 29.00000000000000000 ) ) ;
#11855 = VERTEX_POINT ( 'NONE', #11396 ) ;
#11856 = CARTESIAN_POINT ( 'NONE',  ( 2.600000000000000089, 0.000000000000000000, -6.000000000000000152E-06 ) ) ;
#11857 = MANIFOLD_SOLID_BREP ( 'Wheel_width28_PLACEHOLDER', #12641 ) ;
#11858 = SECURITY_CLASSIFICATION ( '', '', #11269 ) ;
#11859 = EDGE_LOOP ( 'NONE', ( #3575, #6320 ) ) ;
#11860 = CARTESIAN_POINT ( 'NONE',  ( 13.00000000000000000, 5.000000000000000000, 25.00000000000000000 ) ) ;
#11861 = SHAPE_REPRESENTATION_RELATIONSHIP ( 'NONE' , 'NONE' ,  #12709, #3483 ) ;
#11862 = ORIENTED_EDGE ( 'NONE', *, *, #4985, .T. ) ;
#11863 = ORIENTED_EDGE ( 'NONE', *, *, #8254, .T. ) ;
#11864 = DIRECTION ( 'NONE',  ( -0.000000000000000000, -0.000000000000000000, -1.000000000000000000 ) ) ;
#11865 = LOCAL_TIME ( 12, 23, 36.00000000000000000, #1179 ) ;
#11866 = DIRECTION ( 'NONE',  ( 0.000000000000000000, 1.000000000000000000, -0.000000000000000000 ) ) ;
#11867 = DIRECTION ( 'NONE',  ( -0.000000000000000000, -0.000000000000000000, 1.000000000000000000 ) ) ;
#11868 = ORIENTED_EDGE ( 'NONE', *, *, #8140, .T. ) ;
#11869 = ORIENTED_EDGE ( 'NONE', *, *, #5420, .T. ) ;
#11870 = CALENDAR_DATE ( 2026, 21, 9 ) ;
#11871 = ADVANCED_FACE ( 'NONE', ( #8479 ), #4461, .F. ) ;
#11872 = PERSON_AND_ORGANIZATION ( #12991, #11636 ) ;
#11873 = ORIENTED_EDGE ( 'NONE', *, *, #7668, .F. ) ;
#11874 = CARTESIAN_POINT ( 'NONE',  ( -2.600000000000000089, 3.184081677783117698E-16, -6.000000000000000152E-06 ) ) ;
#11875 = DIRECTION ( 'NONE',  ( -0.000000000000000000, -0.000000000000000000, 1.000000000000000000 ) ) ;
#11876 = DIRECTION ( 'NONE',  ( 1.000000000000000000, 0.000000000000000000, 0.000000000000000000 ) ) ;
#11877 = DIRECTION ( 'NONE',  ( 0.000000000000000000, 0.000000000000000000, 1.000000000000000000 ) ) ;
#11878 = APPROVAL_ROLE ( '' ) ;
#11879 = AXIS2_PLACEMENT_3D ( 'NONE', #10664, #11714, #640 ) ;
#11880 = CARTESIAN_POINT ( 'NONE',  ( 14.85853893179036689, 68.51547649045612332, -0.000000000000000000 ) ) ;
#11881 = PLANE ( 'NONE',  #3771 ) ;
#11882 = DIRECTION ( 'NONE',  ( 0.000000000000000000, 0.000000000000000000, 1.000000000000000000 ) ) ;
#11883 = EDGE_LOOP ( 'NONE', ( #7390, #4267, #17, #165 ) ) ;
#11884 = EDGE_CURVE ( 'NONE', #7322, #4756, #9476, .T. ) ;
#11885 = DIRECTION ( 'NONE',  ( 1.000000000000000000, 0.000000000000000000, 0.000000000000000000 ) ) ;
#11886 = ORIENTED_EDGE ( 'NONE', *, *, #2047, .T. ) ;
#11887 = CARTESIAN_POINT ( 'NONE',  ( 0.000000000000000000, -2.000000000000000000, -0.000000000000000000 ) ) ;
#11888 = DIRECTION ( 'NONE',  ( 1.000000000000000000, -0.000000000000000000, 0.000000000000000000 ) ) ;
#11889 = LINE ( 'NONE', #1975, #10500 ) ;
#11890 = APPROVAL_DATE_TIME ( #11030, #1279 ) ;
#11891 = EDGE_CURVE ( 'NONE', #9486, #2969, #6897, .T. ) ;
#11892 = CYLINDRICAL_SURFACE ( 'NONE', #3611, 1.699999999999998401 ) ;
#11893 = DIRECTION ( 'NONE',  ( 0.000000000000000000, 0.000000000000000000, 1.000000000000000000 ) ) ;
#11894 = FACE_OUTER_BOUND ( 'NONE', #7289, .T. ) ;
#11895 = EDGE_CURVE ( 'NONE', #4309, #7706, #6406, .T. ) ;
#11896 = ADVANCED_FACE ( 'NONE', ( #3410, #1423 ), #9599, .T. ) ;
#11897 = ORIENTED_EDGE ( 'NONE', *, *, #5724, .F. ) ;
#11898 = FACE_BOUND ( 'NONE', #9495, .T. ) ;
#11899 = VERTEX_POINT ( 'NONE', #7402 ) ;
#11900 = VECTOR ( 'NONE', #7497, 1000.000000000000000 ) ;
#11901 = PRODUCT_DEFINITION_SHAPE ( 'NONE', 'NONE',  #4804 ) ;
#11902 = ORIENTED_EDGE ( 'NONE', *, *, #3806, .T. ) ;
#11903 = LINE ( 'NONE', #6898, #6267 ) ;
#11904 = ORIENTED_EDGE ( 'NONE', *, *, #5074, .T. ) ;
#11905 = CARTESIAN_POINT ( 'NONE',  ( 13.14146106820873605, 71.48452350954337930, -0.000000000000000000 ) ) ;
#11906 = CARTESIAN_POINT ( 'NONE',  ( -0.5999999999999999778, 18.99052395275075256, 0.000000000000000000 ) ) ;
#11907 = DIRECTION ( 'NONE',  ( -0.000000000000000000, -0.000000000000000000, 1.000000000000000000 ) ) ;
#11908 = ITEM_DEFINED_TRANSFORMATION ( 'NONE', 'NONE', #2555,  #1284 ) ;
#11909 = COORDINATED_UNIVERSAL_TIME_OFFSET ( 5, 0, .BEHIND. ) ;
#11910 = DIRECTION ( 'NONE',  ( 1.000000000000000000, 0.000000000000000000, -0.000000000000000000 ) ) ;
#11911 = DIRECTION ( 'NONE',  ( -0.000000000000000000, -0.000000000000000000, -1.000000000000000000 ) ) ;
#11912 = ORIENTED_EDGE ( 'NONE', *, *, #10967, .T. ) ;
#11913 = CC_DESIGN_PERSON_AND_ORGANIZATION_ASSIGNMENT ( #9051, #7900, ( #7744 ) ) ;
#11914 = CARTESIAN_POINT ( 'NONE',  ( -4.299999999999999822, -9.000000000000000000, -6.000000000000000152E-06 ) ) ;
#11915 = APPROVAL ( #2111, 'æœª' ) ;
#11916 = VERTEX_POINT ( 'NONE', #7462 ) ;
#11917 = DIRECTION ( 'NONE',  ( 0.000000000000000000, 0.000000000000000000, 1.000000000000000000 ) ) ;
#11918 = DIRECTION ( 'NONE',  ( 0.000000000000000000, 0.000000000000000000, 1.000000000000000000 ) ) ;
#11919 = EDGE_LOOP ( 'NONE', ( #11373, #4721, #1305, #1083 ) ) ;
#11920 = VERTEX_POINT ( 'NONE', #11464 ) ;
#11921 = AXIS2_PLACEMENT_3D ( 'NONE', #6979, #9790, #12923 ) ;
#11922 = FACE_OUTER_BOUND ( 'NONE', #7168, .T. ) ;
#11923 = DIRECTION ( 'NONE',  ( 1.000000000000000000, 0.000000000000000000, 0.000000000000000000 ) ) ;
#11924 = AXIS2_PLACEMENT_3D ( 'NONE', #5523, #10677, #11477 ) ;
#11925 = ORIENTED_EDGE ( 'NONE', *, *, #6670, .T. ) ;
#11926 = ADVANCED_FACE ( 'NONE', ( #7330 ), #7532, .F. ) ;
#11927 = VERTEX_POINT ( 'NONE', #3536 ) ;
#11928 =( NAMED_UNIT ( * ) SI_UNIT ( $, .STERADIAN. ) SOLID_ANGLE_UNIT ( ) );
#11929 = PERSON_AND_ORGANIZATION ( #12991, #11636 ) ;
#11930 = ORIENTED_EDGE ( 'NONE', *, *, #8592, .T. ) ;
#11931 = MANIFOLD_SOLID_BREP ( 'Ear_holes_REFERENCE_47x10', #4597 ) ;
#11932 = CARTESIAN_POINT ( 'NONE',  ( 124.0000000000000000, 0.000000000000000000, 6.000000000000000000 ) ) ;
#11933 = PRODUCT_DEFINITION_SHAPE ( 'NONE', 'NONE',  #13085 ) ;
#11934 = AXIS2_PLACEMENT_3D ( 'NONE', #268, #11344, #1317 ) ;
#11935 = VECTOR ( 'NONE', #4907, 1000.000000000000000 ) ;
#11936 = CARTESIAN_POINT ( 'NONE',  ( -10.48452350954348766, -0.000000000000000000, 4.858538931790371329 ) ) ;
#11937 = CARTESIAN_POINT ( 'NONE',  ( -15.59999999999999964, 62.50000000000000000, -1.200000000000000030E-05 ) ) ;
#11938 = FACE_OUTER_BOUND ( 'NONE', #5519, .T. ) ;
#11939 = PERSON_AND_ORGANIZATION ( #12991, #11636 ) ;
#11940 = ADVANCED_FACE ( 'NONE', ( #6593 ), #1360, .F. ) ;
#11941 = DIRECTION ( 'NONE',  ( -0.000000000000000000, -1.000000000000000000, -0.000000000000000000 ) ) ;
#11942 = CARTESIAN_POINT ( 'NONE',  ( 8.660254037844389075, -11.00000000000000000, 6.000000000000000000 ) ) ;
#11943 = PLANE ( 'NONE',  #12158 ) ;
#11944 = ORIENTED_EDGE ( 'NONE', *, *, #10204, .F. ) ;
#11945 = VECTOR ( 'NONE', #10857, 1000.000000000000000 ) ;
#11946 = DIRECTION ( 'NONE',  ( 0.000000000000000000, 0.000000000000000000, 1.000000000000000000 ) ) ;
#11947 = CIRCLE ( 'NONE', #9420, 1.699999999999998401 ) ;
#11948 = FACE_OUTER_BOUND ( 'NONE', #8559, .T. ) ;
#11949 = SECURITY_CLASSIFICATION ( '', '', #5705 ) ;
#11950 = VERTEX_POINT ( 'NONE', #4321 ) ;
#11951 = DIRECTION ( 'NONE',  ( 1.000000000000000000, 0.000000000000000000, 0.000000000000000000 ) ) ;
#11952 = DIRECTION ( 'NONE',  ( -0.000000000000000000, -0.000000000000000000, -1.000000000000000000 ) ) ;
#11953 = PERSON_AND_ORGANIZATION ( #12991, #11636 ) ;
#11954 = CARTESIAN_POINT ( 'NONE',  ( 31.60000000000000142, 72.49999999999998579, 5.590597372058685011 ) ) ;
#11955 = LINE ( 'NONE', #4936, #6922 ) ;
#11956 = CIRCLE ( 'NONE', #3526, 1.699999999999998401 ) ;
#11957 = EDGE_CURVE ( 'NONE', #7044, #5071, #1498, .T. ) ;
#11958 = MANIFOLD_SOLID_BREP ( 'SG90_ear_holes_REFERENCE28', #11985 ) ;
#11959 = ORGANIZATION ( 'NAUO-ORG17', 'UNSPECIFIED', 'UNSPECIFIED' ) ;
#11960 = APPLICATION_CONTEXT ( 'configuration controlled 3d designs of mechanical parts and assemblies' ) ;
#11961 = CARTESIAN_POINT ( 'NONE',  ( 0.000000000000000000, 0.000000000000000000, 12.00000000000000000 ) ) ;
#11962 = CARTESIAN_POINT ( 'NONE',  ( 35.00000000000000000, 70.00000000000000000, 5.000000000000000000 ) ) ;
#11963 = DIRECTION ( 'NONE',  ( -1.000000000000000000, -0.000000000000000000, -0.000000000000000000 ) ) ;
#11964 = ORIENTED_EDGE ( 'NONE', *, *, #7501, .T. ) ;
#11965 = PLANE ( 'NONE',  #9842 ) ;
#11966 = ORIENTED_EDGE ( 'NONE', *, *, #9425, .T. ) ;
#11967 = VECTOR ( 'NONE', #10499, 1000.000000000000000 ) ;
#11968 = VERTEX_POINT ( 'NONE', #7596 ) ;
#11969 = CC_DESIGN_APPROVAL ( #6220, ( #391 ) ) ;
#11970 = LINE ( 'NONE', #2905, #7508 ) ;
#11971 = ORIENTED_EDGE ( 'NONE', *, *, #7871, .T. ) ;
#11972 = ITEM_DEFINED_TRANSFORMATION ( 'NONE', 'NONE', #472,  #1284 ) ;
#11973 = DIRECTION ( 'NONE',  ( -1.000000000000000000, 0.000000000000000000, 0.000000000000000000 ) ) ;
#11974 = CARTESIAN_POINT ( 'NONE',  ( -16.00000000000000000, 6.000000000000000000, 18.00000000000000355 ) ) ;
#11975 = EDGE_CURVE ( 'NONE', #8288, #11622, #575, .T. ) ;
#11976 = CARTESIAN_POINT ( 'NONE',  ( 31.85853893179215746, -0.000000000000000000, 14.48452350954317858 ) ) ;
#11977 = EDGE_CURVE ( 'NONE', #6508, #3865, #12685, .T. ) ;
#11978 = CARTESIAN_POINT ( 'NONE',  ( -35.00000000000000000, -70.00000000000000000, 5.000000000000000000 ) ) ;
#11979 = AXIS2_PLACEMENT_3D ( 'NONE', #5771, #4791, #7682 ) ;
#11980 = EDGE_CURVE ( 'NONE', #5430, #2667, #8336, .T. ) ;
#11981 = ORIENTED_EDGE ( 'NONE', *, *, #10222, .F. ) ;
#11982 = CARTESIAN_POINT ( 'NONE',  ( -32.00000000000000000, -5.000000000000000000, 25.00000000000000000 ) ) ;
#11983 = VERTEX_POINT ( 'NONE', #3333 ) ;
#11984 = DIRECTION ( 'NONE',  ( 1.000000000000000000, 0.000000000000000000, 0.000000000000000000 ) ) ;
#11985 = CLOSED_SHELL ( 'NONE', ( #10903, #1552, #12984, #8663, #5484, #2162, #2663, #9168, #12584, #4046, #9869, #9472, #10375, #10113, #11729, #9287, #5325, #6472, #689, #7970, #4126, #8776, #4581, #7001 ) ) ;
#11986 = CARTESIAN_POINT ( 'NONE',  ( 17.00000000000000000, -10.00000000000000000, 25.00000000000000000 ) ) ;
#11987 = VERTEX_POINT ( 'NONE', #5438 ) ;
#11988 = ORIENTED_EDGE ( 'NONE', *, *, #3944, .F. ) ;
#11989 = LOCAL_TIME ( 12, 23, 36.00000000000000000, #5306 ) ;
#11990 = DIRECTION ( 'NONE',  ( -0.000000000000000000, -0.000000000000000000, -1.000000000000000000 ) ) ;
#11991 = EDGE_CURVE ( 'NONE', #7145, #11518, #6924, .T. ) ;
#11992 = EDGE_CURVE ( 'NONE', #965, #9865, #5625, .T. ) ;
#11993 = CC_DESIGN_PERSON_AND_ORGANIZATION_ASSIGNMENT ( #10889, #2961, ( #10100 ) ) ;
#11994 = AXIS2_PLACEMENT_3D ( 'NONE', #3049, #8699, #12753 ) ;
#11995 = VECTOR ( 'NONE', #5348, 1000.000000000000000 ) ;
#11996 = CC_DESIGN_SECURITY_CLASSIFICATION ( #5232, ( #12858 ) ) ;
#11997 = FACE_OUTER_BOUND ( 'NONE', #10169, .T. ) ;
#11998 = VERTEX_POINT ( 'NONE', #4649 ) ;
#11999 = ORIENTED_EDGE ( 'NONE', *, *, #1725, .T. ) ;
#12001 = VECTOR ( 'NONE', #6357, 1000.000000000000000 ) ;
#12000 =( NAMED_UNIT ( * ) PLANE_ANGLE_UNIT ( ) SI_UNIT ( $, .RADIAN. ) );
#12002 = ORIENTED_EDGE ( 'NONE', *, *, #764, .F. ) ;
#12003 = MANIFOLD_SOLID_BREP ( 'V2_REF_electronics_envelope', #5640 ) ;
#12004 = AXIS2_PLACEMENT_3D ( 'NONE', #5176, #12418, #8429 ) ;
#12005 = CARTESIAN_POINT ( 'NONE',  ( 0.000000000000000000, -11.00000000000000000, 6.000000000000000000 ) ) ;
#12006 = AXIS2_PLACEMENT_3D ( 'NONE', #299, #11382, #13003 ) ;
#12007 = CARTESIAN_POINT ( 'NONE',  ( 31.19999999999999929, 59.50000000000000000, -1.200000000000000030E-05 ) ) ;
#12008 = CC_DESIGN_PERSON_AND_ORGANIZATION_ASSIGNMENT ( #2601, #8610, ( #11151 ) ) ;
#12009 = CC_DESIGN_PERSON_AND_ORGANIZATION_ASSIGNMENT ( #10662, #11778, ( #6742 ) ) ;
#12010 = CARTESIAN_POINT ( 'NONE',  ( 20.00000000000000000, -6.000000000000000152E-06, 10.30000000000000071 ) ) ;
#12011 = DIRECTION ( 'NONE',  ( 0.000000000000000000, 0.000000000000000000, 1.000000000000000000 ) ) ;
#12012 = COORDINATED_UNIVERSAL_TIME_OFFSET ( 5, 0, .BEHIND. ) ;
#12013 = VECTOR ( 'NONE', #9, 1000.000000000000000 ) ;
#12014 = CARTESIAN_POINT ( 'NONE',  ( 15.04287395703226338, 68.63880920473022229, 0.000000000000000000 ) ) ;
#12015 = ORIENTED_EDGE ( 'NONE', *, *, #4627, .F. ) ;
#12016 = AXIS2_PLACEMENT_3D ( 'NONE', #11525, #12537, #10408 ) ;
#12017 = CARTESIAN_POINT ( 'NONE',  ( -11.59999999999999964, 77.50000000000000000, -1.200000000000000030E-05 ) ) ;
#12018 = CARTESIAN_POINT ( 'NONE',  ( 14.00000000000000000, 0.000000000000000000, 0.000000000000000000 ) ) ;
#12019 = EDGE_LOOP ( 'NONE', ( #3613, #3733, #2477, #664 ) ) ;
#12020 = CARTESIAN_POINT ( 'NONE',  ( -11.00000000000000000, 0.000000000000000000, 26.00000000000000000 ) ) ;
#12021 = CARTESIAN_POINT ( 'NONE',  ( 35.00000000000000000, 110.0000000000000000, 45.00000000000000000 ) ) ;
#12022 = CYLINDRICAL_SURFACE ( 'NONE', #339, 1.700000000000000178 ) ;
#12023 = EDGE_LOOP ( 'NONE', ( #2225, #4868, #6063, #5190 ) ) ;
#12024 = CARTESIAN_POINT ( 'NONE',  ( 0.000000000000000000, 0.000000000000000000, 0.000000000000000000 ) ) ;
#12025 = CIRCLE ( 'NONE', #4204, 9.500000000000000000 ) ;
#12026 = DIRECTION ( 'NONE',  ( -1.000000000000000000, -0.000000000000000000, -0.000000000000000000 ) ) ;
#12027 = AXIS2_PLACEMENT_3D ( 'NONE', #13038, #7172, #3962 ) ;
#12028 = CARTESIAN_POINT ( 'NONE',  ( 11.68536191144594838, 7.710987493569489537, 11.11449162743906705 ) ) ;
#12029 = CIRCLE ( 'NONE', #7541, 2.000000000000001776 ) ;
#12030 = DIRECTION ( 'NONE',  ( -0.000000000000000000, -0.000000000000000000, 1.000000000000000000 ) ) ;
#12031 = DIRECTION ( 'NONE',  ( 1.000000000000000000, 0.000000000000000000, -0.000000000000000000 ) ) ;
#12032 = CARTESIAN_POINT ( 'NONE',  ( 0.000000000000000000, 0.000000000000000000, 0.000000000000000000 ) ) ;
#12033 = PERSON ( 'NAUO-PER15', 'UNSPECIFIED', 'UNSPECIFIED', ('UNSPECIFIED'), ('UNSPECIFIED'), ('UNSPECIFIED') ) ;
#12034 = VECTOR ( 'NONE', #2590, 1000.000000000000000 ) ;
#12035 = AXIS2_PLACEMENT_3D ( 'NONE', #12304, #9162, #11435 ) ;
#12036 = CARTESIAN_POINT ( 'NONE',  ( -1.000000000000000000, 27.50000000000000000, 0.000000000000000000 ) ) ;
#12037 = VERTEX_POINT ( 'NONE', #2733 ) ;
#12038 = CARTESIAN_POINT ( 'NONE',  ( -6.000000000000000000, 1.300000000000000044, 0.000000000000000000 ) ) ;
#12039 = EDGE_CURVE ( 'NONE', #3266, #92, #5869, .T. ) ;
#12040 = VERTEX_POINT ( 'NONE', #760 ) ;
#12041 = ORIENTED_EDGE ( 'NONE', *, *, #2494, .F. ) ;
#12042 = CARTESIAN_POINT ( 'NONE',  ( 15.36119079527582620, 71.04287395702736774, 0.000000000000000000 ) ) ;
#12043 = DIRECTION ( 'NONE',  ( 0.000000000000000000, 0.000000000000000000, 1.000000000000000000 ) ) ;
#12044 = CARTESIAN_POINT ( 'NONE',  ( 0.000000000000000000, 0.000000000000000000, 4.000000000000000000 ) ) ;
#12045 = AXIS2_PLACEMENT_3D ( 'NONE', #5275, #3291, #7220 ) ;
#12046 = APPROVAL_DATE_TIME ( #4829, #6220 ) ;
#12047 = CARTESIAN_POINT ( 'NONE',  ( -20.00000000000000000, 8.000000000000000000, 13.70000000000000107 ) ) ;
#12048 = CARTESIAN_POINT ( 'NONE',  ( -21.36128909900331152, -12.95702773923647833, -0.000000000000000000 ) ) ;
#12049 = VERTEX_POINT ( 'NONE', #3775 ) ;
#12050 = CARTESIAN_POINT ( 'NONE',  ( 1.951074882875576399, 1.724777374260472396, -0.000000000000000000 ) ) ;
#12051 = MANIFOLD_SOLID_BREP ( 'V2_REF_gripper_finger', #4398 ) ;
#12052 = PRODUCT_DEFINITION_SHAPE ( 'NONE', 'NONE',  #13086 ) ;
#12053 = VERTEX_POINT ( 'NONE', #7715 ) ;
#12054 = DIRECTION ( 'NONE',  ( 0.000000000000000000, 0.000000000000000000, -1.000000000000000000 ) ) ;
#12055 = EDGE_CURVE ( 'NONE', #7072, #2916, #7843, .T. ) ;
#12056 = DIRECTION ( 'NONE',  ( 0.000000000000000000, -0.000000000000000000, 1.000000000000000000 ) ) ;
#12057 = LOCAL_TIME ( 12, 23, 36.00000000000000000, #10811 ) ;
#12058 = ORIENTED_EDGE ( 'NONE', *, *, #12413, .F. ) ;
#12059 = VERTEX_POINT ( 'NONE', #825 ) ;
#12060 = CARTESIAN_POINT ( 'NONE',  ( -10.72380529476374100, 9.000000000000252243, 10.20000000000124984 ) ) ;
#12061 = DIRECTION ( 'NONE',  ( 0.000000000000000000, 0.000000000000000000, 1.000000000000000000 ) ) ;
#12062 = ADVANCED_FACE ( 'NONE', ( #10791, #8732 ), #3711, .F. ) ;
#12063 = B_SPLINE_CURVE_WITH_KNOTS ( 'NONE', 3,
 ( #12700, #4424, #5395, #337, #11555, #5330, #4351, #11430, #2502, #6497, #8571, #8508, #3629, #12505, #2372, #1455, #3563, #3439 ),
 .UNSPECIFIED., .F., .F.,
 ( 4, 2, 2, 2, 2, 2, 2, 2, 4 ),
 ( 0.000000000000000000, 0.06250000000000011102, 0.1250000000000002220, 0.1875000000000003331, 0.2500000000000002220, 0.3125000000000001665, 0.3750000000000001110, 0.4375000000000000555, 0.5000000000000000000 ),
 .UNSPECIFIED. ) ;
#12064 = APPROVAL_PERSON_ORGANIZATION ( #2020, #7018, #9215 ) ;
#12065 = FACE_BOUND ( 'NONE', #8552, .T. ) ;
#12066 = ORIENTED_EDGE ( 'NONE', *, *, #1881, .T. ) ;
#12067 = ORIENTED_EDGE ( 'NONE', *, *, #5171, .F. ) ;
#12068 =( NAMED_UNIT ( * ) PLANE_ANGLE_UNIT ( ) SI_UNIT ( $, .RADIAN. ) );
#12069 = ADVANCED_FACE ( 'NONE', ( #7783, #10906, #6777 ), #2912, .F. ) ;
#12070 = EDGE_CURVE ( 'NONE', #8278, #2557, #1898, .T. ) ;
#12071 = ORIENTED_EDGE ( 'NONE', *, *, #2202, .F. ) ;
#12072 = LOCAL_TIME ( 12, 23, 36.00000000000000000, #7510 ) ;
#12073 = FACE_BOUND ( 'NONE', #1216, .T. ) ;
#12074 = CARTESIAN_POINT ( 'NONE',  ( 10.88535465464668484, 8.807508457680029323, 6.800000000000002487 ) ) ;
#12075 = CARTESIAN_POINT ( 'NONE',  ( -19.14146106821090143, -0.000000000000000000, 13.48452350954438650 ) ) ;
#12076 = CARTESIAN_POINT ( 'NONE',  ( -24.30000000000000071, 57.00000000000000000, 5.000000000000000000 ) ) ;
#12077 = CARTESIAN_POINT ( 'NONE',  ( -8.774916005108686079, 64.29993048876644934, -0.000000000000000000 ) ) ;
#12078 = APPLICATION_PROTOCOL_DEFINITION ( 'international standard', 'config_control_design', 1994, #8580 ) ;
#12079 = PLANE ( 'NONE',  #9989 ) ;
#12080 = VERTEX_POINT ( 'NONE', #9919 ) ;
#12081 = CARTESIAN_POINT ( 'NONE',  ( 0.000000000000000000, 0.000000000000000000, 38.00000000000000000 ) ) ;
#12082 = LINE ( 'NONE', #11076, #1615 ) ;
#12083 = ORIENTED_EDGE ( 'NONE', *, *, #12733, .F. ) ;
#12084 = CC_DESIGN_DATE_AND_TIME_ASSIGNMENT ( #2431, #11823, ( #12619 ) ) ;
#12085 = DIRECTION ( 'NONE',  ( 0.000000000000000000, -0.000000000000000000, -1.000000000000000000 ) ) ;
#12086 = CC_DESIGN_PERSON_AND_ORGANIZATION_ASSIGNMENT ( #7204, #9555, ( #6949 ) ) ;
#12087 = CARTESIAN_POINT ( 'NONE',  ( -0.5999999999999999778, 0.000000000000000000, 0.000000000000000000 ) ) ;
#12088 = PLANE ( 'NONE',  #12412 ) ;
#12089 = DIRECTION ( 'NONE',  ( -0.000000000000000000, -0.000000000000000000, -1.000000000000000000 ) ) ;
#12090 = DATE_AND_TIME ( #8022, #2368 ) ;
#12091 = LINE ( 'NONE', #6103, #4812 ) ;
#12092 = VECTOR ( 'NONE', #10606, 1000.000000000000000 ) ;
#12093 = FACE_OUTER_BOUND ( 'NONE', #11845, .T. ) ;
#12094 = MANIFOLD_SOLID_BREP ( 'Adapter_M3_pair12_REFERENCE', #5001 ) ;
#12095 = CARTESIAN_POINT ( 'NONE',  ( 255.8000000000000398, 0.000000000000000000, 149.0000000000000000 ) ) ;
#12096 = CARTESIAN_POINT ( 'NONE',  ( -19.00000000000000000, 9.000000000000000000, 10.00000000000000000 ) ) ;
#12097 = DIRECTION ( 'NONE',  ( 1.000000000000000000, 0.000000000000000000, 0.000000000000000000 ) ) ;
#12098 = EDGE_CURVE ( 'NONE', #3793, #4776, #10846, .T. ) ;
#12099 = VECTOR ( 'NONE', #9978, 1000.000000000000000 ) ;
#12100 = ORIENTED_EDGE ( 'NONE', *, *, #3271, .T. ) ;
#12101 = VERTEX_POINT ( 'NONE', #5803 ) ;
#12102 = CARTESIAN_POINT ( 'NONE',  ( 0.000000000000000000, 0.000000000000000000, -1.200000000000000030E-05 ) ) ;
#12103 = VERTEX_POINT ( 'NONE', #11712 ) ;
#12104 = CARTESIAN_POINT ( 'NONE',  ( -18.95702773923595430, 15.36128909900278749, -0.000000000000000000 ) ) ;
#12105 = CARTESIAN_POINT ( 'NONE',  ( 31.00000000000000000, 66.00000000000000000, 5.000000000000000000 ) ) ;
#12106 = CARTESIAN_POINT ( 'NONE',  ( 31.44263793984766764, -0.000000000000000000, 11.34320465898919217 ) ) ;
#12107 = PERSON_AND_ORGANIZATION_ROLE ( 'classification_officer' ) ;
#12108 = CARTESIAN_POINT ( 'NONE',  ( 0.000000000000000000, -1.300000000000000044, 16.00000000000000000 ) ) ;
#12109 = EDGE_CURVE ( 'NONE', #1306, #2953, #8919, .T. ) ;
#12110 = FACE_BOUND ( 'NONE', #9077, .T. ) ;
#12111 = ORIENTED_EDGE ( 'NONE', *, *, #7429, .F. ) ;
#12112 = DIRECTION ( 'NONE',  ( 0.000000000000000000, 0.000000000000000000, 1.000000000000000000 ) ) ;
#12113 = ORIENTED_EDGE ( 'NONE', *, *, #10143, .T. ) ;
#12114 = DIRECTION ( 'NONE',  ( 1.000000000000000000, 0.000000000000000000, 0.000000000000000000 ) ) ;
#12115 = CARTESIAN_POINT ( 'NONE',  ( 125.7000000000000028, 0.000000000000000000, -6.000000000000000152E-06 ) ) ;
#12116 = DIRECTION ( 'NONE',  ( 0.000000000000000000, 0.000000000000000000, -1.000000000000000000 ) ) ;
#12117 = EDGE_LOOP ( 'NONE', ( #2138, #10417, #3707, #10702 ) ) ;
#12118 = ORIENTED_EDGE ( 'NONE', *, *, #1655, .F. ) ;
#12119 = FACE_OUTER_BOUND ( 'NONE', #7590, .T. ) ;
#12120 = DIRECTION ( 'NONE',  ( -1.000000000000000000, 0.000000000000000000, -0.000000000000000000 ) ) ;
#12121 = PRODUCT ( 'V3_06_horn_coupler', 'V3_06_horn_coupler', '', ( #3427 ) ) ;
#12122 = CONTEXT_DEPENDENT_SHAPE_REPRESENTATION ( #2429, #3488 ) ;
#12123 = CALENDAR_DATE ( 2026, 21, 9 ) ;
#12124 = ADVANCED_FACE ( 'NONE', ( #5746 ), #9851, .F. ) ;
#12125 = CARTESIAN_POINT ( 'NONE',  ( 1.594878658085105760, -2.081978247435756213, 0.000000000000000000 ) ) ;
#12126 = EDGE_CURVE ( 'NONE', #4594, #2933, #3836, .T. ) ;
#12127 = ORIENTED_EDGE ( 'NONE', *, *, #11298, .T. ) ;
#12128 = EDGE_LOOP ( 'NONE', ( #626, #5487, #6993, #1067 ) ) ;
#12129 = FACE_OUTER_BOUND ( 'NONE', #9049, .T. ) ;
#12130 = EDGE_LOOP ( 'NONE', ( #11318, #9025, #12111, #260 ) ) ;
#12131 = DIRECTION ( 'NONE',  ( -0.000000000000000000, -0.000000000000000000, 1.000000000000000000 ) ) ;
#12132 =( REPRESENTATION_RELATIONSHIP ('NONE','NONE', #6877, #4579 ) REPRESENTATION_RELATIONSHIP_WITH_TRANSFORMATION ( #4652 )SHAPE_REPRESENTATION_RELATIONSHIP( ) );
#12133 = FACE_BOUND ( 'NONE', #10733, .T. ) ;
#12134 = FACE_OUTER_BOUND ( 'NONE', #5185, .T. ) ;
#12135 = CARTESIAN_POINT ( 'NONE',  ( 21.04297226076638339, -0.000000000000000000, 10.63871090099879879 ) ) ;
#12136 = CARTESIAN_POINT ( 'NONE',  ( 0.000000000000000000, 1.300000000000000044, 0.000000000000000000 ) ) ;
#12137 = VECTOR ( 'NONE', #8896, 1000.000000000000000 ) ;
#12138 = PERSON_AND_ORGANIZATION ( #12991, #11636 ) ;
#12139 = EDGE_CURVE ( 'NONE', #7617, #12484, #11370, .T. ) ;
#12140 = EDGE_CURVE ( 'NONE', #5685, #4781, #8103, .T. ) ;
#12141 = LINE ( 'NONE', #3069, #11765 ) ;
#12142 = ORIENTED_EDGE ( 'NONE', *, *, #4550, .F. ) ;
#12143 = LINE ( 'NONE', #2096, #10542 ) ;
#12144 = CARTESIAN_POINT ( 'NONE',  ( -20.00000000000000000, -1.200000000000000030E-05, 12.00000000000000000 ) ) ;
#12145 = VECTOR ( 'NONE', #12640, 1000.000000000000000 ) ;
#12146 = COORDINATED_UNIVERSAL_TIME_OFFSET ( 5, 0, .BEHIND. ) ;
#12147 = CARTESIAN_POINT ( 'NONE',  ( -19.77491600511318026, 12.29993048876420580, -0.000000000000000000 ) ) ;
#12148 = DIRECTION ( 'NONE',  ( -0.000000000000000000, -0.000000000000000000, -1.000000000000000000 ) ) ;
#12149 = FACE_OUTER_BOUND ( 'NONE', #5814, .T. ) ;
#12150 = PERSON_AND_ORGANIZATION ( #12991, #11636 ) ;
#12151 = CARTESIAN_POINT ( 'NONE',  ( -1.000000000000000000, 10.50000000000000000, 58.00000000000000000 ) ) ;
#12152 = CARTESIAN_POINT ( 'NONE',  ( 0.000000000000000000, 62.50000000000000000, 0.000000000000000000 ) ) ;
#12153 = DIRECTION ( 'NONE',  ( 1.000000000000000000, 0.000000000000000000, 0.000000000000000000 ) ) ;
#12154 = CALENDAR_DATE ( 2026, 21, 9 ) ;
#12155 = CC_DESIGN_PERSON_AND_ORGANIZATION_ASSIGNMENT ( #6974, #3713, ( #391 ) ) ;
#12156 = CC_DESIGN_PERSON_AND_ORGANIZATION_ASSIGNMENT ( #874, #5972, ( #4487 ) ) ;
#12157 = CARTESIAN_POINT ( 'NONE',  ( -9.000000000000000000, 81.00000000000000000, 4.000000000000000000 ) ) ;
#12158 = AXIS2_PLACEMENT_3D ( 'NONE', #4734, #8767, #6750 ) ;
#12159 = FACE_OUTER_BOUND ( 'NONE', #8897, .T. ) ;
#12160 = CYLINDRICAL_SURFACE ( 'NONE', #7503, 19.00000000000000000 ) ;
#12161 = VECTOR ( 'NONE', #10004, 1000.000000000000000 ) ;
#12162 = ORIENTED_EDGE ( 'NONE', *, *, #1736, .F. ) ;
#12163 = ORIENTED_EDGE ( 'NONE', *, *, #5877, .F. ) ;
#12164 = UNCERTAINTY_MEASURE_WITH_UNIT (LENGTH_MEASURE( 1.000000000000000082E-05 ), #385, 'distance_accuracy_value', 'NONE');
#12165 = CARTESIAN_POINT ( 'NONE',  ( -0.5999999999999999778, 0.000000000000000000, 0.000000000000000000 ) ) ;
#12166 = ORIENTED_EDGE ( 'NONE', *, *, #8229, .T. ) ;
#12167 = CIRCLE ( 'NONE', #12389, 2.399999999999999911 ) ;
#12168 = CIRCLE ( 'NONE', #6828, 1.700000000000000178 ) ;
#12169 = FACE_OUTER_BOUND ( 'NONE', #11171, .T. ) ;
#12170 = LOCAL_TIME ( 12, 23, 36.00000000000000000, #11294 ) ;
#12171 = CARTESIAN_POINT ( 'NONE',  ( -12.63871090099948091, 68.95702773923107998, -0.000000000000000000 ) ) ;
#12172 = DIRECTION ( 'NONE',  ( 0.000000000000000000, 0.000000000000000000, -1.000000000000000000 ) ) ;
#12173 = ADVANCED_FACE ( 'NONE', ( #2128 ), #4093, .F. ) ;
#12174 = SECURITY_CLASSIFICATION_LEVEL ( 'unclassified' ) ;
#12175 = FACE_OUTER_BOUND ( 'NONE', #4898, .T. ) ;
#12176 = CARTESIAN_POINT ( 'NONE',  ( 18.30000000000000071, 14.00000000000000000, -1.200000000000000030E-05 ) ) ;
#12177 = VECTOR ( 'NONE', #12844, 1000.000000000000000 ) ;
#12178 = AXIS2_PLACEMENT_3D ( 'NONE', #4596, #7474, #6417 ) ;
#12179 = ORIENTED_EDGE ( 'NONE', *, *, #7512, .T. ) ;
#12180 = CARTESIAN_POINT ( 'NONE',  ( 0.5999999999999998668, 9.000000000000000000, 8.300000000000000711 ) ) ;
#12181 = CC_DESIGN_APPROVAL ( #9151, ( #6221 ) ) ;
#12182 = ORIENTED_EDGE ( 'NONE', *, *, #5754, .T. ) ;
#12183 = CARTESIAN_POINT ( 'NONE',  ( 124.0000000000000000, 0.000000000000000000, 6.000000000000000000 ) ) ;
#12184 = CARTESIAN_POINT ( 'NONE',  ( -10.88523795150426032, 8.807647513432991460, 8.300000000000004263 ) ) ;
#12185 = ORIENTED_EDGE ( 'NONE', *, *, #12918, .F. ) ;
#12186 = VERTEX_POINT ( 'NONE', #2977 ) ;
#12187 = EDGE_CURVE ( 'NONE', #4517, #1958, #4163, .T. ) ;
#12188 = DIRECTION ( 'NONE',  ( -0.000000000000000000, 1.000000000000000000, 0.000000000000000000 ) ) ;
#12189 = CIRCLE ( 'NONE', #2261, 1.700000000000000178 ) ;
#12190 = CARTESIAN_POINT ( 'NONE',  ( -18.30000000000000071, -14.00000000000000000, 5.000000000000000000 ) ) ;
#12191 = LOCAL_TIME ( 12, 23, 36.00000000000000000, #10908 ) ;
#12192 = DATE_AND_TIME ( #2860, #9867 ) ;
#12193 = COORDINATED_UNIVERSAL_TIME_OFFSET ( 5, 0, .BEHIND. ) ;
#12194 = B_SPLINE_CURVE_WITH_KNOTS ( 'NONE', 3,
 ( #10529, #12467, #1418, #8329, #5360, #11389, #1489, #2464, #8471, #5431, #9466, #446, #12531, #3467, #5500, #9535, #12595, #4515 ),
 .UNSPECIFIED., .F., .F.,
 ( 4, 2, 2, 2, 2, 2, 2, 2, 4 ),
 ( 0.5000000000000000000, 0.5625000000000000000, 0.6250000000000000000, 0.6875000000000000000, 0.7500000000000000000, 0.8125000000000000000, 0.8750000000000000000, 0.9375000000000000000, 1.000000000000000000 ),
 .UNSPECIFIED. ) ;
#12195 = FACE_OUTER_BOUND ( 'NONE', #10469, .T. ) ;
#12196 = DIRECTION ( 'NONE',  ( -1.000000000000000000, 0.000000000000000000, -0.000000000000000000 ) ) ;
#12197 = LOCAL_TIME ( 12, 23, 36.00000000000000000, #1221 ) ;
#12198 = VERTEX_POINT ( 'NONE', #6181 ) ;
#12199 = PERSON ( 'NAUO-PER9', 'UNSPECIFIED', 'UNSPECIFIED', ('UNSPECIFIED'), ('UNSPECIFIED'), ('UNSPECIFIED') ) ;
#12200 = VERTEX_POINT ( 'NONE', #10039 ) ;
#12201 = ADVANCED_FACE ( 'NONE', ( #21 ), #8181, .F. ) ;
#12202 = B_SPLINE_CURVE_WITH_KNOTS ( 'NONE', 3,
 ( #2060, #3894, #7977, #6053, #3040, #9183, #5990, #4955, #5021, #10986, #948, #13044, #5145, #12048, #10043, #7035, #27, #8040 ),
 .UNSPECIFIED., .F., .F.,
 ( 4, 2, 2, 2, 2, 2, 2, 2, 4 ),
 ( 0.000000000000000000, 0.06250000000000000000, 0.1250000000000000000, 0.1875000000000000000, 0.2500000000000000000, 0.3125000000000000000, 0.3750000000000000000, 0.4375000000000000000, 0.5000000000000000000 ),
 .UNSPECIFIED. ) ;
#12203 = DIRECTION ( 'NONE',  ( 0.000000000000000000, 0.000000000000000000, 1.000000000000000000 ) ) ;
#12204 = VECTOR ( 'NONE', #10998, 1000.000000000000000 ) ;
#12205 = CARTESIAN_POINT ( 'NONE',  ( 11.04041184224593763, 8.612030553185554993, 10.16769485529068717 ) ) ;
#12206 = FACE_OUTER_BOUND ( 'NONE', #4456, .T. ) ;
#12207 = CC_DESIGN_APPROVAL ( #7693, ( #10051 ) ) ;
#12208 = DIRECTION ( 'NONE',  ( -1.000000000000000000, 0.000000000000000000, -0.000000000000000000 ) ) ;
#12209 = PERSON_AND_ORGANIZATION_ROLE ( 'creator' ) ;
#12210 = CARTESIAN_POINT ( 'NONE',  ( 136.8584857301911200, 1.484395069527666866, 0.000000000000000000 ) ) ;
#12211 = CARTESIAN_POINT ( 'NONE',  ( -9.028322918593277180, 10.69997127470831977, 8.636228900012632437 ) ) ;
#12212 = ORIENTED_EDGE ( 'NONE', *, *, #10053, .T. ) ;
#12213 = CARTESIAN_POINT ( 'NONE',  ( 10.00000000000000000, 10.00000000000000000, 35.00000000000000000 ) ) ;
#12214 = CARTESIAN_POINT ( 'NONE',  ( 255.8000000000000398, 0.000000000000000000, 149.0000000000000000 ) ) ;
#12215 = ORIENTED_EDGE ( 'NONE', *, *, #9898, .T. ) ;
#12216 = PERSON_AND_ORGANIZATION ( #12991, #11636 ) ;
#12217 = DIRECTION ( 'NONE',  ( 1.000000000000000000, 0.000000000000000000, -0.000000000000000000 ) ) ;
#12218 = VECTOR ( 'NONE', #6918, 1000.000000000000000 ) ;
#12219 = ORIENTED_EDGE ( 'NONE', *, *, #1576, .F. ) ;
#12220 = APPLICATION_CONTEXT ( 'configuration controlled 3d designs of mechanical parts and assemblies' ) ;
#12221 = AXIS2_PLACEMENT_3D ( 'NONE', #4922, #2528, #8947 ) ;
#12222 = EDGE_CURVE ( 'NONE', #2101, #5555, #11047, .T. ) ;
#12223 = CARTESIAN_POINT ( 'NONE',  ( -18.51567465788469136, 13.14134607987330305, 0.000000000000000000 ) ) ;
#12224 = FACE_OUTER_BOUND ( 'NONE', #10054, .T. ) ;
#12225 = APPROVAL_STATUS ( 'not_yet_approved' ) ;
#12226 = VECTOR ( 'NONE', #4338, 1000.000000000000000 ) ;
#12227 = CARTESIAN_POINT ( 'NONE',  ( 29.30006951123653636, 0.000000000000000000, 12.77491600511587677 ) ) ;
#12228 = APPROVAL_STATUS ( 'not_yet_approved' ) ;
#12229 = ADVANCED_FACE ( 'NONE', ( #3107 ), #230, .F. ) ;
#12230 = CARTESIAN_POINT ( 'NONE',  ( -12.00000000000000000, -7.000000000000000000, 6.700000000000000178 ) ) ;
#12231 = LINE ( 'NONE', #10377, #12703 ) ;
#12233 = CIRCLE ( 'NONE', #6489, 1.700000000000000178 ) ;
#12232 = CYLINDRICAL_SURFACE ( 'NONE', #9910, 19.00000000000000000 ) ;
#12234 = VECTOR ( 'NONE', #10634, 1000.000000000000000 ) ;
#12235 = EDGE_CURVE ( 'NONE', #12840, #10270, #12343, .T. ) ;
#12236 = VECTOR ( 'NONE', #1908, 1000.000000000000000 ) ;
#12237 = CARTESIAN_POINT ( 'NONE',  ( -9.000000000000000000, 8.000000000000000000, 13.00000000000000000 ) ) ;
#12238 = CARTESIAN_POINT ( 'NONE',  ( -35.00000000000000000, 70.00000000000000000, 5.000000000000000000 ) ) ;
#12239 = AXIS2_PLACEMENT_3D ( 'NONE', #12837, #13022, #10894 ) ;
#12240 = CONTEXT_DEPENDENT_SHAPE_REPRESENTATION ( #5457, #11395 ) ;
#12241 = ORIENTED_EDGE ( 'NONE', *, *, #657, .F. ) ;
#12242 = AXIS2_PLACEMENT_3D ( 'NONE', #10471, #8267, #311 ) ;
#12243 = ADVANCED_FACE ( 'NONE', ( #12254 ), #8979, .F. ) ;
#12244 = ORIENTED_EDGE ( 'NONE', *, *, #11992, .F. ) ;
#12245 = ADVANCED_FACE ( 'NONE', ( #10109 ), #7973, .T. ) ;
#12246 = VECTOR ( 'NONE', #5506, 1000.000000000000000 ) ;
#12247 = CARTESIAN_POINT ( 'NONE',  ( 18.30000000000000071, -14.00000000000000000, -6.000000000000000152E-06 ) ) ;
#12248 = CARTESIAN_POINT ( 'NONE',  ( 20.00000000000000000, -1.200000000000000030E-05, 13.70000000000000107 ) ) ;
#12249 = ORIENTED_EDGE ( 'NONE', *, *, #5499, .T. ) ;
#12250 = VECTOR ( 'NONE', #11524, 1000.000000000000000 ) ;
#12251 = COORDINATED_UNIVERSAL_TIME_OFFSET ( 5, 0, .BEHIND. ) ;
#12252 = LINE ( 'NONE', #11374, #12854 ) ;
#12253 = CARTESIAN_POINT ( 'NONE',  ( 14.00000000000000000, 1.714505518806294638E-15, 4.000000000000000000 ) ) ;
#12254 = FACE_OUTER_BOUND ( 'NONE', #8253, .T. ) ;
#12255 = COORDINATED_UNIVERSAL_TIME_OFFSET ( 5, 0, .BEHIND. ) ;
#12256 = DIRECTION ( 'NONE',  ( 0.000000000000000000, 0.000000000000000000, 1.000000000000000000 ) ) ;
#12257 = VECTOR ( 'NONE', #989, 1000.000000000000000 ) ;
#12258 = VECTOR ( 'NONE', #344, 1000.000000000000000 ) ;
#12259 = EDGE_LOOP ( 'NONE', ( #1684, #521, #598, #2728 ) ) ;
#12260 = DIRECTION ( 'NONE',  ( 0.000000000000000000, 1.000000000000000000, 0.000000000000000000 ) ) ;
#12261 = ORIENTED_EDGE ( 'NONE', *, *, #9598, .T. ) ;
#12262 = PLANE ( 'NONE',  #13007 ) ;
#12263 = ORIENTED_EDGE ( 'NONE', *, *, #12757, .T. ) ;
#12264 = DIRECTION ( 'NONE',  ( 1.000000000000000000, 0.000000000000000000, 0.000000000000000000 ) ) ;
#12265 = DIRECTION ( 'NONE',  ( -0.000000000000000000, -0.000000000000000000, -1.000000000000000000 ) ) ;
#12266 = CC_DESIGN_PERSON_AND_ORGANIZATION_ASSIGNMENT ( #8442, #11487, ( #7120 ) ) ;
#12267 = ORIENTED_EDGE ( 'NONE', *, *, #6139, .T. ) ;
#12268 = EDGE_CURVE ( 'NONE', #9725, #12326, #10551, .T. ) ;
#12269 = ORIENTED_EDGE ( 'NONE', *, *, #10273, .T. ) ;
#12270 = DIRECTION ( 'NONE',  ( -0.000000000000000000, -0.000000000000000000, 1.000000000000000000 ) ) ;
#12271 = CYLINDRICAL_SURFACE ( 'NONE', #9709, 1.700000000000007061 ) ;
#12272 = DATE_AND_TIME ( #4182, #11989 ) ;
#12273 = ITEM_DEFINED_TRANSFORMATION ( 'NONE', 'NONE', #7801,  #1284 ) ;
#12274 = LINE ( 'NONE', #3412, #3068 ) ;
#12275 = DIRECTION ( 'NONE',  ( 0.000000000000000000, 0.000000000000000000, -1.000000000000000000 ) ) ;
#12276 = ORIENTED_EDGE ( 'NONE', *, *, #3063, .F. ) ;
#12277 = LOCAL_TIME ( 12, 23, 36.00000000000000000, #2685 ) ;
#12278 = ORIENTED_EDGE ( 'NONE', *, *, #10135, .F. ) ;
#12279 = ORIENTED_EDGE ( 'NONE', *, *, #3444, .F. ) ;
#12280 = EDGE_CURVE ( 'NONE', #12872, #1075, #6516, .T. ) ;
#12281 = ORIENTED_EDGE ( 'NONE', *, *, #5474, .F. ) ;
#12282 = FACE_OUTER_BOUND ( 'NONE', #5894, .T. ) ;
#12283 = CARTESIAN_POINT ( 'NONE',  ( 11.77425630845663029, 7.574553072307678825, 7.566445093151377144 ) ) ;
#12284 = LOCAL_TIME ( 12, 23, 36.00000000000000000, #5368 ) ;
#12285 = DIRECTION ( 'NONE',  ( 1.000000000000000000, 0.000000000000000000, 0.000000000000000000 ) ) ;
#12286 = CARTESIAN_POINT ( 'NONE',  ( -8.000000000000000000, 0.000000000000000000, 0.000000000000000000 ) ) ;
#12287 = DATE_TIME_ROLE ( 'classification_date' ) ;
#12288 = CARTESIAN_POINT ( 'NONE',  ( -4.343333099005803000, -8.557415261748372970, -0.000000000000000000 ) ) ;
#12289 = ADVANCED_FACE ( 'NONE', ( #2257 ), #1280, .T. ) ;
#12290 = ORIENTED_EDGE ( 'NONE', *, *, #2171, .F. ) ;
#12291 = PLANE ( 'NONE',  #1047 ) ;
#12292 = CARTESIAN_POINT ( 'NONE',  ( -0.5999999999999999778, 13.98713694792469120, 16.00000000000000000 ) ) ;
#12293 = EDGE_LOOP ( 'NONE', ( #5578, #9223, #2550, #2168 ) ) ;
#12294 = CALENDAR_DATE ( 2026, 21, 9 ) ;
#12295 = SECURITY_CLASSIFICATION ( '', '', #8716 ) ;
#12296 = ORIENTED_EDGE ( 'NONE', *, *, #1375, .F. ) ;
#12297 = CARTESIAN_POINT ( 'NONE',  ( -18.30000000000000071, 13.77438419509227430, -0.000000000000000000 ) ) ;
#12298 = PLANE ( 'NONE',  #1207 ) ;
#12299 = COORDINATED_UNIVERSAL_TIME_OFFSET ( 5, 0, .BEHIND. ) ;
#12300 = CARTESIAN_POINT ( 'NONE',  ( 12.00000000000000000, 7.000000000000000000, 15.00000000000000000 ) ) ;
#12301 = CALENDAR_DATE ( 2026, 21, 9 ) ;
#12302 = DIRECTION ( 'NONE',  ( 0.000000000000000000, 0.000000000000000000, 1.000000000000000000 ) ) ;
#12303 = CARTESIAN_POINT ( 'NONE',  ( -20.85853893179025675, -0.000000000000000000, 10.51547649045640220 ) ) ;
#12304 = CARTESIAN_POINT ( 'NONE',  ( 0.000000000000000000, 0.000000000000000000, 40.00000000000000000 ) ) ;
#12305 = LINE ( 'NONE', #5201, #6890 ) ;
#12306 = ADVANCED_FACE ( 'NONE', ( #558 ), #9387, .F. ) ;
#12307 = CARTESIAN_POINT ( 'NONE',  ( -9.047843225473618745, 10.68357329672709000, 9.730474509234987579 ) ) ;
#12308 = COORDINATED_UNIVERSAL_TIME_OFFSET ( 5, 0, .BEHIND. ) ;
#12309 = DIRECTION ( 'NONE',  ( 0.000000000000000000, 0.000000000000000000, -1.000000000000000000 ) ) ;
#12310 = ORIENTED_EDGE ( 'NONE', *, *, #12320, .T. ) ;
#12311 = VERTEX_POINT ( 'NONE', #4303 ) ;
#12312 = UNCERTAINTY_MEASURE_WITH_UNIT (LENGTH_MEASURE( 1.000000000000000082E-05 ), #4190, 'distance_accuracy_value', 'NONE');
#12313 = PLANE ( 'NONE',  #12617 ) ;
#12314 = ORIENTED_EDGE ( 'NONE', *, *, #4627, .T. ) ;
#12315 = CARTESIAN_POINT ( 'NONE',  ( 7.361289099003365699, -10.04297226076347194, -0.000000000000000000 ) ) ;
#12316 = FACE_OUTER_BOUND ( 'NONE', #10594, .T. ) ;
#12317 = CARTESIAN_POINT ( 'NONE',  ( 31.85848573019543650, 58.48439506952830413, 0.000000000000000000 ) ) ;
#12318 = LINE ( 'NONE', #4095, #10767 ) ;
#12319 = EDGE_CURVE ( 'NONE', #1998, #9914, #4507, .T. ) ;
#12320 = EDGE_CURVE ( 'NONE', #1152, #12498, #220, .T. ) ;
#12321 = CARTESIAN_POINT ( 'NONE',  ( -16.00000000000000000, -6.000000000000000000, 18.00000000000000355 ) ) ;
#12322 = ORIENTED_EDGE ( 'NONE', *, *, #6415, .T. ) ;
#12323 = CARTESIAN_POINT ( 'NONE',  ( 0.000000000000000000, 0.000000000000000000, 5.000000000000000000 ) ) ;
#12324 = EDGE_LOOP ( 'NONE', ( #10718, #7419 ) ) ;
#12325 = CARTESIAN_POINT ( 'NONE',  ( 32.36128909900664752, 55.95702773924018913, -0.000000000000000000 ) ) ;
#12326 = VERTEX_POINT ( 'NONE', #6391 ) ;
#12327 = CARTESIAN_POINT ( 'NONE',  ( -15.19999999999999929, -2.000000000000000000, 0.000000000000000000 ) ) ;
#12328 = ORIENTED_EDGE ( 'NONE', *, *, #911, .F. ) ;
#12329 = ORIENTED_EDGE ( 'NONE', *, *, #3790, .F. ) ;
#12330 = FACE_OUTER_BOUND ( 'NONE', #782, .T. ) ;
#12331 = DIRECTION ( 'NONE',  ( -0.000000000000000000, -0.000000000000000000, 1.000000000000000000 ) ) ;
#12332 = COORDINATED_UNIVERSAL_TIME_OFFSET ( 5, 0, .BEHIND. ) ;
#12333 = COORDINATED_UNIVERSAL_TIME_OFFSET ( 5, 0, .BEHIND. ) ;
#12334 = CARTESIAN_POINT ( 'NONE',  ( 9.509326000432832160, 10.27740646207855590, 11.14121608963035470 ) ) ;
#12335 = CC_DESIGN_DATE_AND_TIME_ASSIGNMENT ( #422, #2347, ( #5406 ) ) ;
#12336 = CC_DESIGN_PERSON_AND_ORGANIZATION_ASSIGNMENT ( #9817, #4732, ( #7374 ) ) ;
#12337 = CARTESIAN_POINT ( 'NONE',  ( 19.55741526174896094, -0.000000000000000000, 10.34333309900522124 ) ) ;
#12338 = ORIENTED_EDGE ( 'NONE', *, *, #8337, .T. ) ;
#12339 = ORIENTED_EDGE ( 'NONE', *, *, #4147, .F. ) ;
#12340 = ADVANCED_FACE ( 'NONE', ( #3518 ), #10589, .F. ) ;
#12341 = EDGE_LOOP ( 'NONE', ( #5859, #4314, #11981, #245 ) ) ;
#12342 = VERTEX_POINT ( 'NONE', #11574 ) ;
#12343 = B_SPLINE_CURVE_WITH_KNOTS ( 'NONE', 3,
 ( #3038, #9254, #1007, #4239, #1071, #5140, #12317, #3176, #11109, #7107, #945, #5016, #7030, #2058, #3237, #4952, #11175, #10982 ),
 .UNSPECIFIED., .F., .F.,
 ( 4, 2, 2, 2, 2, 2, 2, 2, 4 ),
 ( 0.000000000000000000, 0.06250000000000000000, 0.1250000000000000000, 0.1875000000000000000, 0.2500000000000000000, 0.3125000000000000000, 0.3750000000000000000, 0.4375000000000000000, 0.5000000000000000000 ),
 .UNSPECIFIED. ) ;
#12344 = CARTESIAN_POINT ( 'NONE',  ( 11.45770097412407651, 8.045736335212735568, 9.910949364641039594 ) ) ;
#12345 = CYLINDRICAL_SURFACE ( 'NONE', #2918, 1.100000000000000311 ) ;
#12346 = CARTESIAN_POINT ( 'NONE',  ( -10.50000000000000000, -1.200000000000000030E-05, 3.200000000000002398 ) ) ;
#12347 = ADVANCED_FACE ( 'NONE', ( #4445 ), #1549, .F. ) ;
#12348 = CARTESIAN_POINT ( 'NONE',  ( -10.37396001519468314, 9.404709442637161132, 10.16344665213695109 ) ) ;
#12349 = ORIENTED_EDGE ( 'NONE', *, *, #3385, .T. ) ;
#12350 = PRODUCT ( 'V3_02_bearing_tower', 'V3_02_bearing_tower', '', ( #5505 ) ) ;
#12351 = CARTESIAN_POINT ( 'NONE',  ( 40.00000000000000000, 0.000000000000000000, 0.000000000000000000 ) ) ;
#12352 = CARTESIAN_POINT ( 'NONE',  ( 40.00000000000000000, 0.000000000000000000, 40.00000000000000000 ) ) ;
#12353 = ORIENTED_EDGE ( 'NONE', *, *, #10573, .T. ) ;
#12354 = DIRECTION ( 'NONE',  ( -0.6000000000580284487, -0.7999999999564786357, 0.000000000000000000 ) ) ;
#12355 = ORIENTED_EDGE ( 'NONE', *, *, #980, .F. ) ;
#12356 = SECURITY_CLASSIFICATION_LEVEL ( 'unclassified' ) ;
#12357 = CARTESIAN_POINT ( 'NONE',  ( 21.00000000000000000, -12.00000000000000000, 0.000000000000000000 ) ) ;
#12358 = EDGE_CURVE ( 'NONE', #274, #6402, #5551, .T. ) ;
#12359 = CARTESIAN_POINT ( 'NONE',  ( 0.000000000000000000, 0.000000000000000000, 16.00000000000000000 ) ) ;
#12360 = DATE_AND_TIME ( #12301, #1229 ) ;
#12361 = DIRECTION ( 'NONE',  ( 0.000000000000000000, 0.000000000000000000, 1.000000000000000000 ) ) ;
#12362 = PLANE ( 'NONE',  #12045 ) ;
#12363 = LINE ( 'NONE', #1257, #12258 ) ;
#12364 = DIRECTION ( 'NONE',  ( 0.000000000000000000, 0.000000000000000000, -1.000000000000000000 ) ) ;
#12365 = CARTESIAN_POINT ( 'NONE',  ( 35.00000000000000000, -70.00000000000000000, 5.000000000000000000 ) ) ;
#12366 = AXIS2_PLACEMENT_3D ( 'NONE', #3987, #4187, #12275 ) ;
#12367 = CALENDAR_DATE ( 2026, 21, 9 ) ;
#12368 = DIRECTION ( 'NONE',  ( 0.000000000000000000, 0.000000000000000000, -1.000000000000000000 ) ) ;
#12369 = VERTEX_POINT ( 'NONE', #11377 ) ;
#12370 = ORIENTED_EDGE ( 'NONE', *, *, #7388, .T. ) ;
#12371 = DIRECTION ( 'NONE',  ( 0.000000000000000000, -1.000000000000000000, 0.000000000000000000 ) ) ;
#12372 = VERTEX_POINT ( 'NONE', #12523 ) ;
#12373 = EDGE_CURVE ( 'NONE', #9220, #5379, #12610, .T. ) ;
#12374 = CARTESIAN_POINT ( 'NONE',  ( 6.442584738250936027, -10.65666690099488711, 0.000000000000000000 ) ) ;
#12375 = CARTESIAN_POINT ( 'NONE',  ( -13.77491600510868430, 68.29993048876644934, -0.000000000000000000 ) ) ;
#12376 = AXIS2_PLACEMENT_3D ( 'NONE', #6440, #3447, #11689 ) ;
#12377 = EDGE_CURVE ( 'NONE', #3468, #1884, #5365, .T. ) ;
#12378 = CALENDAR_DATE ( 2026, 21, 9 ) ;
#12379 = CARTESIAN_POINT ( 'NONE',  ( 31.00000000000000000, -1.200000000000000030E-05, 4.000000000000000000 ) ) ;
#12380 = DATE_TIME_ROLE ( 'classification_date' ) ;
#12381 = CARTESIAN_POINT ( 'NONE',  ( 135.7749160051163244, -1.699930488764123337, 0.000000000000000000 ) ) ;
#12382 = DIRECTION ( 'NONE',  ( -1.000000000000000000, 0.000000000000000000, -0.000000000000000000 ) ) ;
#12383 = ORIENTED_EDGE ( 'NONE', *, *, #11024, .F. ) ;
#12384 = CARTESIAN_POINT ( 'NONE',  ( -12.00000000000000000, 12.00000000000000000, 0.000000000000000000 ) ) ;
#12385 = ORIENTED_EDGE ( 'NONE', *, *, #2133, .F. ) ;
#12386 = CYLINDRICAL_SURFACE ( 'NONE', #1625, 5.799999999999999822 ) ;
#12387 = COORDINATED_UNIVERSAL_TIME_OFFSET ( 5, 0, .BEHIND. ) ;
#12388 = VERTEX_POINT ( 'NONE', #646 ) ;
#12389 = AXIS2_PLACEMENT_3D ( 'NONE', #9590, #12593, #7645 ) ;
#12390 = AXIS2_PLACEMENT_3D ( 'NONE', #12633, #1654, #1532 ) ;
#12391 = CARTESIAN_POINT ( 'NONE',  ( -14.00000000000000000, 0.000000000000000000, 4.000000000000000000 ) ) ;
#12392 = VERTEX_POINT ( 'NONE', #4527 ) ;
#12393 = EDGE_LOOP ( 'NONE', ( #2794, #7200, #10750, #781 ) ) ;
#12394 = ORIENTED_EDGE ( 'NONE', *, *, #10850, .F. ) ;
#12395 = EDGE_CURVE ( 'NONE', #5100, #3935, #10087, .T. ) ;
#12396 = DIRECTION ( 'NONE',  ( -0.000000000000000000, -0.000000000000000000, -1.000000000000000000 ) ) ;
#12397 = EDGE_CURVE ( 'NONE', #10046, #8687, #9791, .T. ) ;
#12398 = CIRCLE ( 'NONE', #984, 1.700000000000000178 ) ;
#12399 = CARTESIAN_POINT ( 'NONE',  ( 14.00000000000000000, 0.000000000000000000, 2.000000000000000000 ) ) ;
#12400 = CARTESIAN_POINT ( 'NONE',  ( 0.000000000000000000, 0.000000000000000000, 12.00000000000000000 ) ) ;
#12401 = DATE_TIME_ROLE ( 'creation_date' ) ;
#12402 = DATE_TIME_ROLE ( 'classification_date' ) ;
#12403 = CARTESIAN_POINT ( 'NONE',  ( 10.37022664714423037, 9.408763276675834675, 8.337751006154990208 ) ) ;
#12404 = CIRCLE ( 'NONE', #10699, 1.700000000000000178 ) ;
#12405 = ORGANIZATION ( 'NAUO-ORG14', 'UNSPECIFIED', 'UNSPECIFIED' ) ;
#12406 = APPLICATION_CONTEXT ( 'configuration controlled 3d designs of mechanical parts and assemblies' ) ;
#12407 = CARTESIAN_POINT ( 'NONE',  ( -8.557415261749071078, 55.34333309900549125, 0.000000000000000000 ) ) ;
#12408 = VERTEX_POINT ( 'NONE', #1014 ) ;
#12409 = ORIENTED_EDGE ( 'NONE', *, *, #11767, .F. ) ;
#12410 = ORIENTED_EDGE ( 'NONE', *, *, #9879, .F. ) ;
#12411 = ORIENTED_EDGE ( 'NONE', *, *, #3586, .F. ) ;
#12412 = AXIS2_PLACEMENT_3D ( 'NONE', #276, #1051, #7012 ) ;
#12413 = EDGE_CURVE ( 'NONE', #1567, #3546, #2853, .T. ) ;
#12414 = EDGE_CURVE ( 'NONE', #4848, #5636, #9926, .T. ) ;
#12415 = LOCAL_TIME ( 12, 23, 36.00000000000000000, #5564 ) ;
#12416 = CC_DESIGN_PERSON_AND_ORGANIZATION_ASSIGNMENT ( #6619, #5473, ( #6466 ) ) ;
#12417 = CARTESIAN_POINT ( 'NONE',  ( 18.63871090099669203, -12.95702773923647833, -0.000000000000000000 ) ) ;
#12418 = DIRECTION ( 'NONE',  ( -1.000000000000000000, 0.000000000000000000, 0.000000000000000000 ) ) ;
#12419 = CARTESIAN_POINT ( 'NONE',  ( 2.600000000000000089, 0.000000000000000000, -1.200000000000000030E-05 ) ) ;
#12420 = AXIS2_PLACEMENT_3D ( 'NONE', #8226, #1053, #10088 ) ;
#12421 = CALENDAR_DATE ( 2026, 21, 9 ) ;
#12422 = CYLINDRICAL_SURFACE ( 'NONE', #8102, 1.700000000000007061 ) ;
#12423 = EDGE_LOOP ( 'NONE', ( #4345, #11721, #6551, #12142 ) ) ;
#12424 = CARTESIAN_POINT ( 'NONE',  ( -1.000000000000000000, 27.50000000000000000, 58.00000000000000000 ) ) ;
#12425 = ORIENTED_EDGE ( 'NONE', *, *, #9610, .F. ) ;
#12426 = DIRECTION ( 'NONE',  ( -0.6000000000580284487, -0.7999999999564786357, 0.000000000000000000 ) ) ;
#12427 = DIRECTION ( 'NONE',  ( 1.000000000000000000, 0.000000000000000000, 0.000000000000000000 ) ) ;
#12428 = ORIENTED_EDGE ( 'NONE', *, *, #1409, .F. ) ;
#12429 = AXIS2_PLACEMENT_3D ( 'NONE', #7879, #8957, #9765 ) ;
#12430 = CC_DESIGN_DATE_AND_TIME_ASSIGNMENT ( #4259, #8269, ( #1456 ) ) ;
#12431 = CALENDAR_DATE ( 2026, 21, 9 ) ;
#12432 = CARTESIAN_POINT ( 'NONE',  ( 20.00000000000000000, -6.000000000000000152E-06, 13.70000000000000107 ) ) ;
#12433 = CARTESIAN_POINT ( 'NONE',  ( 122.2999999999999972, 2.081899558550508908E-16, -1.200000000000000030E-05 ) ) ;
#12434 = EDGE_CURVE ( 'NONE', #4311, #5084, #10412, .T. ) ;
#12435 = APPROVAL_PERSON_ORGANIZATION ( #6499, #7444, #541 ) ;
#12436 = LINE ( 'NONE', #3374, #582 ) ;
#12437 = PERSON_AND_ORGANIZATION ( #12991, #11636 ) ;
#12438 = FACE_OUTER_BOUND ( 'NONE', #6257, .T. ) ;
#12439 = DIRECTION ( 'NONE',  ( -0.000000000000000000, -0.000000000000000000, 1.000000000000000000 ) ) ;
#12440 = CARTESIAN_POINT ( 'NONE',  ( -1.000000000000000000, 10.50000000000000000, 0.000000000000000000 ) ) ;
#12441 = FACE_OUTER_BOUND ( 'NONE', #3120, .T. ) ;
#12442 = AXIS2_PLACEMENT_3D ( 'NONE', #4012, #59, #7080 ) ;
#12443 = VECTOR ( 'NONE', #9975, 1000.000000000000000 ) ;
#12444 = CARTESIAN_POINT ( 'NONE',  ( 0.5999999999999999778, 2.200000000000000178, 16.00000000000000000 ) ) ;
#12445 = CC_DESIGN_APPROVAL ( #3269, ( #7328 ) ) ;
#12446 = CALENDAR_DATE ( 2026, 21, 9 ) ;
#12447 = CARTESIAN_POINT ( 'NONE',  ( 0.000000000000000000, 0.000000000000000000, 6.000000000000000000 ) ) ;
#12448 = EDGE_LOOP ( 'NONE', ( #6928, #1769 ) ) ;
#12449 = AXIS2_PLACEMENT_3D ( 'NONE', #2217, #10070, #12208 ) ;
#12450 = ORIENTED_EDGE ( 'NONE', *, *, #8661, .F. ) ;
#12451 = EDGE_LOOP ( 'NONE', ( #9752, #12310, #8044, #9660 ) ) ;
#12452 = CARTESIAN_POINT ( 'NONE',  ( -30.50000000000000000, -10.00000000000000000, 28.00000000000000000 ) ) ;
#12453 = CARTESIAN_POINT ( 'NONE',  ( -20.85853893178909502, 15.48452350954476309, -0.000000000000000000 ) ) ;
#12454 = VECTOR ( 'NONE', #1081, 1000.000000000000000 ) ;
#12455 = AXIS2_PLACEMENT_3D ( 'NONE', #1482, #1349, #12382 ) ;
#12456 = DIRECTION ( 'NONE',  ( 0.000000000000000000, 0.000000000000000000, -1.000000000000000000 ) ) ;
#12457 = CARTESIAN_POINT ( 'NONE',  ( -10.50000000000000000, 80.50000000000000000, -1.200000000000000030E-05 ) ) ;
#12458 = DIRECTION ( 'NONE',  ( 0.000000000000000000, -0.000000000000000000, 1.000000000000000000 ) ) ;
#12459 = ORIENTED_EDGE ( 'NONE', *, *, #6204, .T. ) ;
#12460 = EDGE_CURVE ( 'NONE', #1766, #3266, #5042, .T. ) ;
#12461 = LINE ( 'NONE', #6456, #3602 ) ;
#12462 = CIRCLE ( 'NONE', #11803, 1.700000000000000178 ) ;
#12463 = VECTOR ( 'NONE', #3527, 1000.000000000000000 ) ;
#12464 = ORIENTED_EDGE ( 'NONE', *, *, #9453, .F. ) ;
#12465 = DIRECTION ( 'NONE',  ( 0.000000000000000000, 0.000000000000000000, -1.000000000000000000 ) ) ;
#12466 = VERTEX_POINT ( 'NONE', #1810 ) ;
#12467 = CARTESIAN_POINT ( 'NONE',  ( 29.29993048876421113, 65.77491600511631020, 0.000000000000000000 ) ) ;
#12468 = ORIENTED_EDGE ( 'NONE', *, *, #10802, .T. ) ;
#12469 = ORIENTED_EDGE ( 'NONE', *, *, #879, .T. ) ;
#12470 = DIRECTION ( 'NONE',  ( 0.000000000000000000, 0.000000000000000000, -1.000000000000000000 ) ) ;
#12471 = DIRECTION ( 'NONE',  ( 0.000000000000000000, 0.000000000000000000, 1.000000000000000000 ) ) ;
#12472 = CIRCLE ( 'NONE', #5681, 1.699999999999998401 ) ;
#12473 = PRODUCT_DEFINITION_SHAPE ( 'NONE', 'NONE',  #6948 ) ;
#12474 = DIRECTION ( 'NONE',  ( -1.000000000000000000, 0.000000000000000000, 0.000000000000000000 ) ) ;
#12475 = AXIS2_PLACEMENT_3D ( 'NONE', #5294, #8043, #12112 ) ;
#12476 = CONTEXT_DEPENDENT_SHAPE_REPRESENTATION ( #8682, #1271 ) ;
#12477 = DIRECTION ( 'NONE',  ( 1.000000000000000000, 0.000000000000000000, 0.000000000000000000 ) ) ;
#12478 = CARTESIAN_POINT ( 'NONE',  ( 27.69999999999999929, 57.00000000000000000, 0.000000000000000000 ) ) ;
#12479 = AXIS2_PLACEMENT_3D ( 'NONE', #12920, #3840, #3110 ) ;
#12480 = DIRECTION ( 'NONE',  ( -0.000000000000000000, -1.000000000000000000, -0.000000000000000000 ) ) ;
#12481 = ORIENTED_EDGE ( 'NONE', *, *, #764, .T. ) ;
#12482 = EDGE_CURVE ( 'NONE', #1075, #1400, #7912, .T. ) ;
#12483 = CARTESIAN_POINT ( 'NONE',  ( -5.141461068209629559, -10.48452350954348589, -0.000000000000000000 ) ) ;
#12484 = VERTEX_POINT ( 'NONE', #5936 ) ;
#12485 = AXIS2_PLACEMENT_3D ( 'NONE', #9583, #1547, #4744 ) ;
#12486 = VECTOR ( 'NONE', #10144, 1000.000000000000000 ) ;
#12487 = EDGE_LOOP ( 'NONE', ( #1846, #4835, #3214, #4782 ) ) ;
#12488 = ORIENTED_EDGE ( 'NONE', *, *, #10988, .T. ) ;
#12489 = FACE_OUTER_BOUND ( 'NONE', #12612, .T. ) ;
#12490 = CARTESIAN_POINT ( 'NONE',  ( 12.00000000000000000, -7.000000000000000000, 5.000000000000000000 ) ) ;
#12491 = FACE_OUTER_BOUND ( 'NONE', #11279, .T. ) ;
#12492 = CALENDAR_DATE ( 2026, 21, 9 ) ;
#12493 = CARTESIAN_POINT ( 'NONE',  ( -20.00000000000000000, -12.00000000000000000, 2.000000000000000000 ) ) ;
#12494 = EDGE_LOOP ( 'NONE', ( #8130, #5770, #7522, #2616 ) ) ;
#12495 = EDGE_CURVE ( 'NONE', #4266, #9914, #2530, .T. ) ;
#12496 =( NAMED_UNIT ( * ) PLANE_ANGLE_UNIT ( ) SI_UNIT ( $, .RADIAN. ) );
#12497 = ADVANCED_FACE ( 'NONE', ( #13046 ), #7849, .F. ) ;
#12498 = VERTEX_POINT ( 'NONE', #11982 ) ;
#12499 = APPLICATION_PROTOCOL_DEFINITION ( 'international standard', 'config_control_design', 1994, #6096 ) ;
#12500 = CARTESIAN_POINT ( 'NONE',  ( -22.00000000000000000, 84.00000000000000000, 8.000000000000000000 ) ) ;
#12501 = ORIENTED_EDGE ( 'NONE', *, *, #5947, .F. ) ;
#12502 = PERSON_AND_ORGANIZATION ( #12991, #11636 ) ;
#12503 = LOCAL_TIME ( 12, 23, 36.00000000000000000, #2366 ) ;
#12504 = CARTESIAN_POINT ( 'NONE',  ( 0.5999999999999999778, 0.000000000000000000, 4.000000000000000000 ) ) ;
#12505 = CARTESIAN_POINT ( 'NONE',  ( 18.63871090099669559, 15.04297226076352878, -0.000000000000000000 ) ) ;
#12506 = DIRECTION ( 'NONE',  ( 1.000000000000000000, 0.000000000000000000, 0.000000000000000000 ) ) ;
#12507 = LINE ( 'NONE', #11287, #8834 ) ;
#12508 = DIRECTION ( 'NONE',  ( -0.000000000000000000, -0.000000000000000000, -1.000000000000000000 ) ) ;
#12509 = B_SPLINE_CURVE_WITH_KNOTS ( 'NONE', 3,
 ( #4027, #8035, #3832, #8915, #3886, #12104, #3035, #7027, #11104, #6117, #7103, #12453, #1068, #225, #5346, #2390, #1277, #2126 ),
 .UNSPECIFIED., .F., .F.,
 ( 4, 2, 2, 2, 2, 2, 2, 2, 4 ),
 ( 0.000000000000000000, 0.06250000000000011102, 0.1250000000000002220, 0.1875000000000003331, 0.2500000000000002220, 0.3125000000000001665, 0.3750000000000001110, 0.4375000000000000555, 0.5000000000000000000 ),
 .UNSPECIFIED. ) ;
#12510 = LINE ( 'NONE', #3446, #4523 ) ;
#12511 = CC_DESIGN_PERSON_AND_ORGANIZATION_ASSIGNMENT ( #3839, #827, ( #6235 ) ) ;
#12512 = APPROVAL_PERSON_ORGANIZATION ( #4722, #4254, #7738 ) ;
#12513 = CC_DESIGN_PERSON_AND_ORGANIZATION_ASSIGNMENT ( #7141, #6941, ( #10151 ) ) ;
#12514 = CARTESIAN_POINT ( 'NONE',  ( 31.00000000000000000, 77.49999999999998579, 4.000000000000000000 ) ) ;
#12515 = DIRECTION ( 'NONE',  ( -1.000000000000000000, 0.000000000000000000, -0.000000000000000000 ) ) ;
#12516 = ORIENTED_EDGE ( 'NONE', *, *, #3001, .F. ) ;
#12517 = ORIENTED_EDGE ( 'NONE', *, *, #6533, .F. ) ;
#12518 = CARTESIAN_POINT ( 'NONE',  ( 8.660254037844389075, -11.00000000000000000, 0.000000000000000000 ) ) ;
#12519 = ORIENTED_EDGE ( 'NONE', *, *, #3696, .T. ) ;
#12520 = CARTESIAN_POINT ( 'NONE',  ( 9.756929129572649018, 10.04069481642486927, 7.151627607700788758 ) ) ;
#12521 = APPROVAL_PERSON_ORGANIZATION ( #2419, #1591, #6290 ) ;
#12522 = CARTESIAN_POINT ( 'NONE',  ( -34.00000000000000000, 5.000000000000000000, 25.00000000000000000 ) ) ;
#12523 = CARTESIAN_POINT ( 'NONE',  ( 0.000000000000000000, 25.00000000000000000, 90.00000000000000000 ) ) ;
#12524 = LINE ( 'NONE', #688, #9054 ) ;
#12525 = ADVANCED_FACE ( 'NONE', ( #9981 ), #2917, .F. ) ;
#12526 = LINE ( 'NONE', #8529, #1249 ) ;
#12527 = FACE_BOUND ( 'NONE', #10200, .T. ) ;
#12528 = EDGE_LOOP ( 'NONE', ( #4415, #11869, #5570, #6352, #6603, #3724, #10280, #8726 ) ) ;
#12529 = CARTESIAN_POINT ( 'NONE',  ( -14.00000000000000000, 9.000000000000000000, 6.800000000000000711 ) ) ;
#12530 = ORIENTED_EDGE ( 'NONE', *, *, #9934, .T. ) ;
#12531 = CARTESIAN_POINT ( 'NONE',  ( 32.04287395703182995, 64.63880920473276603, 0.000000000000000000 ) ) ;
#12532 = ORIENTED_EDGE ( 'NONE', *, *, #9529, .F. ) ;
#12533 = ORIENTED_EDGE ( 'NONE', *, *, #12877, .T. ) ;
#12534 = CARTESIAN_POINT ( 'NONE',  ( 32.36119079527190934, 0.000000000000000000, 2.957126042969841162 ) ) ;
#12535 = CARTESIAN_POINT ( 'NONE',  ( -37.50000000000000000, 10.00000000000000000, 28.00000000000000000 ) ) ;
#12536 = EDGE_CURVE ( 'NONE', #12872, #6464, #1996, .T. ) ;
#12537 = DIRECTION ( 'NONE',  ( 0.000000000000000000, -1.000000000000000000, 0.000000000000000000 ) ) ;
#12538 = DATE_AND_TIME ( #9477, #4869 ) ;
#12539 = AXIS2_PLACEMENT_3D ( 'NONE', #6725, #11527, #1697 ) ;
#12540 = CALENDAR_DATE ( 2026, 21, 9 ) ;
#12541 = CARTESIAN_POINT ( 'NONE',  ( 0.000000000000000000, 14.00000000000000000, 4.000000000000000000 ) ) ;
#12542 = CARTESIAN_POINT ( 'NONE',  ( 28.00000000000000000, 8.000000000000000000, 24.00000000000000000 ) ) ;
#12543 = CARTESIAN_POINT ( 'NONE',  ( 18.34320465898844077, -0.000000000000000000, 11.55736206015660983 ) ) ;
#12544 = VERTEX_POINT ( 'NONE', #6914 ) ;
#12545 = EDGE_LOOP ( 'NONE', ( #645, #12269, #6146, #8856 ) ) ;
#12546 = SHAPE_REPRESENTATION_RELATIONSHIP ( 'NONE' , 'NONE' ,  #10979, #2381 ) ;
#12547 = FACE_OUTER_BOUND ( 'NONE', #9395, .T. ) ;
#12548 = EDGE_LOOP ( 'NONE', ( #4572, #9656, #9484, #7874 ) ) ;
#12549 = ORIENTED_EDGE ( 'NONE', *, *, #7233, .T. ) ;
#12550 = DIRECTION ( 'NONE',  ( 1.000000000000000000, 0.000000000000000000, 0.000000000000000000 ) ) ;
#12551 = EDGE_CURVE ( 'NONE', #3466, #389, #3970, .T. ) ;
#12552 = EDGE_CURVE ( 'NONE', #4316, #6464, #6726, .T. ) ;
#12553 = SHAPE_DEFINITION_REPRESENTATION ( #1045, #11724 ) ;
#12554 = DIRECTION ( 'NONE',  ( -0.000000000000000000, -0.000000000000000000, -1.000000000000000000 ) ) ;
#12555 = ORIENTED_EDGE ( 'NONE', *, *, #12139, .F. ) ;
#12556 = LINE ( 'NONE', #597, #1700 ) ;
#12557 = VERTEX_POINT ( 'NONE', #6980 ) ;
#12558 = AXIS2_PLACEMENT_3D ( 'NONE', #347, #11091, #2041 ) ;
#12559 = APPROVAL_DATE_TIME ( #7422, #8527 ) ;
#12560 = DIRECTION ( 'NONE',  ( 0.000000000000000000, 0.000000000000000000, 1.000000000000000000 ) ) ;
#12561 = ORIENTED_EDGE ( 'NONE', *, *, #11067, .F. ) ;
#12562 = CALENDAR_DATE ( 2026, 21, 9 ) ;
#12563 = CARTESIAN_POINT ( 'NONE',  ( 0.000000000000000000, 0.000000000000000000, 83.00000000000000000 ) ) ;
#12564 = FACE_OUTER_BOUND ( 'NONE', #1928, .T. ) ;
#12565 = CALENDAR_DATE ( 2026, 21, 9 ) ;
#12566 = COORDINATED_UNIVERSAL_TIME_OFFSET ( 5, 0, .BEHIND. ) ;
#12567 = CARTESIAN_POINT ( 'NONE',  ( -14.00000000000000000, 0.000000000000000000, -1.200000000000000030E-05 ) ) ;
#12568 = EDGE_CURVE ( 'NONE', #7556, #3487, #238, .T. ) ;
#12569 = PERSON_AND_ORGANIZATION_ROLE ( 'classification_officer' ) ;
#12570 = EDGE_CURVE ( 'NONE', #10900, #2063, #2937, .T. ) ;
#12571 = DIRECTION ( 'NONE',  ( 1.000000000000000000, 0.000000000000000000, 0.000000000000000000 ) ) ;
#12572 = CARTESIAN_POINT ( 'NONE',  ( 3.000000000000000000, 27.50000000000000000, 58.00000000000000000 ) ) ;
#12573 = PERSON_AND_ORGANIZATION_ROLE ( 'classification_officer' ) ;
#12574 = FACE_BOUND ( 'NONE', #7943, .T. ) ;
#12575 = CARTESIAN_POINT ( 'NONE',  ( 31.00000000000000000, -1.200000000000000030E-05, 5.700000000000000178 ) ) ;
#12576 = APPROVAL_DATE_TIME ( #9515, #5830 ) ;
#12577 = CARTESIAN_POINT ( 'NONE',  ( 0.000000000000000000, 40.00000000000000000, 40.00000000000000000 ) ) ;
#12578 = VERTEX_POINT ( 'NONE', #11242 ) ;
#12579 = AXIS2_PLACEMENT_3D ( 'NONE', #7633, #2582, #6569 ) ;
#12580 = ORIENTED_EDGE ( 'NONE', *, *, #7570, .F. ) ;
#12581 = DIRECTION ( 'NONE',  ( 0.000000000000000000, 0.000000000000000000, -1.000000000000000000 ) ) ;
#12582 = DIRECTION ( 'NONE',  ( 0.000000000000000000, 0.000000000000000000, -1.000000000000000000 ) ) ;
#12583 = APPROVAL_ROLE ( '' ) ;
#12584 = ADVANCED_FACE ( 'NONE', ( #1287 ), #7037, .F. ) ;
#12585 = CC_DESIGN_PERSON_AND_ORGANIZATION_ASSIGNMENT ( #2694, #7430, ( #6466 ) ) ;
#12586 =( REPRESENTATION_RELATIONSHIP ('NONE','NONE', #6877, #11724 ) REPRESENTATION_RELATIONSHIP_WITH_TRANSFORMATION ( #2606 )SHAPE_REPRESENTATION_RELATIONSHIP( ) );
#12587 = LINE ( 'NONE', #6389, #3592 ) ;
#12588 = CARTESIAN_POINT ( 'NONE',  ( 31.60000000000000142, 0.000000000000000000, 6.000000000000000000 ) ) ;
#12589 = AXIS2_PLACEMENT_3D ( 'NONE', #5976, #5923, #1983 ) ;
#12590 = CARTESIAN_POINT ( 'NONE',  ( -18.30000000000000071, -14.00000000000000000, -1.200000000000000030E-05 ) ) ;
#12591 = DIRECTION ( 'NONE',  ( -1.000000000000000000, -0.000000000000000000, -0.000000000000000000 ) ) ;
#12592 = ORIENTED_EDGE ( 'NONE', *, *, #12377, .T. ) ;
#12593 = DIRECTION ( 'NONE',  ( -0.000000000000000000, -0.000000000000000000, -1.000000000000000000 ) ) ;
#12594 = ORIENTED_EDGE ( 'NONE', *, *, #2543, .T. ) ;
#12595 = CARTESIAN_POINT ( 'NONE',  ( 32.70000000000001705, 65.77438419509401513, -0.000000000000000000 ) ) ;
#12596 = EDGE_LOOP ( 'NONE', ( #11230, #906, #6825, #8973 ) ) ;
#12597 = UNCERTAINTY_MEASURE_WITH_UNIT (LENGTH_MEASURE( 1.000000000000000082E-05 ), #11211, 'distance_accuracy_value', 'NONE');
#12598 = EDGE_LOOP ( 'NONE', ( #2002, #10191 ) ) ;
#12599 = AXIS2_PLACEMENT_3D ( 'NONE', #9024, #4383, #4008 ) ;
#12600 = VECTOR ( 'NONE', #4108, 1000.000000000000000 ) ;
#12601 = ADVANCED_FACE ( 'NONE', ( #10185 ), #11115, .F. ) ;
#12602 = CARTESIAN_POINT ( 'NONE',  ( 0.000000000000000000, 11.00000000000000000, 6.000000000000000000 ) ) ;
#12603 = CARTESIAN_POINT ( 'NONE',  ( -1.519536942383790556, 2.115299939237502702, -0.000000000000000000 ) ) ;
#12604 = COORDINATED_UNIVERSAL_TIME_OFFSET ( 5, 0, .BEHIND. ) ;
#12605 = CARTESIAN_POINT ( 'NONE',  ( -6.000000000000000000, 0.000000000000000000, 20.00000000000000000 ) ) ;
#12606 = DIRECTION ( 'NONE',  ( -0.000000000000000000, -0.000000000000000000, 1.000000000000000000 ) ) ;
#12607 = CARTESIAN_POINT ( 'NONE',  ( 1.951074882875576399, 1.724777374260472396, -0.000000000000000000 ) ) ;
#12608 = VECTOR ( 'NONE', #9122, 1000.000000000000000 ) ;
#12609 = ORIENTED_EDGE ( 'NONE', *, *, #9547, .F. ) ;
#12610 = LINE ( 'NONE', #10545, #5682 ) ;
#12611 = LOCAL_TIME ( 12, 23, 36.00000000000000000, #5411 ) ;
#12612 = EDGE_LOOP ( 'NONE', ( #1138, #5343, #10973, #444 ) ) ;
#12613 = DIRECTION ( 'NONE',  ( 0.000000000000000000, 0.000000000000000000, 1.000000000000000000 ) ) ;
#12614 = CARTESIAN_POINT ( 'NONE',  ( 124.4425847382483568, -1.656666900995989788, 0.000000000000000000 ) ) ;
#12615 = ORIENTED_EDGE ( 'NONE', *, *, #11669, .F. ) ;
#12616 = VERTEX_POINT ( 'NONE', #12180 ) ;
#12617 = AXIS2_PLACEMENT_3D ( 'NONE', #2330, #1127, #9246 ) ;
#12618 = CARTESIAN_POINT ( 'NONE',  ( -7.638809204724493540, 67.04287395702746721, 0.000000000000000000 ) ) ;
#12619 = SECURITY_CLASSIFICATION ( '', '', #2277 ) ;
#12620 = PLANE ( 'NONE',  #8397 ) ;
#12621 = DIRECTION ( 'NONE',  ( 1.000000000000000000, 0.000000000000000000, 0.000000000000000000 ) ) ;
#12622 = VERTEX_POINT ( 'NONE', #2062 ) ;
#12623 = LINE ( 'NONE', #1378, #6286 ) ;
#12624 = ORIENTED_EDGE ( 'NONE', *, *, #11405, .T. ) ;
#12625 = AXIS2_PLACEMENT_3D ( 'NONE', #12024, #2958, #11758 ) ;
#12626 = PERSON_AND_ORGANIZATION_ROLE ( 'design_supplier' ) ;
#12627 = ADVANCED_FACE ( 'NONE', ( #8255, #11182 ), #6186, .T. ) ;
#12628 = DIRECTION ( 'NONE',  ( 1.000000000000000000, 0.000000000000000000, 0.000000000000000000 ) ) ;
#12629 = SECURITY_CLASSIFICATION ( '', '', #3776 ) ;
#12630 = ORIENTED_EDGE ( 'NONE', *, *, #6314, .F. ) ;
#12631 = PLANE ( 'NONE',  #5227 ) ;
#12632 = LINE ( 'NONE', #12433, #599 ) ;
#12633 = CARTESIAN_POINT ( 'NONE',  ( -9.000000000000000000, -1.200000000000000030E-05, 4.000000000000000000 ) ) ;
#12634 = APPLICATION_PROTOCOL_DEFINITION ( 'international standard', 'config_control_design', 1994, #6761 ) ;
#12635 = FACE_OUTER_BOUND ( 'NONE', #12781, .T. ) ;
#12636 = LINE ( 'NONE', #9442, #10133 ) ;
#12637 = VECTOR ( 'NONE', #12754, 1000.000000000000000 ) ;
#12638 = PERSON_AND_ORGANIZATION_ROLE ( 'creator' ) ;
#12639 = CARTESIAN_POINT ( 'NONE',  ( -21.48452350954438828, -14.85853893178910390, -0.000000000000000000 ) ) ;
#12640 = DIRECTION ( 'NONE',  ( 0.000000000000000000, 1.000000000000000000, 0.000000000000000000 ) ) ;
#12641 = CLOSED_SHELL ( 'NONE', ( #1104, #7060, #9706, #6656 ) ) ;
#12642 = EDGE_CURVE ( 'NONE', #5430, #6402, #3042, .T. ) ;
#12643 = CARTESIAN_POINT ( 'NONE',  ( -7.638809204727039059, 58.04287395702853303, 0.000000000000000000 ) ) ;
#12644 = APPROVAL_PERSON_ORGANIZATION ( #1199, #9664, #2750 ) ;
#12645 = ORIENTED_EDGE ( 'NONE', *, *, #1642, .T. ) ;
#12646 = FACE_OUTER_BOUND ( 'NONE', #8331, .T. ) ;
#12647 = CARTESIAN_POINT ( 'NONE',  ( 9.840129390273620658, 9.961135384681568894, 9.917871716659957926 ) ) ;
#12648 = APPROVAL_ROLE ( '' ) ;
#12649 = EDGE_CURVE ( 'NONE', #8266, #3903, #6055, .T. ) ;
#12650 = CARTESIAN_POINT ( 'NONE',  ( -7.299930488763833658, -0.000000000000000000, 12.77491600511460490 ) ) ;
#12651 = DIRECTION ( 'NONE',  ( 0.000000000000000000, 0.000000000000000000, 1.000000000000000000 ) ) ;
#12652 = VECTOR ( 'NONE', #483, 1000.000000000000000 ) ;
#12653 = VECTOR ( 'NONE', #5745, 1000.000000000000000 ) ;
#12654 = LOCAL_TIME ( 12, 23, 36.00000000000000000, #10812 ) ;
#12655 = CARTESIAN_POINT ( 'NONE',  ( 12.00000000000000000, 7.000000000000000000, 5.000000000000000000 ) ) ;
#12656 = CARTESIAN_POINT ( 'NONE',  ( -0.5999999999999999778, 2.200000000000000178, 16.00000000000000000 ) ) ;
#12657 = EDGE_CURVE ( 'NONE', #8170, #11371, #3241, .T. ) ;
#12658 = PERSON_AND_ORGANIZATION_ROLE ( 'classification_officer' ) ;
#12659 = CARTESIAN_POINT ( 'NONE',  ( 29.51547649045614463, -0.000000000000000000, 4.858538931790376658 ) ) ;
#12660 = EDGE_CURVE ( 'NONE', #2933, #9429, #3180, .T. ) ;
#12661 = VERTEX_POINT ( 'NONE', #12384 ) ;
#12662 = CARTESIAN_POINT ( 'NONE',  ( 183.0000000000000000, 146.0000000000000000, 3.000000000000002665 ) ) ;
#12663 = EDGE_LOOP ( 'NONE', ( #6158, #2385, #9982, #5531 ) ) ;
#12664 = ORIENTED_EDGE ( 'NONE', *, *, #5340, .F. ) ;
#12665 = AXIS2_PLACEMENT_3D ( 'NONE', #507, #8534, #7183 ) ;
#12666 = ORIENTED_EDGE ( 'NONE', *, *, #10507, .T. ) ;
#12667 = APPLICATION_CONTEXT ( 'configuration controlled 3d designs of mechanical parts and assemblies' ) ;
#12668 = AXIS2_PLACEMENT_3D ( 'NONE', #2801, #7601, #12921 ) ;
#12669 = CALENDAR_DATE ( 2026, 21, 9 ) ;
#12670 = DIRECTION ( 'NONE',  ( -0.000000000000000000, -0.000000000000000000, 1.000000000000000000 ) ) ;
#12671 = DIRECTION ( 'NONE',  ( 1.000000000000000000, 0.000000000000000000, 0.000000000000000000 ) ) ;
#12672 = AXIS2_PLACEMENT_3D ( 'NONE', #5066, #6316, #5337 ) ;
#12673 = CARTESIAN_POINT ( 'NONE',  ( 136.0000000000000000, 0.000000000000000000, 6.000000000000000000 ) ) ;
#12674 = PERSON_AND_ORGANIZATION_ROLE ( 'classification_officer' ) ;
#12675 = FACE_OUTER_BOUND ( 'NONE', #2921, .T. ) ;
#12676 = VECTOR ( 'NONE', #10537, 1000.000000000000000 ) ;
#12677 = VECTOR ( 'NONE', #7304, 1000.000000000000000 ) ;
#12678 = CARTESIAN_POINT ( 'NONE',  ( -6.000000000000000000, 0.000000000000000000, 16.00000000000000000 ) ) ;
#12679 = EDGE_LOOP ( 'NONE', ( #881, #7671, #3114, #11547 ) ) ;
#12680 = APPROVAL ( #8506, 'æœª' ) ;
#12681 = PRODUCT_RELATED_PRODUCT_CATEGORY ( 'detail', '', ( #12866 ) ) ;
#12682 = VERTEX_POINT ( 'NONE', #8324 ) ;
#12683 = EDGE_LOOP ( 'NONE', ( #12127, #6790, #12450, #1399, #12892, #2355 ) ) ;
#12684 = ORIENTED_EDGE ( 'NONE', *, *, #1577, .F. ) ;
#12685 = CIRCLE ( 'NONE', #6300, 1.700000000000000178 ) ;
#12686 = CIRCLE ( 'NONE', #186, 1.700000000000000178 ) ;
#12687 = CARTESIAN_POINT ( 'NONE',  ( 21.04297226076405281, -12.63871090099721783, -0.000000000000000000 ) ) ;
#12688 = CARTESIAN_POINT ( 'NONE',  ( 12.80000000000000071, -2.000000000000000000, 3.000000000000000000 ) ) ;
#12689 = CIRCLE ( 'NONE', #3996, 8.099999999999999645 ) ;
#12690 = ADVANCED_BREP_SHAPE_REPRESENTATION ( '', ( #7610, #1284 ), #9078 ) ;
#12691 = DIRECTION ( 'NONE',  ( 0.000000000000000000, 0.000000000000000000, 1.000000000000000000 ) ) ;
#12692 = ORIENTED_EDGE ( 'NONE', *, *, #7662, .T. ) ;
#12693 = AXIS2_PLACEMENT_3D ( 'NONE', #5276, #7087, #9309 ) ;
#12694 = EDGE_CURVE ( 'NONE', #5222, #2870, #10248, .T. ) ;
#12695 = ORIENTED_EDGE ( 'NONE', *, *, #11730, .T. ) ;
#12696 = PERSON_AND_ORGANIZATION ( #12991, #11636 ) ;
#12697 = DIRECTION ( 'NONE',  ( -1.000000000000000000, -0.000000000000000000, -0.000000000000000000 ) ) ;
#12698 = PERSON_AND_ORGANIZATION ( #12991, #11636 ) ;
#12699 = ORIENTED_EDGE ( 'NONE', *, *, #9505, .T. ) ;
#12700 = CARTESIAN_POINT ( 'NONE',  ( 21.69999999999999929, 14.00000000000000000, -6.000000000000000152E-06 ) ) ;
#12701 = LINE ( 'NONE', #6432, #3907 ) ;
#12702 = CALENDAR_DATE ( 2026, 21, 9 ) ;
#12703 = VECTOR ( 'NONE', #9161, 1000.000000000000000 ) ;
#12704 = DIRECTION ( 'NONE',  ( 0.000000000000000000, 0.000000000000000000, 1.000000000000000000 ) ) ;
#12705 = CARTESIAN_POINT ( 'NONE',  ( 12.80000000000000071, -2.000000000000000000, 3.000000000000000000 ) ) ;
#12706 = DATE_TIME_ROLE ( 'classification_date' ) ;
#12707 = ADVANCED_FACE ( 'NONE', ( #1137 ), #7321, .F. ) ;
#12708 = CARTESIAN_POINT ( 'NONE',  ( -27.69999999999999929, -57.00000000000000000, 5.000000000000000000 ) ) ;
#12709 = SHAPE_REPRESENTATION ( 'V3_08_SG90_mount', ( #1284 ), #8454 ) ;
#12710 = CARTESIAN_POINT ( 'NONE',  ( 32.70000000000000284, 66.22525195654509389, 0.000000000000000000 ) ) ;
#12711 = ORIENTED_EDGE ( 'NONE', *, *, #1964, .T. ) ;
#12712 = APPROVAL_PERSON_ORGANIZATION ( #4489, #12680, #4349 ) ;
#12713 = FACE_BOUND ( 'NONE', #100, .T. ) ;
#12714 = ORIENTED_EDGE ( 'NONE', *, *, #2200, .F. ) ;
#12715 = DESIGN_CONTEXT ( 'detailed design', #6275, 'design' ) ;
#12716 = DIRECTION ( 'NONE',  ( 1.000000000000000000, 0.000000000000000000, 0.000000000000000000 ) ) ;
#12717 = CARTESIAN_POINT ( 'NONE',  ( 10.37022664714423570, 9.408763276675836451, 6.837751006154996425 ) ) ;
#12718 = CYLINDRICAL_SURFACE ( 'NONE', #4209, 1.700000000000000178 ) ;
#12719 = LINE ( 'NONE', #11394, #2116 ) ;
#12720 = EDGE_CURVE ( 'NONE', #4883, #11276, #9498, .T. ) ;
#12721 = LOCAL_TIME ( 12, 23, 36.00000000000000000, #8143 ) ;
#12722 = CARTESIAN_POINT ( 'NONE',  ( -11.77429632712486196, 7.574489190830806074, 9.433434849665658817 ) ) ;
#12723 = DIRECTION ( 'NONE',  ( 0.000000000000000000, -1.000000000000000000, 0.000000000000000000 ) ) ;
#12724 = VERTEX_POINT ( 'NONE', #9330 ) ;
#12725 = CARTESIAN_POINT ( 'NONE',  ( -6.000000000000000000, -9.000000000000000000, -1.200000000000000030E-05 ) ) ;
#12726 = VERTEX_POINT ( 'NONE', #5148 ) ;
#12727 = LOCAL_TIME ( 12, 23, 36.00000000000000000, #4412 ) ;
#12728 = ORIENTED_EDGE ( 'NONE', *, *, #7871, .F. ) ;
#12729 = LINE ( 'NONE', #8608, #6647 ) ;
#12730 = VERTEX_POINT ( 'NONE', #3318 ) ;
#12731 = DIRECTION ( 'NONE',  ( -1.000000000000000000, -0.000000000000000000, -0.000000000000000000 ) ) ;
#12732 = DIRECTION ( 'NONE',  ( -0.000000000000000000, -0.000000000000000000, -1.000000000000000000 ) ) ;
#12733 = EDGE_CURVE ( 'NONE', #7621, #772, #1209, .T. ) ;
#12734 = CARTESIAN_POINT ( 'NONE',  ( 31.00000000000000000, -6.000000000000000152E-06, 14.69999999999999929 ) ) ;
#12735 = PERSON_AND_ORGANIZATION ( #12991, #11636 ) ;
#12736 = EDGE_CURVE ( 'NONE', #2568, #5430, #2337, .T. ) ;
#12737 = COORDINATED_UNIVERSAL_TIME_OFFSET ( 5, 0, .BEHIND. ) ;
#12738 = LINE ( 'NONE', #10540, #12092 ) ;
#12739 = CARTESIAN_POINT ( 'NONE',  ( 0.000000000000000000, 0.000000000000000000, -1.200000000000000030E-05 ) ) ;
#12740 = ORIENTED_EDGE ( 'NONE', *, *, #2430, .T. ) ;
#12741 = ORIENTED_EDGE ( 'NONE', *, *, #10395, .T. ) ;
#12742 = ORIENTED_EDGE ( 'NONE', *, *, #11504, .T. ) ;
#12743 = ORIENTED_EDGE ( 'NONE', *, *, #7625, .T. ) ;
#12744 = ITEM_DEFINED_TRANSFORMATION ( 'NONE', 'NONE', #7796,  #1284 ) ;
#12745 = DIRECTION ( 'NONE',  ( 1.000000000000000000, 0.000000000000000000, 0.000000000000000000 ) ) ;
#12746 = CC_DESIGN_DATE_AND_TIME_ASSIGNMENT ( #1804, #12787, ( #10255 ) ) ;
#12747 = CC_DESIGN_DATE_AND_TIME_ASSIGNMENT ( #4861, #12706, ( #1537 ) ) ;
#12748 = CARTESIAN_POINT ( 'NONE',  ( 18.29993048876420758, 13.77491600511408087, 0.000000000000000000 ) ) ;
#12749 = EDGE_LOOP ( 'NONE', ( #4619, #1269, #6135, #10723 ) ) ;
#12750 = EDGE_LOOP ( 'NONE', ( #7281, #11468, #2563, #5584 ) ) ;
#12751 = SHAPE_DEFINITION_REPRESENTATION ( #8725, #6877 ) ;
#12752 = ORIENTED_EDGE ( 'NONE', *, *, #2012, .F. ) ;
#12753 = DIRECTION ( 'NONE',  ( 0.000000000000000000, -0.000000000000000000, -1.000000000000000000 ) ) ;
#12754 = DIRECTION ( 'NONE',  ( 0.000000000000000000, 1.000000000000000000, 0.000000000000000000 ) ) ;
#12755 = CARTESIAN_POINT ( 'NONE',  ( 24.30000000000000071, 57.00000000000000000, 5.000000000000000000 ) ) ;
#12756 = PERSON_AND_ORGANIZATION ( #12991, #11636 ) ;
#12757 = EDGE_CURVE ( 'NONE', #2063, #7963, #7367, .T. ) ;
#12758 = CARTESIAN_POINT ( 'NONE',  ( 29.30000000000000071, 66.00000000000000000, -6.000000000000000152E-06 ) ) ;
#12759 = CARTESIAN_POINT ( 'NONE',  ( 15.10000000000000142, 0.000000000000000000, 18.00000000000000355 ) ) ;
#12760 = PERSON_AND_ORGANIZATION ( #12991, #11636 ) ;
#12761 = CARTESIAN_POINT ( 'NONE',  ( 14.44258473825094136, 68.34333309900550546, 0.000000000000000000 ) ) ;
#12762 = CARTESIAN_POINT ( 'NONE',  ( 29.30000000000000071, 57.00000000000000000, -1.200000000000000030E-05 ) ) ;
#12763 = ORIENTED_EDGE ( 'NONE', *, *, #11501, .F. ) ;
#12764 = CARTESIAN_POINT ( 'NONE',  ( -9.000000000000000000, -6.000000000000000152E-06, 11.29999999999999893 ) ) ;
#12765 = FACE_BOUND ( 'NONE', #8469, .T. ) ;
#12766 = ORIENTED_EDGE ( 'NONE', *, *, #706, .F. ) ;
#12767 = EDGE_CURVE ( 'NONE', #11201, #9501, #9119, .T. ) ;
#12768 = CARTESIAN_POINT ( 'NONE',  ( 21.69999999999999929, -14.00000000000000000, -1.200000000000000030E-05 ) ) ;
#12769 = CARTESIAN_POINT ( 'NONE',  ( 9.047951289187752266, 10.68348068199795620, 8.769813350790178319 ) ) ;
#12770 = DATE_TIME_ROLE ( 'classification_date' ) ;
#12771 = CARTESIAN_POINT ( 'NONE',  ( -16.00000000000000000, 6.000000000000000000, 16.00000000000000000 ) ) ;
#12772 = DIRECTION ( 'NONE',  ( 0.000000000000000000, -1.000000000000000000, 0.000000000000000000 ) ) ;
#12773 = SHAPE_REPRESENTATION ( 'V3_REF_block40', ( #1284 ), #9078 ) ;
#12774 = ADVANCED_FACE ( 'NONE', ( #8530, #8399, #1608, #12527, #10649 ), #1351, .F. ) ;
#12775 = CARTESIAN_POINT ( 'NONE',  ( -12.63880920472417735, 71.04287395702736774, 0.000000000000000000 ) ) ;
#12776 = ORIENTED_EDGE ( 'NONE', *, *, #6376, .F. ) ;
#12777 = DIRECTION ( 'NONE',  ( -0.000000000000000000, -1.000000000000000000, -0.000000000000000000 ) ) ;
#12778 = ORIENTED_EDGE ( 'NONE', *, *, #3254, .F. ) ;
#12779 = EDGE_CURVE ( 'NONE', #3135, #9532, #12461, .T. ) ;
#12780 = ADVANCED_BREP_SHAPE_REPRESENTATION ( '', ( #3433, #1284 ), #9509 ) ;
#12781 = EDGE_LOOP ( 'NONE', ( #6585, #12699, #7547, #2338 ) ) ;
#12782 = VERTEX_POINT ( 'NONE', #9530 ) ;
#12783 = DIRECTION ( 'NONE',  ( 1.000000000000000000, -0.000000000000000000, -0.000000000000000000 ) ) ;
#12784 = DIRECTION ( 'NONE',  ( 1.000000000000000000, 0.000000000000000000, 0.000000000000000000 ) ) ;
#12785 = CIRCLE ( 'NONE', #12986, 1.700000000000000178 ) ;
#12786 = CARTESIAN_POINT ( 'NONE',  ( -14.00000000000000000, 0.000000000000000000, 12.00000000000000000 ) ) ;
#12787 = DATE_TIME_ROLE ( 'classification_date' ) ;
#12788 = DATE_TIME_ROLE ( 'classification_date' ) ;
#12789 = LINE ( 'NONE', #1749, #10622 ) ;
#12790 = VERTEX_POINT ( 'NONE', #6582 ) ;
#12791 = CARTESIAN_POINT ( 'NONE',  ( -34.00000000000000000, -5.000000000000000000, -1.200000000000000030E-05 ) ) ;
#12792 = ORIENTED_EDGE ( 'NONE', *, *, #1640, .F. ) ;
#12793 = DIRECTION ( 'NONE',  ( 1.000000000000000000, 0.000000000000000000, 0.000000000000000000 ) ) ;
#12794 = AXIS2_PLACEMENT_3D ( 'NONE', #11038, #6763, #10024 ) ;
#12795 = EDGE_CURVE ( 'NONE', #12979, #3796, #6885, .T. ) ;
#12796 = EDGE_CURVE ( 'NONE', #7163, #1764, #1553, .T. ) ;
#12797 = ORIENTED_EDGE ( 'NONE', *, *, #10053, .F. ) ;
#12798 = ORIENTED_EDGE ( 'NONE', *, *, #9719, .T. ) ;
#12799 = EDGE_CURVE ( 'NONE', #3325, #923, #2832, .T. ) ;
#12800 = DIRECTION ( 'NONE',  ( -0.000000000000000000, -1.000000000000000000, -0.000000000000000000 ) ) ;
#12801 = ADVANCED_FACE ( 'NONE', ( #4226 ), #12232, .T. ) ;
#12802 = AXIS2_PLACEMENT_3D ( 'NONE', #10948, #11022, #8948 ) ;
#12803 = DIRECTION ( 'NONE',  ( 0.000000000000000000, 0.000000000000000000, -1.000000000000000000 ) ) ;
#12804 = ORIENTED_EDGE ( 'NONE', *, *, #2928, .F. ) ;
#12805 = AXIS2_PLACEMENT_3D ( 'NONE', #10564, #4416, #4540 ) ;
#12806 = DIRECTION ( 'NONE',  ( 0.000000000000000000, -1.000000000000000000, 0.000000000000000000 ) ) ;
#12807 = ORIENTED_EDGE ( 'NONE', *, *, #7938, .F. ) ;
#12808 = PERSON_AND_ORGANIZATION_ROLE ( 'design_supplier' ) ;
#12809 = EDGE_CURVE ( 'NONE', #12059, #7136, #7221, .T. ) ;
#12810 = EDGE_CURVE ( 'NONE', #6508, #12934, #10296, .T. ) ;
#12811 = ORIENTED_EDGE ( 'NONE', *, *, #6848, .T. ) ;
#12812 = AXIS2_PLACEMENT_3D ( 'NONE', #10991, #2985, #6916 ) ;
#12813 = COORDINATED_UNIVERSAL_TIME_OFFSET ( 5, 0, .BEHIND. ) ;
#12814 = DIRECTION ( 'NONE',  ( 0.000000000000000000, -0.000000000000000000, 1.000000000000000000 ) ) ;
#12815 = LOCAL_TIME ( 12, 23, 36.00000000000000000, #3095 ) ;
#12816 = CARTESIAN_POINT ( 'NONE',  ( 15.69999999999999929, 70.00000000000000000, 8.000000000000000000 ) ) ;
#12817 = DIRECTION ( 'NONE',  ( 1.000000000000000000, -0.000000000000000000, 0.000000000000000000 ) ) ;
#12818 = VECTOR ( 'NONE', #10167, 1000.000000000000000 ) ;
#12819 = DIRECTION ( 'NONE',  ( -1.000000000000000000, 0.000000000000000000, 0.000000000000000000 ) ) ;
#12820 = CARTESIAN_POINT ( 'NONE',  ( -7.299999999999998934, 66.00000000000000000, -6.000000000000000152E-06 ) ) ;
#12821 = CARTESIAN_POINT ( 'NONE',  ( 15.65686506842306791, 69.55753025008354484, -0.000000000000000000 ) ) ;
#12822 = VECTOR ( 'NONE', #6042, 1000.000000000000000 ) ;
#12823 = CC_DESIGN_APPROVAL ( #3528, ( #12619 ) ) ;
#12824 = DIRECTION ( 'NONE',  ( 0.000000000000000000, 1.000000000000000000, 0.000000000000000000 ) ) ;
#12825 = EDGE_LOOP ( 'NONE', ( #8946, #4574 ) ) ;
#12826 = CC_DESIGN_PERSON_AND_ORGANIZATION_ASSIGNMENT ( #1798, #9727, ( #6682 ) ) ;
#12827 = DIRECTION ( 'NONE',  ( -0.000000000000000000, -0.000000000000000000, -1.000000000000000000 ) ) ;
#12828 = CC_DESIGN_PERSON_AND_ORGANIZATION_ASSIGNMENT ( #11676, #8697, ( #5290 ) ) ;
#12829 = ORIENTED_EDGE ( 'NONE', *, *, #9911, .T. ) ;
#12830 = LINE ( 'NONE', #7762, #1646 ) ;
#12831 = AXIS2_PLACEMENT_3D ( 'NONE', #5059, #539, #7564 ) ;
#12832 = CARTESIAN_POINT ( 'NONE',  ( -10.50000000000000000, -1.300000000000000044, 0.000000000000000000 ) ) ;
#12833 = APPROVAL_STATUS ( 'not_yet_approved' ) ;
#12834 = APPROVAL_PERSON_ORGANIZATION ( #10243, #9798, #8319 ) ;
#12835 = LINE ( 'NONE', #2713, #1247 ) ;
#12836 = DIRECTION ( 'NONE',  ( 0.000000000000000000, -1.000000000000000000, 0.000000000000000000 ) ) ;
#12837 = CARTESIAN_POINT ( 'NONE',  ( 0.000000000000000000, 0.000000000000000000, 6.000000000000000000 ) ) ;
#12838 = CARTESIAN_POINT ( 'NONE',  ( -10.04297226076124794, 55.63871090099441830, -0.000000000000000000 ) ) ;
#12839 = PERSON ( 'NAUO-PER14', 'UNSPECIFIED', 'UNSPECIFIED', ('UNSPECIFIED'), ('UNSPECIFIED'), ('UNSPECIFIED') ) ;
#12840 = VERTEX_POINT ( 'NONE', #4075 ) ;
#12841 = CARTESIAN_POINT ( 'NONE',  ( -14.00000000000000000, 9.000000000000000000, 10.20000000000000107 ) ) ;
#12842 = ORIENTED_EDGE ( 'NONE', *, *, #5608, .T. ) ;
#12843 = ORIENTED_EDGE ( 'NONE', *, *, #7751, .F. ) ;
#12844 = DIRECTION ( 'NONE',  ( -0.000000000000000000, -0.000000000000000000, 1.000000000000000000 ) ) ;
#12845 = VERTEX_POINT ( 'NONE', #1182 ) ;
#12846 = VECTOR ( 'NONE', #10370, 1000.000000000000000 ) ;
#12847 = DIRECTION ( 'NONE',  ( 1.000000000000000000, 0.000000000000000000, 0.000000000000000000 ) ) ;
#12848 = PRODUCT_DEFINITION_FORMATION_WITH_SPECIFIED_SOURCE ( 'ä»', '', #1377, .NOT_KNOWN. ) ;
#12849 = DIRECTION ( 'NONE',  ( 1.000000000000000000, 0.000000000000000000, 0.000000000000000000 ) ) ;
#12850 = CARTESIAN_POINT ( 'NONE',  ( 0.5999999999999999778, 2.200000000000000178, -0.09997027095160138099 ) ) ;
#12851 = CARTESIAN_POINT ( 'NONE',  ( -12.00000000000000000, -7.000000000000000000, 16.69999999999999929 ) ) ;
#12852 = AXIS2_PLACEMENT_3D ( 'NONE', #7415, #11843, #10840 ) ;
#12853 = EDGE_CURVE ( 'NONE', #6386, #8933, #10378, .T. ) ;
#12854 = VECTOR ( 'NONE', #4090, 1000.000000000000000 ) ;
#12855 = CYLINDRICAL_SURFACE ( 'NONE', #5664, 1.700000000000000178 ) ;
#12856 = CARTESIAN_POINT ( 'NONE',  ( 2.552147338437895652, 0.5775901837055785748, -0.000000000000000000 ) ) ;
#12857 = VECTOR ( 'NONE', #6061, 1000.000000000000000 ) ;
#12858 = PRODUCT_DEFINITION_FORMATION_WITH_SPECIFIED_SOURCE ( 'ä»', '', #2327, .NOT_KNOWN. ) ;
#12859 = ORIENTED_EDGE ( 'NONE', *, *, #10627, .F. ) ;
#12860 = FACE_OUTER_BOUND ( 'NONE', #4117, .T. ) ;
#12861 = SHAPE_REPRESENTATION_RELATIONSHIP ( 'NONE' , 'NONE' ,  #8265, #508 ) ;
#12862 = EDGE_LOOP ( 'NONE', ( #7352, #11783, #4696, #8487 ) ) ;
#12863 = ORIENTED_EDGE ( 'NONE', *, *, #12939, .T. ) ;
#12864 = AXIS2_PLACEMENT_3D ( 'NONE', #1161, #2160, #10276 ) ;
#12865 = LINE ( 'NONE', #8874, #8577 ) ;
#12866 = PRODUCT ( 'V3_REF_block40', 'V3_REF_block40', '', ( #10751 ) ) ;
#12867 = CIRCLE ( 'NONE', #11385, 3.000000000000000000 ) ;
#12868 = CIRCLE ( 'NONE', #2920, 8.099999999999999645 ) ;
#12869 = EDGE_CURVE ( 'NONE', #1128, #2401, #11361, .T. ) ;
#12870 = CARTESIAN_POINT ( 'NONE',  ( 19.14151426980620840, 12.51560493047243661, 0.000000000000000000 ) ) ;
#12871 = ORIENTED_EDGE ( 'NONE', *, *, #6764, .F. ) ;
#12872 = VERTEX_POINT ( 'NONE', #2238 ) ;
#12873 = COORDINATED_UNIVERSAL_TIME_OFFSET ( 5, 0, .BEHIND. ) ;
#12874 = PERSON_AND_ORGANIZATION ( #12991, #11636 ) ;
#12875 = VECTOR ( 'NONE', #890, 1000.000000000000000 ) ;
#12876 = ORIENTED_EDGE ( 'NONE', *, *, #6895, .F. ) ;
#12877 = EDGE_CURVE ( 'NONE', #1950, #6425, #3222, .T. ) ;
#12878 = VECTOR ( 'NONE', #9376, 1000.000000000000000 ) ;
#12879 = CARTESIAN_POINT ( 'NONE',  ( -37.50000000000000000, -10.00000000000000000, 25.00000000000000000 ) ) ;
#12880 = DIRECTION ( 'NONE',  ( 1.000000000000000000, 0.000000000000000000, 0.000000000000000000 ) ) ;
#12881 = CYLINDRICAL_SURFACE ( 'NONE', #3379, 8.099999999999999645 ) ;
#12882 = CARTESIAN_POINT ( 'NONE',  ( -12.00000000000000000, 12.00000000000000000, 20.00000000000000000 ) ) ;
#12883 = VECTOR ( 'NONE', #11448, 1000.000000000000000 ) ;
#12884 = PERSON_AND_ORGANIZATION_ROLE ( 'design_owner' ) ;
#12885 = EDGE_CURVE ( 'NONE', #7378, #800, #1391, .T. ) ;
#12886 = AXIS2_PLACEMENT_3D ( 'NONE', #171, #8196, #4258 ) ;
#12887 = EDGE_CURVE ( 'NONE', #3796, #3845, #1330, .T. ) ;
#12888 = VECTOR ( 'NONE', #11222, 1000.000000000000000 ) ;
#12889 = CARTESIAN_POINT ( 'NONE',  ( 122.9571260429652142, 1.361190795265180498, 0.000000000000000000 ) ) ;
#12890 = DIRECTION ( 'NONE',  ( 1.000000000000000000, -0.000000000000000000, -0.000000000000000000 ) ) ;
#12891 = ORIENTED_EDGE ( 'NONE', *, *, #6840, .T. ) ;
#12892 = ORIENTED_EDGE ( 'NONE', *, *, #10005, .F. ) ;
#12893 = CARTESIAN_POINT ( 'NONE',  ( 24.30000000000000071, -45.00000000000000000, -1.200000000000000030E-05 ) ) ;
#12894 = FACE_BOUND ( 'NONE', #5683, .T. ) ;
#12895 = CARTESIAN_POINT ( 'NONE',  ( 18.34333309900601350, -14.44258473825220612, -0.000000000000000000 ) ) ;
#12896 = APPROVAL_DATE_TIME ( #12090, #10206 ) ;
#12897 = FACE_OUTER_BOUND ( 'NONE', #12926, .T. ) ;
#12898 = APPROVAL ( #8472, 'UNKNOWN' ) ;
#12899 = CC_DESIGN_PERSON_AND_ORGANIZATION_ASSIGNMENT ( #4146, #3838, ( #5418 ) ) ;
#12900 =( REPRESENTATION_RELATIONSHIP ('NONE','NONE', #6877, #4629 ) REPRESENTATION_RELATIONSHIP_WITH_TRANSFORMATION ( #3891 )SHAPE_REPRESENTATION_RELATIONSHIP( ) );
#12901 = CARTESIAN_POINT ( 'NONE',  ( -11.63433600334116846, 7.787970427872258128, 7.302702401752442007 ) ) ;
#12902 = PRODUCT_DEFINITION_FORMATION_WITH_SPECIFIED_SOURCE ( 'ä»', '', #10745, .NOT_KNOWN. ) ;
#12903 = CARTESIAN_POINT ( 'NONE',  ( -10.54980359593110428, 9.207328926581991979, 8.300000000000004263 ) ) ;
#12904 = FACE_OUTER_BOUND ( 'NONE', #12019, .T. ) ;
#12905 = ORIENTED_EDGE ( 'NONE', *, *, #6253, .F. ) ;
#12906 = DIRECTION ( 'NONE',  ( 0.000000000000000000, 1.000000000000000000, 0.000000000000000000 ) ) ;
#12907 = EDGE_LOOP ( 'NONE', ( #8209, #2409, #7121, #12166 ) ) ;
#12908 = ORIENTED_EDGE ( 'NONE', *, *, #12733, .T. ) ;
#12909 = CARTESIAN_POINT ( 'NONE',  ( 12.00000000000000000, -12.00000000000000000, 20.00000000000000000 ) ) ;
#12910 = ORIENTED_EDGE ( 'NONE', *, *, #3852, .T. ) ;
#12911 = PERSON_AND_ORGANIZATION_ROLE ( 'creator' ) ;
#12912 = CARTESIAN_POINT ( 'NONE',  ( -15.19999999999999929, 2.000000000000000000, 3.000000000000000000 ) ) ;
#12913 = AXIS2_PLACEMENT_3D ( 'NONE', #4065, #8951, #8077 ) ;
#12914 = CARTESIAN_POINT ( 'NONE',  ( 15.19999999999999929, 0.000000000000000000, 0.000000000000000000 ) ) ;
#12915 = CARTESIAN_POINT ( 'NONE',  ( 0.000000000000000000, 0.000000000000000000, 0.000000000000000000 ) ) ;
#12916 = PERSON_AND_ORGANIZATION_ROLE ( 'classification_officer' ) ;
#12917 = DATE_AND_TIME ( #891, #1936 ) ;
#12918 = EDGE_CURVE ( 'NONE', #7132, #2802, #2544, .T. ) ;
#12919 = APPROVAL_STATUS ( 'not_yet_approved' ) ;
#12920 = CARTESIAN_POINT ( 'NONE',  ( 31.00000000000000000, -1.200000000000000030E-05, 4.000000000000000000 ) ) ;
#12921 = DIRECTION ( 'NONE',  ( 1.000000000000000000, 0.000000000000000000, 0.000000000000000000 ) ) ;
#12922 = ORIENTED_EDGE ( 'NONE', *, *, #10174, .F. ) ;
#12923 = DIRECTION ( 'NONE',  ( -1.000000000000000000, 0.000000000000000000, -0.000000000000000000 ) ) ;
#12924 = CARTESIAN_POINT ( 'NONE',  ( 0.6000001017321888730, 2.529941645714209653, -8.999999999999988370E-06 ) ) ;
#12925 = CC_DESIGN_APPROVAL ( #2559, ( #7374 ) ) ;
#12926 = EDGE_LOOP ( 'NONE', ( #6952, #11601, #12322, #2389 ) ) ;
#12927 = DIRECTION ( 'NONE',  ( -1.000000000000000000, 0.000000000000000000, 0.000000000000000000 ) ) ;
#12928 = CONTEXT_DEPENDENT_SHAPE_REPRESENTATION ( #8913, #218 ) ;
#12929 = VERTEX_POINT ( 'NONE', #5401 ) ;
#12930 = VERTEX_POINT ( 'NONE', #6233 ) ;
#12931 = EDGE_CURVE ( 'NONE', #5153, #7327, #8207, .T. ) ;
#12932 = DIRECTION ( 'NONE',  ( -1.000000000000000000, -0.000000000000000000, -0.000000000000000000 ) ) ;
#12933 = LINE ( 'NONE', #8694, #2008 ) ;
#12934 = VERTEX_POINT ( 'NONE', #209 ) ;
#12935 = FACE_OUTER_BOUND ( 'NONE', #2495, .T. ) ;
#12936 = ORIENTED_EDGE ( 'NONE', *, *, #6240, .T. ) ;
#12937 = ORIENTED_EDGE ( 'NONE', *, *, #2430, .F. ) ;
#12938 = EDGE_CURVE ( 'NONE', #6255, #3300, #2110, .T. ) ;
#12939 = EDGE_CURVE ( 'NONE', #1286, #2815, #12363, .T. ) ;
#12940 = CARTESIAN_POINT ( 'NONE',  ( -10.50000000000000000, 59.50000000000000000, -1.200000000000000030E-05 ) ) ;
#12941 = CARTESIAN_POINT ( 'NONE',  ( -10.65666690099488711, 0.000000000000000000, 4.442584738250936027 ) ) ;
#12942 = LINE ( 'NONE', #3920, #10946 ) ;
#12943 = CARTESIAN_POINT ( 'NONE',  ( -0.5999999999999999778, 2.200000000000000178, 12.00000000000000000 ) ) ;
#12944 = PERSON_AND_ORGANIZATION ( #12991, #11636 ) ;
#12945 = CARTESIAN_POINT ( 'NONE',  ( 15.48432534211531220, 69.14134607987517711, 0.000000000000000000 ) ) ;
#12946 = CARTESIAN_POINT ( 'NONE',  ( -37.50000000000000000, 10.00000000000000000, 25.00000000000000000 ) ) ;
#12947 = DIRECTION ( 'NONE',  ( 0.000000000000000000, 0.000000000000000000, -1.000000000000000000 ) ) ;
#12948 = EDGE_LOOP ( 'NONE', ( #1797, #7725, #11787, #9916 ) ) ;
#12949 = DIRECTION ( 'NONE',  ( 0.000000000000000000, -1.000000000000000000, 0.000000000000000000 ) ) ;
#12950 = ORIENTED_EDGE ( 'NONE', *, *, #6383, .T. ) ;
#12951 = ADVANCED_FACE ( 'NONE', ( #3292 ), #8231, .F. ) ;
#12952 = EDGE_CURVE ( 'NONE', #692, #12790, #5697, .T. ) ;
#12953 = DIRECTION ( 'NONE',  ( -0.000000000000000000, -0.000000000000000000, -1.000000000000000000 ) ) ;
#12954 = PLANE ( 'NONE',  #12625 ) ;
#12955 = CARTESIAN_POINT ( 'NONE',  ( 21.69999999999999929, -14.00000000000000000, -6.000000000000000152E-06 ) ) ;
#12956 = PERSON_AND_ORGANIZATION_ROLE ( 'classification_officer' ) ;
#12957 = CARTESIAN_POINT ( 'NONE',  ( 11.93721609031033459, 7.314636773467316111, 9.745133196380875162 ) ) ;
#12958 = CARTESIAN_POINT ( 'NONE',  ( 0.000000000000000000, 0.000000000000000000, 90.00000000000000000 ) ) ;
#12959 = FACE_BOUND ( 'NONE', #9537, .T. ) ;
#12960 = DIRECTION ( 'NONE',  ( 0.000000000000000000, 0.000000000000000000, -1.000000000000000000 ) ) ;
#12961 = ORIENTED_EDGE ( 'NONE', *, *, #2113, .F. ) ;
#12962 = FACE_OUTER_BOUND ( 'NONE', #239, .T. ) ;
#12963 = ORIENTED_EDGE ( 'NONE', *, *, #12140, .T. ) ;
#12964 = AXIS2_PLACEMENT_3D ( 'NONE', #54, #10072, #9292 ) ;
#12965 = VERTEX_POINT ( 'NONE', #281 ) ;
#12966 = EDGE_CURVE ( 'NONE', #242, #2199, #128, .T. ) ;
#12967 = CC_DESIGN_DATE_AND_TIME_ASSIGNMENT ( #10293, #10374, ( #4717 ) ) ;
#12968 = CARTESIAN_POINT ( 'NONE',  ( 11.50000000000000000, -6.000000000000000000, 0.000000000000000000 ) ) ;
#12969 = ORIENTED_EDGE ( 'NONE', *, *, #11123, .T. ) ;
#12970 = CARTESIAN_POINT ( 'NONE',  ( 12.30000000000000249, 70.00000000000000000, -6.000000000000000152E-06 ) ) ;
#12971 = DIRECTION ( 'NONE',  ( 1.000000000000000000, 0.000000000000000000, 0.000000000000000000 ) ) ;
#12972 = DIRECTION ( 'NONE',  ( -0.000000000000000000, 1.000000000000000000, 0.000000000000000000 ) ) ;
#12973 = APPROVAL_ROLE ( '' ) ;
#12974 = COORDINATED_UNIVERSAL_TIME_OFFSET ( 5, 0, .BEHIND. ) ;
#12975 = CARTESIAN_POINT ( 'NONE',  ( 136.0000000000000000, 0.000000000000000000, -1.200000000000000030E-05 ) ) ;
#12976 = PLANE ( 'NONE',  #4420 ) ;
#12977 = EDGE_LOOP ( 'NONE', ( #8345, #8584, #7965, #9070 ) ) ;
#12978 = DIRECTION ( 'NONE',  ( 1.000000000000000000, 0.000000000000000000, 0.000000000000000000 ) ) ;
#12979 = VERTEX_POINT ( 'NONE', #2316 ) ;
#12980 = DIRECTION ( 'NONE',  ( 0.000000000000000000, 1.000000000000000000, 0.000000000000000000 ) ) ;
#12981 = CARTESIAN_POINT ( 'NONE',  ( -20.00000000000000000, 8.000000000000000000, 12.00000000000000000 ) ) ;
#12982 = PRODUCT_RELATED_PRODUCT_CATEGORY ( 'detail', '', ( #95 ) ) ;
#12983 = ORIENTED_EDGE ( 'NONE', *, *, #7986, .F. ) ;
#12984 = ADVANCED_FACE ( 'NONE', ( #6312 ), #11158, .T. ) ;
#12985 = EDGE_LOOP ( 'NONE', ( #9450, #1419, #10285, #7985 ) ) ;
#12986 = AXIS2_PLACEMENT_3D ( 'NONE', #767, #737, #10768 ) ;
#12987 = CARTESIAN_POINT ( 'NONE',  ( 0.5999999999999998668, 9.000000000000000000, 11.70000000000000107 ) ) ;
#12988 = CARTESIAN_POINT ( 'NONE',  ( -10.50000000000000000, 1.300000000000000044, 0.000000000000000000 ) ) ;
#12989 = ORIENTED_EDGE ( 'NONE', *, *, #9216, .F. ) ;
#12990 = VERTEX_POINT ( 'NONE', #4145 ) ;
#12991 = PERSON ( 'æœª', 'æœª', 'æœª', ('æœª'), ('æœª'), ('æœª') ) ;
#12992 = ORIENTED_EDGE ( 'NONE', *, *, #3181, .T. ) ;
#12993 = CARTESIAN_POINT ( 'NONE',  ( -24.30000000000000071, 57.00000000000000000, 0.000000000000000000 ) ) ;
#12994 = AXIS2_PLACEMENT_3D ( 'NONE', #2882, #6871, #1777 ) ;
#12995 = DIRECTION ( 'NONE',  ( 1.000000000000000000, 0.000000000000000000, 0.000000000000000000 ) ) ;
#12996 = CARTESIAN_POINT ( 'NONE',  ( 21.70006951123505345, -0.000000000000000000, 11.77491600511191550 ) ) ;
#12997 = CARTESIAN_POINT ( 'NONE',  ( -27.69999999999999929, 45.00000000000000000, -1.200000000000000030E-05 ) ) ;
#12998 = PERSON_AND_ORGANIZATION ( #12991, #11636 ) ;
#12999 = EDGE_CURVE ( 'NONE', #7947, #11272, #8163, .T. ) ;
#13000 = LINE ( 'NONE', #9818, #11059 ) ;
#13001 = ADVANCED_FACE ( 'NONE', ( #2295 ), #4276, .F. ) ;
#13002 = VERTEX_POINT ( 'NONE', #1373 ) ;
#13003 = DIRECTION ( 'NONE',  ( 1.000000000000000000, 0.000000000000000000, 0.000000000000000000 ) ) ;
#13004 = CARTESIAN_POINT ( 'NONE',  ( -10.69999999999999929, 66.00000000000000000, -6.000000000000000152E-06 ) ) ;
#13005 = EDGE_LOOP ( 'NONE', ( #3008, #6646, #2725, #3360 ) ) ;
#13006 = DIRECTION ( 'NONE',  ( 1.000000000000000000, 0.000000000000000000, 0.000000000000000000 ) ) ;
#13007 = AXIS2_PLACEMENT_3D ( 'NONE', #11245, #8327, #9396 ) ;
#13008 = EDGE_CURVE ( 'NONE', #1400, #6768, #6293, .T. ) ;
#13009 = VECTOR ( 'NONE', #1038, 1000.000000000000000 ) ;
#13010 = PERSON_AND_ORGANIZATION_ROLE ( 'design_supplier' ) ;
#13011 = CARTESIAN_POINT ( 'NONE',  ( 43.00000000000000000, 81.00000000000000000, 6.000000000000000000 ) ) ;
#13012 = LOCAL_TIME ( 12, 23, 36.00000000000000000, #1791 ) ;
#13013 = ORIENTED_EDGE ( 'NONE', *, *, #11496, .F. ) ;
#13014 = CARTESIAN_POINT ( 'NONE',  ( -14.00000000000000000, 0.000000000000000000, 0.000000000000000000 ) ) ;
#13015 = CARTESIAN_POINT ( 'NONE',  ( -11.90000000000000036, -6.400000000000000355, 3.000000000000000000 ) ) ;
#13016 = CARTESIAN_POINT ( 'NONE',  ( 6.000000000000000000, 0.000000000000000000, 0.000000000000000000 ) ) ;
#13017 = DATE_AND_TIME ( #4875, #9943 ) ;
#13018 = CARTESIAN_POINT ( 'NONE',  ( -20.00000000000000000, 14.00000000000000000, -1.200000000000000030E-05 ) ) ;
#13019 = DIRECTION ( 'NONE',  ( -1.000000000000000000, 0.000000000000000000, -0.000000000000000000 ) ) ;
#13020 = VECTOR ( 'NONE', #5282, 1000.000000000000000 ) ;
#13021 = APPROVAL_PERSON_ORGANIZATION ( #5507, #5984, #7533 ) ;
#13022 = DIRECTION ( 'NONE',  ( 0.000000000000000000, 0.000000000000000000, -1.000000000000000000 ) ) ;
#13023 = EDGE_CURVE ( 'NONE', #651, #10199, #1428, .T. ) ;
#13024 = PLANE ( 'NONE',  #11719 ) ;
#13025 = LINE ( 'NONE', #12036, #9837 ) ;
#13026 = ORIENTED_EDGE ( 'NONE', *, *, #9626, .T. ) ;
#13027 = DIRECTION ( 'NONE',  ( -0.000000000000000000, 1.000000000000000000, 0.000000000000000000 ) ) ;
#13028 = AXIS2_PLACEMENT_3D ( 'NONE', #4013, #3160, #6162 ) ;
#13029 = ORIENTED_EDGE ( 'NONE', *, *, #6264, .T. ) ;
#13030 = CC_DESIGN_APPROVAL ( #11828, ( #3735 ) ) ;
#13031 = PLANE ( 'NONE',  #1637 ) ;
#13032 = ORIENTED_EDGE ( 'NONE', *, *, #2282, .F. ) ;
#13033 = CALENDAR_DATE ( 2026, 21, 9 ) ;
#13034 = LINE ( 'NONE', #3957, #8195 ) ;
#13035 = CARTESIAN_POINT ( 'NONE',  ( -34.00000000000000000, 5.000000000000000000, -1.200000000000000030E-05 ) ) ;
#13036 = CIRCLE ( 'NONE', #11755, 8.000000000000000000 ) ;
#13037 = PERSON_AND_ORGANIZATION ( #12991, #11636 ) ;
#13038 = CARTESIAN_POINT ( 'NONE',  ( 0.000000000000000000, 0.000000000000000000, -1.200000000000000030E-05 ) ) ;
#13039 = APPROVAL_ROLE ( '' ) ;
#13040 = DIRECTION ( 'NONE',  ( 1.000000000000000000, -0.000000000000000000, -0.000000000000000000 ) ) ;
#13041 = VECTOR ( 'NONE', #1158, 1000.000000000000000 ) ;
#13042 = ADVANCED_FACE ( 'NONE', ( #11402 ), #1225, .F. ) ;
#13043 = EDGE_CURVE ( 'NONE', #3200, #7210, #235, .T. ) ;
#13044 = CARTESIAN_POINT ( 'NONE',  ( -20.85853893178909502, -12.51547649045524224, -0.000000000000000000 ) ) ;
#13045 = ORIENTED_EDGE ( 'NONE', *, *, #7233, .F. ) ;
#13046 = FACE_OUTER_BOUND ( 'NONE', #8873, .T. ) ;
#13047 = EDGE_LOOP ( 'NONE', ( #11345, #480, #6054, #6205 ) ) ;
#13048 = CARTESIAN_POINT ( 'NONE',  ( 24.30000000000000071, 45.00000000000000000, 5.000000000000000000 ) ) ;
#13049 = CARTESIAN_POINT ( 'NONE',  ( -11.94667935274166837, 7.299099505034237545, 9.755229362243063918 ) ) ;
#13050 = ORIENTED_EDGE ( 'NONE', *, *, #1656, .F. ) ;
#13051 = ORIENTED_EDGE ( 'NONE', *, *, #2364, .F. ) ;
#13052 = LOCAL_TIME ( 12, 23, 36.00000000000000000, #6492 ) ;
#13053 = AXIS2_PLACEMENT_3D ( 'NONE', #2153, #12723, #7643 ) ;
#13054 = FACE_OUTER_BOUND ( 'NONE', #11188, .T. ) ;
#13055 = APPROVAL_STATUS ( 'not_yet_approved' ) ;
#13056 = CC_DESIGN_PERSON_AND_ORGANIZATION_ASSIGNMENT ( #4670, #11678, ( #3551 ) ) ;
#13057 = AXIS2_PLACEMENT_3D ( 'NONE', #10392, #10587, #355 ) ;
#13058 = CC_DESIGN_PERSON_AND_ORGANIZATION_ASSIGNMENT ( #8635, #4784, ( #4804 ) ) ;
#13059 = LOCAL_TIME ( 12, 23, 36.00000000000000000, #8295 ) ;
#13060 = CARTESIAN_POINT ( 'NONE',  ( 0.000000000000000000, 0.000000000000000000, 0.000000000000000000 ) ) ;
#13061 = DIRECTION ( 'NONE',  ( 0.000000000000000000, 0.000000000000000000, -1.000000000000000000 ) ) ;
#13062 = NEXT_ASSEMBLY_USAGE_OCCURRENCE ( 'NAUO1', ' ', ' ', #1531, #6948, $ ) ;
#13063 = NEXT_ASSEMBLY_USAGE_OCCURRENCE ( 'NAUO2', ' ', ' ', #1531, #7120, $ ) ;
#13064 = NEXT_ASSEMBLY_USAGE_OCCURRENCE ( 'NAUO3', ' ', ' ', #1531, #7120, $ ) ;
#13065 = NEXT_ASSEMBLY_USAGE_OCCURRENCE ( 'NAUO4', ' ', ' ', #1531, #7120, $ ) ;
#13066 = NEXT_ASSEMBLY_USAGE_OCCURRENCE ( 'NAUO5', ' ', ' ', #1531, #7120, $ ) ;
#13067 = NEXT_ASSEMBLY_USAGE_OCCURRENCE ( 'NAUO6', ' ', ' ', #1531, #10051, $ ) ;
#13068 = NEXT_ASSEMBLY_USAGE_OCCURRENCE ( 'NAUO7', ' ', ' ', #1531, #2863, $ ) ;
#13069 = NEXT_ASSEMBLY_USAGE_OCCURRENCE ( 'NAUO8', ' ', ' ', #1531, #11451, $ ) ;
#13070 = NEXT_ASSEMBLY_USAGE_OCCURRENCE ( 'NAUO9', ' ', ' ', #1531, #10639, $ ) ;
#13071 = NEXT_ASSEMBLY_USAGE_OCCURRENCE ( 'NAUO10', ' ', ' ', #1531, #10639, $ ) ;
#13072 = NEXT_ASSEMBLY_USAGE_OCCURRENCE ( 'NAUO11', ' ', ' ', #1531, #1262, $ ) ;
#13073 = NEXT_ASSEMBLY_USAGE_OCCURRENCE ( 'NAUO12', ' ', ' ', #1531, #1262, $ ) ;
#13074 = NEXT_ASSEMBLY_USAGE_OCCURRENCE ( 'NAUO13', ' ', ' ', #1531, #4717, $ ) ;
#13075 = NEXT_ASSEMBLY_USAGE_OCCURRENCE ( 'NAUO14', ' ', ' ', #1531, #4717, $ ) ;
#13076 = NEXT_ASSEMBLY_USAGE_OCCURRENCE ( 'NAUO15', ' ', ' ', #1531, #304, $ ) ;
#13077 = NEXT_ASSEMBLY_USAGE_OCCURRENCE ( 'NAUO16', ' ', ' ', #1531, #3617, $ ) ;
#13078 = NEXT_ASSEMBLY_USAGE_OCCURRENCE ( 'NAUO17', ' ', ' ', #1531, #3617, $ ) ;
#13079 = NEXT_ASSEMBLY_USAGE_OCCURRENCE ( 'NAUO18', ' ', ' ', #1531, #708, $ ) ;
#13080 = NEXT_ASSEMBLY_USAGE_OCCURRENCE ( 'NAUO19', ' ', ' ', #1531, #7191, $ ) ;
#13081 = NEXT_ASSEMBLY_USAGE_OCCURRENCE ( 'NAUO20', ' ', ' ', #1531, #2149, $ ) ;
#13082 = NEXT_ASSEMBLY_USAGE_OCCURRENCE ( 'NAUO21', ' ', ' ', #1531, #9410, $ ) ;
#13083 = NEXT_ASSEMBLY_USAGE_OCCURRENCE ( 'NAUO22', ' ', ' ', #1531, #7374, $ ) ;
#13084 = NEXT_ASSEMBLY_USAGE_OCCURRENCE ( 'NAUO23', ' ', ' ', #1531, #7770, $ ) ;
#13085 = NEXT_ASSEMBLY_USAGE_OCCURRENCE ( 'NAUO24', ' ', ' ', #1531, #1914, $ ) ;
#13086 = NEXT_ASSEMBLY_USAGE_OCCURRENCE ( 'NAUO25', ' ', ' ', #1531, #1914, $ ) ;
#13087 = NEXT_ASSEMBLY_USAGE_OCCURRENCE ( 'NAUO26', ' ', ' ', #1531, #4804, $ ) ;
ENDSEC;
END-ISO-10303-21;
