ISO-10303-21;
HEADER;
FILE_DESCRIPTION (( 'STEP AP203' ),
    '1' );
FILE_NAME ('V3_07_servo_stand.STEP',
    '2026-09-21T16:21:36',
    ( '15300530775@163.com' ),
    ( '' ),
    'SwSTEP 2.0',
    'SolidWorks 2026',
    '' );
FILE_SCHEMA (( 'CONFIG_CONTROL_DESIGN' ));
ENDSEC;

DATA;
#1 = ORIENTED_EDGE ( 'NONE', *, *, #232, .T. ) ;
#2 = PLANE ( 'NONE',  #721 ) ;
#3 = EDGE_CURVE ( 'NONE', #188, #1127, #853, .T. ) ;
#4 = EDGE_LOOP ( 'NONE', ( #1633, #279, #1536, #1184, #979, #900 ) ) ;
#5 = CARTESIAN_POINT ( 'NONE',  ( 31.00000000000000000, -1.200000000000000030E-05, 11.29999999999999893 ) ) ;
#6 = FACE_BOUND ( 'NONE', #471, .T. ) ;
#7 = EDGE_LOOP ( 'NONE', ( #656, #1744 ) ) ;
#8 = CYLINDRICAL_SURFACE ( 'NONE', #1216, 1.700000000000000178 ) ;
#9 = DIRECTION ( 'NONE',  ( -1.000000000000000000, 0.000000000000000000, 0.000000000000000000 ) ) ;
#10 = ORIENTED_EDGE ( 'NONE', *, *, #1357, .T. ) ;
#11 = FACE_OUTER_BOUND ( 'NONE', #571, .T. ) ;
#12 = EDGE_CURVE ( 'NONE', #213, #818, #175, .T. ) ;
#13 = VERTEX_POINT ( 'NONE', #56 ) ;
#14 = ORIENTED_EDGE ( 'NONE', *, *, #1591, .F. ) ;
#15 = CARTESIAN_POINT ( 'NONE',  ( 31.00000000000000000, -6.000000000000000152E-06, 5.700000000000000178 ) ) ;
#16 = ADVANCED_FACE ( 'NONE', ( #614 ), #633, .F. ) ;
#17 = AXIS2_PLACEMENT_3D ( 'NONE', #608, #1158, #765 ) ;
#18 = AXIS2_PLACEMENT_3D ( 'NONE', #339, #1430, #350 ) ;
#19 = CARTESIAN_POINT ( 'NONE',  ( -11.59999999999999964, 0.000000000000000000, -0.000000000000000000 ) ) ;
#20 = DIRECTION ( 'NONE',  ( 0.000000000000000000, -1.000000000000000000, 0.000000000000000000 ) ) ;
#21 = EDGE_LOOP ( 'NONE', ( #1630, #1552, #1086, #799 ) ) ;
#22 = AXIS2_PLACEMENT_3D ( 'NONE', #598, #199, #1657 ) ;
#23 = CARTESIAN_POINT ( 'NONE',  ( 35.60000000000000142, 0.000000000000000000, 6.000000000000000000 ) ) ;
#24 = B_SPLINE_CURVE_WITH_KNOTS ( 'NONE', 3,
 ( #1253, #825, #157, #433, #27, #718, #1123, #567, #1382, #1262, #977, #36, #946, #851, #573, #1481, #291, #257 ),
 .UNSPECIFIED., .F., .F.,
 ( 4, 2, 2, 2, 2, 2, 2, 2, 4 ),
 ( 0.5000000000000000000, 0.5625000000000000000, 0.6250000000000000000, 0.6875000000000000000, 0.7500000000000000000, 0.8125000000000000000, 0.8750000000000000000, 0.9375000000000000000, 1.000000000000000000 ),
 .UNSPECIFIED. ) ;
#25 = VECTOR ( 'NONE', #1419, 1000.000000000000000 ) ;
#26 = EDGE_CURVE ( 'NONE', #1157, #1732, #1412, .T. ) ;
#27 = CARTESIAN_POINT ( 'NONE',  ( -10.04287395703057761, 0.000000000000000000, 11.63880920472889358 ) ) ;
#28 = DIRECTION ( 'NONE',  ( 1.000000000000000000, -0.000000000000000000, 0.000000000000000000 ) ) ;
#29 = CARTESIAN_POINT ( 'NONE',  ( -10.50000000000000000, 80.50000000000000000, 6.000000000000000000 ) ) ;
#30 = LINE ( 'NONE', #1265, #169 ) ;
#31 = ADVANCED_FACE ( 'NONE', ( #744 ), #77, .F. ) ;
#32 = ORIENTED_EDGE ( 'NONE', *, *, #1212, .F. ) ;
#33 = EDGE_LOOP ( 'NONE', ( #14, #1700, #1168, #1704 ) ) ;
#34 = LINE ( 'NONE', #1550, #564 ) ;
#35 = CARTESIAN_POINT ( 'NONE',  ( 31.44258473824912414, -0.000000000000000000, 14.65666690099519975 ) ) ;
#36 = CARTESIAN_POINT ( 'NONE',  ( -10.48452350954348766, -0.000000000000000000, 13.85853893179037044 ) ) ;
#37 = DIRECTION ( 'NONE',  ( -0.000000000000000000, -0.000000000000000000, 1.000000000000000000 ) ) ;
#38 = VERTEX_POINT ( 'NONE', #1198 ) ;
#39 = DIRECTION ( 'NONE',  ( -1.000000000000000000, 0.000000000000000000, -0.000000000000000000 ) ) ;
#40 = VERTEX_POINT ( 'NONE', #481 ) ;
#41 = CARTESIAN_POINT ( 'NONE',  ( -8.774916005114079098, -0.000000000000000000, 11.30006951123579029 ) ) ;
#42 = DIRECTION ( 'NONE',  ( -1.000000000000000000, 0.000000000000000000, 0.000000000000000000 ) ) ;
#43 = ORIENTED_EDGE ( 'NONE', *, *, #54, .T. ) ;
#44 = PLANE ( 'NONE',  #1521 ) ;
#45 = EDGE_CURVE ( 'NONE', #421, #622, #185, .T. ) ;
#46 = AXIS2_PLACEMENT_3D ( 'NONE', #102, #1576, #908 ) ;
#47 = CIRCLE ( 'NONE', #272, 1.700000000000000178 ) ;
#48 = CARTESIAN_POINT ( 'NONE',  ( 31.60000000000000142, 62.50000000000000000, -1.200000000000000030E-05 ) ) ;
#49 = AXIS2_PLACEMENT_3D ( 'NONE', #1022, #923, #758 ) ;
#50 = CARTESIAN_POINT ( 'NONE',  ( 35.60000000000000142, 77.50000000000000000, 0.000000000000000000 ) ) ;
#51 = CARTESIAN_POINT ( 'NONE',  ( 29.30006951123653636, 0.000000000000000000, 12.77491600511587677 ) ) ;
#52 = CARTESIAN_POINT ( 'NONE',  ( -9.000000000000000000, 59.50000000000000000, 4.000000000000000000 ) ) ;
#53 = ORIENTED_EDGE ( 'NONE', *, *, #860, .T. ) ;
#54 = EDGE_CURVE ( 'NONE', #13, #1369, #423, .T. ) ;
#55 = LINE ( 'NONE', #1687, #164 ) ;
#56 = CARTESIAN_POINT ( 'NONE',  ( 31.60000000000000142, 77.50000000000000000, 5.590597372058685011 ) ) ;
#57 = DIRECTION ( 'NONE',  ( 1.000000000000000000, -0.000000000000000000, 0.000000000000000000 ) ) ;
#58 = CARTESIAN_POINT ( 'NONE',  ( 32.04287395702758801, 0.000000000000000000, 5.361190795275187604 ) ) ;
#59 = LINE ( 'NONE', #746, #872 ) ;
#60 = VERTEX_POINT ( 'NONE', #1040 ) ;
#61 = DIRECTION ( 'NONE',  ( 0.000000000000000000, 0.000000000000000000, 1.000000000000000000 ) ) ;
#62 = VERTEX_POINT ( 'NONE', #1445 ) ;
#63 = FACE_BOUND ( 'NONE', #1517, .T. ) ;
#64 = EDGE_CURVE ( 'NONE', #1734, #228, #34, .T. ) ;
#65 = CARTESIAN_POINT ( 'NONE',  ( 31.85848573019362817, 0.000000000000000000, 2.515604930472431722 ) ) ;
#66 = LINE ( 'NONE', #1148, #1320 ) ;
#67 = ORIENTED_EDGE ( 'NONE', *, *, #588, .T. ) ;
#68 = VECTOR ( 'NONE', #448, 1000.000000000000000 ) ;
#69 = ORIENTED_EDGE ( 'NONE', *, *, #991, .F. ) ;
#70 = CARTESIAN_POINT ( 'NONE',  ( 29.63880920472810132, 0.000000000000000000, 5.042873957030161058 ) ) ;
#71 = EDGE_CURVE ( 'NONE', #863, #421, #1136, .T. ) ;
#72 = DIRECTION ( 'NONE',  ( -1.000000000000000000, 0.000000000000000000, 0.000000000000000000 ) ) ;
#73 = VERTEX_POINT ( 'NONE', #1672 ) ;
#74 = CARTESIAN_POINT ( 'NONE',  ( -15.59999999999999964, 62.50000000000000000, 6.000000000000000000 ) ) ;
#75 = ORIENTED_EDGE ( 'NONE', *, *, #1046, .F. ) ;
#76 = ORIENTED_EDGE ( 'NONE', *, *, #226, .T. ) ;
#77 = PLANE ( 'NONE',  #49 ) ;
#78 = VECTOR ( 'NONE', #342, 1000.000000000000000 ) ;
#79 = CARTESIAN_POINT ( 'NONE',  ( -10.36119079527047404, 0.000000000000000000, 5.042873957031213550 ) ) ;
#80 = VECTOR ( 'NONE', #1710, 1000.000000000000000 ) ;
#81 = DIRECTION ( 'NONE',  ( 0.000000000000000000, -1.000000000000000000, 0.000000000000000000 ) ) ;
#82 = VERTEX_POINT ( 'NONE', #855 ) ;
#83 = EDGE_LOOP ( 'NONE', ( #829, #366, #206, #673 ) ) ;
#84 = LINE ( 'NONE', #1713, #1610 ) ;
#85 = APPLICATION_PROTOCOL_DEFINITION ( 'international standard', 'config_control_design', 1994, #1409 ) ;
#86 = CARTESIAN_POINT ( 'NONE',  ( -15.59999999999999964, 77.50000000000000000, -1.200000000000000030E-05 ) ) ;
#87 = ORIENTED_EDGE ( 'NONE', *, *, #261, .F. ) ;
#88 = DIRECTION ( 'NONE',  ( 0.000000000000000000, 0.000000000000000000, 1.000000000000000000 ) ) ;
#89 = ORIENTED_EDGE ( 'NONE', *, *, #376, .F. ) ;
#90 = DIRECTION ( 'NONE',  ( 0.000000000000000000, 0.000000000000000000, 1.000000000000000000 ) ) ;
#91 = CARTESIAN_POINT ( 'NONE',  ( -21.00000000000000000, 0.000000000000000000, 17.00000000000000000 ) ) ;
#92 = FACE_OUTER_BOUND ( 'NONE', #513, .T. ) ;
#93 = ADVANCED_FACE ( 'NONE', ( #1129 ), #325, .F. ) ;
#94 = ORIENTED_EDGE ( 'NONE', *, *, #1077, .F. ) ;
#95 = CIRCLE ( 'NONE', #1037, 1.700000000000000178 ) ;
#96 = DIRECTION ( 'NONE',  ( 0.000000000000000000, 0.000000000000000000, 1.000000000000000000 ) ) ;
#97 = ORIENTED_EDGE ( 'NONE', *, *, #973, .T. ) ;
#98 = CARTESIAN_POINT ( 'NONE',  ( -21.00000000000000000, 81.00000000000000000, 0.000000000000000000 ) ) ;
#99 = VECTOR ( 'NONE', #1498, 1000.000000000000000 ) ;
#100 = DIRECTION ( 'NONE',  ( 0.000000000000000000, 1.000000000000000000, 0.000000000000000000 ) ) ;
#101 = CARTESIAN_POINT ( 'NONE',  ( -21.00000000000000000, 8.000000000000000000, 17.00000000000000000 ) ) ;
#102 = CARTESIAN_POINT ( 'NONE',  ( 31.60000000000000142, 62.50000000000000000, -1.200000000000000030E-05 ) ) ;
#103 = EDGE_LOOP ( 'NONE', ( #1398, #1141, #1026, #917 ) ) ;
#104 = ORIENTED_EDGE ( 'NONE', *, *, #482, .T. ) ;
#105 = FACE_OUTER_BOUND ( 'NONE', #83, .T. ) ;
#106 = CARTESIAN_POINT ( 'NONE',  ( -11.59999999999999964, 0.000000000000000000, 6.000000000000000000 ) ) ;
#107 = ORIENTED_EDGE ( 'NONE', *, *, #767, .F. ) ;
#108 = CARTESIAN_POINT ( 'NONE',  ( -10.48439506952756517, 0.000000000000000000, 3.141514269806205295 ) ) ;
#109 = LINE ( 'NONE', #1321, #1283 ) ;
#110 = DIRECTION ( 'NONE',  ( -0.000000000000000000, 1.000000000000000000, -0.000000000000000000 ) ) ;
#111 = DIRECTION ( 'NONE',  ( 0.000000000000000000, -0.000000000000000000, -1.000000000000000000 ) ) ;
#112 = DIRECTION ( 'NONE',  ( -0.000000000000000000, -0.000000000000000000, 1.000000000000000000 ) ) ;
#113 = ORIENTED_EDGE ( 'NONE', *, *, #597, .T. ) ;
#114 = LINE ( 'NONE', #5, #1523 ) ;
#115 = DATE_AND_TIME ( #1025, #983 ) ;
#116 = EDGE_CURVE ( 'NONE', #1581, #1329, #1015, .T. ) ;
#117 = ORIENTED_EDGE ( 'NONE', *, *, #220, .F. ) ;
#118 = DIRECTION ( 'NONE',  ( -0.000000000000000000, 1.000000000000000000, -0.000000000000000000 ) ) ;
#119 = DIRECTION ( 'NONE',  ( 0.000000000000000000, -1.000000000000000000, 0.000000000000000000 ) ) ;
#120 = ORIENTED_EDGE ( 'NONE', *, *, #190, .T. ) ;
#121 = DIRECTION ( 'NONE',  ( 0.000000000000000000, 0.000000000000000000, 1.000000000000000000 ) ) ;
#122 = EDGE_LOOP ( 'NONE', ( #1752, #1326, #94, #1720 ) ) ;
#123 = EDGE_LOOP ( 'NONE', ( #790, #1313, #546, #836 ) ) ;
#124 = DIRECTION ( 'NONE',  ( -0.000000000000000000, 1.000000000000000000, 0.000000000000000000 ) ) ;
#125 = VERTEX_POINT ( 'NONE', #1392 ) ;
#126 = CIRCLE ( 'NONE', #1188, 1.700000000000000178 ) ;
#127 = EDGE_CURVE ( 'NONE', #1329, #1033, #301, .T. ) ;
#128 = LINE ( 'NONE', #559, #822 ) ;
#129 = VECTOR ( 'NONE', #1738, 1000.000000000000000 ) ;
#130 = CIRCLE ( 'NONE', #850, 1.700000000000000178 ) ;
#131 = DIRECTION ( 'NONE',  ( -1.000000000000000000, 0.000000000000000000, -0.000000000000000000 ) ) ;
#132 = ORIENTED_EDGE ( 'NONE', *, *, #1679, .T. ) ;
#133 = DIRECTION ( 'NONE',  ( 0.000000000000000000, 1.000000000000000000, 0.000000000000000000 ) ) ;
#134 = EDGE_LOOP ( 'NONE', ( #180, #107, #1068, #1376 ) ) ;
#135 = PERSON_AND_ORGANIZATION_ROLE ( 'creator' ) ;
#136 = ORIENTED_EDGE ( 'NONE', *, *, #1623, .F. ) ;
#137 = CARTESIAN_POINT ( 'NONE',  ( -15.59999999999999964, 77.50000000000000000, -1.200000000000000030E-05 ) ) ;
#138 = LINE ( 'NONE', #1383, #756 ) ;
#139 = LINE ( 'NONE', #569, #283 ) ;
#140 = ORIENTED_EDGE ( 'NONE', *, *, #1340, .F. ) ;
#141 = ADVANCED_FACE ( 'NONE', ( #604, #63, #1144 ), #191, .F. ) ;
#142 = DIRECTION ( 'NONE',  ( 0.000000000000000000, -1.000000000000000000, 0.000000000000000000 ) ) ;
#143 = VECTOR ( 'NONE', #1678, 1000.000000000000000 ) ;
#144 = DIRECTION ( 'NONE',  ( 0.000000000000000000, 0.000000000000000000, 1.000000000000000000 ) ) ;
#145 = LINE ( 'NONE', #1242, #1108 ) ;
#146 = ORIENTED_EDGE ( 'NONE', *, *, #1604, .T. ) ;
#147 = VERTEX_POINT ( 'NONE', #885 ) ;
#148 = DIRECTION ( 'NONE',  ( -1.000000000000000000, 0.000000000000000000, -0.000000000000000000 ) ) ;
#149 = DIRECTION ( 'NONE',  ( -0.000000000000000000, 1.000000000000000000, -0.000000000000000000 ) ) ;
#150 = CARTESIAN_POINT ( 'NONE',  ( 0.000000000000000000, 67.50000000000000000, 0.000000000000000000 ) ) ;
#151 = LINE ( 'NONE', #700, #1054 ) ;
#152 = ORIENTED_EDGE ( 'NONE', *, *, #197, .T. ) ;
#153 = CARTESIAN_POINT ( 'NONE',  ( -15.59999999999999964, 62.50000000000000000, -1.200000000000000030E-05 ) ) ;
#154 = EDGE_CURVE ( 'NONE', #1030, #1343, #55, .T. ) ;
#155 = CARTESIAN_POINT ( 'NONE',  ( 31.19999999999999929, 59.50000000000000000, -1.200000000000000030E-05 ) ) ;
#156 = ORIENTED_EDGE ( 'NONE', *, *, #482, .F. ) ;
#157 = CARTESIAN_POINT ( 'NONE',  ( -9.442584738251570187, -0.000000000000000000, 11.34333309900574704 ) ) ;
#158 = VECTOR ( 'NONE', #292, 1000.000000000000000 ) ;
#159 = EDGE_LOOP ( 'NONE', ( #723, #766, #395, #577 ) ) ;
#160 = DIRECTION ( 'NONE',  ( 0.000000000000000000, 1.000000000000000000, 0.000000000000000000 ) ) ;
#161 = PLANE ( 'NONE',  #1505 ) ;
#162 = DIRECTION ( 'NONE',  ( 0.000000000000000000, 0.000000000000000000, 1.000000000000000000 ) ) ;
#163 = EDGE_CURVE ( 'NONE', #1490, #674, #743, .T. ) ;
#164 = VECTOR ( 'NONE', #578, 1000.000000000000000 ) ;
#165 = DIRECTION ( 'NONE',  ( -1.000000000000000000, 0.000000000000000000, -0.000000000000000000 ) ) ;
#166 = LINE ( 'NONE', #720, #204 ) ;
#167 = ORIENTED_EDGE ( 'NONE', *, *, #1126, .F. ) ;
#168 = ORIENTED_EDGE ( 'NONE', *, *, #1455, .T. ) ;
#169 = VECTOR ( 'NONE', #39, 1000.000000000000000 ) ;
#170 = DIRECTION ( 'NONE',  ( 0.000000000000000000, -1.000000000000000000, 0.000000000000000000 ) ) ;
#171 = EDGE_CURVE ( 'NONE', #685, #1459, #1289, .T. ) ;
#172 = CARTESIAN_POINT ( 'NONE',  ( -8.774748043453211466, 0.000000000000000000, 14.70000000000000107 ) ) ;
#173 = CARTESIAN_POINT ( 'NONE',  ( -9.000000000000000000, 59.50000000000000000, 2.299999999999999822 ) ) ;
#174 = DIRECTION ( 'NONE',  ( 0.000000000000000000, -1.000000000000000000, 0.000000000000000000 ) ) ;
#175 = LINE ( 'NONE', #729, #1437 ) ;
#176 = DIRECTION ( 'NONE',  ( -0.000000000000000000, -0.000000000000000000, 1.000000000000000000 ) ) ;
#177 = CARTESIAN_POINT ( 'NONE',  ( 29.63871090099800654, -0.000000000000000000, 11.95702773923367168 ) ) ;
#178 = EDGE_CURVE ( 'NONE', #1418, #1507, #589, .T. ) ;
#179 = CARTESIAN_POINT ( 'NONE',  ( -10.50000000000000000, 0.000000000000000000, 6.000000000000000000 ) ) ;
#180 = ORIENTED_EDGE ( 'NONE', *, *, #1522, .F. ) ;
#181 = LINE ( 'NONE', #153, #690 ) ;
#182 = LINE ( 'NONE', #570, #1170 ) ;
#183 = VECTOR ( 'NONE', #1183, 1000.000000000000000 ) ;
#184 = EDGE_LOOP ( 'NONE', ( #1057, #804, #562, #541, #832, #75 ) ) ;
#185 = CIRCLE ( 'NONE', #1193, 1.700000000000000178 ) ;
#186 = CARTESIAN_POINT ( 'NONE',  ( 30.77438419509429224, -0.000000000000000000, 14.70000000000000284 ) ) ;
#187 = CARTESIAN_POINT ( 'NONE',  ( -21.00000000000000000, 0.000000000000000000, 6.000000000000000000 ) ) ;
#188 = VERTEX_POINT ( 'NONE', #750 ) ;
#189 = CARTESIAN_POINT ( 'NONE',  ( 31.00000000000000355, -6.000000000000000152E-06, 2.299999999999999822 ) ) ;
#190 = EDGE_CURVE ( 'NONE', #1527, #1626, #1122, .T. ) ;
#191 = PLANE ( 'NONE',  #933 ) ;
#192 = CARTESIAN_POINT ( 'NONE',  ( 31.00000000000000000, -1.200000000000000030E-05, 14.69999999999999929 ) ) ;
#193 = CARTESIAN_POINT ( 'NONE',  ( 29.51547649045614463, -0.000000000000000000, 4.858538931790376658 ) ) ;
#194 = FACE_OUTER_BOUND ( 'NONE', #380, .T. ) ;
#195 = DIRECTION ( 'NONE',  ( -0.000000000000000000, 1.000000000000000000, -0.000000000000000000 ) ) ;
#196 = EDGE_LOOP ( 'NONE', ( #1438, #1483, #1039, #740 ) ) ;
#197 = EDGE_CURVE ( 'NONE', #742, #1292, #715, .T. ) ;
#198 = ORIENTED_EDGE ( 'NONE', *, *, #1126, .T. ) ;
#199 = DIRECTION ( 'NONE',  ( -1.000000000000000000, 0.000000000000000000, 0.000000000000000000 ) ) ;
#200 = PLANE ( 'NONE',  #1323 ) ;
#201 = FACE_OUTER_BOUND ( 'NONE', #774, .T. ) ;
#202 = CARTESIAN_POINT ( 'NONE',  ( 35.60000000000000142, 0.000000000000000000, 6.000000000000000000 ) ) ;
#203 = ORIENTED_EDGE ( 'NONE', *, *, #3, .T. ) ;
#204 = VECTOR ( 'NONE', #37, 1000.000000000000000 ) ;
#205 = AXIS2_PLACEMENT_3D ( 'NONE', #137, #689, #1234 ) ;
#206 = ORIENTED_EDGE ( 'NONE', *, *, #965, .T. ) ;
#207 = CARTESIAN_POINT ( 'NONE',  ( 31.00000000000000000, 59.50000000000000000, 4.000000000000000000 ) ) ;
#208 = CIRCLE ( 'NONE', #586, 1.700000000000000178 ) ;
#209 = EDGE_CURVE ( 'NONE', #38, #221, #1013, .T. ) ;
#210 =( NAMED_UNIT ( * ) PLANE_ANGLE_UNIT ( ) SI_UNIT ( $, .RADIAN. ) );
#211 = CARTESIAN_POINT ( 'NONE',  ( -9.442584738251570187, -0.000000000000000000, 2.343333099005747933 ) ) ;
#212 = CARTESIAN_POINT ( 'NONE',  ( -7.515604930472060907, 0.000000000000000000, 4.858485730192892760 ) ) ;
#213 = VERTEX_POINT ( 'NONE', #1702 ) ;
#214 = DIRECTION ( 'NONE',  ( -0.000000000000000000, 1.000000000000000000, 0.000000000000000000 ) ) ;
#215 = FACE_OUTER_BOUND ( 'NONE', #123, .T. ) ;
#216 = DIRECTION ( 'NONE',  ( -0.000000000000000000, 1.000000000000000000, -0.000000000000000000 ) ) ;
#217 = APPROVAL_STATUS ( 'not_yet_approved' ) ;
#218 = ORIENTED_EDGE ( 'NONE', *, *, #973, .F. ) ;
#219 = AXIS2_PLACEMENT_3D ( 'NONE', #382, #1349, #635 ) ;
#220 = EDGE_CURVE ( 'NONE', #1285, #125, #84, .T. ) ;
#221 = VERTEX_POINT ( 'NONE', #1601 ) ;
#222 = CARTESIAN_POINT ( 'NONE',  ( -8.774916005114079098, -0.000000000000000000, 2.300069511235792064 ) ) ;
#223 = DIRECTION ( 'NONE',  ( 1.000000000000000000, -0.000000000000000000, 0.000000000000000000 ) ) ;
#224 = DIRECTION ( 'NONE',  ( 0.000000000000000000, -1.000000000000000000, 0.000000000000000000 ) ) ;
#225 = CARTESIAN_POINT ( 'NONE',  ( -10.50000000000000000, 59.50000000000000000, -1.200000000000000030E-05 ) ) ;
#226 = EDGE_CURVE ( 'NONE', #870, #438, #420, .T. ) ;
#227 = APPROVAL_STATUS ( 'not_yet_approved' ) ;
#228 = VERTEX_POINT ( 'NONE', #1556 ) ;
#229 = EDGE_LOOP ( 'NONE', ( #594, #639, #290, #1163 ) ) ;
#230 = CARTESIAN_POINT ( 'NONE',  ( -21.00000000000000000, 81.00000000000000000, 6.000000000000000000 ) ) ;
#231 = CARTESIAN_POINT ( 'NONE',  ( -7.515476490456141079, -0.000000000000000000, 3.141461068210001262 ) ) ;
#232 = EDGE_CURVE ( 'NONE', #674, #421, #130, .T. ) ;
#233 = CYLINDRICAL_SURFACE ( 'NONE', #1714, 1.700000000000000178 ) ;
#234 = ORIENTED_EDGE ( 'NONE', *, *, #1357, .F. ) ;
#235 = ORIENTED_EDGE ( 'NONE', *, *, #1009, .T. ) ;
#236 = AXIS2_PLACEMENT_3D ( 'NONE', #1757, #1518, #304 ) ;
#237 = VECTOR ( 'NONE', #1516, 1000.000000000000000 ) ;
#238 = FACE_OUTER_BOUND ( 'NONE', #1229, .T. ) ;
#239 = CARTESIAN_POINT ( 'NONE',  ( -7.638809204729263058, 0.000000000000000000, 2.957126042969049795 ) ) ;
#240 = AXIS2_PLACEMENT_3D ( 'NONE', #1524, #170, #1680 ) ;
#241 = DIRECTION ( 'NONE',  ( 0.000000000000000000, 0.000000000000000000, 1.000000000000000000 ) ) ;
#242 = ORIENTED_EDGE ( 'NONE', *, *, #1634, .T. ) ;
#243 = LINE ( 'NONE', #798, #623 ) ;
#244 = EDGE_CURVE ( 'NONE', #1360, #60, #1665, .T. ) ;
#245 = ORIENTED_EDGE ( 'NONE', *, *, #1287, .T. ) ;
#246 = PLANE ( 'NONE',  #612 ) ;
#247 = VERTEX_POINT ( 'NONE', #357 ) ;
#248 = CARTESIAN_POINT ( 'NONE',  ( 31.60000000000000142, 72.50000000000000000, -1.200000000000000030E-05 ) ) ;
#249 = CIRCLE ( 'NONE', #596, 1.700000000000000178 ) ;
#250 = PLANE ( 'NONE',  #46 ) ;
#251 = EDGE_LOOP ( 'NONE', ( #1540, #120, #132, #198 ) ) ;
#252 = ORIENTED_EDGE ( 'NONE', *, *, #1145, .T. ) ;
#253 = ORIENTED_EDGE ( 'NONE', *, *, #847, .F. ) ;
#254 = ADVANCED_FACE ( 'NONE', ( #910 ), #1448, .F. ) ;
#255 = DIRECTION ( 'NONE',  ( 0.000000000000000000, 0.000000000000000000, -1.000000000000000000 ) ) ;
#256 = ORIENTED_EDGE ( 'NONE', *, *, #271, .T. ) ;
#257 = CARTESIAN_POINT ( 'NONE',  ( -9.000000000000000000, -6.000000000000000152E-06, 14.69999999999999929 ) ) ;
#258 = CARTESIAN_POINT ( 'NONE',  ( 35.60000000000000142, 77.50000000000000000, -1.200000000000000030E-05 ) ) ;
#259 = DIRECTION ( 'NONE',  ( 0.000000000000000000, 0.000000000000000000, 1.000000000000000000 ) ) ;
#260 = ORIENTED_EDGE ( 'NONE', *, *, #965, .F. ) ;
#261 = EDGE_CURVE ( 'NONE', #883, #408, #503, .T. ) ;
#262 = ORIENTED_EDGE ( 'NONE', *, *, #261, .T. ) ;
#263 = DIRECTION ( 'NONE',  ( -0.000000000000000000, 1.000000000000000000, 0.000000000000000000 ) ) ;
#264 = APPROVAL ( #217, '未' ) ;
#265 = APPROVAL_DATE_TIME ( #1508, #1201 ) ;
#266 = ORIENTED_EDGE ( 'NONE', *, *, #1414, .T. ) ;
#267 = VECTOR ( 'NONE', #313, 1000.000000000000000 ) ;
#268 = EDGE_CURVE ( 'NONE', #1509, #73, #1131, .T. ) ;
#269 = FACE_OUTER_BOUND ( 'NONE', #632, .T. ) ;
#270 = AXIS2_PLACEMENT_3D ( 'NONE', #101, #1206, #922 ) ;
#271 = EDGE_CURVE ( 'NONE', #1224, #1309, #941, .T. ) ;
#272 = AXIS2_PLACEMENT_3D ( 'NONE', #1674, #887, #1034 ) ;
#273 = DIRECTION ( 'NONE',  ( -0.000000000000000000, 1.000000000000000000, -0.000000000000000000 ) ) ;
#274 = AXIS2_PLACEMENT_3D ( 'NONE', #1695, #878, #332 ) ;
#275 = CARTESIAN_POINT ( 'NONE',  ( -21.00000000000000000, 0.000000000000000000, 17.00000000000000000 ) ) ;
#276 = ORIENTED_EDGE ( 'NONE', *, *, #751, .F. ) ;
#277 = CARTESIAN_POINT ( 'NONE',  ( -9.000000000000000000, 8.000000000000000000, 11.29999999999999893 ) ) ;
#278 = ORIENTED_EDGE ( 'NONE', *, *, #1677, .F. ) ;
#279 = ORIENTED_EDGE ( 'NONE', *, *, #1386, .F. ) ;
#280 = CARTESIAN_POINT ( 'NONE',  ( 0.000000000000000000, 62.50000000000000000, 0.000000000000000000 ) ) ;
#281 = ADVANCED_FACE ( 'NONE', ( #960 ), #287, .F. ) ;
#282 = CARTESIAN_POINT ( 'NONE',  ( 43.00000000000000000, 8.000000000000000000, 17.00000000000000000 ) ) ;
#283 = VECTOR ( 'NONE', #1619, 1000.000000000000000 ) ;
#284 = ORIENTED_EDGE ( 'NONE', *, *, #587, .T. ) ;
#285 = ORIENTED_EDGE ( 'NONE', *, *, #669, .F. ) ;
#286 = B_SPLINE_CURVE_WITH_KNOTS ( 'NONE', 3,
 ( #1722, #1593, #1177, #353, #1707, #1344, #212, #1463, #670, #529, #1308, #231, #239, #1573, #935, #1617, #222, #1434 ),
 .UNSPECIFIED., .F., .F.,
 ( 4, 2, 2, 2, 2, 2, 2, 2, 4 ),
 ( 0.000000000000000000, 0.06250000000000000000, 0.1250000000000000000, 0.1875000000000000000, 0.2500000000000000000, 0.3125000000000000000, 0.3750000000000000000, 0.4375000000000000000, 0.5000000000000000000 ),
 .UNSPECIFIED. ) ;
#287 = PLANE ( 'NONE',  #1497 ) ;
#288 = VERTEX_POINT ( 'NONE', #553 ) ;
#289 = CALENDAR_DATE ( 2026, 21, 9 ) ;
#290 = ORIENTED_EDGE ( 'NONE', *, *, #1396, .F. ) ;
#291 = CARTESIAN_POINT ( 'NONE',  ( -9.225615804906823314, -0.000000000000000000, 14.70000000000000284 ) ) ;
#292 = DIRECTION ( 'NONE',  ( -0.000000000000000000, -0.000000000000000000, -1.000000000000000000 ) ) ;
#293 = VERTEX_POINT ( 'NONE', #1479 ) ;
#294 = VERTEX_POINT ( 'NONE', #1625 ) ;
#295 = DIRECTION ( 'NONE',  ( -0.000000000000000000, -0.000000000000000000, 1.000000000000000000 ) ) ;
#296 = CIRCLE ( 'NONE', #1214, 1.700000000000000178 ) ;
#297 = LINE ( 'NONE', #1371, #321 ) ;
#298 = CARTESIAN_POINT ( 'NONE',  ( -10.50000000000000000, 80.50000000000000000, -1.200000000000000030E-05 ) ) ;
#299 = ORIENTED_EDGE ( 'NONE', *, *, #618, .T. ) ;
#300 = ADVANCED_FACE ( 'NONE', ( #11 ), #246, .F. ) ;
#301 = LINE ( 'NONE', #1152, #1254 ) ;
#302 = CARTESIAN_POINT ( 'NONE',  ( -7.343333099005222131, 0.000000000000000000, 12.55741526174933220 ) ) ;
#303 = ORIENTED_EDGE ( 'NONE', *, *, #1046, .T. ) ;
#304 = DIRECTION ( 'NONE',  ( 0.000000000000000000, -0.000000000000000000, -1.000000000000000000 ) ) ;
#305 = EDGE_LOOP ( 'NONE', ( #218, #43, #1669, #352, #397, #1740 ) ) ;
#306 = MANIFOLD_SOLID_BREP ( 'Servo_foot_M3', #1277 ) ;
#307 = CARTESIAN_POINT ( 'NONE',  ( -10.50000000000000000, 59.50000000000000000, 6.000000000000000000 ) ) ;
#308 = VECTOR ( 'NONE', #1176, 1000.000000000000000 ) ;
#309 = AXIS2_PLACEMENT_3D ( 'NONE', #869, #1134, #722 ) ;
#310 = EDGE_CURVE ( 'NONE', #1495, #1178, #1252, .T. ) ;
#311 = DIRECTION ( 'NONE',  ( -0.000000000000000000, 1.000000000000000000, -0.000000000000000000 ) ) ;
#312 = CARTESIAN_POINT ( 'NONE',  ( 32.48439506952830413, 0.000000000000000000, 4.858485730194675334 ) ) ;
#313 = DIRECTION ( 'NONE',  ( -0.000000000000000000, -0.000000000000000000, 1.000000000000000000 ) ) ;
#314 = CARTESIAN_POINT ( 'NONE',  ( -21.00000000000000000, 0.000000000000000000, 0.000000000000000000 ) ) ;
#315 = ORIENTED_EDGE ( 'NONE', *, *, #171, .F. ) ;
#316 = DIRECTION ( 'NONE',  ( -0.000000000000000000, -1.000000000000000000, -0.000000000000000000 ) ) ;
#317 = CC_DESIGN_DATE_AND_TIME_ASSIGNMENT ( #1162, #1567, ( #1143 ) ) ;
#318 = CARTESIAN_POINT ( 'NONE',  ( -7.300069511236165098, 0.000000000000000000, 13.22508399488539332 ) ) ;
#319 = EDGE_CURVE ( 'NONE', #1159, #247, #114, .T. ) ;
#320 = CARTESIAN_POINT ( 'NONE',  ( 31.00000000000000000, -1.200000000000000030E-05, 4.000000000000000000 ) ) ;
#321 = VECTOR ( 'NONE', #1236, 1000.000000000000000 ) ;
#322 = EDGE_LOOP ( 'NONE', ( #1217, #1104, #727, #1348 ) ) ;
#323 = LOCAL_TIME ( 12, 21, 36.00000000000000000, #686 ) ;
#324 = AXIS2_PLACEMENT_3D ( 'NONE', #371, #754, #617 ) ;
#325 = PLANE ( 'NONE',  #22 ) ;
#326 = CARTESIAN_POINT ( 'NONE',  ( 31.60000000000000142, 0.000000000000000000, 6.000000000000000000 ) ) ;
#327 = LINE ( 'NONE', #1415, #383 ) ;
#328 = EDGE_LOOP ( 'NONE', ( #278, #1204, #136, #595 ) ) ;
#329 = EDGE_CURVE ( 'NONE', #1263, #1360, #760, .T. ) ;
#330 = ORIENTED_EDGE ( 'NONE', *, *, #1604, .F. ) ;
#331 = CARTESIAN_POINT ( 'NONE',  ( -21.00000000000000000, 0.000000000000000000, 0.000000000000000000 ) ) ;
#332 = DIRECTION ( 'NONE',  ( 0.000000000000000000, 0.000000000000000000, 1.000000000000000000 ) ) ;
#333 = EDGE_CURVE ( 'NONE', #622, #657, #984, .T. ) ;
#334 = CARTESIAN_POINT ( 'NONE',  ( -9.000000000000000000, -6.000000000000000152E-06, 11.29999999999999893 ) ) ;
#335 = DIRECTION ( 'NONE',  ( 0.000000000000000000, 0.000000000000000000, -1.000000000000000000 ) ) ;
#336 = LINE ( 'NONE', #479, #491 ) ;
#337 = ORIENTED_EDGE ( 'NONE', *, *, #1591, .T. ) ;
#338 = ORIENTED_EDGE ( 'NONE', *, *, #45, .T. ) ;
#339 = CARTESIAN_POINT ( 'NONE',  ( -15.59999999999999964, 62.50000000000000000, -1.200000000000000030E-05 ) ) ;
#340 = EDGE_CURVE ( 'NONE', #1200, #1259, #208, .T. ) ;
#341 = ORIENTED_EDGE ( 'NONE', *, *, #597, .F. ) ;
#342 = DIRECTION ( 'NONE',  ( -0.000000000000000000, -0.000000000000000000, 1.000000000000000000 ) ) ;
#343 = LINE ( 'NONE', #995, #1102 ) ;
#344 = EDGE_LOOP ( 'NONE', ( #703, #809, #97, #713 ) ) ;
#345 = DIRECTION ( 'NONE',  ( 0.000000000000000000, -1.000000000000000000, 0.000000000000000000 ) ) ;
#346 = AXIS2_PLACEMENT_3D ( 'NONE', #320, #1699, #1405 ) ;
#347 = VECTOR ( 'NONE', #165, 1000.000000000000000 ) ;
#348 = EDGE_CURVE ( 'NONE', #1755, #62, #695, .T. ) ;
#349 = LINE ( 'NONE', #1172, #1491 ) ;
#350 = DIRECTION ( 'NONE',  ( 0.000000000000000000, -0.000000000000000000, -1.000000000000000000 ) ) ;
#351 = CARTESIAN_POINT ( 'NONE',  ( 31.00000000000000000, 80.49999999999998579, 4.000000000000000000 ) ) ;
#352 = ORIENTED_EDGE ( 'NONE', *, *, #1537, .F. ) ;
#353 = CARTESIAN_POINT ( 'NONE',  ( -8.141461068210000818, -0.000000000000000000, 5.484523509543860698 ) ) ;
#354 = ORIENTED_EDGE ( 'NONE', *, *, #54, .F. ) ;
#355 = CARTESIAN_POINT ( 'NONE',  ( 31.60000000000000142, 72.50000000000000000, 0.000000000000000000 ) ) ;
#356 = ORIENTED_EDGE ( 'NONE', *, *, #1287, .F. ) ;
#357 = CARTESIAN_POINT ( 'NONE',  ( 31.00000000000000000, 8.000000000000000000, 11.29999999999999893 ) ) ;
#358 = EDGE_CURVE ( 'NONE', #221, #747, #1506, .T. ) ;
#359 = COORDINATED_UNIVERSAL_TIME_OFFSET ( 5, 0, .BEHIND. ) ;
#360 = VECTOR ( 'NONE', #1462, 1000.000000000000000 ) ;
#361 = ORIENTED_EDGE ( 'NONE', *, *, #445, .T. ) ;
#362 = DIRECTION ( 'NONE',  ( -0.000000000000000000, 1.000000000000000000, 0.000000000000000000 ) ) ;
#363 = CARTESIAN_POINT ( 'NONE',  ( -15.59999999999999964, 0.000000000000000000, -0.000000000000000000 ) ) ;
#364 = DIRECTION ( 'NONE',  ( 0.000000000000000000, 0.000000000000000000, -1.000000000000000000 ) ) ;
#365 = DIRECTION ( 'NONE',  ( 1.000000000000000000, 0.000000000000000000, 0.000000000000000000 ) ) ;
#366 = ORIENTED_EDGE ( 'NONE', *, *, #1427, .F. ) ;
#367 = ORIENTED_EDGE ( 'NONE', *, *, #566, .T. ) ;
#368 = CARTESIAN_POINT ( 'NONE',  ( -9.000000000000000000, 81.00000000000000000, 4.000000000000000000 ) ) ;
#369 = APPROVAL_ROLE ( '' ) ;
#370 = ORIENTED_EDGE ( 'NONE', *, *, #197, .F. ) ;
#371 = CARTESIAN_POINT ( 'NONE',  ( -9.000000000000000000, -1.200000000000000030E-05, 13.00000000000000000 ) ) ;
#372 = CARTESIAN_POINT ( 'NONE',  ( -9.000000000000000000, -1.200000000000000030E-05, 2.299999999999999822 ) ) ;
#373 = CARTESIAN_POINT ( 'NONE',  ( -21.00000000000000000, 81.00000000000000000, 0.000000000000000000 ) ) ;
#374 = PLANE ( 'NONE',  #1333 ) ;
#375 = ADVANCED_FACE ( 'NONE', ( #1231 ), #524, .F. ) ;
#376 = EDGE_CURVE ( 'NONE', #989, #1513, #385, .T. ) ;
#377 = DIRECTION ( 'NONE',  ( -0.000000000000000000, -1.000000000000000000, -0.000000000000000000 ) ) ;
#378 = ORIENTED_EDGE ( 'NONE', *, *, #376, .T. ) ;
#379 = CARTESIAN_POINT ( 'NONE',  ( 31.60000000000000142, 72.50000000000000000, -1.200000000000000030E-05 ) ) ;
#380 = EDGE_LOOP ( 'NONE', ( #1663, #480, #1558, #234 ) ) ;
#381 = ORIENTED_EDGE ( 'NONE', *, *, #154, .F. ) ;
#382 = CARTESIAN_POINT ( 'NONE',  ( -9.000000000000000000, -1.200000000000000030E-05, 4.000000000000000000 ) ) ;
#383 = VECTOR ( 'NONE', #195, 1000.000000000000000 ) ;
#384 = DIRECTION ( 'NONE',  ( 0.000000000000000000, 1.000000000000000000, 0.000000000000000000 ) ) ;
#385 = LINE ( 'NONE', #838, #1641 ) ;
#386 = CC_DESIGN_SECURITY_CLASSIFICATION ( #901, ( #1568 ) ) ;
#387 = MECHANICAL_CONTEXT ( 'NONE', #808, 'mechanical' ) ;
#388 = VECTOR ( 'NONE', #425, 1000.000000000000000 ) ;
#389 = ORIENTED_EDGE ( 'NONE', *, *, #1623, .T. ) ;
#390 = LINE ( 'NONE', #402, #347 ) ;
#391 = DIRECTION ( 'NONE',  ( -0.000000000000000000, -0.000000000000000000, 1.000000000000000000 ) ) ;
#392 = VECTOR ( 'NONE', #1387, 1000.000000000000000 ) ;
#393 = CARTESIAN_POINT ( 'NONE',  ( -21.00000000000000000, 0.000000000000000000, 17.00000000000000000 ) ) ;
#394 = EDGE_CURVE ( 'NONE', #1014, #288, #534, .T. ) ;
#395 = ORIENTED_EDGE ( 'NONE', *, *, #26, .T. ) ;
#396 = FACE_OUTER_BOUND ( 'NONE', #585, .T. ) ;
#397 = ORIENTED_EDGE ( 'NONE', *, *, #952, .T. ) ;
#398 = DIRECTION ( 'NONE',  ( 1.000000000000000000, -0.000000000000000000, 0.000000000000000000 ) ) ;
#399 = ORIENTED_EDGE ( 'NONE', *, *, #1191, .T. ) ;
#400 = EDGE_CURVE ( 'NONE', #1101, #1480, #542, .T. ) ;
#401 = VECTOR ( 'NONE', #652, 1000.000000000000000 ) ;
#402 = CARTESIAN_POINT ( 'NONE',  ( 0.000000000000000000, 77.50000000000000000, 0.000000000000000000 ) ) ;
#403 = VECTOR ( 'NONE', #142, 1000.000000000000000 ) ;
#404 = DIRECTION ( 'NONE',  ( -0.000000000000000000, -0.000000000000000000, 1.000000000000000000 ) ) ;
#405 = DIRECTION ( 'NONE',  ( -0.000000000000000000, -0.000000000000000000, -1.000000000000000000 ) ) ;
#406 = DIRECTION ( 'NONE',  ( -1.000000000000000000, 0.000000000000000000, 0.000000000000000000 ) ) ;
#407 = APPROVAL_STATUS ( 'not_yet_approved' ) ;
#408 = VERTEX_POINT ( 'NONE', #684 ) ;
#409 = LINE ( 'NONE', #1489, #237 ) ;
#410 = DIRECTION ( 'NONE',  ( 1.000000000000000000, 0.000000000000000000, 0.000000000000000000 ) ) ;
#411 = PLANE ( 'NONE',  #769 ) ;
#412 = VERTEX_POINT ( 'NONE', #1471 ) ;
#413 = VERTEX_POINT ( 'NONE', #1093 ) ;
#414 = CARTESIAN_POINT ( 'NONE',  ( -9.000000000000000000, -1.200000000000000030E-05, 2.299999999999999822 ) ) ;
#415 = EDGE_CURVE ( 'NONE', #502, #1292, #1635, .T. ) ;
#416 = VERTEX_POINT ( 'NONE', #277 ) ;
#417 = VECTOR ( 'NONE', #404, 1000.000000000000000 ) ;
#418 = FACE_OUTER_BOUND ( 'NONE', #1161, .T. ) ;
#419 = VECTOR ( 'NONE', #1070, 1000.000000000000000 ) ;
#420 = CIRCLE ( 'NONE', #1043, 1.700000000000000178 ) ;
#421 = VERTEX_POINT ( 'NONE', #1368 ) ;
#422 = LINE ( 'NONE', #1628, #1638 ) ;
#423 = CIRCLE ( 'NONE', #1330, 1.700000000000000178 ) ;
#424 = ORIENTED_EDGE ( 'NONE', *, *, #1564, .T. ) ;
#425 = DIRECTION ( 'NONE',  ( 0.000000000000000000, -1.000000000000000000, 0.000000000000000000 ) ) ;
#426 = ORIENTED_EDGE ( 'NONE', *, *, #1564, .F. ) ;
#427 = EDGE_CURVE ( 'NONE', #958, #412, #145, .T. ) ;
#428 = CARTESIAN_POINT ( 'NONE',  ( 31.44258473824912414, 0.000000000000000000, 5.656666900995568348 ) ) ;
#429 = CARTESIAN_POINT ( 'NONE',  ( 31.60000000000000142, 72.50000000000000000, 6.000000000000000000 ) ) ;
#430 = DIRECTION ( 'NONE',  ( -0.000000000000000000, 1.000000000000000000, 0.000000000000000000 ) ) ;
#431 = ORIENTED_EDGE ( 'NONE', *, *, #1466, .T. ) ;
#432 = CARTESIAN_POINT ( 'NONE',  ( 35.60000000000000142, 62.50000000000000000, -1.200000000000000030E-05 ) ) ;
#433 = CARTESIAN_POINT ( 'NONE',  ( -9.858538931789734505, -0.000000000000000000, 11.51547649045587640 ) ) ;
#434 = FACE_OUTER_BOUND ( 'NONE', #607, .T. ) ;
#435 = CARTESIAN_POINT ( 'NONE',  ( 35.60000000000000142, 72.50000000000000000, -1.200000000000000030E-05 ) ) ;
#436 = ORIENTED_EDGE ( 'NONE', *, *, #1634, .F. ) ;
#437 = EDGE_CURVE ( 'NONE', #883, #1490, #47, .T. ) ;
#438 = VERTEX_POINT ( 'NONE', #506 ) ;
#439 = CARTESIAN_POINT ( 'NONE',  ( -15.59999999999999964, 0.000000000000000000, -0.000000000000000000 ) ) ;
#440 = DIRECTION ( 'NONE',  ( 1.000000000000000000, -0.000000000000000000, 0.000000000000000000 ) ) ;
#441 = CIRCLE ( 'NONE', #1128, 1.700000000000000178 ) ;
#442 = AXIS2_PLACEMENT_3D ( 'NONE', #1603, #96, #1311 ) ;
#443 = DIRECTION ( 'NONE',  ( 0.000000000000000000, 1.000000000000000000, 0.000000000000000000 ) ) ;
#444 = DIRECTION ( 'NONE',  ( -0.000000000000000000, 1.000000000000000000, -0.000000000000000000 ) ) ;
#445 = EDGE_CURVE ( 'NONE', #1480, #1418, #1312, .T. ) ;
#446 = CARTESIAN_POINT ( 'NONE',  ( 32.04297226076172933, -0.000000000000000000, 11.63871090099562977 ) ) ;
#447 = CARTESIAN_POINT ( 'NONE',  ( 30.77491600511331882, 0.000000000000000000, 11.29993048876420580 ) ) ;
#448 = DIRECTION ( 'NONE',  ( 0.000000000000000000, -1.000000000000000000, 0.000000000000000000 ) ) ;
#449 = VERTEX_POINT ( 'NONE', #661 ) ;
#450 = LINE ( 'NONE', #314, #143 ) ;
#451 = AXIS2_PLACEMENT_3D ( 'NONE', #1113, #749, #144 ) ;
#452 = ADVANCED_FACE ( 'NONE', ( #1705 ), #1441, .F. ) ;
#453 = ADVANCED_FACE ( 'NONE', ( #201 ), #1058, .F. ) ;
#454 = CARTESIAN_POINT ( 'NONE',  ( -10.50000000000000000, 59.50000000000000000, -1.200000000000000030E-05 ) ) ;
#455 = EDGE_CURVE ( 'NONE', #582, #1418, #497, .T. ) ;
#456 = CARTESIAN_POINT ( 'NONE',  ( 35.60000000000000142, 62.50000000000000000, 6.000000000000000000 ) ) ;
#457 = ORIENTED_EDGE ( 'NONE', *, *, #154, .T. ) ;
#458 = EDGE_CURVE ( 'NONE', #1337, #147, #1324, .T. ) ;
#459 = CARTESIAN_POINT ( 'NONE',  ( 29.51560493047168521, 0.000000000000000000, 12.14151426980927262 ) ) ;
#460 = LINE ( 'NONE', #202, #68 ) ;
#461 = VECTOR ( 'NONE', #915, 1000.000000000000000 ) ;
#462 = ORIENTED_EDGE ( 'NONE', *, *, #905, .T. ) ;
#463 = CARTESIAN_POINT ( 'NONE',  ( 29.95712604296798887, 0.000000000000000000, 2.638809204731805469 ) ) ;
#464 = VECTOR ( 'NONE', #833, 1000.000000000000000 ) ;
#465 = VECTOR ( 'NONE', #1359, 1000.000000000000000 ) ;
#466 = ADVANCED_FACE ( 'NONE', ( #238 ), #773, .F. ) ;
#467 = ORIENTED_EDGE ( 'NONE', *, *, #1154, .F. ) ;
#468 = DIRECTION ( 'NONE',  ( 0.000000000000000000, -1.000000000000000000, 0.000000000000000000 ) ) ;
#469 = AXIS2_PLACEMENT_3D ( 'NONE', #877, #892, #476 ) ;
#470 = CARTESIAN_POINT ( 'NONE',  ( 31.00000000000000355, -6.000000000000000152E-06, 2.299999999999999822 ) ) ;
#471 = EDGE_LOOP ( 'NONE', ( #980, #1407, #378, #53 ) ) ;
#472 = DIRECTION ( 'NONE',  ( -1.000000000000000000, -0.000000000000000000, -0.000000000000000000 ) ) ;
#473 = ORIENTED_EDGE ( 'NONE', *, *, #244, .F. ) ;
#474 = ORIENTED_EDGE ( 'NONE', *, *, #566, .F. ) ;
#475 = AXIS2_PLACEMENT_3D ( 'NONE', #1286, #603, #61 ) ;
#476 = DIRECTION ( 'NONE',  ( 0.000000000000000000, 0.000000000000000000, -1.000000000000000000 ) ) ;
#477 = CARTESIAN_POINT ( 'NONE',  ( -11.59999999999999964, 62.50000000000000000, -1.200000000000000030E-05 ) ) ;
#478 = CARTESIAN_POINT ( 'NONE',  ( -9.442469749914609523, -0.000000000000000000, 5.656865068423062581 ) ) ;
#479 = CARTESIAN_POINT ( 'NONE',  ( -21.00000000000000000, 81.00000000000000000, 6.000000000000000000 ) ) ;
#480 = ORIENTED_EDGE ( 'NONE', *, *, #824, .T. ) ;
#481 = CARTESIAN_POINT ( 'NONE',  ( -10.50000000000000000, 80.50000000000000000, 4.799999999999998046 ) ) ;
#482 = EDGE_CURVE ( 'NONE', #502, #1044, #1002, .T. ) ;
#483 = VERTEX_POINT ( 'NONE', #783 ) ;
#484 = DIRECTION ( 'NONE',  ( 0.000000000000000000, 0.000000000000000000, -1.000000000000000000 ) ) ;
#485 = CARTESIAN_POINT ( 'NONE',  ( 31.00000000000000000, -6.000000000000000152E-06, 5.700000000000000178 ) ) ;
#486 = APPROVAL_DATE_TIME ( #115, #264 ) ;
#487 = ORIENTED_EDGE ( 'NONE', *, *, #1021, .T. ) ;
#488 = PLANE ( 'NONE',  #523 ) ;
#489 = ORIENTED_EDGE ( 'NONE', *, *, #171, .T. ) ;
#490 = PLANE ( 'NONE',  #981 ) ;
#491 = VECTOR ( 'NONE', #472, 1000.000000000000000 ) ;
#492 = ADVANCED_FACE ( 'NONE', ( #1737 ), #1165, .F. ) ;
#493 = DIRECTION ( 'NONE',  ( -0.000000000000000000, -0.000000000000000000, 1.000000000000000000 ) ) ;
#494 = FACE_BOUND ( 'NONE', #1515, .T. ) ;
#495 = VECTOR ( 'NONE', #1303, 1000.000000000000000 ) ;
#496 = ORIENTED_EDGE ( 'NONE', *, *, #904, .T. ) ;
#497 = LINE ( 'NONE', #1205, #962 ) ;
#498 = DIRECTION ( 'NONE',  ( -0.000000000000000000, 1.000000000000000000, 0.000000000000000000 ) ) ;
#499 = CARTESIAN_POINT ( 'NONE',  ( 31.19999999999999929, 80.50000000000000000, 5.688194301613412662 ) ) ;
#500 = LINE ( 'NONE', #947, #80 ) ;
#501 = DIRECTION ( 'NONE',  ( 0.000000000000000000, 1.000000000000000000, 0.000000000000000000 ) ) ;
#502 = VERTEX_POINT ( 'NONE', #640 ) ;
#503 = LINE ( 'NONE', #918, #526 ) ;
#504 = PERSON_AND_ORGANIZATION ( #1393, #1402 ) ;
#505 = EDGE_CURVE ( 'NONE', #616, #1014, #1299, .T. ) ;
#506 = CARTESIAN_POINT ( 'NONE',  ( -9.000000000000000000, 81.00000000000000000, 5.700000000000000178 ) ) ;
#507 = DIRECTION ( 'NONE',  ( 1.000000000000000000, 0.000000000000000000, 0.000000000000000000 ) ) ;
#508 = LINE ( 'NONE', #1060, #1251 ) ;
#509 = CARTESIAN_POINT ( 'NONE',  ( 31.00000000000000000, -6.000000000000000152E-06, 5.700000000000000178 ) ) ;
#510 = CARTESIAN_POINT ( 'NONE',  ( -15.59999999999999964, 72.50000000000000000, 6.000000000000000000 ) ) ;
#511 = B_SPLINE_CURVE_WITH_KNOTS ( 'NONE', 3,
 ( #599, #1146, #35, #1116, #1531, #1500, #558, #1110, #1267, #864, #971, #1644, #992, #446, #1650, #579, #1751, #1496 ),
 .UNSPECIFIED., .F., .F.,
 ( 4, 2, 2, 2, 2, 2, 2, 2, 4 ),
 ( -3.330669073875469621E-16, 0.06249999999999975020, 0.1249999999999998335, 0.1874999999999999167, 0.2500000000000000000, 0.3125000000000001110, 0.3750000000000001665, 0.4375000000000002220, 0.5000000000000003331 ),
 .UNSPECIFIED. ) ;
#512 = EDGE_LOOP ( 'NONE', ( #426, #1, #338, #779, #436, #848, #613, #152, #522, #576, #841, #536 ) ) ;
#513 = EDGE_LOOP ( 'NONE', ( #245, #1347, #1549, #1243, #1195, #1612 ) ) ;
#514 = CARTESIAN_POINT ( 'NONE',  ( -15.59999999999999964, 62.50000000000000000, -1.200000000000000030E-05 ) ) ;
#515 = ORIENTED_EDGE ( 'NONE', *, *, #226, .F. ) ;
#516 = EDGE_CURVE ( 'NONE', #288, #747, #1186, .T. ) ;
#517 = CARTESIAN_POINT ( 'NONE',  ( -15.59999999999999964, 72.50000000000000000, -1.200000000000000030E-05 ) ) ;
#518 = CARTESIAN_POINT ( 'NONE',  ( 35.60000000000000142, 67.50000000000000000, -1.200000000000000030E-05 ) ) ;
#519 = DIRECTION ( 'NONE',  ( -0.000000000000000000, -0.000000000000000000, 1.000000000000000000 ) ) ;
#520 = FACE_BOUND ( 'NONE', #554, .T. ) ;
#521 = LINE ( 'NONE', #1611, #707 ) ;
#522 = ORIENTED_EDGE ( 'NONE', *, *, #1307, .T. ) ;
#523 = AXIS2_PLACEMENT_3D ( 'NONE', #91, #1443, #784 ) ;
#524 = PLANE ( 'NONE',  #1464 ) ;
#525 = VECTOR ( 'NONE', #440, 1000.000000000000000 ) ;
#526 = VECTOR ( 'NONE', #1457, 1000.000000000000000 ) ;
#527 = CARTESIAN_POINT ( 'NONE',  ( 0.000000000000000000, 0.000000000000000000, 0.000000000000000000 ) ) ;
#528 = EDGE_LOOP ( 'NONE', ( #1484, #10, #876, #1351 ) ) ;
#529 = CARTESIAN_POINT ( 'NONE',  ( -7.299930488763835434, -0.000000000000000000, 3.774916005114604900 ) ) ;
#530 = CC_DESIGN_DATE_AND_TIME_ASSIGNMENT ( #831, #976, ( #901 ) ) ;
#531 = EDGE_CURVE ( 'NONE', #1490, #1014, #626, .T. ) ;
#532 = CARTESIAN_POINT ( 'NONE',  ( 31.60000000000000142, 77.50000000000000000, -1.200000000000000030E-05 ) ) ;
#533 = ORIENTED_EDGE ( 'NONE', *, *, #891, .F. ) ;
#534 = LINE ( 'NONE', #1372, #1570 ) ;
#535 = ORIENTED_EDGE ( 'NONE', *, *, #209, .F. ) ;
#536 = ORIENTED_EDGE ( 'NONE', *, *, #516, .F. ) ;
#537 = DIRECTION ( 'NONE',  ( 0.000000000000000000, -1.000000000000000000, 0.000000000000000000 ) ) ;
#538 = DIRECTION ( 'NONE',  ( 0.000000000000000000, 0.000000000000000000, -1.000000000000000000 ) ) ;
#539 = DIRECTION ( 'NONE',  ( 0.000000000000000000, 0.000000000000000000, -1.000000000000000000 ) ) ;
#540 = EDGE_CURVE ( 'NONE', #1467, #1011, #1433, .T. ) ;
#541 = ORIENTED_EDGE ( 'NONE', *, *, #1191, .F. ) ;
#542 = LINE ( 'NONE', #1085, #823 ) ;
#543 = ORIENTED_EDGE ( 'NONE', *, *, #455, .F. ) ;
#544 = SHAPE_DEFINITION_REPRESENTATION ( #1092, #710 ) ;
#545 = DIRECTION ( 'NONE',  ( -1.000000000000000000, 0.000000000000000000, -0.000000000000000000 ) ) ;
#546 = ORIENTED_EDGE ( 'NONE', *, *, #611, .F. ) ;
#547 = CARTESIAN_POINT ( 'NONE',  ( -9.000000000000000000, -1.200000000000000030E-05, 13.00000000000000000 ) ) ;
#548 = DIRECTION ( 'NONE',  ( 0.000000000000000000, -1.000000000000000000, 0.000000000000000000 ) ) ;
#549 = ORIENTED_EDGE ( 'NONE', *, *, #1671, .F. ) ;
#550 = CARTESIAN_POINT ( 'NONE',  ( -10.50000000000000000, -1.200000000000000030E-05, 3.200000000000002398 ) ) ;
#551 = ORIENTED_EDGE ( 'NONE', *, *, #1230, .T. ) ;
#552 = ADVANCED_FACE ( 'NONE', ( #794 ), #1721, .F. ) ;
#553 = CARTESIAN_POINT ( 'NONE',  ( 31.19999999999999929, 59.50000000000000000, 6.000000000000000000 ) ) ;
#554 = EDGE_LOOP ( 'NONE', ( #551, #945, #1293, #1655 ) ) ;
#555 = VECTOR ( 'NONE', #443, 1000.000000000000000 ) ;
#556 = APPROVAL_DATE_TIME ( #1589, #1661 ) ;
#557 = APPROVAL_PERSON_ORGANIZATION ( #1096, #1201, #1743 ) ;
#558 = CARTESIAN_POINT ( 'NONE',  ( 32.48439506952831124, 0.000000000000000000, 13.85848573019467622 ) ) ;
#559 = CARTESIAN_POINT ( 'NONE',  ( 31.19999999999999929, 59.50000000000000000, -1.200000000000000030E-05 ) ) ;
#560 = CARTESIAN_POINT ( 'NONE',  ( 31.60000000000000142, 67.50000000000000000, 5.590597372058685011 ) ) ;
#561 = CYLINDRICAL_SURFACE ( 'NONE', #451, 1.700000000000000178 ) ;
#562 = ORIENTED_EDGE ( 'NONE', *, *, #905, .F. ) ;
#563 = CARTESIAN_POINT ( 'NONE',  ( 31.60000000000000142, 72.50000000000000000, -1.200000000000000030E-05 ) ) ;
#564 = VECTOR ( 'NONE', #728, 1000.000000000000000 ) ;
#565 = PERSON_AND_ORGANIZATION ( #1393, #1402 ) ;
#566 = EDGE_CURVE ( 'NONE', #147, #883, #1310, .T. ) ;
#567 = CARTESIAN_POINT ( 'NONE',  ( -10.65679534101080783, -0.000000000000000000, 12.55736206015211565 ) ) ;
#568 = CARTESIAN_POINT ( 'NONE',  ( -10.50000000000000000, 80.50000000000000000, 0.000000000000000000 ) ) ;
#569 = CARTESIAN_POINT ( 'NONE',  ( -10.50000000000000000, 0.000000000000000000, -0.000000000000000000 ) ) ;
#570 = CARTESIAN_POINT ( 'NONE',  ( -9.000000000000000000, -1.200000000000000030E-05, 5.700000000000000178 ) ) ;
#571 = EDGE_LOOP ( 'NONE', ( #1659, #1151, #457, #929 ) ) ;
#572 = DIRECTION ( 'NONE',  ( 1.000000000000000000, 0.000000000000000000, 0.000000000000000000 ) ) ;
#573 = CARTESIAN_POINT ( 'NONE',  ( -9.858653920127599335, 0.000000000000000000, 14.48432534211531042 ) ) ;
#574 = EDGE_CURVE ( 'NONE', #989, #958, #1196, .T. ) ;
#575 = PLANE ( 'NONE',  #581 ) ;
#576 = ORIENTED_EDGE ( 'NONE', *, *, #209, .T. ) ;
#577 = ORIENTED_EDGE ( 'NONE', *, *, #658, .F. ) ;
#578 = DIRECTION ( 'NONE',  ( 0.000000000000000000, 1.000000000000000000, 0.000000000000000000 ) ) ;
#579 = CARTESIAN_POINT ( 'NONE',  ( 31.44263793984766764, -0.000000000000000000, 11.34320465898919217 ) ) ;
#580 = DIRECTION ( 'NONE',  ( 0.000000000000000000, 0.000000000000000000, 1.000000000000000000 ) ) ;
#581 = AXIS2_PLACEMENT_3D ( 'NONE', #1227, #711, #1660 ) ;
#582 = VERTEX_POINT ( 'NONE', #230 ) ;
#583 =( GEOMETRIC_REPRESENTATION_CONTEXT ( 3 ) GLOBAL_UNCERTAINTY_ASSIGNED_CONTEXT ( ( #1066 ) ) GLOBAL_UNIT_ASSIGNED_CONTEXT ( ( #781, #210, #763 ) ) REPRESENTATION_CONTEXT ( 'NONE', 'WORKASPACE' ) );
#584 = DIRECTION ( 'NONE',  ( -0.000000000000000000, -0.000000000000000000, 1.000000000000000000 ) ) ;
#585 = EDGE_LOOP ( 'NONE', ( #1218, #1605, #1554, #32 ) ) ;
#586 = AXIS2_PLACEMENT_3D ( 'NONE', #830, #263, #1742 ) ;
#587 = EDGE_CURVE ( 'NONE', #1447, #789, #109, .T. ) ;
#588 = EDGE_CURVE ( 'NONE', #40, #1263, #994, .T. ) ;
#589 = LINE ( 'NONE', #331, #25 ) ;
#590 = FACE_BOUND ( 'NONE', #7, .T. ) ;
#591 = CARTESIAN_POINT ( 'NONE',  ( 29.29993048876346151, -0.000000000000000000, 13.22508399488411968 ) ) ;
#592 = B_SPLINE_CURVE_WITH_KNOTS ( 'NONE', 3,
 ( #600, #172, #1132, #856, #1525, #1147, #1138, #985, #318, #1296, #302, #1155, #1017, #724, #1268, #993, #41, #334 ),
 .UNSPECIFIED., .F., .F.,
 ( 4, 2, 2, 2, 2, 2, 2, 2, 4 ),
 ( 0.000000000000000000, 0.06250000000000000000, 0.1250000000000000000, 0.1875000000000000000, 0.2500000000000000000, 0.3125000000000000000, 0.3750000000000000000, 0.4375000000000000000, 0.5000000000000000000 ),
 .UNSPECIFIED. ) ;
#593 = CARTESIAN_POINT ( 'NONE',  ( 43.00000000000000000, 8.000000000000000000, 6.000000000000000000 ) ) ;
#594 = ORIENTED_EDGE ( 'NONE', *, *, #116, .F. ) ;
#595 = ORIENTED_EDGE ( 'NONE', *, *, #340, .F. ) ;
#596 = AXIS2_PLACEMENT_3D ( 'NONE', #844, #827, #1629 ) ;
#597 = EDGE_CURVE ( 'NONE', #1360, #870, #1592, .T. ) ;
#598 = CARTESIAN_POINT ( 'NONE',  ( -15.59999999999999964, 72.50000000000000000, -1.200000000000000030E-05 ) ) ;
#599 = CARTESIAN_POINT ( 'NONE',  ( 31.00000000000000000, -6.000000000000000152E-06, 14.69999999999999929 ) ) ;
#600 = CARTESIAN_POINT ( 'NONE',  ( -9.000000000000000000, -6.000000000000000152E-06, 14.69999999999999929 ) ) ;
#601 = FACE_OUTER_BOUND ( 'NONE', #970, .T. ) ;
#602 = EDGE_LOOP ( 'NONE', ( #1624, #276 ) ) ;
#603 = DIRECTION ( 'NONE',  ( 0.000000000000000000, 1.000000000000000000, 0.000000000000000000 ) ) ;
#604 = FACE_BOUND ( 'NONE', #602, .T. ) ;
#605 = CARTESIAN_POINT ( 'NONE',  ( 30.14134607987218928, 0.000000000000000000, 5.484325342115313973 ) ) ;
#606 = LINE ( 'NONE', #1543, #1716 ) ;
#607 = EDGE_LOOP ( 'NONE', ( #242, #1083, #69, #651 ) ) ;
#608 = CARTESIAN_POINT ( 'NONE',  ( 31.00000000000000000, 81.00000000000000000, 4.000000000000000000 ) ) ;
#609 = AXIS2_PLACEMENT_3D ( 'NONE', #1036, #81, #907 ) ;
#610 = ORIENTED_EDGE ( 'NONE', *, *, #1230, .F. ) ;
#611 = EDGE_CURVE ( 'NONE', #1030, #1101, #151, .T. ) ;
#612 = AXIS2_PLACEMENT_3D ( 'NONE', #1341, #255, #666 ) ;
#613 = ORIENTED_EDGE ( 'NONE', *, *, #1077, .T. ) ;
#614 = FACE_OUTER_BOUND ( 'NONE', #1426, .T. ) ;
#615 = CARTESIAN_POINT ( 'NONE',  ( 32.04297226076236171, -0.000000000000000000, 2.638710900995898445 ) ) ;
#616 = VERTEX_POINT ( 'NONE', #29 ) ;
#617 = DIRECTION ( 'NONE',  ( 0.000000000000000000, 0.000000000000000000, 1.000000000000000000 ) ) ;
#618 = EDGE_CURVE ( 'NONE', #1127, #839, #139, .T. ) ;
#619 = CARTESIAN_POINT ( 'NONE',  ( 31.19999999999999929, 80.50000000000000000, -1.200000000000000030E-05 ) ) ;
#620 = DIRECTION ( 'NONE',  ( -0.000000000000000000, -0.000000000000000000, 1.000000000000000000 ) ) ;
#621 = LINE ( 'NONE', #1435, #1444 ) ;
#622 = VERTEX_POINT ( 'NONE', #1346 ) ;
#623 = VECTOR ( 'NONE', #1338, 1000.000000000000000 ) ;
#624 = ORIENTED_EDGE ( 'NONE', *, *, #163, .T. ) ;
#625 = CARTESIAN_POINT ( 'NONE',  ( -10.04297226076378635, -0.000000000000000000, 5.361289099003049508 ) ) ;
#626 = LINE ( 'NONE', #619, #78 ) ;
#627 = CARTESIAN_POINT ( 'NONE',  ( 0.000000000000000000, 62.50000000000000000, 6.000000000000000000 ) ) ;
#628 = ORIENTED_EDGE ( 'NONE', *, *, #1514, .F. ) ;
#629 = ADVANCED_FACE ( 'NONE', ( #949 ), #161, .F. ) ;
#630 = DIRECTION ( 'NONE',  ( 0.000000000000000000, 0.000000000000000000, 1.000000000000000000 ) ) ;
#631 = FACE_OUTER_BOUND ( 'NONE', #512, .T. ) ;
#632 = EDGE_LOOP ( 'NONE', ( #533, #1684, #1530, #996 ) ) ;
#633 = CYLINDRICAL_SURFACE ( 'NONE', #274, 1.700000000000000178 ) ;
#634 = PLANE ( 'NONE',  #18 ) ;
#635 = DIRECTION ( 'NONE',  ( 0.000000000000000000, 0.000000000000000000, 1.000000000000000000 ) ) ;
#636 = FACE_OUTER_BOUND ( 'NONE', #1632, .T. ) ;
#637 = ORIENTED_EDGE ( 'NONE', *, *, #647, .T. ) ;
#638 = DIRECTION ( 'NONE',  ( 0.000000000000000000, 0.000000000000000000, -1.000000000000000000 ) ) ;
#639 = ORIENTED_EDGE ( 'NONE', *, *, #840, .F. ) ;
#640 = CARTESIAN_POINT ( 'NONE',  ( -9.000000000000000000, -6.000000000000000152E-06, 2.299999999999999822 ) ) ;
#641 = FACE_BOUND ( 'NONE', #748, .T. ) ;
#642 = CARTESIAN_POINT ( 'NONE',  ( 31.00000000000000000, 59.50000000000000000, 4.000000000000000000 ) ) ;
#643 = AXIS2_PLACEMENT_3D ( 'NONE', #1691, #42, #725 ) ;
#644 = CARTESIAN_POINT ( 'NONE',  ( -9.000000000000000000, -1.200000000000000030E-05, 5.700000000000000178 ) ) ;
#645 = VECTOR ( 'NONE', #1124, 1000.000000000000000 ) ;
#646 = ORIENTED_EDGE ( 'NONE', *, *, #1009, .F. ) ;
#647 = EDGE_CURVE ( 'NONE', #1309, #1459, #1237, .T. ) ;
#648 = CC_DESIGN_APPROVAL ( #264, ( #1143 ) ) ;
#649 = VECTOR ( 'NONE', #969, 1000.000000000000000 ) ;
#650 = COORDINATED_UNIVERSAL_TIME_OFFSET ( 5, 0, .BEHIND. ) ;
#651 = ORIENTED_EDGE ( 'NONE', *, *, #1145, .F. ) ;
#652 = DIRECTION ( 'NONE',  ( -1.000000000000000000, 0.000000000000000000, 0.000000000000000000 ) ) ;
#653 = DIRECTION ( 'NONE',  ( -0.000000000000000000, -1.000000000000000000, -0.000000000000000000 ) ) ;
#654 = DIRECTION ( 'NONE',  ( -1.000000000000000000, 0.000000000000000000, -0.000000000000000000 ) ) ;
#655 = CARTESIAN_POINT ( 'NONE',  ( -21.00000000000000000, 0.000000000000000000, 17.00000000000000000 ) ) ;
#656 = ORIENTED_EDGE ( 'NONE', *, *, #1690, .T. ) ;
#657 = VERTEX_POINT ( 'NONE', #1375 ) ;
#658 = EDGE_CURVE ( 'NONE', #247, #1732, #861, .T. ) ;
#659 = DIRECTION ( 'NONE',  ( 0.000000000000000000, 0.000000000000000000, 1.000000000000000000 ) ) ;
#660 = ORIENTED_EDGE ( 'NONE', *, *, #1677, .T. ) ;
#661 = CARTESIAN_POINT ( 'NONE',  ( 31.00000000000000000, 81.00000000000000000, 2.299999999999999822 ) ) ;
#662 = LINE ( 'NONE', #518, #419 ) ;
#663 = DIRECTION ( 'NONE',  ( -0.000000000000000000, 1.000000000000000000, -0.000000000000000000 ) ) ;
#664 = FACE_OUTER_BOUND ( 'NONE', #184, .T. ) ;
#665 = ORIENTED_EDGE ( 'NONE', *, *, #348, .T. ) ;
#666 = DIRECTION ( 'NONE',  ( -1.000000000000000000, 0.000000000000000000, -0.000000000000000000 ) ) ;
#667 = COORDINATED_UNIVERSAL_TIME_OFFSET ( 5, 0, .BEHIND. ) ;
#668 = EDGE_LOOP ( 'NONE', ( #906, #1670, #1302, #1571 ) ) ;
#669 = EDGE_CURVE ( 'NONE', #1732, #247, #249, .T. ) ;
#670 = CARTESIAN_POINT ( 'NONE',  ( -7.300069511236165098, 0.000000000000000000, 4.225083994885395988 ) ) ;
#671 = DIRECTION ( 'NONE',  ( 0.000000000000000000, 1.000000000000000000, 0.000000000000000000 ) ) ;
#672 = DIRECTION ( 'NONE',  ( 1.000000000000000000, -0.000000000000000000, 0.000000000000000000 ) ) ;
#673 = ORIENTED_EDGE ( 'NONE', *, *, #1307, .F. ) ;
#674 = VERTEX_POINT ( 'NONE', #1519 ) ;
#675 = VECTOR ( 'NONE', #118, 1000.000000000000000 ) ;
#676 = ORIENTED_EDGE ( 'NONE', *, *, #777, .F. ) ;
#677 = VECTOR ( 'NONE', #1117, 1000.000000000000000 ) ;
#678 = ORIENTED_EDGE ( 'NONE', *, *, #26, .F. ) ;
#679 = DIRECTION ( 'NONE',  ( -0.000000000000000000, -0.000000000000000000, 1.000000000000000000 ) ) ;
#680 = ADVANCED_FACE ( 'NONE', ( #712 ), #411, .F. ) ;
#681 = PLANE ( 'NONE',  #236 ) ;
#682 = DIRECTION ( 'NONE',  ( -1.000000000000000000, 0.000000000000000000, 0.000000000000000000 ) ) ;
#683 = CARTESIAN_POINT ( 'NONE',  ( -10.50000000000000000, -1.200000000000000030E-05, 4.799999999999998046 ) ) ;
#684 = CARTESIAN_POINT ( 'NONE',  ( 31.00000000000000000, 81.00000000000000000, 5.700000000000000178 ) ) ;
#685 = VERTEX_POINT ( 'NONE', #1493 ) ;
#686 = COORDINATED_UNIVERSAL_TIME_OFFSET ( 5, 0, .BEHIND. ) ;
#687 = ORIENTED_EDGE ( 'NONE', *, *, #319, .T. ) ;
#688 = AXIS2_PLACEMENT_3D ( 'NONE', #1423, #1314, #90 ) ;
#689 = DIRECTION ( 'NONE',  ( -0.000000000000000000, 1.000000000000000000, 0.000000000000000000 ) ) ;
#690 = VECTOR ( 'NONE', #1114, 1000.000000000000000 ) ;
#691 = LINE ( 'NONE', #843, #555 ) ;
#692 = ADVANCED_FACE ( 'NONE', ( #1366 ), #561, .F. ) ;
#693 = EDGE_LOOP ( 'NONE', ( #1339, #1656 ) ) ;
#694 = EDGE_LOOP ( 'NONE', ( #1616, #1232 ) ) ;
#695 = LINE ( 'NONE', #1220, #649 ) ;
#696 = EDGE_LOOP ( 'NONE', ( #315, #660, #1208, #253 ) ) ;
#697 = DIRECTION ( 'NONE',  ( -0.000000000000000000, -1.000000000000000000, -0.000000000000000000 ) ) ;
#698 = DIRECTION ( 'NONE',  ( 0.000000000000000000, 0.000000000000000000, 1.000000000000000000 ) ) ;
#699 = CARTESIAN_POINT ( 'NONE',  ( 43.00000000000000000, 0.000000000000000000, 0.000000000000000000 ) ) ;
#700 = CARTESIAN_POINT ( 'NONE',  ( 43.00000000000000000, 0.000000000000000000, 17.00000000000000000 ) ) ;
#701 = CARTESIAN_POINT ( 'NONE',  ( -9.000000000000000000, 81.00000000000000000, 2.299999999999999822 ) ) ;
#702 = CC_DESIGN_PERSON_AND_ORGANIZATION_ASSIGNMENT ( #1649, #942, ( #901 ) ) ;
#703 = ORIENTED_EDGE ( 'NONE', *, *, #1422, .F. ) ;
#704 = DIRECTION ( 'NONE',  ( 0.000000000000000000, 0.000000000000000000, -1.000000000000000000 ) ) ;
#705 = ADVANCED_FACE ( 'NONE', ( #105 ), #1478, .F. ) ;
#706 = EDGE_CURVE ( 'NONE', #1626, #1280, #181, .T. ) ;
#707 = VECTOR ( 'NONE', #937, 1000.000000000000000 ) ;
#708 = AXIS2_PLACEMENT_3D ( 'NONE', #791, #911, #810 ) ;
#709 = CARTESIAN_POINT ( 'NONE',  ( -21.00000000000000000, 0.000000000000000000, 17.00000000000000000 ) ) ;
#710 = ADVANCED_BREP_SHAPE_REPRESENTATION ( 'V3_07_servo_stand', ( #306, #442 ), #583 ) ;
#711 = DIRECTION ( 'NONE',  ( 0.000000000000000000, -1.000000000000000000, 0.000000000000000000 ) ) ;
#712 = FACE_OUTER_BOUND ( 'NONE', #934, .T. ) ;
#713 = ORIENTED_EDGE ( 'NONE', *, *, #1717, .F. ) ;
#714 = FACE_OUTER_BOUND ( 'NONE', #868, .T. ) ;
#715 = CIRCLE ( 'NONE', #240, 1.700000000000000178 ) ;
#716 = CARTESIAN_POINT ( 'NONE',  ( 29.51560493047168876, 0.000000000000000000, 3.141514269808900917 ) ) ;
#717 = EDGE_CURVE ( 'NONE', #1192, #1309, #1336, .T. ) ;
#718 = CARTESIAN_POINT ( 'NONE',  ( -10.36128909900368456, -0.000000000000000000, 11.95702773923684781 ) ) ;
#719 = ORIENTED_EDGE ( 'NONE', *, *, #71, .F. ) ;
#720 = CARTESIAN_POINT ( 'NONE',  ( -15.59999999999999964, 67.50000000000000000, -1.200000000000000030E-05 ) ) ;
#721 = AXIS2_PLACEMENT_3D ( 'NONE', #379, #1733, #121 ) ;
#722 = DIRECTION ( 'NONE',  ( 0.000000000000000000, -0.000000000000000000, 1.000000000000000000 ) ) ;
#723 = ORIENTED_EDGE ( 'NONE', *, *, #319, .F. ) ;
#724 = CARTESIAN_POINT ( 'NONE',  ( -7.957027739237105379, -0.000000000000000000, 11.63871090099642558 ) ) ;
#725 = DIRECTION ( 'NONE',  ( 0.000000000000000000, 0.000000000000000000, 1.000000000000000000 ) ) ;
#726 = ADVANCED_FACE ( 'NONE', ( #664 ), #846, .F. ) ;
#727 = ORIENTED_EDGE ( 'NONE', *, *, #1328, .T. ) ;
#728 = DIRECTION ( 'NONE',  ( 1.000000000000000000, 0.000000000000000000, 0.000000000000000000 ) ) ;
#729 = CARTESIAN_POINT ( 'NONE',  ( -21.00000000000000000, 0.000000000000000000, 17.00000000000000000 ) ) ;
#730 = CARTESIAN_POINT ( 'NONE',  ( 29.34320465898994001, -0.000000000000000000, 12.55736206014941736 ) ) ;
#731 = VECTOR ( 'NONE', #377, 1000.000000000000000 ) ;
#732 = CARTESIAN_POINT ( 'NONE',  ( 31.60000000000000142, 62.50000000000000000, 0.000000000000000000 ) ) ;
#733 = ORIENTED_EDGE ( 'NONE', *, *, #767, .T. ) ;
#734 = AXIS2_PLACEMENT_3D ( 'NONE', #1569, #1069, #335 ) ;
#735 = EDGE_CURVE ( 'NONE', #1238, #1587, #30, .T. ) ;
#736 = ORIENTED_EDGE ( 'NONE', *, *, #1021, .F. ) ;
#737 = CARTESIAN_POINT ( 'NONE',  ( 31.00000000000000000, -1.200000000000000030E-05, 5.700000000000000178 ) ) ;
#738 = CARTESIAN_POINT ( 'NONE',  ( 31.00000000000000000, -6.000000000000000152E-06, 14.69999999999999929 ) ) ;
#739 = DIRECTION ( 'NONE',  ( -0.000000000000000000, -1.000000000000000000, -0.000000000000000000 ) ) ;
#740 = ORIENTED_EDGE ( 'NONE', *, *, #1279, .T. ) ;
#741 = DIRECTION ( 'NONE',  ( 0.000000000000000000, 1.000000000000000000, 0.000000000000000000 ) ) ;
#742 = VERTEX_POINT ( 'NONE', #1271 ) ;
#743 = LINE ( 'NONE', #1411, #1692 ) ;
#744 = FACE_OUTER_BOUND ( 'NONE', #696, .T. ) ;
#745 = CARTESIAN_POINT ( 'NONE',  ( 32.65679534101005288, -0.000000000000000000, 4.442637939846629358 ) ) ;
#746 = CARTESIAN_POINT ( 'NONE',  ( -15.59999999999999964, 0.000000000000000000, 6.000000000000000000 ) ) ;
#747 = VERTEX_POINT ( 'NONE', #307 ) ;
#748 = EDGE_LOOP ( 'NONE', ( #1590, #1535 ) ) ;
#749 = DIRECTION ( 'NONE',  ( -0.000000000000000000, 1.000000000000000000, -0.000000000000000000 ) ) ;
#750 = CARTESIAN_POINT ( 'NONE',  ( 31.19999999999999929, 80.50000000000000000, 0.000000000000000000 ) ) ;
#751 = EDGE_CURVE ( 'NONE', #449, #408, #1260, .T. ) ;
#752 = CARTESIAN_POINT ( 'NONE',  ( 31.22508399488667408, -0.000000000000000000, 2.300069511235792952 ) ) ;
#753 = ORIENTED_EDGE ( 'NONE', *, *, #1758, .T. ) ;
#754 = DIRECTION ( 'NONE',  ( -0.000000000000000000, 1.000000000000000000, -0.000000000000000000 ) ) ;
#755 = CARTESIAN_POINT ( 'NONE',  ( 31.60000000000000142, 72.50000000000000000, -1.200000000000000030E-05 ) ) ;
#756 = VECTOR ( 'NONE', #9, 1000.000000000000000 ) ;
#757 = ORIENTED_EDGE ( 'NONE', *, *, #400, .T. ) ;
#758 = DIRECTION ( 'NONE',  ( 0.000000000000000000, 0.000000000000000000, 1.000000000000000000 ) ) ;
#759 = APPROVAL_PERSON_ORGANIZATION ( #1440, #264, #369 ) ;
#760 = CIRCLE ( 'NONE', #1747, 1.700000000000000178 ) ;
#761 = DIRECTION ( 'NONE',  ( 0.000000000000000000, -1.000000000000000000, 0.000000000000000000 ) ) ;
#762 = EDGE_CURVE ( 'NONE', #1263, #438, #182, .T. ) ;
#763 =( NAMED_UNIT ( * ) SI_UNIT ( $, .STERADIAN. ) SOLID_ANGLE_UNIT ( ) );
#764 = CARTESIAN_POINT ( 'NONE',  ( -10.65666690099488711, 0.000000000000000000, 4.442584738250936027 ) ) ;
#765 = DIRECTION ( 'NONE',  ( 0.000000000000000000, 0.000000000000000000, 1.000000000000000000 ) ) ;
#766 = ORIENTED_EDGE ( 'NONE', *, *, #812, .F. ) ;
#767 = EDGE_CURVE ( 'NONE', #1192, #82, #1142, .T. ) ;
#768 = AXIS2_PLACEMENT_3D ( 'NONE', #1583, #362, #914 ) ;
#769 = AXIS2_PLACEMENT_3D ( 'NONE', #298, #430, #957 ) ;
#770 = LINE ( 'NONE', #1394, #785 ) ;
#771 = CARTESIAN_POINT ( 'NONE',  ( 31.00000000000000000, 8.000000000000000000, 14.69999999999999929 ) ) ;
#772 = ORIENTED_EDGE ( 'NONE', *, *, #415, .T. ) ;
#773 = PLANE ( 'NONE',  #1023 ) ;
#774 = EDGE_LOOP ( 'NONE', ( #1577, #1020, #496, #1520 ) ) ;
#775 = CARTESIAN_POINT ( 'NONE',  ( 31.60000000000000142, 77.50000000000000000, 0.000000000000000000 ) ) ;
#776 = FACE_BOUND ( 'NONE', #1693, .T. ) ;
#777 = EDGE_CURVE ( 'NONE', #1507, #1101, #450, .T. ) ;
#778 = LINE ( 'NONE', #258, #1005 ) ;
#779 = ORIENTED_EDGE ( 'NONE', *, *, #333, .T. ) ;
#780 = DIRECTION ( 'NONE',  ( -1.000000000000000000, 0.000000000000000000, 0.000000000000000000 ) ) ;
#781 =( LENGTH_UNIT ( ) NAMED_UNIT ( * ) SI_UNIT ( .MILLI., .METRE. ) );
#782 = ORIENTED_EDGE ( 'NONE', *, *, #163, .F. ) ;
#783 = CARTESIAN_POINT ( 'NONE',  ( -11.59999999999999964, 72.50000000000000000, 6.000000000000000000 ) ) ;
#784 = DIRECTION ( 'NONE',  ( 0.000000000000000000, 0.000000000000000000, -1.000000000000000000 ) ) ;
#785 = VECTOR ( 'NONE', #176, 1000.000000000000000 ) ;
#786 = DIRECTION ( 'NONE',  ( 0.000000000000000000, 0.000000000000000000, 1.000000000000000000 ) ) ;
#787 = EDGE_CURVE ( 'NONE', #413, #863, #1647, .T. ) ;
#788 = VECTOR ( 'NONE', #537, 1000.000000000000000 ) ;
#789 = VERTEX_POINT ( 'NONE', #50 ) ;
#790 = ORIENTED_EDGE ( 'NONE', *, *, #1580, .T. ) ;
#791 = CARTESIAN_POINT ( 'NONE',  ( 31.00000000000000000, 72.49999999999998579, 4.000000000000000000 ) ) ;
#792 = LINE ( 'NONE', #1331, #1608 ) ;
#793 = CARTESIAN_POINT ( 'NONE',  ( -10.36128909900394923, -0.000000000000000000, 2.957027739237109820 ) ) ;
#794 = FACE_OUTER_BOUND ( 'NONE', #1024, .T. ) ;
#795 = FACE_OUTER_BOUND ( 'NONE', #229, .T. ) ;
#796 = CARTESIAN_POINT ( 'NONE',  ( 43.00000000000000000, 0.000000000000000000, 17.00000000000000000 ) ) ;
#797 = ORIENTED_EDGE ( 'NONE', *, *, #220, .T. ) ;
#798 = CARTESIAN_POINT ( 'NONE',  ( 31.60000000000000142, 0.000000000000000000, 6.000000000000000000 ) ) ;
#799 = ORIENTED_EDGE ( 'NONE', *, *, #904, .F. ) ;
#800 = ORIENTED_EDGE ( 'NONE', *, *, #540, .T. ) ;
#801 = DIRECTION ( 'NONE',  ( -0.000000000000000000, 1.000000000000000000, 0.000000000000000000 ) ) ;
#802 = COORDINATED_UNIVERSAL_TIME_OFFSET ( 5, 0, .BEHIND. ) ;
#803 = EDGE_CURVE ( 'NONE', #839, #1219, #1681, .T. ) ;
#804 = ORIENTED_EDGE ( 'NONE', *, *, #340, .T. ) ;
#805 = EDGE_CURVE ( 'NONE', #1467, #1369, #1016, .T. ) ;
#806 = LINE ( 'NONE', #1474, #675 ) ;
#807 = LINE ( 'NONE', #644, #899 ) ;
#808 = APPLICATION_CONTEXT ( 'configuration controlled 3d designs of mechanical parts and assemblies' ) ;
#809 = ORIENTED_EDGE ( 'NONE', *, *, #1514, .T. ) ;
#810 = DIRECTION ( 'NONE',  ( 0.000000000000000000, 0.000000000000000000, -1.000000000000000000 ) ) ;
#811 = PERSON_AND_ORGANIZATION_ROLE ( 'design_supplier' ) ;
#812 = EDGE_CURVE ( 'NONE', #1157, #1159, #511, .T. ) ;
#813 = ADVANCED_FACE ( 'NONE', ( #1327 ), #2, .F. ) ;
#814 = VERTEX_POINT ( 'NONE', #1631 ) ;
#815 = CARTESIAN_POINT ( 'NONE',  ( 43.00000000000000000, 81.00000000000000000, 6.000000000000000000 ) ) ;
#816 = LINE ( 'NONE', #925, #1460 ) ;
#817 = CYLINDRICAL_SURFACE ( 'NONE', #1256, 1.700000000000000178 ) ;
#818 = VERTEX_POINT ( 'NONE', #275 ) ;
#819 = ORIENTED_EDGE ( 'NONE', *, *, #178, .F. ) ;
#820 = VECTOR ( 'NONE', #620, 1000.000000000000000 ) ;
#821 = CARTESIAN_POINT ( 'NONE',  ( 31.60000000000000142, 77.50000000000000000, -1.200000000000000030E-05 ) ) ;
#822 = VECTOR ( 'NONE', #679, 1000.000000000000000 ) ;
#823 = VECTOR ( 'NONE', #133, 1000.000000000000000 ) ;
#824 = EDGE_CURVE ( 'NONE', #221, #40, #1621, .T. ) ;
#825 = CARTESIAN_POINT ( 'NONE',  ( -9.225083994885922678, 0.000000000000000000, 11.29993048876420758 ) ) ;
#826 = CARTESIAN_POINT ( 'NONE',  ( 35.60000000000000142, 67.50000000000000000, 6.000000000000000000 ) ) ;
#827 = DIRECTION ( 'NONE',  ( 0.000000000000000000, -1.000000000000000000, 0.000000000000000000 ) ) ;
#828 = DIRECTION ( 'NONE',  ( -0.000000000000000000, 1.000000000000000000, -0.000000000000000000 ) ) ;
#829 = ORIENTED_EDGE ( 'NONE', *, *, #415, .F. ) ;
#830 = CARTESIAN_POINT ( 'NONE',  ( 31.00000000000000000, 67.49999999999998579, 4.000000000000000000 ) ) ;
#831 = DATE_AND_TIME ( #1486, #323 ) ;
#832 = ORIENTED_EDGE ( 'NONE', *, *, #1522, .T. ) ;
#833 = DIRECTION ( 'NONE',  ( 1.000000000000000000, -0.000000000000000000, 0.000000000000000000 ) ) ;
#834 = PRODUCT_RELATED_PRODUCT_CATEGORY ( 'detail', '', ( #1410 ) ) ;
#835 = PLANE ( 'NONE',  #643 ) ;
#836 = ORIENTED_EDGE ( 'NONE', *, *, #1072, .F. ) ;
#837 = EDGE_CURVE ( 'NONE', #60, #742, #1367, .T. ) ;
#838 = CARTESIAN_POINT ( 'NONE',  ( 0.000000000000000000, 72.50000000000000000, 0.000000000000000000 ) ) ;
#839 = VERTEX_POINT ( 'NONE', #1065 ) ;
#840 = EDGE_CURVE ( 'NONE', #213, #1581, #1598, .T. ) ;
#841 = ORIENTED_EDGE ( 'NONE', *, *, #358, .T. ) ;
#842 = LINE ( 'NONE', #280, #464 ) ;
#843 = CARTESIAN_POINT ( 'NONE',  ( 31.19999999999999929, 0.000000000000000000, 0.000000000000000000 ) ) ;
#844 = CARTESIAN_POINT ( 'NONE',  ( 31.00000000000000000, 8.000000000000000000, 13.00000000000000000 ) ) ;
#845 = DIRECTION ( 'NONE',  ( -0.000000000000000000, 1.000000000000000000, -0.000000000000000000 ) ) ;
#846 = PLANE ( 'NONE',  #309 ) ;
#847 = EDGE_CURVE ( 'NONE', #1459, #814, #243, .T. ) ;
#848 = ORIENTED_EDGE ( 'NONE', *, *, #803, .F. ) ;
#849 = VECTOR ( 'NONE', #131, 1000.000000000000000 ) ;
#850 = AXIS2_PLACEMENT_3D ( 'NONE', #207, #761, #484 ) ;
#851 = CARTESIAN_POINT ( 'NONE',  ( -10.04297226076315397, -0.000000000000000000, 14.36128909900368456 ) ) ;
#852 = DIRECTION ( 'NONE',  ( -0.000000000000000000, 1.000000000000000000, -0.000000000000000000 ) ) ;
#853 = LINE ( 'NONE', #1384, #1406 ) ;
#854 = CARTESIAN_POINT ( 'NONE',  ( 29.29993048876346151, -0.000000000000000000, 4.225083994884123229 ) ) ;
#855 = CARTESIAN_POINT ( 'NONE',  ( 35.60000000000000142, 67.50000000000000000, 0.000000000000000000 ) ) ;
#856 = CARTESIAN_POINT ( 'NONE',  ( -8.141461068209997265, -0.000000000000000000, 14.48452350954423018 ) ) ;
#857 = ADVANCED_FACE ( 'NONE', ( #396 ), #936, .F. ) ;
#858 = AXIS2_PLACEMENT_3D ( 'NONE', #351, #920, #88 ) ;
#859 = CARTESIAN_POINT ( 'NONE',  ( -11.59999999999999964, 0.000000000000000000, 6.000000000000000000 ) ) ;
#860 = EDGE_CURVE ( 'NONE', #1513, #1238, #500, .T. ) ;
#861 = CIRCLE ( 'NONE', #1532, 1.700000000000000178 ) ;
#862 = ADVANCED_FACE ( 'NONE', ( #520, #1575, #1071, #776, #1317, #1595 ), #1609, .F. ) ;
#863 = VERTEX_POINT ( 'NONE', #509 ) ;
#864 = CARTESIAN_POINT ( 'NONE',  ( 32.70006951123653494, -0.000000000000000000, 12.77491600511549663 ) ) ;
#865 = ADVANCED_FACE ( 'NONE', ( #1062 ), #374, .F. ) ;
#866 = CARTESIAN_POINT ( 'NONE',  ( 32.69993048876345654, 0.000000000000000000, 4.225083994884505145 ) ) ;
#867 = CARTESIAN_POINT ( 'NONE',  ( 31.00000000000000000, 62.49999999999997868, 4.000000000000000000 ) ) ;
#868 = EDGE_LOOP ( 'NONE', ( #474, #1103, #1499, #87 ) ) ;
#869 = CARTESIAN_POINT ( 'NONE',  ( 31.60000000000000142, 67.50000000000000000, -1.200000000000000030E-05 ) ) ;
#870 = VERTEX_POINT ( 'NONE', #701 ) ;
#871 = CARTESIAN_POINT ( 'NONE',  ( 29.95702773923763829, -0.000000000000000000, 5.361289099004101111 ) ) ;
#872 = VECTOR ( 'NONE', #1270, 1000.000000000000000 ) ;
#873 = CARTESIAN_POINT ( 'NONE',  ( 30.14134607987128689, 0.000000000000000000, 14.48432534211531042 ) ) ;
#874 = ADVANCED_FACE ( 'NONE', ( #714 ), #817, .F. ) ;
#875 = LINE ( 'NONE', #187, #1153 ) ;
#876 = ORIENTED_EDGE ( 'NONE', *, *, #505, .T. ) ;
#877 = CARTESIAN_POINT ( 'NONE',  ( -9.000000000000000000, 59.50000000000000000, 4.000000000000000000 ) ) ;
#878 = DIRECTION ( 'NONE',  ( -0.000000000000000000, 1.000000000000000000, -0.000000000000000000 ) ) ;
#879 = AXIS2_PLACEMENT_3D ( 'NONE', #1452, #364, #654 ) ;
#880 = DIRECTION ( 'NONE',  ( 0.000000000000000000, 1.000000000000000000, 0.000000000000000000 ) ) ;
#881 = EDGE_CURVE ( 'NONE', #1238, #294, #975, .T. ) ;
#882 = CARTESIAN_POINT ( 'NONE',  ( 43.00000000000000000, 8.000000000000000000, 17.00000000000000000 ) ) ;
#883 = VERTEX_POINT ( 'NONE', #1708 ) ;
#884 = EDGE_CURVE ( 'NONE', #1127, #60, #621, .T. ) ;
#885 = CARTESIAN_POINT ( 'NONE',  ( 31.00000000000000000, 80.49999999999998579, 2.299999999999999822 ) ) ;
#886 = CARTESIAN_POINT ( 'NONE',  ( 31.44263793984767474, -0.000000000000000000, 2.343204658989193501 ) ) ;
#887 = DIRECTION ( 'NONE',  ( -0.000000000000000000, 1.000000000000000000, 0.000000000000000000 ) ) ;
#888 = CARTESIAN_POINT ( 'NONE',  ( -9.225615804907725703, -0.000000000000000000, 5.700000000000000178 ) ) ;
#889 = CARTESIAN_POINT ( 'NONE',  ( -9.000000000000000000, 80.49999999999998579, 2.299999999999999822 ) ) ;
#890 = VERTEX_POINT ( 'NONE', #1167 ) ;
#891 = EDGE_CURVE ( 'NONE', #1587, #412, #1038, .T. ) ;
#892 = DIRECTION ( 'NONE',  ( 0.000000000000000000, -1.000000000000000000, 0.000000000000000000 ) ) ;
#893 = ADVANCED_FACE ( 'NONE', ( #636, #494, #1048, #1715, #895, #6 ), #944, .T. ) ;
#894 = DIRECTION ( 'NONE',  ( -1.000000000000000000, 0.000000000000000000, 0.000000000000000000 ) ) ;
#895 = FACE_BOUND ( 'NONE', #1754, .T. ) ;
#896 = CARTESIAN_POINT ( 'NONE',  ( -10.65679534101080783, -0.000000000000000000, 3.557362060152486460 ) ) ;
#897 = CARTESIAN_POINT ( 'NONE',  ( 31.60000000000000142, 0.000000000000000000, 0.000000000000000000 ) ) ;
#898 = CARTESIAN_POINT ( 'NONE',  ( 31.60000000000000142, 62.50000000000000000, 6.000000000000000000 ) ) ;
#899 = VECTOR ( 'NONE', #1063, 1000.000000000000000 ) ;
#900 = ORIENTED_EDGE ( 'NONE', *, *, #12, .F. ) ;
#901 = SECURITY_CLASSIFICATION ( '', '', #1222 ) ;
#902 = EDGE_LOOP ( 'NONE', ( #797, #1319, #489, #1614, #1361, #330 ) ) ;
#903 = EDGE_CURVE ( 'NONE', #416, #1244, #126, .T. ) ;
#904 = EDGE_CURVE ( 'NONE', #1288, #1244, #349, .T. ) ;
#905 = EDGE_CURVE ( 'NONE', #1620, #1259, #770, .T. ) ;
#906 = ORIENTED_EDGE ( 'NONE', *, *, #574, .F. ) ;
#907 = DIRECTION ( 'NONE',  ( 0.000000000000000000, 0.000000000000000000, -1.000000000000000000 ) ) ;
#908 = DIRECTION ( 'NONE',  ( 0.000000000000000000, 0.000000000000000000, 1.000000000000000000 ) ) ;
#909 = VECTOR ( 'NONE', #741, 1000.000000000000000 ) ;
#910 = FACE_OUTER_BOUND ( 'NONE', #122, .T. ) ;
#911 = DIRECTION ( 'NONE',  ( 0.000000000000000000, -1.000000000000000000, 0.000000000000000000 ) ) ;
#912 = ADVANCED_FACE ( 'NONE', ( #590, #1137, #1381, #1004, #215 ), #44, .F. ) ;
#913 = ADVANCED_FACE ( 'NONE', ( #631 ), #1180, .F. ) ;
#914 = DIRECTION ( 'NONE',  ( 0.000000000000000000, 0.000000000000000000, 1.000000000000000000 ) ) ;
#915 = DIRECTION ( 'NONE',  ( -0.000000000000000000, -0.000000000000000000, 1.000000000000000000 ) ) ;
#916 = FACE_OUTER_BOUND ( 'NONE', #1149, .T. ) ;
#917 = ORIENTED_EDGE ( 'NONE', *, *, #1269, .F. ) ;
#918 = CARTESIAN_POINT ( 'NONE',  ( 31.00000000000000000, -1.200000000000000030E-05, 5.700000000000000178 ) ) ;
#919 = CARTESIAN_POINT ( 'NONE',  ( 31.60000000000000142, 77.50000000000000000, 6.000000000000000000 ) ) ;
#920 = DIRECTION ( 'NONE',  ( -0.000000000000000000, 1.000000000000000000, 0.000000000000000000 ) ) ;
#921 = DIRECTION ( 'NONE',  ( 0.000000000000000000, 0.000000000000000000, 1.000000000000000000 ) ) ;
#922 = DIRECTION ( 'NONE',  ( 0.000000000000000000, -0.000000000000000000, -1.000000000000000000 ) ) ;
#923 = DIRECTION ( 'NONE',  ( -1.000000000000000000, 0.000000000000000000, 0.000000000000000000 ) ) ;
#924 = VECTOR ( 'NONE', #1465, 1000.000000000000000 ) ;
#925 = CARTESIAN_POINT ( 'NONE',  ( 0.000000000000000000, 67.50000000000000000, 0.000000000000000000 ) ) ;
#926 = AXIS2_PLACEMENT_3D ( 'NONE', #514, #894, #659 ) ;
#927 = ORIENTED_EDGE ( 'NONE', *, *, #329, .F. ) ;
#928 = DIRECTION ( 'NONE',  ( -0.000000000000000000, -0.000000000000000000, -1.000000000000000000 ) ) ;
#929 = ORIENTED_EDGE ( 'NONE', *, *, #1396, .T. ) ;
#930 = DIRECTION ( 'NONE',  ( 0.000000000000000000, -1.000000000000000000, 0.000000000000000000 ) ) ;
#931 = ADVANCED_FACE ( 'NONE', ( #92 ), #490, .F. ) ;
#932 = DIRECTION ( 'NONE',  ( 0.000000000000000000, -1.000000000000000000, 0.000000000000000000 ) ) ;
#933 = AXIS2_PLACEMENT_3D ( 'NONE', #1273, #174, #999 ) ;
#934 = EDGE_LOOP ( 'NONE', ( #938, #1174, #367, #1364, #1488, #1211, #1449, #67, #1724, #1266, #1597, #1562 ) ) ;
#935 = CARTESIAN_POINT ( 'NONE',  ( -8.141514269807105464, 0.000000000000000000, 2.515604930472431278 ) ) ;
#936 = PLANE ( 'NONE',  #1622 ) ;
#937 = DIRECTION ( 'NONE',  ( -0.000000000000000000, -0.000000000000000000, 1.000000000000000000 ) ) ;
#938 = ORIENTED_EDGE ( 'NONE', *, *, #991, .T. ) ;
#939 = ADVANCED_FACE ( 'NONE', ( #1750 ), #250, .F. ) ;
#940 = ORIENTED_EDGE ( 'NONE', *, *, #400, .F. ) ;
#941 = LINE ( 'NONE', #23, #388 ) ;
#942 = PERSON_AND_ORGANIZATION_ROLE ( 'classification_officer' ) ;
#943 = VECTOR ( 'NONE', #828, 1000.000000000000000 ) ;
#944 = PLANE ( 'NONE',  #1662 ) ;
#945 = ORIENTED_EDGE ( 'NONE', *, *, #427, .T. ) ;
#946 = CARTESIAN_POINT ( 'NONE',  ( -10.36119079527110642, 0.000000000000000000, 14.04287395703057761 ) ) ;
#947 = CARTESIAN_POINT ( 'NONE',  ( -11.59999999999999964, 0.000000000000000000, -0.000000000000000000 ) ) ;
#948 = CARTESIAN_POINT ( 'NONE',  ( 31.60000000000000142, -1.200000000000000030E-05, 2.409402627941314989 ) ) ;
#949 = FACE_OUTER_BOUND ( 'NONE', #322, .T. ) ;
#950 = ORIENTED_EDGE ( 'NONE', *, *, #1008, .T. ) ;
#951 = ORIENTED_EDGE ( 'NONE', *, *, #232, .F. ) ;
#952 = EDGE_CURVE ( 'NONE', #789, #228, #778, .T. ) ;
#953 = CARTESIAN_POINT ( 'NONE',  ( 31.00000000000000000, 59.50000000000000000, 4.000000000000000000 ) ) ;
#954 = ORIENTED_EDGE ( 'NONE', *, *, #1427, .T. ) ;
#955 = LINE ( 'NONE', #1111, #788 ) ;
#956 = LINE ( 'NONE', #19, #1400 ) ;
#957 = DIRECTION ( 'NONE',  ( 0.000000000000000000, -0.000000000000000000, 1.000000000000000000 ) ) ;
#958 = VERTEX_POINT ( 'NONE', #510 ) ;
#959 = VECTOR ( 'NONE', #273, 1000.000000000000000 ) ;
#960 = FACE_OUTER_BOUND ( 'NONE', #986, .T. ) ;
#961 = APPROVAL_PERSON_ORGANIZATION ( #504, #1661, #1557 ) ;
#962 = VECTOR ( 'NONE', #1698, 1000.000000000000000 ) ;
#963 = B_SPLINE_CURVE_WITH_KNOTS ( 'NONE', 3,
 ( #15, #1646, #428, #972, #58, #1389, #312, #745, #866, #1413, #1689, #1290, #1421, #615, #65, #886, #752, #470 ),
 .UNSPECIFIED., .F., .F.,
 ( 4, 2, 2, 2, 2, 2, 2, 2, 4 ),
 ( -3.330669073875469621E-16, 0.06249999999999980571, 0.1249999999999999445, 0.1875000000000000833, 0.2500000000000002220, 0.3125000000000002776, 0.3750000000000002776, 0.4375000000000003331, 0.5000000000000003331 ),
 .UNSPECIFIED. ) ;
#964 = ORIENTED_EDGE ( 'NONE', *, *, #1340, .T. ) ;
#965 = EDGE_CURVE ( 'NONE', #1044, #38, #807, .T. ) ;
#966 = FACE_OUTER_BOUND ( 'NONE', #21, .T. ) ;
#967 = CARTESIAN_POINT ( 'NONE',  ( 35.60000000000000142, 62.50000000000000000, -8.271806125530276749E-22 ) ) ;
#968 = ORIENTED_EDGE ( 'NONE', *, *, #805, .T. ) ;
#969 = DIRECTION ( 'NONE',  ( 1.000000000000000000, 0.000000000000000000, 0.000000000000000000 ) ) ;
#970 = EDGE_LOOP ( 'NONE', ( #1301, #549, #1468, #951, #782, #1456, #262, #266, #467, #1119, #1640, #1182 ) ) ;
#971 = CARTESIAN_POINT ( 'NONE',  ( 32.65666690099504166, 0.000000000000000000, 12.55741526174996459 ) ) ;
#972 = CARTESIAN_POINT ( 'NONE',  ( 31.85853893179215746, -0.000000000000000000, 5.484523509542809094 ) ) ;
#973 = EDGE_CURVE ( 'NONE', #13, #1734, #1446, .T. ) ;
#974 = FACE_OUTER_BOUND ( 'NONE', #902, .T. ) ;
#975 = LINE ( 'NONE', #1594, #990 ) ;
#976 = DATE_TIME_ROLE ( 'classification_date' ) ;
#977 = CARTESIAN_POINT ( 'NONE',  ( -10.65666690099488711, 0.000000000000000000, 13.44258473825093425 ) ) ;
#978 = CARTESIAN_POINT ( 'NONE',  ( 31.19999999999999929, -1.200000000000000030E-05, 2.311805698386587338 ) ) ;
#979 = ORIENTED_EDGE ( 'NONE', *, *, #1580, .F. ) ;
#980 = ORIENTED_EDGE ( 'NONE', *, *, #735, .T. ) ;
#981 = AXIS2_PLACEMENT_3D ( 'NONE', #1215, #119, #111 ) ;
#982 = CARTESIAN_POINT ( 'NONE',  ( -21.00000000000000000, 8.000000000000000000, 6.000000000000000000 ) ) ;
#983 = LOCAL_TIME ( 12, 21, 36.00000000000000000, #802 ) ;
#984 = CIRCLE ( 'NONE', #1403, 1.700000000000000178 ) ;
#985 = CARTESIAN_POINT ( 'NONE',  ( -7.343204658989564315, -0.000000000000000000, 13.44263793984841371 ) ) ;
#986 = EDGE_LOOP ( 'NONE', ( #1091, #624, #424, #1209 ) ) ;
#987 = LINE ( 'NONE', #1255, #645 ) ;
#988 = EDGE_LOOP ( 'NONE', ( #637, #1185, #303, #256 ) ) ;
#989 = VERTEX_POINT ( 'NONE', #1081 ) ;
#990 = VECTOR ( 'NONE', #519, 1000.000000000000000 ) ;
#991 = EDGE_CURVE ( 'NONE', #188, #1337, #1618, .T. ) ;
#992 = CARTESIAN_POINT ( 'NONE',  ( 32.36119079527253461, 0.000000000000000000, 11.95712604297010628 ) ) ;
#993 = CARTESIAN_POINT ( 'NONE',  ( -8.557362060151589844, -0.000000000000000000, 11.34320465898919217 ) ) ;
#994 = CIRCLE ( 'NONE', #1730, 1.700000000000000178 ) ;
#995 = CARTESIAN_POINT ( 'NONE',  ( -10.50000000000000000, 80.50000000000000000, -1.200000000000000030E-05 ) ) ;
#996 = ORIENTED_EDGE ( 'NONE', *, *, #1223, .F. ) ;
#997 = ORIENTED_EDGE ( 'NONE', *, *, #824, .F. ) ;
#998 = EDGE_CURVE ( 'NONE', #890, #1527, #816, .T. ) ;
#999 = DIRECTION ( 'NONE',  ( 0.000000000000000000, -0.000000000000000000, -1.000000000000000000 ) ) ;
#1000 = CARTESIAN_POINT ( 'NONE',  ( 29.63880920472746539, 0.000000000000000000, 14.04287395702952246 ) ) ;
#1001 = FACE_BOUND ( 'NONE', #328, .T. ) ;
#1002 = B_SPLINE_CURVE_WITH_KNOTS ( 'NONE', 3,
 ( #1461, #1332, #211, #1719, #1559, #793, #108, #896, #1432, #1582, #764, #1306, #79, #625, #1175, #478, #888, #1572 ),
 .UNSPECIFIED., .F., .F.,
 ( 4, 2, 2, 2, 2, 2, 2, 2, 4 ),
 ( 0.5000000000000000000, 0.5625000000000000000, 0.6250000000000000000, 0.6875000000000000000, 0.7500000000000000000, 0.8125000000000000000, 0.8750000000000000000, 0.9375000000000000000, 1.000000000000000000 ),
 .UNSPECIFIED. ) ;
#1003 = ORIENTED_EDGE ( 'NONE', *, *, #1555, .T. ) ;
#1004 = FACE_BOUND ( 'NONE', #1018, .T. ) ;
#1005 = VECTOR ( 'NONE', #1454, 1000.000000000000000 ) ;
#1006 = CARTESIAN_POINT ( 'NONE',  ( 29.34333309900547704, 0.000000000000000000, 13.44258473825092715 ) ) ;
#1007 = LOCAL_TIME ( 12, 21, 36.00000000000000000, #650 ) ;
#1008 = EDGE_CURVE ( 'NONE', #1369, #1509, #1596, .T. ) ;
#1009 = EDGE_CURVE ( 'NONE', #1620, #1285, #1711, .T. ) ;
#1010 = LINE ( 'NONE', #755, #267 ) ;
#1011 = VERTEX_POINT ( 'NONE', #355 ) ;
#1012 = CARTESIAN_POINT ( 'NONE',  ( 29.63871090099774364, -0.000000000000000000, 2.957027739233934138 ) ) ;
#1013 = CIRCLE ( 'NONE', #469, 1.700000000000000178 ) ;
#1014 = VERTEX_POINT ( 'NONE', #1318 ) ;
#1015 = LINE ( 'NONE', #982, #1469 ) ;
#1016 = LINE ( 'NONE', #1294, #1140 ) ;
#1017 = CARTESIAN_POINT ( 'NONE',  ( -7.638809204728629787, 0.000000000000000000, 11.95712604296931225 ) ) ;
#1018 = EDGE_LOOP ( 'NONE', ( #954, #104 ) ) ;
#1019 = CARTESIAN_POINT ( 'NONE',  ( -9.000000000000000000, -6.000000000000000152E-06, 14.69999999999999929 ) ) ;
#1020 = ORIENTED_EDGE ( 'NONE', *, *, #1690, .F. ) ;
#1021 = EDGE_CURVE ( 'NONE', #438, #870, #296, .T. ) ;
#1022 = CARTESIAN_POINT ( 'NONE',  ( 31.60000000000000142, 62.50000000000000000, -1.200000000000000030E-05 ) ) ;
#1023 = AXIS2_PLACEMENT_3D ( 'NONE', #477, #1027, #638 ) ;
#1024 = EDGE_LOOP ( 'NONE', ( #1221, #1599, #1115, #1278 ) ) ;
#1025 = CALENDAR_DATE ( 2026, 21, 9 ) ;
#1026 = ORIENTED_EDGE ( 'NONE', *, *, #1240, .T. ) ;
#1027 = DIRECTION ( 'NONE',  ( 1.000000000000000000, -0.000000000000000000, 0.000000000000000000 ) ) ;
#1028 = CARTESIAN_POINT ( 'NONE',  ( 0.000000000000000000, 80.50000000000000000, 6.000000000000000000 ) ) ;
#1029 = DIRECTION ( 'NONE',  ( -1.000000000000000000, -0.000000000000000000, -0.000000000000000000 ) ) ;
#1030 = VERTEX_POINT ( 'NONE', #796 ) ;
#1031 = DIRECTION ( 'NONE',  ( 0.000000000000000000, 0.000000000000000000, -1.000000000000000000 ) ) ;
#1032 = PERSON_AND_ORGANIZATION ( #1393, #1402 ) ;
#1033 = VERTEX_POINT ( 'NONE', #1723 ) ;
#1034 = DIRECTION ( 'NONE',  ( 0.000000000000000000, 0.000000000000000000, 1.000000000000000000 ) ) ;
#1035 = ORIENTED_EDGE ( 'NONE', *, *, #803, .T. ) ;
#1036 = CARTESIAN_POINT ( 'NONE',  ( -9.000000000000000000, 8.000000000000000000, 13.00000000000000000 ) ) ;
#1037 = AXIS2_PLACEMENT_3D ( 'NONE', #867, #1683, #1390 ) ;
#1038 = LINE ( 'NONE', #86, #183 ) ;
#1039 = ORIENTED_EDGE ( 'NONE', *, *, #64, .T. ) ;
#1040 = CARTESIAN_POINT ( 'NONE',  ( -10.50000000000000000, 80.50000000000000000, 3.200000000000002398 ) ) ;
#1041 = LOCAL_TIME ( 12, 21, 36.00000000000000000, #667 ) ;
#1042 = CARTESIAN_POINT ( 'NONE',  ( 31.60000000000000142, 0.000000000000000000, 0.000000000000000000 ) ) ;
#1043 = AXIS2_PLACEMENT_3D ( 'NONE', #368, #384, #1470 ) ;
#1044 = VERTEX_POINT ( 'NONE', #1585 ) ;
#1045 = DIRECTION ( 'NONE',  ( -0.000000000000000000, 1.000000000000000000, 0.000000000000000000 ) ) ;
#1046 = EDGE_CURVE ( 'NONE', #814, #1224, #1335, .T. ) ;
#1047 = PERSON_AND_ORGANIZATION ( #1393, #1402 ) ;
#1048 = FACE_BOUND ( 'NONE', #251, .T. ) ;
#1049 = ORIENTED_EDGE ( 'NONE', *, *, #127, .T. ) ;
#1050 = DIRECTION ( 'NONE',  ( 0.000000000000000000, -0.000000000000000000, 1.000000000000000000 ) ) ;
#1051 = CARTESIAN_POINT ( 'NONE',  ( 35.60000000000000142, 72.50000000000000000, 6.000000000000000000 ) ) ;
#1052 = DIRECTION ( 'NONE',  ( 0.000000000000000000, 0.000000000000000000, -1.000000000000000000 ) ) ;
#1053 = CARTESIAN_POINT ( 'NONE',  ( 0.000000000000000000, 67.50000000000000000, 6.000000000000000000 ) ) ;
#1054 = VECTOR ( 'NONE', #405, 1000.000000000000000 ) ;
#1055 = ORIENTED_EDGE ( 'NONE', *, *, #445, .F. ) ;
#1056 = FACE_OUTER_BOUND ( 'NONE', #103, .T. ) ;
#1057 = ORIENTED_EDGE ( 'NONE', *, *, #1363, .F. ) ;
#1058 = CYLINDRICAL_SURFACE ( 'NONE', #324, 1.700000000000000178 ) ;
#1059 = DIRECTION ( 'NONE',  ( -0.000000000000000000, 1.000000000000000000, 0.000000000000000000 ) ) ;
#1060 = CARTESIAN_POINT ( 'NONE',  ( 31.60000000000000142, -1.200000000000000030E-05, 5.590597372058685011 ) ) ;
#1061 = ADVANCED_FACE ( 'NONE', ( #916 ), #233, .F. ) ;
#1062 = FACE_OUTER_BOUND ( 'NONE', #344, .T. ) ;
#1063 = DIRECTION ( 'NONE',  ( -0.000000000000000000, 1.000000000000000000, -0.000000000000000000 ) ) ;
#1064 = ORIENTED_EDGE ( 'NONE', *, *, #1228, .F. ) ;
#1065 = CARTESIAN_POINT ( 'NONE',  ( -10.50000000000000000, 59.50000000000000000, 0.000000000000000000 ) ) ;
#1066 = UNCERTAINTY_MEASURE_WITH_UNIT (LENGTH_MEASURE( 1.000000000000000082E-05 ), #781, 'distance_accuracy_value', 'NONE');
#1067 = DIRECTION ( 'NONE',  ( 0.000000000000000000, 0.000000000000000000, 1.000000000000000000 ) ) ;
#1068 = ORIENTED_EDGE ( 'NONE', *, *, #717, .T. ) ;
#1069 = DIRECTION ( 'NONE',  ( 1.000000000000000000, -0.000000000000000000, 0.000000000000000000 ) ) ;
#1070 = DIRECTION ( 'NONE',  ( -0.000000000000000000, -0.000000000000000000, 1.000000000000000000 ) ) ;
#1071 = FACE_BOUND ( 'NONE', #196, .T. ) ;
#1072 = EDGE_CURVE ( 'NONE', #818, #1030, #1325, .T. ) ;
#1073 = VECTOR ( 'NONE', #365, 1000.000000000000000 ) ;
#1074 = CARTESIAN_POINT ( 'NONE',  ( -9.000000000000000000, -1.200000000000000030E-05, 4.000000000000000000 ) ) ;
#1075 = VERTEX_POINT ( 'NONE', #1739 ) ;
#1076 = DIRECTION ( 'NONE',  ( -0.000000000000000000, 1.000000000000000000, -0.000000000000000000 ) ) ;
#1077 = EDGE_CURVE ( 'NONE', #839, #742, #521, .T. ) ;
#1078 = PERSON_AND_ORGANIZATION ( #1393, #1402 ) ;
#1079 = EDGE_LOOP ( 'NONE', ( #462, #389, #117, #646 ) ) ;
#1080 = LINE ( 'NONE', #248, #461 ) ;
#1081 = CARTESIAN_POINT ( 'NONE',  ( -15.59999999999999964, 72.50000000000000000, 0.000000000000000000 ) ) ;
#1082 = ADVANCED_FACE ( 'NONE', ( #1365 ), #575, .F. ) ;
#1083 = ORIENTED_EDGE ( 'NONE', *, *, #1181, .T. ) ;
#1084 = AXIS2_PLACEMENT_3D ( 'NONE', #1706, #498, #1050 ) ;
#1085 = CARTESIAN_POINT ( 'NONE',  ( 43.00000000000000000, 0.000000000000000000, 0.000000000000000000 ) ) ;
#1086 = ORIENTED_EDGE ( 'NONE', *, *, #1439, .F. ) ;
#1087 = VECTOR ( 'NONE', #682, 1000.000000000000000 ) ;
#1088 = ORIENTED_EDGE ( 'NONE', *, *, #1555, .F. ) ;
#1089 = CARTESIAN_POINT ( 'NONE',  ( -15.59999999999999964, 62.50000000000000000, 0.000000000000000000 ) ) ;
#1090 = CARTESIAN_POINT ( 'NONE',  ( 31.19999999999999929, 59.50000000000000000, -8.271806125530276749E-22 ) ) ;
#1091 = ORIENTED_EDGE ( 'NONE', *, *, #531, .F. ) ;
#1092 = PRODUCT_DEFINITION_SHAPE ( 'NONE', 'NONE',  #1143 ) ;
#1093 = CARTESIAN_POINT ( 'NONE',  ( 31.00000000000000355, -6.000000000000000152E-06, 2.299999999999999822 ) ) ;
#1094 = EDGE_CURVE ( 'NONE', #1011, #1447, #987, .T. ) ;
#1095 = VERTEX_POINT ( 'NONE', #1653 ) ;
#1096 = PERSON_AND_ORGANIZATION ( #1393, #1402 ) ;
#1097 = DIRECTION ( 'NONE',  ( 0.000000000000000000, 0.000000000000000000, -1.000000000000000000 ) ) ;
#1098 = ORIENTED_EDGE ( 'NONE', *, *, #787, .F. ) ;
#1099 = DIRECTION ( 'NONE',  ( -0.000000000000000000, 1.000000000000000000, -0.000000000000000000 ) ) ;
#1100 = LINE ( 'NONE', #150, #849 ) ;
#1101 = VERTEX_POINT ( 'NONE', #699 ) ;
#1102 = VECTOR ( 'NONE', #584, 1000.000000000000000 ) ;
#1103 = ORIENTED_EDGE ( 'NONE', *, *, #1154, .T. ) ;
#1104 = ORIENTED_EDGE ( 'NONE', *, *, #587, .F. ) ;
#1105 = CC_DESIGN_APPROVAL ( #1201, ( #901 ) ) ;
#1106 = VECTOR ( 'NONE', #1164, 1000.000000000000000 ) ;
#1107 = DIRECTION ( 'NONE',  ( 0.000000000000000000, 1.000000000000000000, 0.000000000000000000 ) ) ;
#1108 = VECTOR ( 'NONE', #1107, 1000.000000000000000 ) ;
#1109 = ADVANCED_FACE ( 'NONE', ( #434 ), #1492, .F. ) ;
#1110 = CARTESIAN_POINT ( 'NONE',  ( 32.65679534101004577, -0.000000000000000000, 13.44263793984663025 ) ) ;
#1111 = CARTESIAN_POINT ( 'NONE',  ( 31.60000000000000142, -1.200000000000000030E-05, 2.409402627941314989 ) ) ;
#1112 = LINE ( 'NONE', #978, #959 ) ;
#1113 = CARTESIAN_POINT ( 'NONE',  ( 31.00000000000000000, -1.200000000000000030E-05, 13.00000000000000000 ) ) ;
#1114 = DIRECTION ( 'NONE',  ( -0.000000000000000000, -0.000000000000000000, 1.000000000000000000 ) ) ;
#1115 = ORIENTED_EDGE ( 'NONE', *, *, #1749, .T. ) ;
#1116 = CARTESIAN_POINT ( 'NONE',  ( 31.85853893179215746, -0.000000000000000000, 14.48452350954317858 ) ) ;
#1117 = DIRECTION ( 'NONE',  ( -0.000000000000000000, -0.000000000000000000, -1.000000000000000000 ) ) ;
#1118 = CARTESIAN_POINT ( 'NONE',  ( 31.00000000000000355, -6.000000000000000152E-06, 11.29999999999999893 ) ) ;
#1119 = ORIENTED_EDGE ( 'NONE', *, *, #458, .F. ) ;
#1120 = CARTESIAN_POINT ( 'NONE',  ( 29.30006951123653636, 0.000000000000000000, 3.774916005115878548 ) ) ;
#1121 = ORIENTED_EDGE ( 'NONE', *, *, #1094, .T. ) ;
#1122 = LINE ( 'NONE', #439, #1160 ) ;
#1123 = CARTESIAN_POINT ( 'NONE',  ( -10.48439506952756339, 0.000000000000000000, 12.14151426980657966 ) ) ;
#1124 = DIRECTION ( 'NONE',  ( 1.000000000000000000, -0.000000000000000000, 0.000000000000000000 ) ) ;
#1125 = ORIENTED_EDGE ( 'NONE', *, *, #127, .F. ) ;
#1126 = EDGE_CURVE ( 'NONE', #1075, #890, #956, .T. ) ;
#1127 = VERTEX_POINT ( 'NONE', #568 ) ;
#1128 = AXIS2_PLACEMENT_3D ( 'NONE', #52, #1545, #1276 ) ;
#1129 = FACE_OUTER_BOUND ( 'NONE', #668, .T. ) ;
#1130 = VECTOR ( 'NONE', #1352, 1000.000000000000000 ) ;
#1131 = CIRCLE ( 'NONE', #708, 1.700000000000000178 ) ;
#1132 = CARTESIAN_POINT ( 'NONE',  ( -8.557415261748694491, -0.000000000000000000, 14.65666690099414460 ) ) ;
#1133 = DIRECTION ( 'NONE',  ( -0.000000000000000000, -0.000000000000000000, 1.000000000000000000 ) ) ;
#1134 = DIRECTION ( 'NONE',  ( -0.000000000000000000, 1.000000000000000000, 0.000000000000000000 ) ) ;
#1135 = EDGE_CURVE ( 'NONE', #1513, #483, #297, .T. ) ;
#1136 = LINE ( 'NONE', #737, #1546 ) ;
#1137 = FACE_BOUND ( 'NONE', #694, .T. ) ;
#1138 = CARTESIAN_POINT ( 'NONE',  ( -7.515604930472060907, 0.000000000000000000, 13.85848573019289276 ) ) ;
#1139 = LINE ( 'NONE', #1300, #820 ) ;
#1140 = VECTOR ( 'NONE', #1304, 1000.000000000000000 ) ;
#1141 = ORIENTED_EDGE ( 'NONE', *, *, #190, .F. ) ;
#1142 = LINE ( 'NONE', #1541, #909 ) ;
#1143 = PRODUCT_DEFINITION ( '�', '', #1568, #1613 ) ;
#1144 = FACE_OUTER_BOUND ( 'NONE', #1694, .T. ) ;
#1145 = EDGE_CURVE ( 'NONE', #1219, #188, #691, .T. ) ;
#1146 = CARTESIAN_POINT ( 'NONE',  ( 31.22525195654715802, 0.000000000000000000, 14.69999999999999929 ) ) ;
#1147 = CARTESIAN_POINT ( 'NONE',  ( -7.638710900995789643, -0.000000000000000000, 14.04297226076225513 ) ) ;
#1148 = CARTESIAN_POINT ( 'NONE',  ( -21.00000000000000000, 8.000000000000000000, 17.00000000000000000 ) ) ;
#1149 = EDGE_LOOP ( 'NONE', ( #156, #772, #370, #1431, #473, #113, #76, #1257, #1526, #997, #535, #260 ) ) ;
#1150 = CARTESIAN_POINT ( 'NONE',  ( 30.77491600511331882, 0.000000000000000000, 2.299930488764208025 ) ) ;
#1151 = ORIENTED_EDGE ( 'NONE', *, *, #1072, .T. ) ;
#1152 = CARTESIAN_POINT ( 'NONE',  ( 43.00000000000000000, 0.000000000000000000, 6.000000000000000000 ) ) ;
#1153 = VECTOR ( 'NONE', #739, 1000.000000000000000 ) ;
#1154 = EDGE_CURVE ( 'NONE', #147, #449, #1528, .T. ) ;
#1155 = CARTESIAN_POINT ( 'NONE',  ( -7.515476490456402203, -0.000000000000000000, 12.14146106820936666 ) ) ;
#1156 = AXIS2_PLACEMENT_3D ( 'NONE', #1370, #149, #698 ) ;
#1157 = VERTEX_POINT ( 'NONE', #1648 ) ;
#1158 = DIRECTION ( 'NONE',  ( 0.000000000000000000, 1.000000000000000000, 0.000000000000000000 ) ) ;
#1159 = VERTEX_POINT ( 'NONE', #1118 ) ;
#1160 = VECTOR ( 'NONE', #316, 1000.000000000000000 ) ;
#1161 = EDGE_LOOP ( 'NONE', ( #1098, #168, #1425, #719 ) ) ;
#1162 = DATE_AND_TIME ( #1458, #1494 ) ;
#1163 = ORIENTED_EDGE ( 'NONE', *, *, #1228, .T. ) ;
#1164 = DIRECTION ( 'NONE',  ( -1.000000000000000000, -0.000000000000000000, -0.000000000000000000 ) ) ;
#1165 = CYLINDRICAL_SURFACE ( 'NONE', #688, 1.700000000000000178 ) ;
#1166 = CYLINDRICAL_SURFACE ( 'NONE', #346, 1.700000000000000178 ) ;
#1167 = CARTESIAN_POINT ( 'NONE',  ( -11.59999999999999964, 67.50000000000000000, 0.000000000000000000 ) ) ;
#1168 = ORIENTED_EDGE ( 'NONE', *, *, #706, .T. ) ;
#1169 = VECTOR ( 'NONE', #507, 1000.000000000000000 ) ;
#1170 = VECTOR ( 'NONE', #444, 1000.000000000000000 ) ;
#1171 = ORIENTED_EDGE ( 'NONE', *, *, #1712, .T. ) ;
#1172 = CARTESIAN_POINT ( 'NONE',  ( -9.000000000000000000, -1.200000000000000030E-05, 14.69999999999999929 ) ) ;
#1173 = PLANE ( 'NONE',  #926 ) ;
#1174 = ORIENTED_EDGE ( 'NONE', *, *, #458, .T. ) ;
#1175 = CARTESIAN_POINT ( 'NONE',  ( -9.858653920126698722, 0.000000000000000000, 5.484325342115313973 ) ) ;
#1176 = DIRECTION ( 'NONE',  ( -0.000000000000000000, -1.000000000000000000, -0.000000000000000000 ) ) ;
#1177 = CARTESIAN_POINT ( 'NONE',  ( -8.557415261748692714, -0.000000000000000000, 5.656666900994515856 ) ) ;
#1178 = VERTEX_POINT ( 'NONE', #429 ) ;
#1179 = CARTESIAN_POINT ( 'NONE',  ( -11.59999999999999964, 72.50000000000000000, -1.200000000000000030E-05 ) ) ;
#1180 = PLANE ( 'NONE',  #1353 ) ;
#1181 = EDGE_CURVE ( 'NONE', #657, #1337, #1112, .T. ) ;
#1182 = ORIENTED_EDGE ( 'NONE', *, *, #333, .F. ) ;
#1183 = DIRECTION ( 'NONE',  ( -0.000000000000000000, -0.000000000000000000, 1.000000000000000000 ) ) ;
#1184 = ORIENTED_EDGE ( 'NONE', *, *, #178, .T. ) ;
#1185 = ORIENTED_EDGE ( 'NONE', *, *, #847, .T. ) ;
#1186 = LINE ( 'NONE', #1560, #401 ) ;
#1187 = PLANE ( 'NONE',  #270 ) ;
#1188 = AXIS2_PLACEMENT_3D ( 'NONE', #1203, #1736, #1420 ) ;
#1189 = CARTESIAN_POINT ( 'NONE',  ( -9.000000000000000000, 81.00000000000000000, 4.000000000000000000 ) ) ;
#1190 = AXIS2_PLACEMENT_3D ( 'NONE', #1565, #1045, #1578 ) ;
#1191 = EDGE_CURVE ( 'NONE', #82, #1620, #1100, .T. ) ;
#1192 = VERTEX_POINT ( 'NONE', #967 ) ;
#1193 = AXIS2_PLACEMENT_3D ( 'NONE', #642, #345, #1031 ) ;
#1194 = DIRECTION ( 'NONE',  ( 0.000000000000000000, 0.000000000000000000, 1.000000000000000000 ) ) ;
#1195 = ORIENTED_EDGE ( 'NONE', *, *, #1328, .F. ) ;
#1196 = LINE ( 'NONE', #517, #1759 ) ;
#1197 = CARTESIAN_POINT ( 'NONE',  ( -21.00000000000000000, 0.000000000000000000, 0.000000000000000000 ) ) ;
#1198 = CARTESIAN_POINT ( 'NONE',  ( -9.000000000000000000, 59.50000000000000000, 5.700000000000000178 ) ) ;
#1199 = CARTESIAN_POINT ( 'NONE',  ( -10.50000000000000000, 59.50000000000000000, -1.200000000000000030E-05 ) ) ;
#1200 = VERTEX_POINT ( 'NONE', #560 ) ;
#1201 = APPROVAL ( #407, '未' ) ;
#1202 = ADVANCED_FACE ( 'NONE', ( #974 ), #681, .F. ) ;
#1203 = CARTESIAN_POINT ( 'NONE',  ( -9.000000000000000000, 8.000000000000000000, 13.00000000000000000 ) ) ;
#1204 = ORIENTED_EDGE ( 'NONE', *, *, #1261, .F. ) ;
#1205 = CARTESIAN_POINT ( 'NONE',  ( -21.00000000000000000, 81.00000000000000000, 6.000000000000000000 ) ) ;
#1206 = DIRECTION ( 'NONE',  ( 0.000000000000000000, -1.000000000000000000, 0.000000000000000000 ) ) ;
#1207 = DIRECTION ( 'NONE',  ( 1.000000000000000000, 0.000000000000000000, 0.000000000000000000 ) ) ;
#1208 = ORIENTED_EDGE ( 'NONE', *, *, #1363, .T. ) ;
#1209 = ORIENTED_EDGE ( 'NONE', *, *, #394, .F. ) ;
#1210 = CARTESIAN_POINT ( 'NONE',  ( -9.000000000000000000, 80.49999999999998579, 4.000000000000000000 ) ) ;
#1211 = ORIENTED_EDGE ( 'NONE', *, *, #505, .F. ) ;
#1212 = EDGE_CURVE ( 'NONE', #294, #483, #1512, .T. ) ;
#1213 = LINE ( 'NONE', #627, #129 ) ;
#1214 = AXIS2_PLACEMENT_3D ( 'NONE', #1189, #501, #241 ) ;
#1215 = CARTESIAN_POINT ( 'NONE',  ( 31.60000000000000142, 72.50000000000000000, -1.200000000000000030E-05 ) ) ;
#1216 = AXIS2_PLACEMENT_3D ( 'NONE', #547, #1099, #1636 ) ;
#1217 = ORIENTED_EDGE ( 'NONE', *, *, #952, .F. ) ;
#1218 = ORIENTED_EDGE ( 'NONE', *, *, #881, .F. ) ;
#1219 = VERTEX_POINT ( 'NONE', #1090 ) ;
#1220 = CARTESIAN_POINT ( 'NONE',  ( 0.000000000000000000, 67.50000000000000000, 6.000000000000000000 ) ) ;
#1221 = ORIENTED_EDGE ( 'NONE', *, *, #1240, .F. ) ;
#1222 = SECURITY_CLASSIFICATION_LEVEL ( 'unclassified' ) ;
#1223 = EDGE_CURVE ( 'NONE', #412, #294, #422, .T. ) ;
#1224 = VERTEX_POINT ( 'NONE', #826 ) ;
#1225 = CARTESIAN_POINT ( 'NONE',  ( -21.00000000000000000, 8.000000000000000000, 6.000000000000000000 ) ) ;
#1226 = CC_DESIGN_PERSON_AND_ORGANIZATION_ASSIGNMENT ( #1032, #1579, ( #1143 ) ) ;
#1227 = CARTESIAN_POINT ( 'NONE',  ( -15.59999999999999964, 72.50000000000000000, -1.200000000000000030E-05 ) ) ;
#1228 = EDGE_CURVE ( 'NONE', #1343, #1329, #1374, .T. ) ;
#1229 = EDGE_LOOP ( 'NONE', ( #1588, #167, #337, #1741 ) ) ;
#1230 = EDGE_CURVE ( 'NONE', #483, #958, #138, .T. ) ;
#1231 = FACE_OUTER_BOUND ( 'NONE', #305, .T. ) ;
#1232 = ORIENTED_EDGE ( 'NONE', *, *, #787, .T. ) ;
#1233 = EDGE_LOOP ( 'NONE', ( #1235, #800, #1121, #284 ) ) ;
#1234 = DIRECTION ( 'NONE',  ( 0.000000000000000000, -0.000000000000000000, 1.000000000000000000 ) ) ;
#1235 = ORIENTED_EDGE ( 'NONE', *, *, #1537, .T. ) ;
#1236 = DIRECTION ( 'NONE',  ( -0.000000000000000000, -0.000000000000000000, 1.000000000000000000 ) ) ;
#1237 = LINE ( 'NONE', #1355, #1087 ) ;
#1238 = VERTEX_POINT ( 'NONE', #1503 ) ;
#1239 = CARTESIAN_POINT ( 'NONE',  ( -21.00000000000000000, 8.000000000000000000, 17.00000000000000000 ) ) ;
#1240 = EDGE_CURVE ( 'NONE', #1527, #1755, #166, .T. ) ;
#1241 = ADVANCED_FACE ( 'NONE', ( #1639 ), #835, .F. ) ;
#1242 = CARTESIAN_POINT ( 'NONE',  ( -15.59999999999999964, 0.000000000000000000, 6.000000000000000000 ) ) ;
#1243 = ORIENTED_EDGE ( 'NONE', *, *, #310, .F. ) ;
#1244 = VERTEX_POINT ( 'NONE', #1284 ) ;
#1245 = LINE ( 'NONE', #709, #677 ) ;
#1246 = CARTESIAN_POINT ( 'NONE',  ( 31.19999999999999929, 59.50000000000000000, -1.200000000000000030E-05 ) ) ;
#1247 = CARTESIAN_POINT ( 'NONE',  ( 31.00000000000000000, 8.000000000000000000, 13.00000000000000000 ) ) ;
#1248 = CARTESIAN_POINT ( 'NONE',  ( 31.00000000000000000, -1.200000000000000030E-05, 4.000000000000000000 ) ) ;
#1249 = VECTOR ( 'NONE', #852, 1000.000000000000000 ) ;
#1250 = EDGE_LOOP ( 'NONE', ( #628, #1436, #1676, #354 ) ) ;
#1251 = VECTOR ( 'NONE', #110, 1000.000000000000000 ) ;
#1252 = LINE ( 'NONE', #1350, #1358 ) ;
#1253 = CARTESIAN_POINT ( 'NONE',  ( -9.000000000000000000, -6.000000000000000152E-06, 11.29999999999999893 ) ) ;
#1254 = VECTOR ( 'NONE', #1401, 1000.000000000000000 ) ;
#1255 = CARTESIAN_POINT ( 'NONE',  ( 0.000000000000000000, 72.50000000000000000, 0.000000000000000000 ) ) ;
#1256 = AXIS2_PLACEMENT_3D ( 'NONE', #1248, #845, #162 ) ;
#1257 = ORIENTED_EDGE ( 'NONE', *, *, #762, .F. ) ;
#1258 = CARTESIAN_POINT ( 'NONE',  ( 29.34320465898994001, -0.000000000000000000, 3.557362060149790839 ) ) ;
#1259 = VERTEX_POINT ( 'NONE', #1424 ) ;
#1260 = CIRCLE ( 'NONE', #475, 1.700000000000000178 ) ;
#1261 = EDGE_CURVE ( 'NONE', #125, #685, #95, .T. ) ;
#1262 = CARTESIAN_POINT ( 'NONE',  ( -10.70006951123579064, -0.000000000000000000, 13.22508399488681796 ) ) ;
#1263 = VERTEX_POINT ( 'NONE', #1561 ) ;
#1264 = CARTESIAN_POINT ( 'NONE',  ( 31.00000000000000000, -1.200000000000000030E-05, 2.299999999999999822 ) ) ;
#1265 = CARTESIAN_POINT ( 'NONE',  ( 0.000000000000000000, 77.50000000000000000, 0.000000000000000000 ) ) ;
#1266 = ORIENTED_EDGE ( 'NONE', *, *, #244, .T. ) ;
#1267 = CARTESIAN_POINT ( 'NONE',  ( 32.69993048876345654, 0.000000000000000000, 13.22508399488450515 ) ) ;
#1268 = CARTESIAN_POINT ( 'NONE',  ( -8.141514269807105464, 0.000000000000000000, 11.51560493047243128 ) ) ;
#1269 = EDGE_CURVE ( 'NONE', #1280, #1755, #59, .T. ) ;
#1270 = DIRECTION ( 'NONE',  ( 0.000000000000000000, 1.000000000000000000, 0.000000000000000000 ) ) ;
#1271 = CARTESIAN_POINT ( 'NONE',  ( -10.49999999999999822, 59.50000000000000000, 3.200000000000001510 ) ) ;
#1272 = ORIENTED_EDGE ( 'NONE', *, *, #611, .T. ) ;
#1273 = CARTESIAN_POINT ( 'NONE',  ( -21.00000000000000000, 81.00000000000000000, 6.000000000000000000 ) ) ;
#1274 = CC_DESIGN_APPROVAL ( #1661, ( #1568 ) ) ;
#1275 = LINE ( 'NONE', #1551, #525 ) ;
#1276 = DIRECTION ( 'NONE',  ( 0.000000000000000000, 0.000000000000000000, -1.000000000000000000 ) ) ;
#1277 = CLOSED_SHELL ( 'NONE', ( #1652, #692, #1061, #705, #1666, #874, #1701, #1109, #865, #31, #893, #1487, #1453, #912, #1241, #300, #862, #141, #254, #680, #281, #913, #1748, #552, #466, #1725, #813, #375, #629, #931, #939, #726, #452, #1202, #93, #1645, #857, #1082, #1380, #16, #492, #453 ) ) ;
#1278 = ORIENTED_EDGE ( 'NONE', *, *, #348, .F. ) ;
#1279 = EDGE_CURVE ( 'NONE', #228, #1495, #460, .T. ) ;
#1280 = VERTEX_POINT ( 'NONE', #74 ) ;
#1281 = CARTESIAN_POINT ( 'NONE',  ( 30.77438419509338985, -0.000000000000000000, 5.700000000000000178 ) ) ;
#1282 = LINE ( 'NONE', #326, #1664 ) ;
#1283 = VECTOR ( 'NONE', #100, 1000.000000000000000 ) ;
#1284 = CARTESIAN_POINT ( 'NONE',  ( -9.000000000000000000, 8.000000000000000000, 14.69999999999999929 ) ) ;
#1285 = VERTEX_POINT ( 'NONE', #732 ) ;
#1286 = CARTESIAN_POINT ( 'NONE',  ( 31.00000000000000000, 81.00000000000000000, 4.000000000000000000 ) ) ;
#1287 = EDGE_CURVE ( 'NONE', #1011, #1509, #1010, .T. ) ;
#1288 = VERTEX_POINT ( 'NONE', #1019 ) ;
#1289 = LINE ( 'NONE', #48, #392 ) ;
#1290 = CARTESIAN_POINT ( 'NONE',  ( 32.48452350954359957, -0.000000000000000000, 3.141461068209369767 ) ) ;
#1291 = DIRECTION ( 'NONE',  ( 0.000000000000000000, 1.000000000000000000, 0.000000000000000000 ) ) ;
#1292 = VERTEX_POINT ( 'NONE', #173 ) ;
#1293 = ORIENTED_EDGE ( 'NONE', *, *, #1223, .T. ) ;
#1294 = CARTESIAN_POINT ( 'NONE',  ( 31.60000000000000142, 77.50000000000000000, -1.200000000000000030E-05 ) ) ;
#1295 = VECTOR ( 'NONE', #1207, 1000.000000000000000 ) ;
#1296 = CARTESIAN_POINT ( 'NONE',  ( -7.299930488763833658, -0.000000000000000000, 12.77491600511460490 ) ) ;
#1297 = VECTOR ( 'NONE', #295, 1000.000000000000000 ) ;
#1298 = ORIENTED_EDGE ( 'NONE', *, *, #1135, .F. ) ;
#1299 = LINE ( 'NONE', #1028, #1169 ) ;
#1300 = CARTESIAN_POINT ( 'NONE',  ( 31.60000000000000142, 67.50000000000000000, -1.200000000000000030E-05 ) ) ;
#1301 = ORIENTED_EDGE ( 'NONE', *, *, #1455, .F. ) ;
#1302 = ORIENTED_EDGE ( 'NONE', *, *, #891, .T. ) ;
#1303 = DIRECTION ( 'NONE',  ( -0.000000000000000000, 1.000000000000000000, -0.000000000000000000 ) ) ;
#1304 = DIRECTION ( 'NONE',  ( -0.000000000000000000, -0.000000000000000000, 1.000000000000000000 ) ) ;
#1305 = APPLICATION_PROTOCOL_DEFINITION ( 'international standard', 'config_control_design', 1994, #808 ) ;
#1306 = CARTESIAN_POINT ( 'NONE',  ( -10.48452350954348766, -0.000000000000000000, 4.858538931790371329 ) ) ;
#1307 = EDGE_CURVE ( 'NONE', #1292, #38, #441, .T. ) ;
#1308 = CARTESIAN_POINT ( 'NONE',  ( -7.343333099005484144, 0.000000000000000000, 3.557415261748694935 ) ) ;
#1309 = VERTEX_POINT ( 'NONE', #456 ) ;
#1310 = CIRCLE ( 'NONE', #768, 1.700000000000000178 ) ;
#1311 = DIRECTION ( 'NONE',  ( 1.000000000000000000, 0.000000000000000000, 0.000000000000000000 ) ) ;
#1312 = LINE ( 'NONE', #98, #1106 ) ;
#1313 = ORIENTED_EDGE ( 'NONE', *, *, #777, .T. ) ;
#1314 = DIRECTION ( 'NONE',  ( -0.000000000000000000, 1.000000000000000000, -0.000000000000000000 ) ) ;
#1315 = FACE_BOUND ( 'NONE', #693, .T. ) ;
#1316 = EDGE_CURVE ( 'NONE', #40, #616, #343, .T. ) ;
#1317 = FACE_BOUND ( 'NONE', #528, .T. ) ;
#1318 = CARTESIAN_POINT ( 'NONE',  ( 31.19999999999999929, 80.50000000000000000, 6.000000000000000000 ) ) ;
#1319 = ORIENTED_EDGE ( 'NONE', *, *, #1261, .T. ) ;
#1320 = VECTOR ( 'NONE', #1029, 1000.000000000000000 ) ;
#1321 = CARTESIAN_POINT ( 'NONE',  ( 35.60000000000000142, 0.000000000000000000, 0.000000000000000000 ) ) ;
#1322 = CARTESIAN_POINT ( 'NONE',  ( 43.00000000000000000, 81.00000000000000000, 0.000000000000000000 ) ) ;
#1323 = AXIS2_PLACEMENT_3D ( 'NONE', #454, #72, #580 ) ;
#1324 = CIRCLE ( 'NONE', #858, 1.700000000000000178 ) ;
#1325 = LINE ( 'NONE', #655, #1295 ) ;
#1326 = ORIENTED_EDGE ( 'NONE', *, *, #837, .T. ) ;
#1327 = FACE_OUTER_BOUND ( 'NONE', #1727, .T. ) ;
#1328 = EDGE_CURVE ( 'NONE', #1447, #1495, #1397, .T. ) ;
#1329 = VERTEX_POINT ( 'NONE', #593 ) ;
#1330 = AXIS2_PLACEMENT_3D ( 'NONE', #1563, #214, #630 ) ;
#1331 = CARTESIAN_POINT ( 'NONE',  ( -11.59999999999999964, 67.50000000000000000, -1.200000000000000030E-05 ) ) ;
#1332 = CARTESIAN_POINT ( 'NONE',  ( -9.225083994885922678, 0.000000000000000000, 2.299930488764208025 ) ) ;
#1333 = AXIS2_PLACEMENT_3D ( 'NONE', #563, #1504, #259 ) ;
#1334 = CARTESIAN_POINT ( 'NONE',  ( -11.59999999999999964, 72.50000000000001421, -8.271806125530276749E-22 ) ) ;
#1335 = LINE ( 'NONE', #1053, #1073 ) ;
#1336 = LINE ( 'NONE', #432, #1586 ) ;
#1337 = VERTEX_POINT ( 'NONE', #1668 ) ;
#1338 = DIRECTION ( 'NONE',  ( 0.000000000000000000, 1.000000000000000000, 0.000000000000000000 ) ) ;
#1339 = ORIENTED_EDGE ( 'NONE', *, *, #1439, .T. ) ;
#1340 = EDGE_CURVE ( 'NONE', #1033, #582, #336, .T. ) ;
#1341 = CARTESIAN_POINT ( 'NONE',  ( 0.000000000000000000, 0.000000000000000000, 17.00000000000000000 ) ) ;
#1342 = FACE_OUTER_BOUND ( 'NONE', #33, .T. ) ;
#1343 = VERTEX_POINT ( 'NONE', #882 ) ;
#1344 = CARTESIAN_POINT ( 'NONE',  ( -7.638710900996050768, -0.000000000000000000, 5.042972260762892844 ) ) ;
#1345 = CARTESIAN_POINT ( 'NONE',  ( 31.19999999999999929, 80.50000000000000000, -1.200000000000000030E-05 ) ) ;
#1346 = CARTESIAN_POINT ( 'NONE',  ( 31.00000000000000000, 59.50000000000000000, 2.299999999999999822 ) ) ;
#1347 = ORIENTED_EDGE ( 'NONE', *, *, #268, .T. ) ;
#1348 = ORIENTED_EDGE ( 'NONE', *, *, #1279, .F. ) ;
#1349 = DIRECTION ( 'NONE',  ( -0.000000000000000000, 1.000000000000000000, -0.000000000000000000 ) ) ;
#1350 = CARTESIAN_POINT ( 'NONE',  ( 0.000000000000000000, 72.50000000000000000, 6.000000000000000000 ) ) ;
#1351 = ORIENTED_EDGE ( 'NONE', *, *, #394, .T. ) ;
#1352 = DIRECTION ( 'NONE',  ( -0.000000000000000000, -0.000000000000000000, -1.000000000000000000 ) ) ;
#1353 = AXIS2_PLACEMENT_3D ( 'NONE', #1199, #1731, #1482 ) ;
#1354 = DIRECTION ( 'NONE',  ( -1.000000000000000000, 0.000000000000000000, -0.000000000000000000 ) ) ;
#1355 = CARTESIAN_POINT ( 'NONE',  ( 0.000000000000000000, 62.50000000000000000, 6.000000000000000000 ) ) ;
#1356 = VECTOR ( 'NONE', #932, 1000.000000000000000 ) ;
#1357 = EDGE_CURVE ( 'NONE', #747, #616, #1534, .T. ) ;
#1358 = VECTOR ( 'NONE', #406, 1000.000000000000000 ) ;
#1359 = DIRECTION ( 'NONE',  ( -0.000000000000000000, -0.000000000000000000, 1.000000000000000000 ) ) ;
#1360 = VERTEX_POINT ( 'NONE', #889 ) ;
#1361 = ORIENTED_EDGE ( 'NONE', *, *, #717, .F. ) ;
#1362 = PLANE ( 'NONE',  #205 ) ;
#1363 = EDGE_CURVE ( 'NONE', #1200, #814, #1139, .T. ) ;
#1364 = ORIENTED_EDGE ( 'NONE', *, *, #437, .T. ) ;
#1365 = FACE_OUTER_BOUND ( 'NONE', #1574, .T. ) ;
#1366 = FACE_OUTER_BOUND ( 'NONE', #1529, .T. ) ;
#1367 = LINE ( 'NONE', #550, #403 ) ;
#1368 = CARTESIAN_POINT ( 'NONE',  ( 31.00000000000000000, 59.50000000000000000, 5.700000000000000178 ) ) ;
#1369 = VERTEX_POINT ( 'NONE', #1675 ) ;
#1370 = CARTESIAN_POINT ( 'NONE',  ( 31.00000000000000000, -1.200000000000000030E-05, 4.000000000000000000 ) ) ;
#1371 = CARTESIAN_POINT ( 'NONE',  ( -11.59999999999999964, 72.50000000000000000, -1.200000000000000030E-05 ) ) ;
#1372 = CARTESIAN_POINT ( 'NONE',  ( 31.19999999999999929, 0.000000000000000000, 6.000000000000000000 ) ) ;
#1373 = CARTESIAN_POINT ( 'NONE',  ( 31.60000000000000142, 67.50000000000000000, 0.000000000000000000 ) ) ;
#1374 = LINE ( 'NONE', #282, #158 ) ;
#1375 = CARTESIAN_POINT ( 'NONE',  ( 31.19999999999999929, 59.50000000000000000, 2.311805698386586894 ) ) ;
#1376 = ORIENTED_EDGE ( 'NONE', *, *, #271, .F. ) ;
#1377 = CARTESIAN_POINT ( 'NONE',  ( 30.55741526174642075, -0.000000000000000000, 2.343333099006275955 ) ) ;
#1378 = CIRCLE ( 'NONE', #609, 1.700000000000000178 ) ;
#1379 = AXIS2_PLACEMENT_3D ( 'NONE', #225, #780, #1194 ) ;
#1380 = ADVANCED_FACE ( 'NONE', ( #601, #1001, #1539 ), #1166, .F. ) ;
#1381 = FACE_BOUND ( 'NONE', #1442, .T. ) ;
#1382 = CARTESIAN_POINT ( 'NONE',  ( -10.69993048876420616, 0.000000000000000000, 12.77491600511318381 ) ) ;
#1383 = CARTESIAN_POINT ( 'NONE',  ( 0.000000000000000000, 72.50000000000000000, 6.000000000000000000 ) ) ;
#1384 = CARTESIAN_POINT ( 'NONE',  ( 0.000000000000000000, 80.50000000000000000, 0.000000000000000000 ) ) ;
#1385 = CARTESIAN_POINT ( 'NONE',  ( 29.34333309900548414, 0.000000000000000000, 4.442584738250932475 ) ) ;
#1386 = EDGE_CURVE ( 'NONE', #582, #1581, #875, .T. ) ;
#1387 = DIRECTION ( 'NONE',  ( -0.000000000000000000, -0.000000000000000000, 1.000000000000000000 ) ) ;
#1388 = VECTOR ( 'NONE', #928, 1000.000000000000000 ) ;
#1389 = CARTESIAN_POINT ( 'NONE',  ( 32.36128909900664041, -0.000000000000000000, 5.042972260759071901 ) ) ;
#1390 = DIRECTION ( 'NONE',  ( 0.000000000000000000, 0.000000000000000000, -1.000000000000000000 ) ) ;
#1391 = ORIENTED_EDGE ( 'NONE', *, *, #116, .T. ) ;
#1392 = CARTESIAN_POINT ( 'NONE',  ( 31.60000000000000142, 62.49999999999997868, 2.409402627941314989 ) ) ;
#1393 = PERSON ( '未', '未', '未', ('未'), ('未'), ('未') ) ;
#1394 = CARTESIAN_POINT ( 'NONE',  ( 31.60000000000000142, 67.50000000000000000, -1.200000000000000030E-05 ) ) ;
#1395 = CARTESIAN_POINT ( 'NONE',  ( 30.14146106821227633, -0.000000000000000000, 11.51547649045534882 ) ) ;
#1396 = EDGE_CURVE ( 'NONE', #1343, #213, #66, .T. ) ;
#1397 = LINE ( 'NONE', #1553, #1745 ) ;
#1398 = ORIENTED_EDGE ( 'NONE', *, *, #706, .F. ) ;
#1399 = ORIENTED_EDGE ( 'NONE', *, *, #762, .T. ) ;
#1400 = VECTOR ( 'NONE', #160, 1000.000000000000000 ) ;
#1401 = DIRECTION ( 'NONE',  ( 0.000000000000000000, 1.000000000000000000, 0.000000000000000000 ) ) ;
#1402 = ORGANIZATION ( '未', '未', '' ) ;
#1403 = AXIS2_PLACEMENT_3D ( 'NONE', #953, #1485, #1602 ) ;
#1404 = CARTESIAN_POINT ( 'NONE',  ( 30.55753025008741020, -0.000000000000000000, 14.65686506842306436 ) ) ;
#1405 = DIRECTION ( 'NONE',  ( 0.000000000000000000, 0.000000000000000000, 1.000000000000000000 ) ) ;
#1406 = VECTOR ( 'NONE', #148, 1000.000000000000000 ) ;
#1407 = ORIENTED_EDGE ( 'NONE', *, *, #1501, .T. ) ;
#1408 = EDGE_CURVE ( 'NONE', #293, #416, #327, .T. ) ;
#1409 = APPLICATION_CONTEXT ( 'configuration controlled 3d designs of mechanical parts and assemblies' ) ;
#1410 = PRODUCT ( 'V3_07_servo_stand', 'V3_07_servo_stand', '', ( #387 ) ) ;
#1411 = CARTESIAN_POINT ( 'NONE',  ( 31.19999999999999929, -1.200000000000000030E-05, 5.688194301613412662 ) ) ;
#1412 = LINE ( 'NONE', #192, #495 ) ;
#1413 = CARTESIAN_POINT ( 'NONE',  ( 32.70006951123654204, -0.000000000000000000, 3.774916005115497963 ) ) ;
#1414 = EDGE_CURVE ( 'NONE', #408, #449, #1542, .T. ) ;
#1415 = CARTESIAN_POINT ( 'NONE',  ( -9.000000000000000000, -1.200000000000000030E-05, 11.29999999999999893 ) ) ;
#1416 = ORIENTED_EDGE ( 'NONE', *, *, #1712, .F. ) ;
#1417 = B_SPLINE_CURVE_WITH_KNOTS ( 'NONE', 3,
 ( #1667, #447, #1533, #1395, #1682, #177, #459, #730, #51, #591, #1006, #1673, #1000, #1538, #873, #1404, #186, #738 ),
 .UNSPECIFIED., .F., .F.,
 ( 4, 2, 2, 2, 2, 2, 2, 2, 4 ),
 ( 0.5000000000000003331, 0.5625000000000003331, 0.6250000000000002220, 0.6875000000000002220, 0.7500000000000002220, 0.8125000000000001110, 0.8750000000000001110, 0.9375000000000000000, 1.000000000000000000 ),
 .UNSPECIFIED. ) ;
#1418 = VERTEX_POINT ( 'NONE', #373 ) ;
#1419 = DIRECTION ( 'NONE',  ( -0.000000000000000000, -1.000000000000000000, -0.000000000000000000 ) ) ;
#1420 = DIRECTION ( 'NONE',  ( 0.000000000000000000, 0.000000000000000000, -1.000000000000000000 ) ) ;
#1421 = CARTESIAN_POINT ( 'NONE',  ( 32.36119079527190934, 0.000000000000000000, 2.957126042969841162 ) ) ;
#1422 = EDGE_CURVE ( 'NONE', #73, #1178, #1080, .T. ) ;
#1423 = CARTESIAN_POINT ( 'NONE',  ( 31.00000000000000000, -1.200000000000000030E-05, 13.00000000000000000 ) ) ;
#1424 = CARTESIAN_POINT ( 'NONE',  ( 31.60000000000000142, 67.50000000000000000, 2.409402627941314989 ) ) ;
#1425 = ORIENTED_EDGE ( 'NONE', *, *, #45, .F. ) ;
#1426 = EDGE_LOOP ( 'NONE', ( #341, #927, #1399, #487 ) ) ;
#1427 = EDGE_CURVE ( 'NONE', #1044, #502, #286, .T. ) ;
#1428 = CARTESIAN_POINT ( 'NONE',  ( 0.000000000000000000, 59.50000000000000000, 0.000000000000000000 ) ) ;
#1429 = VECTOR ( 'NONE', #1291, 1000.000000000000000 ) ;
#1430 = DIRECTION ( 'NONE',  ( 0.000000000000000000, -1.000000000000000000, 0.000000000000000000 ) ) ;
#1431 = ORIENTED_EDGE ( 'NONE', *, *, #837, .F. ) ;
#1432 = CARTESIAN_POINT ( 'NONE',  ( -10.69993048876420616, 0.000000000000000000, 3.774916005113179818 ) ) ;
#1433 = LINE ( 'NONE', #897, #308 ) ;
#1434 = CARTESIAN_POINT ( 'NONE',  ( -9.000000000000000000, -6.000000000000000152E-06, 2.299999999999999822 ) ) ;
#1435 = CARTESIAN_POINT ( 'NONE',  ( -10.50000000000000000, 80.50000000000000000, -1.200000000000000030E-05 ) ) ;
#1436 = ORIENTED_EDGE ( 'NONE', *, *, #268, .F. ) ;
#1437 = VECTOR ( 'NONE', #697, 1000.000000000000000 ) ;
#1438 = ORIENTED_EDGE ( 'NONE', *, *, #310, .T. ) ;
#1439 = EDGE_CURVE ( 'NONE', #1244, #416, #1378, .T. ) ;
#1440 = PERSON_AND_ORGANIZATION ( #1393, #1402 ) ;
#1441 = PLANE ( 'NONE',  #734 ) ;
#1442 = EDGE_LOOP ( 'NONE', ( #1718, #1171 ) ) ;
#1443 = DIRECTION ( 'NONE',  ( 1.000000000000000000, 0.000000000000000000, 0.000000000000000000 ) ) ;
#1444 = VECTOR ( 'NONE', #391, 1000.000000000000000 ) ;
#1445 = CARTESIAN_POINT ( 'NONE',  ( -11.59999999999999964, 67.50000000000000000, 6.000000000000000000 ) ) ;
#1446 = LINE ( 'NONE', #532, #924 ) ;
#1447 = VERTEX_POINT ( 'NONE', #1746 ) ;
#1448 = PLANE ( 'NONE',  #1379 ) ;
#1449 = ORIENTED_EDGE ( 'NONE', *, *, #1316, .F. ) ;
#1450 = DIRECTION ( 'NONE',  ( -0.000000000000000000, -0.000000000000000000, 1.000000000000000000 ) ) ;
#1451 = FACE_OUTER_BOUND ( 'NONE', #4, .T. ) ;
#1452 = CARTESIAN_POINT ( 'NONE',  ( 0.000000000000000000, 0.000000000000000000, 6.000000000000000000 ) ) ;
#1453 = ADVANCED_FACE ( 'NONE', ( #1451 ), #488, .F. ) ;
#1454 = DIRECTION ( 'NONE',  ( -0.000000000000000000, -0.000000000000000000, 1.000000000000000000 ) ) ;
#1455 = EDGE_CURVE ( 'NONE', #413, #622, #806, .T. ) ;
#1456 = ORIENTED_EDGE ( 'NONE', *, *, #437, .F. ) ;
#1457 = DIRECTION ( 'NONE',  ( -0.000000000000000000, 1.000000000000000000, -0.000000000000000000 ) ) ;
#1458 = CALENDAR_DATE ( 2026, 21, 9 ) ;
#1459 = VERTEX_POINT ( 'NONE', #898 ) ;
#1461 = CARTESIAN_POINT ( 'NONE',  ( -9.000000000000000000, -6.000000000000000152E-06, 2.299999999999999822 ) ) ;
#1460 = VECTOR ( 'NONE', #1354, 1000.000000000000000 ) ;
#1462 = DIRECTION ( 'NONE',  ( -0.000000000000000000, 1.000000000000000000, -0.000000000000000000 ) ) ;
#1463 = CARTESIAN_POINT ( 'NONE',  ( -7.343204658989564315, -0.000000000000000000, 4.442637939848412820 ) ) ;
#1464 = AXIS2_PLACEMENT_3D ( 'NONE', #821, #801, #1615 ) ;
#1465 = DIRECTION ( 'NONE',  ( -0.000000000000000000, -0.000000000000000000, 1.000000000000000000 ) ) ;
#1466 = EDGE_CURVE ( 'NONE', #1095, #1280, #1213, .T. ) ;
#1467 = VERTEX_POINT ( 'NONE', #775 ) ;
#1468 = ORIENTED_EDGE ( 'NONE', *, *, #71, .T. ) ;
#1469 = VECTOR ( 'NONE', #572, 1000.000000000000000 ) ;
#1470 = DIRECTION ( 'NONE',  ( 0.000000000000000000, 0.000000000000000000, 1.000000000000000000 ) ) ;
#1471 = CARTESIAN_POINT ( 'NONE',  ( -15.59999999999999964, 77.50000000000000000, 6.000000000000000000 ) ) ;
#1472 = LINE ( 'NONE', #106, #1356 ) ;
#1473 = EDGE_LOOP ( 'NONE', ( #1272, #757, #1088, #1125, #1064, #381 ) ) ;
#1474 = CARTESIAN_POINT ( 'NONE',  ( 31.00000000000000000, -1.200000000000000030E-05, 2.299999999999999822 ) ) ;
#1475 = DIRECTION ( 'NONE',  ( 0.000000000000000000, -0.000000000000000000, 1.000000000000000000 ) ) ;
#1476 = ORIENTED_EDGE ( 'NONE', *, *, #1269, .T. ) ;
#1477 = VECTOR ( 'NONE', #57, 1000.000000000000000 ) ;
#1478 = CYLINDRICAL_SURFACE ( 'NONE', #219, 1.700000000000000178 ) ;
#1479 = CARTESIAN_POINT ( 'NONE',  ( -9.000000000000000000, -6.000000000000000152E-06, 11.29999999999999893 ) ) ;
#1480 = VERTEX_POINT ( 'NONE', #1322 ) ;
#1481 = CARTESIAN_POINT ( 'NONE',  ( -9.442469749913707133, -0.000000000000000000, 14.65686506842306436 ) ) ;
#1482 = DIRECTION ( 'NONE',  ( 0.000000000000000000, -0.000000000000000000, -1.000000000000000000 ) ) ;
#1483 = ORIENTED_EDGE ( 'NONE', *, *, #1717, .T. ) ;
#1484 = ORIENTED_EDGE ( 'NONE', *, *, #516, .T. ) ;
#1485 = DIRECTION ( 'NONE',  ( 0.000000000000000000, -1.000000000000000000, 0.000000000000000000 ) ) ;
#1486 = CALENDAR_DATE ( 2026, 21, 9 ) ;
#1487 = ADVANCED_FACE ( 'NONE', ( #1315, #641, #795 ), #1187, .F. ) ;
#1488 = ORIENTED_EDGE ( 'NONE', *, *, #531, .T. ) ;
#1489 = CARTESIAN_POINT ( 'NONE',  ( 31.19999999999999929, 59.50000000000000000, -1.200000000000000030E-05 ) ) ;
#1490 = VERTEX_POINT ( 'NONE', #499 ) ;
#1491 = VECTOR ( 'NONE', #216, 1000.000000000000000 ) ;
#1492 = PLANE ( 'NONE',  #1606 ) ;
#1493 = CARTESIAN_POINT ( 'NONE',  ( 31.60000000000000142, 62.49999999999997868, 5.590597372058685011 ) ) ;
#1494 = LOCAL_TIME ( 12, 21, 36.00000000000000000, #359 ) ;
#1495 = VERTEX_POINT ( 'NONE', #1051 ) ;
#1496 = CARTESIAN_POINT ( 'NONE',  ( 31.00000000000000355, -6.000000000000000152E-06, 11.29999999999999893 ) ) ;
#1497 = AXIS2_PLACEMENT_3D ( 'NONE', #155, #1642, #704 ) ;
#1498 = DIRECTION ( 'NONE',  ( -0.000000000000000000, 1.000000000000000000, -0.000000000000000000 ) ) ;
#1499 = ORIENTED_EDGE ( 'NONE', *, *, #751, .T. ) ;
#1501 = EDGE_CURVE ( 'NONE', #1587, #989, #1584, .T. ) ;
#1500 = CARTESIAN_POINT ( 'NONE',  ( 32.36128909900690331, -0.000000000000000000, 14.04297226075843597 ) ) ;
#1502 = CYLINDRICAL_SURFACE ( 'NONE', #1156, 1.700000000000000178 ) ;
#1503 = CARTESIAN_POINT ( 'NONE',  ( -11.59999999999999964, 77.50000000000000000, 0.000000000000000000 ) ) ;
#1504 = DIRECTION ( 'NONE',  ( -1.000000000000000000, 0.000000000000000000, 0.000000000000000000 ) ) ;
#1505 = AXIS2_PLACEMENT_3D ( 'NONE', #435, #672, #1654 ) ;
#1506 = LINE ( 'NONE', #1753, #465 ) ;
#1507 = VERTEX_POINT ( 'NONE', #1197 ) ;
#1508 = DATE_AND_TIME ( #289, #1041 ) ;
#1509 = VERTEX_POINT ( 'NONE', #1729 ) ;
#1510 = CARTESIAN_POINT ( 'NONE',  ( -11.59999999999999964, 62.50000000000000000, -1.200000000000000030E-05 ) ) ;
#1511 = CC_DESIGN_PERSON_AND_ORGANIZATION_ASSIGNMENT ( #565, #811, ( #1568 ) ) ;
#1512 = LINE ( 'NONE', #859, #1566 ) ;
#1513 = VERTEX_POINT ( 'NONE', #1334 ) ;
#1514 = EDGE_CURVE ( 'NONE', #73, #13, #508, .T. ) ;
#1515 = EDGE_LOOP ( 'NONE', ( #203, #299, #1035, #252 ) ) ;
#1516 = DIRECTION ( 'NONE',  ( -0.000000000000000000, -0.000000000000000000, 1.000000000000000000 ) ) ;
#1517 = EDGE_LOOP ( 'NONE', ( #736, #515 ) ) ;
#1518 = DIRECTION ( 'NONE',  ( 0.000000000000000000, -1.000000000000000000, 0.000000000000000000 ) ) ;
#1519 = CARTESIAN_POINT ( 'NONE',  ( 31.19999999999999929, 59.50000000000000000, 5.688194301613413550 ) ) ;
#1520 = ORIENTED_EDGE ( 'NONE', *, *, #903, .F. ) ;
#1521 = AXIS2_PLACEMENT_3D ( 'NONE', #393, #671, #1475 ) ;
#1522 = EDGE_CURVE ( 'NONE', #82, #1224, #662, .T. ) ;
#1523 = VECTOR ( 'NONE', #1076, 1000.000000000000000 ) ;
#1524 = CARTESIAN_POINT ( 'NONE',  ( -9.000000000000000000, 59.50000000000000000, 4.000000000000000000 ) ) ;
#1525 = CARTESIAN_POINT ( 'NONE',  ( -7.957126042969945523, 0.000000000000000000, 14.36119079527200526 ) ) ;
#1526 = ORIENTED_EDGE ( 'NONE', *, *, #588, .F. ) ;
#1527 = VERTEX_POINT ( 'NONE', #1607 ) ;
#1528 = LINE ( 'NONE', #1264, #1249 ) ;
#1529 = EDGE_LOOP ( 'NONE', ( #1416, #687, #285, #678 ) ) ;
#1530 = ORIENTED_EDGE ( 'NONE', *, *, #881, .T. ) ;
#1531 = CARTESIAN_POINT ( 'NONE',  ( 32.04287395702734642, 0.000000000000000000, 14.36119079527582443 ) ) ;
#1532 = AXIS2_PLACEMENT_3D ( 'NONE', #1247, #20, #539 ) ;
#1533 = CARTESIAN_POINT ( 'NONE',  ( 30.55741526174642075, -0.000000000000000000, 11.34333309900627995 ) ) ;
#1534 = LINE ( 'NONE', #179, #1429 ) ;
#1535 = ORIENTED_EDGE ( 'NONE', *, *, #658, .T. ) ;
#1536 = ORIENTED_EDGE ( 'NONE', *, *, #455, .T. ) ;
#1537 = EDGE_CURVE ( 'NONE', #789, #1467, #390, .T. ) ;
#1538 = CARTESIAN_POINT ( 'NONE',  ( 29.95702773923826712, -0.000000000000000000, 14.36128909900473971 ) ) ;
#1539 = FACE_BOUND ( 'NONE', #1250, .T. ) ;
#1540 = ORIENTED_EDGE ( 'NONE', *, *, #998, .T. ) ;
#1541 = CARTESIAN_POINT ( 'NONE',  ( 35.60000000000000142, 0.000000000000000000, 0.000000000000000000 ) ) ;
#1542 = CIRCLE ( 'NONE', #17, 1.700000000000000178 ) ;
#1543 = CARTESIAN_POINT ( 'NONE',  ( 31.60000000000000142, -1.200000000000000030E-05, 5.590597372058685011 ) ) ;
#1544 = CC_DESIGN_PERSON_AND_ORGANIZATION_ASSIGNMENT ( #1047, #1703, ( #1410 ) ) ;
#1545 = DIRECTION ( 'NONE',  ( 0.000000000000000000, -1.000000000000000000, 0.000000000000000000 ) ) ;
#1546 = VECTOR ( 'NONE', #311, 1000.000000000000000 ) ;
#1547 = EDGE_LOOP ( 'NONE', ( #1697, #1391, #1049, #964 ) ) ;
#1548 = EDGE_CURVE ( 'NONE', #293, #1288, #24, .T. ) ;
#1549 = ORIENTED_EDGE ( 'NONE', *, *, #1422, .T. ) ;
#1550 = CARTESIAN_POINT ( 'NONE',  ( 0.000000000000000000, 77.50000000000000000, 6.000000000000000000 ) ) ;
#1551 = CARTESIAN_POINT ( 'NONE',  ( 0.000000000000000000, 62.50000000000000000, 0.000000000000000000 ) ) ;
#1552 = ORIENTED_EDGE ( 'NONE', *, *, #1408, .T. ) ;
#1553 = CARTESIAN_POINT ( 'NONE',  ( 35.60000000000000142, 72.50000000000000000, -1.200000000000000030E-05 ) ) ;
#1554 = ORIENTED_EDGE ( 'NONE', *, *, #1135, .T. ) ;
#1555 = EDGE_CURVE ( 'NONE', #1033, #1480, #1627, .T. ) ;
#1556 = CARTESIAN_POINT ( 'NONE',  ( 35.60000000000000142, 77.50000000000000000, 6.000000000000000000 ) ) ;
#1557 = APPROVAL_ROLE ( '' ) ;
#1558 = ORIENTED_EDGE ( 'NONE', *, *, #1316, .T. ) ;
#1559 = CARTESIAN_POINT ( 'NONE',  ( -10.04287395703031294, 0.000000000000000000, 2.638809204728629343 ) ) ;
#1560 = CARTESIAN_POINT ( 'NONE',  ( 0.000000000000000000, 59.50000000000000000, 6.000000000000000000 ) ) ;
#1561 = CARTESIAN_POINT ( 'NONE',  ( -9.000000000000000000, 80.49999999999998579, 5.700000000000000178 ) ) ;
#1562 = ORIENTED_EDGE ( 'NONE', *, *, #3, .F. ) ;
#1563 = CARTESIAN_POINT ( 'NONE',  ( 31.00000000000000000, 77.49999999999998579, 4.000000000000000000 ) ) ;
#1564 = EDGE_CURVE ( 'NONE', #674, #288, #128, .T. ) ;
#1565 = CARTESIAN_POINT ( 'NONE',  ( -9.000000000000000000, 80.49999999999998579, 4.000000000000000000 ) ) ;
#1566 = VECTOR ( 'NONE', #548, 1000.000000000000000 ) ;
#1567 = DATE_TIME_ROLE ( 'creation_date' ) ;
#1568 = PRODUCT_DEFINITION_FORMATION_WITH_SPECIFIED_SOURCE ( '�', '', #1410, .NOT_KNOWN. ) ;
#1569 = CARTESIAN_POINT ( 'NONE',  ( 35.60000000000000142, 62.50000000000000000, -1.200000000000000030E-05 ) ) ;
#1570 = VECTOR ( 'NONE', #930, 1000.000000000000000 ) ;
#1571 = ORIENTED_EDGE ( 'NONE', *, *, #427, .F. ) ;
#1572 = CARTESIAN_POINT ( 'NONE',  ( -9.000000000000000000, -6.000000000000000152E-06, 5.700000000000000178 ) ) ;
#1573 = CARTESIAN_POINT ( 'NONE',  ( -7.957027739236473884, -0.000000000000000000, 2.638710900996688036 ) ) ;
#1574 = EDGE_LOOP ( 'NONE', ( #1298, #89, #1600, #610 ) ) ;
#1575 = FACE_BOUND ( 'NONE', #988, .T. ) ;
#1576 = DIRECTION ( 'NONE',  ( -1.000000000000000000, 0.000000000000000000, 0.000000000000000000 ) ) ;
#1577 = ORIENTED_EDGE ( 'NONE', *, *, #1408, .F. ) ;
#1578 = DIRECTION ( 'NONE',  ( 0.000000000000000000, 0.000000000000000000, 1.000000000000000000 ) ) ;
#1579 = PERSON_AND_ORGANIZATION_ROLE ( 'creator' ) ;
#1580 = EDGE_CURVE ( 'NONE', #818, #1507, #1245, .T. ) ;
#1581 = VERTEX_POINT ( 'NONE', #1225 ) ;
#1582 = CARTESIAN_POINT ( 'NONE',  ( -10.70006951123579064, -0.000000000000000000, 4.225083994886820626 ) ) ;
#1583 = CARTESIAN_POINT ( 'NONE',  ( 31.00000000000000000, 80.49999999999998579, 4.000000000000000000 ) ) ;
#1584 = LINE ( 'NONE', #363, #1686 ) ;
#1585 = CARTESIAN_POINT ( 'NONE',  ( -9.000000000000000000, -6.000000000000000152E-06, 5.700000000000000178 ) ) ;
#1586 = VECTOR ( 'NONE', #112, 1000.000000000000000 ) ;
#1587 = VERTEX_POINT ( 'NONE', #1756 ) ;
#1588 = ORIENTED_EDGE ( 'NONE', *, *, #1749, .F. ) ;
#1589 = DATE_AND_TIME ( #1726, #1007 ) ;
#1590 = ORIENTED_EDGE ( 'NONE', *, *, #669, .T. ) ;
#1591 = EDGE_CURVE ( 'NONE', #1075, #1095, #1651, .T. ) ;
#1592 = LINE ( 'NONE', #372, #360 ) ;
#1593 = CARTESIAN_POINT ( 'NONE',  ( -8.774748043452314405, 0.000000000000000000, 5.699999999999998401 ) ) ;
#1594 = CARTESIAN_POINT ( 'NONE',  ( -11.59999999999999964, 77.50000000000000000, -1.200000000000000030E-05 ) ) ;
#1595 = FACE_OUTER_BOUND ( 'NONE', #1547, .T. ) ;
#1596 = LINE ( 'NONE', #948, #1637 ) ;
#1597 = ORIENTED_EDGE ( 'NONE', *, *, #884, .F. ) ;
#1598 = LINE ( 'NONE', #1239, #1388 ) ;
#1599 = ORIENTED_EDGE ( 'NONE', *, *, #998, .F. ) ;
#1600 = ORIENTED_EDGE ( 'NONE', *, *, #574, .T. ) ;
#1601 = CARTESIAN_POINT ( 'NONE',  ( -10.49999999999999822, 59.50000000000000000, 4.799999999999998934 ) ) ;
#1602 = DIRECTION ( 'NONE',  ( 0.000000000000000000, 0.000000000000000000, -1.000000000000000000 ) ) ;
#1603 = CARTESIAN_POINT ( 'NONE',  ( 0.000000000000000000, 0.000000000000000000, 0.000000000000000000 ) ) ;
#1604 = EDGE_CURVE ( 'NONE', #1285, #1192, #842, .T. ) ;
#1605 = ORIENTED_EDGE ( 'NONE', *, *, #860, .F. ) ;
#1606 = AXIS2_PLACEMENT_3D ( 'NONE', #1246, #28, #538 ) ;
#1607 = CARTESIAN_POINT ( 'NONE',  ( -15.59999999999999964, 67.50000000000000000, 0.000000000000000000 ) ) ;
#1608 = VECTOR ( 'NONE', #1696, 1000.000000000000000 ) ;
#1609 = PLANE ( 'NONE',  #879 ) ;
#1610 = VECTOR ( 'NONE', #493, 1000.000000000000000 ) ;
#1611 = CARTESIAN_POINT ( 'NONE',  ( -10.50000000000000000, 59.50000000000000000, -1.200000000000000030E-05 ) ) ;
#1612 = ORIENTED_EDGE ( 'NONE', *, *, #1094, .F. ) ;
#1613 = DESIGN_CONTEXT ( 'detailed design', #1409, 'design' ) ;
#1614 = ORIENTED_EDGE ( 'NONE', *, *, #647, .F. ) ;
#1615 = DIRECTION ( 'NONE',  ( 0.000000000000000000, -0.000000000000000000, 1.000000000000000000 ) ) ;
#1616 = ORIENTED_EDGE ( 'NONE', *, *, #1671, .T. ) ;
#1617 = CARTESIAN_POINT ( 'NONE',  ( -8.557362060151589844, -0.000000000000000000, 2.343204658989193501 ) ) ;
#1618 = LINE ( 'NONE', #1345, #417 ) ;
#1619 = DIRECTION ( 'NONE',  ( -0.000000000000000000, -1.000000000000000000, -0.000000000000000000 ) ) ;
#1620 = VERTEX_POINT ( 'NONE', #1373 ) ;
#1621 = LINE ( 'NONE', #683, #943 ) ;
#1622 = AXIS2_PLACEMENT_3D ( 'NONE', #1179, #223, #1052 ) ;
#1623 = EDGE_CURVE ( 'NONE', #1259, #125, #955, .T. ) ;
#1624 = ORIENTED_EDGE ( 'NONE', *, *, #1414, .F. ) ;
#1625 = CARTESIAN_POINT ( 'NONE',  ( -11.59999999999999964, 77.50000000000000000, 6.000000000000000000 ) ) ;
#1626 = VERTEX_POINT ( 'NONE', #1089 ) ;
#1627 = LINE ( 'NONE', #815, #1130 ) ;
#1628 = CARTESIAN_POINT ( 'NONE',  ( 0.000000000000000000, 77.50000000000000000, 6.000000000000000000 ) ) ;
#1629 = DIRECTION ( 'NONE',  ( 0.000000000000000000, 0.000000000000000000, -1.000000000000000000 ) ) ;
#1630 = ORIENTED_EDGE ( 'NONE', *, *, #1548, .F. ) ;
#1631 = CARTESIAN_POINT ( 'NONE',  ( 31.60000000000000142, 67.50000000000000000, 6.000000000000000000 ) ) ;
#1632 = EDGE_LOOP ( 'NONE', ( #819, #1055, #940, #676 ) ) ;
#1633 = ORIENTED_EDGE ( 'NONE', *, *, #840, .T. ) ;
#1634 = EDGE_CURVE ( 'NONE', #1219, #657, #409, .T. ) ;
#1635 = LINE ( 'NONE', #414, #99 ) ;
#1636 = DIRECTION ( 'NONE',  ( 0.000000000000000000, 0.000000000000000000, 1.000000000000000000 ) ) ;
#1637 = VECTOR ( 'NONE', #224, 1000.000000000000000 ) ;
#1638 = VECTOR ( 'NONE', #410, 1000.000000000000000 ) ;
#1639 = FACE_OUTER_BOUND ( 'NONE', #1473, .T. ) ;
#1640 = ORIENTED_EDGE ( 'NONE', *, *, #1181, .F. ) ;
#1641 = VECTOR ( 'NONE', #398, 1000.000000000000000 ) ;
#1642 = DIRECTION ( 'NONE',  ( 1.000000000000000000, -0.000000000000000000, 0.000000000000000000 ) ) ;
#1643 = CC_DESIGN_PERSON_AND_ORGANIZATION_ASSIGNMENT ( #1078, #135, ( #1568 ) ) ;
#1644 = CARTESIAN_POINT ( 'NONE',  ( 32.48452350954332957, -0.000000000000000000, 12.14146106820873072 ) ) ;
#1645 = ADVANCED_FACE ( 'NONE', ( #269 ), #1362, .F. ) ;
#1646 = CARTESIAN_POINT ( 'NONE',  ( 31.22525195654806041, -0.000000000000000000, 5.700000000000001066 ) ) ;
#1647 = B_SPLINE_CURVE_WITH_KNOTS ( 'NONE', 3,
 ( #189, #1150, #1377, #1685, #463, #1012, #716, #1258, #1120, #854, #1385, #193, #70, #871, #605, #1688, #1281, #485 ),
 .UNSPECIFIED., .F., .F.,
 ( 4, 2, 2, 2, 2, 2, 2, 2, 4 ),
 ( 0.5000000000000003331, 0.5625000000000003331, 0.6250000000000002220, 0.6875000000000002220, 0.7500000000000002220, 0.8125000000000001110, 0.8750000000000001110, 0.9375000000000000000, 1.000000000000000000 ),
 .UNSPECIFIED. ) ;
#1648 = CARTESIAN_POINT ( 'NONE',  ( 31.00000000000000000, -6.000000000000000152E-06, 14.69999999999999929 ) ) ;
#1649 = PERSON_AND_ORGANIZATION ( #1393, #1402 ) ;
#1650 = CARTESIAN_POINT ( 'NONE',  ( 31.85848573019362817, 0.000000000000000000, 11.51560493047243305 ) ) ;
#1651 = LINE ( 'NONE', #1510, #1297 ) ;
#1652 = ADVANCED_FACE ( 'NONE', ( #966 ), #8, .F. ) ;
#1653 = CARTESIAN_POINT ( 'NONE',  ( -11.59999999999999964, 62.50000000000000000, 6.000000000000000000 ) ) ;
#1654 = DIRECTION ( 'NONE',  ( 0.000000000000000000, 0.000000000000000000, -1.000000000000000000 ) ) ;
#1655 = ORIENTED_EDGE ( 'NONE', *, *, #1212, .T. ) ;
#1656 = ORIENTED_EDGE ( 'NONE', *, *, #903, .T. ) ;
#1657 = DIRECTION ( 'NONE',  ( 0.000000000000000000, 0.000000000000000000, 1.000000000000000000 ) ) ;
#1658 = DIRECTION ( 'NONE',  ( -0.000000000000000000, 1.000000000000000000, -0.000000000000000000 ) ) ;
#1659 = ORIENTED_EDGE ( 'NONE', *, *, #12, .T. ) ;
#1660 = DIRECTION ( 'NONE',  ( 0.000000000000000000, -0.000000000000000000, -1.000000000000000000 ) ) ;
#1661 = APPROVAL ( #227, '未' ) ;
#1662 = AXIS2_PLACEMENT_3D ( 'NONE', #527, #1097, #545 ) ;
#1663 = ORIENTED_EDGE ( 'NONE', *, *, #358, .F. ) ;
#1664 = VECTOR ( 'NONE', #880, 1000.000000000000000 ) ;
#1665 = CIRCLE ( 'NONE', #1190, 1.700000000000000178 ) ;
#1666 = ADVANCED_FACE ( 'NONE', ( #418 ), #1502, .F. ) ;
#1667 = CARTESIAN_POINT ( 'NONE',  ( 31.00000000000000355, -6.000000000000000152E-06, 11.29999999999999893 ) ) ;
#1668 = CARTESIAN_POINT ( 'NONE',  ( 31.19999999999999929, 80.50000000000000000, 2.311805698386587338 ) ) ;
#1669 = ORIENTED_EDGE ( 'NONE', *, *, #805, .F. ) ;
#1670 = ORIENTED_EDGE ( 'NONE', *, *, #1501, .F. ) ;
#1671 = EDGE_CURVE ( 'NONE', #863, #413, #963, .T. ) ;
#1672 = CARTESIAN_POINT ( 'NONE',  ( 31.60000000000000142, 72.49999999999998579, 5.590597372058685011 ) ) ;
#1673 = CARTESIAN_POINT ( 'NONE',  ( 29.51547649045614463, -0.000000000000000000, 13.85853893179037755 ) ) ;
#1674 = CARTESIAN_POINT ( 'NONE',  ( 31.00000000000000000, 80.49999999999998579, 4.000000000000000000 ) ) ;
#1675 = CARTESIAN_POINT ( 'NONE',  ( 31.60000000000000142, 77.50000000000000000, 2.409402627941314989 ) ) ;
#1676 = ORIENTED_EDGE ( 'NONE', *, *, #1008, .F. ) ;
#1677 = EDGE_CURVE ( 'NONE', #685, #1200, #606, .T. ) ;
#1678 = DIRECTION ( 'NONE',  ( 1.000000000000000000, 0.000000000000000000, 0.000000000000000000 ) ) ;
#1679 = EDGE_CURVE ( 'NONE', #1626, #1075, #1275, .T. ) ;
#1680 = DIRECTION ( 'NONE',  ( 0.000000000000000000, 0.000000000000000000, -1.000000000000000000 ) ) ;
#1681 = LINE ( 'NONE', #1428, #1477 ) ;
#1682 = CARTESIAN_POINT ( 'NONE',  ( 29.95712604296772952, 0.000000000000000000, 11.63880920473206793 ) ) ;
#1683 = DIRECTION ( 'NONE',  ( 0.000000000000000000, -1.000000000000000000, 0.000000000000000000 ) ) ;
#1684 = ORIENTED_EDGE ( 'NONE', *, *, #735, .F. ) ;
#1685 = CARTESIAN_POINT ( 'NONE',  ( 30.14146106821227278, -0.000000000000000000, 2.515476490455347935 ) ) ;
#1686 = VECTOR ( 'NONE', #653, 1000.000000000000000 ) ;
#1687 = CARTESIAN_POINT ( 'NONE',  ( 43.00000000000000000, 0.000000000000000000, 17.00000000000000000 ) ) ;
#1688 = CARTESIAN_POINT ( 'NONE',  ( 30.55753025008650781, -0.000000000000000000, 5.656865068423062581 ) ) ;
#1689 = CARTESIAN_POINT ( 'NONE',  ( 32.65666690099477165, 0.000000000000000000, 3.557415261749326874 ) ) ;
#1690 = EDGE_CURVE ( 'NONE', #1288, #293, #592, .T. ) ;
#1691 = CARTESIAN_POINT ( 'NONE',  ( 43.00000000000000000, 0.000000000000000000, 17.00000000000000000 ) ) ;
#1692 = VECTOR ( 'NONE', #468, 1000.000000000000000 ) ;
#1693 = EDGE_LOOP ( 'NONE', ( #431, #1476, #665, #753 ) ) ;
#1694 = EDGE_LOOP ( 'NONE', ( #361, #543, #140, #1003 ) ) ;
#1695 = CARTESIAN_POINT ( 'NONE',  ( -9.000000000000000000, -1.200000000000000030E-05, 4.000000000000000000 ) ) ;
#1696 = DIRECTION ( 'NONE',  ( -0.000000000000000000, -0.000000000000000000, 1.000000000000000000 ) ) ;
#1697 = ORIENTED_EDGE ( 'NONE', *, *, #1386, .T. ) ;
#1698 = DIRECTION ( 'NONE',  ( -0.000000000000000000, -0.000000000000000000, -1.000000000000000000 ) ) ;
#1699 = DIRECTION ( 'NONE',  ( -0.000000000000000000, 1.000000000000000000, -0.000000000000000000 ) ) ;
#1700 = ORIENTED_EDGE ( 'NONE', *, *, #1679, .F. ) ;
#1701 = ADVANCED_FACE ( 'NONE', ( #194 ), #200, .F. ) ;
#1702 = CARTESIAN_POINT ( 'NONE',  ( -21.00000000000000000, 8.000000000000000000, 17.00000000000000000 ) ) ;
#1703 = PERSON_AND_ORGANIZATION_ROLE ( 'design_owner' ) ;
#1704 = ORIENTED_EDGE ( 'NONE', *, *, #1466, .F. ) ;
#1705 = FACE_OUTER_BOUND ( 'NONE', #134, .T. ) ;
#1706 = CARTESIAN_POINT ( 'NONE',  ( -15.59999999999999964, 67.50000000000000000, -1.200000000000000030E-05 ) ) ;
#1707 = CARTESIAN_POINT ( 'NONE',  ( -7.957126042969685287, 0.000000000000000000, 5.361190795271369325 ) ) ;
#1708 = CARTESIAN_POINT ( 'NONE',  ( 31.00000000000000000, 80.49999999999998579, 5.700000000000000178 ) ) ;
#1709 = ORIENTED_EDGE ( 'NONE', *, *, #540, .F. ) ;
#1710 = DIRECTION ( 'NONE',  ( 0.000000000000000000, 1.000000000000000000, 0.000000000000000000 ) ) ;
#1711 = LINE ( 'NONE', #1042, #731 ) ;
#1712 = EDGE_CURVE ( 'NONE', #1159, #1157, #1417, .T. ) ;
#1713 = CARTESIAN_POINT ( 'NONE',  ( 31.60000000000000142, 62.50000000000000000, -1.200000000000000030E-05 ) ) ;
#1714 = AXIS2_PLACEMENT_3D ( 'NONE', #1074, #663, #786 ) ;
#1715 = FACE_BOUND ( 'NONE', #1233, .T. ) ;
#1716 = VECTOR ( 'NONE', #1658, 1000.000000000000000 ) ;
#1717 = EDGE_CURVE ( 'NONE', #1178, #1734, #1282, .T. ) ;
#1718 = ORIENTED_EDGE ( 'NONE', *, *, #812, .T. ) ;
#1719 = CARTESIAN_POINT ( 'NONE',  ( -9.858538931789730952, -0.000000000000000000, 2.515476490455875513 ) ) ;
#1720 = ORIENTED_EDGE ( 'NONE', *, *, #618, .F. ) ;
#1721 = PLANE ( 'NONE',  #1084 ) ;
#1722 = CARTESIAN_POINT ( 'NONE',  ( -9.000000000000000000, -6.000000000000000152E-06, 5.700000000000000178 ) ) ;
#1723 = CARTESIAN_POINT ( 'NONE',  ( 43.00000000000000000, 81.00000000000000000, 6.000000000000000000 ) ) ;
#1724 = ORIENTED_EDGE ( 'NONE', *, *, #329, .T. ) ;
#1725 = ADVANCED_FACE ( 'NONE', ( #1342 ), #634, .F. ) ;
#1726 = CALENDAR_DATE ( 2026, 21, 9 ) ;
#1727 = EDGE_LOOP ( 'NONE', ( #968, #950, #356, #1709 ) ) ;
#1728 = CARTESIAN_POINT ( 'NONE',  ( -9.000000000000000000, 80.49999999999998579, 4.000000000000000000 ) ) ;
#1729 = CARTESIAN_POINT ( 'NONE',  ( 31.60000000000000142, 72.49999999999998579, 2.409402627941314989 ) ) ;
#1730 = AXIS2_PLACEMENT_3D ( 'NONE', #1728, #1059, #921 ) ;
#1731 = DIRECTION ( 'NONE',  ( 0.000000000000000000, -1.000000000000000000, 0.000000000000000000 ) ) ;
#1732 = VERTEX_POINT ( 'NONE', #771 ) ;
#1733 = DIRECTION ( 'NONE',  ( -1.000000000000000000, 0.000000000000000000, 0.000000000000000000 ) ) ;
#1734 = VERTEX_POINT ( 'NONE', #919 ) ;
#1735 = CARTESIAN_POINT ( 'NONE',  ( -15.59999999999999964, 67.50000000000000000, 6.000000000000000000 ) ) ;
#1736 = DIRECTION ( 'NONE',  ( 0.000000000000000000, -1.000000000000000000, 0.000000000000000000 ) ) ;
#1737 = FACE_OUTER_BOUND ( 'NONE', #159, .T. ) ;
#1738 = DIRECTION ( 'NONE',  ( -1.000000000000000000, 0.000000000000000000, 0.000000000000000000 ) ) ;
#1739 = CARTESIAN_POINT ( 'NONE',  ( -11.59999999999999964, 62.50000000000000000, -8.271806125530276749E-22 ) ) ;
#1740 = ORIENTED_EDGE ( 'NONE', *, *, #64, .F. ) ;
#1741 = ORIENTED_EDGE ( 'NONE', *, *, #1758, .F. ) ;
#1742 = DIRECTION ( 'NONE',  ( 0.000000000000000000, 0.000000000000000000, 1.000000000000000000 ) ) ;
#1743 = APPROVAL_ROLE ( '' ) ;
#1744 = ORIENTED_EDGE ( 'NONE', *, *, #1548, .T. ) ;
#1745 = VECTOR ( 'NONE', #1133, 1000.000000000000000 ) ;
#1746 = CARTESIAN_POINT ( 'NONE',  ( 35.60000000000000142, 72.50000000000001421, -8.271806125530276749E-22 ) ) ;
#1747 = AXIS2_PLACEMENT_3D ( 'NONE', #1210, #124, #1067 ) ;
#1748 = ADVANCED_FACE ( 'NONE', ( #1056 ), #1173, .F. ) ;
#1749 = EDGE_CURVE ( 'NONE', #890, #62, #792, .T. ) ;
#1750 = FACE_OUTER_BOUND ( 'NONE', #1079, .T. ) ;
#1751 = CARTESIAN_POINT ( 'NONE',  ( 31.22508399488667763, -0.000000000000000000, 11.30006951123579029 ) ) ;
#1752 = ORIENTED_EDGE ( 'NONE', *, *, #884, .T. ) ;
#1753 = CARTESIAN_POINT ( 'NONE',  ( -10.50000000000000000, 59.50000000000000000, -1.200000000000000030E-05 ) ) ;
#1754 = EDGE_LOOP ( 'NONE', ( #399, #235, #146, #733 ) ) ;
#1755 = VERTEX_POINT ( 'NONE', #1735 ) ;
#1756 = CARTESIAN_POINT ( 'NONE',  ( -15.59999999999999964, 77.50000000000000000, 0.000000000000000000 ) ) ;
#1757 = CARTESIAN_POINT ( 'NONE',  ( 31.60000000000000142, 62.50000000000000000, -1.200000000000000030E-05 ) ) ;
#1758 = EDGE_CURVE ( 'NONE', #62, #1095, #1472, .T. ) ;
#1759 = VECTOR ( 'NONE', #1450, 1000.000000000000000 ) ;
ENDSEC;
END-ISO-10303-21;
